#cP2020  7  8  0  0  0.00000000      96 ORBIT IGb14 HLM  IGS
## 2113 259200.00000000   900.00000000 59038 0.0000000000000
+   31   G01G02G03G04G05G06G07G08G09G10G11G12G13G14G15G16G17
+        G18G19G20G21G22G24G25G26G27G28G29G30G31G32  0  0  0
+          0  0  0  0  0  0  0  0  0  0  0  0  0  0  0  0  0
+          0  0  0  0  0  0  0  0  0  0  0  0  0  0  0  0  0
+          0  0  0  0  0  0  0  0  0  0  0  0  0  0  0  0  0
++         2  2  2  2  1  2  2  2  1  2  2  2  1  2  2  2  2
++         3  2  2  2  2  2  2  2  2  2  2  1  2  2  0  0  0
++         0  0  0  0  0  0  0  0  0  0  0  0  0  0  0  0  0
++         0  0  0  0  0  0  0  0  0  0  0  0  0  0  0  0  0
++         0  0  0  0  0  0  0  0  0  0  0  0  0  0  0  0  0
%c G  cc GPS ccc cccc cccc cccc cccc ccccc ccccc ccccc ccccc
%c cc cc ccc ccc cccc cccc cccc cccc ccccc ccccc ccccc ccccc
%f  1.2500000  1.025000000  0.00000000000  0.000000000000000
%f  0.0000000  0.000000000  0.00000000000  0.000000000000000
%i    0    0    0    0      0      0      0      0         0
%i    0    0    0    0      0      0      0      0         0
/* FINAL ORBIT COMBINATION FROM WEIGHTED AVERAGE OF:        
/* cod emr esa gfz grg jpl mit ngs sio                      
/* REFERENCED TO IGS TIME (IGST) AND TO WEIGHTED MEAN POLE: 
/* PCV:IGS14_2114 OL/AL:FES2004  NONE     Y  ORB:CMB CLK:CMB
*  2020  7  8  0  0  0.00000000
PG01 -14060.698151  21814.285238  -4955.545495     22.702689  7  7  5 100       
PG02  19533.619682 -10023.846324 -14275.512030   -483.873001  7  8  5 114       
PG03  -9604.867760  13106.249297 -21060.446310   -232.846668  9  5  6 100       
PG04  -2414.169837  22707.182661 -13524.206350   -111.992031 11  7 10  65       
PG05  25156.751553  -2488.352017   8327.515971    -16.203657  7  7  7  82       
PG06  15779.143392   3125.361223 -21091.742741   -299.964160 10 10 10 115       
PG07    976.205068  19149.326655  18482.403633   -322.103127  7  6  3  91       
PG08  -9822.002668  13622.036168  20523.366210    -40.219296  5  4  5 101       
PG09   7288.602818  25320.644182  -3326.106782   -249.763671  7  7  6  94       
PG10 -20959.933460 -11721.356985  11695.576101   -393.280342 10  7  8 108       
PG11 -12088.220899  21863.767084   8986.749301   -227.439608  8  6  8 113       
PG12  10436.303425 -12243.592010 -21339.220457     96.598087  8  7  6  93       
PG13  14234.685088  -4956.253689  21746.648336     24.787174  2  5  6  59       
PG14 -16040.606708 -11030.744919 -17798.815381     -0.331615  8  9  7  97       
PG15   8720.198232 -15258.992405  19492.347049   -219.085714  7  4  5  78       
PG16 -24314.923155   1179.397017  10925.436727   -179.920412 11  6  9 103       
PG17  14024.910640  18976.615474 -11814.447311    292.487861  9  9  8  65       
PG18   -179.494368 -19168.318946  18360.171929    240.542912 11 10 10  82       
PG19  15606.328333  11956.569973 -18179.953611   -135.043970 10 11 10  72       
PG20 -10926.605585 -14625.590012  19286.134947    527.335040  7  7  8 104       
PG21 -13506.942003  -8132.243047  22136.877208     20.958146  7  7  6  83       
PG22 -17132.001489  11069.896933 -16730.496659   -773.532870 10  5  3  89       
PG24  14137.542971 -22150.144543  -2251.569815    -15.363557  9  3  6 106       
PG25  -1497.564204 -15533.952259 -21757.022074     20.852500  7  7  8 101       
PG26 -26159.056397  -4918.798654  -1910.372961    239.290380  9  9  7  77       
PG27 -14986.708060   1733.157758  21742.591506   -340.159780  9  3  7 103       
PG28  20574.390614  13119.819261  10881.644651    701.679916 10  8  7  97       
PG29  -2336.962010 -25399.344652  -7387.684013   -145.227363  7  4  7  90       
PG30  10467.335679  11831.258851  21387.052456   -257.463446  5  4  5  97       
PG31 -17383.776339  -1723.444867 -20172.931805    -54.139589  5  9  7  97       
PG32 -15914.231190 -17295.996449 -12429.075059    313.260857  7  8  6  81       
*  2020  7  8  0 15  0.00000000
PG01 -14468.132460  21976.418087  -2077.940385     22.707171  6  6  5  99       
PG02  18667.873596  -8371.225591 -16274.813909   -483.878322  7  8  6 112       
PG03 -11912.692583  12703.453424 -20094.103851   -232.857264  8  6  5  94       
PG04  -3176.875623  21206.623512 -15638.619589   -111.996226 10  7  9  60       
PG05  25939.288371  -2155.163582   5650.002941    -16.204650  7  7  7  74       
PG06  14308.683193   5092.784148 -21741.906480   -299.969131  9 10  9 102       
PG07   -398.151174  20589.999857  16809.573905   -322.110958  6  5  3  96       
PG08 -10831.966632  11447.462868  21350.051384    -40.219999  5  4  5 112       
PG09   6827.459178  24936.081323  -6097.736791   -249.769575  7  7  5  69       
PG10 -19500.852355 -11702.376852  14004.677063   -393.290042  9  5  7 106       
PG11 -12178.699701  20595.656555  11377.338965   -227.429900  8  6  7 113       
PG12  12709.007389 -11694.111901 -20369.266011     96.593716  8  7  6 105       
PG13  14881.937017  -2529.362452  21739.829298     24.790261  3  5  5  73       
PG14 -16490.391805 -12977.382225 -16038.441350     -0.329213  8  8  7  88       
PG15   9955.601928 -13238.233097  20378.325301   -219.083496  6  5  5  90       
PG16 -25367.692578    775.096785   8350.868622   -179.924738 10  6  8  91       
PG17  14268.411946  20224.398839  -9273.271136    292.493502  8  8  8  68       
PG18   1203.403703 -20628.951791  16658.520276    240.551686 10 10 10  76       
PG19  16035.820977  13828.975111 -16360.372545   -135.039177  9 10  9  81       
PG20  -8642.315139 -14733.447498  20310.414326    527.335702  7  7  8  94       
PG21 -12189.471406 -10103.916035  22113.770546     20.961700  7  7  6  52       
PG22 -18972.979916  10740.485382 -14865.433830   -773.530949  9  5  4  69       
PG24  14473.460495 -22013.476005    573.312970    -15.364764  8  3  6 106       
PG25    930.054107 -15208.237996 -21997.322427     20.856185  7  7  7 100       
PG26 -25760.773919  -5154.831583  -4691.125489    239.296469  9  9  6  93       
PG27 -15898.016625   -571.346362  21182.488322   -340.168414  8  3  6  90       
PG28  19264.612232  12988.873981  13309.725263    701.676480  9  7  6 103       
PG29  -1864.494525 -24511.794090 -10057.605115   -145.235347  6  4  6  83       
PG30   8876.916954  13662.722347  20990.856040   -257.470397  5  3  5  95       
PG31 -15947.778768  -3574.669307 -21057.431319    -54.141511  5  9  7  96       
PG32 -16206.331591 -18572.927917 -10000.916938    313.266624  7  7  6  86       
*  2020  7  8  0 30  0.00000000
PG01 -14678.884993  21887.800783    836.085137     22.711837  5  6  5 112       
PG02  17777.564702  -6488.004612 -17980.423760   -483.883465  6  8  6  59       
PG03 -14111.445082  12433.389696 -18783.181647   -232.867852  7  6  3  91       
PG04  -4106.392817  19542.295052 -17483.298500   -112.000394 10  7  9  71       
PG05  26430.270494  -1878.105048   2876.039159    -16.205710  7  7  6  85       
PG06  12918.817915   7181.984232 -22016.329585   -299.973928  8 10  8  99       
PG07  -1584.339714  21933.676258  14848.250708   -322.118829  6  5  3  97       
PG08 -11987.686675   9266.719456  21808.406933    -40.221294  5  4  4 116       
PG09   6210.996371  24300.055330  -8764.457761   -249.775548  6  7  5  76       
PG10 -17796.668985 -11743.341253  16076.750749   -393.299678  9  4  6 105       
PG11 -12293.596830  19072.141041  13570.616593   -227.420288  8  6  7 113       
PG12  14883.696662 -11289.037248 -19054.491511     96.589320  7  7  6  95       
PG13  15649.194040   -162.272970  21354.978173     24.793388  4  5  5  76       
PG14 -16962.801205 -14691.889073 -13997.369643     -0.326607  8  7  7  65       
PG15  11322.562532 -11209.509788  20901.570314   -219.081035  5  5  4  89       
PG16 -26146.039146    481.333040   5635.073179   -179.929153  9  6  8 106       
PG17  14468.384551  21176.449203  -6570.116164    292.498798  8  8  7  81       
PG18   2385.199258 -21990.753717  14669.628022    240.560392 10 10 10  84       
PG19  16494.994359  15469.441824 -14265.477079   -135.034787  7  9  9  72       
PG20  -6267.709958 -14956.423620  20984.337595    527.335154  7  7  7  89       
PG21 -10991.064969 -12122.279642  21736.210262     20.966271  7  7  5  55       
PG22 -20599.925601  10496.492361 -12739.505199   -773.528640  9  5  4  92       
PG24  14651.302924 -21616.862993   3388.072297    -15.364459  7  3  6  93       
PG25   3380.269241 -15012.319994 -21867.471517     20.859915  7  7  6  95       
PG26 -25067.123238  -5397.234658  -7392.276638    239.302585  8  8  6  82       
PG27 -16895.880567  -2742.941927  20255.041025   -340.177070  8  3  6 105       
PG28  17698.219345  12884.420465  15514.278990    701.673346  8  7  6 100       
PG29  -1235.183210 -23379.738887 -12554.437879   -145.243324  6  5  6  91       
PG30   7414.318981  15518.545099  20233.965377   -257.477354  5  3  5  98       
PG31 -14561.129788  -5565.831853 -21583.458199    -54.143635  5  8  6  81       
PG32 -16440.061329 -19576.637393  -7401.413479    313.272343  7  7  6  64       
*  2020  7  8  0 45  0.00000000
PG01 -14723.930559  21524.662699   3735.380525     22.716356  5  6  5 105       
PG02  16902.231277  -4398.958265 -19360.159109   -483.888804  6  8  6 101       
PG03 -16156.030040  12281.983841 -17149.786704   -232.878391  7  7  3  79       
PG04  -5209.314981  17758.187557 -19026.469748   -112.004618 10  6  9  50       
PG05  26619.258746  -1621.773311     53.067313    -16.206728  7  6  6  95       
PG06  11640.915664   9353.095192 -21910.119420   -299.978718  8  9  8 101       
PG07  -2582.578799  23136.226468  12630.683049   -322.126765  5  4  3  76       
PG08 -13272.350025   7126.482368  21891.311907    -40.221731  5  5  5 115       
PG09   5416.192452  23442.974514 -11280.480114   -249.781412  6  7  4  66       
PG10 -15878.594202 -11873.792644  17876.582899   -393.309387  8  3  5 108       
PG11 -12462.155266  17316.201166  15527.102619   -227.410698  8  6  7  94       
PG12  16914.013744 -11017.097429 -17416.376119     96.584718  7  7  6  91       
PG13  16515.821311   2099.567245  20599.152772     24.796356  5  5  5  62       
PG14 -17420.838599 -16152.112865 -11712.318548     -0.323841  8  7  7  93       
PG15  12801.243222  -9216.708482  21053.647623   -219.078884  5  6  3  71       
PG16 -26629.417596    264.424947   2824.316831   -179.933745  8  6  8 100       
PG17  14584.415617  21830.424030  -3752.753429    292.504035  7  7  7  68       
PG18   3366.458984 -23209.637918  12427.763877    240.569149 10  9  9  82       
PG19  16945.429873  16855.365774 -11929.934614   -135.030364  7  8  9  56       
PG20  -3848.856624 -15299.949807  21295.552421    527.335380  6  6  6  91       
PG21  -9929.476716 -14147.005419  21010.614369     20.970090  7  6  5  67       
PG22 -21982.168893  10311.200359 -10390.251788   -773.526277  8  5  5  63       
PG24  14703.258995 -20946.134912   6142.982584    -15.364698  7  3  6  90       
PG25   5805.039650 -14947.909329 -21368.842984     20.863632  7  7  6  90       
PG26 -24089.995349  -5680.965113  -9967.978242    239.308641  7  8  6  79       
PG27 -17948.254950  -4744.144156  18977.433060   -340.185758  7  3  6 107       
PG28  15902.401800  12841.040557  17459.870960    701.669957  7  7  6  96       
PG29   -427.465742 -22040.112904 -14835.352983   -145.251061  5  5  5  87       
PG30   6098.581925  17356.228299  19128.736208   -257.484392  5  3  5  89       
PG31 -13256.761196  -7662.574101 -21740.767753    -54.145983  5  8  6  94       
PG32 -16576.756497 -20304.914024  -4675.278231    313.278067  6  6  6  64       
*  2020  7  8  1  0  0.00000000
PG01 -14639.119454  20871.445885   6568.780716     22.720923  5  6  5 106       
PG02  16077.824210  -2137.055488 -20387.816200   -483.893956  6  8  6 105       
PG03 -18005.564356  12227.980772 -15221.607940   -232.888959  6  7  3  66       
PG04  -6484.089455  15900.177369 -20241.579305   -112.008821 10  6  8  71       
PG05  26504.335367  -1349.666200  -2770.823099    -16.207454  7  6  5  74       
PG06  10499.368318  11561.502994 -21424.989806   -299.983682  7  9  7 103       
PG07  -3400.977806  24155.656753  10193.941131   -322.134694  5  4  4  89       
PG08 -14661.649526   5070.044840  21598.126242    -40.222468  5  5  5 103       
PG09   4426.666172  22400.671816 -13602.658713   -249.787318  5  7  3  75       
PG10 -13784.012469 -12117.576214  19373.452252   -393.319078  7  3  5  95       
PG11 -12709.437112  15357.851790  17211.053111   -227.401110  8  6  7 104       
PG12  18757.167320 -10859.454029 -15481.932907     96.580194  6  7  7  72       
PG13  17454.285895   4215.339223  19485.890854     24.799308  6  5  5  86       
PG14 -17825.476277 -17344.521943  -9223.988141     -0.321453  7  6  7  81       
PG15  14365.012543  -7300.095697  20832.941825   -219.076539  5  6  3  71       
PG16 -26805.535151     87.534828    -33.888879   -179.938173  8  7  8  58       
PG17  14577.556593  22193.289554   -870.471307    292.509123  7  6  7  80       
PG18   4155.979916 -24243.996147   9971.574099    240.577941 10  9  9  90       
PG19  17346.249535  17972.335364  -9392.586486   -135.025627  6  7  9  70       
PG20  -1432.776136 -15761.768936  21237.964682    527.334979  5  6  6  82       
PG21  -9015.194543 -16135.642429  19948.571258     20.974447  6  6  5  61       
PG22 -23096.256185  10153.607588  -7859.104486   -773.524286  8  5  5  78       
PG24  14664.627568 -19995.431193   8789.219259    -15.364583  7  3  5  84       
PG25   8156.730262 -15008.693978 -20508.925303     20.867351  7  7  6  87       
PG26 -22849.207755  -6038.348342 -12374.462365    239.314766  6  8  6  76       
PG27 -19018.047405  -6544.459974  17372.800097   -340.194445  7  4  5  98       
PG28  13910.923211  12888.414937  19115.652364    701.666776  7  7  5  84       
PG29    572.748927 -20534.842652 -16861.285605   -145.258712  5  5  4  91       
PG30   4941.224357  19131.378909  17693.579344   -257.491283  4  2  5  85       
PG31 -12061.795520  -9824.974188 -21525.316297    -54.147867  5  8  6 110       
PG32 -16579.248636 -20764.071651  -1869.254610    313.283771  6  6  6  82       
*  2020  7  8  1 15  0.00000000
PG01 -14463.601580  19921.598582   9286.075963     22.725429  6  6  4 118       
PG02  15335.176941    257.633687 -21043.804168   -483.899105  5  8  6 103       
PG03 -19624.800817  12243.864273 -13031.469090   -232.899522  6  7  4  74       
PG04  -7920.902883  14014.348563 -21107.748479   -112.013065 10  6  8  29       
PG05  26092.126013  -1025.770931  -5547.690333    -16.208436  7  5  4  81       
PG06   9510.746953  13759.406989 -20569.239483   -299.988549  6  9  7  95       
PG07  -4055.101396  24953.752683   7579.360299   -322.142611  5  4  4  95       
PG08 -16124.643024   3135.833325  20934.647982    -40.223495  5  5  5  95       
PG09   3233.503086  21213.004524 -15691.225093   -249.793192  4  7  3  77       
PG10 -11555.228661 -12491.805061  20541.641331   -393.328793  7  3  5  98       
PG11 -13055.135239  13233.198731  18591.215810   -227.391449  8  7  6 108       
PG12  20375.429007 -10790.502315 -13283.324213     96.575630  6  7  7  91       
PG13  18431.222031   6150.232376  18034.940738     24.802488  6  5  5  80       
PG14 -18137.290675 -18264.475214  -6576.267225     -0.318792  7  5  7  88       
PG15  15981.414260  -5494.891969  20244.610230   -219.074188  5  6  3  57       
PG16 -26670.736138    -87.746065  -2891.546028   -179.942309  7  7  8  49       
PG17  14411.972490  22280.820233   2026.823392    292.514418  7  6  6  93       
PG18   4770.247814 -25056.288339   7343.412999    240.586648 10  9  9  91       
PG19  17655.745914  18814.556165  -6695.870565   -135.020988  6  7  8  79       
PG20    934.183263 -16331.944530  20811.894150    527.335317  5  6  5  77       
PG21  -8251.185390 -18044.976930  18566.695817     20.978972  6  6  5  86       
PG22 -23926.725712   9989.833254  -5190.600555   -773.522019  8  5  5  53       
PG24  14572.245224 -18767.604349  11279.799568    -15.364875  6  3  5  91       
PG25  10389.720646 -15180.572113 -19301.265151     20.871094  8  6  6  97       
PG26 -21371.832002  -6497.665856 -14570.757197    239.320956  5  7  6  80       
PG27 -20064.571031  -8121.320678  15469.754459   -340.203036  6  4  5 105       
PG28  11762.956218  13050.173832  20455.716947    701.663433  7  7  4  85       
PG29   1771.351840 -18909.266007 -18597.594284   -145.266657  5  5  3  77       
PG30   3945.938556  20799.307799  15952.686722   -257.498231  4  3  5  78       
PG31 -10996.557996 -12008.865296 -20939.420663    -54.150126  5  8  6 103       
PG32 -16413.420313 -20968.539573    968.677303    313.289384  6  6  6  90       
*  2020  7  8  1 30  0.00000000
PG01 -14238.111272  18678.016272  11838.978706     22.729952  6  6  4  94       
PG02  14698.699029   2739.354100 -21315.625261   -483.904014  5  8  6  87       
PG03 -20985.348166  12297.033068 -10616.788952   -232.910060  6  7  5  48       
PG04  -9501.894122  12145.319315 -21610.130255   -112.017297 10  6  8  64       
PG05  25397.513810   -616.125714  -8230.521740    -16.208979  7  5  4  84       
PG06   8683.273074  15897.514619 -19357.613142   -299.993450  6  8  7  89       
PG07  -4567.227146  25497.617315   4831.878233   -322.150158  5  4  4 101       
PG08 -17624.872780   1356.127406  19912.962689    -40.224688  5  5  5  96       
PG09   1835.792801  19922.315271 -17510.458499   -249.799140  3  7  3  41       
PG10  -9238.035080 -13006.083959  21360.874938   -393.338534  6  4  5  79       
PG11 -13512.591587  10983.237904  19641.525984   -227.381698  7  7  6 109       
PG12  21737.460947 -10778.946422 -10857.385661     96.571472  6  7  7  89       
PG13  19408.734641   7876.581734  16271.881223     24.805379  6  5  5  79       
PG14 -18318.101009 -18916.147225  -3815.407915     -0.316325  7  5  7  86       
PG15  17613.376819  -3830.075874  19300.395468   -219.072009  5  6  3  39       
PG16 -26230.080521   -299.770387  -5700.916649   -179.946396  7  7  8  81       
PG17  14056.449999  22116.776212   4889.479966    292.519525  7  6  5  98       
PG18   5232.595690 -25614.487819   4588.607977    240.595416 10  9  9  89       
PG19  17833.070415  19384.963901  -3885.174385   -135.016498  6  6  8  80       
PG20   3207.954245 -16993.185352  20024.115759    527.335111  5  6  5  57       
PG21  -7632.894988 -19832.427308  16886.444726     20.983475  6  5  5 101       
PG22 -24466.570389   9784.638980  -2431.548407   -773.520040  8  5  5  71       
PG24  14462.852363 -17274.276269  13570.493999    -15.365856  6  3  4  85       
PG25  12461.955264 -15442.190814 -17765.318056     20.874818  8  6  7 100       
PG26 -19691.260004  -7081.897979 -16519.362220    239.327092  5  7  5  83       
PG27 -21045.133577  -9460.699162  13301.826452   -340.211748  6  4  5  97       
PG28   9501.753728  13342.992259  21459.378584    701.660277  7  7  4  85       
PG29   3165.625741 -17210.435837 -20014.641032   -145.274522  5  5  2  82       
PG30   3108.596189  22316.661086  13935.651191   -257.505223  4  2  5  89       
PG31 -10073.850074 -14167.340879 -19991.813514    -54.152463  5  8  6  91       
PG32 -16049.647290 -20940.156284   3790.106158    313.295148  6  6  6  87       
*  2020  7  8  1 45  0.00000000
PG01 -14003.185196  17153.106585  14182.063292     22.734439  6  7  4 107       
PG02  14185.358370   5258.342347 -21198.180996   -483.909370  5  8  5 101       
PG03 -22066.639416  12351.188970  -8018.956435   -232.920599  6  7  5  54       
PG04 -11201.686609  10334.637470 -21740.160117   -112.021478 10  6  8  82       
PG05  24443.058739    -90.296578 -10773.991266    -16.209887  7  4  4  77       
PG06   8016.626350  17926.803966 -17811.047066   -299.998265  5  8  6  77       
PG07  -4965.318675  25761.037433   1999.272277   -322.158027  5  5  4  90       
PG08 -19121.699825   -243.971316  18551.191005    -40.225333  5  5  5  94       
PG09    240.856906  18571.813851 -19029.285113   -249.805043  3  6  3  71       
PG10  -6880.149476 -13662.022178  21816.679274   -393.348353  6  4  5  79       
PG11 -14088.071318   8652.439080  20341.719009   -227.371699  7  7  6 103       
PG12  22819.422349 -10789.111795  -8245.061771     96.566763  6  7  7  86       
PG13  20345.887893   9374.720203  14227.640077     24.808459  6  5  5  48       
PG14 -18332.546199 -19312.120865   -989.186398     -0.313816  7  5  7  82       
PG15  19220.607484  -2327.463911  18018.307879   -219.069573  5  6  3  64       
PG16 -25497.118404   -585.224213  -8415.249096   -179.950844  6  7  8  59       
PG17  13485.709565  21731.800351   7668.938707    292.525223  7  5  5  92       
PG18   5572.096033 -25893.325654   1754.672144    240.604196 10  9  9  92       
PG19  17839.918302  19695.016997  -1008.124296   -135.011578  6  6  8  62       
PG20   5348.276208 -17721.475903  18887.782446    527.335472  5  6  4  74       
PG21  -7148.503840 -21457.433936  14933.888683     20.987442  6  5  5  83       
PG22 -24717.372107   9503.002291    369.840073   -773.517610  8  4  6  57       
PG24  14371.468369 -15535.542465  15620.684969    -15.366128  6  3  4  92       
PG25  14336.378909 -15765.775300 -15926.203428     20.878535  8  6  7  88       
PG26 -17846.042461  -7807.668781 -18186.873040    239.333193  5  7  4  86       
PG27 -21916.699572 -10557.394547  10906.836439   -340.220513  5  4  4  85       
PG28   7173.203746  13775.952936  22111.375310    701.657525  7  7  3  72       
PG29   4744.172506 -15485.373814 -21088.283955   -145.282054  5  6  2  90       
PG30   2417.566629  23643.021388  11676.983881   -257.512165  4  2  5  90       
PG31  -9298.517678 -16252.393024 -18697.587035    -54.154401  5  8  6  97       
PG32 -15464.073354 -20707.195132   6546.994382    313.300865  6  5  6  75       
*  2020  7  8  2  0  0.00000000
PG01 -13797.389973  15368.471245  16273.654283     22.738997  6  7  4  97       
PG02  13804.002729   7762.687512 -20693.891365   -483.914465  5  7  5  83       
PG03 -22856.609545  12367.884006  -5282.629722   -232.931059  6  7  6           
PG04 -12988.219776   8619.306944 -21495.697470   -112.025633 10  6  7  83       
PG05  23258.145834    577.284627 -13135.183422    -16.210654  7  3  4  80       
PG06   7502.096183  19800.285515 -15956.303740   -300.003060  5  8  6  79       
PG07  -5281.749857  25725.615443   -868.691792   -322.166047  5  5  3  83       
PG08 -20571.800903  -1647.286005  16873.141519    -40.225200  5  5  5 103       
PG09  -1535.840930  17203.942018 -20221.796304   -249.810975  2  6  3  43       
PG10  -4529.579977 -14453.055802  21900.655034   -393.358063  6  3  4  62       
PG11 -14780.332456   6287.168587  20677.837132   -227.362370  7  7  6  91       
PG12  23605.809437 -10782.448455  -5490.757845     96.562403  6  6  8  74       
PG13  21200.318727  10633.515349  11937.922124     24.811358  6  5  5  56       
PG14 -18149.540269 -19472.672359   1853.933320     -0.311202  6  5  6  51       
PG15  20761.109818  -1001.097859  16422.191776   -219.067311  5  6  4  44       
PG16 -24493.372332   -977.589269 -10989.477995   -179.955131  6  7  7  59       
PG17  12681.476605  21162.085066  10318.513975    292.530116  7  5  4  81       
PG18   5822.230809 -25875.285576  -1109.521351    240.612956 10  9  9  92       
PG19  17642.146980  19764.170988   1886.182022   -135.007603  6  6  7  82       
PG20   7320.077721 -18486.990602  17422.227986    527.335121  5  6  4  72       
PG21  -6779.435150 -22882.803058  12739.437984     20.991545  6  4  6  99       
PG22 -24689.106065   9111.676914   3164.830284   -773.515055  7  4  6  86       
PG24  14329.846466 -13579.335214  17394.150706    -15.366477  5  3  4  73       
PG25  15982.202853 -16118.222906 -13814.362209     20.882238  7  6  6  82       
PG26 -15878.540960  -8684.433786 -19544.546574    239.339364  5  6  4  70       
PG27 -22637.561090 -11414.980134   8326.211512   -340.229238  5  4  4  86       
PG28   4824.316647  14350.191133  22402.005137    701.653996  7  7  3  86       
PG29   6487.178695 -13779.341054 -21800.275169   -145.289923  5  6  2  81       
PG30   1854.337681  24742.415691   9215.535399   -257.519138  4  3  5  73       
PG31  -8667.336927 -18216.623167 -17078.019365    -54.156987  5  8  6  93       
PG32 -14639.670596 -20303.160398   9192.470792    313.306545  5  5  6  57       
*  2020  7  8  2 15  0.00000000
PG01 -13655.636614  13354.215726  18076.640118     22.743602  6  7  3 103       
PG02  13555.053447  10200.288195 -19812.622473   -483.919631  5  7  5  72       
PG03 -23352.054597  12308.166454  -2454.970746   -232.941547  6  7  6  67       
PG04 -14823.847579   7030.501246 -20881.055696   -112.029828 10  6  7  71       
PG05  21877.894861   1406.169637 -15274.274892    -16.211580  6  3  4  77       
PG06   7123.070706  21474.694387 -13825.501924   -300.007861  5  7  6  53       
PG07  -5551.828514  25381.612027  -3721.183784   -322.173834  5  5  3  74       
PG08 -21930.770502  -2845.002838  14907.877099    -40.226728  5  5  5  79       
PG09  -3471.099149  15858.783670 -21067.678211   -249.816835  3  6  3  59       
PG10  -2232.976088 -15364.589243  21610.658412   -393.367751  7  3  5  70       
PG11 -15580.518278   3934.015351  20642.609630   -227.352742  6  8  5  95       
PG12  24089.992336 -10719.169900  -2641.615227     96.557824  6  6  8  81       
PG13  21929.911027  11650.573108   9442.559396     24.814365  6  5  5  68       
PG14 -17743.553443 -19424.784000   4665.617968     -0.308791  6  4  6  38       
PG15  22192.759930    143.043245  14541.191948   -219.064910  5  6  4  79       
PG16 -23247.548129  -1505.730418 -13380.892309   -179.959092  5  7  7  69       
PG17  11633.278118  20447.865369  12794.116248    292.535330  7  6  3  91       
PG18   6019.391987 -25551.310597  -3954.588485    240.621743 10 10 10  95       
PG19  17211.264348  19619.048986   4747.990261   -135.003074  6  5  7  88       
PG20   9094.659559 -19255.257314  15652.650986    527.334963  5  6  4  80       
PG21  -6501.104192 -24075.963673  10337.516767     20.995535  6  4  6  94       
PG22 -24399.627437   8580.676324   5905.040022   -773.513497  7  4  6  90       
PG24  14365.075443 -11440.472124  18859.754588    -15.367812  5  3  4  72       
PG25  17375.951672 -16462.425426 -11465.116859     20.885962  7  6  6  50       
PG26 -13833.442318  -9713.942570 -20568.797660    239.345515  5  6  2  87       
PG27 -23168.954270 -12045.423194   5604.260360   -340.237980  4  4  4  70       
PG28   2501.693763  15058.827259  22327.198436    701.650850  7  7  4  44       
PG29   8367.008823 -12134.191182 -22138.558522   -145.297832  5  6  3  82       
PG30   1394.416079  25584.669193   6593.829554   -257.526103  4  3  5  77       
PG31  -8169.227931 -20014.959215 -15160.280411    -54.159251  6  8  6  66       
PG32 -13567.046138 -19765.400211  11681.599339    313.312296  6  5  6  45       
*  2020  7  8  2 30  0.00000000
PG01 -13607.655382  11147.914513  19559.190947     22.748151  6  7  3  91       
PG02  13430.584229  12520.813298 -18571.426503   -483.924977  5  7  4  59       
PG03 -23558.656452  12134.261097    415.172083   -232.951970  6  7  6  37       
PG04 -16666.661872   5592.512994 -19906.920821   -112.033996 10  6  7  61       
PG05  20341.872101   2408.972098 -17155.165734    -16.212166  5  3  4  61       
PG06   6855.843299  22912.046951 -11455.550837   -300.012694  6  7  5  72       
PG07  -5812.179316  24728.455529  -6507.285775   -322.181663  5  5  3  62       
PG08 -23154.767528  -3836.788183  12689.203513    -40.227780  5  5  4  92       
PG09  -5534.681355  14572.580662 -21552.546470   -249.822743  3  6  3  73       
PG10    -34.026294 -16374.454128  20950.884642   -393.377445  7  4  5  51       
PG11 -16472.385037   1638.091957  20235.688811   -227.342768  6  8  5  86       
PG12  24274.422977 -10559.965524    253.280608     96.553650  5  6  8  75       
PG13  22494.464496  12432.104181   6784.796848     24.817409  5  5  4  65       
PG14 -17095.674778 -19200.928646   7398.453391     -0.306160  6  4  6  69       
PG15  23474.876819   1107.003809  12409.138140   -219.062831  5  6  4  61       
PG16 -21794.503205  -2192.656161 -15549.766676   -179.963581  4  7  6  28       
PG17  10338.942317  19631.798031  15054.906792    292.540679  7  6  3  86       
PG18   6201.272005 -24921.193785  -6731.491717    240.630516 10 10 10 102       
PG19  16525.726781  19292.334406   7527.739770   -134.998334  6  5  6  86       
PG20  10650.629798 -19988.524925  13609.684085    527.334547  5  7  4  57       
PG21  -6283.892046 -25010.097001   7766.180610     20.999528  6  5  6  98       
PG22 -23873.865483   7884.621488   8543.291395   -773.511245  7  4  7  80       
PG24  14498.388493  -9159.431039  19992.023307    -15.368104  4  3  4  60       
PG25  18502.247236 -16758.773557  -8918.135281     20.889740  7  6  6  79       
PG26 -11756.189083 -10889.998740 -21241.618603    239.351716  4  5  2  53       
PG27 -23476.562362 -12468.396781   2787.419271   -340.246680  4  4  4  72       
PG28    250.025158  15887.184998  21888.530776    701.647543  6  6  4  48       
PG29  10349.103620 -10586.867860 -22097.463182   -145.305564  5  6  3  66       
PG30   1008.473304  26146.549762   3857.320764   -257.533123  4  3  5  81       
PG31  -7785.794024 -21606.310466 -12977.016607    -54.161473  6  8  6  82       
PG32 -12244.965804 -19133.588968  13972.113191    313.317942  6  5  6  72       
*  2020  7  8  2 45  0.00000000
PG01 -13676.697458   8793.275820  20695.362484     22.752751  6  7  3  87       
PG02  13414.777381  14677.574855 -16994.106158   -483.929872  5  6  4  87       
PG03 -23490.670679  11811.216887   3278.118399   -232.962469  6  6  6  53       
PG04 -18471.989696   4321.978991 -18590.160627   -112.038190 10  6  7  86       
PG05  18692.651352   3590.708100 -18746.052828    -16.212851  5  2  3  80       
PG06   6670.704048  24081.001037  -8887.498969   -300.017484  6  6  5  73       
PG07  -6099.054472  23774.887966  -9176.997567   -322.189717  5  5  3  74       
PG08 -24202.145363  -4630.583930  10255.089675    -40.228382  5  5  4 109       
PG09  -7690.291640  13376.410243 -21668.181472   -249.828649  3  5  4  70       
PG10   2028.037882 -17453.672126  19931.849636   -393.387074  7  4  5  60       
PG11 -17432.861395   -558.613924  19463.728725   -227.333201  6  8  5  91       
PG12  24170.500254 -10267.719423   3143.747157     96.548500  5  6  8  69       
PG13  22857.293378  12992.462033   4010.527808     24.820294  5  4  4  53       
PG14 -16194.421805 -18837.676531  10006.692571     -0.303669  6  4  6  81       
PG15  24569.724973   1900.495956  10063.865710   -219.060324  5  5  4  43       
PG16 -20174.008409  -3054.493995 -17459.951560   -179.967728  4  7  5  58       
PG17   8804.790264  18757.288023  17063.880913    292.545749  7  6  3  89       
PG18   6405.207818 -23993.638025  -9392.390139    240.639279 10 11 10 101       
PG19  15571.991520  18821.423846  10176.935585   -134.993578  6  6  6  81       
PG20  11974.552184 -20647.280559  11328.855349    527.334881  6  7  4  68       
PG21  -6094.319671 -25665.099344   5066.671950     21.004349  6  5  6  97       
PG22 -23142.761524   7003.900569  11034.423633   -773.509003  7  4  7  92       
PG24  14744.229564  -6780.904366  20771.601021    -15.368640  3  2  4  76       
PG25  19354.295043 -16966.788647  -6216.802762     20.893540  7  6  6  93       
PG26  -9691.383770 -12198.529200 -21550.913717    239.357693  4  5  3  87       
PG27 -23531.851649 -12710.314243    -76.518569   -340.255424  4  3  4  85       
PG28  -1889.337320  16813.285242  21093.179004    701.644365  6  6  5  68       
PG29  12393.149167  -9168.103078 -21677.790770   -145.313141  5  6  4  78       
PG30    663.691667  26412.655385   1053.588584   -257.540129  4  3  5  92       
PG31  -7492.169965 -22955.092005 -10565.817504    -54.163479  6  8  6  84       
PG32 -10680.575577 -18448.136259  16025.104062    313.323686  6  4  5  95       
*  2020  7  8  3  0  0.00000000
PG01 -13878.519175   6338.563272  21465.571505     22.757289  6  7  3  67       
PG02  13484.730186  16629.227610 -15110.622909   -483.935225  5  6  4  69       
PG03 -23170.288338  11308.455834   6084.231926   -232.973008  6  6  6  67       
PG04 -20194.006981   3227.409662 -16953.527917   -112.042348 10  7  7  66       
PG05  16974.276241   4948.423016 -20019.938869    -16.213177  4  3  3  72       
PG06   6533.272176  24957.966841  -6165.809791   -300.022298  6  6  5  48       
PG07  -6446.646504  22538.733909 -11682.244198   -322.197367  5  5  3  71       
PG08 -25035.005463  -5242.091785   7647.029197    -40.230229  5  6  4  90       
PG09  -9896.785477  12295.073709 -21412.660996   -249.834553  3  5  4  52       
PG10   3919.774383 -18567.496641  18570.266460   -393.396797  7  5  6  65       
PG11 -18432.919200  -2618.762810  18340.299051   -227.323693  5  8  5  79       
PG12  23798.092394  -9809.166451   5979.392607     96.544572  4  6  8  86       
PG13  22986.693750  13353.374050   1167.493661     24.823259  4  4  4  49       
PG14 -15036.272884 -18374.179141  12446.955274     -0.301086  6  3  6  50       
PG15  25443.892560   2540.250570   7546.490312   -219.058031  5  5  4           
PG16 -18429.345608  -4099.715618 -19079.417898   -179.972014  3  7  4  18       
PG17   7045.519318  17866.822528  18788.377775    292.551309  7  6  3  76       
PG18   6666.543897 -22785.982573 -11891.467276    240.648136  9 11 11  82       
PG19  14345.276070  18246.888875  12649.026245   -134.989081  7  6  5  86       
PG20  13061.280712 -21191.855007   8849.951772    527.334561  6  7  4  78       
PG21  -5896.391067 -26028.341550   2282.908267     21.007983  5  5  6 106       
PG22 -22241.996453   5925.597102  13336.052920   -773.506937  6  4  7  86       
PG24  15109.615358  -4352.195216  21185.570859    -15.368672  3  3  4  71       
PG25  19934.048168 -17046.819688  -3407.508430     20.897400  7  6  6  68       
PG26  -7681.226025 -13617.963362 -21490.741665    239.363901  3  5  4  67       
PG27 -23313.193720 -12803.126085  -2939.179280   -340.264168  4  3  4  17       
PG28  -3879.688281  17808.599051  19953.822041    701.641021  5  5  6  40       
PG29  14454.472753  -7901.364683 -20886.795288   -145.321098  4  6  4  74       
PG30    325.256691  26376.007066  -1768.515172   -257.547127  4  4  5  86       
PG31  -7258.148745 -24032.553567  -7968.570786    -54.166085  6  8  6  52       
PG32  -8889.312660 -17748.581593  17805.657437    313.329408  6  4  5  80       
*  2020  7  8  3 15  0.00000000
PG01 -14220.691204   3834.842710  21856.932938     22.761839  6  7  3  81       
PG02  13611.566773  18341.221415 -12956.374100   -483.940323  5  5  3  51       
PG03 -22626.695868  10601.160308   8784.801383   -232.983519  6  6  6  62       
PG04 -21787.406640   2309.039821 -15025.263356   -112.046543 10  7  6  87       
PG05  15230.679121   6471.118808 -20955.070719    -16.214076  4  3  3  73       
PG06   6406.015924  25527.925521  -3337.578009   -300.027027  6  6  4  86       
PG07  -6885.479313  21046.296359 -13977.857090   -322.205222  5  5  3  69       
PG08 -25620.617944  -5693.968227   4909.353102    -40.231264  5  6  4  72       
PG09 -12109.570734  11346.237785 -20790.388603   -249.840536  3  5  4  58       
PG10   5614.647702 -19676.697275  16888.814841   -393.406476  7  5  6  56       
PG11 -19438.719106  -4510.991277  16885.632925   -227.314135  5  8  5  57       
PG12  23184.730293  -9156.416731   8710.527457     96.539808  4  6  7  76       
PG13  22857.224000  13542.898774  -1695.537794     24.826137  4  4  4  55       
PG14 -13625.908369 -17850.587136  14678.873254     -0.298378  5  2  6  60       
PG15  26069.495819   3049.108728   4900.653481   -219.055922  5  5  4  55       
PG16 -16605.788196  -5328.639226 -20380.751764   -179.976275  3  7  2  59       
PG17   5083.788303  17000.370140  20200.516254    292.556559  7  6  3  54       
PG18   7017.078657 -21323.607222 -14185.721869    240.656912  9 11 11  56       
PG19  12849.987494  17610.804870  14900.269671   -134.984233  7  6  5  79       
PG20  13913.966375 -21584.050758   6216.297469    527.334563  6  7  5  80       
PG21  -5653.066857 -26095.191764   -539.100911     21.012298  5  6  5 109       
PG22 -21210.560615   4644.153367  15409.267553   -773.504710  6  4  7  73       
PG24  15593.817268  -1921.523877  21227.639478    -15.371324  2  3  4  52       
PG25  20252.036630 -16961.738933   -538.855868     20.901223  7  7  6  79       
PG26  -5764.041541 -15119.911448 -21061.459262    239.370078  3  5  5  71       
PG27 -22806.736002 -12782.926140  -5752.379753   -340.272857  3  4  4  61       
PG28  -5690.118135  18839.036197  18488.486639    701.637881  4  4  6  54       
PG29  16485.612916  -6802.092153 -19738.056565   -145.328639  4  5  4  82       
PG30    -42.064853  26038.321468  -4559.749600   -257.554123  4  4  5  82       
PG31  -7049.543603 -24817.854559  -5230.716184    -54.168082  6  8  5  80       
PG32  -6894.509002 -17072.034537  19283.425085    313.335142  6  4  4  82       
*  2020  7  8  3 30  0.00000000
PG01 -14702.259850   1334.129433  21863.453097     22.766364  6  7  3  73       
PG02  13761.796902  19786.947723 -10571.367790   -483.945427  5  5  3  76       
PG03 -21894.869576   9671.442012  11332.909085   -232.994059  5  5  6  66       
PG04 -23209.057087   1559.005305 -12838.604997   -112.050655 10  7  6  77       
PG05  13504.113392   8139.985628 -21535.301413    -16.214507  4  3  3  70       
PG06   6249.899019  25784.924217   -451.701175   -300.031768  5  6  4  81       
PG07  -7440.951499  19331.402076 -16022.500166   -322.213090  5  5  3  66       
PG08 -25932.657842  -6014.761867   2088.503750    -40.232153  5  6  5  89       
PG09 -14282.146337  10539.860633 -19812.017617   -249.846471  3  5  4  71       
PG10   7093.885685 -20739.040829  14915.803644   -393.416034  6  6  6  64       
PG11 -20412.980055  -6210.983168  15126.214144   -227.304383  4  8  5  61       
PG12  22364.499845  -8288.283632  11289.081351     96.535737  3  6  7  67       
PG13  22450.750953  13594.152094  -4529.601150     24.829094  4  4  4  62       
PG14 -11976.156860 -17306.459489  16665.676584     -0.295803  5  2  5  75       
PG15  26425.168887   3454.895560   2171.754550   -219.053409  5  5  4  65       
PG16 -14749.015569  -6733.227764 -21341.594273   -179.980773  3  7     54       
PG17   2949.523471  16193.898781  21277.557259    292.562136  7  6  3  46       
PG18   7483.655344 -19639.037430 -16235.707826    240.665659  8 11 11  69       
PG19  11099.796898  16955.012439  16890.567936   -134.979563  7  7  4  77       
PG20  14543.735899 -21788.725554   3473.961591    527.334501  6  7  5  79       
PG21  -5327.822328 -25869.273145  -3351.910170     21.016184  5  6  5 102       
PG22 -20089.223483   3161.746748  17219.249019   -773.502444  6  5  7  66       
PG24  16188.372801    463.684292  20898.184660    -15.371990  1  3  4  67       
PG25  20326.862910 -16678.567015   2339.189619     20.905046  7  7  6  84       
PG26  -3972.958968 -16670.119577 -20269.761574    239.376247  4  5  6  53       
PG27 -22006.991780 -12688.419608  -8468.885085   -340.281565  3  4  4  51       
PG28  -7296.467328  19866.139655  16720.337095    701.634783  4  3  6  63       
PG29  18438.004633  -5877.248713 -18251.249457   -145.336668  4  5  4  40       
PG30   -472.326052  25409.950835  -7271.379842   -257.561093  4  4  4  89       
PG31  -6829.730279 -25298.836541  -2400.412558    -54.170584  6  8  5  82       
PG32  -4726.701210 -16451.718110  20433.126920    313.340886  6  3  4  62       
*  2020  7  8  3 45  0.00000000
PG01 -15313.771255  -1112.485655  21486.078210     22.770914  6  7  4  57       
PG02  13898.853327  20948.539120  -7999.326108   -483.950623  5  4  3  46       
PG03 -21014.152289   8509.244420  13684.270073   -233.004598  5  5  6  75       
PG04 -24419.587591    961.837434 -10431.213107   -112.054889 10  6  6  68       
PG05  11833.655730   9928.931075 -21750.370566    -16.215077  3  3  4  63       
PG06   6026.087983  25732.229107   2441.977816   -300.036494  5  6  4  57       
PG07  -8132.099459  17434.136393 -17779.513530   -322.220756  5  5  2  78       
PG08 -25952.212541  -6237.633773   -767.719987    -40.234157  5  5  5  90       
PG09 -16367.720997   9877.923672 -18494.271995   -249.852453  3  4  3  66       
PG10   8347.040304 -21710.913951  12684.728334   -393.425702  6  6  6  84       
PG11 -21316.510013  -7702.235646  13094.215731   -227.294733  4  8  5  57       
PG12  21376.674776  -7191.356944  13669.505013     96.531403  3  5  7  68       
PG13  21757.223572  13543.853337  -7286.355768     24.831974  3  3  4  80       
PG14 -10107.652606 -16779.219583  18374.718022     -0.293065  5  2  5  75       
PG15  26496.807886   3789.124744   -593.817482   -219.050872  5  5  4  71       
PG16 -12903.515100  -8297.192984 -21945.021440   -179.984950  3  7     63       
PG17    678.972394  15478.060483  22002.193546    292.566807  6  6  3  62       
PG18   8086.952600 -17770.785294 -18006.210604    240.674369  8 11 11  65       
PG19   9117.348646  16319.381829  18584.251044   -134.975046  6  7  4  73       
PG20  14969.056238 -21775.266128    670.912895    527.334470  7  7  6  63       
PG21  -4886.237166 -25362.434904  -6107.366767     21.020542  5  7  5  93       
PG22 -18918.962869   1488.368343  18735.811816   -773.500150  5  6  7  58       
PG24  16877.421463   2758.459289  20204.169869    -15.371761  1  3  5  64       
PG25  20184.378696 -16169.959425   5176.201538     20.908839  6  7  5  86       
PG26  -2334.786370 -18229.668412 -19128.614498    239.382484  5  6  6  52       
PG27 -20917.130851 -12559.309243 -11043.143556   -340.290270  3  5  4  71       
PG28  -8682.053997  20848.450539  14677.406864    701.631498  4  3  6  55       
PG29  20263.716365  -5125.206014 -16451.812484   -145.344207  4  6  4  55       
PG30   -996.846120  24509.491627  -9856.065300   -257.568045  4  4  4  77       
PG31  -6561.305199 -25472.457024    472.364030    -54.172726  6  8  5  84       
PG32  -2422.671158 -15915.669581  21234.975082    313.346704  6  3  4  69       
*  2020  7  8  4  0  0.00000000
PG01 -16037.653018  -3456.653101  20732.601753     22.775401  6  7  4  67       
PG02  13984.734118  21817.299617  -5286.747743   -483.955985  5  5  3  68       
PG03 -20026.668795   7112.941099  15798.025014   -233.015188  5  4  6  44       
PG04 -25384.839764    495.255034  -7844.520315   -112.059115 10  6  6  72       
PG05  10253.832642  11805.390043 -21596.098353    -16.215575  3  4  4  74       
PG06   5697.652406  25382.131733   5293.541381   -300.041264  5  6  4  92       
PG07  -8970.637515  15399.323175 -19217.650019   -322.228519  4  5  2  83       
PG08 -25668.524098  -6398.908721  -3610.936119    -40.235682  4  5  5  67       
PG09 -18320.851365   9354.478925 -16859.666800   -249.858361  2  4  3  75       
PG10   9372.227498 -22549.025638  10233.727685   -393.435057  6  7  6  68       
PG11 -22109.827276  -8976.487043  10826.807746   -227.285214  4  7  5  70       
PG12  20264.143491  -5860.772698  15809.636483     96.527002  3  5  6  66       
PG13  20775.146825  13430.748200  -9918.888904     24.834839  4  3  4  70       
PG14  -8048.219138 -16302.710945  19777.933224     -0.290554  6  2  5  58       
PG15  26278.048159   4085.585897  -3349.440420   -219.048531  5  5  4  68       
PG16 -11111.026374  -9996.405659 -22179.858177   -179.988701  3  7     62       
PG17  -1686.460043  14877.084932  22362.768201    292.572616  6  6  3  24       
PG18   8840.521961 -15761.971381 -19466.848582    240.683139  7 11 10  79       
PG19   6933.609194  15740.152544  19950.789696   -134.970607  6  7  4   3       
PG20  15214.811946 -21518.891361  -2143.860656    527.334260  7  7  7  68       
PG21  -4297.558202 -24594.423475  -8757.407183     21.024237  6  7  6 105       
PG22 -17739.413298   -358.395552  19933.856922   -773.498203  5  6  6  54       
PG24  17638.346138   4921.829030  19158.933181    -15.372118  2  3  5  60       
PG25  19856.571728 -15415.489887   7922.222396     20.912540  6  6  5  69       
PG26   -869.131961 -19756.372114 -17657.077666    239.388710  6  6  7  68       
PG27 -19548.962213 -12434.657914 -13431.991454   -340.298990  3  5  4  58       
PG28  -9838.148971  21743.002602  12392.269263    701.628011  4  5  6  56       
PG29  21917.173643  -4535.965152 -14370.520972   -145.352150  4  6  5  35       
PG30  -1642.766240  23363.077319 -12268.721987   -257.574997  4  4  4  68       
PG31  -6207.788928 -25344.863063   3336.770468    -54.175155  7  8  5  96       
PG32    -24.251384 -15485.647289  21675.013769    313.352560  6  3  3  55       
*  2020  7  8  4 15  0.00000000
PG01 -16848.932094  -5654.451665  19617.438032     22.779874  6  7  4  83       
PG02  13981.675395  22393.761819  -2481.958510   -483.960899  5  5  3  37       
PG03 -18975.643441   5489.604671  17637.471024   -233.025776  5  4  6  59       
PG04 -26077.129663    131.222349  -5123.018322   -112.063366 10  6  5  77       
PG05   8793.421886  13731.388138 -21074.488773    -16.216021  3  4  4  82       
PG06   5231.190913  24755.417501   8053.865084   -300.045978  4  6  4  92       
PG07  -9960.318709  13274.818163 -20311.683973   -322.235952  4  6  2  78       
PG08 -25079.439564  -6536.511105  -6392.961339    -40.237185  4  5  5  76       
PG09 -20099.038176   8956.009750 -14936.132437   -249.864278  2  4  3  60       
PG10  10176.033432 -23212.123240   7604.946556   -393.444734  6  8  6  77       
PG11 -22754.797737 -10033.790806   8365.357145   -227.275330  5  7  5  86       
PG12  19071.693423  -4300.643363  17671.510797     96.523071  3  4  6  41       
PG13  19511.739708  13293.969261 -12382.487627     24.837959  3  3  3  84       
PG14  -5832.002567 -15905.901044  20852.235264     -0.287760  5  3  5  75       
PG15  25770.463582   4378.869037  -6048.993933   -219.046088  5  4  3  78       
PG16  -9409.082200 -11799.602530 -22040.920048   -179.993269  4  7  2  93       
PG17  -4101.553547  14407.916591  22353.422763    292.578061  6  6  3  44       
PG18   9750.109762 -13658.780687 -20592.589472    240.691911  7 10 10  72       
PG19   4586.876306  15248.419001  20965.417772   -134.965851  6  6  5  57       
PG20  15311.134701 -21001.731491  -4921.248086    527.333734  7  7  7  67       
PG21  -3536.172265 -23592.250945 -11254.912889     21.028534  6  7  6 109       
PG22 -16587.390935  -2353.867564  20793.735675   -773.495567  5  6  6  75       
PG24  18442.688595   6918.184737  17781.860852    -15.372957  2  3  5  44       
PG25  19380.205006 -14402.673216  10528.703219     20.916171  5  6  5  68       
PG26    412.194816 -21206.325713 -15880.017427    239.394946  6  7  7  66       
PG27 -17922.610464 -12351.285952 -15595.320612   -340.307698  4  5  4  56       
PG28 -10764.178368  22506.900509   9901.644009    701.625162  5  6  6  60       
PG29  23356.804244  -4091.705195 -12042.971220   -145.359837  3  7  5  61       
PG30  -2431.774792  22003.384088 -14467.340704   -257.581957  3  4  4  64       
PG31  -5735.301191 -24931.099311   6142.071922    -54.177181  6  8  5  94       
PG32   2423.062130 -15176.284840  21745.369188    313.358263  6  3  3  54       
*  2020  7  8  4 30  0.00000000
PG01 -17716.253925  -7667.878827  18161.272696     22.784336  5  7  5  60       
PG02  13853.782939  22687.384164    365.824290   -483.966285  5  6  4  94       
PG03 -17903.687327   3654.934570  19170.715901   -233.036348  6  3  6  59       
PG04 -26476.272307   -162.769021  -2313.493469   -112.067579 10  5  5  50       
PG05   7474.473670  15664.822362 -20193.738474    -16.216537  3  4  4  76       
PG06   4598.318801  23880.518480  10675.467018   -300.050687  4  6  5  96       
PG07 -11096.643996  11109.692699 -21042.876637   -322.244025  4  6  2  77       
PG08 -24191.552614  -6688.343259  -9066.590986    -40.237454  4  5  5  93       
PG09 -21664.220325   8662.091049 -12756.548202   -249.870123  2  4  3  63       
PG10  10773.087736 -23662.653565   4843.814090   -393.454417  6  8  6  93       
PG11 -23216.213972 -10882.237741   5754.545969   -227.265938  5  6  5  52       
PG12  17844.223584  -2524.126452  19222.093140     96.518558  4  4  6  65       
PG13  17982.773187  13171.396345 -14635.368577     24.840940  4  3  4  56       
PG14  -3498.385263 -15611.776085  21579.842152     -0.285393  6  3  5  93       
PG15  24983.486720   4702.880362  -8647.565271   -219.043974  4  4  4  69       
PG16  -7829.699045 -13669.370598 -21529.175944   -179.997739  3  7  3  70       
PG17  -6518.747442  14079.622573  21974.175603    292.582790  5  6  3  59       
PG18  10813.289800 -11508.812205 -21364.173410    240.700621  7 10  9  58       
PG19   2121.484823  14868.828147  21609.646823   -134.961489  5  6  5  70       
PG20  15292.034512 -20213.639720  -7612.908063    527.334021  7  7  8  45       
PG21  -2582.924110 -22389.269938 -13554.611617     21.032740  6  7  6  98       
PG22 -15495.548277  -4467.047459  21301.522429   -773.493576  5  6  6  59       
PG24  19257.297300   8718.419006  16097.957940    -15.372880  2  3  5  50       
PG25  18795.262540 -13127.680349  12949.430511     20.919797  4  6  5  80       
PG26   1505.476277 -22535.542163 -13827.711853    239.401181  7  7  7  65       
PG27 -16065.897633 -12342.260123 -17496.701989   -340.316315  5  6  4  42       
PG28 -11467.641191  23098.931846   7245.936372    701.621791  5  7  5  88       
PG29  24546.542794  -3767.638013  -9508.983514   -145.367797  3  6  5  66       
PG30  -3379.054560  20468.390228 -16413.743907   -257.588968  3  4  4  67       
PG31  -5114.134427 -24254.461857   8838.618033    -54.179722  7  7  5 107       
PG32   4871.639914 -14994.525355  21444.404791    313.364030  6  3  3  73       
*  2020  7  8  4 45  0.00000000
PG01 -18603.155941  -9466.089340  16390.603475     22.788751  5  7  5  84       
PG02  13568.557444  22715.916108   3207.391977   -483.971528  4  6  3  66       
PG03 -16851.123702   1632.845669  20371.243011   -233.046913  6  4  6  86       
PG04 -26570.329555   -422.244547    535.775764   -112.071790 10  5  6  63       
PG05   6311.589380  17560.914407 -18968.148251    -16.216788  3  4  4  78       
PG06   3776.959193  22792.384845  13113.323754   -300.055394  3  6  5  88       
PG07 -12366.930269   8952.389130 -21399.288295   -322.251825  4  7  2  78       
PG08 -23020.030579  -6890.666044 -11586.366880    -40.238116  4  5  5  77       
PG09 -22984.110458   8446.323701 -10358.192099   -249.876053  2  4  3  54       
PG10  11185.317927 -23868.301529   1998.249333   -393.464071  6  8  6  78       
PG11 -23463.246542 -11537.346003   3041.436125   -227.256320  5  6  4  54       
PG12  16624.959994   -553.125307  20433.917072     96.514339  4  4  6  65       
PG13  16212.095437  13098.078327 -16639.355632     24.843940  4  4  4  64       
PG14  -1090.717061 -15436.463425  21948.536091     -0.282737  6  4  4  87       
PG15  23934.057742   5089.401960 -11102.119381   -219.041701  4  4  4  65       
PG16  -6398.266104 -15563.379469 -20651.824589   -180.001848  4  7  4  84       
PG17  -8889.700431  13893.090315  21230.930527    292.588252  5  6  3  45       
PG18  12019.420998  -9359.385363 -21768.436098    240.709348  7  9  8  52       
PG19   -413.740534  14618.546770  21871.657277   -134.956688  5  6  5  47       
PG20  15193.890167 -19152.704277 -10172.139228    527.333845  6  7  8  80       
PG21  -1426.215318 -21023.977496 -15614.005132     21.037265  7  7  6  98       
PG22 -14491.206030  -6661.613996  21449.195670   -773.491325  6  6  6  78       
PG24  20045.657522  10300.797249  14137.329905    -15.374348  2  4  5  50       
PG25  18143.265520 -11595.710964  15141.418031     20.923453  3  5  4  93       
PG26   2415.059652 -23701.615608 -11535.352018    239.407388  7  8  7  58       
PG27 -14013.451820 -12435.527897 -19103.958833   -340.325011  5  6  3  85       
PG28 -11963.737406  23481.159453   4468.706258    701.618610  5  8  4  91       
PG29  25457.137656  -3533.136702  -6811.933128   -145.375456  3  6  6  73       
PG30  -4492.494982  18799.940206 -18074.265864   -257.595932  3  4  4  72       
PG31  -4320.157234 -23345.525502  11378.795406    -54.181868  7  7  5  93       
PG32   7273.336278 -14939.358474  20776.777936    313.369794  6  3  3  75       
*  2020  7  8  5  0  0.00000000
PG01 -19469.539416 -11026.338273  14337.186204     22.793190  5  7  5  59       
PG02  13098.256877  22504.471014   5994.391901   -483.976897  4  6  4  69       
PG03 -15854.418474   -545.266281  21218.376061   -233.057500  6  4  6  85       
PG04 -26356.052952   -684.174572   3375.845578   -112.076001 10  5  6  93       
PG05   5311.486829  19373.784911 -17417.935242    -16.217906  3  4  5  70       
PG06   2752.387579  21531.119984  15325.638844   -300.060102  3  6  5  86       
PG07 -13750.730273   6848.929044 -21375.933206   -322.259806  4  7  2  93       
PG08 -21588.132025  -7176.541710 -13909.322678    -40.239683  4  5  5  77       
PG09 -24033.321349   8277.507519  -7782.115252   -249.882003  2  3  3  65       
PG10  11440.912687 -23803.342576   -882.191308   -393.473739  6  9  7  82       
PG11 -23470.706198 -12021.153771    274.509323   -227.246979  5  6  4  66       
PG12  15453.749183   1582.367969  21285.611841     96.510038  4  4  6  66       
PG13  14230.863019  13104.775119 -18360.496579     24.846881  3  4  4  79       
PG14   1345.093531 -15388.611005  21951.852959     -0.280256  6  5  4  85       
PG15  22646.018532   5566.744964 -13372.128500   -219.039370  4  3  4  77       
PG16  -5132.676979 -17435.822887 -19422.277828   -180.006088  4  7  5  86       
PG17 -11166.884181  13841.025564  20135.414986    292.593518  5  6  3  69       
PG18  13349.931704  -7255.868028 -21798.527089    240.718134  7  9  7  74       
PG19  -2967.222688  14506.544958  21746.554226   -134.952266  5  6  5  75       
PG20  15053.861668 -17825.441709 -12554.710406    527.333796  6  7  8  47       
PG21    -62.824394 -19538.584732 -17394.299389     21.041052  7  7  6 118       
PG22 -13595.402386  -8897.122420  21234.728309   -773.489170  6  5  6  71       
PG24  20769.348108  11651.535081  11934.589888    -15.373813  2  5  5  63       
PG25  17465.529618  -9821.003863  17065.740956     20.927080  3  4  3  97       
PG26   3153.009189 -24665.345159  -9042.446382    239.413660  8  8  6  65       
PG27 -11805.572985 -12652.745923 -20389.683107   -340.333700  6  6  3  87       
PG28 -12274.710949  23620.438372   1616.065733    701.615327  5  8  3  95       
PG29  26067.210214  -3353.094334  -3998.019716   -145.383133  2  6  6  72       
PG30  -5772.201137  17042.172182 -19420.342851   -257.602917  3  4  5  93       
PG31  -3335.986905 -22240.887041  13717.932640    -54.184225  7  7  5 102       
PG32   9581.134671 -15001.871923  19753.395126    313.375542  6  4  4  86       
*  2020  7  8  5 15  0.00000000
PG01 -20273.277412 -12334.598461  12037.402246     22.797623  5  7  6  84       
PG02  12421.049726  22084.355339   8680.109611   -483.981719  3  6  4  74       
PG03 -14944.778205  -2841.553428  21697.635329   -233.068111  7  5  6  50       
PG04 -25839.004817   -985.346863   6157.943958   -112.080139 10  5  7  51       
PG05   4472.871084  21058.091505 -15568.945136    -16.218125  2  5  5  72       
PG06   1517.989551  20140.433146  17274.551083   -300.064784  2  7  5  76       
PG07 -15220.580924   4841.250929 -20974.779209   -322.267697  4  7  3  85       
PG08 -19926.430906  -7574.397229 -15995.696334    -40.241562  4  6  4  69       
PG09 -24794.240014   8121.007835  -5072.450528   -249.887924  3  3  3  70       
PG10  11573.034301 -23449.751791  -3747.208167   -393.483455  6  9  7  71       
PG11 -23220.066749 -12361.062374  -2497.290450   -227.237384  5  6  4  23       
PG12  14365.501794   3845.261489  21762.305831     96.505928  4  4  6  64       
PG13  12076.506957  13216.673774 -19769.610899     24.850115  4  5  4  71       
PG14   3762.081402 -15469.045339  21589.200174     -0.277729  6  5  4  84       
PG15  21149.275946   6158.541396 -15420.157382   -219.037081  3  3  4  81       
PG16  -4042.740940 -19239.021698 -17860.044134   -180.010881  4  7  5  79       
PG17 -13305.158478  13908.252396  18705.046631    292.598598  5  5  3  55       
PG18  14778.919735  -5240.089662 -21454.020122    240.726895  6  8  6  75       
PG19  -5486.488046  14533.228364  21236.479475   -134.947579  5  6  5  43       
PG20  14908.289860 -16246.665529 -14719.634494    527.333390  6  7  8  70       
PG21   1501.603317 -17977.403100 -18861.308385     21.045272  7  7  6  89       
PG22 -12822.191705 -11130.353427  20662.088678   -773.486938  6  5  5  50       
PG24  21389.566174  12765.066570   9528.206568    -15.373907  2  5  5  34       
PG25  16801.437676  -7826.481393  18688.291110     20.930701  2  4  2  82       
PG26   3738.449099 -25392.254091  -6392.137650    239.420016  8  8  6  98       
PG27  -9486.894374 -13008.345479 -21331.688857   -340.342361  6  7  2  80       
PG28 -12428.921884  23489.800875  -1263.994727    701.612071  5  9  2  82       
PG29  26364.025747  -3189.460968  -1115.486578   -145.391272  2  5  6  23       
PG30  -7210.318524  15239.872884 -20429.002612   -257.609869  3  3  5  78       
PG31  -2151.881133 -20981.679827  15815.136009    -54.186451  7  7  6 105       
PG32  11750.760169 -15165.617917  18391.264255    313.381303  6  4  4  61       
*  2020  7  8  5 30  0.00000000
PG01 -20971.893159 -13385.836198   9531.563754     22.802072  5  7  6  97       
PG02  11521.924091  21491.708490  11220.177622   -483.986974  3  7  4  50       
PG03 -14146.970822  -5212.997991  21800.979332   -233.078674  7  6  5  77       
PG04 -25033.353218  -1360.747349   8834.303882   -112.084347  9  5  7  82       
PG05   3786.618898  22570.669916 -13452.265168    -16.219101  3  5  5  61       
PG06     75.702913  18665.970058  18926.771125   -300.069505  2  7  4  68       
PG07 -16743.041993   2965.745500 -20204.599099   -322.275484  3  7  3  84       
PG08 -18071.773919  -8106.762448 -17809.599258    -40.242445  5  6  4  84       
PG09 -25257.615821   7940.263211  -2275.666230   -249.893821  3  3  3  90       
PG10  11618.331709 -22798.022065  -6546.675639   -393.493169  6  9  7  73       
PG11 -22700.211481 -12588.487174  -5225.487025   -227.227800  5  6  4  50       
PG12  13388.851734   6192.643794  21855.896717     96.501685  4  5  6  71       
PG13   9791.471971  13452.326062 -20842.761725     24.853019  3  5  4  71       
PG14   6113.770341 -15670.721182  20865.900687     -0.275111  6  6  4  84       
PG15  19478.764814   6882.714603 -17212.401068   -219.034511  3  3  4  98       
PG16  -3129.901953 -20925.132589 -15990.506698   -180.014921  5  7  5  86       
PG17 -15263.275550  14072.307913  16962.726468    292.603587  5  5  4  78       
PG18  16274.045155  -3348.899722 -20740.914161    240.735624  6  7  6  66       
PG19  -7920.062663  14690.436295  20350.575808   -134.942988  4  6  5  62       
PG20  14791.148109 -14439.038178 -16629.872018    527.333679  6  7  8  54       
PG21   3252.434869 -16385.111154 -19986.299604     21.049114  7  7  6  97       
PG22 -12178.215575 -13316.764897  19741.154322   -773.484813  7  5  5  47       
PG24  21868.660325  13644.000490   6959.807180    -15.373200  2  5  5  70       
PG25  16186.801899  -5643.040715  19980.434022     20.934346  2  3  1  73       
PG26   4196.622039 -25853.942408  -3630.443906    239.426419  8  8  6  88       
PG27  -7104.885160 -13508.870100 -21913.396130   -340.351007  6  7  1  84       
PG28 -12459.672272  23069.653976  -4122.348498    701.608833  5  9  2  66       
PG29  26343.945867  -3002.899739   1786.197658   -145.398718  3  4  6  76       
PG30  -8791.179470  13436.826045 -21083.245014   -257.616841  3  2  5  86       
PG31   -766.312198 -19611.924639  17634.036619    -54.188294  7  6  5  89       
PG32  13742.198559 -15407.282884  16713.243644    313.387045  6  4  4  83       
*  2020  7  8  5 45  0.00000000
PG01 -21524.242765 -14183.942807   6863.172967     22.806559  5  8  6  65       
PG02  10393.328807  20766.010713  13573.206517   -483.992279  3  7  4  65       
PG03 -13478.414951  -7612.897010  21526.928417   -233.089287  7  7  5  65       
PG04 -23961.348927  -1842.012046  11358.978566   -112.088515  9  5  8  88       
PG05   3236.273092  23872.115812 -11103.740489    -16.219824  3  6  5  78       
PG06  -1563.872311  17153.586165  20254.136588   -300.074228  1  6  5  65       
PG07 -18279.975105   1252.045516 -19080.685373   -322.283293  4  6  3  91       
PG08 -16066.007441  -8789.231763 -19319.631755    -40.242699  5  6  3  80       
PG09 -25422.839538   7698.376133    560.223155   -249.899764  3  3  3  66       
PG10  11615.314739 -21847.655466  -9231.563134   -393.502888  6  9  7  64       
PG11 -21907.880081 -12737.379512  -7862.953292   -227.218234  5  7  3  73       
PG12  12545.086559   8577.301772  21565.182816     96.497390  5  5  5  71       
PG13   7421.775009  13822.846753 -21561.645947     24.855913  3  5  4  86       
PG14   8355.710220 -15978.967055  19793.160440     -0.272539  5  6  4  76       
PG15  17673.246825   7750.662076 -18719.172484   -219.032395  3  3  4  98       
PG16  -2387.283249 -22447.900528 -13844.592029   -180.019458  5  6  5  73       
PG17 -17005.262236  14304.315146  14936.556586    292.609188  4  4  3  56       
PG18  17797.681609  -1612.925682 -19671.525550    240.744305  6  6  6  85       
PG19 -10219.328608  14961.806029  19104.803952   -134.938461  4  5  4  75       
PG20  14732.607532 -12432.326531 -18252.952431    527.333108  6  7  8  19       
PG21   5166.320815 -14804.976367 -20746.747186     21.053503  7  7  6  90       
PG22 -11662.559720 -15411.994668  18487.541129   -773.482601  7  5  5  74       
PG24  22171.614641  14298.773352   4273.449564    -15.373586  2  5  5  76       
PG25  15652.385925  -3308.520776  20919.551392     20.937931     3  2  68       
PG26   4557.700009 -26029.216877   -805.438176    239.432777  8  8  6  90       
PG27  -4708.245790 -14152.611920 -22124.138990   -340.359677  6  7  2  80       
PG28 -12403.820982  22348.736870  -6909.537701    701.605800  4  8  3  79       
PG29  26012.544402  -2754.498106   4657.181588   -145.406683  3  4  7  48       
PG30 -10491.763679  11674.220020 -21372.308575   -257.623764  2  2  5  82       
PG31    813.798301 -18176.788253  19143.433288    -54.190699  6  6  5  92       
PG32  15521.064043 -15697.637347  14747.689256    313.392778  6  5  4  58       
*  2020  7  8  6  0  0.00000000
PG01 -21892.138163 -14741.332851   4078.150961     22.811066  5  8  6  74       
PG02   9035.533687  19948.516986  15701.337367   -483.997572  2  7  4  76       
PG03 -12948.572567  -9992.491047  20880.569292   -233.099839  7  7  5  62       
PG04 -22652.504559  -2456.010389  13688.625114   -112.092733  9  5  8  83       
PG05   2798.831196  24928.245911  -8563.398495    -16.220472  3  6  6  54       
PG06  -3381.699664  15647.628783  21234.077403   -300.078926     6  4  67       
PG07 -19790.004204   -277.886699 -17624.443387   -322.291589  4  6  3  84       
PG08 -13954.519173  -9629.690475 -20499.434514    -40.243246  5  7  2  66       
PG09 -25297.901961   7359.724997   3386.476217   -249.905674  4  3  3  71       
PG10  11602.656513 -20607.305589 -11754.839537   -393.512615  6  9  7  53       
PG11 -20847.807140 -12842.685413 -10364.726263   -227.208954  5  7  3  78       
PG12  11847.392458  10949.412584  20895.854106     96.492981  5  5  5  68       
PG13   5015.435503  14331.402415 -21913.897327     24.858804  3  5  5  81       
PG14  10446.953505 -16372.021571  18387.956378     -0.269747  5  7  4  87       
PG15  15773.986014   8766.677624 -19915.337320   -219.030030  4  3  4  87       
PG16  -1800.063289 -23764.388347 -11458.327149   -180.024029  5  6  5  86       
PG17 -18501.631198  14570.108497  12659.480485    292.614561  4  3  4  60       
PG18  19308.282186    -55.577279 -18264.273430    240.753055  6  4  6  80       
PG19 -12340.262211  15323.487035  17521.617238   -134.934009  4  5  4  65       
PG20  14757.771616 -10262.392911 -19561.503818    527.333367  7  8  7  77       
PG21   7211.861428 -13277.113753 -21126.959334     21.057503  7  7  6  96       
PG22 -11266.900450 -17373.361299  16922.350696   -773.480036  7  6  5  65       
PG24  22267.429298  14747.018680   1514.876087    -15.374090  2  5  5  49       
PG25  15222.649796   -866.388490  21489.456170     20.941618  1  2  3  77       
PG26   4855.395319 -25904.951191   2033.617480    239.439037  8  8  6  81       
PG27  -2345.251946 -14929.563500 -21959.391168   -340.368344  6  8  2  73       
PG28 -12300.233121  21324.791288  -9576.631264    701.602383  3  8  4  66       
PG29  25384.381400  -2407.467808   7448.083805   -145.414550  3  3  6  59       
PG30 -12282.452815   9989.176816 -21291.820301   -257.630712  2  2  4  77       
PG31   2573.190641 -16720.823771  20317.819261    -54.192982  6  6  5  90       
PG32  17059.762477 -16002.731707  12528.003281    313.398524  6  5  5  73       
*  2020  7  8  6 15  0.00000000
PG01 -22041.850668 -15078.231680   1224.050122     22.815545  4  8  6  38       
PG02   7456.706077  19080.673394  17570.716930   -484.002687  2  7  5  75       
PG03 -12558.667241 -12302.672851  19873.441912   -233.110402  7  8  5  92       
PG04 -21142.507433  -3223.615075  15783.243481   -112.096875  9  5  8  59       
PG05   2445.800814  25711.380033  -5874.787968    -16.221217  3  6  5  74       
PG06  -5350.858712  14189.293577  21849.984843   -300.083641  1  6  4  70       
PG07 -21230.093157  -1610.345607 -15862.880306   -322.299612  4  6  4  84       
PG08 -11784.646946 -10627.837939 -21328.166101    -40.245112  6  7  2  72       
PG09 -24899.032932   6891.534551   6154.460176   -249.911601  4  4  4  67       
PG10  11617.494570 -19094.563490 -14072.341135   -393.522352  7  8  7  67       
PG11 -19532.556726 -12938.805848 -12688.742994   -227.199754  6  7  3  84       
PG12  11300.442941  13258.338824  19860.345361     96.488710  5  4  5  64       
PG13   2620.834304  14973.010237 -21893.298279     24.861844  3  5  5 102       
PG14  12351.419507 -16821.846023  16672.842012     -0.267250  5  7  4  72       
PG15  13823.344992   9927.632543 -20780.693438   -219.027573  4  3  4  96       
PG16  -1346.175939 -24836.614935  -8872.286249   -180.027986  5  5  5  44       
PG17 -19730.376291  14831.577136  10168.844402    292.619578  4  3  4  64       
PG18  20761.907637   1307.665899 -16543.362204    240.761788  6  4  6  74       
PG19 -14244.981584  15745.172991  15629.503291   -134.929603  3  5  4  34       
PG20  14885.628267  -7969.963369 -20533.684115    527.333232  7  7  7  76       
PG21   9350.649935 -11836.865683 -21118.549255     21.061943  7  7  6  70       
PG22 -10975.934561 -19161.310011  15071.839123   -773.478193  7  6  5  88       
PG24  22130.349022  15012.681443  -1269.238894    -15.373236  2  5  4  74       
PG25  14914.770519   1635.799916  21680.671404     20.945203  2  3  4  84       
PG26   5125.428124 -25476.639938   4837.165589    239.445369  8  7  6  83       
PG27    -62.105886 -15821.691295 -21420.903002   -340.376995  6  8  2  53       
PG28 -12188.119589  20004.905857 -12076.122677    701.598869  3  6  4  84       
PG29  24482.442972  -1928.767235  10110.841462   -145.422436  4  4  6  55       
PG30 -14128.047397   8413.458951 -20843.828873   -257.637655  2  2  4 100       
PG31   4488.715344 -15286.265849  21137.784941    -54.195267  6  5  5  90       
PG32  18338.404039 -16285.293626  10092.089154    313.404342  6  5  4  85       
*  2020  7  8  6 30  0.00000000
PG01 -21945.441751 -15221.685461  -1650.736697     22.820062  4  8  6  82       
PG02   5672.710044  18202.569554  19151.898854   -484.007979  2  7  5  71       
PG03 -12301.737046 -14495.709330  18523.312444   -233.121013  7  8  6  83       
PG04 -19471.907810  -4158.706330  17606.858501   -112.101061  8  6  9  81       
PG05   2144.482937  26201.391509  -3084.242237    -16.221756  3  5  5  51       
PG06  -7437.402766  12815.117509  22091.479282   -300.088352  2  5  4  81       
PG07 -22557.173985  -2740.129385 -13828.008575   -322.307388  4  6  4  75       
PG08  -9604.012852 -11775.029123 -21790.896902    -40.246287  6  7  2  74       
PG09 -24250.033927   6265.343196   8816.488443   -249.917486  4  4  4  70       
PG10  11693.801467 -17335.395051 -16143.583770   -393.532133  7  8  7  41       
PG11 -17982.069538 -13058.119612 -14796.488669   -227.190058  6  7  4  78       
PG12  10900.345000  15454.452494  18477.557573     96.484389  5  5  6  80       
PG13    285.060902  15734.655241 -21499.896876     24.864906  3  5  5  95       
PG14  14039.097062 -17295.189179  14675.667795     -0.264812  4  7  4  77       
PG15  11863.348509  11222.927654 -21300.291739   -219.025372  4  4  3  98       
PG16   -997.314125 -25633.033961  -6130.930933   -180.032632  5  5  5  88       
PG17 -20677.712675  15048.183216   7505.878955    292.624924  4  3  4  34       
PG18  22113.858583   2469.657190 -14538.366464    240.770562  6  3  7  88       
PG19 -15903.039982  16191.405375  13462.405888   -134.924952  3  4  3  70       
PG20  15128.257750  -5599.222841 -21153.509402    527.333563  7  7  6 101       
PG21  11538.652767 -10513.384604 -20720.724177     21.065855  6  7  6  79       
PG22 -10768.077054 -20740.752788  12967.010786   -773.475906  7  6  5  80       
PG24  21740.897256  15124.914499  -4032.037632    -15.374536  2  5  4  49       
PG25  14737.978017   4148.096866  21490.568314     20.948873  2  4  5  71       
PG26   5403.913412 -24748.622610   7556.255833    239.451544  7  6  7  80       
PG27   2098.644956 -16803.525747 -20516.743667   -340.385667  6  8  3  75       
PG28 -12105.330548  18405.506476 -14362.849855    701.595992  3  5  5  82       
PG29  23337.267584  -1290.582510  12599.540009   -145.429977  4  5  6  69       
PG30 -15989.004326   6972.402479 -20036.723607   -257.644631  1  2  4  85       
PG31   6530.095710 -13911.449629  21590.292836    -54.197431  6  5  5  85       
PG32  19345.428161 -16506.274048   7481.720222    313.410121  6  5  4  74       
*  2020  7  8  6 45  0.00000000
PG01 -21581.875468 -15204.335559  -4497.758920     22.824534  4  8  6  94       
PG02   3706.642493  17351.476454  20420.175153   -484.013047  2  6  5  90       
PG03 -12163.017784 -16526.910190  16853.838121   -233.131519  7  8  6  88       
PG04 -17684.632584  -5267.449550  19128.133700   -112.105265  8  6  9  59       
PG05   1859.434382  26386.481368   -240.077971    -16.223061  4  5  4  65       
PG06  -9601.489078  11555.664777  21954.573416   -300.093084  2  5  4  87       
PG07 -23729.760251  -3670.448713 -11556.182849   -322.315226  5  6  4  85       
PG08  -7458.844534 -13054.444660 -21878.910558    -40.247474  6  7  2  76       
PG09 -23381.329234   5458.309176  11326.645636   -249.923406  4  4  4  62       
PG10  11860.892691 -15363.252597 -17932.501492   -393.541850  7  7  6  89       
PG11 -16222.949391 -13229.623845 -16653.552118   -227.180412  6  7  3  83       
PG12  10634.940788  17490.913204  16772.457140     96.479795  5  5  6  63       
PG13  -1947.690814  16595.722978 -20740.026454     24.867598  3  5  5  92       
PG14  15487.040203 -17754.870934  12429.214147     -0.262056  4  7  4  81       
PG15   9934.262176  12634.719957 -21464.694867   -219.023102  4  4  3  81       
PG16   -720.202419 -26129.788879  -3281.851920   -180.037091  5  4  5  65       
PG17 -21338.529377  15178.603996   4715.101732    292.630445  4  4  4  56       
PG18  23320.349333   3431.661554 -12283.725312    240.779255  6  3  7  68       
PG19 -17292.413722  16623.090818  11059.043401   -134.920255  3  4  3  64       
PG20  15490.324336  -3196.292440 -21411.077063    527.333557  6  7  6  92       
PG21  13727.866326  -9328.492040 -19940.374513     21.070346  6  7  6  74       
PG22 -10616.401902 -22082.255055  10643.141065   -773.473618  7  7  6  73       
PG24  21086.681700  15116.800341  -6727.214495    -15.375160  2  5  3  95       
PG25  14693.231724   6619.948893  20923.363330     20.952533  3  4  6  91       
PG26   5725.734031 -23733.967608  10143.437402    239.457723  7  5  7  86       
PG27   4099.563204 -17843.051423 -19261.243320   -340.394319  6  8  3  66       
PG28 -12086.672902  16551.978131 -16394.915609    701.592686  3  4  5  68       
PG29  21985.791594   -471.608726  14871.209589   -145.437745  4  5  5  70       
PG30 -17822.845320   5684.114841 -18885.043777   -257.651597  2  3  3  98       
PG31   8660.968880 -12629.414918  21668.824709    -54.199886  6  5  4  87       
PG32  20077.914299 -16626.482181   4741.831296    313.415786  6  5  4  86       
*  2020  7  8  7  0  0.00000000
PG01 -20937.875896 -15063.006002  -7269.272948     22.829127  4  9  6  85       
PG02   1588.127389  16560.514139  21355.842588   -484.018360  3  6  4  63       
PG03 -12120.639237 -18356.179285  14894.131687   -233.142067  7  8  6  83       
PG04 -15826.381145  -6547.874775  20320.906777   -112.109392  7  6  9  82       
PG05   1554.052153  26263.642028   2608.256480    -16.223701  4  4  4  70       
PG06 -11798.738673  10434.454712  21441.729237   -300.097782  3  4  4  97       
PG07 -24709.483714  -4412.512131  -9087.388819   -322.322986  5  6  4  67       
PG08  -5392.347081 -14441.587226 -21589.904881    -40.248195  6  7  3  68       
PG09 -22328.771846   4454.303650  13641.585459   -249.929302  5  4  4  91       
PG10  12142.133633 -13217.897401 -19408.096032   -393.551612  7  7  6  79       
PG11 -14287.523962 -13477.739510 -18230.087448   -227.170660  6  8  4  90       
PG12  10484.447752  19325.329302  14775.565104     96.475657  5  6  6  69       
PG13  -4037.619361  17528.733288 -19626.226193     24.870684  3  5  5  85       
PG14  16680.116903 -18161.242609   9970.736042     -0.259506  4  6  4  61       
PG15   8073.234304  14138.419353 -21270.169558   -219.020663  4  5  3  90       
PG16   -478.091109 -26311.687134   -374.924102   -180.041454  5  4  6  63       
PG17 -21716.530680  15182.440249   1843.643370    292.635295  4  4  4  74       
PG18  24340.159373   4203.108087  -9818.154451    240.787956  6  4  7  88       
PG19 -18400.147755  16999.165856   8462.142580   -134.915711  3  4  3  78       
PG20  15968.867984   -807.647489 -21302.683649    527.333086  6  7  5  84       
PG21  15868.172431  -8295.873662 -18791.954486     21.074671  5  7  6 113       
PG22 -10489.792675 -23163.026165   8139.232531   -773.471560  7  7  6  68       
PG24  20162.945319  15023.946205  -9309.730377    -15.374360  2  5  2  73       
PG25  14773.247575   9001.995149  19989.977893     20.956251  4  5  6  73       
PG26   6122.967069 -22454.020670  12553.622069    239.463809  7  4  7  67       
PG27   5909.594588 -18902.869126 -17674.830791   -340.403050  5  8  4  64       
PG28 -12162.325189  14477.919230 -18134.583798    701.589708  3  4  5  88       
PG29  20469.957833    541.919773  16886.573947   -145.445417  5  6  5  77       
PG30 -19585.680612   4558.965147 -17409.184684   -257.658554  2  3  3  74       
PG31  10840.159399 -11466.747496  21373.404215    -54.201858  5  5  4  72       
PG32  20541.564120 -16608.245225   1919.744472    313.421494  6  5  4  75       
*  2020  7  8  7 15  0.00000000
PG01 -20008.502607 -14837.157698  -9918.980266     22.833633  4  9  6  72       
PG02   -647.604919  15857.488174  21944.408454   -484.023456  4  5  4  80       
PG03 -12146.604982 -19949.389865  12678.234757   -233.152503  7  8  7  55       
PG04 -13942.964497  -7989.774975  21164.637884   -112.113588  7  6  9  80       
PG05   1192.216334  25838.788278   5411.067190    -16.224010  5  3  3  54       
PG06 -13981.774531   9467.171263  20561.808581   -300.102378  3  5  4  86       
PG07 -25462.498338  -4984.814404  -6464.501052   -322.331094  5  6  4  32       
PG08  -3443.188159 -15905.089460 -20928.085406    -40.249492  6  7  4  71       
PG09 -21132.249821   3244.746693  15721.287113   -249.935294  5  5  4  71       
PG10  12553.898521 -10943.981870 -20544.983998   -393.561378  7  6  6  85       
PG11 -12212.720898 -13821.320375 -19501.183185   -227.160959  6  8  4  40       
PG12  10422.406148  20921.236929  12522.350924     96.471238  6  7  6  71       
PG13  -5950.649511  18500.349719 -18177.062042     24.873585  4  5  5  68       
PG14  17611.478213 -18473.773695   7341.419575     -0.256777  4  6  4  56       
PG15   6313.047721  15703.442371 -20718.807854   -219.018309  4  5  4  84       
PG16   -232.412682 -26172.846344   2538.609281   -180.045901  4  4  6  62       
PG17 -21824.052955  15021.928103  -1059.498003    292.640449  4  5  4  45       
PG18  25136.199276   4801.026669  -7183.985769    240.796671  6  5  7  62       
PG19 -19222.637617  17278.337571   5717.608073   -134.911190  3  4  3  58       
PG20  16553.400776   1521.464057 -20830.839042    527.332891  6  6  5  90       
PG21  17909.302011  -7420.652087 -17297.155800     21.078611  5  7  5 107       
PG22 -10354.262298 -23967.677197   5497.409824   -773.469123  7  7  6  64       
PG24  18972.845857  14883.003732 -11736.498998    -15.374562  2  5  2  75       
PG25  14962.869678  11247.805314  18707.768507     20.959975  4  5  6  84       
PG26   6623.428550 -20937.636242  14744.899738    239.469961  6  4  7  62       
PG27   7505.108007 -19941.590827 -15783.763830   -340.411754  5  7  4  68       
PG28 -12356.423135  12224.046715 -19549.123753    701.586635  3  4  5  78       
PG29  18835.140422   1755.491672  18610.738327   -145.453225  5  6  5  72       
PG30 -21233.788747   3599.382761 -15635.008415   -257.665515  1  4  4  75       
PG31  13023.131234 -10442.698071  20710.501166    -54.203979  5  4  4  74       
PG32  20750.353672 -16417.026658   -935.657438    313.427163  6  5  4  78       
*  2020  7  8  7 30  0.00000000
PG01 -18797.427237 -14567.266187 -12402.731701     22.838123  4  9  6  82       
PG02  -2960.821480  15263.927944  22176.739644   -484.028743  4  4  4  95       
PG03 -12208.015549 -21279.532285  10244.510777   -233.163038  7  8  7  80       
PG04 -12078.650860  -9574.927972  21644.763269   -112.117756  6  6  9  87       
PG05    739.924532  25126.546790   8119.317487    -16.225206  5  3  2  89       
PG06 -16101.880362   8661.183016  19329.918575   -300.107153  4  5  4  96       
PG07 -25960.703332  -5412.164130  -3732.525295   -322.338970  6  6  4 114       
PG08  -1644.155840 -17407.806260 -19904.146313    -40.251070  6  7  4  74       
PG09 -19834.146911   1829.152045  17529.756513   -249.941123  5  5  4  95       
PG10  13104.823076  -8589.449883 -21323.831575   -393.571107  7  6  5  89       
PG11 -10038.804435 -14272.894737 -20447.142395   -227.151732  6  8  4  69       
PG12  10416.890793  22249.341015  10052.546764     96.466877  6  8  6  88       
PG13  -7659.553027  19472.628783 -16416.848593     24.876613  4  5  5  54       
PG14  18282.724013 -18652.708028   4585.752951     -0.254378  4  6  4  79       
PG15   4681.026037  17294.201390 -19818.571917   -219.016072  5  6  4  84       
PG16     55.467575 -25716.978809   5407.103737   -180.050246  4  4  6  62       
PG17 -21681.555144  14663.588258  -3944.266264    292.645969  4  5  4  78       
PG18  25676.931046   5249.191156  -4426.445334    240.805372  6  6  7  70       
PG19 -19765.542702  17420.826976   2873.648681   -134.906686  3  4  4  74       
PG20  17226.301335   3748.544309 -20004.180011    527.332930  5  6  4  98       
PG21  19802.810056  -6699.357818 -15484.386367     21.083012  5  7  5 113       
PG22 -10174.394793 -24488.717108   2762.259287   -773.467138  7  8  6  62       
PG24  17527.456032  14730.165955 -13967.038917    -15.374118  2  4  3  85       
PG25  15239.766218  13315.487566  17100.137676     20.963671  5  6  6  83       
PG26   7249.396258 -19220.123619  16679.289593    239.476097  6  4  7  79       
PG27   8870.659061 -20915.418060 -13619.750788   -340.420507  5  7  4  65       
PG28 -12685.884950   9836.787977 -20611.574328    701.583211  3  4  4  89       
PG29  17128.446374   3165.903934  20013.803783   -145.461034  5  6  5  91       
PG30 -22725.192032   2799.968024 -13593.368414   -257.672483     4  3  94       
PG31  15163.558963  -9568.606943  19692.825725    -54.206105  5  4  4  83       
PG32  20725.867412 -16022.937620  -3774.794794    313.432842  6  5  3  80       
*  2020  7  8  7 45  0.00000000
PG01 -17316.904375 -14293.180939 -14679.191614     22.842681  5  9  6  67       
PG02  -5308.537901  14794.353787  22049.157927   -484.033953  4  4  4  97       
PG03 -12268.485675 -22327.592005   7634.969356   -233.173554  7  8  8  82       
PG04 -10274.580685 -11277.634453  21752.948290   -112.121931  6  6  9  79       
PG05    166.850114  24149.709635  10685.528546    -16.225966  6  3  2  61       
PG06 -18110.717776   8015.391006  17767.154698   -300.111952  4  5  4  78       
PG07 -26182.745633  -5724.494440   -937.838611   -322.346797  6  7  4  98       
PG08    -21.042911 -18908.152475 -18535.135284    -40.252220  6  7  5  50       
PG09 -18477.717080    215.357762  19035.659405   -249.947036  5  5  4  75       
PG10  13795.379838  -6203.820819 -21731.669657   -393.580856  6  6  5 102       
PG11  -7808.019960 -14838.159692 -21053.678580   -227.142071  6  8  4  85       
PG12  10431.934097  23288.473246   7409.399193     96.462614  6  8  6  87       
PG13  -9144.813344  20404.463906 -14375.273817     24.879662  4  5  5  74       
PG14  18703.752059 -18660.727208   1750.816810     -0.251898  5  5  3  55       
PG15   3198.135062  18871.299540 -18583.256927   -219.013927  5  6  4  87       
PG16    422.481453 -24957.295788   8179.509235   -180.054330  4  3  7  66       
PG17 -21316.793725  14079.745553  -6760.409951    292.650759  3  5  3  65       
PG18  25937.588298   5577.002703  -1592.881781    240.814097  6  7  6  43       
PG19 -20043.341497  17390.043761    -20.118840   -134.902077  4  4  4  30       
PG20  17963.489629   5835.253963 -18837.287450    527.333318  5  6  4  88       
PG21  21503.964883  -6120.296158 -13388.075592     21.087678  4  6  5 110       
PG22  -9914.856805 -24726.766954    -19.879524   -773.464943  7  8  7  39       
PG24  15845.485648  14599.694372 -15964.085657    -15.374309  2  4  4  78       
PG25  15575.415863  15169.104407  15196.038825     20.967418  5  6  6  83       
PG26   8016.562634 -17341.951386  18323.411862    239.482201  6  3  6  64       
PG27   9999.442957 -21779.845620 -11219.464861   -340.429232  4  6  4  35       
PG28 -13159.537015   7366.612851 -21301.399243    701.580234  2  5  4  88       
PG29  15396.959547   4761.187941  21071.396481   -145.468782  5  6  6  90       
PG30 -24021.168343   2147.907072 -11319.557912   -257.679442     5  3 102       
PG31  17214.956155  -8847.649548  18339.022439    -54.208377  4  4  4  53       
PG32  20496.339096 -15402.079468  -6548.275819    313.438512  6  5  3  76       
*  2020  7  8  8  0  0.00000000
PG01 -15587.440013 -14052.523779 -16710.456615     22.847158  6  9  6  73       
PG02  -7645.877990  14455.793687  21563.483143   -484.039063  5  3  3 105       
PG03 -12289.699405 -23083.126388   4894.534560   -233.184080  7  8  8  81       
PG04  -8567.311417 -13065.552498  21487.235378   -112.126148  6  7  9  83       
PG05   -552.241139  22938.371611  13064.658115    -16.226587  5  3  2  68       
PG06 -19962.037554   7520.409328  15900.245604   -300.116721  4  5  5  87       
PG07 -26114.771821  -5955.506148   1872.561382   -322.354686  6  6  4  89       
PG08   1408.196495 -20361.636410 -16844.201075    -40.253434  6  7  5  60       
PG09 -17105.436153  -1580.567932  20212.874624   -249.952923  5  5  4  75       
PG10  14617.791200  -3836.426746 -21762.085483   -393.590749  5  6  4 102       
PG11  -5563.194562 -15515.738570 -21312.032828   -227.132369  7  7  4  93       
PG12  10429.100279  24026.234564   4638.875414     96.457789  6  8  6  75       
PG13 -10395.200173  21253.171021 -12086.930089     24.882601  4  4  5  60       
PG14  18892.288691 -18464.556024  -1114.498333     -0.249304  4  5  3  50       
PG15   1878.314933  20392.893521 -17032.366544   -219.011261  5  6  4  77       
PG16    902.145591 -23916.030275  10806.369581   -180.058752  4  3  7  55       
PG17 -20763.706199  13249.853776  -9458.384005    292.655964  3  5  3  62       
PG18  25901.149284   5818.156812   1268.042045    240.822759  7  8  6  56       
PG19 -20078.554036  17154.125947  -2913.568516   -134.897433  3  5  4  62       
PG20  18735.354608   7748.656353 -17350.412600    527.333083  5  6  4  76       
PG21  22973.461272  -5664.285794 -11047.835687     21.091758  4  6  5 116       
PG22  -9541.923299 -24690.481513  -2801.662175   -773.462984  8  8  6  66       
PG24  13952.735771  14522.527439 -17694.158722    -15.375039  2  4  4  64       
PG25  15936.339746  16779.843824  13029.390144     20.971073  6  7  6  76       
PG26   8933.259675 -15347.263425  19649.067461    239.488378  5  3  6  38       
PG27  10893.413935 -22491.425440  -8623.954740   -340.438009  5  5  5  58       
PG28 -13777.588127   4866.174430 -21605.007455    701.577012  2  5  4  85       
PG29  13685.995017   6520.881164  21765.101987   -145.476725  6  7  6  85       
PG30 -25087.643145   1623.671517  -8852.692914   -257.686427     5  4  90       
PG31  19132.298867  -8274.905347  16673.275020    -54.210613  3  5  4  52       
PG32  20095.436838 -14537.661842  -9207.784561    313.444186  6  5  3  85       
*  2020  7  8  8 15  0.00000000
PG01 -13637.170399 -13879.181981 -18462.623996     22.851611  6  8  6  60       
PG02  -9927.500567  14247.563854  20727.024722   -484.044112  5  3  3 104       
PG03 -12233.042036 -23544.520625   2070.270303   -233.194643  7  8  8  70       
PG04  -6987.547416 -14900.797642  20852.084174   -112.130340  5  7  9  94       
PG05  -1436.276079  21528.784891  15214.937783    -16.227358  5  2  1  74       
PG06 -21613.320887   7159.071101  13761.105168   -300.121511  3  4  5  89       
PG07 -25750.909095  -6141.196154   4651.788995   -322.362575  6  6  4  82       
PG08   2633.982252 -21722.530668 -14860.225089    -40.254909  6  7  5  64       
PG09 -15757.394853  -3534.743488  21040.957110   -249.958810  5  5  4  79       
PG10  15556.280982  -1534.673117 -21415.289911   -393.600505  5  6  2  94       
PG11  -3346.340845 -16297.203454 -21219.017872   -227.122724  7  7  4  83       
PG12  10369.146236  24459.303058   1788.840855     96.453649  6  7  5  87       
PG13 -11408.030367  21976.156550  -9590.756628     24.885575  3  4  4  55       
PG14  18873.112315 -18036.444022  -3960.336648     -0.246970  4  4  3  73       
PG15    728.071863  21816.179329 -15190.895894   -219.009074  5  6  3  85       
PG16   1522.983325 -22623.594807  13240.799165   -180.062992  4  3  7  68       
PG17 -20061.040424  12161.565451 -11990.273350    292.661253  3  5  3  66       
PG18  25559.025097   6009.146007   4107.180634    240.831436  8  8  5  51       
PG19 -19900.669601  16687.285503  -5756.948178   -134.892805  3  5  4  53       
PG20  19507.898395   9462.253404 -15569.118283    527.332985  5  6  5  70       
PG21  24178.879336  -5305.724893  -8507.514028     21.095627  3  6  4 117       
PG22  -9024.960054 -24396.177935  -5535.517956   -773.460472  8  8  6  90       
PG24  11881.303579  14525.018964 -19128.078467    -15.374412  3  3  5  73       
PG25  16285.525274  18126.904708  10638.413335     20.974795  6  7  6  70       
PG26   9999.986072 -13282.266941  20633.715364    239.494527  5  3  5  58       
PG27  11563.061256 -23009.521005  -5877.958453   -340.446754  4  4  4  43       
PG28 -14531.484353   2388.339743 -21516.116153    701.573701  2  5  3  78       
PG29  12037.431714   8416.635446  22082.796169   -145.484449  6  7  6  78       
PG30 -25896.410831   1201.973444  -6235.040840   -257.693452  1  5  3  84       
PG31  20873.584357  -7837.740363  14724.833286    -54.212927  3  4  4  51       
PG32  19560.840555 -13420.849306 -11706.954056    313.449904  6  5  3  85       
*  2020  7  8  8 30  0.00000000
PG01 -11500.973212 -13801.948037 -19906.305369     22.856067  7  8  6  67       
PG02 -12109.050343  14161.320906  19552.520482   -484.049378  5  4  3 106       
PG03 -12061.245595 -23718.915357   -789.423748   -233.205170  7  7  8  77       
PG04  -5559.103426 -16741.267263  19858.302709   -112.134541  5  7  8  40       
PG05  -2496.912833  19961.976890  17098.649852    -16.228032  5  2  1  91       
PG06 -23027.288969   6907.240186  11386.298539   -300.126323  3  4  5  78       
PG07 -25093.464688  -6318.325432   7353.777472   -322.370530  6  6  4  83       
PG08   3655.311789 -22945.615075 -12617.340912    -40.255313  6  6  5  52       
PG09 -14469.796030  -5616.198840  21505.501900   -249.964668  4  5  4  67       
PG10  16587.651461    657.608797 -20698.062391   -393.610242  4  6  2  91       
PG11  -1197.309329 -17167.356610 -20776.994360   -227.113133  7  7  5  66       
PG12  10213.702993  24593.401586  -1091.775861     96.449000  6  7  5  56       
PG13 -12189.102966  22532.604416  -6929.400201     24.888762  2  4  4  65       
PG14  18676.993833 -17355.459588  -6736.769437     -0.244280  4  3  3  57       
PG15   -253.649656  23098.949520 -13089.017949   -219.006680  5  6  3  70       
PG16   2307.151614 -21117.408253  15439.410780   -180.067239  3  4  7  69       
PG17 -19250.779667  10811.494432 -14310.718109    292.666474  3  4  3  74       
PG18  24911.436243   6187.656409   6875.746566    240.840160  9  8  6  55       
PG19 -19544.828195  15970.910677  -8501.730506   -134.888345  3  4  3  69       
PG20  20244.053479  10956.777723 -13523.841829    527.332649  5  6  5  70       
PG21  25095.827740  -5013.924482  -5814.174503     21.099988  3  5  4 100       
PG22  -8337.805954 -23867.181763  -8174.447845   -773.458279  8  8  6  84       
PG24   9668.564418  14627.850747 -20241.427776    -15.374970  3  3  5  48       
PG25  16583.981940  19198.068132   8064.913725     20.978423  7  8  5  82       
PG26  11209.254001 -11193.557449  21260.840276    239.500819  4  2  5  60       
PG27  12026.845654 -23297.980818  -3029.130395   -340.455502  4  3  4  68       
PG28 -15404.157726    -15.800451 -21035.939424    701.570534  3  5  3  82       
PG29  10488.188300  10413.139737  22018.866160   -145.492101  6  7  6  97       
PG30 -26426.141355    852.937257  -3511.306132   -257.700485  2  5  3  92       
PG31  22401.269342  -7516.482637  12527.473712    -54.214902  4  4  3  80       
PG32  18932.668913 -12051.300593 -14002.206637    313.455592  6  5  3  85       
*  2020  7  8  8 45  0.00000000
PG01  -9219.341375 -13843.353245 -21017.081130     22.860535  7  7  6  65       
PG02 -14148.588659  14181.386556  18058.020367   -484.054455  5  4  3  91       
PG03 -11739.984549 -23621.811054  -3635.632260   -233.215683  8  7  8  68       
PG04  -4298.141207 -18542.139355  18522.870240   -112.138722  4  8  8  40       
PG05  -3737.874323  18282.187660  18682.826268    -16.228704  4  3     74       
PG06 -24173.224081   6734.897580   8816.430270   -300.131126  3  4  6  79       
PG07 -24152.842425  -6522.880812   9933.954927   -322.378547  6  5  4  71       
PG08   4479.621328 -23987.922275 -10154.348696    -40.256021  6  6  5  47       
PG09 -13273.614862  -7787.881169  21598.402112   -249.970516  4  5  4  76       
PG10  17682.159774   2701.654463 -19623.578245   -393.619990  3  6  2  87       
PG11    847.468110 -18104.757275 -19993.784052   -227.103482  7  6  5  79       
PG12   9926.912670  24442.932563  -3953.815646     96.444767  5  6  5  71       
PG13 -12752.308583  22885.116881  -4148.502918     24.891424  2  4  4  68       
PG14  18339.391152 -16408.538178  -9394.718242     -0.241455  4  3  2  73       
PG15  -1075.302722  24201.165666 -10761.670666   -219.004137  5  6  3  56       
PG16   3269.334986 -19440.441475  17363.169379   -180.071688  3  4  7  45       
PG17 -18376.424386   9205.630261 -16377.817885    292.671388  3  4  3  65       
PG18  23967.462644   6390.920621   9526.146179    240.848789  9  8  6  76       
PG19 -19050.312289  14994.386936 -11101.418197   -134.883564  4  5  4  60       
PG20  20905.123584  12220.714062 -11249.386836    527.332895  5  6  6  67       
PG21  25708.729453  -4754.637493  -3017.046022     21.104103  2  5  3 102       
PG22  -7460.000393 -23132.911403 -10672.829587   -773.456324  8  7  6  81       
PG24   7355.964875  14845.158441 -21014.953325    -15.374378  3  2  5  53       
PG25  16792.365915  19989.939207   5353.518043     20.982169  7  8  5  62       
PG26  12545.759708  -9126.447305  21520.205902    239.507021  3  2  5  55       
PG27  12310.314641 -23326.660851   -127.194717   -340.464250  4  2  4  44       
PG28 -16370.661722  -2298.850519 -20173.192514    701.567319  3  4  2  92       
PG29   9068.901774  12469.322562  21574.316801   -145.499975  6  7  5  64       
PG30 -26663.136427    543.442480   -727.884212   -257.707467  2  5  3  86       
PG31  23683.538025  -7285.360034  10118.904779    -54.217108  4  4  3  17       
PG32  18251.819496 -10437.377041 -16053.543842    313.461208  6  4  3  83       
*  2020  7  8  9  0  0.00000000
PG01  -6837.057275 -14018.736124 -21775.891292     22.864978  7  6  6  54       
PG02 -16007.959482  14285.338605  16266.711534   -484.059757  4  5  3  82       
PG03 -11239.360884 -23276.366179  -6419.746995   -233.226169  8  7  8  78       
PG04  -3212.708464 -20257.488829  16868.654126   -112.142898  4  8  8  24       
PG05  -5154.605348  16535.190990  19939.854048    -16.229514  4  3  1  93       
PG06 -25028.052134   6607.461000   6095.463805   -300.135889  3  4  5  84       
PG07 -22947.183877  -6788.583104  12349.885033   -322.386245  5  5  4  77       
PG08   5122.308384 -24810.415367  -7514.034100    -40.256642  6  5  5  78       
PG09 -12193.474466 -10007.903542  21317.995875   -249.976329  3  5  4  40       
PG10  18804.656079   4565.047753 -18211.125130   -393.629710  4  6  3  71       
PG11   2756.105002 -19082.473603 -18882.523747   -227.093927  7  6  4  67       
PG12   9476.959380  24030.299574  -6748.705907     96.440182  5  5  5  55       
PG13 -13118.926028  23001.244689  -1295.927756     24.894380     4  3  71       
PG14  17898.946969 -15191.234659 -11886.888630     -0.238964  4  2  2  80       
PG15  -1752.281160  25086.486380  -8248.044347   -219.001760  4  6  3  16       
PG16   4415.956064 -17639.545188  18978.149037   -180.075588  3  4  7  46       
PG17 -17481.200652   7359.377211 -18153.990984    292.676716  4  4  4  82       
PG18  22744.764629   6654.091121  12012.795990    240.857406  9  7  7  95       
PG19 -18458.910593  13755.610452 -13512.291833   -134.879228  4  4  4  72       
PG20  21452.294960  13250.533049  -8784.351341    527.332476  5  6  6  72       
PG21  26011.228823  -4491.705732   -166.474108     21.108563  2  4  3  87       
PG22  -6377.805628 -22227.732523 -12987.216426   -773.454346  7  7  5  91       
PG24   4987.667020  15183.903088 -21434.900999    -15.373951  2  2  6  80       
PG25  16872.609521  20507.857403   2550.885482     20.985873  7  8  4  26       
PG26  13986.868887  -7123.363169  21407.991830    239.513187  3  1  5  13       
PG27  12444.929212 -23072.730434   2776.958682   -340.473019  3  1  4  79       
PG28 -17399.166020  -4418.867657 -18943.909276    701.564051  4  3  2  88       
PG29   7802.860419  14539.788388  20756.760067   -145.507660  5  7  5  65       
PG30 -26601.808933    238.585963   2067.904966   -257.714473  2  6  3 106       
PG31  24695.357393  -7113.661620   7540.127772    -54.219298  5  4  3  77       
PG32  17558.289600  -8596.010527 -17825.269496    313.466898  6  4  3  76       
*  2020  7  8  9 15  0.00000000
PG01  -4401.711768 -14335.579409 -22169.358025     22.869435  6  5  6  72       
PG02 -17654.046449  14444.854663  14206.680275   -484.065064  3  5  3  77       
PG03 -10535.222285 -22712.417481  -9094.279263   -233.236687  8  7  8  75       
PG04  -2302.597737 -21841.959753  14924.024869   -112.147071  3  8  7  54       
PG05  -6734.267961  14766.568299  20847.974158    -16.229623  3  3  2  91       
PG06 -25577.145431   6487.287249   3269.982757   -300.140669  4  4  5  75       
PG07 -21501.749769  -7145.491258  14561.869278   -322.393923  5  5  4  68       
PG08   5605.933407 -25379.528737  -4742.404325    -40.256856  5  5  5  46       
PG09 -11246.780852 -12230.988618  20669.099209   -249.982092  3  5  4  24       
PG10  19915.936192   6222.745225 -16485.717392   -393.639448  5  6  3  81       
PG11   4502.222841 -20069.033653 -17461.462791   -227.084395  6  6  4  69       
PG12   8837.438071  23384.946364  -9429.249775     96.435827  5  4  5  67       
PG13 -13316.631491  22854.845230   1579.065653     24.897495     4  3  94       
PG14  17395.849447 -13708.140974 -14168.692486     -0.236216  4  1  2  72       
PG15  -2306.180493  25723.690075  -5590.971320   -218.999535  4  6  3  78       
PG16   5744.737197 -15763.633479  20256.173848   -180.079760  2  4  7  67       
PG17 -16606.271037   5297.207110 -19606.763841    292.682294  4  4  4  87       
PG18  21268.985075   7008.697611  14292.905865    240.866101 10  7  8  72       
PG19 -17813.218226  12261.180422 -15694.091460   -134.874736  5  5  4  87       
PG20  21848.162582  14050.630270  -6170.500354    527.332908  5  5  6  95       
PG21  26006.218861  -4188.745936   2687.092772     21.112565  3  4  4  95       
PG22  -5084.980578 -21189.623465 -15077.114979   -773.451474  7  6  5  86       
PG24   2609.089371  15643.513186 -21493.279735    -15.374481  2  2  6  66       
PG25  16789.493493  20765.485680   -295.093322     20.989580  7  8  4  57       
PG26  15503.395357  -5222.373957  20926.814526    239.519387  4  1  6  73       
PG27  12466.647837 -22521.703961   5632.216684   -340.481814  3     4  50       
PG28 -18452.264077  -6340.876686 -17371.078431    701.560540  5  2  2 100       
PG29   6705.232755  16576.432634  19580.287190   -145.515454  5  6  5  69       
PG30 -26244.869393    -96.791901   4828.592610   -257.721434  2  6  3  87       
PG31  25419.285603  -6967.077157   4834.763022    -54.221481  5  4  2  56       
PG32  16889.545987  -6552.235323 -19286.631090    313.472612  6  4  3  81       
*  2020  7  8  9 30  0.00000000
PG01  -1962.117683 -14793.141095 -22190.034969     22.873859  6  4  6  55       
PG02 -19059.878053  14626.787349  11910.605634   -484.070196  3  5  4  87       
PG03  -9610.263789 -21965.260783 -11613.649591   -233.247224  7  6  7  80       
PG04  -1559.530589 -23252.429456  12722.375241   -112.151318  3  8  7  78       
PG05  -8456.075318  13020.006179  21391.663713    -16.230412  3  3  3  90       
PG06 -25814.814654   6335.299852    388.405509   -300.145407  5  4  5  48       
PG07 -19848.064608  -7618.748234  16533.508226   -322.401793  4  4  4  81       
PG08   5959.132154 -25668.508245  -1887.856273    -40.257665  5  5  5  61       
PG09 -10443.150972 -14410.051771  19662.924017   -249.987931  2  5  4  79       
PG10  20974.253931   7657.807465 -14477.618478   -393.649258  6  6  4  44       
PG11   6065.719941 -21029.544109 -15753.706028   -227.074944  6  5  4  63       
PG12   7988.512583  22542.153169 -11950.377266     96.431592  5  4  5  56       
PG13 -13378.257452  22427.213286   4426.680754     24.900301  2  3  3  80       
PG14  16870.123483 -11972.944139 -16199.135222     -0.233652  4  2  1  60       
PG15  -2763.799314  26087.932931  -2836.223251   -218.996953  4  5  3  63       
PG16   7244.631042 -13861.802621  21175.327746   -180.084250  2  4  7  80       
PG17 -15789.026117   3051.932732 -20709.466559    292.687308  5  4  5  51       
PG18  19572.855127   7481.248668  16327.215511    240.874839  9  7  9  42       
PG19 -17154.937742  10526.268678 -17610.625172   -134.869990  5  5  4  50       
PG20  22058.215371  14632.974033  -3452.091096    527.333117  5  5  5  91       
PG21  25705.505672  -3810.799598   5494.056055     21.116714  3  3  4  77       
PG22  -3583.271171 -20058.701161 -16905.726969   -773.449370  7  6  4  93       
PG24    265.394403  16215.813662 -21188.047856    -15.373690  3  2  6  60       
PG25  16512.103941  20784.100286  -3136.096065     20.993284  7  7  4  43       
PG26  17060.640313  -3455.904632  20085.635263    239.525582  6  2  6  60       
PG27  12414.325154 -21668.151621   8388.202968   -340.490552  3     4  74       
PG28 -19488.530850  -8038.073114 -15484.111982    701.557563  5     3  76       
PG29   5782.622474  18530.172776  18065.225368   -145.522947  5  6  5  64       
PG30 -25603.213813   -496.574122   7507.335199   -257.728411  2  5  3  84       
PG31  25846.008289  -6809.164350   2048.350866    -54.223839  5  3  2  56       
PG32  16279.009702  -4338.402307 -20412.366592    313.478358  6  4  3  81       
*  2020  7  8  9 45  0.00000000
PG01    433.328272 -15382.395815 -21836.578142     22.878302  6  3  6  51       
PG02 -20205.540522  14794.441856   9415.379488   -484.075204  3  5  3  82       
PG03  -8454.871548 -21074.239228 -13934.942759   -233.257791  7  6  7  53       
PG04   -967.659864 -24449.600439  10301.551159   -112.155503  3  8  6  94       
PG05 -10291.949715  11335.686917  21561.894563    -16.230616  3  3  4  96       
PG06 -25744.470736   6112.679397  -2499.834425   -300.150199  6  5  4  40       
PG07 -18022.854115  -8227.509391  18232.219520   -322.409778  4  4  4  89       
PG08   6215.283009 -25658.494822    999.705963    -40.258557  5  5  4  76       
PG09  -9784.155923 -16497.862451  18316.882496   -249.993755  1  4  4  83       
PG10  21936.933253   8861.813903 -12221.782626   -393.658943  6  6  4  68       
PG11   7433.322531 -21926.940904 -13786.903105   -227.065304  6  4  4  39       
PG12   6917.822949  21541.637860 -14269.849539     96.427454  6  4  5  89       
PG13 -13340.349075  21707.937174   7197.463670     24.903192  3  3  3  83       
PG14  16359.925333 -10008.115300 -17941.643915     -0.231119  3  2  1  59       
PG15  -3155.915435  26161.786507    -31.724939   -218.995067  4  5  3  67       
PG16   8896.120557 -11981.466716  21720.323051   -180.088204  2  4  7  72       
PG17 -15061.533064    663.626639 -21441.812314    292.692476  5  4  5  76       
PG18  17695.037291   8092.032534  18080.671610    240.883541  9  6  9  62       
PG19 -16523.243333   8574.176559 -19230.300037   -134.865692  6  5  5  49       
PG20  22052.225995  15016.475349   -675.159664    527.332527  6  5  5  87       
PG21  25129.142203  -3325.878435   8206.539410     21.120604  3  3  4  69       
PG22  -1882.592767 -18875.663750 -18440.639134   -773.447312  6  5  3  71       
PG24  -2000.024759  16885.248742 -20523.215887    -15.374471  2  2  6  60       
PG25  16015.121822  20591.613159  -5924.155435     20.996949  6  7  4  66       
PG26  18619.649724  -1849.682952  18899.559775    239.531800  7  2  7  35       
PG27  12327.991935 -20516.055827  10996.233088   -340.499336  3     3  52       
PG28 -20464.255750  -9492.662714 -13318.165905    701.553900  5  1  3  79       
PG29   5032.966443  20352.728285  16237.783217   -145.531097  5  6  4  80       
PG30 -24695.517886   -991.884397  10058.676390   -257.735408  1  6  3  69       
PG31  25974.587077  -6602.890253   -772.364124    -54.226003  6  3     60       
PG32  15754.717073  -1993.107009 -21183.146186    313.484083  6  4  4  79       
*  2020  7  8 10  0  0.00000000
PG01   2738.278587 -16086.292868 -21113.833101     22.882689  5  2  6  38       
PG02 -21078.861588  14909.018796   6761.648235   -484.080650  3  5  4  66       
PG03  -7067.677122 -20081.192714 -16018.617125   -233.268287  7  5  6  76       
PG04   -504.370397 -25399.458530   7703.203587   -112.159737  2  8  6  48       
PG05 -12207.476888   9748.836745  21356.264634    -16.231625  3  3  4  89       
PG06 -25378.449599   5782.551303  -5345.129005   -300.154933  7  5  4  52       
PG07 -16066.810762  -8984.088476  19629.710314   -322.417956  3  4  5  53       
PG08   6410.984163 -25339.306099   3869.785471    -40.260437  4  4  4  41       
PG09  -9263.388910 -18448.719340  16654.281427   -249.999622  1  4  4  71       
PG10  22762.017625   9834.949968  -9757.227750   -393.668636  7  6  5  74       
PG11   8598.899979 -22723.332156 -11592.884338   -227.056022  6  3  3  51       
PG12   5621.111533  20426.015105 -16348.908876     96.423005  6  4  4  81       
PG13 -13241.574670  20695.443511   9843.185894     24.906334  4  3  3  67       
PG14  15899.914899  -7844.237381 -19364.813056     -0.228781  3  2     63       
PG15  -3515.882392  25936.006297   2773.302763   -218.992559  4  5  3  56       
PG16  10671.871914 -10166.589494  21882.722588   -180.092454  3  4  7  29       
PG17 -14449.211991  -1821.772120 -21790.341451    292.697612  6  4  6  66       
PG18  15678.749868   8854.164280  19523.033843    240.892293  8  6  9  70       
PG19 -15953.266341   6435.599608 -20526.572404   -134.860917  6  5  5  75       
PG20  21805.494038  15226.103403   2113.221725    527.332333  6  5  5  82       
PG21  24304.475190  -2706.347248  10779.167258     21.124963  3  3  5  77       
PG22     -0.892011 -17680.210764 -19654.445695   -773.444979  6  5  2  77       
PG24  -4147.004368  17629.395762 -19508.859949    -15.373941  3  2  5  37       
PG25  15279.900154  20221.367398  -8612.422272     21.000592  5  6  5  83       
PG26  20138.639691   -421.956479  17389.536183    239.537973  8  3  7  21       
PG27  12247.089040 -19078.795396  13410.241683   -340.508083  3  1  3  20       
PG28 -21335.268413 -10696.305483 -10913.338687    701.551032  5  2  2  49       
PG29   4445.779232  21998.380031  14129.591257   -145.538904  6  6  4  40       
PG30 -23547.552917  -1609.709820  12439.286451   -257.742398  1  6  3 103       
PG31  25812.414262  -6312.191652  -3580.157711    -54.228469  6  3     62       
PG32  15338.210367    440.125361 -21585.900997    313.489830  5  3  4  86       
*  2020  7  8 10 15  0.00000000
PG01   4910.005230 -16880.326700 -20032.832997     22.887100  5  2  5  66       
PG02 -21675.833539  14931.177532   3993.272450   -484.085765  4  5  4  64       
PG03  -5455.801423 -19028.827060 -17829.157926   -233.278915  7  5  5  95       
PG04   -141.346892 -26074.540618   4972.072384   -112.163958  3  8  6  45       
PG05 -14163.116403   8288.489157  20779.001645    -16.232219  4  3  5  99       
PG06 -24737.505595   5311.605469  -8098.543372   -300.159716  8  5  4  76       
PG07 -14023.227589  -9893.349905  20702.401431   -322.425484  2  4  4  79       
PG08   6584.403874 -24709.883427   6672.218894    -40.260931  3  4  5  36       
PG09  -8866.854664 -20220.074290  14703.911931   -250.005485     4  4  64       
PG10  23409.893789  10585.767904  -7126.351806   -393.678364  7  6  5  51       
PG11   9563.532409 -23381.390736  -9207.242791   -227.046555  6  2  3  51       
PG12   4102.547951  19239.170474 -18152.868224     96.418392  6  4  3  61       
PG13 -13121.053497  19397.206095  12317.712596     24.909387  5  3  4  80       
PG14  15519.777762  -5518.995914 -20443.046368     -0.226313  3  3  1  75       
PG15  -3878.101649  25409.992203   5529.254491   -218.990289  4  4  3  40       
PG16  12537.708204  -8456.085350  21661.015122   -180.096749  4  4  7  64       
PG17 -13969.800892  -4354.105265 -21748.715330    292.702452  6  5  6  68       
PG18  13570.225100   9772.917136  20629.399285    240.901059  7  5  8  81       
PG19 -15474.754432   4147.630059 -21478.315975   -134.856036  6  5  5  71       
PG20  21299.896210  15291.778780   4865.707293    527.332353  6  5  4  68       
PG21  23264.957333  -1930.097374  13169.742259     21.128890  3  3  5  82       
PG22   2036.311682 -16509.503999 -20525.288278   -773.442655  6  4  1  80       
PG24  -6139.963041  18419.756566 -18161.040289    -15.373777  3  3  5  57       
PG25  14295.292736  19710.753035 -11155.896258     21.004251  4  5  6  47       
PG26  21574.533968    816.993804  15581.959077    239.544153  9  3  7  55       
PG27  12208.730708 -17378.756028  15587.659203   -340.516832  4  2  3  55       
PG28 -22058.772598 -11650.152911  -8313.777033    701.547679  5  3  2  38       
PG29   4002.733829  23425.640462  11777.145808   -145.546518  6  5  4  70       
PG30 -22191.248585  -2371.680305  14608.669242   -257.749359     6  3  48       
PG31  25374.877124  -5903.499348  -6328.051932    -54.230530  6  3  2  61       
PG32  15043.701713   2914.345060 -21614.033583    313.495542  5  3  4  58       
*  2020  7  8 10 30  0.00000000
PG01   6910.849952 -17733.404716 -18610.702519     22.891497  4  2  5  65       
PG02 -22000.750707  14822.667889   1156.702660   -484.090939  5  5  4  59       
PG03  -3634.778862 -17959.064129 -19335.665161   -233.289495  7  4  4  71       
PG04    154.132915 -26454.962462   2155.214314   -112.168208  3  8  5  38       
PG05 -16115.617841   6976.510814  19840.841952    -16.232827  4  3  5  77       
PG06 -23849.992119   4671.584460 -10712.656366   -300.164367  8  5  3  59       
PG07 -11936.544463 -10952.368996  21431.800031   -322.433166  1  3  4  48       
PG08   6773.572517 -23778.385896   9358.094629    -40.262554  3  4  4  56       
PG09  -8573.664215 -21774.042038  12499.542260   -250.011364     4  4  83       
PG10  23844.829129  11130.634637  -4374.205032   -393.688057  7  6  4  76       
PG11  10335.325863 -23865.751535  -6668.862061   -227.036895  6  2  3  49       
PG12   2374.743232  18024.608258 -19651.635197     96.414188  6  4  3  64       
PG13 -13016.668210  17829.607834  14577.838845     24.912433  5  3  4  59       
PG14  15242.962998  -3075.873743 -21157.076091     -0.223637  4  3  2  76       
PG15  -4276.433593  24591.914114   8187.086533   -218.987980  5  4  4  67       
PG16  14453.858321  -6882.453187  21060.548447   -180.100990  5  4  7  74       
PG17 -13632.656722  -6880.825421 -21317.850042    292.707756  6  4  6  69       
PG18  11417.059875  10845.364861  21380.635948    240.909844  6  5  8  67       
PG19 -15110.949602   1752.535082 -22070.107058   -134.851598  7  5  6  58       
PG20  20524.703822  15247.084814   7535.449996    527.332066  6  4  4  83       
PG21  22048.781452   -981.476133  15339.819803     21.133146  4  2  5  91       
PG22   4196.691529 -15396.731818 -21037.299328   -773.440334  5  4     37       
PG24  -7949.096071  19222.802636 -16501.620321    -15.372973  3  3  5  58       
PG25  13058.207511  19099.695261 -13512.116535     21.007889  4  5  6  44       
PG26  22884.554436   1865.028564  13508.188813    239.550378  9  3  7  75       
PG27  12246.071607 -15446.582388  17490.216903   -340.525542  4  2  3  65       
PG28 -22595.105801 -12364.487812  -5566.719718    701.544626  6  4  3  35       
PG29   3678.554840  24598.769392   9221.166570   -145.554480  6  4  4  71       
PG30 -20663.536648  -3293.050457  16529.827117   -257.756351  1  5  3  37       
PG31  24684.744730  -5347.172812  -8970.035345    -54.232674  6  3  2  78       
PG32  14877.542297   5380.812958 -21267.507736    313.501279  5  3  4  80       
*  2020  7  8 10 45  0.00000000
PG01   8709.499897 -18608.986328 -16870.463308     22.895880  4  1  4  90       
PG02 -22066.045052  14547.971890  -1699.727890   -484.096111  5  4  4  72       
PG03  -1628.163927 -16911.434675 -20512.367547   -233.300076  7  4  3  75       
PG04    417.730588 -26529.166271   -698.811293   -112.172384  3  9  4  40       
PG05 -18019.584601   5826.925960  18558.790092    -16.233477  4  3  5  86       
PG06 -22750.760001   3840.581573 -13142.379429   -300.169119  8  5  2  81       
PG07  -9850.853939 -12150.374205  21804.816712   -322.441014  1  3  4  71       
PG08   7014.687437 -22561.928023  11880.642992    -40.263438  4  4  4  68       
PG09  -8357.006837 -23078.737173  10079.323037   -250.017282  1  4  4  70       
PG10  24036.366039  11492.891251  -1547.730297   -393.697710  7  6  4  51       
PG11  10928.977457 -24144.367144  -4019.389397   -227.027235  6  1  2  81       
PG12    458.454232  16823.831779 -20820.166266     96.409844  7  4  3  75       
PG13 -12963.430538  16017.458887  16584.076349     24.915370  5  3  4  90       
PG14  15085.693190   -562.604621 -21494.344885     -0.221327  5  4  2  60       
PG15  -4742.615337  23498.490126  10699.274870   -218.985559  5  3  4  72       
PG16  16376.424729  -5470.694447  20093.328402   -180.105091  6  3  7  62       
PG17 -13438.424104  -9348.928794 -20505.885826    292.712864  6  4  6  91       
PG18   9266.522008  12060.350013  21763.717800    240.918647  4  5  8  66       
PG19 -14877.721972   -703.644647 -22292.427053   -134.846876  7  5  6  74       
PG20  19477.135627  15127.844186  10076.872988    527.332180  5  4  4  56       
PG21  20697.395068    148.050381  17255.181812     21.137428  4  2  5  68       
PG22   6442.159020 -14369.836428 -21180.936684   -773.437970  5  4     60       
PG24  -9551.363502  20001.239787 -14557.982803    -15.373846  4  3  5  64       
PG25  11573.867508  18429.070417 -15641.805762     21.011526  3  4  5  65       
PG26  24027.804234   2728.011056  11203.995850    239.556561 10  4  7  69       
PG27  12386.847379 -13320.103109  19084.660987   -340.534191  4  3  2  88       
PG28 -22909.349374 -12857.995077  -2721.510586    701.541225  6  5  3  27       
PG29   3442.188024  25489.076336   6505.879865   -145.562198  6  3  3  46       
PG30 -19005.017452  -4381.922531  18169.874428   -257.763342  1  5  3  74       
PG31  23771.298886  -4618.794837 -11461.770682    -54.234898  5  4  3  68       
PG32  14838.016077   7790.700814 -20552.817810    313.507021  5  3  4  88       
*  2020  7  8 11  0  0.00000000
PG01  10282.038247 -19466.456374 -14840.737532     22.900160  3     4  69       
PG02 -21891.813711  14075.892360  -4526.589181   -484.101279  6  4  5  73       
PG03    533.166000 -15921.574016 -21339.054997   -233.310662  7  4  3  85       
PG04    686.462660 -26294.358539  -3540.784826   -112.176616  4  8  5  61       
PG05 -19829.122072   4845.562402  16955.767075    -16.234203  5  3  5  72       
PG06 -21479.815302   2804.097091 -15345.739543   -300.173830  9  5  3  38       
PG07  -7808.415919 -13468.977247  21814.022151   -322.448784  2  3  4  68       
PG08   7340.500711 -21085.972947  14196.079508    -40.264767  4  3  4  61       
PG09  -8185.360027 -24109.386732   7485.116052   -250.023188  2  4  4  14       
PG10  23960.522743  11701.758676   1305.016463   -393.707371  8  6  4  82       
PG11  11365.100635 -24189.775290  -1302.654430   -227.017661  7  1  2  34       
PG12  -1618.010403  15674.813174 -21638.847440     96.405420  7  4  2  64       
PG13 -12991.967047  13993.188409  18301.374098     24.918358  5  2  4  74       
PG14  15056.290368   1970.547727 -21449.240145     -0.218632  5  4  2  88       
PG15  -5304.755146  22154.420658  13020.760309   -218.983406  5  2  4  28       
PG16  18259.006228  -4237.552762  18777.695336   -180.109041  7  3  7  65       
PG17 -13379.085290 -11706.905187 -19327.993880    292.718309  6  4  6  61       
PG18   7163.876918  13398.780429  21771.955184    240.927409  3  5  7  63       
PG19 -14782.987349  -3172.626432 -22141.782656   -134.842335  7  6  6  67       
PG20  18162.623302  14970.613227  12446.429236    527.332051  5  3  4  75       
PG21  19253.953077   1459.512481  18886.215298     21.141348  4  2  5  76       
PG22   8730.150790 -13450.457823 -20953.199208   -773.435619  5  3     54       
PG24 -10931.230495  20715.448630 -12362.641553    -15.373489  4  3  5  80       
PG25   9855.772284  17739.106407 -17509.462061     21.015162  1  4  5  68       
PG26  24966.784328   3419.362748   8708.940594    239.562714 10  4  6  73       
PG27  12652.150409 -11042.974557  20343.359670   -340.542819  4  3  2  84       
PG28 -22972.724465 -13156.707690    171.390087    701.538125  6  5  3  47       
PG29   3258.199101  26075.958805   3678.240963   -145.569887  6  3  3  50       
PG30 -17258.497612  -5638.740724  19500.590700   -257.770333  2  5  3  72       
PG31  22669.239176  -3700.280219 -13761.282983    -54.237101  5  4  4  43       
PG32  14915.463889  10096.789859 -19482.840328    313.512714  5  3  4  95       
*  2020  7  8 11 15  0.00000000
PG01  11612.726169 -20262.685975 -12555.347855     22.904537  2     3  32       
PG02 -21505.044115  13381.022488  -7274.210675   -484.106649  7  4  5  60       
PG03   2811.986734 -15019.876869 -21801.423033   -233.321252  7  4  2  80       
PG04    997.062146 -25756.620742  -6321.681567   -112.180789  3  8  4  60       
PG05 -21499.504573   4030.028638  15060.157526    -16.234874  5  3  5  62       
PG06 -20080.787664   1555.810109 -17284.612236   -300.178583  9  4  2  16       
PG07  -5848.231139 -14882.688428  21457.837498   -322.456648  2  3  3  65       
PG08   7778.855883 -19383.407354  16264.384073    -40.265984  4  3  4  76       
PG09  -8023.889006 -24849.175688   4761.759112   -250.029087  3  4  3  63       
PG10  23600.757646  11791.032755   4135.654235   -393.717063  8  5  4  59       
PG11  11669.328596 -23980.232216   1435.965177   -227.008199  6  2     83       
PG12  -3819.661676  14610.606264 -22093.798205     96.401053  8  4  2  81       
PG13 -13127.187195  11795.740935  19699.757672     24.921288  5  2  4  46       
PG14  15154.846680   4472.610443 -21023.175478     -0.215855  6  3  3  78       
PG15  -5985.971378  20591.497956  15109.854987   -218.980938  5  2  4  34       
PG16  20054.407543  -3191.097750  17137.891888   -180.113634  7  2  7  64       
PG17 -13438.386623 -13906.619878 -17806.028109    292.723286  6  3  6  79       
PG18   5150.798779  14834.243438  21405.116346    240.936217  4  5  7  47       
PG19 -14826.427008  -5605.493925 -21620.744386   -134.837721  7  5  6  55       
PG20  16594.776895  14811.149980  14603.337848    527.331830  4  2  4  41       
PG21  17761.763520   2946.331210  20208.203251     21.145543  4  1  5  91       
PG22  11015.106779 -12653.139533 -20357.716038   -773.433298  5  4     71       
PG24 -12081.126637  21325.048435  -9952.749322    -15.372696  5  3  4  38       
PG25   7925.362685  17067.823861 -19083.894020     21.018830  2  4  4  78       
PG26  25668.787542   3959.333539   6065.699549    239.568870 10  5  6  26       
PG27  13055.491630  -8663.101226  21244.790439   -340.551539  4  3  2  78       
PG28 -22763.722125 -13292.684824   3061.369829    701.534854  7  5  3  63       
PG29   3088.345742  26347.636567    787.110036   -145.577634  6  3  3  61       
PG30 -15467.452032  -7056.077526  20498.904917   -257.777333  3  5  3  78       
PG31  21417.399404  -2580.758313 -15829.621148    -54.239404  4  4  4  71       
PG32  15092.730432  12255.101691 -18076.572957    313.518413  5  3  4  47       
*  2020  7  8 11 30  0.00000000
PG01  12694.480902 -20953.724925 -10052.814072     22.908957  1     3  72       
PG02 -20938.555279  12445.030458  -9893.594843   -484.111841  7  4  5  59       
PG03   5165.947154 -14230.361960 -21891.323573   -233.331783  7  4  2  79       
PG04   1384.350703 -24930.688225  -8993.524348   -112.184999  4  8  4  49       
PG05 -22988.795893   3370.018274  12905.267393    -16.235720  5  3  5  56       
PG06 -18599.267990     98.034100 -18925.391340   -300.183303  9  4  2  39       
PG07  -4004.723171 -16359.705480  20740.651915   -322.464449  2  3  3  43       
PG08   8351.432811 -17493.337431  18050.000874    -40.267211  5  4  4  56       
PG09  -7835.979868 -25289.793249   1956.280619   -250.034972  4  4  3  68       
PG10  22948.663273  11797.618762   6896.262287   -393.726711  8  5  4  60       
PG11  11871.222027 -23500.668420   4150.228294   -226.998606  6  3     81       
PG12  -6105.948975  13658.151170 -22177.095743     96.396596  8  4  2  65       
PG13 -13387.188499   9469.220767  20754.873717     24.924132  5  2  4  80       
PG14  15373.252169   6893.743501 -20224.519314     -0.213733  6  3  3  79       
PG15  -6803.238378  18847.426297  16929.084728   -218.978648  5  3  4  63       
PG16  21716.366530  -2330.660508  15203.537529   -180.117810  8  1  7  76       
PG17 -13592.618710 -15905.046212 -15968.034522    292.728872  6  3  6  37       
PG18   3263.927050  16333.915027  20669.437562    240.945011  6  5  6  60       
PG19 -14999.518304  -7954.327205 -20737.904100   -134.833119  8  5  6  72       
PG20  14795.048344  14682.913787  16510.285399    527.331780  4  1  4  34       
PG21  16262.777366   4594.484074  21201.536477     21.149923  4  2  4  71       
PG22  13250.080785 -11984.830623 -19404.705160   -773.430911  6  3     47       
PG24 -13001.600719  21790.525061  -7369.505171    -15.373225  5  3  4  58       
PG25   5811.401329  16449.572418 -20338.694391     21.022482  3  4  3  87       
PG26  26107.119130   4374.016600   3319.348813    239.575015 10  5  5  63       
PG27  13602.185918  -6230.899832  21773.898559   -340.560196  4  3  2  60       
PG28 -22268.930884 -13302.487533   5898.581758    701.531754  6  5  4  23       
PG29   2893.259967  26301.553966  -2117.602914   -145.585183  5  3  3  88       
PG30 -13674.466606  -8618.722527  21147.302868   -257.784322  4  5  2  65       
PG31  20057.319283  -1257.196264 -17631.485479    -54.241519  4  4  5  55       
PG32  15345.913863  14226.398996 -16358.768019    313.524118  5  3  4  64       
*  2020  7  8 11 45  0.00000000
PG01  13529.025312 -21496.562315  -7375.749251     22.913400        3  64       
PG02 -20229.687505  11257.696398 -12337.370116   -484.116964  7  4  6  79       
PG03   7548.988704 -13569.789457 -21606.917592   -233.342339  7  3  2  51       
PG04   1879.685869 -23839.405723 -11510.218255   -112.189249  4  8  4  48       
PG05 -24259.361339   2847.924992  10528.705084    -16.236610  6  3  5  58       
PG06 -17081.079567  -1558.163460 -20239.583087   -300.188049  9  4  2  63       
PG07  -2306.576839 -17862.955004  19672.860103   -322.472364  2  2  3  53       
PG08   9072.750314 -15459.656214  19522.446369    -40.268115  5  3  3  47       
PG09  -7584.845414 -25431.659688   -882.921620   -250.040894  4  4  3  79       
PG10  22004.365712  11759.960533   9540.152437   -393.736354  8  4  3  66       
PG11  12003.015252 -22743.426838   6793.760204   -226.989055  6  4  1  80       
PG12  -8432.087819  12837.313028 -21886.916629     96.392144  8  4  2  71       
PG13 -13782.443819   7061.338319  21448.428317     24.927017  5  3  3  53       
PG14  15695.575302   9187.023990 -19068.375643     -0.210951  6  3  3  48       
PG15  -7766.492694  16964.402507  18445.943297   -218.976153  5  3  4  57       
PG16  23201.231655  -1647.113908  13009.026003   -180.121827  8     6  62       
PG17 -13811.711281 -17665.776281 -13847.635532    292.734226  6  3  5  59       
PG18   1533.623775  17859.729593  19577.521314    240.953811  6  4  6  59       
PG19 -15285.874765 -10173.798876 -19507.752037   -134.828711  8  5  6  50       
PG20  12792.102255  14615.653860  18134.080293    527.331656  4  1  5  24       
PG21  14796.168327   6382.926987  21851.855263     21.154184  4  2  4  59       
PG22  15388.418150 -11444.705821 -18110.800382   -773.428301  6  3     55       
PG24 -13701.159125  22074.858719  -4657.467726    -15.373630  5  3  4  78       
PG25   3549.090298  15913.713087 -21252.648399     21.026157  3  5  2  74       
PG26  26262.099814   4694.146750    516.616010    239.581190 10  6  3  59       
PG27  14289.083946  -3797.479958  21922.321886   -340.568848  5  3  3  60       
PG28 -21483.539776 -13225.521990   8634.798581    701.528446  6  4  4  50       
PG29   2634.174010  25944.435581  -4985.808324   -145.593136  5  4  4  58       
PG30 -11919.719128 -10304.073217  21434.150013   -257.791307  4  4  1  64       
PG31  18631.720480    265.262217 -19135.813346    -54.243715  4  4  5  41       
PG32  15645.385955  15977.499493 -14359.469421    313.529850  5  4  4  70       
*  2020  7  8 12  0  0.00000000
PG01  14126.696419 -21850.886881  -4570.161123     22.917937  1     3  85       
PG02 -19418.786354   9817.645750 -14560.760697   -484.121967  7  4  6  73       
PG03   9912.912767 -13047.065170 -20952.726281   -233.352867  7  3  3  87       
PG04   2509.544906 -22512.880577 -13828.352312   -112.193408  4  8  5  86       
PG05 -25279.214610   2439.739591   7971.699593    -16.237176  6  3  4  64       
PG06 -15570.549676  -3393.184053 -21204.313355   -300.192810  8  4  3  75       
PG07   -775.777657 -19351.356295  18270.812370   -322.480221  2  2  2  24       
PG08   9949.464994 -13329.441313  20656.815392    -40.268962  5  4  2  65       
PG09  -7235.140049 -25283.826075  -3706.922321   -250.046875  4  4  3  67       
PG10  20776.616014  11716.422547  12022.618269   -393.746031  8  4  3  42       
PG11  12098.242441 -21708.749047   9320.820500   -226.979470  6  5  2  74       
PG12 -10750.551261  12160.189576 -21227.593366     96.387644  8  4  2  83       
PG13 -14315.303976   4621.720499  21768.510481     24.930021  5  3  2  49       
PG14  16098.775671  11310.097877 -17576.226465     -0.208656  7  3  4  60       
PG15  -8878.041012  14987.518293  19633.537287   -218.974203  4  4  5  82       
PG16  24469.527009  -1123.477652  10592.861898   -180.126417  8     5  80       
PG17 -14060.589912 -19160.249085 -11483.309768    292.739696  6  3  5  72       
PG18    -17.020726  19369.765710  18148.123804    240.962571  7  3  6  77       
PG19 -15661.884391 -12222.681495 -17950.473950   -134.824333  7  4  6  86       
PG20  10620.914146  14634.141885  19446.248284    527.331489  4  1  4  73       
PG21  13397.043266   8284.250987  22150.129291     21.157865  5  2  3   4       
PG22  17385.431831 -11024.311948 -16498.749344   -773.426452  6  3  2  77       
PG24 -14195.788682  22145.085010  -1863.784062    -15.373359  5  3  4  52       
PG25   1178.955944  15483.492793 -21810.072683     21.029863  4  5  2  65       
PG26  26121.815357   4953.728648  -2294.888291    239.587252  9  6  3  49       
PG27  15104.657944  -1412.816324  21688.480900   -340.577477  5  3  3  77       
PG28 -20411.509575 -13102.321242  11224.190231    701.525009  4  4  5  81       
PG29   2274.621327  25291.994209  -7768.106709   -145.600919  5  5  4  84       
PG30 -10239.555213 -12082.816284  21353.923079   -257.798296  5  4     51       
PG31  17182.940191   1973.258638 -20316.314615    -54.245864  3  4  5  58       
PG32  15957.040633  17482.354537 -12113.463423    313.535609  5  4  4  50       
*  2020  7  8 12 15  0.00000000
PG01  14505.913918 -21980.775898  -1684.667759     22.922368  2     3  59       
PG02 -18547.539401   8132.733686 -16522.546553   -484.127227  7  5  6  81       
PG03  12209.038376 -12662.955023 -19939.578582   -233.363286  6  3  4  63       
PG04   3294.301386 -20987.366641 -15907.953686   -112.197596  4  8  5  57       
PG05 -26023.150283   2116.190292   5278.369530    -16.238260  6  2  4  49       
PG06 -14108.848952  -5379.456926 -21802.738269   -300.197592  8  4  4  70       
PG07    573.108062 -20781.268288  16556.669978   -322.488187  3  2  2  61       
PG08  10979.991852 -11151.247891  21434.178223    -40.269799  6  4  2  62       
PG09  -6754.520079 -24863.552064  -6467.116158   -250.052819  5  4  3  59       
PG10  19282.570819  11703.684533  14301.651878   -393.755708  7  4  3  56       
PG11  12190.292349 -20404.982176  11687.098938   -226.970015  6  5  2  69       
PG12 -13012.673707  11630.713688 -20209.583290     96.383370  7  4  3  70       
PG13 -14979.835701   2200.152726  21709.794712     24.933077  5  4  1  62       
PG14  16553.713617  13226.632040 -15775.449479     -0.206073  7  3  3  63       
PG15 -10132.296812  12963.054568  20471.104195   -218.971544  4  4  4  91       
PG16  25487.348749   -735.816477   7996.951928   -180.130550  8  1  4  54       
PG17 -14300.731232 -20368.650217  -8917.590232    292.744227  6  3  5  45       
PG18  -1372.895643  20819.794746  16405.835125    240.971337  7  3  6  57       
PG19 -16097.625252 -14065.214179 -16091.668838   -134.819709  7  4  6  97       
PG20   8321.626989  14757.099186  20423.557413    527.331540  4  2  4  64       
PG21  12095.318088  10265.547279  22092.683228     21.162093  5  2  3  50       
PG22  19200.007847 -10708.034580 -14596.988785   -773.424365  6  2  2  65       
PG24 -14508.178298  21973.723189    962.652710    -15.375228  5  4  4  69       
PG25  -1254.461724  15175.151104 -22001.080867     21.033665  5  5  3  61       
PG26  25682.586074   5188.546840  -5067.448730    239.593388  8  6  2  47       
PG27  16029.433512    876.013469  21077.536602   -340.586096  6  2  3  46       
PG28 -19065.418374 -12972.834190  13624.017054    701.521907  3  4  5  68       
PG29   1782.045723  24368.303798 -10416.642032   -145.608496  5  4  4  50       
PG30  -8665.213229 -13919.876985  20907.344429   -257.805271  5  3     69       
PG31  15751.377891   3845.488375 -21151.947971    -54.248161  3  4  5  69       
PG32  16243.720345  18722.853560  -9659.654701    313.541322  4  4  3  53       
*  2020  7  8 12 30  0.00000000
PG01  14692.323937 -21856.241796   1230.360017     22.926814  3     2  51       
PG02 -17657.234928   6220.049475 -18185.983759   -484.132471  7  5  6  84       
PG03  14389.888840 -12410.121930 -18584.454281   -233.373803  6  3  4  65       
PG04   4247.243049 -19303.922335 -17713.180932   -112.201882  5  8  6  72       
PG05 -26473.621757   1844.079135   2494.956871    -16.238655  6  2  3  22       
PG06 -12732.463393  -7482.313745 -22024.350047   -300.202378  7  5  4  76       
PG07   1733.379515 -22108.071785  14558.159268   -322.495739  4  3  2  58       
PG08  12154.458893  -8973.364816  21841.864230    -40.270599  6  3  1  58       
PG09  -6115.088166 -24195.579461  -9116.055633   -250.058770  5  4  4  69       
PG10  17547.270286  11755.207455  16338.619183   -393.765375  7  5  3  60       
PG11  12310.945579 -18848.488237  13850.526197   -226.960368  6  5  3  66       
PG12 -15170.311483  11244.567325 -18849.347695     96.378871  6  4  3  77       
PG13 -15762.000933   -155.177298  21273.619438     24.935813  5  4     70       
PG14  17026.409076  14907.509966 -13698.727619     -0.203484  6  3  3  63       
PG15 -11515.856991  10936.742841  20944.390833   -218.969088  4  4  2  94       
PG16  26227.545270   -454.390302   5265.865593   -180.134892  8  2  4  78       
PG17 -14491.846396 -21280.453352  -6196.204672    292.749737  6  4  5  71       
PG18  -2527.263957  22164.932655  14380.657256    240.980100  7  2  6  64       
PG19 -16558.028180 -15672.280174 -13961.988026   -134.815165  7  4  6  98       
PG20   5938.206619  14996.362406  21048.461195    527.331418  4  2  4  70       
PG21  10914.788293  12289.450131  21681.174057     21.166245  5  2  2  62       
PG22  20796.073956 -10473.864866 -12439.106645   -773.421845  6  2  2  51       
PG24 -14666.667187  21540.009271   3772.100776    -15.375643  5  4  3  80       
PG25  -3704.070979  14997.291878 -21821.771686     21.037400  5  5  4  66       
PG26  24949.139773   5434.613495  -7754.022112    239.599530  8  6  2  80       
PG27  17036.745235   3026.456343  20101.222067   -340.594730  6  2  3  57       
PG28 -17465.999418 -12874.785590  15795.234544    701.518433  3  4  5  61       
PG29   1129.255546  23204.862907 -12885.923820   -145.616252  4  4  3  72       
PG30  -7221.747481 -15775.603840  20101.414355   -257.812192  5  3     35       
PG31  14374.011840   5853.272025 -21627.328828    -54.250461  3  4  5  83       
PG32  16466.763564  19689.326520  -7040.380076    313.547051  4  5  3  57       
*  2020  7  8 12 45  0.00000000
PG01  14717.647734 -21454.569274   4123.713707     22.931282  4     3  65       
PG02 -16787.019431   4105.526966 -19519.653708   -484.137817  7  5  6  83       
PG03  16410.844192 -12273.485207 -16910.223327   -233.384313  5  4  4  64       
PG04   5373.869909 -17506.895137 -19212.944019   -112.206094  5  7  6  80       
PG05 -26621.334819   1587.760835   -330.961036    -16.239514  7  2  2  68       
PG06 -11471.858885  -9661.146573 -21865.171811   -300.207231  7  5  4  86       
PG07   2706.349713 -23287.831583  12308.219472   -322.503608  4  3  1  51       
PG08  13454.994355  -6842.102016  21873.630360    -40.272330  6  3  2  57       
PG09  -5294.665557 -23311.130955 -11608.264759   -250.064690  5  4  4  88       
PG10  15602.831847  11899.827124  18098.885288   -393.774896  6  5  4  51       
PG11  12488.952290 -17063.248203  15772.083598   -226.950865  6  5  3  62       
PG12 -17177.501601  10989.412936 -17169.139475     96.374203  6  4  3  72       
PG13 -16640.169268  -2399.364414  20467.940981     24.938723  6  4  1  72       
PG14  17479.492328  16331.727412 -11383.369198     -0.201033  6  3  2  47       
PG15 -13007.913473   8952.069568  21045.884343   -218.966838  4  4  1  87       
PG16  26670.642954   -245.007645   2446.078469   -180.139599  8  3  3  57       
PG17 -14593.619485 -21894.590648  -3367.181794    292.755304  7  4  5  54       
PG18  -3481.828390  23361.331053  12107.486975    240.988851  7  2  6  58       
PG19 -17004.247779 -17022.352658 -11596.696717   -134.810457  6  4  5  56       
PG20   3516.945066  15356.323199  21309.449629    527.331448  3  2  3  47       
PG21   9872.417689  14315.324018  20922.524581     21.170324  5  2  2  44       
PG22  22143.871483 -10294.433295 -10063.203693   -773.419492  6  2  2  69       
PG24 -14703.960311  20830.878448   6514.902620    -15.375490  5  4  3  76       
PG25  -6121.792142  14950.544172 -21274.335520     21.041142  6  4  4  82       
PG26  23934.482171   5726.611730 -10309.002603    239.605596  7  6  2  81       
PG27  18093.780971   5001.914286  18777.556311   -340.603376  6  1  3  43       
PG28 -15641.398901 -12842.164161  17703.009024    701.515054  4  4  5  45       
PG29    295.666356  21839.386203 -15133.603926   -145.624209  4  4  2  43       
PG30  -5927.192140 -17607.146409  18949.337726   -257.819144  5  2  1  65       
PG31  13083.040915   7961.414585 -21733.059250    -54.252516  4  4  5  73       
PG32  16587.612818  20380.728398  -4300.672697    313.552771  4  5  2  48       
*  2020  7  8 13  0  0.00000000
PG01  14618.278761 -20761.382697   6944.300803     22.935745  5  1  3  66       
PG02 -15972.234522   1823.166910 -20498.209786   -484.142794  7  6  6  86       
PG03  18231.696964 -12230.890415 -14945.283636   -233.394817  4  4  4  62       
PG04   6671.500538 -15642.291392 -20381.440332   -112.210251  5  7  6  60       
PG05 -26465.538016   1310.706285  -3151.268298    -16.240262  7  3  2  59       
PG06 -10350.390698 -11870.805282 -21327.837116   -300.212042  6  5  5  87       
PG07   3501.181581 -24278.976981   9844.541195   -322.511715  5  4  1  41       
PG08  14856.332129  -4800.174499  21529.715125    -40.273531  6  4  2  72       
PG09  -4277.842705 -22246.673890 -13901.014655   -250.070596  5  4  4  85       
PG10  13487.388196  12160.527265  19552.381750   -393.784564  6  5  4  56       
PG11  12748.709967 -15080.165212  17416.593041   -226.941471  6  5  4  57       
PG12 -18992.059044  10845.437443 -15196.698320     96.369865  5  4  3  89       
PG13 -17585.941733  -4492.333232  19307.165506     24.941716  6  4  2  66       
PG14  17873.782868  17486.958657  -8870.558558     -0.198344  6  3  2  55       
PG15 -14580.979125   7048.696202  20774.893372   -218.964613  4  5     79       
PG16  26805.489611    -70.528280   -414.790049   -180.143859  8  3  3  75       
PG17 -14567.428058 -22219.255554   -479.945830    292.760520  7  4  5 116       
PG18  -4246.467010  24367.841938   9625.512518    240.997609  6  4  5  75       
PG19 -17395.195198 -18102.172952  -9035.159828   -134.805863  6  5  5  74       
PG20   1104.867692  15833.667303  21201.298784    527.331283  2  3  3  53       
PG21   8977.863158  16300.558897  19828.815816     21.174627  5  2  2  44       
PG22  23220.978965 -10138.265790  -7511.169971   -773.417519  5     2  59       
PG24 -14655.663031  19841.651081   9142.432158    -15.376185  5  4  3  85       
PG25  -8460.169472  15027.527567 -20367.075203     21.044881  6  4  5  79       
PG26  22659.469562   6096.392379 -12688.964822    239.611688  6  5  3  79       
PG27  19162.868789   6772.925699  17130.451191   -340.612038  6  1  2  47       
PG28 -13626.189284 -12903.887748  19317.146276    701.511861  4  4  5  58       
PG29   -731.715993  20314.371683 -17121.194977   -145.631917  4  4  2  69       
PG30  -4791.999934 -19369.975804  17470.343024   -257.826124  5  1  3  67       
PG31  11904.704492  10129.326726 -21465.970316    -54.254694  4  5  5  82       
PG32  16569.421171  20804.501942  -1487.489807    313.558444  3  5  2  68       
*  2020  7  8 13 15  0.00000000
PG01  14433.683908 -19771.393759   9642.115585     22.940312  6  3  2  79       
PG02 -15242.912971   -586.102610 -21102.992217   -484.147956  6  6  6  60       
PG03  19818.051712 -12254.065588 -12723.101340   -233.405327  2  5  3  76       
PG04   8129.202315 -13756.094713 -21198.597463   -112.214444  5  7  7  79       
PG05 -26014.002386    977.090863  -5918.103914    -16.241134  7  3  3  64       
PG06  -9383.500853 -14063.180860 -20421.552084   -300.216876  6  5  5  78       
PG07   4134.409349 -25043.934957   7208.995472   -322.519525  5  4  2  73       
PG08  16326.708814  -2885.243430  20816.780895    -40.274002  7  4  3  58       
PG09  -3056.767755 -21042.497710 -15955.048147   -250.076512  5  4  5  81       
PG10  11243.806859  12553.437774  20674.107989   -393.794196  5  6  5  54       
PG11  13109.100011 -12936.084341  18753.466179   -226.931737  6  5  4  73       
PG12 -20577.053659  10786.192762 -12964.853514     96.365323  4  5  3  79       
PG13 -18565.251449  -6400.187729  17811.864004     24.944668  6  5  3  69       
PG14  18169.929377  18369.778860  -6204.557425     -0.195933  6  2  2  56       
PG15 -16201.893139   5261.060813  20137.482087   -218.962364  5  5     61       
PG16  26629.598305    107.542083  -3268.734291   -180.148162  8  4  4  69       
PG17 -14377.976919 -22271.356687   2415.580129    292.765936  6  4  5 116       
PG18  -4838.649410  25147.591302   6977.534491    241.006347  5  5  4  70       
PG19 -17689.179488 -18907.133511  -6320.254903   -134.801336  5  5  5  64       
PG20  -1251.895155  16417.426921  20725.211187    527.331439     3  3  72       
PG21   8233.247791  18201.935624  18417.139197     21.178666  5  2  3  61       
PG22  24013.047378  -9971.208151  -4827.893351   -773.415166  5     2  31       
PG24 -14558.696186  18576.389032  11608.032893    -15.377396  4  4  3  78       
PG25 -10673.974822  15213.126987 -19114.337187     21.048602  6  4  5  60       
PG26  21152.098993   6571.580154 -14853.374726    239.617883  5  5  3  58       
PG27  20202.952079   8318.056577  15189.223742   -340.620688  6  2  1  34       
PG28 -11460.179521 -13082.685685  20612.436990    701.508366  5  4  5  44       
PG29  -1957.609550  18675.499636 -18814.718882   -145.639774  4  5  2  46       
PG30  -3818.779581 -21019.491080  15689.393587   -257.833098  5  1  3  26       
PG31  10858.328170  12312.371916 -20829.267643    -54.256969  4  5  5  78       
PG32  16378.595870  20976.126902   1351.082856    313.564142  3  5  1  41       
*  2020  7  8 13 30  0.00000000
PG01  14204.674892 -18488.792537  12169.203729     22.944785  6  3  2  82       
PG02 -14622.507856  -3075.881364 -21322.485899   -484.153124  6  6  5  80       
PG03  21142.513933 -12309.828467 -10281.659290   -233.415806  3  5  4  51       
PG04   9728.048748 -11892.597962 -21650.415392   -112.218640  5  7  7  51       
PG05 -25282.694427    553.347863  -8584.640464    -16.241802  7  4  3  33       
PG06  -8578.234918 -16188.913485 -19161.940245   -300.221679  5  5  4  78       
PG07   4629.155642 -25550.648678   4446.956762   -322.527523  5  4  2  76       
PG08  17829.015179  -1128.667425  19747.749125    -40.274921  7  4  3  59       
PG09  -1631.642690 -19741.160533 -17735.241631   -250.082460  4  4  5  53       
PG10   8918.236518  13087.096271  21444.559410   -393.803886  5  5  4  50       
PG11  13582.538119 -10672.559783  19757.390306   -226.922313  6  5  4  65       
PG12 -21902.110486  10779.705645 -10511.035709     96.360808  4  5  3  83       
PG13 -19539.695764  -8096.311808  16008.377749     24.947465  6  4  4  53       
PG14  18330.043728  18985.542718  -3431.876528     -0.193437  6  3  2  62       
PG15 -17833.059040   3617.217161  19146.264392   -218.960113  5  5  2  54       
PG16  26149.184797    327.423579  -6068.106396   -180.152366  8  4  4  59       
PG17 -13994.782735 -22075.654726   5269.844182    292.771048  6  4  5 100       
PG18  -5282.556896  25669.400262   4209.222995    241.015154  6  6  4  77       
PG19 -17845.599116 -19441.347631  -3497.716213   -134.796791  5  5  5  64       
PG20  -3509.708779  17089.347963  19888.841111    527.331485     4  3  61       
PG21   7633.189099  19977.022088  16709.407788     21.183351  5  2  4  49       
PG22  24514.219499  -9757.958239  -2060.418917   -773.413064  5     2  72       
PG24 -14449.659236  17047.903539  13867.923430    -15.377545  5  4  3  72       
PG25 -12721.745653  15485.071545 -17536.349538     21.052367  7  4  5  87       
PG26  19446.541280   7174.341423 -16765.258437    239.623994  5  5  3  57       
PG27  21171.192470   9624.473139  12988.027276   -340.629383  6  3     52       
PG28  -9187.067625 -13394.229363  21568.924011    701.505234  5  5  4  57       
PG29  -3378.093791  16969.925365 -20185.275280   -145.647718  5  5  2  55       
PG30  -3002.344615 -22512.650206  13636.792982   -257.840024  5  1  4  54       
PG31   9955.636162  14463.393352 -19832.571624    -54.259126  4  5  5  70       
PG32  15986.220939  20918.375544   4166.637122    313.569994  3  6  1  57       
*  2020  7  8 13 45  0.00000000
PG01  13971.622951 -16927.260485  14480.596469     22.949245  7  4  3  88       
PG02 -14126.918121  -5596.003462 -21152.602012   -484.158200  5  6  5  78       
PG03  22185.621469 -12361.499168  -7662.821477   -233.426306  4  5  4  74       
PG04  11441.694182 -10092.813105 -21729.202522   -112.222818  5  6  7  57       
PG05 -24295.157007      9.629528 -11105.837606    -16.242615  6  4  3  57       
PG06  -7933.097123 -18199.159078 -17570.772471   -300.226467  5  5  4  73       
PG07   5014.068138 -25773.915195   1606.527363   -322.535515  5  5  2  76       
PG08  19322.155835    445.491750  18341.534630    -40.275793  6  4  3  66       
PG09    -10.908283 -18385.864902 -19211.193806   -250.088331  4  4  5  52       
PG10   6558.531690  13762.002085  21850.075217   -393.813575  4  5  4  61       
PG11  14174.286514  -8334.413362  20408.927893   -226.912710  6  6  4  64       
PG12 -22944.482445  10789.819037  -7876.700817     96.356431  5  5  4  83       
PG13 -20468.045585  -9562.179973  13928.323746     24.950871  6  5  4  55       
PG14  18319.264766  19347.933408   -600.435799     -0.191009  5  3  2  54       
PG15 -19433.859369   2137.954777  17820.069667   -218.957751  6  5  3  60       
PG16  25378.902015    625.458304  -8766.339498   -180.156640  7  5  4  90       
PG17 -13393.455940 -21663.625177   8034.494220    292.776455  6  4  6 101       
PG18  -5607.941792  25908.998257   1368.324193    241.023855  7  8  4  73       
PG19 -17826.621654 -19717.398358   -615.415749   -134.792068  4  5  5  74       
PG20  -5628.943902  17824.560914  18706.201053    527.331252     4  4  73       
PG21   7165.083274  21585.559662  14732.124152     21.187206  5  2  4  83       
PG22  24727.219742  -9463.641471    742.921523   -773.410788  5     3  76       
PG24 -14363.212236  15277.411622  15882.047118    -15.376952  5  3  3  57       
PG25 -14567.200713  15814.801075 -15658.964031     21.056082  6  4  5  92       
PG26  17581.951332   7920.360189 -18391.819450    239.630120  5  4  3  76       
PG27  22024.636939  10688.180555  10565.215105   -340.638034  5  4     66       
PG28  -6852.983438 -13846.532923  22172.096778    701.501919  5  5  4  31       
PG29  -4980.583970  15244.531271 -21209.521352   -145.655401  5  5  3  39       
PG30  -2330.074207 -23809.562189  11347.688659   -257.846999  5  1  4  39       
PG31   9200.362235  16534.366040 -18491.845129    -54.261355  4  5  5  76       
PG32  15369.305632  20660.304774   6911.246454    313.575715  3  6  2  73       
*  2020  7  8 14  0  0.00000000
PG01  13772.693782 -15109.600880  16535.190125     22.953689  7  5  3  96       
PG02 -13763.858992  -8094.416363 -20596.771581   -484.163299  5  7  4  99       
PG03  22936.480888 -12370.464136  -4911.622970   -233.436778  5  6  4  67       
PG04  13237.243869  -8393.019956 -21433.701920   -112.227044  6  6  7  17       
PG05 -23081.623011   -678.877723 -13439.160769    -16.243390  6  4  4  57       
PG06  -7438.249231 -20047.345538 -15675.586630   -300.231278  5  4  4  73       
PG07   5322.013208 -25696.480766  -1262.324841   -322.543132  5  5  2  76       
PG08  20762.563930   1821.175195  16622.686241    -40.277114  6  4  3  79       
PG09   1788.889013 -17018.825053 -20357.732277   -250.094128  4  4  5  50       
PG10   4212.612208  14570.481734  21883.099343   -393.823117  4  4  4  72       
PG11  14882.066154  -5968.140210  20695.007374   -226.902946  7  6  4  84       
PG12 -23689.850888  10777.717191  -5106.671008     96.351939  5  4  3  89       
PG13 -21307.871089 -10787.849343  11608.011414     24.953871  6  5  5  77       
PG14  18107.192891  19478.208056   2241.270291     -0.188542  5  3  3  56       
PG15 -20962.185048    836.229729  16183.494482   -218.955396  6  5  3  81       
PG16  24341.284587   1034.586421 -11318.643729   -180.160960  6  5  3  47       
PG17 -12556.736534 -21072.098281  10663.153265    292.781943  6  4  5  86       
PG18  -5848.771178  25849.980903  -1496.169466    241.032634  7  8  6  87       
PG19 -17598.788062 -19755.770479   2277.411263   -134.787488  3  5  4  70       
PG20  -7575.335046  18592.531374  17197.448197    527.331118  2  5  4  58       
PG21   6809.640524  22990.799029  12516.101160     21.191200  5  1  5  78       
PG22  24663.114889  -9055.364441   3533.390467   -773.408405  5     3  83       
PG24 -14330.547014  13293.854122  17614.843998    -15.376111  5  3  3  73       
PG25 -16180.479427  16168.593104 -13513.300747     21.059935  6  4  5  91       
PG26  15601.098438   8818.061774 -19704.994945    239.636244  5  4  3  79       
PG27  22721.884859  11513.925422   7962.650749   -340.646743  4  5  2  64       
PG28  -4504.970532 -14439.637148  22413.018240    701.498838  6  5  3  58       
PG29  -6744.142931  13544.204991 -21870.056065   -145.663311  6  5  3  77       
PG30  -1782.573994 -24874.977241   8861.480492   -257.854015  5  2  4  76       
PG31   8588.180321  18478.112386 -16829.203341    -54.263870  4  5  5  77       
PG32  14511.812520  20236.024512   9538.255993    313.581388  3  6  2  58       
*  2020  7  8 14 15  0.00000000
PG01  13642.179563 -13066.999787  18296.547979     22.958207  6  5  2  88       
PG02 -13532.607473 -10519.143856 -19665.847507   -484.168407  4  7  4  94       
PG03  23393.082438 -12297.830573  -2075.496804   -233.447165  5  6  4  94       
PG04  15076.385959  -6823.509211 -20769.106094   -112.231203  6  5  7  65       
PG05 -21677.895565  -1530.831540 -15545.256349    -16.244025  6  3  4  78       
PG06  -7076.044893 -21690.850079 -13509.203786   -300.236085  4  4  4  59       
PG07   5588.576581 -25309.840193  -4108.698909   -322.550883  5  5  3  74       
PG08  22105.812858   2990.721972  14620.942084    -40.278600  6  4  3  49       
PG09   3743.543061 -15679.687932 -21155.330567   -250.100022  4  4  5  52       
PG10   1926.816977  15496.874015  21542.348496   -393.832826  4  3  4  53       
PG11  15695.994277  -3620.227162  20609.284774   -226.893633  7  6  4  79       
PG12 -24132.818920  10703.578337  -2248.400223     96.347517  6  4  4  75       
PG13 -22017.219098 -11772.117240   9087.783131     24.956546  5  4  5  78       
PG14  17669.143769  19404.176495   5044.987856     -0.186271  4  3  3  63       
PG15 -22376.014664   -283.078787  14266.356902   -218.953142  6  5  4  84       
PG16  23065.925372   1582.954217 -13682.669668   -180.165062  6  5  3  37       
PG17 -11475.251568 -20341.733055  13112.132799    292.787338  6  4  6  94       
PG18  -6041.708888  25484.475111  -4334.870450    241.041372  8  9  7  80       
PG19 -17134.478614 -19583.981445   5130.986605   -134.782916  3  5  4  65       
PG20  -9321.132381  19358.254392  15388.552404    527.331247  3  5  4  78       
PG21   6541.660243  24160.744445  10096.130985     21.195543  5  2  5  60       
PG22  24340.759822  -8503.683557   6262.717689   -773.406402  4  1  4  78       
PG24 -14378.013971  11132.903975  19035.925734    -15.375867  5  2  4  75       
PG25 -17539.155676  16508.912518 -11135.295099     21.063676  6  5  4  99       
PG26  13548.865884   9868.115046 -20681.942332    239.642536  4  4  4  80       
PG27  23224.692471  12114.772162   5224.978114   -340.655426  4  5  2  77       
PG28  -2189.456004 -15165.581276  22288.388910    701.495603  6  5  3  55       
PG29  -8640.118197  11910.208794 -22155.703553   -145.670948  6  6  4  85       
PG30  -1334.612629 -25679.614951   6221.143232   -257.860982  6  2  4  93       
PG31   8106.963639  20250.014812 -14872.602719    -54.265957  3  5  5  71       
PG32  13405.427457  19683.289704  12003.047243    313.587342  2  6  3  68       
*  2020  7  8 14 30  0.00000000
PG01  13609.000905 -10837.947674  19733.603693     22.962687  6  6  1  89       
PG02 -13424.133106 -12820.240262 -18377.820091   -484.173468  4  7  3  99       
PG03  23562.279581 -12106.106191    796.549048   -233.457655  6  6  5  79       
PG04  16916.741852  -5407.567470 -19746.960514   -112.235361  6  5  7  68       
PG05 -20124.036423  -2557.845861 -17388.575454    -16.244631  5  3  3  94       
PG06  -6821.877735 -23092.532188 -11109.149832   -300.240854  4  3  4  72       
PG07   5850.432154 -24614.697882  -6881.742973   -322.558899  5  5  3  99       
PG08  23308.264275   3954.942324  12370.708378    -40.279427  6  5  3  66       
PG09   5821.929926 -14404.067770 -21590.429569   -250.105908  4  4  5  69       
PG10   -255.687426  16518.031356  20832.882079   -393.842516  4  3  4  56       
PG11  16598.857780  -1335.456256  20152.359125   -226.883908  7  6  4  67       
PG12 -24277.073126  10528.291939    648.826000     96.343065  5  3  4  77       
PG13 -22556.276191 -12522.341892   6411.292249     24.959610  4  3  5  84       
PG14  16987.178262  19158.958347   7763.487017     -0.183564  4  3  3  31       
PG15 -23634.979230  -1223.085202  12103.071234   -218.950853  7  5  5 102       
PG16  21588.413887   2292.701147 -15819.134459   -180.169357  5  6  2  45       
PG17 -10147.973497 -19515.385706  15341.077990    292.792308  6  5  5  59       
PG18  -6224.495884  24813.485549  -7098.853446    241.050113  8 10  8  61       
PG19 -16413.180570 -19235.439013   7895.843156   -134.778434  2  5  4  72       
PG20 -10845.999691  20083.645898  13310.850180    527.330755  4  6  4  89       
PG21   6331.028179  25069.266118   7510.596912     21.199662  4  2  5  85       
PG22  23785.954983  -7783.930433   8883.947813   -773.404081  4  1  5  59       
PG24 -14525.963553   8835.707469  20120.637356    -15.377828  5  2  4  76       
PG25 -18628.983554  16795.936429  -8565.149219     21.067451  6  5  4  90       
PG26  11470.674432  11063.234311 -21305.447595    239.648717  4  5  4  88       
PG27  23499.456207  12511.375037   2398.864522   -340.664131  3  5  3  69       
PG28     49.244111 -16008.659430  21800.551838    701.492406  6  5  3  74       
PG29 -10633.079999  10378.701651 -22061.691929   -145.678860  5  6  4  91       
PG30   -956.298038 -26201.275979   3472.474368   -257.868033  6  2  4  67       
PG31   7737.367818  21809.656666 -12655.409111    -54.268270  3  6  5  76       
PG32  12050.043259  19041.969342  14263.766697    313.593053  2  6  4  64       
*  2020  7  8 14 45  0.00000000
PG01  13695.443868  -8466.867549  20821.248567     22.967189  6  6     85       
PG02 -13421.603587 -14951.644663 -16757.359236   -484.178678  3  7  3  77       
PG03  23459.432294 -11760.837449   3654.789927   -233.468104  6  6  5 103       
PG04  18713.382970  -4160.742438 -18384.957988   -112.239559  7  4  7  52       
PG05 -18462.910419  -3763.869162 -18937.938949    -16.245347  5  3  3  84       
PG06  -6645.308975 -24222.062349  -8516.993368   -300.245594  4  3  4  78       
PG07   6143.648491 -23621.062630  -9531.661627   -322.566977  4  4  4  98       
PG08  24328.691261   4722.869862   9910.471167    -40.279853  6  5  4  45       
PG09   7987.017622 -13222.249451 -21655.659006   -250.111705  4  4  4  86       
PG10  -2296.383730  17604.122361  19766.069678   -393.852211  4  2  4  79       
PG11  17566.716515    844.731109  19331.829256   -226.874111  7  6  4  47       
PG12 -24135.201739  10215.173005   3534.744057     96.338618  5  3  4  89       
PG13 -22888.953026 -13053.936975   3624.732824     24.962245  3  4  5  78       
PG14  16050.875432  18779.569690  10351.303746     -0.180852  3  3  3  70       
PG15 -24701.851125  -1994.500371   9731.961405   -218.948696  6  4  5  87       
PG16  19949.073610   3178.966841 -17692.406180   -180.173585  4  6  2  77       
PG17  -8582.369882 -18636.433572  17313.541131    292.797862  6  5  5  70       
PG18  -6434.293039  23846.909018  -9740.503386    241.058829  8 10  9  66       
PG19 -15422.503313 -18748.065083  10523.698648   -134.773644  3  5  4  71       
PG20 -12137.621199  20729.075746  11000.492026    527.330954  5  6  4  69       
PG21   6143.910776  25697.041800   4801.022472     21.203795  4  3  5  46       
PG22  23030.353309  -6877.342861  11352.246825   -773.401738  4  1  5  77       
PG24 -14787.851233   6447.413010  20850.493562    -15.377899  5  1  3  86       
PG25 -19444.341523  16989.198369  -5846.692067     21.071314  6  5  3  93       
PG26   9410.887586  12388.291230 -21564.247596    239.654869  4  5  5  75       
PG27  23518.522095  12730.977756   -467.771396   -340.672826  2  5  3  62       
PG28   2170.338084 -16945.950981  20957.441073    701.489401  5  5  4  55       
PG29 -12682.024611   8979.469279 -21589.725461   -145.686793  5  6  4  90       
PG30   -614.447022 -26425.690941    663.281115   -257.875040  6  2  4  95       
PG31   7453.719592  23122.323356 -10215.848391    -54.270337  2  6  5  55       
PG32  10453.939405  18352.449908  16282.008394    313.598800  2  6  4  70       
*  2020  7  8 15  0  0.00000000
PG01  13916.186114  -6002.508737  21540.788834     22.971655  6  6     81       
PG02 -13501.235439 -16872.851150 -14835.203518   -484.183983  3  6  3  59       
PG03  23107.726815 -11232.140336   6449.662100   -233.478617  6  6  5  82       
PG04  20420.455658  -3090.415521 -16706.627827   -112.243841  7  4  7  78       
PG05 -16738.638588  -5144.851531 -20167.037182    -16.245608  4  3  2  92       
PG06  -6511.429130 -25056.994874  -5777.612261   -300.250398  3  2  4  68       
PG07   6502.007832 -22347.964769 -12010.721536   -322.574423  4  4  4  86       
PG08  25129.817086   5311.205030   7282.150667    -40.281464  6  5  5  48       
PG09  10197.105717 -12158.109255 -21349.955974   -250.117594  4  4  4  60       
PG10  -4162.710070  18719.708938  18359.453038   -393.861915  4  3  4  73       
PG11  18569.813903   2883.734867  18162.185206   -226.864612  7  6  4  49       
PG12 -23728.171073   9731.604169   6359.004276     96.334281  4  4  5  75       
PG13 -22984.329272 -13389.563149    776.035537     24.965196  3  3  5  88       
PG14  14857.825736  18305.394484  12765.432388     -0.178400  3  4  4  48       
PG15 -25543.901466  -2614.945117   7194.530725   -218.946299  6  4  5  78       
PG16  18191.541073   4249.152055 -19271.042111   -180.177783  4  6  1  67       
PG17  -6794.245674 -17747.114627  18997.481488    292.802988  6  5  5  54       
PG18  -6706.051737  22603.216346 -12214.339074    241.067547  8 11  9  67       
PG19 -14158.894799 -18162.735820  12968.332907   -134.769047  3  5  3  56       
PG20 -13191.991858  21254.980195   8497.793438    527.330796  5  7  4  71       
PG21   5944.114638  26032.291147   2011.552906     21.207627  4  4  5  64       
PG22  22110.163447  -5771.959178  13625.653934   -773.400055  3  2  5  66       
PG24 -15169.642337   4015.550832  21213.481521    -15.378745  5  2  3  85       
PG25 -19988.351828  17049.289008  -3026.655176     21.075159  6  6  2  81       
PG26   7411.257906  13820.735881 -21453.259226    239.661081  3  5  5  77       
PG27  23261.275804  12806.181433  -3326.535863   -340.681557  2  4  4  48       
PG28   4137.847336 -17948.107107  19772.474968    701.485891  5  5  4  74       
PG29 -14741.797606   7734.909448 -20747.949531   -145.694416  4  6  5  88       
PG30   -274.093139 -26347.070462  -2157.477712   -257.882018  6  2  4  76       
PG31   7225.178881  24160.299449  -7596.346747    -54.272806  2  6  5  58       
PG32   8633.651066  17654.032723  18023.441188    313.604498  3  5  5  66       
*  2020  7  8 15 15  0.00000000
PG01  14277.652633  -3496.175669  21880.263539     22.976137  5  6     79       
PG02 -13633.442992 -18550.323000 -12647.421788   -484.189214  3  6  3  55       
PG03  22537.197679 -10496.061601   9132.642986   -233.489101  6  7  5  84       
PG04  21992.851834  -2195.697126 -14740.925472   -112.248067  7  3  7  73       
PG05 -14995.015566  -6688.713336 -21054.858272    -16.246295  4  3  2  81       
PG06  -6382.399158 -25583.543366  -2938.402761   -300.255164  3  2  5  81       
PG07   6955.413730 -20822.802285 -14274.226741   -322.582405  4  4  4  76       
PG08  25679.713658   5743.472978   4530.408128    -40.282496  5  6  5  53       
PG09  12407.248325 -11228.293267 -20678.579140   -250.123519  4  4  4  71       
PG10  -5829.144095  19825.060490  16636.500948   -393.871604  4  5  5  61       
PG11  19573.756279   4751.092637  16664.533926   -226.854864  7  6  4  62       
PG12 -23084.475923   9050.537093   9072.084398     96.329815  4  4  5  91       
PG13 -22817.904733 -13558.050988  -2085.955738     24.968020  2  3  5  90       
PG14  13413.831910  17776.597874  14965.963047     -0.175817  2  4  4  55       
PG15 -26134.077583  -3108.009428   4534.704742   -218.943864  6  4  5  72       
PG16  16361.234530   5502.459750 -20528.276433   -180.182000  4  6     56       
PG17  -4807.289288 -16886.939695  20365.691174    292.808508  6  4  5  68       
PG18  -7070.976434  21108.814340 -14477.797879    241.076195  8 11 10  87       
PG19 -12628.023772 -17521.597362  15186.450597   -134.764622  3  5  3  39       
PG20 -14013.378975  21623.487823   5846.502535    527.330569  5  7  4  77       
PG21   5694.571642  26071.270059   -811.634818     21.212075  4  5  5  48       
PG22  21064.702798  -4463.244189  15665.767404   -773.397257  3  3  5  62       
PG24 -15669.538959   1588.332720  21204.226493    -15.378431  5  2  3  55       
PG25 -20272.664660  16939.546291   -153.874052     21.079007  6  6  1  89       
PG26   5509.472977  15331.314514 -20973.709244    239.667184  3  5  6  75       
PG27  22714.976454  12773.528728  -6129.330070   -340.690300  1  4  4  38       
PG28   5921.731200 -18980.369252  18264.394358    701.482877  4  5  5  86       
PG29 -16764.683446   6659.310084 -19550.809368   -145.702333  3  6  5  87       
PG30     99.928491 -25968.332438  -4940.577657   -257.888968  6  3  3  95       
PG31   7017.129123  24903.904560  -4842.771632    -54.274928  2  6  5  48       
PG32   6613.531838  16983.384676  19458.372163    313.610246  3  5  5  61       
*  2020  7  8 15 30  0.00000000
PG01  14777.726006   -999.867617  21834.618185     22.980561  5  6  2  60       
PG02 -13784.225520 -19958.594318 -10234.576576   -484.194387  3  5  3  67       
PG03  21783.490132  -9535.714655  11657.116822   -233.499604  6  7  5  90       
PG04  23387.861272  -1467.647482 -12521.729881   -112.252234  8  3  6  91       
PG05 -13273.948149  -8375.617899 -21586.039321    -16.246711  4  3  3  77       
PG06  -6219.109319 -25797.029259    -48.446079   -300.259975  3  3  5  84       
PG07   7528.460670 -19080.340872 -16281.435062   -322.590323  4  4  4  43       
PG08  25953.009153   6048.928862   1701.915255    -40.282990  5  6  5  67       
PG09  14570.807168 -10441.683947 -19653.018631   -250.129371  4  4  3  87       
PG10  -7278.021340  20877.657630  14626.257247   -393.881190  4  5  5  92       
PG11  20540.908226   6423.512054  14866.165596   -226.845518  6  6  4  71       
PG12 -22238.993853   8151.788940  11626.205573     96.325372  3  4  5  89       
PG13 -22372.610306 -13593.099373  -4912.312647     24.971180  2  3  5  56       
PG14  11732.815206  17232.538458  16916.659607     -0.173396  2  4  4  43       
PG15 -26451.961108  -3502.100309   1798.062378   -218.941777  6  4  5  78       
PG16  14503.763642   6929.733973 -21442.452453   -180.186492  4  6     77       
PG17  -2652.342697 -16091.230226  21396.147610    292.813166  5  4  5  69       
PG18  -7555.139571  19397.112795 -16491.967789    241.084921  7 11 10  82       
PG19 -10844.804911 -16866.323463  17138.510203   -134.759870  4  5  3  56       
PG20 -14613.956858  21799.991881   3092.999600    527.330656  6  8  4  87       
PG21   5358.902995  25818.497387  -3620.995199     21.215849  4  6  5  93       
PG22  19934.858285  -2954.425969  17438.355229   -773.395265  2  4  5  72       
PG24 -16278.036557   -787.057074  20824.020798    -15.378821  5  2  3  67       
PG25 -20316.909683  16627.665797   2721.571897     21.082762  6  6     91       
PG26   3737.856751  16885.060156 -20133.159784    239.673334  4  6  6  75       
PG27  21875.306743  12671.957328  -8829.105062   -340.698999  2  3  4  46       
PG28   7498.812002 -20003.789026  16457.044479    701.479634  4  5  5  83       
PG29 -18702.101675   5758.446706 -18018.804967   -145.710139  2  6  5  81       
PG30    541.384586 -25300.995930  -7637.423966   -257.895966  6  3  3  91       
PG31   6792.739464  25342.220928  -2003.588171    -54.277277  2  7  5  47       
PG32   4425.025535  16373.099800  20562.238417    313.615935  3  5  6  73       
*  2020  7  8 15 45  0.00000000
PG01  15405.819796   1435.591962  21405.733898     22.985006  5  6  3  65       
PG02 -13916.723223 -21081.020591  -7640.820128   -484.199360  3  4  4  77       
PG03  20886.411802  -8342.143257  13979.208607   -233.510110  6  7  5  98       
PG04  24566.742211   -889.813234 -10087.257529   -112.256413  8  3  6  95       
PG05 -11613.971322 -10178.540103 -21751.135351    -16.247719  4  4  3  92       
PG06  -5982.889578 -25701.986912   2842.351935   -300.264702  3  3  5  77       
PG07   8239.232002 -17161.410215 -17996.388472   -322.598051  4  4  4  67       
PG08  25931.861378   6261.252214  -1155.403737    -40.284135  5  5  5  72       
PG09  16641.076597  -9799.174539 -18290.803090   -250.135262  4  5  3  77       
PG10  -8500.053493  21833.829491  12362.884240   -393.890867  4  6  5  83       
PG11  21431.939966   7885.592494  12799.973368   -226.835733  6  6  4  77       
PG12 -21231.586601   7023.076796  13976.230688     96.321079  3  5  5  91       
PG13 -21639.542139 -13531.801260  -7654.842843     24.973949  2  3  5  82       
PG14   9836.434293  16710.234901  18585.475424     -0.170794  3  4  5  63       
PG15 -26484.476849  -3829.127166   -968.931283   -218.939512  5  4  5  97       
PG16  12663.333960   8513.605129 -21997.394067   -180.190609  4  6     87       
PG17   -366.423709 -15389.829019  22072.293642    292.818880  5  3  5  53       
PG18  -8178.303073  17507.332917 -18222.254261    241.093665  7 11 10  92       
PG19  -8833.058468 -16236.385894  18789.499275   -134.755224  5  5  3  50       
PG20 -15013.130162  21754.604165    285.445731    527.330379  6  8  4  82       
PG21   4903.008774  25286.693227  -6368.349514     21.220299  4  6  5   3       
PG22  18761.514702  -1256.534318  18913.883770   -773.393210  3  5  5  70       
PG24 -16978.303179  -3066.109846  20080.720587    -15.380754  6  2  3  82       
PG25 -20147.831886  16087.163540   5549.264934     21.086499  6  6    107       
PG26   2122.277022  18442.521412 -18945.425940    239.679545  4  6  7  83       
PG27  20746.621913  12541.179438 -11380.593082   -340.707697  2  3  4  70       
PG28   8853.469664 -20976.613278  14379.098436    701.476639  4  5  5  88       
PG29 -20506.345991   5029.513680 -16178.146075   -145.717792  2  6  5  76       
PG30   1081.101316 -24364.745086 -10200.937358   -257.902932  6  3  3  92       
PG31   6514.633448  25473.478429    871.050719    -54.279746  1  7  5  77       
PG32   2105.672755  15850.425201  21316.020126    313.621695  3  5  6  73       
*  2020  7  8 16  0  0.00000000
PG01  16143.307357   3762.359020  20602.316183     22.989420  5  6  3  83       
PG02 -13992.868038 -21910.158387  -4912.953612   -484.204179  4  3  4  71       
PG03  19888.331298  -6914.876973  16058.569682   -233.520633  5  7  6  92       
PG04  25496.150146   -439.057933  -7479.403182   -112.260604  8  3  5  89       
PG05 -10048.895748 -12064.112481 -21546.801209    -16.247964  4  4  3  92       
PG06  -5637.203562 -25311.922377   5684.132046   -300.269491  4  4  5  83       
PG07   9098.381734 -15111.354106 -19388.633257   -322.605833  4  4  4  54       
PG08  25606.661790   6417.079240  -3993.147290    -40.285710  4  4  5  72       
PG09  18572.919698  -9293.759402 -16615.206820   -250.141164  4  4  3  88       
PG10  -9494.523253  22650.462072   9885.106140   -393.900533  4  7  6  72       
PG11  22207.455327   9130.205424  10503.745159   -226.826346  6  5  5  80       
PG12 -20105.503626   5660.743029  16080.524108     96.316618  3  5  4  82       
PG13 -20618.393038 -13413.054398 -10266.889528     24.976973  3  3  5  47       
PG14   7753.433130  16242.939100  19945.004632     -0.168096  3  4  5  61       
PG15 -26226.332693  -4123.077397  -3719.679109   -218.937108  5  4  5  62       
PG16  10881.201035  10228.940723 -22182.710515   -180.194906  5  6  2  97       
PG17   2008.464573 -14806.024831  22383.246464    292.824528  5  3  4  78       
PG18  -8952.992483  15483.103383 -19638.970645    241.102376  6 11 10  88       
PG19  -6624.811436 -15667.409848  20109.636005   -134.750448  5  5  3  60       
PG20 -15236.574797  21463.430518  -2527.100897    527.330447  6  8  4  76       
PG21   4296.623786  24496.416716  -9005.688465     21.224344  3  7  5  52       
PG22  17584.010081    611.856973  20067.959507   -773.390858  2  5  5  65       
PG24 -17746.860578  -5208.513987  18988.518240    -15.380911  6  2  3  85       
PG25 -19798.142468  15298.627451   8279.381657     21.090172  5  6  1  84       
PG26    681.302657  19961.184927 -17430.383530    239.685740  5  7  7  79       
PG27  19341.890376  12420.045631 -13741.007761   -340.716396  2  3  4  76       
PG28   9978.080588 -21855.792756  12063.719347    701.473167  5  6  5  99       
PG29 -22132.300817   4461.391355 -14060.312535   -145.725728  2  6  5  95       
PG30   1745.540048 -23186.680383 -12586.411371   -257.909995  6  4  3  79       
PG31   6146.592904  25305.077686   3730.259341    -54.281948     7  5  71       
PG32   -302.112493  15436.199066  21706.568562    313.627472  3  4  6  57       
*  2020  7  8 16 15  0.00000000
PG01  16964.282978   5937.232750  19439.651179     22.993868  5  6  3  85       
PG02 -13975.054935 -22447.772736  -2099.478036   -484.209458  4  3  5  76       
PG03  18832.487809  -5262.154885  17859.099241   -233.531164  5  7  6  78       
PG04  26149.370170    -86.653272  -4743.018876   -112.264824  8  3  5  85       
PG05  -8606.636589 -13993.720467 -20975.882223    -16.248810  4  5  4  81       
PG06  -5149.259106 -24648.736626   8427.947849   -300.274207  4  4  5  76       
PG07  10108.541791 -12978.304064 -20433.809921   -322.613904  3  5  4  97       
PG08  24976.444627   6554.427422  -6763.218667    -40.286844  3  4  5  67       
PG09  20324.354080  -8910.936551 -14654.861367   -250.146935  5  4  3  85       
PG10 -10269.144886  23286.710816   7235.559694   -393.910223  4  8  6  90       
PG11  22829.625493  10158.520091   8019.350844   -226.816577  6  5  5  84       
PG12 -18905.652428   4070.137149  17901.752095     96.312342  4  5  4  80       
PG13 -19317.566778 -13275.918088 -12704.098232     24.979839  3  4  5  62       
PG14   5518.742260  15858.863616  20972.867560     -0.165728  2  4  5  64       
PG15 -25680.180845  -4418.536437  -6408.183440   -218.934739  5  5  5  57       
PG16   9194.228492  12043.590802 -21994.028004   -180.199542  4  7  2  98       
PG17   4426.696356 -14355.724705  22323.936324    292.829408  5  2  5  71       
PG18  -9883.859734  13370.898315 -20717.842394    241.111110  6 10 10  92       
PG19  -4259.263138 -15189.684688  21074.978007   -134.745930  5  5  3  56       
PG20 -15315.037184  20909.615791  -5295.581906    527.330583  5  9  5  71       
PG21   3514.776510  23475.401700 -11486.032927     21.228138  2  7  5  63       
PG22  16438.675024   2625.171163  20881.680900   -773.388815  2  5  5  77       
PG24 -18554.534280  -7179.491889  17567.600994    -15.381980  6  2  3  95       
PG25 -19305.128713  14250.701370  10863.632135     21.093851  5  6  3  88       
PG26   -574.354667  21397.038572 -15613.667079    239.691959  5  8  7  77       
PG27  17682.329034  12344.951362 -15870.706091   -340.725039  3  3  4  84       
PG28  10873.181974 -22598.567955   9548.157864    701.470090  6  6  5  84       
PG29 -23539.070644   4035.238475 -11701.526659   -145.733533  2  6  5  82       
PG30   2555.550206 -21800.287721 -14752.323056   -257.917000  6  4  3 100       
PG31   5655.223206  24853.248219   6523.396081    -54.284322     7  5  58       
PG32  -2752.452416  15144.041021  21726.843527    313.633165  2  4  6  86       
*  2020  7  8 16 30  0.00000000
PG01  17836.618530   7923.114962  17939.240506     22.998283  5  5  3  87       
PG02 -13827.762816 -22704.487519    750.337858   -484.214478  5  3  5  92       
PG03  17761.279458  -3400.807548  19349.587460   -233.541674  5  7  6  78       
PG04  26507.305813    200.412060  -1925.143491   -112.269029  8  4  5  79       
PG05  -7308.267692 -15924.809295 -20047.409986    -16.248994  4  5  4  66       
PG06  -4491.472026 -23741.837129  11026.611384   -300.278949  4  5  5  70       
PG07  11264.080132 -10811.354317 -21114.098024   -322.621714  3  5  4 102       
PG08  24048.985886   6711.070587  -9418.604918    -40.288707  2  3  5  81       
PG09  21858.027673  -8629.406888 -12443.277267   -250.152831  4  4  3  74       
PG10 -10839.592875  23705.648974   4460.061714   -393.919885  4  8  6  82       
PG11  23263.754760  10979.679155   5391.851502   -226.807040  6  4  5  76       
PG12 -17676.807086   2265.634303  19407.604059     96.308241  4  6  4  78       
PG13 -17753.972615 -13157.978303 -14925.140000     24.982548  4  4  5  84       
PG14   3172.365222  15580.105517  21652.028972     -0.163153  3  5  5  83       
PG15 -24856.500437  -4749.206429  -8989.747329   -218.932431  5  5  5  69       
PG16   7633.602375  13919.407361 -21433.141306   -180.203968  4  7  3  96       
PG17   6840.512535 -14046.900113  21895.175495    292.834514  4  3  4  81       
PG18 -10967.359347  11218.377257 -21440.416991    241.119794  6 10  9  95       
PG19  -1781.453454 -14826.895041  21667.920915   -134.741360  5  5  4  84       
PG20 -15282.942653  20084.116073  -7971.829416    527.330450  5  9  5  67       
PG21   2539.086091  22257.600884 -13764.338589     21.232116  2  8  5  61       
PG22  15357.508547   4751.630107  21341.898902   -773.386331  2  5  5  89       
PG24 -19367.629523  -8950.903475  15843.708477    -15.380840  6  3  4  72       
PG25 -18709.078502  12940.755765  13256.183502     21.097533  4  5  3  97       
PG26  -1642.090189  22706.215838 -13526.260270    239.698169  5  8  7  83       
PG27  15796.746390  12348.342640 -17733.805543   -340.733699  4  4  3  86       
PG28  11547.350040 -23164.081602   6873.281907    701.467117  7  7  5  75       
PG29 -24691.460558   3725.387057  -9142.145653   -145.741015  2  6  4  86       
PG30   3525.350652 -20244.167685 -16661.080123   -257.923945  6  5  3 105       
PG31   5011.507272  24142.355267   9201.037727    -54.286675     7  5  38       
PG32  -5197.550581  14979.826222  21376.055497    313.638883  3  4  6  79       
*  2020  7  8 16 45  0.00000000
PG01  18723.267366   9690.210844  16128.328263     23.002696  4  4  2  75       
PG02 -13519.060845 -22699.108513   3587.351594   -484.219751  5  4  5 102       
PG03  16714.598962  -1355.801152  20504.267739   -233.552214  5  7  6  93       
PG04  26559.186702    457.957341    925.803888   -112.273251  9  4  5  91       
PG05  -6167.337762 -17812.356878 -18776.500475    -16.249651  4  4  4  74       
PG06  -3642.725950 -22626.973688  13435.503308   -300.283739  5  5  5  79       
PG07  12551.217778  -8658.719691 -21418.506849   -322.629535  3  6  3  89       
PG08  22840.587760   6922.924430 -11914.142297    -40.289858  1  3  5  87       
PG09  23142.528752  -8422.043405 -10018.283123   -250.158681  4  4  3  89       
PG10 -11228.714750  23875.784528   1606.805849   -393.929579  4  9  6  90       
PG11  23479.709612  11610.145936   2668.559105   -226.797305  6  4  5  69       
PG12 -16461.829973    270.286335  20571.416557     96.304127  5  6  4  76       
PG13 -15952.509019 -13093.782478 -16892.381215     24.985569  4  5  5  83       
PG14    758.087986  15421.802298  21971.047864     -0.160538  3  5  5  77       
PG15 -23773.210635  -5146.475748 -11421.639432   -218.930000  5  6  5  50       
PG16   6223.750351  15813.507127 -20508.078241   -180.208394  4  7  3  92       
PG17   9201.588037 -13879.324827  21103.657466    292.839839  4  3  4  80       
PG18 -12191.750567   9072.690788 -21794.373141    241.128508  5  9  8  95       
PG19    759.314079 -14595.128618  21877.571854   -134.737009  5  5  4  91       
PG20 -15176.871428  18986.168032 -10509.431940    527.330072  4  8  6  79       
PG21   1358.833591  20881.962532 -15798.425000     21.236481  2  8  6  83       
PG22  14367.036922   6954.284767  21441.385968   -773.384397  2  5  5  83       
PG24 -20149.282135 -10502.078616  13847.603207    -15.381129  6  5  5 103       
PG25 -18051.584397  11375.212481  15414.545356     21.101176  4  5  3  80       
PG26  -2527.335029  23846.657532 -11203.983476    239.704368  5  8  7  85       
PG27  13720.616072  12457.373986 -19298.749890   -340.742276  4  5  3  87       
PG28  12016.788792 -23514.963972   4083.036058    701.463961  7  7  4  91       
PG29 -25561.251694   3500.505443  -6425.983401   -145.748568  1  6  4  64       
PG30   4661.781198 -18560.577149 -18279.689404   -257.930877  6  5  3  90       
PG31   4192.180542  23203.885088  11715.926720    -54.289028     6  5  53       
PG32  -7589.316549  14941.464470  20659.708750    313.644622  3  5  6  94       
*  2020  7  8 17  0  0.00000000
PG01  19583.758432  11216.929319  14039.335430     23.007135  4  4  2  78       
PG02 -13021.944965 -22457.660238   6363.386283   -484.225101  6  5  5  90       
PG03  15728.283074    840.538395  21303.267574   -233.562758  5  6  6  81       
PG04  26302.968174    723.026313   3760.853034   -112.277367  8  4  5  67       
PG05  -5189.476271 -19610.460143 -17184.152722    -16.250094  5  4  4  73       
PG06  -2589.379354 -21344.844929  15613.333740   -300.288348  5  5  6  90       
PG07  13948.495459  -6565.957184 -21343.008795   -322.637259  3  6  4  93       
PG08  21375.555129   7222.502376 -14207.257800    -40.290354  2  3  5  88       
PG09  24153.480403  -8257.093334  -7421.390494   -250.164606  4  4  3  85       
PG10 -11465.457532  23772.382644  -1274.496656   -393.939274  4  9  7  82       
PG11  23453.151139  12072.760119   -101.924840   -226.787806  5  5  4  77       
PG12 -15299.981612  -1884.882367  21372.684408     96.299662  5  6  4  78       
PG13 -13945.256686 -13113.402175 -18572.491274     24.988752  4  5  5  84       
PG14  -1677.945451  15391.548240  21924.257247     -0.158151  2  6  5  81       
PG15 -22455.031763  -5638.088429 -13663.717780   -218.927972  4  6  5  91       
PG16   4981.508939  17679.737618 -19233.070031   -180.212610  4  7  4  78       
PG17  11462.625976 -13844.613847  19961.885591    292.844908  4  2  4  88       
PG18 -13537.425391   6978.816435 -21773.724607    241.137221  5  8  8 106       
PG19   3311.230180 -14502.205452  21699.986164   -134.732218  5  6  4  89       
PG20 -15033.965426  17623.437830 -12864.557799    527.330018  3  8  5  88       
PG21    -28.251501  19390.977999 -17549.904418     21.240305  3  8  5  79       
PG22  13487.394745   9192.235756  21178.914387   -773.382016  2  5  5  87       
PG24 -20860.928136 -11820.352696  11614.468806    -15.380559  6  5  5  90       
PG25 -17373.798722   9569.505796  17300.394588     21.104820  4  5  3 108       
PG26  -3243.164962  24779.724941  -8686.885531    239.710661  4  8  6  64       
PG27  11494.912282  12692.766834 -20538.817426   -340.750928  5  5  2  95       
PG28  12304.635089 -23618.835138   1223.829309    701.460177  7  8  4  82       
PG29 -26128.222857   3324.984998  -3599.572168   -145.756369     6  3  95       
PG30   5963.854234 -16793.842902 -19580.333698   -257.937894  5  5  4  99       
PG31   3180.867463  22075.153200  14023.867786    -54.291219     6  5  85       
PG32  -9881.010385  15018.994614  19589.542792    313.650361  3  5  6  84       
*  2020  7  8 17 15  0.00000000
PG01  20375.817693  12490.454775  11709.217873     23.011634  4  3  3  69       
PG02 -12315.459900 -22012.186176   9032.003352   -484.230232  6  6  5  90       
PG03  14832.737343   3149.590788  21732.949940   -233.573309  5  6  6  77       
PG04  25745.407818   1032.257040   6531.319977   -112.281568  8  4  6  77       
PG05  -4372.306674 -21273.977085 -15296.947499    -16.251055  5  4  4  71       
PG06  -1325.981102 -19939.530347  17522.841195   -300.293065  4  5  6  82       
PG07  15427.564270  -4574.326889 -20890.518101   -322.645068  4  6  3  95       
PG08  19685.381649   7637.499562 -16258.676398    -40.291446  2  4  4  93       
PG09  24874.377554  -8099.567187  -4697.094416   -250.170528  4  4  3  72       
PG10 -11583.549730  23378.537709  -4133.515362   -393.948964  4  9  7  80       
PG11  23166.522270  12395.551195  -2870.664589   -226.778330  5  5  4  36       
PG12 -14225.390026  -4161.906242  21797.446434     96.295202  6  6  4  86       
PG13 -11770.411165 -13241.176772 -19936.980373     24.991873  4  5  4  85       
PG14  -4088.744091  15489.091646  21511.872044     -0.155341  2  6  5  94       
PG15 -20932.619367  -6246.958020 -15679.008730   -218.925321  5  6  5  90       
PG16   3915.574620  19470.297577 -17628.421057   -180.216869  4  6  4  85       
PG17  13578.926277 -13926.563905  18488.029883    292.850450  4  2  4  88       
PG18 -14977.549901   4977.988143 -21378.915809    241.145959  5  8  7 108       
PG19   5821.845754 -14547.359198  21138.259601   -134.727643  5  6  4 104       
PG20 -14890.331200  16011.845693 -14996.720167    527.330233  3  7  6  91       
PG21  -1615.539764  17829.052410 -18985.081421     21.244446  3  8  6  75       
PG22  12731.659020  11421.999068  20559.245543   -773.379786  2  5  4  75       
PG24 -21463.833105 -12901.291939   9183.250845    -15.381434  6  6  6  90       
PG25 -16714.714055   7547.678286  18880.318599     21.108423  4  5  3  96       
PG26  -3809.602705  25471.699719  -6018.549478    239.716997  4  8  6  88       
PG27   9164.746704  13067.910163 -21432.565246   -340.759570  5  6     92       
PG28  12439.995583 -23449.667645  -1656.148234    701.457152  7  8  4  89       
PG29 -26380.878914   3160.497237   -711.375855   -145.764453  1  6  3  85       
PG30   7422.623759 -14988.711679 -20540.846609   -257.944859  5  5  4  92       
PG31   1968.931281  20797.792377  16084.552391    -54.293358     6  5  80       
PG32 -12028.846059  15194.992923  18183.370688    313.656072  3  6  6  97       
*  2020  7  8 17 30  0.00000000
PG01  21057.050985  13506.975910   9178.764404     23.016136  4  2  3  60       
PG02 -11385.573079 -21399.367289  11549.201056   -484.235258  6  6  6  82       
PG03  14051.790344   5527.753812  21786.139479   -233.583840  5  6  6  78       
PG04  24901.816242   1420.268623   9189.638583   -112.285727  8  4  7  56       
PG05  -3705.673435 -22760.163441 -13146.647046    -16.251521  4  5  4  42       
PG06    144.332655 -18456.809080  19131.418394   -300.297870  4  5  6  83       
PG07  16954.260485  -2719.359097 -20070.722693   -322.653371  4  6  4  93       
PG08  17807.673415   8189.558652 -18033.083531    -40.293086  3  5  4  90       
PG09  25297.134195  -7912.761328  -1892.120538   -250.176427  4  4  3  82       
PG10 -11619.991731  22685.948781  -6920.219623   -393.958704  4  9  7  87       
PG11  22609.754540  12610.367977  -5589.314900   -226.768853  5  6  4  63       
PG12 -13265.743841  -6517.194541  21838.536929     96.291171  6  6  4 104       
PG13  -9470.994511 -13494.684494 -20962.660599     24.995190  4  6  4  84       
PG14  -6428.017409  15706.324853  20740.022780     -0.152943  3  7  4  94       
PG15 -19241.502615  -6990.165033 -17434.238056   -218.923065  5  6  6 106       
PG16   3026.265744  21137.455192 -15720.272572   -180.221300  4  6  4  91       
PG17  15509.876433 -14101.786954  16705.710152    292.855583  4  2  4  82       
PG18 -16478.994320   3106.278737 -20616.808092    241.154669  5  7  7  97       
PG19   8239.967327 -14721.285286  20202.472574   -134.722981  5  6  5  89       
PG20 -14779.503622  14175.075851 -16869.470024    527.329667  3  6  5  92       
PG21  -3387.422711  16240.763575 -20075.790895     21.248677  3  8  6  46       
PG22  12105.458009  13598.967748  19593.032284   -773.377636  2  5  4  79       
PG24 -21920.621987 -13748.607259   6595.954787    -15.381723  6  6  6  82       
PG25 -16109.543008   5341.626488  20126.457933     21.112117  4  4  3  89       
PG26  -4252.640081  25895.109050  -3245.324400    239.723450  4  8  5  57       
PG27   6777.853325  13588.237494 -21964.203188   -340.768250  5  7     98       
PG28  12456.741566 -22988.954265  -4507.676558    701.453762  7  8  3  83       
PG29 -26316.857499   2967.661437   2189.032525   -145.772185  1  6  3  93       
PG30   9021.375785 -13188.702898 -21145.077670   -257.951830  5  5  4  97       
PG31    556.002390  19416.086505  17862.292290    -54.295585     6  5  76       
PG32 -13993.493378  15445.282344  16464.814277    313.661768  4  6  6  80       
*  2020  7  8 17 45  0.00000000
PG01  21586.622305  14271.571145   6491.850999     23.020572  4  3  4  75       
PG02 -10225.778213 -20659.016440  13874.035005   -484.240320  6  7  6  90       
PG03  13401.821849   7927.950964  21462.230331   -233.594378  5  6  6  87       
PG04  23795.491882   1918.127559  11690.172284   -112.289946  8  4  7  73       
PG05  -3172.177560 -24030.241672 -10769.698673    -16.252092  4  5  4  75       
PG06   1809.774968 -16942.430432  20411.655328   -300.302620  4  5  6  81       
PG07  18489.913071  -1029.682657 -18899.781262   -322.661115  4  6  4  86       
PG08  15784.847836   8893.265243 -19499.732502    -40.294441  4  5  3  96       
PG09  25422.319299  -7659.855288    945.368967   -250.182358  4  4  3  86       
PG10 -11613.416175  21695.364389  -9585.798503   -393.968436  4  9  7  76       
PG11  21780.673305  12751.388027  -8210.994331   -226.759381  5  7  4  68       
PG12 -12441.263314  -8903.076877  21495.697857     96.286643  6  6  4  85       
PG13  -7093.393069 -13883.978794 -21632.024418     24.998038  4  6  4  94       
PG14  -8651.707356  16027.569979  19620.712357     -0.150219  2  7  5  76       
PG15 -17420.863900  -7878.170835 -18900.311519   -218.920585  5  6  6 101       
PG16   2305.611452  22635.301311 -13540.256549   -180.225767  4  5  4  90       
PG17  17220.313348 -14340.618920  14643.703437    292.860924  5  2  4  97       
PG18 -18003.516199   1393.388821 -19500.557302    241.163383  5  7  7  96       
PG19  10517.501863 -15006.554050  18909.487505   -134.718487  5  6  4  96       
PG20 -14731.031133  12143.793754 -18451.005419    527.330092  3  6  5  93       
PG21  -5319.626786  14669.084625 -20800.140518     21.252943  3  8  5  55       
PG22  11606.867005  15678.917538  18296.636978   -773.375210  3  5  3  87       
PG24 -22196.752003 -14373.766966   3896.914804    -15.382294  6  6  6 103       
PG25 -15588.266814   2990.027312  21017.032415     21.115740  4  4  4  61       
PG26  -4603.018553  26029.821281   -415.497795    239.729762  3  8  5  65       
PG27   4382.973363  14250.905471 -22123.890977   -340.776915  5  7  1  94       
PG28  12392.098370 -22226.628931  -7281.318512    701.450598  6  7  3  55       
PG29 -25942.997655   2707.758309   5051.815689   -145.779740  1  7  2  78       
PG30  10736.130860 -11434.529403 -21383.142823   -257.958786  5  5  4  94       
PG31  -1049.834554  17975.222257  19326.646912    -54.297711     5  5  78       
PG32 -15741.421037  15739.917906  14462.937909    313.667491  4  6  6  90       
*  2020  7  8 18  0  0.00000000
PG01  21926.863942  14797.763074   3694.666483     23.024997  3  4  4  76       
PG02  -8837.417025 -19832.506584  15969.160032   -484.245588  5  7  6  89       
PG03  12891.198051  10301.274726  20767.174932   -233.604917  5  5  5  88       
PG04  22456.861639   2551.953391  13989.992377   -112.294080  8  4  8  79       
PG05  -2748.003331 -25050.841033  -8206.647124    -16.253067  4  5  4  76       
PG06   3650.179840 -15440.402470  21341.791553   -300.307348  4  4  6  89       
PG07  19992.824101    473.844156 -17399.901012   -322.668761  4  6  4  94       
PG08  13662.653959   9755.412898 -20632.986498    -40.295966  4  5  2  96       
PG09  25259.071686  -7305.521864   3766.597697   -250.188255  4  4  3  83       
PG10 -11602.385990  20416.676407 -12083.561421   -393.978214  4  9  7  85       
PG11  20685.094354  12853.572764 -10691.090321   -226.750118  5  7  4  90       
PG12 -11763.990796 -11269.513476  20775.550826     96.282191  6  6  4  92       
PG13  -4685.774525 -14411.118578 -21933.535534     25.001151  4  6  4  80       
PG14 -10719.452580  16430.154045  18171.692983     -0.147560  3  7  4  81       
PG15 -15512.200842  -8914.274031 -20052.742351   -218.918320  6  5  6  99       
PG16   1737.771798  23921.470664 -11125.038064   -180.230119  5  4  4  91       
PG17  18681.707884 -14608.276843  12335.573784    292.865878  5  3  5  91       
PG18 -19509.151485   -138.312492 -18049.385050    241.172085  4  6  7  96       
PG19  12611.173237 -15378.370304  17282.604914   -134.713669  5  6  4  80       
PG20 -14769.237467   9954.603951 -19714.688046    527.329621  4  6  5  94       
PG21  -7379.921552  13153.652589 -21143.124378     21.257032  4  7  5  60       
PG22  11226.593403  17619.503360  16691.868199   -773.373120  3  6  3  94       
PG24 -22261.875121 -14795.329157   1132.046132    -15.382810  6  6  6 124       
PG25 -15174.414582    536.990501  21536.738446     21.119426  4  4  5  71       
PG26  -4894.817090  25863.865999   2421.575185    239.736031  3  7  4  73       
PG27   2028.196693  15044.789415 -21907.952116   -340.785542  5  7  2  96       
PG28  12285.076419 -21161.694734  -9928.284158    701.447169  6  6  3  94       
PG29 -25275.066868   2344.423151   7827.725155   -145.787559  2  7  2  74       
PG30  12536.436899  -9762.647802 -21251.558065   -257.965802  5  5  3  95       
PG31  -2832.199140  16519.532758  20452.933279    -54.300006     5  5  81       
PG32 -17246.028526  16044.412623  12211.784105    313.673249  4  6  6  69       
*  2020  7  8 18 15  0.00000000
PG01  22044.759537  15106.766172    834.923777     23.029387  3  5  4  82       
PG02  -7229.717637 -18961.188926  17801.295203   -484.251120  5  7  6  76       
PG03  12520.034396  12598.700978  19713.355510   -233.615468  5  5  5 100       
PG04  20922.360361   3341.717876  16049.609926   -112.298274  7  3  8  56       
PG05  -2404.007134 -25795.251080  -5501.462855    -16.253572  4  5  4  63       
PG06   5637.598425 -13991.363788  21906.071385   -300.311980  4  3  6  88       
PG07  21419.857243   1778.673944 -15598.813716   -322.676641  4  6  5  98       
PG08  11488.567558  10774.568556 -21412.785301    -40.297065  5  6  1 108       
PG09  24824.696353  -6817.487165   6523.011695   -250.194147  5  5  3  88       
PG10 -11623.700837  18868.657679 -14369.799588   -393.987972  5  8  7  84       
PG11  19336.618134  12951.132708 -12987.983708   -226.740573  5  7  4  88       
PG12 -11237.427678 -13565.898649  19691.431803     96.277941  6  6  4  85       
PG13  -2296.441663 -15070.010230 -21861.827918     25.003604  5  6  4  95       
PG14 -12595.933471  16885.257642  16416.260274     -0.145065  3  7  5  92       
PG15 -13557.915292 -10094.327908 -20872.022881   -218.915989  6  4  5  83       
PG16   1299.780077  24958.762509  -8515.747526   -180.234170  5  4  4 100       
PG17  19873.127893 -14866.228622   9819.222870    292.871037  6  4  5  98       
PG18 -20951.760361  -1474.459287 -16288.247660    241.180756  4  6  7  85       
PG19  14484.038767 -15805.645228  15351.088083   -134.709183  5  6  4  85       
PG20 -14912.206649   7648.791607 -20639.460595    527.330064  5  5  5  99       
PG21  -9529.201637  11729.167203 -21097.077442     21.261117  4  7  5  71       
PG22  10948.443683  19381.693961  14805.639279   -773.370681  4  6  3  96       
PG24 -22091.042171 -15038.023871  -1651.907522    -15.383753  6  5  6 106       
PG25 -14884.124278  -1969.505419  21677.009217     21.123097  4  4  6  81       
PG26  -5163.904900  25393.943934   5216.367670    239.742249  3  7  3  83       
PG27   -240.681180  15950.800509 -21318.998229   -340.794203  5  8  3  87       
PG28  12174.800621 -19802.521434 -12401.332662    701.443944  6  5  3  56       
PG29 -24337.156026   1845.252386  10468.948072   -145.795294  2  7  3  98       
PG30  14386.419155  -8203.993797 -20753.256633   -257.972743  5  5  3  94       
PG31  -4766.908503  15090.805944  21222.611179    -54.302599     5  5  87       
PG32 -18488.521857  16321.158292   9749.816522    313.678957  4  5  6  80       
*  2020  7  8 18 30  0.00000000
PG01  21913.247679  15226.462178  -2038.930523     23.033789  3  6  5  77       
PG02  -5419.557076 -18084.854084  19341.615325   -484.255888  5  7  6  94       
PG03  12280.293262  14772.807728  18319.342298   -233.625981  5  5  6  88       
PG04  19233.092051   4300.284491  17833.649109   -112.302498  7  3  8  80       
PG05  -2107.028150 -26244.436952  -2700.795782    -16.254422  4  5  3  99       
PG06   7737.196587 -12631.099925  22094.997287   -300.316659  4  3  6  95       
PG07  22728.067782   2880.770376 -13529.168884   -322.684525  5  6  5  98       
PG08   9310.119784  11940.958427 -21825.027168    -40.298077  5  6    104       
PG09  24143.957063  -6167.979373   9167.116173   -250.200056  5  5  3  84       
PG10 -11710.782542  17078.353332 -16404.589152   -393.997728  5  8  7 100       
PG11  17756.139615  13076.063232 -15063.684516   -226.731007  5  8  4  96       
PG12 -10856.529465 -15742.882823  18263.095221     96.273545  6  6  4 101       
PG13     27.817356 -15846.568345 -21417.809645     25.006836  5  6  4  99       
PG14 -14252.049183  17359.011803  14382.961832     -0.142178  3  7  5  94       
PG15 -11599.876103 -11406.729743 -21343.937167   -218.913558  6  4  5  96       
PG16    962.584773  25716.592906  -5757.307319   -180.238803  5  4  4 104       
PG17  20781.941166 -15073.731137   7136.360927    292.876603  6  4  5  92       
PG18 -22286.668784  -2609.048258 -14247.408427    241.189433  5  6  7  74       
PG19  16106.743876 -16252.332608  13149.569945   -134.704849  5  5  4  98       
PG20 -15171.028368   5270.898174 -21210.160728    527.329744  5  6  5 101       
PG21 -11722.900159  10424.000987 -20661.946043     21.264769  4  7  5  59       
PG22  10750.055398  20931.094100  12669.552350   -773.368508  5  6  3  97       
PG24 -21665.707478 -15131.622866  -4408.121300    -15.383522  6  5  6  95       
PG25 -14725.523357  -4479.327121  21436.133849     21.126767  3  5  6  86       
PG26  -5446.322578  24625.604694   7920.083362    239.748431  3  6  4  84       
PG27  -2381.726763  16942.518027 -20365.957908   -340.802885  6  8  3  95       
PG28  12098.802937 -18166.786156 -14655.693591    701.440886  6  4  3  63       
PG29 -23160.764646   1183.260360  12929.933175   -145.802742  3  7  3  76       
PG30  16246.044401  -6782.949637 -19897.492469   -257.979697  5  5  3 100       
PG31  -6822.780584  13726.725599  21623.540342    -54.304734  2  5  4  91       
PG32 -19458.497342  16530.987236   7119.277655    313.684658  5  5  6  90       
*  2020  7  8 18 45  0.00000000
PG01  21512.301627  15190.146097  -4878.497025     23.038162  3  7  5  64       
PG02  -3430.963203 -17240.285012  20566.073349   -484.261180  5  7  5  93       
PG03  12156.210419  16779.431732  16609.544540   -233.636532  5  5  5  96       
PG04  17433.323951   5432.725839  19311.450904   -112.306691  7  3  8  95       
PG05  -1821.370849 -26387.773158    146.833593    -16.255232  4  5  4  67       
PG06   9908.419589 -11389.260050  21905.478386   -300.321382  4  3  6 101       
PG07  23876.309012   3784.471492 -11227.862980   -322.692402  5  6  5  98       
PG08   7173.221571  13236.682822 -21861.857038    -40.299194  5  6  1 100       
PG09  23248.091822  -5335.008922  11653.297718   -250.205989  5  5  3  93       
PG10 -11892.206670  15080.150538 -18152.518571   -394.007548  6  7  7  95       
PG11  15971.101776  13256.804873 -16884.374796   -226.721707  6  8  3  90       
PG12 -10608.054905 -17754.138834  16516.297374     96.269122  5  7  4 106       
PG13   2243.322027 -16719.190635 -20608.669082     25.009768  5  6  3  99       
PG14 -15665.881827  17813.808480  12105.218262     -0.139884  3  7  4  81       
PG15  -9678.003619 -12832.684600 -21459.810941   -218.911044  6  3  5  98       
PG16    692.354806  26172.215190  -2897.661269   -180.243240  5  4  4  94       
PG17  21404.227110 -15189.484853   4331.898830    292.882262  6  4  5  70       
PG18 -23470.343040  -3544.473031 -11961.920324    241.198056  5  6  7  58       
PG19  17458.465437 -16678.970264  10717.358937   -134.700213  5  5  4  88       
PG20 -15549.329946   2867.187064 -21417.729793    527.329377  5  5  4 105       
PG21 -13912.671135   9259.092734 -19845.357265     21.269639  4  7  4  86       
PG22  10603.868237  22239.107235  10319.411883   -773.366547  5  7  3  90       
PG24 -20974.500777 -15109.641040  -7090.422256    -15.383838  6  5  7  39       
PG25 -14698.452253  -6941.978044  20819.235774     21.130450  3  5  7  87       
PG26  -5776.658536  23573.084269  10485.545973    239.754666  3  5  4  77       
PG27  -4358.302165  17987.118451 -19064.004831   -340.811563  5  8  4  90       
PG28  12091.348812 -16281.044708 -16649.985610    701.437692  6  3  4  80       
PG29 -21783.610789    338.128728  15168.181391   -145.810559  3  7  4  92       
PG30  18072.548649  -5516.580863 -18699.634827   -257.986620  5  5  3  98       
PG31  -8962.710133  12459.505392  21650.110092    -54.306697  2  5  4  95       
PG32 -20154.208513  16634.814534   4365.470852    313.690387  5  5  5  85       
*  2020  7  8 19  0  0.00000000
PG01  20829.749800  15035.092318  -7636.185120     23.042579  3  8  5  86       
PG02  -1294.378086 -16459.945385  21455.658299   -484.266165  5  6  5  90       
PG03  12125.031234  18579.199576  14613.762223   -233.647026  5  6  5  90       
PG04  15568.870905   6735.945935  20457.597142   -112.310874  7  3  9  87       
PG05  -1510.401112 -26223.463106   2991.891465    -16.255793  4  4  4  87       
PG06  12106.379802 -10288.321647  21340.872639   -300.326056  5  4  6 104       
PG07  24826.753857   4502.032546  -8735.322961   -322.700220  5  7  5  86       
PG08   5120.547263  14636.256033 -21521.853222    -40.299694  5  7  2 101       
PG09  22173.588717  -4303.429058  13938.617391   -250.211848  5  5  3 105       
PG10 -12190.440952  12914.565162 -19583.324871   -394.017264  6  7  6 102       
PG11  14014.528627  13517.074398 -18420.857604   -226.712294  5  8  3  91       
PG12 -10471.250113 -19558.001839  14482.271739     96.264784  5  8  4  96       
PG13   4310.977270 -17659.531089 -19447.781879     25.012744  5  7  3  94       
PG14 -16823.408821  18209.781280   9620.855707     -0.137220  3  6  4  81       
PG15  -7828.923739 -14346.737920 -21216.694598   -218.908673  6  4  5  94       
PG16    451.998952  26311.652692     13.080662   -180.247489  4  4  4  98       
PG17  21744.874791 -15173.346476   1453.264176    292.887113  7  4  5 101       
PG18 -24462.033270  -4291.232989  -9471.027695    241.206678  5  5  7  59       
PG19  18527.508941 -17044.359424   8097.662884   -134.695631  6  5  4  99       
PG20 -16043.109701    484.058210 -21259.316347    527.329330  5  6  5 107       
PG21 -16048.261442   8247.182402 -18662.479498     21.273554  4  6  4  92       
PG22  10478.299883  23283.896711   7794.672364   -773.364283  6  7  3  82       
PG24 -20013.741745 -15007.918095  -9654.000296    -15.383784  6  5  6  74       
PG25 -14794.538393  -9308.392956  19838.114659     21.134135  3  6  7  95       
PG26  -6186.487876  22258.808668  12868.056838    239.760842  3  5  4  88       
PG27  -6140.309245  19046.571863 -17434.380934   -340.820240  5  7  4  91       
PG28  12181.871104 -14179.936880 -18347.107237    701.434220  6  3  3  89       
PG29 -20248.210845   -702.801467  17144.987020   -145.818579  4  7  5  77       
PG30  19821.972152  -4414.168389 -17180.860627   -257.993564  4  5  3  96       
PG31 -11144.970175  11314.766330  21303.245193    -54.309036  2  5  4  94       
PG32 -20582.503493  16595.296110   1535.978256    313.696090  5  5  5  86       
*  2020  7  8 19 15  0.00000000
PG01  19861.811397  14800.995072 -10265.946901     23.047025  4  8  5  80       
PG02    954.289452 -15770.841600  21996.593166   -484.271341  5  5  4  97       
PG03  12158.025662  20138.875274  12366.648054   -233.657533  5  6  5  96       
PG04  13685.431546   8198.622689  21252.346260   -112.315051  6  4  9  99       
PG05  -1138.191939 -25758.623937   5784.720139    -16.256730  4  4  4  97       
PG06  14283.415113  -9342.841470  20410.922660   -300.330851  5  5  6 111       
PG07  25546.276720   5052.876282  -6094.761095   -322.708143  6  7  5  55       
PG08   3190.039823  16107.454796 -20810.105901    -40.300206  6  7  3 103       
PG09  20960.769118  -3065.734054  15983.560464   -250.217718  5  5  3 102       
PG10 -12620.842062  10626.795519 -20672.426047   -394.027012  6  6  6 111       
PG11  11923.879523  13874.903923 -19648.913830   -226.702567  5  8  3  92       
PG12 -10418.834856 -21118.918941  12197.110924     96.260339  5  9  4  95       
PG13   6197.581050 -18633.544510 -17954.518329     25.015844  6  7  3  68       
PG14 -17718.931823  18506.405242   6971.550557     -0.134602  2  6  4  73       
PG15  -6084.738182 -15917.562678 -20617.474373   -218.906322  6  5  5  98       
PG16    202.839012  26130.298129   2923.566167   -180.252272  4  4  4  72       
PG17  21817.355490 -14988.036266  -1450.353414    292.892338  7  3  5  87       
PG18 -25225.323067  -4867.328570  -6817.496864    241.215352  5  6  6  70       
PG19  19311.540401 -17307.310073   5336.751408   -134.691108  6  4  4  82       
PG20 -16640.874783  -1833.528863 -20738.276322    527.329812  5  6  4 108       
PG21 -18079.480874   7392.426904 -17135.676767     21.277623  4  6  3 101       
PG22  10339.085016  24051.109889   5137.825411   -773.362169  6  7  4  81       
PG24 -18787.681418 -14863.131942 -12056.090098    -15.384350  7  5  6  96       
PG25 -14997.612963 -11532.662280  18510.959848     21.137851  3  6  7  96       
PG26  -6702.938135  20712.584113  15026.202602    239.766986  4  5  4  96       
PG27  -7705.194326  20079.065007 -15504.111880   -340.828972  6  7  4 100       
PG28  12393.584418 -11905.046378 -19715.072014    701.431454  6  3  3  78       
PG29 -18600.283554  -1943.835183  18826.116081   -145.826300  4  7  5  83       
PG30  21450.742174  -3477.050128 -15367.752697   -258.000531  4  5  3  97       
PG31 -13324.684029  10310.696475  20590.294344    -54.311236  2  4  4  92       
PG32 -20758.433156  16378.436428  -1320.171720    313.701778  5  5  5  81       
*  2020  7  8 19 30  0.00000000
PG01  18613.331608  14528.340264 -12723.976328     23.051491  4  8  5  85       
PG02   3274.789779 -15193.590647  22180.476548   -484.276698  5  5  4 106       
PG03  12221.740466  21432.474099   9907.090556   -233.668037  5  7  5  86       
PG04  11826.939645   9801.473732  21681.973492   -112.319289  6  4  9  72       
PG05   -671.151483 -25009.029794   8476.441672    -16.257566  4  4  4 100       
PG06  16390.759553  -8559.020108  19131.586740   -300.335608  5  5  6 105       
PG07  26007.648379   5462.588069  -3351.416191   -322.715902  6  6  5  74       
PG08   1413.596445  17612.446475 -19738.182427    -40.301146  6  7  3  99       
PG09  19652.232928  -1622.562378  17752.729159   -250.223624  6  4  3  99       
PG10 -13190.950860   8265.102886 -21401.339822   -394.036738  6  6  6 112       
PG11   9739.770359  14341.916024 -20549.570577   -226.692996  6  8  3  94       
PG12 -10418.246376 -22408.653947   9701.071430     96.256003  5  9  3  97       
PG13   7876.912546 -19602.765248 -16153.951848     25.018831  6  7  3  87       
PG14 -18355.199816  18664.157821   4202.189098     -0.132232  2  6  5  84       
PG15  -4471.954967 -17508.978472 -19670.906402   -218.903884  7  6  4 100       
PG16    -93.632599  25633.147936   5782.172804   -180.256251  3  4  5  65       
PG17  21643.169604 -14600.773653  -4328.819667    292.897559  7  2  5  95       
PG18 -25729.525721  -5297.367030  -4046.886693    241.223922  5  6  6  87       
PG19  19817.450102 -17428.379194   2483.077900   -134.686461  6  4  4  95       
PG20 -17324.075226  -4043.565279 -19864.073088    527.329277  5  6  5 102       
PG21 -19958.173018   6690.414826 -15293.969753     21.282175  3  6  3  86       
PG22  10150.729534  24534.337389   2393.732545   -773.359790  7  7  5  88       
PG24 -17308.463918 -14711.296709 -14256.617957    -15.384421  7  4  6  72       
PG25 -15284.448094 -13573.617632  16861.946294     21.141545  4  7  7  99       
PG26  -7347.440782  18970.507306  16922.596342    239.773126  4  5  4  85       
PG27  -9038.671166  21040.600364 -13305.613983   -340.837676  6  6  4  81       
PG28  12742.348024  -9503.453833 -20727.759368    701.428257  5  3  3  97       
PG29 -16887.039637  -3380.554976  20182.409410   -145.833934  5  7  5  81       
PG30  22917.243137  -2698.774347 -13291.813154   -258.007425  4  5  4  90       
PG31 -15455.408045   9457.519209  19524.809909    -54.313417  3  4  4  75       
PG32 -20704.543757  15955.080633  -4153.372110    313.707486  5  5  5  95       
*  2020  7  8 19 45  0.00000000
PG01  17097.711014  14256.766745 -14969.367536     23.055877  5  8  6  74       
PG02   5623.800658 -14741.719992  22004.370803   -484.281348  6  4  3 103       
PG03  12279.438350  22442.101794   7277.530152   -233.678541  6  7  6  86       
PG04  10033.993312  11517.836376  21739.009742   -112.323463  5  5  9  95       
PG05    -79.565812 -23998.520964  11019.856657    -16.258283  4  4  5 110       
PG06  18380.263522  -7934.595788  17524.767965   -300.340370  5  5  6 104       
PG07  26190.505670   5761.700616   -551.794366   -322.723463  6  6  5  72       
PG08   -184.012601  19109.156513 -18323.976252    -40.302695  5  6  3 103       
PG09  18291.226167     17.116462  19215.465611   -250.229490  6  4  3  91       
PG10 -13900.113175   5879.084988 -21757.982117   -394.046489  5  6  5 118       
PG11   7504.609248  14922.853398 -21109.286011   -226.683477  6  8  4 105       
PG12 -10433.086651 -23407.203934   7037.818137     96.251617  5  9  3 108       
PG13   9330.559063 -20525.773841 -14076.470680     25.021694  6  7  2  80       
PG14 -18743.214526  18646.178362   1360.147360     -0.129685  2  5  5  82       
PG15  -3010.619218 -19081.171615 -18391.568112   -218.901560  7  6  4  95       
PG16   -473.986038  24834.655202   8538.005655   -180.260526  3  4  5  87       
PG17  21250.980496 -13984.774233  -7131.924499    292.902915  7  2  5  80       
PG18 -25950.873458  -5611.413707  -1206.771225    241.232589  6  6  5  79       
PG19  20060.860906 -17371.531008   -413.618192   -134.681954  6  4  4  90       
PG20 -18067.815156  -6108.381664 -18652.081885    527.329664  6  6  5 109       
PG21 -21640.090330   6128.575449 -13172.325896     21.286672  3  5  4  85       
PG22   9878.027268  24735.288374   -391.089116   -773.357724  7  7  5  92       
PG24 -15595.810982 -14586.298003 -16218.807979    -15.384298  7  4  6  92       
PG25 -15625.779111 -15396.217544  14920.726400     21.145122  5  7  7  98       
PG26  -8134.719158  17073.640762  18524.537405    239.779094  3  5  4  89       
PG27 -10135.129469  21886.712037 -10876.194066   -340.846410  6  6  4  96       
PG28  13235.836557  -7026.038418 -21365.553024    701.424970  5  3  3 101       
PG29 -15155.423105  -4999.794920  21190.299257   -145.841941  5  7  5  91       
PG30  24183.315131  -2065.555120 -10988.902104   -258.014344  4  5  4  97       
PG31 -17490.762947   8757.283477  18126.228937    -54.315726  3  4  4 106       
PG32 -20449.880752  15302.229900  -6914.323596    313.713196  5  5  5  78       
*  2020  7  8 20  0  0.00000000
PG01  15336.533744  14023.474416 -16964.726987     23.060294  5  8  6  95       
PG02   7956.298442 -14421.219345  21470.838263   -484.286560  6  4  2 102       
PG03  12292.666981  23158.489251   4523.220945   -233.689050  6  8  6  89       
PG04   8342.421878  13314.540506  21422.374921   -112.327656  6  6  9  96       
PG05    661.008462 -22758.100593  13370.318475    -16.259090  4  4  5 102       
PG06  20206.099178  -7459.070675  15617.945769   -300.345120  5  4  6 104       
PG07  26082.067203   5984.318221   2257.079692   -322.731314  6  6  4  84       
PG08  -1585.947301  20552.824214 -16591.438625    -40.303468  5  6  4  93       
PG09  16919.994409   1836.140336  20346.393468   -250.235337  6  4  3 106       
PG10 -14739.439253   3517.912264 -21736.841704   -394.056224  5  6  5 116       
PG11   5261.194713  15615.372440 -21320.056226   -226.673777  6  8  3  96       
PG12 -10424.712244 -24103.396941   4253.625674     96.247298  6  9  3 111       
PG13  10548.448982 -21359.797523 -11757.296491     25.024517  6  7  2  63       
PG14 -18901.718259  18419.860550  -1505.500635     -0.127574  2  5  4  61       
PG15  -1713.679024 -20592.077449 -16799.721473   -218.899289  7  6  4 111       
PG16   -971.155457  23758.202300  11141.895193   -180.264713  3  4  5  81       
PG17  20675.461147 -13120.543498  -9810.287802    292.907652  6  3  4  33       
PG18 -25873.453809  -5843.633589   1654.072620    241.241273  7  7  4  77       
PG19  20065.308203 -17105.653606  -3303.209081   -134.677580  6  4  4  70       
PG20 -18841.812362  -7995.866127 -17123.304007    527.329793  6  5  6 109       
PG21 -23086.583980   5686.955535 -10810.808655     21.290547  3  5  4  82       
PG22   9487.583186  24663.672597  -3169.219788   -773.355602  8  7  5  78       
PG24 -13676.440615 -14518.516448 -17909.742472    -15.384503  7  5  6 101       
PG25 -15987.565570 -16972.682286  12721.832865     21.148841  5  8  7 103       
PG26  -9072.053272  15066.507613  19804.577589    239.785221  3  4  4  99       
PG27 -10997.707798  22574.232521  -8257.446454   -340.855191  6  5  4  85       
PG28  13873.064650  -4525.598667 -21615.841120    701.421487  5  3  3  91       
PG29 -13450.372451  -6779.959624  21832.229620   -145.849499  5  7  5  94       
PG30  25215.625274  -1557.009144  -8498.612414   -258.021309  3  5  4  88       
PG31 -19386.051857   8203.976715  16419.466502    -54.317754  3  4  4 110       
PG32 -20028.742691  14404.125367  -9554.921585    313.718918  5  5  4  85       
*  2020  7  8 20 15  0.00000000
PG01  13358.908509  13861.734296 -18676.734709     23.064699  6  8  6  83       
PG02  10226.990708 -14230.357750  20587.925705   -484.291809  6  5  1 100       
PG03  12222.896456  23581.204566   1691.451385   -233.699571  7  8  6  89       
PG04   6782.044998  15153.041958  20737.403209   -112.331770  6  6  8  91       
PG05   1568.560817 -21324.754266  15486.563483    -16.260205  4  3  5  79       
PG06  21826.387082  -7114.260538  13443.715551   -300.349905  5  4  5 102       
PG07  25677.576145   6166.633687   5028.392081   -322.739377  6  6  5  82       
PG08  -2783.789248  21897.687337 -14570.194652    -40.304650  5  5  4  96       
PG09  15578.186284   3809.614374  21125.867961   -250.241185  6  3  4  93       
PG10 -15692.100769   1228.597123 -21339.030622   -394.065925  5  6  4 108       
PG11   3051.323456  16410.101556 -21179.449753   -226.664342  6  7  3  96       
PG12 -10353.901831 -24495.153520   1396.553366     96.242535  5  9  3  97       
PG13  11529.068610 -22062.384685  -9235.915184     25.027685  6  7  2  36       
PG14 -18856.377005  17958.312123  -4344.834895     -0.124607  2  4  4  55       
PG15   -586.614240 -21998.878934 -14921.083166   -218.897150  7  7  3  87       
PG16  -1612.884400  22435.212125  13547.369040   -180.268580  2  4  5  66       
PG17  19955.892677 -11996.907950 -12316.284513    292.912902  6  4  5  50       
PG18 -25489.856872  -6030.776081   4486.498671    241.249945  8  7  5  74       
PG19  19861.131116 -16605.874257  -6136.058296   -134.672946  6  4  4  71       
PG20 -19611.568852  -9680.468758 -15303.996899    527.329421  6  5  6 103       
PG21 -24266.031906   5339.317773  -8253.621335     21.294622  2  4  4  91       
PG22   8949.285709  24336.790250  -5893.118838   -773.353643  8  7  5  80       
PG24 -11583.239614 -14533.587485 -19300.871503    -15.384388  7  5  6  82       
PG25 -16332.436372 -18283.338400  10304.008649     21.152546  6  8  7  74       
PG26 -10158.850004  12995.467123  20740.983850    239.791361  2  4  3  83       
PG27 -11638.022730  23063.040322  -5494.554346   -340.863903  6  5  4  79       
PG28  14644.295127  -2054.874979 -21473.356266    701.418662  5  3  3  84       
PG29 -11813.169318  -8691.677573  22096.972172   -145.857315  6  7  6  85       
PG30  25986.861875  -1147.143081  -5863.591711   -258.028261  3  5  4  84       
PG31 -21099.805592   7783.949215  14434.432782    -54.319901  4  4  4  74       
PG32 -19479.234735  13253.055075 -12029.126033    313.724561  5  5  5  67       
*  2020  7  8 20 30  0.00000000
PG01  11200.545611  13799.551989 -20076.650146     23.069089  6  7  6 102       
PG02  12391.766986 -14159.772807  19369.095874   -484.297032  6  5     91       
PG03  12033.161747  23718.536770  -1169.262749   -233.710087  7  8  6  71       
PG04   5375.671293  16990.773892  19695.759341   -112.335920  6  7  8  98       
PG05   2653.703343 -19740.039895  17331.478339    -16.260330  4  3  5  92       
PG06  23204.682993  -6875.146542  11039.243350   -300.354621  4  4  5  93       
PG07  24980.460730   6345.392286   7716.242680   -322.747008  6  5  5  80       
PG08  -3777.698953  23098.729524 -12295.048116    -40.305875  4  5  4  91       
PG09  14301.369464   5905.675832  21540.325878   -250.247045  6  3  4  85       
PG10 -16733.950465   -945.636080 -20572.212772   -394.075649  4  5  4 105       
PG11    914.452706  17290.956936 -20690.574961   -226.654578  6  7  4 104       
PG12 -10182.535328 -24589.408272  -1484.390312     96.238058  5  8  3  88       
PG13  12279.352473 -22593.089511  -6555.427075     25.030433  6  7  2  22       
PG14 -18638.684797  17241.618743  -7107.987210     -0.121987  2  4  4  73       
PG15    372.652107 -23259.569398 -12786.497669   -218.894841  7  7  3  53       
PG16  -2420.385160  20903.934096  15711.571369   -180.273304  2  4  5  67       
PG17  19134.566215 -10611.732741 -14604.968400    292.918504  6  5  4  72       
PG18 -24801.508193  -6210.561960   7241.832402    241.258632  9  7  6  91       
PG19  19484.124712 -15854.625546  -8863.866366   -134.668350  6  4  4  30       
PG20 -20339.707951 -11143.958046 -13225.226889    527.329311  6  5  6  93       
PG21 -25154.945606   5054.499193  -5548.083584     21.298839  1  3  5  50       
PG22   8237.671279  23778.841406  -8515.924393   -773.351012  8  7  5  75       
PG24  -9354.217541 -14651.341117 -20368.466553    -15.385447  7  4  6  98       
PG25 -16621.258511 -19317.146241   7709.480495     21.156279  7  8  6  91       
PG26 -11386.534297  10907.036238  21318.090497    239.797572  1  4  4  81       
PG27 -12075.560150  23317.716944  -2635.505954   -340.872647  5  4  4  86       
PG28  15531.341284    335.436272 -20940.339475    701.415446  4  3  3  88       
PG29 -10279.939010 -10698.764829  21979.831514   -145.865028  6  6  6 108       
PG30  26476.708438   -805.551813  -3128.822926   -258.035273  2  4  5  84       
PG31 -22595.200260   7476.627734  12205.485320    -54.321875  4  4  4  75       
PG32 -18841.679962  11849.849564 -14293.796002    313.730230  5  4  4  86       
*  2020  7  8 20 45  0.00000000
PG01   8902.601307  13858.530909 -21140.758246     23.073477  6  7  6 100       
PG02  14409.123318 -14192.831968  17833.103512   -484.301999  6  5  1  88       
PG03  11689.647030  23587.057893  -4009.999558   -233.720564  8  7  6  88       
PG04   4138.374786  18782.665133  18315.246781   -112.340094  6  7  8  97       
PG05   3919.046802 -18048.505434  18872.787170    -16.261298  4  3  5  97       
PG06  24311.268772  -6710.996560   8445.643797   -300.359381  3  4  5  89       
PG07  24002.212425   6556.356863  10276.316431   -322.755007  6  5  5  83       
PG08  -4576.230506  24113.420818  -9805.382280    -40.307033  4  4  4  91       
PG09  13119.717177   8086.535399  21582.528728   -250.252882  5  3  4  90       
PG10 -17834.436675  -2966.817949 -19450.415608   -394.085352  4  5  4  92       
PG11  -1113.540870  18235.701332 -19861.984961   -226.645189  6  7  4 106       
PG12  -9875.219885 -24401.700556  -4340.079072     96.233627  6  8  4  74       
PG13  12814.248961 -22915.101535  -3761.825483     25.033393  6  7  1  62       
PG14 -18284.628161  16257.854604  -9746.066990     -0.119633  3  4  4  72       
PG15   1173.549743 -24334.522546 -10431.510923   -218.892287  7  7  3  78       
PG16  -3407.272583  19207.956793  17596.105071   -180.277530  1  5  5  81       
PG17  18255.050487  -8972.286540 -16634.971740    292.923306  6  5  4  64       
PG18 -23818.674006  -6420.035274   9872.704829    241.267336  9  8  7  74       
PG19  18974.010610 -14842.425857 -11440.468914   -134.663960  6  5  4  64       
PG20 -20987.427991 -12375.903755 -10922.351788    527.329440  6  4  7  83       
PG21 -25738.715995   4797.957019  -2743.578607     21.302740     3  5  21       
PG22   7333.127002  23019.977570 -10992.258339   -773.349025  8  6  5  74       
PG24  -7031.276862 -14884.959747 -21094.013026    -15.387197  7  3  5  95       
PG25 -16814.765983 -20071.897087   4983.192256     21.159970  7  8  6  77       
PG26 -12738.763679   8846.223777  21526.536540    239.803696     4  4  94       
PG27 -12336.748981  23309.043560    269.760952   -340.881418  5  4  4  87       
PG28  16508.253372   2598.584748 -20026.518891    701.412459  4  3  3  95       
PG29  -8880.361378 -12759.462770  21482.735439   -145.872874  6  6  6 100       
PG30  26672.563032   -498.780851   -340.874774   -258.042306  2  4  5  84       
PG31 -23841.298325   7255.486574   9770.827592    -54.324156  5  4  5  82       
PG32 -18156.952840  10204.044502 -16309.471528    313.735979  5  4  4  87       
*  2020  7  8 21  0  0.00000000
PG01   6510.328264  14052.975370 -21850.751296     23.077833  5  6  6 105       
PG02  16241.516037 -14306.258744  16003.812191   -484.307266  5  5  2  91       
PG03  11163.151520  23210.881999  -6782.253138   -233.731020  8  7  5  77       
PG04   3077.076757  20482.767880  16619.510403   -112.344219  7  8  7 100       
PG05   5358.903097 -16295.999455  20083.643309    -16.261728  4  3  4  83       
PG06  25124.198483  -6586.713214   5707.290811   -300.364139  2  4  5  71       
PG07  22761.990407   6832.826291  12666.518880   -322.762835  6  4  5  79       
PG08  -5195.809092  24903.380683  -7144.466801    -40.308380  4  4  5  82       
PG09  12056.916662  10309.755396  21251.694308   -250.258726  5  2  4  75       
PG10 -18957.773688  -4803.483129 -17993.732128   -394.095039  4  4  3  92       
PG11  -3001.467496  19216.724753 -18707.523686   -226.635691  6  6  4 104       
PG12  -9400.801818 -23955.455569  -7122.082655     96.229118  6  8  4  52       
PG13  13155.975900 -22996.755873   -903.214659     25.036454  5  6  1  79       
PG14 -17833.161399  15003.791121 -12212.094866     -0.116866  3  4  4  66       
PG15   1832.365084 -25188.009797  -7895.844311   -218.889978  7  7  3  74       
PG16  -4578.819983  17394.512120  19167.774355   -180.281885     5  5  86       
PG17  17360.396017  -7095.228601 -18369.356592    292.929002  6  6  4  72       
PG18 -22560.138116  -6693.944466  12333.865220    241.275876 10  8  8  91       
PG19  18372.788235 -13568.349769 -13822.576100   -134.659372  6  5  4  84       
PG20 -21516.018906 -13373.870516  -8434.440967    527.329337  7  4  7  79       
PG21 -26011.979316   4533.423809    109.493311     21.307001     3  5  84       
PG22   6222.881997  22095.128158 -13279.023093   -773.346802  8  6  5  91       
PG24  -4658.840222 -15240.385558 -21464.536157    -15.388929  7  3  5 103       
PG25 -16875.185070 -20554.079401   2172.013546     21.163634  8  8  6  69       
PG26 -14191.955338   6854.942264  21363.386565    239.809706     4  5  95       
PG27 -12453.751842  23015.272748   3170.269503   -340.890172  4  5  4  84       
PG28  17542.359092   4693.495277 -18748.901996    701.409086  4  3  3  74       
PG29  -7636.642447 -14827.902604  20614.208026   -145.880558  5  6  5  93       
PG30  26569.978048   -191.800671   2452.866598   -258.049287  1  4  5  70       
PG31 -24814.071720   7089.236316   7171.864439    -54.326253  6  4  5  92       
PG32 -17464.802600   8333.702565 -18041.086528    313.741676  5  4  4  92       
*  2020  7  8 21 15  0.00000000
PG01   4071.577250  14389.266202 -22194.041825     23.082193  5  6  6 110       
PG02  17856.600662 -14471.009197  13909.947293   -484.312527  5  5  2  86       
PG03  10430.381347  22620.650944  -9438.743695   -233.741537  8  7  5  38       
PG04   2190.449030  22045.932687  14637.638037   -112.348355  7  8  7  73       
PG05   6959.326925 -14527.944094  20943.112940    -16.261960  4  3  4  88       
PG06  25630.059754  -6464.357112   2871.071629   -300.368881  2  4  5  82       
PG07  21285.969016   7204.256470  14847.572907   -322.770561  5  4  5  64       
PG08  -5659.891155  25435.895196  -4358.683618    -40.309169  3  3  5  71       
PG09  11129.342196  12529.715900  20553.513989   -250.264582  5  2  4  76       
PG10 -20064.319495  -6431.656476 -16227.922042   -394.104739  4  4  3  75       
PG11  -4723.762092  20202.020238 -17246.115880   -226.625836  5  5  3  96       
PG12  -8733.709372 -23280.987755  -9783.451451     96.224798  6  7  5  54       
PG13  13332.993090 -22812.863511   1971.020185     25.039298  5  6  1  85       
PG14 -17324.553576  13485.266635 -14461.921636     -0.114497  3  4  3  77       
PG15   2371.465354 -25789.604163  -5222.771483   -218.887588  7  7  3  74       
PG16  -5931.569558  15512.645491  20399.209021   -180.285785     5  5  76       
PG17  16491.352310  -5006.209478 -19776.392970    292.934042  6  6  4  75       
PG18 -21052.562277  -7063.215863  14582.958713    241.284518 10  8  9  93       
PG19  17723.031260 -12040.176356 -15970.444719   -134.654636  7  6  5  86       
PG20 -21888.386079 -14143.316628  -5803.640926    527.329524  7  4  7  75       
PG21 -25978.604006   4224.593227   2960.723756     21.311065  2  3  5  76       
PG22   4901.744954  21042.644182 -15336.175535   -773.344515  8  5  5  89       
PG24  -2282.381067 -15716.001215 -21472.854540    -15.388219  7  3  5  93       
PG25 -16767.794328 -20778.426209   -676.061839     21.167304  8  8  6  83       
PG26 -15716.102647   4970.558253  20832.135972    239.815888  2  4  6  97       
PG27 -12463.020147  22423.118951   6014.949946   -340.898954  3  5  4  73       
PG28  18595.609232   6586.243824 -17131.388017    701.406131  4  3  4  73       
PG29  -6562.786890 -16855.740265  19389.225566   -145.888199  5  6  5  87       
PG30  26172.805599    150.462721   5204.973701   -258.056250  1  4  5  71       
PG31 -25497.174038   6943.184005   4452.524273    -54.328420  6  4  5  97       
PG32 -16802.234703   6264.900921 -19458.598156    313.747376  5  4  4  86       
*  2020  7  8 21 30  0.00000000
PG01   1635.200444  14865.533185 -22164.001601     23.086594  5  5  6 110       
PG02  19228.313302 -14653.376427  11584.779995   -484.317815  5  6  3  64       
PG03   9475.018821  21852.286475 -11934.203246   -233.752137  8  7  5  76       
PG04   1469.142336  23429.466513  12403.667059   -112.352595  7  8  6  76       
PG05   8698.494817 -12787.641213  21436.540935    -16.262976  4  3  4  97       
PG06  25824.420979  -6304.786957    -14.404162   -300.373607  3  4  5  77       
PG07  19606.452141   7695.028947  16783.574129   -322.778554  5  4  5  62       
PG08  -5997.840604  25685.225471  -1496.687192    -40.310633  3  3  4  75       
PG09  10345.524949  14699.212254  19500.055154   -250.270428  5  2  5  76       
PG10 -21112.105321  -7835.542362 -14183.922501   -394.114409  4  4  3  66       
PG11  -6261.224754  21156.322719 -15501.502698   -226.616432  5  5  3 102       
PG12  -7855.078739 -22414.267610 -12279.461742     96.220638  7  7  5 100       
PG13  13378.730476 -22345.807171   4811.076304     25.042322  5  6     56       
PG14 -16798.675817  11717.194221 -16455.108840     -0.111714  3  4  3  51       
PG15   2818.267089 -26115.411496  -2458.403784   -218.885261  7  7  2  60       
PG16  -7453.312812  13611.332205  21269.356008   -180.289924  1  5  5  85       
PG17  15684.676180  -2739.094597 -20830.239971    292.938785  6  7  4  94       
PG18 -19329.554091  -7553.579275  16581.255486    241.293228 10  8  9 101       
PG19  17066.193544 -10274.215438 -17848.476547   -134.650117  7  6  5  86       
PG20 -22070.525633 -14697.202800  -3074.494747    527.329171  7  3  6  79       
PG21 -25651.317288   3836.761699   5760.642158     21.315598  3  4  5  87       
PG22   3372.554337  19902.809658 -17127.462722   -773.342304  8  5  5  91       
PG24     53.092122 -16302.598990 -21117.755334    -15.388082  7  3  5  99       
PG25 -16462.361868 -20767.166883  -3512.714588     21.170991  8  7  6  44       
PG26 -17275.846960   3224.635476  19942.603681    239.822152  4  4  7  99       
PG27 -12403.672515  21528.422554   8753.600365   -340.907645  4  5  4  84       
PG28  19626.163832   8251.213614 -15204.214855    701.402746  4  4  4  86       
PG29  -5664.199652 -18793.898355  17828.957533   -145.896211  6  6  5  89       
PG30  25493.044371    561.598348   7868.750699   -258.063240  2  4  5  69       
PG31 -25882.437913   6780.713846   1658.557212    -54.330341  7  4  5  87       
PG32 -16202.016004   4030.904568 -20537.520013    313.753083  5  4  4  84       
*  2020  7  8 21 45  0.00000000
PG01   -750.589294  15471.639243 -21760.121504     23.090984  5  5  6 108       
PG02  20337.754491 -14816.292845   9065.737008   -484.322885  4  6  2  65       
PG03   8288.529014  20945.556651 -14226.125191   -233.762639  7  6  5  87       
PG04    896.330771  24594.709962   9956.003891   -112.356808  7  8  5  87       
PG05  10547.405358 -11114.680660  21555.792387    -16.263619  3  2  4 105       
PG06  25711.946663  -6069.353434  -2899.628005   -300.378341  4  4  5  69       
PG07  17760.784924   8323.407198  18442.502757   -322.786131  4  4  5  89       
PG08  -6243.566843  25633.652631   1391.483478    -40.312152  2  3  4  75       
PG09   9705.940044  16771.122172  18109.550415   -250.276263  5  1  5  78       
PG10 -22058.456533  -9007.895193 -11897.279685   -394.124086  5  4  3  44       
PG11  -7601.540664  22042.374612 -13501.923750   -226.606678  5  4  3 103       
PG12  -6753.624560 -21395.500267 -14568.312966     96.216268  7  7  5  83       
PG13  13330.121040 -21586.356872   7567.614489     25.045391  4  5  1  83       
PG14 -16293.302080   9723.200548 -18155.747017     -0.109259  4  4  3  84       
PG15   3203.984952 -26149.074305    349.106362   -218.882792  7  7  2  59       
PG16  -9123.439164  11737.621483  21763.828681   -180.294001  3  5  6 100       
PG17  14971.607169   -334.838009 -21511.507966    292.944420  6  7  5  91       
PG18 -17430.477705  -8184.399619  18294.318912    241.301955 10  8  9 108       
PG19  16440.986432  -8294.823265 -19425.738507   -134.645704  7  7  5  82       
PG20 -22032.897076 -15055.325760   -293.224208    527.329193  7  4  6  75       
PG21 -25051.005112   3338.358767   8461.579648     21.319407  3  4  5  85       
PG22   1646.318255  18716.277653 -18621.103709   -773.340027  7  4  5 103       
PG24   2304.545018 -16983.643982 -20404.085124    -15.388618  6  3  5  83       
PG25 -15934.408677 -20549.016535  -6290.083940     21.174637  8  6  6  50       
PG26 -18831.761084   1641.916669  18710.717378    239.828383  6  4  7  95       
PG27 -12315.764062  20336.456275  11337.839351   -340.916368  4  5  4  79       
PG28  20590.142695   9671.882176 -13003.261509    701.399857  4  4  4  87       
PG29  -4937.631928 -20594.347400  15960.397043   -145.904188  6  6  5  98       
PG30  24550.394373   1072.238882  10398.992761   -258.070209  2  4  5  86       
PG31 -25970.083206   6564.834519  -1163.182386    -54.332707  7  4  5  65       
PG32 -15691.363839   1671.058698 -21259.349056    313.758808  4  4  4  90       
*  2020  7  8 22  0  0.00000000
PG01  -3039.846333  16189.481364 -20988.086937     23.095387  5  4  5 103       
PG02  21173.839319 -14920.792103   6393.931368   -484.328032  4  6  2  59       
PG03   6870.673424  19942.511056 -16275.466733   -233.773192  7  6  5  98       
PG04    448.551131  25508.472701   7336.765933   -112.361004  8  8  4  76       
PG05  12470.870902  -9543.514528  21299.366636    -16.264480  3  3  4 107       
PG06  25306.175690  -5721.581415  -5735.034826   -300.383151  5  4  4  43       
PG07  15790.098812   9100.714831  19796.689530   -322.793976  4  4  5  80       
PG08  -6433.980816  25272.215602   4255.322049    -40.313204  2  3  4  97       
PG09   9203.118721  18700.077791  16406.077331   -250.282109  5     5  75       
PG10 -22861.642162  -9950.061721  -9407.513267   -394.133726  5  4  3  55       
PG11  -8739.562132  22822.278062 -11279.745681   -226.597397  5  3  3  87       
PG12  -5426.225955 -20267.569682 -16611.769790     96.212056  7  7  4  87       
PG13  13225.996063 -20534.170017  10192.640865     25.048261  4  5  1  77       
PG14 -15842.497672   7534.905690 -19533.188482     -0.106605  4  4  2  83       
PG15   3562.207879 -25882.500601   3150.430952   -218.880746  7  7  2  80       
PG16 -10913.634036   9934.886885  21875.109359   -180.298346  4  5  6  83       
PG17  14376.579593   2159.948991 -21807.683198    292.949361  6  7  5  90       
PG18 -15399.052493  -8967.760630  19692.601140    241.310685  9  8 10 113       
PG19  15881.884863  -6133.629565 -20676.401893   -134.641115  7  7  6 103       
PG20 -21751.642653 -15243.401236   2493.016235    527.328892  7  4  6 108       
PG21 -24205.730422   2702.309042  11018.438150     21.323552  3  4  5 101       
PG22   -257.966961  17522.492306 -19790.401874   -773.337680  7  4  5 102       
PG24   4432.365941 -17735.827072 -19342.750580    -15.388134  6  3  5  87       
PG25 -15166.254285 -20157.944471  -8961.526986     21.178298  8  6  7  96       
PG26 -20341.793352    239.579940  17158.198020    239.834576  7  4  7  99       
PG27 -12238.519871  18861.858090  13722.027659   -340.925095  4  5  4  87       
PG28  21443.457150  10841.210032 -10569.232178    701.396299  4  4  4  90       
PG29  -4371.473047 -22211.856985  13815.887389   -145.911985  7  6  5  96       
PG30  23371.536301   1708.702039  12752.721546   -258.077193  3  4  5  86       
PG31 -25768.631242   6259.737849  -3965.461130    -54.334738  7  4  5  78       
PG32 -15290.871308   -770.555342 -21611.878627    313.764552  4  4  4  83       
*  2020  7  8 22 15  0.00000000
PG01  -5190.449540  16993.602535 -19859.763437     23.099744  5  4  5  97       
PG02  21733.683024 -14927.584833   3613.610825   -484.333582  5  6  3  69       
PG03   5229.711352  18885.843860 -18047.294001   -233.783793  6  6  4  84       
PG04     96.804282  26144.271200   4591.057017   -112.365228  8  8  4  82       
PG05  14428.759124  -8102.253558  20672.383867    -16.265078  2  3  5  98       
PG06  24628.970093  -5228.775099  -8471.850583   -300.387877  6  5  5  75       
PG07  13737.930744  10030.763470  20823.232992   -322.801839  4  4  5  69       
PG08  -6607.333230  24601.110916   7044.781315    -40.315523  3  3  4  76       
PG09   8822.080493  20444.077763  14419.134525   -250.287932  6     5  77       
PG10 -23482.490369 -10671.698164  -6757.426040   -394.143355  6  5  3  40       
PG11  -9677.341970  23458.890818  -8871.036908   -226.587864  6  2  3  78       
PG12  -3878.209393 -19074.405709 -18375.742988     96.207639  6  7  4  92       
PG13  13105.406726 -19197.953223  12640.371887     25.051346  4  5  1  89       
PG14 -15475.166970   5190.870734 -20562.673440     -0.104042  5  4  2  74       
PG15   3927.359080 -25316.280225   5895.983882   -218.878236  7  6  1  82       
PG16 -12788.892344   8241.255088  21602.605477   -180.302500  6  5  7  88       
PG17  13916.230488   4694.674276 -21713.400473    292.954637  6  7  5  97       
PG18 -13281.793117  -9907.837032  20751.955708    241.319413  9  7 10 104       
PG19  15417.813743  -3828.507076 -21580.099219   -134.636642  8  7  6 104       
PG20 -21209.607887 -15291.929797   5236.903908    527.328980  7  5  5 114       
PG21 -23149.522534   1907.180269  13389.358002     21.327866  3  5  4  95       
PG22  -2313.817509  16358.160030 -20614.272781   -773.335410  7  4  5  90       
PG24   6401.700051 -18529.892804 -17950.623563    -15.389458  6  4  4  67       
PG25 -14147.809771 -19631.769719 -11482.344401     21.181956  7  5  7  67       
PG26 -21762.815871   -973.205553  15312.151723    239.840766  8  4  8  86       
PG27 -12208.608089  17128.191566  15864.136387   -340.933817  5  5  4  84       
PG28  22143.638505  11761.622799  -7946.751719    701.393088  5  5  4  75       
PG29  -3946.376078 -23605.648414  11432.553302   -145.919720  7  5  5  98       
PG30  21989.161951   2491.795330  14889.886890   -258.084178  4  4  5  84       
PG31 -25294.529929   5832.313855  -6701.392185    -54.336977  7  4  5  77       
PG32 -15013.710869  -3246.646481 -21589.392751    313.770248  4  3  4  91       
*  2020  7  8 22 30  0.00000000
PG01  -7165.531988  17852.098121 -18393.087537     23.104106  5  4  4  94       
PG02  22022.698297 -14798.695209    771.522313   -484.338665  5  6  3  64       
PG03   3382.281121  17817.246127 -19511.360563   -233.794414  6  5  4  92       
PG04   -192.124615  26483.320467   1766.188803   -112.369423  8  8  4  82       
PG05  16377.432856  -6811.731730  19686.447396    -16.265726  3  3  5  98       
PG06  23709.654543  -4563.483243 -11062.930628   -300.392636  7  4  4  71       
PG07  11648.761070  11109.550967  21504.364759   -322.809430  4  5  6  73       
PG08  -6801.504138  23629.738144   9711.188775    -40.317275  4  3  4  76       
PG09   8541.067549  21965.976831  12183.121997   -250.293805  6     5  73       
PG10 -23885.909516 -11190.177083  -3992.371116   -394.153014  6  5  4  72       
PG11 -10423.914313  23917.220573  -6315.087995   -226.578266  6  2  3  72       
PG12  -2123.320329 -17859.332942 -19830.804152     96.203482  7  7  4  77       
PG13  13005.939720 -17595.276783  14868.064838     25.054322  3  5  2  84       
PG14 -15213.825278   2735.255980 -21225.831279     -0.101663  5  4  2  85       
PG15   4333.103830 -24459.763712   8536.870145   -218.876118  6  6     87       
PG16 -14708.800178   6688.275120  20952.564269   -180.306854  7  5  7  74       
PG17  13598.748942   7216.613759 -21230.554829    292.959805  7  7  5  92       
PG18 -11126.350487 -11000.580492  21454.058201    241.328136  8  8  9  99       
PG19  15071.058686  -1422.322557 -22122.198185   -134.631903  8  7  6  97       
PG20 -20397.124545 -15234.886881   7891.720705    527.328626  7  5  5  83       
PG21 -21920.994731    938.084216  15536.282617     21.331894  3  5  4  94       
PG22  -4488.066931  15255.832366 -21077.673775   -773.332885  7  4  4  94       
PG24   8183.618053 -19331.716909 -16250.346174    -15.389333  5  4  5  56       
PG25 -12877.092552 -19010.636308 -13810.465179     21.185616  7  5  7  76       
PG26 -23052.217481  -1995.411526  13204.578148    239.846994  9  4  8  47       
PG27 -12258.526644  15167.151125  17726.540648   -340.942465  5  5  4  70       
PG28  22651.581427  12444.598659  -5183.403524    701.389925  5  5  4  59       
PG29  -3636.191617 -24740.884397   8851.647457   -145.927620  7  5  5  76       
PG30  20440.790917   3435.829034  16774.025095   -258.091184  4  4  5  73       
PG31 -24571.503811   5253.569030  -9325.154201    -54.339238  7  4  5  70       
PG32 -14865.146589  -5708.361814 -21192.739624    313.775990  4  3  4  72       
*  2020  7  8 22 45  0.00000000
PG01  -8934.728832  18727.789081 -16611.858578     23.108444  5  3  4 103       
PG02  22054.389230 -14499.099202  -2083.806215   -484.343966  6  6  3  23       
PG03   1352.964900  16775.809046 -20642.610965   -233.805013  6  5  4  92       
PG04   -454.178926  26515.240831  -1089.138261   -112.373658  8  8  4  69       
PG05  18271.329219  -5684.873280  18359.387595    -16.266340  3  3  5 102       
PG06  22583.878756  -3704.766660 -13463.574433   -300.397356  7  5  4  57       
PG07   9566.517729  12325.242903  21827.758624   -322.817392  5  5  6  89       
PG08  -7052.314989  22376.389736  12208.131538    -40.318843  5  4  5  78       
PG09   8332.551617  23234.795209   9736.735305   -250.299668  6     6  74       
PG10 -24042.258952 -11529.710043  -1159.488880   -394.162663  7  5  5  73       
PG11 -10994.826347  24165.771344  -3653.877360   -226.568697  6  3  2  87       
PG12   -183.386058 -16663.459954 -20952.630048     96.198746  7  7  4  85       
PG13  12962.095387 -15752.046862  16836.796516     25.057157  4  5  2  95       
PG14 -15073.649662    216.246510 -21511.042807     -0.099000  6  4  2  84       
PG15   4810.773517 -23330.793269  11025.843642   -218.873740  6  6     90       
PG16 -16629.027177   5299.877625  19937.854749   -180.310954  7  4  7  96       
PG17  13423.595965   9672.851471 -20368.248778    292.964964  7  7  5  93       
PG18  -8979.817033 -12233.732527  21786.727477    241.336916  8  8  9 101       
PG19  14856.436924   1038.485406 -22293.992922   -134.627329  8  7  7 110       
PG20 -19312.525306 -15108.284980  10412.123551    527.328442  7  5  5  87       
PG21 -20561.848636   -212.690981  17425.422822     21.336300  3  6  4 109       
PG22  -6741.946625  14242.659428 -21171.923272   -773.330640  6  3  4  97       
PG24   9756.072568 -20103.597938 -14270.032608    -15.390012  5  5  4  79       
PG25 -11360.447212 -18335.423901 -15907.084018     21.189298  7  5  6  53       
PG26 -24169.481145  -2833.968912  10871.805373    239.853196  9  4  7  96       
PG27 -12415.172411  13017.445696  19276.719980   -340.951141  5  5  3  75       
PG28  22933.128355  12909.891947  -2328.740683    701.386770  6  5  4  56       
PG29  -3409.172054 -25589.937749   6117.824409   -145.935360  8  5  5  86       
PG30  18767.416408   4547.874939  18372.864590   -258.098146  4  4  4  89       
PG31 -23629.651930   4499.897966 -11792.696683    -54.341352  7  4  5  53       
PG32 -14842.372516  -8106.990619 -20429.284849    313.781737  4  3  4  88       
*  2020  7  8 23  0  0.00000000
PG01 -10475.193878  19579.623778 -14545.428353     23.112823  5  3  3  92       
PG02  21849.837272 -13998.300888  -4902.861761   -484.349492  7  6  4  51       
PG03   -826.447516  15796.537785 -21421.601856   -233.815604  6  5  4  94       
PG04   -726.434981  26238.451866  -3925.679915   -112.377831  8  8  5  74       
PG05  20064.614263  -4726.383388  16714.895799    -16.267033  3  3  5 100       
PG06  21292.245852  -2639.217438 -15632.302364   -300.402172  8  5  4  72       
PG07   7533.096048  13658.442118  21786.778460   -322.825074  6  5  6  87       
PG08  -7391.932866  20867.599072  14492.291893    -40.320217  6  5  5  85       
PG09   8164.472779  24226.797185   7122.284919   -250.305595  7  1  5  86       
PG10 -23928.519920 -11720.221902   1693.074372   -394.172258  8  5  5  65       
PG11 -11411.432129  24177.795309   -931.482695   -226.559135  6  4  2  61       
PG12   1912.317589 -15524.165564 -21722.373007     96.194559  7  7  4  91       
PG13  13003.794784 -13701.654738  18512.173639     25.060197  4  5  2  88       
PG14 -15061.850602  -2315.686985 -21413.653878     -0.096746  6  3  3  65       
PG15   5387.875716 -21955.091323  13318.248662   -218.871248  5  5     92       
PG16 -18502.964921   4091.659658  18577.628852   -180.315070  8  4  7  93       
PG17  13381.606079  12012.225314 -19142.577655    292.970182  7  7  5  85       
PG18  -6887.061148 -13587.164929  21744.141619    241.345679  7  8  9  94       
PG19  14780.755063   3505.451575 -22092.813013   -134.622835  8  7  7 110       
PG20 -17962.368737 -14948.661026  12754.901483    527.328297  7  5  5  88       
PG21 -19115.322872  -1545.327135  19027.626605     21.340428  3  6  4  99       
PG22  -9032.401483  13339.366590 -20894.899941   -773.328046  6  3  3  97       
PG24  11104.601697 -20805.717940 -12042.866479    -15.390282  6  5  5  64       
PG25  -9612.466657 -17646.150479 -17737.245908     21.192929  7  6  6  91       
PG26 -25077.686878  -3503.282974   8353.861725    239.859337 10  5  7  62       
PG27 -12698.653250  10723.408342  20487.849719   -340.959744  5  5  3 102       
PG28  22960.431890  13184.439109    566.700712    701.383560  7  5  4  83       
PG29  -3229.397847 -26133.389846   3278.355561   -145.943340  8  5  5  80       
PG30  17012.029308   5827.299849  19658.870054   -258.105129  4  4  4  93       
PG31 -22504.324481   3554.163114 -14062.424890    -54.343327  7  4  5  75       
PG32 -14934.681189 -10395.657640 -19312.747517    313.787476  4  4  5  70       
*  2020  7  8 23 15  0.00000000
PG01 -11772.342146  20364.260127 -12228.287042     23.117184  6  4  2  71       
PG02  21436.886541 -13271.780740  -7636.011066   -484.354720  8  6  5  67       
PG03  -3117.969696  14909.031680 -21834.834254   -233.826205  6  5  4  88       
PG04  -1045.461158  25660.237745  -6694.503849   -112.382035  8  8  6  45       
PG05  21712.847445  -3932.770290  14782.058554    -16.267779  4  3  5  95       
PG06  19878.759016  -1361.688663 -17531.580637   -300.406902  7  5  4 100       
PG07   5586.944216  15082.742374  21380.659022   -322.832847  6  5  6  72       
PG08  -7847.432219  19137.174862  16524.216567    -40.321557  6  6  5  79       
PG09   8001.660612  24926.297611   4384.953423   -250.311439  7  1  5  53       
PG10 -23529.224835 -11796.020940   4516.954670   -394.181701  8  5  6 104       
PG11 -11699.967673  23932.404487   1806.560387   -226.549316  7  5  1  78       
PG12   4127.973338 -14473.735132 -22126.954148     96.190121  7  7  4  92       
PG13  13155.077029 -11483.835891  19864.959941     25.063288  4  5  2  94       
PG14 -15177.391040  -4809.616675 -20936.035861     -0.094255  6  4  4  70       
PG15   6086.757673 -20365.328321  15372.919216   -218.869232  4  5     98       
PG16 -20283.442870   3070.515489  16896.875890   -180.319317  9  4  7  85       
PG17  13455.463320  14187.193371 -17576.261319    292.975453  7  7  6  86       
PG18  -4889.154590 -15033.535570  21326.944553    241.354481  7  8  9  70       
PG19  14842.570841   5929.698688 -21522.050924   -134.618289  9  7  7 108       
PG20 -16361.363344 -14791.545368  14879.707859    527.328191  8  5  5  66       
PG21 -17624.640665  -3052.401096  20318.661966     21.344163  4  7  5  96       
PG22 -11313.589368  12559.498277 -20251.114749   -773.325999  6  3  4  76       
PG24  12222.747659 -21397.718760  -9606.594593    -15.390190  6  5  4  84       
PG25  -7655.617715 -16980.423230 -19270.373172     21.196585  7  6  6  73       
PG26 -25744.884825  -4024.466587   5693.795459    239.865498 10  5  7  73       
PG27 -13121.392011   8333.391217  21339.271100   -340.968392  6  5  3  86       
PG28  22713.045487  13301.005267   3452.360628    701.380310  7  5  3  78       
PG29  -3058.368679 -26360.720446    382.299838   -145.950944  7  5  5  62       
PG30  15218.074197   7265.593187  20609.716517   -258.112099  4  5  4  89       
PG31 -21234.816564   2406.543393 -16095.857117    -54.345772  7  4  5  78       
PG32 -15123.953058 -12530.939978 -17862.924510    313.793175  4  4  5  58       
*  2020  7  8 23 30  0.00000000
PG01 -12820.284581  21037.771093  -9699.546035     23.121537  6  5     72       
PG02  20849.048873 -12302.250235 -10234.420538   -484.359854  9  7  5  73       
PG03  -5478.667921  14136.380419 -21874.991522   -233.836807  6  4  3  83       
PG04  -1445.696484  24796.481177  -9347.840836   -112.386346  7  8  7  67       
PG05  23174.591015  -3292.693146  12594.804094    -16.268511  5  3  6  79       
PG06  18389.146071    124.295580 -19128.481228   -300.411630  7  5  5  91       
PG07   3761.763972  16565.553208  20614.612960   -322.840537  7  5  5  78       
PG08  -8439.572059  17224.962815  18269.004832    -40.322362  7  6  5  77       
PG09   7807.380924  25326.165706   1572.004362   -250.317299  7  2  5  56       
PG10 -22837.112271 -11794.315704   7264.354538   -394.191363  9  6  6  95       
PG11 -11890.434518  23415.499083   4513.949387   -226.539637  7  5     67       
PG12   6422.372111 -13538.194787 -22159.276486     96.185772  7  7  5  89       
PG13  13433.040555  -9143.283901  20871.606771     25.066107  4  5  2  91       
PG14 -15411.062951  -7215.996338 -20087.493649     -0.091539  6  3  5  67       
PG15   6923.484584 -18599.907157  17153.010891   -218.867035  4  6     88       
PG16 -21924.452706   2234.619000  14925.885889   -180.323527  9  4  7  97       
PG17  13620.526612  16155.540513 -15698.135605    292.980868  7  7  6  77       
PG18  -3021.953136 -16539.235148  20542.241091    241.363265  7  8  9  83       
PG19  15032.266119   8263.566213 -20591.108502   -134.613492  9  7  8 100       
PG20 -14531.990314 -14669.970211  16749.755948    527.328067  8  5  5  87       
PG21 -16131.506866  -4719.079987  21279.421564     21.348645  5  7  5  97       
PG22 -13538.504563  11908.961684 -19251.652012   -773.323714  6  3  4  83       
PG24  13112.168571 -21840.333815  -7002.920902    -15.390186  6  5  5  85       
PG25  -5519.584840 -16371.991660 -20480.730645     21.200252  7  7  6  75       
PG26 -26145.288426  -4424.322980   2936.953286    239.871649 10  6  7  55       
PG27 -13687.558144   5898.013901  21816.831711   -340.977055  6  5  3  85       
PG28  22178.707750  13296.637742   6278.565038    701.377284  6  4  4  72       
PG29  -2856.695947 -26270.662702  -2520.354495   -145.958668  7  6  5  40       
PG30  13427.893936   8846.497644  21208.685452   -258.119076  5  5  4  68       
PG31 -19862.923647   1055.119504 -17858.246913    -54.347713  6  5  5  85       
PG32 -15385.444805 -14474.345736 -16105.310434    313.798842  4  4  5  61       
*  2020  7  8 23 45  0.00000000
PG01 -13621.931785  21557.409380  -7002.320858     23.125844  7  5     37       
PG02  20124.162740 -11080.650764 -12651.012819   -484.365036 10  7  6  77       
PG03  -7862.103608  13494.318166 -21541.078703   -233.847428  6  4  4  79       
PG04  -1957.912942  23671.076082 -11839.915833   -112.390508  7  8  7  78       
PG05  24412.902818  -2787.617282  10191.274048    -16.269208  5  4  6  93       
PG06  16869.126679   1806.467847 -20395.264503   -300.416361  7  6  5  94       
PG07   2085.374034  18069.173786  19499.856806   -322.848132  8  5  5  70       
PG08  -9181.836884  15175.386268  19696.903176    -40.323383  7  7  5  80       
PG09   7544.946643  25428.007602  -1268.042659   -250.323229  7  3  5  77       
PG10 -21853.484984 -11753.634270   9888.812659   -394.201079  9  6  6  92       
PG11 -12015.326946  22620.473263   7144.350411   -226.530292  8  6  2  72       
PG12   8750.265872 -12736.384952 -21818.355151     96.181324  7  7  6  63       
PG13  13847.071751  -6728.074335  21514.676197     25.069150  5  4  2  98       
PG14 -15745.914794  -9488.431873 -18884.026832     -0.089058  6  4  6  60       
PG15   7906.984612 -16701.515592  18626.741508   -218.864359  4  6  2  92       
PG16 -23382.814235   1573.748929  12699.638016   -180.327935 10  4  7  78       
PG17  13845.963413  17881.854137 -13542.521290    292.986050  7  6  7  74       
PG18  -1314.884935 -18065.589057  19403.480054    241.371981  7  8  9  78       
PG19  15332.428400  10462.197568 -19315.263089   -134.608802  9  7  8  98       
PG20 -12503.835633 -14613.074726  18332.465940    527.328051  9  5  6  69       
PG21 -14674.699839  -6523.570557  21896.058038     21.352675  6  8  6  84       
PG22 -15660.659235  11385.890534 -17913.978985   -773.321477  6  4  4  61       
PG24  13782.433153 -22097.010644  -4276.807498    -15.390384  6  6  5  98       
PG25  -3240.354593 -15849.453282 -21347.824935     21.203885  7  8  6  50       
PG26 -26260.244627  -4734.117961    130.228880    239.877716 11  7  7  72       
PG27 -14392.847693   3468.338469  21913.091857   -340.985714  6  6  4  90       
PG28  21353.800388  13210.996816   8997.370127    701.373812  6  3  4  63       
PG29  -2585.829328 -25871.210536  -5379.561032   -145.966553  7  7  5  61       
PG30  11681.220370  10546.440887  21444.975421   -258.126091  5  5  5  73       
PG31 -18431.408536   -493.827983 -19319.162281    -54.349806  6  5  5  82       
PG32 -15688.843123 -16193.598819 -14070.622322    313.804555  4  5  6  89       
EOF
