#cP2020  7 11  0  0  0.00000000      96 ORBIT IGb14 HLM  IGS
## 2113 518400.00000000   900.00000000 59041 0.0000000000000
+   31   G01G02G03G04G05G06G07G08G09G10G11G12G13G14G15G16G17
+        G18G19G20G21G22G24G25G26G27G28G29G30G31G32  0  0  0
+          0  0  0  0  0  0  0  0  0  0  0  0  0  0  0  0  0
+          0  0  0  0  0  0  0  0  0  0  0  0  0  0  0  0  0
+          0  0  0  0  0  0  0  0  0  0  0  0  0  0  0  0  0
++         2  2  2  2  2  2  2  2  2  2  2  2  2  2  2  2  2
++         3  2  2  2  2  1  2  2  2  2  2  1  2  1  0  0  0
++         0  0  0  0  0  0  0  0  0  0  0  0  0  0  0  0  0
++         0  0  0  0  0  0  0  0  0  0  0  0  0  0  0  0  0
++         0  0  0  0  0  0  0  0  0  0  0  0  0  0  0  0  0
%c G  cc GPS ccc cccc cccc cccc cccc ccccc ccccc ccccc ccccc
%c cc cc ccc ccc cccc cccc cccc cccc ccccc ccccc ccccc ccccc
%f  1.2500000  1.025000000  0.00000000000  0.000000000000000
%f  0.0000000  0.000000000  0.00000000000  0.000000000000000
%i    0    0    0    0      0      0      0      0         0
%i    0    0    0    0      0      0      0      0         0
/* FINAL ORBIT COMBINATION FROM WEIGHTED AVERAGE OF:        
/* cod emr esa gfz grg jpl mit ngs sio                      
/* REFERENCED TO IGS TIME (IGST) AND TO WEIGHTED MEAN POLE: 
/* PCV:IGS14_2114 OL/AL:FES2004  NONE     Y  ORB:CMB CLK:CMB
*  2020  7 11  0  0  0.00000000
PG01 -14398.121158  21970.306567  -2622.976999     23.952408  6  5  5  82       
PG02  18830.662999  -8719.818592 -15914.377221   -485.363298  7  8  7 110       
PG03 -11435.223561  12790.168307 -20318.181651   -235.876934  6     5  86       
PG04  -3030.359836  21488.670211 -15278.422371   -113.198797 11  8 10  57       
PG05  25814.841640  -2218.685581   6155.376392    -16.406742 11  7  9  65       
PG06  14541.784760   4773.808650 -21660.616497   -301.327874  8  7  8 116       
PG07   -173.946903  20341.001652  17127.714413   -324.364064  6  5  4  98       
PG08 -10629.666650  11855.808313  21224.463464    -40.543742  5  6  5 113       
PG09   6930.673640  25025.623533  -5589.373391   -251.457588  7  5  5  42       
PG10 -19785.421968 -11703.045738  13600.593742   -396.070722  8  5  7  84       
PG11 -12149.656402  20859.864298  10944.955197   -224.682599  8  6  8 106       
PG12  12305.407128 -11783.102669 -20569.698233     95.334668  6  5  6  98       
PG13  14754.632025  -2959.696306  21770.464123     25.639011  5  6  7  85       
PG14 -16403.451835 -12644.635799 -16379.321677      0.404654  8  9  5  85       
PG15   9706.114609 -13622.047621  20240.294102   -218.414071  7  5  9  73       
PG16 -25175.219336    878.987799   8883.364179   -181.155584 11  6  5 105       
PG17  14235.259203  19999.511838  -9775.105947    293.997501  8  8  5 107       
PG18    946.012793 -20359.000572  17003.300287    243.046132  9  9 11  99       
PG19  15954.956013  13494.271478 -16721.336469   -133.726654  8  7  8 108       
PG20  -9056.521805 -14707.891587  20152.115781    527.313746  4  6  8  96       
PG21 -12874.093491  -9064.731945  22166.891783     22.150641  5  6  5  85       
PG22 -18604.110601  10824.794931 -15262.296629   -772.883654  7  5  4  85       
PG24  14435.575565 -22050.106610     79.785498    -15.488572  5  4  5  84       
PG25    431.055582 -15265.378645 -21977.544148     21.923437  7  6  5  95       
PG26 -25850.827725  -5123.339322  -4205.171858    241.070810  9  6  7  32       
PG27 -15723.991276   -160.271175  21313.038649   -342.662264  8  6  6  90       
PG28  19520.591507  13014.989787  12883.409052    700.762449  8  8  8  57       
PG29  -1962.644835 -24692.991003  -9580.242069   -147.467435  8  5  8  48       
PG30   9132.046621  13352.963402  21084.557269   -259.470554  5  6  4  92       
PG31 -16185.278721  -3264.461972 -20932.727260    -54.778130  6  5  6  83       
PG32 -16164.241261 -18339.270912 -10482.254550    314.901590  5  5  4  66       
*  2020  7 11  0 15  0.00000000
PG01 -14643.613685  21930.943562    288.127567     23.956610  5  5  6  91       
PG02  17943.159327  -6878.540718 -17678.833656   -485.368417  7  8  7  86       
PG03 -13660.153346  12497.058064 -19075.530026   -235.887478  5  1  4  90       
PG04  -3928.752138  19850.330785 -17174.212978   -113.203001 11  7  9  36       
PG05  26361.097839  -1933.859835   3395.811603    -16.408156 11  7  9  87       
PG06  13134.060516   6843.954071 -21997.613250   -301.332620  8  6  7  62       
PG07  -1393.983640  21704.696899  15215.234842   -324.371940  5  5  4  80       
PG08 -11759.833532   9672.861036  21752.042572    -40.545075  5  6  5 108       
PG09   6345.085914  24434.252359  -8279.299505   -251.463618  7  5  4  72       
PG10 -18123.753029 -11730.772986  15718.492780   -396.080267  8  4  7 105       
PG11 -12258.253524  19382.714669  13178.247021   -224.672956  7  6  8 103       
PG12  14501.152500 -11352.108221 -19316.057255     95.329798  5  6  6 120       
PG13  15501.261246   -578.127111  21453.311771     25.641954  5  6  6  63       
PG14 -16874.424884 -14403.030025 -14386.233583      0.406944  8  8  5  49       
PG15  11050.624412 -11591.751935  20832.431269   -218.411722  6  6  8  88       
PG16 -26011.255938    566.241314   6192.608055   -181.159864 10  6  4 114       
PG17  14447.432851  21008.630862  -7099.332373    294.002617  8  8  4 110       
PG18   2165.346244 -21743.620826  15066.199188    243.054824  9  9 10  91       
PG19  16411.944159  15179.752784 -14675.194425   -133.722009  7  6  8 113       
PG20  -6694.727229 -14909.377162  20889.657249    527.313680  3  6  8 107       
PG21 -11654.794331 -11087.785297  21937.966630     22.154655  5  6  5 104       
PG22 -20277.090668  10567.786379 -13185.988903   -772.881430  7  4  5  68       
PG24  14638.623371 -21700.057840   2899.917168    -15.488516  5  4  5  99       
PG25   2880.661449 -15045.879499 -21921.071535     21.927202  7  6  5 116       
PG26 -25208.549601  -5362.084631  -6923.514952    241.077061  8  5  6  59       
PG27 -16708.275538  -2359.102277  20451.490221   -342.670897  7  6  6  97       
PG28  17999.011781  12903.096027  15131.154457    700.759586  8  8  7  79       
PG29  -1363.769492 -23603.045420 -12112.321868   -147.475256  7  5  7  93       
PG30   7644.920453  15206.544927  20388.555975   -259.477515  5  5  4  80       
PG31 -14786.249955  -5233.089152 -21520.211247    -54.780276  6  5  6  97       
PG32 -16413.090090 -19395.625130  -7912.090933    314.907172  5  5  4  71       
*  2020  7 11  0 30  0.00000000
PG01 -14717.276174  21620.851404   3194.142623     23.960824  5  5  5  88       
PG02  17063.447393  -4826.033681 -19123.143860   -485.373577  7  8  7 110       
PG03 -15739.609029  12325.855816 -17505.473528   -235.897991  3  3  4  50       
PG04  -4999.969535  18084.085442 -18773.820651   -113.207201 11  7  8  55       
PG05  26606.656540  -1676.388716    578.364178    -16.408563 10  7  9  89       
PG06  11833.477643   9003.082703 -21954.333634   -301.337356  7  6  6 114       
PG07  -2425.423241  22935.026630  13040.441717   -324.379806  5  4  4  82       
PG08 -13022.657364   7521.991205  21905.002196    -40.545969  5  6  5 105       
PG09   5584.883601  23615.750369 -10826.854218   -251.469531  6  5  4  70       
PG10 -16242.021663 -11842.989427  17570.249340   -396.089818  7  4  6 106       
PG11 -12415.461853  17668.310955  15181.874324   -224.663525  7  5  8 105       
PG12  16560.731017 -11056.848810 -17734.791245     95.325249  5  6  6 107       
PG13  16351.566065   1706.066934  20763.406424     25.644929  6  7  6  59       
PG14 -17337.952531 -15910.483873 -12142.200455      0.409333  8  7  5  81       
PG15  12511.138432  -9589.445158  21054.424865   -218.409465  6  6  7  81       
PG16 -26555.752372    337.084701   3397.421306   -181.164309  9  7  4  99       
PG17  14583.181829  21719.426853  -4300.036018    294.007971  8  7  4 102       
PG18   3183.462775 -22993.408583  12869.280258    243.063505  9  8 10  98       
PG19  16867.534462  16614.278626 -12381.620408   -133.717560  7  6  8  85       
PG20  -4280.317560 -15230.981922  21266.251771    527.314119  3  5  7 105       
PG21 -10566.079387 -13132.435023  21357.656424     22.158734  5  6  5 105       
PG22 -21710.909489  10374.904834 -10878.473567   -772.878680  7  4  5  56       
PG24  14709.795099 -21077.836881   5668.838023    -15.488170  5  3  5  73       
PG25   5314.215843 -14958.126037 -21495.093361     21.931017  7  7  6 104       
PG26 -24280.131560  -5636.030088  -9524.369317    241.083147  8  5  6  75       
PG27 -17753.342706  -4393.882378  19236.186543   -342.679535  7  6  6  96       
PG28  16242.571523  12846.276975  17126.059912    700.756384  8  7  7  81       
PG29   -589.886336 -22298.351418 -14436.051637   -147.483103  7  5  6  80       
PG30   6301.920330  17049.521821  19341.679747   -259.484469  5  5  4  88       
PG31 -13464.222833  -7313.585115 -21740.280178    -54.782365  6  5  6  73       
PG32 -16572.084628 -20176.328340  -5206.526134    314.912861  5  4  4  51       
*  2020  7 11  0 45  0.00000000
PG01 -14654.164995  21022.871722   6043.830865     23.964971  5  5  6  88       
PG02  16228.265407  -2593.794258 -20219.906497   -485.378759  6  8  6 112       
PG03 -17631.762268  12256.641448 -15634.600917   -235.908493  3  4  3  79       
PG04  -6243.950934  16235.601340 -20049.716214   -113.211408 11  6  8  71       
PG05  26548.018487  -1409.855199  -2248.935930    -16.409702 10  7  8  83       
PG06  10665.693423  11207.290549 -21531.397567   -301.342063  7  5  6 117       
PG07  -3274.989083  23989.495140  10639.586575   -324.387668  5  4  4  79       
PG08 -14395.156987   5447.233208  21681.498135    -40.546127  6  7  5  97       
PG09   4632.384957  22605.053459 -13188.342174   -251.475532  6  5  3  82       
PG10 -14176.572940 -12064.660411  19124.284408   -396.099447  7  5  6 112       
PG11 -12647.208276  15745.427652  16919.338557   -224.654141  6  5  8  99       
PG12  18440.596203 -10879.815134 -15851.935186     95.320838  6  6  6  96       
PG13  17279.187200   3851.115551  19713.138341     25.647730  7  6  5  73       
PG14 -17755.248312 -17151.872486  -9687.262971      0.411891  7  7  5  62       
PG15  14062.209906  -7656.185056  20903.380133   -218.406989  6  6  6  77       
PG16 -26794.755447    155.182530    545.123087   -181.168615  9  7  4 101       
PG17  14603.146384  22137.132702  -1426.285006    294.013462  8  7  3  95       
PG18   4007.656637 -24066.163215  10450.413497    243.072172  9  8 10  92       
PG19  17281.181307  17781.882983  -9878.720834   -133.712989  7  6  7  96       
PG20  -1860.260385 -15671.836245  21274.671202    527.313654  3  4  7 110       
PG21  -9620.880139 -15156.750047  20435.393971     22.163289  5  6  5 111       
PG22 -22880.630991  10215.869948  -8380.459216   -772.876576  7  4  6  72       
PG24  14683.955278 -20176.080865   8337.498869    -15.488106  5  3  4  79       
PG25   7683.887797 -14997.338402 -20705.889351     21.934825  7  6  6  97       
PG26 -23084.020340  -5978.069994 -11963.550991    241.089260  7  5  5  66       
PG27 -18822.916938  -6232.764323  17689.209764   -342.688176  7  5  6 101       
PG28  14283.914308  12875.192597  18836.415594    700.753147  8  7  6  66       
PG29    374.523565 -20820.043553 -16511.622189   -147.490939  6  5  6  54       
PG30   5115.907066  18837.722711  17961.318534   -259.491405  5  4  4  79       
PG31 -12247.409357  -9466.904782 -21587.829268    -54.784620  6  4  6  85       
PG32 -16603.642191 -20686.106066  -2411.976838    314.918503  4  4  4  60       
*  2020  7 11  1  0  0.00000000
PG01 -14492.941556  20128.730954   8786.727320     23.969125  5  5  6  78       
PG02  15469.506903   -220.652783 -20948.221570   -485.384041  7  9  6 106       
PG03 -19300.154933  12263.032904 -13494.733790   -235.918974  3  5  3  67       
PG04  -7652.369882  14351.057759 -20979.971368   -113.215628 11  6  7  61       
PG05  26190.246932  -1098.039298  -5038.060511    -16.410448 10  7  8 102       
PG06   9648.666824  13409.209519 -20736.021108   -301.346776  6  5  5 108       
PG07  -3956.960347  24829.098140   8053.292916   -324.395571  5  4  4  63       
PG08 -15847.536667   3488.014578  21086.140190    -40.546828  6  7  5  79       
PG09   3477.244642  21441.392942 -15323.313249   -251.481439  6  5  3  68       
PG10 -11968.915364 -12414.189754  20353.934497   -396.109137  6  5  5 102       
PG11 -12974.255197  13649.123946  18358.494323   -224.644358  6  5  8  88       
PG12  20102.002747 -10796.565900 -13698.748899     95.316232  6  6  6 101       
PG13  18251.719850   5821.025298  18321.165395     25.650709  7  7  4  78       
PG14 -18086.831122 -18120.939820  -7064.797002      0.414384  7  6  5 103       
PG15  15672.366522  -5828.231117  20383.196297   -218.404971  6  7  5  72       
PG16 -26722.896962    -17.686366  -2316.328706   -181.173109  8  7  4  93       
PG17  14470.778543  22275.910233   1472.062978    294.018589  8  6  3  70       
PG18   4653.035533 -24923.465609   7851.309571    243.080802  9  8 10  85       
PG19  17611.202117  18675.161567  -7208.310521   -133.708496  7  6  7  74       
PG20    518.856730 -16223.366582  20914.081787    527.313773  3  4  6  85       
PG21  -8824.662673 -17117.576229  19185.704026     22.167186  5  6  5  96       
PG22 -23769.183259  10057.239102  -5735.923444   -772.874489  7  4  6  65       
PG24  14597.790275 -18996.093378  10858.529752    -15.488358  4  4  4  66       
PG25   9943.553318 -15150.879538 -19565.815241     21.938635  7  7  7 101       
PG26 -21646.054944  -6417.297160 -14199.548337    241.095337  7  4  5  16       
PG27 -19876.850460  -7851.677983  15838.211806   -342.696802  6  5  6  65       
PG28  12161.317827  13014.645288  20235.395203    700.750109  8  7  5  66       
PG29   1536.888167 -19212.968591 -18303.535579   -147.498789  6  5  5  74       
PG30   4091.946494  20526.397395  16270.697751   -259.498316  5  4  5  67       
PG31 -11157.377566 -11649.515573 -21064.094380    -54.786852  5  4  5  85       
PG32 -16472.945175 -20937.900936    423.749918    314.924164  4  4  4  86       
*  2020  7 11  1 15  0.00000000
PG01 -14274.177701  18939.549285  11374.108696     23.973349  5  5  6  69       
PG02  14812.867146   2248.585811 -21294.201933   -485.388875  7  9  6 110       
PG03 -20714.962995  12313.315144 -11122.405166   -235.929487  4  6  3  71       
PG04  -9208.788616  12475.466539 -21548.633306   -113.219837 11  5  7  56       
PG05  25546.737565   -706.488997  -7741.767656    -16.411252  9  7  8 107       
PG06   8792.073960  15559.683723 -19581.896970   -301.351620  6  5  5  99       
PG07  -4492.483295  25419.884805   5325.912071   -324.403316  4  4  4  61       
PG08 -17344.260604   1677.834708  20129.861129    -40.547459  6  7  5  69       
PG09   2117.046190  20166.777533 -17195.245756   -251.487332  6  5  3  67       
PG10  -9664.317179 -12902.593875  21237.903944   -396.118686  6  5  5  94       
PG11 -13411.176809  11419.587906  19472.257951   -224.634837  6  5  7  89       
PG12  21512.368496 -10776.755477 -11311.257479     95.311866  6  6  6  93       
PG13  19231.978054   7586.764221  16612.052164     25.653926  7  7  4  71       
PG14 -18294.168503 -18820.285655  -4320.692592      0.417160  6  6  5  82       
PG15  17305.279827  -4135.801616  19504.404781   -218.402591  6  7  5  67       
PG16 -26343.532147   -220.005446  -5139.086876   -181.177272  7  7  5  87       
PG17  14153.881465  22158.085612   4345.241206    294.024170  8  6  3  76       
PG18   5141.732796 -25532.154982   5116.796038    243.089371 10  7 10  73       
PG19  17816.459309  19295.443178  -4415.278477   -133.703761  7  5  7  91       
PG20   2812.442515 -16869.563766  20190.106436    527.313863  3  4  5  83       
PG21  -8175.341811 -18971.922924  17628.035686     22.171384  5  6  5  84       
PG22 -24367.884026   9863.911179  -2991.286501   -772.871891  7  4  6  56       
PG24  14488.180145 -17547.962676  13187.158122    -15.489197  4  4  3  85       
PG25  12050.360831 -15398.735786 -18093.171939     21.942450  8  7  7  71       
PG26 -19998.577505  -6977.714656 -16194.205029    241.101458  6  4  4  49       
PG27 -20872.692518  -9235.006661  13715.869986   -342.705435  6  6  6  87       
PG28   9917.391686  13282.628697  21301.347611    700.746879  8  7  5  76       
PG29   2896.076422 -17524.004474 -19781.200627   -147.506637  6  5  5  68       
PG30   3227.260454  22071.846895  14298.516270   -259.505253  5  4  5  61       
PG31 -10208.277074 -13814.873980 -20176.725462    -54.789053  5  4  5  89       
PG32 -16149.409168 -20952.220497   3252.260790    314.929818  4  4  5  94       
*  2020  7 11  1 30  0.00000000
PG01 -14038.580283  17465.976607  13759.940157     23.977570  6  6  6  82       
PG02  14276.766860   4764.774860 -21251.314215   -485.394073  7  8  6  93       
PG03 -21854.017459  12371.790580  -8558.251224   -235.939986  5  7  4  55       
PG04 -10889.133950  10651.050286 -21745.994726   -113.223938 11  5  7  29       
PG05  24638.690563   -204.016817 -10314.364321    -16.411829  9  7  8 129       
PG06   8097.057425  17609.525148 -18088.959202   -301.356364  6  5  5 108       
PG07  -4908.593091  25734.359588   2504.777646   -324.411148  5  4  5  89       
PG08 -18845.351287     43.184892  18829.682660    -40.548100  6  7  4  77       
PG09    557.588022  18824.384906 -18772.159693   -251.493158  5  5  3  65       
PG10  -7310.263970 -13532.960115  21760.639113   -396.128332  5  5  4 106       
PG11 -13965.582715   9100.756648  20239.237202   -224.625324  6  5  7  77       
PG12  22646.424342 -10785.406103  -8729.702683     95.307466  6  6  6  95       
PG13  20179.454306   9127.168298  14615.805818     25.656656  7  7  4  69       
PG14 -18341.269657 -19261.016994  -1502.515857      0.419320  6  5  5 105       
PG15  18921.130133  -2602.099250  18283.874836   -218.400253  6  7  5  66       
PG16 -25668.572947   -488.902462  -7876.145809   -181.181725  7  7  5  78       
PG17  13625.962329  21813.095673   7144.417499    294.028898  7  5  3  49       
PG18   5501.846140 -25865.614770   2294.038560    243.098063 10  7 10  95       
PG19  17858.050560  19652.641512  -1546.888589   -133.699154  7  5  6  87       
PG20   4979.447241 -17587.559893  19114.769067    527.313680  3  4  4  91       
PG21  -7663.451669 -20678.357449  15786.552860     22.175578  6  5  5  84       
PG22 -24676.639550   9600.695069   -194.548589   -772.869903  7  5  6  72       
PG24  14390.567005 -15850.327653  15282.078240    -15.488332  4  4  3  73       
PG25  13966.192624 -15714.291636 -16311.979602     21.946213  8  7  7  99       
PG26 -18179.309723  -7677.141760 -17913.354414    241.107554  6  4  4 101       
PG27 -21767.343010 -10375.933120  11359.270835   -342.714142  5  6  5 101       
PG28   7597.649974  13689.640653  22018.013980    700.743864  8  7  4  70       
PG29   4442.264353 -15800.317406 -20919.442067   -147.514297  6  5  5  88       
PG30   2511.490887  23433.034557  12078.481149   -259.512171  5  4  5  77       
PG31  -9406.354323 -15915.045129 -18939.749530    -54.791381  5  4  5  94       
PG32 -15607.993417 -20756.210675   6025.382203    314.935477  4  4  4 109       
*  2020  7 11  1 45  0.00000000
PG01 -13825.211036  15727.945437  15901.775189     23.981799  6  6  6  80       
PG02  13871.606914   7276.258232 -20820.534781   -485.398881  7  8  5 100       
PG03 -22703.541531  12400.299507  -5846.325123   -235.950473  6  7  5  85       
PG04 -12662.476810   8915.740633 -21568.755005   -113.228093 11  4  7  52       
PG05  23494.306477    435.932875 -12712.437043    -16.412907  9  6  8 114       
PG06   7556.319138  19511.280417 -16283.035944   -301.361131  6  4  5  86       
PG07  -5236.979345  25752.660398   -360.631024   -324.418820  5  5  4  73       
PG08 -20307.860551  -1397.253052  17208.385364    -40.549593  6  6  4 102       
PG09  -1187.147738  17456.924707 -20027.150575   -251.499015  5  4  3  82       
PG10  -4954.832656 -14300.211615  21912.617780   -396.138025  5  5  4  99       
PG11 -14637.630507   6738.764627  20644.259411   -224.615399  6  5  7  84       
PG12  23487.105430 -10784.380022  -5997.909726     95.302998  6  6  6 106       
PG13  21051.915392  10429.536929  12367.319518     25.659821  8  7  4  75       
PG14 -18196.167280 -19462.086385   1341.329038      0.421767  5  5  5  84       
PG15  20478.106494  -1242.639597  16744.400131   -218.397959  6  7  4  71       
PG16 -24718.026083   -858.593445 -10482.047172   -181.185760  7  7  5  82       
PG17  12867.351975  21276.193991   9822.488104    294.034787  7  5  3  74       
PG18   5766.145193 -25904.817369   -568.278933    243.106749 10  8 10  99       
PG19  17700.944086  19764.787593   1347.977796   -133.694448  6  5  6  94       
PG20   6983.775287 -18348.493809  17706.318985    527.313570  4  5  4  70       
PG21  -7272.570203 -22198.366734  13689.879762     22.179815  6  5  6  95       
PG22 -24703.812691   9233.877614   2605.589814   -772.867756  7  5  6  57       
PG24  14337.390797 -13929.799639  17106.249502    -15.489096  4  3  3  56       
PG25  15658.967250 -16065.374958 -14251.654622     21.949970  8  7  7  92       
PG26 -16230.035037  -8526.355998 -19327.395871    241.113637  5  3  4  79       
PG27 -22518.726489 -11276.448739   8809.236017   -342.722793  5  6  4  92       
PG28   5249.007320  14238.276039  22374.675678    700.740704  8  7  3  68       
PG29   6157.139905 -14087.623761 -21698.915881   -147.522188  6  5  5  48       
PG30   1927.269035  24573.114757   9648.744878   -259.519165  4  4  6  52       
PG31  -8749.782190 -17902.405639 -17373.417169    -54.793614  5  3  5  92       
PG32 -14830.305032 -20382.491689   8695.956306    314.941119  4  4  4  81       
*  2020  7 11  2  0  0.00000000
PG01 -13669.779075  13754.048206  17761.585062     23.986009  6  6  5  85       
PG02  13599.390403   9730.816079 -20010.314436   -485.404376  7  8  4  93       
PG03 -23258.573797  12359.851644  -3033.343733   -235.960958  6  7  5  67       
PG04 -14492.085457   7301.853992 -21020.070241   -113.232222 10  4  7  59       
PG05  22147.737001   1234.095507 -14895.541859    -16.413228  8  6  7 123       
PG06   7154.552662  21220.939723 -14195.396418   -301.365883  6  4  5  97       
PG07  -5512.541563  25463.456632  -3219.601365   -324.426784  6  5  4  82       
PG08 -21687.456630  -2633.103245  15294.090574    -40.550005  5  6  4  88       
PG09  -3095.342314  16105.035527 -20938.835907   -251.504910  5  4  3  78       
PG10  -2645.040550 -15191.190451  21690.547467   -396.147677  5  5  3 103       
PG11 -15419.857044   4380.282743  20678.776860   -224.605871  6  5  6  79       
PG12  24026.145155 -10733.997817  -3162.576002     95.298576  5  6  6  93       
PG13  21807.070686  11489.897520   9905.735580     25.662784  8  7  4  82       
PG14 -17832.234034 -19449.350788   4162.422702      0.424661  5  5  6  82       
PG15  21933.977488    -64.902257  14914.182335   -218.395777  6  7  4  70       
PG16 -23519.254982  -1358.942023 -12913.554783   -181.190066  6  7  6  68       
PG17  11866.055378  20586.972115  12334.812090    294.039951  8  5  2  37       
PG18   5970.599146 -25639.086907  -3420.800399    243.115399 11  8 10  92       
PG19  17315.495554  19657.254798   4219.628400   -133.689950  6  5  6  72       
PG20   8795.507895 -19118.632959  15988.935928    527.313543  5  5  4  77       
PG21  -6979.989247 -23497.645269  11370.797176     22.183960  6  4  6  83       
PG22 -24465.769867   8732.726904   5360.605671   -772.865407  7  5  6  74       
PG24  14356.660470 -11820.063908  18627.603444    -15.489057  5  4  3  67       
PG25  17103.731837 -16415.538321 -11946.588911     21.953718  8  7  7  78       
PG26 -14195.133957  -9528.504973 -20411.804141    241.119736  5  3  3  63       
PG27 -23087.423233 -11947.032078   6109.603968   -342.731466  5  6  4  96       
PG28   2918.247392  14923.106950  22366.237918    700.737515  8  6  3  52       
PG29   8014.438409 -12428.522858 -22106.424975   -147.530002  7  6  4  92       
PG30   1451.069234  25460.817861   7051.253451   -259.526111  4  4  5  72       
PG31  -8228.816769 -19731.364548 -15503.928803    -54.795706  4  3  5  47       
PG32 -13805.456263 -19867.801477  11218.615192    314.946731  5  4  4  85       
*  2020  7 11  2 15  0.00000000
PG01 -13603.080572  11580.563694  19306.496226     23.990198  5  6  5  63       
PG02  13453.728897  12077.632051 -18836.354103   -485.409174  7  8  4  75       
PG03 -23523.059205  12212.304854   -167.879869   -235.971407  6  7  5  71       
PG04 -16336.711867   5834.995150 -20109.491808   -113.236407 10  5  8  78       
PG05  20637.829900   2204.419784 -16826.845228    -16.413661  7  6  7 118       
PG06   6869.197383  22699.521135 -11862.200404   -301.370632  5  4  5  81       
PG07  -5771.792365  24864.520839  -6021.156639   -324.434653  6  5  4  70       
PG08 -22940.067155  -3662.472599  13119.762893    -40.550126  5  6  3  72       
PG09  -5137.989913  14805.776711 -21491.707835   -251.510907  5  4  3  77       
PG10   -425.229964 -16185.059359  21097.467227   -396.157331  6  4  4  97       
PG11 -16297.343887   2070.818786  20341.131128   -224.596068  5  5  6  66       
PG12  24264.344221 -10594.741963   -272.490812     95.294112  5  5  6  86       
PG13  22404.247065  12312.932486   7273.741734     25.665799  7  7  3  86       
PG14 -17229.287814 -19254.393651   6913.125257      0.426969  4  5  5  97       
PG15  23247.667908    931.689991  12826.229284   -218.393525  6  7  4  86       
PG16 -22105.992968  -2014.182831 -15130.293692   -181.194430  6  7  5  44       
PG17  10618.308450  19787.755444  14639.879356    294.045367  8  5  2  67       
PG18   6152.782861 -25066.550306  -6214.354890    243.124088 11  9 11  94       
PG19  16678.785492  19361.700458   7018.404431   -133.685225  6  5  5  71       
PG20  10391.886008 -19860.708181  13992.319323    527.313348  5  5  4  74       
PG21  -6757.615120 -24547.268803   8865.884393     22.187605  6  4  6  90       
PG22 -23986.129627   8070.870789   8023.011337   -772.863170  7  5  6  75       
PG24  14470.722295  -9560.699395  19819.642255    -15.488588  5  3  3  75       
PG25  18283.499426 -16725.532004  -9435.632715     21.957563  8  7  6  78       
PG26 -12120.025637 -10678.812288 -21147.563064    241.125888  5  3  3  59       
PG27 -23438.197319 -12406.014964   3306.480334   -342.740150  4  6  3  85       
PG28    650.511987  15730.849339  21993.253184    700.734496  8  6  3  65       
PG29   9980.788008 -10860.963504 -22135.131087   -147.537828  7  6  4  89       
PG30   1054.314876  26071.634976   4331.015968   -259.533024  4  4  6  49       
PG31  -7826.281032 -21360.033956 -13363.039756    -54.798151  4  4  5  56       
PG32 -12530.643462 -19251.498264  13550.522490    314.952419  5  4  4  79       
*  2020  7 11  2 30  0.00000000
PG01 -13649.653617   9250.173626  20509.416883     23.994298  5  6  5  58       
PG02  13420.229130  14269.189698 -17321.202046   -485.414423  6  8  3  83       
PG03 -23509.602639  11922.024415   2700.485795   -235.981944  6  7  5  46       
PG04 -18152.061823   4533.230063 -18852.794927   -113.240582 10  5  8  50       
PG05  19006.714108   3353.357890 -18473.708549    -16.414668  7  5  7 113       
PG06   6671.484054  23914.468474  -9323.860435   -301.375404  5  5  5  89       
PG07  -6051.175688  23962.941209  -8715.058320   -324.442603  6  5  3  59       
PG08 -24023.516855  -4491.805127  10722.642613    -40.550904  4  6  2  91       
PG09  -7279.825340  13591.271879 -21676.387085   -251.516798  5  4  4  77       
PG10   1664.451538 -17254.010725  20142.748210   -396.166987  6  4  4 104       
PG11 -17248.216364   -146.945864  19636.662357   -224.586599  5  4  5  62       
PG12  24211.498554 -10328.979264   2622.302465     95.289635  4  5  6  86       
PG13  22806.005173  12911.575277   4516.814547     25.669024  7  6  3  82       
PG14 -16374.449482 -18913.159719   9547.332396      0.429768  3  5  5  97       
PG15  24380.778748   1755.472514  10517.685898   -218.391170  6  7  3  56       
PG16 -20517.142464  -2841.852089 -17095.348979   -181.198866  5  7  5  67       
PG17   9128.828032  18921.934822  16699.907795    294.050020  8  5  2  77       
PG18   6350.224532 -24194.259108  -8900.809412    243.132729 11  9 11  88       
PG19  15775.720827  18914.759814   9695.549484   -133.681021  6  5  5  62       
PG20  11758.012509 -20535.408457  11751.168198    527.313447  5  6  4  81       
PG21  -6573.078083 -25324.714348   6215.101324     22.192209  6  4  6  81       
PG22 -23294.747158   7227.496845  10547.176481   -772.860888  7  4  6  47       
PG24  14695.277602  -7195.767743  20661.915262    -15.489946  5  3  3  71       
PG25  19189.794655 -16954.915390  -6761.484453     21.961405  8  7  5  92       
PG26 -10049.572727 -11964.591384 -21521.515653    241.132057  5  3  4  72       
PG27 -23541.366907 -12678.664961    447.469495   -342.748862  4  6  2  77       
PG28  -1512.142833  16640.807766  21261.887430    700.731162  7  5  4  73       
PG29  12016.832833  -9416.901839 -21784.660356   -147.545743  6  6  5  79       
PG30    704.693218  26388.753322   1535.308844   -259.539980  4  5  5  71       
PG31  -7518.361301 -22751.780772 -10987.546392    -54.800118  4  4  4  50       
PG32 -11011.426578 -18573.978618  15652.072086    314.958061  5  4  4  92       
*  2020  7 11  2 45  0.00000000
PG01 -13826.706231   6810.424589  21349.537590     23.998535  4  5  4  86       
PG02  13477.236394  16263.011099 -15493.690645   -485.419614  6  7  2  61       
PG03 -23238.893306  11457.456353   5522.037626   -235.992517  7  7  5  66       
PG04 -19892.392165   3406.558676 -17271.700628   -113.244791 10  6  8  87       
PG05  17298.276294   4679.438261 -19808.209434    -16.415296  6  5  6 111       
PG06   6527.729581  24840.808230  -6624.328682   -301.380124  5  5  5  73       
PG07  -6385.373517  22774.958052 -11252.815459   -324.450364  6  5  3  79       
PG08 -24899.099690  -5135.422404   8143.617609    -40.552918  4  5  2  45       
PG09  -9480.494649  12487.555117 -21489.774774   -251.522795  5  3  3  76       
PG10   3589.417530 -18364.259876  18841.989523   -396.176630  6  4  5  86       
PG11 -18244.459020  -2234.708000  18577.654759   -224.576671  4  5  5  45       
PG12  23885.983545  -9902.633147   5471.387625     95.285267  4  6  6  86       
PG13  22979.634953  13306.294742   1682.424473     25.672022  7  6  3  83       
PG14 -15262.726891 -18464.456731  12021.184345      0.432355  2  5  5  90       
PG15  25298.992702   2421.941667   8029.115864   -218.388777  6  7  3  62       
PG16 -18795.401294  -3851.961738 -18775.819923   -181.202764  5  7  4  35       
PG17   7410.752921  18032.294491  18481.367254    294.055911  8  5  2  53       
PG18   6598.760127 -23037.977465 -11433.902176    243.141380 11  9 11  75       
PG19  14599.851567  18356.539148  12204.087314   -133.676439  7  5  5  62       
PG20  12887.244559 -21102.975312   9304.561177    527.313604  5  6  4  89       
PG21  -6391.021891 -25814.689002   3461.305474     22.195902  6  4  6  67       
PG22 -22426.478821   6188.328514  12890.099656   -772.858708  6  4  6  82       
PG24  15038.690400  -4772.232639  21140.363989    -15.490451  4  4  3  61       
PG25  19822.881192 -17063.746099  -3969.993690     21.965278  8  7  5  94       
PG26  -8026.508574 -13365.569999 -21526.623160    241.138200  5  4  4  64       
PG27 -23373.968779 -12796.022312  -2419.101432   -342.757592  4  6  2  45       
PG28  -3532.079554  17625.582695  20183.830810    700.727993  7  5  4  74       
PG29  14078.591386  -8121.200456 -21061.101620   -147.553363  6  6  5  75       
PG30    367.626481  26403.702755  -1287.170216   -259.546949  4  5  5  53       
PG31  -7275.688556 -23876.593767  -8418.659323    -54.802824  3  5  4  68       
PG32  -9261.698888 -17875.070034  17487.534477    314.963706  5  4  3  65       
*  2020  7 11  3  0  0.00000000
PG01 -14143.362586   4312.001731  21812.694998     24.002700  4  5  3  60       
PG02  13596.893061  18023.161300 -13388.236752   -485.424785  6  7  2  56       
PG03 -22738.821496  10792.551150   8247.806248   -236.003003  7  7  5  78       
PG04 -21512.173907   2456.706942 -15393.496244   -113.248999 10  6  8  85       
PG05  15556.583686   6173.136933 -20807.593500    -16.416281  6  4  6 117       
PG06   6400.829015  25462.020750  -3810.322004   -301.384794  5  5  5  66       
PG07  -6805.677324  21325.425133 -13588.672796   -324.457993  6  5  3  73       
PG08 -25533.028138  -5614.769903   5426.544545    -40.553283  5  5  3  51       
PG09 -11695.924894  11513.662926 -20935.100202   -251.528657  5  3  3  89       
PG10   5321.802694 -19477.288517  17216.807279   -396.186322  6  4  5  96       
PG11 -19253.013875  -4159.911482  17183.115858   -224.567232  4  4  4  66       
PG12  23314.005806  -9286.736853   8224.884033     95.280764  4  5  6  83       
PG13  22898.473813  13524.098826  -1180.782989     25.675098  6  6  2  85       
PG14 -13897.309400 -17948.380760  14293.721331      0.434671  2  5  4  88       
PG15  25973.314278   2952.891048   5403.751184   -218.386522  6  7  1  77       
PG16 -16985.762383  -5046.445950 -20143.325112   -181.207329  5  7  4  76       
PG17   5485.284013  17159.394660  19955.429480    294.060963  8  5  2  74       
PG18   6930.959483 -21621.644734 -13770.041456    243.150044 11 10 11  83       
PG19  13153.863400  17728.964613  14499.691093   -133.671961  7  5  5  64       
PG20  13781.259558 -21524.831717   6695.248709    527.313197  6  6  4  95       
PG21  -6174.537310 -26009.733234    649.699275     22.200002  6  5  5  78       
PG22 -21419.778293   4946.342020  15012.117394   -772.856570  5  4  6  68       
PG24  15501.611663  -2338.277117  21247.530772    -15.490655  4  4  3  63       
PG25  20191.655969 -17014.280821  -1109.386106     21.969173  7  7  5  97       
PG26  -6089.945807 -14854.516448 -21162.126637    241.144384  5  4  5  84       
PG27 -22920.677416 -12793.537139  -5244.955713   -342.766277  4  6  1  61       
PG28  -5377.260166  18652.018103  18776.153388    700.725066  6  5  4  47       
PG29  16118.998924  -6990.809621 -19976.898010   -147.561519  6  6  5 100       
PG30      7.839576  26116.685558  -4087.181603   -259.553945  4  6  5  59       
PG31  -7064.663323 -24712.206204  -5701.273462    -54.804932  4  5  4  56       
PG32  -7303.347761 -17192.457755  19025.641990    314.969345  5  4  3  83       
*  2020  7 11  3 15  0.00000000
PG01 -14600.257538   1806.888475  21891.592418     24.006877  4  4  3  43       
PG02  13746.456012  19521.456662 -11044.033923   -485.429942  6  6  2  62       
PG03 -22043.321900   9907.979685  10830.441021   -236.013488  6  6  5  64       
PG04 -22967.757374   1677.244826 -13250.561201   -113.253229  9  6  8  49       
PG05  13824.309825   7817.053261 -21454.650868    -16.417017  6  4  6 110       
PG06   6251.884978  25770.592237   -930.499775   -301.389482  5  5  5  67       
PG07  -7338.498906  19646.915056 -15680.548900   -324.466135  6  5  3  87       
PG08 -25897.707201  -5957.399175   2617.529373    -40.554071  5  5  3  85       
PG09 -13879.841664  10681.005711 -20021.864206   -251.534529  5  3  3  90       
PG10   6841.370056 -20551.293831  15294.516429   -396.195983  6  5  6  87       
PG11 -20237.113046  -5896.870112  15478.393598   -224.557501  3  4  4  52       
PG12  22528.547882  -8458.801535  10834.363778     95.276296  4  5  6  95       
PG13  22542.998345  13597.298805  -4023.815818     25.678086  6  6  2  80       
PG14 -12289.567370 -17404.722471  16327.480863      0.437220  2  5  3  89       
PG15  26381.102087   3375.321823   2686.725326   -218.384017  6  7     84       
PG16 -15133.937234  -6418.900543 -21174.453784   -181.211666  5  7  4  72       
PG17   3381.040993  16340.063079  21098.344379    294.066256  8  5  1  78       
PG18   7374.685907 -19976.533788 -15869.056076    243.158704 11 10 11  81       
PG19  11449.719125  17074.051096  16541.525202   -133.667120  7  5  5  90       
PG20  14449.792072 -21765.178508   3968.872147    527.313164  6  7  5  99       
PG21  -5886.696225 -25910.568723  -2172.795123     22.204397  6  6  5  60       
PG22 -20315.181065   3502.199675  16877.540956   -772.854156  4  3  6  70       
PG24  16076.932498     58.410317  20982.630155    -15.490812  4  4  3  78       
PG25  20313.208549 -16772.619135   1770.577546     21.972918  7  7  4  98       
PG26  -4274.023162 -16398.147430 -20433.605583    241.150510  4  5  5  60       
PG27 -22174.448056 -12709.558531  -7982.627767   -342.774988  4  6  2  71       
PG28  -7022.238265  19682.360833  17061.105056    700.722071  6  4  5  43       
PG29  18089.575808  -6034.260636 -18550.633883   -147.568753  6  6  4  74       
PG30   -409.039815  25536.574637  -6815.838384   -259.560901  4  6  4  69       
PG31  -6848.971029 -25244.923519  -2883.148607    -54.807294  4  5  4  44       
PG32  -5165.618301 -16560.204166  20240.104829    314.975020  5  5  3  79       
*  2020  7 11  3 30  0.00000000
PG01 -15189.493340   -653.509531  21585.875474     24.011035  4  4  3  63       
PG02  13889.806109  20738.332544  -8504.167042   -485.435047  6  6  2  61       
PG03 -21190.988971   8792.091345  13225.056542   -236.023991  6  6  6  77       
PG04 -24218.975550   1054.024531 -10879.806484   -113.257394  9  7  7  35       
PG05  12141.219919   9586.385240 -21738.012043    -16.417279  6  3  5 108       
PG06   6041.909390  25768.226949   1965.390018   -301.394270  5  5  5           
PG07  -8004.089616  17778.505723 -17490.896559   -324.474162  6  4  3  85       
PG08 -25972.787257  -6195.724892   -235.822835    -40.555246  5  5  4  77       
PG09 -15985.377606   9993.042028 -18765.679083   -251.540371  5  3  3  84       
PG10   8136.127914 -21542.789790  13107.707004   -396.205627  6  5  6  92       
PG11 -21157.785050  -7427.593323  13494.642054   -224.547589  4  5  3  56       
PG12  21568.045006  -7403.939620  13253.757751     95.271909  4  6  5  69       
PG13  21901.649718  13562.083688  -6798.159951     25.681113  6  6  2  80       
PG14 -10458.760937 -16871.410428  18089.033485      0.439844  3  5  3  96       
PG15  26506.860312   3720.174386    -75.696028   -218.381923  6  7     85       
PG16 -13284.756334  -7954.626950 -21851.158214   -181.215724  6  7  4  79       
PG17   1133.161313  15606.044885  21891.743522    294.071412  7  5  2  74       
PG18   7951.845746 -18140.137913 -17694.884563    243.167352 10 10 11  70       
PG19   9508.435689  16432.160795  18293.039777   -133.662357  7  5  5  90       
PG20  14910.052984 -21792.492398   1173.126368    527.313257  6  7  6  83       
PG21  -5492.135957 -25526.166904  -4958.234065     22.208486  6  6  5  37       
PG22 -19153.736785   1864.386573  18455.213101   -772.852111  3  4  6  65       
PG24  16750.063660   2372.310102  20351.486334    -15.492681  4  5  3  80       
PG25  20212.057802 -16310.221670   4619.493621     21.976678  7  7  4  87       
PG26  -2606.743096 -17958.286003 -19352.929626    241.156731  5  6  5  39       
PG27 -21136.863022 -12583.731275 -10586.202979   -342.783605  4  6  3  68       
PG28  -8448.929919  20675.597241  15065.857797    700.718817  6  4  5  38       
PG29  19942.159158  -5251.489716 -16806.720617   -147.576575  5  7  4  85       
PG30   -914.914849  24680.579121  -9425.497229   -259.567835  3  6  3  82       
PG31  -6591.224957 -25470.117530    -14.017806    -54.809467  4  6  4  52       
PG32  -2884.202305 -16007.415790  21110.050618    314.980695  5  5  3  76       
*  2020  7 11  3 45  0.00000000
PG01 -15894.956060  -3020.197968  20902.065590     24.015211  4  3  4  35       
PG02  13989.076749  21663.344411  -5814.680183   -485.440127  6  5  2  79       
PG03 -20223.519361   7441.574490  15390.036329   -236.034486  6  5  6  52       
PG04 -25230.624227    565.920846  -8322.037543   -113.261578  9  7  7  80       
PG05  10542.770720  11449.689318 -21652.358258    -16.417544  6  2  5 103       
PG06   5733.529821  25465.712445   4827.380490   -301.398920  5  5  5  22       
PG07  -8815.527327  15764.300925 -18987.460154   -324.481743  6  4  3  90       
PG08 -25745.957845  -6365.603437  -3085.178580    -40.555651  5  5  4  65       
PG09 -17966.711731   9445.267462 -17188.007549   -251.546320  5  4  2  84       
PG10   9202.629464 -22408.299971  10693.718623   -396.215273  7  6  7  96       
PG11 -21975.465295  -8742.278601  11268.152528   -224.537951  4  5  3  73       
PG12  20474.845343  -6115.692860  15440.229884     95.267593  4  5  5  79       
PG13  20971.363331  13456.960817  -9456.586736     25.684009  5  6  2  76       
PG14  -8431.471627 -16383.044804  19549.454702      0.442562  3  5  2  66       
PG15  26342.766360   4020.933042  -2836.874567   -218.379607  6  7     99       
PG16 -11480.601115  -9630.982967 -22161.081448   -181.220049  6  7  4  79       
PG17  -1217.825619  14982.853847  22322.872089    294.076721  7  5  2  85       
PG18   8677.376799 -16154.829539 -19216.191297    243.175985 10 10 11  88       
PG19   7359.498850  15840.323652  19722.697967   -133.657774  6  5  5  80       
PG20  15185.855712 -21580.863805  -1643.115921    527.312940  6  6  6  86       
PG21  -4958.637210 -24873.522163  -7658.420855     22.212255  6  6  6  77       
PG22 -17975.449256     49.049134  19718.979372   -772.849600  1  4  6  52       
PG24  17499.524879   4561.639457  19366.343485    -15.493781  4  4  3  80       
PG25  19919.092198 -15605.237293   7387.241207     21.980452  6  7  4  88       
PG26  -1109.046277 -19493.228206 -17938.100777    241.162972  5  7  6  52       
PG27 -19818.170821 -12455.358249 -13012.028747   -342.792307  4  6  3  66       
PG28  -9647.136196  21588.927190  12822.187620    700.715694  5  5  5  59       
PG29  21630.632702  -4633.998329 -14774.986163   -147.584549  5  7  4  65       
PG30  -1537.751733  23573.590382 -11870.626690   -259.574762  3  6  2  85       
PG31  -6254.666984 -25392.363045   2855.356163    -54.811866  4  6  3  42       
PG32   -500.084847 -15557.107652  21620.380888    314.986377  5  4  3  62       
*  2020  7 11  4  0  0.00000000
PG01 -16692.973365  -5248.310299  19853.358010     24.019332  4  3  4   7       
PG02  14006.326768  22295.295066  -3023.627067   -485.445457  6  4  2  74       
PG03 -19184.043637   5861.791472  17287.777589   -236.044984  6  4  6  67       
PG04 -25973.762340    185.843919  -5621.251630   -113.265782  9  6  7  63       
PG05   9058.876296  13369.899455 -21198.541872    -16.418282  7  2  5 101       
PG06   5292.632837  24882.444485   7606.155375   -301.403614  6  5  5  49       
PG07  -9778.017443  13651.751337 -20143.908536   -324.489759  6  4  3  83       
PG08 -25213.453661  -6504.785844  -5882.256993    -40.556519  5  5  5  59       
PG09 -19780.678030   9025.518201 -15315.804619   -251.552155  4  4  2  74       
PG10  10045.940155 -23106.076174   8094.019602   -396.224927  7  7  7  80       
PG11 -22651.636542  -9839.451574   8839.571956   -224.528607  5  4  4  76       
PG12  19293.515552  -4596.526401  17354.998678     95.263315  4  5  4  60       
PG13  19757.784618  13321.122882 -11953.931265     25.686876  4  6  2  66       
PG14  -6240.778759 -15969.570773  20684.731439      0.445014  3  5  2  87       
PG15  25888.921822   4312.157723  -5550.539156   -218.377335  6  7  2  80       
PG16  -9759.922141 -11418.032784 -22097.814099   -181.224368  6  7  5  35       
PG17  -3627.310044  14488.861187  22384.750327    294.081967  7  5  2  68       
PG18   9558.514961 -14066.342734 -20406.899431    243.184614 10  9 11  77       
PG19   5039.933253  15330.690918  20804.616454   -133.653414  6  5  5  83       
PG20  15306.486719 -21111.119622  -4430.699081    527.312917  6  6  7  92       
PG21  -4258.634213 -23977.123247 -10225.737608     22.216304  6  6  6  73       
PG22 -16817.782107  -1920.455076  20648.070313   -772.847460     4  6  58       
PG24  18297.814668   6589.752966  18045.558758    -15.494698  4  4  4  62       
PG25  19470.253381 -14643.580275  10024.921336     21.984171  5  6  4  83       
PG26    205.839334 -20959.267825 -16212.985661    241.169168  5  7  5  88       
PG27 -18237.017826 -12361.786984 -15219.389510   -342.801017  4  6  3  71       
PG28 -10614.796398  22379.330456  10366.092930    700.712480  5  5  6  67       
PG29  23112.589753  -4165.343374 -12490.174647   -147.592484  5  8  4  73       
PG30  -2300.271344  22247.235004 -14108.634357   -259.581698  2  6     77       
PG31  -5804.852684 -25025.208657   5674.153469    -54.814140  4  6  3  50       
PG32   1941.810414 -15225.307884  21762.038687    314.992093  5  5  3  72       
*  2020  7 11  4 15  0.00000000
PG01 -17553.281069  -7298.639520  18459.294492     24.023450  4  4  4  56       
PG02  13905.185291  22641.998083   -180.130610   -485.450296  6  5  2  79       
PG03 -18115.414151   4066.773658  18885.362277   -236.055484  5  3  6  51       
PG04 -26426.782800   -118.015653  -2823.881715   -113.269955  9  6  6  96       
PG05   7712.885776  15305.570767 -20383.612994    -16.419032  7  2  5  84       
PG06   4689.879624  24045.631519  10253.902610   -301.408207  6  5  5  82       
PG07 -10888.538638  11489.851680 -20940.326855   -324.497648  6  5  4  87       
PG08 -24380.254119  -6651.302236  -8579.611010    -40.558059  4  5  6  92       
PG09 -21388.282947   8714.577539 -13181.067674   -251.558000  4  4  2  71       
PG10  10679.270886 -23597.774575   5353.499604   -396.234624  7  8  7  57       
PG11 -23150.424741 -10725.752627   6253.034374   -224.518963  5  5  4  36       
PG12  18069.061245  -2857.964166  18964.085777     95.258924  5  5  4  79       
PG13  18275.164644  13192.803524 -14247.830418     25.690073  4  6  2  39       
PG14  -3925.210150 -15655.135625  21476.101713      0.447466  3  6  2  40       
PG15  25153.323717   4627.997098  -8171.497586   -218.375031  5  7  3  60       
PG16  -8155.896644 -13279.478840 -21661.073452   -181.228636  6  8  5  42       
PG17  -6048.055278  14134.650654  22076.265201    294.087413  6  5  2  75       
PG18  10594.367608 -11922.137932 -21246.631949    243.193264  9  9 10  81       
PG19   2593.061330  14929.188957  21519.101209   -133.649044  6  5  5  85       
PG20  15305.368152 -20371.685372  -7141.079286    527.312993  6  6  7  79       
PG21  -3370.592689 -22868.127850 -12614.028915     22.220507  6  6  6  81       
PG22 -15714.284303  -4014.276556  21227.392641   -772.845302     3  6  57       
PG24  19112.520497   8426.323983  16413.190042    -15.494167  4  5  4  67       
PG25  18905.015053 -13419.707939  12485.788120     21.987814  5  6  4  76       
PG26   1332.747216 -22312.321675 -14206.939280    241.175375  5  7  5  60       
PG27 -16419.882442 -12336.877674 -17171.138983   -342.809672  5  5  3  90       
PG28 -11357.958054  23005.176250   7737.346116    700.709413  5  5  6  66       
PG29  24350.866539  -3821.938161  -9991.363655   -147.600270  4  8  4  70       
PG30  -3218.854336  20738.673520 -16100.635522   -259.588597  1  6     77       
PG31  -5211.247395 -24390.590213   8392.474889    -54.816311  4  6  3  79       
PG32   4394.128558 -15020.437000  21532.182326    314.997756  5  5  3  70       
*  2020  7 11  4 30  0.00000000
PG01 -18440.253576  -9138.927414  16745.323513     24.027508  3  4  5  61       
PG02  13652.401849  22719.702765   2666.525872   -485.455805  5  5  3  54       
PG03 -17058.517659   2078.875781  20155.141254   -236.066043  6  2  6  25       
PG04 -26576.212995   -380.758420     22.000097   -113.274039  9  6  6  95       
PG05   6520.812245  17212.304563 -19220.749249    -16.419659  7  1  5  95       
PG06   3902.034519  22989.211120  12725.136861   -301.412880  6  6  5  49       
PG07 -12135.846913   9327.294938 -21363.556399   -324.505231  6  6  4  87       
PG08 -23259.968531  -6841.837372 -11131.398388    -40.560022  4  5  6  68       
PG09 -22756.074432   8487.062113 -10820.301421   -251.563874  4  5  2  73       
PG10  11123.288769 -23850.021516   2519.687341   -396.244283  7  8  7  86       
PG11 -23440.079471 -11415.386347   3555.233410   -224.509307  6  5  5  43       
PG12  16845.136554   -920.356361  20238.972844     95.254652  5  5  4  79       
PG13  16545.940805  13107.683390 -16299.410519     25.693079  4  5  2  68       
PG14  -1527.503177 -15457.167399  21910.326260      0.450337  3  6  1  68       
PG15  24151.562326   5000.736132 -10656.313730   -218.372913  4  6  4  88       
PG16  -6695.275433 -15173.848124 -20856.797835   -181.233163  6  8  6  70       
PG17  -8431.745198  13922.660409  21402.192382    294.092875  6  5  3  78       
PG18  11775.810227  -9769.711637 -21721.053919    243.201853  9  8  9  67       
PG19     66.998931  14654.432750  21853.062668   -133.644251  5  6  5  72       
PG20  15218.568997 -19359.152672  -9727.200214    527.312690  6  6  8  92       
PG21  -2280.191098 -21583.258218 -14779.520608     22.224595  6  6  6  62       
PG22 -14693.384165  -6197.033328  21447.728821   -772.842683  1  2  5  66       
PG24  19907.620604  10048.265544  14498.492157    -15.494418  4  5  5  63       
PG25  18264.719305 -11937.061572  14726.149301     21.991506  4  5  4  76       
PG26   2274.602829 -23509.592591 -11954.324174    241.181561  6  8  5  48       
PG27 -14400.231431 -12409.607009 -18834.283109   -342.818300  5  5  3  67       
PG28 -11890.457605  23427.822960   4978.975515    700.706207  5  5  5  80       
PG29  25314.887816  -3574.133438  -7321.308116   -147.608133  4  8  4  76       
PG30  -4302.704577  19089.194281 -17812.147593   -259.595558     6     83       
PG31  -4448.663594 -23517.911862  10962.299847    -54.818635  4  6  3  76       
PG32   6808.688851 -14942.986487  20934.261221    315.003430  5  5  3  73       
*  2020  7 11  4 45  0.00000000
PG01 -19314.343681 -10744.865372  14742.262776     24.031636  3  4  5  76       
PG02  13219.243408  22552.218374   5467.757685   -485.460760  5  5  3  90       
PG03 -16050.680162    -71.897156  21075.220363   -236.076562  6  1  6  55       
PG04 -26417.214533   -639.220312   2867.506023   -113.278195  9  5  5  59       
PG05   5490.843497  19044.304313 -17729.086541    -16.420210  8  2  5  87       
PG06   2913.054829  21752.521719  14977.476820   -301.417538  6  6  5  68       
PG07 -13500.834076   7210.665143 -21407.377439   -324.513318  6  6  4  91       
PG08 -21874.409990  -7110.157452 -13494.132192    -40.562271  4  5  6  49       
PG09 -23857.310673   8312.554033  -8273.905782   -251.569735  4  5  2  65       
PG10  11405.130722 -23835.804230   -358.092640   -396.253927  6  8  7  80       
PG11 -23494.275808 -11929.266021    794.464460   -224.499854  6  5  5  69       
PG12  15662.318147   1187.713885  21157.150238     95.250428  5  5  4  68       
PG13  14600.019278  13097.406062 -18073.915524     25.696082  4  5  2  86       
PG14    906.782221 -15385.705821  21979.890690      0.452934  4  7     73       
PG15  22906.260567   5459.428288 -12963.944962   -218.370574  4  6  4  95       
PG16  -5397.464269 -17055.895914 -19697.149176   -181.237399  6  8  6  67       
PG17 -10730.575266  13847.123904  20373.148066    294.097878  6  4  3  71       
PG18  13085.710310  -7654.915683 -21822.110736    243.210530  9  8  8  79       
PG19  -2487.051773  14516.947834  21800.297615   -133.639522  5  6  5  72       
PG20  15083.226705 -18078.530361 -12144.331635    527.312989  6  6  8  95       
PG21   -981.243615 -20163.449453 -16681.751635     22.228472  6  6  7  51       
PG22 -13777.393626  -8428.973946  21305.845561   -772.840471  3  2  5  80       
PG24  20644.922619  11440.361213  12335.336120    -15.495075  3  5  5  60       
PG25  17590.840035 -10208.147741  16706.213644     21.995185  4  5  3  87       
PG26   3042.132426 -24511.204687  -9493.931340    241.187722  6  8  4  81       
PG27 -12217.427174 -12602.857753 -20180.507386   -342.826923  6  5  3  80       
PG28 -12233.314586  23613.152786   2136.675989    700.702918  6  5  5  93       
PG29  25981.773507  -3387.537070  -4525.720914   -147.615586  3  8  4  76       
PG30  -5553.304719  17342.660079 -19213.696614   -259.602521     5     93       
PG31  -3498.477215 -22442.834814  13338.400905    -54.820754  5  6  3  70       
PG32   9138.129653 -14985.510646  19977.990765    315.009152  5  5  3  79       
*  2020  7 11  5  0  0.00000000
PG01 -20133.670373 -12100.774088  12485.679982     24.035749  3  4  5  67       
PG02  12582.690053  22169.784859   8176.474548   -485.466198  5  5  4  96       
PG03 -15124.227460  -2348.863926  21629.839459   -236.087089  6     6  91       
PG04 -25953.763311   -930.350288   5663.768906   -113.282403  9  5  5  87       
PG05   4623.155623  20756.006259 -15933.449854    -16.420694  8  4  4  76       
PG06   1714.899937  20378.782153  16972.364246   -301.422167  5  6  4  72       
PG07 -14957.220011   5182.746456 -21072.535947   -324.521126  6  7  4  97       
PG08 -20252.871995  -7485.646864 -15627.400335    -40.563749  4  5  6  52       
PG09 -24672.883863   8156.935592  -5585.496089   -251.575596  3  5  2  46       
PG10  11557.158008 -23535.628006  -3229.607874   -396.263616  6  9  8  47       
PG11 -23293.185118 -12293.898780  -1980.335710   -224.490344  6  5  5  69       
PG12  14556.516593   3430.361656  21702.543904     95.246039  5  6  4  75       
PG13  12473.786407  13188.258793 -19541.267661     25.699011  4  5  2  91       
PG14   3330.752525 -15443.008546  21683.136388      0.455256  4  7     88       
PG15  21446.277561   6028.658471 -15056.335793   -218.367938  3  6  4  99       
PG16  -4273.878181 -18878.180844 -18200.417055   -181.241817  6  7  6  78       
PG17 -12898.835038  13894.313113  19005.469485    294.103419  6  4  3  66       
PG18  14499.469915  -5620.350016 -21548.158924    243.219185  9  8  8  65       
PG19  -5016.641613  14518.736074  21361.628656   -133.634941  5  6  5  71       
PG20  14935.944311 -16543.171125 -14350.854434    527.312604  6  6  8  53       
PG21    523.689800 -18652.296404 -18284.492236     22.232806  7  6  7  84       
PG22 -12981.756404 -10667.300981  20804.512582   -772.837941  4  1  4  67       
PG24  21285.580614  12595.588560   9961.566332    -15.494003  3  6  5  66       
PG25  16923.247239  -8254.253113  18390.863570     21.998831  3  5     69       
PG26   3653.259663 -25281.745374  -6868.311799    241.194104  6  8  4  89       
PG27  -9915.422956 -12932.438027 -21186.642218   -342.835559  6  6  3  90       
PG28 -12413.851635  23532.984734   -741.851958    700.699666  6  6  5  66       
PG29  26337.163919  -3224.521791  -1652.501516   -147.623475  3  8  5  73       
PG30  -6964.185228  15543.870754 -20281.324683   -259.609458     5  2  92       
PG31  -2349.570927 -21205.827088  15479.192422    -54.822915  5  6  3  72       
PG32  11337.531987 -15132.934167  18679.224419    315.014844  5  5  3  89       
*  2020  7 11  5 15  0.00000000
PG01 -20855.689395 -13199.943375  10015.208319     24.039961  3  4  6  75       
PG02  11726.392125  21607.743595  10747.804163   -485.471192  5  5  4  96       
PG03 -14305.258255  -4709.903437  21809.637867   -236.097606  6  2  5  57       
PG04 -25198.503290  -1289.584624   8362.777210   -113.286490  9  5  5  74       
PG05   3910.039559  22303.724443 -13863.984593    -16.421398  8  5  4  66       
PG06    308.028844  18913.438509  18675.713117   -301.426794  5  6  4  67       
PG07 -16472.543079   3281.018552 -20366.620414   -324.529121  5  7  4  86       
PG08 -18431.132532  -7992.010102 -17494.543730    -40.565279  4  5  6  85       
PG09 -25191.963439   7983.875333  -2801.166216   -251.581466  3  5  2  75       
PG10  11615.501298 -22938.390273  -6044.632501   -396.273291  6  9  8  48       
PG11 -22824.275070 -12540.067227  -4720.526455   -224.480719  6  5  5  47       
PG12  13557.591952   5765.631047  21865.810368     95.241645  5  6  5  77       
PG13  10208.885710  13400.066726 -20676.553439     25.702050  4  4  2  93       
PG14   5697.722261 -15623.447389  21024.317988      0.457975  4  7     90       
PG15  19805.705853   6727.477670 -16898.964558   -218.365520  3  6  4 100       
PG16  -3327.598747 -20592.757118 -16390.818415   -181.246178  6  7  6  18       
PG17 -14894.429701  14043.078522  17321.022435    294.108751  6  2  3  75       
PG18  15985.866092  -3703.889886 -20903.987830    243.227760  8  8  7  87       
PG19  -7469.968894  14653.205272  20544.896466   -133.630535  5  6  5  58       
PG20  14811.228122 -14774.378942 -16308.977583    527.312492  5  6  8 100       
PG21   2223.049994 -17094.358381 -19556.617631     22.236849  7  6  7  57       
PG22 -12314.564858 -12867.606983  19952.433675   -772.835562  4  3  4  51       
PG24  21791.631140  13515.130277   7418.310407    -15.494179  3  6  5  48       
PG25  16298.546634  -6104.802347  19750.333250     22.002520  3  5     75       
PG26   4132.212560 -25791.651601  -4123.030293    241.200446  6  8  3  78       
PG27  -7541.290685 -13406.367030 -21835.059946   -342.844160  6  6  2  54       
PG28 -12464.563036  23166.310087  -3607.632286    700.696126  6  6  4  90       
PG29  26375.731516  -3045.863075   1249.075089   -147.631339  3  8  6  80       
PG30  -8521.015012  13736.907815 -20996.989698   -259.616430     5  2  85       
PG31   -998.965287 -19850.537821  17347.493715    -54.825301  5  6  3  79       
PG32  13365.960982 -15363.166143  17059.722512    315.020539  5  5  4  81       
*  2020  7 11  5 30  0.00000000
PG01 -21438.880279 -14044.627202   7373.812943     24.044069  3  5  6  33       
PG02  10641.362897  20905.065235  13139.738589   -485.476601  4  5  5  89       
PG03 -13612.677717  -7108.904409  21611.802215   -236.108014  6  4  4  69       
PG04 -24172.279808  -1749.281144  10918.194599   -113.290698  9  5  5  64       
PG05   3336.339109  23647.247992 -11555.690682    -16.422069  8  6  5  81       
PG06  -1298.432483  17402.442399  20058.478782   -301.431460  5  6  4  61       
PG07 -18009.400547   1536.397349 -19303.799637   -324.536840  5  7  5  81       
PG08 -16450.220269  -8646.188747 -19063.282643    -40.566771  4  5  6  89       
PG09 -25412.333646   7756.408213     31.293592   -251.587257  3  5  2  62       
PG10  11618.455329 -22041.933443  -8753.869036   -396.282944  6  9  7  47       
PG11 -22082.813142 -12701.370017  -7378.655654   -224.471157  6  5  5  74       
PG12  12688.231289   8146.974248  21644.493593     95.237605  5  7  5  75       
PG13   7850.805299  13745.341372 -21460.428850     25.705260  4  4  2  91       
PG14   7962.756761 -15913.700361  20013.584844      0.460190  5  7  1  94       
PG15  18022.697508   7568.544274 -18461.340388   -218.363305  4  6  4  68       
PG16  -2553.354238 -22152.922967 -14298.188506   -181.250729  6  7  6  65       
PG17 -16680.289040  14265.671107  15346.933829    294.113663  5     3  82       
PG18  17508.157003  -1937.403018 -19900.732293    243.236422  8  8  6  53       
PG19  -9797.748990  14905.466159  19364.804378   -133.625762  4  6  5  85       
PG20  14740.028360 -12800.715692 -17985.374849    527.312116  5  6  8  79       
PG21   4096.410727 -15533.392548 -20472.903912     22.240992  7  6  7  64       
PG22 -11776.360890 -14985.371652  18764.092485   -772.833350  5  4  3  60       
PG24  22127.490033  14208.079698   4749.255630    -15.494501  2  6  5  45       
PG25  15748.565944  -3796.384884  20760.775145     22.006207  3  5  1  70       
PG26   4508.375506 -26018.382959  -1305.854760    241.206755  6  8  3  46       
PG27  -5143.631564 -14024.455345 -22113.997111   -342.852792  6  7  2  81       
PG28 -12421.765032  22500.297074  -6411.207474    700.693218  6  6  4  64       
PG29  26101.358966  -2812.444004   4129.196017   -147.638816  3  7  6  81       
PG30 -10202.008482  11963.527003 -21348.851664   -259.623373     5  2  79       
PG31    547.886799 -18422.066667  18911.190388    -54.827475  5  5  3  83       
PG32  15187.866564 -15647.999525  15146.818838    315.026210  5  5  4  80       
*  2020  7 11  5 45  0.00000000
PG01 -21844.385212 -14645.702347   4607.024080     24.048185  3  5  6  55       
PG02   9326.391903  20102.792679  15313.701808   -485.481793  5  6  5  68       
PG03 -13057.528536  -9497.371043  21040.095128   -236.118518  6  6  4  63       
PG04 -22903.370493  -2337.274277  13286.150361   -113.294886  9  5  6  60       
PG05   2880.187005  24751.328828  -9047.863630    -16.422975  8  6  5  85       
PG06  -3086.859816  15890.526831  21097.138616   -301.436142  5  5  4  82       
PG07 -19526.881470    -27.733124 -17904.435982   -324.544772  5  6  5  90       
PG08 -14354.986493  -9457.536201 -20306.280911    -40.567585  4  5  5  80       
PG09 -25340.411832   7438.548652   2863.211424   -251.593156  3  5  2  49       
PG10  11604.789218 -20853.251743 -11309.857283   -396.292642  6  9  7           
PG11 -21072.062116 -12812.686959  -9909.288845   -224.461884  6  6  4  44       
PG12  11963.133885  10524.916841  21043.041408     95.232892  5  7  6  85       
PG13   5447.327175  14228.714990 -21879.438449     25.708289  5  4  2  84       
PG14  10084.163695 -16293.236167  18666.883604      0.462626  5  7  3 100       
PG15  16138.159023   8557.500291 -19717.447913   -218.361019  4  6  4  64       
PG16  -1937.830897 -23514.959522 -11957.560679   -181.255228  5  6  6  74       
PG17 -18225.614466  14528.822397  13115.247235    294.118953  5     3  89       
PG18  19025.411457   -345.704956 -18555.678084    243.245039  8  8  7  56       
PG19 -11954.980182  15252.983559  17842.619475   -133.621484  4  5  5  85       
PG20  14748.439700 -10657.036758 -19351.731390    527.312331  5  6  8  74       
PG21   6115.006843 -14010.595327 -21014.712268     22.245191  7  6  7  84       
PG22 -11360.226466 -16977.467270  17259.515872   -772.831031  5  5  3  48       
PG24  22261.355078  14690.858392   1999.905099    -15.496042  2  7  5  48       
PG25  15299.052599  -1371.491444  21404.701348     22.009910  3  6  4  76       
PG26   4814.932180 -25947.332718   1534.102590    241.213011  6  8  3  68       
PG27  -2770.924949 -14778.198479 -22017.795483   -342.861408  6  7  3  90       
PG28 -12324.071732  21531.016533  -9103.487764    700.689540  6  6  4  92       
PG29  25526.975795  -2486.961066   6938.360812   -147.646589  4  7  6  90       
PG30 -11978.631019  10261.661819 -21331.442517   -259.630247     4  3  81       
PG31   2277.151448 -16965.202132  20143.781249    -54.829867  5  5  3  93       
PG32  16774.289210 -15954.263797  12972.987847    315.031921  6  5  4  79       
*  2020  7 11  6  0  0.00000000
PG01 -22037.539068 -15022.011272   1762.151278     24.052297  3  5  6  75       
PG02   7788.174305  19242.456158  17235.039545   -485.487051  4  6  5  78       
PG03 -12642.644271 -11826.121507  20104.765727   -236.129036  6  7  4  69       
PG04 -21426.443347  -3075.607155  15425.987457   -113.299025  8  5  6  63       
PG05   2514.013595  25587.000759  -6383.448987    -16.423709  8  6  5  89       
PG06  -5031.628496  14419.545424  21774.077317   -301.440662  4  5  3  68       
PG07 -20982.128412  -1396.166630 -16194.591210   -324.552495  5  6  5  68       
PG08 -12192.534032 -10427.284064 -21201.637973    -40.568609  5  6  5  90       
PG09 -24990.946014   6996.873659   5645.867340   -251.599053  4  4  3  41       
PG10  11612.042543 -19388.341860 -13667.850317   -396.302353  7  8  7  55       
PG11 -19803.169648 -12908.633867 -12269.761261   -224.451841  6  6  4  74       
PG12  11388.535965  12848.839557  20072.683283     95.229001  5  7  6  77       
PG13   3046.894618  14846.682243 -21926.243889     25.711264  5  5  3  71       
PG14  12024.881566 -16735.078326  17005.778898      0.465385  5  7  3  69       
PG15  14194.358685   9692.603518 -20646.137034   -218.358164  5  6  3  84       
PG16  -1460.310809 -24639.791705  -9408.635254   -181.259358  6  6  6  31       
PG17 -19506.918365  14795.049713  10662.499688    294.124218  5  3  3  56       
PG18  20494.011060   1054.208444 -16891.963599    243.253642  8  8  7  65       
PG19 -13902.531757  15666.552436  16005.738690   -133.616589  4  4  4  62       
PG20  14856.611284  -8383.295773 -20385.192920    527.312184  5  5  7  69       
PG21   8242.648259 -12562.935525 -21170.529377     22.249804  6  7  6  88       
PG22 -11052.159560 -18803.619371  15463.957991   -772.828550  5  5  3  25       
PG24  22166.464662  14986.373130   -783.174541    -15.497410  2  7  5  14       
PG25  14968.637729   1122.986015  21671.290092     22.013620  3  6  5  62       
PG26   5087.354466 -25572.438296   4347.275160    241.219198  6  7  3  82       
PG27   -469.873809 -15650.991751 -21547.055503   -342.870077  6  7  3  72       
PG28 -12210.750394  20263.847976 -11636.642853    700.686701  6  6  4  70       
PG29  24674.058980  -2035.564514   9628.230204   -147.654229  4  7  6  85       
PG30 -13816.573080   8664.095613 -20945.719066   -259.637256     4  3  71       
PG31   4167.004867 -15522.702369  21024.802353    -54.831734  5  5  4  78       
PG32  18103.823179 -16245.188351  10575.317160    315.037562  6  5  4  67       
*  2020  7 11  6 15  0.00000000
PG01 -21989.235948 -15199.420558  -1112.507952     24.056438  4  6  6  48       
PG02   6041.160996  18364.514640  18873.434311   -485.492081  4  6  5  89       
PG03 -12362.636680 -14047.012897  18822.345169   -236.139522  6  8  5  74       
PG04 -19781.281911  -3979.490124  17300.955789   -113.303250  8  5  7  55       
PG05   2205.791408  26132.676114  -3608.318946    -16.424199  8  7  5  84       
PG06  -7099.921025  13026.937823  22077.871681   -301.445325  4  5  3  66       
PG07 -22331.961659  -2562.182422 -14205.443405   -324.560934  5  5  5  69       
PG08 -10010.560421 -11548.323805 -21733.299027    -40.569203  5  6  4  82       
PG09 -24386.402577   6402.013996   8331.331773   -251.604868  4  4  2  66       
PG10  11674.878163 -17671.702490 -15786.638105   -396.312080  7  8  7  81       
PG11 -18294.766365 -13022.069180 -14420.843244   -224.442660  6  7  4  96       
PG12  10962.091535  15068.802467  18751.174954     95.224459  5  7  6  90       
PG13    696.956963  15587.659610 -21599.758249     25.714344  4  5  4  82       
PG14  13753.715320 -17206.826601  15057.189322      0.467841  5  6  4  98       
PG15  12233.492554  10964.628953 -21231.454767   -218.356133  5  5  3  72       
PG16  -1093.618244 -25494.503005  -6695.140977   -181.263511  6  6  6  47       
PG17 -20508.815220  15024.145015   8029.218840    294.129746  5  4  4  69       
PG18  21869.267619   2253.622964 -14938.182873    243.262273  8  8  7  57       
PG19 -15608.489032  16111.555124  13887.132351   -133.612249  3  3  4  79       
PG20  15077.906524  -6023.166885 -21068.712581    527.312098  5  5  7  81       
PG21  10436.987692 -11221.662107 -20936.336023     22.253345  6  7  6  81       
PG22 -10831.721672 -20427.771190  13407.508573   -772.826485  5  6  3  70       
PG24  21822.169043  15122.947848  -3553.103172    -15.497759  2  6  4  55       
PG25  14768.108928   3637.426939  21556.551984     22.017385  3  6  6  64       
PG26   5361.799302 -24896.465186   7084.544163    241.225404  6  7  4  88       
PG27   1716.193439 -16618.663573 -20708.696077   -342.878742  6  8  4  70       
PG28 -12120.018499  18713.535874 -13965.019219    700.682994  5  5  4  85       
PG29  23571.815722  -1429.369023  12152.458779   -147.661964  4  7  6  83       
PG30 -15676.952834   7197.352132 -20199.001104   -259.644197     4  2  61       
PG31   6188.343455 -14133.688195  21540.123677    -54.834000  5  5  4  87       
PG32  19163.298240 -16481.925112   7994.892139    315.043264  6  5  5  71       
*  2020  7 11  6 30  0.00000000
PG01 -21677.085089 -15209.635328  -3968.453383     24.060575  4  6  6  87       
PG02   4107.142365  17506.873821  20203.249762   -485.497369  4  5  5  70       
PG03 -12204.215318 -16114.625736  17215.332667   -236.150137  5  8  6  60       
PG04 -18011.326251  -5056.526367  18878.839196   -113.307308  8  5  7  74       
PG05   1920.468517  26374.973727   -770.482257    -16.424576  8  7  5  98       
PG06  -9252.813484  11744.378947  22003.471270   -301.449982  4  4  3  94       
PG07 -23534.499983  -3527.513486 -11972.634029   -324.568899  5  5  5  72       
PG08  -7855.676653 -12805.315997 -21891.374238    -40.570439  5  7  4  83       
PG09 -23556.067020   5629.994559  10873.294128   -251.610717  4  4  3  58       
PG10  11823.560377 -15735.502930 -17629.300730   -396.321798  7  8  7  80       
PG11 -16572.297510 -13182.708633 -16327.313597   -224.433385  6  7  4  91       
PG12  10673.110242  17137.336782  17102.418841     95.220022  4  8  6  88       
PG13  -1557.647966  16432.361647 -20905.183436     25.717438  4  5  4  79       
PG14  15246.372801 -17671.904014  12853.036406      0.470366  5  6  4  78       
PG15  10296.256785  12357.044728 -21462.915671   -218.354013  5  5  3  91       
PG16   -805.342687 -26053.638706  -3864.096059   -181.268032  6  5  7  48       
PG17 -21224.530715  15174.797894   5259.340779    294.135142  5  5  4  73       
PG18  23107.094029   3252.245707 -12727.896573    243.270806  7  7  8  70       
PG19 -17049.201539  16549.443862  11524.680962   -133.607675  3  3  4  59       
PG20  15418.342436  -3622.538932 -21391.292908    527.311898  5  5  6  80       
PG21  12651.088853 -10011.063359 -20315.782564     22.258013  6  7  6  59       
PG22 -10672.933882 -21819.303482  11124.629324   -772.824648  5  6  3  55       
PG24  21214.778439  15133.072825  -6263.425664    -15.498363  2  6  4  79       
PG25  14700.019945   6121.256545  21063.354842     22.021155  4  7  7  78       
PG26   5673.479552 -23930.951683   9698.134026    241.231557  6  6  5  82       
PG27   3748.805448 -17650.312664 -19515.915225   -342.887421  6  8  4  80       
PG28 -12087.351727  16903.878964 -16046.062240    700.679899  5  5  5  87       
PG29  22256.078978   -645.775089  14467.497079   -147.669788  5  7  6  83       
PG30 -17517.698836   5880.844968 -19104.798903   -259.651105  1  4  2  76       
PG31   8305.779405 -12832.211291  21682.117813    -54.836324  5  5  4  73       
PG32  19948.151294 -16625.171821   5276.101421    315.048920  6  5  4  72       
*  2020  7 11  6 45  0.00000000
PG01 -21086.317802 -15088.817268  -6757.750954     24.064674  4  7  5  72       
PG02   2014.585721  16703.526113  21203.809048   -485.502389  4  5  5  76       
PG03 -12146.824575 -17987.843324  15311.779326   -236.160597  5  9  7  51       
PG04 -16162.085407  -6306.235091  20132.505836   -113.311466  7  6  8  78       
PG05   1621.534903  26309.241941   2080.759047    -16.425502  8  7  5  81       
PG06 -11446.599573  10596.662446  21552.273045   -301.454800  4  4  3  77       
PG07 -24550.715288  -4301.987775  -9535.563683   -324.576641  5  5  5  77       
PG08  -5771.764861 -14175.127220 -21672.358796    -40.571410  5  7  4  88       
PG09 -22534.891866   4663.370678  13227.866979   -251.616603  5  4  3  73       
PG10  12082.621479 -13618.454958 -19163.875132   -396.331531  7  7  7  69       
PG11 -14667.121819 -13415.896899 -17958.438913   -224.423668  6  8  4  84       
PG12  10503.137839  19011.132138  15155.972096     95.215821  4  8  6  82       
PG13  -3676.214482  17354.481804 -19853.948808     25.720453  4  5  5  84       
PG14  16486.261012 -18090.988834  10429.805261      0.472833  5  6  4  81       
PG15   8420.474266  13846.459530 -21335.706808   -218.351469  6  4  2  70       
PG16   -559.293528 -26300.238995   -964.979897   -181.272522  6  5  7  45       
PG17 -21656.103436  15206.296219   2399.550618    294.140097  5  5  4  67       
PG18  24165.664784   4058.018069 -10299.059046    243.279375  7  7  8  51       
PG19 -18209.994606  16939.383647   8960.423607   -133.603049  3  4  4  69       
PG20  15876.326952  -1227.939722 -21348.122390    527.312200  5  5  6  74       
PG21  14835.223088  -8947.542411 -19320.158452     22.261885  6  7  6  57       
PG22 -10545.389790 -22954.065924   8653.622843   -772.822309  5  6  3  35       
PG24  20338.160499  15052.018454  -8868.830562    -15.498963  3  5  3  57       
PG25  14758.650103   8524.747634  20201.310186     22.024931  4  7  7  75       
PG26   6055.076299 -22695.816290  12142.481909    241.237686  6  6  6  76       
PG27   5595.658138 -18709.423182 -17988.047018   -342.896073  6  8  4  71       
PG28 -12143.875893  14867.050675 -17841.218745    700.676244  5  5  5  91       
PG29  20767.957522    330.451385  16533.348979   -147.677483  5  8  6  90       
PG30 -19295.057966   4726.315502 -17682.536240   -259.658041  2  4  2  91       
PG31  10478.877396 -11646.051274  21449.703439    -54.838348  5  6  4  68       
PG32  20462.471128 -16636.832445   2465.874332    315.054571  6  5  5  73       
*  2020  7 11  7  0  0.00000000
PG01 -20210.416628 -14876.059188  -9433.776494     24.068846  4  8  5  91       
PG02   -202.247623  15983.352631  21859.611694   -485.507555  4  5  5  74       
PG03 -12163.570954 -19631.265915  13144.778842   -236.171063  5  9  7  63       
PG04 -14279.481808  -7719.891426  21040.372860   -113.315680  7  6  8  48       
PG05   1272.659406  25939.752094   4895.690509    -16.426342  8  7  6  93       
PG06 -13634.302303   9600.859703  20732.089498   -301.459448  4  4  2  62       
PG07 -25345.863992  -4902.866947  -6936.653983   -324.584665  6  6  5  67       
PG08  -3798.437875 -15627.582197 -21079.246775    -40.572856  5  7  4  70       
PG09 -21362.135870   3492.114715  15354.351468   -251.622476  5  4  3  63       
PG10  12469.771417 -11364.434685 -20363.921763   -396.341237  7  7  6  61       
PG11 -12615.417726 -13741.576417 -19288.359850   -224.413910  6  8  4  75       
PG12  10426.850619  20652.552999  12946.456412     95.211284  4  8  7  79       
PG13  -5623.536442  18321.654328 -18463.550202     25.723533  3  5  5  78       
PG14  17465.008070 -18423.582659   7828.016981      0.475535  5  7  4  75       
PG15   6639.822737  15403.330049 -20850.822550   -218.349192  6  4  2  69       
PG16   -317.129499 -26226.552546   1951.169575   -181.276786  5  5  7  68       
PG17 -21814.263719  15080.242486   -501.449761    294.145358  4  5  4  73       
PG18  25007.002570   4686.610015  -7693.370900    243.288003  7  7  8  66       
PG19 -19085.520100  17239.984583   6239.738047   -133.598476  3  4  4  87       
PG20  16442.700996   1115.049980 -20940.607913    527.312437  4  5  5  65       
PG21  16938.807989  -8039.057525 -17968.152932     22.265965  5  7  5  46       
PG22 -10415.545977 -23815.182300   6036.039155   -772.819944  5  7  4  64       
PG24  19194.068615  14916.364362 -11325.841797    -15.499828  3  5  2  44       
PG25  14930.310668  10800.775810  18986.528151     22.028732  5  8  7  67       
PG26   6535.258156 -21218.643810  14375.062885    241.243826  6  5  6  81       
PG27   7231.700671 -19755.220601 -16150.311537   -342.904725  6  8  4  46       
PG28 -12314.916392  12642.565691 -19316.792955    700.672929  4  4  5  79       
PG29  19152.292035   1506.384757  18314.270769   -147.685489  5  8  6  87       
PG30 -20965.169869   3737.577295 -15957.176607   -259.664995  2  4  2  71       
PG31  12663.579592 -10595.784206  20848.269236    -54.840614  5  6  4  63       
PG32  20718.712374 -16481.648650   -387.136808    315.060203  6  5  5  63       
*  2020  7 11  7 15  0.00000000
PG01 -19051.447941 -14611.772466 -11951.926778     24.072997  5  8  5  81       
PG02  -2504.374625  15369.121348  22160.493083   -485.512761  4  4  5  79       
PG03 -12222.402362 -21016.406633  10751.875509   -236.181630  5  9  8  59       
PG04 -12408.190674  -9280.690038  21586.777647   -113.319838  6  6  8  25       
PG05    839.330737  25279.551149   7625.086241    -16.427052  7  7  6  96       
PG06 -15767.316533   8765.785233  19557.011373   -301.464149  5  4  2  74       
PG07 -25890.745352  -5353.917255  -4220.591365   -324.592544  6  6  4  80       
PG08  -1969.660904 -17126.506219 -20121.533194    -40.573808  5  7  4  79       
PG09 -20079.846960   2114.216867  17215.949987   -251.628323  5  5  2  46       
PG10  12995.094490  -9020.911332 -21208.980404   -396.350961  7  7  6  66       
PG11 -10456.941578 -14173.484388 -20296.387492   -224.404504  7  8  4 102       
PG12  10413.222700  22030.926395  10512.885393     95.207143  4  8  7  76       
PG13  -7371.070164  19296.663262 -16757.289743     25.726420  3  5  5  77       
PG14  18182.685314 -18629.658737   5091.614855      0.478160  6  7  4  60       
PG15   4982.709367  16992.908482 -20015.124085   -218.346761  6  4  3  52       
PG16    -40.096210 -25834.394002   4832.714063   -181.281295  6  5  7  60       
PG17 -21717.985535  14762.220213  -3393.739698    294.151151  4  5  3  64       
PG18  25598.430133   5160.615824  -4955.567816    243.296554  6  7  8  56       
PG19 -19679.738164  17411.050596   3410.473483   -133.593751  4  4  4  70       
PG20  17101.080570   3363.333858 -20176.305909    527.312110  4  5  5  74       
PG21  18912.392520  -7284.955336 -16285.414500     22.270172  5  7  5  64       
PG22 -10248.143978 -24393.598971   3316.025769   -772.817744  5  6  5  87       
PG24  17792.191613  14762.496475 -13593.477112    -15.500935  3  4     69       
PG25  15193.980464  12906.457605  17441.250921     22.032497  5  8  7  75       
PG26   7137.368503 -19533.679663  16357.153640    241.249906  5  5  6  72       
PG27   8639.952188 -20744.220749 -14033.456363   -342.913410  6  7  4  61       
PG28 -12618.775292  10275.925486 -20444.727257    700.669555  4  4  5  90       
PG29  17455.976434   2880.463106  19779.399202   -147.693007  5  8  6  88       
PG30 -22485.647530   2910.572836 -13958.761604   -259.671928  1  4  2  72       
PG31  14813.760370  -9694.152819  19889.486232    -54.842694  4  6  4  42       
PG32  20737.088002 -16128.736532  -3233.414745    315.065865  6  5  5  71       
*  2020  7 11  7 30  0.00000000
PG01 -17620.089359 -14336.045318 -14270.291538     24.077113  5  8  5  67       
PG02  -4849.317072  14876.709560  22101.729658   -485.517769  4  4  5  75       
PG03 -12287.491719 -22122.625046   8174.401156   -236.192113  5  9  8  89       
PG04 -10590.037594 -10964.227200  21762.249357   -113.323976  6  7  8   8       
PG05    290.434743  24349.976300  10221.111311    -16.428152  7  7  6  88       
PG06 -17797.120791   8091.787796  18047.167449   -301.468849  4  4  2  72       
PG07 -26162.745575  -5684.255276  -1433.566553   -324.600367  6  7  4  86       
PG08   -312.590341 -18631.020975 -18815.100539    -40.575044  5  7  4  84       
PG09 -18731.247667    535.975104  18780.413090   -251.634245  5  5  3  83       
PG10  13660.564459  -6637.247346 -21684.907465   -396.360665  7  6  5  80       
PG11  -8233.685000 -14718.599478 -20967.214405   -224.395313  7  8  4  89       
PG12  10426.914800  23123.553919   7897.926250     95.202692  4  8  7  87       
PG13  -8897.848466  20238.855001 -14763.918054     25.729131  2  5  5  54       
PG14  18647.714256 -18671.329101   2267.268808      0.480626  6  7  4  64       
PG15   3471.333288  18576.401808 -18841.318123   -218.344563  6  4  3  73       
PG16    309.201837 -25135.123787   7628.406555   -181.285779  5  5  7  56       
PG17 -21393.719782  14223.343334  -6227.033306    294.155970  4  5  3  77       
PG18  25913.831671   5508.482916  -2132.657388    243.305115  6  7  7  45       
PG19 -20005.537727  17415.272550    522.056884   -133.589194  3  3  4  76       
PG20  17828.483141   5477.732851 -19068.756333    527.312167  4  5  5  66       
PG21  20709.590795  -6676.202946 -14303.926703     22.275701  5  6  5  64       
PG22 -10007.712444 -24688.354626    539.628170   -772.815695  5  7  5  87       
PG24  16149.924488  14625.124926 -15633.867527    -15.501129  3  3  1  50       
PG25  15522.239424  14804.607761  15593.377363     22.036288  6  8  7  79       
PG26   7878.334180 -17680.573989  18054.519325    241.256060  5  5  6  74       
PG27   9812.013362 -21631.915339 -11673.290292   -342.922166  6  7  4  66       
PG28 -13065.798573   7816.993036 -21203.279284    700.666136  3  5  5  81       
PG29  15726.209131   4442.349813  20903.296923   -147.701032  5  8  6  92       
PG30 -23817.104278   2233.736645 -11721.871402   -259.678858  1  4  2  57       
PG31  16882.849127  -8945.755859  18591.018217    -54.845340  4  6  5  49       
PG32  20544.662937 -15552.965792  -6023.459428    315.071505  6  5  5  67       
*  2020  7 11  7 45  0.00000000
PG01 -15935.353407 -14087.029683 -16350.280900     24.081302  6  8  5  76       
PG02  -7192.444071  14514.572548  21684.091840   -485.522862  4  4  4  70       
PG03 -12320.769839 -22937.764716   5456.753471   -236.202613  6  9  8  70       
PG04  -8862.515260 -12739.283823  21563.676099   -113.328091  6  7  8  12       
PG05   -400.298143  23179.848706  12638.205995    -16.428281  8  6  6  76       
PG06 -19676.994236   7570.874343  16228.385275   -301.473561  4  4  2 102       
PG07 -26146.635924  -5927.017008   1377.478625   -324.608503  7  7  4  62       
PG08   1153.322843 -20097.046088 -17181.988064    -40.575989  6  7  4  83       
PG09 -17359.085812  -1228.038749  20020.608603   -251.640093  6  5  3  89       
PG10  14459.895690  -4262.938865 -21784.090259   -396.370365  6  6  5  95       
PG11  -5988.479507 -15376.850494 -21291.045827   -224.385562  7  8  4  89       
PG12  10429.825491  23916.413207   5147.112956     95.198147  4  8  6  54       
PG13 -10191.110060  21105.702677 -12517.182021     25.732329  2  5  5  60       
PG14  18876.454536 -18514.465666   -596.394715      0.483228  6  7  4  64       
PG15   2120.972673  20112.306549 -17347.849262   -218.341895  6  5  3  70       
PG16    765.071864 -24149.245386  10288.391875   -181.289790  5  5  7  67       
PG17 -20874.330485  13441.622877  -8951.575151    294.161256  3  5  3  91       
PG18  25934.675174   5763.215557    726.883298    243.313683  7  8  7  61       
PG19 -20084.018391  17219.798119  -2375.407010   -133.584834  3  3  3  67       
PG20  18596.212442   7424.262045 -17637.224577    527.312517  4  4  4  70       
PG21  22288.870777  -6196.002289 -12061.226568     22.279344  4  6  5  70       
PG22  -9660.094381 -24706.558743  -2245.951219   -772.813310  5  6  5  86       
PG24  14291.868779  14535.874480 -17412.832572    -15.501395  4  3  2  65       
PG25  15882.457118  16464.961087  13475.893504     22.040086  6  8  7  64       
PG26   8767.839487 -15702.927199  19438.010389    241.262163  5  5  5  64       
PG27  10748.247751 -22374.529988  -9110.112545   -342.930910  6  6  4  64       
PG28 -13657.784221   5318.162835 -21577.568539    700.663023  3  5  4  89       
PG29  14008.741886   6173.140425  21666.405017   -147.708789  6  8  7  95       
PG30 -24924.570410   1688.647349  -9285.017917   -259.685813     4  3  66       
PG31  18825.458913  -8347.061207  16976.141008    -54.847222  4  6  5  56       
PG32  20174.183873 -14736.124258  -8708.676854    315.077121  6  5  4  57       
*  2020  7 11  8  0  0.00000000
PG01 -14024.018550 -13899.412738 -18157.203334     24.085463  6  8  5  71       
PG02  -9488.389548  14283.473977  20913.845298   -485.527944  5  4  4  84       
PG03 -12283.547301 -23458.472683   2645.628794   -236.213068  6  9  8  77       
PG04  -7257.475835 -14568.880493  20994.364612   -113.332282  6  7  8  85       
PG05  -1253.036545  21804.377395  14833.932219    -16.429720  8  6  6  68       
PG06 -21363.674449   7187.161487  14131.758106   -301.478286  4  4  2  69       
PG07 -25835.102799  -6117.902706   4165.587552   -324.616328  7  7  3  93       
PG08   2416.927427 -21478.949337 -15250.044705    -40.577057  6  7  4  74       
PG09 -16004.014739  -3155.337065  20915.002280   -251.645971  5  5  2  71       
PG10  15378.733747  -1945.866955 -21505.536846   -396.380019  6  6  4  81       
PG11  -3763.595906 -16141.090475 -21263.656663   -224.375927  7  7  4  81       
PG12  10382.741013  24404.527312   2308.027784     95.193714  4  8  6  82       
PG13 -11246.618660  21854.464096 -10055.282879     25.735328     4  5  71       
PG14  18892.481611 -18130.209313  -3449.627076      0.485519  6  7  4  61       
PG15    939.526609  21557.875271 -15558.700860   -218.339677  6  5  3  68       
PG16   1357.122795 -22905.633102  12765.190069   -181.294283  5  6  7  72       
PG17 -20197.768723  12403.089469 -11519.061365    294.166389  3  5  3  91       
PG18  25650.756167   5960.903961   3573.935885    243.322254  7  8  7  76       
PG19 -19943.469487  16797.617869  -5232.023342   -133.580229  2  4  4  83       
PG20  19370.966907   9175.206686 -15906.357270    527.311971  4  4  4  72       
PG21  23615.114482  -5820.749318  -9599.498601     22.283163  4  6  5  75       
PG22  -9173.942344 -24463.076394  -4993.126275   -772.811210  5  6  6  64       
PG24  12249.079730  14521.996572 -18900.406250    -15.501832  4  3  3  78       
PG25  16238.183993  17865.115498  11126.224708     22.043875  6  9  6  79       
PG26   9807.797918 -13646.696351  20484.058751    241.268244  5  5  4  95       
PG27  11457.620533 -22930.785718  -6388.043728   -342.939607  6  5  4  54       
PG28 -14387.766398   2832.405336 -21559.969275    700.659738  3  5  4  82       
PG29  12346.194217   8045.908497  22055.393998   -147.716547  6  8  7  95       
PG30 -25778.747471   1250.940899  -6689.981746   -259.692761     4  3  43       
PG31  20598.960506  -7886.735140  15073.281886    -54.849637  5  6  5  78       
PG32  19662.691575 -13667.819032 -11242.256603    315.082765  6  5  4  61       
*  2020  7 11  8 15  0.00000000
PG01 -11919.787924 -13803.025814 -19660.789633     24.089628  6  8  5  81       
PG02 -11692.501934  14176.486969  19802.699844   -485.533070  4  4  4  79       
PG03 -12138.162249 -23690.191102   -210.777227   -236.223566  7  8  8  29       
PG04  -5800.048798 -16411.565005  20063.991059   -113.336481  5  8  8  35       
PG05  -2280.836515  20263.817075  16769.763123    -16.430228  8  5  6  97       
PG06 -22818.893820   6917.636936  11793.124598   -301.482997  4  4  2  71       
PG07 -25228.997450  -6293.651631   6884.500708   -324.624239  7  7  4  74       
PG08   3475.637886 -22731.281409 -13052.469055    -40.578743  6  6  4  78       
PG09 -14703.066377  -5216.186170  21448.040898   -251.651765  6  5  3  65       
PG10  16395.174827    269.371551 -20854.842954   -396.389712  5  6  4  77       
PG11  -1599.384253 -16997.331453 -20886.379725   -224.366069  7  7  4  72       
PG12  10247.017664  24591.993892   -570.532575     95.189082  5  8  5  78       
PG13 -12068.657521  22443.870436  -7420.251168     25.738343     4  4  43       
PG14  18725.575992 -17496.302702  -6242.442482      0.488144  6  7  4  61       
PG15    -72.665805  22870.664605 -13503.100032   -218.337440  6  5  3  50       
PG16   2108.846930 -21440.420857  15014.636222   -181.298908  5  5  7  72       
PG17 -19405.531883  11102.617700 -13883.566522    294.171665  2  5  4  68       
PG18  25060.633950   6139.136020   6359.580835    243.330853  8  8  6  64       
PG19 -19618.093072  16128.716300  -7998.965772   -133.575695  2  3  3  75       
PG20  20116.129310  10709.960093 -13905.758534    527.312115  4  4  4  67       
PG21  24660.881568  -5521.282987  -6964.581398     22.287296  3  5  4  56       
PG22  -8522.124326 -23979.927628  -7654.721984   -772.808973  5  6  6  79       
PG24  10058.085437  14605.248116 -20071.308679    -15.502018  4  3  4  81       
PG25  16550.686469  18991.165357   8585.525986     22.047633  7  8  5  61       
PG26  10992.141386 -11558.526687  21175.065370    241.274393  4  4  4  70       
PG27  11957.195953 -23263.592569  -3554.267896   -342.948330  6  4  4  79       
PG28 -15240.192463    411.273898 -21150.331645    700.656322  3  5  4  80       
PG29  10776.498976  10026.570741  22063.406327   -147.724171  6  8  7 101       
PG30 -26357.054876    891.447882  -3981.104171   -259.699717     4  3  77       
PG31  22164.945335  -7546.268839  12915.490691    -54.851860  5  6  5  60       
PG32  19049.971297 -12346.076028 -13580.019945    315.088416  5  5  4  80       
*  2020  7 11  8 30  0.00000000
PG01  -9662.204560 -13821.638816 -20835.658533     24.093759  6  7  5  91       
PG02 -13762.282013  14179.268042  18367.703805   -485.537988  4  3  4  85       
PG03 -11849.590645 -23646.823663  -3063.587616   -236.233923  7  8  8  57       
PG04  -4507.825544 -18222.883931  18788.443219   -113.340691  5  8  8  42       
PG05  -3488.918046  18601.934364  18411.797864    -16.430601  8  4  6 102       
PG06 -24010.736686   6733.201704   9252.469115   -301.487706  3  4  1  73       
PG07 -24337.302416  -6490.501061   9489.337301   -324.632286  7  7  4  44       
PG08   4335.358937 -23810.526353 -10627.242709    -40.579170  6  6  4  67       
PG09 -13488.276866  -7374.563004  21610.430452   -251.657587  5  5  3  39       
PG10  17480.590222   2342.989230 -19844.040172   -396.399401  5  6  4  84       
PG11    467.002594 -17925.227594 -20166.030080   -224.356468  7  7  4  47       
PG12   9986.231326  24491.679346  -3439.391193     95.184876  5  7  4  42       
PG13 -12669.697313  22835.780648  -4657.246964     25.741436     4  3  70       
PG14  18410.458848 -16598.187238  -8925.537037      0.490761  6  6  4  50       
PG15   -922.715849  24010.109271 -11215.123832   -218.335052  6  5  3  79       
PG16   3036.457314 -19795.598917  16996.751232   -181.302789  5  6  7  59       
PG17 -18540.967280   9544.408956 -16002.454068    294.177543  2  5  4  89       
PG18  24171.743098   6335.353486   9035.935156    243.339424  8  7  7  74       
PG19 -19146.526077  15200.947564 -10629.291696   -133.571089  2  4  3  87       
PG20  20793.189253  12015.595011 -11669.493768    527.312220  5  3  4  71       
PG21  25407.327006  -5264.355819  -4204.925240     22.291569  3  5  4  75       
PG22  -7682.985154 -23285.420595 -10184.778921   -772.806568  5  6  6  83       
PG24   7759.710535  14800.977107 -20905.358271    -15.502638  4  3  4  74       
PG25  16780.563085  19838.007294   5897.926796     22.051412  7  8  5  53       
PG26  12306.933457  -9484.074833  21499.674018    241.280578  2  4  3  81       
PG27  12271.309202 -23341.604754   -658.198310   -342.957070  6  3  4  80       
PG28 -16191.489530  -1897.033617 -20356.019665    700.653092  3  5  4  86       
PG29   9331.539721  12075.039177  21690.185456   -147.731902  5  8  7  94       
PG30 -26644.431619    577.510198  -1204.545621   -259.706677     5  3  84       
PG31  23490.526384  -7300.873192  10539.853784    -54.853957  6  6  5  51       
PG32  18376.904000 -10777.612030 -15681.220822    315.094012  5  5  4  70       
*  2020  7 11  8 45  0.00000000
PG01  -7295.359605 -13971.982379 -21661.719569     24.097887  7  7  5  55       
PG02 -15658.764338  14270.599063  16631.080553   -485.543359  4  4  5  67       
PG03 -11386.957437 -23350.091574  -5864.067298   -236.244396  7  8  8  84       
PG04  -3390.341936 -19956.982419  17189.556141   -113.344885  5  8  7  56       
PG05  -4874.260864  16864.345388  19731.385679    -16.431711  8  4  6 112       
PG06 -24914.765867   6599.953287   6553.251743   -301.492413  3  4  2  79       
PG07 -23176.820684  -6742.682519  11937.242241   -324.640088  7  7  4  65       
PG08   5010.069630 -24676.797080  -8016.466170    -40.580607  7  5  4  76       
PG09 -12385.518534  -9589.362523  21399.304039   -251.663398  5  4  3  26       
PG10  18600.720151   4241.331856 -18491.331880   -396.409080  5  5  4  78       
PG11   2402.762342 -18898.787671 -19114.769513   -224.346800  7  6  3  69       
PG12   9567.731772  24124.595376  -6249.811635     95.180019  5  7  3  68       
PG13 -13069.747890  22996.736703  -1813.795745     25.744465     4  3  45       
PG14  17985.321086 -15429.812416 -11451.222274      0.493203  6  6  4  64       
PG15  -1624.782162  24939.062948  -8733.205583   -218.332851  6  5  3  21       
PG16   4148.033041 -18017.379416  18676.520210   -181.306828  5  6  7  66       
PG17 -17647.488618   7742.102780 -17837.246366    294.181936  2  5  5  65       
PG18  23000.175457   6585.216651  11556.973515    243.347975  9  7  7  73       
PG19 -18570.222644  14010.607470 -13078.702109   -133.566638  2  4  4  74       
PG20  21363.245755  13087.149549  -9235.528504    527.311975  5  3  4  70       
PG21  25844.744062  -5014.249785  -1370.537877     22.295851  2  6  4  65       
PG22  -6641.412165 -22413.047781 -12539.354120   -772.804436  5  5  5  83       
PG24   5397.743536  15117.448677 -21387.819036    -15.501627  4  2  4  81       
PG25  16889.377753  20409.313917   3109.746166     22.055155  7  8  4  69       
PG26  13730.799887  -7466.389471  21452.928776    241.286764  2  4  3  62       
PG27  12430.442731 -23140.570735   2249.417432   -342.965885  5  2  4  75       
PG28 -17210.996699  -4049.467972 -19191.762212    700.649764  3  5  3  85       
PG29   8036.033094  14146.616524  20942.088471   -147.739721  5  8  7  77       
PG30 -26633.865071    274.426394   1592.478112   -259.713609  1  5  3  61       
PG31  24549.433182  -7120.604442   7986.861676    -54.856420  6  6  5  16       
PG32  17683.785317  -8977.766932 -17509.283025    315.099659  5  5  3  56       
*  2020  7 11  9  0  0.00000000
PG01  -4866.436715 -14263.032904 -22124.508588     24.101964  6  5  5  83       
PG02 -17347.797864  14423.185020  14620.002799   -485.548479  3  4  5  55       
PG03 -10724.891369 -22828.605354  -8564.438548   -236.254834  7  7  7  81       
PG04  -2448.878565 -21568.271342  15294.745081   -113.349071  5  8  7  82       
PG05  -6425.536901  15096.793138  20705.645653    -16.432432  8  3  6  89       
PG06 -25514.875713   6480.660805   3741.678277   -301.497115  4  4  2  55       
PG07 -21771.601798  -7081.005465  14187.995116   -324.648343  6  7  4  59       
PG08   5521.082230 -25295.406536  -5265.609310    -40.582395  6  4  4  66       
PG09 -11413.583904 -11815.809672  20818.276051   -251.669193  4  4  3  68       
PG10  19716.991279   5937.952451 -16820.725356   -396.418767  5  5  4  87       
PG11   4180.438318 -19887.291774 -17749.914161   -224.336994  7  5  3  82       
PG12   8964.044590  23518.986715  -8954.293007     95.175882  6  7  3  21       
PG13 -13295.417039  22899.357595   1061.027946     25.747502     5  2  78       
PG14  17490.203816 -13994.116500 -13774.351324      0.495742  6  5  4  73       
PG15  -2199.382743  25625.245239  -6099.542928   -218.330284  5  6  3  74       
PG16   5443.010158 -16154.402433  20024.558434   -181.310923  5  5  7  70       
PG17 -16766.780262   5718.502677 -19354.429638    294.187233  3  5  5  84       
PG18  21570.140442   6921.041306  13879.318719    243.356492  9  7  8  92       
PG19 -17931.760749  12562.685772 -15306.236629   -133.562050  3  4  4  83       
PG20  21788.534753  13927.618956  -6645.110210    527.312239  5  4  4  86       
PG21  25972.724336  -4734.458354   1488.047808     22.299828  3  6  4  59       
PG22  -5389.660127 -21400.184579 -14677.304008   -772.802352  6  4  5  83       
PG24   3017.492495  15555.437910 -21509.677348    -15.501438  3  2  5  70       
PG25  16841.247483  20717.183425    268.692965     22.058810  7  8  3  66       
PG26  15235.657133  -5544.411927  21036.315342    241.293050  1  4  4  75       
PG27  12469.850559 -22644.418888   5117.434449   -342.974631  5  2  4  73       
PG28 -18262.219771  -6009.692782 -17679.321229    700.646398  3  4  3 108       
PG29   6906.699863  16193.581294  19831.981525   -147.747566  5  8  6  80       
PG30 -26326.628866    -53.029212   4362.470725   -259.720588  1  5  3  86       
PG31  25322.865198  -6971.676261   5299.740400    -54.858579  6  6  5  65       
PG32  17008.680676  -6970.097920 -19032.458333    315.105309  5  5  3  73       
*  2020  7 11  9 15  0.00000000
PG01  -2424.141434 -14695.587535 -22215.451054     24.105978  6  4  5  65       
PG02 -18801.182619  14604.687820  12366.299602   -485.553775  2  4  5  46       
PG03  -9844.672340 -22116.688951 -11118.676064   -236.265327  7  7  7  75       
PG04  -1676.586354 -23013.097941  13136.541311   -113.353290  5  8  7  70       
PG05  -8123.382353  13343.435352  21317.871462    -16.432802  7  3  6  93       
PG06 -25803.838822   6336.375644    865.921528   -301.501777  4  4  2  66       
PG07 -20152.126681  -7531.574907  16204.578582   -324.655964  6  6  5  73       
PG08   5896.005022 -25638.249528  -2422.690960    -40.584179  6  4  4  61       
PG09 -10583.557470 -14007.021591  19877.381435   -251.674995  4  4  3  66       
PG10  20788.004331   7414.397995 -14861.569971   -396.428626  6  5  4  65       
PG11   5778.725801 -20856.381823 -16093.687341   -224.327715  7  5  3  62       
PG12   8154.070606  22709.168334 -11507.328698     95.171425  6  6  3  71       
PG13 -13378.711336  22523.515394   3917.455097     25.750475  2  5  1  79       
PG14  16965.296632 -12303.150890 -15853.214333      0.498192  6  4  4  84       
PG15  -2672.442249  26042.534781  -3359.412214   -218.327828  5  6  3  73       
PG16   6912.039386 -14255.861338  21017.648899   -181.315266  5  5  7  57       
PG17 -15937.067361   3504.919723 -20526.169465    294.192869  3  5  6  53       
PG18  19913.123848   7370.369089  15962.988009    243.365068  9  6  8  88       
PG19 -17273.137811  10870.794953 -17274.896543   -133.557320  4  4  5  75       
PG20  22033.925531  14547.654744  -3942.101338    527.312458  5  4  4  71       
PG21  25799.945708  -4389.357549   4320.755635     22.304050  3  6  4  55       
PG22  -3927.898885 -20286.638394 -16561.034401   -772.800267  6  4  5  85       
PG24    664.278151  16108.107332 -21267.842270    -15.501149  2  2  4  88       
PG25  16604.325580  20781.484881  -2576.935089     22.062613  7  8  4  62       
PG26  16787.707995  -3751.653275  20257.688555    241.299262  3  3  5  63       
PG27  12427.986016 -21846.029779   7895.269133   -342.983392  4  1  4  48       
PG28 -19304.348457  -7749.348378 -15846.989157    700.643297  4  4  3  98       
PG29   5951.756951  18166.901374  18379.019479   -147.755434  6  8  6  77       
PG30 -25732.222422   -439.070618   7058.430426   -259.727554  2  5  3  80       
PG31  25800.076843  -6817.908609   2523.756051    -54.860903  7  5  5  77       
PG32  16385.883327  -4785.651448 -20224.392361    315.110917  5  5  3  71       
*  2020  7 11  9 30  0.00000000
PG01    -17.068764 -15262.147115 -21932.048025     24.110052  6  3  5  61       
PG02 -19997.621375  14778.968477   9906.090847   -485.559045  3  4  5  77       
PG03  -8735.128261 -21253.001623 -13483.269715   -236.275831  7  6  7  87       
PG04  -1058.932511 -24251.355750  10752.038162   -113.357479  5  8  6  24       
PG05  -9940.997653  11645.212798  21557.813527    -16.432888  7  3  7  84       
PG06 -25783.525007   6128.115722  -2024.693698   -301.506434  5  4  2  70       
PG07 -18354.279633  -8114.684655  17953.703852   -324.663947  5  6  5  40       
PG08   6167.451026 -25684.937590    462.595540    -40.585418  6  4  5  55       
PG09  -9898.499554 -16115.659650  18592.900933   -251.680752  3  4  3  53       
PG10  21771.132635   8660.682937 -12648.012580   -396.438184  6  6  5  53       
PG11   7183.064548 -21769.290843 -14172.918699   -224.318123  6  4  3  78       
PG12   7124.041130  21734.158411 -13866.119711     95.167234  6  5  3  89       
PG13 -13355.625016  21857.244452   6705.899656     25.753434  4  5  1  74       
PG14  16449.225834 -10377.835933 -17650.379097      0.500778  6  4  4  30       
PG15  -3074.106790  26172.051939   -560.397368   -218.325613  5  5  3  84       
PG16   8537.214543 -12369.628949  21639.140237   -181.319336  5  5  7  67       
PG17 -15191.528960   1140.155479 -21330.914116    294.198060  4  6  6  83       
PG18  18066.776929   7954.727242  17772.082315    243.373674  9  6  9  84       
PG19 -16634.118191   8956.783447 -18952.190803   -133.552944  4  4  5  83       
PG20  22068.331294  14964.982910  -1172.272261    527.311839  5  5  4  75       
PG21  25343.615458  -3945.794817   7078.874955     22.308035  4  6  4  61       
PG22  -2264.457014 -19113.103132 -18157.201878   -772.797588  6  3  4  77       
PG24  -1618.083215  16761.177783 -20665.263416    -15.500523  2  3  4  71       
PG25  16152.126880  20628.929263  -5379.041500     22.066334  6  7  5   7       
PG26  18348.663532  -2115.096698  19131.090633    241.305444  4  4  5  49       
PG27  12344.798049 -20747.659079  10533.856955   -342.992042  4  1  5  42       
PG28 -20293.963074  -9248.960197 -13728.934599    700.639760  4  5  3 107       
PG29   5170.750073  20018.009593  16608.313368   -147.762987  6  8  5  76       
PG30 -24868.015243   -915.404740   9634.614482   -259.734579  2  4  2  84       
PG31  25978.676705  -6622.260244   -294.498825    -54.863074  7  5  5  86       
PG32  15844.537575  -2461.942126 -21064.587114    315.116520  5  5  3  71       
*  2020  7 11  9 45  0.00000000
PG01   2307.934907 -15947.115358 -21277.979469     24.114147  6  1  5  70       
PG02 -20923.448778  14907.502106   7279.344212   -485.564159  4  4  5  72       
PG03  -7393.247840 -20279.010124 -15617.943735   -236.286339  7  6  6  72       
PG04   -574.449452 -25247.971553   8182.256294   -113.361666  5  8  6  48       
PG05 -11845.049891  10038.363783  21421.834307    -16.433838  7  3  7  84       
PG06 -25464.783383   5818.558402  -4880.528816   -301.511093  6  5  2   5       
PG07 -16418.141828  -8843.922322  19406.291062   -324.671714  5  6  5  74       
PG08   6371.545721 -25423.639360   3339.792304    -40.586571  6  4  4  34       
PG09  -9353.454202 -18095.607291  16987.075387   -251.686590  3  4  4  70       
PG10  22624.169330   9675.436132 -10218.381900   -396.447843  7  6  5  43       
PG11   8385.998299 -22588.172032 -12018.689946   -224.308374  6  3  2  64       
PG12   5868.196841  20636.159334 -15991.234966     95.162966  7  5  2  49       
PG13 -13264.572050  20897.344965   9377.842177     25.756622  4  5  2  70       
PG14  15977.406911  -8247.352639 -19133.453410      0.503081  6  4  3  60       
PG15  -3437.369801  26002.980937   2248.454839   -218.323457  6  5  3  41       
PG16  10292.658453 -10540.464555  21879.198788   -181.323597  5  5  8  43       
PG17 -14556.926191  -1330.836554 -21753.865887    294.203247  5  6  6  82       
PG18  16073.577930   8688.626582  19275.406580    243.382271  8  5  9  94       
PG19 -16050.691699   6850.051999 -20310.601707   -133.548369  5  4  6  72       
PG20  21865.981948  15203.562828   1617.436811    527.312092  6  5  4  48       
PG21  24628.608945  -3374.533649   9715.880471     22.312340  4  5  4  73       
PG22   -415.746458 -17919.579218 -19437.350874   -772.795059  6  2  4  66       
PG24  -3788.753230  17493.391517 -19710.960409    -15.500780  2  3  4  70       
PG25  15464.648702  20291.905255  -8090.499488     22.070057  6  7  6  57       
PG26  19877.142319   -654.364251  17676.466380    241.311765  5  3  6  61       
PG27  12259.967935 -19360.990240  12986.586594   -343.000746  4     4  62       
PG28 -21186.849333 -10498.455932 -11364.420946    700.636676  5  4  3  85       
PG29   4554.733125  21700.572113  14550.491492   -147.770569  7  7  4  81       
PG30 -23758.609614  -1509.832102  12047.282958   -259.741585  2  4  2  60       
PG31  25864.633264  -6348.389826  -3107.828955    -54.865212  7  4  4  69       
PG32  15407.482311    -41.679628 -21538.751818    315.122309  4  5  3  46       
*  2020  7 11 10  0  0.00000000
PG01   4507.357852 -16727.312000 -20263.119563     24.118226  6     5  63       
PG02 -21573.105230  14950.922321   4529.350690   -485.569184  5  4  4  27       
PG03  -5824.486255 -19237.368961 -17486.321930   -236.296886  7  5  5  79       
PG04   -195.757396 -25974.211656   5471.438815   -113.365848  5  8  5  72       
PG05 -13796.839633   8553.143800  20912.935742    -16.434778  7  3  7  94       
PG06 -24866.991200   5373.676331  -7652.479051   -301.515754  6  4  2  57       
PG07 -14386.645699  -9725.515985  20537.901902   -324.679485  4  5  5  56       
PG08   6546.295670 -24851.591321   6158.602646    -40.586705  5  4  5  57       
PG09  -8935.780172 -19903.608573  15087.714293   -251.692445  3  4  4  42       
PG10  23306.960273  10465.720283  -7614.514164   -396.457515  7  6  5  31       
PG11   9387.288351 -23275.485477  -9665.926958   -224.298772  5  3  1  50       
PG12   4389.168344  19458.943123 -17847.212191     95.158513  7  4  2  66       
PG13 -13144.723658  19649.653988  11886.702290     25.759494  5  5  2  78       
PG14  15580.534059  -5948.191844 -20275.747165      0.505683  6  5  3  48       
PG15  -3796.562628  25533.090309   5017.537462   -218.320777  6  5  3  63       
PG16  12145.437097  -8808.376461  21734.913607   -181.327926  5  5  8  60       
PG17 -14052.508537  -3858.555550 -21787.304594    294.208418  6  6  6  71       
PG18  13979.317005   9578.837374  20447.010359    243.390905  8  5  9  82       
PG19 -15553.696650   4586.601530 -21327.968427   -133.543725  5  5  6  95       
PG20  21407.511821  15292.517552   4379.675434    527.311656  7  5  4  34       
PG21  23686.353730  -2651.502931  12188.153293     22.316441  4  4  5  80       
PG22   1594.134214 -16743.821979 -20378.471289   -772.792737  5  2  3  45       
PG24  -5811.247267  18277.256040 -18419.958387    -15.501733  3  3  4  68       
PG25  14529.249614  19807.125841 -10665.889698     22.073785  5  6  6  58       
PG26  21330.192059    618.823632  15919.283053    241.317949  6  2  6  75       
PG27  12211.161536 -17706.812429  15210.187629   -343.009411  4     4  66       
PG28 -21939.836501 -11497.276469  -8796.926701    700.633318  6  4  3  89       
PG29   4086.786650  23172.180681  12241.162026   -147.778599  7  7  4  71       
PG30 -22434.945160  -2244.995671  14255.411656   -259.748538  2  4  2  70       
PG31  25471.988943  -5962.190409  -5869.162656    -54.867422  7  4  4  87       
PG32  15090.360465   2428.705203 -21639.036302    315.127956  4  5  3  59       
*  2020  7 11 10 15  0.00000000
PG01   6542.499628 -17572.786905 -18903.458854     24.122290  6  1  5  50       
PG02 -21949.329290  14870.644284   1702.116440   -485.574564  5  4  4  48       
PG03  -4042.752026 -18170.269559 -19056.529317   -236.307367  7  5  4  68       
PG04    109.179417 -26408.756504   2666.288265   -113.370080  5  8  5  43       
PG05 -15753.683497   7212.799830  20040.661004    -16.435064  7  4  7  92       
PG06 -24017.285790   4764.252344 -10292.816166   -301.520444  7  4  3  56       
PG07 -12304.133681 -10757.945386  21329.121426   -324.687181  3  5  4  42       
PG08   6729.885968 -23975.257777   8869.812439    -40.588414  4  4  5           
PG09  -8625.791263 -21500.803791  12927.705841   -251.698289  3  4  5  55       
PG10  23782.961328  11046.535140  -4881.032428   -396.467188  7  6  5  72       
PG11  10193.775038 -23795.397911  -7152.937696   -224.289166  5  3  1  77       
PG12   2698.046942  18246.199860 -19403.094131     95.154314  7  3  2  48       
PG13 -13034.318077  18128.970363  14188.682260     25.762651  5  5  3  60       
PG14  15283.274166  -3522.898704 -21056.814999      0.508246  6  5  2  76       
PG15  -4185.771658  24768.922431   7697.624729   -218.318828  6  5  3  35       
PG16  14056.758860  -7207.205725  21210.257821   -181.332054  6  5  8  67       
PG17 -13689.248478  -6390.755083 -21430.752357    294.213802  6  6  6  68       
PG18  11831.462332  10623.972109  21266.639248    243.399587  7  5  8  76       
PG19 -15167.654111   2207.849159 -21987.787607   -133.539073  6  6  7  70       
PG20  20680.821260  15264.874529   7067.454055    527.311634  7  6  5  72       
PG21  22553.514969  -1758.812120  14455.599136     22.320561  4  4  5  55       
PG22   3734.107057 -15619.881401 -20963.462337   -772.790214  4  3  3  72       
PG24  -7654.660483  19080.046661 -16813.124732    -15.501564  3  3  4  68       
PG25  13341.257282  19214.137046 -13062.199215     22.077486  4  5  7  78       
PG26  22664.874781   1700.879078  13890.063792    241.324121  7  2  6  56       
PG27  12232.371984 -15814.335995  17165.550200   -343.018052  4  1  4  57       
PG28 -22512.576001 -12254.086418  -6073.198408    700.630310  6  4  3  72       
PG29   3742.854231  24395.902626   9720.286997   -147.786310  7  6  3  69       
PG30 -20933.177905  -3137.324621  16221.364563   -259.755469  3  3  2  59       
PG31  24822.293728  -5433.243426  -8532.273634    -54.869828  7  3  4  59       
PG32  14901.028686   4900.676029 -21364.143936    315.133652  4  4  4  60       
*  2020  7 11 10 30  0.00000000
PG01   8380.782973 -18447.911050 -17220.928698     24.126350  5  2  4  61       
PG02 -22063.050563  14630.509119  -1154.328750   -485.579759  6  4  4  43       
PG03  -2070.075024 -17117.820171 -20301.721533   -236.317900  7  5  3  50       
PG04    375.612229 -26538.501525   -184.841262   -113.374229  5  8  4           
PG05 -17670.455588   6032.837501  18820.875631    -16.435745  7  4  6  99       
PG06 -22949.508265   3967.213783 -12756.011886   -301.525124  8  4  3  25       
PG07 -10214.868000 -11931.833157  21765.885142   -324.695119  3  5  4  61       
PG08   6958.977340 -22810.133917  11426.187089    -40.590240  4  3  5  77       
PG09  -8397.679929 -22854.102674  10544.437516   -251.704153  3  4  5  69       
PG10  24020.662539  11440.027092  -2064.591843   -396.476870  8  6  5  65       
PG11  10818.988233 -24115.149436  -4520.895539   -224.279666  4  3  1  63       
PG12    814.144721  17039.907995 -20632.895643     95.149855  7  3  3  66       
PG13 -12969.011185  16358.634100  16243.564136     25.765594  5  4  4  79       
PG14  15103.223660  -1018.565158 -21462.863921      0.511012  6  5  1  36       
PG15  -4637.249350  23725.636800  10240.829843   -218.316260  6  4  3  61       
PG16  15983.404388  -5763.485065  20315.913895   -181.336151  7  4  8  62       
PG17 -13469.439184  -8874.363060 -20690.974392    294.218847  7  6  6  69       
PG18   9677.469814  11814.392346  21720.089145    243.408220  5  4  8  96       
PG19 -14909.851874   -240.744096 -22279.431047   -133.534700  7  6  7  80       
PG20  19681.678735  15156.162716   9634.916212    527.311472  7  5  5  72       
PG21  21270.540629   -685.505525  16482.164281     22.325221  5  3  5  72       
PG22   5967.108402 -14576.793625 -21181.489964   -772.787732  3  3  2  62       
PG24  -9294.695639  19865.035398 -14916.903408    -15.501238  4  3  4  71       
PG25  11904.286448  18553.743661 -15239.475253     22.081220  3  5  7  70       
PG26  23839.855379   2596.263240  11623.844318    241.330428  8  1  6  64       
PG27  12352.423652 -13720.173995  18818.457056   -343.026718  4  1  3  65       
PG28 -22869.183435 -12786.109146  -3242.267209    700.626857  6  3  3  69       
PG29   3492.862995  25341.628156   7031.479238   -147.794010  7  6  3  41       
PG30 -19293.374430  -4196.213004  17911.516474   -259.762516  3  3  2  38       
PG31  23943.778547  -4736.141098 -11052.491311    -54.871933  7  3  4  50       
PG32  14839.288970   7325.284290 -20719.323867    315.139329  3  4  4  52       
*  2020  7 11 10 45  0.00000000
PG01   9996.849738 -19312.709548 -15243.124406     24.130412  5  2  4  52       
PG02 -21932.974892  14198.387302  -3990.702784   -485.585072  6  4  4  35       
PG03     64.032844 -16116.517080 -21200.534256   -236.328472  7  5  3  49       
PG04    640.439717 -26359.052642  -3032.782604   -113.378357  5  8  4  53       
PG05 -19501.225213   5020.606592  17275.435658    -16.436560  7  5  6 102       
PG06 -21702.898800   2966.733218 -14999.527661   -301.529829  8  3  4  56       
PG07  -8161.540390 -13230.123433  21839.746661   -324.702837  3  4  4  59       
PG08   7267.073423 -21380.201023  13783.325031    -40.591657  4  3  5  70       
PG09  -8220.686938 -23937.342064   7979.138083   -251.710037  3  3  5  35       
PG10  23994.827411  11674.438017    786.897117   -396.486507  8  5  5  45       
PG11  11282.515526 -24206.340533  -1813.268130   -224.270023  4  4  1  74       
PG12  -1235.546581  15878.783997 -21515.997902     95.145537  7  3  3  81       
PG13 -12980.335378  14369.775056  18015.443692     25.768675  5  3  4  96       
PG14  15050.174471   1514.864938 -21487.014813      0.513400  6  5  2  77       
PG15  -5179.888908  22426.507295  12601.554745   -218.314014  6  3  3  71       
PG16  17879.324390  -4495.613218  19068.973728   -181.340420  7  3  8  75       
PG17 -13386.672363 -11257.435203 -19581.816430    294.223954  7  6  6  67       
PG18   7563.101030  13132.444326  21799.456988    243.416926  4  4  7  78       
PG19 -14789.707848  -2711.185118 -22198.280871   -133.530172  7  6  7  77       
PG20  18414.038998  15002.917741  12038.100887    527.311702  7  5  6  43       
PG21  19880.125072    571.959357  18236.253572     22.329025  5  2  5  47       
PG22   8251.332263 -13637.479201 -21028.227191   -772.785284  2  4  2  32       
PG24 -10714.450008  20592.904059 -12762.944944    -15.502402  5  2  4  35       
PG25  10230.258026  17866.408489 -17161.427761     22.084970  2  5  6  67       
PG26  24816.933919   3317.095091   9159.563294    241.336599  8  2  6  70       
PG27  12593.700853 -11467.033107  20140.211194   -343.035404  4  1  2  78       
PG28 -22979.677416 -13118.128122   -354.458724    700.623693  6  3  3  21       
PG29   3302.083123  25987.162515   4221.235436   -147.801652  7  5  3  76       
PG30 -17558.068438  -5423.465080  19296.816814   -259.769480  3  3  2  62       
PG31  22870.296951  -3851.630469 -13387.392820    -54.874103  7  4  4  54       
PG32  14896.950627   9654.873405 -19716.244831    315.144937  3  4  4  72       
*  2020  7 11 11  0  0.00000000
PG01  11373.395745 -20124.391571 -13002.924970     24.134508  5  2  4  72       
PG02 -21584.865177  13547.675496  -6757.314793   -485.590076  7  4  5  61       
PG03   2323.501490 -15197.864328 -21737.445878   -236.338985  7  4  2  80       
PG04    940.574261 -25874.896760  -5828.409645   -113.382541  5  8  4  46       
PG05 -21200.925493   4175.216993  15431.752515    -16.437171  7  5  6  98       
PG06 -20320.593208   1755.051297 -16984.556692   -301.534449  8  2  4  73       
PG07  -6183.831675 -14628.546733  21548.080259   -324.710796  4  3  4  54       
PG08   7683.025291 -19717.057479  15900.450139    -40.593164  3  3  5  62       
PG09  -8060.470162 -24732.183569   5276.153212   -251.715920  4  3  5  56       
PG10  23687.502937  11782.835141   3625.055838   -396.496142  8  5  6  82       
PG11  11609.144689 -24046.093314    924.807168   -224.260470  4  4     42       
PG12  -3417.178599  14796.865659 -22037.466398     95.141379  8  3  3  88       
PG13 -13094.330009  12200.259592  19473.385589     25.771597  5  3  4  65       
PG14  15125.720721   4026.404527 -21129.411665      0.516033  6  5  2  66       
PG15  -5837.831155  20902.089886  14737.406164   -218.311691  5  3  3  68       
PG16  19697.337763  -3413.370251  17492.527076   -181.344651  8  2  8  77       
PG17 -13426.194912 -13491.056304 -18123.885201    294.229188  7  5  6  57       
PG18   5530.813846  14553.015248  21503.283282    243.425607  4  4  6  75       
PG19 -14808.433083  -5154.547299 -21745.782855   -133.525634  8  6  7  64       
PG20  16890.062780  14841.150598  14235.683660    527.311264  7  4  6  86       
PG21  18425.647467   2009.513841  19691.057244     22.333070  4     5  68       
PG22  10541.675526 -12817.895096 -20505.969368   -772.782909  2  4  2  49       
PG24 -11904.926398  21223.290538 -10387.632266    -15.503015  5  2  4  66       
PG25   8339.120268  17190.681591 -18795.976007     22.088701  3  4  6  94       
PG26  25562.465045   3882.470535   6539.397113    241.342789  8  4  6  68       
PG27  12971.154241  -9102.169874  21108.145668   -343.044056  4  2  1  65       
PG28 -22821.160976 -13281.209295   2539.577130    700.619920  6  3  3  66       
PG29   3132.671863  26319.020768   1338.119646   -147.809584  7  4  3  76       
PG30 -15770.732196  -6813.029751  20353.286049   -259.776466  3  2  2  87       
PG31  21640.071231  -2767.537794 -15497.469581    -54.876379  6  4  4  61       
PG32  15058.217590  11844.727520 -18372.755217    315.150599  3  4  3  66       
*  2020  7 11 11 15  0.00000000
PG01  12501.707655 -20839.022855 -10538.009209     24.138571  4  2  3  75       
PG02 -21050.533925  12658.620705  -9404.968749   -485.595124  7  4  5  62       
PG03   4666.877897 -14387.193831 -21903.047629   -236.349504  7  4  2  72       
PG04   1311.307105 -25099.240276  -8523.491669   -113.386739  6  8  4  70       
PG05 -22726.987369   3487.783703  13322.266157    -16.438003  8  5  5 110       
PG06 -18847.978397    332.987948 -18676.704831   -301.539117  8     3  67       
PG07  -4317.071034 -16096.361070  20894.211901   -324.718504  3  3  3  70       
PG08   8229.733805 -17858.762622  17741.127464    -40.594404  3  3  4  83       
PG09  -7880.617780 -25228.717021   2482.168230   -251.721828  4  3  5  52       
PG10  23088.764688  11801.670844   6401.824070   -396.505788  9  4  6  76       
PG11  11827.805073 -23618.042912   3647.198654   -224.250936  3  4  1  36       
PG12  -5691.122716  13822.278739 -22188.289693     95.137027  8  4  4  85       
PG13 -13330.399740   9893.376474  20591.985937     25.774825  5  2  4  57       
PG14  15323.221587   6465.867588 -20397.177583      0.518569  6  5  3  67       
PG15  -6629.267366  19189.093196  16610.052311   -218.309385  5  3  3  69       
PG16  21390.860775  -2517.784266  15615.153498   -181.349087  8  2  7  72       
PG17 -13565.624944 -15531.106946 -16344.083824    294.234469  6  5  6  86       
PG18   3618.287364  16044.389697  20836.583600    243.434290  5  4  6  75       
PG19 -14959.004863  -7522.601014 -20929.418565   -133.521257  8  6  7  79       
PG20  15129.834159  14704.837495  16189.685002    527.311063  7  2  6  82       
PG21  16949.637742   3615.555384  20824.794902     22.337169  4     5  76       
PG22  12791.327623 -12126.477121 -19623.619376   -772.780383  3  4  2  62       
PG24 -12865.242982  21716.410069  -7831.505213    -15.503298  5  2  4  65       
PG25   6258.282582  16561.714427 -20115.734696     22.092421  4  5  5  86       
PG26  26048.612541   4317.520176   3808.050118    241.348939  8  5  6  55       
PG27  13491.625034  -6675.677914  21706.005955   -343.052701  4  2     74       
PG28 -22378.706087 -13311.208793   5389.793533    700.616588  6  4  4  85       
PG29   2945.340307  26332.894797  -1568.087507   -147.817424  7  4  3  71       
PG30 -13974.218714  -8351.036350  21062.436564   -259.783442  3  2  2  68       
PG31  20294.285738  -1479.438795 -17346.761145    -54.878492  6  4  5  77       
PG32  15300.383116  13854.601485 -16712.536160    315.156169  3  4  3  90       
*  2020  7 11 11 30  0.00000000
PG01  13381.875056 -21413.278736  -7890.270608     24.142660  4  2  3  63       
PG02 -20366.577180  11519.408188 -11885.910245   -485.600418  7  4  6  88       
PG03   7048.710262 -13702.730540 -21694.216431   -236.360041  6  4  2  61       
PG04   1784.737143 -24053.521650 -11071.532525   -113.390947  6  8  5  88       
PG05 -24040.876165   2941.986433  10983.839119    -16.438893  8  5  5 115       
PG06 -17330.970136  -1289.879864 -20046.597769   -301.543783  8  1  4  90       
PG07  -2591.043262 -17597.350050  19887.471622   -324.726119  3  3  3  64       
PG08   8923.101442 -15848.441935  19273.889153    -40.595233  3  3  4  93       
PG09  -7644.245687 -25425.747230   -354.607642   -251.727628  5  3  5  68       
PG10  22197.171080  11769.226780   9070.235196   -396.515455  9  4  6  76       
PG11  11970.340591 -22913.118340   6307.502050   -224.241204  2  5  2  76       
PG12  -8013.262935  12976.230520 -21965.536134     95.132443  8  4  4  94       
PG13 -13700.447765   7496.314233  21351.830542     25.777838  4  2  4  38       
PG14  15628.118967   8785.669788 -19304.221657      0.521105  6  4  3  83       
PG15  -7565.493387  17328.999041  18185.995799   -218.306827  4  4  3  62       
PG16  22915.599380  -1801.345365  13470.333930   -181.353318  9  2  7  68       
PG17 -13775.991002 -17339.821194 -14275.018532    294.239702  6  4  6  79       
PG18   1857.137771  17569.373951  19810.768064    243.443001  6  4  6  77       
PG19 -15226.450303  -9769.420253 -19762.596952   -133.516396  8  5  7  89       
PG20  13160.782769  14624.488492  17866.133815    527.310749  7     6  77       
PG21  15492.318084   5371.287262  21620.885532     22.341869  4     4  88       
PG22  14953.440457 -11563.897246 -18396.541100   -772.777825  4  5  2  70       
PG24 -13602.527897  22034.687901  -5138.589569    -15.503696  5  2  4  44       
PG25   4021.781788  16009.910591 -21098.435482     22.096171  5  4  4  91       
PG26  26254.393685   4652.243155   1012.011345    241.355078  8  6  5  51       
PG27  14153.512669  -4238.678153  21924.199197   -343.061313  5  2  2  84       
PG28 -21645.916677 -13247.135295   8147.613219    700.613579  6  4  4  52       
PG29   2701.076548  26033.775185  -4447.258142   -147.825328  6  4  4  72       
PG30 -12209.232115 -10016.133231  21411.610387   -259.790403  3  1  2  66       
PG31  18875.575722      8.951822 -18903.448499    -54.880708  5  4  5  68       
PG32  15594.801951  15650.074167 -14764.656265    315.161807  3  4  3  86       
*  2020  7 11 11 45  0.00000000
PG01  14022.662890 -21806.209982  -5105.136045     24.146757  3  2  3  74       
PG02 -19572.893198  10126.955679 -14154.794751   -485.605877  7  4  6  86       
PG03   9421.090644 -13154.938461 -21114.186876   -236.370510  6  3  3  78       
PG04   2388.325554 -22766.616927 -13428.579392   -113.395199  6  8  5  91       
PG05 -25109.472825   2514.917366   8457.085026    -16.439946  8  4  4 109       
PG06 -15814.279809  -3095.382729 -21070.403143   -301.548440  8  3  4  95       
PG07  -1028.989326 -19091.049435  18543.159841   -324.734272  3  2  3  56       
PG08   9771.274141 -13732.711208  20472.760064    -40.596641  3  3  3  82       
PG09  -7315.615784 -25330.754017  -3185.280576   -251.733514  6  3  4  42       
PG10  21019.911314  11724.000213  11585.170199   -396.525085  8  4  6  52       
PG11  12070.154599 -21930.077240   8859.801781   -224.232090  2  5  2  79       
PG12 -10336.461047  12272.266522 -21372.425837     95.127998  8  4  4  92       
PG13 -14208.319396   5058.490839  21739.839595     25.780966  4  1  3  68       
PG14  16018.592243  10942.509698 -17870.905527      0.523626  6  4  3  64       
PG15  -8650.258897  15366.492459  19437.240940   -218.304711  4  5  3  64       
PG16  24231.140805  -1248.549276  11095.798123   -181.357551  9  3  6  81       
PG17 -14023.044030 -18887.072134 -11954.296795    294.244775  6  4  6  84       
PG18    271.874377  19086.645371  18443.449765    243.451668  7  3  6  74       
PG19 -15588.431000 -11852.910432 -18264.465949   -133.512174  8  5  7  82       
PG20  11016.829106  14625.850545  19235.674285    527.311010  7     6  71       
PG21  14090.262568   7251.300916  22068.052243     22.345515  4     4  75       
PG22  16982.810248 -11123.146701 -16846.283120   -772.775512  5  5  3  47       
PG24 -14131.497143  22144.337017  -2355.639762    -15.504069  6  2  4  44       
PG25   1669.209180  15559.760271 -21727.279895     22.099932  5  4  3  86       
PG26  26166.475918   4920.162162  -1801.211153    241.361216  8  6  4  52       
PG27  14946.796152  -1841.487045  21759.908594   -343.069946  5  2  2  72       
PG28 -20625.160213 -13129.438117  10766.720549    700.610328  6  4  4  61       
PG29   2362.856876  25435.724283  -7249.788991   -147.832936  6  5  4  35       
PG30 -10512.883227 -11780.119588  21394.226843   -259.797367  4     1  36       
PG31  17426.464244   1685.689323 -20140.398590    -54.883116  5  4  5  70       
PG32  15908.099561  17203.674873 -12563.038084    315.167500  3  4  2  51       
*  2020  7 11 12  0  0.00000000
PG01  14441.042604 -21980.950518  -2230.796775     24.150885  2  3  3  58       
PG02 -18711.042069   8487.366305 -16169.651411   -485.610823  7  4  6  83       
PG03  11735.299583 -12746.173185 -20172.519904   -236.380993  6  3  4  72       
PG04   3143.633585 -21273.769106 -15553.986576   -113.399372  7  7  5  73       
PG05 -25906.249101   2178.180053   5785.645414    -16.441001  9  3  3 111       
PG06 -14339.737575  -5057.261261 -21730.257540   -301.553161  7  3  4  91       
PG07    353.159133 -20534.164489  16882.420256   -324.742104  4  2  4  85       
PG08  10774.201232 -11559.983687  21317.675407    -40.597412  3  3  3  84       
PG09  -6861.711268 -24959.528358  -5961.119753   -251.739246  6  3  4  73       
PG10  19572.642293  11703.092048  13904.080864   -396.534731  8  4  6  79       
PG11  12160.773942 -20675.765819  11259.462252   -224.222312  3  5  3  83       
PG12 -12612.143843  11715.818090 -20418.315460     95.123575  7  4  5  90       
PG13 -14849.578457   2629.802519  21749.492256     25.783904  5  2  2  71       
PG14  16466.517394  12898.861743 -16123.582487      0.526384  6  4  3  46       
PG15  -9879.441647  13347.770108  20341.837107   -218.302509  4  5  4  83       
PG16  25302.386886   -836.741130   8532.823774   -181.362100  9  4  5  59       
PG17 -14268.780442 -20151.336418  -9423.739353    294.250166  6  4  5  69       
PG18  -1120.864158  20552.275189  16758.145017    243.460313  7  2  6  57       
PG19 -16016.109514 -13736.204642 -16459.644633   -133.507723  7  5  6  75       
PG20   8737.281870  14728.796454  20274.104304    527.310673  7     5  77       
PG21  12775.211844   9224.375891  22160.369670     22.349613  5  2  3  73       
PG22  18837.502090 -10789.941590 -15000.178078   -772.773251  6  5  3  65       
PG24 -14473.727726  22016.814528    468.692248    -15.504574  6  3  3  36       
PG25   -755.565543  15228.899715 -21991.219674     22.103716  5  4  3  86       
PG26  25779.697539   5156.850738  -4583.867456    241.367331  8  7  3  71       
PG27  15853.403980    468.162916  21217.074924   -343.078560  6  2  3  82       
PG28 -19327.471675 -12998.290283  13203.770365    700.606709  5  5  4  92       
PG29   1897.277450  24561.310508  -9927.460055   -147.840854  6  6  4  65       
PG30  -8917.385032 -13608.850004  21009.934010   -259.804342  4  1  2  73       
PG31  15987.802513   3530.814413 -21035.651255    -54.885672  4  4  5  73       
PG32  16203.569283  18495.742108 -10145.847642    315.173132  3  4  2  61       
*  2020  7 11 12 15  0.00000000
PG01  14661.394604 -21906.295904    682.636517     24.154988  2  2  3  73       
PG02 -17822.513668   6616.006175 -17892.813094   -485.616027  7  4  6  85       
PG03  13943.491852 -12470.655349 -18884.967110   -236.391490  5  3  4  84       
PG04   4065.293555 -19615.283100 -17411.120647   -113.403576  7  7  5  98       
PG05 -26412.194804   1899.193604   3015.428781    -16.441740  9  3  3 111       
PG06 -12944.737404  -7141.988703 -22014.590022   -301.557874  7  4  5 109       
PG07   1547.277086 -21882.131815  14932.012610   -324.750047  4  2  3  57       
PG08  11923.528122  -9378.727800  21794.785540    -40.598207  4  3  2  90       
PG09  -6253.707056 -24335.500073  -8634.398181   -251.745194  7  3  4  95       
PG10  17879.020626  11740.655670  15987.673171   -396.544384  8  5  6  81       
PG11  12274.385255 -19165.083891  13463.936669   -224.212491  4  5  4  89       
PG12 -14791.957391  11304.059115 -19118.593548     95.119290  7  4  4  96       
PG13 -15611.625080    258.861621  21380.927443     25.786888  5  2  1  70       
PG14  16938.684814  14624.222164 -14094.025254      0.528558  6  3  3  60       
PG15 -11241.060942  11318.801513  20884.284415   -218.299972  5  6  3  79       
PG16  26100.779699   -537.219876   5825.502168   -181.366582  9  4  4  69       
PG17 -14473.107055 -21120.304947  -6728.529861    294.255445  6  3  5  47       
PG18  -2312.764214  21921.366055  14783.870251    243.468952  7     6  70       
PG19 -16475.269171 -15388.879341 -14377.876650   -133.503063  7  4  6  45       
PG20   6365.526221  14946.444973  20962.834125    527.310730  6  1  5  98       
PG21  11573.073987  11254.467981  21897.260715     22.354041  5  3  3  71       
PG22  20480.350265 -10543.433602 -12890.826666   -772.770849  6  4  4  66       
PG24 -14656.651490  21630.093494   3284.746077    -15.505455  6  3  3  70       
PG25  -3205.830568  15027.429877 -21885.160451     22.107529  4  4  4  96       
PG26  25097.294085   5398.388171  -7288.743592    241.373486  7  7  3  38       
PG27  16847.912936   2646.779995  20306.250499   -343.087176  6  2  4  83       
PG28 -17772.145778 -12891.931440  15419.008916    700.603248  5  4  4  70       
PG29   1276.042376  23440.727104 -12434.264825   -147.848611  6  5  4  84       
PG30  -7448.938129 -15463.380728  20264.658925   -259.811310  3  2  2  67       
PG31  14597.270181   5516.872926 -21572.839347    -54.887526  4  4  6  78       
PG32  16442.701705  19514.984704  -7554.819201    315.178803  3  4  1  72       
*  2020  7 11 12 30  0.00000000
PG01  14714.408995 -21558.084389   3584.039406     24.159084  3  2  4  46       
PG02 -16946.979563   4537.189370 -19291.781424   -485.621044  7  4  6  75       
PG03  16000.360422 -12314.767512 -17273.231009   -236.402066  5  3  4  77       
PG04   5160.253874 -17835.037109 -18967.994424   -113.407801  7  7  5  49       
PG05 -26616.465283   1642.649584    193.825477    -16.442723  9  3  3 116       
PG06 -11660.864857  -9309.883178 -21918.335587   -301.562559  6  4  5  89       
PG07   2553.249120 -23090.771516  12723.979917   -324.757817  4  2  3  62       
PG08  13202.822852  -7235.743695  21896.645717    -40.598902  4  3  2  87       
PG09  -5468.277885 -23488.784401 -11159.211949   -251.751109  7  3  4  54       
PG10  15969.946385  11866.463431  17800.542283   -396.553992  7  5  6  86       
PG11  12440.400822 -17420.645312  15433.577966   -224.203136  5  5  4  90       
PG12 -16829.430208  11026.079851 -17494.484674     95.114587  6  4  5  70       
PG13 -16474.149223  -2008.706479  20640.919964     25.790010  6  3     86       
PG14  17398.220045  16096.061811 -11818.760841      0.531018  5  3  2  23       
PG15 -12715.628369   9323.619271  21055.792931   -218.297635  5  6  1  79       
PG16  26605.279413   -316.555961   3019.983952   -181.370847  9  5  2  61       
PG17 -14595.574873 -21791.123620  -3916.325937    294.260720  6  3  5  66       
PG18  -3303.965039  23149.741012  12554.642272    243.477583  7     6  75       
PG19 -16927.649891 -16787.945664 -12053.605947   -133.498304  7  4  6  81       
PG20   3947.550596  15284.549252  21289.254692    527.310640  6  2  5  97       
PG21  10503.136861  13301.852742  21283.447801     22.358219  6  3  3  75       
PG22  21880.272776 -10357.195107 -10555.478325   -772.768595  6  4  4  66       
PG24 -14712.308094  20969.693183   6042.781222    -15.505660  6  3  3  66       
PG25  -5633.579904  14957.520313 -21410.084650     22.111315  4  4  5  93       
PG26  24130.822523   5679.799630  -9869.929449    241.379618  6  6  3  72       
PG27  17898.542804   4656.583793  19044.333718   -343.095767  6  2  4  79       
PG28 -15986.043519 -12845.129013  17376.805668    700.599934  5  4  4  69       
PG29    477.250114  22110.630746 -14727.197648   -147.856429  6  5  3  76       
PG30  -6126.850051 -17301.317037  19170.552721   -259.818242  3  2  2  78       
PG31  13287.991489   7609.726714 -21741.532506    -54.889874  4  4  6  79       
PG32  16586.786205  20258.727056  -4834.528011    315.184420  3  4  1  19       
*  2020  7 11 12 45  0.00000000
PG01  14635.725582 -20920.318778   6422.221819     24.163195  4  3  4  90       
PG02 -16120.609084   2283.472229 -20339.995255   -485.626107  6  4  6  84       
PG03  17864.715840 -12257.664777 -15364.623202   -236.412530  4  4  4  82       
PG04   6427.328118 -15978.868323 -20197.818715   -113.412000  7  7  6  67       
PG05 -26516.728304   1372.064384  -2631.088500    -16.443542  9  3  3 113       
PG06 -10512.761493 -11516.467604 -21443.033983   -301.567272  6  5  5  90       
PG07   3378.861995 -24117.969163  10295.206698   -324.765779  4  2  3  56       
PG08  14588.124426  -5174.524716  21622.291053    -40.600468  5  4  3  71       
PG09  -4488.693255 -22454.985527 -13492.263901   -251.756999  8  4  4  60       
PG10  13882.545248  12104.643559  19311.750951   -396.563661  7  5  6  79       
PG11  12684.113496 -15472.135897  17132.433647   -224.193365  5  4  5  91       
PG12 -18681.585763  10863.374976 -15572.761293     95.110046  5  4  5  71       
PG13 -17409.900493  -4131.840402  19542.733986     25.793016  6  3     65       
PG14  17806.144540  17300.453727  -9338.332293      0.533732  5  3  2  83       
PG15 -14276.817935   7402.711880  20854.392020   -218.295095  6  6  1  90       
PG16  26803.064443   -138.069098    163.717124   -181.375399  9  5  2  71       
PG17 -14597.108544 -22170.264629  -1036.354358    294.265997  5  2  5  62       
PG18  -4102.855578  24195.618406  10108.890391    243.486238  6  1  6  73       
PG19 -17332.454869 -17918.579160  -9525.476481   -133.494116  7  4  6  56       
PG20   1530.366843  15741.180882  21247.006121    527.310600  5  3  4  82       
PG21   9577.511680  15324.388945  20328.862076     22.362287  6  4  2  65       
PG22  23013.346898 -10200.436039  -8035.323469   -772.766444  6  4  4  59       
PG24 -14675.907270  20029.420123   8693.923352    -15.507175  6  3  2  51       
PG25  -7991.119992  15013.315258 -20573.089469     22.115094  4  4  5  81       
PG26  22899.786161   6033.539523 -12283.566392    241.385700  6  6  3  80       
PG27  18968.402826   6466.735362  17454.194627   -343.104371  6  3  4  79       
PG28 -14002.647273 -12887.808097  19046.097596    700.596785  5  4  4  73       
PG29   -513.571622  20612.746016 -16766.984971   -147.864063  6  5  2  92       
PG30  -4962.924016 -19078.312675  17745.828400   -259.825143  3  2  3  64       
PG31  12087.320624   9769.631872 -21537.494977    -54.891987  4  4  6  82       
PG32  16598.522685  20732.832366  -2031.624102    315.190055  3  4  2  70       
*  2020  7 11 13  0  0.00000000
PG01  14464.366790 -19985.976913   9146.897475     24.167334  5  3  4  68       
PG02 -15374.529801   -105.420679 -21017.472777   -485.631431  6  4  6  92       
PG03  19500.920680 -12272.177380 -13191.624030   -236.422967  3  4  3  89       
PG04   7857.066178 -14092.895590 -21079.462370   -113.416223  7  6  6  78       
PG05 -26119.200813   1051.367428  -5411.346453    -16.444294  9  4  4 110       
PG06  -9517.270527 -13714.025226 -20596.811399   -301.571951  6  5  5  85       
PG07   4039.382034 -24925.322465   7686.867518   -324.773513  4  3  2  73       
PG08  16048.788508  -3233.765306  20977.199152    -40.601471  5  4  3  70       
PG09  -3305.656942 -21273.804222 -15593.598602   -251.762917  7  4  5  50       
PG10  11658.924824  12472.634419  20495.343490   -396.573339  6  5  6  79       
PG11  13025.499751 -13355.383781  18529.003937   -224.184163  5  4  5  85       
PG12 -20310.445110  10790.631842 -13385.363129     95.105558  5  4  5  78       
PG13 -18385.741980  -6075.432377  18105.858432     25.796120  7  3  1  66       
PG14  18123.009806  18232.358330  -6696.507476      0.536133  5  3     63       
PG15 -15892.423212   5591.586632  20284.891523   -218.292848  6  6  2  81       
PG16  26689.934552     36.590630  -2695.312202   -181.379654  9  5  3  60       
PG17 -14441.661611 -22273.044196   1861.488735    294.270783  5  2  5  68       
PG18  -4725.548811  25021.207549   7488.790621    243.494879  5  4  5  75       
PG19 -17647.976054 -18774.558776  -6835.758472   -133.489483  6  4  6  78       
PG20   -839.616319  16306.725645  20836.138251    527.310537  5  3  4  76       
PG21   8800.821823  17278.864446  19048.512263     22.366626  6  4  3  52       
PG22  23863.603150 -10039.400243  -5374.714193   -772.764019  6  3  4  67       
PG24 -14584.260155  18811.784333  11191.105703    -15.507344  6  3  2  48       
PG25 -10232.679015  15181.148966 -19387.335945     22.118942  5  5  6  84       
PG26  21430.973651   6488.074527 -14488.564466    241.391807  5  6  4  85       
PG27  20016.936789   8054.283761  15564.203607   -343.112999  6  3  4  82       
PG28 -11860.904903 -13043.891872  20400.749521    700.593538  5  4  4  52       
PG29  -1702.722312  18992.290439 -18518.748498   -147.871980  6  5  2  77       
PG30  -3961.142959 -20749.665513  16014.490722   -259.832117  3  2  4  55       
PG31  11015.845076  11952.549843 -20962.848136    -54.894384  5  4  6  82       
PG32  16443.581863  20951.309899    805.959800    315.195679  3  4  2  68       
*  2020  7 11 13 15  0.00000000
PG01  14241.027767 -18757.471280  11709.651632     24.171468  6  4  4  67       
PG02 -14733.507796  -2583.996353 -21311.301152   -485.636602  6  4  6  97       
PG03  20880.123554 -12325.972035 -10791.349163   -236.433568  3  5  2  91       
PG04   9431.952873 -12221.843950 -21597.812883   -113.420365  7  6  6  86       
PG05 -25438.377400    646.465352  -8099.873150    -16.444641  9  4  4 108       
PG06  -8682.897358 -15853.290820 -19394.244748   -301.576662  6  5  5  92       
PG07   4556.825363 -25479.685318   4943.768535   -324.781549  3  3  2  60       
PG08  17548.595083  -1446.069963  19973.144735    -40.602465  5  4  3  82       
PG09  -1917.858882 -19987.503965 -17427.276624   -251.768769  7  4  4  86       
PG10   9344.748984  12980.395751  21330.787821   -396.583005  5  5  6  82       
PG11  13478.226768 -11111.170608  19596.940989   -224.174325  6  4  5  71       
PG12 -21684.362868  10776.793747 -10968.925268     95.100911  5  4  5  85       
PG13 -19363.944519  -7811.477298  16355.631376     25.799217  7  3  2  94       
PG14  18310.537624  18895.563775  -3939.454657      0.538837  5  2     55       
PG15 -17525.556673   3919.560561  19358.701334   -218.290624  7  6  2  85       
PG16  26270.408096    245.816711  -5509.327181   -181.383814  8  5  4  87       
PG17 -14097.733761 -22122.816361   4727.514235    294.276524  4  2  5  99       
PG18  -5195.054751  25594.162947   4739.533666    243.503530  6  5  5  75       
PG19 -17833.280865 -19358.395180  -4029.705033   -133.484763  6  4  6  57       
PG20  -3118.203578  16964.194768  20063.156994    527.310343  5  4  4  73       
PG21   8170.145339  19122.385454  17462.313060     22.370879  5  4  3  63       
PG22  24423.507669  -9838.881725  -2620.331952   -772.761682  6  3  3  95       
PG24 -14474.146425  17328.069305  13489.981931    -15.506912  6  4  2  77       
PG25 -12315.961578  15440.066891 -17871.905528     22.122737  5  5  6  85       
PG26  19757.535682   7066.619234 -16447.279269    241.397926  5  5  4  57       
PG27  21001.507257   9404.798299  13407.676390   -343.121638  6  4  4  64       
PG28  -9603.907702 -13330.385216  21419.835280    700.590198  5  4  3  87       
PG29  -3087.904667  17296.281283 -19952.589756   -147.879785  6  5  2  93       
PG30  -3117.663579 -22271.948772  14005.959741   -259.839089  3  2  4  71       
PG31  10086.649196  14111.646985 -20026.129067    -54.896729  5  3  6  64       
PG32  16092.055174  20935.623903   3629.813286    315.201319  2  4  2  67       
*  2020  7 11 13 30  0.00000000
PG01  14006.295768 -17246.733253  14064.882960     24.175587  6  4  4  80       
PG02 -14214.913394  -5102.657816 -21215.953185   -485.641412  5  4  5 100       
PG03  21981.244114 -12382.928348  -8204.930405   -236.444024  4  5  2  81       
PG04  11126.926654 -10407.435642 -21744.031716   -113.424554  7  6  6  95       
PG05 -24496.463285    126.724091 -10651.243598    -16.445151  9  4  5  82       
PG06  -8009.606083 -17885.211994 -17856.110538   -301.581345  6  4  5  81       
PG07   4958.942426 -25754.542695   2113.588766   -324.789369  3  4  2  83       
PG08  19047.073424    163.090812  18627.952126    -40.603944  6  4  4  59       
PG09   -332.218427 -18639.294937 -18961.977501   -251.774614  7  4  5  59       
PG10   6987.680716  13629.907730  21803.338504   -396.592669  4  5  6  77       
PG11  14048.913098  -8783.825091  20315.666130   -224.164350  6  4  5  82       
PG12 -22779.144344  10786.362236  -8364.217694     95.096775  5  4  5  90       
PG13 -20303.668536  -9319.938375  14322.762578     25.802115  7  4  3  89       
PG14  18333.201364  19302.293049  -1114.903463      0.541580  5  2     75       
PG15 -19136.036658   2408.825447  18093.520007   -218.288287  7  6  3  93       
PG16  25557.514880    526.433316  -8231.488138   -181.388159  8  6  5  93       
PG17 -13539.694683 -21749.883804   7513.077654    294.281833  3  2  5 103       
PG18  -5540.185133  25888.840301   1908.539714    243.512192  7  6  5  71       
PG19 -17849.898694 -19681.138895  -1154.844569   -133.480227  6  5  6  67       
PG20  -5264.943684  17689.842773  18940.952319    527.310503  5  4  4  74       
PG21   7675.213908  20813.769104  15594.871393     22.375092  5  4  4  62       
PG22  24694.116571  -9563.796897    179.678539   -772.759353  6  3  3  92       
PG24 -14380.687700  15598.049896  15549.787041    -15.506585  6  4  2  86       
PG25 -14203.591804  15762.638470 -16051.561236     22.126526  6  5  6 103       
PG26  17917.832255   7786.072194 -18126.138903    241.404053  5  5  4  87       
PG27  21879.055758  10512.668743  11022.249184   -343.130314  6  5  4  68       
PG28  -7277.449674 -13756.725088  22087.845117    700.587016  4  3  3  81       
PG29  -4658.136165  15571.789362 -21044.087208   -147.887540  6  6  3  84       
PG30  -2421.123143 -23604.614562  11754.591698   -259.846040  3  2  5  74       
PG31   9304.871498  16198.929313 -18742.237739    -54.898973  4  4  6  80       
PG32  15519.740060  20713.732623   6391.853660    315.206931  3  5  3  67       
*  2020  7 11 13 45  0.00000000
PG01  13798.875344 -15474.914254  16170.695271     24.179729  6  5  4  78       
PG02 -13828.023839  -7609.556920 -20733.417739   -485.646553  5  5  5  88       
PG03  22791.669602 -12404.677701  -5476.819924   -236.454439  4  6  1  74       
PG04  12910.198522  -8686.909360 -21515.700360   -113.428722  7  5  6  91       
PG05 -23322.534809   -533.685393 -13022.408706    -16.446573  9  4  5  52       
PG06  -7488.959787 -19762.712043 -16009.022544   -301.586094  6  4  5  86       
PG07   5277.951784 -25731.153666   -753.967847   -324.797153  3  4  3  77       
PG08  20500.992318   1576.141729  16965.152757    -40.605647  6  4  4  65       
PG09   1436.190116 -17271.697987 -20171.522115   -251.780496  7  5  5  80       
PG10   4635.749208  14414.978830  21904.314037   -396.602306  4  4  5  63       
PG11  14736.683071  -6419.652653  20670.882557   -224.155089  6  4  5  82       
PG12 -23578.898180  10780.892495  -5615.501000     95.092017  5  4  5  85       
PG13 -21162.573624 -10589.298322  12042.765152     25.805079  7  4  3  71       
PG14  18159.688310  19472.501971   1728.691898      0.543868  6  2     63       
PG15 -20681.900846   1073.819214  16512.906373   -218.286236  7  6  4  96       
PG16  24572.295859    912.151790 -10816.594456   -181.392196  7  6  5  87       
PG17 -12748.869160 -21190.175566  10171.365494    294.286826  2  3  5  77       
PG18  -5794.233341  25887.305212   -955.365880    243.520856  8  7  5  78       
PG19 -17663.443779 -19761.870001   1739.783860   -133.475758  5  4  6  53       
PG20  -7244.519282  18454.070221  17488.606193    527.310280  5  5  4  91       
PG21   7298.865158  22314.898599  13475.227320     22.379050  4  4  4  58       
PG22  24684.900017  -9180.747516   2976.589801   -772.757453  6  3  3  82       
PG24 -14335.797945  13649.368395  17334.124275    -15.507121  6  4  3  78       
PG25 -15864.390236  16116.036339 -13956.411557     22.130375  6  6  5  95       
PG26  15954.091810   8656.193148 -19496.211651    241.410096  5  5  3  82       
PG27  22607.774593  11381.068790   8449.197776   -343.138979  5  5  4  61       
PG28  -4928.516994 -14324.412349  22394.824572    700.583628  4  3  3  62       
PG29  -6393.999032  13864.206609 -21774.698627   -147.895299  6  6  4  88       
PG30  -1853.249293 -24711.506389   9299.103449   -259.852990  3  2  5  88       
PG31   8667.578841  18166.951842 -17132.267030    -54.901282  4  4  6  78       
PG32  14709.213000  20318.895408   9045.119598    315.212587  2  5  3  66       
*  2020  7 11 14  0  0.00000000
PG01  13653.896506 -13471.713643  17989.715763     24.183927  6  5  3  74       
PG02 -13573.696816 -10052.548413 -19873.138690   -485.651924  4  5  4  94       
PG03  23307.634231 -12352.244922  -2654.028972   -236.464950  5  6  1  98       
PG04  14744.339700  -7091.724336 -20916.855108   -113.432925  7  5  6  83       
PG05 -21951.459738  -1354.626587 -15173.378959    -16.446753  8  4  5  70       
PG06  -7104.598664 -21442.385546 -13884.964750   -301.590859  6  3  5  70       
PG07   5549.071085 -25399.407289  -3608.093924   -324.804992  4  5  3  93       
PG08  21865.958283   2783.856342  15013.555751    -40.606902  5  4  4  49       
PG09   3364.526707 -15924.950993 -21035.306744   -251.786402  6  5  5  64       
PG10   2335.700193  15321.372667  21631.282340   -396.611990  3  4  5  85       
PG11  15533.042883  -4065.265077  20654.962617   -224.145432  6  4  5  66       
PG12 -24076.587377  10720.626985  -2769.805117     95.087421  5  3  5  75       
PG13 -21898.491656 -11616.777938   9555.308764     25.808092  7  4  3  89       
PG14  17764.189833  19432.903072   4542.972326      0.546495  6  1     74       
PG15 -22120.981678    -79.078395  14645.750453   -218.283601  7  6  4  98       
PG16  23343.029920   1432.149292 -13221.754954   -181.396519  6  6  5  81       
PG17 -11714.349000 -20483.747801  12658.121060    294.292393  2  3  5  90       
PG18  -5993.481989  25580.055197  -3802.801190    243.529474  8  8  6  65       
PG19 -17245.111209 -19626.882997   4604.442871   -133.471048  5  5  6  92       
PG20  -9027.939602  19222.577522  15731.081510    527.310239  6  5  5  68       
PG21   7017.739103  23592.000057  11136.545262     22.382978  4  3  4  68       
PG22  24413.247472  -8659.510604   5721.967692   -772.755219  6  3  3  74       
PG24 -14366.778200  11516.594761  18811.658139    -15.507476  6  4  3  54       
PG25 -17274.434217  16463.346226 -11621.476711     22.134155  6  6  5  87       
PG26  13910.930484   9679.053990 -20533.705435    241.416088  5  4  3  88       
PG27  23148.727297  12021.590740   5732.714171   -343.147661  4  5  3  75       
PG28  -2603.756534 -15026.931225  22336.449711    700.580377  4  3  3  38       
PG29  -8268.218782  12215.593183 -22132.063175   -147.903067  6  6  5  76       
PG30  -1389.750697 -25562.219830   6681.909023   -259.859904  3  3  5  85       
PG31   8163.968529  19970.536711 -15223.212222    -54.903453  4  4  6  74       
PG32  13650.650808  19788.293958  11544.541599    315.218254  2  5  3  74       
*  2020  7 11 14 15  0.00000000
PG01  13601.379758 -11274.360379  19489.818489     24.188064  6  5  3  82       
PG02 -13444.428843 -12381.152928 -18651.765838   -485.656858  3  5  4  86       
PG03  23534.264916 -12187.728275    214.686088   -236.475385  5  6  2  88       
PG04  16587.596192  -5646.498479 -19957.910443   -113.437097  8  5  6  84       
PG05 -20422.617611  -2349.063994 -17067.858072    -16.447694  8  4  5  73       
PG06  -6833.036525 -22886.060489 -11520.728081   -301.595579  5  2  5  68       
PG07   5808.904485 -24758.346759  -6397.853760   -324.812884  4  5  3  88       
PG08  23098.061414   3785.489975  12806.740387    -40.607644  5  5  4  74       
PG09   5422.874658 -14635.518057 -21538.642558   -251.792260  6  5  5  94       
PG10    131.390099  16327.252572  20988.148970   -396.621624  3  3  4  79       
PG11  16422.091725  -1765.881488  20267.191899   -224.135828  6  4  5  70       
PG12 -24274.252442  10566.205533    123.859521     95.083279  5  2  5  91       
PG13 -22471.097497 -12408.217225   6903.507822     25.811124  6  4  3  69       
PG14  17127.474844  19215.759084   7280.463850      0.549107  6  2     77       
PG15 -23412.478993  -1051.522482  12525.661391   -218.281559  7  6  4  87       
PG16  21904.216207   2109.817669 -15407.021854   -181.400729  5  6  5  83       
PG17 -10433.508861 -19673.167366  14932.303132    294.297587  2  4  4 100       
PG18  -6175.597306  24966.426848  -6584.685286    243.538120  9  9  7  80       
PG19 -16572.985439 -19308.592423   7389.545304   -133.466699  4  4  6  92       
PG20 -10593.487062  19957.724942  13698.795920    527.309806  6  6  5  64       
PG21   6803.203040  24616.800628   8615.750383     22.386988  4  3  4  57       
PG22  23903.678551  -7974.395925   8368.525455   -772.752783  5  4  3  84       
PG24 -14495.116228   9240.011401  19956.696826    -15.506663  6  4  3  92       
PG25 -18417.857829  16765.061827  -9086.158773     22.137955  7  6  4  93       
PG26  11833.785234  10848.786326 -21220.390528    241.422172  5  4  2  76       
PG27  23467.358300  12453.571026   2919.153769   -343.156368  4  5  3  92       
PG28   -347.971426 -15849.954538  21914.042608    700.576911  3  3  4  47       
PG29 -10246.549043  10663.166454 -22110.199238   -147.911009  6  6  5  90       
PG30  -1001.454528 -26133.255737   3948.379378   -259.866886  4  3  5  90       
PG31   7775.896196  21568.431508 -13047.559371    -54.905743  4  4  5  71       
PG32  12342.370143  19161.520103  13847.678381    315.223828  2  5  4  71       
*  2020  7 11 14 30  0.00000000
PG01  13664.924841  -8926.291527  20644.734720     24.192161  5  5  3  79       
PG02 -13424.792012 -14548.436957 -17092.729387   -485.662031  3  4  3  86       
PG03  23485.289907 -11875.951035   3079.676079   -236.485752  5  6  3  80       
PG04  18395.379695  -4368.220578 -18655.472796   -113.441283  8  4  6 101       
PG05 -18778.466992  -3522.390478 -18673.819265    -16.448527  8  5  5  72       
PG06  -6644.743518 -24062.165919  -8957.261407   -301.600202  5  2  6  74       
PG07   6093.754812 -23816.331091  -9073.188304   -324.820914  4  5  3  97       
PG08  24155.507652   4588.590628  10382.479740    -40.608263  4  5  5  69       
PG09   7575.203550 -13434.757761 -21672.995847   -251.798113  5  6  5  68       
PG10  -1937.716086  17403.930990  19985.143586   -396.631287  2  2  4  54       
PG11  17381.065173    436.324129  19513.856768   -224.126246  6  5  5  49       
PG12 -24182.892251  10280.384941   3015.346590     95.078782  5  2  5  91       
PG13 -22843.512362 -12977.627442   4133.158797     25.814101  6  4  3  90       
PG14  16237.711527  18857.496320   9895.327705      0.552011  6  2  1  84       
PG15 -24518.467760  -1852.862267  10190.290618   -218.279317  7  5  4  85       
PG16  20295.347611   2961.724797 -17335.983884   -181.405013  5  6  5  79       
PG17  -8912.214341 -18801.839422  16956.673375    294.302504  2  4  4  91       
PG18  -6377.973828  24054.672358  -9253.089373    243.546671  9 10  8  70       
PG19 -15633.105809 -18844.196590  10046.525243   -133.461823  4  4  5  86       
PG20 -11927.378556  20620.044711  11427.087436    527.309797  6  6  4  72       
PG21   6622.482421  25367.528650   5953.104625     22.391564  4  2  4  75       
PG22  23186.795209  -7105.418308  10870.939726   -772.750684  5  3  3  58       
PG24 -14735.541913   6864.175115  20749.651059    -15.507308  6  4  3  79       
PG25 -19287.356010  16980.710299  -6393.619498     22.141801  7  6  3  82       
PG26   9767.318247  12151.638003 -21543.937542    241.428348  5  4  3  68       
PG27  23534.837816  12703.136810     56.265219   -343.165163  4  6  3  80       
PG28   1797.310166 -16771.825343  21134.529910    700.573280  3  4  4  74       
PG29 -12288.928997   9237.988448 -21709.595709   -147.918829  6  6  6  89       
PG30   -655.646070 -26408.918019   1146.038726   -259.873890  4  4  5  78       
PG31   7478.713476  22924.839413 -10642.755392    -54.908053  4  5  5  69       
PG32  10791.065512  18478.986926  15915.409097    315.229582  2  5  4  68       
*  2020  7 11 14 45  0.00000000
PG01  13860.679548  -6475.584519  21434.535588     24.196320  5  5  3  83       
PG02 -13492.222806 -16512.724041 -15225.656895   -485.666903  3  4  3  47       
PG03  23182.420385 -11386.018354   5891.273963   -236.496245  6  6  3  91       
PG04  20121.877541  -3265.765851 -17032.048310   -113.445516  8  4  5 101       
PG05 -17063.011476  -4872.039931 -19964.017423    -16.448680  7  5  5  71       
PG06  -6505.471453 -24946.851864  -6238.949015   -301.604903  3  2  6  84       
PG07   6437.934605 -22590.819820 -11585.923332   -324.828735  4  5  2  91       
PG08  25000.177483   5208.498068   7782.105136    -40.609097  4  6  5  72       
PG09   9780.569690 -12347.800416 -21436.125792   -251.803974  5  6  5  96       
PG10  -3837.886025  18516.899147  18638.701328   -396.640937  2  3  4  82       
PG11  18381.191357   2503.753879  18408.167421   -224.116730  5  5  5  72       
PG12 -23822.001942   9829.699030   5854.259818     95.074213  5  1  4  79       
PG13 -22983.778328 -13346.435060   1291.941167     25.817218  5  4  4  73       
PG14  15091.012600  18397.192574  12344.062332      0.554259  6  2  2  58       
PG15 -25405.283951  -2499.505617   7680.608161   -218.277246  7  6  4  76       
PG16  18559.517326   3996.823784 -18976.314180   -181.409298  4  6  4  99       
PG17  -7164.721615 -17912.339428  18698.310337    294.308511  2  5  3  93       
PG18  -6636.094776  22861.702579 -11762.066269    243.555340  9 10  9  50       
PG19 -14420.241238 -18274.147629  12528.715666   -133.457512  4  5  5  99       
PG20 -13024.113781  21169.844071   8955.581622    527.309465  6  6  4  77       
PG21   6439.968120  25829.718670   3191.717115     22.395356  4  3  4  70       
PG22  22298.020486  -6039.240759  13186.614443   -772.748346  4  3  3  66       
PG24 -15095.377036   4436.318331  21177.360577    -15.507591  6  4  3  95       
PG25 -19884.367692  17070.546840  -3590.072287     22.145781  7  6  2  85       
PG26   7753.851857  13566.339726 -21498.163458    241.434465  4  4  4  89       
PG27  23329.195101  12802.012887  -2807.585767   -343.173877  3  5  3  81       
PG28   3795.149470 -17764.298456  20010.346067    700.569784  3  4  4  42       
PG29 -14350.869614   7963.900673 -20937.195963   -147.926394  5  6  6  89       
PG30   -317.556799 -26381.918003  -1676.287158   -259.880888  4  4  5  74       
PG31   7242.385585  24010.755957  -8050.566298    -54.910445  2  5  5  80       
PG32   9011.736965  17780.322485  17712.571979    315.235237  1  5  4  79       
*  2020  7 11 15  0  0.00000000
PG01  14196.631762  -3973.210867  21845.976755     24.200446  3  5  4  60       
PG02 -13618.119220 -18239.062485 -13085.657413   -485.672482  3  4  3  73       
PG03  22654.428308 -10692.716316   8600.675883   -236.506703  6  6  3  80       
PG04  21721.719869  -2339.732353 -15115.649957   -113.449729  8  4  5  87       
PG05 -15320.219604  -6387.399913 -20916.430972    -16.449417  6  5  5  86       
PG06  -6377.768493 -25524.818170  -3412.828204   -301.609591  2  2  6  91       
PG07   6872.152267 -21107.784083 -13890.752450   -324.836526  5  5  2  83       
PG08  25599.054332   5667.552318   5049.821265    -40.609161  4  6  5  48       
PG09  11994.509096 -11392.676262 -20832.118084   -251.809804  5  6  5  76       
PG10  -5542.248078  19627.101382  16971.237214   -396.650577  3  4  4  56       
PG11  19388.824180   4404.724904  16970.014873   -224.106967  5  5  5  56       
PG12 -23218.780998   9185.990281   8590.863653     95.069789  5  2  5  69       
PG13 -22866.148286 -13542.450120  -1571.403572     25.820454  5  4  4  78       
PG14  13691.689708  17874.996482  14586.151163      0.556655  6  3  2  41       
PG15 -26044.738737  -3014.022028   5040.149048   -218.274603  7  5  4  12       
PG16  16741.905336   5215.937807 -20300.268518   -181.413684  4  6  4  85       
PG17  -5213.278017 -17044.807379  20129.049422    294.313135  2  5  3  98       
PG18  -6981.972698  21412.506804 -14068.443544    243.563965  9 11  9  76       
PG19 -12938.336435 -17640.485579  14792.215072   -133.453046  5  4  4  90       
PG20 -13886.496019  21568.833719   6327.472877    527.309534  6  7  3  67       
PG21   6218.663194  25996.787465    376.984599     22.399278  4  4  4  50       
PG22  21276.176253  -4769.854425  15276.380828   -772.746228  3  3  3  73       
PG24 -15574.204281   2004.657896  21233.283814    -15.507154  5  4  3  46       
PG25 -20218.924761  16997.251840   -723.997603     22.149656  7  6  2  95       
PG26   5831.892796  15064.771384 -21083.179323    241.440660  3  5  5  80       
PG27  22836.201507  12786.135569  -5624.188380   -343.182583  4  5  3  74       
PG28   5614.354375 -18793.518759  18559.281482    700.566625  3  4  4  74       
PG29 -16385.016435   6856.745699 -19806.275319   -147.934383  4  6  6  89       
PG30     48.059543 -26053.659215  -4469.353544   -259.887865  4  5  5  72       
PG31   7032.845842  24805.053806  -5316.333985    -54.912613  2  5  5  38       
PG32   7027.309769  17102.805772  19208.540710    315.240874  2  4  5  80       
*  2020  7 11 15 15  0.00000000
PG01  14672.252657  -1471.186352  21872.699386     24.204580  2  5  4  78       
PG02 -13769.188276 -19700.389925 -10712.501508   -485.677650  3  4  3  66       
PG03  21935.956303  -9777.696008  11160.811164   -236.517190  6  6  3  79       
PG04  23151.640057  -1582.603331 -12939.311012   -113.453855  8  4  5  70       
PG05 -13592.455452  -8050.028622 -21514.627727    -16.450303  6  5  6  69       
PG06  -6222.622533 -25789.820535   -527.761745   -301.614204  2  3  6  75       
PG07   7422.047469 -19400.765782 -15946.166213   -324.844368  5  4  2  71       
PG08  25925.471055   5994.042783   2231.981940    -40.610366  4  6  5  43       
PG09  14170.570820 -10579.726981 -19871.314150   -251.815655  4  6  5  74       
PG10  -7031.660910  20692.408350  15010.813427   -396.660232  3  5  5  76       
PG11  20366.803335   6114.554620  15225.566880   -224.097623  5  6  5  54       
PG12 -22407.038825   8327.747858  11177.000075     95.065427  4  2  5  77       
PG13 -22472.143439 -13598.601445  -4407.900649     25.823267  4  4  4  70       
PG14  12052.212811  17330.535555  16584.651686      0.559525  6  3  3  29       
PG15 -26415.119784  -3424.025755   2314.245327   -218.272626  7  5  3  81       
PG16  14888.195695   6611.539934 -21285.129111   -181.417967  4  6  4  68       
PG17  -3087.442207 -16235.458034  21225.849282    294.318256     5  3  92       
PG18  -7442.731660  19739.272057 -16132.566458    243.572613  9 11 10  85       
PG19 -11200.604293 -16985.101721  16796.724015   -133.448392  5  5  4  94       
PG20 -14525.324577  21781.714591   3588.734732    527.309691  6  7  3  10       
PG21   5921.724972  25870.351756  -2444.040839     22.403449  4  5  4  55       
PG22  20161.957190  -3298.972507  17105.123891   -772.743826  2  2  4  70       
PG24 -16163.865634   -383.317511  20917.550579    -15.508482  5  4  2  77       
PG25 -20309.166967  16727.561687   2154.705822     22.153456  7  6  2  78       
PG26   4034.802208  16612.906232 -20305.434389    241.446859  2  5  5  88       
PG27  22049.974125  12694.125851  -8346.245129   -343.191311  4  5  3  67       
PG28   7230.443146 -19821.206887  16804.274679    700.563092  3  5  5  94       
PG29 -18342.830133   5923.904076 -18336.214233   -147.942393  4  6  6  94       
PG30    475.327542 -25434.189568  -7184.391995   -259.894818  4  5  4  69       
PG31   6813.532525  25295.266479  -2488.145713    -54.915090  2  6  5  55       
PG32   4867.959387  16479.902931  20377.730608    315.246527  1  4  5  63       
*  2020  7 11 15 30  0.00000000
PG01  15278.502715    979.303860  21515.286333     24.208678  2  5  5  93       
PG02 -13908.975993 -20878.352609  -8149.727835   -485.682720  3  3  3  64       
PG03  21066.106478  -8630.393778  13527.184077   -236.527646  6  6  3  87       
PG04  24372.064772   -979.228034 -10540.513478   -113.458045  8  4  4  99       
PG05 -11918.976442  -9834.170006 -21748.049437    -16.450516  5  5  6  82       
PG06  -6001.167662 -25744.834918   2366.419198   -301.618869  2  3  6  67       
PG07   8106.943729 -17509.624158 -17715.299854   -324.852057  5  4  2  87       
PG08  25960.129612   6220.938159   -623.663430    -40.612167  4  6  5  68       
PG09  16261.933242  -9911.322278 -18570.137223   -251.821523  4  6  5  75       
PG10  -8295.288455  21669.234526  12790.701395   -396.669814  3  6  5  58       
PG11  21275.979005   7616.342937  13206.714391   -224.087899  4  6  5  66       
PG12 -21425.838724   7241.193383  13566.991531     95.061037  4  3  5  74       
PG13 -21791.339803 -13551.489351  -7169.164907     25.826233  4  4  4  82       
PG14  10192.880169  16801.368731  18306.722619      0.562229  6  3  4  67       
PG15 -26501.948006  -3760.887084   -450.742563   -218.270081  7  5  3  81       
PG16  13042.978005   8167.838352 -21913.588730   -181.422149  4  6  3  95       
PG17   -823.150678 -15515.255629  21971.085590    294.323385  1  6  3  87       
PG18  -8039.386531  17880.236261 -17918.977890    243.581213  8 11 10  68       
PG19  -9229.253273 -16348.001348  18506.331658   -133.443725  5  5  4  97       
PG20 -14958.772071  21777.657478    787.276092    527.309403  6  8  3  70       
PG21   5514.051401  25460.264604  -5223.356924     22.407075  3  5  3  59       
PG22  18996.360676  -1636.126698  18642.328088   -772.741609  2     4  89       
PG24 -16848.785669  -2682.511019  20236.881549    -15.507884  5  5  2  59       
PG25 -20180.536898  16233.764890   4995.618684     22.157241  7  7  3  90       
PG26   2389.663195  18172.000132 -19177.652839    241.453094  1  5  6  74       
PG27  20973.280663  12565.678033 -10928.108189   -343.200013  4  5  4  87       
PG28   8626.382874 -20806.017070  14773.146485    700.560154  3  5  5  87       
PG29 -20176.321706   5164.163295 -16552.170929   -147.950227  3  6  6  86       
PG30    995.693467 -24541.821918  -9773.999322   -259.901798  4  5  3  87       
PG31   6547.044047  25478.034392    384.065984    -54.917356  1  6  5  56       
PG32   2570.165571  15939.958123  21200.027379    315.252189  1  4  5  92       
*  2020  7 11 15 45  0.00000000
PG01  15998.195868   3329.727195  20781.176826     24.212822  2  5  4  68       
PG02 -13999.506340 -21763.756065  -5443.706996   -485.687843  4  2  4  66       
PG03  20086.864288  -7248.649386  15658.670596   -236.538110  6  6  3  76       
PG04  25348.572770   -507.601253  -7960.541369   -113.462241  8  4  3 105       
PG05 -10334.552898 -11707.550526 -21612.210180    -16.451144  5  6  6  87       
PG06  -5676.385805 -25401.875081   5219.785752   -301.623550  4  3  6  77       
PG07   8938.875912 -15479.024865 -19166.674793   -324.859882  5  4  2  84       
PG08  25691.857235   6384.444756  -3468.742528    -40.613391  4  5  5  82       
PG09  18223.042801  -9381.891781 -16950.817882   -251.827384  3  7  5  90       
PG10  -9330.854811  22514.238503  10348.842847   -396.679438  4  7  5  61       
PG11  22076.830880   8901.417609  10950.386075   -224.078217  5  6  5  57       
PG12 -20317.933238   5921.065392  15718.509170     95.056793  3  4  4  87       
PG13 -20821.855815 -13439.812574  -9808.204941     25.829224  3  4  5  70       
PG14   8141.213663  16321.536319  19724.087008      0.564713  6  3  4  69       
PG15 -26298.468150  -4058.323879  -3208.183253   -218.267807  6  5  3  77       
PG16  11248.187827   9861.167927 -22174.069349   -181.426289  4  6  3  92       
PG17   1538.435569 -14908.795297  22352.773425    294.328778  1  6  3  83       
PG18  -8785.867047  15878.319818 -19397.023785    243.589852  8 11 10  71       
PG19  -7054.853905 -15765.638189  19890.232367   -133.439248  5  5  4  87       
PG20 -15211.473181  21531.614461  -2027.938249    527.309332  6  8  2  62       
PG21   4963.854499  24784.355421  -7912.786114     22.411367  2  6  3  44       
PG22  17819.132300    201.533907  19862.536926   -772.739101  1  2  4  75       
PG24 -17606.601340  -4851.765871  19204.381824    -15.508394  5  5  2  90       
PG25 -19864.683162  15494.998842   7748.729725     22.160995  6  6  3  65       
PG26    916.390944  19699.982986 -17718.660884    241.459253  2  6  6  83       
PG27  19617.536464  12439.921977 -13326.485974   -343.208774  4  5  4  86       
PG28   9793.076346 -21705.026466  12498.273447    700.556457  4  6  5  87       
PG29 -21839.777092   4567.923055 -14484.658569   -147.958059  2  6  6  83       
PG30   1636.475886 -23402.437880 -12193.001305   -259.908723  3  5  3  75       
PG31   6196.841943  25359.191181   3249.472234    -54.919838  1  6  5  61       
PG32    175.529136  15505.088019  21661.131973    315.257851  2  4  4  90       
*  2020  7 11 16  0  0.00000000
PG01  16806.701406   5535.898894  19684.446877     24.216911  3  4  4  59       
PG02 -14002.954539 -22356.642241  -2642.691732   -485.693144  4  1  4  81       
PG03  19041.420450  -5638.995969  17518.254207   -236.548577  5  6  3  67       
PG04  26053.166638   -139.910396  -5243.770048   -113.466470  8  4  3  97       
PG05  -8868.260100 -13632.430967 -21108.804270    -16.451853  4  6  6  69       
PG06  -5214.736226 -24781.471746   7983.179607   -301.628221  5  3  6  69       
PG07   9921.936943 -13356.739341 -20274.813073   -324.867803  5  4  2  80       
PG08  25118.071657   6522.446722  -6255.041791    -40.614233  3  5  5 105       
PG09  20011.213733  -8978.270725 -15041.023144   -251.833168  3  7  5  92       
PG10 -10144.565806  23186.039850   7727.216537   -396.689052  4  8  5  83       
PG11  22731.106957   9969.426047   8497.753432   -224.068859  5  5  5  54       
PG12 -19128.053914   4371.065587  17593.385561     95.052616  2  4  4  70       
PG13 -19570.524542 -13302.730038 -12280.196536     25.832383  3  4  5  78       
PG14   5931.102513  15920.255959  20813.429659      0.567242  5  3  4  86       
PG15 -25805.861692  -4350.927570  -5911.910896   -218.265483  6  5  3  77       
PG16   9541.640566  11660.679278 -22060.968975   -181.431008  4  6  3  96       
PG17   3952.264459 -14433.426404  22364.719282    294.334048  2  6  3  89       
PG18  -9688.324656  13779.588560 -20541.374095    243.598435  8 10 10  81       
PG19  -4715.364365 -15269.391402  20923.353028   -133.434592  5  5  3  84       
PG20 -15313.363635  21025.408455  -4807.783657    527.309332  6  8  2  75       
PG21   4244.159059  23867.868363 -10464.812992     22.415653  1  6  3  68       
PG22  16667.284571   2189.730551  20745.723119   -772.736789  1  2  4  76       
PG24 -18409.067343  -6855.238782  17839.218706    -15.509030  5  6  2  76       
PG25 -19398.113181  14498.289291  10365.375111     22.164737  5  6  4  80       
PG26   -372.878127  21153.000805 -15953.103926    241.465439  2  7  6  70       
PG27  18002.494860  12353.817453 -15501.112761   -343.217431  4  5  4  68       
PG28  10729.577284 -22475.310419  10016.197254    700.553091  4  6  5  82       
PG29 -23291.406291   4117.728514 -12169.033418   -147.965892  2  6  6  87       
PG30   2419.583610 -22048.503228 -14399.272805   -259.915707  3  5  2  98       
PG31   5728.928031  24953.484386   6057.322649    -54.922083  1  6  5  55       
PG32  -2270.606372  15190.321707  21752.815841    315.263550  3  4  4  90       
*  2020  7 11 16 15  0.00000000
PG01  17672.949232   7559.484068  18245.465950     24.221025  3  4  4  84       
PG02 -13883.282898 -22666.005430    204.120536   -485.698258  4     5  81       
PG03  17972.458154  -3816.609106  19073.686140   -236.559052  5  6  4  71       
PG04  26465.308914    156.191335  -2436.903857   -113.470671  8  4  3  92       
PG05  -7542.488085 -15566.877456 -20245.719918    -16.452376  3  6  6  91       
PG06  -4587.648697 -23911.835086  10609.063208   -301.632869  5  4  6  67       
PG07  11051.972148 -11191.831201 -21020.708893   -324.875556  5  5  1  91       
PG08  24244.938213   6672.885745  -8935.286817    -40.615123  3  4  5 103       
PG09  21588.128624  -8680.346081 -12873.394586   -251.838996  3  7  5  91       
PG10 -10750.697199  23646.884174   4971.119922   -396.698693  4  8  6  33       
PG11  23203.407810  10828.074875   5893.352626   -224.059304  5  5  5  67       
PG12 -17901.125902   2603.944223  19158.351812     95.048212  2  4  4 101       
PG13 -18052.745711 -13178.219729 -14543.214361     25.835088  3  4  4  76       
PG14   3601.725830  15620.807850  21556.727605      0.570087  5  2  4  87       
PG15 -25033.180340  -4672.677858  -8516.932574   -218.263292  5  5  4  48       
PG16   7955.711652  13529.306551 -21574.829854   -181.435213  3  7  3  87       
PG17   6370.861826 -14098.645381  22006.603333    294.339377  2  7  3  83       
PG18 -10744.749049  11631.607245 -21332.450817    243.607023  7 10  9  87       
PG19  -2254.850561 -14884.251383  21586.873309   -133.429662  5  6  4  98       
PG20 -15298.318613  20248.556730  -7503.868908    527.309500  6  8  3  84       
PG21   3334.162170  22742.605410 -12833.472088     22.419669     7  3  63       
PG22  15573.742382   4297.808231  21277.567571   -772.734565     1  4  88       
PG24 -19223.195622  -8663.547807  16166.196044    -15.509774  5  6  3  72       
PG25 -18820.649135  13239.284539  12799.166768     22.168461  4  6  4  80       
PG26  -1474.092151  22487.049907 -13911.055643    241.471633  3  7  6  78       
PG27  16155.642122  12340.637534 -17415.374616   -343.226105  5  5  3  98       
PG28  11443.021019 -23075.553788   7367.166940    700.549811  3  6  6  59       
PG29 -24494.854738   3789.110879  -9644.901822   -147.973639  2  6  6  86       
PG30   3360.453868 -20517.835263 -16354.497091   -259.922693  3  5  3  72       
PG31   5113.422630  24283.941288   8757.921715    -54.924348     5  5  90       
PG32  -4720.678582  15003.019192  21473.081728    315.269189  3  3  4  95       
*  2020  7 11 16 30  0.00000000
PG01  18560.692125   9369.250289  16490.443036     24.225092  4  3  4  55       
PG02 -13607.773477 -22709.174116   3047.490809   -485.703469  4     5  98       
PG03  16920.474216  -1804.916167  20298.057110   -236.569515  5  6  4  93       
PG04  26572.683088    416.135718    411.824914   -113.474895  8  4  4  45       
PG05  -6372.207277 -17466.207410 -19036.955695    -16.452848  3  6  6  93       
PG06  -3772.821963 -22827.734514  13052.336852   -301.637507  5  4  6  84       
PG07  12316.632428  -9032.810908 -21392.147113   -324.883615  4  5  2  83       
PG08  23087.212318   6872.140059 -11463.911213    -40.616234  2  4  5  83       
PG09  22921.183152  -8461.978415 -10485.002367   -251.844866  3  7  5  70       
PG10 -11170.863108  23864.188712   2128.377662   -396.708338  4  9  6  57       
PG11  23462.646355  11492.535791   3184.151202   -224.049726  5  5  5  60       
PG12 -16680.481937    641.217622  20385.680584     95.044264  2  4  4  72       
PG13 -16292.024475 -13101.496331 -16558.911980     25.838181  3  4  5  89       
PG14   1196.290901  15439.646136  21941.512347      0.572316  4  3  4  97       
PG15 -23997.007672  -5055.498902 -10980.100326   -218.260799  5  4  4  75       
PG16   6516.212451  15424.985226 -20722.420989   -181.439473  3  7  4  82       
PG17   8745.887744 -13905.777526  21283.992003    294.344355  2  7  3  93       
PG18 -11944.909233   9481.746757 -21756.756404    243.615747  6  9  9  95       
PG19    278.049506 -14627.772578  21868.623447   -133.425182  5  7  4  97       
PG20 -15202.647887  19198.796050 -10069.407845    527.309322  6  8  3  82       
PG21   2220.389128  21445.793459 -14975.268887     22.423337     7  4  78       
PG22  14566.163038   6489.724860  21449.646748   -772.732326     2  4  59       
PG24 -20012.579292 -10254.654943  14215.238998    -15.511102  5  6  3  73       
PG25 -18173.750359  11722.648957  15006.887093     22.172159  4  6  4  60       
PG26  -2391.270148  23659.639954 -11627.523204    241.477822  3  7  6  58       
PG27  14111.317958  12428.594917 -19036.885180   -343.234732  5  5  3  88       
PG28  11948.265729 -23467.645079   4594.611162    700.546357  4  6  5  60       
PG29 -25420.519636   3551.703075  -6955.455073   -147.981260  2  6  6  80       
PG30   4467.254179 -18852.172807 -18024.848893   -259.929581  3  5  3  60       
PG31   4325.975004  23380.906974  11303.582192    -54.926724     5  5  81       
PG32  -7126.520603  14942.591760  20826.226074    315.274914  3  3  4  83       
*  2020  7 11 16 45  0.00000000
PG01  19429.969394  10942.026484  14450.877120     24.229175  3  3  4  55       
PG02 -13148.400505 -22510.897981   5838.989773   -485.708773  4  2  5  76       
PG03  15922.201245    365.118976  21170.269636   -236.580001  5  6  5  80       
PG04  26371.650558    676.870987   3253.482040   -113.479101  8  4  5  35       
PG05  -5364.519429 -19284.559055 -17502.437778    -16.453443  3  6  6  85       
PG06  -2755.277054 -21569.140521  15271.108664   -301.642163  6  5  5  94       
PG07  13695.780003  -6925.839964 -21383.864542   -324.891469  4  6  2  78       
PG08  21667.771923   7153.462805 -13797.803515    -40.617367  3  4  5  89       
PG09  23984.623960  -8292.164269  -7916.723379   -251.850722  3  7  5  77       
PG10 -11432.991742  23811.904454   -751.508708   -396.717900  4  9  7  80       
PG11  23483.321251  11984.551933    418.588298   -224.040289  5  4  5  78       
PG12 -15506.150945  -1487.472952  21253.718893     95.039763  2  4  4  72       
PG13 -14319.215043 -13103.546521 -18293.141224     25.841317  4  4  5  96       
PG14  -1239.370544  15385.766204  21961.062399      0.575102  4  3  4  76       
PG15 -22720.864945  -5527.906673 -13260.742816   -218.258359  4  5  4  92       
PG16   5241.506251  17302.081648 -19516.727917   -181.443871  2  7  4  83       
PG17  11029.729440 -13847.958751  20208.280265    294.349774  3  7  3  86       
PG18 -13270.621416   7375.509635 -21807.097617    243.624310  6  8  8 106       
PG19   2831.855052 -14509.340360  21763.347274   -133.420599  5  7  4  89       
PG20 -15063.510190  17882.289514 -12460.051557    527.308937  5  8  4  92       
PG21    897.584842  20018.708642 -16850.111573     22.427594     7  4  63       
PG22  13665.971530   8725.238522  21259.529106   -772.730005     2  4  79       
PG24 -20738.845528 -11614.455566  12020.803896    -15.511142  5  6  4  36       
PG25 -17498.772593   9962.095042  16949.327557     22.175835  4  5  4  87       
PG26  -3136.167179  24631.420226  -9141.855316    241.484039  2  7  6  67       
PG27  11909.591519  12639.660351 -20338.004952   -343.243271  5  6  2  75       
PG28  12267.248239 -23618.197770   1744.538975    700.542912  4  6  5  71       
PG29 -26046.621097   3370.587765  -4146.742439   -147.988899  2  5  5  70       
PG30   5740.380058 -17095.607376 -19381.587859   -259.936543  4  6  4  62       
PG31   3348.944895  22280.796744  13649.531757    -54.928931     5  4  65       
PG32  -9441.006649  15000.536610  19822.800131    315.280532  4  4  3  80       
*  2020  7 11 17  0  0.00000000
PG01  20238.709834  12263.337347  12162.928134     24.233147  4  2  4  45       
PG02 -12482.995747 -22102.188306   8531.784361   -485.714033  4  2  5  68       
PG03  15009.193593   2656.007696  21675.402314   -236.590368  5  6  5  83       
PG04  25867.386299    975.235263   6039.268299   -113.483292  8  4  5  78       
PG05  -4518.513435 -20976.527608 -15667.737211    -16.454553  3  7  6  73       
PG06  -1528.124928 -20179.682178  17227.404598   -301.646829  6  5  5  94       
PG07  15162.223911  -4913.061518 -20997.555637   -324.899386  4  5  2  77       
PG08  20016.855451   7545.538074 -15897.021755    -40.618186  3  4  4  79       
PG09  24760.436176  -8136.394604  -5212.553086   -251.856556  3  7  5  64       
PG10 -11570.048191  23471.637352  -3618.253428   -396.727594  4  9  7  84       
PG11  23246.553029  12331.291937  -2354.384131   -224.030812  5  4  4  72       
PG12 -14413.293534  -3745.335858  21747.297528     95.035632  3  3  5  81       
PG13 -12171.497740 -13209.836150 -19716.502996     25.844372  4  4  4  82       
PG14  -3658.301494  15460.349800  21614.524299      0.577659  3  3  4  86       
PG15 -21234.384743  -6113.792954 -15321.252757   -218.255977  4  5  4  90       
PG16   4141.901726  19112.987068 -17976.843154   -181.448488  1  7  4  84       
PG17  13177.078572 -13910.419462  18796.562425    294.354670  3  6  3  93       
PG18 -14696.333444   5354.937620 -21482.701592    243.632914  5  7  7  98       
PG19   5354.093894 -14529.785375  21272.821960   -133.416082  5  8  5  93       
PG20 -14917.312091  16313.508858 -14634.664886    527.309455  5  8  4  91       
PG21   -630.712958  18505.105217 -18422.226244     22.431878     7  5  80       
PG22  12887.643609  10961.248994  20710.782025   -772.727796     2  4  80       
PG24 -21363.178746 -12737.059104   9621.228076    -15.511358  5  7  3  76       
PG25 -16835.238167   7980.049303  18592.049773     22.179522  4  5  3  63       
PG26  -3727.629637  25367.703805  -6497.062365    241.490361  2  7  6  80       
PG27   9594.931067  12988.616253 -21296.297727   -343.251880  5  6  2  91       
PG28  12428.068178 -23499.942305  -1135.130700    700.539557  4  5  6  61       
PG29 -26359.986919   3207.826044  -1266.893810   -147.996233  2  5  5  80       
PG30   7172.268094 -15292.939322 -20401.551553   -259.943468  4  5  5  68       
PG31   2172.304840  21024.617719  15754.750922    -54.931402     4  5  76       
PG32 -11619.668048  15160.786653  18479.468141    315.286189  4  3  3  44       
*  2020  7 11 17 15  0.00000000
PG01  20944.408455  13327.696376   9666.724824     24.237230  4  2  5  43       
PG02 -11596.171138 -21518.965940  11081.351202   -485.719274  4  3  5  80       
PG03  14206.632847   5025.004665  21804.959816   -236.600873  4  6  5  75       
PG04  25073.688299   1346.335310   8721.353163   -113.487391  8  4  6  72       
PG05  -3825.434577 -22498.807485 -13563.687889    -16.455157  3  7  6  86       
PG06    -93.019232 -18704.980583  18887.807042   -301.651493  6  5  5  96       
PG07  16682.747756  -3031.126076 -20241.729529   -324.907029  4  5  3  90       
PG08  18171.031321   8071.209264 -17725.465237    -40.618934  4  5  4  87       
PG09  25238.946349  -7958.157120  -2418.861828   -251.862490  3  7  5  81       
PG10 -11618.555306  22833.480519  -6421.703196   -396.737285  4  9  7  75       
PG11  22740.845093  12564.008630  -5086.233976   -224.021431  5  4  4  43       
PG12 -13430.850185  -6089.697018  21858.007506     95.031370  3  3  5  79       
PG13  -9891.127351 -13439.236935 -20804.822557     25.847395  5  4  4  76       
PG14  -6013.964527  15656.701461  20906.959864      0.580330  3  3  4  89       
PG15 -19572.282749  -6831.386156 -17127.626966   -218.253441  4  5  5  98       
PG16   3219.352655  20809.820976 -16127.751606   -181.452794  1  7  4  85       
PG17  15146.440490 -14071.063713  17071.429689    294.359837  3  5  3  85       
PG18 -16190.003364   3457.161527 -20789.222736    243.641498  4  6  7  85       
PG19   7793.198215 -14681.363180  20405.830196   -133.411501  5  8  5  95       
PG20 -14798.156188  14514.799348 -16556.033048    527.308639  5  7  4  82       
PG21  -2351.960984  16949.509630 -19661.024528     22.435898     7  5  76       
PG22  12238.260179  13153.245006  19812.891316   -772.725162     4  3  55       
PG24 -21847.854655 -13624.757591   7058.034324    -15.511454  5  7  4  90       
PG25 -16219.191369   5806.963787  19906.049598     22.183205  4  5  1  85       
PG26  -4190.664951  25839.827787  -3739.060446    241.496684  3  8  5  15       
PG27   7214.712617  13482.381102 -21894.917837   -343.260527  5  6  2  82       
PG28  12463.824552 -23092.933090  -3995.308278    700.536361  5  5  5  75       
PG29 -26356.520507   3024.108054   1634.695673   -148.004146  2  6  4  91       
PG30   8747.530721 -13488.025133 -21067.539829   -259.950317  5  5  5  73       
PG31    794.226084  19656.324394  17582.722988    -54.933465  2  4  5  84       
PG32 -13622.219028  15400.364606  16818.762285    315.291868  4  4  3  79       
*  2020  7 11 17 30  0.00000000
PG01  21505.810749  14138.554492   7005.625784     24.241252  4  1  5  37       
PG02 -10479.974290 -20800.574203  13446.112455   -485.724386  4  4  5  86       
PG03  13532.399413   7425.581967  21557.004916   -236.611364  4  6  4  78       
PG04  24012.468285   1821.993732  11253.691202   -113.491561  8  4  7  72       
PG05  -3269.164139 -23811.778282 -11225.907735    -16.455729  2  8  6  65       
PG06   1539.722705 -17190.922807  20224.012143   -301.656113  6  5  5 102       
PG07  18219.380084  -1309.969645 -19131.429812   -324.915085  4  4  4  98       
PG08  16171.935004   8746.428752 -19251.493092    -40.619214  4  5  3 102       
PG09  25419.117189  -7720.524545    416.392497   -251.868302  3  6  5  83       
PG10 -11616.972841  21896.520986  -9112.758367   -396.746977  4  9  7  73       
PG11  21962.545813  12716.565455  -7729.733876   -224.011993  5  5  4  57       
PG12 -12580.458354  -8473.508259  21584.337819     95.027069  3  4  5  93       
PG13  -7523.998573 -13803.212325 -21539.543231     25.850152  5  4  4  71       
PG14  -8261.780688  15960.480856  19849.317059      0.582822  3  4  4  69       
PG15 -17773.163576  -7692.423049 -18649.956362   -218.251070  5  5  5  98       
PG16   2467.482310  22346.182099 -14000.006792   -181.457237  2  7  4  92       
PG17  16901.524098 -14301.327655  15060.692475    294.365132  3  5  3  93       
PG18 -17714.238509   1713.148096 -19738.640742    243.650071  4  5  6  98       
PG19  10100.364602 -14948.100444  19177.985032   -133.406965  4  8  5 100       
PG20 -14736.400425  12515.647257 -18191.486521    527.308669  4  7  4 103       
PG21  -4244.785203  15395.451594 -20541.890122     22.440052     7  5  93       
PG22  11717.347044  15256.805641  18581.095825   -772.723079  2  4  3  78       
PG24 -22157.727332 -14287.690433   4375.203788    -15.511382  4  7  4  57       
PG25 -15681.709653   3480.301148  20868.307640     22.186900  4  5     89       
PG26  -4555.262020  26026.293103   -915.853236    241.502997  3  7  4  71       
PG27   4817.618814  14119.631571 -22122.921708   -343.269154  4  6  3  91       
PG28  12411.239477 -22385.517770  -6786.535697    700.532478  5  6  5  72       
PG29 -26041.333304   2780.461817   4508.205719   -148.011690  2  6  4  65       
PG30  10443.405680 -11722.181581 -21368.585170   -259.957238  5  5  6  81       
PG31   -778.674375  18221.079329  19102.080184    -54.935850  2  3  5  85       
PG32 -15413.934114  15690.318809  14868.735686    315.297535  4  4  3  85       
*  2020  7 11 17 45  0.00000000
PG01  21884.540271  14707.914373   4225.449136     24.245383  4  2  6  46       
PG02  -9134.263433 -19988.214727  15587.992826   -485.729463  5  5  5 103       
PG03  12996.445664   9809.051016  20936.171352   -236.621869  3  6  4  82       
PG04  22712.943437   2429.324995  13592.807482   -113.495772  8  4  7  50       
PG05  -2826.994291 -24880.972945  -8694.227594    -16.456495  1  8  6  92       
PG06   3351.334754 -15681.942604  21213.297572   -301.660740  6  5  4 113       
PG07  19730.848802    228.111823 -17687.831999   -324.922795  5  3  5  97       
PG08  14064.818355   9579.470479 -20448.479326    -40.620506  4  6  3  90       
PG09  25308.522107  -7387.767329   3244.482486   -251.874089  3  6  5  74       
PG10 -11604.001649  20668.998183 -11644.278544   -396.756777  4  9  7  92       
PG11  20916.002071  12823.896357 -10239.780713   -224.002521  5  6  4  92       
PG12 -11875.682465 -10847.032736  20931.672777     95.022567  3  5  5 110       
PG13  -5118.080757 -14305.292769 -21908.033362     25.853325  5  5  4 100       
PG14 -10360.610008  16350.226392  18458.321564      0.585292  2  4  3  68       
PG15 -15878.201168  -8701.558695 -19862.863343   -218.248801  5  5  4 102       
PG16   1871.939115  23678.880709 -11629.295775   -181.461591  2  6  4  78       
PG17  18412.463343 -14567.292133  12797.025453    294.370309  3  4  4  80       
PG18 -19227.651550    146.690878 -18349.051780    243.658698  4  6  6  97       
PG19  12231.299920 -15306.492237  17611.412134   -133.402140  4  7  5  91       
PG20 -14757.384585  10351.681292 -19513.434647    527.308803  4  7  4 101       
PG21  -6279.551582  13883.712210 -21046.850468     22.444093  1  6  5  93       
PG22  11317.004306  17229.102816  17036.139993   -772.720718  3  5  3  95       
PG24 -22261.614967 -14743.224442   1618.430305    -15.511311  4  7  4  90       
PG25 -15247.634261   1043.235957  21462.213062     22.190602  4  5  1  92       
PG26  -4855.009608  25913.636291   1923.332222    241.509236  3  7  4  56       
PG27   2451.983814  14890.739619 -21975.497307   -343.277752  4  7  4  70       
PG28  12309.114280 -21375.021449  -9459.842278    700.529218  4  5  6 101       
PG29 -25428.535785   2439.954086   7304.241835   -148.019503  2  6  3  88       
PG30  12230.500488 -10032.709152 -21300.106346   -259.964124  5  5  6  89       
PG31  -2531.432620  16763.493020  20287.133995    -54.938184  2  3  5  91       
PG32 -16966.823723  15996.907099  12662.516549    315.303195  4  4  2  71       
*  2020  7 11 18  0  0.00000000
PG01  22046.609576  15055.632650   1373.685239     24.249593  4  3  6  74       
PG02  -7566.798484 -19123.362937  17472.899132   -485.734606  4  5  5  96       
PG03  12600.493726  12126.268530  19953.558784   -236.632392  3  6  5  87       
PG04  21210.560119   3189.495674  15698.538874   -113.499935  7  5  8  35       
PG05  -2470.671256 -25678.369629  -6012.034537    -16.457466     8  6  91       
PG06   5315.144025 -14219.373395  21838.894115   -301.665389  5  5  4 114       
PG07  21174.155451   1569.062673 -15937.736012   -324.930624  4  3  5  89       
PG08  11896.963394  10570.438035 -21295.294326    -40.621493  4  6  2  93       
PG09  24922.999799  -6926.927879   6016.746335   -251.879940  4  6  5  81       
PG10 -11616.883354  19168.106024 -13971.952511   -396.766454  4  8  7  93       
PG11  19613.408141  12920.464079 -12574.136475   -223.992417  5  7  4  79       
PG12 -11321.586592 -13159.636888  19912.151207     95.018783  3  5  5 115       
PG13  -2721.778717 -14940.860365 -21903.802176     25.856273  5  5  4  59       
PG14 -12274.122031  16798.155972  16756.286064      0.587708  3  4  3  53       
PG15 -13929.737797  -9856.034586 -20745.883846   -218.246293  6  5  4  95       
PG16   1411.077251  24769.583742  -9055.893465   -181.465682  3  6  4  89       
PG17  19656.825236 -14831.015320  10317.533689    294.375677  4  4  4  91       
PG18 -20686.381727  -1226.317235 -16644.356539    243.667279  4  6  6  93       
PG19  14147.780030 -15726.519098  15734.298505   -133.397310  4  7  5  92       
PG20 -14880.372365   8063.449345 -20499.801017    527.308841  4  6  4 110       
PG21  -8419.320240  12450.672910 -21165.101687     22.448357     6  5  97       
PG22  11022.319863  19030.351951  15203.947587   -772.718458  3  6  3  96       
PG24 -22133.535243 -15015.077685  -1165.632185    -15.510816  4  7  4  81       
PG25 -14934.573624  -1456.872462  21677.851572     22.194337  4  6  3 106       
PG26  -5125.568899  25496.996457   4728.938169    241.515431  4  7  2  71       
PG27    164.142878  15778.031203 -21454.105133   -343.286393  4  7  4  85       
PG28  12196.673022 -20068.106540 -11967.640985    700.526133  4  5  5  93       
PG29 -24540.694098   1969.316943   9974.682768   -148.027042  2  6  3  88       
PG30  14073.800592  -8451.591393 -20863.945316   -259.971024  5  5  6  88       
PG31  -4441.174322  15325.916120  21118.281742    -54.940207  3  3  5  98       
PG32 -18260.561418  16282.984917  10237.768392    315.308846  4  4  3  78       
*  2020  7 11 18 15  0.00000000
PG01  21963.760758  15208.442654  -1501.294540     24.253699  4  5  7  54       
PG02  -5793.054146 -18246.216905  19071.125563   -485.739699  4  6  5  93       
PG03  12338.067799  14329.359949  18626.513385   -236.642853  3  7  5  90       
PG04  19545.690863   4116.717220  17534.718949   -113.504112  7  5  8  53       
PG05  -2167.668533 -26183.454318  -3225.538693    -16.457930  1  8  7 103       
PG06   7397.419070 -12839.935764  22090.256149   -301.670042  6  4  4  97       
PG07  22506.202832   2707.328534 -13912.972366   -324.938635  4  3  6  90       
PG08   9716.018447  11711.090380 -21776.703199    -40.622331  4  7  1  93       
PG09  24286.001389  -6309.294617   8685.425754   -251.885793  4  5  5  83       
PG10 -11689.766346  17419.445789 -16055.113270   -396.776143  4  8  7  94       
PG11  18074.365865  13038.778246 -14694.081540   -223.983185  5  7  4  77       
PG12 -10914.664304 -15361.614605  18544.393528     95.014319  3  6  5  92       
PG13   -382.279122 -15697.251799 -21526.621038     25.859435  5  6  4  47       
PG14 -13972.006887  17271.221270  14770.834471      0.590173  2  4  4  62       
PG15 -11969.848130 -11145.617218 -21283.791061   -218.243953  6  5  4  91       
PG16   1056.942233  25586.304806  -6324.010243   -181.470192  3  6  4  91       
PG17  20620.364632 -15052.042731   7663.239084    294.380586  4  5  4  90       
PG18 -22045.723186  -2398.302972 -14653.850416    243.675845  5  6  6  92       
PG19  15818.957395 -16172.938336  13580.320608   -133.392827  4  7  5  87       
PG20 -15117.747937   5695.019898 -21134.356059    527.308931  4  6  4 102       
PG21 -10621.148604  11126.847736 -20893.359386     22.452388     6  4  98       
PG22  10812.051907  20625.159678  13115.220124   -772.716391  4  6  4  85       
PG24 -21753.747950 -15132.223730  -3930.118640    -15.512035  5  7  4  88       
PG25 -14752.220187  -3970.170594  21512.152737     22.198047  3  6  4  88       
PG26  -5403.062858  24780.353097   7451.978495    241.521595  4  7  2  69       
PG27  -2003.153494  16756.362090 -20566.524771   -343.295029  4  7  5  86       
PG28  12111.856895 -18480.779670 -14264.647711    700.522375  4  4  5  82       
PG29 -23407.972300   1340.436382  12473.509933   -148.034983  3  5  4  93       
PG30  15933.899859  -7004.418892 -20068.289770   -259.977927  6  5  6  74       
PG31  -6477.866398  13946.853027  21582.285514    -54.942678  3  3  5  77       
PG32 -19283.125150  16509.545131   7636.063426    315.314513  3  4  3  69       
*  2020  7 11 18 30  0.00000000
PG01  21614.589636  15198.739217  -4351.021453     24.257802  4  6  7  50       
PG02  -3835.768973 -17394.229263  20357.688875   -485.744863  4  6  5  95       
PG03  12194.857510  16373.393535  16978.299780   -236.653307  3  6  5  85       
PG04  17762.154382   5217.510629  19069.795129   -113.508287  7  4  9  91       
PG05  -1882.641792 -26384.009226   -382.975088    -16.459056  2  8  7  87       
PG06   9558.491807 -11574.416226  21963.227655   -301.674687  6  4  4 108       
PG07  23685.410368   3645.778769 -11649.741064   -324.946353  5  4  6  84       
PG08   7568.318438  12984.995895 -21883.671985    -40.623059  4  7  2 100       
PG09  23427.654606  -5511.717638  11204.492114   -251.891701  5  5  5  99       
PG10 -11852.206097  15456.151930 -17857.480349   -396.785840  4  7  7  96       
PG11  16325.182475  13208.028625 -16564.975405   -223.973713  5  8  4  88       
PG12 -10643.124443 -17405.968922  16853.106068     95.009749  3  7  5  99       
PG13   1856.057274 -16554.177124 -20782.547483     25.862560  5  6  4  76       
PG14 -15430.981278  17732.382593  12534.538902      0.592462  1  4  3  68       
PG15 -10038.916141 -12552.811247 -21466.857212   -218.241517  6  5  3  87       
PG16    776.527873  26104.674325  -3481.040421   -181.474277  3  5  4  75       
PG17  21297.493074 -15189.044117   4878.487657    294.385584  5  5  4 100       
PG18 -23261.798198  -3370.108054 -12411.722705    243.684432  5  7  6  80       
PG19  17222.365599 -16606.792292  11187.968090   -133.388418  4  6  5 107       
PG20 -15474.495269   3292.463155 -21406.944556    527.309020  4  5  4  99       
PG21 -12837.688149   9935.674627 -20236.014702     22.456166  1  6  4  95       
PG22  10659.556185  21983.720722  10804.963964   -772.714067  4  6  4  74       
PG24 -21109.570140 -15127.619363  -6628.689134    -15.511396  5  7  4  87       
PG25 -14702.006776  -6446.093153  20968.896086     22.201794  3  7  5  62       
PG26  -5722.448842  23776.424170  10044.931672    241.527719  4  6  2  81       
PG27  -4012.201844  17793.994727 -19326.801603   -343.303685  4  7  5  83       
PG28  12089.639343 -16638.030413 -16308.802213    700.519081  4  3  5  69       
PG29 -22066.992319    531.644139  14757.604364   -148.042761  3  5  4  61       
PG30  17768.403881  -5709.576907 -18927.485781   -259.984857  5  5  6  88       
PG31  -8605.348621  12659.558642  21672.423296    -54.945066  2  4  5  78       
PG32 -20031.125406  16637.350162   4902.178229    315.320143  3  4  3  61       
*  2020  7 11 18 45  0.00000000
PG01  20985.416448  15063.173985  -7127.695356     24.261883  4  7  7  23       
PG02  -1724.251287 -16600.766857  21312.598178   -485.750240  4  6  5 107       
PG03  12149.395756  18217.940932  15037.671897   -236.663751  3  7  5  68       
PG04  15905.615071   6490.271992  20277.367908   -113.512456  6  5  9  81       
PG05  -1579.008627 -26276.592148   2466.245714    -16.459365  4  8  7  91       
PG06  11754.110637 -10446.586504  21460.102035   -301.679363  6  4  4 109       
PG07  24673.255129   4395.304587  -9187.901665   -324.954341  5  4  5  75       
PG08   5497.252713  14368.013140 -21613.573670    -40.623911  4  8  2  86       
PG09  22383.580571  -4517.713603  13530.446240   -251.897561  5  5  5 103       
PG10 -12127.861905  13317.726839 -19347.813618   -396.795400  4  7  6 102       
PG11  14397.940725  13452.881347 -18156.723374   -223.964260  5  8  4  76       
PG12 -10487.516417 -19250.079731  14868.574792     95.005356  4  8  5  98       
PG13   3953.198557 -17484.440544 -19683.850294     25.865542  5  7  4  50       
PG14 -16635.549158  18142.062483  10084.468244      0.595436  2  4  4  90       
PG15  -8174.272861 -14053.343070 -21291.049284   -218.239280  6  5  2  87       
PG16    533.257899  26308.932383   -576.723177   -181.479069  4  5  4  68       
PG17  21691.437519 -15201.519934   2010.280045    294.391274  5  5  5  99       
PG18 -24293.211340  -4150.758230  -9956.473043    243.693058  6  6  6  88       
PG19  18344.583059 -16987.067575   8599.781743   -133.383791  5  6  5  99       
PG20 -15947.977029    902.270379 -21313.607818    527.309090  4  5  4 106       
PG21 -15019.000969   8892.629089 -19205.083700     22.460300  1  6  3  94       
PG22  10533.925267  23082.820883   8311.950572   -772.712264  4  7  4  75       
PG24 -20195.937585 -15036.803668  -9216.244233    -15.511701  5  6  4  73       
PG25 -14777.113229  -8835.162912  20058.579534     22.205616  3  7  6  73       
PG26  -6115.941806  22506.228213  12462.605207    241.533828  4  5  2  72       
PG27  -5831.628304  18853.748603 -17755.089289   -343.312371  3  7  5  77       
PG28  12160.435212 -14573.102160 -18062.165937    700.515848  4  3  5  77       
PG29 -20559.454852   -471.238693  16787.497089   -148.050470  4  4  5  66       
PG30  19533.450651  -4577.724670 -17461.746950   -259.991753  5  6  6  83       
PG31 -10782.599506  11490.870554  21388.515505    -54.947243  2  4  5  74       
PG32 -20509.805198  16628.592400   2083.322942    315.325791  3  4  3  65       
*  2020  7 11 19  0  0.00000000
PG01  20070.875629  14841.114772  -9784.924441     24.266002  4  7  7  88       
PG02    506.531320 -15893.937384  21921.063851   -485.755246  4  5  4 105       
PG03  12174.022264  19828.464965  12838.351994   -236.674175  4  7  5  79       
PG04  14021.922951   7925.156437  21136.643212   -113.516598  6  5  9  89       
PG05  -1220.590027 -25866.683934   5272.422280    -16.460266  5  8  8  71       
PG06  13936.973750  -9472.403249  20589.575500   -301.684012  6  4  4  97       
PG07  25435.682295   4974.118836  -6570.231750   -324.962064  5  5  5  73       
PG08   3541.743178  15829.084184 -20970.287136    -40.625105  4  8  3  89       
PG09  21193.508543  -3318.315422  15623.077480   -251.903476  5  5  4 102       
PG10 -12533.443406  11048.632821 -20500.465393   -396.805112  5  7  6 103       
PG11  12329.382190  13792.477093 -19444.150470   -223.954874  5  8  4  75       
PG12 -10421.664531 -20857.192163  12626.062884     95.000856  4  8  4  91       
PG13   5874.784059 -18454.938240 -18248.834985     25.868700  5  7  4  68       
PG14 -17578.484082  18459.728209   7461.648644      0.597976  2  4  4  44       
PG15  -6408.941837 -15616.902199 -20758.153946   -218.236671  6  6  2  68       
PG16    288.633893  26192.596326   2337.768594   -181.483473  4  5  4  51       
PG17  21814.075004 -15051.514825   -892.470057    294.396033  5  5  4  98       
PG18 -25102.621307  -4756.915653  -7330.254756    243.701646  6  6  5  90       
PG19  19181.533839 -17272.433939   5861.525971   -133.379313  6  6  5  99       
PG20 -16528.018273  -1430.228888 -20856.602046    527.308909  4  5  3 107       
PG21 -17114.508435   8004.706607 -17819.948261     22.465432  1  5  2  98       
PG22  10401.299494  23906.609251   5678.115129   -772.710050  5  7  4  68       
PG24 -19015.695232 -14896.419603 -11649.612491    -15.512219  5  5  4  86       
PG25 -14962.818426 -11090.734158  18798.157409     22.209375  3  8  7 100       
PG26  -6611.553200  20998.328442  14662.953338    241.539945  4  5  3  73       
PG27  -7437.440324  19894.385454 -15877.384967   -343.321035  3  7  5  93       
PG28  12348.677279 -12326.412571 -19491.769387    700.512251  4  4  4  68       
PG29 -18930.573813  -1674.148322  18528.059463   -148.058417  4  4  5  76       
PG30  21185.289482  -3611.582673 -15696.767904   -259.998627  5  6  6  66       
PG31 -12965.182715  10460.317573  20736.832974    -54.949353  2  4  5  84       
PG32 -20732.709720  16448.516713   -771.682764    315.331420  3  4  4  59       
*  2020  7 11 19 15  0.00000000
PG01  18874.207245  14573.025593 -12278.431367     24.269985  4  8  7  63       
PG02   2817.047310 -15295.616384  22173.649521   -485.760279  5  5  4 100       
PG03  12236.093265  21177.482701  10418.428476   -236.684659  5  7  5  76       
PG04  12155.457280   9504.285809  21632.790383   -113.520732  6  5  9  72       
PG05   -773.246693 -25168.494661   7986.464623    -16.460908  5  8  8  76       
PG06  16058.385002  -8659.517547  19366.595307   -301.688598  6  5  4  97       
PG07  25944.336390   5406.793359  -3841.669319   -324.970175  6  5  4  76       
PG08   1734.892389  17331.313888 -19964.183678    -40.626182  4  8  3  71       
PG09  19899.742052  -1912.632060  17446.168261   -251.909327  5  4  4 100       
PG10 -13077.949179   8696.699412 -21295.820468   -396.814824  5  7  5 118       
PG11  10159.648853  14239.660958 -20407.285961   -223.945353  5  8  4  78       
PG12 -10413.868726 -22197.669213  10165.128103     94.996630  5  8  4  89       
PG13   7593.255761 -19427.897896 -16501.570193     25.871537  5  7  4  83       
PG14 -18261.008998  18645.546392   4710.438243      0.600271  2  4  4  55       
PG15  -4770.536940 -17208.119330 -19875.826448   -218.234404  6  7  2  63       
PG16      3.981769  25758.768526   5210.792168   -181.487659  4  4  4  78       
PG17  21685.440727 -14705.272117  -3779.742009    294.401428  5  5  4  92       
PG18 -25658.170120  -5212.036375  -4578.155975    243.710171  6  6  5  77       
PG19  19738.419592 -17422.989616   3021.316767   -133.374577  6  6  5  95       
PG20 -17197.288629  -3662.393126 -20044.315898    527.309089  4  5  3 105       
PG21 -19074.975930   7270.299662 -16106.897003     22.469556  1  5  2  95       
PG22  10226.302804  24447.110212   2947.899549   -772.707574  5  6  4  75       
PG24 -17579.608452 -14742.710789 -13888.203832    -15.513800  5  4  5  96       
PG25 -15237.178126 -13170.610049  17210.658545     22.213136  4  8  7 108       
PG26  -7231.805617  19287.790110  16607.831022    241.546041  3  5  3  96       
PG27  -8813.803689  20872.180406 -13725.155942   -343.329720  3  7  5  72       
PG28  12671.629494  -9944.158838 -20570.380393    700.508327  4  4  4  76       
PG29 -17227.384449  -3074.346176  19949.120850   -148.066289  4  5  5  84       
PG30  22681.857738  -2806.032208 -13663.251284   -260.005591  5  5  6  61       
PG31 -15106.814831   9579.533144  19729.894603    -54.951648  1  4  5  93       
PG32 -20721.036834  16066.939486  -3613.271983    315.337046  3  4  4  78       
*  2020  7 11 19 30  0.00000000
PG01  17407.242860  14298.825433 -14566.719542     24.274059  5  8  7  82       
PG02   5164.445791 -14820.701876  22066.370116   -485.765272  5  5  3  99       
PG03  12299.388482  22245.460981   7819.684260   -236.695151  5  7  5  93       
PG04  10347.536840  11202.273138  21757.199733   -113.524957  6  6  9  71       
PG05   -206.442451 -24204.433264  10560.795307    -16.461929  5  7  8  89       
PG06  18069.970323  -8007.111863  17812.105503   -301.693264  6  5  4 104       
PG07  26177.573363   5723.077536  -1048.552612   -324.978090  6  6  4  74       
PG08    102.855736  18833.296718 -18611.997628    -40.626584  3  8  4  90       
PG09  18545.535853   -308.094971  18968.131167   -251.915232  5  5  3  85       
PG10 -13762.226985   6311.411231 -21720.616835   -396.824521  5  6  5 116       
PG11   7930.930366  14800.464226 -21031.563261   -223.935858  5  8  4  85       
PG12 -10428.319137 -23249.963105   7528.876821     94.992266  5  9  4  89       
PG13   9088.735417 -20362.315178 -14471.516812     25.874628  6  7  4  40       
PG14 -18692.659630  18662.047759   1877.820961      0.602876  3  4  5  69       
PG15  -3280.353402 -18787.751708 -18657.557977   -218.232076  6  7  2  82       
PG16   -357.777473  25020.064833   7991.229212   -181.492130  4  4  5  69       
PG17  21332.919675 -14134.762316  -6601.268293    294.406635  5  5  4  89       
PG18 -25934.714800  -5545.266007  -1747.430416    243.718756  7  5  4  47       
PG19  20029.292517 -17401.941574    128.726018   -133.370250  6  6  4  85       
PG20 -17931.965806  -5755.683203 -18891.091522    527.308569  4  5  4 104       
PG21 -20854.435896   6679.472787 -14098.484752     22.474103  1  5  2  88       
PG22   9973.551511  24704.454494    167.546939   -772.705496  5  6  4  80       
PG24 -15906.095990 -14610.046335 -15894.623222    -15.514292  5  2  5  95       
PG25 -15571.995575 -15038.471160  15324.697423     22.216909  4  8  7  96       
PG26  -7992.675514  17414.894183  18263.669133    241.552135  3  4  2 101       
PG27  -9953.510252  21742.621266 -11334.858905   -343.338427  3  6  5  84       
PG28  13138.498066  -7476.660272 -21277.164895    700.505234  4  5  4  85       
PG29 -15496.990339  -4660.326652  21026.002240   -148.073641  4  5  6 106       
PG30  23984.295953  -2148.519515 -11396.358236   -260.012501  4  6  6  91       
PG31 -17160.992624   8851.989268  18386.164534    -54.953880  1  4  5  99       
PG32 -20502.692706  15459.601977  -6392.014657    315.342612  3  4  4  77       
*  2020  7 11 19 45  0.00000000
PG01  15690.088582  14056.283370 -16611.694120     24.278294  5  8  7  76       
PG02   7503.911621 -14476.617681  21600.737793   -485.770711  5  5  3  93       
PG03  12325.659531  23021.412289   5086.868242   -236.705615  6  8  6  73       
PG04   8634.957400  12987.044782  21507.635174   -113.529078  6  7  9  90       
PG05    505.330834 -23004.259715  12950.229712    -16.462658  5  7  8  97       
PG06  19925.390348  -7506.069823  15952.694278   -301.697934  5  5  4  96       
PG07  26121.223077   5956.547183   1762.131308   -324.985854  7  6  3  73       
PG08  -1336.016053  20290.642002 -16936.579724    -40.627144  3  7  4  88       
PG09  17173.446822   1479.620119  20162.566695   -251.921088  6  5  3  91       
PG10 -14578.871354   3942.145780 -21768.143002   -396.834126  4  6  4 110       
PG11   5686.065089  15473.849116 -21307.940703   -223.926280  5  8  4  78       
PG12 -10426.664628 -24001.272409   4763.171839     94.987843  5  8  3 102       
PG13  10349.612905 -21215.534439 -12193.063233     25.877504  6  7  4  87       
PG14 -18890.829310  18475.736862   -987.373060      0.605391  4  4  5  74       
PG15  -1952.687889 -20314.038444 -17122.555960   -218.229807  6  7  2  72       
PG16   -830.410016  23998.161231  10629.485513   -181.496434  3  4  5  59       
PG17  20790.145098 -13319.020266  -9307.434662    294.411647  5  4  3  84       
PG18 -25914.814075  -5790.116653   1113.309316    243.727321  7  6  2  75       
PG19  20076.293801 -17177.153836  -2766.117880   -133.365700  6  6  4  93       
PG20 -18702.653265  -7676.914250 -17416.954297    527.308978  4  5  4 105       
PG21 -22411.956268   6214.616744 -11832.737547     22.478025     4  3  92       
PG22   9609.180542  24686.817997  -2615.644279   -772.703295  5  6  4  78       
PG24 -14020.694413 -14529.525089 -17635.239404    -15.514507  5  1  5  96       
PG25 -15934.040543 -16665.062098  13173.893221     22.220641  5  8  6 106       
PG26  -8902.806390  15423.660216  19602.058051    241.558280  3  4  2  89       
PG27 -10858.113015  22462.171147  -8747.355340   -343.347148  4  5  4  69       
PG28  13749.889201  -4976.506296 -21598.213841    700.501916  4  5  4  86       
PG29 -13784.817141  -6412.070107  21739.955739   -148.081339  4  6  6  96       
PG30  25058.345077  -1619.745694  -8935.093110   -260.019408  4  5  5  56       
PG31 -19082.617683   8273.053851  16729.659717    -54.956257  1  3  5 100       
PG32 -20111.089262  14609.301894  -9059.505978    315.348212  3  4  4  92       
*  2020  7 11 20  0  0.00000000
PG01  13750.517729  13879.505722 -18379.232898     24.282386  5  8  7  76       
PG02   9790.089815 -14263.080087  20783.756210   -485.775869  5  5  2  80       
PG03  12276.258964  23503.170492   2266.923016   -236.716098  7  8  6  75       
PG04   7048.712074  14820.929772  20888.279078   -113.533254  6  7  9  83       
PG05   1381.327242 -21603.952631  15112.815874    -16.463156  5  6  8  96       
PG06  21581.985108  -7139.471828  13820.148333   -301.702645  4  5  4  80       
PG07  25769.081493   6143.136542   4543.479920   -324.993909  7  6  3  66       
PG08  -2571.727845  21657.639521 -14966.534407    -40.627929  3  7  4  77       
PG09  15823.723109   3426.994636  21008.731211   -251.926942  5  4  2  93       
PG10 -15512.459984   1636.431565 -21438.310918   -396.843805  4  6  3 114       
PG11   3467.142279  16251.718789 -21232.948858   -223.917025  5  8  4  83       
PG12 -10369.670964 -24447.865143   1915.810858     94.983368  5  8  3  94       
PG13  11372.821659 -21944.914633  -9704.971686     25.880633  6  7  4  91       
PG14 -18880.005739  18058.580860  -3835.309579      0.607984  5  4  5  36       
PG15   -794.416909 -21744.181123 -15295.532223   -218.227502  6  7  2  76       
PG16  -1442.780902  22722.974098  13078.470040   -181.500684  3  3  4  77       
PG17  20095.640425 -12245.230353 -11850.203259    294.416597  5  4  2  78       
PG18 -25589.431920  -5982.976624   3954.922381    243.735870  8  6     56       
PG19  19908.594985 -16722.504470  -5613.414713   -133.361017  6  5  3  86       
PG20 -19475.516109  -9399.301088 -15647.257329    527.308992  4  5  4 101       
PG21 -23713.172236   5851.442315  -9352.236629     22.481954     5  4  71       
PG22   9102.329890  24410.067477  -5354.097097   -772.701112  5  6  4  71       
PG24 -11955.272345 -14527.707971 -19080.703669    -15.514325  5  1  5 106       
PG25 -16286.463488 -18029.094377  10796.212737     22.224406  6  8  6 101       
PG26  -9963.023159  13360.238629  20600.229330    241.564462  3  4     91       
PG27 -11537.717957  22990.024913  -6007.229756   -343.355881  4  5  4  76       
PG28  14497.646324  -2496.590464 -21526.913546    700.498466  4  6  3  89       
PG29 -12132.940903  -8301.632927  22078.501473   -148.089351  4  6  6  96       
PG30  25875.574699  -1194.613172  -6321.633490   -260.026390  3  5  5  84       
PG31 -20829.558431   7830.362236  14789.479244    -54.958412  2  4  5  77       
PG32 -19583.731157  13506.755758 -11569.241028    315.353848  3  4  4  71       
*  2020  7 11 20 15  0.00000000
PG01  11623.094612  13797.567430 -19839.702614     24.286466  5  8  6  82       
PG02  11978.536236 -14172.135886  19627.862203   -485.780844  5  5  2  88       
PG03  12113.786671  23697.338384   -591.817736   -236.726563  7  8  7  65       
PG04   5612.943332  16661.975553  19909.668162   -113.537374  6  7  9  87       
PG05   2433.572070 -20044.337598  17010.614905    -16.464673  5  6  8 102       
PG06  23002.289002  -6883.397274  11450.921022   -301.707342  4  5  4  79       
PG07  25123.121550   6319.607659   7249.383285   -325.001587  7  6  3  67       
PG08  -3602.860092  22889.000489 -12735.744881    -40.630301  4  6  4  84       
PG09  14532.794498   5503.377642  21491.906244   -251.932791  5  5  2  82       
PG10 -16540.116476   -561.705077 -20737.606399   -396.853475  4  6  3 109       
PG11   1314.150897  17119.186769 -20808.669787   -223.907276  5  8  4  80       
PG12 -10218.902510 -24595.061634   -964.308333     94.978976  5  8  2  68       
PG13  12163.788506 -22509.517202  -7049.742476     25.883432  6  7  3  77       
PG14 -18690.723274  17389.313537  -6616.040998      0.610550  5  3  5  78       
PG15    195.145211 -23035.898669 -13206.394803   -218.225189  6  7  3  74       
PG16  -2217.466513  21231.506896  15294.526971   -181.504834  3  4  5  81       
PG17  19291.253822 -10909.507030 -14184.038650    294.421977  5  4  2  83       
PG18 -24958.330534  -6161.510945   6728.580328    243.744387  9  6  3  57       
PG19  19561.090314 -16019.001414  -8364.546028   -133.356547  7  5  3  77       
PG20 -20213.591904 -10903.261111 -13612.247326    527.308750  4  5  5  97       
PG21 -24731.515071   5560.257011  -6703.118692     22.486396     5  5  90       
PG22   8426.534170  23897.122750  -8000.752689   -772.698795  5  6  4  63       
PG24  -9747.020734 -14625.522882 -20206.413615    -15.514741  6  1  6 106       
PG25 -16590.345270 -19117.836404   8233.253644     22.228154  6  8  6  95       
PG26 -11166.165691  11271.237192  21241.427897    241.570631  2  3     97       
PG27 -12010.435857  23289.788023  -3162.020570   -343.364656  4  5  3  79       
PG28  15365.080922    -88.119436 -21064.142334    700.495411  4  6  3  90       
PG29 -10578.555995 -10294.053285  22035.655248   -148.096857  4  6  6 106       
PG30  26414.397968   -843.390524  -3600.616860   -260.033308  3  6  5  79       
PG31 -22364.093641   7504.482560  12599.266909    -54.960583  3  3  5  95       
PG32 -18960.648981  12151.155390 -13877.457560    315.359416  3  4  4  84       
*  2020  7 11 20 30  0.00000000
PG01   9348.059348  13833.335063 -20968.416305     24.290579  5  8  6  79       
PG02  14027.150420 -14188.473050  18150.812572   -485.786277  5  5  3  75       
PG03  11803.690303  23618.911295  -3440.448679   -236.737094  8  8  7  59       
PG04   4344.166672  18465.440505  18588.520954   -113.541462  6  8  8  63       
PG05   3666.180241 -18369.532064  18610.404382    -16.465313  5  5  8  89       
PG06  24155.359000  -6708.002662   8885.522286   -301.712044  3  5  4  77       
PG07  24193.421071   6522.011403   9835.201145   -325.009641  7  6  3  59       
PG08  -4436.446722  23941.604664 -10282.792626    -40.631694  4  6  3  83       
PG09  13331.923035   7671.978952  21603.662017   -251.938656  5  5  2  86       
PG10 -17632.373899  -2613.240878 -19678.921571   -396.863103  4  6  4 108       
PG11   -736.282376  18055.092557 -20042.652987   -223.897646  5  7  4  80       
PG12  -9938.362331 -24456.883983  -3828.021001     94.974418  5  8  3  71       
PG13  12736.057540 -22871.750758  -4272.904805     25.886425  6  7  3  67       
PG14 -18358.267310  16454.495889  -9280.428600      0.613216  5  3  5  79       
PG15   1024.096819 -24149.000360 -10889.840665   -218.222597  6  8  3  68       
PG16  -3169.630509  19566.412192  17238.295460   -181.509160  3  4  5  89       
PG17  18420.445887  -9317.328893 -16266.814289    294.427060  5  5  2  74       
PG18 -24030.137204  -6363.014911   9386.603416    243.752963  9  6  5  91       
PG19  19072.896231 -15055.618385 -10972.883558   -133.351872  7  5  3  73       
PG20 -20878.227303 -12176.947450 -11346.559029    527.308706  4  5  5  88       
PG21 -25449.090783   5307.455387  -3934.030759     22.490563     5  5  79       
PG22   7560.960538  23177.056071 -10509.875158   -772.696729  5  6  4  78       
PG24  -7437.252665 -14837.381428 -20992.916717    -15.515420  6  2  6  96       
PG25 -16806.319330 -19927.374580   5529.484405     22.231910  7  7  5  80       
PG26 -12497.246215   9202.048291  21515.169955    241.576801  2  3  1 108       
PG27 -12301.511831  23331.007533   -261.376634   -343.373387  3  5  3  66       
PG28  16327.590848   2201.310825 -20218.283017    700.491944  4  5  2  85       
PG29  -9152.642457 -12348.538665  21612.042227   -148.104703  4  6  6 106       
PG30  26660.837174   -533.050008   -818.395309   -260.040250  3  5  5  42       
PG31 -23654.187435   7269.844730  10196.618165    -54.962725  4  3  5  74       
PG32 -18282.742119  10550.394444 -15943.929350    315.365020  4  4  4  81       
*  2020  7 11 20 45  0.00000000
PG01   6970.011167  14002.522755 -21746.027280     24.294612  5  7  5  99       
PG02  15897.545916 -14289.998194  16375.512489   -485.791529  4  5  3  85       
PG03  11315.758647  23290.593153  -6230.315747   -236.747504  8  8  7  57       
PG04   3250.795637  20185.406661  16947.459127   -113.545621  6  8  8  78       
PG05   5074.997194 -16625.270640  19884.288992    -16.465953  5  5  8 111       
PG06  25017.865756  -6578.834423   6167.839651   -301.716818  1  5  4  71       
PG07  22997.814876   6784.192758  12258.404830   -325.017247  7  6  4  62       
PG08  -5087.513810  24776.182947  -7650.280968    -40.632805  4  5  4  79       
PG09  12246.066739   9891.107285  21342.010060   -251.944494  5  5  2  76       
PG10 -18754.302041  -4485.447969 -18281.276097   -396.872776  4  5  4  87       
PG11  -2652.026959  19032.743497 -18947.771929   -223.888539  5  7  4  81       
PG12  -9496.028916 -24055.391271  -6626.713398     94.969958  6  7  3  34       
PG13  13110.600291 -22998.907923  -1422.244759     25.889258  6  7  3  69       
PG14 -17921.179444  15249.282785 -11781.076424      0.615647  5  3  4  63       
PG15   1707.506492 -25046.917506  -8384.848643   -218.220520  6  8  3  48       
PG16  -4306.213621  17774.331549  18875.474156   -181.513328  2  4  4  91       
PG17  17526.499980  -7483.598429 -18060.675300    294.432286  5  4  3  79       
PG18 -22822.081962  -6622.784852  11883.278418    243.761513 10  7  6  77       
PG19  18485.719614 -13829.824173 -13394.540859   -133.347674  7  4  3  90       
PG20 -21430.587359 -13216.494922  -8888.645758    527.308450  5  5  5  76       
PG21 -25857.182043   5057.146101  -1095.076633     22.494545     5  5  86       
PG22   6491.444425  22283.959319 -12837.850807   -772.694219  5  5  4  65       
PG24  -5070.052643 -15170.540174 -21426.248278    -15.515160  6  2  6  96       
PG25 -16896.202398 -20462.542621   2731.456546     22.235642  7  7  4  92       
PG26 -13933.922097   7195.242471  21417.384484    241.582994  2  4  2  76       
PG27 -12442.164460  23090.489435   2643.844508   -343.382136  3  5  3  60       
PG28  17353.639502   4329.481630 -19005.048492    700.488444  4  5  2  96       
PG29  -7878.884795 -14419.889966  20814.893986   -148.112343  4  7  6  93       
PG30  26609.013315   -228.726386   1977.730441   -260.047162  3  5  4  50       
PG31 -24674.552982   7095.894498   7622.442157    -54.965002  5  3  5  85       
PG32 -17590.098609   8720.954512 -17732.693578    315.370649  4  4  4  76       
*  2020  7 11 21  0  0.00000000
PG01   4536.434222  14313.015192 -22158.855109     24.298725  5  7  5  94       
PG02  17556.313927 -14448.667631  14329.781001   -485.796766  4  5  3  85       
PG03  10625.451356  22741.832706  -8913.829557   -236.757942  8  7  7  62       
PG04   2332.986338  21776.451148  15014.626783   -113.549795  6  8  7  49       
PG05   6647.577712 -14857.179723  20810.205249    -16.466505  4  5  8 118       
PG06  25574.906053  -6458.326307   3344.400705   -301.721522     5  4  80       
PG07  21561.286401   7136.390204  14479.180787   -325.024842  7  6  4  72       
PG08  -5578.296212  25358.866486  -4884.075019    -40.634430  4  5  4  77       
PG09  11293.000842  12115.606047  20711.441850   -251.950278  5  5  3  61       
PG10 -19866.851441  -6152.930696 -16569.435846   -396.882420  5  5  5  99       
PG11  -4406.419438  20020.857030 -17542.024098   -223.878603  5  6  3  79       
PG12  -8865.233221 -23419.730608  -9313.113447     94.965890  6  7  3  56       
PG13  13314.836986 -22864.532823   1453.017098     25.892338  5  6  2  81       
PG14 -17419.622632  13777.856339 -14073.254644      0.618222  5  3  4  51       
PG15   2266.687672 -25698.132993  -5734.074517   -218.218087  6  8  3  92       
PG16  -5625.472875  15904.086183  20177.470924   -181.517616  2  5  5  53       
PG17  16650.730806  -5432.315587 -19532.832818    294.437391  5  5  3  80       
PG18 -21359.415577  -6972.569668  14175.643914    243.770085 10  7  7  70       
PG19  17842.159097 -12347.790974 -15589.059020   -133.342766  7  5  4  90       
PG20 -21833.182054 -14025.971403  -6280.154020    527.308506  5  5  5  98       
PG21 -25956.367242   4772.836563   1763.211796     22.498596     5  6  76       
PG22   5211.279091  21255.619559 -14943.967516   -772.692384  4  5  4  75       
PG24  -2690.820711 -15624.731610 -21498.198044    -15.516932  6  4  5 100       
PG25 -16824.571468 -20736.528792   -112.996013     22.239349  7  7  3  96       
PG26 -15447.263014   5289.090041  20950.438729    241.589207  3  4  3  88       
PG27 -12468.179823  22553.344258   5502.517863   -343.390873  1  5  3  71       
PG28  18406.050219   6261.078666 -17447.125734    700.485370  4  5  1  74       
PG29  -6772.884468 -16460.107498  19657.928415   -148.120024  4  7  5 108       
PG30  26261.343106    104.758208   4740.286547   -260.054112  3  5  4  60       
PG31 -25407.470362   6948.427407   4920.288862    -54.967150  6  3  5  43       
PG32 -16920.360325   6687.454510 -19212.697274    315.376268  4  4  4  73       
*  2020  7 11 21 15  0.00000000
PG01   2096.115390  14764.483545 -22199.138733     24.302782  5  6  4  89       
PG02  18976.137252 -14631.551180  12046.048577   -485.801647  3  5  4  78       
PG03   9715.014976  22007.617695 -11445.256821   -236.768420  8  7  7  35       
PG04   1582.807371  23195.312347  12823.213499   -113.554012  6  8  7  41       
PG05   8363.503592 -13109.072272  21372.309985    -16.466650  4  4  8 117       
PG06  25820.505247  -6307.424000    463.588563   -301.726167     5  4  86       
PG07  19915.121548   7603.975028  16460.993176   -325.032711  6  5  4  86       
PG08  -5937.163103  25662.538122  -2032.472941    -40.635146  4  5  4  64       
PG09  10482.730789  14298.431430  19722.852478   -251.956133  5  5  3  78       
PG10 -20928.359724  -7598.370827 -14573.439108   -396.891936  5  6  5  94       
PG11  -5979.042144  20984.672242 -15848.276462   -223.869042  5  5  3  82       
PG12  -8025.826992 -22584.943569 -11842.043789     94.961391  7  6  3  88       
PG13  13381.405555 -22449.563451   4303.084376     25.895411  5  6  3  87       
PG14 -16893.673753  12053.500358 -16115.788936      0.620740  5  4  3  67       
PG15   2728.212272 -26077.449043  -2983.153318   -218.215623  6  8  2  95       
PG16  -7116.889158  14004.797733  21121.922394   -181.521629  3  5  5  63       
PG17  15830.769404  -3195.870981 -20656.265704    294.442761  5  5  4  71       
PG18 -19674.529700  -7439.163685  16224.229622    243.778688 10  7  8  76       
PG19  17184.004047 -10624.279600 -17520.019584   -133.338360  7  5  5  90       
PG20 -22051.354163 -14617.037573  -3565.250517    527.308272  6  5  5  89       
PG21 -25756.269430   4419.098433   4590.850324     22.502813  1  5  6  73       
PG22   3721.723713  20132.052154 -16791.159122   -772.689996  4  5  4  51       
PG24   -344.761037 -16192.081561 -21206.499581    -15.518273  6  4  5  78       
PG25 -16560.228687 -20770.182273  -2955.557178     22.243102  7  6  2 105       
PG26 -17002.780205   3516.266378  20123.050421    241.595399  4  5  4 101       
PG27 -12418.317319  21713.713536   8264.210775   -343.399595     6  3  41       
PG28  19443.553847   7968.910171 -15573.651219    700.481809  4  5     38       
PG29  -5841.696731 -18420.116807  18161.114194   -148.127834  5  7  5  98       
PG30  25628.437428    501.360550   7422.400233   -260.061073  3  5  4  62       
PG31 -25843.333083   6791.052400   2135.650610    -54.969359  6  3  5  61       
PG32 -16307.199839   4481.881029 -20358.349836    315.381931  4  4  5  84       
*  2020  7 11 21 30  0.00000000
PG01   -302.492242  15348.311072 -21865.211521     24.306832  5  6  4  98       
PG02  20136.713934 -14802.099996   9560.981384   -485.806962  2  4  3  72       
PG03   8574.343387  21127.073486 -13781.477891   -236.778939  7  7  7  74       
PG04    984.728461  24402.486628  10410.888744   -113.558145  7  9  6  10       
PG05  10195.026577 -11421.332248  21561.245467    -16.467338  4  4  8 119       
PG06  25757.789931  -6087.274522  -2425.177220   -301.730806  2  5  4  63       
PG07  18095.854096   8206.371567  18171.103276   -325.040665  6  5  5  80       
PG08  -6197.296048  25667.929778    854.674434    -40.636592  3  5  4  78       
PG09   9817.219714  16392.311813  18393.350600   -251.961979  5  5  4  87       
PG10 -21896.160495  -8812.957019 -12328.041561   -396.901576  5  5  5  77       
PG11  -7356.284958  21887.195077 -13893.957327   -223.859646  5  5  3  87       
PG12  -6965.101931 -21590.575217 -14171.128287     94.956983  7  6  4  72       
PG13  13346.725683 -21743.201256   7078.464154     25.898311  5  6  3  96       
PG14 -16381.616196  10098.305823 -17871.891790      0.623368  5  4  2  59       
PG15   3122.697068 -26167.037346   -179.917506   -218.213376  6  8  3  93       
PG16  -8761.444705  12124.020724  21693.072764   -181.525865  3  5  6  74       
PG17  15099.001257   -813.982670 -21410.307221    294.447577  5  5  5  81       
PG18 -17805.812418  -8043.196004  17993.737018    243.787365 10  7  9  86       
PG19  16550.593735  -8682.211044 -19155.579866   -133.333817  7  5  5  89       
PG20 -22054.673926 -15008.328124   -789.910283    527.308351  6  6  4  64       
PG21 -25274.963997   3963.143633   7339.303375     22.506956  2  5  6  75       
PG22   2032.204779  18953.947114 -18346.699097   -772.687760  5  4  4  85       
PG24   1924.632440 -16857.320416 -20554.936356    -15.518714  6  4  5  98       
PG25 -16077.501576 -20591.050071  -5748.216462     22.246834  7  6  3  81       
PG26 -18561.675733   1902.788460  18950.091462    241.601576  5  5  4  81       
PG27 -12332.593529  20575.143161  10880.138879   -343.408250     6  4  58       
PG28  20422.515088   9434.763571 -13419.537660    700.478365  4  5     65       
PG29  -5083.709718 -20251.547290  16350.323741   -148.135600  6  7  4  99       
PG30  24728.705818    992.330907   9978.562039   -260.068075  4  5  3  76       
PG31 -25980.907191   6586.731559   -684.753399    -54.971446  7  3  4  63       
PG32 -15778.970402   2142.530495 -21149.970975    315.387568  4  3  5  84       
*  2020  7 11 21 45  0.00000000
PG01  -2612.903749  16047.835241 -21161.592971     24.310874  5  5  4  90       
PG02  21025.453604 -14921.581791   6915.027477   -485.812053  3  5  3  70       
PG03   7201.550457  20141.919512 -15882.699319   -236.789440  7  6  7  61       
PG04    516.408751  25363.693932   7819.156889   -113.562297  7  9  6           
PG05  12108.009241  -9829.453745  21374.277330    -16.468013  4  4  8 111       
PG06  25398.823456  -5760.915163  -5272.281025   -301.735534  3  5  4  59       
PG07  16144.037737   8956.193688  19581.043414   -325.048192  5  5  5  83       
PG08  -6395.174032  25364.419810   3726.876852    -40.638438  3  5  4  39       
PG09   9290.440591  18351.424108  16745.958016   -251.967784  5  5  4  79       
PG10 -22728.232289  -9796.486840  -9872.091898   -396.911209  6  6  5  80       
PG11  -8531.671955  22690.537777 -11710.694816   -223.850023  6  4  3  82       
PG12  -5678.428908 -20479.138655 -16261.444544     94.952484  7  5  4  94       
PG13  13249.414175 -20743.470664   9730.850154     25.901268  5  6  4  98       
PG14 -15918.306822   7942.514231 -19309.912427      0.625842  5  5  1  89       
PG15   3483.407867 -25957.222454   2626.456574   -218.210894  6  8  3 101       
PG16 -10532.255034  10305.966294  21882.006311   -181.530146  4  5  6  55       
PG17  14481.228604   1667.681941 -21781.097287    294.452861  5  6  5  82       
PG18 -15796.282686  -8798.164021  19453.649484    243.795978 10  6  9  84       
PG19  15977.295126  -6551.944463 -20468.927611   -133.329278  7  5  6  92       
PG20 -21818.189140 -15224.577349   1998.824945    527.308774  7  6  4  82       
PG21 -24538.086734   3376.249876   9962.294731     22.511399  2  5  6  75       
PG22    160.197407  17761.089310 -19582.827891   -772.685386  5  4  4  76       
PG24   4077.039264 -17598.285634 -19553.358642    -15.518864  6  4  5  75       
PG25 -15357.333365 -20232.184497  -8444.033870     22.250582  6  5  4  92       
PG26 -20082.261843    467.220319  17452.289546    241.607759  6  5  4  92       
PG27 -12250.516588  19150.584886  13304.095239   -343.417005  2  6  4  59       
PG28  21298.755420  10649.867574 -11024.677418    700.475243  4  5     63       
PG29  -4488.870018 -21908.494358  14256.880732   -148.143507  7  7  4  94       
PG30  23587.682012   1604.831123  12365.365872   -260.075073  3  4  3  82       
PG31 -25827.296534   6299.340839  -3493.701624    -54.973706  7  3  4  42       
PG32 -15357.582996   -287.294278 -21574.126001    315.393289  4  4  5  88       
*  2020  7 11 22  0  0.00000000
PG01  -4792.176867  16838.902719 -20098.991682     24.314909  5  5  4  96       
PG02  21637.914618 -14950.638990   4151.881123   -485.817113  4  4  2  77       
PG03   5603.233356  19094.841814 -17713.111111   -236.799988  7  6  7  79       
PG04    149.753903  26051.155239   5092.643612   -113.566473  7  9  5  74       
PG05  14063.124257  -8362.792603  20815.304765    -16.468459  4  4  8 118       
PG06  24764.109687  -5294.896371  -8028.758965   -301.740196  4  5  4  82       
PG07  14102.884719   9858.626455  20667.042798   -325.056174  5  5  5  99       
PG08  -6568.928339  24750.497018   6533.930975    -40.640263  3  5  5  68       
PG09   8888.750364  20133.022014  14809.204364   -251.973705  6  5  5  80       
PG10 -23384.824707 -10557.142122  -7247.850404   -396.920836  6  6  5 110       
PG11  -9505.940861  23357.310022  -9333.901643   -223.840487  6  3  3  79       
PG12  -4169.596635 -19294.491934 -18078.116235     94.948440  7  5  4  87       
PG13  13128.614666 -19457.443418  12213.992342     25.904085  4  5  4 103       
PG14 -15533.689560   5623.522592 -20403.983661      0.628612  5  5  2 100       
PG15   3844.736358 -25446.958808   5386.357780   -218.208634  6  7  3 104       
PG16 -12395.524122   8589.890800  21686.733024   -181.534272  5  5  7  58       
PG17  13995.618450   4199.141693 -21761.885115    294.457742  5  6  5  81       
PG18 -13692.055637  -9709.749422  20578.761396    243.804641  9  6  9  98       
PG19  15494.152008  -4270.291183 -21438.653323   -133.324373  7  5  6 101       
PG20 -21323.484167 -15295.520997   4753.608508    527.308049  7  6  4  66       
PG21 -23577.693013   2634.985985  12416.518858     22.514973  2  5  6  73       
PG22  -1869.214025  16590.815572 -20477.298831   -772.682940  5  4  4  97       
PG24   6076.670802 -18386.702589 -18217.605750    -15.518530  6  4  4  60       
PG25 -14388.126699 -19730.768097 -10997.872850     22.254312  6  3  5  93       
PG26 -21521.494804   -779.825739  15655.835615    241.613796  6  5  4  94       
PG27 -12209.346419  17462.023769  15493.330030   -343.425688  4  6  4  70       
PG28  22029.387878  11614.947661  -8433.051782    700.471604  5  5     74       
PG29  -4039.245287 -23349.196339  11917.010329   -148.151273  8  7  4  95       
PG30  22237.095349   2360.707650  14542.216883   -260.082048  4  4  2  85       
PG31 -25397.617356   5895.196649  -6244.196322    -54.975925  7  2  4  24       
PG32 -15057.654646  -2760.780751 -21623.843090    315.399012  3  4  5  93       
*  2020  7 11 22 15  0.00000000
PG01  -6802.369403  17690.722661 -18694.214543     24.318857  5  5  4  98       
PG02  21977.956759 -14850.918155   1317.863323   -485.822614  5  4  2  64       
PG03   3794.416402  18027.842803 -19241.479218   -236.810599  7  5  7  81       
PG04   -147.799402  26444.632073   2278.325934   -113.570651  7  9  4  23       
PG05  16017.262113  -7043.578579  19894.745533    -16.469346  4  4  8 101       
PG06  23881.783127  -4660.775129 -10647.139806   -301.744861  5  5  5  48       
PG07  12016.815095  10911.074937  21410.402023   -325.063838  5  5  6  91       
PG08  -6756.635770  23833.872154   9226.839581    -40.640515  3  5  5  59       
PG09   8591.570583  21698.952959  12616.624418   -251.979534  6  4  5  78       
PG10 -23830.000813 -11110.950523  -4500.262874   -396.930439  6  6  5  62       
PG11 -10286.870158  23852.016912  -6802.305653   -223.830783  6  2  4  73       
PG12  -2450.839825 -18080.186016 -19590.840093     94.944165  7  5  5 103       
PG13  13022.308887 -17901.116016  14484.535214     25.907201  4  5  4  93       
PG14 -15251.522049   3184.590138 -21134.546945      0.631066  5  6  3  84       
PG15   4240.612381 -24643.973898   8050.685105   -218.206096  7  7  3  91       
PG16 -14311.777955   7008.713596  21112.131369   -181.538534  6  5  7  78       
PG17  13651.984617   6727.924198 -21353.172070    294.462964  5  6  5  82       
PG18 -11540.697307 -10775.444132  21349.616861    243.813286  9  5  8  88       
PG19  15124.751049  -1879.302391 -22049.039601   -133.319854  7  6  6  83       
PG20 -20559.507758 -15254.614463   7427.560730    527.308257  7  6  4  83       
PG21 -22430.924406   1722.199403  14662.249217     22.518885  2  4  6  78       
PG22  -4024.083265  15476.571473 -21013.828492   -772.680757  5  4  4  86       
PG24   7893.471895 -19189.220309 -16569.328903    -15.519124  5  4  4  63       
PG25 -13166.313304 -19126.607960 -13367.093606     22.258026  6  2  5  80       
PG26 -22836.564108  -1835.876997  13591.906145    241.619996  7  5  4  72       
PG27 -12242.455361  15539.746091  17409.359374   -343.434350  5  6  4  69       
PG28  22574.581299  12339.883491  -5691.777115    700.468546  5  5  2  57       
PG29  -3709.900937 -24537.560679   9371.202235   -148.158834  9  6  4  69       
PG30  20713.721794   3275.465437  16471.997544   -260.089031  4  4  1  78       
PG31 -24714.394701   5344.494691  -8890.184179    -54.978222  7  2  3  68       
PG32 -14885.960657  -5229.236675 -21298.709925    315.404682  3  3  6  83       
*  2020  7 11 22 30  0.00000000
PG01  -8611.824686  18566.992797 -16969.977683     24.322912  5  5  4  97       
PG02  22057.592706 -14586.712567  -1538.780755   -485.827420  5  4  2  56       
PG03   1798.176915  16980.629987 -20441.664712   -236.821147  7  5  7  86       
PG04   -411.822049  26532.187237   -575.280716   -113.574858  7  9  4  56       
PG05  17925.089437  -5886.224600  18629.301247    -16.470072  5  4  8 108       
PG06  22786.515642  -3836.419990 -13082.264572   -301.749512  6  5  4  57       
PG07   9929.963608  12103.094500  21797.812288   -325.071510  4  5  6  91       
PG08  -6994.621200  22631.232871  11758.703741    -40.641539  4  5  5  29       
PG09   8372.346899  23017.004956  10206.167326   -251.985347  6  3  5  84       
PG10 -24033.038960 -11480.957372  -1676.202155   -396.940040  7  6  5  60       
PG11 -10888.855919  24142.417574  -4157.425753   -223.821509  7  2  3  69       
PG12   -542.557367 -16877.842607 -20774.343232     94.939560  7  5  5  90       
PG13  12965.678120 -16098.942807  16502.807333     25.910133  4  5  5 101       
PG14 -15088.372230    673.301168 -21488.740602      0.633561  6  6  4  98       
PG15   4702.919484 -23564.564274  10571.805879   -218.204115  7  7  3 106       
PG16 -16237.320712   5587.916186  20169.756215   -181.542840  7  5  7  66       
PG17  13451.436229   9200.995370 -20562.690254    294.468301  6  6  6  89       
PG18  -9389.531649 -11984.501706  21752.850345    243.821960  8  6  8  81       
PG19  14885.342163    575.125148 -22290.267578   -133.315154  7  6  7  87       
PG20 -19523.137487 -15137.614164   9975.040414    527.308044  7  6  5  90       
PG21 -21138.541499    627.740496  16663.844600     22.523066  2  4  6  79       
PG22  -6266.631760  14446.627617 -21182.439080   -772.678604  5  4  4  97       
PG24   9504.118046 -19968.668355 -14635.711342    -15.521128  5  4  4 106       
PG25 -11696.631984 -18460.554563 -15512.200240     22.261764  6  2  5  92       
PG26 -23986.476759  -2706.473969  11296.110114    241.626035  7  4  4  82       
PG27 -12377.859231  13421.278406  19018.684090   -343.442987  5  6  4  62       
PG28  22899.178224  12842.995596  -2850.118832    700.465259  5  5  2  81       
PG29  -3470.055524 -25444.479893   6663.498386   -148.166941  9  5  4  98       
PG30  19058.056235   4357.481606  18121.682644   -260.095984  4  3  1  94       
PG31 -23806.702016   4622.610511 -11387.264533    -54.980515  7  2  3  71       
PG32 -14841.210716  -7643.788768 -20604.849788    315.410343  3  3  6  91       
*  2020  7 11 22 45  0.00000000
PG01 -10196.234545  19427.261996 -14954.615735     24.326938  5  5  4  89       
PG02  21896.531559 -14126.555077  -4368.663362   -485.832578  6  4  3  46       
PG03   -355.033811  15989.103917 -21293.062036   -236.831676  7  5  6  92       
PG04   -679.311722  26310.636821  -3418.964033   -113.579101  7  9  4  69       
PG05  19740.694828  -4896.956820  17041.610841    -16.470759  5  4  7 101       
PG06  21518.181093  -2807.075816 -15292.070496   -301.754138  6  5  4  81       
PG07   7884.693293  13416.608849  21821.614446   -325.079402  4  4  6  91       
PG08  -7315.839695  21167.653175  14085.569035    -40.642213  4  5  5  86       
PG09   8199.748753  24062.031342   7619.528815   -251.991163  6  3  6  80       
PG10 -23969.643211 -11696.142001   1176.310739   -396.949572  7  6  5  72       
PG11 -11332.248137  24200.797726  -1442.993451   -223.811929  7  2  3  69       
PG12   1527.268653 -15725.618960 -21608.767106     94.935391  8  5  5 101       
PG13  12989.581850 -14083.041476  18233.545439     25.913593  4  5  4 112       
PG14 -15052.929276  -1860.149831 -21460.640794      0.636130  6  6  4  95       
PG15   5259.983565 -22233.046820  12904.502510   -218.201695  7  7  3  98       
PG16 -18125.850032   4344.761136  18877.523268   -181.546984  8  5  7  75       
PG17  13386.407247  11566.710870 -19405.218249    294.473183  6  6  6  84       
PG18  -7283.964579 -13318.217144  21781.423049    243.830574  8  6  8  83       
PG19  14784.241615   3044.775901 -22158.540910   -133.310697  7  6  7  92       
PG20 -18219.457649 -14981.074359  12352.404950    527.307679  8  5  5  60       
PG21 -19743.381363   -651.090180  18390.158032     22.527251  2  4  6  75       
PG22  -8554.522156  13523.009491 -20979.682530   -772.675753  6  4  4  92       
PG24  10892.766414 -20685.491383 -12449.083942    -15.522214  5  3  4 107       
PG25  -9992.107296 -17772.901793 -17397.436120     22.265459  6  2  5  97       
PG26 -24933.577346  -3404.738178   8807.871083    241.632191  8  4  4  82       
PG27 -12636.981029  11150.042909  20293.401988   -343.451645  6  6  3  85       
PG28  22974.101438  13150.005192     41.497464    700.461710  6  5  3  71       
PG29  -3284.468340 -26048.886104   3840.718582   -148.174143  9  5  5  81       
PG30  17312.854132   5607.489460  19462.894258   -260.102954  4  3    100       
PG31 -22709.073590   3711.215623 -13693.378283    -54.982902  7  2  3  64       
PG32 -14914.155439  -9957.083260 -19554.779726    315.416032  3  3  6  76       
*  2020  7 11 23  0  0.00000000
PG01 -11539.435700  20228.482894 -12681.687571     24.330943  6  5  4  80       
PG02  21521.419413 -13444.695410  -7122.106588   -485.837743  6  4  3  37       
PG03  -2628.350218  15084.001963 -21780.949676   -236.842229  7  4  6  96       
PG04   -987.055172  25785.675458  -6203.669890   -113.583284  7  9  5  74       
PG05  21419.256595  -4073.775727  15159.802268    -16.471319  6  5  8 100       
PG06  20120.328790  -1566.145316 -17238.325326   -301.758805  7  5  4  60       
PG07   5920.165810  14826.413491  21479.992150   -325.087176  3  4  6  94       
PG08  -7748.404539  19475.682969  16167.208433    -40.643412  5  5  5  79       
PG09   8039.061171  24816.810190   4901.418808   -251.997057  6  3  6  69       
PG10 -23622.919070 -11790.121367   4008.894376   -396.959196  7  6  5  75       
PG11 -11642.464211  24005.110352   1295.678751   -223.801998  7  2  3  55       
PG12   3723.932440 -14656.813435 -22079.974829     94.931165  8  5  5  77       
PG13  13119.216125 -11892.101400  19646.537797     25.916487  4  4  4 107       
PG14 -15145.658335  -4364.776432 -21051.349786      0.638664  6  6  5  97       
PG15   5935.202738 -20680.883927  15006.882046   -218.199310  6  6  3  94       
PG16 -19930.163361   3287.854198  17259.283742   -181.551259  9  5  7  92       
PG17  13441.063245  13776.703876 -17902.241212    294.478438  6  6  6  79       
PG18  -5265.889250 -14750.525312  21434.750589    243.839200  8  6  7  71       
PG19  14821.536786   5480.721807 -21656.127992   -133.305739  8  6  7  57       
PG20 -16661.737530 -14820.815335  14518.747640    527.307768  8  5  6  81       
PG21 -18288.795860  -2109.374907  19814.855244     22.531656  3  5  6  56       
PG22 -10842.326382  12720.686653 -20408.738686   -772.673228  6  4  4  96       
PG24  12051.526828 -21299.309329 -10046.436917    -15.521904  4  4  4  94       
PG25  -8073.731166 -17101.824503 -18991.322594     22.269222  6  3  4  97       
PG26 -25644.947769  -3950.653566   6169.755209    241.638454  8  5  5  87       
PG27 -13033.698594   8773.786583  21211.700786   -343.460281  6  6  3  93       
PG28  22777.496813  13292.723341   2932.451514    700.458500  6  5  4  62       
PG29  -3115.003595 -26338.503404    951.638542   -148.181878  9  4  5 103       
PG30  15521.595574   7018.353884  20472.388178   -260.109913  4  3     92       
PG31 -21460.226940   2599.168807 -15769.470383    -54.984927  7  3  4  67       
PG32 -15088.016569 -12124.922184 -18167.155774    315.421713  4  3  6  88       
*  2020  7 11 23 15  0.00000000
PG01 -12633.903900  20926.699108 -10189.478594     24.335006  6  5  4  74       
PG02  20964.794875 -12522.395978  -9750.052869   -485.842853  7  5  4  70       
PG03  -4979.698391  14289.748920 -21896.747598   -236.852788  7  4  5  83       
PG04  -1369.998278  24971.669667  -8881.355533   -113.587481  7  9  5  44       
PG05  22918.667132  -3406.745083  13016.954075    -16.472268  7  5  8  82       
PG06  18638.524310   -115.655178 -18887.298683   -301.763485  7  6  4  64       
PG07   4071.018191  16300.953323  20777.092531   -325.095197  3  4  6  78       
PG08  -8314.320698  17594.156388  17967.826579    -40.644409  6  5  5  57       
PG09   7853.713051  25272.605760   2098.778069   -252.002909  6  3  6  70       
PG10 -22984.080167 -11799.690764   6773.592498   -396.968819  8  6  5  95       
PG11 -11848.905357  23539.940748   4012.379319   -223.792713  7  3  3  60       
PG12   6007.112770 -13698.660734 -22179.778874     94.926473  8  6  6  82       
PG13  13373.006857  -9570.037776  20717.173195     25.919309  4  4  4 102       
PG14 -15358.812241  -6790.643184 -20268.931243      0.641220  5  6  6  90       
PG15   6745.881214 -18945.517103  16841.222966   -218.197067  6  6  3  90       
PG16 -21603.886088   2417.058117  15344.304679   -181.555338  9  4  7  65       
PG17  13592.063584  15787.627706 -16081.467835    294.483645  6  6  6  79       
PG18  -3372.233671 -16248.895822  20718.719406    243.847874  8  7  7  69       
PG19  14989.101646   7834.952817 -20791.323075   -133.301422  8  7  7  82       
PG20 -14871.107688 -14690.420664  16436.600543    527.307292  8  6  6  65       
PG21 -16817.123075  -3734.686180  20916.651115     22.535238  5  5  6  73       
PG22 -13083.129948  12047.056347 -19479.382983   -772.671083  5  4  4  98       
PG24  12980.628981 -21770.544103  -7468.830784    -15.522679  4  4  4  66       
PG25  -5969.859316 -16481.908149 -20267.136675     22.272993  6  4  3  94       
PG26 -26093.635494  -4370.091178   3426.756219    241.644586  8  5  5  81       
PG27 -13573.714482   6342.850832  21758.222555   -343.468901  7  6  3  93       
PG28  22295.575057  13307.534687   5772.848399    700.454841  6  6  5  69       
PG29  -2922.308693 -26310.269352  -1953.864269   -148.189825  9  4  5 100       
PG30  13726.927931   8575.148945  21132.463710   -260.116840  4  3     87       
PG31 -20101.638754   1283.149123 -17580.118547    -54.987048  6  3  4  66       
PG32 -15339.221188 -14107.772708 -16466.412265    315.427402  4  3  7  95       
*  2020  7 11 23 30  0.00000000
PG01 -13480.920562  21478.804091  -7520.402252     24.339026  6  5  4  65       
PG02  20263.791051 -11348.983246 -12205.016000   -485.847950  7  5  5  68       
PG03  -7363.204515  13623.557991 -21638.176879   -236.863328  7  4  5  78       
PG04  -1859.688432  23891.127087 -11405.825471   -113.591808  7  9  6  85       
PG05  24201.051612  -2878.592544  10650.479711    -16.472788  7  6  8  78       
PG06  17118.621686   1533.613257 -20210.358055   -301.768129  7  6  4  69       
PG07   2366.193981  17803.353858  19723.067249   -325.102933  3  4  6  71       
PG08  -9028.473955  15566.768824  19456.672660    -40.645153  7  6  5  78       
PG09   7606.881176  25429.411126   -740.041628   -252.008761  6  4  6  74       
PG10 -22052.861366 -11763.256596   9423.646952   -396.978511  8  5  5  58       
PG11 -11983.709643  22797.255857   6660.725231   -223.783174  7  3  2  60       
PG12   8332.192125 -12871.359460 -21906.086332     94.922223  8  6  6  74       
PG13  13761.783560  -7164.445036  21426.884212     25.922250  5  4  4  95       
PG14 -15676.796559  -9090.654320 -19128.197338      0.643872  5  5  7  90       
PG15   7702.321171 -17068.957925  18374.735096   -218.194670  7  6  4 102       
PG16 -23103.153963   1723.752097  13166.671038   -181.559797 10  4  7  92       
PG17  13809.640757  17562.680116 -13976.221171    294.488899  6  6  7  70       
PG18  -1633.706387 -17775.490574  19645.591175    243.856583  8  7  7  78       
PG19  15270.922047  10061.976023 -19578.326908   -133.296988  8  7  7  67       
PG20 -12875.942935 -14619.821052  18072.590918    527.307800  8  6  6  59       
PG21 -15368.239332  -5507.454596  21679.473000     22.539580  6  5  6  70       
PG22 -15230.207483  11501.744282 -18207.822488   -772.668519  5  4  5  74       
PG24  13688.273413 -22062.048716  -4760.712929    -15.523574  4  5  4  82       
PG25  -3715.343475 -15942.821663 -21203.323586     22.276774  7  5  3  86       
PG26 -26259.665956  -4693.615677    625.548417    241.650687  8  6  6  85       
PG27 -14254.271561   3908.354269  21924.294575   -343.477466  7  6  3  70       
PG28  21523.129765  13233.745560   8514.375480    700.451732  6  6  5  68       
PG29  -2667.539784 -25970.410040  -4825.681237   -148.197874  9  4  5  93       
PG30  11969.144620  10255.537625  21431.289344   -260.123774  4  3  2  90       
PG31 -18676.023353   -231.994808 -19094.120299    -54.989292  6  4  5  65       
PG32 -15638.408518 -15872.092504 -14482.304062    315.433051  4  3  7  97       
*  2020  7 11 23 45  0.00000000
PG01 -14090.398721  21844.303306  -4720.306363     24.343095  7  5  4  70       
PG02  19458.629152  -9922.598313 -14442.050367   -485.853335  8  5  6  52       
PG03  -9730.754585  13094.816698 -21009.318057   -236.873851  6  5  5  78       
PG04  -2482.850941  22573.862203 -13733.534938   -113.596007  7  9  7  93       
PG05  25234.123979  -2465.593999   8101.448133    -16.473696  7  6  9  88       
PG06  15605.033933   3362.335849 -21184.478205   -301.772765  7  7  4  76       
PG07    827.973549  19292.676280  18334.026456   -325.110759  4  3  6  77       
PG08  -9897.914642  13440.481303  20608.551759    -40.645191  7  6  5  70       
PG09   7263.106388  25295.863719  -3566.118821   -252.014658  6  4  6  85       
PG10 -20837.624270 -11719.219438  11914.248012   -396.988111  8  6  5  67       
PG11 -12080.382978  21776.903169   9194.927925   -223.773562  8  3  2  46       
PG12  10651.741597 -12187.367135 -21262.959112     94.917701  7  7  7  68       
PG13  14288.267307  -4724.911399  21763.475850     25.925205  6  5  4 113       
PG14 -16076.868115 -11222.213150 -17650.357080      0.646403  5  5  7 103       
PG15   8807.214689 -15096.197362  19580.211173   -218.192252  7  6  4 114       
PG16 -24388.186659   1191.417623  10764.625811   -181.563953 10  3  7  79       
PG17  14058.944708  19072.847959 -11624.723779    294.494114  7  6  8  61       
PG18    -73.788329 -19288.539892  18233.796425    243.865159  8  8  8  71       
PG19  15643.720012  12120.328615 -18037.047460   -133.292481  8  7  7  75       
PG20 -10710.971763 -14634.019921  19398.039380    527.307440  9  6  6  60       
PG21 -13978.233824  -7401.576887  22092.559581     22.543456  7  6  7  85       
PG22 -17238.700911  11076.731581 -16616.402652   -772.666235  6  4  5  87       
PG24  14190.166614 -22140.672273  -1969.149327    -15.523136  3  5  4 102       
PG25  -1350.428822 -15508.179996 -21783.840182     22.280578  7  6  5  79       
PG26 -26130.802851  -4955.119734  -2186.281201    241.656811  9  6  7  75       
PG27 -15064.222513   1520.363742  21708.025389   -343.486085  8  6  4  52       
PG28  20463.723805  13111.867414  11111.083495    700.447783  7  6  6  88       
PG29  -2314.066192 -25334.166897  -7614.343641   -148.205318  8  5  5 109       
PG30  10284.756794  12030.442601  21363.137450   -260.130681  4  3  3  95       
PG31 -17225.766731  -1933.195697 -20285.030047    -54.991554  5  5  5  75       
PG32 -15951.667591 -17391.422143 -12249.361998    315.438638  5  2  7  96       
EOF
