#cP2020  7  7  0  0  0.00000000      96 ORBIT IGb14 HLM  IGS
## 2113 172800.00000000   900.00000000 59037 0.0000000000000
+   31   G01G02G03G04G05G06G07G08G09G10G11G12G13G14G15G16G17
+        G18G19G20G21G22G24G25G26G27G28G29G30G31G32  0  0  0
+          0  0  0  0  0  0  0  0  0  0  0  0  0  0  0  0  0
+          0  0  0  0  0  0  0  0  0  0  0  0  0  0  0  0  0
+          0  0  0  0  0  0  0  0  0  0  0  0  0  0  0  0  0
++         2  2  2  2  2  2  1  2  2  2  2  2  2  1  2  2  2
++         3  2  2  2  2  2  2  2  2  2  2  1  2  1  0  0  0
++         0  0  0  0  0  0  0  0  0  0  0  0  0  0  0  0  0
++         0  0  0  0  0  0  0  0  0  0  0  0  0  0  0  0  0
++         0  0  0  0  0  0  0  0  0  0  0  0  0  0  0  0  0
%c G  cc GPS ccc cccc cccc cccc cccc ccccc ccccc ccccc ccccc
%c cc cc ccc ccc cccc cccc cccc cccc ccccc ccccc ccccc ccccc
%f  1.2500000  1.025000000  0.00000000000  0.000000000000000
%f  0.0000000  0.000000000  0.00000000000  0.000000000000000
%i    0    0    0    0      0      0      0      0         0
%i    0    0    0    0      0      0      0      0         0
/* FINAL ORBIT COMBINATION FROM WEIGHTED AVERAGE OF:        
/* cod emr esa gfz grg jpl mit ngs sio                      
/* REFERENCED TO IGS TIME (IGST) AND TO WEIGHTED MEAN POLE: 
/* PCV:IGS14_2114 OL/AL:FES2004  NONE     Y  ORB:CMB CLK:CMB
*  2020  7  7  0  0  0.00000000
PG01 -13916.503184  21728.999349  -5721.535706     22.263653  8  3  5  93       
PG02  19759.693100 -10422.750608 -13691.126221   -483.374531  9  8  5  81       
PG03  -8985.997836  13232.345928 -21256.651834   -231.833906  7  6  8  60       
PG04  -2231.580289  23084.297438 -12902.739830   -111.588233 10  7 10  67       
PG05  24896.831354  -2590.721216   9031.121388    -16.136842  8  8  6  58       
PG06  16198.418987   2598.405426 -20845.548068   -299.507333  9  9  8 117       
PG07   1387.143978  18742.328821  18887.738826   -321.344678  5  3  4 114       
PG08  -9575.765512  14204.495412  20236.582302    -40.104943  7  3  6  95       
PG09   7388.812676  25378.921956  -2561.275852   -249.196585  7  5  7  95       
PG10 -21311.384380 -11732.561946  11030.766215   -392.348372 11  9 10 114       
PG11 -12067.754020  22158.948357   8309.875342   -228.357411  7  4  5  69       
PG12   9805.596957 -12418.779652 -21542.049165     97.018085  7  7  6  80       
PG13  14080.672506  -5626.136709  21681.653610     24.503001  6  4  7  76       
PG14 -15927.517584 -10460.216828 -18226.690612     -0.574686  8  7  6 110       
PG15   8412.198780 -15799.246883  19190.639572   -219.309347  5  2  6  64       
PG16 -23992.965477   1298.827358  11580.172864   -179.510762  8  4  8 101       
PG17  13953.595737  18593.726727 -12465.532696    291.986790  9  8  8  90       
PG18   -582.922726 -18762.631655  18766.945449    239.701086 10 10 10  58       
PG19  15498.955212  11413.024370 -18622.058628   -135.483380  8  8  9 104       
PG20 -11530.163906 -14614.136760  18947.439445    527.342048  4  4  7  85       
PG21 -13731.786244  -7832.582267  22100.568215     20.558442  7  6  6 103       
PG22 -16616.131076  11167.017184 -17178.075301   -773.744521  8  7  5  66       
PG24  14010.436120 -22146.720143  -3024.490439    -15.313971  7  4  8  78       
PG25  -2130.369327 -15641.842842 -21631.284549     20.498084  8  7  6 111       
PG26 -26216.522667  -4847.373914  -1140.086568    238.695937 10  8  7  67       
PG27 -14757.217598   2379.131320  21829.607666   -339.323936  7  6  7  97       
PG28  20884.460959  13154.314614  10186.621800    701.992546  9  9  9  75       
PG29  -2454.259847 -25597.985711  -6619.156245   -144.482278  7  5  8 116       
PG30  10928.352622  11331.718508  21432.390678   -256.792986  5  6  4 111       
PG31 -17785.621590  -1233.331335 -19866.635530    -53.925248  5  8  6 107       
PG32 -15827.950222 -16908.481114 -13048.983808    312.710122  6  5  6 118       
*  2020  7  7  0 15  0.00000000
PG01 -14381.720782  21953.909721  -2862.448823     22.268185  7  3  5 114       
PG02  18907.229381  -8835.564872 -15763.426639   -483.379811  8  8  5 113       
PG03 -11314.647194  12791.864853 -20384.724620   -231.844498  7  7  6  64       
PG04  -2950.992558  21635.936088 -15084.740277   -111.592426 10  7 10  75       
PG05  25755.507876  -2236.449785   6387.790593    -16.137529  8  8  6  96       
PG06  14712.593836   4526.188562 -21598.525570   -299.512164  8  9  7 110       
PG07    -37.673636  20202.018027  17299.025796   -321.352366  4  3  4 105       
PG08 -10544.134018  12039.867119  21161.194606    -40.105826  6  3  6 111       
PG09   6965.031007  25067.105228  -5353.137849   -249.202560  7  6  6  97       
PG10 -19923.536784 -11703.013793  13397.786595   -392.358086 10  8  8 103       
PG11 -12156.886999  20963.007145  10746.768105   -228.347503  7  4  6  77       
PG12  12096.735194 -11829.126208 -20669.020819     97.013911  6  7  6  91       
PG13  14692.666271  -3191.330464  21778.679862     24.505932  6  4  6  66       
PG14 -16365.155702 -12465.366167 -16548.963185     -0.572060  8  7  6 101       
PG15   9609.241009 -13788.460092  20172.639808   -219.306949  5  3  5  74       
PG16 -25114.055265    859.646671   9050.613720   -179.515059  8  4  8 102       
PG17  14201.591209  19919.647762  -9975.936746    291.992177  8  7  8  76       
PG18    853.562450 -20242.001936  17148.141060    239.709876  9  9  9  99       
PG19  15914.034787  13343.516413 -16882.605879   -135.478819  7  8  8  92       
PG20  -9278.303535 -14692.543847  20064.580920    527.341906  4  4  7  92       
PG21 -12383.641643  -9783.781180  22146.151413     20.562940  7  5  5 128       
PG22 -18507.898142  10810.195580 -15388.113589   -773.742375  8  6  5  79       
PG24  14394.924422 -22078.185406   -205.517686    -15.314397  7  4  7 104       
PG25    283.123585 -15281.929411 -21969.842266     20.501805  8  7  6 115       
PG26 -25900.267534  -5087.895532  -3934.539826    238.702073 10  8  7  73       
PG27 -15640.158496     45.697257  21371.825562   -339.332580  7  6  7  94       
PG28  19648.351729  13022.609495  12668.953945    701.989133  9  8  9  82       
PG29  -2020.394786 -24784.490091  -9329.179114   -144.490082  7  5  8 127       
PG30   9307.288939  13149.768717  21137.271750   -256.799986  5  6  4 102       
PG31 -16342.900073  -3040.982540 -20847.910978    -53.927394  5  8  6  98       
PG32 -16128.789715 -18257.696078 -10674.450333    312.715875  5  5  6  72       
*  2020  7  7  0 30  0.00000000
PG01 -14642.856313  21935.803781     46.775535     22.272841  6  2  5 110       
PG02  18019.091165  -7012.611811 -17551.630182   -483.384941  8  8  4 112       
PG03 -13546.763773  12486.600185 -19163.330147   -231.855090  6  7  5  71       
PG04  -3834.037275  20012.327227 -17006.552042   -111.596651 10  6  9  23       
PG05  26326.904495  -1947.537471   3635.356510    -16.138682  8  7  5  93       
PG06  13297.592499   6585.785540 -21978.284790   -299.517006  7  8  7 110       
PG07  -1275.664813  21576.954639  15413.866544   -321.360496  3  2  4 104       
PG08 -11661.439557   9856.007010  21720.527140    -40.108163  6  3  6 105       
PG09   6393.223222  24496.667330  -8052.886443   -249.208517  6  6  5  90       
PG10 -18283.301127 -11724.535148  15538.072643   -392.367762  9  7  7  97       
PG11 -12261.912017  19506.730144  12997.591143   -228.338293  7  3  5  89       
PG12  14302.899067 -11385.573871 -19446.312526     97.009363  6  7  6  93       
PG13  15428.978382   -803.284029  21496.902096     24.508942  7  4  5  64       
PG14 -16834.950570 -14245.888751 -14581.294467     -0.569679  8  6  6  76       
PG15  10941.930046 -11757.364646  20795.374225   -219.304440  4  4  5  41       
PG16 -25967.529922    539.347904   6367.839909   -179.519608  7  5  8  93       
PG17  14417.035653  20952.087640  -7311.865822    291.997697  8  6  8  79       
PG18   2090.218321 -21634.700716  15233.667961    239.718653  9  9  9  88       
PG19  16368.608840  15049.543488 -14859.217567   -135.474134  6  7  8  79       
PG20  -6923.916354 -14883.281861  20835.801194    527.341819  5  5  7  80       
PG21 -11150.051785 -11789.708687  21836.646201     20.567456  7  5  5 101       
PG22 -20194.912873  10545.108489 -13328.049910   -773.739827  8  6  6  83       
PG24  14613.248925 -21754.946203   2617.053197    -15.313557  6  4  7 104       
PG25   2731.947618 -15050.003799 -21938.906363     20.505491  8  7  6 105       
PG26 -25286.813181  -5324.972995  -6662.228689    238.708188  9  7  7  71       
PG27 -16617.337513  -2166.111303  20543.103374   -339.341247  7  5  7  96       
PG28  18149.481657  12907.308905  14938.149919    701.986030  8  8  8  95       
PG29  -1436.797842 -23717.351495 -11878.623695   -144.497945  7  5  7 116       
PG30   7807.547268  15003.367619  20479.128667   -256.806957  5  6  5 101       
PG31 -14939.576931  -4996.958726 -21474.611910    -53.929555  5  8  6 100       
PG32 -16381.783649 -19335.774722  -8116.960136    312.721615  6  4  6  89       
*  2020  7  7  0 45  0.00000000
PG01 -14729.316578  21648.861925   2955.154638     22.277490  6  2  6 110       
PG02  17135.507808  -4976.309542 -19022.068370   -483.390393  7  8  4 104       
PG03 -15636.387518  12304.522979 -17613.031818   -231.865635  6  7  5  81       
PG04  -4889.470484  18256.655815 -18635.066133   -111.600869 10  5  9  62       
PG05  26598.311672  -1689.151896    820.947851    -16.139387  9  7  5 101       
PG06  11986.522066   8738.891199 -21978.107013   -299.521835  6  8  6  97       
PG07  -2324.852359  22822.715153  13263.104866   -321.368171  3  3  4  96       
PG08 -12913.018484   7700.233440  21905.706264    -40.109320  5  3  7 106       
PG09   5648.741526  23696.321242 -10614.148498   -249.214464  5  6  4  89       
PG10 -16420.018609 -11828.010598  17415.284185   -392.377478  8  5  6  96       
PG11 -12412.983082  17811.060867  15021.986379   -228.328672  7  3  6 107       
PG12  16377.032885 -11079.012849 -17893.840533     97.005055  6  7  6 120       
PG13  16271.008914   1491.558616  20841.572281     24.511672  7  3  4  70       
PG14 -17300.740612 -15777.369653 -12359.180057     -0.567153  8  6  6 101       
PG15  12392.409489  -9750.556736  21048.570153   -219.302115  4  4  5  26       
PG16 -26530.739732    305.351792   3577.659872   -179.524061  7  5  8  43       
PG17  14559.417920  21686.146345  -4520.526171    292.002833  8  6  7  82       
PG18   3125.328820 -22896.256513  13056.506702    239.727447  9  8  9  64       
PG19  16825.196455  16506.386119 -12585.337405   -135.469880  6  7  8  66       
PG20  -4512.529049 -15193.843245  21247.079075    527.341739  5  5  6  69       
PG21 -10050.331828 -13810.697399  21177.458512     20.571446  7  4  5  98       
PG22 -21644.742683  10346.408127 -11034.268590   -773.737519  8  5  6  93       
PG24  14696.485581 -21160.662843   5393.413877    -15.314273  6  4  6  94       
PG25   5168.225154 -14949.935587 -21538.220016     20.509168  8  7  6 105       
PG26 -24385.801123  -5594.025558  -9276.862659    238.714325  8  7  7  75       
PG27 -17658.314421  -4217.104213  19358.931741   -339.349936  6  5  6  89       
PG28  16413.075497  12844.103601  16957.597717    701.982740  8  7  8  95       
PG29   -680.010246 -22431.860945 -14223.740303   -144.505785  7  5  7 111       
PG30   6450.144806  16850.804585  19468.609800   -256.813946  4  5  5  93       
PG31 -13609.980955  -7068.635526 -21734.815302    -53.931991  5  8  6 104       
PG32 -16548.144013 -20138.169170  -5420.544659    312.727324  5  4  6  79       
*  2020  7  7  1  0  0.00000000
PG01 -14675.779009  21075.206088   5811.431366     22.282158  6  3  6 104       
PG02  16293.564184  -2757.504324 -20146.857987   -483.395848  7  8  4 105       
PG03 -17541.362020  12226.225228 -15760.077609   -231.876201  6  8  5  76       
PG04  -6117.990582  16414.443735 -19942.251352   -111.605069 10  5  9  44       
PG05  26565.481267  -1424.933204  -2007.443227    -16.140192  9  7  5  87       
PG06  10805.798264  10942.052694 -21597.865172   -299.526645  5  8  6  88       
PG07  -3191.215013  23896.552066  10882.539275   -321.376146  3  3  4 111       
PG08 -14276.529220   5616.913363  21714.331714    -40.111118  5  3  7 105       
PG09   4713.307493  22700.553621 -12992.987299   -249.220440  5  6  3  99       
PG10 -14369.507977 -12038.949175  18997.423561   -392.387166  7  4  4  90       
PG11 -12636.425243  15904.185313  16783.119338   -228.319105  7  3  5 112       
PG12  18275.217459 -10892.597913 -16037.144016     97.000431  6  7  5 110       
PG13  17193.016675   3650.969014  19824.475883     24.514838  7  3  4  86       
PG14 -17723.895514 -17043.880401  -9922.305963     -0.564475  7  6  6 103       
PG15  13935.813024  -7809.433711  20928.760958   -219.300030  4  5  4  67       
PG16 -26789.133564    121.511708    727.329685   -179.528400  7  6  8  67       
PG17  14589.228552  22126.308120  -1650.885424    292.008167  8  5  7  84       
PG18   3965.500422 -23984.228447  10654.183249    239.736256  9  8  9  91       
PG19  17243.432019  17697.350515 -10098.727506   -135.465032  6  6  8  90       
PG20  -2091.062072 -15624.084157  21290.589763    527.341745  6  5  6  48       
PG21  -9096.621381 -15804.664341  20179.187840     20.575689  7  4  5 101       
PG22 -22831.913556  10184.112910  -8547.241069   -773.735262  8  4  6  71       
PG24  14679.232493 -20287.137127   8074.396130    -15.314892  5  4  6  99       
PG25   7544.050397 -14977.560925 -20773.641215     20.512963  8  7  7 108       
PG26 -23214.935008  -5928.247026 -11734.029475    238.720444  7  7  6  68       
PG27 -18727.237301  -6074.777614  17840.867029   -339.358608  6  5  6  71       
PG28  14471.214844  12864.134321  18695.159964    701.979473  7  6  7  94       
PG29    266.210368 -20968.710585 -16324.347162   -144.513349  7  6  6 107       
PG30   5248.713574  18648.048632  18122.475343   -256.820958  4  5  6  94       
PG31 -12382.944410  -9217.500130 -21622.737782    -53.933962  5  8  5 104       
PG32 -16590.144936 -20668.912623  -2631.475490    312.733016  5  4  6  91       
*  2020  7  7  1 15  0.00000000
PG01 -14520.665097  20205.782805   8565.040831     22.286833  7  3  6 109       
PG02  15525.622564   -394.473120 -20904.572475   -483.400915  7  8  4  88       
PG03 -19224.803787  12225.764723 -13635.978507   -231.886746  5  8  5  90       
PG04  -7512.034668  14531.881686 -20905.636367   -111.609244 10  5  8  79       
PG05  26232.733149  -1118.579445  -4801.757327    -16.140942  8  7  5  87       
PG06   9774.218945  13148.182839 -20844.034992   -299.531451  5  7  5  86       
PG07  -3888.337575  24759.054688   8312.396862   -321.384100  3  4  4 103       
PG08 -15722.734291   3645.932468  21150.463941    -40.112347  5  3  7  89       
PG09   3575.911651  21548.272085 -15148.649364   -249.226361  4  6  2  74       
PG10 -12172.869239 -12376.385583  20257.364758   -392.396789  6  4  4  86       
PG11 -12953.499415  13820.664215  18248.447724   -228.309561  7  3  5 103       
PG12  19958.203370 -10802.470430 -13907.025604     96.995944  6  6  5 106       
PG13  18163.111205   5638.371566  18463.694122     24.517629  7  4  3  64       
PG14 -18064.939117 -18038.343037  -7313.767843     -0.562078  7  6  6  92       
PG15  15541.160744  -5970.714515  20439.279324   -219.297706  4  5  3  58       
PG16 -26736.724540    -50.321509  -2135.207548   -179.532676  7  6  8  63       
PG17  14469.636598  22286.033731   1247.229834    292.013072  7  4  6  83       
PG18   4625.206069 -24859.824488   8068.119333    239.745053  9  8  8  99       
PG19  17581.669088  18614.274759  -7440.910586   -135.460413  6  5  8  85       
PG20    293.791651 -16166.147551  20964.890742    527.341997  6  6  5  60       
PG21  -8293.574075 -17728.457658  18857.491193     20.580100  6  4  4  87       
PG22 -23738.765319  10024.971144  -5910.759265   -773.733113  8  3  6  76       
PG24  14598.066273 -19134.807642  10612.416606    -15.315365  4  3  5  85       
PG25   9813.103423 -15120.832618 -19657.110343     20.516655  8  7  7  92       
PG26 -21799.384172  -6357.160276 -13991.920469    238.726551  7  7  6  80       
PG27 -19784.247693  -7714.327890  16016.080675   -339.367304  6  5  6  83       
PG28  12361.725985  12992.781052  20123.552751    701.976009  7  6  6  81       
PG29   1410.076981 -19372.455453 -18144.509381   -144.521262  7  6  6 108       
PG30   4209.112301  20350.326631  16463.353079   -256.827983  4  5  6  81       
PG31 -11280.749912 -11400.410079 -21138.922555    -53.936321  5  7  5 100       
PG32 -16472.698899 -20940.294209    202.523305    312.738708  5  3  6  70       
*  2020  7  7  1 30  0.00000000
PG01 -14304.456070  19040.902888  11167.080455     22.291545  7  4  6 111       
PG02  14857.948646   2068.410547 -21280.765796   -483.406330  6  7  4  87       
PG03 -20656.381944  12271.776437 -11276.992633   -231.897287  6  8  6  83       
PG04  -9055.902198  12654.147955 -21508.694006   -111.613404 10  4  8  80       
PG05  25612.752143   -735.421295  -7514.653815    -16.141915  8  7  6  93       
PG06   8902.345416  15308.224305 -19729.588520   -299.536328  5  7  5  59       
PG07  -4436.750835  25375.722962   5596.699254   -321.391991  4  4  4 111       
PG08 -17216.553144   1821.354841  20224.502260    -40.113330  5  3  7  87       
PG09   2233.431754  20281.298347 -17044.253174   -249.232318  3  6  2  70       
PG10  -9875.094844 -12852.030177  21173.312242   -392.406520  5  4  4  72       
PG11 -13379.359270  11600.298432  19390.435940   -228.300078  7  3  5 105       
PG12  21392.790136 -10778.762174 -11539.100091     96.991338  6  6  5  95       
PG13  19144.496043   7424.051748  16783.253337     24.520751  7  4  2  71       
PG14 -18285.193647 -18762.548717  -4579.252606     -0.559493  7  5  6  92       
PG15  17172.508432  -4265.176130  19590.107225   -219.295373  5  5  3  71       
PG16 -26376.250750   -248.677665  -4962.072150   -179.536921  7  6  7  52       
PG17  14168.041656  22187.021374   4124.016728    292.018212  7  4  6  78       
PG18   5126.022134 -25489.391646   5342.914020    239.753845 10  8  8 105       
PG19  17798.658785  19257.727859  -4656.541473   -135.456168  6  4  7  76       
PG20   2597.186321 -16804.701996  20274.994755    527.341742  6  6  5  80       
PG21  -7638.300493 -19539.247607  17232.906471     20.584676  6  4  5  72       
PG22 -24356.000450   9833.957468  -3171.112157   -773.730780  8  3  6  85       
PG24  14489.918014 -17712.902456  12962.398750    -15.315919  4  3  5  91       
PG25  11932.221769 -15360.277774 -18206.525928     20.520339  8  7  7  96       
PG26 -20170.918437  -6905.312548 -16012.017856    238.732664  6  6  6  84       
PG27 -20787.038764  -9119.357110  13916.821762   -339.376002  5  5  5  82       
PG28  10126.891137  13248.688955  21220.644168    701.972805  7  6  6  96       
PG29   2751.274180 -17689.842690 -19653.141966   -144.528954  7  6  5 104       
PG30   3329.345939  21913.751812  14519.387241   -256.834958  3  4  6  99       
PG31 -10318.328070 -13571.052057 -20290.324428    -53.938659  5  7  6  95       
PG32 -16164.835053 -20972.230768   3033.078504    312.744429  6  3  6  92       
*  2020  7  7  1 45  0.00000000
PG01 -14067.921414  17590.409752  13571.259487     22.296215  8  5  6 114       
PG02  14309.609930   4582.290086 -21268.326941   -483.411307  6  7  3  67       
PG03 -21813.358214  12328.808801  -8723.521967   -231.907848  6  8  6  86       
PG04 -10726.201503  10823.778918 -21741.121458   -111.617632 10  5  8  80       
PG05  24726.085645   -243.927445 -10100.275808    -16.142607  8  7  6  85       
PG06   8192.215867  17372.900223 -18273.771500   -299.541166  6  6  5  19       
PG07  -4862.979604  25718.387289   2782.526399   -321.399921  4  5  5 108       
PG08 -18718.342963    170.320205  18952.959367    -40.114596  5  3  6  65       
PG09    690.946180  18942.765618 -18647.408864   -249.238232  3  5  2  76       
PG10  -7523.537502 -13469.700629  21729.182290   -392.416222  5  4  3  69       
PG11 -13922.251427   9286.766195  20187.192558   -228.290434  6  4  5 104       
PG12  22552.997902 -10786.847403  -8973.253732     96.987101  6  6  5  96       
PG13  20096.912378   8986.089797  14812.670178     24.523205  7  4  1  72       
PG14 -18348.379565 -19226.839336  -1766.201260     -0.557001  6  5  6  73       
PG15  18790.297221  -2716.654818  18397.592392   -219.293059  5  5  2  72       
PG16 -25719.030428   -510.846574  -7706.180228   -179.541208  7  7  7  31       
PG17  13657.443806  21858.174959   6930.542947    292.023900  7  4  5  82       
PG18   5495.588914 -25845.719952   2525.569245    239.762636 10  8  8 100       
PG19  17855.241975  19636.889705  -1792.712969   -135.451647  7  4  7  62       
PG20   4777.677696 -17517.490257  19232.325255    527.341531  6  7  4  84       
PG21  -7120.567463 -21195.921684  15330.633312     20.588288  6  4  5  73       
PG22 -24682.907137   9575.838783   -376.224769   -773.728638  8  3  6  80       
PG24  14390.438803 -16039.239606  15082.648311    -15.316014  3  3  5  93       
PG25  13862.872364 -15669.751088 -16445.525441     20.524075  8  7  7  84       
PG26 -18366.805013  -7591.160605 -17759.734296    238.738844  5  6  5  71       
PG27 -21692.503869 -10282.249247  11579.806538   -339.384674  4  5  5  82       
PG28   7812.030151  13643.056562  21969.677822    701.969645  7  5  5  90       
PG29   4280.791895 -15968.072614 -20824.527635   -144.536822  6  7  4  99       
PG30   2599.798429  23296.939692  12323.783649   -256.841936  3  4  6  94       
PG31  -9502.741710 -15681.549410 -19090.285123    -53.940975  5  7  5  96       
PG32 -15641.024241 -20791.361772   5811.974053    312.750191  6  3  6  68       
*  2020  7  7  2  0  0.00000000
PG01 -13850.336136  15873.464896  15734.803609     22.300888  8  5  6 116       
PG02  13891.701373   7095.645203 -20867.650155   -483.416231  6  7  3  85       
PG03 -22681.345633  12358.833936  -6019.430533   -231.918393  6  8  7  96       
PG04 -12492.602102   9079.153950 -21599.011937   -111.621831 10  5  8  72       
PG05  23600.362703    382.914611 -12514.984188    -16.143504  7  6  5  88       
PG06   7637.401999  19294.483086 -16501.768281   -299.546051  6  6  5  46       
PG07  -5198.330754  25766.410479    -80.811768   -321.407885  3  5  5  98       
PG08 -20185.356901  -1287.783053  17358.139105    -40.115325  4  3  6  99       
PG09  -1038.269376  17575.481982 -19930.759282   -249.244169  3  5  2  73       
PG10  -5166.289300 -14225.058565  21914.900071   -392.425935  5  4  3  37       
PG11 -14583.001510   6926.083419  20623.007892   -228.280923  6  4  5 109       
PG12  23420.984131 -10788.799334  -6253.018317     96.982689  6  5  5  95       
PG13  20978.224606  10310.986012  12586.403213     24.526724  7  4  2  68       
PG14 -18222.109621 -19449.473584   1077.029651     -0.554660  6  5  5  84       
PG15  20352.843699  -1341.347645  16884.044560   -219.290826  5  6  2  66       
PG16 -24784.520807   -871.315413 -10321.951209   -179.545404  6  7  7  42       
PG17  12917.583771  21334.327944   9619.544738    292.029085  8  4  4  81       
PG18   5766.336004 -25909.109317   -335.326872    239.771429 10  9  8 105       
PG19  17715.992027  19769.111093   1101.797129   -135.447110  7  4  7  83       
PG20   6798.650437 -18276.168857  17854.552034    527.341818  6  7  4  91       
PG21  -6723.250801 -22660.443049  13180.268082     20.592560  6  4  5  85       
PG22 -24727.251361   9216.744414   2425.221028   -773.726747  7  3  5  95       
PG24  14332.425736 -14139.681846  16935.659905    -15.315962  2  3  4  84       
PG25  15572.468444 -16017.460866 -14403.169059     20.527827  8  7  7  64       
PG26 -16428.506957  -8426.188374 -19204.995312    238.744975  5  6  5  95       
PG27 -22458.411224 -11204.209553   9045.548788   -339.393397  4  5  5  86       
PG28   5464.001280  14179.202879  22359.426736    701.966568  7  6  4  92       
PG29   5981.097871 -14253.058166 -21638.741813   -144.544651  6  7  4  96       
PG30   2003.771948  24462.547910   9914.256725   -256.848866  2  4  6  91       
PG31  -8832.982462 -17684.159393 -17558.392672    -53.942918  5  7  5  91       
PG32 -14882.301520 -20429.903384   8491.948162    312.755938  5  3  6  71       
*  2020  7  7  2 15  0.00000000
PG01 -13687.764093  13917.956434  17619.291002     22.305576  8  6  6  99       
PG02  13606.936261   9556.231910 -20086.613974   -483.421568  6  7  3  58       
PG03 -23254.754986  12322.873430  -3211.294740   -231.928932  7  7  7 105       
PG04 -14318.863935   7453.152693 -21084.915341   -111.626015 10  5  8  81       
PG05  22269.264857   1166.392620 -14718.051579    -16.144244  7  6  5  74       
PG06   7223.406194  21028.512975 -14444.260195   -299.550909  6  6  4  45       
PG07  -5477.466279  25507.614554  -2942.681206   -321.416109  4  6  5  80       
PG08 -21573.323410  -2541.841755  15467.725394    -40.117031  4  3  6  85       
PG09  -2933.061613  16220.322265 -20872.434336   -249.250091  3  5  3  58       
PG10  -2850.530584 -15105.663846  21726.606225   -392.435659  6  4  4  68       
PG11 -15354.816915   4564.949004  20688.770297   -228.271376  6  4  4  99       
PG12  23987.666147 -10744.998081  -3424.866412     96.978209  6  5  5  78       
PG13  21746.084373  11393.956480  10143.223061     24.529425  6  4  2  70       
PG14 -17879.222265 -19455.710124   3901.992720     -0.552000  5  5  5  81       
PG15  21817.906467   -147.435364  15077.227337   -219.288528  5  6  1  77       
PG16 -23599.599140  -1360.317695 -12765.984867   -179.549636  6  7  7  26       
PG17  11935.816514  20654.777662  12146.166116    292.034019  8  4  4  86       
PG18   5974.023141 -25668.157582  -3190.444260    239.780236 10 10  9 114       
PG19  17350.744678  19679.164759   3977.329010   -135.442316  7  4  7  94       
PG20   8629.560735 -19047.407482  16165.307453    527.341549  6  7  3  93       
PG21  -6423.032471 -23899.131160  10815.488486     20.596965  6  4  6  94       
PG22 -24504.846700   8725.676242   5184.664951   -773.724539  7  3  5 102       
PG24  14344.376919 -12047.268032  18488.834180    -15.316097  2  3  4  95       
PG25  17035.480050 -16367.234239 -12113.525619     20.531537  7  6  6  70       
PG26 -14400.229975  -9414.291596 -20322.755556    238.751113  5  6  4  62       
PG27 -23045.041187 -11894.972246   6357.644770   -339.402173  3  5  5  78       
PG28   3129.670003  14852.421488  22384.282606    701.962995  7  5  4  78       
PG29   7826.642003 -12587.748849 -22081.978803   -144.552517  6  7  3  88       
PG30   1518.313381  25378.678304   7332.386391   -256.855919  2  4  6  86       
PG31  -8300.093799 -19532.995404 -15720.220853    -53.945308  5  7  5  69       
PG32 -13877.144835 -19924.306122  11027.469570    312.761627  5  3  6  68       
*  2020  7  7  2 30  0.00000000
PG01 -13611.482357  11759.554019  19191.398032     22.310256  7  6  6  91       
PG02  13449.620709  11913.051430 -18940.370745   -483.426794  6  6  3  34       
PG03 -23536.909818  12182.675939   -347.598385   -231.939455  7  7  7  91       
PG04 -16164.103901   5972.035788 -20207.787310   -111.630156 10  6  8  67       
PG05  20771.287305   2121.082003 -16672.308031    -16.144480  6  5  5  71       
PG06   6928.383040  22535.398004 -12136.885451   -299.555757  6  6  3  60       
PG07  -5736.818197  24938.885069  -5752.088234   -321.423990  4  5  4  43       
PG08 -22838.086799  -3589.222965  13314.290978    -40.118496  4  4  5  83       
PG09  -4965.023530  14914.709489 -21456.412025   -249.256015  3  5  4  48       
PG10   -620.908946 -16091.347868  21166.767383   -392.445353  6  5  4  61       
PG11 -16223.423071   2249.045181  20382.242616   -228.261824  5  4  4  91       
PG12  24253.020598 -10615.829622   -537.436624     96.973767  6  4  6  61       
PG13  22359.607340  12238.891317   7525.514307     24.532553  6  5     74       
PG14 -17298.907769 -19276.649799   6660.947387     -0.549517  5  5  5  46       
PG15  23144.264222    864.966743  13009.763167   -219.286234  5  6     71       
PG16 -22197.592677  -2002.542984 -14997.702834   -179.553763  5  7  6  46       
PG17  10707.692795  19861.689367  14468.632159    292.039381  8  5  3  89       
PG18   6156.154359 -25120.239024  -5990.567506    239.788984  9 10  9 104       
PG19  16735.953531  19398.210342   6784.182816   -135.437478  7  4  6  90       
PG20  10246.943390 -19794.205821  14193.786498    527.341405  6  7  3  76       
PG21  -6191.326557 -24883.823928   8273.682566     20.601017  6  4  6  81       
PG22 -24038.823682   8075.898268   7854.528021   -773.722142  7  4  5  96       
PG24  14449.237919  -9801.058274  19715.088018    -15.316970  2  3  4  76       
PG25  18234.292558 -16679.977809  -9615.161873     20.535251  7  6  6  88       
PG26 -12327.370197 -10551.454759 -21093.440283    238.757307  5  6  3  75       
PG27 -23416.725740 -12372.193651   3562.025851   -339.410902  3  5  5  56       
PG28    854.394148  15650.121553  22044.284561    701.959779  7  5  4  67       
PG29   9784.673135 -11010.582429 -22146.774775   -144.560203  5  7  3  76       
PG30   1115.296713  26020.084176   4622.895329   -256.862919  2  4  6  59       
PG31  -7887.621625 -21185.706052 -13606.947363    -53.947650  5  7  5  79       
PG32 -12622.077643 -19313.767259  13375.482006    312.767378  5  3  6  75       
*  2020  7  7  2 45  0.00000000
PG01 -13646.615306   9440.449862  20423.535505     22.314967  6  6  6  76       
PG02  13406.009685  14118.255477 -17450.956594   -483.432053  6  5  3  21       
PG03 -23539.823879  11902.380131   2522.113563   -231.949986  7  6  6  98       
PG04 -17984.250986   4654.591345 -18982.828067   -111.634418 10  6  7  68       
PG05  19148.335932   3254.112333 -18344.730887    -16.145599  6  5  5  74       
PG06   6724.155992  23781.834501  -9619.610574   -299.560545  6  6  3  62       
PG07  -6012.911753  24066.418749  -8458.679654   -321.431761  4  6  5  44       
PG08 -23937.247772  -4435.656230  10934.735247    -40.119143  4  4  5  79       
PG09  -7099.398862  13691.243244 -21672.781097   -249.261946  3  5  4  50       
PG10   1481.991424 -17154.895593  20244.185900   -392.455042  6  5  5  53       
PG11 -17167.534036     21.367646  19708.184349   -228.252157  5  5  3  59       
PG12  24226.042557 -10363.409764   2359.299872     96.969396  5  3  6  90       
PG13  22780.997263  12857.980802   4778.523256     24.535139  5  5     55       
PG14 -16467.589809 -18947.885828   9307.619846     -0.547207  5  4  5  51       
PG15  24293.242470   1703.537380  10718.469532   -219.283705  5  6     55       
PG16 -20617.091883  -2816.050927 -16979.950101   -179.557991  5  7  5  64       
PG17   9237.234636  18998.431012  16548.851785    292.044728  8  5  3  88       
PG18   6350.328172 -24271.654701  -8687.449447    239.797756  9 10 10 114       
PG19  15855.814310  18962.508081   9473.486339   -135.433057  7  5  6  93       
PG20  11635.141689 -20477.375674  11974.236850    527.341371  6  7  3  76       
PG21  -5995.411657 -25592.881781   5595.516565     20.605062  6  5  5  99       
PG22 -23358.632238   7246.151351  10389.037202   -773.720243  6  4  5  67       
PG24  14663.393042  -7444.742881  20593.343836    -15.317563  1  2  4  66       
PG25  19159.775991 -16915.281145  -6950.538406     20.539076  7  6  5  68       
PG26 -10254.919684 -11825.735134 -21503.303959    238.763566  5  6  4  85       
PG27 -23543.234816 -12660.558725    706.191232   -339.419665  3  5  5  49       
PG28  -1319.428061  16552.248022  21345.090536    701.956744  7  5  4  80       
PG29  11816.337254  -9554.122493 -21832.124786   -144.568084  4  7  3  59       
PG30    762.719066  26369.132747   1832.859439   -256.869878  2  4  6  68       
PG31  -7572.379787 -22605.042321 -11254.852658    -53.949992  5  7  4  85       
PG32 -11121.973496 -18638.653976  15496.106556    312.773138  5  3  6  45       
*  2020  7  7  3  0  0.00000000
PG01 -13811.037380   7007.839928  21294.360019     22.319668  5  5  5  46       
PG02  13455.022367  16128.900387 -15646.739431   -483.437284  6  5  4  34       
PG03 -23283.648283  11450.096312   5348.106960   -231.960504  7  6  6  80       
PG04 -19733.634032   3511.579017 -17431.214196   -111.638620 10  6  7  83       
PG05  17444.211070   4564.714507 -19706.971954    -16.146208  5  5  4  70       
PG06   6577.488196  24741.991600  -6936.025177   -299.565321  5  6  3  79       
PG07  -6340.669991  22905.596040 -11013.752467   -321.439867  4  5  4  65       
PG08 -24831.743522  -5094.800720   8369.660713    -40.119818  4  4  4  80       
PG09  -9296.232989  12576.526511 -21517.901796   -249.267852  3  5  4  89       
PG10   3423.032078 -18263.014384  18973.905214   -392.464741  6  6  5  59       
PG11 -18159.641608  -2079.339026  18678.310413   -228.242481  4  5  3  76       
PG12  23924.360473  -9953.264272   5214.917588     96.964707  4  3  6  75       
PG13  22977.054891  13271.027599   1949.565926     24.538625  5  5     51       
PG14 -15379.535415 -18508.015811  11797.916600     -0.544496  5  4  5  72       
PG15  25230.130616   2383.177135   8243.644410   -219.281552  5  6     77       
PG16 -18900.587546  -3811.426463 -18679.552142   -179.562276  5  7  5  79       
PG17   7536.901633  18107.899466  18352.947496    292.049998  8  5  3  78       
PG18   6592.588964 -23137.448883 -11234.646488    239.806562  9 11 10  94       
PG19  14703.108081  18411.927140  11998.073057   -135.428415  7  5  6  85       
PG20  12786.729678 -21057.128624   9545.348084    527.341125  7  7  3  93       
PG21  -5799.740011 -26011.996132   2824.436432     20.608896  6  5  5  77       
PG22 -22498.820674   6221.647132  12745.000513   -773.717997  6  4  5  84       
PG24  14995.943132  -5025.075248  21108.888171    -15.317788  1  3  4  76       
PG25  19811.537356 -17033.102730  -4165.318025     20.542905  7  6  5  83       
PG26  -8225.888613 -13217.557761 -21544.698552    238.769691  5  6  5  86       
PG27 -23400.960887 -12790.638353  -2161.567755   -339.428427  3  4  5  57       
PG28  -3353.702773  17531.966104  20297.893082    701.953535  6  4  5  63       
PG29  13878.015542  -8243.932699 -21143.492629   -144.575728  4  7  3  71       
PG30    426.158668  26416.482282   -989.133569   -256.876844  2  4  5  54       
PG31  -7325.503939 -23760.246635  -8704.704990    -53.952244  5  7  4  73       
PG32  -9390.051344 -17938.896147  17353.292394    312.778900  5  2  5  23       
*  2020  7  7  3 15  0.00000000
PG01 -14114.590751   4512.210929  21789.149177     22.324286  4  5  4  66       
PG02  13569.276605  17908.472696 -13561.728649   -483.442258  6  4  4  56       
PG03 -22795.808999  10799.342773   8081.339799   -231.971034  7  5  6  51       
PG04 -21366.641165   2545.491955 -15579.728340   -111.642853 10  6  7  93       
PG05  15703.032591   6044.065566 -20735.815670    -16.146418  5  5  4  59       
PG06   6451.556401  25398.414333  -4132.573357   -299.570075  5  6  2  82       
PG07  -6751.775800  21480.477679 -13371.245115   -321.447553  4  5  4  77       
PG08 -25487.309722  -5587.516125   5662.697978    -40.121700  4  4  4  78       
PG09 -11511.727087  11590.234782 -20994.462651   -249.273757  3  5  4  85       
PG10   5173.700767 -19377.556475  17377.008573   -392.474322  6  6  6  51       
PG11 -19167.090691  -4019.968844  17311.083525   -228.232815  4  5  3  59       
PG12  23373.516890  -9355.895942   7979.443655     96.960611  4  3  6  71       
PG13  22920.514486  13504.475014   -912.789185     24.541284  4  5     62       
PG14 -14037.176509 -17997.072102  14090.585065     -0.542014  4  4  5  58       
PG15  25925.437901   2925.166716   5628.318200   -219.279036  5  6     75       
PG16 -17092.977734  -4991.205649 -20067.823302   -179.566475  5  7  4  88       
PG17   5627.255365  17230.896666  19851.711195    292.055068  8  5  3  74       
PG18   6915.844536 -21740.898884 -13588.320818    239.815374  8 11 11 100       
PG19  13279.723274  17788.304351  14313.353205   -135.423732  8  6  5  88       
PG20  13702.609113 -21494.704493   6949.551876    527.341242  7  8  4  77       
PG21  -5567.386328 -26134.767948      6.098743     20.613351  6  6  6  75       
PG22 -21497.642311   4994.805027  14882.520330   -773.716225  6  4  5  73       
PG24  15448.298081  -2590.195845  21253.594069    -15.318765  1  3  4  82       
PG25  20197.840396 -16995.472780  -1307.595454     20.546794  7  6  5  79       
PG26  -6279.803281 -14700.313638 -21216.244951    238.775901  5  6  6  73       
PG27 -22973.861333 -12797.542540  -4992.941308   -339.437162  3  4  5  81       
PG28  -5215.836977  18556.588373  18919.280206    701.950145  6  4  5  88       
PG29  15922.851896  -7097.729498 -20092.713837   -144.583491  4  7  3  86       
PG30     70.335683  26161.444759  -3793.860742   -256.883825  2  4  5  81       
PG31  -7113.753832 -24628.203290  -6001.041032    -53.954199  6  7  4  71       
PG32  -7447.561460 -17252.408468  18915.407061    312.784650  5  3  5  21       
*  2020  7  7  3 30  0.00000000
PG01 -14558.649313   2005.506859  21900.033935     22.328945  3  5  4  46       
PG02  13716.387246  19428.123036 -11234.774582   -483.447420  6  3  4  75       
PG03 -22109.868043   9930.278238  10674.335754   -231.981585  7  4  5  87       
PG04 -22839.387181   1750.644630 -13460.293486   -111.647084  9  6  7  78       
PG05  13967.662921   7675.437808 -21413.562415    -16.147154  4  4  3  73       
PG06   6307.568874  25742.610540  -1257.736234   -299.574863  5  6  2  76       
PG07  -7273.166420  19822.942760 -15488.681478   -321.455643  4  5  4  84       
PG08 -25875.771552  -5940.866388   2859.789191    -40.123552  5  4  4  90       
PG09 -13699.744775  10744.462144 -20111.432756   -249.279660  3  5  4  78       
PG10   6713.043036 -20456.951491  15480.310590   -392.484033  6  7  6  51       
PG11 -20153.393629  -5774.200699  15631.343840   -228.223415  3  6  4  83       
PG12  22605.939133  -8548.172295  10604.275186     96.956152  3  2  6  63       
PG13  22591.158112  13590.191624  -3759.549320     24.544187  3  5     53       
PG14 -12451.136600 -17454.927843  16147.816393     -0.539474  4  4  5  76       
PG15  26355.944948   3356.095515   2917.487959   -219.276990  5  5     43       
PG16 -15239.994743  -6349.593252 -21121.021718   -179.570988  5  8  3  68       
PG17   3536.338585  16404.610471  21020.986290    292.060779  8  5  3  67       
PG18   7348.412039 -20112.698310 -15707.995456    239.824207  8 11 11  85       
PG19  11596.828255  17133.717108  16378.159063   -135.419415  8  6  5  78       
PG20  14391.777077 -21753.973636   4232.247602    527.341022  7  8  5  89       
PG21  -5261.591902 -25963.026770  -2812.271377     20.617337  5  6  5  84       
PG22 -20395.546230   3565.707056  16765.634860   -773.713867  5  4  5  82       
PG24  16014.097710   -187.918077  21026.006105    -15.320570  2  3  4  80       
PG25  20335.189899 -16768.144181   1572.939949     20.550568  7  6  4  86       
PG26  -4451.337082 -16241.241950 -20522.901970    238.782141  5  6  7  69       
PG27 -22254.127191 -12719.420719  -7740.363211   -339.445904  4  4  5  61       
PG28  -6879.749283  19588.716494  17231.040525    701.946691  6  5  5  82       
PG29  17902.412454  -6124.844586 -18697.793651   -144.591214  3  7  3  77       
PG30   -339.287983  25612.017877  -6532.357571   -256.890816  2  4  5  80       
PG31  -6901.012049 -25194.298631  -3191.355336    -53.956644  5  7  4  71       
PG32  -5323.172920 -16613.600447  20155.758172    312.790401  5  2  5  61       
*  2020  7  7  3 45  0.00000000
PG01 -15136.044294   -460.746913  21626.086040     22.333560  3  5  4  89       
PG02  13860.462240  20667.562392  -8708.688153   -483.452589  5  4  5  92       
PG03 -21264.153136   8830.679693  13082.032763   -231.992150  6  4  5  78       
PG04 -24111.324967   1113.581885 -11109.420043   -111.651279 10  6  6  82       
PG05  12278.184736   9434.648404 -21728.331611    -16.147661  4  3  3  71       
PG06   6106.462666  25775.299578   1638.819014   -299.579629  5  6  2  91       
PG07  -7925.730107  17971.503671 -17328.039744   -321.463434  4  5  4  88       
PG08 -25976.117227  -6186.894602      8.440051    -40.125476  5  4  4  64       
PG09 -15813.414870  10043.368500 -18883.910428   -249.285547  3  5  4  81       
PG10   8028.306535 -21457.796324  13315.943029   -392.493573  6  7  6  68       
PG11 -21079.723733  -7323.351218  13669.786128   -228.213676  4  6  4  77       
PG12  21659.637904  -7514.473486  13043.087324     96.951736  2  2  5  58       
PG13  21976.666899  13564.061220  -6542.122899     24.547162  3  5     81       
PG14 -10639.966034 -16919.734956  17935.787076     -0.536901  4  4  5  86       
PG15  26505.517098   3706.607214    157.348090   -219.274611  5  5     37       
PG16 -13386.605017  -7872.484427 -21820.745681   -179.575292  6  8  3  94       
PG17   1298.794260  15661.249919  21841.976987    292.065743  7  5  3  84       
PG18   7912.749324 -18289.865603 -17557.249062    239.833002  8 11 11  93       
PG19   9674.679934  16488.739802  18155.544686   -135.414733  7  6  5  88       
PG20  14870.774242 -21802.946956   1440.969795    527.341029  7  8  6  85       
PG21  -4847.352577 -25506.866821  -5582.595174     20.621230  6  7  5 104       
PG22 -19233.611467   1942.256696  18362.880046   -773.711727  5  4  4  87       
PG24  16679.459903   2135.953183  20431.290917    -15.320736  2  3  4  61       
PG25  20247.591730 -16322.122809   4425.893698     20.554261  7  5  4  84       
PG26  -2769.127523 -17802.566005 -19475.928734    238.788334  5  7  7  65       
PG27 -21242.556709 -12595.864595 -10357.752660   -339.454622  3  5  5  88       
PG28  -8326.662177  20587.563638  15259.910976    701.943698  6  5  6 101       
PG29  19768.414793  -5326.016646 -16982.603231   -144.599240  3  7  3  61       
PG30   -834.935930  24784.583973  -9156.810006   -256.897752  2  5  4  79       
PG31  -6649.917189 -25452.951113   -325.215505    -53.958882  6  7  4  92       
PG32  -3052.084211 -16052.029611  21053.039192    312.796174  5  3  5  76       
*  2020  7  7  4  0  0.00000000
PG01 -15831.350345  -2837.283591  20973.262928     22.338147  4  5  3  63       
PG02  13963.723880  21615.593326  -6029.311562   -483.457914  5  4  5  94       
PG03 -20300.210243   7496.625021  15262.589707   -232.002631  6  4  5  83       
PG04 -25146.739237    613.792242  -8567.575369   -111.655445 10  6  6  74       
PG05  10670.488499  11290.795277 -21674.279654    -16.148266  4  3  3  59       
PG06   5810.612680  25506.314236   4507.107748   -299.584375  5  6  2  81       
PG07  -8723.265379  15969.849517 -18856.520575   -321.471444  5  4  4  88       
PG08 -25775.315415  -6361.215164  -2843.049516    -40.126780  5  4  4  62       
PG09 -17806.770234   9483.140807 -17332.870589   -249.291484  3  5  3  86       
PG10   9115.270045 -22336.542251  10920.838443   -392.503245  6  8  6  67       
PG11 -21906.519126  -8656.896714  11462.300861   -228.204339  4  6  5  53       
PG12  20576.684239  -6247.548962  15252.711268     96.947370  2  2  5  77       
PG13  21073.178878  13464.433565  -9213.129120     24.550403  3  5  1  92       
PG14  -8629.598516 -16426.447719  19425.136936     -0.534555  4  4  4  81       
PG15  26365.655665   4010.013821  -2605.470296   -219.272067  4  5     61       
PG16 -11575.436609  -9537.793434 -22154.265745   -179.579428  6  8  3  65       
PG17  -1045.243186  15026.878570  22301.485929    292.071005  7  5  3  84       
PG18   8624.421295 -16314.420297 -19104.338689    239.841827  7 10 10  92       
PG19   7542.069079  15890.755832  19613.519992   -135.410129  7  6  5  72       
PG20  15162.837356 -21615.131323  -1375.484516    527.340810  7  8  7  88       
PG21  -4292.993039 -24784.384922  -8256.724394     20.625059  6  7  5  99       
PG22 -18051.984545    140.039381  19647.766285   -773.709583  5  4  4  78       
PG24  17423.540770   4339.202789  19481.059776    -15.320350  2  3  4  74       
PG25  19965.513849 -15635.011506   7201.090383     20.557972  6  5  4  74       
PG26  -1254.826051 -19342.842263 -18092.737803    238.794512  5  7  7  89       
PG27 -19948.622286 -12466.271411 -12801.227964   -339.463324  4  5  5  97       
PG28  -9545.648133  21510.418108  13037.264427    701.940169  6  5  6  93       
PG29  21474.461794  -4693.519669 -14976.478803   -144.606702  3  7  3  87       
PG30  -1445.036670  23703.287466 -11621.425808   -256.904754  2  5  3  78       
PG31  -6323.562255 -25407.785493   2546.676900    -53.961280  6  7  5  74       
PG32   -674.888490 -15591.248177  21591.692633    312.801860  5  3  5  62       
*  2020  7  7  4 15  0.00000000
PG01 -16621.515092  -5078.823896  19954.216517     22.342739  4  6  4  78       
PG02  13988.180478  22270.267454  -3244.569526   -483.463104  5  5  5  88       
PG03 -19261.140844   5932.851751  17178.135083   -232.013182  6  4  5  71       
PG04 -25916.065428    224.696816  -5878.486687   -111.659679 10  6  6  79       
PG05   9175.021600  13207.254860 -21251.728216    -16.148672  4  3  3  72       
PG06   5385.484805  24954.161012   7297.698083   -299.589119  5  6  2  91       
PG07  -9671.750478  13865.183210 -20047.192689   -321.479171  5  5  3  88       
PG08 -25268.847013  -6501.475513  -5646.365831    -40.127314  5  4  4  75       
PG09 -19636.361259   9052.269455 -15484.814636   -249.297398  3  5  3  83       
PG10   9978.241113 -23051.213948   8336.117773   -392.512780  5  8  7  85       
PG11 -22595.122930  -9772.643748   9049.200834   -228.194581  5  6  5  21       
PG12  19401.525829  -4749.043011  17193.961374     96.943070  3  1  5  79       
PG13  19885.534203  13330.495900 -11727.179524     24.553292  2  5  1  83       
PG14  -6452.550119 -16005.481673  20591.381811     -0.531537  4  4  4  82       
PG15  25935.773332   4300.831962  -5324.641047   -219.269838  4  5     60       
PG16  -9845.288928 -11316.082607 -22114.786355   -179.583549  6  9  4  74       
PG17  -3451.445866  14520.482725  22392.081242    292.076148  7  5  3  95       
PG18   9491.341581 -14231.878253 -20322.740102    239.850595  7 10 10  72       
PG19   5235.418761  15372.396752  20725.699665   -135.405499  7  6  4  75       
PG20  15296.792032 -21170.674776  -4167.949557    527.340602  7  8  7  57       
PG21  -3571.665154 -23821.114890 -10787.286712     20.629613  6  7  6  59       
PG22 -16888.378502  -1818.106695  20599.166235   -773.707257  5  4  4  60       
PG24  18219.378682   6384.624783  18193.072729    -15.321067  2  3  3  83       
PG25  19524.587061 -14692.108057   9849.512796     20.561616  5  5  4  86       
PG26     77.580655 -20818.472772 -16396.638220    238.800761  6  8  8  13       
PG27 -18390.229677 -12368.226156 -15029.784888   -339.472062  4  5  5  64       
PG28 -10533.907999  22314.203675  10598.734011    701.937040  6  6  6  87       
PG29  22977.714882  -4211.622468 -12713.729874   -144.614697  3  7  4  58       
PG30  -2192.896567  22399.116019 -13883.266696   -256.911710  1  4  3  74       
PG31  -5887.185023 -25071.441264   5373.457186    -53.963527  6  7  5  81       
PG32   1763.766083 -15247.886714  21762.184802    312.807655  5  2  4  67       
*  2020  7  7  4 30  0.00000000
PG01 -17476.800685  -7145.625730  18587.975788     22.347328  4  6  4  60       
PG02  13897.275803  22638.677914   -403.527762   -483.468341  5  6  5  80       
PG03 -18189.890535   4152.776446  18795.442759   -232.023746  6  3  5  74       
PG04 -26396.983364    -85.125401  -3088.389396   -111.663879 10  5  5  58       
PG05   7815.745734  15142.907871 -20467.199064    -16.149353  4  3  3  64       
PG06   4801.167946  24145.257279   9962.566961   -299.593875  5  7  2  79       
PG07 -10768.955328  11706.427210 -20879.498812   -321.487219  5  5  3  76       
PG08 -24460.931734  -6645.744297  -8353.962883    -40.127431  5  4  4  75       
PG09 -21262.783357   8732.129011 -13371.327978   -249.303386  3  4  3  90       
PG10  10629.719187 -23563.092282   5606.390567   -392.522459  5  8  7  82       
PG11 -23109.385136 -10676.545650   6474.358786   -228.185249  5  6  5  49       
PG12  18179.211745  -3029.663205  18832.391044     96.938810  3  2  4  75       
PG13  18427.200306  13200.627278 -14041.620299     24.556136  2  5  2  79       
PG14  -4146.889598 -15681.552348  21415.259592     -0.529077  5  4  4  76       
PG15  25223.189813   4613.295844  -7954.857303   -219.267354  3  5  1  60       
PG16  -8229.778051 -13171.474856 -21701.630249   -179.588035  5  9  4  64       
PG17  -5872.736076  14153.303823  22112.193702    292.081278  7  6  3  84       
PG18  10513.318993 -12089.623856 -21191.596862    239.859335  7 10  9  54       
PG19   2797.568021  14960.176163  21471.848613   -135.401092  6  6  4  61       
PG20  15305.732806 -20457.255007  -6887.786310    527.340757  7  8  8  83       
PG21  -2662.705512 -22649.164787 -13128.579732     20.633742  6  7  6  69       
PG22 -15776.687942  -3902.790521  21201.611724   -773.705091  5  4  4  29       
PG24  19034.983000   8241.227283  16590.836225    -15.322467  3  3  3  73       
PG25  18964.096679 -13487.206893  12324.234422     20.565264  5  5  4  74       
PG26   1222.149349 -22185.323940 -14416.469818    238.806978  6  8  7  65       
PG27 -16593.178493 -12335.960142 -17005.932830   -339.480714  4  6  5  76       
PG28 -11296.767044  22957.087644   7983.770917    701.933876  5  6  5  95       
PG29  24240.443466  -3857.361580 -10233.063967   -144.622572  3  7  3  40       
PG30  -3095.581147  20908.723052 -15903.023776   -256.918663  1  4  3  83       
PG31  -5309.776786 -24465.022062   8105.076028    -53.965903  6  7  5  84       
PG32   4216.672878 -15031.009919  21561.187029    312.813420  5  3  4  83       
*  2020  7  7  4 45  0.00000000
PG01 -18361.993439  -9004.795864  16899.515812     22.351898  4  6  4  49       
PG02  13657.449071  22736.411000   2444.518442   -483.473572  5  6  5  83       
PG03 -17127.557547   2178.173067  20086.521567   -232.034339  6  4  4  79       
PG04 -26575.243979   -350.524127   -245.233678   -111.668100 10  5  5  24       
PG05   6609.342347  17053.550620 -19333.352207    -16.149563  4  3  3  66       
PG06   4033.724922  23112.876448  12455.926897   -299.598582  5  7  3  75       
PG07 -12004.411205   9542.378513 -21339.610495   -321.494995  5  5  3  73       
PG08 -23364.440661  -6830.885437 -10919.834420    -40.129267  4  4  4  59       
PG09 -22652.060826   8497.841124 -11028.551824   -249.309332  3  4  3  71       
PG10  11089.734736 -23838.292817   2778.979089   -392.532158  5  9  7  85       
PG11 -23417.154941 -11382.179922   3784.283919   -228.175586  5  6  5  42       
PG12  16953.599518  -1108.981086  20138.958506     96.934704  4  2  4  76       
PG13  16719.881217  13110.797686 -16117.225117     24.559199  2  5  2  79       
PG14  -1755.015511 -15472.732295  21883.008348     -0.526666  5  4  4  79       
PG15  24242.853287   4979.900077 -10452.511768   -219.265039  3  5  1  60       
PG16  -6756.167934 -15062.823068 -20920.338606   -179.592156  5  9  5  81       
PG17  -8260.828084  13928.456308  21466.144171    292.086631  6  6  3  86       
PG18  11681.926364  -9935.221698 -21696.071063    239.868125  7  9  8  77       
PG19    276.287541  14673.378613  21838.307972   -135.396463  6  6  4  87       
PG20  15225.546029 -19470.675754  -9487.760742    527.340448  6  8  8  83       
PG21  -1552.787487 -21306.076605 -15237.495572     20.638009  6  7  6  36       
PG22 -14745.769192  -6079.010800  21445.499100   -773.702955  5  3  4  69       
PG24  19834.619518   9885.180383  14703.107785    -15.323004  3  4  3  71       
PG25  18325.326655 -12023.066279  14581.322793     20.568886  3  4  3  49       
PG26   2181.041599 -23400.389236 -12186.132369    238.813174  7  8  7  68       
PG27 -14590.342755 -12398.940626 -18696.282358   -339.489388  4  6  4  63       
PG28 -11847.381831  23400.084068   5235.132748    701.930479  5  5  5  81       
PG29  25231.391840  -3601.597899  -7576.936681   -144.630167  3  7  4  56       
PG30  -4163.050656  19273.040009 -17645.720313   -256.925648  1  4  4  78       
PG31  -4565.539250 -23617.209280  10693.261037    -53.968223  6  7  5  80       
PG32   6635.666110 -14941.770039  20991.659255    312.819198  5  2  4  74       
*  2020  7  7  5  0  0.00000000
PG01 -19237.827761 -10631.316655  14919.227891     22.356474  4  6  4  87       
PG02  13239.546395  22586.693777   5250.907138   -483.478625  4  7  5  94       
PG03 -16111.788833     38.522605  21029.107423   -232.044939  6  4  4  77       
PG04 -26445.197667   -608.231628   2602.137028   -111.672320 10  5  5  15       
PG05   5564.697678  18893.441928 -17868.825163    -16.150163  4  3  4  64       
PG06   3066.309693  21895.843352  14735.009060   -299.603364  4  7  3  80       
PG07 -13359.735907   7419.894519 -21420.626239   -321.503121  5  5  2  82       
PG08 -22000.496863  -7090.978239 -13300.266379    -40.131415  4  4  4  76       
PG09 -23776.834624   8319.386606  -8496.577174   -249.315264  3  3  3  83       
PG10  11384.888390 -23849.174931    -96.919898   -392.541913  5  9  7  91       
PG11 -23491.599692 -11909.917474   1027.165944   -228.165912  5  6  5  51       
PG12  15765.619953    985.129316  21090.585769     96.930557  4  3  4  48       
PG13  14792.826672  13093.071712 -17918.829298     24.562217  1  6  2  72       
PG14    677.718757 -15389.757825  21986.575109     -0.524044  5  4  3  69       
PG15  23016.801798   5430.022840 -12776.337699   -219.262796  3  5  1  81       
PG16  -5444.433060 -16945.100042 -19782.679802   -179.596452  4  9  5  61       
PG17 -10567.817678  13840.843826  20464.100869    292.091923  6  6  4  87       
PG18  12980.696842  -7814.732283 -21827.590340    239.876820  7  9  8  74       
PG19  -2277.413094  14523.253342  21818.288563   -135.391905  6  6  4  98       
PG20  15093.337235 -18215.148350 -11922.886633    527.340305  6  7  8  74       
PG21   -236.806733 -19833.442035 -17074.452841     20.642226  6  7  6  85       
PG22 -13818.427832  -8307.304947  21327.203518   -773.700521  5  3  4  46       
PG24  20580.238247  11300.476309  12563.322276    -15.325150  3  5  3  55       
PG25  17649.825360 -10311.517054  16580.691126     20.572526  2  4  1  57       
PG26   2964.263141 -24423.430449  -9744.015688    238.819425  7  8  7  64       
PG27 -12420.599498 -12580.641864 -20072.077735   -339.498105  5  6  3  78       
PG28 -12206.159864  23608.596901   2398.300573    701.927049  5  5  4  88       
PG29  25926.911427  -3410.316572  -4790.837124   -144.637921  3  6  4  57       
PG30  -5397.584852  17535.735232 -19081.327976   -256.932586     4  4  95       
PG31  -3635.126294 -22563.078553  13092.437289    -53.970302  5  7  5  61       
PG32   8973.264525 -14973.372770  20062.832822    312.824959  5  2  4  89       
*  2020  7  7  5 15  0.00000000
PG01 -20062.563519 -12008.753991  12682.306701     22.361074  4  6  5  70       
PG02  12620.034612  22219.284190   7968.410357   -483.483763  4  7  5 102       
PG03 -15175.327551  -2229.940433  21607.048926   -232.055521  6  5  4  97       
PG04 -26010.004269   -895.244247   5404.821691   -111.676522 10  5  5  94       
PG05   4682.689267  20616.929823 -16097.972256    -16.150896  4  4  4  77       
PG06   1890.007777  20537.031504  16760.789555   -299.607344  4  7  4  91       
PG07 -14809.295313   5382.188009 -21122.613236   -321.510810  5  5  3  71       
PG08 -20397.777196  -7455.842445 -15454.559274    -40.133624  4  5  5  84       
PG09 -24617.308747   8162.924158  -5818.770296   -249.321244  3  3  4  68       
PG10  11547.127102 -23575.522356  -2971.119630   -392.551657  5  9  8  74       
PG11 -23312.296958 -12285.828285  -1748.085550   -228.156302  5  6  5  69       
PG12  14651.672963   3217.393495  21670.596920     96.926031  4  3  4  75       
PG13  12681.867261  13174.272155 -19415.897170     24.565250  2  6  2  79       
PG14   3104.486371 -15435.609232  21723.753569     -0.521455  5  5  3  71       
PG15  21573.386612   5988.675921 -14888.006497   -219.260275  3  5  2  74       
PG16  -4306.591557 -18770.963499 -18306.560069   -179.600988  3  9  5  95       
PG17 -12747.767512  13877.377871  19121.965354    292.096986  6  6  4 107       
PG18  14385.640120  -5771.095896 -21583.987579    239.885526  7  8  6  88       
PG19  -4811.116733  14512.549447  21412.022422   -135.387240  5  6  4  90       
PG20  14945.827821 -16703.248987 -14151.216389    527.340139  5  7  8  56       
PG21   1281.553466 -18275.322284 -18604.308120     20.646346  7  7  6 105       
PG22 -13010.647884 -10545.061915  20849.103471   -773.698497  6  3  4  75       
PG24  21232.985418  12479.283347  10208.954689    -15.326148  3  5  2  49       
PG25  16977.666651  -8373.204782  18286.876555     20.576124     3     59       
PG26   3589.089497 -25218.531975  -7132.339383    238.825756  7  8  6 112       
PG27 -10127.541753 -12897.542126 -21109.668145   -339.506802  5  7  2  88       
PG28 -12399.903475  23553.846590   -479.175590    701.923942  5  5  4  81       
PG29  26311.814902  -3246.120351  -1922.519928   -144.645732  2  6  4  63       
PG30  -6793.519657  15741.582255 -20185.285069   -256.939633     3  4  84       
PG31  -2506.617397 -21342.671152  15260.584315    -53.972340  5  6  4  57       
PG32  11184.298777 -15111.359057  18790.090554    312.830718  5  3  4  76       
*  2020  7  7  5 30  0.00000000
PG01 -20793.651832 -13129.626500  10228.070846     22.365663  5  5  5  86       
PG02  11781.979338  21669.156709  10551.963175   -483.488808  4  7  5  96       
PG03 -14344.769306  -4585.446879  21810.579764   -232.066142  7  6  4  87       
PG04 -25281.516930  -1247.194708   8114.697340   -111.680752 10  5  5  76       
PG05   3956.285039  22180.098052 -14050.504311    -16.151519  4  4  4  78       
PG06    504.367808  19081.721080  18498.647064   -299.612096  4  7  4  93       
PG07 -16321.167040   3467.302120 -20452.498473   -321.518749  4  5  3  74       
PG08 -18591.539075  -7949.723795 -17345.710114    -40.134081  4  5  4  75       
PG09 -25161.918790   7992.265130  -3041.040219   -249.327306  3  2  4  81       
PG10  11612.305903 -23005.444679  -5793.356210   -392.561435  6  9  8  63       
PG11 -22866.058947 -12540.378541  -4492.780698   -228.146839  5  5  5  54       
PG12  13642.221947   5546.342184  21869.025348     96.921690  4  4  4  68       
PG13  10428.211437  13374.852909 -20583.015397     24.568250  2  6  2  80       
PG14   5478.525723 -15605.379977  21098.248549     -0.518702  5  5  3  59       
PG15  19946.286414   6675.423036 -16752.678642   -219.257965  4  5  2  60       
PG16  -3346.339517 -20492.442488 -16515.830076   -179.605264  2  8  5  87       
PG17 -14758.235709  14017.493999  17461.185601    292.102286  5  6  4  81       
PG18  15866.058785  -3842.645920 -20969.531503    239.894313  7  8  6  58       
PG19  -7272.891841  14635.413894  20626.767152   -135.382733  5  6  4  62       
PG20  14817.786231 -14955.555768 -16134.565114    527.340160  4  6  8  73       
PG21   2989.619011 -16676.533201 -19797.215355     20.650299  7  7  6  92       
PG22 -12331.088103 -12747.951204  20019.517568   -773.696159  6  4  4  55       
PG24  21754.740265  13421.987375   7680.834114    -15.326345  3  5  2  41       
PG25  16345.780782  -6236.973704  19669.725080     20.579777     3     48       
PG26   4079.199110 -25755.504972  -4396.413397    238.832180  7  8  6  85       
PG27  -7758.019675 -13358.384117 -21790.911226   -339.515440  5  7  1  85       
PG28 -12460.699682  23214.124077  -3348.400820    701.920350  5  5  4  75       
PG29  26379.919031  -3069.858960    978.803907   -144.653319  2  5  5  37       
PG30  -8337.305169  13934.803357 -20938.907914   -256.946611     3  4  78       
PG31  -1176.182198 -19999.382948  17160.009546    -53.974581  5  6  4  73       
PG32  13227.461606 -15334.194502  17194.743508    312.836465  5  3  4  80       
*  2020  7  7  5 45  0.00000000
PG01 -21389.423042 -13995.429982   7599.233149     22.370272  5  5  5  74       
PG02  10715.760442  20975.040350  12959.315951   -483.494134  3  7  5  95       
PG03 -13639.575760  -6982.128758  21636.473772   -232.076714  7  6  3  83       
PG04 -24279.844521  -1696.778557  10685.240584   -111.684981  9  5  6  86       
PG05   3370.954538  23542.370274 -11761.030793    -16.152548  4  4  5  87       
PG06  -1082.395747  17575.881361  19918.941561   -299.616959  4  7  4  94       
PG07 -17858.359161   1706.825514 -19423.819649   -321.526516  4  5  3  45       
PG08 -16622.406021  -8590.190527 -18941.043449    -40.135309  4  6  4 102       
PG09 -25407.696629   7770.447511   -211.059938   -249.333250  3  2  4  67       
PG10  11618.593579 -22135.960548  -8514.210542   -392.571195  6  9  8  78       
PG11 -22147.462324 -12706.981275  -7159.345553   -228.137362  5  6  4  72       
PG12  12760.645378   7925.770493  21682.783268     96.917497  4  4  4  95       
PG13   8077.048540  13708.022699 -21400.306031     24.571388  2  6  3  83       
PG14   7754.685047 -15886.441476  20119.664666     -0.516007  4  5  3  76       
PG15  18173.347080   7503.501994 -18339.505184   -219.255492  4  5  2  72       
PG16  -2559.007227 -22062.684677 -14439.982917   -179.609691  2  7  6  76       
PG17 -16561.696013  14233.951607  15508.494213    292.107402  5  5  3 104       
PG18  17385.633534  -2061.807728 -19994.848099    239.903095  7  7  6  69       
PG19  -9613.167596  14877.657324  19476.662355   -135.378162  5  6  4  99       
PG20  14740.556320 -12999.982566 -17839.155436    527.339862  4  7  8  28       
PG21   4865.910427 -15080.868359 -20629.399484     20.654083  7  7  6  81       
PG22 -11780.861429 -14871.416998  18852.555957   -773.694029  6  5  5  86       
PG24  22109.618134  14136.926646   5022.423030    -15.326541  3  5     60       
PG25  15786.426861  -3938.917133  20704.966007     20.583414     3  1  60       
PG26   4463.547614 -26011.083461  -1583.832859    238.838575  7  8  6  78       
PG27  -5360.559810 -13963.727781 -22103.502472   -339.524097  5  7  2  81       
PG28 -12424.588310  22575.818592  -6159.923913    701.917351  5  5  4  88       
PG29  26134.254735  -2842.331654   3863.304190   -144.661103  2  5  5  64       
PG30 -10007.881186  12157.454445 -21329.689315   -256.953624     2  5  81       
PG31    351.589894 -18578.240981  18758.021451    -53.976787  5  6  4  79       
PG32  15066.721940 -15614.146286  15303.705365    312.842270  5  3  4  72       
*  2020  7  7  6  0  0.00000000
PG01 -21810.732002 -14616.324345   4841.136305     22.374856  5  5  5  61       
PG02   9419.509116  20177.867026  15151.607898   -483.499551  4  7  6  95       
PG03 -13071.383413  -9371.615388  21088.080979   -232.087204  7  7  4  44       
PG04 -23032.609584  -2272.295958  13072.321220   -111.689110  9  5  7  62       
PG05   2905.379888  24668.009983  -9268.508437    -16.153207  3  5  5  59       
PG06  -2853.535951  16064.443745  20997.505372   -299.621693  4  7  4  80       
PG07 -19380.227202    124.894845 -18056.350103   -321.534806  4  5  4  81       
PG08 -14534.954854  -9387.284187 -20212.781238    -40.135850  4  6  4  96       
PG09 -25360.316593   7461.348188   2622.545981   -249.339170  3  3  5  60       
PG10  11604.787798 -20973.236482 -11086.019275   -392.580951  6  9  8  48       
PG11 -21159.070750 -12820.465858  -9702.156391   -228.128089  5  6  4  66       
PG12  12022.392527  10306.389287  21115.690948     96.913031  5  4  4  85       
PG13   5676.008700  14179.152174 -21853.753869     24.574362  2  6  3  77       
PG14   9890.920648 -16258.901011  18803.416353     -0.513742  4  5  3  68       
PG15  16295.286574   8479.179557 -19622.077222   -219.253275  5  5  2  29       
PG16  -1931.846485 -23437.698908 -12113.740918   -179.613846     7  5  56       
PG17 -18126.799839  14493.894077  13295.569733    292.112732  5  5  4  87       
PG18  18903.735730   -454.032053 -18676.734543    239.911886  7  6  6  51       
PG19 -11786.511665  15217.375796  17982.441955   -135.373482  4  6  4  70       
PG20  14740.740549 -10870.838616 -19236.173070    527.340237  4  7  7  49       
PG21   6880.724564 -13529.340773 -21083.810535     20.658234  7  7  6  71       
PG22 -11353.603937 -16872.184601  17367.889206   -773.691872  6  6  5  56       
PG24  22265.384655  14639.836481   2279.075035    -15.327330  3  5     47       
PG25  15325.872190  -1521.134053  21374.662045     20.587040     3  3           
PG26   4775.028175 -25969.862558   1256.377097    238.844884  7  8  6  75       
PG27  -2983.717357 -14705.815031 -22041.224023   -339.532762  5  8  3  77       
PG28 -12330.051295  21634.170461  -8864.582108    701.913654  5  5  3  78       
PG29  25586.935452  -2525.996971   6681.382895   -144.668678  2  5  5  61       
PG30 -11777.353512  10447.914699 -21351.480782   -256.960651     2  4  77       
PG31   2063.705826 -17124.141301  20027.489373    -53.979297  5  5  4  66       
PG32  16672.548289 -15918.416320  13149.067117    312.848026  5  4  4  47       
*  2020  7  7  6 15  0.00000000
PG01 -22022.499629 -15010.502638   2000.968529     22.379449  5  5  5  73       
PG02   7899.261091  19319.187327  17093.862873   -483.504545  4  7  6  82       
PG03 -12643.633273 -11704.726931  20175.245456   -232.097763  7  7  5  84       
PG04 -21573.930335  -2996.365545  15234.954685   -111.693300  9  5  7  88       
PG05   2532.442118  25527.456751  -6615.602570    -16.153683  2  5  5  91       
PG06  -4784.237215  14589.631228  21716.039573   -299.626477  4  7  4  51       
PG07 -20844.026270  -1262.482939 -16375.614609   -321.542328  4  5  4  89       
PG08 -12376.155140 -10342.959476 -21138.541436    -40.137740  4  7  3  93       
PG09 -25033.820636   7031.270749   5411.033878   -249.345094  3  4  5  84       
PG10  11608.609555 -19532.469782 -13463.754622   -392.590689  6  8  8  58       
PG11 -19911.351057 -12915.531710 -12078.297987   -228.118125  6  6  3  61       
PG12  11434.476461  12637.599606  20178.366993     96.908822  5  4  4  92       
PG13   3273.535511  14785.486735 -21935.443602     24.577369  2  6  4 106       
PG14  11849.696803 -16696.340805  17170.556214     -0.511085  4  5  3  78       
PG15  14354.308304   9601.360714 -20578.820703   -219.250794  5  4  2  80       
PG16  -1444.645414 -24578.024759  -9576.531356   -179.618497     6  6  91       
PG17 -19429.434148  14760.137090  10858.619331    292.118261  5  5  4  61       
PG18  20376.917173    962.997336 -17037.869013    239.920663  7  6  7  56       
PG19 -13753.236157  15625.900524  16171.010614   -135.368794  4  6  3  75       
PG20  14839.088325  -8607.653086 -20302.225534    527.340267  5  6  7  80       
PG21   8997.099067 -12058.527602 -21150.626768     20.662718  6  7  6  75       
PG22 -11035.829784 -18709.726115  15590.437763   -773.689608  7  6  5  86       
PG24  22194.730511  14953.030316   -502.716975    -15.328534  3  5     60       
PG25  14983.334214    969.755250  21667.525159     20.590752  1  4  5  86       
PG26   5048.972157 -25624.939155   4074.649238    238.851130  7  7  6  59       
PG27   -674.419595 -15568.755526 -21604.106443   -339.541454  5  8  3  76       
PG28 -12216.376073  20393.707544 -11414.389585    701.910606  5  5  4  92       
PG29  24758.687917  -2086.623071   9384.525369   -144.676412  2  5  5  76       
PG30 -13611.942403   8839.539213 -21004.557845   -256.967657  1  3  4  88       
PG31   3939.126101 -15680.121857  20947.281136    -53.981191  5  5  4  90       
PG32  18022.893227 -16210.488862  10767.576652    312.853736  5  4  4  82       
*  2020  7  7  6 30  0.00000000
PG01 -21995.095480 -15203.272646   -873.027499     22.384095  4  6  4  80       
PG02   6168.829942  18439.608172  18755.410188   -483.509462  4  7  5  76       
PG03 -12351.534028 -13933.199210  18914.108075   -232.108340  7  8  5  85       
PG04 -19943.165756  -3884.860417  17136.000829   -111.697501  9  5  8  68       
PG05   2220.447047  26098.444360  -3847.969720    -16.154655  2  5  5  67       
PG06  -6842.391491  13189.407659  22062.410301   -299.631211  4  6  4  49       
PG07 -22206.532074  -2447.771023 -14412.314483   -321.550692  5  5  4  71       
PG08 -10193.717671 -11450.837720 -21701.755566    -40.138270  5  7  3  80       
PG09 -24450.032311   6450.446630   8106.379389   -249.351030  4  4  6  84       
PG10  11665.047977 -17837.419237 -15605.853535   -392.600529  7  8  8  53       
PG11 -18422.296461 -13025.248508 -14248.236047   -228.108717  6  6  2  73       
PG12  10995.322333  14869.316343  18887.984888     96.904216  5  5  5  66       
PG13    917.230575  15516.176582 -21643.703023     24.580284  2  6  4  90       
PG14  13599.237222 -17166.816803  15247.518893     -0.508481  3  5  3  67       
PG15  12392.668959  10861.466355 -21193.333545   -219.248543  5  4  2  71       
PG16  -1070.653693 -25450.260630  -6871.854319   -179.622859     6  6  44       
PG17 -20453.534080  14992.644225   8237.881893    292.122970  5  5  4  72       
PG18  21760.520153   2179.852296 -15106.421347    239.929412  7  5  7  72       
PG19 -15480.765504  16069.032965  14074.896427   -135.364426  4  6  3  70       
PG20  15049.630763  -6253.812315 -21019.698931    527.339671  5  6  7  77       
PG21  11172.124194 -10699.100712 -20827.580221     20.666554  6  7  6  79       
PG22 -10807.559083 -20347.633746  13549.985420   -773.687304  7  7  6  75       
PG24  21876.362767  15104.351929  -3276.071436    -15.329213  3  5     61       
PG25  14770.228562   3484.271199  21579.092452     20.594425  2  5  5  62       
PG26   5321.551543 -24978.227861   6821.776267    238.857346  6  6  6  69       
PG27   1523.639781 -16529.031592 -20798.497359   -339.550068  5  8  4  72       
PG28 -12121.954798  18868.334081 -13763.453246    701.907146  4  5  4  90       
PG29  23678.062431  -1494.814001  11926.136794   -144.684092  2  6  4  39       
PG30 -15473.164014   7359.525407 -20295.570263   -256.974641  1  3  3  86       
PG31   5949.443833 -14285.740754  21502.573500    -53.983594  5  5  4  81       
PG32  19103.899212 -16451.641850   8200.029820    312.859466  5  5  3  58       
*  2020  7  7  6 45  0.00000000
PG01 -21705.513530 -15225.890719  -3732.340561     22.388641  4  6  4  75       
PG02   4249.412721  17577.302935  20110.234486   -483.514821  4  7  5  87       
PG03 -12182.357973 -16011.372886  17326.799462   -232.118897  7  8  6  73       
PG04 -18183.471723  -4946.107809  18742.797479   -111.701711  8  5  8  79       
PG05   1934.544448  26366.853873  -1013.472455    -16.155298  1  6  5  59       
PG06  -8989.657075  11896.105040  22030.841269   -299.635954  4  6  4  97       
PG07 -23425.664800  -3431.903267 -12201.680980   -321.558680  5  6  5  88       
PG08  -8034.413033 -12696.287289 -21891.996157    -40.139357  5  8  3  87       
PG09 -23637.681438   5694.390443  10662.107270   -249.356941  4  4  6  82       
PG10  11804.824420 -15919.602436 -17474.978024   -392.610293  7  8  8  72       
PG11 -16716.780964 -13179.659754 -16176.398049   -228.099340  6  6  2  78       
PG12  10694.973288  16953.766300  17267.904402     96.899970  5  5  5  88       
PG13  -1347.769837  16352.624142 -20983.149462     24.583373  2  6  5  86       
PG14  15114.581449 -17634.086314  13065.778078     -0.506031  3  5  3  41       
PG15  10451.248410  12243.585375 -21454.661644   -219.246313  6  4  2  81       
PG16   -777.787316 -26028.384678  -4046.549510   -179.626831  1  6  6  84       
PG17 -21191.615980  15150.140930   5477.051748    292.128284  5  5  4  59       
PG18  23010.346311   3195.527612 -12915.571086    239.938169  7  5  8  61       
PG19 -16944.711453  16508.510317  11731.595515   -135.359966  4  6  3  60       
PG20  15379.092621  -3855.063644 -21377.009997    527.340103  5  6  6  92       
PG21  13358.545628  -9474.618804 -20120.085139     20.670756  6  7  5  89       
PG22 -10643.196318 -21754.852075  11280.720634   -773.685335  7  7  6  54       
PG24  21295.876180  15125.940529  -5994.458061    -15.330077  3  5  1  55       
PG25  14689.752437   5971.844189  21111.760684     20.598099  3  5  6  77       
PG26   5628.148979 -24040.438211   9449.807890    238.863513  6  5  7  81       
PG27   3571.496002 -17556.308829 -19637.031380   -339.558785  5  8  4  61       
PG28 -12082.588014  17081.053483 -15868.895323    701.903710  4  5  4  96       
PG29  22380.352158   -727.351667  14262.349348   -144.691973  2  6  4  55       
PG30 -17319.197144   6028.034670 -19237.381142   -256.981636  2  4  3  93       
PG31   8059.853318 -12975.623678  21685.034469    -53.985841  5  4  4  84       
PG32  19910.296251 -16602.563874   5490.581719    312.865169  5  5  4  74       
*  2020  7  7  7  0  0.00000000
PG01 -21138.302004 -15114.194873  -6528.961359     22.393250  4  7  4  84       
PG02   2168.947323  16766.639893  21137.259280   -483.519716  5  6  5  58       
PG03 -12116.055797 -17897.782100  15441.030358   -232.129466  7  8  6  59       
PG04 -16340.223269  -6180.383921  20027.718310   -111.705867  8  6  8  61       
PG05   1638.285398  26327.264348   1838.660207    -16.155490  1  6  5  73       
PG06 -11182.759800  10735.280131  21622.000350   -299.640742  4  6  5  92       
PG07 -24462.052715  -4223.956042  -9782.775613   -321.566696  5  6  5  94       
PG08  -5942.423473 -14056.832158 -21705.205711    -40.139773  5  8  3  67       
PG09 -22631.272651   4745.055645  13034.098035   -249.362788  5  5  6  70       
PG10  12053.039566 -13817.192719 -19038.690340   -392.620089  7  8  7  79       
PG11 -14825.677827 -13404.539231 -17831.660284   -228.089517  6  6  2  75       
PG12  10515.640937  18847.188101  15347.189440     96.895764  5  6  5  73       
PG13  -3480.326524  17269.137606 -19964.637540     24.586447  3  6  5  72       
PG14  16378.404574 -18059.024648  10661.415242     -0.503470  3  5  4  73       
PG15   8568.169748  13724.898906 -21357.509714   -219.243981  6  4  3  83       
PG16   -530.068769 -26294.809360  -1149.972878   -179.631555  2  6  6  94       
PG17 -21645.004705  15191.810934   2622.624992    292.133734  4  5  4  33       
PG18  24084.320525   4017.281439 -10502.940893    239.946938  7  6  8  63       
PG19 -18129.614216  16903.637051   9182.826726   -135.355149  4  5  3  57       
PG20  15826.600983  -1457.943749 -21368.752736    527.339794  5  5  6  91       
PG21  15506.583767  -8400.644300 -19041.158752     20.675094  5  7  5  87       
PG22 -10512.628309 -22906.725097   8820.710034   -773.683184  7  7  6  68       
PG24  20446.376201  15052.855625  -8612.418803    -15.330850  3  5  2  63       
PG25  14736.817337   8382.616964  20274.682175     20.601783  4  5  7  64       
PG26   6001.762840 -22830.713651  11912.923771    238.869666  6  4  7  71       
PG27   5436.241261 -18614.527500 -18138.496616   -339.567535  5  7  5  55       
PG28 -12129.865593  15063.321691 -17691.758764    701.900176  4  6  3  72       
PG29  20906.262327    231.699893  16352.785773   -144.699698  2  7  4  67       
PG30 -19106.381042   4857.599980 -17848.800866   -256.988571  2  5  3  81       
PG31  10230.364689 -11778.235251  21492.879868    -53.987977  5  5  4  63       
PG32  20445.473659 -16625.013551   2685.988991    312.870977  5  5  4  63       
*  2020  7  7  7 15  0.00000000
PG01 -20286.217574 -14907.089685  -9216.128596     22.397758  5  8  5  81       
PG02    -38.752866  16036.969436  21820.568727   -483.524908  4  5  5  78       
PG03 -12126.163916 -19556.582154  13289.588291   -232.140015  7  8  6  71       
PG04 -14459.363093  -7579.724084  20968.645828   -111.710062  8  5  8  60       
PG05   1295.255828  25983.175548   4658.711342    -16.156534  2  6  5  72       
PG06 -13374.987475   9724.842728  20842.979626   -299.645514  4  6  5  73       
PG07 -25280.477777  -4840.514762  -7197.754934   -321.574289  6  6  5  89       
PG08  -3957.791178 -15502.877293 -21143.820024    -40.140508  6  8  4  78       
PG09 -21469.741134   3591.744203  15181.356983   -249.368700  5  5  6  82       
PG10  12428.059070 -11573.661436 -20270.029173   -392.629857  7  8  7  77       
PG11 -12784.781736 -13720.341368 -19187.741837   -228.080134  6  7  2  75       
PG12  10432.572981  20511.366931  13160.026287     96.891192  5  6  5  75       
PG13  -5444.680858  18233.868092 -18605.107325     24.589396  3  6  5  49       
PG14  17381.565447 -18401.182626   8074.600068     -0.500990  2  5  4  55       
PG15   6777.516726  15276.365938 -20902.382319   -219.241591  6  5  3  68       
PG16   -289.246467 -26241.119332   1766.902214   -179.635880  1  6  7 100       
PG17 -21823.738908  15079.013522   -276.827355    292.138693  4  6  4  41       
PG18  24944.086166   4660.155870  -7909.954718    239.955731  7  6  8  53       
PG19 -19029.324186  17213.012031   6473.716513   -135.350425  4  5  3  86       
PG20  16383.698541    891.808921 -20995.740753    527.339864  5  5  5  93       
PG21  17565.881277  -7484.230859 -17611.133991     20.679574  5  7  5  76       
PG22 -10382.502919 -23785.819693   6211.309150   -773.681136  8  7  7  74       
PG24  19328.834242  14921.612158 -11086.262551    -15.330463  2  5  3  80       
PG25  14898.329504  10669.205914  19083.528632     20.605469  4  6  7  60       
PG26   6471.513241 -21375.947034  14168.263817    238.875803  5  4  7  53       
PG27   7092.132952 -19663.238441 -16327.594387   -339.576249  5  7  5  69       
PG28 -12289.698642  12854.044596 -19197.868536    701.897231  4  6  3  68       
PG29  19300.380130   1390.172343  18161.265631   -144.707402  3  7  5  66       
PG30 -20790.785839   3852.838662 -16154.223403   -256.995513  1  5  3  75       
PG31  12417.212560 -10714.918080  20930.809608    -53.990149  4  5  3  39       
PG32  20721.220888 -16483.455423   -165.204022    312.876660  5  5  3  91       
*  2020  7  7  7 30  0.00000000
PG01 -19150.584252 -14644.939082 -11749.043089     22.402382  5  8  5  84       
PG02  -2335.056505  15411.604743  22149.571715   -483.530231  4  5  4  68       
PG03 -12180.966873 -20958.762650  10909.750908   -232.150547  7  8  6  85       
PG04 -12585.739192  -9128.056447  21549.351588   -111.714251  8  6  8  82       
PG05    870.719993  25346.890160   7397.376320    -16.157332  3  6  4  82       
PG06 -15517.821409   8874.487598  19707.169833   -299.650302  4  6  5 100       
PG07 -25851.152666  -5304.768851  -4491.115717   -321.582404  6  6  4  94       
PG08  -2115.023533 -16998.726993 -20216.780115    -40.142296  6  7  4  78       
PG09 -20194.947331   2231.733276  17066.731702   -249.374603  5  5  6  59       
PG10  12940.682758  -9236.221630 -21147.975846   -392.639664  7  8  6  71       
PG11 -10633.578876 -14141.377286 -20223.508482   -228.070662  6  6  3  90       
PG12  10415.197920  21914.945432  10745.057884     96.887061  5  6  5  73       
PG13  -7211.638244  19209.997397 -16927.333146     24.592289  4  6  4  60       
PG14  18123.357044 -18620.429666   5348.984417     -0.498251  3  4  4  69       
PG15   5108.193852  16863.651126 -20095.649958   -219.239351  6  5  3  76       
PG16    -16.527363 -25868.455234   4652.440599   -179.639961  2  6  7  89       
PG17 -21746.149272  14776.956220  -3171.452494    292.143755  4  6  4  88       
PG18  25556.470612   5146.196810  -5181.131310    239.964426  6  7  7  56       
PG19 -19647.014796  17396.278172   3651.934881   -135.345937  4  5  3  75       
PG20  17034.657826   3150.798602 -20264.948017    527.340232  5  5  5  87       
PG21  19487.482822  -6723.806708 -15857.174204     20.683731  4  6  4  66       
PG22 -10217.642973 -24382.494454   3496.516158   -773.678804  8  7  7  71       
PG24  17952.164840  14768.678401 -13374.727190    -15.329560  2  4  4  85       
PG25  15153.801490  12788.350495  17560.132736     20.609122  5  6  7  40       
PG26   7061.310490 -19709.800918  16176.698533    238.881948  5  3  7  33       
PG27   8521.436413 -20659.136840 -14234.590457   -339.584963  5  6  5  53       
PG28 -12581.072979  10498.250690 -20358.620423    701.893970  4  6  3  79       
PG29  17609.504035   2747.286662  19656.441375   -144.714990  4  8  5  58       
PG30 -22329.795280   3010.477435 -14183.173789   -257.002511  2  5  4  98       
PG31  14574.400556  -9799.231094  20009.831401    -53.992390  3  5  4  59       
PG32  20757.145726 -16146.606416  -3013.520639    312.882352  5  5  3  78       
*  2020  7  7  7 45  0.00000000
PG01 -17741.347430 -14367.924894 -14085.543444     22.407012  6  9  5  49       
PG02  -4677.729235  14907.024575  22119.111481   -483.535623  4  4  3  78       
PG03 -12244.867789 -22083.101242   8342.627450   -232.161047  7  8  7  70       
PG04 -10761.494851 -10801.655041  21759.777283   -111.718460  7  6  9  69       
PG05    333.206019  24439.057080  10006.665963    -16.158343  3  6  4  26       
PG06 -17562.643829   8185.450668  18234.031531   -299.655100  4  6  5  54       
PG07 -26150.787209  -5645.377160  -1708.934485   -321.590530  6  6  4  90       
PG08   -441.910919 -18503.860338 -18939.428794    -40.145083  6  7  5  61       
PG09 -18850.068876    670.592855  18657.564892   -249.380525  5  5  5  45       
PG10  13593.629937  -6854.137020 -21657.802567   -392.649420  7  8  6  48       
PG11  -8413.911891 -14675.238906 -20923.190970   -228.061166  6  7  3  83       
PG12  10428.496323  23034.462625   8144.650839     96.882332  6  6  5  61       
PG13  -8759.506456  20157.133598 -14959.574614     24.595469  4  6  4  57       
PG14  18611.442650 -18678.621487   2531.014038     -0.495762  3  4  3  30       
PG15   3582.971030  18448.267175 -18949.534719   -219.236864  7  5  3  72       
PG16    325.650533 -25187.520538   7455.335807   -179.644317  2  5  7  85       
PG17 -21438.117020  14256.255920  -6010.965357    292.149090  3  6  4  61       
PG18  25894.764746   5503.403834  -2363.324774    239.973209  7  7  7  33       
PG19 -19994.832996  17415.822484    766.803367   -135.341367  4  5  3  75       
PG20  17757.081682   5279.417209 -19189.352034    527.339864  5  6  4  87       
PG21  21225.749538  -6109.456462 -13812.609682     20.688332  3  5  4  88       
PG22  -9982.544394 -24695.191116    722.275472   -773.676905  8  7  7  72       
PG24  16333.023497  14628.989527 -15439.603259    -15.331402  2  5  5  87       
PG25  15476.264501  14702.386371  15732.020008     20.612825  5  7  7  74       
PG26   7788.740304 -17871.473201  17903.523875    238.887989  5  3  7  67       
PG27   9714.965270 -21557.737931 -11894.858264   -339.593714  5  6  5  67       
PG28 -13015.087558   8045.487647 -21151.668722    701.890388  4  6  2  94       
PG29  15880.896956   4293.484000  20812.352456   -144.722711  4  8  5  81       
PG30 -23683.641928   2319.684928 -11969.776609   -257.009478  1  6  4  84       
PG31  16655.320225  -9036.605861  18746.981459    -53.994472  3  5  4  49       
PG32  20579.791350 -15588.829750  -5809.432557    312.888143  5  5  3  77       
*  2020  7  7  8  0  0.00000000
PG01 -16076.823595 -14114.429005 -16186.737652     22.411593  7  9  5  83       
PG02  -7022.267935  14532.320629  21729.522808   -483.540957  4  3  2  65       
PG03 -12279.912295 -22916.823560   5632.440784   -232.171576  8  8  7  72       
PG04  -9024.572281 -12569.895841  21596.211814   -111.722670  7  6  9  56       
PG05   -344.032804  23287.891735  12440.793149    -16.158910  3  5  4  57       
PG06 -19462.457230   7650.597864  16448.766769   -299.659932  4  6  5  57       
PG07 -26163.411475  -5895.151843   1101.886750   -321.598517  6  6  4  73       
PG08   1041.394702 -19974.416892 -17333.290041    -40.146568  6  6  5  56       
PG09 -17477.952239  -1077.819695  19926.270407   -249.386400  5  5  5  59       
PG10  14381.359720  -4476.964992 -21791.297951   -392.659164  6  8  5  90       
PG11  -6168.587763 -15322.484198 -21276.523055   -228.051647  7  6  3  82       
PG12  10434.540191  23855.084848   5404.112322     96.877934  5  6  4  80       
PG13 -10074.752223  21032.863451 -12735.132847     24.598426  4  6  3  65       
PG14  18861.472947 -18541.227808   -330.835017     -0.493196  3  4  3  32       
PG15   2217.749828  19988.896151 -17482.009943   -219.234653  6  5  3  62       
PG16    771.882743 -24218.205462  10125.610997   -179.648865  2  5  7  93       
PG17 -20932.033154  13494.322522  -8745.541308    292.154293  3  6  3  69       
PG18  25939.767188   5764.451039    495.075171    239.981926  7  8  6  56       
PG19 -20093.208805  17238.358428  -2131.604734   -135.336685  4  5  3  62       
PG20  18522.765026   7243.138032 -17787.684457    527.340391  4  6  5  69       
PG21  22740.115951  -5623.581757 -11516.124089     20.692229  2  5  4  71       
PG22  -9642.903683 -24730.435265  -2064.260857   -773.674513  8  7  7  57       
PG24  14495.332922  14534.528732 -17246.313931    -15.331836     5  5  47       
PG25  15833.439384  16380.486933  13631.845450     20.616604  6  7  6  67       
PG26   8664.210664 -15904.258917  19319.067239    238.894107  4  3  6  63       
PG27  10672.293321 -22315.131181  -9348.317250   -339.602520  5  5  5  61       
PG28 -13594.329804   5548.007617 -21561.485844    701.887149  4  7  2  84       
PG29  14160.530904   6010.602145  21608.887023   -144.730388  4  7  5  77       
PG30 -24816.837606   1762.695449  -9552.156028   -257.016454  2  6  4  88       
PG31  18614.382035  -8424.326832  17164.952867    -53.996600  3  5  4  39       
PG32  20221.486357 -14791.318657  -8504.248617    312.893852  5  5  3  77       
*  2020  7  7  8 15  0.00000000
PG01 -14183.156014 -13919.495382 -18017.585693     22.416212  7  9  5  99       
PG02  -9323.313557  14288.905548  20986.637569   -483.546173  4  3  2  74       
PG03 -12247.405987 -23455.946363   2825.762971   -232.182099  8  8  7  63       
PG04  -7407.386863 -14396.287906  21061.361119   -111.726876  7  6  8  23       
PG05  -1181.742821  21928.103337  14657.023185    -16.159585  4  5  4  57       
PG06 -21173.551283   7254.842607  14381.896331   -299.664753  4  6  4  74       
PG07 -25880.932527  -6089.612781   3894.358821   -321.606280  7  6  4  76       
PG08   2323.001781 -21364.836400 -15425.731740    -40.148272  6  6  5  53       
PG09 -16119.488321  -2991.689624  20850.821734   -249.392363  5  4  5  62       
PG10  15290.231064  -2152.804021 -21546.868129   -392.668916  5  7  3  81       
PG11  -3939.976189 -16076.587819 -21278.804919   -228.041896  7  6  3  54       
PG12  10394.136853  24371.005954   2570.873779     96.873562  5  5  4  63       
PG13 -11152.349480  21794.403876 -10291.816545     24.601445  4  6  3  73       
PG14  18896.391585 -18178.854065  -3186.885247     -0.490660  3  3  3  73       
PG15   1021.082242  21442.846602 -15716.608705   -219.232144  6  5  3  59       
PG16   1352.176953 -22988.839743  12615.604272   -179.652875  2  4  7  47       
PG17 -20265.492173  12476.503200 -11326.735640    292.159429  3  6  3  76       
PG18  25680.552904   5965.228729   3344.969866    239.990664  8  8  6  76       
PG19 -19969.858690  16836.329394  -4993.353167   -135.332377  4  6  3  97       
PG20  19298.783897   9013.612537 -16084.094991    527.339866  4  6  5  71       
PG21  23996.608311  -5241.900516  -9010.824959     20.696217  2  5  4  78       
PG22  -9167.117676 -24502.543127  -4815.504715   -773.672535  8  7  7  89       
PG24  12469.553998  14513.025302 -18764.446219    -15.332391     5  6  76       
PG25  16189.114623  17799.628920  11296.750740     20.620317  6  7  6  34       
PG26   9690.393884 -13853.966937  20399.193721    238.900257  4  3  5  62       
PG27  11401.624345 -22889.744273  -6638.772215   -339.611310  5  3  5  84       
PG28 -14312.624592   3058.819287 -21579.770189    701.883737  4  7  2  83       
PG29  12491.391325   7872.392443  22032.142392   -144.738033  5  7  5  85       
PG30 -25699.446566   1315.697170  -6971.778350   -257.023414  2  6  4  82       
PG31  20408.597763  -7951.829072  15291.642943    -53.998795  3  5  4  51       
PG32  19718.973181 -13743.020428 -11050.993673    312.899543  5  5  3  80       
*  2020  7  7  8 30  0.00000000
PG01 -12093.495885 -13813.425083 -19547.428528     22.420786  7  8  5 102       
PG02 -11536.099867  14170.491100  19901.737969   -483.551329  4  2  1  75       
PG03 -12109.562490 -23705.293186    -29.282251   -232.192615  8  7  7  82       
PG04  -5935.722513 -16239.741028  20164.309166   -111.731142  6  7  8  28       
PG05  -2193.635271  20399.571796  16616.468779    -16.160307  4  4  4  73       
PG06 -22657.054739   6975.875654  12068.748987   -299.669182  4  6  4  81       
PG07 -25303.411565  -6265.466635   6622.120067   -321.614279  7  6  4  55       
PG08   3399.574565 -22629.588816 -13249.515042    -40.149383  6  5  5  45       
PG09 -14812.075435  -5041.887961  21415.143680   -249.398251  5  4  5  48       
PG10  16298.993164     73.385406 -20929.514739   -392.678663  4  7  3  65       
PG11  -1768.644447 -16924.153090 -20930.897408   -228.032527  7  6  3  76       
PG12  10268.511428  24585.507415   -306.342229     96.869024  5  4  4  68       
PG13 -11995.803915  22400.290037  -7671.324296     24.604527  4  6  2  54       
PG14  18745.449808 -17568.592659  -5987.138606     -0.488230  3  3  3  77       
PG15     -6.034860  22767.596706 -13682.136653   -219.230178  7  6  3  51       
PG16   2090.518447 -21535.103650  14880.911982   -179.657218  2  4  7  62       
PG17 -19479.766868  11196.932647 -13708.410426    292.164631  3  6  3  69       
PG18  25114.936292   6143.262681   6137.391411    239.999402  8  8  6  84       
PG19 -19658.528725  16189.081261  -7769.503714   -135.327798  4  6  3  58       
PG20  20048.770068  10569.532250 -14107.735092    527.339722  4  7  5  65       
PG21  24969.059133  -4934.727712  -6343.235827     20.700509  2  5  5  70       
PG22  -8527.698250 -24033.041859  -7484.225921   -773.670452  8  7  7  78       
PG24  10291.725921  14586.815230 -19968.228387    -15.332787  1  4  6  68       
PG25  16504.672870  18945.250223   8767.658374     20.624039  6  8  5  65       
PG26  10861.984871 -11767.255570  21125.704448    238.906457  4  4  5  46       
PG27  11919.319900 -23244.045647  -3813.162850   -339.620110  5  2  5  77       
PG28 -15155.175476    629.694187 -21205.683688    701.880636  3  7  3  80       
PG29  10911.907144   9845.358584  22074.677171   -144.746058  5  7  5  79       
PG30 -26308.155299    949.948586  -4272.748402   -257.030385  2  6  4  65       
PG31  21999.057236  -7601.295650  13159.631068    -54.000969  4  5  4  62       
PG32  19111.869838 -12441.261638 -13405.259435    312.905260  6  5  3  83       
*  2020  7  7  8 45  0.00000000
PG01  -9846.937089 -13820.552840 -20750.459109     22.425358  7  8  5  79       
PG02 -13617.894102  14163.339333  18491.455477   -483.556314  4  3  2  81       
PG03 -11831.118575 -23678.184195  -2883.836581   -232.203154  8  7  8  43       
PG04  -4627.890348 -18056.022167  18920.370257   -111.735336  6  7  8  56       
PG05  -3385.636406  18745.828005  18284.811623    -16.160887  4  4  3  80       
PG06 -23880.313955   6785.179309   9548.870479   -299.674026  4  6  4  82       
PG07 -24439.057632  -6459.064924   9240.121328   -321.622320  7  6  4  39       
PG08   4276.287639 -23724.926112 -10842.236404    -40.150459  6  5  5  58       
PG09 -13588.229779  -7192.904132  21609.399755   -249.404115  4  5  5  58       
PG10  17379.583542   2161.321477 -19950.693732   -392.688412  3  7  3  39       
PG11    307.927940 -17845.373707 -20239.151994   -228.022900  7  5  3  81       
PG12  10020.962278  24510.682284  -3178.356811     96.864576  5  4  4  70       
PG13 -12616.850612  22812.035111  -4918.551374     24.607472  3  5  2  69       
PG14  18442.963820 -16695.143601  -8682.193041     -0.485426  3  2  1  54       
PG15   -870.075501  23922.368326 -11412.286150   -219.227510  6  6  3  21       
PG16   3003.687076 -19898.643086  16881.264429   -179.661428  3  3  7  57       
PG17 -18618.122350   9659.044928 -15847.646720    292.170073  3  6  4  79       
PG18  24249.610531   6336.072525   8824.341178    240.008145  9  7  6  61       
PG19 -19197.532076  15283.762816 -10412.934830   -135.323187  4  6  4  76       
PG20  20734.323301  11897.226378 -11892.268483    527.339671  4  7  5  78       
PG21  25639.971897  -4668.468067  -3562.248330     20.704507  2  5  5  82       
PG22  -7702.546465 -23349.821576 -10024.356735   -773.668370  8  6  7  93       
PG24   8002.307381  14771.904972 -20836.948408    -15.332601  1  4  6  45       
PG25  16740.703435  19811.581053   6088.519142     20.627713  7  8  5  51       
PG26  12165.783396  -9689.953470  21486.621553    238.912636  4  4  5  74       
PG27  12249.099534 -23346.114792   -920.735749   -339.628973  4     4  63       
PG28 -16099.096668  -1690.780785 -20445.906980    701.877607  3  6  3  87       
PG29   9454.567788  11889.885913  21735.649906   -144.753493  5  7  5  83       
PG30 -26627.100834    633.079235  -1501.071087   -257.037427  3  6  4  61       
PG31  23352.247878  -7348.526719  10805.598268    -54.003442  5  5  4  34       
PG32  18441.027163 -10892.047633 -15526.009569    312.910983  6  5  3  72       
*  2020  7  7  9  0  0.00000000
PG01  -7487.240378 -13958.248020 -21606.130945     22.429930  7  7  5  86       
PG02 -15529.384989  14246.782426  16777.612181   -483.561687  4  3  2  88       
PG03 -11380.854621 -23395.814128  -5689.130483   -232.213701  8  7  8  60       
PG04  -3494.182772 -19799.345509  17350.834523   -111.739569  6  7  7  75       
PG05  -4755.454691  17012.399824  19632.934442    -16.161789  4  4  3  91       
PG06 -24818.045933   6649.287246   6865.361156   -299.678812  5  5  4  64       
PG07 -23303.943011  -6704.894290  11705.276737   -321.630269  6  6  4  63       
PG08   4966.439357 -24610.585273  -8245.671298    -40.151734  6  4  4  78       
PG09 -12474.397805  -9404.032829  21430.169670   -249.409997  4  4  5  84       
PG10  18498.199206   4076.745225 -18628.061282   -392.698156  4  7  3  75       
PG11   2256.514911 -18814.726737 -19215.280510   -228.013341  6  5  3  60       
PG12   9618.426694  24166.839471  -5996.357266     96.860295  5  4  4  46       
PG13 -13034.834171  22995.696794  -2080.831204     24.610358  3  5  2  47       
PG14  18026.860889 -15551.651964 -11224.175420     -0.482871  3  2  1  61       
PG15  -1584.606738  24869.673019  -8945.150529   -219.225232  6  6  2  53       
PG16   4100.378913 -18125.448815  18581.310533   -179.665806  3  4  7  78       
PG17 -17724.037099   7875.715860 -17705.618336    292.175027  4  6  4  96       
PG18  23099.957291   6579.533180  11359.612870    240.016924  9  7  7  75       
PG19 -18628.141415  14115.924632 -12879.105859   -135.318743  4  6  4  80       
PG20  21316.508904  12990.975397  -9475.315943    527.340019  5  7  5  80       
PG21  26001.010324  -4407.243840   -718.070771     20.708704  3  5  5  93       
PG22  -6676.034545 -22486.047833 -12391.793726   -773.666201  8  5  6  74       
PG24   5644.857295  15077.272670 -21355.308090    -15.332816  2  4  6  74       
PG25  16858.636762  20401.642866   3305.528804     20.631402  7  8  4  43       
PG26  13581.094905  -7665.431854  21476.357070    238.918748  4  4  5  55       
PG27  12420.942170 -23171.013224   1987.845683   -339.637713  3     4  64       
PG28 -17114.313810  -3859.013608 -19314.507616    701.874621  2  5  4  94       
PG29   8144.781202  13961.618335  21020.841166   -144.761301  5  7  5  80       
PG30 -26648.428530    330.524477   1296.110567   -257.044403  3  6  4  84       
PG31  24441.172465  -7164.043573   8269.699361    -54.005640  6  5  4           
PG32  17746.848249  -9110.022767 -17376.322274    312.916697  6  5  3  76       
*  2020  7  7  9 15  0.00000000
PG01  -5061.389685 -14236.175802 -22099.499658     22.434504  6  5  5  75       
PG02 -17235.973704  14393.999732  14787.000268   -483.566801  4  3  3  75       
PG03 -10732.962687 -22886.343720  -8397.299634   -232.224306  8  7  8  79       
PG04  -2536.643892 -21424.035622  15482.610268   -111.743779  6  8  7  68       
PG05  -6292.483722  15245.091827  20637.449739    -16.162424  4  3  4  80       
PG06 -25453.222014   6531.241846   4064.152396   -299.683608  5  5  4  80       
PG07 -21921.453787  -7034.149528  13977.076885   -321.637911  6  6  4  31       
PG08   5490.738144 -25251.372820  -5505.031350    -40.153562  5  4  4  70       
PG09 -11490.016901 -11630.769790  20880.513394   -249.415882  3  5  4  61       
PG10  19616.596007   5792.518978 -16985.115055   -392.707874  4  7  4  55       
PG11   4049.154276 -19801.872305 -17876.167797   -228.003835  6  4  2  50       
PG12   9032.899091  23581.616061  -8712.694969     96.855962  5  4  4  57       
PG13 -13275.793307  22923.288117    792.876517     24.613049  3  5  3  67       
PG14  17537.071178 -14140.220022 -13567.669196     -0.480379  3  3  2  68       
PG15  -2169.624620  25576.769277  -6322.639821   -219.223021  6  6  2  57       
PG16   5380.671353 -16264.070925  19951.291166   -179.669792  4  4  7  70       
PG17 -16839.405561   5869.020426 -19248.402507    292.179871  4  6  4  75       
PG18  21689.533592   6906.303258  13699.586103    240.025729  9  7  8  72       
PG19 -17992.900140  12689.799355 -15126.757198   -135.314082  5  7  4  80       
PG20  21757.385493  13853.030828  -6897.842220    527.339957  6  7  5  60       
PG21  26053.106946  -4114.578756   2138.794274     20.713109  4  5  6  78       
PG22  -5439.850215 -21478.873194 -14545.182735   -773.664006  7  5  6  89       
PG24   3264.599287  15504.433911 -21513.707224    -15.331772  2  5  6  66       
PG25  16822.338072  20726.922114    466.328885     20.635151  7  8  4  70       
PG26  15080.431721  -5733.090843  21095.765580    238.925072  6  5  6  44       
PG27  12469.731052 -22701.896047   4861.435205   -339.646500  2  1  3  69       
PG28 -18164.791983  -5837.995667 -17832.624759    701.870861  2  5  4  86       
PG29   7000.017469  16013.029937  19942.558148   -144.769471  5  7  5  76       
PG30 -26372.560286      7.039845   4071.289704   -257.051486  3  6  4  67       
PG31  25246.228500  -7014.383924   5594.897860    -54.007819  6  5  4  57       
PG32  17067.638425  -7118.092029 -18924.055016    312.922426  6  4  3  76       
*  2020  7  7  9 30  0.00000000
PG01  -2618.028982 -14655.846386 -22221.492630     22.438943  6  5  5  84       
PG02 -18708.924419  14573.032840  12551.094615   -483.571972  4  3  3  77       
PG03  -9868.210613 -22183.740428 -10962.181870   -232.234887  8  6  8  67       
PG04  -1749.164994 -22886.200070  13347.768622   -111.747988  5  8  7  52       
PG05  -7978.044973  13488.269504  21281.114321    -16.162966  4  3  4  77       
PG06 -25777.648281   6392.193316   1193.233039   -299.688403  6  5  4  52       
PG07 -20321.496620  -7473.436273  16018.161640   -321.646208  6  6  4  52       
PG08   5876.289651 -25618.565393  -2668.149335    -40.155548  5  4  4  89       
PG09 -10646.861066 -13826.362792  19969.920313   -249.421731  2  5  4  58       
PG10  20693.563254   7289.440406 -15050.740626   -392.717532  5  7  4  59       
PG11   5663.971934 -20772.730028 -16243.629367   -227.994388  6  3  2  34       
PG12   8242.650892  22788.835250 -11281.647821     96.851492  5  4  4  79       
PG13 -13371.283937  22573.975307   3652.837252     24.615981  4  4  3  62       
PG14  17013.831057 -12472.065086 -15670.613526     -0.478122  3  3     68       
PG15  -2650.623235  26016.970869  -3589.802338   -219.220528  5  6  2  79       
PG16   6835.854085 -14363.746904  20967.584959   -179.674218  4  4  7  71       
PG17 -16002.800199   3669.607146 -20447.703049    292.185139  5  6  5  69       
PG18  20049.254954   7344.381862  15803.976847    240.034449  9  7  8  61       
PG19 -17333.917071  11018.258593 -17118.539107   -135.309560  5  6  4  78       
PG20  22021.506991  14493.341755  -4203.493305    527.340050  6  6  4  68       
PG21  25806.204231  -3755.061708   4958.516073     20.717316  4  4  6  67       
PG22  -3993.565972 -20367.995253 -16446.671809   -773.661875  7  4  6  78       
PG24    906.918678  16047.290800 -21308.451875    -15.332576  2  5  6  72       
PG25  16599.600801  20806.737704  -2380.794693     20.638805  7  8  3  82       
PG26  16630.484836  -3927.017247  20352.082820    238.931383  7  5  6  47       
PG27  12433.696736 -21930.814079   7649.361103   -339.655331  3  1  3  79       
PG28 -19210.032370  -7598.595770 -16027.981647    701.868057  3  4  5  81       
PG29   6029.271378  17995.130571  18519.423117   -144.777146  5  6  5  51       
PG30 -25808.164608   -371.761959   6777.371321   -257.058452  3  5  3  86       
PG31  25755.821518  -6863.539218   2826.273089    -54.010364  6  4  3  61       
PG32  16438.052785  -4946.718715 -20142.417947    312.928175  6  5  3  72       
*  2020  7  7  9 45  0.00000000
PG01   -205.832559 -15210.471077 -21969.101661     22.443481  6  4  6  76       
PG02 -19926.333195  14748.011684  10105.693230   -483.577306  4  3  4  74       
PG03  -8774.858424 -21326.413273 -13340.082584   -232.245589  8  5  7  44       
PG04  -1117.901305 -24145.347193  10982.997653   -111.752190  5  8  6  55       
PG05  -9785.959982  11783.217969  21553.121767    -16.163657  5  3  5  75       
PG06 -25792.219983   6193.079181  -1698.161992   -299.693213  7  5  3  58       
PG07 -18539.489581  -8043.645569  17794.850324   -321.653874  5  6  4  27       
PG08   6155.325697 -25691.068013    215.391342    -40.155825  3  4  3  78       
PG09  -9948.696936 -15943.457923  18714.144237   -249.427595  2  5  4  54       
PG10  21686.514832   8556.745253 -12858.674020   -392.727243  6  7  4  53       
PG11   7085.794322 -21690.697510 -14344.115250   -227.984913  5  2  1  75       
PG12   7233.209599  21827.155518 -13660.138056     96.847427  5  4  4  31       
PG13 -13356.985762  21935.013023   6449.417322     24.619271  4  4  4  78       
PG14  16495.969583 -10567.309334 -17495.149863     -0.475596  3  3     68       
PG15  -3057.428073  26170.749347   -794.060006   -219.218259  5  6  3  69       
PG16   8448.631030 -12472.524789  21613.115087   -179.678263  4  4  7  29       
PG17 -15247.870336   1315.709388 -21281.463143    292.190328  5  6  5  84       
PG18  18216.305681   7915.850333  17636.531839    240.043213  9  6  9  70       
PG19 -16691.207697   9122.453298 -18821.564006   -135.305343  6  7  5  68       
PG20  22077.343842  14928.998848  -1437.892684    527.339918  7  7  4  51       
PG21  25278.657354  -3295.920321   7692.824653     20.721136  4  4  6  87       
PG22  -2344.905877 -19194.115714 -18062.616501   -773.659667  7  3  5  90       
PG24  -1384.155995  16692.273986 -20741.880794    -15.333705  4  5  6  39       
PG25  16163.485908  20667.331567  -5187.702904     20.642450  6  8  4  56       
PG26  18193.326349  -2274.863292  19258.754522    238.937588  8  5  7  44       
PG27  12352.722467 -20859.169338  10302.384830   -339.664092  3  1  3  55       
PG28 -20206.765531  -9120.502900 -13934.244216    701.864316  4  3  5  69       
PG29   5232.864683  19859.239169  16776.049185   -144.785044  5  6  5  59       
PG30 -24971.830589   -837.908773   9368.438672   -257.065448  3  5  3  73       
PG31  25966.693973  -6674.481097     10.308265    -54.012593  7  4  3  75       
PG32  15887.703987  -2632.926225 -21010.444867    312.933939  6  4  3  71       
*  2020  7  7 10  0  0.00000000
PG01   2128.135204 -15885.134364 -21345.493305     22.448028  5  3  6  80       
PG02 -20873.877288  14880.556810   7490.480515   -483.582308  4  4  4  93       
PG03  -7449.292707 -20355.693897 -15490.497296   -232.256190  7  4  7  63       
PG04   -621.993734 -25165.886559   8428.974842   -111.756410  5  8  5  53       
PG05 -11683.427616  10166.641448  21449.268348    -16.164143  5  3  5  90       
PG06 -25506.839509   5896.319406  -4560.387810   -299.697965  7  5  3  68       
PG07 -16615.170881  -8759.037058  19277.626964   -321.661711  5  6  4  37       
PG08   6363.727218 -25456.281552   3095.164243    -40.156069  2  4  3  62       
PG09  -9391.263203 -17935.777351  17134.927124   -249.433484  2  5  4  33       
PG10  22553.134731   9592.284186 -10446.892128   -392.736923  6  7  4  23       
PG11   8306.529307 -22517.972280 -12208.360416   -227.974987  5  1     73       
PG12   5998.063984  20738.562882 -15808.397633     96.843029  5  4  4  82       
PG13 -13271.146717  21002.377163   9133.967398     24.622192  5  3  4  89       
PG14  16019.252415  -8454.404505 -19008.392425     -0.472908  4  3     74       
PG15  -3422.836337  26026.579909   2015.630973   -219.216294  4  5  3  81       
PG16  10193.681243 -10635.461687  21877.610521   -179.682459  4  4  8  60       
PG17 -14601.950423  -1148.168584 -21734.347623    292.195519  6  6  6  88       
PG18  16232.817634   8635.848440  19165.654940    240.052028  8  6  9  79       
PG19 -16101.141421   7031.155450 -20207.878840   -135.300574  6  6  5  84       
PG20  21898.571157  15183.416543   1352.094396    527.339793  8  7  3  52       
PG21  24496.340219  -2708.443865  10295.808021     20.724986  5  4  6  57       
PG22   -509.693932 -17997.360367 -19364.221830   -773.656971  7  3  5  76       
PG24  -3567.433078  17418.777475 -19822.404010    -15.335149  4  5  6  65       
PG25  15493.460134  20340.720653  -7907.174001     20.646069  6  7  4  31       
PG26  19727.794288   -796.986465  17835.161564    238.943805  9  5  7  57       
PG27  12266.583306 -19497.801594  12773.638047   -339.672845  4  2  3  67       
PG28 -21110.760427 -10392.780028 -11590.250128    701.861094  5  2  5  67       
PG29   4602.595317  21558.755701  14742.609175   -144.792757  6  6  4  45       
PG30 -23887.458325  -1419.657253  11800.500011   -257.072491  3  4  3  87       
PG31  25883.960982  -6410.722132  -2805.832368    -54.014733  7  3  2  57       
PG32  15439.986103   -219.044131 -21513.353065    312.939648  6  4  3  66       
*  2020  7  7 10 15  0.00000000
PG01   4340.012957 -16657.280658 -20360.031513     22.452614  5  2  6  90       
PG02 -21545.311686  14931.315003   4748.509318   -483.587680  5  3  4  60       
PG03  -5896.355126 -19314.221296 -17376.780849   -232.266797  7  3  7  80       
PG04   -234.567429 -25918.453851   5729.668376   -111.760624  4  8  4  62       
PG05 -13632.169407   8669.363143  20971.991137    -16.165072  6  3  5  75       
PG06 -24940.000166   5467.461402  -7344.236717   -299.702698  8  4  3  72       
PG07 -14591.264427  -9626.561292  20441.578056   -321.669575  5  5  4  46       
PG08   6539.402448 -24910.643136   5920.824931    -40.157735     3  3  77       
PG09  -8962.573651 -19759.763451  15259.616539   -249.439356  1  5  4  61       
PG10  23253.013986  10402.371724  -7856.943219   -392.746619  6  7  4  38       
PG11   9325.301999 -23216.935244  -9870.981518   -227.965529  5  1     78       
PG12   4539.072481  19566.762324 -17690.574755     96.838990  5  4  3  70       
PG13 -13152.926963  19781.067237  11659.696427     24.625301  6  2  4  66       
PG14  15614.856212  -6169.211443 -20183.100382     -0.470510  4  3     50       
PG15  -3781.117081  25581.488673   4789.678695   -219.213613  4  5  3  96       
PG16  12038.550615  -8892.972779  21757.720226   -179.686695  5  4  8  79       
PG17 -14084.941600  -3672.836686 -21798.078568    292.200523  7  5  6  94       
PG18  14144.367787   9511.825536  20364.954550    240.060845  7  6  8  75       
PG19 -15595.048849   4779.828537 -21254.855597   -135.295952  7  6  6  87       
PG20  21465.175965  15285.283310   4119.119144    527.339714  8  6  3  18       
PG21  23491.505154  -1969.206180  12724.609341     20.729593  5  3  6  52       
PG22   1488.519273 -16815.722733 -20328.105623   -773.654868  7  2  5  73       
PG24  -5605.945480  18199.875751 -18564.447986    -15.335875  4  5  6  48       
PG25  14576.294608  19863.355968 -10493.643701     20.649673  5  6  5  39       
PG26  21191.005326    494.120111  16106.248991    238.950034 10  5  7  57       
PG27  12213.194004 -17866.699956  15019.515277   -339.681592  4  3  3  82       
PG28 -21878.664585 -11414.012152  -9039.136685    701.857934  5     5 101       
PG29   4122.227003  23050.862657  12454.305380   -144.800669  6  5  3  81       
PG30 -22585.388297  -2140.224240  14032.205612   -257.079508  3  4  3  73       
PG31  25520.853808  -6037.855527  -5575.029800    -54.016998  7  4  2  81       
PG32  15111.160977   2248.751030 -21642.786058    312.945358  6  4  4  61       
*  2020  7  7 10 30  0.00000000
PG01   6390.630855 -17497.503573 -19028.207484     22.457142  4  2  5  72       
PG02 -21942.686033  14861.578117   1925.599343   -483.593112  5  4  4  71       
PG03  -4129.352537 -18244.290956 -18966.753602   -232.277378  6  2  6  77       
PG04     76.032011 -26381.008540   2931.579148   -111.764848  4  8  3  60       
PG05 -15589.795201   7315.275843  20130.280260    -16.165585  5  2  6  56       
PG06 -24118.050760   4876.710733 -10001.782197   -299.707355  8  4  3  15       
PG07 -12512.045369 -10645.444818  21266.779762   -321.677580  4  5  4  65       
PG08   6720.587861 -24059.817108   8643.033312    -40.158128  1  3  2  55       
PG09  -8643.531140 -21376.125508  13120.683892   -249.445264  2  5  4  82       
PG10  23749.217458  11001.317395  -5133.229937   -392.756331  7  7  4  52       
PG11  10148.338723 -23751.551260  -7370.019489   -227.955817  5  1  1  79       
PG12   2866.562376  18355.526862 -19275.276161     96.834542  5  4  3  48       
PG13 -13040.708871  18285.063452  13982.518339     24.628217  6  2  5  90       
PG14  15308.041569  -3753.770891 -20998.232266     -0.467996  4  4     82       
PG15  -4166.432382  24841.271033   7478.794428   -219.211138  4  5  3  77       
PG16  13944.832169  -7279.397203  21256.983453   -179.690811  6  4  8  74       
PG17 -13708.518027  -6206.207273 -21471.612872    292.205556  7  5  6  83       
PG18  11998.351881  10543.096615  21213.702496    240.069682  6  6  8  56       
PG19 -15198.036366   2409.462771 -21945.499113   -135.291326  7  6  6  87       
PG20  20764.341838  15267.318241   6816.119988    527.339280  8  6  4  71       
PG21  22301.452193  -1061.051337  14940.021161     20.733474  5  3  6  50       
PG22   3619.141742 -15683.594502 -20936.768909   -773.652628  6  3  4  70       
PG24  -7468.193531  19003.302236 -16988.302452    -15.336908  5  5  6  60       
PG25  13406.694360  19274.639658 -12903.907177     20.653315  4  6  5  71       
PG26  22539.936886   1594.088819  14102.067648    238.956242 10  5  7  62       
PG27  12226.940632 -15994.350274  17000.500458   -339.690279  5  3  2  76       
PG28 -22469.791934 -12192.052366  -6327.398369    701.854731  6     5  45       
PG29   3768.299178  24298.089619   9950.749981   -144.808477  6  5  3  84       
PG30 -21101.301441  -3016.708636  16025.525322   -257.086493  3  4  3  42       
PG31  24898.181363  -5525.019719  -8250.932762    -54.018921  7  3  1  44       
PG32  14909.742399   4722.041838 -21396.936064    312.951194  6  4  4  81       
*  2020  7  7 10 45  0.00000000
PG01   8246.838818 -18370.614603 -17371.472074     22.461657  3  1  5  75       
PG02 -22076.263113  14634.928275   -930.348011   -483.598024  6  4  4  52       
PG03  -2169.747764 -17186.230222 -20233.235856   -232.287992  6     6  76       
PG04    344.813170 -26539.661347     82.936645   -111.769039  4  8  3  57       
PG05 -17511.332819   6120.582501  18939.470104    -16.166459  5  2  6  87       
PG06 -23074.168328   4100.287300 -12487.205335   -299.712141  9  4  3  66       
PG07 -10421.852088 -11807.054229  21738.630739   -321.685433  4  4  4  45       
PG08   6944.142557 -22918.529087  11214.353269    -40.159794  2  3  2  70       
PG09  -8408.827554 -22751.228991  10755.152409   -249.451127  3  5  4  59       
PG10  24009.722499  11410.660756  -2322.257071   -392.766033  7  7  4  52       
PG11  10788.599570 -24088.740806  -4746.427507   -227.946412  5  1  2  69       
PG12    999.117923  17147.063201 -20536.040696     96.830198  5  4  2  69       
PG13 -12970.441551  16536.937766  16061.853990     24.631099  6  2  5 100       
PG14  15117.083848  -1254.816904 -21439.366657     -0.465539  5  4  1  63       
PG15  -4611.246555  23820.364563  10034.949737   -219.209026  4  4  4  70       
PG16  15869.581205  -5821.835665  20385.663432   -179.694713  6  4  8  50       
PG17 -13475.694003  -8695.208367 -20761.156052    292.210956  7  4  7  47       
PG18   9842.296293  11720.721498  21697.196285    240.078486  4  6  8  62       
PG19 -14928.047273    -34.782085 -22268.672081   -135.286850  8  6  6  71       
PG20  19791.076725  15164.879409   9397.095431    527.339374  8  5  5  44       
PG21  20967.066089     26.183174  16906.978272     20.737985  5  3  6  75       
PG22   5845.513902 -14630.443444 -21178.960551   -773.650188  6  3  4  71       
PG24  -9129.194135  19792.657688 -15119.865144    -15.336417  6  5  6  50       
PG25  11987.638998  18615.354783 -15097.776125     20.656970  4  5  5  53       
PG26  23733.018406   2506.624139  11857.238068    238.962430 11  5  7  58       
PG27  12337.167352 -13916.745411  18681.907628   -339.698974  5  3  2  76       
PG28 -22847.780650 -12743.389356  -3503.905143    701.851437  6     5  56       
PG29   3511.224395  25269.679941   7275.267678   -144.816479  6  4  3  74       
PG30 -19474.929771  -4059.244553  17746.377258   -257.093503  3  4  3  65       
PG31  24043.529047  -4846.236472 -10788.669562    -54.021277  7  3  2  60       
PG32  14836.200852   7151.859060 -20780.545672    312.956965  6  4  4  65       
*  2020  7  7 11  0  0.00000000
PG01   9882.622879 -19236.957211 -15416.967146     22.466212  2     4  65       
PG02 -21964.129813  14218.847428  -3770.115085   -483.603138  7  4  4  69       
PG03    -46.541811 -16176.860660 -21154.502716   -232.298521  5     5  65       
PG04    608.580428 -26389.198905  -2767.137122   -111.773234  4  8  3  73       
PG05 -19350.859625   5093.353404  17420.916922    -16.166984  5  3  5  77       
PG06 -21847.077715   3121.553193 -14757.589251   -299.717001  9  3  3  70       
PG07  -8363.593378 -13095.047349  21848.125922   -321.693258  5  4  3           
PG08   7243.906757 -21510.050865  13590.110416    -40.161298  3  3  2  77       
PG09  -8228.093405 -23858.273699   8203.945481   -249.457056  3  5  4  53       
PG10  24008.677131  11658.142260    528.143813   -392.775725  7  7  4  89       
PG11  11265.167510 -24199.676100  -2043.504410   -227.936599  5     3  82       
PG12  -1036.934045  15980.451608 -21451.740356     96.825857  5  4     63       
PG13 -12974.087489  14567.132429  17861.371474     24.634041  6     5  79       
PG14  15052.509377   1277.903404 -21498.977579     -0.463021  6  4  2  67       
PG15  -5144.793030  22541.375368  12412.327567   -219.206478  4  3  4  62       
PG16  17766.903117  -4539.301094  19160.455175   -179.699144  7  4  8  61       
PG17 -13380.770479 -11087.737468 -19680.012379    292.216153  7  4  7  58       
PG18   7722.172721  13027.712850  21807.018225    240.087318  4  6  7  66       
PG19 -14795.199973  -2505.077855 -22219.237650   -135.282142  8  5  7  57       
PG20  18548.558628  15014.475152  11817.868095    527.339206  7  5  5  60       
PG21  19531.279003   1295.219465  18594.954108     20.742518  5  3  6  58       
PG22   8126.135278 -13679.694320 -21049.925368   -773.648006  5  4  3  49       
PG24 -10571.292884  20528.807328 -12990.282327    -15.337704  6  5  6  58       
PG25  10330.424814  17926.064251 -17038.685102     20.660612  3  5  5  55       
PG26  24731.672024   3243.140333   9410.346928    238.968461 11  5  7  53       
PG27  12566.882547 -11676.100448  20034.518647   -339.707650  5  3  2  62       
PG28 -22982.053262 -13092.176647   -618.911457    701.848234  5     4  89       
PG29   3316.628962  25942.706403   4474.133576   -144.824230  6  3  2  46       
PG30 -17748.624287  -5270.418384  19165.198578   -257.100531  3  4  3  72       
PG31  22990.222608  -3981.575141 -13145.542332    -54.023417  6  3  3  51       
PG32  14882.998365   9490.387144 -19804.790808    312.962731  5  4  4  64       
*  2020  7  7 11 15  0.00000000
PG01  11279.963928 -20053.922038 -13197.153614     22.470728  1     4  95       
PG02 -21631.502870  13586.225822  -6544.006442   -483.608470  7  3  5  77       
PG03   2204.630570 -15248.104982 -21714.652516   -232.309091  5     4  85       
PG04    904.304020 -25933.284811  -5569.480727   -111.777412  4  8  3  70       
PG05 -21063.170750   4233.413190  15601.572396    -16.168002  5  3  5  87       
PG06 -20479.566688   1931.866858 -16773.667444   -299.721768  9  3  3  85       
PG07  -6377.300746 -14485.811250  21592.065705   -321.701088  4  4  3  24       
PG08   7649.191887 -19865.358566  15729.190244    -40.162168  4  3  1  59       
PG09  -8067.250958 -24678.215440   5511.167569   -249.462998  4  5  3  63       
PG10  23727.432589  11776.450969   3369.601257   -392.785452  8  6  4  68       
PG11  11602.409953 -24060.955468    693.725480   -227.927438  4  2  4  96       
PG12  -3208.322592  14890.214702 -22006.905456     96.821085  6  4     76       
PG13 -13078.235096  12412.933396  19349.649127     24.636845  5  2  5  80       
PG14  15116.670057   3793.430994 -21176.557993     -0.460606  6  4  2  62       
PG15  -5791.667707  21034.272978  14568.241672   -219.204261  5  2  4  95       
PG16  19589.646562  -3442.208880  17604.080723   -179.703069  7  4  8  50       
PG17 -13409.661161 -13334.570114 -18248.277355    292.221350  7  3  6  50       
PG18   5680.780205  14439.566026  21541.186604    240.096132  5  6  6  76       
PG19 -14801.424296  -4952.520738 -21798.120170   -135.277653  8  5  7  75       
PG20  17048.183646  14852.233547  14036.828629    527.339297  7  4  5  49       
PG21  18037.514449   2741.171800  19978.267917     20.746582  5  2  5  27       
PG22  10416.096830 -12847.860470 -20551.527557   -773.645803  5  4  2  41       
PG24 -11784.703328  21171.416512 -10635.485043    -15.339410  6  5  6  72       
PG25   8454.408471  17245.535485 -18694.242165     20.664286  3  5  4  84       
PG26  25501.745603   3822.107210   6803.286811    238.974661 11  5  6  71       
PG27  12931.738350  -9319.327704  21035.104227   -339.716318  5  3  3  76       
PG28 -22849.023490 -13268.977405   2276.917108    701.845000  4  2  5  74       
PG29   3146.883032  26302.892756   1595.760584   -144.831919  6  3  3  40       
PG30 -15965.832193  -6644.973260  20257.449676   -257.107438  2  4  3  92       
PG31  21776.092454  -2918.101244 -15281.696694    -54.025539  6  3  4  77       
PG32  15034.949551  11692.619661 -18487.049496    312.968466  5  3  4  66       
*  2020  7  7 11 30  0.00000000
PG01  12429.401171 -20777.609617 -10749.335865     22.475231        3  98       
PG02 -21109.744367  12716.703183  -9202.748626   -483.613609  8  4  5  79       
PG03   4542.659443 -14425.790843 -21903.883011   -232.319679  5     4  62       
PG04   1267.482969 -25184.328898  -8275.748137   -111.781672  4  8  3  75       
PG05 -22605.418459   3532.557470  13513.464487    -16.168773  5  4  4  88       
PG06 -19016.853468    531.128613 -18500.512515   -299.726474  9  3  4  84       
PG07  -4498.775744 -15949.177913  20973.194158   -321.708968  4  3  3  28       
PG08   8183.463506 -18021.999964  17594.760928    -40.162644  5  3  1  58       
PG09  -7890.016788 -25200.396136   2723.331029   -249.468907  5  5  3  78       
PG10  23155.313741  11801.797495   6153.991122   -392.795145  8  6  4  80       
PG11  11828.936693 -23655.611634   3419.183738   -227.917412  4  3  5  90       
PG12  -5475.887500  13905.065290 -22191.970887     96.816844  6  3     70       
PG13 -13302.934227  10117.178775  20500.747215     24.639992  5  2  5 102       
PG14  15303.673328   6241.438841 -20478.589933     -0.457703  6  3  2  69       
PG15  -6570.613014  19335.284891  16463.998739   -219.201823  5  2  4  81       
PG16  21291.132717  -2532.218244  15744.786932   -179.707625  7  3  8  49       
PG17 -13540.580179 -15391.140422 -16492.383912    292.226679  7  3  6  47       
PG18   3756.256487  15925.091210  20904.195980    240.104910  6  6  6  67       
PG19 -14940.407276  -7328.760956 -21012.284750   -135.273182  8  5  7  74       
PG20  15309.311496  14712.387576  16015.647803    527.338859  6  4  5  41       
PG21  16528.164318   4351.652855  21036.311210     20.750660  6  2  5  66       
PG22  12668.662220 -12143.963592 -19692.244257   -773.643425  5  4  2  33       
PG24 -12767.747098  21680.567358  -8095.623646    -15.339588  7  4  6  88       
PG25   6386.462154  16609.245884 -20036.719332     20.667921  2  4  3  68       
PG26  26014.785626   4268.131311   4080.550240    238.980812 10  6  5  66       
PG27  13439.324926  -6896.336413  21666.818261   -339.724986  5  3  4  63       
PG28 -22433.009083 -13309.288348   5133.436253    701.841847  4  2  5  70       
PG29   2962.758943  26345.109781  -1310.148496   -144.839822  6  3  4  26       
PG30 -14169.539078  -8169.814183  21004.043579   -257.114429  2  3  2  73       
PG31  20442.080501  -1650.574089 -17160.759513    -54.027750  5  3  5  72       
PG32  15269.891919  13717.901016 -16850.563010    312.974164  4  3  4  76       
*  2020  7  7 11 45  0.00000000
PG01  13330.272590 -21364.579105  -8115.084645     22.479790        3  75       
PG02 -20435.115506  11597.778666 -11698.434660   -483.619019  8  4  5  87       
PG03   6922.330542 -13728.696774 -21718.670501   -232.330263  4     3  67       
PG04   1730.565657 -24163.029593 -10839.249782   -111.785862  4  8  4  83       
PG05 -23938.659473   2975.085752  11193.098138    -16.169796  6  4  4  74       
PG06 -17504.869571  -1072.005622 -19908.152561   -299.731265  8  3  4  80       
PG07  -2758.380888 -17449.399143  20000.259207   -321.716808  4  3  2  49       
PG08   8863.269570 -16022.718546  19154.907402    -40.164719  5  3  1  56       
PG09  -7659.493952 -25422.858761   -111.456814   -249.474828  5  5  3  83       
PG10  22290.100515  11772.366111   8834.213494   -392.804819  8  6  5  73       
PG11  11976.386202 -22973.912857   6086.456092   -227.907983  4  3  5  86       
PG12  -7795.854305  13046.877477 -22003.440615     96.812622  6  3     86       
PG13 -13660.802596   7726.753558  21294.676379     24.642932  5  3  4  57       
PG14  15599.667694   8574.039501 -19418.364911     -0.455538  7  3  3  52       
PG15  -7493.548850  17485.536693  18065.678668   -219.199618  5  2  4  74       
PG16  22826.852528  -1802.421617  13615.761827   -179.711695  7  3  7  36       
PG17 -13745.056480 -17219.118270 -14444.518472    292.231855  6  3  5  73       
PG18   1980.775822  17447.516524  19906.945476    240.113754  7  6  6  58       
PG19 -15197.849754  -9587.613548 -19874.636206   -135.268487  8  4  6  70       
PG20  13358.714668  14625.833733  17719.944901    527.338858  6  4  6   7       
PG21  15043.146086   6107.140053  21753.702343     20.754797  6  3  5  55       
PG22  14836.934182 -11569.267099 -18487.027404   -773.641291  6  4  2  34       
PG24 -13526.779632  22018.393202  -5414.406135    -15.339322  6  4  6  45       
PG25   4160.159297  16048.021081 -21043.478726     20.671622  1  4  3  74       
PG26  26249.103821   4610.809147   1288.489113    238.987000 10  6  5  67       
PG27  14088.806501  -4458.228722  21919.459400   -339.733614  6  2  4  47       
PG28 -21726.824566 -13251.911900   7901.895831    701.838288  3  3  5  83       
PG29   2725.151794  26073.527433  -4193.468492   -144.847410  6  4  4  33       
PG30 -12400.733477  -9824.316407  21391.692876   -257.121540  3  3  2  59       
PG31  19030.737397   -181.866011 -18750.437013    -54.029945  4  3  5  71       
PG32  15559.636481  15531.295994 -14923.997913    312.979887  4  3  4  72       
*  2020  7  7 12  0  0.00000000
PG01  13990.616494 -21773.615717  -5339.563342     22.484352        4  75       
PG02 -19647.310890  10225.631403 -13985.491920   -483.624130  8  4  5  89       
PG03   9295.858526 -13167.876767 -21161.848231   -232.340855  4     4  53       
PG04   2321.490619 -22897.607025 -13215.764671   -111.790084  4  8  5  60       
PG05 -25029.251892   2538.625221   8680.789266    -16.170194  7  4  4  72       
PG06 -15988.524449  -2860.252714 -20972.103684   -299.735956  8  4  4  83       
PG07  -1180.019810 -18946.353077  18687.987403   -321.724764  3  3  3  35       
PG08   9697.455644 -13913.891184  20383.165994    -40.166587  5  3  1  57       
PG09  -7339.790640 -25352.336017  -2944.331436   -249.480771  6  5  3  82       
PG10  21138.203895  11726.703735  11364.949185   -392.814641  8  5  5  67       
PG11  12078.079925 -22013.920785   8649.550989   -227.898520  4  4  5  61       
PG12 -10121.285996  12329.917978 -21443.967737     96.808242  6  3     82       
PG13 -14156.439675   5290.930750  21717.753340     24.645773  5  4  3  55       
PG14  15983.467552  10747.479996 -18015.663006     -0.452952  7  4  3  45       
PG15  -8564.895290  15529.496318  19344.810947   -219.197197  5  3  4  78       
PG16  24156.067726  -1237.865371  11254.485787   -179.716156  7  3  6  46       
PG17 -13989.225549 -18787.719005 -12141.926697    292.237068  5  3  5  35       
PG18    379.483162  18965.820137  18566.555886    240.122531  8  5  6  64       
PG19 -15552.025230 -11686.595219 -18403.837915   -135.263983  7  4  6  64       
PG20  11229.748442  14618.819999  19119.900465    527.338835  6  4  6  47       
PG21  13618.581922   7981.581874  22120.377802     20.758978  6  2  4  79       
PG22  16875.537879 -11117.334988 -16957.035564   -773.639015  6  4  3  52       
PG24 -14075.798824  22150.664683  -2638.349089    -15.340776  6  4  5  80       
PG25   1814.718572  15586.853553 -21697.330434     20.675349  3  4  3  70       
PG26  26190.599255   4883.396928  -1525.449411    238.993197  9  7  4  84       
PG27  14870.910786  -2055.466792  21789.597756   -339.742236  6  2  4  63       
PG28 -20732.042765 -13137.247630  10535.739291    701.835039  2  3  5  73       
PG29   2396.794019  25501.418289  -7004.523130   -144.855062  6  5  4  53       
PG30 -10696.951009 -11580.928590  21413.167148   -257.128544  3  2  2  74       
PG31  17584.662279   1476.915470 -20023.065020    -54.032280  4  3  5  63       
PG32  15871.159045  17104.736233 -12740.918983    312.985623  3  3  4  71       
*  2020  7  7 12 15  0.00000000
PG01  14426.731373 -21967.446116  -2470.765776     22.488911  2     4  61       
PG02 -18787.828554   8605.603075 -16021.647743   -483.629015  8  4  5  67       
PG03  11614.526464 -12746.289933 -20242.581599   -232.351343  4  1  4  42       
PG04   3062.405389 -21422.756735 -15364.308925   -111.794294  4  7  5  36       
PG05 -25850.050308   2195.209246   6019.945840    -16.171104  7  5  3  80       
PG06 -14510.019415  -4808.169774 -21673.808392   -299.740742  7  4  5  83       
PG07    219.652158 -20396.945438  17056.965908   -321.732775  3  3  2  66       
PG08  10686.696244 -11743.843000  21258.951710    -40.167868  6  3  2  33       
PG09  -6897.601405 -25003.914438  -5726.518517   -249.486703  6  4  4  69       
PG10  19714.530794  11702.105193  13703.386257   -392.824347  8  6  5  70       
PG11  12167.591294 -20781.775615  11063.689133   -227.888677  5  4  6  67       
PG12 -12403.661621  11760.366203 -20522.347572     96.803596  6  3     77       
PG13 -14786.171821   2859.625258  21762.837064     24.648846  5  4  2  60       
PG14  16427.485877  12723.654408 -16296.303151     -0.450473  7  4  3  70       
PG15  -9781.218162  13513.290595  20278.928528   -219.194932  5  3  4  82       
PG16  25243.257547   -816.373200   8702.033365   -179.720495  8  3  5  55       
PG17 -14235.337577 -20074.695522  -9626.131289    292.242280  5  2  4  73       
PG18  -1030.294428  20436.240357  16906.078386    240.131346  8  4  6  76       
PG19 -15974.622625 -13588.334231 -16624.051106   -135.259510  7  3  6  54       
PG20   8961.269785  14711.815152  20190.801629    527.338781  6  4  5  58       
PG21  12285.635845   9943.218788  22131.627836     20.763146  6  3  3  84       
PG22  18742.251985 -10774.413990 -15129.241013   -773.636885  6  4  3  60       
PG24 -14435.747146  22048.260959    184.046652    -15.341811  6  3  5  73       
PG25   -606.258308  15243.943329 -21986.818076     20.679042  3  4  3  59       
PG26  25833.306626   5121.347410  -4313.499586    238.999331  9  7  5  89       
PG27  15768.268092    263.914437  21280.568382   -339.750870  6  1  5  50       
PG28 -19458.927749 -13005.572585  12991.320425    701.832050     3  5  40       
PG29   1943.896342  24650.621138  -9694.944336   -144.862934  6  5  4  27       
PG30  -9090.953071 -13406.051261  21067.454707   -257.135507  3  2  2  36       
PG31  16144.940212   3306.611637 -20956.102621    -54.034571  4  3  5  73       
PG32  16167.983709  18417.902026 -10339.184258    312.991328  3  4  4  63       
*  2020  7  7 12 30  0.00000000
PG01  14662.405439 -21914.330510    441.322984     22.493454  4     3  70       
PG02 -17898.242293   6752.307197 -17768.863634   -483.634331  8  4  6  22       
PG03  13830.370944 -12458.750493 -18976.238975   -232.361887  4  2  5  84       
PG04   3968.614201 -19778.364731 -17247.846930   -111.798521  4  7  5  72       
PG05 -26381.356345   1912.565501   3256.309949    -16.172071  8  5  4  62       
PG06 -13107.276677  -6882.944298 -22000.971305   -299.745550  7  4  5  79       
PG07   1431.752045 -21756.659970  15133.424931   -321.740502  4  3  2  52       
PG08  11823.358197  -9561.106775  21767.873015    -40.167985  6  3  3  55       
PG09  -6303.688825 -24400.388272  -8410.175829   -249.492659  7  4  5  56       
PG10  18042.042964  11733.054032  15809.907492   -392.834048  7  6  5  74       
PG11  12277.282108 -19291.687617  13286.111800   -227.879231  6  3  6  72       
PG12 -14594.527182  11336.142279 -19253.421506     96.799357  6  3  1  58       
PG13 -15538.138486    481.630281  21429.441366     24.651516  6  5     61       
PG14  16898.930229  14471.374409 -14291.580476     -0.447595  7  3  3  48       
PG15 -11131.213099  11482.968223  20851.985055   -219.192771  4  4  3  86       
PG16  26059.361057   -509.633328   6002.340700   -179.724948  8  3  4  59       
PG17 -14443.413352 -21066.978543  -6942.085555    292.247489  4  2  3  39       
PG18  -2239.529004  21813.905590  14954.099498    240.140177  8  3  6  81       
PG19 -16431.845262 -15261.803892 -14564.595251   -135.254791  7  3  5  69       
PG20   6596.343134  14918.605358  20913.508639    527.338721  5  4  5  56       
PG21  11069.539367  11955.589193  21788.082774     20.766820  6  4  2  69       
PG22  20399.520265 -10520.122592 -13035.920792   -773.634627  6  3  3  61       
PG24 -14633.531406  21688.462349   3003.180029    -15.341295  6  4  5  78       
PG25  -3056.212580  15029.995610 -21906.428031     20.682755  3  5  3  80       
PG26  25179.651443   5360.768866  -7028.355474    239.005486  8  6  5  74       
PG27  16756.081652   2455.977928  20402.336519   -339.759509  6  2  5  52       
PG28 -17926.054081 -12895.375891  15228.532365    701.828644  1  4  5  72       
PG29   1337.650698  23550.686848 -12218.504386   -144.870624  5  5  4  66       
PG30  -7609.590847 -15261.160617  20359.823471   -257.142520  3  2  2  33       
PG31  14749.633795   5280.501490 -21532.560006    -54.036492  3  3  6  67       
PG32  16411.703294  19458.808536  -7760.274349    312.997076  2  4  4  43       
*  2020  7  7 12 45  0.00000000
PG01  14727.841619 -21589.462957   3345.627887     22.498031  5     3  60       
PG02 -17018.451444   4689.346347 -19194.206854   -483.639451  8  4  6  32       
PG03  15897.849953 -12292.201466 -17384.158416   -232.372426  3  3  5  43       
PG04   5047.796306 -18008.033943 -18833.932523   -111.802735  5  7  6  46       
PG05 -26611.591884   1655.561640    437.174480    -16.172387  8  5  5  70       
PG06 -11812.544995  -9045.477825 -21947.785351   -299.750355  6  4  5  67       
PG07   2455.401022 -22981.204625  12948.915069   -321.748452  4  3  1  70       
PG08  13091.698333  -7412.695197  21901.931665    -40.169273  7  3  3  76       
PG09  -5534.207676 -23571.329490 -10949.214854   -249.498589  7  4  5  44       
PG10  16151.025679  11849.776009  17648.730160   -392.843772  6  6  5  76       
PG11  12436.863322 -17565.624307  15276.892720   -227.869605  6  3  6  53       
PG12 -16647.160894  11047.051949 -17657.889767     96.794978  6  3  2  59       
PG13 -16392.715207  -1797.093736  20723.722863     24.654719  6  5     85       
PG14  17361.207068  15967.350349 -12037.608977     -0.445124  7  3  3  61       
PG15 -12596.027471   9482.785234  21054.626288   -219.190310  4  4  2  84       
PG16  26582.774282   -284.502637   3201.452169   -179.729410  8  4  4  75       
PG17 -14572.974999 -21760.947640  -4137.286552    292.253087  4  2  2  80       
PG18  -3247.647418  23054.521163  12744.248922    240.148945  7  2  6  87       
PG19 -16885.729511 -16683.335285 -12259.530537   -135.250336  7  3  4  64       
PG20   4180.779975  15245.656020  21274.831969    527.338757  4  3  4  53       
PG21   9988.830381  13978.687422  21095.654806     20.771681  6  4     57       
PG22  21815.781653 -10328.417143 -10714.043610   -773.632441  6  3  3  80       
PG24 -14700.797349  21056.006664   5769.275051    -15.340814  6  4  5  84       
PG25  -5487.170030  14947.801992 -21456.718201     20.686455  4  4  4  71       
PG26  24240.403212   5636.863716  -9623.940448    239.011602  7  6  5  87       
PG27  17803.097370   4482.374406  19171.242519   -339.768199  6     5  11       
PG28 -16159.637621 -12841.806665  17211.347393    701.825491  2  4  5  54       
PG29    555.536542  22237.740835 -14531.906548   -144.878579  5  4  4  39       
PG30  -6272.899158 -17104.137909  19301.777034   -257.149422  3  2  3  61       
PG31  13432.384973   7365.083679 -21741.351007    -54.038734  3  2  5  69       
PG32  16563.576975  20224.077212  -5048.568732    313.002767  1  5  3  60       
*  2020  7  7 13  0  0.00000000
PG01  14658.317851 -20976.117382   6190.929157     22.502649  6  2  3  49       
PG02 -16184.988145   2448.637631 -20270.627771   -483.644577  7  4  6  52       
PG03  17775.430639 -12226.303262 -15493.312067   -232.383010     4  5  45       
PG04   6299.525974 -16157.479393 -20095.268959   -111.806961  5  6  6  21       
PG05 -26537.673113   1387.751622  -2389.412512    -16.173456  8  5  6  93       
PG06 -10651.236709 -11251.722201 -21515.043626   -299.755212  6  4  5  68       
PG07   3297.646755 -24028.193468  10539.875895   -321.756406  4  3     57       
PG08  14468.384532  -5342.452361  21659.607633    -40.170335  7  3  4  56       
PG09  -4571.820145 -22551.911057 -13300.088003   -249.504508  7  3  5  65       
PG10  14078.091984  12076.958466  19188.489864   -392.853402  5  6  5  82       
PG11  12672.039663 -15632.694248  16999.735506   -227.860281  6  3  6  72       
PG12 -18518.193251  10875.246513 -15762.031904     96.790366  6  3  2  71       
PG13 -17323.255179  -3935.010156  19658.345935     24.657599  6  5     75       
PG14  17775.472068  17196.849509  -9574.589204     -0.442626  6  3  3  54       
PG15 -14149.903709   7553.586900  20884.311854   -219.188319  4  4  2  78       
PG16  26800.071465   -104.474940    346.758498   -179.733790  8  4  3  90       
PG17 -14584.778304 -22162.332183  -1260.870703    292.258316  4  2  2  35       
PG18  -4062.355927  24116.047622  10314.618576    240.157768  7  3  6  75       
PG19 -17295.638593 -17837.371378  -9747.164038   -135.245842  7  3  4  70       
PG20   1761.566409  15691.767165  21267.810389    527.338521  4  3  4  48       
PG21   9054.824464  15970.238279  20065.438268     20.775785  6  4     31       
PG22  22966.564898 -10168.793266  -8204.567276   -773.630182  6  2  3  67       
PG24 -14672.508156  20143.860529   8433.326347    -15.341886  5  4  5  84       
PG25  -7851.345519  14992.123004 -20644.362147     20.690152  5  5  4  77       
PG26  23034.328476   5982.404864 -12056.157398    239.017759  6  5  5  75       
PG27  18872.829696   6311.596192  17609.636696   -339.776872  6  2  5  46       
PG28 -14192.611509 -12875.286533  18908.268926    701.822238  2  4  5  55       
PG29   -417.620087  20753.107171 -16595.520915   -144.886311  5  5  4  15       
PG30  -5093.456669 -18890.756136  17910.903483   -257.156417  3  2  3  62       
PG31  12221.180782   9521.128704 -21577.560701    -54.040885  3  3  5  61       
PG32  16586.143163  20718.885306  -2250.582058    313.008502  2  5  3  70       
*  2020  7  7 13 15  0.00000000
PG01  14492.635283 -20066.486255   8926.830713     22.507208  6  4  2  71       
PG02 -15429.462546     69.367113 -20977.612891   -483.649609  7  5  6  77       
PG03  19427.036330 -12234.316245 -13335.871785   -232.393519     4  5  68       
PG04   7715.113374 -14272.854369 -21010.178037   -111.811150  6  6  6  21       
PG05 -26165.074836   1072.963207  -5175.443295    -16.174170  8  6  6  62       
PG06  -9641.041857 -13454.217382 -20710.134225   -299.759953  6  4  5  86       
PG07   3973.070479 -24858.799532   7947.094830   -321.763928  5  4  1  44       
PG08  15923.316757  -3389.546534  21045.831352    -40.171670  7  2  4  73       
PG09  -3406.558983 -21381.529922 -15422.528243   -249.510401  6  3  6  51       
PG10  11864.957552  12432.683143  20402.760580   -392.863096  5  6  5  73       
PG11  13003.297341 -13528.241295  18422.736176   -227.850590  6  3  5  71       
PG12 -20169.122565  10795.984801 -13597.334722     96.786153  6  4  3  88       
PG13 -18297.118282  -5896.415223  18252.229087     24.660581  7  5  2  67       
PG14  18102.259964  18154.012961  -6946.021151     -0.439989  6  3  3  49       
PG15 -15761.112799   5731.354167  20345.288636   -219.185750  4  4  1  82       
PG16  26706.430277     68.743202  -2513.762988   -179.738131  8  5  4  66       
PG17 -14442.476356 -22285.756936   1637.287063    292.263456  3  2  2  88       
PG18  -4699.141164  24960.305260   7707.102924    240.166550  6  5  5  78       
PG19 -17619.880005 -18716.932526  -7069.482078   -135.241222  6  3  3  68       
PG20   -614.761680  16248.039529  20891.881806    527.338486  3  3  4  63       
PG21   8271.332186  17887.050467  18713.569690     20.780265  6  4     64       
PG22  23835.304373 -10007.670873  -5551.663472   -773.628047  5  2  3  77       
PG24 -14585.385792  18953.668772  10948.042176    -15.341796  5  4  5  68       
PG25 -10102.754608  15149.879813 -19482.104593     20.693853  5  5  5  74       
PG26  21587.556158   6426.306434 -14283.609448    239.023857  6  5  5  80       
PG27  19924.991214   7919.950823  15745.416079   -339.785545  5  3  4  57       
PG28 -12063.487319 -13020.329306  20292.699134    701.819026  2  4  5  18       
PG29  -1588.875432  19141.748254 -18374.053434   -144.894109  5  5  3  50       
PG30  -4076.039332 -20576.268795  16210.616300   -257.163369  3  2  4  46       
PG31  11137.332358  11704.967977 -21042.618700    -54.043334  3  3  5  25       
PG32  16444.785945  20956.598506    585.826382    313.014217  2  6  3  55       
*  2020  7  7 13 30  0.00000000
PG01  14271.417876 -18862.171195  11504.728844     22.511801  7  5  3  76       
PG02 -14777.221995  -2403.385794 -21301.687097   -483.654712  6  5  6  81       
PG03  20823.296863 -12284.244849 -10948.681253   -232.403980  2  5  5  71       
PG04   9277.772919 -12399.072371 -21562.970454   -111.815336  6  6  6  60       
PG05 -25507.585871    676.866659  -7873.734237    -16.174948  8  5  6  66       
PG06  -8791.354239 -15603.771514 -19546.917517   -299.764796  6  4  5  64       
PG07   4503.085596 -25439.311437   5215.058652   -321.772031  5  4  2  65       
PG08  17420.713590  -1587.159501  20071.847458    -40.172829  6  2  4  62       
PG09  -2036.405462 -20102.283510 -17280.229069   -249.516334  6  3  6  64       
PG10   9557.029298  12927.612756  21270.503388   -392.872832  4  6  5  67       
PG11  13444.891176 -11292.676497  19519.088556   -227.840969  7  4  5  87       
PG12 -21567.668850  10778.672991 -11200.028636     96.781537  5  4  4  76       
PG13 -19276.944959  -7652.611185  16530.179503     24.663679  6  5  3  67       
PG14  18303.126592  18841.827302  -4197.882175     -0.437787  6  3  3  59       
PG15 -17393.134146   4045.973465  19448.421954   -219.183685  5  5  2  90       
PG16  26305.751435    273.607426  -5332.296836   -179.742679  8  5  3  94       
PG17 -14114.150146 -22153.960870   4507.452071    292.268874  3  2  3  54       
PG18  -5180.467585  25554.442331   4966.672180    240.175358  6  6  5  90       
PG19 -17817.389437 -19323.772590  -4271.512498   -135.236570  6  4  2  68       
PG20  -2903.733108  16898.156330  20152.940431    527.338708  4  3  3  57       
PG21   7634.630442  19686.409806  17061.047139     20.784194  5  4  2  77       
PG22  24413.846044  -9809.903669  -2801.888281   -773.625943  5  2  3  91       
PG24 -14476.281378  17495.858977  13268.761343    -15.341459  5  4  5  90       
PG25 -12198.774996  15400.652517 -17988.624637     20.697613  6  5  5  79       
PG26  19932.677827   6992.342308 -16268.281295    239.030018  5  5  5  79       
PG27  20917.066908   9292.222568  13611.476242   -339.794234  5  4  4  51       
PG28  -9815.045864 -13294.601338  21343.226937    701.815964  2  5  4  48       
PG29  -2956.714208  17450.580622 -19837.137571   -144.901877  5  5  3  58       
PG30  -3217.582932 -22117.040402  14229.788635   -257.170352  3  2  4  53       
PG31  10194.710192  13869.976323 -20144.369379    -54.045329  3  3  5  49       
PG32  16109.195821  20958.103438   3412.257126    313.019910  2  6  2  59       
*  2020  7  7 13 45  0.00000000
PG01  14035.334930 -17374.299701  13878.757050     22.516472  7  6  3  94       
PG02 -14246.290857  -4920.294210 -21236.744110   -483.659938  6  6  5  68       
PG03  21942.553084 -12340.200261  -8372.641784   -232.414390  4  6  5  81       
PG04  10963.112885 -10578.189575 -21744.211360   -111.819560  6  5  6  79       
PG05 -24586.767351    168.466377 -10438.687146    -16.175622  7  5  6  75       
PG06  -8103.031906 -17651.218158 -18045.487627   -299.769674  6  3  4  81       
PG07   4914.947945 -25742.527010   2391.203947   -321.779732  5  4  2  98       
PG08  18920.420304     38.580720  18754.975767    -40.173554  6  3  4  87       
PG09   -467.560127 -18757.358755 -18841.454038   -249.522236  6  3  6  57       
PG10   7201.857775  13564.463021  21776.436765   -392.882529  3  5  4  69       
PG11  14004.081393  -8970.088128  20267.709532   -227.831609  6  4  5  96       
PG12 -22688.913381  10788.147284  -8610.535081     96.776856  5  3  4 103       
PG13 -20222.122875  -9182.799552  14522.424784     24.666414  6  5  4  33       
PG14  18342.237835  19271.761579  -1377.788649     -0.435023  5  3  2  80       
PG15 -19006.028029   2520.276971  18210.894863   -219.181314  5  5  3  93       
PG16  25610.473454    547.119507  -8061.918876   -179.746696  7  6  3  79       
PG17 -13573.649984 -21796.729355   7300.870907    292.273641  2  2  3  67       
PG18  -5534.703447  25872.209696   2140.591252    240.184128  7  7  6  92       
PG19 -17849.419960 -19668.215181  -1400.622086   -135.231766  6  4  1  89       
PG20  -5064.482087  17618.972991  19063.275933    527.338502  4  3  4  79       
PG21   7133.690103  21327.471989  15133.506784     20.788294  5  4  3  70       
PG22  24702.626175  -9540.349451     -3.317685   -773.623348  5  3  3  95       
PG24 -14380.544853  15789.393764  15354.320505    -15.342555  4  4  4  89       
PG25 -14101.600700  15717.471611 -16188.303689     20.701372  6  5  5  71       
PG26  18107.614981   7698.060786 -17976.171495    239.036136  5  4  4  67       
PG27  21805.970115  10422.002910  11245.091951   -339.802904  4  5  4  68       
PG28  -7492.905016 -13708.246942  22043.841737    701.812701  3  5  4  63       
PG29  -4510.930145  15726.731756 -20959.839609   -144.909840  4  5  2  67       
PG30  -2507.458705 -23472.155683  12002.284501   -257.177333  3  2  4  56       
PG31   9399.270139  15968.195489 -18897.031427    -54.047514  3  3  5  61       
PG32  15554.670074  20750.867604   6180.576318    313.025601  2  6  1  68       
*  2020  7  7 14  0  0.00000000
PG01  13823.322819 -15623.258810  16006.682703     22.521119  7  6  4  98       
PG02 -13846.643783  -7429.624623 -20784.191265   -483.665028  5  6  4  70       
PG03  22771.575309 -12363.929626  -5652.020905   -232.424880  5  6  4  81       
PG04  12739.927573  -8847.909950 -21550.876919   -111.823768  7  5  6  81       
PG05 -23431.136067   -478.539244 -12827.018349    -16.176372  7  5  6  72       
PG06  -7568.501296 -19549.182295 -16231.822145   -299.774417  6  3  4  48       
PG07   5240.511485 -25748.920730   -474.922818   -321.787827  4  4  3  85       
PG08  20379.386989   1469.386995  17118.276521    -40.173945  6  3  4  56       
PG09   1285.603830 -17389.395590 -20079.566479   -249.528142  5  2  6  77       
PG10   4847.508633  14337.782025  21911.321718   -392.892349  2  5  4  23       
PG11  14680.661197  -6606.682612  20653.761424   -227.822078  6  5  5  83       
PG12 -23516.177394  10786.154286  -5872.829439     96.772442  5  4  5  97       
PG13 -21090.387053 -10474.662303  12264.052688     24.669496  6  5  4  37       
PG14  18187.844856  19463.092485   1465.841582     -0.432667  5  2  2  83       
PG15 -20557.939980   1169.386891  16655.789256   -219.179050  6  5  3  96       
PG16  24641.093040    923.276667 -10657.300025   -179.750984  7  6  3  98       
PG17 -12801.701511 -21249.588975   9970.562050    292.279350  3  1  3  70       
PG18  -5794.818011  25894.992076   -722.401566    240.192899  7  8  7  76       
PG19 -17681.173144 -19768.670764   1494.243753   -135.227184  5  4  1  62       
PG20  -7061.153658  18381.394314  17641.392673    527.338406  4  4  4  93       
PG21   6750.656420  22772.613982  12960.953199     20.792443  4  3  3  65       
PG22  24710.519437  -9165.435914   2795.332558   -773.621655  5  3  3  78       
PG24 -14330.464777  13861.179491  17167.849589    -15.342874  4  4  4  77       
PG25 -15779.534046  16067.878308 -14110.896185     20.705095  6  6  4  84       
PG26  16154.293882   8553.936934 -19377.866377    239.042174  5  4  4  70       
PG27  22549.715835  11311.684146   8687.240551   -339.811596  2  5  4  69       
PG28  -5144.013288 -14263.494291  22384.078229    701.809501  4  5  4  59       
PG29  -6232.845090  14015.804494 -21723.070172   -144.917503  3  6  3  68       
PG30  -1928.053523 -24604.944005   9566.392789   -257.184326  4  2  4  82       
PG31   8748.894459  17952.038734 -17321.040777    -54.049757  2  3  5  39       
PG32  14763.204540  20367.764035   8843.710656    313.031263  3  7  1  53       
*  2020  7  7 14 15  0.00000000
PG01  13670.883197 -13638.053980  17850.732117     22.525748  7  6  3  88       
PG02 -13579.847856  -9879.186258 -19952.902835   -483.670146  4  6  4  85       
PG03  23305.966234 -12316.452528  -2833.694666   -232.435396  6  6  5 104       
PG04  14571.261584  -7240.270183 -20986.399665   -111.827940  7  4  6  85       
PG05 -22075.104349  -1284.579135 -14998.446563    -16.177306  7  5  6  86       
PG06  -7172.200483 -21253.786193 -14137.326286   -299.779187  6  3  4  52       
PG07   5514.776133 -25447.528882  -3332.580429   -321.795884  4  4  3 102       
PG08  21753.259799   2695.294275  15190.127929    -40.176104  5  4  4  52       
PG09   3200.902653 -16038.887412 -20973.471503   -249.534028  4  3  6  52       
PG10   2540.911987  15234.048122  21672.155631   -392.902086  1  4  3  35       
PG11  15466.804213  -4249.119545  20669.050404   -227.812465  6  5  4  56       
PG12 -24041.602069  10732.974997  -3033.726183     96.768187  5  4  5  96       
PG13 -21839.489597 -11524.611656   9794.371149     24.672277  5  5  5  79       
PG14  17813.591769  19441.951904   4284.610918     -0.429937  5  2  2  42       
PG15 -22006.672779      0.382857  14811.564897   -219.176988  6  5  4  82       
PG16  23425.410782   1431.639370 -13075.378867   -179.754878  6  6  2  73       
PG17 -11786.741008 -20552.320651  12472.046573    292.284462  3  2  3  74       
PG18  -5996.901699  25612.555661  -3572.941429    240.201703  8  9  7  73       
PG19 -17283.308721 -19650.847171   4363.369960   -135.222747  5  4  2  17       
PG20  -8864.116996  19151.506355  15911.709791    527.338448  4  4  4  95       
PG21   6461.572380  23988.703042  10577.438830     20.796297  4  3  4  44       
PG22  24454.366940  -8654.658029   5545.583819   -773.619346  4  3  4  94       
PG24 -14353.846104  11745.155841  18677.475204    -15.344625  4  4  4  79       
PG25 -17208.064739  16415.218714 -11791.102546     20.708810  6  5  4  94       
PG26  14117.175617   9562.795996 -20449.046566    239.048290  5  4  3  68       
PG27  23109.048194  11972.122953   5981.881733   -339.820294  1  5  3  65       
PG28  -2815.118098 -14954.548779  22359.097183    701.806370  4  5  4  57       
PG29  -8095.858010  12360.214936 -22113.896215   -144.925365  3  6  3  56       
PG30  -1455.633683 -25484.357867   6964.172465   -257.191283  4  3  4  84       
PG31   8233.560240  19776.011153 -15442.773230    -54.051797  2  3  6  51       
PG32  13724.336590  19845.706100  11356.419984    313.036943  2  7  1  67       
*  2020  7  7 14 30  0.00000000
PG01  13608.531991 -11455.318821  19378.322494     22.530369  7  7  3  85       
PG02 -13439.089278 -12218.296765 -18758.984667   -483.675344  4  6  3  87       
PG03  23550.230866 -12159.740516     33.663604   -232.445899  6  6  5  86       
PG04  16415.705255  -5780.554425 -20060.602357   -111.832089  7  4  6  84       
PG05 -20557.716101  -2263.254608 -16916.331406    -16.177569  7  5  5  73       
PG06  -6891.343492 -22726.228536 -11798.279833   -299.784004  5  3  4  68       
PG07   5774.286035 -24836.506711  -6130.803712   -321.803458  4  4  3  83       
PG08  22998.025152   3714.820719  13003.724759    -40.176165  4  5  4  47       
PG09   5249.005744 -14742.679191 -21507.963924   -249.539967  4  3  6  55       
PG10    326.250146  16232.086137  21062.269326   -392.911792     2  3  59       
PG11  16347.246487  -1942.811698  20312.282859   -227.802373  6  5  4  69       
PG12 -24266.402383  10589.131131   -142.095442     96.763745  4  4  5  95       
PG13 -22428.873119 -12337.702299   7156.201982     24.675409  5  4  5  59       
PG14  17199.610350  19240.139798   7030.935133     -0.427578  4  2  3  49       
PG15 -23311.261239   -987.702911  12711.453989   -219.174440  6  5  4  83       
PG16  21997.529987   2096.066048 -15275.998128   -179.759530  6  6  2  78       
PG17 -10525.456088 -19747.350676  14764.012171    292.290068  3  2  3  70       
PG18  -6178.567823  25023.482910  -6361.894067    240.210450  8 10  8  71       
PG19 -16633.271844 -19346.678104   7157.118090   -135.218154  4  4  2  35       
PG20 -10450.936866  19891.919130  13904.145782    527.338793  5  5  4  86       
PG21   6237.328716  24948.242755   8020.687311     20.800597  4  2  4  80       
PG22  23958.207669  -7981.947194   8200.050540   -773.617244  4  4  4  86       
PG24 -14472.787342   9481.105361  19856.914937    -15.345928  4  5  4  81       
PG25 -18370.691465  16720.126872  -9268.045743     20.712564  6  6  4  83       
PG26  12041.694690  10719.531717 -21170.917581    239.054482  5  4  3  69       
PG27  23448.962209  12421.992581   3175.206722   -339.829023     5  4  58       
PG28   -551.256789 -15767.772666  21969.706234    701.803295  5  6  5  23       
PG29 -10066.302834  10797.666511 -22125.749336   -144.933246  2  6  3  73       
PG30  -1061.459425 -26086.149229   4240.719774   -257.198287  4  3  4  82       
PG31   7835.834453  21398.377306 -13294.145889    -54.054217  2  4  5  63       
PG32  12435.708471  19224.144403  13676.036647    313.042617  2  7  2  78       
*  2020  7  7 14 45  0.00000000
PG01  13660.466747  -9118.017476  20562.682131     22.534993  6  6  2  87       
PG02 -13409.579730 -14399.672071 -17225.361239   -483.680821  4  5  3  72       
PG03  23517.509079 -11858.373002   2900.433787   -232.456418  6  6  4 101       
PG04  18228.871420  -4486.479773 -18789.521915   -111.836249  7  4  6  92       
PG05 -18921.225335  -3420.642618 -18548.255105    -16.178405  7  4  5  83       
PG06  -6696.974760 -23934.175151  -9255.197152   -299.788840  5  3  4  66       
PG07   6055.445817 -23923.325398  -8819.406577   -321.811743  4  4  4 107       
PG08  24071.645589   4534.806399  10596.507269    -40.176425  4  5  4  58       
PG09   7394.375874 -13532.619910 -21673.977239   -249.545840  3  3  6  81       
PG10  -1756.556224  17303.790000  20091.322786   -392.921478     1  2  83       
PG11  17299.801671    269.734888  19589.165931   -227.793110  6  5  3  36       
PG12 -24200.779265  10317.107158   2751.977450     96.759127  4  4  5  95       
PG13 -22821.282719 -12927.213279   4395.122347     24.678307  4  4  5  94       
PG14  16333.365893  18893.752189   9658.797405     -0.425134  4  2  3  45       
PG15 -24433.487386  -1803.571791  10392.789449   -219.172302  6  5  5  82       
PG16  20396.643844   2933.657467 -17222.500546   -179.763644  5  7  1  67       
PG17  -9023.019254 -18878.080761  16808.906190    292.295025  4  2  3  52       
PG18  -6377.299104  24135.277641  -9041.207791    240.219256  8 10  9  69       
PG19 -15716.381845 -18893.005973   9826.796334   -135.213547  4  4  2  64       
PG20 -11807.063036  20563.266855  11653.594159    527.338492  5  5  4  95       
PG21   6044.817312  25630.356731   5331.655141     20.804503  4  2  4  85       
PG22  23252.248302  -7126.858856  10713.259071   -773.615127  4  4  4  89       
PG24 -14702.708997   7113.234505  20685.949159    -15.346865  4  4  3  76       
PG25 -19259.449963  16942.142940  -6584.655176     20.716402  6  6  4  92       
PG26   9972.663323  12011.132979 -21530.556480    239.060658  5  4  3  84       
PG27  23540.065346  12686.853015    314.869182   -339.837743     5  4  52       
PG28   1605.683225 -16682.142286  21222.323586    701.799804  4  6  5  48       
PG29 -12104.582524   9359.817418 -21758.527866   -144.940729  2  6  3  65       
PG30   -713.106491 -26393.794825   1443.370585   -257.205280  5  3  4  93       
PG31   7531.681070  22782.707615 -10912.099806    -54.056747  2  4  6  68       
PG32  10903.330414  18543.482274  15763.161421    313.048351  3  6  2  62       
*  2020  7  7 15  0  0.00000000
PG01  13843.509705  -6673.895454  21383.343965     22.539686  5  6  1  86       
PG02 -13469.317629 -16381.153928 -15381.203567   -483.685848  3  5  3  62       
PG03  23228.979906 -11381.103090   5716.923109   -232.466900  6  6  5  98       
PG04  19964.996737  -3367.682866 -17195.126884   -111.840481  8  3  6  96       
PG05 -17209.568689  -4754.882622 -19866.540639    -16.179043  6  4  4  80       
PG06  -6555.271263 -24852.907192  -6552.112304   -299.793643  5  3  4  27       
PG07   6392.828542 -22724.592762 -11349.990887   -321.819537  4  3  4  96       
PG08  24935.627149   5169.938821   8009.530106    -40.177100  3  5  4  70       
PG09   9596.450504 -12434.419911 -21468.730336   -249.551623  3  4  6  81       
PG10  -3673.206014  18415.128344  18775.196080   -392.931171     2  3  78       
PG11  18296.191286   2350.465516  18512.343872   -227.783462  5  5  3  59       
PG12 -23863.488157   9883.019037   5598.075106     96.754740  3  4  5  77       
PG13 -22984.254609 -13313.919385   1558.668477     24.681321  3  4  6  50       
PG14  15210.228503  18441.678582  12124.454969     -0.422580  4  2  3  38       
PG15 -25339.278569  -2463.047923   7896.284843   -219.169872  6  4  5  88       
PG16  18665.652347   3953.946677 -18882.279808   -179.767845  5  6  1  76       
PG17  -7293.012682 -17987.217614  18573.455415    292.300580  4  2  3  61       
PG18  -6628.804274  22964.136450 -11564.745193    240.228022  8 11  9  70       
PG19 -14526.633889 -18330.066415  12325.537615   -135.208933  4  4  2  63       
PG20 -12926.208848  21125.805117   9199.299702    527.338302  5  6  4  89       
PG21   5848.257589  26021.572759   2554.026550     20.808869  4  4  4  48       
PG22  22371.616010  -6075.533900  13042.415243   -773.613166  3  4  4  86       
PG24 -15051.673226   4688.587500  21150.761104    -15.347200  5  5  3  83       
PG25 -19875.121305  17041.405273  -3786.964006     20.720286  7  6  4  85       
PG26   7952.700562  13417.020988 -21521.167229    239.066868  4  5  4  47       
PG27  23359.731320  12797.977609  -2550.790850   -339.846487     4  4  67       
PG28   3618.291349 -17669.966972  20128.886325    701.796974  4  6  5  53       
PG29 -14166.536521   8071.191135 -21018.591743   -144.949031  2  6  4  59       
PG30   -375.941872 -26399.131440  -1379.146918   -257.212264  5  3  4  78       
PG31   7291.551796  23899.237867  -8337.969914    -54.059037  2  5  5  74       
PG32   9141.533809  17843.468978  17582.306569    313.054103  2  6  2  80       
*  2020  7  7 15 15  0.00000000
PG01  14166.370952  -4173.745854  21826.501807     22.544279  4  6     50       
PG02 -13590.161809 -18127.199462 -13261.222348   -483.690818  3  4  4  77       
PG03  22712.959921 -10702.269922   8434.247384   -232.477419  6  6  5  92       
PG04  21578.606055  -2425.526189 -15304.933636   -111.844718  8  3  6  86       
PG05 -15466.786893  -6256.062584 -20848.700032    -16.179816  6  4  3  82       
PG06  -6429.039989 -25466.182313  -3735.802723   -299.798439  5  3  4  74       
PG07   6817.551571 -21265.499290 -13676.932921   -321.827391  4  3  4 106       
PG08  25556.461144   5641.985564   5286.781049    -40.178267  3  5  4  77       
PG09  11811.019861 -11466.755849 -20895.770089   -249.557575  3  4  5  89       
PG10  -5396.166873  19527.398377  17135.773494   -392.940880  1  3  3  75       
PG11  19303.155677   4267.135076  17101.168111   -227.773664  5  5  3  38       
PG12 -23281.075785   9258.160629   8346.357571     96.750378  3  5  5  69       
PG13 -22891.425072 -13525.083502  -1304.483905     24.684348  3  4  6  77       
PG14  13833.754502  17924.025568  14387.092054     -0.420104  4  2  4  67       
PG15 -25999.938020  -2988.202672   5265.283019   -219.167570  6  4  5  85       
PG16  16849.655582   5158.362894 -20227.282130   -179.771962  4  6  1  61       
PG17  -5357.052839 -17115.160123  20029.111895    292.305457  4  2  3  78       
PG18  -6965.449502  21534.395513 -13889.079775    240.236792  8 11 10  59       
PG19 -13067.174853 -17699.831479  14609.168239   -135.204388  5  4  2  79       
PG20 -13810.403103  21541.039758   6584.147534    527.338122  6  6  4  83       
PG21   5610.657971  26116.373632   -266.362521     20.812787  4  5  3  67       
PG22  21354.946213  -4821.399048  15148.108684   -773.610949  3  5  4  76       
PG24 -15520.020954   2255.360906  21244.140331    -15.346987  5  5  3  74       
PG25 -20227.106487  16980.350273   -923.329190     20.724127  7  6  4  80       
PG26   6020.745188  14909.687722 -21142.238356    239.073114  3  5  5  64       
PG27  22893.006813  12790.982292  -5373.519616   -339.855195     3  4  43       
PG28   5454.807054 -18697.847149  18706.703722    701.793845  4  7  5  49       
PG29 -16204.990066   6948.370382 -19918.650718   -144.956421  3  6  4  66       
PG30    -14.693851 -26102.673702  -4177.592284   -257.219253  5  3  3 109       
PG31   7081.718729  24725.982415  -5616.752167    -54.061311  1  5  5  81       
PG32   7172.615806  17161.630314  19102.477305    313.059902  2  6  3  82       
*  2020  7  7 15 30  0.00000000
PG01  14629.260931  -1669.565538  21885.223166     22.548849  4  6  1  62       
PG02 -13739.160703 -19610.071775 -10904.854848   -483.696036  3  4  4  90       
PG03  22003.730682  -9802.999850  11005.202224   -232.487850  6  6  4  89       
PG04  23026.175978  -1653.230369 -13151.528178   -111.848861  8  3  5  84       
PG05 -13735.451915  -7906.409378 -21477.807070    -16.180379  6  4  3  80       
PG06  -6279.350750 -25766.775831   -854.966136   -299.803261  5  3  4  72       
PG07   7355.794815 -19578.909480 -15758.318686   -321.835341  4  2  4  98       
PG08  25906.888212   5978.764455   2474.459579    -40.178764  3  5  4  50       
PG09  13991.750134 -10640.656533 -19964.909480   -249.563451  3  4  5  83       
PG10  -6905.569748  20598.683150  15200.620545   -392.950541  2  5  4  89       
PG11  20283.796487   5994.417280  15381.305581   -227.764057  5  5  3  47       
PG12 -22486.811293   8420.362085  10948.479610     96.746194  3  4  5 104       
PG13 -22523.611032 -13593.211557  -4145.348205     24.687004  2  4  6  57       
PG14  12215.672859  17380.523893  16409.414494     -0.417660  4  2  4  47       
PG15 -26393.165843  -3406.255389   2544.989065   -219.165316  5  4  5  64       
PG16  14994.373942   6539.989323 -21234.453722   -179.776397  4  7  2  58       
PG17  -3244.132812 -16298.498297  21152.425141    292.310652  4  2  3  87       
PG18  -7414.826296  19877.674480 -15974.243567    240.245597  8 11 10  59       
PG19 -11350.426962 -17044.276135  16637.048104   -135.199771  5  4  2  90       
PG20 -14469.713136  21773.320444   3853.879730    527.337953  6  7  4  95       
PG21   5295.367274  25917.485642  -3082.173537     20.817052  4  5  3  63       
PG22  20242.862263  -3365.582589  16994.944174   -773.608739  3  5  4  62       
PG24 -16100.338064   -138.810173  20965.548980    -15.348375  5  5  2  71       
PG25 -20332.966229  16725.351058   1956.413678     20.727920  7  7  4  88       
PG26   4210.709167  16455.614890 -20399.597519    239.079320  3  6  6  66       
PG27  22133.241042  12704.309212  -8105.909461   -339.863901     2  4  50       
PG28   7090.102700 -19727.842758  16978.254682    701.790541  4  7  5  89       
PG29 -18171.427154   5999.504231 -18477.547909   -144.964371  3  6  4  86       
PG30    404.948017 -25513.600043  -6903.107383   -257.226227  5  3  3 106       
PG31   6865.795441  25249.550847  -2796.281652    -54.063409  1  6  5  63       
PG32   5026.187801  16531.794803  20297.683643    313.065655  2  5  3  85       
*  2020  7  7 15 45  0.00000000
PG01  15223.865372    787.320474  21559.517234     22.553427  4  5  2  38       
PG02 -13880.069745 -20810.688070  -8355.376115   -483.701023  3  3  4  70       
PG03  21140.141405  -8672.146929  13385.107034   -232.498406  6  6  5  91       
PG04  24267.733827  -1036.326118 -10772.001997   -111.853011  9  3  5  91       
PG05 -12055.156420  -9680.778362 -21742.789094    -16.180376  6  5  3  76       
PG06  -6067.239122 -25756.681687   2040.633841   -299.808029  5  4  5  54       
PG07   8027.530071 -17704.136214 -17556.800412   -321.843110  4  2  4  94       
PG08  25966.939133   6212.890736   -379.774626    -40.179243  3  5  4  70       
PG09  16091.794785  -9959.192348 -18692.062338   -249.569323  3  4  5  86       
PG10  -8189.811675  21585.458385  13002.555573   -392.960240  3  6  4  72       
PG11  21199.089446   7514.714451  13384.196426   -227.754590  5  6  3  39       
PG12 -21519.351457   7355.100849  13358.495912     96.741610  3  4  5  94       
PG13 -21869.622810 -13554.620002  -6915.450998     24.690079  2  4  6  68       
PG14  10375.581375  16848.974997  18158.182727     -0.414987  4  3  4  51       
PG15 -26503.837948  -3748.297991   -218.298509   -219.162865  5  5  5  73       
PG16  13144.548573   8083.626013 -21886.128955   -179.780504  4  7  3  82       
PG17   -989.708465 -15568.672906  21925.341671    292.316064  4  2  3  61       
PG18  -7998.512013  18031.750838 -17784.412846    240.254350  8 11 10  63       
PG19  -9397.846656 -16403.638026  18372.862634   -135.195178  5  4  2  84       
PG20 -14921.650959  21791.333132   1056.256162    527.337964  7  7  4  88       
PG21   4867.663901  25435.882224  -5845.287114     20.821052  3  6  3  59       
PG22  19076.406618  -1717.033123  18552.092567   -773.606503  3  6  5  73       
PG24 -16777.747571  -2448.523663  20321.054243    -15.347721  5  5  2  48       
PG25 -20217.639119  16248.226456   4801.845565     20.731655  6  7  4  84       
PG26   2550.323940  18016.441616 -19305.359001    239.085701  3  7  6  66       
PG27  21082.417960  12577.620713 -10702.137315   -339.872620     1  4  55       
PG28   8506.443741 -20718.817305  14970.927425    701.787162  4  7  5  83       
PG29 -20017.724268   5224.146261 -16719.942177   -144.972340  4  6  5  59       
PG30    914.769050 -24649.406346  -9508.106707   -257.233233  5  3  2  88       
PG31   6606.383326  25465.630131     73.660970    -54.065716  1  6  5  39       
PG32   2738.250736  15982.770228  21147.375382    313.071434  1  5  4  86       
*  2020  7  7 16  0  0.00000000
PG01  15933.679309   3148.088197  20856.260960     22.557915  4  5  2  66       
PG02 -13974.983839 -21719.100483  -5658.965308   -483.706327  3  3  5  73       
PG03  20164.042403  -7306.933659  15532.604941   -232.508952  5  7  5  74       
PG04  25268.330768   -553.407201  -8207.311791   -111.857205  9  3  5  75       
PG05 -10461.120340 -11547.426467 -21638.633003    -16.181683  5  6  3  77       
PG06  -5755.411769 -25446.966494   4901.037492   -299.812789  5  4  4  64       
PG07   8845.520269 -15685.451816 -19040.349104   -321.851205  4  1  4  85       
PG08  25724.714950   6380.348273  -3227.573160    -40.180948  2  5  4  51       
PG09  18065.433642  -9417.479568 -17098.977221   -249.575199  3  5  4  87       
PG10  -9245.840354  22444.287918  10579.119877   -392.969807  3  7  5  59       
PG11  22009.497633   8818.632599  11146.378238   -227.745065  5  5  4  43       
PG12 -20421.191993   6056.315250  15533.733411     96.737478  3  4  5  70       
PG13 -20926.780131 -13447.872087  -9567.638494     24.693052  2  4  6  51       
PG14   8340.366560  16363.790220  19604.680913     -0.412436  4  3  4  66       
PG15 -26324.520421  -4047.895165  -2977.946418   -219.160575  5  5  5  66       
PG16  11342.376719   9766.159403 -22170.353473   -179.784628  4  7  4  68       
PG17   1365.438303 -14950.838602  22335.433057    292.321420  3  2  4  83       
PG18  -8731.071434  16039.208482 -19288.520298    240.263066  7 11 10  86       
PG19  -7239.321485 -15814.742635  19785.346374   -135.190711  5  4  2  83       
PG20 -15190.287843  21569.429888  -1759.822217    527.337753  7  7  4  78       
PG21   4296.324722  24690.488518  -8507.593387     20.825271  3  6  3  74       
PG22  17895.483265    107.659526  19793.755930   -773.604160  3  6  5  48       
PG24 -17530.510676  -4632.172966  19323.134001    -15.348486  5  5  2  67       
PG25 -19912.365179  15527.555212   7562.891405     20.735346  6  6  5  72       
PG26   1060.225368  19550.338909 -17877.761700    239.091886  3  7  6  58       
PG27  19751.181062  12450.161710 -13118.674021   -339.881316  2  2  4  58       
PG28   9693.999485 -21627.917337  12716.698667    701.783856  4  7  5  89       
PG29 -21697.879724   4613.429300 -14675.894223   -144.980005  4  6  4  85       
PG30   1542.566482 -23535.240798 -11947.144397   -257.240246  5  3  2  88       
PG31   6266.773206  25379.108587   2942.294285    -54.068260  2  6  5  62       
PG32    350.030035  15537.219992  21636.793665    313.077150  1  5  4  84       
*  2020  7  7 16 15  0.00000000
PG01  16734.681103   5368.123166  19788.990151     22.562483  4  5  3  55       
PG02 -13986.010231 -22334.603303  -2863.756349   -483.711651  3  3  5  86       
PG03  19118.611930  -5713.264979  17410.402685   -232.519506  5  7  5  12       
PG04  25999.332762   -177.154233  -5501.574156   -111.861430  9  4  4  94       
PG05  -8982.965731 -13469.043113 -21166.501086    -16.182055  5  6  4  68       
PG06  -5309.886606 -24857.283733   7676.958197   -299.817549  6  5  4  80       
PG07   9814.634317 -13570.402568 -20182.881862   -321.859106  4  2  4  85       
PG08  25176.878173   6518.937839  -6020.680117    -40.181729  1  4  4  77       
PG09  19869.678276  -9002.999036 -15212.874411   -249.581092  4  5  4  80       
PG10 -10079.106106  23133.541842   7971.952831   -392.979384  3  8  5  75       
PG11  22676.610896   9905.103679   8708.699044   -227.735473  5  5  4  27       
PG12 -19236.967225   4526.882588  17435.609862     96.733032  3  4  4  91       
PG13 -19701.113794 -13312.143287 -12056.853383     24.695978  2  4  6  60       
PG14   6143.369492  15954.671727  20725.120551     -0.409931  4  3  4  69       
PG15 -25855.706906  -4339.614247  -5687.725029   -219.158301  4  5  5  88       
PG16   9626.036613  11557.230444 -22081.135931   -179.789112  3  8  4  82       
PG17   3776.519921 -14462.966340  22376.053507    292.326542  4  3  4  62       
PG18  -9619.338294  13945.912771 -20460.783478    240.271851  7 10 10  81       
PG19  -4912.223620 -15309.465073  20848.918843   -135.186147  5  4  3  78       
PG20 -15305.115022  21088.741538  -4545.208532    527.337538  7  8  4  75       
PG21   3555.111053  23707.582734 -11021.842673     20.829176  3  7  3  59       
PG22  16737.369207   2084.731147  20699.543418   -773.602100  3  6  5  61       
PG24 -18330.906922  -6653.339858  17990.365556    -15.348419  5  5  3  69       
PG25 -19453.355348  14549.736855  10190.759626     20.738973  5  6  4  75       
PG26   -246.685345  21013.540112 -16140.897123    239.098094  3  8  7  73       
PG27  18158.551099  12359.148932 -15314.957353   -339.889993  2  3  3  52       
PG28  10651.083718 -22412.142205  10251.749078    701.780527  4  7  5  73       
PG29 -23169.673482   4150.569613 -12380.362711   -144.987601  4  5  4  71       
PG30   2310.848034 -22202.946940 -14177.739558   -257.247237  5  2  2  75       
PG31   5812.628721  25003.834034   5758.809418    -54.070287  3  6  5  65       
PG32  -2093.388289  15210.781735  21757.233367    313.082929  2  4  4  92       
*  2020  7  7 16 30  0.00000000
PG01  17596.313208   7408.541065  18377.565924     22.567032  4  5  3  81       
PG02 -13876.909643 -22665.477597    -18.899129   -483.716808  3  4  5  94       
PG03  18046.643469  -3905.701851  18985.935737   -232.530020  5  7  6  56       
PG04  26439.480020    124.411225  -2701.307411   -111.865687  9  4  5  68       
PG05  -7643.705707 -15404.003830 -20333.752880    -16.182641  5  6  4  32       
PG06  -4701.503198 -24015.068417  10320.635316   -299.822279  6  6  5  57       
PG07  10931.507544 -11408.002680 -20964.747645   -321.866916  4  3  3  99       
PG08  24328.836946   6666.659813  -8711.712886    -40.182055     3  4  70       
PG09  21465.783317  -8696.216868 -13065.991382   -249.586914  4  5  4 101       
PG10 -10703.179950  23615.069114   5226.080996   -392.989045  3  8  5  50       
PG11  23164.736978  10781.154816   6115.444940   -227.725596  5  5  4  87       
PG12 -18011.668023   2778.737742  19030.378520     96.728782  4  4  4  97       
PG13 -18207.247150 -13185.578066 -14340.870952     24.698823  2  4  6  70       
PG14   3823.327475  15645.478933  21500.977257     -0.407709  3  4  4  88       
PG15 -25105.776457  -4657.539089  -8302.518454   -219.156008  4  5  5  30       
PG16   8028.354889  13420.183261 -21618.621595   -179.793237  3  8  5  86       
PG17   6196.202918 -14115.213343  22046.427635    292.331946  4  3  4  72       
PG18 -10662.004705  11799.370841 -21281.140965    240.280593  7 10  9  98       
PG19  -2460.154120 -14913.395304  21544.214647   -135.181555  5  5  3  53       
PG20 -15299.698790  20338.028041  -7251.404258    527.337753  7  8  4  76       
PG21   2624.106772  22519.902090 -13342.543181     20.833348  3  7  4  61       
PG22  15635.348898   4183.977479  21254.756076   -773.599632  3  6  5  70       
PG24 -19146.352924  -8481.966335  16347.009614    -15.346427  5  4  3  84       
PG25 -18880.259617  13309.750383  12638.872099     20.742614  4  6  5  90       
PG26  -1365.577612  22361.969396 -14124.328985    239.104335  3  8  6  74       
PG27  16331.347051  12338.244191 -17254.021957   -339.898710  3  4  3  74       
PG28  11384.111579 -23029.954587   7616.011767    701.777162  3  7  4  78       
PG29 -24396.194726   3811.681080  -9872.618057   -144.995572  4  5  4  84       
PG30   3235.745752 -20689.854148 -16161.142549   -257.254188  5  3  3 105       
PG31   5213.578137  24362.015194   8473.347595    -54.072478  3  6  5  66       
PG32  -4544.571386  15011.462122  21506.211356    313.088755  2  4  4 101       
*  2020  7  7 16 45  0.00000000
PG01  18482.724232   9237.463275  16647.729447     22.571585  5  4  2  64       
PG02 -13614.639427 -22728.399265   2826.346429   -483.721916  3  5  6  86       
PG03  16988.862080  -1907.094646  20231.945653   -232.540553  5  6  6  71       
PG04  26575.674574    386.491645    145.366472   -111.869895  9  4  5  89       
PG05  -6458.986236 -17307.803033 -19153.870035    -16.183045  4  5  5  88       
PG06  -3907.244278 -22954.444964  12786.655679   -299.827111  5  6  5  69       
PG07  12184.560591  -9246.888730 -21373.060797   -321.874717  4  4  3  99       
PG08  23194.614801   6860.090945 -11254.932207    -40.182234     3  4  69       
PG09  22820.606650  -8471.483457 -10695.043512   -249.592808  4  5  3  76       
PG10 -11139.050140  23855.756748   2389.132854   -392.998736  3  8  6  69       
PG11  23442.373916  11461.341700   3413.410466   -227.716245  5  4  4  67       
PG12 -16788.852349    832.623826  20289.780285     96.724493  4  4  3  91       
PG13 -16467.963212 -13103.699787 -16380.984409     24.701935  3  4  6  84       
PG14   1423.127795  15453.317929  21919.259470     -0.405193  3  5  4  99       
PG15 -24090.678570  -5033.820867 -10778.999792   -219.153571  4  5  5  69       
PG16   6575.666314  15313.266366 -20789.180702   -179.797471  2  8  5  88       
PG17   8576.159167 -13909.580772  21351.668495    292.336760  4  4  5  76       
PG18 -11849.534372   9647.040058 -21735.589361    240.289370  7  9  9  92       
PG19     68.573392 -14644.765819  21858.492202   -135.176759  5  5  4  82       
PG20 -15210.186572  19314.232902  -9831.433671    527.337285  6  7  4  65       
PG21   1490.844144  21165.474393 -15426.887311     20.837011  3  7  4  58       
PG22  14617.519865   6369.726743  21450.580074   -773.597513  2  6  5  75       
PG24 -19940.710662 -10095.264558  14422.503279    -15.346940  5  4  4  86       
PG25 -18234.496520  11811.574359  14863.761905     20.746262  4  6  4  83       
PG26  -2299.708755  23552.905361 -11862.608360    239.110509  3  8  6  82       
PG27  14303.330458  12416.165881 -18903.079779   -339.907375  4  5  2  81       
PG28  11907.267019 -23442.878770   4852.651017    701.774225  3  6  4  72       
PG29 -25347.179262   3566.868100  -7195.582870   -145.003139  4  5  4  85       
PG30   4326.189593 -19037.365237 -17863.026565   -257.261134  5  3  4 104       
PG31   4444.645101  23483.291757  11037.957395    -54.074881  3  6  5  81       
PG32  -6955.348404  14939.331935  20887.536634    313.094544  2  4  5  94       
*  2020  7  7 17  0  0.00000000
PG01  19354.217409  10831.002075  14630.559885     22.576130  5  4  2  65       
PG02 -13170.740900 -22547.548860   5623.465671   -483.727248  4  6  6  87       
PG03  15982.337128    252.109566  21126.958619   -232.551115  5  6  6  75       
PG04  26403.466019    645.953768   2989.546161   -111.874161  9  4  5  78       
PG05  -5436.611089 -19134.615126 -17646.282063    -16.184041  4  4  5  84       
PG06  -2911.317025 -21714.891942  15032.729514   -299.831921  5  6  4  63       
PG07  13554.372148  -7133.515998 -21401.877561   -321.882861  4  4  3 101       
PG08  21796.409619   7132.815308 -13606.991157    -40.183699     3  4  68       
PG09  23907.766894  -8298.176406  -8140.608190   -249.598733  4  5  3  86       
PG10 -11414.123012  23828.911141   -489.506715   -393.008423  3  9  6  72       
PG11  23483.501078  11966.879107    650.940328   -227.706992  5  4  4  53       
PG12 -15608.923742  -1282.517302  21191.586942     96.720159  5  3  3  91       
PG13 -14513.474532 -13097.933019 -18142.630364     24.704795  3  4  5  90       
PG14  -1011.584593  15387.884362  21972.707592     -0.402421  4  5  4 102       
PG15 -22833.360715  -5497.315807 -13076.266455   -219.151238  5  5  5  79       
PG16   5286.910609  17191.048819 -19605.404540   -179.801765  1  8  5  68       
PG17  10868.657936 -13839.870802  20302.725324    292.342168  4  4  4  70       
PG18 -13164.402978   7534.649292 -21816.415968    240.298059  7  8  8  96       
PG19   2622.648516 -14513.689922  21785.908438   -135.172208  5  5  4  83       
PG20 -15073.726216  18022.720680 -12240.680538    527.337455  6  6  4  85       
PG21    151.156935  19686.210459 -17235.682863     20.841514  4  7  4  58       
PG22  13705.810806   8602.013277  21284.188995   -773.595258  2  5  5  62       
PG24 -20675.730307 -11478.335762  12250.876688    -15.347477  5  5  4  69       
PG25 -17557.513994  10068.246505  16825.916427     20.749890  3  5  3  77       
PG26  -3060.119629  24546.614161  -9394.690832    239.116767  3  8  6  71       
PG27  12114.102254  12615.488323 -20234.044606   -339.916025  4  5  1  71       
PG28  12241.884002 -23617.031216   2007.469574    701.770793  4  6  3  90       
PG29 -26000.105697   3381.555418  -4395.109240   -145.011276  3  5  4  88       
PG30   5583.374110 -17289.399064 -19254.090950   -257.268105  5  3  4  89       
PG31   3487.456291  22403.513774  13407.507725    -54.077113  4  5  5  83       
PG32  -9278.455559  14986.534789  19911.279369    313.100289  3  4  5  93       
*  2020  7  7 17 15  0.00000000
PG01  20168.843848  12173.923510  12361.851516     22.580690  5  3  2  44       
PG02 -12522.523214 -22153.470726   8325.480703   -483.732566  4  6  6  91       
PG03  15059.054502   2534.858504  21655.656432   -232.561682  4  6  6  76       
PG04  25927.217114    939.705052   5782.387466   -111.878374  9  4  6  84       
PG05  -4576.370413 -20838.927449 -15836.092108    -16.184529  4  3  5  86       
PG06  -1705.952426 -20339.716434  17020.407828   -299.836214  5  6  4  91       
PG07  15014.384231  -5110.474126 -21052.216697   -321.890804  4  5  3  91       
PG08  20163.856373   7513.967979 -15727.652683    -40.185476  2  4  4  89       
PG09  24708.553946  -8142.043667  -5446.441764   -249.604628  4  5  3  88       
PG10 -11560.966813  23515.403372  -3359.585919   -393.018164  3  9  7  80       
PG11  23268.636996  12324.514770  -2123.029910   -227.697250  4  4  4  65       
PG12 -14507.550409  -3530.490889  21720.022113     96.715890  5  3  3  89       
PG13 -12380.423460 -13194.292951 -19595.946447     24.707672  3  4  5  96       
PG14  -3433.899260  15451.082412  21659.921783     -0.400137  3  5  4 101       
PG15 -21362.961369  -6072.355744 -15156.431610   -219.148568  5  5  6  86       
PG16   4173.004372  19006.004707 -18086.002552   -179.806088  1  7  5  83       
PG17  13028.146619 -13891.946022  18916.259825    292.347157  4  4  4  78       
PG18 -14581.656517   5504.596866 -21522.323826    240.306773  7  7  7  99       
PG19   5149.608373 -14521.745287  21327.650630   -135.167545  5  6  4  88       
PG20 -14926.863530  16477.189887 -14437.670609    527.337329  5  5  4  97       
PG21  -1390.291721  18126.306787 -18734.260871     20.845493  4  7  5  74       
PG22  12915.245299  10837.908872  20758.756589   -773.592981  2  5  5  68       
PG24 -21312.569127 -12624.481384   9870.108192    -15.349334  5  5  5 100       
PG25 -16889.055572   8101.556892  18490.544246     20.753540  3  5  2  86       
PG26  -3665.018689  25307.886825  -6763.264694    239.123110  2  8  5  91       
PG27   9807.789554  12951.672674 -21223.994433   -339.924671  4  6     94       
PG28  12415.554329 -23524.526896   -871.755511    701.767456  4  5  3  82       
PG29 -26341.008256   3218.003848  -1519.204254   -145.018893  3  5  4  73       
PG30   7000.539100 -15490.751478 -20310.565108   -257.275047  5  3  4  82       
PG31   2331.174348  21163.284039  15540.534352    -54.079377  4  5  5  74       
PG32 -11469.156629  15137.611328  18593.637058    313.106053  3  4  5  80       
*  2020  7  7 17 30  0.00000000
PG01  20884.075240  13259.969900   9881.426492     22.585253  5  2  2  77       
PG02 -11654.007157 -21581.735227  10887.669363   -483.737774  4  7  6  85       
PG03  14244.704660   4898.745636  21809.133587   -232.572335  4  6  6  91       
PG04  25159.943125   1303.069590   8475.937885   -111.882588  9  4  7  38       
PG05  -3870.182500 -22377.184657 -13753.703283    -16.184933  4  2  5  91       
PG06   -291.892284 -18874.397735  18715.729634   -299.840989  5  6  4  82       
PG07  16531.903812  -3214.991728 -20331.930627   -321.898422  4  5  3  85       
PG08  18333.018866   8026.946449 -17580.465232    -40.186963  3  4  3  63       
PG09  25212.557531  -7966.695319  -2658.740027   -249.610508  3  5  3  92       
PG10 -11615.848551  22904.529390  -6170.901323   -393.027857  3  9  7  69       
PG11  22785.625004  12565.202815  -4859.908884   -227.687855  4  5  4  55       
PG12 -13514.291466  -5869.092731  21866.049998     96.711581  5  4  3  90       
PG13 -10110.649846 -13412.290244 -20716.254002     24.710737  3  5  4  78       
PG14  -5797.182873  15636.934159  20985.416210     -0.397399  3  6  3 106       
PG15 -19713.798269  -6777.692183 -16985.168544   -219.146523  5  5  5  92       
PG16   3236.517584  20710.211270 -16255.594699   -179.810515  3  7  5  87       
PG17  15012.767679 -14044.285036  17214.449295    292.352979  4  4  4  82       
PG18 -16069.766153   3594.485903 -20858.447518    240.315480  7  6  7  91       
PG19   7597.733023 -14661.921995  20491.920718   -135.163040  5  6  5  84       
PG20 -14803.983121  14699.267307 -16384.785547    527.337161  5  4  3  97       
PG21  -3119.847210  16530.521072 -19893.328200     20.849360  4  7  5  85       
PG22  12253.475331  13032.963604  19883.382035   -773.590723  2  5  5  72       
PG24 -21813.327030 -13535.201874   7321.432728    -15.350120  5  5  5  96       
PG25 -16265.506286   5941.385292  19828.246277     20.757199  4  4  1  79       
PG26  -4138.877454  25807.418154  -4014.001653    239.129522  2  8  5  70       
PG27   7431.567048  13432.365688 -21855.565256   -339.933351  4  7     88       
PG28  12460.985188 -23144.705535  -3736.006078    701.764169  4  4  3  92       
PG29 -26364.974621   3036.953618   1382.783892   -145.026578  3  5  3  89       
PG30   8563.071852 -13685.440702 -21014.604571   -257.281965  4  3  4  80       
PG31    973.117484  19806.327347  17400.000358    -54.081555  4  5  5  91       
PG32 -13486.778107  15370.128987  16956.697415    313.111838  4  4  5  93       
*  2020  7  7 17 45  0.00000000
PG01  21458.489788  14091.837760   7232.399471     22.589808  5  3  3  55       
PG02 -10556.603569 -20871.461159  13268.206905   -483.742735  4  7  6  85       
PG03  13557.733758   7297.471003  21585.036621   -232.582902  4  6  6  90       
PG04  24122.831336   1768.226736  11023.955112   -111.886787  8  4  7  56       
PG05  -3302.546712 -23709.382330 -11434.347891    -16.185663  4  3  5  92       
PG06   1321.454373 -17364.864554  20089.788944   -299.845879  4  6  4  79       
PG07  18069.352219  -1477.688443 -19255.438135   -321.906318  4  5  3 104       
PG08  16345.145562   8688.339319 -19133.386111    -40.188101  4  5  3  91       
PG09  25417.989156  -7735.186472    174.645908   -249.616443  4  5  2  89       
PG10 -11617.123326  21994.547538  -8874.219499   -393.037614  4  9  7  84       
PG11  22030.121705  12722.639447  -7512.338317   -227.678126  4  6  3  64       
PG12 -12651.487498  -8251.598272  21627.525828     96.707364  5  4  3  98       
PG13  -7749.771341 -13764.091749 -21484.459699     24.713612  2  5  4  80       
PG14  -8056.620579  15931.784786  19959.597135     -0.394971  4  6  3  94       
PG15 -17924.187369  -7625.648520 -18532.205239   -219.143988  6  5  6  90       
PG16   2471.673948  22257.099353 -14144.394759   -179.814847  3  6  5  86       
PG17  16785.760258 -14268.819038  15224.714596    292.357959  4  4  4  89       
PG18 -17591.746880   1835.852353 -19836.259935    240.324242  7  5  7  85       
PG19   9917.911921 -14918.937726  19293.771955   -135.158322  5  6  4  85       
PG20 -14735.854657  12717.802397 -18048.896097    527.337204  5  4  3  91       
PG21  -5015.091669  14942.394170 -20689.731112     20.853603  4  7  5  88       
PG22  11720.599429  15142.704779  18672.930203   -773.588336  2  5  5  69       
PG24 -22142.540630 -14219.890430   4648.617369    -15.348499  5  5  5  85       
PG25 -15718.389342   3624.709483  20815.574328     20.760817  4  2  2  74       
PG26  -4511.272663  26022.970238  -1194.743893    239.135777  3  8  5  60       
PG27   5034.063777  14056.994131 -22117.269837   -339.942075  4  7  2  86       
PG28  12414.640215 -22465.124679  -6535.819691    701.760797  5  3  3  86       
PG29 -26076.308966   2799.331904   4261.005914   -145.034379  2  6  3  90       
PG30  10248.925367 -11915.102989 -21354.573519   -257.288901  4  3  4  84       
PG31   -580.958256  18377.757362  18953.954275    -54.083688  4  4  4  87       
PG32 -15296.100599  15655.595695  15028.099160    313.117551  4  4  4  89       
*  2020  7  7 18  0  0.00000000
PG01  21853.406879  14680.820185   4460.409677     22.594457  5  3  3  79       
PG02  -9229.512026 -20063.756352  15428.728983   -483.747904  5  8  6  97       
PG03  13008.694144   9682.454192  20987.584406   -232.593404  4  6  6  81       
PG04  22844.459314   2362.773137  13382.695774   -111.890982  8  4  8  70       
PG05  -2851.293519 -24800.548046  -8917.523861    -16.186233  4  4  5  77       
PG06   3116.190933 -15855.771978  21119.213043   -299.850652  4  5  3  96       
PG07  19585.704481     78.380344 -17843.333243   -321.914481  4  5  3  99       
PG08  14245.233519   9507.114583 -20359.342253    -40.189502  5  6  3  92       
PG09  25331.684514  -7411.629977   3005.025556   -249.622390  4  5  3  70       
PG10 -11603.542436  20792.869217 -11422.184915   -393.047346  4  9  7  79       
PG11  21005.777473  12831.726445 -10035.017820   -227.668807  4  6  4  86       
PG12 -11933.460622 -10628.434904  21009.205961     96.703313  5  5  4 108       
PG13  -5345.627957 -14253.968270 -21887.370811     24.716174  3  5  4 100       
PG14 -10170.703856  16314.799818  18598.661952     -0.392534  3  6  3 100       
PG15 -16035.132617  -8621.508376 -19771.766558   -219.141601  6  5  6 105       
PG16   1864.682579  23603.190091 -11787.782317   -179.819178  4  6  4  93       
PG17  18316.697224 -14532.024922  12979.370973    292.363235  4  4  4  87       
PG18 -19106.497199    253.133439 -18473.371924    240.332941  6  5  7  86       
PG19  12065.402615 -15269.906037  17754.802324   -135.153707  4  6  4 100       
PG20 -14748.341314  10567.892198 -19401.904784    527.336910  5  4  4 102       
PG21  -7045.468044  13402.499768 -21107.096182     20.857864  4  7  5  97       
PG22  11309.270399  17124.141010  17147.789754   -773.586231  3  5  5  68       
PG24 -22268.581103 -14695.239718   1897.217049    -15.348601  5  5  5  87       
PG25 -15273.077785   1194.326142  21435.463753     20.764444  4  2  3 103       
PG26  -4815.521400  25940.272017   1645.356627    239.142063  3  8  4  68       
PG27   2663.710690  14816.672985 -22003.734974   -339.950770  4  8  3  93       
PG28  12315.208362 -21482.271664  -9222.141149    701.757768  5  3  3  85       
PG29 -25488.353094   2467.958325   7065.963655   -145.041937  2  6  3  97       
PG30  12029.334081 -10217.501425 -21325.210808   -257.295842  5  4  4  99       
PG31  -2316.922717  16922.315004  20176.073448    -54.085876  3  4  4  98       
PG32 -16868.552565  15960.624746  12840.593628    313.123277  4  4  4 100       
*  2020  7  7 18 15  0.00000000
PG01  22034.410143  15046.134852   1612.834832     22.599007  5  4  4  72       
PG02  -7679.835681 -19200.133248  17334.817118   -483.753171  5  8  6  95       
PG03  12599.918208  12004.536044  20027.470489   -232.604024  4  6  6  78       
PG04  21359.741959   3108.464123  15511.661262   -111.895183  8  4  8  66       
PG05  -2488.605685 -25622.051044  -6246.344899    -16.186793  4  4  5  57       
PG06   5066.441527 -14388.843859  21786.545248   -299.855342  4  4  4  91       
PG07  21038.054813   1438.355690 -16121.887414   -321.922262  4  6  4 106       
PG08  12080.451978  10484.100919 -21236.718361    -40.190804  5  6  3 101       
PG09  24968.785453  -6962.776120   5783.703176   -249.628315  4  5  3  90       
PG10 -11612.550492  19315.893257 -13770.193999   -393.057108  5  8  7  79       
PG11  19724.111687  12927.027586 -12385.452085   -227.659152  4  7  4  85       
PG12 -11366.055184 -12948.967447  20022.619548     96.698793  5  5  4 115       
PG13  -2946.647330 -14878.050290 -21917.919712     24.719435  3  5  4  96       
PG14 -12102.613044  16758.741169  16924.416186     -0.389728  3  6  2 104       
PG15 -14088.930327  -9763.160690 -20682.961375   -219.139208  6  5  6  86       
PG16   1394.395686  24709.749388  -9225.763907   -179.823485  4  6  4 110       
PG17  19582.512150 -14796.241515  10515.200052    292.368757  5  4  4  94       
PG18 -20570.308629  -1137.084952 -16793.228367    240.341589  6  5  7  93       
PG19  14001.408086 -15685.327655  15902.713449   -135.148988  4  6  4 104       
PG20 -14861.319594   8289.677302 -20421.190933    527.336903  5  4  4  94       
PG21  -9173.284149  11946.806162 -21136.317465     20.861923  5  7  5  92       
PG22  11005.087871  18937.218495  15333.552234   -773.584233  3  6  5  83       
PG24 -22164.906209 -14984.389272   -886.177717    -15.350045  5  5  5  93       
PG25 -14947.775375  -1302.661245  21677.530828     20.768118  4  1  5 102       
PG26  -5087.164607  25553.616836   4456.729115    239.148331  3  7  4  91       
PG27    367.087461  15694.435118 -21515.850906   -339.959448  4  8  3  97       
PG28  12201.954785 -20201.954292 -11747.215765    701.754535  5  2  3  89       
PG29 -24622.971543   2009.181912   9749.360137   -145.049565  2  6  3  98       
PG30  13869.796917  -8625.205208 -20927.679212   -257.302792  5  4  4 106       
PG31  -4212.674621  15482.651841  21046.084247    -54.088146  3  3  4 104       
PG32 -18183.159256  16248.307773  10431.512023    313.129021  5  4  4  88       
*  2020  7  7 18 30  0.00000000
PG01  21972.704549  15213.969456  -1261.999906     22.603568  5  5  4  60       
PG02  -5922.417374 -18320.953487  18956.409662   -483.758444  5  8  6  96       
PG03  12325.526432  14215.702653  18721.650913   -232.614550  4  5  6  82       
PG04  19708.647710   4020.183472  17374.288231   -111.899391  8  4  9  89       
PG05  -2182.273299 -26152.686928  -3466.813267    -16.187512  4  5  5  84       
PG06   7139.168284 -13001.343369  22080.526988   -299.859628  4  3  4  96       
PG07  22383.241871   2595.868768 -14122.463656   -321.930122  4  6  4 100       
PG08   9898.483088  11611.785103 -21749.762744    -40.192986  5  7  3  85       
PG09  24352.113044  -6359.497382   8462.815871   -249.634230  4  5  2  86       
PG10 -11678.642489  17588.489758 -15877.215974   -393.066767  5  8  7  92       
PG11  18204.097689  13041.279676 -14524.611196   -227.649710  4  7  4  70       
PG12 -10946.534965 -15163.322665  18685.807423     96.694635  5  6  4 113       
PG13   -600.190041 -15624.401631 -21575.294021     24.722374  3  6  4  96       
PG14 -13821.444844  17230.999229  14964.005640     -0.387205  3  6  2 101       
PG15 -12127.734426 -11041.014531 -21250.111606   -219.136921  6  5  5  99       
PG16   1033.273301  25544.291898  -6502.326998   -179.827867  4  6  4  86       
PG17  20568.275980 -15021.166952   7872.942178    292.373458  5  5  4  89       
PG18 -21938.487395  -2326.514146 -14824.705918    240.350299  6  5  7  89       
PG19  15694.407844 -16130.360340  13770.747723   -135.144714  4  6  4  96       
PG20 -15087.850402   5926.957528 -21089.953235    527.336926  5  3  4  98       
PG21 -11355.059033  10605.232445 -20775.863871     20.866021  5  7  4  95       
PG22  10787.261309  20546.178162  13260.615669   -773.581822  4  6  5  93       
PG24 -21811.123365 -15115.849422  -3654.690526    -15.350824  5  5  5  78       
PG25 -14752.808345  -3816.523011  21538.229730     20.771768  3  3  6 100       
PG26  -5362.361175  24866.132538   7190.286420    239.154535  3  7  4  78       
PG27  -1812.671598  16665.778919 -20660.826778   -339.968097  5  8  4  89       
PG28  12113.016541 -18639.340622 -14065.507382    701.751311  5  2  4  73       
PG29 -23509.719565   1394.385347  12264.932804   -145.057430  2  6  3  90       
PG30  15731.287244  -7164.488994 -20169.499968   -257.309738  4  5  4 102       
PG31  -6238.862681  14097.728087  21550.054781    -54.090599  3  3  4  91       
PG32 -19227.208348  16479.743978   7842.145219    313.134707  5  4  4  91       
*  2020  7  7 18 45  0.00000000
PG01  21646.260865  15216.285378  -4115.606383     22.608110  5  6  4  68       
PG02  -3979.410321 -17463.951482  20268.142428   -483.763619  5  8  6  99       
PG03  12171.767110  16270.764865  17093.023066   -232.625069  5  6  6  95       
PG04  17934.732926   5105.181785  18938.572392   -111.903576  7  4  9  83       
PG05  -1897.135104 -26379.491655   -627.026475    -16.188323  4  6  4  80       
PG06   9295.266224 -11724.729150  21996.275703   -299.864347  3  2  5  94       
PG07  23579.467961   3552.995420 -11880.861507   -321.938130  4  6  4 100       
PG08   7745.841230  12874.437262 -21888.901827    -40.194058  5  7  4 100       
PG09  23511.255178  -5578.119693  10996.161125   -249.640108  4  5  3  86       
PG10 -11831.849222  15643.154227 -17706.542508   -393.076490  6  7  6  89       
PG11  16471.482911  13204.014145 -16417.498835   -227.640244  4  7  4  88       
PG12 -10663.837120 -17224.178068  17022.937296     96.690220  5  6  5 109       
PG13   1649.064715 -16473.409632 -20864.969658     24.725471  4  6  4 103       
PG14 -15303.238732  17694.848901  12749.561441     -0.384793  3  6  1 108       
PG15 -10192.130339 -12438.188509 -21463.019600   -219.134385  7  5  5  89       
PG16    748.622378  26081.869506  -3664.694152   -179.832093  4  6  4  88       
PG17  21267.690037 -15165.487229   5096.709539    292.379084  5  5  4  60       
PG18 -23167.026354  -3315.285708 -12601.619118    240.359037  5  5  7  59       
PG19  17121.189754 -16566.310912  11397.019622   -135.140278  4  6  4  97       
PG20 -15433.630672   3525.681934 -21397.447349    527.336681  5  3  3  99       
PG21 -13543.153202   9400.473720 -20031.887999     20.870555  5  6  4 102       
PG22  10629.519886  21920.765544  10963.716547   -773.579740  4  6  6  75       
PG24 -21193.828325 -15122.244271  -6361.896891    -15.350940  5  5  5  50       
PG25 -14690.255272  -6296.681336  21020.868271     20.775435  3  4  6  94       
PG26  -5676.258839  23889.712052   9798.319922    239.160710  3  6  4  82       
PG27  -3837.353349  17699.518934 -19452.146698   -339.976737  4  8  4  93       
PG28  12083.712478 -16818.631277 -16134.620138    701.747896  5  3  4  87       
PG29 -22184.725119    601.297065  14569.255442   -145.065129  2  5  3  97       
PG30  17571.640987  -5854.492365 -19064.376937   -257.316696  5  5  4 101       
PG31  -8359.890850  12801.387879  21680.559587    -54.092607  3  2  4  93       
PG32 -19996.604317  16615.666707   5117.045095    313.140449  5  3  3  79       
*  2020  7  7 19  0  0.00000000
PG01  21040.709551  15089.427478  -6900.101103     22.612683  5  7  4  66       
PG02  -1879.603672 -16662.882129  21249.623608   -483.768586  5  8  5 101       
PG03  12117.672108  18128.928813  15170.002999   -232.635586  5  6  6  92       
PG04  16083.550376   6362.613472  20177.615271   -111.907717  7  4  9  89       
PG05  -1596.649932 -26298.248964   2223.668500    -16.188995  4  6  4 117       
PG06  11490.894250 -10583.547177  21535.356626   -299.868777  4  2  5 101       
PG07  24587.849712   4319.884507  -9436.611440   -321.946318  5  7  4  98       
PG08   5666.234309  14248.563469 -21650.955139    -40.193779  5  7  4 104       
PG09  22481.403381  -4601.547216  13339.999182   -249.646009  4  5  4  84       
PG10 -12096.413815  13518.866860 -19226.450166   -393.086238  6  6  6 101       
PG11  14557.878122  13440.337656 -18033.626613   -227.630610  4  8  3  97       
PG12 -10499.167736 -19088.443051  15063.807166     96.685998  5  7  5 104       
PG13   3760.633930 -17398.479035 -19798.645018     24.728311  4  6  4 106       
PG14 -16531.761500  18110.888532  10317.756712     -0.382293  3  6     96       
PG15  -8319.765486 -13930.971364 -21317.169784   -219.132320  6  5  5  82       
PG16    504.064435  26306.086133   -762.488731   -179.836310  4  6  4  93       
PG17  21683.270480 -15188.579172   2233.322313    292.384220  6  4  4  84       
PG18 -24214.263257  -4111.747853 -10162.143063    240.367776  5  5  7  65       
PG19  18267.543586 -16952.284051   8823.759753   -135.135502  5  6  4  98       
PG20 -15896.743489   1132.371436 -21339.118144    527.337121  4  3  3  99       
PG21 -15687.606482   8347.156819 -18918.126832     20.874557  4  6  4  83       
PG22  10501.237141  23037.249879   8481.394625   -773.577459  5  6  6  86       
PG24 -20307.192345 -15038.921194  -8962.541983    -15.353540  5  5  5  63       
PG25 -14753.926976  -8693.511353  20135.485685     20.779093  3  5  7  99       
PG26  -6061.409288  22644.606937  12235.367712    239.166899  3  5  4  91       
PG27  -5674.966846  18758.912961 -17909.421860   -339.985452  5  8  4 100       
PG28  12144.940452 -14772.363165 -17916.199487    701.744845  5  3  3  88       
PG29 -20689.327252   -384.941054  16622.494544   -145.072738  3  5  4  93       
PG30  19347.067948  -4706.668612 -17631.916541   -257.323640  4  5  4  94       
PG31 -10535.162927  11621.165212  21436.719185    -54.094749  3  2  4 107       
PG32 -20495.895454  16618.103621   2303.258483    313.146153  5  3  3 101       
*  2020  7  7 19 15  0.00000000
PG01  20149.955772  14872.593140  -9568.947397     22.617242  5  8  5  86       
PG02    342.470793 -15946.332341  21885.647516   -483.773878  5  7  5  88       
PG03  12136.000788  19755.197861  12986.010359   -232.646116  5  6  6  95       
PG04  14200.992456   7783.390933  21070.084911   -111.911932  7  4  9  85       
PG05  -1244.535547 -25913.667337   5035.557713    -16.189876  4  7  4  95       
PG06  13678.992010  -9594.599346  20705.748085   -299.873555  4  2  5 111       
PG07  25373.843333   4914.085033  -6832.236028   -321.954121  5  7  3  85       
PG08   3699.029904  15703.672646 -21039.243788    -40.195183  6  7  5 101       
PG09  21301.983387  -3420.135508  15453.815893   -249.651892  4  5  4  76       
PG10 -12489.713612  11259.704230 -20410.762216   -393.096003  6  6  6  93       
PG11  12499.656139  13769.911491 -19347.395622   -227.621350  4  8  3 100       
PG12 -10426.909792 -20718.766329  12843.251186     96.681172  4  7  5 105       
PG13   5699.589936 -18367.005606 -18394.075533     24.731492  4  7  4 112       
PG14 -17499.016174  18438.612577   7709.275067     -0.379747  3  6     94       
PG15  -6544.083503 -15489.541828 -20813.859845   -219.129926  6  6  5  86       
PG16    261.174110  26209.790092   2153.172585   -179.841092  4  6  5  59       
PG17  21826.209378 -15052.225584   -668.427601    292.389454  6  4  4  67       
PG18 -25042.461889  -4731.943863  -7548.162184    240.376550  5  6  6  52       
PG19  19128.592911 -17246.916838   6096.491839   -135.130976  5  6  3  83       
PG20 -16467.712995  -1207.466318 -20916.627914    527.336702  4  4  4  93       
PG21 -17738.094181   7451.370317 -17455.594887     20.878995  4  6  3  81       
PG22  10368.730625  23879.215023   5855.395679   -773.575427  6  6  7  65       
PG24 -19153.279654 -14902.477748 -11413.231187    -15.353771  5  5  5  76       
PG25 -14929.692741 -10960.091385  18898.599469     20.782778  3  6  7  91       
PG26  -6546.292952  21158.700536  14459.037676    239.173036  4  5  4  95       
PG27  -7300.817895  19803.027916 -16058.135521   -339.994153  5  7  5  95       
PG28  12321.735395 -12540.360428 -19376.785324    701.741421  5  3  3  94       
PG29 -19068.522882  -1570.993448  18389.106508   -145.080705  4  6  4  99       
PG30  21013.727491  -3724.540360 -15897.251200   -257.330696  4  6  4  92       
PG31 -12720.513456  10577.362650  20824.120256    -54.097164  3  2  4 107       
PG32 -20737.970280  16452.004414   -550.493175    313.151898  6  3  3  70       
*  2020  7  7 19 30  0.00000000
PG01  18976.497208  14606.217008 -12077.664677     22.621779  5  8  5  82       
PG02   2647.619635 -15336.730289  22166.351143   -483.779166  5  7  4  95       
PG03  12194.433216  21121.553434  10578.871432   -232.656647  6  6  6  86       
PG04  12331.632209   9350.362421  21600.582860   -111.916106  6  4  9  94       
PG05   -806.408238 -25239.215834   7759.461951    -16.190915  4  7  4 100       
PG06  15810.925639  -8766.419274  19521.701426   -299.878316  4  3  5 102       
PG07  25908.495029   5359.607021  -4112.493562   -321.961819  6  6  3  91       
PG08   1877.886295  17203.332231 -20063.586899    -40.196798  5  7  5  87       
PG09  20015.132252  -2032.277464  17301.032194   -249.657770  4  5  5  81       
PG10 -13021.470816   8913.260686 -21239.299154   -393.105777  6  6  6  97       
PG11  10336.704741  14206.160249 -20338.388400   -227.611828  4  8  3  90       
PG12 -10415.801862 -22084.812326  10400.463791     96.676926  4  7  5 104       
PG13   7437.712923 -19341.595056 -16674.809002     24.734450  5  7  3 101       
PG14 -18205.450217  18638.061813   4968.193063     -0.377387  3  5     83       
PG15  -4893.207038 -17078.927411 -19960.256249   -219.127600  6  7  4  79       
PG16    -18.778554  25795.408412   5030.641340   -179.845376  4  6  5  75       
PG17  21715.908970 -14722.276787  -3558.577994    292.394733  6  3  4  83       
PG18 -25619.255510  -5198.793333  -4804.555896    240.385297  5  6  5  75       
PG19  19708.758062 -17410.125925   3263.163615   -135.126345  6  5  4  98       
PG20 -17129.858869  -3450.871045 -20137.783495    527.337119  4  5  4  82       
PG21 -19645.904992   6710.591675 -15672.080845     20.882944  4  5  3 102       
PG22  10196.690191  24438.092140   3130.018133   -773.573354  6  6  7  71       
PG24 -17742.086122 -14749.258606 -13673.087179    -15.353688  6  5  5  46       
PG25 -15196.134336 -13053.832204  17332.831529     20.786536  4  6  7  94       
PG26  -7154.014136  19466.490798  16430.768381    239.179185  4  5  4 103       
PG27  -8698.312506  20788.296456 -13929.279443   -340.002900  5  7  5  90       
PG28  12632.058108 -10168.366264 -20488.588672    701.738477  5  4  3  83       
PG29 -17369.281622  -2954.870111  19838.462920   -145.088218  4  6  4  92       
PG30  22529.308209  -2903.767508 -13890.575262   -257.337627  4  6  4 102       
PG31 -14869.766159   9682.432661  19854.624496    -54.099041  3  2  4 111       
PG32 -20743.433443  16086.770318  -3394.673607    313.157617  6  4  2  89       
*  2020  7  7 19 45  0.00000000
PG01  17531.436515  14330.329387 -14384.498421     22.626303  6  9  5  93       
PG02   4993.221163 -14849.580172  22087.316585   -483.784307  5  7  3  96       
PG03  12256.964512  22207.871189   7990.151938   -232.667143  6  7  6  97       
PG04  10517.125257  11038.807762  21759.911255   -111.920269  6  5  9  86       
PG05   -251.355328 -24296.622333  10347.638799    -16.191607  5  6  4  87       
PG06  17838.200668  -8099.074235  18003.498095   -299.883341  3  4  5 107       
PG07  26169.475750   5685.759109  -1323.617780   -321.969851  6  6  4  55       
PG08    229.603093  18706.475200 -18740.182321    -40.198078  5  7  5  94       
PG09  18664.081011   -444.677569  18849.647188   -249.663666  4  5  5  94       
PG10 -13693.282656   6528.944209 -21698.210438   -393.115532  5  6  5  97       
PG11   8111.080971  14755.730920 -20991.575982   -227.602192  4  8  3  99       
PG12 -10430.335823 -23164.259942   7778.258902     96.672425  4  7  4  73       
PG13   8954.392777 -20281.483314 -14669.823435     24.737357  5  7  3  98       
PG14 -18659.848176  18671.489529   2141.281145     -0.375116  3  5     90       
PG15  -3389.010442 -18660.173389 -18769.368571   -219.125321  6  7  4  89       
PG16   -373.056107  25074.902431   7818.730620   -179.849544  4  6  5  67       
PG17  21379.198190 -14170.191559  -6386.852543    292.399865  6  3  4  77       
PG18 -25918.897139  -5541.008385  -1978.432945    240.394003  6  7  4  75       
PG19  20021.358765 -17404.795537    373.252546   -135.121687  6  4  4  95       
PG20 -17859.934202  -5558.857059 -19016.366424    527.337073  4  6  5  87       
PG21 -21365.843373   6114.011730 -13601.468323     20.887863  4  5  3 107       
PG22   9949.683329  24713.412636    351.410540   -773.571323  7  7  7  69       
PG24 -16091.299145 -14613.875405 -15704.367856    -15.353990  6  5  5  90       
PG25 -15525.495782 -14937.922000  15466.426449     20.790184  4  7  7  93       
PG26  -7901.219674  17607.824822  18116.512510    239.185348  4  5  4  99       
PG27  -9859.453745  21670.207274 -11558.882601   -340.011623  5  6  5  71       
PG28  13085.876837  -7706.406591 -21230.163447    701.735052  5  4  4 103       
PG29 -15638.793699  -4525.805030  20945.392357   -145.096045  5  6  5  92       
PG30  23854.551958  -2232.521074 -11646.603357   -257.344578  4  6  4  68       
PG31 -16936.358175   8940.678510  18546.075874    -54.101601  3  2  4  99       
PG32 -20539.684368  15497.622874  -6179.814585    313.163370  6  4  2  79       
*  2020  7  7 20  0  0.00000000
PG01  15834.190310  14082.946014 -16451.045394     22.630842  6  9  5  93       
PG02   7334.572750 -14492.944109  21649.621240   -483.789624  5  6  3  92       
PG03  12285.444906  23002.539579   5264.432078   -232.677568  7  7  6  87       
PG04   8794.733479  12817.233931  21545.235361   -111.924476  6  5  9  95       
PG05    446.625283 -23115.052058  12754.665498    -16.192413  5  6  3  92       
PG06  19714.177961  -7584.299935  16177.107821   -299.888135  3  4  4  99       
PG07  26141.868889   5925.811574   1487.434716   -321.977639  6  6  3  65       
PG08  -1226.761485  20168.910203 -17091.370075    -40.199715  5  6  5  94       
PG09  17291.505728   1327.697908  20072.802901   -249.669565  4  5  5 105       
PG10 -14498.488034   4156.215838 -21780.183076   -393.125269  5  5  4 103       
PG11   5865.614901  15418.214207 -21297.445435   -227.592742  5  7  3 105       
PG12 -10432.314243 -23943.489490   5022.281334     96.667801  4  7  4  92       
PG13  10237.244920 -21144.106073 -12413.070643     24.740207  5  7  3 101       
PG14 -18878.905506  18504.978719   -722.769516     -0.372419  3  5     78       
PG15  -2046.418689 -20191.685290 -17259.937125   -219.122820  6  7  4  90       
PG16   -835.729179  24069.341026  10467.715418   -179.853418  4  6  5  79       
PG17  20849.253702 -13374.391894  -9103.558175    292.405021  6  3  4  82       
PG18 -25923.268546  -5791.787155    881.672769    240.402712  7  7  3  70       
PG19  20087.879790 -17198.339011  -2523.133610   -135.117158  6  3  3  93       
PG20 -18629.020523  -7497.682564 -17571.871291    527.336813  5  6  5  88       
PG21 -22857.965057   5643.234535 -11282.909608     20.891501  4  5  4 104       
PG22   9593.682261  24712.769347  -2433.171960   -773.569337  7  7  7  74       
PG24 -14225.787684 -14527.801087 -17473.039864    -15.354712  6  5  5  75       
PG25 -15884.885311 -16582.533112  13332.676591     20.793864  5  7  7  93       
PG26  -8797.284506  15626.437198  19487.329764    239.191497  4  5  4 102       
PG27 -10785.007492  22405.064777  -8987.435604   -340.020374  5  5  4  87       
PG28  13684.591726  -5206.952360 -21586.946666    701.731594  5  5  4  86       
PG29 -13922.718818  -6264.480320  21690.628450   -145.103701  5  6  5  92       
PG30  24954.665573  -1692.145181  -9203.961791   -257.351515  3  6  4  62       
PG31 -18874.967872   8348.278901  16921.917103    -54.103787  3  3  4  88       
PG32 -20159.734360  14666.755269  -8857.404465    313.169112  6  4  2  94       
*  2020  7  7 20 15  0.00000000
PG01  13911.906252  13898.545142 -18242.829216     22.635370  6  9  5  84       
PG02   9626.311053 -14267.186358  20859.836351   -483.794955  5  6  2  94       
PG03  12241.205009  23502.759475   2448.536891   -232.688131  7  7  6  77       
PG04   7196.026633  14648.441031  20960.138560   -111.928734  6  6  9 101       
PG05   1307.379539 -21729.998115  14938.282949    -16.193013  5  6  3  88       
PG06  21395.728386  -7205.962421  14073.753189   -299.892824  2  4  4  88       
PG07  25818.689262   6115.537232   4273.719929   -321.985579  6  5  4  59       
PG08  -2480.469522  21544.977427 -15145.279461    -40.201335  4  6  5  93       
PG09  15937.911232   3261.994461  20949.260112   -249.675407  4  5  6 103       
PG10 -15422.373447   1842.843094 -21484.525801   -393.135029  4  5  3 104       
PG11   3642.510302  16186.131148 -21252.053539   -227.583287  5  7  4 108       
PG12 -10382.503383 -24417.936812   2180.187290     96.663504  4  6  4  82       
PG13  11282.414988 -21886.759119  -9942.930418     24.742955  5  7  3  95       
PG14 -18886.492879  18109.944337  -3574.183869     -0.369872  3  5     80       
PG15   -872.962424 -21630.700792 -15456.228742   -219.120593  6  7  4  93       
PG16  -1436.076074  22808.105613  12930.313901   -179.857864  3  5  5  89       
PG17  20164.260993 -12321.370520 -11660.506767    292.410372  6  3  5  64       
PG18 -25622.608912  -5987.335451   3726.631443    240.411441  8  7  4  93       
PG19  19936.936058 -16764.073798  -5376.142843   -135.112402  6  2  4  63       
PG20 -19403.644825  -9239.916367 -15829.158262    527.336712  5  7  6  89       
PG21 -24089.066037   5273.310389  -8759.886898     20.895939  3  5  5  82       
PG22   9097.555591  24451.484184  -5176.142826   -773.567047  8  6  7  76       
PG24 -12176.839940 -14518.087709 -18949.302665    -15.354806  6  5  5  62       
PG25 -16237.676804 -17965.747822  10969.269930     20.797599  5  8  6 102       
PG26  -9843.796099  13568.351751  20519.878750    239.197698  4  5  3 108       
PG27 -11484.325311  22951.748953  -6259.217210   -340.029146  5  5  4  79       
PG28  14420.836570  -2722.960109 -21551.644044    701.728730  5  5  5 105       
PG29 -12263.504024  -8143.589022  22061.155637   -145.111405  5  6  5 106       
PG30  25800.568547  -1258.079013  -6604.524047   -257.358448  3  6  5  91       
PG31 -20643.085920   7893.628292  15010.726683    -54.105803  4  3  4  92       
PG32 -19640.809000  13584.218035 -11380.764380    313.174815  6  4  2  76       
*  2020  7  7 20 30  0.00000000
PG01  11798.608941  13806.684481 -19729.821743     22.639868  7  8  5 104       
PG02  11823.862229 -14164.988485  19729.973048   -483.800011  5  5  2  91       
PG03  12086.703147  23714.515781   -409.264660   -232.698632  7  7  6  83       
PG04   5745.811404  16490.818773  20014.568422   -111.932885  6  7  9  84       
PG05   2343.598779 -20181.928371  16860.181807    -16.193973  5  5  3 101       
PG06  22844.764116  -6940.829134  11729.387202   -299.897592  1  4  4  92       
PG07  25201.121421   6291.684447   6989.017349   -321.993470  6  5  4  71       
PG08  -3529.352964  22789.285709 -12935.363439    -40.202048  4  5  5  91       
PG09  14640.110663   5328.153571  21463.776266   -249.681272  4  5  6 101       
PG10 -16442.706912   -366.763946 -20817.130503   -393.144750  4  5  3  88       
PG11   1481.987865  17045.179936 -20857.011995   -227.573692  5  6  4 100       
PG12 -10242.315775 -24592.107101   -699.189863     96.658845  4  6  4  75       
PG13  12094.558640 -22468.286478  -7301.581958     24.745965  5  7  2  94       
PG14 -18712.633381  17464.456528  -6362.989828     -0.367432  3  4     83       
PG15    131.388831 -22934.840459 -13387.736414   -219.118208  6  8  3  91       
PG16  -2197.178378  21327.758629  15162.623181   -179.862271  3  5  5  90       
PG17  19365.863750 -11006.497697 -14011.941373    292.415411  6  3  5  79       
PG18 -25015.934819  -6165.274110   6507.557728    240.420159  9  7  6  84       
PG19  19602.984438 -16082.359268  -8137.035032   -135.107627  6     4  74       
PG20 -20147.075900 -10765.265133 -13818.026321    527.336856  5  7  6 102       
PG21 -25033.861734   4974.043313  -6079.198871     20.899949  3  4  5  90       
PG22   8434.467298  23951.991129  -7830.380195   -773.564527  8  6  7  83       
PG24  -9981.174139 -14606.252711 -20108.058121    -15.356016  6  5  5  81       
PG25 -16545.051528 -19074.173051   8417.577047     20.801271  6  8  6  93       
PG26 -11034.356921  11480.211213  21196.800017    239.203865  4  5  4 107       
PG27 -11974.826427  23273.404041  -3421.532478   -340.037950  5  4  4  69       
PG28  15278.673815   -305.879134 -21124.443215    701.725346  5  5  5  96       
PG29 -10698.836086 -10128.716173  22050.445751   -145.118845  5  5  5 109       
PG30  26369.931581   -901.001390  -3892.701675   -257.365430  3  5  5  71       
PG31 -22202.473276   7557.973601  12845.687989    -54.108323  5  3  4  95       
PG32 -19022.791912  12248.501504 -13705.893990    313.180509  6  4  2  93       
*  2020  7  7 20 45  0.00000000
PG01   9534.103855  13830.805895 -20886.905850     22.644387  7  7  4 104       
PG02  13884.878040 -14171.637332  18277.373707   -483.805309  5  5  2  96       
PG03  11787.131329  23652.224410  -3260.078412   -232.709139  8  7  6  89       
PG04   4461.328772  18299.824597  18724.674259   -111.937101  6  7  8  93       
PG05   3560.111264 -18514.743703  18486.712883    -16.194725  5  5  4  98       
PG06  24029.588917  -6759.619603   9184.091734   -299.902392     4  4  94       
PG07  24298.474729   6490.436569   9588.510443   -322.001550  6  4  4  83       
PG08  -4379.721480  23858.461891 -10499.826746    -40.203677  4  5  5  91       
PG09  13429.860327   7489.882243  21607.378199   -249.687196  4  5  6  89       
PG10 -17530.575553  -2433.069794 -19790.315213   -393.154507  4  5  3  92       
PG11   -578.986105  17974.730353 -20119.408941   -227.564209  6  6  4 101       
PG12  -9975.457019 -24479.254122  -3566.673497     96.654687  5  5  4  69       
PG13  12686.494963 -22850.731325  -4534.301062     24.748969  4  7  2  77       
PG14 -18392.227994  16554.325550  -9039.938289     -0.364714  4  4     86       
PG15    974.102522 -24063.681559 -11088.779941   -219.115703  6  8  3  92       
PG16  -3134.775955  19670.623362  17124.984248   -179.866458  4  5  5 103       
PG17  18497.461156  -9434.484593 -16115.444677    292.420403  6  3  5  69       
PG18 -24111.134947  -6362.994052   9176.647964    240.428856  9  7  7 106       
PG19  19124.837813 -15141.457636 -10758.993944   -135.103110  7     4  62       
PG20 -20820.751409 -12061.133096 -11572.714349    527.336683  5  7  6  93       
PG21 -25675.812387   4711.502375  -3289.910815     20.903928  2  4  5  53       
PG22   7583.127972  23242.954218 -10350.031796   -773.562748  8  6  7  69       
PG24  -7679.755311 -14807.373405 -20929.320386    -15.355918  6  5  5  93       
PG25 -16767.617271 -19903.226917   5721.893618     20.804962  6  8  5  81       
PG26 -12354.710937   9407.601319  21506.985188    239.210035  3  5  5 100       
PG27 -12281.155185  23338.985520   -523.875320   -340.046662  4  4  4  80       
PG28  16234.178508   1996.282511 -20313.043488    701.722383  5  5  5  97       
PG29  -9260.288814 -12179.505123  21658.580594   -145.126930  5  5  5 108       
PG30  26647.969099   -588.153019  -1114.701948   -257.372431  3  5  5  79       
PG31 -23520.455377   7316.318004  10464.001649    -54.110577  5  4  4  78       
PG32 -18346.572826  10666.789868 -15792.269138    313.186300  6  5  3  98       
*  2020  7  7 21  0  0.00000000
PG01   7162.676147  13987.269769 -21694.275192     22.648904  6  6  4 109       
PG02  15770.613270 -14265.580562  16524.545210   -483.810447  5  4  3  96       
PG03  11311.918533  23338.070115  -6055.208154   -232.719642  8  7  6  72       
PG04   3351.750356  20029.587424  17112.538271   -111.941284  6  8  8  82       
PG05   4953.494161 -16774.110904  19789.506016    -16.195273  5  4  4  99       
PG06  24926.016341  -6628.295607   6481.405966   -299.907197     4  4  80       
PG07  23127.861512   6745.910648  12029.432433   -322.009365  6  3  4  79       
PG08  -5045.930272  24712.841765  -7880.957108    -40.205207  4  4  5  79       
PG09  12332.703257   9705.871198  21377.524389   -249.693060  4  4  6  85       
PG10 -18651.490680  -4322.726917 -18422.555207   -393.164237  5  4  2  89       
PG11  -2507.846254  18948.546470 -19051.670757   -227.554675  6  5  4 104       
PG12  -9549.474618 -24100.742874  -6373.563576     96.650357  5  5  5  62       
PG13  13078.544618 -23000.884879  -1688.693507     24.751718  4  7  3  82       
PG14 -17963.576979  15373.897049 -11557.436706     -0.362206  3  4     86       
PG15   1669.665614 -24980.295651  -8598.006721   -219.113644  6  8  3  88       
PG16  -4256.432705  17883.136842  18782.752960   -179.870608  3  5  5  98       
PG17  17602.421932  -7619.474110 -17932.805707    292.425638  6  4  5  92       
PG18 -22924.735353  -6616.023108  11688.000046    240.437548 10  6  8 109       
PG19  18544.042579 -13938.090285 -13197.883355   -135.098472  7     4  68       
PG20 -21385.782818 -13122.895802  -9131.337535    527.336677  5  7  6  53       
PG21 -26007.571287   4449.659532   -442.304532     20.907794  2  4  6  49       
PG22   6528.847394  22358.150640 -12691.315378   -773.560451  8  6  7  82       
PG24  -5316.457360 -15129.423115 -21398.560731    -15.356037  6  5  5  96       
PG25 -16867.040880 -20457.093288   2928.654160     20.808559  7  8  5  78       
PG26 -13783.186880   7393.435063  21445.729835    239.216250  2  5  6 108       
PG27 -12434.044683  23124.599103   2382.968733   -340.055391  4  4  4  80       
PG28  17256.386473   4140.742795 -19132.498640    701.719169  5  5  5  91       
PG29  -7972.218122 -14251.064694  20892.257703   -145.134476  5  5  5 105       
PG30  26627.958003   -284.785498   1682.236424   -257.379407  3  5  5  62       
PG31 -24571.009004   7138.554074   7906.251932    -54.112877  6  3  4  75       
PG32 -17652.367059   8854.875240 -17603.574827    313.192010  5  5  3  97       
*  2020  7  7 21 15  0.00000000
PG01   4731.627833  14284.653848 -22137.766294     22.653395  6  6  5 108       
PG02  17447.200123 -14419.237223  14498.929678   -483.815849  5  4  3  76       
PG03  10636.074290  22801.062019  -8746.970188   -232.730147  8  7  6  79       
PG04   2417.993009  21634.575942  15205.804196   -111.945469  6  8  7  81       
PG05   6512.022663 -15005.738846  20745.983992    -16.195798  5  4  4 100       
PG06  25518.213250  -6509.541578   3667.595124   -299.911939  2  3  4  12       
PG07  21713.612845   7088.745602  14271.674027   -322.017207  6  3  5  62       
PG08  -5549.623763  25318.033352  -5124.371688    -40.205986  4  4  5  77       
PG09  11367.066722  11931.215118  20778.153425   -249.698932  4  4  6  76       
PG10 -19766.714282  -6009.637433 -16738.110721   -393.174010  5  4  3  73       
PG11  -4277.414934  19935.712272 -17671.367102   -227.545262  6  4  5 105       
PG12  -8937.151964 -23485.124886  -9072.430323     96.645733  6  5  5  74       
PG13  13297.576384 -22891.671409   1186.123122     24.754551  3  6  3  70       
PG14 -17466.755497  13926.517201 -13870.474300     -0.359949  3  4     86       
PG15   2238.882866 -25652.689153  -5957.794403   -219.111113  6  7  3  86       
PG16  -5561.049747  16014.048125  20106.957286   -179.874629  3  5  6  95       
PG17  16722.290375  -5584.745976 -19430.820100    292.430724  5  4  5  91       
PG18 -21481.343769  -6956.468346  13998.401919    240.446306 10  6  9  70       
PG19  17903.183758 -12477.674105 -15412.937972   -135.094105  7  2  5  87       
PG20 -21804.482905 -13953.879529  -6535.267030    527.336221  6  8  6  46       
PG21 -26031.052640   4152.075076   2413.139826     20.912220  2  3  6  74       
PG22   5264.343937  21335.158801 -14813.300277   -773.558342  8  5  7 102       
PG24  -2936.615350 -15572.874932 -21506.981591    -15.356146  6  5  4  97       
PG25 -16807.631761 -20748.353046     85.631802     20.812208  7  8  4  73       
PG26 -15291.438493   5476.459315  21014.770261    239.222431  2  5  7  98       
PG27 -12468.930715  22614.572809   5247.860986   -340.064130  3  4  4  69       
PG28  18308.562679   6091.498034 -17604.877286    701.715540  4  5  5 100       
PG29  -6850.948010 -16295.563086  19764.678695   -145.142286  5  6  5 109       
PG30  26311.465089     44.317849   4450.618380   -257.386424  3  5  5  54       
PG31 -25335.606422   6990.781645   5215.737243    -54.115100  6  3  4  74       
PG32 -16978.074767   6836.734220 -19108.358390    313.197752  5  5  4 103       
*  2020  7  7 21 30  0.00000000
PG01   2289.702469  14723.343201 -22209.118080     22.657906  6  5  5 107       
PG02  18886.776461 -14600.043137  12232.607612   -483.821137  5  4  4  64       
PG03   9741.321952  22075.843978 -11289.486745   -232.740735  8  7  6  90       
PG04   1652.858719  23071.267564  13037.209136   -111.949719  6  8  7  45       
PG05   8215.958395 -13253.668706  21339.760967    -16.196428  4  3  5 106       
PG06  25799.236194  -6364.378553    790.870852   -299.916727  3  4  5  32       
PG07  20086.453987   7544.826099  16278.350492   -322.024726  5  3  5  83       
PG08  -5918.684958  25646.287812  -2278.193505    -40.207512  3  4  5  90       
PG09  10543.648869  14118.980267  19819.617582   -249.704839  4  4  6  96       
PG10 -20834.753052  -7475.726048 -14766.561276   -393.183725  6  4  3  62       
PG11  -5866.698967  20901.729555 -16000.961204   -227.535742  6  3  5  95       
PG12  -8117.697709 -22666.964901 -11617.871109     96.641726  6  4  4  93       
PG13  13375.797728 -22503.312982   4040.375152     24.757639  2  6  3  72       
PG14 -16941.910212  12224.640737 -15937.515447     -0.357195  3  4     78       
PG15   2707.911726 -26055.087017  -3213.560254   -219.108790  6  7  3  75       
PG16  -7038.746167  14112.540995  21074.825215   -179.878705  4  5  6 104       
PG17  15895.062435  -3362.040412 -20581.999651    292.436014  5  5  6  89       
PG18 -19812.793745  -7411.594792  16068.075158    240.455040 10  5  9 107       
PG19  17244.182283 -10774.234663 -17367.382180   -135.089527  7  3  5  93       
PG20 -22041.859886 -14565.048319  -3828.461115    527.336206  6  8  5  73       
PG21 -25757.134185   3783.554808   5226.703357     20.916460  2  4  6  45       
PG22   3790.274617  20213.899807 -16678.654897   -773.556071  8  5  6 103       
PG24   -585.517272 -16130.590653 -21251.713950    -15.356235  6  5  4  88       
PG25 -16557.817565 -20797.312440  -2758.862401     20.815900  7  8  4  75       
PG26 -16845.450420   3689.940159  20222.206721    239.228646  4  5  7 101       
PG27 -12424.371985  21802.213727   8020.268490   -340.072914  3  4  4  99       
PG28  19349.729118   7820.571962 -15758.753133    701.712675  4  5  5 103       
PG29  -5904.279127 -18263.946873  18295.321807   -145.149851  5  6  5 112       
PG30  25708.275966    433.306409   7143.467496   -257.393449  3  4  5  55       
PG31 -25803.790352   6836.760600   2437.774085    -54.117440  7  3  3  66       
PG32 -16357.746541   4643.783564 -20280.589712    313.203503  5  5  4 100       
*  2020  7  7 21 45  0.00000000
PG01   -114.549287  15295.428873 -21906.153695     22.662369  6  5  5 111       
PG02  20068.427025 -14771.703062   9761.928180   -483.825963  5  4  4  44       
PG03   8616.979090  21201.305655 -13639.446309   -232.751300  8  7  5  80       
PG04   1041.494283  24299.753848  10644.025974   -111.953957  6  8  6  60       
PG05  10038.164768 -11558.647968  21560.918063    -16.197216  3  3  5  96       
PG06  25771.239633  -6153.849709  -2099.424417   -299.921475  4  3  4  78       
PG07  18282.468194   8134.183696  18016.325775   -322.032947  5  3  5  88       
PG08  -6185.933071  25677.620801    607.825249    -40.207816  2  5  5  41       
PG09   9865.118236  16221.858899  18518.502493   -249.710697  5  4  6  80       
PG10 -21812.960589  -8711.398943 -12542.257687   -393.193375  6  4  3  82       
PG11  -7261.471588  21809.752854 -14067.506429   -227.526232  6  2  5  88       
PG12  -7077.689237 -21685.465536 -13967.221556     96.637300  7  3  4 116       
PG13  13349.335767 -21824.225507   6824.510619     24.760717  2  6  4  48       
PG14 -16427.549139  10289.570312 -17721.337277     -0.354595  4  5     74       
PG15   3107.066680 -26169.003259   -412.985592   -219.106416  6  7  3  77       
PG16  -8671.110110  12226.362649  21670.172466   -179.882866  4  5  7  95       
PG17  15153.608772   -990.522852 -21365.168585    292.441332  6  5  6 100       
PG18 -17957.020950  -8002.596250  17861.360840    240.463813  9  5 10  67       
PG19  16606.647183  -8850.004658 -19028.971678   -135.084862  7  3  6  93       
PG20 -22067.023417 -14974.410783  -1056.756583    527.335917  7  8  5  81       
PG21 -25205.025223   3311.709920   7950.309108     20.920367  2  4  6  24       
PG22   2115.459838  19035.087768 -18254.344473   -773.554067  8  4  6  96       
PG24   1693.112349 -16788.003250 -20635.932016    -15.356983  6  5  4  81       
PG25 -16091.459006 -20631.059216  -5556.768533     20.819526  6  7  5  72       
PG26 -18406.768582   2060.575274  19082.317598    239.234884  6  5  8  91       
PG27 -12340.342112  20690.214141  10651.221121   -340.081660  3  4  4  78       
PG28  20336.378695   9308.907224 -13628.544404    701.709257  3  5  5 105       
PG29  -5131.338853 -20107.718295  16509.602445   -145.157814  6  6  4 109       
PG30  24836.029034    913.769253   9715.090220   -257.400468  3  4  5  48       
PG31 -25973.462756   6639.445325   -381.016849    -54.119699  7  3  3  48       
PG32 -15820.217313   2313.844698 -21100.117653    313.209248  5  5  4  97       
*  2020  7  7 22  0  0.00000000
PG01  -2434.406870  15984.922969 -21232.879280     22.666834  6  5  5 111       
PG02  20978.900261 -14895.613648   7127.061717   -483.831359  5  4  4  50       
PG03   7260.552030  20219.047266 -15756.819671   -232.761768  7  6  5  95       
PG04    562.152831  25285.220339   8067.425475   -111.958207  7  8  6  76       
PG05  11945.023111  -9956.653752  21406.152002    -16.197950  2  3  5  97       
PG06  25445.347238  -5840.712426  -4953.655961   -299.926274  5  4  4  93       
PG07  16341.883477   8870.111151  19456.691367   -322.040827  4  3  6  84       
PG08  -6387.623005  25400.637331   3483.214375    -40.209006  2  5  5  71       
PG09   9326.137475  18193.846311  16897.336113   -249.716462  5  4  6  81       
PG10 -22659.185438  -9715.675789 -10103.703606   -393.203045  7  5  3  84       
PG11  -8454.620607  22621.922264 -11902.289415   -227.516589  6  2  5  93       
PG12  -5811.738545 -20582.942446 -16081.213278     96.632803  7  3  4 109       
PG13  13256.664145 -20851.607760   9490.082512     24.763560  2  5  4  79       
PG14 -15958.899066   8150.832465 -19189.787978     -0.352134  4  5  1  79       
PG15   3469.437147 -25984.048534   2394.832574   -219.104351  6  7  3  96       
PG16 -10431.805958  10400.038177  21883.644163   -179.887134  5  5  7 100       
PG17  14524.316488   1484.570200 -21765.926884    292.446139  6  6  6 102       
PG18 -15956.714314  -8743.606625  19347.335827    240.472591  9  5 10  72       
PG19  16026.341469  -6734.726849 -20370.454824   -135.080409  7  4  6 103       
PG20 -21854.450694 -15206.168645   1732.870615    527.336255  7  8  5  74       
PG21 -24401.342800   2708.360172  10538.309993     20.924512  3  5  5  92       
PG22    256.788525  17838.649312 -19512.263435   -773.551777  8  4  6 110       
PG24   3858.583008 -17523.591289 -19668.879281    -15.357882  6  5  4  91       
PG25 -15388.957938 -20282.285930  -8261.044681     20.823187  6  7  6  98       
PG26 -19933.905776    607.672100  17615.270866    239.241099  7  5  8  90       
PG27 -12256.465444  19290.686921  13094.243922   -340.090409  4  3  4  72       
PG28  21224.293417  10546.864404 -11253.727341    701.705886  3  5  5 107       
PG29  -4522.778241 -21780.701607  14438.427778   -145.165394  7  5  4 107       
PG30  23719.568434   1513.340128  12121.819064   -257.407457  3  4  5  59       
PG31 -25850.880032   6362.545808  -3193.434473    -54.121788  7  3  3  64       
PG32 -15387.963196   -110.141205 -21553.014380    313.214998  6  5  5  90       
*  2020  7  7 22 15  0.00000000
PG01  -4626.562033  16768.287385 -20199.494357     22.671314  6  5  5 111       
PG02  21613.068339 -14932.413368   4371.470583   -483.836412  6  4  5  75       
PG03   5678.022199  19171.755976 -17605.521273   -232.772391  7  6  5  99       
PG04    187.227407  25999.243344   5351.768747   -111.962510  7  9  5  94       
PG05  13897.611001  -8477.623941  20878.796016    -16.198329  2  4  5  97       
PG06  24841.190339  -5391.071212  -7722.744329   -299.930945  6  5  5  95       
PG07  14307.721872   9758.519507  20575.197318   -322.048485  4  4  6  72       
PG08  -6561.808943  24813.025674   6297.711559    -40.209726  1  4  5  84       
PG09   8913.709707  19991.875471  14984.192267   -249.722321  6  4  6  79       
PG10 -23333.402007 -10495.994513  -7492.878858   -393.212720  7  5  3  75       
PG11  -9446.250177  23300.751862  -9540.419497   -227.506729  6  2  5  89       
PG12  -4322.858993 -19403.206533 -17924.571947     96.628508  7  3  4 109       
PG13  13136.938303 -19591.697138  11990.620047     24.766650  2  5  4  78       
PG14 -15566.403142   5845.212425 -20316.443993     -0.349381  5  5  1  88       
PG15   3829.373076 -25498.434268   5160.286796   -219.101833  6  7  3 102       
PG16 -12287.507421   8673.245001  21712.809618   -179.891072  6  5  7  90       
PG17  14026.011931   4013.547971 -21776.965099    292.451816  6  6  6  98       
PG18 -13857.793357  -9640.990898  20500.348750    240.481322  8  5 10  68       
PG19  15533.814940  -4464.690198 -21369.951939   -135.075913  7  5  7  91       
PG20 -21385.065563 -15289.638122   4493.065849    527.336315  8  8  5  88       
PG21 -23378.947314   1950.732304  12948.176133     20.928611  3  5  5  72       
PG22  -1761.197916  16662.175278 -20429.787176   -773.549082  8  4  6 106       
PG24   5874.609052 -18309.633407 -18365.800432    -15.358235  6  5  4  84       
PG25 -14438.121278 -19787.926871 -10826.402433     20.826847  6  6  6  77       
PG26 -21383.867336   -657.380308  15846.740570    239.247314  9  5  8  87       
PG27 -12210.271954  17624.826414  15306.241992   -340.099123  4  4  3 102       
PG28  21970.382208  11534.314618  -8677.952725    701.702650  3  6  5  84       
PG29  -4061.307396 -23240.729545  12117.653456   -145.173217  7  5  4  99       
PG30  22390.039823   2254.452413  14322.724687   -257.414496  3  4  4  78       
PG31 -25450.356812   5972.060133  -5952.423472    -54.123900  7  4  3  33       
PG32 -15076.226322  -2581.595969 -21631.802016    313.220746  5  5  5 101       
*  2020  7  7 22 30  0.00000000
PG01  -6652.588752  17615.262579 -18822.308749     22.675800  5  5  4 101       
PG02  21974.104508 -14843.608301   1541.296244   -483.841780  6  5  5  84       
PG03   3883.813255  18101.554978 -19154.006348   -232.782972  6  6  4 100       
PG04   -115.483859  26420.853066   2543.842132   -111.966754  7  9  4  63       
PG05  15853.093707  -7144.445082  19988.715353    -16.199236  1  4  5  85       
PG06  23986.130246  -4775.887712 -10359.007721   -299.935706  7  5  4 100       
PG07  12224.354897  10797.560613  21352.632197   -322.056235  4  4  6  81       
PG08  -6746.640184  23921.699885   9002.182819    -40.211168  2  4  5  82       
PG09   8607.833157  21577.345755  12812.196082   -249.728186  6  4  6  70       
PG10 -23799.263184 -11067.700608  -4754.516937   -393.222406  7  6  3  68       
PG11 -10243.530345  23810.529063  -7020.363890   -227.497278  6  3  5  86       
PG12  -2622.521992 -18189.911833 -19466.550474     96.624327  7  3  4 114       
PG13  13028.306064 -18059.679156  14282.470287     24.769757  3  5  4  81       
PG14 -15274.425720   3415.486352 -21081.146996     -0.346611  5  5  1  93       
PG15   4220.900394 -24719.144755   7834.201914   -219.099709  6  7  4  96       
PG16 -14199.112614   7079.412259  21162.113934   -179.894976  7  5  8  79       
PG17  13669.214083   6544.075342 -21398.220041    292.457056  7  6  6 107       
PG18 -11707.769810 -10692.944188  21300.466298    240.490121  8  6  9  66       
PG19  15153.250118  -2081.536202 -22011.251828   -135.071421  7  5  7 102       
PG20 -20647.089890 -15257.983466   7176.867456    527.336076  8  8  5  74       
PG21 -22175.593891   1022.417743  15141.079211     20.932762  3  6  5  85       
PG22  -3907.031108  15539.467525 -20990.229080   -773.546979  8  4  5 103       
PG24   7710.528713 -19113.220407 -16747.774326    -15.359955  6  5  5  71       
PG25 -13234.752612 -19187.660218 -13210.003249     20.830513  6  6  6  85       
PG26 -22713.737976  -1731.329439  13807.437199    239.253524  9  5  8  73       
PG27 -12235.545911  15722.207889  17248.316435   -340.107859  4  4  3 104       
PG28  22534.455348  12280.332216  -5948.096276    701.699485  3  5  5  82       
PG29  -3722.547360 -24451.184089   9587.452492   -145.181354  7  4  4  87       
PG30  20883.761880   3153.290614  16280.287226   -257.421415  3  4  4  72       
PG31 -24793.689919   5437.724609  -8611.795753    -54.125952  7  4  3  49       
PG32 -14892.441337  -5051.925616 -21335.558770    313.226480  5  5  5  69       
*  2020  7  7 22 45  0.00000000
PG01  -8480.245612  18489.971753 -17123.561505     22.680244  5  5  4  95       
PG02  22073.360186 -14593.216167  -1315.336952   -483.846995  7  5  5  68       
PG03   1900.439659  17048.387059 -20375.795187   -232.793686  5  6  4  98       
PG04   -381.330715  26537.321407   -307.952149   -111.971026  7  9  4  53       
PG05  17766.271520  -5972.234652  18752.082591    -16.200039  1  4  5  96       
PG06  22914.193436  -3972.308330 -12816.984796   -299.940422  7  5  5  88       
PG07  10136.012006  11977.530203  21775.148113   -322.064120  4  4  6  92       
PG08  -6978.660103  22742.585586  11549.517589    -40.212293  3  5  5  82       
PG09   8382.437451  22917.486565  10418.940499   -249.734080  6  4  6  70       
PG10 -24025.517337 -11453.244073  -1935.348967   -393.232101  8  6  4  65       
PG11 -10860.295813  24118.678724  -4383.428233   -227.487739  6  3  5  79       
PG12   -730.403175 -16984.927953 -20681.392908     96.619814  7  4  4 104       
PG13  12966.262107 -16279.251905  16325.592639     24.772559  3  6  4  88       
PG14 -15100.222352    908.904219 -21470.405302     -0.344035  6  5  2  84       
PG15   4676.133869 -23661.762695  10368.792875   -219.097253  6  6  4  98       
PG16 -16123.186073   5644.598274  20242.694262   -179.899238  8  5  8  96       
PG17  13455.752330   9023.096577 -20636.866367    292.461974  7  6  6  89       
PG18  -9554.056111 -11889.415433  21733.821912    240.498944  7  6  9  70       
PG19  14901.559437    369.120864 -22284.025525   -135.066679  8  5  7  93       
PG20 -19636.634112 -15146.808955   9738.479005    527.335838  8  8  6  69       
PG21 -20832.457829    -85.934321  17082.375771     20.936992  3  6  5  88       
PG22  -6143.325782  14499.241030 -21183.190213   -773.544869  7  4  4  95       
PG24   9342.323130 -19897.492207 -14841.444478    -15.360166  6  6  5  44       
PG25 -11782.953078 -18522.330390 -15372.109060     20.834123  6  5  6  85       
PG26 -23882.269545  -2618.963008  11532.561722    239.259741 10  6  8  62       
PG27 -12360.838952  13619.754758  18886.491920   -340.116555  4  4  2 112       
PG28  22880.859073  12802.513511  -3113.274031    701.696235  2  5  5  50       
PG29  -3476.164027 -25382.331466   6891.608059   -145.188742  8  4  4  92       
PG30  19240.914427   4218.978115  17961.017492   -257.428405  3  4  4  84       
PG31 -23909.322989   4734.330577 -11126.940254    -54.128177  7  4  4   8       
PG32 -14835.984579  -7472.215668 -20669.904413    313.232228  5  5  5  84       
*  2020  7  7 23  0  0.00000000
PG01 -10084.559717  19352.265029 -15131.138381     22.684731  5  5  3  88       
PG02  21929.934177 -14149.365982  -4149.097542   -483.852310  7  6  5  78       
PG03   -242.151029  16048.493092 -21249.916884   -232.804293  5  6  4 102       
PG04   -647.238847  26344.643401  -3154.435310   -111.975209  7  8  5  90       
PG05  19591.220236  -4967.942509  17191.040489    -16.200578  2  4  5  61       
PG06  21664.759770  -2964.756701 -15054.223476   -299.945078  8  6  5  99       
PG07   8085.291037  13281.058568  21834.525972   -322.071865  4  4  6  90       
PG08  -7291.178666  21300.058768  13895.479384    -40.213918  4  5  5  92       
PG09   8206.563848  23986.503089   7845.824738   -249.739990  6  4  7  20       
PG10 -23987.238228 -11681.117316    916.673895   -393.241787  8  7  4  69       
PG11 -11316.402965  24197.045347  -1673.182643   -227.478056  6  4  5  48       
PG12   1326.171993 -15826.794396 -21548.725326     96.615483  7  4  4 104       
PG13  12982.113586 -14281.860933  18084.289478     24.775475  3  6  4  89       
PG14 -15053.220586  -1624.511481 -21477.648766     -0.341633  6  6  2  69       
PG15   5223.757128 -22349.949252  12718.613077   -219.094886  6  6  3 109       
PG16 -18013.564644   4386.685480  18972.071807   -179.903458  8  5  8  86       
PG17  13378.764719  11398.788023 -19507.145004    292.467510  7  6  6  94       
PG18  -7442.285500 -13212.359712  21792.860605    240.507738  7  7  9 114       
PG19  14787.762940   2839.210740 -22183.957682   -135.062240  8  5  7 103       
PG20 -18358.002952 -14992.661168  12134.031239    527.335564  8  7  6  97       
PG21 -19392.591957  -1376.201016  18741.994647     20.941192  3  7  5  91       
PG22  -8428.036983  13564.035882 -21004.791270   -773.542205  7  4  4 103       
PG24  10753.392920 -20623.057117 -12678.645182    -15.360737  6  6  6  75       
PG25 -10095.123123 -17832.347207 -17276.681449     20.837777  6  5  6  91       
PG26 -24851.410180  -3332.705452   9061.193656    239.265922 10  6  8  85       
PG27 -12608.210550  11360.417508  20192.339178   -340.125237  5  5  2 106       
PG28  22979.904097  13125.963888   -223.852289    701.692858  2  5  5  75       
PG29  -3287.238395 -26012.399529   4076.743451   -145.196583  8  3  4  82       
PG30  17504.090724   5453.032654  19336.019031   -257.435410  3  5  3  81       
PG31 -22831.280569   3842.861280 -13455.514209    -54.130629  7  4  5  36       
PG32 -14898.253606  -9794.933784 -19646.867523    313.237935  5  5  5  65       
*  2020  7  7 23 15  0.00000000
PG01 -11448.647360  20159.257978 -12878.185834     22.689175  5  5  2  67       
PG02  21569.937948 -13485.787674  -6910.294402   -483.857400  8  6  6  73       
PG03  -2507.518707  15133.042441 -21761.265817   -232.814914  4  6  3 103       
PG04   -950.075064  25847.693136  -5946.506278   -111.979435  7  8  5  76       
PG05  21282.959359  -4130.282983  15333.262239    -16.201471  3  4  5  79       
PG06  20281.053690  -1745.747005 -17032.021765   -299.949922  8  6  5  99       
PG07   6111.720630  14683.587335  21528.375327   -322.079625  4  5  6  58       
PG08  -7712.785282  19626.061983  15999.494605    -40.215002  5  6  5  92       
PG09   8045.742057  24766.460207   5137.327054   -249.745923  6  4  7  74       
PG10 -23666.823798 -11784.576086   3753.167993   -393.251336  8  7  5  83       
PG11 -11636.862123  24023.047364   1065.165569   -227.468378  6  4  4  66       
PG12   3513.063437 -14749.310925 -22053.870407     96.611245  7  5  4 109       
PG13  13101.619904 -12105.633755  19527.857436     24.778490  3  6  5  80       
PG14 -15134.642470  -4133.777463 -21103.331275     -0.338984  6  6  2  76       
PG15   5887.638216 -20814.595938  14841.467570   -219.092597  6  6  3 111       
PG16 -19823.059475   3314.917370  17373.733215   -179.907903  9  5  8  75       
PG17  13423.074436  13622.454087 -18030.035135    292.472825  7  5  5  58       
PG18  -5414.708052 -14636.310459  21476.475352    240.516518  7  7  8 103       
PG19  14812.666237   5279.808274 -21712.796204   -135.057461  8  5  7  86       
PG20 -16823.702194 -14831.497211  14322.322304    527.335500  8  7  6  77       
PG21 -17899.371171  -2842.649247  20094.735957     20.945639  3  7  5  76       
PG22 -10715.915835  12749.385615 -20457.778949   -773.539984  6  4  4  86       
PG24  11935.057702 -21249.542151 -10295.923550    -15.361007  6  6  6  76       
PG25  -8191.666633 -17156.118297 -18891.924492     20.841491  6  5  5  75       
PG26 -25587.718325  -3891.925651   6435.623930    239.272073 11  6  8  62       
PG27 -12992.248316   8991.620784  21143.479226   -340.133891  5  5  2  82       
PG28  22809.034462  13282.008646   2669.521388    701.689721  2  5  5  60       
PG29  -3117.818208 -26328.355946   1191.503605   -145.204461  7  4  5  85       
PG30  15716.766552   6849.111612  20381.482461   -257.442415  3  5  3  88       
PG31 -21597.908078   2751.407750 -15558.108826    -54.132844  7  5  5  44       
PG32 -15063.071397 -11975.573522 -18284.639291    313.243682  5  5  5  68       
*  2020  7  7 23 30  0.00000000
PG01 -12564.235030  20867.009743 -10402.621535     22.693664  5  5  2  90       
PG02  21025.473747 -12583.125555  -9549.783547   -483.862585  9  7  6  87       
PG03  -4853.920346  14326.966759 -21900.865170   -232.825572  4  6  4  94       
PG04  -1325.014247  25060.047791  -8635.995573   -111.983628  7  8  6  77       
PG05  22799.082651  -3449.995528  13211.420606    -16.202511  4  4  5  56       
PG06  18808.496222   -316.384716 -18716.107106   -299.954620  8  6  5 113       
PG07   4250.424440  16154.121901  20860.262306   -322.087414  5  5  6  89       
PG08  -8266.062220  17758.935513  17825.364012    -40.215848  6  6  4  93       
PG09   7863.508647  25247.870880   2340.225312   -249.751842  6  4  7  53       
PG10 -23054.728578 -11800.192701   6526.103579   -393.261001  9  7  6  71       
PG11 -11850.770081  23580.659526   3785.449921   -227.458944  6  5  4  78       
PG12   5790.403595 -13780.313389 -22188.082702     96.606878  7  5  5 107       
PG13  13343.862633  -9794.055790  20631.145599     24.781594  3  6  5  91       
PG14 -15337.483460  -6568.793347 -20354.880074     -0.336531  6  6  3  67       
PG15   6685.644068 -19092.681536  16699.265515   -219.090399  6  6  3 111       
PG16 -21505.184844   2429.786953  15476.616598   -179.912118 10  5  8  91       
PG17  13565.924059  15650.284478 -16232.781839    292.477781  7  5  5  80       
PG18  -3508.724101 -16129.250413  20790.032316    240.525343  7  7  8  56       
PG19  14968.848696   7642.763799 -20878.320772   -135.052924  8  5  7  87       
PG20 -15054.143126 -14697.176556  16265.524568    527.335179  8  6  6  95       
PG21 -16394.975561  -4472.071779  21120.490189     20.949562  3  7  5  82       
PG22 -12960.106023  12063.277871 -19551.502024   -773.537880  6  5  4  84       
PG24  12886.753684 -21737.215896  -7733.960404    -15.361019  6  6  7  64       
PG25  -6100.408563 -16528.569501 -20190.766871     20.845125  6  6  5  92       
PG26 -26063.609898  -4321.984596   3700.643569    239.278224 11  7  8  75       
PG27 -13519.407620   6563.544596  21723.959810   -340.142557  6  5  3  97       
PG28  22353.697962  13306.692147   5516.843428    701.686541  2  4  4  69       
PG29  -2928.588968 -26326.357544  -1714.296546   -145.212331  7  5  5  70       
PG30  13921.742107   8393.058981  21079.103919   -257.449421  3  5  4  92       
PG31 -20250.460613   1455.829483 -17398.882004    -54.135027  7  5  6  43       
PG32 -15307.396587 -13974.176070 -16607.220767    313.249414  6  5  5  93       
*  2020  7  7 23 45  0.00000000
PG01 -13431.854556  21432.278347  -7746.543830     22.698157  6  6  3  40       
PG02  20333.355949 -11430.012298 -12019.917034   -483.867837  9  7  6  83       
PG03  -7235.705621  13648.041343 -21666.032855   -232.836156  4  6  4  91       
PG04  -1803.972678  24003.486385 -11176.503333   -111.987796  7  8  6  67       
PG05  24101.288349  -2910.418924  10862.578715    -16.203089  5  5  5  70       
PG06  17292.981326   1313.466643 -20077.241751   -299.959371  7  6  5 107       
PG07   2530.935387  17656.239888  19839.758539   -322.095373  5  5  6  88       
PG08  -8966.549702  15742.012525  19341.883834    -40.217052  6  7  4  87       
PG09   7623.006631  25429.967123   -497.220206   -249.757778  6  4  7  51       
PG10 -22149.904267 -11766.296129   9188.579489   -393.270669  9  7  6  88       
PG11 -11990.075936  22861.182884   6441.268897   -227.449127  6  6  4  49       
PG12   8113.899226 -12940.678299 -21948.701758     96.602588  6  6  6 107       
PG13  13720.392029  -7394.440332  21375.009010     24.784505  3  6  5  78       
PG14 -15646.845622  -8882.138281 -19246.496251     -0.334193  6  6  4  75       
PG15   7628.708693 -17225.881857  18258.787644   -219.088008  6  6  2  96       
PG16 -23015.846095   1723.271766  13314.518317   -179.916240 10  6  8  78       
PG17  13778.030669  17444.898713 -14148.296090    292.482934  7  5  5  35       
PG18  -1755.611336 -17653.748440  19745.284081    240.534177  7  8  8  98       
PG19  15240.961884   9882.307087 -19694.230838   -135.048205  9  5  7  61       
PG20 -13077.052339 -14620.034109  17929.846111    527.335282  9  6  7  97       
PG21 -14918.958663  -6244.181489  21804.386291     20.953923  4  8  5  67       
PG22 -15113.816427  11505.931041 -18301.755732   -773.535340  6  5  5  80       
PG24  13615.915724 -22048.620243  -5036.896000    -15.361897  6  6  7  86       
PG25  -3855.746393 -15979.804751 -21151.279121     20.848782  6  7  5  75       
PG26 -26258.393480  -4653.060770    902.799283    239.284299 11  7  8  37       
PG27 -14187.695444   4127.311935  21924.498594   -340.151201  6  6  5  77       
PG28  21607.894135  13239.134850   8269.617806    701.683074  3  4  4  78       
PG29  -2680.597825 -26011.854245  -4590.541143   -145.219913  7  6  5  69       
PG30  12159.614183  10063.255056  21416.420024   -257.456433  3  5  4  95       
PG31 -18831.589082    -39.866390 -18946.150292    -54.137293  7  5  6  27       
PG32 -15602.309234 -15756.672451 -14643.972257    313.255127  6  5  5  79       
EOF
