#cP2020  7 17  0  0  0.00000000      96 ORBIT IGb14 HLM  IGS
## 2114 432000.00000000   900.00000000 59047 0.0000000000000
+   32   G01G02G03G04G05G06G07G08G09G10G11G12G13G14G15G16G17
+        G18G19G20G21G22G23G24G25G26G27G28G29G30G31G32  0  0
+          0  0  0  0  0  0  0  0  0  0  0  0  0  0  0  0  0
+          0  0  0  0  0  0  0  0  0  0  0  0  0  0  0  0  0
+          0  0  0  0  0  0  0  0  0  0  0  0  0  0  0  0  0
++         2  2  2  2  2  2  2  2  1  2  2  2  2  2  2  2  2
++         2  2  2  2  2  4  2  2  2  2  2  2  1  2  1  0  0
++         0  0  0  0  0  0  0  0  0  0  0  0  0  0  0  0  0
++         0  0  0  0  0  0  0  0  0  0  0  0  0  0  0  0  0
++         0  0  0  0  0  0  0  0  0  0  0  0  0  0  0  0  0
%c G  cc GPS ccc cccc cccc cccc cccc ccccc ccccc ccccc ccccc
%c cc cc ccc ccc cccc cccc cccc cccc ccccc ccccc ccccc ccccc
%f  1.2500000  1.025000000  0.00000000000  0.000000000000000
%f  0.0000000  0.000000000  0.00000000000  0.000000000000000
%i    0    0    0    0      0      0      0      0         0
%i    0    0    0    0      0      0      0      0         0
/* FINAL ORBIT COMBINATION FROM WEIGHTED AVERAGE OF:        
/* cod emr esa gfz grg jpl mit ngs sio                      
/* REFERENCED TO IGS TIME (IGST) AND TO WEIGHTED MEAN POLE: 
/* PCV:IGS14_2114 OL/AL:FES2004  NONE     Y  ORB:CMB CLK:CMB
*  2020  7 17  0  0  0.00000000
PG01 -14689.816442  21783.125207   2099.970042     26.161576  6  4  7 115       
PG02  17390.168967  -5666.896037 -18606.587610   -488.320820  8  5  9 113       
PG03 -14893.672764  12416.846175 -18175.555107   -241.894630 10  8  5  84       
PG04  -4605.932585  18725.996699 -18236.721128   -113.314131  7  7  8  87       
PG05  26550.809658  -1781.670121   1622.227007    -16.816926  9  7  6  88       
PG06  12234.239219   8301.681350 -22012.454821   -303.987455  8  9  8  87       
PG07  -2086.674934  22512.759055  13846.401961   -328.873858  7  8  7 119       
PG08 -12536.721182   8320.733815  21891.132685    -41.209866  6  9  5 106       
PG09   5895.983735  23940.533770  -9905.050626   -254.817904  5  6  7  81       
PG10 -16942.381670 -11792.660774  16935.287573   -401.619615  9  6  6  83       
PG11 -12330.294553  18351.599590  14459.856893   -219.169203  7  6 10 110       
PG12  15840.216301 -11144.937919 -18340.619557     92.804443  6  7  6  99       
PG13  16036.524208    905.194138  21052.245041     27.363200  7  6  3  81       
PG14 -17170.851027 -15400.328993 -12977.286492      1.881178  9  8  6  94       
PG15  11945.767584 -10341.078902  21013.608447   -217.069646  7  7  7  88       
PG16 -26370.181506    491.420783   4536.773905   -183.635523 11  9  8  89       
PG17  14568.841694  21464.469302  -5384.271760    296.975652  9  8  6  89       
PG18   2796.762308 -22538.677801  13733.631878    247.958400 10 10  8  74       
PG19  16709.306365  16104.309286 -13260.645690   -131.094462  9  8  7  87       
PG20  -5134.436413 -15102.682601  21175.924674    527.270443  5  5  5  30       
PG21 -11824.942716 -11043.576905  21870.330963     24.524231  6  7  5  96       
PG22 -21143.005180  10497.808839 -11824.980541   -771.536856  9  7  6  88       
PG23  -6987.998852 -14579.345867  21043.721214 999999.999999
PG24  14710.101226 -21320.071624   4699.457089    -15.761157  8  4  5  82       
PG25   4327.941204 -14986.439747 -21706.774365     24.110680  7  7  5  98       
PG26 -24636.782695  -5546.548964  -8621.862764    244.608070  8  7  9 110       
PG27 -17369.223488  -3675.267903  19716.706595   -347.644063  8  6  6  94       
PG28  16901.782778  12861.277338  16435.181245    698.887996  7  5  8  97       
PG29   -977.192074 -22843.284787 -13529.182782   -151.881731  6  5  9  46       
PG30   6729.455789  16426.072089  19741.473105   -263.462069  5  8  6 104       
PG31 -13899.350755  -6608.375057 -21706.782957    -56.066081  6  7  7 101       
PG32 -16548.875565 -19889.754064  -6254.141022    318.126102  5  7  7 105       
*  2020  7 17  0 15  0.00000000
PG01 -14674.130117  21295.367656   4977.076702     26.164921  6  4  7 106       
PG02  16536.745488  -3498.469345 -19840.317880   -488.325988  7  5  8  83       
PG03 -16866.032107  12314.501768 -16421.865772   -241.905138  9  8  6  64       
PG04  -5787.927193  16901.184698 -19631.145754   -113.318311  8  7  7  63       
PG05  26604.552580  -1523.045335  -1207.207446    -16.817998  8  7  5  81       
PG06  11015.183975  10493.489881 -21715.578948   -303.992032  7  8  8  84       
PG07  -3000.446193  23634.323039  11521.995509   -328.881791  7  7  7 110       
PG08 -13872.670909   6213.565626  21807.187366    -41.210982  6  9  4  88       
PG09   5015.681552  22996.889359 -12340.035951   -254.823756  5  6  6  46       
PG10 -14938.551564 -11971.801157  18600.265742   -401.629205  9  6  6  82       
PG11 -12533.140333  16503.502346  16301.171745   -219.159983  7  6  9  94       
PG12  17789.530323 -10927.300225 -16563.184880     92.799877  6  7  6  37       
PG13  16938.945039   3105.031896  20129.678901     27.366351  7  6  2  60       
PG14 -17608.894113 -16739.074712 -10593.661119      1.883904  9  8  6  83       
PG15  13468.058741  -8378.660919  21001.736851   -217.067363  7  7  6  74       
PG16 -26734.336016    295.775227   1701.801059   -183.639943 10  9  8  66       
PG17  14638.224840  21993.349703  -2533.329975    296.980644  8  7  6  74       
PG18   3692.057656 -23684.584721  11394.248746    247.966801 10  9  8  72       
PG19  17143.986742  17372.261689 -10831.120253   -131.089841  8  7  7  84       
PG20  -2710.658329 -15500.795893  21315.470056    527.270312  4  5  5  70       
PG21 -10823.035204 -13120.548003  21235.309884     24.528310  6  7  5 103       
PG22 -22420.934582  10332.474642  -9397.576882   -771.534586  9  7  7  38       
PG23  -4548.169550 -14747.100997  21587.820691      4.616451 13 13 14  69       
PG24  14714.039417 -20517.221539   7409.036619    -15.761670  7  4  5  92       
PG25   6728.471871 -14981.599165 -21059.802720     24.114563  7  7  5  63       
PG26 -23532.484228  -5860.426212 -11123.007503    244.614118  7  6  9  87       
PG27 -18434.177979  -5588.669941  18287.473615   -347.652646  8  6  6  87       
PG28  15012.217126  12855.713301  18251.839820    698.884720  7  5  8  70       
PG29    -87.105626 -21431.707769 -15708.948819   -151.889484  6  5  8  59       
PG30   5486.283140  18236.679029  18473.808507   -263.468983  4  8  6  79       
PG31 -12640.782627  -8739.549976 -21682.408863    -56.068606  6  7  7  92       
PG32 -16634.093007 -20502.063358  -3488.160731    318.131633  5  7  7  80       
*  2020  7 17  0 30  0.00000000
PG01 -14545.652823  20513.362609   7766.305729     26.168363  5  4  7 103       
PG02  15748.360690  -1173.445493 -20712.840513   -488.331072  7  4  7  65       
PG03 -18628.327362  12298.572305 -14385.785306   -241.915549  9  8  6  67       
PG04  -7138.236713  15023.766061 -20687.112090   -113.322386  8  6  7  81       
PG05  26356.291009  -1232.273205  -4016.146189    -16.818390  7  7  5  83       
PG06   9941.805770  12699.391748 -21043.121004   -303.996641  6  8  7  61       
PG07  -3740.631689  24554.551785   8997.165246   -328.889376  6  7  7 103       
PG08 -15300.221098   4207.961086  21348.944725    -41.212211  6  8  3  81       
PG09   3935.614649  21885.466636 -14563.030951   -254.829582  5  6  6  35       
PG10 -12776.970250 -12272.972207  19949.865361   -401.638771  9  6  6  56       
PG11 -12824.374968  14468.261453  17855.713482   -219.150034  7  5  9 102       
PG12  19533.736685 -10813.049758 -14503.593310     92.795435  6  6  6  81       
PG13  17898.577805   5141.944980  18858.016659     27.369312  7  6  2  48       
PG14 -17975.499017 -17806.722459  -8026.533677      1.886339  8  7  6  83       
PG15  15061.727427  -6508.702110  20618.470374   -217.064966  7  7  6  72       
PG16 -26788.685947    123.927075  -1161.738555   -183.644464 10  8  7  65       
PG17  14568.520381  22237.039950    361.354695    296.985583  8  6  6  49       
PG18   4402.103780 -24628.886070   8858.338089    247.975262  9  8  7  75       
PG19  17510.456577  18367.674942  -8218.164512   -131.085241  7  6  6  72       
PG20   -311.381545 -16013.555318  21085.528772    527.270517  3  5  4  58       
PG21  -9965.124105 -15165.864818  20260.275771     24.532305  6  6  5  85       
PG22 -23423.455890  10180.478617  -6805.750557   -771.531887  8  6  7  80       
PG23  -2080.024757 -15046.136076  21759.482263      4.632313 13 12 13  44       
PG24  14644.423371 -19434.717859   9987.462546    -15.762584  6  4  5  88       
PG25   9036.645351 -15096.794428 -20056.370866     24.118389  6  6  5  81       
PG26 -22176.366942  -6261.590187 -13435.283563    244.620204  7  7  8  67       
PG27 -19498.436245  -7289.921426  16543.560997   -347.661269  8  5  6  78       
PG28  12944.273915  12952.415857  19766.257837    698.881439  7  5  7  68       
PG29    999.297968 -19873.472640 -17618.757726   -151.896913  6  6  7  57       
PG30   4404.382351  19963.348910  16887.250457   -263.475919  4  7  6  71       
PG31 -11502.318158 -10915.542867 -21285.629598    -56.070389  6  7  7  77       
PG32 -16569.637206 -20850.700338   -662.607854    318.137123  6  6  7  55       
*  2020  7 17  0 45  0.00000000
PG01 -14344.446926  19434.674745  10418.157854     26.171901  5  4  7 104       
PG02  15053.185412   1265.449555 -21207.510795   -488.336331  6  4  6  28       
PG03 -20147.999574  12339.248139 -12102.019588   -241.925929  8  8  6  77       
PG04  -8643.305519  13139.363522 -21386.494234   -113.326541  8  6  7  85       
PG05  25816.408610   -874.067468  -6756.966407    -16.819507  7  7  5  66       
PG06   9026.688119  14870.658099 -20006.637069   -304.001210  5  7  7  64       
PG07  -4326.003393  25237.510000   6315.004816   -328.897220  7  6  7 109       
PG08 -16785.810213   2339.740918  20525.012796    -41.213135  6  8  3  82       
PG09   2650.404687  20647.430080 -16535.989704   -254.835389  4  5  6  67       
PG10 -10501.724034 -12709.947546  20960.802325   -401.648504  9  6  5  82       
PG11 -13220.959924  12284.303134  19094.422950   -219.140419  7  6  8  83       
PG12  21037.883845 -10773.845700 -12196.211190     92.790572  6  7  6  80       
PG13  18879.811396   6984.270115  17259.751950     27.372197  7  6  3  64       
PG14 -18231.608394 -18602.691403  -5320.984636      1.888787  7  7  6  82       
PG15  16692.079561  -4763.780425  19871.893763   -217.062758  7  7  5  83       
PG16 -26533.164232    -62.696321  -4005.861484   -183.648952  9  8  7  66       
PG17  14325.719852  22214.887268   3249.881719    296.991043  7  5  5  59       
PG18   4946.514482 -25336.271885   6169.636753    247.983642  9  7  7  50       
PG19  17767.183782  19088.654775  -5465.595247   -131.080755  6  6  6  80       
PG20   2017.897820 -16627.556874  20489.429993    527.270365  4  5  3  50       
PG21  -9254.121310 -17136.189865  18960.548015     24.536830  6  6  5  98       
PG22 -24138.578011  10007.156345  -4095.054229   -771.529529  7  6  7  80       
PG23    367.387905 -15473.067326  21555.738806      4.648119 13 11 12   4       
PG24  14538.253436 -18079.534484  12388.938897    -15.763146  6  4  4  99       
PG25  11208.173692 -15314.756734 -18712.456378     24.122251  6  6  5  85       
PG26 -20598.577017  -6775.993719 -15519.275020    244.626261  7  7  8  63       
PG27 -20520.200819  -8760.273025  14515.886987   -347.669825  7  5  7  84       
PG28  10739.147647  13171.942593  20954.882626    698.878025  7  5  7  59       
PG29   2284.246917 -18214.854273 -19225.978841   -151.904767  6  6  6  75       
PG30   3483.716392  21561.839544  15008.653897   -263.482833  4  7  6  92       
PG31 -10500.783171 -13090.696599 -20521.889399    -56.072779  6  6  6  90       
PG32 -16323.165916 -20953.412525   2174.255010    318.142595  6  6  7  85       
*  2020  7 17  1  0  0.00000000
PG01 -14111.377902  18066.394612  12885.467755     26.175454  5  5  7  95       
PG02  14472.486327   3770.499562 -21314.928062   -488.341235  6  3  6  78       
PG03 -21399.777747  12402.187973  -9609.633268   -241.936343  8  8  6  42       
PG04 -10281.735963  11291.383538 -21717.327666   -113.330680  8  6  6  78       
PG05  25003.321332   -415.869568  -9383.317088    -16.820153  6  7  5  86       
PG06   8273.926898  16957.920633 -18624.014902   -304.005831  4  7  7  76       
PG07  -4781.604894  25653.235088   3521.868702   -328.904743  6  5  6 110       
PG08 -18290.934159    638.085591  19350.187004    -41.214723  6  8  3  83       
PG09   1162.819175  19325.710486 -18225.189687   -254.841268  4  6  5  77       
PG10  -8159.688440 -13288.732043  21615.409350   -401.658133  9  6  5  65       
PG11 -13733.147529   9994.336063  19993.704942   -219.130957  7  6  8 100       
PG12  22273.945014 -10776.229638  -9679.828047     92.786199  6  7  6  90       
PG13  19843.168047   8607.919327  15362.998289     27.375171  7  6  3  64       
PG14 -18340.139841 -19135.071336  -2524.073223      1.891420  7  7  6  99       
PG15  18320.407050  -3169.784549  18776.555805   -217.060667  7  6  4  87       
PG16 -25976.362757   -301.939085  -6783.133475   -183.653172  8  8  6  23       
PG17  13881.033968  21953.777339   6082.967583    296.996280  6  5  5  87       
PG18   5351.295995 -25777.521622   3374.522558    247.992102  9  6  7  72       
PG19  17874.249365  19541.981562  -2619.868996   -131.076398  5  5  6  62       
PG20   4234.685780 -17322.295653  19536.938384    527.270211  4  6  3  46       
PG21  -8685.411902 -18988.807928  17356.339544     24.540908  6  6  5  79       
PG22 -24562.862604   9777.145277  -1312.969936   -771.527352  7  6  7  65       
PG23   2746.260292 -16016.495704  20980.113108      4.663953 13  9 12  29       
PG24  14431.669579 -16467.319839  14570.836821    -15.763457  5  4  4  96       
PG25  13202.956496 -15611.284764 -17049.856557     24.126196  7  6  6  84       
PG26 -18835.064539  -7423.770819 -17339.337485    244.632325  6  6  7  68       
PG27 -21456.417906  -9989.687684  12240.010350   -347.678455  7  5  7  70       
PG28   8441.466625  13527.573298  21799.482889    698.874681  7  5  6  80       
PG29   3761.287144 -16503.098596 -20503.204880   -151.912209  5  6  6  61       
PG30   2716.540824  22990.011872  12870.053530   -263.489746  4  6  6 101       
PG31  -9645.236140 -15217.383194 -19403.033859    -56.075002  6  6  6  84       
PG32 -15867.409216 -20834.963468   4974.077694    318.148191  5  6  7  76       
*  2020  7 17  1 15  0.00000000
PG01 -13886.326721  16425.035124  15124.324957     26.179005  5  5  7  86       
PG02  14019.750053   6290.764573 -21033.164260   -488.346130  6  3  5  66       
PG03 -22366.531188  12449.979916  -6951.393998   -241.946757  9  8  6  71       
PG04 -12024.961530   9519.464492 -21674.009738   -113.334844  8  6  6  75       
PG05  23942.771170    170.730483 -11850.862354    -16.820874  6  6  5  75       
PG06   7679.104900  18912.942193 -16919.163365   -304.010412  4  6  7  80       
PG07  -5137.604753  25779.002823    666.567020   -328.912841  6  5  6  98       
PG08 -19773.560001   -875.372350  17845.154696    -41.215321  6  8  3  70       
PG09   -516.142651  17963.371441 -19601.795940   -254.847078  4  5  5  84       
PG10  -5798.925581 -14007.213617  21901.956851   -401.667658  8  5  4  34       
PG11 -14363.882520   7643.857114  20535.996953   -219.121561  7  5  7  87       
PG12  23221.807442 -10783.030977  -6997.053100     92.781556  7  7  6  79       
PG13  20746.856972   9997.090418  13200.964044     27.378078  7  5  4  62       
PG14 -18267.514436 -19420.070808    316.002584      1.893876  6  7  6  93       
PG15  19905.445639  -1745.127190  17353.098286   -217.058405  7  6  3  88       
PG16 -25135.183670   -629.329960  -9447.386212   -183.657270  8  8  7  34       
PG17  13212.104879  21486.924783   8812.759766    297.001188  5  4  5  58       
PG18   5647.635409 -25930.645126    521.208117    248.000489  9  6  8  78       
PG19  17795.009766  19742.759676    270.654088   -131.071982  5  5  6  72       
PG20   6300.957727 -18070.931464  18244.121336    527.270228  4  6  3  69       
PG21  -8247.109054 -20683.010677  15472.540112     24.545524  5  6  5  78       
PG22 -24701.420284   9455.961233   1491.966449   -771.524817  7  6  6  52       
PG23   5011.674267 -16657.427048  20042.556261      4.679758 12  8 12  34       
PG24  14358.355004 -14621.939129  16494.520820    -15.764733  5  4  4 101       
PG25  14986.450456 -15956.189514 -15095.903749     24.130136  7  6  6  64       
PG26 -16926.329860  -8218.290309 -18864.195947    244.638418  6  6  6  80       
PG27 -22264.451260 -10976.972148   9755.475611   -347.687074  7  4  7  89       
PG28   6097.811351  14024.799945  22287.321144    698.871166  7  6  5  44       
PG29   5415.355681 -14784.674491 -21428.705928   -151.919889  5  6  5  56       
PG30   2087.867536  24209.394549  10508.134210   -263.496645  4  6  6  94       
PG31  -8936.685537 -17247.684401 -17947.197221    -56.077297  6  5  5  79       
PG32 -15181.356379 -20526.053196   7689.223551    318.153710  5  5  7  74       
*  2020  7 17  1 30  0.00000000
PG01 -13706.445968  14536.047408  17094.933110     26.182602  5  6  7 109       
PG02  13700.163097   8773.994603 -20367.802649   -488.351314  6  3  5  74       
PG03 -23039.818324  12443.737429  -4173.044862   -241.957127  9  8  7  80       
PG04 -13838.205735   7858.082419 -21257.389598   -113.338994  8  6  6  78       
PG05  22666.862467    908.734697 -14117.987089    -16.821639  5  6  5  81       
PG06   7229.608799  20690.353103 -14921.593898   -304.015005  3  6  7  70       
PG07  -5427.921711  25600.332269  -2200.521646   -328.920517  6  5  6 103       
PG08 -21189.677030  -2187.159381  16036.108549    -41.216451  6  7  2  75       
PG09  -2367.481663  16601.986843 -20642.340686   -254.852962  4  6  5  83       
PG10  -3467.034997 -14855.130413  21814.884950   -401.677266  8  5  3  49       
PG11 -15108.512726   5279.523653  20710.222963   -219.111905  6  5  7  99       
PG12  23869.977488 -10754.938891  -4193.631207     92.777136  7  7  6  81       
PG13  21548.423761  11144.652199  10811.342699     27.381205  7  6  4  65       
PG14 -17985.038620 -19481.172529   3150.736006      1.896658  6  7  6 111       
PG15  21404.927512   -500.275525  15627.775605   -217.055992  7  5  2  87       
PG16 -24034.206042  -1076.590465 -11954.405352   -183.661811  7  8  6  53       
PG17  12303.961485  20852.457357  11393.594632    297.006779  4  4  5  49       
PG18   5870.488927 -25781.755631  -2341.097451    248.008940 10  6  8  80       
PG19  17497.664154  19713.753883   3156.498940   -131.067374  5  5  6  73       
PG20   8184.455612 -18841.323810  16633.096291    527.270256  5  7  3  50       
PG21  -7920.560626 -22181.433989  13338.454117     24.549198  5  6  6  77       
PG22 -24567.580118   9011.534731   4271.046406   -771.522256  6  6  6 102       
PG23   7123.138858 -17370.000563  18759.273754      4.695568 11  7 12  42       
PG24  14348.051528 -12574.685944  18126.090448    -15.764995  5  4  4 103       
PG25  16530.847796 -16314.489616 -12883.082985     24.134049  7  6  6 102       
PG26 -14916.005512  -9165.468249 -20067.478770    244.644519  6  6  6  79       
PG27 -22903.735855 -11729.574188   7105.109178   -347.695750  6  5  7  72       
PG28   3755.187590  14661.102229  22411.260246    698.867745  7  6  5  32       
PG29   7223.189459 -13103.571070 -21986.785835   -151.927658  5  6  5  80       
PG30   1576.221643  25186.625998   7963.608981   -263.503488  3  6  5  83       
PG31  -8368.131221 -19135.113715 -16178.570519    -56.079540  6  5  5  75       
PG32 -14251.210102 -20062.028409  10273.553150    318.159295  5  5  6  90       
*  2020  7 17  1 45  0.00000000
PG01 -13604.535809  12432.974350  18762.385067     26.186148  5  6  7 104       
PG02  13510.472072  11168.600103 -19331.785594   -488.356410  6  2  5  87       
PG03 -23420.108907  12344.767897  -1322.516904   -241.967525  9  8  7  67       
PG04 -15681.689886   6335.367393 -20474.746484   -113.343090  8  6  6  82       
PG05  21212.877077   1814.684734 -16146.456407    -16.822406  5  6  5  93       
PG06   6905.275503  22249.285424 -12665.901602   -304.019604  3  6  6  77       
PG07  -5688.675582  25111.679616  -5028.401529   -328.928283  6  5  5  89       
PG08 -22494.926087  -3292.256522  13954.277340    -41.218768  6  7  2  71       
PG09  -4364.739514  15280.091185 -21329.111378   -254.858762  3  6  5  81       
PG10  -1209.518035 -15814.357870  21354.940825   -401.686898  8  5  3  56       
PG11 -15954.829884   2947.460323  20512.112721   -219.102467  6  5  7 106       
PG12  24215.969386 -10652.182188  -1317.686353     92.772562  7  6  6  61       
PG13  22206.430153  12052.193016   8235.631422     27.384170  6  5  5  45       
PG14 -17470.090411 -19348.035675   5932.117664      1.898959  6  7  6  88       
PG15  22777.163559    562.390519  13631.882218   -217.053433  7  5  2  76       
PG16 -22704.792147  -1670.288753 -14262.584655   -183.665889  7  8  6  59       
PG17  11149.689006  20091.852091  13782.691314    297.012060  4  3  5  84       
PG18   6057.025968 -25325.640666  -5163.043779    248.017389 10  7  8  87       
PG19  16956.664518  19484.432318   5987.906498   -131.062674  4  4  6  62       
PG20   9859.762114 -19597.296607  14731.660571    527.270007  5  7  4  62       
PG21  -7681.096635 -23451.307456  10987.488523     24.552960  5  6  6  63       
PG22 -24182.250213   8415.645124   6976.257240   -771.519757  6  6  6  83       
PG23   9045.955129 -18122.497259  17152.442370      4.711361 10  7 13  12       
PG24  14425.251067 -10363.196759  19437.019105    -15.764957  5  4  4  86       
PG25  17816.016134 -16647.816482 -10448.552442     24.137891  7  6  6  89       
PG26 -12849.324890 -10263.366938 -20928.179109    244.650598  7  6  5  85       
PG27 -23337.349905 -12263.059467   4334.279637   -347.704402  6  5  8  60       
PG28   1459.502633  15426.010761  22169.808353    698.864618  7  6  4  75       
PG29   9154.053598 -11499.704785 -22168.036137   -151.935130  5  6  5  45       
PG30   1154.663191  25894.715391   5280.514610   -263.510389  3  6  5  74       
PG31  -7924.934286 -20836.312310 -14127.048542    -56.081664  6  5  5  70       
PG32 -13071.073124 -19481.431800  12683.179443    318.164774  5  5  6  69       
*  2020  7 17  2  0  0.00000000
PG01 -13607.610722  10156.276984  20097.333793     26.189716  5  6  6 102       
PG02  13439.228242  13425.586260 -17945.078869   -488.361531  5  2  5  80       
PG03 -23516.669184  12116.247937   1550.904661   -241.977918  9  8  7  95       
PG04 -17512.043201   4972.175398 -19339.657256   -113.347208  8  7  6  76       
PG05  19621.912371   2897.854406 -17902.021379    -16.822975  5  5  5  82       
PG06   6679.341728  23554.841355 -10191.155519   -304.024240  3  5  6  71       
PG07  -5956.527993  24316.782926  -7766.453102   -328.935932  5  5  5  80       
PG08 -23646.246106  -4194.072009  11635.383190    -41.220553  6  7  2  92       
PG09  -6474.827562  14031.761206 -21650.441690   -254.864563  3  5  5  78       
PG10    931.783731 -16859.508594  20529.216404   -401.696508  7  4  3  50       
PG11 -16883.446120    691.574011  19944.370773   -219.092825  5  5  6  95       
PG12  24266.357366 -10436.252477   1581.096697     92.768269  7  6  6  55       
PG13  22682.098437  12729.734467   5518.391819     27.387216  6  5  5  74       
PG14 -16707.070104 -19055.192409   8613.406619      1.901694  5  7  6  87       
PG15  23982.591496   1448.395659  11401.106016   -217.051302  7  4  1  81       
PG16 -21183.965412  -2430.684622 -16333.541568   -183.670024  7  8  6  27       
PG17   9750.795393  19248.284090  15940.776233    297.017113  5  4  5  55       
PG18   6244.990732 -24566.008642  -7895.996045    248.025836 10  7  8  75       
PG19  16153.910204  19089.747501   8715.694312   -131.058285  5  4  6  60       
PG20  11309.107462 -20300.082842  12572.809157    527.269858  5  7  4  81       
PG21  -7499.000374 -24465.576185   8456.785702     24.557454  5  6  6  80       
PG22 -23572.999429   7645.195982   9561.120849   -771.517434  6  7  6  82       
PG23  10752.356628 -18878.588942  15249.822949      4.727130  8  8 13  59       
PG24  14608.119227  -8030.115247  20404.674999    -15.764428  4  4  4  94       
PG25  18830.159686 -16915.979223  -7833.569263     24.141750  7  6  5  89       
PG26 -10771.533556 -11502.098148 -21431.035490    244.656720  7  6  5  89       
PG27 -23533.448294 -12600.293185   1490.134844   -347.713054  5  5  8  90       
PG28   -745.908063  16301.452259  21567.105747    698.861472  7  7  4  94       
PG29  11170.761313 -10007.496281 -21969.484358   -151.942713  4  6  5  86       
PG30    792.034068  26314.070589   2505.436911   -263.517289  3  6  5  70       
PG31  -7585.506202 -22312.650033 -11827.756726    -56.083704  6  5  4  85       
PG32 -11643.342144 -18824.445284  14877.183891    318.170283  5  5  6  56       
*  2020  7 17  2 15  0.00000000
PG01 -13735.719132   7751.883925  21076.542430     26.193199  4  6  6  90       
PG02  13467.400054  15500.361553 -16234.167784   -488.366656  5  1  5  78       
PG03 -23347.112983  11724.838540   4397.445562   -241.988323  9  8  7  62       
PG04 -19283.861105   3781.450414 -17871.755880   -113.351308  8  7  6  81       
PG05  17937.391438   4159.716327 -19354.963954    -16.823868  5  5  5  41       
PG06   6519.658490  24579.338506  -7540.209482   -304.028822  3  5  6  82       
PG07  -6266.984623  23228.634925 -10365.443304   -328.943701  5  6  5 101       
PG08 -24603.477012  -4904.095625   9119.034758    -41.221604  6  6  1  84       
PG09  -8659.112823  12885.382267 -21600.901461   -254.870371  3  6  5  84       
PG10   2920.117215 -17958.826262  19351.082426   -401.706128  7  4  3  68       
PG11 -17868.495106  -1448.047402  19016.684416   -219.083172  5  5  6  92       
PG12  24036.483431 -10071.602239   4452.339452     92.764191  8  6  6  68       
PG13  22940.856990  13195.125167   2706.467218     27.390321  5  5  5  81       
PG14 -15688.085552 -18640.591361  11149.857078      1.903899  5  7  6  87       
PG15  24985.229983   2170.678978   8974.825838   -217.049028  7  4     75       
PG16 -19513.098795  -3370.804740 -18132.689911   -183.674326  7  8  6  72       
PG17   8117.268359  18364.949030  17832.635162    297.022702  6  4  5  37       
PG18   6471.046004 -23515.401590 -10492.877946    248.034274 10  8  9  81       
PG19  15079.674916  18568.698206  11292.132112   -131.053440  5  4  6  43       
PG20  12522.875318 -20909.891177  10194.148758    527.269851  6  8  4  70       
PG21  -7340.679137 -25203.856468   5786.795682     24.561441  5  6  7  68       
PG22 -22772.900808   6683.282899  11981.487602   -771.515046  6  7  5  62       
PG23  12222.382018 -19598.778915  13084.275935      4.742933  6  9 13  69       
PG24  14907.695910  -5621.564262  21012.713418    -15.765717  4  4  4  94       
PG25  19570.171089 -17078.631235  -5082.825777     24.145637  7  6  5  90       
PG26  -8726.301718 -12864.037337 -21566.823920    244.662871  7  6  5  74       
PG27 -23466.506860 -12770.361418  -1379.172521   -347.721709  5  5  8  67       
PG28  -2821.658910  17262.363733  20612.855669    698.858359  6  7  4  75       
PG29  13230.946709  -8654.670175 -21394.635100   -151.950043  5  7  5  72       
PG30    454.380577  26433.249865   -313.319715   -263.524197  4  6  4  64       
PG31  -7322.294123 -23531.664303  -9320.462597    -56.085883  6  5  4  88       
PG32  -9978.794599 -18131.285379  16818.283808    318.175814  4  5  6  70       
*  2020  7 17  2 30  0.00000000
PG01 -14001.066172   5269.526507  21683.300981     26.196765  4  6  6  81       
PG02  13569.318544  17354.339546 -14231.407017   -488.371720  5  1  5  67       
PG03 -22936.635079  11142.174888   7167.722722   -241.998716  9  8  7  76       
PG04 -20951.351780   2767.900216 -16096.389382   -113.355457  8  7  6  94       
PG05  16203.499218   5593.702369 -20480.574692    -16.824413  5  5  5  80       
PG06   6390.121699  25303.283712  -4758.946494   -304.033279  3  5  6  72       
PG07  -6652.734653  21869.078184 -12778.524838   -328.951459  5  6  4  92       
PG08 -25330.860398  -5441.250434   6448.066157    -41.222850  5  6  2  77       
PG09 -10874.720119  11862.645623 -21181.383153   -254.876178  2  6  4  93       
PG10   4725.058640 -19075.343381  17840.016223   -401.715627  7  4  3  67       
PG11 -18878.630289  -3436.579268  17745.565670   -219.073741  5  5  6 106       
PG12  23549.827172  -9527.248583   7245.869876     92.759379  7  6  6  60       
PG13  22953.728143  13473.141493   -151.829028     27.392818  4  5  5  90       
PG14 -14413.352508 -18144.044084  13499.393699      1.906425  5  7  6  70       
PG15  25753.985100   2748.824079   6395.370669   -217.046902  7  4  1  86       
PG16 -17736.458003  -4495.779959 -19629.765296   -183.678423  7  8  6  92       
PG17   6267.327342  17483.418669  19427.591486    297.027260  6  4  5  73       
PG18   6769.164557 -22194.777640 -12908.985768    248.042718 10  9  9  66       
PG19  13733.223107  17962.725225  13671.815651   -131.049046  5  4  6  80       
PG20  13499.786491 -21387.530713   7637.219398    527.269763  6  8  4  77       
PG21  -7170.003480 -25653.189228   3020.782543     24.565422  6  6  7  64       
PG22 -21819.185713   5520.014316  14196.272296   -771.512989  6  7  5 104       
PG23  13444.447015 -20241.978026  10693.188378      4.758766  7 10 14  83       
PG24  15327.404754  -3185.491190  21251.333714    -15.765076  4  4  3  90       
PG25  20041.654509 -17096.974381  -2243.703996     24.149568  7  7  4  89       
PG26  -6754.197150 -14324.344155 -21332.554689    244.668933  7  6  6  77       
PG27 -23118.334691 -12807.275336  -4225.260152   -347.730305  4  5  8  75       
PG28  -4733.554816  18277.555839  19322.200093    698.854819  6  8  4  75       
PG29  15288.542350  -7461.322329 -20453.403908   -151.957797  5  7  5  81       
PG30    106.494255  26249.405284  -3126.602176   -263.531111  4  6  4  58       
PG31  -7103.025677 -24468.274707  -6648.880222    -56.088416  6  5  3  55       
PG32  -8096.364923 -17440.610416  18473.441872    318.181331  4  5  6  49       
*  2020  7 17  2 45  0.00000000
PG01 -14407.475450   2760.931445  21907.701516     26.200341  4  6  5  77       
PG02  13713.904473  18956.266114 -11974.251043   -488.376998  4     5  63       
PG03 -22316.956228  10346.170214   9813.622742   -242.009100  9  8  7  91       
PG04 -22470.007813   1927.997156 -14044.176515   -113.359633  8  7  6  70       
PG05  14463.600724   7185.267483 -21259.557366    -16.825032  5  5  5  90       
PG06   6252.261470  25716.037851  -1895.470888   -304.037816  3  5  6  91       
PG07  -7142.103120  20268.035271 -14962.195774   -328.959218  5  6  4 100       
PG08 -25798.383584  -5830.968253   3667.831508    -41.225122  5  6  2  66       
PG09 -13076.001602  10977.813958 -20399.083815   -254.881933  2  6  4  90       
PG10   6323.517435 -20168.262004  16021.322177   -401.725193  7  4  3  72       
PG11 -19878.277043  -5245.680716  16154.028885   -219.064108  5  5  6  96       
PG12  22837.057831  -8778.215280   9912.638084     92.754903  7  6  6  88       
PG13  22698.506408  13594.333033  -3007.539857     27.396040  3  4  5  69       
PG14 -12891.300809 -17605.631799  15623.230194      1.908644  5  7  6  97       
PG15  26263.763463   3208.047415   3707.256868   -217.044294  7  4  1  92       
PG16 -15899.648500  -5802.468535 -20799.298727   -183.682930  7  8  6  88       
PG17   4226.884436  16642.085406  20699.910577    297.032696  6  4  4  68       
PG18   7169.131461 -20632.779680 -15102.759227    248.051141 10  9  9  84       
PG19  12123.083937  17314.002669  15812.520439   -131.044355  6  4  6  54       
PG20  14246.752815 -21696.027208   4946.737312    527.269817  6  8  4  94       
PG21  -6949.776729 -25808.558700    204.260663     24.569795  5  7  7  85       
PG22 -20751.763788   4153.056607  16168.121334   -771.510584  5  7  5  91       
PG23  14415.594445 -20767.154409   8117.822690      4.774607  9 10 14  83       
PG24  15862.888830   -769.956841  21117.398770    -15.765140  5  5  3  89       
PG25  20258.612943 -16935.432689    634.540914     24.153629  6  7  4  93       
PG26  -4891.276466 -15851.773026 -20731.568039    244.675069  7  6  6  87       
PG27 -22478.820446 -12748.507992  -7000.282303   -347.738954  5  5  8  77       
PG28  -6453.655930  19310.799065  17715.540071    698.851868  6  8  4  86       
PG29  17295.405962  -6439.289015 -19161.945416   -151.965367  6  7  5  72       
PG30   -286.492024  25768.398116  -5885.300226   -263.538050  4  6  4  49       
PG31  -6892.164084 -25105.719151  -3859.879994    -56.090643  6  5  3  80       
PG32  -6022.618015 -16787.998668  19814.409483    318.186893  4  4  5  60       
*  2020  7 17  3  0  0.00000000
PG01 -14950.209888    277.948272  21746.768480     26.203839  5  6  5  71       
PG02  13866.113842  20283.220694  -9504.395035   -488.381982  4  1  5  72       
PG03 -21525.021130   9322.080140  12289.161377   -242.019525  9  8  7  47       
PG04 -23798.238798   1250.302665 -11750.476953   -113.363844  8  8  6  59       
PG05  12758.698196   8912.256017 -21678.354985    -16.825789  5  4  5  80       
PG06   6066.926619  25816.146517   1000.736538   -304.042341  4  5  5  86       
PG07  -7757.687751  18462.404599 -16877.191174   -328.966891  5  6  4 105       
PG08 -25982.918618  -6104.024686    825.465162    -41.226395  5  6  3  55       
PG09 -15216.118667  10237.282427 -19267.383053   -254.887697  2  6  3  90       
PG10   7700.462234 -21194.507014  13925.745658   -401.734778  6  5  4  89       
PG11 -20829.082298  -6854.435535  14271.112223   -219.054948  5  5  6  90       
PG12  21934.802902  -7806.750832  12405.628221     92.750844  7  6  5  88       
PG13  22160.683730  13593.659557  -5811.891582     27.399214  3  5  4  71       
PG14 -11138.387226 -17064.129140  17486.427491      1.911217  4  6  6  62       
PG15  26496.355462   3577.989896    956.418107   -217.042176  7  4  2  84       
PG16 -14048.018522  -7279.380422 -21621.033403   -183.686931  7  8  6  84       
PG17   2028.737009  15874.747188  21629.131042    297.037801  6  4  5  55       
PG18   7695.216096 -18864.718850 -17036.495628    248.059552 10  9  9  95       
PG19  10266.964218  16663.692735  17676.015865   -131.039845  6  5  6  52       
PG20  14778.407475 -21802.164037   2169.775187    527.269623  6  8  4  94       
PG21  -6643.289316 -25673.148719  -2615.641780     24.573427  6  7  7  73       
PG22 -19611.667512   2587.885986  17864.002622   -771.508387  5  7  5  65       
PG23  15141.413864 -21134.992391   5402.598809      4.790410 10 11 14  95       
PG24  16502.175289   1578.561012  20614.418866    -15.764638  5  5  3  88       
PG25  20242.806507 -16563.226518   3501.654470     24.157486  6  7  3  90       
PG26  -3167.849048 -17409.746338 -19773.524108    244.681262  8  6  7  79       
PG27 -21546.388380 -12633.418153  -9657.678078   -347.747563  5  5  7  71       
PG28  -7961.132355  20322.100403  15818.299161    698.848136  6  9  5  87       
PG29  19203.035088  -5591.840949 -17542.378747   -151.973021  5  7  5  82       
PG30   -757.518424  25004.580390  -8541.240961   -263.544952  4  6  4  75       
PG31  -6652.513885 -25436.168541  -1002.619790    -56.093024  6  6  2  72       
PG32  -3790.938396 -16204.553864  20818.196381    318.192441  4  4  5  73       
*  2020  7 17  3 15  0.00000000
PG01 -15616.155193  -2129.309720  21204.445176     26.207414  5  6  4  78       
PG02  13988.530604  21321.258477  -6866.857158   -488.387279  4  1  5  68       
PG03 -20601.500895   8063.283436  14551.306904   -242.030005  9  8  7  81       
PG04 -24898.902387    716.101741  -9254.780306   -113.367992  8  8  5  79       
PG05  11125.982922  10745.559193 -21729.392168    -16.826490  5  4  5  93       
PG06   5795.997207  25611.324676   3879.684627   -304.046869  4  5  5  69       
PG07  -8515.243515  16494.669566 -18489.280342   -328.974791  5  6  4  93       
PG08 -25869.115242  -6295.177768  -2030.882348    -41.228168  5  6  4  84       
PG09 -17248.677011   9639.451290 -17805.618938   -254.893480  2  7  2  90       
PG10   8849.337940 -22110.393629  11588.983506   -401.744241  6  5  4  75       
PG11 -21691.494992  -8249.971424  12131.257582   -219.045517  5  5  6  96       
PG12  20884.180429  -6603.268433  14680.746043     92.746291  6  6  5  81       
PG13  21334.088463  13508.973430  -8517.108500     27.401987  3  5  4  88       
PG14  -9178.625279 -16555.499423  19058.388808      1.913899  4  6  6  91       
PG15  26441.061923   3891.362126  -1810.559178   -217.039788  6  5  3  80       
PG16 -12225.072296  -8906.908587 -22080.279237   -183.691449  7  8  5  96       
PG17   -288.477626  15209.378318  22200.323943    297.043106  6  4  4  88       
PG18   8365.065842 -16931.312468 -18676.995167    248.067979 10  9  9  98       
PG19   8191.296567  16050.235459  19228.819700   -131.035121  6  5  6  32       
PG20  15116.331898 -21677.884279   -645.102524    527.268956  6  8  5  95       
PG21  -6215.905879 -25258.315504  -5390.892097     24.577852  6  7  7  98       
PG22 -18439.481396    837.741302  19255.711807   -771.505700  5  7  4 106       
PG23  15635.635034 -21309.495742   2594.322654      4.806200 11 12 14  82       
PG24  17226.157233   3816.780703  19752.405593    -15.765894  5  5  3  83       
PG25  20022.802817 -15955.780384   6307.297290     24.161342  5  6  4  82       
PG26  -1607.462298 -18957.652186 -18474.284067    244.687418  7  7  7  88       
PG27 -20328.149809 -12501.618543 -12152.893744   -347.756175  5  5  7  87       
PG28  -9242.879676  21269.132493  13660.627497    698.844956  5  9  5 112       
PG29  20964.305270  -4913.713007 -15622.414567   -151.980599  5  7  5  88       
PG30  -1336.088641  23980.250674 -11048.067240   -263.551851  4  6  4  89       
PG31  -6346.909541 -25460.990559   1872.383158    -56.095449  6  6  1  82       
PG32  -1440.463773 -15715.690035  21467.459647    318.198026  4  4  5  67       
*  2020  7 17  3 30  0.00000000
PG01 -16384.353446  -4414.234576  20291.441760     26.210946  5  6  4  88       
PG02  14043.031954  22065.679256  -4109.032360   -488.392252  4  2  5  79       
PG03 -19589.159751   6571.746489  16560.750905   -242.040319  8  7  7  93       
PG04 -25740.675181    300.321792  -6600.025561   -113.372149  8  8  5  67       
PG05   9597.534557  12650.042176 -21411.229295    -16.826875  5  4  6  88       
PG06   5404.057208  25118.097164   6691.743185   -304.051406  5  5  5  73       
PG07  -9422.866253  14411.282895 -19769.946719   -328.982547  5  6  4 100       
PG08 -25450.015614  -6441.660928  -4852.822482    -41.229557  6  5  4  56       
PG09 -19129.353587   9174.914601 -16038.765196   -254.899249  2  7     85       
PG10   9772.154362 -22873.344924   9051.096468   -401.753818  6  6  4  76       
PG11 -22426.404421  -9427.732025   9773.569052   -219.035770  6  4  6  67       
PG12  19729.153301  -5166.964609  16697.661360     92.741950  6  6  5  74       
PG13  20221.215861  13379.406424 -11077.202618     27.405402  3  5  4  72       
PG14  -7042.851009 -16111.512308  20313.289797      1.916342  4  6  5  70       
PG15  26095.047648   4182.496658  -4547.183958   -217.037475  6  6  4  69       
PG16 -10470.948299 -10657.863653 -22168.199049   -183.695676  7  9  5  95       
PG17  -2681.528632  14667.125044  22404.281146    297.048011  6  4  5  91       
PG18   9188.864589 -14877.225347 -19996.126532    248.076341 10  9  9  97       
PG19   5930.434632  15507.745401  20442.873206   -131.030563  6  6  6  84       
PG20  15288.012193 -21301.496246  -3448.730331    527.269348  6  7  5 104       
PG21  -5636.627242 -24583.264092  -8073.331800     24.581550  6  7  7  86       
PG22 -17273.814833  -1076.716979  20320.290543   -771.503467  5  7  4  88       
PG23  15919.412257 -21259.472709   -258.625350      4.821970 12 13 13  76       
PG24  18009.367839   5906.083090  18547.604666    -15.765996  5  5  2  84       
PG25  19632.753943 -15095.902538   9001.981115     24.165143  5  6  4  80       
PG26   -226.149119 -20452.319192 -16855.681172    244.693585  7  7  7  92       
PG27 -18839.746080 -12391.347034 -14444.071636   -347.764772  5  5  7  68       
PG28 -10293.872018  22108.772031  11277.043461    698.841710  6  9  5 100       
PG29  22535.166378  -4391.467835 -13434.889582   -151.987928  5  7  5  79       
PG30  -2046.899107  22724.805981 -13362.081264   -263.558724  4  6  4  91       
PG31  -5939.914358 -25190.648603   4714.217657    -56.097749  6  6     60       
PG32    985.199075 -15340.141369  21750.805978    318.203606  4  4  4  74       
*  2020  7 17  3 45  0.00000000
PG01 -17226.859273  -6535.332233  19024.953651     26.214483  5  6  5  85       
PG02  13992.452468  22520.926594  -1279.745394   -488.397293  4  2  5  83       
PG03 -18531.151412   4858.151645  18282.611075   -242.050737  8  7  7 105       
PG04 -26299.211084    -27.300720  -3831.862694   -113.376347  8  7  4  54       
PG05   8199.216153  14585.709504 -20728.624358    -16.827674  5  5  6  97       
PG06   4859.961247  24361.110424   9388.503649   -304.055945  5  5  5  95       
PG07 -10480.511947  12260.899030 -20696.931976   -328.990321  5  6  4  97       
PG08 -24727.368351  -6581.586023  -7592.510812    -41.230977  5  5  5  67       
PG09 -20817.454360   8826.957485 -13997.014465   -254.905036  2  7     86       
PG10  10479.239708 -23443.591685   6355.831581   -401.763383  6  6  5  77       
PG11 -22996.761526 -10391.393921   7240.974308   -219.026349  6  4  6  48       
PG12  18514.772600  -3506.086547  18420.584796     92.737421  5  6  5  73       
PG13  18833.239426  13243.722606 -13448.727048     27.408143  4  5  4  78       
PG14  -4767.751599 -15758.529913  21230.442361      1.918922  4  6  5  89       
PG15  25463.415246   4485.861737  -7207.783524   -217.035423  5  6  4  71       
PG16  -8821.016446 -12498.298313 -21882.019835   -183.700117  7  9  5 102       
PG17  -5103.996932  14261.557489  22237.633642    297.053533  6  4  5 106       
PG18  10168.788782 -12749.470859 -20971.303583    248.084777 10  9  8  97       
PG19   3525.523022  15064.584286  21296.118155   -131.025802  6  6  6  94       
PG20  15325.569444 -20658.633293  -6192.239102    527.268750  6  7  6  94       
PG21  -4879.565125 -23674.425636 -10615.517210     24.585559  6  7  7  99       
PG22 -16149.874543  -3128.025736  21040.354184   -771.501122  5  7  4  98       
PG23  16020.328549 -20959.844928  -3107.127200      4.837739 13 14 13  92       
PG24  18821.010204   7813.776060  17022.119020    -15.766138  5  5  2  84       
PG25  19110.947486 -13974.682891  11538.005396     24.168962  4  5  5  73       
PG26    968.030978 -21849.613076 -14945.182468    244.699767  7  7  7  61       
PG27 -17104.889285 -12337.898680 -16492.698752   -347.773426  6  4  7  99       
PG28 -11117.236020  22798.699625   8706.009674    698.838166  5  9  5 113       
PG29  23876.233170  -4004.179061 -11017.215613   -151.995569  5  8  4  71       
PG30  -2908.663631  21273.624493 -15443.035502   -263.565600  4  7  4  68       
PG31  -5399.455876 -24644.238472   7472.557442    -56.099904  6  6     81       
PG32   3439.430126 -15089.234801  21663.001914    318.209177  5  3  4  71       
*  2020  7 17  4  0  0.00000000
PG01 -18109.878024  -8457.608769  17428.262325     26.217940  4  6  5  75       
PG02  13802.177832  22700.137155   1571.672769   -488.402348  5  3  5  79       
PG03 -17469.313405   2941.683293  19687.052139   -242.061176  8  7  7  94       
PG04 -26558.042931   -300.851815   -997.869108   -113.380515  8  7  4  24       
PG05   6949.806745  16509.068716 -19692.499139    -16.828158  5  5  6  89       
PG06   4138.233931  23372.143682  11923.613734   -304.060468  6  6  5  83       
PG07 -11679.871463  10092.534151 -21254.631282   -328.998000  5  7  4  99       
PG08 -23711.629931  -6752.315350 -10203.422859    -41.232111  5  5  5  61       
PG09 -22277.344162   8572.342960 -11715.273798   -254.910785  2  7     94       
PG10  10988.665702 -23785.786192   3549.865136   -401.772724  6  6  5  69       
PG11 -23369.110445 -11152.438493   4579.316232   -219.016568  6  3  6  80       
PG12  17285.382879  -1637.833193  19818.959571     92.733151  5  5  4  76       
PG13  17189.704238  13138.699499 -15591.482593     27.411053  4  6  3  78       
PG14  -2394.690627 -15516.501520  21794.590905      1.921548  4  6  4  88       
PG15  24559.002262   4834.590242  -9748.193973   -217.033062  5  7  5  73       
PG16  -7304.645614 -14388.598001 -21225.162156   -183.704387  7  9  5 104       
PG17  -7507.792860  13998.201587  21702.900214    297.058976  5  5  5  80       
PG18  11298.782067 -10595.733215 -21585.865509    248.093192  9  9  8  87       
PG19   1023.084583  14742.172247  21772.959023   -131.021350  6  6  6  77       
PG20  15264.317567 -19742.929565  -8827.940957    527.269207  6  7  7  79       
PG21  -3925.265280 -22564.544465 -12971.609609     24.589445  6  7  8  94       
PG22 -15098.187634  -5282.790647  21404.327837   -771.498702  4  7  3  90       
PG23  15971.159436 -20392.729331  -5902.174928      4.853498 14 15 12  63       
PG24  19626.196933   9514.111893  15203.435411    -15.766905  5  5  2  82       
PG25  18498.190258 -12592.067041  13870.372211     24.172768  4  5  5  70       
PG26   1975.136847 -23106.093722 -12775.444187    244.705959  7  8  8  83       
PG27 -15154.616889 -12372.174226 -18264.208422   -347.782046  6  5  6  98       
PG28 -11724.036682  23299.009391   5989.440282    698.834918  5  9  5  98       
PG29  24954.209977  -3724.407771  -8410.751697   -152.003438  5  8  4  86       
PG30  -3933.181821  19666.725007 -17254.854544   -263.572485  4  7  5  91       
PG31  -4698.326342 -23848.682034  10098.628943    -56.102053  6  6     88       
PG32   5874.171158 -14966.453826  21205.087584    318.214721  5  3  3  73       
*  2020  7 17  4 15  0.00000000
PG01 -18995.134681 -10153.683752  15530.232621     26.221370  4  6  5  66       
PG02  13441.606388  22624.373563   4396.265239   -488.407700  5  3  5  90       
PG03 -16442.527687    849.479540  20749.812859   -242.071643  7  7  7 100       
PG04 -26509.193064   -556.723396   1853.265677   -113.384694  8  7  3  49       
PG05   5860.405499  18374.644278 -18319.807154    -16.828775  5  5  7  79       
PG06   3220.247228  22188.859283  14253.571505   -304.064936  6  6  5  95       
PG07 -13004.603142   7953.735685 -21434.332610   -329.005670  5  7  4  93       
PG08 -22421.652460  -6988.862777 -12641.113303    -41.234332  5  5  5  99       
PG09 -23479.694536   8382.358238  -9232.579969   -254.916564  2  7     88       
PG10  11325.364763 -23870.463698    681.979370   -401.782324  6  6  5  85       
PG11 -23514.963917 -11729.405138   1836.403309   -219.007027  6  3  6  35       
PG12  16082.864656    412.108808  20868.050895     92.729112  5  5  4  88       
PG13  15317.914865  13097.598032 -17469.168104     27.414229  4  6  2  87       
PG14     31.630310 -15398.200298  21996.139643      1.923794  4  6  4  74       
PG15  23401.913445   5259.075210 -12126.412670   -217.030414  5  7  4  68       
PG16  -5944.188736 -16284.804498 -20207.280543   -183.708754  7  9  5  89       
PG17  -9844.736582  13874.366401  20808.466192    297.064210  5  5  5  82       
PG18  12564.657237  -8462.675200 -21829.354648    248.101604  9  9  7  87       
PG19  -1526.618872  14554.090752  21864.596309   -131.016438  6  7  6  98       
PG20  15141.209004 -18556.385485 -11310.183203    527.269198  5  7  7  84       
PG21  -2761.815391 -21291.496891 -15098.297382     24.593609  6  7  8  80       
PG22 -14143.519870  -7502.776251  21406.590896   -771.496058  4  6  2  84       
PG23  15808.445415 -19548.251111  -8595.713999      4.869253 14 17 11  70       
PG24  20387.346534  10989.023654  13123.868873    -15.768305  5  6  2  78       
PG25  17836.091653 -10957.077847  15957.656884     24.176573  4  4  5  71       
PG26   2803.168702 -24180.667927 -10383.766312    244.712121  6  8  8  88       
PG27 -13026.285797 -12519.396788 -19728.528679   -347.790609  7  5  5  93       
PG28 -12132.774589  23573.773690   3172.137346    698.831690  5  9  5  97       
PG29  25743.095400  -3519.434830  -5660.108875   -152.011029  4  8  5  58       
PG30  -5124.689136  17947.258148 -18766.273486   -263.579371  4  7  5  76       
PG31  -3815.482940 -22837.612873  12546.143628    -56.104176  5  6     74       
PG32   8241.562688 -14967.311602  20384.390514    318.220309  5  3  3  71       
*  2020  7 17  4 30  0.00000000
PG01 -19841.414320 -11604.592961  13364.722204     26.224860  4  6  6  71       
PG02  12885.426196  22321.584824   7146.270968   -488.412882  5  3  5  96       
PG03 -15485.212935  -1384.229075  21452.629214   -242.082095  7  7  6 102       
PG04 -26153.469738   -832.007822   4672.573223   -113.388824  8  7  3  75       
PG05   4934.132105  20136.587500 -16633.301913    -16.829573  5  5  7  85       
PG06   2095.130354  20853.341808  16338.465396   -304.069429  6  6  5 107       
PG07 -14430.908468   5888.840865 -21234.298863   -329.013478  5  7  3 106       
PG08 -20884.067779  -7322.383471 -14863.948210    -41.235016  4  4  5 117       
PG09 -24402.502061   8224.080508  -6591.443489   -254.922372  2  7     74       
PG10  11519.972829 -23675.290515  -2197.811596   -401.791966  6  6  6  88       
PG11 -23411.965695 -12146.866799   -938.952978   -218.997425  6  4  6  63       
PG12  14944.988258   2610.377041  21549.418298     92.724544  5  5  4  78       
PG13  13252.041302  13148.778015 -19049.966180     27.417218  5  6  2 100       
PG14   2464.629081 -15408.727885  21831.309339      1.926558  4  6  3  86       
PG15  22018.808120   5785.679692 -14303.208311   -217.028058  4  7  5  90       
PG16  -4754.226703 -18140.129848 -18844.207993   -183.713186  7  9  5 107       
PG17 -12068.149645  13879.273501  19568.491419    297.069223  5  5  5 112       
PG18  13944.521521  -6394.295864 -21697.687884    248.109935  9  8  6 106       
PG19  -4071.385270  14505.517823  21569.220458   -131.012058  5  7  6 102       
PG20  14993.232577 -17109.409973 -13596.154219    527.268491  5  7  7  93       
PG21  -1385.678148 -19896.877576 -16955.727386     24.597546  6  7  7  45       
PG22 -13304.026057  -9746.173804  21047.531123   -771.493688  4  6  2  89       
PG23  15570.929279 -18425.056326 -11141.467896      4.884955 14 16 11  72       
PG24  21065.679205  12228.558960  10819.939934    -15.768948  4  6  3  91       
PG25  17165.319256  -9087.671345  17762.812277     24.180400  4  3  5  70       
PG26   3467.573988 -25036.172030  -7811.454345    244.718246  6  8  8  87       
PG27 -10762.340022 -12798.043019 -20860.570969   -347.799170  7  5  5 113       
PG28 -12368.603298  23592.506710    301.155587    698.828043  4  9  4  92       
PG29  26225.121018  -3352.701823  -2812.398513   -152.018388  4  8  5  35       
PG30  -6479.514400  16159.890918 -19951.380721   -263.586282  4  7  5  83       
PG31  -2737.091845 -21650.002882  14772.171922    -56.106449  5  6     81       
PG32  10495.582564 -15079.540169  19214.437176    318.225921  5  3  3  73       
*  2020  7 17  4 45  0.00000000
PG01 -20606.209972 -12800.256480  10969.919522     26.228358  4  6  6  75       
PG02  12114.666150  21825.345786   9775.877280   -488.417823  5  3  5  80       
PG03 -14626.008293  -3719.259718  21783.546242   -242.092525  6  7  6  78       
PG04 -25500.438248  -1162.866244   7411.643111   -113.392985  8  7  3  68       
PG05   4166.137666  21750.323488 -14661.205380    -16.830380  4  5  7  56       
PG06    760.377355  19410.483310  18142.648052   -304.073883  6  6  5  94       
PG07 -15928.420302   3937.397579 -20659.697231   -329.021622  4  8  3  99       
PG08 -19132.388743  -7778.808904 -16833.799822    -41.236462  4  5  5 111       
PG09 -25031.838073   8061.813703  -3837.131487   -254.928169  2  7     83       
PG10  11607.443505 -23186.045606  -5039.169103   -401.801575  6  6  6  73       
PG11 -23044.795291 -12434.180177  -3697.887287   -218.988199  6  5  6  73       
PG12  13903.948449   4917.060351  21851.259477     92.720307  4  5  4  88       
PG13  11031.976281  13314.510274 -20307.056776     27.420171  5  6  2  80       
PG14   4857.371280 -15545.304625  21302.221453      1.929397  5  6  3  90       
PG15  20441.969722   6435.603854 -16242.685145   -217.025795  4  7  4  82       
PG16  -3741.104575 -19906.609428 -17157.798325   -183.717768  6  9  6 105       
PG17 -14134.405256  13994.486236  18002.745955    297.074091  5  5  5  91       
PG18  15409.508895  -4430.400484 -21193.219361    248.118302  8  8  6  85       
PG19  -6558.955378  14593.021483  20892.059837   -131.007440  5  7  6  82       
PG20  14855.828956 -15420.540103 -15646.626104    527.269078  5  7  7  77       
PG21    197.802180 -18424.403136 -18508.418044     24.601638  6  7  7  30       
PG22 -12590.660850 -11969.000569  20333.510061   -771.491318  4  6  1  85       
PG23  15297.919565 -17030.504392 -13495.729736      4.900697 13 15 11  92       
PG24  21622.752672  13231.001809   8331.699369    -15.768935  4  6  3  63       
PG25  16523.901290  -7010.230231  19253.886165     24.184229  3  2  4  85       
PG26   3990.454063 -25640.820390  -5103.098813    244.724338  5  9  8  79       
PG27  -8408.893832 -13219.028270 -21640.652854   -347.807672  7  6  4 106       
PG28 -12462.285796  23331.470577  -2574.903162    698.824646  4  9  4  93       
PG29  26391.387894  -3185.405328     83.563995   -152.026122  3  7  5  51       
PG30  -7986.057582  14349.149996 -20790.055675   -263.593203  3  7  5  74       
PG31  -1457.272235 -20328.590138  16737.938046    -56.108904  5  6     82       
PG32  12593.625175 -15283.590962  17714.761259    318.231509  6  3  3  62       
*  2020  7 17  5  0  0.00000000
PG01 -21247.411620 -13739.602134   8387.626680     26.231819  4  5  6  76       
PG02  11117.490950  21173.431760  12241.896647   -488.422805  5  3  5  83       
PG03 -13886.700249  -6110.851025  21737.113464   -242.102982  6  7  6  72       
PG04 -24568.068145  -1582.934252  10023.449506   -113.397115  8  6  3  75       
PG05   3543.928963  23174.173412 -12436.778148    -16.830894  5  6  7  77       
PG06   -777.870560  17906.277502  19635.333334   -304.078391  6  6  5  97       
PG07 -17461.359694   2132.810813 -19722.385070   -329.029386  4  8  2  93       
PG08 -17205.858726  -8377.679253 -18516.693462    -41.237851  4  5  5  95       
PG09 -25362.300681   7858.640957  -1016.900853   -254.933977  2  7  1  63       
PG10  11625.489451 -22397.293166  -7792.351544   -401.810975  6  6  7  77       
PG11 -22405.783979 -12624.071074  -6392.392535   -218.978425  6  6  5  66       
PG12  12985.141186   7287.094194  21768.617925     92.715969  4  6  4 100       
PG13   8701.985979  13610.029217 -21219.052200     27.423162  5  6  3  75       
PG14   7164.118406 -15797.354503  20416.907243      1.931964  4  6  4  66       
PG15  18708.190700   7223.946585 -17912.798505   -217.023448  4  7  4  69       
PG16  -2902.784166 -21536.835688 -15175.661338   -183.721820  6  9  6  75       
PG17 -16004.385189  14194.627541  16136.371636    297.079478  5  5  5  94       
PG18  16924.791306  -2605.240619 -20324.693960    248.126690  8  8  5  82       
PG19  -8938.900887  14804.721199  19845.280657   -131.002983  5  7  6  76       
PG20  14761.387294 -13515.851762 -17426.620936    527.268739  5  7  7  77       
PG21   1974.259357 -16918.195499 -19726.122869     24.605970  6  7  7  74       
PG22 -12006.868997 -14126.580311  19276.742076   -771.488834  4  6  1  61       
PG23  15027.643909 -15380.533027 -15618.107520      4.916300 13 15 10  10       
PG24  22021.979189  14002.685143   5702.014805    -15.769101  4  6  2  58       
PG25  15945.648805  -4758.714510  20404.633535     24.188055  3  2  3  68       
PG26   4399.502227 -25969.460268  -2305.785518    244.730423  5  8  8  86       
PG27  -6014.178817 -13785.177144 -22054.848237   -347.816212  7  6  4  98       
PG28 -12448.919432  22774.769515  -5406.661681    698.821202  4  8  4  77       
PG29  26242.175962  -2978.183155   2978.087323   -152.033753  3  7  5  50       
PG30  -9625.087292  12557.790073 -21268.294726   -263.600191  3  6  5  75       
PG31     21.489519 -18918.176589  18409.518161    -56.110748  5  6     52       
PG32  14497.961568 -15553.429984  15910.609116    318.237074  5  3  3  81       
*  2020  7 17  5 15  0.00000000
PG01 -21724.970782 -14430.347827   5662.503143     26.235321  5  5  7  71       
PG02   9889.720928  20406.286274  14504.364885   -488.427991  5  3  6  72       
PG03 -13281.434112  -8511.216093  21314.461388   -242.113432  5  7  6  77       
PG04 -23382.070245  -2121.826841  12463.153447   -113.401277  8  7  3  13       
PG05   3047.997107  24370.889895  -9997.794732    -16.831757  4  6  7  91       
PG06  -2504.878218  16386.088680  20791.107402   -304.082860  5  6  4  81       
PG07 -18989.906727    501.265460 -18440.565669   -329.036912  3  8  2  86       
PG08 -15148.089788  -9131.218721 -19883.396184    -41.239636  5  5  4 108       
PG09 -25397.151152   7578.032755   1820.805984   -254.939761  2  7  1  87       
PG10  11612.914942 -21312.716550 -10409.130363   -401.820483  6  6  7  79       
PG11 -21495.225236 -12751.119666  -8976.175245   -218.968873  6  6  5  84       
PG12  12206.232865   9671.865856  21303.450597     92.711683  4  6  4  88       
PG13   6309.203303  14042.860930 -21770.347876     27.426455  5  6  3  64       
PG14   9341.843763 -16146.884780  19189.239040      1.934394  4  6  4  81       
PG15  16857.511103   8158.992378 -19285.819051   -217.020973  4  7  3  70       
PG16  -2229.025919 -22985.708467 -12930.787478   -183.726540  7  8  6 104       
PG17 -17644.793037  14448.365846  13999.567447    297.084494  5  5  4  92       
PG18  18450.830155   -946.375379 -19107.092771    248.134977  8  7  6  89       
PG19 -11164.437719  15120.810292  18447.741273   -130.998266  4  7  5 104       
PG20  14737.882349 -11428.087526 -18905.990087    527.269111  4  7  7  65       
PG21   3920.554891 -15421.018182 -20584.610913     24.609765  6  7  7  46       
PG22 -11548.564376 -16175.052445  17895.089751   -771.486703  4  7  1  62       
PG23  14795.656421 -13499.201081 -17472.210721      4.931992 13 14 10           
PG24  22230.067405  14557.508102   2975.832589    -15.769790  3  7  3  65       
PG25  15458.765284  -2373.504510  21195.008782     24.191908  3  2  2  69       
PG26   4726.715211 -26004.580953    531.748351    244.736532  5  8  8  77       
PG27  -3626.908592 -14491.001684 -22095.258665   -347.824772  7  7  3 105       
PG28 -12366.469375  21915.181729  -8144.797814    698.817771  3  8  4  96       
PG29  25786.913681  -2692.827396   5821.450601   -152.041292  2  7  5  74       
PG30 -11370.344417  10825.251574 -21378.421345   -263.607111  3  6  4  67       
PG31   1688.270066 -17463.868676  19758.427932    -56.113012  5  6     57       
PG32  16177.024371 -15857.599543  13832.544512    318.242634  5  4  4  54       
*  2020  7 17  5 30  0.00000000
PG01 -22002.478248 -14888.458977   2841.285263     26.238777  5  5  7  86       
PG02   8435.068357  19565.439605  16527.060872   -488.433189  5  4  6  78       
PG03 -12816.239821 -10871.213453  20523.259026   -242.123855  4  7  7  90       
PG04 -21974.948959  -2803.800845  14688.867465   -113.405490  8  7  4  47       
PG05   2652.729566  25309.045134  -7385.929521    -16.832262  4  6  6  54       
PG06  -4397.702649  14892.961570  21590.346508   -304.087297  5  6  4  89       
PG07 -20471.723556   -939.038028 -16838.330174   -329.044941  3  7  3  90       
PG08 -13005.538081 -10043.691115 -20909.936953    -41.240515  5  5  4 100       
PG09 -25148.128702   7185.448262   4627.189306   -254.945641  2  7  2  75       
PG10  11607.908536 -19945.097803 -12843.680188   -401.829965  6  6  7  65       
PG11 -20321.376757 -12850.211489 -11405.438566   -218.959213  6  7  5  83       
PG12  11576.559161  12020.962227  20464.555872     92.707332  4  6  5  81       
PG13   3902.018465  14612.451979 -21951.384100     27.429089  5  6  4  72       
PG14  11351.663903 -16569.150948  17638.780726      1.937028  4  6  4  64       
PG15  14931.853226   9241.747229 -20338.743170   -217.018816  5  7  2  79       
PG16  -1701.900672 -24212.134199 -10461.061166   -183.731011  7  8  6  69       
PG17 -19029.276522  14719.639526  11627.196837    297.089730  4  5  4  76       
PG18  19944.820183    526.203509 -17561.373419    248.143402  7  7  6  86       
PG19 -13194.088293  15514.415908  16724.607752   -130.993855  4  7  5  82       
PG20  14807.704430  -9195.538325 -20059.898352    527.268704  4  7  7  78       
PG21   6005.422717 -13972.546032 -21066.330374     24.613961  6  7  7  59       
PG22 -11204.397346 -18072.856637  16211.778654   -771.484065  4  7  2  40       
PG23  14633.360601 -11417.926738 -19026.266970      4.947734 12 14  9  57       
PG24  22218.337279  14916.181979    199.427237    -15.770570  3  7  3  38       
PG25  15084.702644    100.014761  21611.526531     24.195754  3  3  1  61       
PG26   5006.930134 -25737.034682   3359.995301    244.742715  5  8  8  55       
PG27  -1294.618596 -15322.799201 -21760.199266   -347.833326  7  7  4  94       
PG28 -12254.160880  20754.685378 -10740.922394    698.814275  3  8  4  82       
PG29  25043.808192  -2293.957768   8564.753999   -152.049042  2  6  5  67       
PG30 -13189.426062   9186.267547 -21119.179180   -263.613939  3  6  4  65       
PG31   3523.982834 -16009.334939  20762.089586    -56.115375  5  5     69       
PG32  17606.467210 -16160.507804  11515.956673    318.248246  5  4  4  76       
*  2020  7 17  5 45  0.00000000
PG01 -22048.597824 -15137.308592    -28.004636     26.242245  6  6  6  69       
PG02   6765.091555  18691.933579  18277.950039   -488.438147  5  4  6  83       
PG03 -12488.888934 -13142.070525  19377.554790   -242.134381  3  7  7  83       
PG04 -20384.806277  -3646.626889  16662.369795   -113.409608  8  7  5  43       
PG05   2327.572939  25964.215680  -4646.061253    -16.832712  5  6  6  75       
PG06  -6425.897040  13466.036253  22019.535740   -304.091818  5  5  3  88       
PG07 -21863.563855  -2178.313740 -14945.103864   -329.052939  2  7  3  77       
PG08 -10825.871772 -11111.063272 -21578.048483    -41.241542  5  6  4 102       
PG09 -24634.950046   6649.867263   7353.930418   -254.951420  3  6  2  72       
PG10  11646.366937 -18315.942391 -15053.423370   -401.839439  6  6  7  76       
PG11 -18900.164036 -12955.017675 -13639.581805   -218.949830  6  8  5  86       
PG12  11096.875695  14283.987277  19267.365939     92.703069  4  7  5  72       
PG13   1528.425222  15310.113430 -21758.814832     27.432308  5  6  4  74       
PG14  13160.134888 -17033.588100  15790.554506      1.939681  4  6  5  86       
PG15  12973.597659  10465.739716 -21053.646647   -217.016412  5  6  2  87       
PG16  -1296.618534 -25180.605345  -7808.664868   -183.735240  7  8  6  67       
PG17 -20139.316249  14969.081559   9058.315685    297.094865  5  5  4  95       
PG18  21362.270665   1800.650374 -15714.109754    248.151835  7  7  6  87       
PG19 -14993.123783  15952.757957  14706.841732   -130.989389  4  7  4  78       
PG20  14986.725962  -6860.724622 -20869.207200    527.268586  5  7  7  73       
PG21   8190.492579 -12607.751848 -21160.923722     24.617889  6  8  6  71       
PG22 -10956.300229 -19782.140571  14255.034857   -771.481623  4  7  3  36       
PG23  14566.704788  -9174.450187 -20253.658950      4.963434 12 13  8  47       
PG24  21963.862219  15105.237744  -2580.350464    -15.771492  3  7  2  65       
PG25  14837.311169   2613.067568  21647.483942     24.199568  4  3  2  59       
PG26   5276.246745 -25166.438678   6129.577538    244.748914  5  7  8  67       
PG27    937.959497 -16259.070884 -21054.293121   -347.841918  7  7  4  86       
PG28 -12150.789819  19304.644395 -13148.489306    698.810864  2  7  4  82       
PG29  24039.149247  -1750.589903  11160.759124   -152.056378  2  6  5  66       
PG30 -15044.913121   7669.672537 -20495.709312   -263.620801  3  6  4  50       
PG31   5501.979616 -14595.152099  21404.172622    -56.117681  5  5     66       
PG32  18769.956194 -16423.897853   9000.477588    318.253805  5  4  4  85       
*  2020  7 17  6  0  0.00000000
PG01 -21838.305993 -15206.577245  -2896.847283     26.245774  6  6  7  94       
PG02   4898.876803  17824.804562  19729.555414   -488.443381  5  4  6  83       
PG03 -12289.086291 -15277.092500  17897.505348   -242.144790  3  8  8  72       
PG04 -18653.943134  -4660.714881  18349.756363   -113.413745  7  6  5  43       
PG05   2038.403035  26319.914573  -1825.506266    -16.833600  5  6  5  84       
PG06  -8552.505413  12139.127832  22071.484648   -304.096267  4  5  3  85       
PG07 -23122.902256  -3215.279716 -12795.015721   -329.060408  2  7  3  71       
PG08  -8656.291526 -12320.992903 -21875.521371    -41.242429  5  6  4 102       
PG09 -23884.512244   5945.192407   9954.025576   -254.957235  3  6  2  80       
PG10  11760.319930 -16454.764046 -16999.810378   -401.848977  6  6  7  83       
PG11 -17254.606866 -13096.563159 -15641.809471   -218.939950  6  8  5 101       
PG12  10759.467176  16412.374278  17733.611298     92.699107  4  7  5  85       
PG13   -765.617071  16119.283325 -21195.580445     27.435189  5  5  5  64       
PG14  14740.365625 -17504.980371  13674.721444      1.942294  4  6  5  86       
PG15  11024.147990  11817.095553 -21417.978358   -217.013805  5  6  1  83       
PG16   -982.648364 -25862.593478  -5019.379569   -183.739619  7  8  7  92       
PG17 -20964.844390  15155.597841   6335.620701    297.100022  4  5  3  97       
PG18  22658.663527   2873.526886 -13597.036975    248.160276  7  7  6  75       
PG19 -16534.727982  16398.555354  12430.575193   -130.984443  3  6  4  88       
PG20  15283.638287  -4468.929618 -21320.753819    527.269041  5  7  6  84       
PG21  10431.654058 -11355.491078 -20865.567290     24.622371  6  8  6  45       
PG22 -10780.291307 -21270.041107  12057.648963   -771.479373  4  8  4  74       
PG23  14615.100267  -6811.560239 -21133.373033      4.979107 12 12  7  48       
PG24  21450.399881  15155.835161  -5316.816870    -15.771957  3  7  3  81       
PG25  14722.317222   5115.231160  21303.041660     24.203422  4  3  3  57       
PG26   5570.399894 -24301.240881   8792.146868    244.755026  5  7  8  55       
PG27   3030.429034 -17271.250910 -19988.468346   -347.850536  6  7  4  74       
PG28 -12093.018463  17585.631969 -15323.718302    698.807810  2  6  3  81       
PG29  22806.312718  -1037.536953  13564.704727   -152.063788  2  6  5  59       
PG30 -16895.695706   6297.457361 -19519.415213   -263.627696  2  5  4  64       
PG31   7588.950715 -13257.305253  21674.806291    -56.119707  5  4     65       
PG32  19659.660774 -16608.440177   6329.316653    318.259333  5  4  4  77       
*  2020  7 17  6 15  0.00000000
PG01 -21353.895703 -15130.938121  -5717.002814     26.249377  6  6  7  84       
PG02   2862.465560  16999.671990  20859.260728   -488.448162  5  4  6 103       
PG03 -12198.986539 -17233.290707  16108.999051   -242.155193  3  8  8  58       
PG04 -16827.311536  -5848.527350  19722.019763   -113.417882  7  6  6  47       
PG05   1749.049481  26368.230565   1026.806832    -16.834297  5  7  4  75       
PG06 -10735.310154  10939.523965  21745.437281   -304.100802  4  5  3  79       
PG07 -24209.519620  -4056.914368 -10426.210151   -329.068703  3  6  4  83       
PG08  -6541.866440 -13653.145551 -21796.461959    -41.242940  5  6  4 107       
PG09 -22929.828962   5051.466184  12382.600933   -254.963025  3  6  3  92       
PG10  11976.521788 -14398.059048 -18649.019228   -401.858566  6  5  7  82       
PG11 -15413.999450 -13301.934731 -17379.646580   -218.930817  6  8  4  89       
PG12  10548.606104  18361.119279  15890.868213     92.694280  4  8  5  81       
PG13  -2937.745712  17016.099450 -20270.882229     27.438343  5  5  5  67       
PG14  16072.905174 -17944.830984  11326.174057      1.944926  4  6  5 100       
PG15   9122.532173  13274.885649 -21424.790108   -217.011674  5  5  1  74       
PG16   -725.087949 -26237.694194  -2141.791016   -183.743796  7  8  7  82       
PG17 -21504.564613  15238.045191   3504.819601    297.104953  4  5  3  85       
PG18  23791.125070   3749.736893 -11246.509728    248.168643  7  7  6  92       
PG19 -17800.837558  16811.617591   9936.389632   -130.980179  3  6  3  57       
PG20  15699.581235  -2066.641568 -21407.524739    527.268699  5  6  6  92       
PG21  12680.702497 -10237.357993 -20185.115198     24.626239  6  8  5  75       
PG22 -10647.508872 -22509.793101   9656.470836   -771.477004  4  8  5  36       
PG23  14790.603515  -4375.633185 -21650.352710      4.994837 11 12  6  33       
PG24  20669.081158  15102.419256  -7964.181832    -15.772427  3  7  3  73       
PG25  14737.147537   7556.235877  20585.164785     24.207415  3  4  4  74       
PG26   5923.149515 -23158.446113  11301.265311    244.761069  5  6  9  80       
PG27   4948.107467 -18324.724209 -18579.852955   -347.859118  6  7  5 104       
PG28 -12113.728480  15626.884005 -17226.507440    698.804195  3  6  3  78       
PG29  21384.501231   -136.588967  15735.083467   -152.071508  3  6  5  79       
PG30 -18698.443595   5084.103303 -18207.720887   -263.634605  2  5  4  58       
PG31   9746.082796 -12025.899368  21570.665472    -56.121963  5  4  1  84       
PG32  20276.422655 -16675.386606   3548.522801    318.264834  4  4  4  73       
*  2020  7 17  6 30  0.00000000
PG01 -20585.711879 -14948.578332  -8441.265079     26.252926  6  6  7  52       
PG02    688.050905  16247.474584  21649.550240   -488.453174  5  3  6  76       
PG03 -12194.012977 -18972.868297  14043.182347   -242.165584  4  8  7  62       
PG04 -14950.876445  -7204.303925  20755.545655   -113.422011  7  6  6  61       
PG05   1422.914602  26110.145328   3861.206202    -16.835079  5  6  4  89       
PG06 -12928.285259   9887.044854  21047.075729   -304.105336  4  5  4  87       
PG07 -25086.984765  -4717.900302  -7880.118787   -329.076603  3  6  4  71       
PG08  -4523.948839 -15079.832818 -21341.446374    -41.244880  5  6  4  98       
PG09 -21808.740773   3955.853965  14597.693977   -254.968839  3  6  3  68       
PG10  12315.267123 -12188.012306 -19972.559377   -401.868196  6  5  7  89       
PG11 -13412.882196 -13593.172515 -18825.360114   -218.921380  6  8  5  92       
PG12  10441.337421  20090.366964  13772.002437     92.689934  4  8  5  85       
PG13  -4950.623616  17970.262920 -19000.057449     27.441313  4  6  5  63       
PG14  17146.367211 -18312.886923   8784.040513      1.947331  3  6  5  78       
PG15   7304.088143  14811.739334 -21072.898183   -217.009424  5  5  1  82       
PG16   -486.232399 -26294.470649    773.584791   -183.748116  7  7  7  36       
PG17 -21765.953884  15176.949055    613.926486    297.110343  5  5  3  88       
PG18  24720.047430   4442.138195  -8702.882097    248.177060  7  7  7  81       
PG19 -18782.628561  17150.552555   7268.519211   -130.975684  4  6  3  88       
PG20  16228.076369    300.035423 -21128.724756    527.268503  5  6  5  98       
PG21  14887.190326  -9266.873626 -19132.036300     24.630462  6  7  5  88       
PG22 -10525.438796 -23481.625604   7091.839881   -771.474629  3  7  5  47       
PG23  15097.393875  -1915.039182 -21795.751410      5.010591 10 11  6  30       
PG24  19618.835636  14981.273830 -10478.250446    -15.772971  3  7  2  79       
PG25  14871.103336   9887.747092  19507.429170     24.211309  3  5  5  62       
PG26   6364.754683 -21763.013729  13613.247713    244.767130  5  6  9  79       
PG27   6663.199329 -19380.099684 -16851.563744   -347.867709  6  7  5  90       
PG28 -12240.504912  13465.391335 -18821.308967    698.800815  3  5  3  79       
PG29  19817.269765    962.577170  17634.365858   -152.079093  3  7  5  75       
PG30 -20409.164071   4036.217843 -16583.729410   -263.641486  2  5  4  73       
PG31  11930.424266 -10924.128708  21094.934728    -56.124257  5  4  1  77       
PG32  20629.593897 -16588.220318    706.186368    318.270333  4  4  4  81       
*  2020  7 17  6 45  0.00000000
PG01 -19532.596074 -14699.611817 -11024.185936     26.256368  6  7  6  69       
PG02  -1587.027535  15593.390635  22088.189605   -488.458528  4  3  5  81       
PG03 -12243.944567 -20464.507189  11735.899120   -242.175963  4  8  7  61       
PG04 -13069.949785  -8714.108444  21432.518344   -113.426129  7  6  7  74       
PG05   1024.621206  25555.512258   6628.172700    -16.835702  5  6  3  66       
PG06 -15083.200619   8993.400320  19988.417750   -304.109812  4  5  4  78       
PG07 -25723.980043  -5219.786809  -5200.708785   -329.084541  3  5  4  77       
PG08  -2638.729449 -16566.951523 -20517.564581    -41.246039  5  6  4  73       
PG09 -20562.449070   2653.353292  16560.987345   -254.974663  4  6  3  46       
PG10  12789.479291  -9870.988790 -20947.768328   -401.877812  6  5  7  87       
PG11 -11289.848430 -13986.379392 -19956.289013   -218.911813  6  8  5  88       
PG12  10408.552290  21566.787697  11414.524495     92.685708  4  9  5  79       
PG13  -6773.181662  18946.162299 -17404.354870     27.444472  5  5  5  67       
PG14  17957.762859 -18568.764746   6091.101695      1.949964  4  5  5  55       
PG15   5599.279600  16394.705924 -20366.971606   -217.006857  6  5  2  61       
PG16   -227.277641 -26030.953687   3675.239629   -183.752565  7  7  7  67       
PG17 -21764.937623  14936.196382  -2287.511599    297.115438  5  5  2  81       
PG18  25410.597665   4970.846947  -6009.819724    248.185412  7  7  6  73       
PG19 -19480.635026  17374.517912   4473.998608   -130.971159  4  6  3  25       
PG20  16855.263263   2586.942764 -20489.743479    527.268337  5  5  5  82       
PG21  17000.394130  -8449.048118 -17726.142907     24.634557  5  7  5  51       
PG22 -10379.291977 -24173.412039   4406.956455   -771.472434  3  7  6  68       
PG23  15531.566644    521.523727 -21567.080883      5.026275 10 10  6  11       
PG24  18306.540827  14829.024155 -12817.093631    -15.773917  4  7  2  81       
PG25  15105.872209  12065.056723  18089.701861     24.215221  3  6  5  60       
PG26   6920.594626 -20146.951615  15687.948710    244.773129  5  5  8 101       
PG27   8155.715383 -20394.694945 -14832.387034   -347.876331  5  7  5  61       
PG28 -12494.323012  11144.656969 -20077.940518    698.797476  3  5  3  87       
PG29  18150.892627   2261.794225  19229.658347   -152.086727  4  7  5  84       
PG30 -21984.787092   3152.482010 -14675.790413   -263.648500  1  4  4  60       
PG31  14096.401355  -9967.538841  20257.157791    -56.126553  4  3  2  77       
PG32  20736.548543 -16314.235713  -2148.405231    318.275861  4  4  4  50       
*  2020  7 17  7  0  0.00000000
PG01 -18202.027876 -14424.441410 -13422.762739     26.259918  6  7  6  98       
PG02  -3921.456508  15055.972794  22168.351349   -488.463600  5  3  5  91       
PG03 -12314.226820 -21684.408448   9227.054173   -242.186325  5  9  6  81       
PG04 -11227.559982 -10356.197826  21741.228731   -113.430225  6  6  7  64       
PG05    521.621600  24722.694405   9279.244345    -16.836605  5  6  4  78       
PG06 -17151.317174   8261.867302  18587.610524   -304.114298  4  5  4  53       
PG07 -26095.426399  -5589.911094  -2433.722166   -329.092135  4  5  4  55       
PG08   -915.990212 -18075.191170 -19338.349963    -41.247723  5  6  4  80       
PG09 -19233.930289   1147.200148  18238.481611   -254.980382  4  6  3  61       
PG10  13404.107399  -7495.872365 -21558.192168   -401.887438  6  5  6  80       
PG11  -9086.232553 -14491.073391 -20755.086800   -218.902236  6  8  5  75       
PG12  10416.303098  22764.694511   8859.873015     92.681054  5  9  5  76       
PG13  -8381.627333  19904.218059 -15510.611888     27.447266  5  6  5  71       
PG14  18512.522699 -18673.617966   3293.124671      1.952541  4  5  5  81       
PG15   4032.684885  17986.339390 -19317.541697   -217.004229  6  5  3  62       
PG16     89.912246 -25454.771073   6511.653673   -183.756954  7  6  7  64       
PG17 -21525.241736  14484.636957  -5149.248001    297.120353  4  5  1  72       
PG18  25834.056627   5362.262101  -3213.555383    248.193747  6  6  6  79       
PG19 -19904.501594  17444.943242   1601.776579   -130.966522  5  6  2  59       
PG20  17560.426882   4753.343673 -19502.023201    527.268661  5  5  5  79       
PG21  18971.300505  -7780.339216 -15994.120443     24.638925  5  6  4  64       
PG22 -10173.482206 -24581.048957   1647.200927   -771.470154  3  7  6  62       
PG23  16081.249534   2886.705149 -20968.252923      5.041997  8  8  7           
PG24  16746.891627  14681.141770 -14941.681662    -15.774466  4  7  2  65       
PG25  15416.351525  14048.617609  16357.707367     24.219135  4  7  6  71       
PG26   7609.993103 -18348.144024  17489.478033    244.779111  5  5  8  76       
PG27   9414.098458 -21324.179025 -12556.351159   -347.885026  4  7  5  58       
PG28 -12888.503662   8713.162397 -20972.302913    698.794269  3  6  4  74       
PG29  16432.634598   3754.132765  20493.283381   -152.094495  4  7  6  86       
PG30 -23384.717600   2423.907525 -12516.986129   -263.655471  1  4  4  57       
PG31  16197.424007  -9163.603162  19072.981635    -56.128856  4  3  2  59       
PG32  20621.885440 -15825.983891  -4965.642283    318.281361  4  4  3  65       
*  2020  7 17  7 15  0.00000000
PG01 -16609.960792 -14162.128133 -15597.083168     26.263444  6  7  6  70       
PG02  -6271.252655  14646.521619  21888.687425   -488.468624  5  3  5  85       
PG03 -12367.454084 -22617.048214   6559.913035   -242.196692  6  9  5  78       
PG04  -9462.919087 -12101.699570  21676.279352   -113.434337  6  6  7  88       
PG05   -114.299293  23637.873409  11767.909989    -16.837321  5  5  4  94       
PG06 -19085.109434   7687.299171  16868.623950   -304.118838  4  5  5  64       
PG07 -26183.372694  -5860.124909    374.081384   -329.100140  4  5  4  87       
PG08    621.894754 -19561.465833 -17823.591981    -41.248299  5  7  4  28       
PG09 -17866.291992   -551.045310  19601.094576   -254.986189  4  6  3  75       
PG10  14155.854600  -5112.319719 -21793.844402   -401.897068  5  4  6  88       
PG11  -6844.727674 -15109.798737 -21209.882031   -218.892842  6  8  5  89       
PG12  10427.303091  23666.860611   6152.643206     92.676778  5  8  5  78       
PG13  -9760.180558  20802.398420 -13350.835885     27.450456  4  6  5  50       
PG14  18824.199856 -18591.782137    438.118706      1.955178  4  5  4  81       
PG15   2622.197526  19545.972748 -17940.927390   -217.002156  6  5  3  56       
PG16    501.049985 -24582.894174   9232.295125   -183.761410  7  6  8  65       
PG17 -21077.437996  13797.526611  -7921.217538    297.125733  4  5  1  70       
PG18  25968.936112   5647.848019   -362.100367    248.202166  6  6  6  43       
PG19 -20072.387404  17327.153309  -1298.184240   -130.961812  5  5  2  38       
PG20  18316.793730   6763.261232 -18182.832872    527.267857  4  5  4  84       
PG21  20754.513048  -7249.006201 -13968.877081     24.642976  4  5  4  64       
PG22  -9873.150580 -24708.547132  -1140.592009   -771.467778  2  6  7  42       
PG23  16727.038171   5136.124382 -20009.513811      5.057727  7  6  8           
PG24  14961.995452  14570.503648 -16816.475263    -15.775459  3  7  3  62       
PG25  15771.744650  15805.362275  14342.493690     24.223012  4  7  6  59       
PG26   8445.293655 -16408.961571  18986.830204    244.785175  5  5  8  82       
PG27  10435.526806 -22124.311486 -10062.193032   -347.893661  4  6  5  54       
PG28 -13427.992833   6222.603538 -21486.976956    698.790560  3  6  4  92       
PG29  14708.993033   5423.973358  21403.270639   -152.101841  4  8  6  77       
PG30 -24572.296883   1834.390238 -10144.546430   -263.662363     4  4  53       
PG31  18187.519282  -8511.622977  17563.805606    -56.130826  4  3  3  76       
PG32  20316.352692 -15102.524192  -7696.481023    318.286831  4  4  3  58       
*  2020  7 17  7 30  0.00000000
PG01 -14780.360209 -13948.824597 -17510.922294     26.266975  7  7  6  67       
PG02  -8591.156602  14368.715791  21253.350067   -488.473715  5  4  4  90       
PG03 -12364.964651 -23255.622524   3780.350998   -242.207071  6  9  7  57       
PG04  -7810.045844 -13915.572974  21238.682816   -113.438460  6  6  7  76       
PG05   -905.690131  22334.055465  14050.472457    -16.838256  4  5  4  78       
PG06 -20839.950891   7256.465806  14860.848303   -304.123406  3  5  4  69       
PG07 -25977.623761  -6065.377866   3175.667938   -329.107913  4  5  5  75       
PG08   1960.668511 -20980.516656 -15999.031803    -41.249192  4  6  5  78       
PG09 -16501.134856  -2421.738580  20625.175863   -254.991961  4  5  3  73       
PG10  15033.246249  -2768.999613 -21651.340602   -401.906574  4  4  5  81       
PG11  -4607.980674 -15838.002167 -21314.362244   -218.883343  6  8  4  66       
PG12  10402.548193  24265.010934   3339.777581     92.672238  5  8  5  51       
PG13 -10901.507302  21597.850454 -10961.693932     27.453620  4  6  5  48       
PG14  18913.858261 -18292.331810  -2424.476996      1.957755  4  4  5  72       
PG15   1378.471163  21031.141119 -16259.070928   -216.999515  6  5  3  71       
PG16   1037.759673 -23441.008103  11788.613268   -183.765730  7  5  8  71       
PG17 -20457.712541  12857.748905 -10554.449929    297.130884  4  6     85       
PG18  25801.831164   5862.722692   2495.575164    248.210497  5  6  6  45       
PG19 -20010.052403  16991.828953  -4175.802031   -130.957498  5  5  1  79       
PG20  19092.564998   8586.630818 -16554.953832    527.268123  4  5  4  77       
PG21  22309.988663  -6835.836353 -11688.740774     24.647457  4  4  4  57       
PG22  -9445.679913 -24567.828661  -3908.894959   -771.465256  3  6  7  55       
PG23  17442.734162   7229.877893 -18707.272449      5.073444  3  3  9           
PG24  12980.707233  14526.055861 -18409.969216    -15.775578  3  6  3  76       
PG25  16136.880987  17309.758180  12079.813561     24.226940  5  8  6  67       
PG26   9431.222386 -14374.710277  20154.417084    244.791337  5  5  7  79       
PG27  11225.877872 -22752.710481  -7392.723941   -347.902344  4  5  4  62       
PG28 -14109.006301   3725.971098 -21611.674477    698.787372  3  6  4 113       
PG29  13023.979069   7247.421817  21943.750040   -152.109466  5  7  6  75       
PG30 -25516.119157   1361.535553  -7599.203767   -263.669223     4  4  77       
PG31  20022.930977  -8002.947738  15756.346800    -56.133276  5  3  3  87       
PG32  19855.536024 -14130.429634 -10293.327549    318.292388  4  4  2  46       
*  2020  7 17  7 45  0.00000000
PG01 -12744.460418 -13816.326649 -19132.287257     26.270545  7  7  6  99       
PG02 -10836.075429  14218.510402  20271.960756   -488.478888  5  5  4  71       
PG03 -12268.486403 -23602.166455    936.064695   -242.217446  6  9  8  59       
PG04  -6296.597171 -15757.818188  20435.851602   -113.442586  6  6  7  66       
PG05  -1868.325454  20849.813580  16086.861771    -16.839003  3  4  4  64       
PG06 -22375.699091   6948.711060  12598.602338   -304.127952  2  5  4  79       
PG07 -25476.091418  -6242.211123   5924.450761   -329.115680  5  5  4  84       
PG08   3094.580414 -22286.623140 -13895.943380    -41.250201  4  6  5  72       
PG09 -15176.984496  -4437.708406  21292.927106   -254.997729  4  5  4  71       
PG10  16017.032317   -511.887185 -21133.909346   -401.916194  4  4  4  80       
PG11  -2417.211328 -16664.172707 -21067.786976   -218.873683  6  8  4  50       
PG12  10302.995394  24559.974789    469.735461     92.667427  6  7  5  69       
PG13 -11806.832373  22248.585043  -8383.916763     27.456418  4  6  4  76       
PG14  18809.163113 -17750.484177  -5244.661516      1.960356  4  4  4  32       
PG15    304.634366  22399.105514 -14299.279235   -216.997334  6  5  3  62       
PG16   1726.075453 -22062.529067  14134.998587   -183.769822  7  5  8  67       
PG17 -19706.400319  11656.758099 -13001.996992    297.136003  4  5     76       
PG18  25327.974475   6044.106479   5310.379129    248.218932  5  6  5  38       
PG19 -19749.669037  16416.250686  -6981.747516   -130.952813  5  5     74       
PG20  19852.146857  10200.226810 -14646.283653    527.268086  5  4  4  70       
PG21  23604.523189  -6515.200991  -9196.537400     24.651510  3  3  4  70       
PG22  -8862.141694 -24178.234215  -6610.275262   -771.463058  3  5  7  32       
PG23  18196.357736   9133.875482 -17083.824788      5.089185     4  9           
PG24  10837.726634  14571.628435 -19695.183446    -15.776062  3  6  4  65       
PG25  16473.703192  18544.563551   9609.437170     24.230827  6  8  6  66       
PG26  10564.562612 -12291.982526  20972.494413    244.797433  5  4  6  68       
PG27  11799.348699 -23170.578941  -4594.102781   -347.910980  4  4  4  76       
PG28 -14919.063383   1275.560691 -21343.523513    698.784027  3  6  5 103       
PG29  11417.504772   9193.052983  22105.238860   -152.116966  5  7  6  68       
PG30 -26191.155518    977.721873  -4924.499275   -263.676106     4  3  76       
PG31  21663.627357  -7621.500313  13682.133174    -56.135521  5  3  3  97       
PG32  19278.363384 -12904.503826 -12710.899274    318.297971  4  4  2  49       
*  2020  7 17  8  0  0.00000000
PG01 -10539.766487 -13790.793298 -20433.905138     26.274068  7  7  5  93       
PG02 -12962.529898  14184.308081  18959.525754   -488.483923  5  5  3  79       
PG03 -12041.769341 -23667.345447  -1924.240233   -242.227829  6  9 10  77       
PG04  -4942.952643 -17584.887668  19281.478910   -113.446725  6  6  7  67       
PG05  -3010.371596  19227.816937  17841.380014    -16.839392  3  4  4  83       
PG06 -23658.120788   6736.902323  10120.559263   -304.132534  2  5  4  40       
PG07 -24684.862200  -6427.215980   8574.983290   -329.123512  5  5  4  65       
PG08   4026.437022 -23435.355797 -11550.605257    -41.251481  4  6  5  80       
PG09 -13927.854483  -6565.111783  21592.719689   -255.003500  4  4  4  65       
PG10  17080.904909   1617.320404 -20251.282715   -401.925827  3  4  3  82       
PG11   -310.899696 -17570.235257 -20474.935022   -218.863926  6  7  4  75       
PG12  10091.231765  24561.499957  -2408.343142     92.663286  5  7  4  69       
PG13 -12485.724868  22715.151177  -5661.624762     27.459634  4  6  4  61       
PG14  18543.203706 -16948.787773  -7972.780842      1.962889  4  4  4  25       
PG15   -603.707873  23608.423642 -12093.867401   -216.994956  5  5  3  53       
PG16   2585.171975 -20487.309603  16229.683983   -183.773850  6  4  7  79       
PG17 -18866.340347  10195.195620 -15219.852325    297.141112  4  5     81       
PG18  24551.471125   6229.691712   8033.937628    248.227348  5  6  5  68       
PG19 -19328.411736  15585.280423  -9668.277390   -130.948179  5  5     83       
PG20  20557.531485  11588.331859 -12489.364989    527.268043  4  4  4  66       
PG21  24612.922789  -6256.381670  -6538.587381     24.655306  3  2  4  62       
PG22  -8098.619420 -23565.755544  -9198.196860   -771.460587  4  5  7  43       
PG23  18951.396454  10820.954761 -15166.978703      5.104887  5  4  9   7       
PG24   8572.487541  14724.943343 -20650.096522    -15.774659  2  6  4  66       
PG25  16742.859921  19501.260867   6974.412865     24.234734  6  8  6  68       
PG26  11834.152662 -10206.975947  21427.476154    244.803563  4  3  5  67       
PG27  12177.743471 -23344.317711  -1715.028160   -347.919689  5  4  4  62       
PG28 -15837.413779  -1078.996007 -20687.173646    698.780613  3  6  5 105       
PG29   9923.939133  11222.955562  21884.817121   -152.124554  6  8  6  83       
PG30 -26579.645030    651.359840  -2166.051425   -263.683019  1  4  3  78       
PG31  23074.663930  -7344.581714  11376.935738    -56.137686  5  3  3  85       
PG32  18625.486074 -11428.178658 -14907.046004    318.303458  4  4  2  68       
*  2020  7 17  8 15  0.00000000
PG01  -8208.834738 -13891.679420 -21393.649691     26.277569  7  6  5  74       
PG02 -14930.062009  14247.400734  17336.295296   -488.489041  5  5  2  37       
PG03 -11652.142448 -23469.928957  -4751.671939   -242.238163  6  8 10  60       
PG04  -3761.586965 -19351.246632  17795.311965   -113.450847  6  6  6  73       
PG05  -4331.862072  17513.207575  19283.361075    -16.840037  3  4  4  57       
PG06 -24660.103350   6588.635925   7469.099245   -304.137078  1  5  3  62       
PG07 -23617.984706  -6655.510943  11083.618821   -329.131461  5  5  5  82       
PG08   4767.310554 -24385.299861  -9003.671261    -41.251996  4  5  5  82       
PG09 -12781.996783  -8764.554268  21519.303880   -255.009217  4  4  4  57       
PG10  18192.499346   3582.606813 -19019.472024   -401.935442  4  5  2  78       
PG11   1676.417309 -18532.181308 -19545.990315   -218.854672  6  7  4  56       
PG12   9733.070320  24287.741428  -5245.464955     92.658794  5  6  5  65       
PG13 -12955.562235  22962.234362  -2841.585598     27.462635  3  6  3  43       
PG14  18153.091393 -15878.041310 -10560.458384      1.965598  5  3  4  72       
PG15  -1358.179105  24620.509747  -9679.702470   -216.992383  5  5  3  58       
PG16   3626.383837 -18760.087359  18035.562806   -183.778241  6  4  7  93       
PG17 -17981.116954   8483.144663 -17167.840072    297.146281  4  5  2  86       
PG18  23485.204143   6455.996665  10619.423949    248.235727  5  6  5  89       
PG19 -18786.883401  14492.048467 -12190.016577   -130.943430  5  5     85       
PG20  21169.777450  12743.126374 -10120.846771    527.268065  5  4  4  76       
PG21  25318.817126  -6025.095295  -3763.659127     24.659589  3  2  3  77       
PG22  -7137.355287 -22762.018607 -11627.823808   -771.458008  5  5  7  63       
PG23  19668.242350  12271.731882 -12989.585093      5.120568  7  7  9           
PG24   6227.876653  14996.851693 -21258.016287    -15.775081  3  5  4  78       
PG25  16905.340265  20180.158339   4220.291937     24.238603  7  8  6  72       
PG26  13221.204791  -8163.846557  21512.133252    244.809681  4  2  5  59       
PG27  12389.453062 -23246.957240   1194.136082   -347.928370  5  3  3  84       
PG28 -16835.841093  -3292.587262 -19654.714823    698.777024  3  5  6  92       
PG29   8570.889273  13294.038565  21286.187470   -152.132090  6  8  6  45       
PG30 -26671.721629    348.298536    629.201437   -263.689948  1  4  3  78       
PG31  24227.354826  -7143.920598   8880.150778    -56.140045  6  3  3  87       
PG32  17937.602091  -9713.575168 -16843.513507    318.308970  4  4  2  46       
*  2020  7 17  8 30  0.00000000
PG01  -5797.872668 -14130.919185 -21994.902433     26.281035  6  5  5  77       
PG02 -16702.558391  14382.672522  15427.562464   -488.494016  4  6  2  62       
PG03 -11071.935665 -23035.968391  -7497.972407   -242.248427  6  8 10  80       
PG04  -2756.754425 -21011.023189  16002.821001   -113.454982  6  7  6  64       
PG05  -5824.505056  15751.891136  20387.730743    -16.840921  3  5  4  56       
PG06 -25362.606410   6467.652350   4689.598302   -304.141621     5  3  52       
PG07 -22296.987927  -6959.288643  13409.133215   -329.138819  5  5  4  84       
PG08   5335.914899 -25099.679860  -6299.451062    -41.253480  4  4  4  63       
PG09 -11760.888532 -10992.432883  21073.905219   -255.014989  4  3  4  65       
PG10  19314.636552   5354.806024 -17460.436526   -401.944942  5  5  2  79       
PG11   3515.203298 -19520.913784 -18296.369907   -218.845053  6  7  4  29       
PG12   9199.013446  23764.449595  -7993.589393     92.654066  5  6  5  74       
PG13 -13240.691533  22960.115751     27.584960     27.465543  3  6  3  77       
PG14  17678.386847 -14537.897367 -12961.526332      1.967925  5  4  3  61       
PG15  -1977.047003  25401.123080  -7097.648054   -216.990326  5  6  3  59       
PG16   4852.557667 -16928.745284  19520.902238   -183.782426  6  3  7  85       
PG17 -17093.259871   6540.002532 -18810.448202    297.151206  4  5  3  86       
PG18  22150.413958   6756.768018  13022.362328    248.244187  6  6  6  64       
PG19 -18167.442199  13138.325111 -14504.678910   -130.939012  5  5  2  82       
PG20  21650.534927  13664.785804  -7580.885509    527.268048  6  4  3  82       
PG21  25715.091188  -5785.140331   -921.916036     24.663477  3  2  3  62       
PG22  -5967.672707 -21803.053074 -13856.811625   -771.455659  5  4  7  66       
PG23  20305.762555  13475.156363 -10588.982454      5.136239  8  8  9  22       
PG24   3848.823978  15390.829101 -21507.882053    -15.775912  3  5  4  75       
PG25  16924.086414  20590.162590   1394.332784     24.242487  7  8  5  22       
PG26  14699.930315  -6203.160058  21225.675969    244.815821  3  1  5  64       
PG27  12468.165337 -22859.345508   4082.284490   -347.937076  5  3  2  75       
PG28 -17879.806626  -5326.277622 -18265.410918    698.773632  4  5  6  89       
PG29   7378.254523  15359.549380  20319.617856   -152.139654  6  8  6  48       
PG30 -26465.755234     33.325040   3413.773425   -263.696844  1  4  2  71       
PG31  25100.214113  -6986.925400   6234.142464    -56.142349  6  3  3  68       
PG32  17253.789853  -7781.224016 -18486.633747    318.314520  3  4  2  78       
*  2020  7 17  8 45  0.00000000
PG01  -3355.205204 -14512.390330 -22226.843377     26.284324  6  5  5  80       
PG02 -18249.445844  14559.547172  13263.396896   -488.499304  4  6  2  99       
PG03 -10279.713388 -22397.712179 -10116.321988   -242.258586  5  7 10  97       
PG04  -1924.497396 -22519.685082  13934.768892   -113.459107  6  7  5  61       
PG05  -7471.831218  13988.812024  21135.455312    -16.841099  3  4  3  91       
PG06 -25755.317256   6335.407155   1829.664562   -304.146187  2  4  3  61       
PG07 -20750.149739  -7366.480519  15513.307807   -329.146901  4  5  4  60       
PG08   5757.673296 -25547.818098  -3485.114277    -41.255448  4  4  4  86       
PG09 -10878.494733 -13202.450013  20264.206105   -255.020758  3  3  4  91       
PG10  20406.755737   6912.496836 -15601.654511   -401.954587  5  5  1  56       
PG11   5181.801471 -20503.277415 -16746.496517   -218.835482  6  6  4  55       
PG12   8465.531020  23023.892985 -10606.401777     92.649679  5  5  5  83       
PG13 -13371.318763  22685.933031   2896.265703     27.468755  3  6  3  87       
PG14  17159.420279 -12937.118157 -15132.934917      1.970611  5  4  3  89       
PG15  -2484.365402  25921.724481  -4391.913182   -216.987901  5  6  3  52       
PG16   6257.764671 -15042.459628  20659.934321   -183.786398  6  4  7  78       
PG17 -16242.480487   4393.967323 -20117.581623    297.156467  4  5  4  93       
PG18  20575.967321   7161.494239  15201.392677    248.252539  6  7  6  61       
PG19 -17512.493453  11534.568581 -16573.718172   -130.934260  4  5  2  90       
PG20  21963.559842  14361.283540  -4912.494827    527.267845  6  5  3  58       
PG21  25803.933063  -5500.084852   1936.109948     24.668002  2  2  3  66       
PG22  -4586.634577 -20727.892913 -15846.071625   -771.453596  6  3  7  19       
PG23  20822.943084  14428.749011  -8006.363771      5.151895  9  9  9  39       
PG24   1480.812891  15902.750279 -21394.492556    -15.777092  2  5  4  76       
PG25  16765.523872  20748.237960  -1455.301388     24.246407  7  8  5  87       
PG26  16238.444070  -4360.500207  20573.721417    244.822016  2  1  4  39       
PG27  12451.357548 -22171.039138   6898.522835   -347.945780  4  2  2  71       
PG28 -18929.879177  -7148.688169 -16545.257249    698.770547  5  4  6  92       
PG29   6357.590316  17370.744982  19001.767523   -152.147252  7  8  6  67       
PG30 -25968.395928   -328.299149   6140.407301   -263.703733  2  4  2  74       
PG31  25679.637076  -6838.091076   3483.555497    -56.144649  6  3  3  77       
PG32  16609.920037  -5659.456135 -19807.927674    318.320014  3  4  2  78       
*  2020  7 17  9  0  0.00000000
PG01   -929.658987 -15031.680777 -22084.666410     26.287828  6  5  4  47       
PG02 -19546.717115  14743.154983  10878.308098   -488.504462  4  6  2  89       
PG03  -9261.273057 -21592.299995 -12562.116174   -242.268755  6  7  9  74       
PG04  -1252.978446 -23835.678641  11626.688176   -113.463255  6  7  5  71       
PG05  -9249.675610  12266.283576  21513.869952    -16.841964  4  5  3  78       
PG06 -25836.984478   6152.737336  -1061.666101   -304.150722  2  4  2  68       
PG07 -19011.541695  -7899.582762  17361.470168   -329.154706  4  5  4  64       
PG08   6063.515118 -25706.366414   -609.834145    -41.255987  5  4  4  54       
PG09 -10140.835521 -15347.239842  19104.212706   -255.026504  3  3  4  84       
PG10  21426.480002   8242.592160 -13475.607477   -401.964223  6  5  1  72       
PG11   6659.108318 -21443.241178 -14921.517137   -218.825827  6  6  4  59       
PG12   7516.108335  22103.559172 -13040.044185     92.645593  5  5  5  80       
PG13 -13382.168457  22124.691083   5714.701216     27.471760  3  6  3  59       
PG14  16635.574994 -11093.465322 -17035.615676      1.973290  6  4  2  93       
PG15  -2908.870640  26160.642967  -1609.312172   -216.985554  4  6  3  60       
PG16   7827.384412 -13149.816621  21433.311478   -183.790609  5  4  7  81       
PG17 -15464.022237   2081.153523 -21065.211580    297.161477  4  5  4  82       
PG18  18797.343240   7694.088060  17118.983129    248.260969  7  7  6  69       
PG19 -16862.810508   9699.652992 -18362.903693   -130.929651  5  5  3  90       
PG20  22076.161513  14847.907549  -2160.851738    527.267442  6  6  3  61       
PG21  25596.513633  -5134.920345   4760.490475     24.671525  2  3  4  72       
PG22  -2999.406641 -19577.060641 -17560.492881   -771.451534  6  3  6  47       
PG23  21180.542427  15138.513986  -5286.075850      5.167550  9 10  9           
PG24   -831.638987  16520.954895 -20918.653679    -15.778839  3  4  4  71       
PG25  16400.953416  20678.578730  -4280.338566     24.250224  7  7  5  45       
PG26  17799.910753  -2665.286015  19568.150021    244.828184  3  3  5  65       
PG27  12378.632712 -21180.856730   9593.128482   -347.954426  4  3     75       
PG28 -19943.382062  -8737.039200 -14526.378640    698.767081  6  4  6  57       
PG29   5511.806592  19278.651516  17355.399061   -152.154914  7  8  6  74       
PG30 -25194.320618   -769.322237   8762.843793   -263.710665  2  4  2  62       
PG31  25960.300761  -6660.508348    674.606729    -56.146893  7  3  2  71       
PG32  16037.209838  -3383.487766 -20784.608657    318.325571  3  4  3  78       
*  2020  7 17  9 15  0.00000000
PG01   1431.080067 -15676.169520 -21569.714100     26.291293  6  4  5  78       
PG02 -20577.747919  14895.686975   8310.833149   -488.509767  4  5  2  91       
PG03  -8010.371443 -20660.286203 -14793.703094   -242.279025  6  6  9  79       
PG04   -723.123064 -24921.966737   9118.273924   -113.467374  6  7  4  88       
PG05 -11126.973034  10622.440950  21516.881311    -16.842497  5  5  3  61       
PG06 -25615.416382   5881.558950  -3934.762156   -304.155273  3  4  2  90       
PG07 -17119.882477  -8574.681715  18922.990508   -329.162356  3  5  4  76       
PG08   6288.450991 -25560.259719   2276.111276    -41.257346  4  3  3  87       
PG09  -9545.874579 -17380.044320  17614.009488   -255.032290  3  3  5  60       
PG10  22331.253419   9340.605133 -11119.188943   -401.973765  7  6  2  34       
PG11   7937.020564 -22303.195194 -12850.968309   -218.816258  5  5  4  81       
PG12   6342.028117  21044.684212 -15253.795808     92.640843  6  5  5  72       
PG13 -13310.965590  21269.979710   8433.885440     27.474738  2  5  4  92       
PG14  16143.608229  -9033.222050 -18635.274899      1.975699  6  4  1  81       
PG15  -3282.671626  26103.999490   1201.554029   -216.983213  4  6  3  80       
PG16   9538.553236 -11296.978948  21828.418241   -183.794581  5  4  8  56       
PG17 -14787.199634   -355.630840 -21635.900201    297.166406  5  5  5 100       
PG18  16855.374352   8371.789840  18742.078080    248.269405  7  6  7  19       
PG19 -16255.945337   7660.291200 -19842.816534   -130.925040  5  5  4  68       
PG20  21960.530620  15146.508841    627.431421    527.267811  7  6  3  62       
PG21  25112.329888  -4657.612314   7502.797124     24.676267  3  3  4  82       
PG22  -1219.306381 -18390.993613 -18969.606188   -771.449127  6  3  6  66       
PG23  21342.690947  15618.528523  -2474.862594      5.183238  9 11  8  43       
PG24  -3046.474586  17226.607147 -20087.239945    -15.777739  3  4  4  76       
PG25  15807.755574  20411.530088  -7033.176344     24.254149  7  6  5  59       
PG26  19343.886874  -1139.840470  18226.856571    244.834350  3  4  5  52       
PG27  12289.969682 -19897.067836  12118.495535   -347.963048  3  2     79       
PG28 -20876.178428 -10077.812282 -12246.290862    698.763691  7  5  6  73       
PG29   4835.212209  21035.843820  15408.981453   -152.162303  7  7  6  84       
PG30 -24165.692195  -1319.063195  11236.573583   -263.717572  2  5  2  75       
PG31  25945.272646  -6417.420896  -2145.635986    -56.149112  7  2  2  68       
PG32  15560.977750   -994.236668 -21399.977118    318.331063  3  4  3  81       
*  2020  7 17  9 30  0.00000000
PG01   3682.078660 -16425.423509 -20689.526588     26.294734  5  3  4  67       
PG02 -21333.870543  14977.895747   5603.044413   -488.514625  4  5  2  68       
PG03  -6529.151493 -19644.048574 -16773.071036   -242.289394  6  6  8  53       
PG04   -309.547904 -25747.406109   6452.702518   -113.471528  6  7  4  79       
PG05 -13066.833281   9089.878544  21145.042173    -16.843051  5  5  3  75       
PG06 -25107.143366   5486.530224  -6740.242621   -304.159819  4  4  2  58       
PG07 -15117.237659  -9400.710912  20171.731308   -329.170210  2  4  4  78       
PG08   6469.985195 -25103.351383   5122.261069    -41.257614  4  3  3  75       
PG09  -9083.732513 -19256.373625  15819.405810   -255.038043  3  4  5  69       
PG10  23079.986597  10210.586642  -8573.050042   -401.983377  7  6  1  61       
PG11   9012.640108 -23045.320992 -10568.388040   -218.806907  5  5  4  90       
PG12   4942.860932  19890.665751 -17210.695989     92.636916  5  4  5  78       
PG13 -13196.799749  20124.367051  11006.440386     27.477815  3  5  4  70       
PG14  15716.083042  -6790.362846 -19903.094563      1.978192  6  4     75       
PG15  -3639.783752  25746.343085   3991.180755   -216.980733  4  6  3  71       
PG16  11360.954245  -9525.979189  21839.535937   -183.798965  5  4  8  49       
PG17 -14234.192860  -2868.395954 -21819.182634    297.172058  5  5  5  92       
PG18  14794.791603   9204.335100  20042.670477    248.277759  7  6  6  72       
PG19 -15724.784736   5450.177507 -20989.263917   -130.920540  5  5  4  77       
PG20  21594.898373  15284.509312   3405.060023    527.267544  7  7  4  63       
PG21  24378.255837  -4040.488503  10116.906846     24.679740  3  3  4  62       
PG22    732.469967 -17208.474337 -20048.174568   -771.446572  6  3  5  65       
PG23  21278.373859  15890.226180    378.935158      5.198880 10 11  7  34       
PG24  -5125.513753  17994.341295 -18913.164055    -15.778037  3  4  4  72       
PG25  14970.366358  19982.301393  -9667.632956     24.258025  7  6  5  66       
PG26  20827.805253    201.256857  16573.403041    244.840516  4  5  5  10       
PG27  12223.961251 -18337.206983  14430.041850   -347.971665  3  2     80       
PG28 -21684.510740 -11167.009047  -9747.052960    698.759829  7  5  5  65       
PG29   4313.903048  22598.175474  13196.191199   -152.169946  7  7  5  87       
PG30 -22911.351283  -2002.103227  13519.561844   -263.724480  1  4  1  63       
PG31  25645.825971  -6073.775176  -4929.980026    -56.151170  7  2  2  37       
PG32  15199.648331   1463.082839 -21643.699516    318.336617  3  4  4  79       
*  2020  7 17  9 45  0.00000000
PG01   5782.679816 -17251.901529 -19457.799350     26.298202  5  3  4  73       
PG02 -21814.675182  14950.695021   2799.974186   -488.519789  4  5  2  78       
PG03  -4828.253670 -18586.142211 -18466.476148   -242.299770  7  6  8  61       
PG04     18.261820 -26287.910419   3675.887899   -113.475743  6  7  2  78       
PG05 -15027.851199   7694.525202  20405.499173    -16.843293  5  4  3  57       
PG06 -24336.756257   4936.615356  -9429.823250   -304.164350  5  3  3  81       
PG07 -13047.607879 -10378.965201  21086.447305   -329.177883  1  4  4  69       
PG08   6646.431387 -24338.704062   7878.896527    -41.258561  3  3  3  83       
PG09  -8737.216068 -20935.586648  13751.481086   -255.043822  3  4  5  62       
PG10  23634.648556  10864.741129  -5880.894234   -401.992810  8  6  2  68       
PG11   9890.228340 -23632.991401  -8110.873918   -218.797750  5  4  4  64       
PG12   3326.648673  18685.417832 -18878.104323     92.632490  5  4  5  70       
PG13 -13078.437076  18699.450163  13387.472344     27.480803  2  5  4  78       
PG14  15379.981069  -4405.403069 -20816.320417      1.980693  6  4     70       
PG15  -4014.565691  25090.965496   6710.088863   -216.978533  4  6  3  88       
PG16  13257.910873  -7873.209804  21467.861906   -183.803150  6  5  8  55       
PG17 -13819.153456  -5405.706659 -21611.793847    297.176819  6  5  5  90       
PG18  12662.627715  10193.419429  20998.288358    248.286201  6  6  6  51       
PG19 -15296.301451   3108.884024 -21783.610752   -130.916177  6  5  5  98       
PG20  20964.483387  15293.705134   6124.825349    527.267464  8  7  4  78       
PG21  23427.353609  -3261.417188  12559.707655     24.684210  3  4  4  65       
PG22   2827.436540 -16065.128019 -20776.695698   -771.443985  6  2  4  62       
PG23  20962.739809  15981.401429   3226.209714      5.214539  9 12  7  77       
PG24  -7035.738198  18793.174914 -17415.249322    -15.778201  4  4  4  72       
PG25  13880.991924  19429.521327 -12139.662531     24.261862  7  5  5  59       
PG26  22208.544384   1351.512353  14636.581671    244.846723  5  5  6  31       
PG27  12216.115657 -16527.518902  16487.055821   -347.980288  3  2     66       
PG28 -22326.810193 -12010.005072  -7074.340804    698.756638  8  6  4  55       
PG29   3926.477867  23926.391853  10755.320612   -152.177529  7  7  5 103       
PG30 -21465.770131  -2837.156487  15572.935554   -263.731386     4  2  86       
PG31  25080.969686  -5597.708311  -7631.832064    -56.153383  7  1  2  63       
PG32  14964.045700   3940.529670 -21511.967669    318.342173  3  4  4  78       
*  2020  7 17 10  0  0.00000000
PG01   7697.882101 -18121.945152 -17894.245036     26.301662  5  3  4  73       
PG02 -22028.017669  14776.802982    -51.044507   -488.525002  4  5  2  81       
PG03  -2926.607126 -17527.660283 -19845.001271   -242.310161  7  6  7  72       
PG04    294.571978 -26527.353569    835.688123   -113.479906  6  7  1  72       
PG05 -16965.597428   6454.799772  19311.817620    -16.844251  5  4  3  37       
PG06 -23335.945074   4206.487571 -11957.148279   -304.168846  6  4  3  46       
PG07 -10955.451070 -11502.890146  21651.132268   -329.185406     4  3  12       
PG08   6855.201724 -23278.524210  10497.949220    -41.259512  2  3  3  76       
PG09  -8482.641557 -22382.330192  11446.036980   -255.049589  3  3  5  51       
PG10  23961.745772  11322.739296  -3088.733503   -402.002406  8  6  2  89       
PG11  10580.908256 -24032.154426  -5518.586913   -218.787942  4  4  4  91       
PG12   1509.776454  17471.726380 -20228.193124     92.627970  5  4  5  85       
PG13 -12992.648254  17015.558163  15535.387907     27.483666  3  4  5  64       
PG14  15155.558205  -1923.975727 -21358.720187      1.983173  7  4     83       
PG15  -4440.124724  24149.873546   9309.779113   -216.976097  4  6  3 102       
PG16  15187.733695  -6368.168532  20721.389140   -183.807421  6  5  8  37       
PG17 -13547.661986  -7914.567899 -21017.732617    297.181811  6  4  6  75       
PG18  10506.540411  11332.482485  21592.387077    248.294678  6  5  5  56       
PG19 -14990.541932    680.551896 -22213.027990   -130.911506  6  5  5  90       
PG20  20062.190012  15208.909342   8740.377657    527.267440  8  7  5  77       
PG21  22297.502357  -2304.740312  14791.701232     24.687815  3  4  5  50       
PG22   5030.704121 -14992.049011 -21141.802910   -771.441230  6  2  4  73       
PG23  20378.183588  15924.974222   6017.932251      5.230225  9 12  7  68       
PG24  -8750.395049  19587.661175 -15618.000888    -15.779369  4  4  4  60       
PG25  12540.039416  18793.688664 -14408.027458     24.265684  6  5  6  58       
PG26  23444.022685   2312.546857  12449.897731    244.852898  6  6  6  59       
PG27  12297.294220 -14502.057607  18253.462530   -347.988916  3  3     69       
PG28 -22765.396622 -12621.017208  -4276.473153    698.753080  8  6  4  75       
PG29   3645.052862  24987.563215   8128.604228   -152.184937  7  6  5  84       
PG30 -19867.806585  -3836.162508  17361.624113   -263.738308  1  5  2  74       
PG31  24276.710166  -4961.921891 -10205.912990    -56.155542  7  2  3  65       
PG32  14857.002368   6389.107987 -21007.537068    318.347751  3  4  4  81       
*  2020  7 17 10 15  0.00000000
PG01   9399.521459 -18997.025889 -16024.355379     26.305108  5  2  4  53       
PG02 -21989.721489  14422.368797  -2901.118770   -488.530172  5  4  2  68       
PG03   -850.907852 -16506.662859 -20885.037844   -242.320754  8  6  6  59       
PG04    555.870530 -26458.177734  -2018.923824   -113.484052  6  7  1  52       
PG05 -18834.228906   5381.077325  17883.690132    -16.845378  5  4  4  79       
PG06 -22142.274374   3277.715910 -14278.593261   -304.173355  6  4  4  85       
PG07  -8884.186926 -12758.157014  21855.308176   -329.193504  1  4  3  63       
PG08   7131.140408 -21943.743730  12933.872596    -41.260370  1  3  3  71       
PG09  -8290.919185 -23567.781192   8942.966846   -255.055338  2  3  5  79       
PG10  24033.634314  11610.756995   -244.118181   -402.012013  8  6  3  77       
PG11  11102.120247 -24212.654594  -2834.200744   -218.778373  5  4  4  77       
PG12   -483.461330  16289.663555 -21238.368255     92.623486  5  4  4  77       
PG13 -12972.620746  15101.117653  17412.652705     27.486822  3  3  5  67       
PG14  15055.494221    604.803729 -21520.899067      1.985913  7  4     78       
PG15  -4946.759823  22943.413603  11743.687963   -216.974058  4  5  3  96       
PG16  17105.260633  -5032.505063  19614.655966   -183.811615  7  5  8  57       
PG17 -13416.561599 -10342.376115 -20048.160998    297.186895  6  4  6  97       
PG18   8373.119508  12606.820500  21814.640208    248.303101  5  5  4  78       
PG19 -14819.883726  -1787.575490 -22270.658103   -130.906850  7  5  5 110       
PG20  18889.030305  15066.483411  11206.993334    527.267209  8  7  5  90       
PG21  21029.904490  -1161.938439  16777.503634     24.692058  3  5  5  56       
PG22   7302.131664 -14014.613516 -21136.553278   -771.438895  6  3  3  93       
PG23  19515.160073  15757.562642   8705.999446      5.245963  8 12  7           
PG24 -10249.874044  20339.241428 -13551.273092    -15.780449  4  4  3  53       
PG25  10956.251192  18115.574772 -16434.921786     24.269504  6  4  6  53       
PG26  24494.757555   3093.812738  10050.982162    244.859031  7  5  6  67       
PG27  12492.351619 -12301.477473  19698.491323   -347.997499  3  2     41       
PG28 -22967.997907 -13022.220223  -1403.420547    698.749576  8  6  3  48       
PG29   3436.534067  25756.281997   5361.475865   -152.192442  7  6  5  81       
PG30 -18159.303287  -5003.635155  18854.944188   -263.745207  1  5  2  16       
PG31  23265.070387  -4144.893216 -12608.956798    -56.157734  7  2  4  50       
PG32  14873.296852   8760.475347 -20139.645518    318.353301  4  4  4  74       
*  2020  7 17 10 30  0.00000000
PG01  10867.208049 -19835.207216 -13879.060443     26.308535  5  1  3  72       
PG02 -21722.972846  13858.517712  -5700.612424   -488.535424  5  4  3  59       
PG03   1365.197751 -15556.732593 -21568.683773   -242.331181  8  6  5  49       
PG04    839.250180 -26081.682082  -4838.710224   -113.488150  6  7     46       
PG05 -20588.154454   4475.483106  16146.538133    -16.846277  5  5  4  83       
PG06 -20797.741675   2139.688167 -16354.024804   -304.177784  7  4  4  72       
PG07  -6874.733259 -14123.025322  21694.251495   -329.201185  2  4  3  65       
PG08   7504.970323 -20363.267137  15144.458909    -41.261048     3  3  79       
PG09  -8128.854683 -24470.644093   6285.554207   -255.061117  3  3  5  94       
PG10  23829.617834  11760.279004   2604.647844   -402.021615  8  5  3  61       
PG11  11476.845258 -24149.445399   -102.297439   -218.769035  5  4  4  80       
PG12  -2621.584954  15175.116606 -21891.614901     92.619405  5  4  4  92       
PG13 -13046.520402  12991.704170  18986.476739     27.489736  3  3  5  64       
PG14  15084.373479   3130.113910 -21300.464509      1.988357  7  4  2  71       
PG15  -5560.511951  21499.558499  13968.119403   -216.971492  4  5  3 102       
PG16  18963.524476  -3879.400418  18168.378269   -183.815815  8  5  8  68       
PG17 -13414.173146 -12638.850596 -18721.143587    297.191839  7  4  6  94       
PG18   6306.242672  13994.024012  21661.123814    248.311563  5  5  3  87       
PG19 -14788.586293  -4246.725808 -21955.698286   -130.902198  7  5  5  78       
PG20  17454.251497  14902.812166  13482.324947    527.266473  8  6  5  89       
PG21  19667.528049    167.983895  18486.248819     24.696112  3  5  5  70       
PG22   9597.699384 -13151.528892 -20760.593689   -771.436391  5  3  3  61       
PG23  18372.696787  15517.919311  11244.066158      5.261640  7 12  8  33       
PG24 -11522.320419  21007.750118 -11249.832346    -15.780933  4  4  4  85       
PG25   9146.539581  17434.634574 -18186.540454     24.273325  6  4  5  76       
PG26  25325.331287   3712.013643   7480.944746    244.865175  7  5  6  57       
PG27  12819.035929  -9971.567907  20797.230098   -348.006112  4  3     80       
PG28 -22909.030063 -13242.563357   1494.175026    698.746389  8  6  4  68       
PG29   3264.096473  26215.577881   2501.770248   -152.200086  7  5  4 104       
PG30 -16383.582919  -6336.293861  20027.120047   -263.752111  2  5  3  58       
PG31  22082.900123  -3131.880661 -14800.386454    -56.160106  6  3  4  40       
PG32  14999.920095  11008.620150 -18923.815889    318.358860  4  4  4  76       
*  2020  7 17 10 45  0.00000000
PG01  12088.977938 -20592.770467 -11494.284219     26.311981  4  1  3  57       
PG02 -21257.419886  13062.748511  -8400.028036   -488.540518  6  4  3  58       
PG03   3682.194659 -14705.711372 -21884.051078   -242.341585  8  6  4  70       
PG04   1180.766562 -25407.980568  -7575.024565   -113.492281  6  7     19       
PG05 -22183.689613   3732.017728  14131.017097    -16.847019  5  5  4  80       
PG06 -19347.174101    790.232425 -18147.503492   -304.182375  7  3  4  88       
PG07  -4964.124241 -15568.986153  21169.150405   -329.208807  3  4  3  54       
PG08   8001.916047 -18572.916458  17091.585091    -41.262778     3  3  49       
PG09  -7960.616161 -25077.865268   3519.713339   -255.066939  3  3  5  68       
PG10  23336.792434  11806.714230   5409.295234   -402.031218  8  5  3  61       
PG11  11732.616974 -23823.647920   2631.288985   -218.759539  4  4  4  62       
PG12  -4866.918018  14158.482741 -22176.765136     92.615067  6  4  4  79       
PG13 -13236.261613  10728.816599  20229.411820     27.492750  3  2  5  19       
PG14  15238.518153   5601.268210 -20702.037417      1.991334  8  4  2  78       
PG15  -6301.887504  19852.883498  15943.127033   -216.969434  4  5  3  84       
PG16  20715.478681  -2913.295414  16408.978847   -183.820189  9  5  8  69       
PG17 -13520.879122 -14757.860601 -17061.236414    297.197145  7  4  5  81       
PG18   4345.542858  15464.724906  21134.390537    248.320011  5  5  3  84       
PG19 -14892.649272  -6648.223284 -21273.402109   -130.897582  7  5  5  84       
PG20  15775.161202  14752.779108  15527.122622    527.266649  8  6  5  74       
PG21  18253.541291   1678.393523  19891.902076     24.700128  3  5  5  67       
PG22  11871.049519 -12414.160457 -20020.198655   -771.433697  6  3  3  76       
PG23  16958.584086  15245.292724  13588.349368      5.277274  7 12  8  28       
PG24 -12563.954515  21553.016231  -8752.817313    -15.780767  5  4  3  57       
PG25   7135.529110  16787.481649 -19633.589739     24.277161  5  4  5  78       
PG26  25905.709985   4190.251657   4783.678755    244.871313  7  5  6  73       
PG27  13287.193455  -7561.594079  21531.055217   -348.014645  5  2     58       
PG28 -22570.592928 -13316.348025   4365.945440    698.742807  7  6  5  76       
PG29   3088.810676  26357.515454   -401.115903   -152.207820  7  4  4  80       
PG30 -14583.894383  -7822.993077  20857.731114   -263.759000  3  5  4  79       
PG31  20770.517747  -1915.686195 -16742.959556    -56.162210  6  3  5  65       
PG32  15216.657508  13091.443570 -17381.549010    318.364410  4  4  4  63       
*  2020  7 17 11  0  0.00000000
PG01  13061.628858 -21225.945288  -8910.397847     26.315439  4  2  3  87       
PG02 -20628.000508  12020.118410 -10950.939315   -488.545623  6  5  4  48       
PG03   6056.007349 -13974.665572 -21825.478214   -242.351985  8  6  3  82       
PG04   1613.836929 -24455.630189 -10180.657791   -113.496447  6  7  2  43       
PG05 -23580.636561   3137.003882  11872.437884    -16.847787  5  5  4  87       
PG06 -17836.524975   -764.088863 -19627.917088   -304.186950  7  3  4  81       
PG07  -3184.259486 -17061.670337  20287.186099   -329.216634  4  4  3  47       
PG08   8640.558460 -16614.118392  18741.873476    -41.264075  2  3  3  52       
PG09  -7749.307720 -25385.037601    693.186051   -255.072773  4  2  4  64       
PG10  22550.608853  11787.874950   8122.369823   -402.040802  8  5  4  52       
PG11  11900.352773 -23223.413532   5320.177062   -218.749777  5  4  4  74       
PG12  -7176.806845  13263.575982 -22088.684426     92.610714  6  3  4  81       
PG13 -13556.536658   8358.423032  21119.848560     27.495888  3  2  4  22       
PG14  15506.178726   7969.540390 -19737.112059      1.993848  8  3  3  62       
PG15  -7184.813781  18043.273164  17633.321333   -216.967008  4  5  3  80       
PG16  22315.712607  -2129.969743  14368.029676   -183.824558  9  4  8  73       
PG17 -13710.046313 -16659.070277 -15098.940320    297.202102  7  3  5  90       
PG18   2525.046174  16983.624780  20243.431837    248.328444  5  5  3 101       
PG19 -15119.982293  -8945.110697 -20235.000281   -130.893183  7  5  5  89       
PG20  13876.653574  14648.300034  17305.914911    527.266657  7  5  6  69       
PG21  16829.791378   3355.196646  20973.491802     24.704452  3  4  5  81       
PG22  14075.132963 -11806.165162 -18928.176814   -771.431566  6  4  2  70       
PG23  15289.234515  14977.777699  15698.389048      5.292993  8 12  8           
PG24 -13379.079823  21936.499329  -6103.101126    -15.781192  4  4  3  71       
PG25   4954.822568  16206.480586 -20751.734706     24.281037  5  4  4  64       
PG26  26212.367571   4556.936223   2005.128193    244.877594  7  5  6  59       
PG27  13898.309431  -5122.513825  21887.929864   -348.023166  6  2  1  54       
PG28 -21943.151623 -13281.634712   7162.686716    698.739539  7  6  5  72       
PG29   2871.352172  26183.451913  -3297.087706   -152.215266  6  3  3  74       
PG30 -12801.867006  -9444.955155  21332.078948   -263.765930  3  5  3  66       
PG31  19370.230124   -497.145570 -18403.376134    -56.164265  6  4  6  69       
PG32  15496.961075  14972.185744 -15539.914646    318.369923  4  4  4  60       
*  2020  7 17 11 15  0.00000000
PG01  13790.720539 -21692.678815  -6171.574425     26.318916  3  2  3  84       
PG02 -19873.536910  10724.155131 -13306.954030   -488.550718  6  5  4  72       
PG03   8439.486859 -13377.119316 -21393.642981   -242.362325  7  6  3  64       
PG04   2167.742745 -23250.944021 -12610.659555   -113.500577  6  7  3  44       
PG05 -24743.729126   2669.832323   9410.117414    -16.848211  6  5  4  89       
PG06 -16311.136244  -2508.025672 -20769.532226   -304.191495  7  3  4  86       
PG07  -1560.830526 -18561.996321  19061.530797   -329.224291  5  4  3  49       
PG08   9431.965795 -14532.388227  20067.255847    -41.265021  3  4  2  53       
PG09  -7458.587335 -25396.480600  -2145.290551   -255.078596  4  2  4  80       
PG10  21475.132638  11742.376966  10697.995543   -402.050348  8  5  4  63       
PG11  12013.040958 -22344.553103   7918.184767   -218.740434  4  4  4  74       
PG12  -9505.028929  12506.785003 -21628.374323     92.606202  6  3  4  80       
PG13 -14014.144046   5929.336152  21642.402739     27.498857  3  2  4  40       
PG14  15868.069826  10189.897541 -18423.771866      1.996350  8  4  3  79       
PG15  -8215.874916  16114.414348  19008.579151   -216.964592  4  5  3  58       
PG16  23722.090381  -1516.959206  12081.623397   -183.828919 10  4  8  94       
PG17 -13949.241724 -18309.333553 -12870.037685    297.207039  6  3  5  56       
PG18    872.032438  18510.765646  19003.528583    248.336864  6  5  4  87       
PG19 -15450.880474 -11093.712456 -18857.541179   -130.888574  7  4  5  65       
PG20  11790.450730  14616.971546  18787.637219    527.266468  7  3  5  87       
PG21  15435.373918   5177.263847  21715.268542     24.708324  3  4  4  67       
PG22  16163.894719 -11323.448409 -17503.646578   -771.428672  6  4  3  44       
PG23  13389.215717  14750.719668  17537.752333      5.308725  7 11  9  17       
PG24 -13979.773414  22122.894535  -3346.563550    -15.781779  4  4  3  63       
PG25   2642.016020  15718.505615 -21521.979643     24.284912  5  4  3  70       
PG26  26229.174468   4844.497349   -807.471298    244.883711  7  5  5  50       
PG27  14645.400480  -2705.145084  21862.567684   -348.031706  6  3  2  64       
PG28 -21025.888522 -13178.549862   9837.179216    698.736502  6  6  6  82       
PG29   2573.725383  25703.945755  -6136.224960   -152.222831  6  3  3  60       
PG30 -11076.030156 -11176.301011  21441.466506   -263.772837  4  4  3  69       
PG31  17924.781820   1114.674715 -19752.840565    -56.166359  5  4  6  75       
PG32  15809.074816  16620.642864 -13431.050180    318.375479  5  4  4  76       
*  2020  7 17 11 30  0.00000000
PG01  14290.232874 -21954.373591  -3325.052517     26.322422  2  2  3  72       
PG02 -19035.148351   9177.444371 -15424.683043   -488.555948  6  5  5  78       
PG03  10784.022428 -12918.585465 -20595.573127   -242.372741  7  6  4  71       
PG04   2866.295533 -21827.015714 -14823.119649   -113.504674  5  7  3  51       
PG05 -25643.889279   2303.973798   6786.672524    -16.849550  6  5  4  74       
PG06 -14814.034242  -4418.028190 -21552.454053   -304.196032  6  3  4  95       
PG07   -112.467145 -20027.523365  17511.255046   -329.231964  5  3  3  69       
PG08  10379.133941 -12375.672514  21045.432059    -41.265814  5  4  2  69       
PG09  -7054.265083 -25124.994167  -4946.830187   -255.084439  5  2  3  73       
PG10  20122.993670  11708.019794  13092.609948   -402.059905  8  5  4  68       
PG11  12104.329037 -21190.901249  10380.110310   -218.730986  5  4  4  66       
PG12 -11803.342240  11896.512893 -20802.988808     92.601814  6  3  4  72       
PG13 -14607.643181   3491.483112  21788.183515     27.501793  4  2  3  51       
PG14  16298.223890  12222.568607 -16786.272618      1.999259  8  4  4  32       
PG15  -9393.863568  14112.141095  20044.635628   -216.962125  4  5  3  66       
PG16  24897.253088  -1054.286065   9589.690032   -183.833199 10  4  8  93       
PG17 -14201.683941 -19683.784524 -10414.834254    297.212271  6  2  4  78       
PG18   -593.837878  20002.994399  17435.992160    248.345314  6  5  5  82       
PG19 -15858.789881 -13055.085020 -17163.651743   -130.884132  7  4  4  92       
PG20   9554.084610  14680.887678  19946.195964    527.266453  6  2  5  70       
PG21  14105.334448   7117.090163  22106.799929     24.712611  4  4  4  51       
PG22  18093.928982 -10954.446297 -15771.684896   -771.426012  6  4  3  40       
PG23  11290.474034  14595.235547  19074.668372      5.324413  8 11  9   7       
PG24 -14385.265776  22081.639722   -531.284402    -15.783010  4  4  3  77       
PG25    239.496036  15343.909208 -21930.977502     24.288802  5  4  1  48       
PG26  25948.019245   5087.952302  -3606.366829    244.889824  7  5  5  62       
PG27  15513.259286   -358.358806  21456.462322   -348.040256  7  3  3  64       
PG28 -19826.724805 -13047.563034  12344.927246    698.733113  5  6  6  80       
PG29   2160.934211  24938.321163  -8869.648115   -152.230450  6  3  3  61       
PG30  -9440.453955 -12984.861834  21183.383273   -263.779798  4  4  3  70       
PG31  16475.788146   2902.585218 -20767.568970    -56.168593  5  4  6  71       
PG32  16117.367535  18014.130658 -11091.577904    318.381017  5  4  4  45       
*  2020  7 17 11 45  0.00000000
PG01  14581.889097 -21977.522805   -420.318769     26.325950  3  3  3  68       
PG02 -18154.545500   7391.853015 -17264.687294   -488.560965  6  4  5  86       
PG03  13041.218392 -12596.413244 -19444.552982   -242.383138  6  5  4  78       
PG04   3726.718885 -20222.493457 -16779.895591   -113.508830  5  7  4  39       
PG05 -26259.249804   2008.214046   4047.270967    -16.850302  6  6  4  63       
PG06 -13384.325268  -6462.962344 -21962.984907   -304.200516  6  3  4  99       
PG07   1149.859661 -21413.966789  15661.137301   -329.239636  6  3  3  77       
PG08  11476.755683 -10192.617092  21660.217317    -41.266638  6  3  2  46       
PG09  -6505.818817 -24591.296920  -7663.242227   -255.090255  5  2  3  77       
PG10  18515.027244  11720.206397  15265.663126   -402.069464  8  5  4  72       
PG11  12207.064112 -19774.392182  12662.535522   -218.721722  5  4  4  84       
PG12 -14023.121894  11432.920611 -19625.761925     92.597246  6  3  4  82       
PG13 -15327.348968   1094.139146  21554.938728     27.504768  4  2  3  68       
PG14  16765.121387  14034.385746 -14854.508094      2.001385  8  4  3  51       
PG15 -10709.668527  12082.704361  20723.542965   -216.960036  4  5  3  93       
PG16  25809.931447   -715.466682   6935.274285   -183.837455 10  3  7  69       
PG17 -14427.863062 -20766.584291  -7777.329532    297.217466  6  2  3  84       
PG18  -1861.096902  21415.564789  15567.800158    248.353756  6  4  5  90       
PG19 -16311.337767 -14796.304119 -15181.219420   -130.879580  7  4  4  79       
PG20   7209.654736  14855.672378  20760.956957    527.266303  6     5  81       
PG21  12869.537044   9141.663236  22143.009312     24.716764  4  4  3  72       
PG22  19826.035617 -10680.721349 -13762.856680   -771.423675  7  4  3  66       
PG23   9031.278034  14536.909357  20282.582438      5.340076  9 10  9  26       
PG24 -14621.030720  21788.260164   2293.327103    -15.783978  4  4  2  70       
PG25  -2206.940491  15095.737646 -21971.264310     24.292650  4  4     76       
PG26  25369.141302   5323.379797  -6344.067083    244.895904  6  6  5  55       
PG27  16479.036942   1872.630403  20677.787009   -348.048850  7  3  3  78       
PG28 -18362.023281 -12927.801038  14644.811976    698.729845  4  5  6  67       
PG29   1602.533377  23913.906262 -11450.361874   -152.238070  5  3  2  59       
PG30  -7923.563012 -14833.244449  20561.590837   -263.786701  4  4  3  79       
PG31  15062.208345   4841.687468 -21429.233066    -56.170645  5  5  6  81       
PG32  16383.819312  19138.160112  -8561.952835    318.386553  5  4  4  25       
*  2020  7 17 12  0  0.00000000
PG01  14694.165522 -21735.173196   2491.776474     26.329350  4  3  3  82       
PG02 -17272.279267   5388.364090 -18792.372016   -488.566135  7  4  6  75       
PG03  15164.574000 -12399.959692 -17959.925851   -242.393556  6  5  5  50       
PG04   4758.790962 -18480.151161 -18447.273414   -113.513010  5  7  4  55       
PG05 -26575.907484   1748.061464   1238.853319    -16.851041  6  5  3  77       
PG06 -12055.753728  -8605.126824 -21993.874837   -304.205005  6  4  4  80       
PG07   2223.148916 -22676.823878  13541.369795   -329.247373  5  3  4  55       
PG08  12711.324985  -8030.828823  21901.774875    -41.267314  6  4  2  38       
PG09  -5787.767981 -23823.172145 -10247.860329   -255.096099  6  2  2  87       
PG10  16679.619599  11810.460348  17180.271272   -402.079035  7  5  4  69       
PG11  12351.841298 -18114.833423  14724.637541   -218.711891  6  5  5  83       
PG12 -16117.027004  11107.985902 -18115.844776     92.592534  6  3  4  71       
PG13 -16155.665827  -1215.804815  20947.075455     27.507654  5  2  2  65       
PG14  17233.045096  15599.847586 -12663.375914      2.003844  8  4  3  75       
PG15 -12146.502291  10071.042533  21033.985328   -216.957623  4  6  4  80       
PG16  26436.025050   -468.751860   4163.787564   -183.842026 10  4  6  75       
PG17 -14587.257166 -21551.301869  -5004.339653    297.222663  6  2  1  95       
PG18  -2926.721015  22703.815041  13431.132640    248.362263  7  4  6  94       
PG19 -16771.593417 -16291.542926 -12942.996105   -130.875069  7  4  4  88       
PG20   4802.406525  15149.768108  21217.147125    527.266223  5     4  75       
PG21  11751.729301  11213.508544  21824.164568     24.720738  5  4  2  56       
PG22  21326.614044 -10477.846047 -11512.635677   -771.421052  7  4  3  71       
PG23   6654.922110  14594.714011  21140.619397      5.355790  8 10  9           
PG24 -14717.619235  21225.491031   5077.449276    -15.784937  4  4  2  40       
PG25  -4649.597388  14979.222871 -21641.414442     24.296642  5  4  1  72       
PG26  24501.162944   5586.358742  -8974.114910    244.901928  6  6  6  92       
PG27  17513.134643   3947.809549  19541.171379   -348.057391  8  3  4  48       
PG28 -16655.995087 -12855.459981  16699.655296    698.726430  2  5  6  79       
PG29    873.999841  22664.976020 -13834.061672   -152.245531  5  4  2  43       
PG30  -6547.169430 -16680.113018  19586.104648   -263.793597  4  4  3  84       
PG31  13718.915212   6900.084781 -21725.331014    -56.173008  4  5  6  59       
PG32  16569.603067  19986.802707  -5885.753640    318.392103  5  4  4  31       
*  2020  7 17 12 15  0.00000000
PG01  14661.023649 -21208.151016   5359.953409     26.332847  4  3  4  89       
PG02 -16426.023083   3196.517846 -19978.796485   -488.571034  7  4  5  83       
PG03  17111.103071 -12311.080041 -16166.793398   -242.403939  6  4  5  72       
PG04   5964.281580 -16645.312474 -19796.550035   -113.517144  4  7  4  80       
PG05 -26588.381884   1487.271643  -1590.660867    -16.851920  6  5  2  80       
PG06 -10855.479403 -10801.533387 -21644.458740   -304.209562  6  4  5  89       
PG07   3112.375136 -23773.052063  11187.156437   -329.255277  6  2  4  64       
PG08  14061.569019  -5935.198242  21766.733529    -41.268086  6  4  3  75       
PG09  -4880.852053 -22854.355661 -12656.340588   -255.101914  5  2  1  62       
PG10  14651.781009  12005.094895  18803.816571   -402.088778  7  6  4  66       
PG11  12565.619073 -16239.374935  16528.991614   -218.702503  6  5  5  81       
PG12 -18040.638420  10905.878755 -16298.050498     92.588015  6  3  4  73       
PG13 -17067.746538  -3395.472042  19975.556783     27.510786  6  3  2  67       
PG14  17663.597748  16901.867094 -10252.063019      2.006630  8  4  3  33       
PG15 -13680.456520   8119.127822  20971.444411   -216.955212  5  5  3  90       
PG16  26759.414204   -278.548709   1322.247471   -183.846355 10  3  6  80       
PG17 -14640.071773 -22040.923532  -2144.595986    297.227640  5  2    105       
PG18  -3796.051610  23824.856153  11062.816797    248.370679  6  3  6  81       
PG19 -17199.517199 -17522.901462 -10486.125534   -130.870405  6  3  3  99       
PG20   2379.182576  15564.011597  21306.159664    527.265941  4     4  87       
PG21  10768.827054  13291.877670  21155.822048     24.725120  5  4  1  69       
PG22  22568.837735 -10316.536005  -9060.730538   -771.418707  7  4  3  62       
PG23   4208.239710  14780.201763  21633.948211      5.371443  9 10  9  13       
PG24 -14709.283469  20384.126385   7771.790713    -15.785283  4  4  3  77       
PG25  -7040.469682  14991.571141 -20946.112599     24.300527  5  4  2  71       
PG26  23360.819930   5910.429605 -11451.843242    244.908032  5  6  6  71       
PG27  18580.364344   5833.690540  18067.365190   -348.065945  8  3  4  66       
PG28 -14739.841772 -12862.368705  18476.695337    698.723100     5  6  68       
PG29    -42.129034  21231.441893 -15979.889249   -152.253206  5  4  2  63       
PG30  -5325.763722 -18481.640809  18273.069087   -263.800543  4  4  3  61       
PG31  12475.415592   9039.869907 -21649.475693    -56.175038  4  5  6  68       
PG32  16636.699635  20562.734509  -3108.929655    318.397707  5  4  4  55       
*  2020  7 17 12 30  0.00000000
PG01  14520.413688 -20385.994877   8133.466788     26.336369  5  4  4  79       
PG02 -15648.969421    853.473491 -20801.368557   -488.576153  7  4  5  82       
PG03  18842.831936 -12304.919954 -14095.614881   -242.414335  6  4  5  69       
PG04   7336.706297 -14764.188814 -20804.527133   -113.521278  5  6  5  94       
PG05 -26299.766061   1189.429713  -4393.170015    -16.852671  5  5  2  88       
PG06  -9803.121875 -13005.401610 -20920.676953   -304.214105  6  3  5  73       
PG07   3830.179057 -24662.735697   8638.200942   -329.262957  6  2  4  69       
PG08  15499.187922  -3946.346670  21258.191555    -41.268912  6  4  4  76       
PG09  -3772.968046 -21723.209614 -14847.415735   -255.107773  6  2  1  54       
PG10  12471.979038  12324.083179  20108.485445   -402.098432  6  6  4  62       
PG11  12870.461087 -14181.683748  18042.345276   -218.692627  6  4  5  78       
PG12 -19754.007775  10803.643428 -14202.506708     92.583911  6  4  4  67       
PG13 -18032.448088  -5407.463711  18657.678544     27.513450  6  2  2  95       
PG14  18017.317353  17932.181475  -7663.270953      2.009116  7  5  3  32       
PG15 -15281.358140   6264.458725  20538.215483   -216.952930  5  5  3 105       
PG16  26772.480843   -106.968389  -1541.483992   -183.850794 10  3  5  90       
PG17 -14548.930814 -22247.500893    752.158823    297.232627  5  2     85       
PG18  -4482.388612  24739.205243   8503.689541    248.379020  5  3  6  90       
PG19 -17553.548162 -18480.954996  -7851.596383   -130.865910  6  3  3  96       
PG20    -13.194674  16091.516972  21025.753961    527.265614  4     3  78       
PG21   9930.436477  15334.043177  20148.728861     24.728967  5  5     77       
PG22  23533.562276 -10163.983983  -6450.332202   -771.416187  7  4  3  78       
PG23   1739.983170  15096.995356  21754.040974      5.387071  9  9  9           
PG24 -14632.447444  19263.554477  10328.536463    -15.784882  4  4  3  79       
PG25  -9332.858498  15122.059440 -19896.138396     24.304425  5  4  3  77       
PG26  21972.400181   6325.635631 -13735.104107    244.914123  4  6  6  74       
PG27  19641.328238   7504.364121  16282.800560   -348.074501  8  4  4  53       
PG28 -12650.671166 -12974.748588  19947.976584    698.719767     5  5  62       
PG29  -1155.394486  19657.339749 -17851.124771   -152.260696  5  5  2  70       
PG30  -4266.093073 -20193.078440  16644.524724   -263.807443  4  4  3  76       
PG31  11354.772374  11218.358729 -21201.590929    -56.177429  4  5  6  65       
PG32  16549.484337  20876.960622   -279.017114    318.403207  5  5  4  45       
*  2020  7 17 12 45  0.00000000
PG01  14312.610062 -19267.550832  10763.077322     26.339843  5  4  4  70       
PG02 -14968.418412  -1597.273423 -21244.396168   -488.581205  6  4  5  85       
PG03  20328.118000 -12350.980800 -11781.710889   -242.424704  6  4  5  83       
PG04   8861.407514 -12882.195829 -21453.908147   -113.525416  5  6  5  79       
PG05 -25721.566897    819.530452  -7121.178703    -16.853507  5  4  2  67       
PG06  -8910.109671 -15167.810607 -19834.978312   -304.218655  6  4  5 103       
PG07   4396.246894 -25310.674622   5938.086550   -329.270911  6  2  4  77       
PG08  16989.870743  -2099.255171  20385.610757    -41.269622  7  4  4  67       
PG09  -2459.830988 -20471.234138 -16783.592989   -255.113620  5  2     67       
PG10  10184.773007  12780.172055  21071.737534   -402.108045  5  6  4  71       
PG11  13282.461820 -11980.847464  19236.342160   -218.683431  6  4  6  67       
PG12 -21223.059975  10772.165844 -11864.216071     92.579218  6  4  3  67       
PG13 -19013.544797  -7221.100059  17016.732221     27.516563  7  2  2  88       
PG14  18255.322769  18691.416412  -4942.400946      2.011760  7  5  3  78       
PG15 -16913.885529   4538.760426  19743.278699   -216.950741  6  5  4  98       
PG16  26476.325626     84.558280  -4379.453846   -183.855317  9  3  5  81       
PG17 -14280.452729 -22191.462436   3636.058034    297.237857  4  1  1  64       
PG18  -5006.273205  25412.300325   5797.889201    248.387425  5  3  6 100       
PG19 -17792.274531 -19164.998082  -5083.624389   -130.861329  6  3  2  99       
PG20  -2329.546777  16717.874581  20380.143337    527.265519  3  1  3  92       
PG21   9238.625480  17296.661914  18818.684935     24.733533  5  5     82       
PG22  24209.931876  -9985.337630  -3727.300533   -771.413588  7  5  3  82       
PG23   -700.867676  15540.600032  21498.821872      5.402764  9  9  9           
PG24 -14524.089121  17871.952611  12702.274090    -15.784748  4  4  3  79       
PG25 -11482.953392  15352.440299 -18508.259798     24.308355  6  4  4  68       
PG26  20366.910681   6857.198312 -15784.960784    244.920226  4  6  6  52       
PG27  20653.959539   8942.249145  14219.065602   -348.083100  7  4  3  41       
PG28 -10430.230456 -13212.205735  21090.659057    698.716535     4  5  65       
PG29  -2466.865465  17989.175055 -19415.804392   -152.268616  5  5  2  73       
PG30  -3367.045677 -21770.379409  14728.068483   -263.814334  4  4  4  66       
PG31  10372.772675  13389.529022 -20388.006762    -56.179474  4  5  6  73       
PG32  16276.224846  20948.233381   2555.662407    318.408724  5  5  4  73       
*  2020  7 17 13  0  0.00000000
PG01  14078.448406 -17861.199295  13202.006587     26.343361  6  5  4  68       
PG02 -14404.628470  -4107.463564 -21299.472954   -488.586527  6  4  5  79       
PG03  21542.737372 -12414.418236  -9264.678062   -242.435100  7  4  5  83       
PG04  10515.959781 -11042.313256 -21733.591851   -113.529589  5  6  5  91       
PG05 -24873.244096    345.497218  -9728.566209    -16.854139  5  4  2  64       
PG06  -8179.359641 -17239.443795 -18406.106954   -304.223232  5  3  5  99       
PG07   4836.394657 -25687.827380   3133.552525   -329.278487  6  2  4  89       
PG08  18494.546096   -422.124721  19164.605973    -41.271178  7  4  4  75       
PG09   -945.332186 -19141.474659 -18431.784435   -255.119522  5  1  1  72       
PG10   7837.297959  13378.273719  21676.698179   -402.117548  4  6  3  87       
PG11  13810.908315  -9680.043320  20088.172596   -218.673638  7  4  6  72       
PG12 -22420.794987  10777.394191  -9322.527149     92.574719  6  4  4  65       
PG13 -19971.148919  -8813.392236  15081.562512     27.519524  7  2  3  88       
PG14  18340.923396  19188.811332  -2136.717918      2.014423  6  5  3  79       
PG15 -18538.893465   2966.943845  18602.034905   -216.948508  6  5  4 110       
PG16  25880.678758    333.655811  -7144.354955   -183.859857  9  4  5  78       
PG17 -13806.652946 -21900.625511   6457.964657    297.243050  4  2  2  80       
PG18  -5394.488479  25815.837375   2992.088822    248.395777  4  5  6  98       
PG19 -17876.126917 -19582.970821  -2228.968280   -130.856705  6  3  2  93       
PG20  -4527.906049  17421.661178  19379.965616    527.265466  3  2  3  99       
PG21   8687.950707  19137.167310  17186.364548     24.737102  5  5  1  90       
PG22  24595.662444  -9745.258395   -939.309243   -771.411576  7  5  4  71       
PG23  -3066.803151  16098.544012  20872.703399      5.418444  9  9  9  22       
PG24 -14420.103379  16226.130070  14850.875985    -15.784938  5  4  3 108       
PG25 -13451.324797  15657.644958 -16805.032148     24.312174  7  4  4  77       
PG26  18581.002255   7524.376908 -17566.333403    244.926336  3  6  5  64       
PG27  21575.162424  10138.514670  11912.303142   -348.091669  7  4  3  29       
PG28  -8123.503145 -13586.982370  21887.251786    698.713121  2  4  4  59       
PG29  -3968.918658  16274.189277 -20647.253675   -152.275988  6  5  3  74       
PG30  -2619.848192 -23171.820300  12556.409685   -263.821201  4  3  4  48       
PG31   9537.379016  15505.613961 -19221.445809    -56.181524  4  5  6  50       
PG32  15790.434137  20802.188818   5346.808604    318.414216  5  5  3  77       
*  2020  7 17 13 15  0.00000000
PG01  13857.539355 -16184.699595  15406.851008     26.346835  6  6  4  72       
PG02 -13969.986291  -6625.865323 -20965.681722   -488.591387  6  3  5  90       
PG03  22470.698313 -12457.524812  -6587.723199   -242.445487  7  4  4  78       
PG04  12270.883850  -9283.551282 -21638.857827   -113.533720  5  6  5 101       
PG05 -23781.467038   -260.416178 -12171.325237    -16.854946  5  4  3  52       
PG06  -7605.299014 -19172.358865 -16658.776367   -304.227826  5  3  5  93       
PG07   5181.387646 -25772.544542    273.676888   -329.286532  6  3  4  77       
PG08  19970.817929   1064.492699  17616.636771    -41.271810  7  5  4  64       
PG09    758.418260 -17776.886195 -19763.860117   -255.125331  5  1  2  56       
PG10   5477.652139  14115.159810  21912.467542   -402.127204  3  6  3  83       
PG11  14457.721983  -7325.022190  20581.128099   -218.664095  6  4  6  83       
PG12 -23328.240624  10781.770248  -6620.519495     92.570128  6  4  5 102       
PG13 -20863.281122 -10169.709413  12886.029963     27.522679  7  3  3 104       
PG14  18241.130858  19441.625485    705.489060      2.016927  6  5  3  84       
PG15 -20114.887696   1566.360908  17135.918771   -216.946017  6  5  5 108       
PG16  25003.512044    675.426810  -9790.239286   -183.864127  8  4  5  40       
PG17 -13106.123438 -21408.955624   9170.278423    297.248573  5  2  3  69       
PG18  -5678.817747  25928.877440    134.684797    248.404250  4  5  6 104       
PG19 -17769.031379 -19751.064919    663.814002   -130.851958  6  3  3  62       
PG20  -6570.962996  18175.244313  18042.133934    527.266026  4  3  4 110       
PG21   8265.740657  20815.150413  15277.095362     24.741617  4  5  2 100       
PG22  24696.993399  -9409.496434   1865.031484   -771.409007  8  5  4  76       
PG23  -5313.422486  16750.842148  19886.509215      5.434037  9 10  9  53       
PG24 -14353.716952  14351.023622  16736.315213    -15.785446  5  3  3  89       
PG25 -15204.270836  16006.763896 -14814.500495     24.316043  7  4  5  50       
PG26  16655.690639   8339.555494 -19048.588563    244.932412  3  6  4  59       
PG27  22362.486914  11093.165496   9402.548408   -348.100287  7  5  3  58       
PG28  -5777.218379 -14103.485328  22325.775970    698.710075  2  4  4  74       
PG29  -5645.357429  14558.614028 -21524.528926   -152.283661  5  5  3  86       
PG30  -2008.570981 -24359.552110  10166.827219   -263.828123  4  3  4  67       
PG31   8848.490469  17518.792196 -17720.894330    -56.183765  4  5  6  78       
PG32  15072.028204  20470.235953   8046.941851    318.419722  5  5  3  77       
*  2020  7 17 13 30  0.00000000
PG01  13686.536544 -14264.655358  17338.431068     26.350348  6  6  4  69       
PG02 -13668.537147  -9100.201623 -20249.607397   -488.596658  6  3  5  97       
PG03  23104.747354 -12441.339407  -3796.927048   -242.455765  7  4  3  74       
PG04  14090.642068  -7639.582131 -21171.441119   -113.537819  5  5  5  99       
PG05 -22479.118653  -1020.391646 -14408.261764    -16.855962  5  4  3  93       
PG06  -7174.228850 -20921.713993 -14623.236417   -304.232416  5  3  5 110       
PG07   5465.538469 -25551.533847  -2591.020631   -329.294056  6  4  3  78       
PG08  21374.530807   2348.263163  15768.609113    -41.273857  6  5  4  76       
PG09   2631.366166 -16418.717221 -20757.115561   -255.131126  5  1  2  87       
PG10   3153.246043  14979.472179  21774.340039   -402.136763  2  5  2 102       
PG11  15217.213222  -4962.467878  20705.038073   -218.654416  7  4  6  97       
PG12 -23935.116169  10745.819670  -3804.309170     92.565796  6  4  5  63       
PG13 -21647.527897 -11284.118303  10468.390620     27.525688  7  3  4  86       
PG14  17928.016829  19474.256194   3535.734235      2.019287  6  5  3  91       
PG15 -21599.585430    346.379295  15371.904833   -216.944001  7  5  5 103       
PG16  23870.369064   1140.976802 -12273.201723   -183.868562  7  5  5  74       
PG17 -12164.950785 -20755.127095  11727.685436    297.253669  5  2  3  29       
PG18  -5894.609878  25738.680510  -2725.044583    248.412639  5  6  6  96       
PG19 -17439.958873 -19693.018746   3545.160334   -130.847711  5  4  3  86       
PG20  -8427.336005  18945.851342  16389.567777    527.265768  4  4  4 109       
PG21   7952.629589  22293.689043  13120.591630     24.745680  4  5  3  85       
PG22  24528.314404  -8946.416801   4637.055524   -771.406447  8  5  5  83       
PG23  -7400.950779  17470.764747  18557.285000      5.449668  9 10  9  59       
PG24 -14354.024322  12278.866124  18325.394134    -15.784629  5  3  3  95       
PG25 -16714.966311  16364.272952 -12569.804210     24.319999  8  5  5  64       
PG26  14634.919767   9307.593153 -20206.063885    244.938503  3  6  3  76       
PG27  22975.774963  11814.794587   6733.019449   -348.108902  6  5  3  69       
PG28  -3438.321617 -14758.100848  22399.862855    698.706549  4  3  3  78       
PG29  -7471.864757  12885.979421 -22032.760158   -152.291326  5  6  4  90       
PG30  -1510.923306 -25301.020701   7600.535585   -263.835022  4  3  4  53       
PG31   8298.029194  19382.910274 -15911.353704    -56.185861  3  5  6  77       
PG32  14108.245879  19988.242155  10610.183673    318.425290  5  5  3  67       
*  2020  7 17 13 45  0.00000000
PG01  13597.534419 -12135.621360  18962.553482     26.353871  6  6  4  69       
PG02 -13495.897209 -11479.120976 -19165.159550   -488.601714  5  3  4 102       
PG03  23446.546664 -12327.320644   -940.449899   -242.466129  7  4  2  91       
PG04  15934.876791  -6137.588975 -20339.495257   -113.541930  5  5  5  89       
PG05 -21004.083711  -1950.025681 -16401.647613    -16.856535  5  4  3 100       
PG06  -6865.014056 -22447.382881 -12334.741205   -304.236999  4  2  5 111       
PG07   5725.138962 -25020.508260  -5409.537002   -329.302119  6  4  3 102       
PG08  22661.405217   3425.322592  13652.395580    -41.275337  6  5  4  75       
PG09   4646.094646 -15104.974508 -21394.646895   -255.136906  5     3  90       
PG10    909.173268  15952.053294  21263.928367   -402.146394  1  4  2 101       
PG11  16076.167868  -2638.300633  20456.569638   -218.644837  7  4  6  95       
PG12 -24240.176173  10629.841702   -922.283077     92.561158  6  4  6  45       
PG13 -22282.720305 -12159.385471   7870.605859     27.528633  7  3  4  73       
PG14  17379.869176  19317.110075   6306.137188      2.021865  6  5  4  88       
PG15 -22951.496666   -691.714637  13341.923784   -216.941351  7  5  5  98       
PG16  22513.438829   1756.091199 -14552.029330   -183.872777  7  5  5  75       
PG17 -10977.345451 -19980.943779  14087.842932    297.258872  5  3  3  35       
PG18  -6079.208534  25241.233576  -5537.795499    248.421015  6  7  6  90       
PG19 -16864.309283 -19439.122597   6365.340075   -130.842874  5  4  3  63       
PG20 -10072.611406  19696.861935  14450.807113    527.265449  4  4  5 106       
PG21   7723.330679  23540.584602  10750.637035     24.750085  4  4  3  84       
PG22  24111.486515  -8328.415464   7328.906290   -771.404032  7  5  5  65       
PG23  -9295.576093  18225.881572  16908.000700      5.465311  8 11  9  72       
PG24 -14444.707949  10048.063682  19590.367814    -15.783994  5  3  3 101       
PG25 -17964.367246  16691.463081 -10108.684601     24.323846  8  5  4  78       
PG26  12564.019249  10425.463782 -21018.518836    244.944589  3  6     69       
PG27  23378.716803  12320.017943   3949.373496   -348.117525  6  6  3  68       
PG28  -1152.455026 -15539.296712  22108.790601    698.703479  4  3  2  34       
PG29  -9416.772600  11295.540628 -22163.391094   -152.299089  5  6  4  86       
PG30  -1099.308530 -25970.198623   4901.969997   -263.841972  4  4  4  82       
PG31   7870.355008  21055.169520 -13823.470691    -56.188127  3  5  6  78       
PG32  12894.297025  19395.064781  12993.007213    318.430799  5  6  3  82       
*  2020  7 17 14  0  0.00000000
PG01  13616.665823  -9838.889182  20250.666727     26.357420  6  6  4  98       
PG02 -13439.549173 -13714.119988 -17733.213035   -488.606789  5  3  4 102       
PG03  23506.514001 -12079.018057   1932.307242   -242.476461  8  5     77       
PG04  17759.844169  -4797.375699 -19157.444768   -113.546073  5  5  5 108       
PG05 -19397.866378  -3057.557605 -18117.818290    -16.857479  5  4  3  98       
PG06  -6650.072023 -23715.395581  -9832.927600   -304.241578  3  1  5 102       
PG07   5996.791370 -24184.480897  -8131.383169   -329.309756  6  4  2 105       
PG08  23788.681743   4300.205619  11304.283320    -41.276491  6  5  4  71       
PG09   6768.690127 -13869.026958 -21665.628298   -255.142556  5  1  3 113       
PG10  -1213.336422  17006.587580  20389.187271   -402.155994  1  3  3 100       
PG11  17014.268800   -395.999094  19839.375424   -218.634985  6  5  5 100       
PG12 -24251.215762  10395.633015   1975.726899     92.556888  6  5  6  81       
PG13 -22730.568483 -12806.646105   5137.596353     27.531691  6  3  4  63       
PG14  16582.107907  19005.275410   8970.188291      2.024386  5  5  4  69       
PG15 -24131.462947  -1554.490121  11082.207184   -216.939280  7  4  5 107       
PG16  20970.405942   2540.109012 -16588.811486   -183.877168  6  6  4  75       
PG17  -9545.966437 -19129.680759  16211.994140    297.264116  5  3  3  76       
PG18  -6270.307503  24441.452317  -8255.094443    248.429460  7  8  7  91       
PG19 -16025.072408 -19024.967179   9075.317530   -130.838716  5  4  3  80       
PG20 -11490.110906  20389.273056  12259.515432    527.265663  5  5  5  95       
PG21   7547.630431  24529.466829   8204.711957     24.753702  4  4  3 102       
PG22  23474.889330  -7533.169527   9894.370386   -771.401761  7  5  5  68       
PG23 -10970.555588  18979.340251  14967.149477      5.480856  8 11  9  43       
PG24 -14642.997459   7701.829993  20509.447886    -15.783368  5  3  2  97       
PG25 -18941.832078  16948.022505  -7472.898428     24.327702  8  6  4  64       
PG26  10488.112345  11682.201697 -21471.503615    244.950712  3  5     84       
PG27  23540.261382  12632.618429   1098.941773   -348.126179  5  6  3  68       
PG28   1037.505484 -16428.005022  21457.463360    698.700024  4  3  2  66       
PG29 -11442.118279   9820.881765 -21914.313210   -152.306869  6  6  5  98       
PG30   -742.098253 -26348.577387   2118.003127   -263.848887  5  4  4  88       
PG31   7542.996859  22497.708578 -11493.048052    -56.190477  2  5  6  84       
PG32  11433.715442  18730.984441  15154.947325    318.436313  5  6  3  79       
*  2020  7 17 14 15  0.00000000
PG01  13762.960044  -7421.003703  21180.393795     26.360946  5  6  3  85       
PG02 -13479.502188 -15761.328548 -15981.083018   -488.611780  4  2  4 103       
PG03  23303.329980 -11663.674219   4771.570720   -242.486812  8  5     83       
PG04  19519.988183  -3630.770812 -17645.730156   -113.550169  6  5  5  98       
PG05 -17704.087071  -4343.375222 -19527.709102    -16.858131  4  4  3 106       
PG06  -6496.620027 -24699.148966  -7161.116053   -304.246144  3  1  4  86       
PG07   6315.711220 -23057.686183 -10707.594458   -329.317494  6  4  1  94       
PG08  24716.713450   4985.457585   8764.359255    -41.278100  5  5  4  66       
PG09   8959.860354 -12738.400903 -21565.487983   -255.148315  5  1  3 102       
PG10  -3178.323374  18110.533365  19164.333233   -402.165569  1  2  3 100       
PG11  18004.839437   1724.983850  18864.079245   -218.625506  6  5  5 100       
PG12 -23984.731630  10008.176994   4839.316477     92.552102  5  5  6  87       
PG13 -22957.188911 -13244.755859   2316.454563     27.534409  6  4  5  41       
PG14  15527.932409  18577.048997  11483.468742      2.027005  5  5  4  67       
PG15 -25104.094394  -2255.841754   8632.578750   -216.937122  7  4  5 103       
PG16  19283.116829   3505.031513 -18349.506536   -183.881502  5  6  4  64       
PG17  -7881.936546 -18244.407904  18065.510409    297.269301  6  3  4  92       
PG18  -6504.297149  23353.048665 -10830.138163    248.437915  8  9  7  85       
PG19 -14913.715010 -18489.979609  11627.628223   -130.833981  6  4  3  77       
PG20 -12671.354418  20983.277457   9853.880443    527.265594  4  5  4 101       
PG21   7391.579564  25240.728301   5523.559616     24.757874  4  4  4  79       
PG22  22652.235960  -6544.673978  12289.664539   -771.399662  7  4  5  76       
PG23 -12407.048699  19691.329069  12768.250528      5.496528  7 12  8  15       
PG24 -14958.911030   5286.636965  21067.176518    -15.784909  5  3  3 101       
PG25 -19645.430149  17093.712222  -4707.542666     24.331641  8  6  3  97       
PG26   8450.533227  13059.158257 -21556.638602    244.956824  2  5  2  77       
PG27  23435.831326  12782.434771  -1770.045688   -348.134811  5  6  2  44       
PG28   3092.811967 -17398.271674  20456.334588    698.696879  4  4  2  74       
PG29 -13504.947788   8488.749226 -21289.892479   -152.314426  6  6  5 106       
PG30   -405.074633 -26425.878446   -702.891765   -263.855838  5  4  4  96       
PG31   7287.676208  23679.014965  -8960.440673    -56.192556  2  5  6 100       
PG32   9738.403519  18036.098483  17059.260599    318.441859  4  6  2  75       
*  2020  7 17 14 30  0.00000000
PG01  14047.509718  -4932.074559  21735.930196     26.364468  5  6  3 102       
PG02 -13589.278629 -17583.078241 -13941.857068   -488.616844  3  2  4 103       
PG03  22863.130832 -11053.693092   7528.075245   -242.497171  8  6  1  91       
PG04  21169.594445  -2641.347339 -15830.450091   -113.554362  6  5  5  90       
PG05 -15966.912784  -5799.816172 -20607.323251    -16.858875  4  4  3 106       
PG06  -6368.131285 -25380.339861  -4365.546864   -304.250661  2  1  4  82       
PG07   6714.077825 -21663.124029 -13091.726165   -329.325398  6  5  1  97       
PG08  25410.448340   5500.946915   6075.842348    -41.280403  5  5  4  65       
PG09  11176.262379 -11733.811948 -21095.980469   -255.154060  5  2  3 100       
PG10  -4956.309346  19226.313709  17609.657649   -402.175113  2  3  4 112       
PG11  19015.879329   3690.638617  17548.095612   -218.615713  6  5  5  95       
PG12 -23465.246983   9437.229334   7618.412384     92.547601  5  5  6  90       
PG13 -22934.466472 -13499.354240   -544.369758     27.537389  6  4  5  62       
PG14  14218.681886  18072.373793  13804.318375      2.029638  5  5  5  69       
PG15 -25839.052367  -2816.184330   6035.709635   -216.934688  7  5  5  77       
PG16  17496.107141   4654.896634 -19804.460598   -183.885579  5  6  3  88       
PG17  -6004.553936 -17366.354263  19618.359471    297.274274  6  3  4  83       
PG18  -6814.667202  21998.069579 -13218.602762    248.446352  8  9  7  72       
PG19 -13530.752240 -17875.801256  13977.251024   -130.829107  6  5  4  72       
PG20 -13616.198844  21439.891330   7275.924023    527.265249  4  6  4 101       
PG21   7218.848494  25662.252982   2750.685916     24.761817  4  4  4  79       
PG22  21681.205789  -5354.026943  14474.163015   -771.397270  6  3  4  72       
PG23 -13594.645955  20320.666947  10349.264690      5.512159  6 12  7  43       
PG24 -15394.808839   2850.548145  21254.664537    -15.785931  5  3  3 107       
PG25 -20081.919805  17090.070139  -1860.298806     24.335585  8  7  2  87       
PG26   6491.312727  14530.563245 -21271.797637    244.962980  2  4  4  89       
PG27  23048.300709  12804.039836  -4609.234584   -348.143467  5  6  2  81       
PG28   4980.063283 -18418.151769  19121.275305    698.693508  5  5  3  79       
PG29 -15558.816794   7318.157777 -20300.888996   -152.321950  6  6  5  98       
PG30    -52.982577 -26200.452359  -3511.514780   -263.862728  5  5  4 106       
PG31   7071.583836  24575.104329  -6269.846164    -56.194877  1  5  5  92       
PG32   7828.366775  17348.734391  18673.526402    318.447420  4  6  2  78       
*  2020  7 17 14 45  0.00000000
PG01  14472.980432  -2423.955334  21908.299729     26.367995  5  6  2  71       
PG02 -13737.174660 -19149.188212 -11653.611727   -488.622204  2  2  3  97       
PG03  22218.417678 -10227.914772  10153.940872   -242.507552  8  6  2  87       
PG04  22664.460293  -1824.468273 -13742.907289   -113.558519  6  5  6  92       
PG05 -14229.477247  -7411.273163 -21338.126029    -16.859535  4  4  3 105       
PG06  -6225.941270 -25749.584971  -1494.566294   -304.255202  2  1  4  88       
PG07   7219.507815 -20031.742117 -15240.805539   -329.333177  6  4     65       
PG08  25840.748203   5872.905567   3284.372875    -41.280771  4  6  4  60       
PG09  13371.990774 -10868.469411 -20265.154355   -255.159811  5  3  3  73       
PG10  -6525.265761  20312.723879  15751.232653   -402.184752  3  4  4 107       
PG11  20011.346732   5473.584526  15915.285592   -218.606074  6  6  5  68       
PG12 -22724.322585   8658.733035  10264.188735     92.543335  4  5  6  80       
PG13 -22641.200395 -13601.678620  -3395.896756     27.540261  5  4  5  65       
PG14  12663.901170  17531.244661  15894.446171      2.032038  5  4  5  86       
PG15 -26312.133243  -3261.411593   3336.353837   -216.932392  7  5  4  58       
PG16  15655.039782   5985.441832 -20928.873903   -183.889942  5  6  3  67       
PG17  -3940.715236 -16533.368744  20845.499885    297.279968  6  3  4  93       
PG18  -7230.528720  20406.125193 -15379.407673    248.454715  9 10  7  91       
PG19 -11885.973323 -17224.570046  16082.457588   -130.824895  6  4  4  90       
PG20 -14332.647030  21722.564226   4570.735530    527.264964  4  7  4  90       
PG21   6992.208357  25789.906796    -68.211185     24.765879  4  5  4  87       
PG22  20601.950768  -3959.936163  16411.055019   -771.394625  5  2  4  59       
PG23 -14531.573993  20826.458373   7751.933296      5.527781  6 12  5  22       
PG24 -15945.274028    441.505456  21069.692047    -15.785204  5  4  2 101       
PG25 -20266.390748  16902.075416   1019.392243     24.339474  8  7     87       
PG26   4645.790125  16064.373221 -20621.189453    244.969142  2  4  6  88       
PG27  22368.702972  12735.258705  -7370.910600   -348.152075  4  6  2  13       
PG28   6672.243134 -19450.823813  17473.386790    698.690188  5  6  3  85       
PG29 -17555.432819   6319.802296 -18964.271196   -152.329472  6  6  5 100       
PG30    348.871724 -25679.348374  -6258.832442   -263.869633  5  5  3  88       
PG31   6858.859329  25170.414659  -3468.502809    -56.197234     5  5 103       
PG32   5731.147476  16703.941937  19970.180700    318.452917  4  5  2  86       
*  2020  7 17 15  0  0.00000000
PG01  15033.480834     51.631820  21695.465218     26.371497  5  6  3  96       
PG02 -13887.729942 -20437.919489  -9158.543681   -488.627354  2  1  4  81       
PG03  21406.725074  -9172.644206  12603.528699   -242.517949  8  6  3  94       
PG04  23963.517139  -1167.654614 -11419.066094   -113.562632  6  5  5  90       
PG05 -12532.347708  -9154.600748 -21707.359724    -16.859985  4  4  3 109       
PG06  -6030.940090 -25806.704214   1402.222194   -304.259714  3  2  4  79       
PG07   7853.722346 -18201.289455 -17116.212016   -329.340942  6  4  1  95       
PG08  25985.496360   6132.734580    437.268727    -41.281673  4  6  5  61       
PG09  15500.170359 -10147.679121 -19087.216267   -255.165588  5  3  2  88       
PG10  -7871.299203  21326.503866  13620.510731   -402.194306  3  5  4 105       
PG11  20952.630112   7053.969139  13995.458142   -218.596403  5  6  4  94       
PG12 -21799.290045   7656.001505  12729.976812     92.539049  4  5  6  87       
PG13 -22063.992063 -13587.176765  -6189.442568     27.543384  5  5  5  87       
PG14  10881.114065  16992.138749  17719.479905      2.034766  5  4  4  92       
PG15 -26506.118074  -3621.664855    580.578177   -216.930124  7  6  5  76       
PG16  13805.106114   7484.069354 -21703.209658   -183.894332  5  7  3  71       
PG17  -1724.074052 -15778.527672  21727.202504    297.285155  5  3  5  97       
PG18  -7775.313259  18613.336530 -17275.421262    248.463138  9 10  8 109       
PG19  -9998.304856 -16577.175813  17905.619500   -130.820098  6  5  4  91       
PG20 -14836.335117  21798.704777   1785.644784    527.264965  4  7  3  98       
PG21   6675.091433  25627.763264  -2885.885172     24.770199  5  5  4  88       
PG22  19455.534330  -2368.930805  18067.923815   -771.392662  5  2  4  86       
PG23 -15224.569934  21169.748594   5021.052142      5.543347  8 13     27       
PG24 -16597.321813  -1894.359764  20516.673991    -15.785032  5  4  3  92       
PG25 -20221.579407  16499.704112   3881.210468     24.343356  7  7     93       
PG26   2943.404625  17623.377877 -19615.332880    244.975306  3  5  7  86       
PG27  21396.645977  12615.581476 -10008.744603   -348.160705  4  6  2  36       
PG28   8149.543776 -20455.889540  15538.756063    698.686873  5  7  4  95       
PG29 -19446.376845   5495.796579 -17302.927828   -152.337056  6  6  5  99       
PG30    833.041819 -24878.050438  -8896.871110   -263.876520  4  5  2 100       
PG31   6612.212284  25458.374130   -605.811365    -56.199510     5  5  79       
PG32   3480.977274  16132.120081  20926.975160    318.458449  4  5  2  92       
*  2020  7 17 15 15  0.00000000
PG01  15714.794633   2444.947471  21102.295914     26.374967  5  6  3  78       
PG02 -14003.334552 -21436.567198  -6502.046458   -488.632137  1  2  4  95       
PG03  20469.101623  -7882.391222  14834.258230   -242.528307  7  6  4  82       
PG04  25030.342947   -651.260572  -8898.931279   -113.566759  6  5  5  90       
PG05 -10912.093779 -10999.810925 -21708.274259    -16.860424  4  4  4 105       
PG06  -5745.283562 -25560.657495   4274.825698   -304.264261  3  2  3  84       
PG07   8631.469828 -16214.890867 -18684.459721   -329.348933  6  4  2 114       
PG08  25830.454439   6315.619775  -2417.241153    -41.283284  3  6  4  59       
PG09  17514.593820  -9568.759127 -17582.293094   -255.171357  5  4  2 100       
PG10  -8989.024598  22224.016675  11253.821453   -402.203873  3  6  4  99       
PG11  21800.140862   8420.041472  11823.732294   -218.586951  5  6  4  95       
PG12 -20731.756148   6420.616952  14972.147717     92.534703  3  5  5  85       
PG13 -21197.842856 -13493.972650  -8877.431199     27.546242  5  5  5  89       
PG14   8895.315750  16490.524584  19249.452418      2.037128  5  5  4 110       
PG15 -26411.362826  -3929.962391  -2185.000611   -216.927688  7  6  5  90       
PG16  11989.444716   9130.118598 -22113.539846   -183.898652  5  7  3  87       
PG17    606.033853 -15128.933911  22249.300091    297.290337  5  3  5  99       
PG18  -8465.700098  16661.043758 -18874.096014    248.471531  8 10  8  96       
PG19  -7895.310019 -15971.560456  19413.953117   -130.815460  6  5  4  97       
PG20 -15149.720201  21641.059225  -1030.647361    527.265066  4  7  3  95       
PG21   6233.178220  25188.043970  -5654.257092     24.773729  4  5  4  92       
PG22  18282.362972   -595.274200  19417.241518   -771.390216  4  3  3  92       
PG23 -15688.431195  21315.114376   2203.693577      5.558978 10 13  3  55       
PG24 -17330.923156  -4114.323284  19606.496818    -15.784634  5  4  3  98       
PG25 -19976.880230  15859.309784   6674.875266     24.347146  7  7  3  91       
PG26   1406.714234  19166.524991 -18270.922956    244.981474  3  5  7  77       
PG27  20140.421378  12484.528444 -12478.510821   -348.169336  4  5  2  46       
PG28   9399.947025 -21390.820608  13348.151627    698.683494  6  8  4  90       
PG29 -21184.839664   4839.748313 -15345.282270   -152.344711  5  6  5  85       
PG30   1428.446994 -23819.889639 -11379.591700   -263.883468  4  5  1 100       
PG31   6294.616619  25441.615216   2267.599520    -56.201764     5  5  80       
PG32   1117.678849  15657.829786  21527.354776    318.464002  3  5  3 107       
*  2020  7 17 15 30  0.00000000
PG01  16494.959815   4709.986279  20140.397363     26.378480  5  6  3  98       
PG02 -14045.898385 -22141.678897  -3731.762530   -488.637293  1  2  5  78       
PG03  19448.463316  -6360.290833  16807.370040   -242.538663  7  6  4  96       
PG04  25834.506944   -249.428730  -6225.858806   -113.570692  6  5  5  43       
PG05  -9400.010658 -12911.034632 -21340.269014    -16.861159  4  4  4 107       
PG06  -5334.055097 -25029.138644   7073.732655   -304.268802  4  3  3  68       
PG07   9559.753640 -14119.406106 -19917.859790   -329.356781  6  3  2  89       
PG08  25369.837267   6459.009107  -5230.796091    -41.283726  3  5  5  53       
PG09  19371.342824  -9121.271134 -15776.096085   -255.177108  6  4  2  82       
PG10  -9881.608256  22962.967565   8691.771083   -402.213441  3  7  4  83       
PG11  22514.953740   9568.375893   9439.780930   -218.576834  5  6  4  74       
PG12 -19565.937868   4953.002533  16950.947007     92.530341  2  5  5  91       
PG13 -20046.441359 -13361.244974 -11414.179882     27.549392  4  5  5 105       
PG14   6738.204376  16057.500179  20459.222738      2.039882  5  5  4  90       
PG15 -26026.114005  -4220.743236  -4913.961101   -216.925508  7  7  5  82       
PG16  10247.632495  10895.440548 -22151.821859   -183.903033  5  7  4 100       
PG17   3005.861040 -14604.745477  22403.366201    297.295606  5  3  5 103       
PG18  -9310.813366  14594.325078 -20148.022677    248.479970  8 10  8  99       
PG19  -5612.337718 -15441.134655  20580.182418   -130.810518  6  5  5 105       
PG20 -15301.002954  21228.886102  -3828.961866    527.265266  4  7  3  76       
PG21   5635.952803  24490.762053  -8325.200569     24.778005  4  6  4  81       
PG22  17120.669229   1339.415713  20436.775423   -771.387603  4  4  3 102       
PG23 -15945.259401  21232.128259   -651.609390      5.574647 11 13  7  31       
PG24 -18119.816299  -6180.509726  18356.235459    -15.785203  5  5  3  86       
PG25 -19567.089216  14964.768089   9351.082832     24.350956  6  7  4  79       
PG26     50.681780  20650.415317 -16610.586928    244.987647  4  6  8  95       
PG27  18616.805746  12380.026214 -14738.770643   -348.178011  5  5  3  86       
PG28  10419.540099 -22212.508304  10936.656355    698.680116  6  8  4  84       
PG29 -22727.307632   4337.166743 -13124.815174   -152.352171  5  6  5  84       
PG30   2159.025167 -22535.156818 -13663.727047   -263.890378  4  5    105       
PG31   5871.005059  25131.823331   5100.841972    -56.204006     5  4  81       
PG32  -1314.644312  15298.837456  21760.747993    318.469550  3  5  3 107       
*  2020  7 17 15 45  0.00000000
PG01  17345.165687   6806.058850  18827.813165     26.381968  4  6  3 100       
PG02 -13978.509706 -22558.904999   -896.638121   -488.642609  1  2  6  63       
PG03  18387.885558  -4618.185743  18488.618527   -242.549145  7  5  5 110       
PG04  26352.695224     68.712745  -3445.810463   -113.574816  6  5  5  67       
PG05  -8021.044142 -14847.716630 -20608.941884    -16.861864  4  5  5 114       
PG06  -4766.812872 -24237.843764   9750.770788   -304.273334  5  4  3  77       
PG07  10637.399217 -11963.647572 -20795.044765   -329.364526  6  3  3 101       
PG08  24606.584815   6601.007960  -7955.685533    -41.286085  3  5  4  57       
PG09  21030.331755  -8787.558625 -13699.491745   -255.182873  6  4  2  94       
PG10 -10560.475884  23504.096271   5978.553437   -402.222882  3  7  5  88       
PG11  23060.420145  10503.741274   6886.981077   -218.567604  5  6  4  88       
PG12 -18346.896130   3262.640254  18631.260932     92.526061  2  4  5  85       
PG13 -18622.130911 -13227.580293 -13756.646617     27.552193  4  5  5  97       
PG14   4447.179751  15718.605439  21328.830709      2.042397  5  5  3 109       
PG15 -25356.544447  -4528.379861  -7560.796043   -216.923047  6  7  5  90       
PG16   8614.301777  12745.259417 -21816.099303   -183.907522  6  7  4  96       
PG17   5428.671676 -14218.464153  22186.824127    297.300990  4  3  5  92       
PG18 -10311.720271  12460.383411 -21075.394354    248.488358  8 10  8 109       
PG19  -3191.351375 -15013.379472  21383.101407   -130.806016  5  5  5  96       
PG20 -15322.830924  20548.879241  -6560.538370    527.264851  4  7  4 103       
PG21   4858.164021  23563.067149 -10851.387759     24.782181  4  6  5  80       
PG22  16005.101425   3406.821034  21109.903554   -771.385305  3  4  3 105       
PG23 -16023.428987  20896.639257  -3495.702428      5.590288 13 13 10  82       
PG24 -18932.568217  -8061.125573  16788.762323    -15.785248  6  6  4  93       
PG25 -19030.928841  13808.333327  11862.441194     24.354751  5  7  5  73       
PG26  -1117.742003  22030.911161 -14662.531188    244.993813  5  7  8  86       
PG27  16850.561075  12336.852426 -16751.515181   -348.186627  5  5  3  82       
PG28  11212.550676 -22878.867852   8343.234257    698.677114  6  8  4  90       
PG29 -24035.134317   3966.187083 -10679.502738   -152.359702  4  6  5  82       
PG30   3042.588414 -21059.951682 -15709.564258   -263.897340  3  5     96       
PG31   5309.890061  24549.224915   7843.747686    -56.206372     5  4  77       
PG32  -3769.083105  15065.425538  21622.764138    318.475169  2  4  3 105       
*  2020  7 17 16  0  0.00000000
PG01  18230.925534   8699.143733  17188.610878     26.385443  4  5  3  80       
PG02 -13767.014460 -22702.503122   1953.995646   -488.647678  1  3  6  83       
PG03  17328.902379  -2676.366817  19848.881047   -242.559566  6  5  5 103       
PG04  26569.574297    337.658019   -606.565130   -113.578977  7  5  5  72       
PG05  -6792.958325 -16766.002510 -19526.042271    -16.862208  4  5  5 102       
PG06  -4018.961607 -23219.443832  12259.936972   -304.277816  5  5  3  76       
PG07  11854.977957  -9796.536820 -21301.342828   -329.372414  5  4  3  97       
PG08  23552.320750   6778.751580 -10545.623221    -41.286969  3  5  4  67       
PG09  22456.715841  -8543.571054 -11387.985931   -255.188670  6  5  2  76       
PG10 -11044.694182  23812.773926   3161.182941   -402.232373  4  7  5  85       
PG11  23403.682187  11238.627670   4211.498226   -218.557825  5  6  4  76       
PG12 -17118.741705   1367.921836  19983.295161     92.521732  3  4  4 102       
PG13 -16945.560201 -13129.362838 -15865.129562     27.555263  5  6  5 112       
PG14   2064.143756  15492.848151  21843.783870      2.045246  5  5  3 103       
PG15 -24416.513486  -4885.713223 -10081.597973   -216.920717  6  7  5  82       
PG16   7117.934368  14639.296622 -21110.619988   -183.911829  5  8  5 103       
PG17   7826.270641 -13974.506700  21602.986192    297.305987  4  4  5 101       
PG18 -11461.249846  10306.862893 -21640.373174    248.496713  7 10  7 112       
PG19   -679.481939 -14708.694393  21808.019632   -130.801541  5  5  5  95       
PG20 -15250.837311  19595.802386  -9177.916980    527.264604  4  7  5  81       
PG21   3881.128113  22438.302059 -13187.183397     24.785884  4  6  5  89       
PG22  14965.470453   5572.826948  21425.838483   -771.382977  2  4  3 100       
PG23 -15956.321603  20291.820184  -6279.657852      5.605936 13 14 12  61       
PG24 -19733.838899  -9731.439708  14932.261716    -15.786694  6  6  4  95       
PG25 -18409.414162  12391.166405  14164.380528     24.358576  4  7  5  99       
PG26  -2099.719615  23264.796745 -12460.082492    244.999978  5  8  8  78       
PG27  14873.652154  12385.204262 -18482.760055   -348.195243  5  6  3 102       
PG28  11791.093246 -23350.445165   5610.228176    698.673164  6  8  4  75       
PG29 -25075.938582   3698.583785  -8051.179226   -152.367121  4  7  5 103       
PG30   4089.928128 -19434.815721 -17481.655882   -263.904279  3  5  1  95       
PG31   4584.840422  23721.736418  10447.832220    -56.208535  1  5  4  87       
PG32  -6197.509670  14959.997426  21115.293841    318.480719  2  4  4 111       
*  2020  7 17 16 15  0.00000000
PG01  19113.472394  10362.960609  15252.366483     26.388873  3  5  3  80       
PG02 -13381.455711 -22594.531353   4771.295989   -488.652811  2  4  6  76       
PG03  16309.880920   -562.981213  20864.671678   -242.569963  6  5  5 101       
PG04  26478.359737    593.991220   2243.099809   -113.583184  7  5  5  63       
PG05  -5725.778768 -18620.268960 -18109.325602    -16.862379  4  5  6 104       
PG06  -3072.895522 -22012.302785  14558.184573   -304.282334  6  6  2  87       
PG07  13195.087963  -7665.281657 -21428.995547   -329.380188  5  4  3 108       
PG08  22226.998049   7026.814803 -12956.503330    -41.287540  4  4  4  84       
PG09  23622.110366  -8359.942625  -8881.128875   -255.194486  5  5  3  69       
PG10 -11360.048310  23860.438968    288.663398   -402.241981  4  7  6  90       
PG11  23517.022243  11792.459130   1461.333327   -218.548356  5  6  4  58       
PG12 -15922.888595   -704.364163  20983.148968     92.517380  4  4  4  90       
PG13 -15045.031033 -13099.261142 -17703.908987     27.558310  5  6  4 115       
PG14   -365.857035  15391.975977  21995.275188      2.047395  5  5  3  97       
PG15 -23227.064553  -5322.661136 -12434.706114   -216.918422  6  8  5 102       
PG16   5779.879062  16533.122535 -20045.863992   -183.915988  5  8  5 106       
PG17  10150.588510 -13869.072842  20661.023049    297.311235  4  4  5 105       
PG18 -12744.139189   8180.159591 -21833.353941    248.505100  7  9  7  64       
PG19   1872.637145 -14539.543325  21847.077215   -130.796776  5  5  6  92       
PG20 -15122.076176  18372.810917 -11635.786646    527.264787  4  8  5 106       
PG21   2693.809455  21154.794606 -15289.568887     24.790062  4  6  6 109       
PG22  14025.697207   7798.638291  21379.759725   -771.380534  2  4  3  89       
PG23 -15780.876510  19408.941085  -8955.616355      5.621527 14 15 12           
PG24 -20485.794770 -11174.479272  12819.664167    -15.787770  6  7  4 105       
PG25 -17744.128140  10723.507621  16216.016171     24.362374  3  7  5  77       
PG26  -2904.305848  24311.425269 -10041.129297    245.006138  6  8  8  99       
PG27  12724.207542  12549.441813 -19903.085996   -348.203826  6  6  4 105       
PG28  12174.627446 -23591.971114   2782.786393    698.670246  6  8  3  87       
PG29 -25824.775999   3501.033824  -5284.833565   -152.374664  3  6  6 115       
PG30   5304.206103 -17703.205017 -18949.445780   -263.911152  3  5  2 110       
PG31   3675.749336  22683.811214  12867.220597    -56.210807  2  5  3  59       
PG32  -8552.218119  14976.993253  20246.509136    318.486250  3  4  4  94       
*  2020  7 17 16 30  0.00000000
PG01  19951.317916  11779.728765  13053.563194     26.392274  2  4  3  69       
PG02 -12797.322357 -22263.775647   7507.721463   -488.657814  2  4  7  70       
PG03  15364.536001   1686.868601  21518.550007   -242.580383  6  5  5 100       
PG04  26081.068417    874.773659   5054.243015   -113.587287  7  5  5  55       
PG05  -4821.534486 -20364.742244 -16382.308078    -16.863501  3  5  5  91       
PG06  -1918.868356 -20658.991860  16606.154992   -304.286861  6  6  3  96       
PG07  14632.974558  -5613.652766 -21177.218722   -329.387913  5  5  3  97       
PG08  20658.243190   7375.718298 -15147.128209    -41.289408  4  5  5  76       
PG09  24505.574478  -8203.284428  -6221.850227   -255.200277  5  5  3  51       
PG10 -11537.850535  23625.811868  -2588.891733   -402.251597  4  7  6  81       
PG11  23378.992704  12190.535323  -1314.639512   -218.538572  5  6  4  55       
PG12 -14796.428602  -2919.889494  21613.270583     92.513373  4  4  5  94       
PG13 -12955.568133 -13164.867551 -19241.823503     27.561401  5  6  4 117       
PG14  -2796.101423  15420.019243  21780.329976      2.050023  5  6  3 109       
PG15 -21815.681145  -5864.947106 -14581.310374   -216.916172  6  8  5 104       
PG16   4613.632955  18379.692145 -18638.474946   -183.920597  5  8  6  99       
PG17  12355.270596 -13890.315574  19375.862006    297.316356  4  5  5 101       
PG18 -14137.501577   6123.790802 -21651.120953    248.513416  6  9  7 112       
PG19   4412.684614 -14509.937323  21499.419345   -130.792196  5  6  6  99       
PG20 -14973.418769  16891.449594 -13891.783293    527.264521  5  8  6  95       
PG21   1293.620508  19754.421969 -17119.073196     24.794301  4  6  6  89       
PG22  13202.996480  10042.067956  20972.855860   -771.377935  2  5  4  93       
PG23 -15536.013979  18247.838821 -11477.607911      5.637035 13 14 12  21       
PG24 -21149.613419 -12381.420924  10488.015565    -15.786570  6  7  5  89       
PG25 -17075.479189   8824.483284  17980.942429     24.366153  3  6  5 102       
PG26  -3547.911395  25134.286928  -7447.471579    245.012271  6  9  8  86       
PG27  10445.259426  12847.051745 -20988.118939   -348.212337  6  6  4 102       
PG28  12389.138541 -23573.806947    -91.782362    698.666985  6  8  3  73       
PG29 -26265.038787   3336.581602  -2427.851000   -152.382182  3  6  6  94       
PG30   6680.655617 -15909.865231 -20087.797947   -263.918067  2  5  3  97       
PG31   2569.839507  21475.035153  15059.511503    -56.213063  2  5  3  93       
PG32 -10787.558640  15103.121830  19030.761096    318.491824  2  4  4  92       
*  2020  7 17 16 45  0.00000000
PG01  20701.909687  12940.588772  10630.920971     26.395732  2  4  3  31       
PG02 -11996.567130 -21744.463643  10117.774594   -488.662875  2  4  7  77       
PG03  14520.643615   4032.299253  21799.417738   -242.590779  5  5  6 102       
PG04  25388.444912   1215.913517   7778.595532   -113.591434  7  5  5  44       
PG05  -4074.311500 -21955.145469 -14373.921739    -16.863618  3  5  6  80       
PG06   -555.557172 -19204.658467  18368.841456   -304.291356  5  6  3  99       
PG07  16137.458100  -3680.431922 -20552.111429   -329.395529  5  5  3 113       
PG08  18880.421145   7850.587493 -17079.897279    -41.291075  5  5  5  97       
PG09  25094.321814  -8037.640364  -3455.734459   -255.206092  5  5  3  75       
PG10 -11613.527249  23095.836854  -5421.169828   -402.261343  4  6  7 105       
PG11  22975.282996  12462.755682  -4067.618467   -218.529192  5  6  4  55       
PG12 -13770.695597  -5237.952856  21862.782799     92.508980  5  4  5 102       
PG13 -10717.745599 -13347.540838 -20452.773268     27.564454  5  6  4 109       
PG14  -5179.727606  15573.121124  21201.879897      2.052765  5  6  3 105       
PG15 -20215.329153  -6532.991856 -16486.009082   -216.913558  5  8  5 109       
PG16   3624.418858  20131.012455 -16911.088430   -183.924906  5  8  6  98       
PG17  14397.217620 -14018.810333  17768.012851    297.321766  3  5  5  81       
PG18 -15611.598436   4176.884772 -21096.895928    248.521778  6  8  7  46       
PG19   6888.539881 -14615.277815  20771.224301   -130.787590  4  6  6  99       
PG20 -14839.976347  15171.328814 -15907.222761    527.264832  5  8  6 114       
PG21   -313.109612  18280.998610 -18640.682612     24.798394  4  6  6 104       
PG22  12507.324408  12258.950181  20212.278262   -771.375568  2  5  4  89       
PG23 -15260.993468  16817.064801 -13802.337831      5.652611 11 13 11  73       
PG24 -21687.020231 -13351.669824   7977.795851    -15.788569  6  8  5  91       
PG25 -16441.015554   6721.551566  19427.936865     24.369969  3  6  5 101       
PG26  -4053.470725  25702.434315  -4724.090027    245.018365  6  9  8  88       
PG27   8083.305201  13287.869744 -21718.943220   -348.220926  6  7  4 107       
PG28  12466.060349 -23273.224624  -2964.723798    698.663469  6  8  2  90       
PG29 -26389.049526   3166.249240    470.788197   -152.389718  2  6  6  98       
PG30   8206.603485 -14099.174451 -20877.419164   -263.924974  2  5  4 104       
PG31   1262.363250  20138.532404  16986.559767    -56.215352  2  5  3  99       
PG32 -12861.504001  15317.902320  17488.374154    318.497310  3  4  4  91       
*  2020  7 17 17  0  0.00000000
PG01  21323.320713  13845.679183   8026.673169     26.399184  2  4  3  33       
PG02 -10968.365234 -21074.821413  12558.668196   -488.668026  3  4  7  97       
PG03  13799.003746   6428.047694  21702.698395   -242.601203  5  5  6 100       
PG04  24419.565154   1650.581485  10369.384821   -113.595592  7  5  6  82       
PG05  -3470.619239 -23350.312702 -12118.071598    -16.864433  3  6  6  58       
PG06   1009.701259 -17695.312958  19816.174611   -304.295855  5  6  3 104       
PG07  17672.123461  -1898.093541 -19566.423210   -329.403277  4  6  4 108       
PG08  16933.453580   8470.015511 -18721.446633    -41.291554  5  5  5  91       
PG09  25384.130286  -7826.050825   -630.248151   -255.211904  5  5  4  63       
PG10 -11625.041535  22266.309779  -8158.581162   -402.270916  4  6  7  98       
PG11  22299.294741  12642.187282  -6749.779520   -218.519708  5  6  4  42       
PG12 -12870.079476  -7612.907508  21727.671624     92.504641  5  4  5  78       
PG13  -8376.313077 -13661.494584 -21316.143775     27.567431  5  6  4 111       
PG14  -7471.280020  15839.663078  20268.761574      2.055592  5  6  3  97       
PG15 -18463.319509  -7341.003924 -18117.317661   -216.911319  5  8  4 116       
PG16   2809.081490  21739.882253 -14892.052616   -183.929519  5  7  6  99       
PG17  16238.026082 -14228.310496  15863.319256    297.326496  3  5  5  96       
PG18 -17130.885602   2372.847879 -20180.276768    248.530112  5  7  7 114       
PG19   9250.165637 -14842.567866  19675.583454   -130.782935  4  6  6 102       
PG20 -14753.612587  13239.494732 -17647.755742    527.264516  5  8  6 100       
PG21  -2111.036096  16778.551543 -19824.697800     24.802163  4  6  7  99       
PG22  11941.107203  14404.628066  19111.008789   -771.373051  3  5  4  85       
PG23 -14993.770546  15133.705097 -15889.924656      5.668121 10 12 10  47       
PG24 -22061.798258 -14092.630656   5332.201473    -15.788251  6  8  5  88       
PG25 -15873.868945   4449.609404  20531.557311     24.373805  4  5  4 114       
PG26  -4449.346392  25991.706610  -1918.347919    245.024488  6  9  8  88       
PG27   5686.740021  13873.591977 -22082.441425   -348.229447  6  7  4 103       
PG28  12440.971484 -22675.468056  -5786.618318    698.660163  5  7  2  66       
PG29 -26198.325332   2950.730236   3361.340040   -152.397384  2  5  5  51       
PG30   9861.810734 -12313.520107 -21305.169130   -263.931835     5  4 109       
PG31   -243.030123  18719.250948  18615.160024    -56.217712  2  5  3 103       
PG32 -14737.089101  15594.497412  15645.337801    318.502831  3  4  4  99       
*  2020  7 17 17 15  0.00000000
PG01  21775.905784  14503.873616   5285.806098     26.402620  3  4  3  65       
PG02  -9709.596105 -20295.531203  14790.912945   -488.673144  3  4  7  89       
PG03  13212.692526   8826.043794  21230.397926   -242.611630  4  6  6 100       
PG04  23201.132690   2207.733962  12782.132658   -113.599722  6  5  6  71       
PG05  -2990.059179 -24513.707870  -9653.098511    -16.865389  3  6  6  98       
PG06   2761.010011 -16176.099288  20923.521086   -304.300378  5  6  3  98       
PG07  19196.715435   -291.768453 -18239.193200   -329.411249  4  6  4 107       
PG08  14861.431876   9245.174616 -20043.228990    -41.293054  6  6  5  94       
PG09  25379.434702  -7532.163635   2206.068299   -255.217713  4  5  4  82       
PG10 -11611.216059  21142.164283 -10753.172611   -402.280432  5  6  7  89       
PG11  21352.410164  12763.541624  -9315.122829   -218.510265  5  7  4  73       
PG12 -12111.138506  -9995.790024  21210.834793     92.500398  5  4  6  99       
PG13  -5978.671718 -14113.165130 -21817.144713     27.570617  5  6  4 111       
PG14  -9628.216734  16200.684245  18995.636970      2.058153  4  6  4 102       
PG15 -16600.030064  -8296.299190 -19448.125698   -216.908687  5  7  4 115       
PG16   2156.313787  23161.639550 -12615.038148   -183.933911  4  7  6  93       
PG17  17845.278341 -14486.767491  13692.633699    297.332124  2  4  5 110       
PG18 -18655.293825    738.259341 -18917.068590    248.538441  5  6  6 106       
PG19  11451.405044 -15170.982185  18232.236308   -130.778326  3  7  6 104       
PG20 -14741.604106  11129.521003 -19083.934495    527.264722  5  8  6 105       
PG21  -4076.090945  15289.557035 -20647.504505     24.805700  3  7  7  97       
PG22  11499.259203  16435.462581  17687.644210   -771.370771  4  5  4  98       
PG23 -14769.416474  13222.880163 -17704.577769      5.683644  9 10 10  17       
PG24 -22241.215573 -14619.186062   2596.404877    -15.788481  5  8  5  74       
PG25 -15401.394065   2049.797596  21272.617032     24.377631  4  5  4  93       
PG26  -4768.013374  25985.701566    920.858928    245.030579  6  9  7  87       
PG27   3304.214634  14597.596420 -22071.554419   -348.238016  6  8  4  98       
PG28  12352.106383 -21774.545665  -8508.218677    698.656662  5  7  2  87       
PG29 -25703.501564   2652.101025   6194.144575   -152.404750  2  5  5  71       
PG30  11619.116545 -10591.773814 -21364.254463   -263.938767     5  5 108       
PG31  -1934.272123  17262.201214  19917.618168    -56.220085  2  4  3 105       
PG32 -16383.668128  15900.808425  13532.898015    318.508340  3  4  5  98       
*  2020  7 17 17 30  0.00000000
PG01  22023.862884  14932.196039   2455.276353     26.406093  3  5  4  68       
PG02  -8225.041258 -19448.147619  16778.826661   -488.678112  3  4  7  95       
PG03  12766.631756  11177.092329  20391.046501   -242.622025  4  6  6 105       
PG04  21766.494641   2910.801259  14975.413566   -113.603846  6  5  6  83       
PG05  -2606.273100 -25414.788479  -7021.153639    -16.865841  4  6  6 104       
PG06   4674.343181 -14689.615633  21672.087862   -304.304809  5  6  3  87       
PG07  20668.677492   1121.475657 -16595.277815   -329.418891  4  6  4 103       
PG08  12711.074547  10179.212285 -21022.023827    -41.294426  6  7  5 104       
PG09  25093.097935  -7121.829598   5004.431140   -255.223426  4  4  3  46       
PG10 -11610.025730  19737.402601 -13159.512746   -402.289921  5  6  8  86       
PG11  20143.952696  12861.625949 -11720.245036   -218.500575  5  7  5  77       
PG12 -11502.045165 -12336.081919  20321.990920     92.495927  5  5  6 108       
PG13  -3573.255206 -14700.882861 -21947.059245     27.573463  5  6  5 110       
PG14 -11612.325344  16630.584150  17402.832580      2.060731  3  6  4 105       
PG15 -14667.529565  -9398.872065 -20456.099777   -216.906402  5  7  4  94       
PG16   1647.212173  24355.848742 -10118.536781   -183.938260  4  7  6  76       
PG17  19193.635690 -14757.584776  11291.414116    297.336886  2  5  5  86       
PG18 -20141.694609   -707.965244 -17329.010127    248.546813  4  6  6 106       
PG19  13451.618034 -15572.770303  16467.168051   -130.773796  3  7  6  82       
PG20 -14825.500368   8880.360075 -20191.683418    527.264491  5  8  6 108       
PG21  -6176.169731  13853.219777 -21092.224232     24.810123  3  7  7  99       
PG22  11169.488449  18310.309910  15966.100432   -771.368322  5  6  4 107       
PG23 -14618.661495  11116.943208 -19215.203648      5.699135  7  8  9  60       
PG24 -22197.318995 -14952.907836   -183.196826    -15.789909  5  8  5  90       
PG25 -15044.061684   -431.945232  21638.527319     24.381477  4  5  4 100       
PG26  -5044.576660  25676.454361   3743.986968    245.036665  6  8  7  85       
PG27    982.976351  15445.084662 -21685.455132   -348.246572  6  8  5 102       
PG28  12238.732742 -20573.711747 -11081.333261    698.653154  5  6  2  97       
PG29 -24923.917102   2235.483917   8920.475905   -152.412357  2  5  5  92       
PG30  13445.358067  -8967.923104 -21054.305677   -263.945667  1  5  5 108       
PG31  -3791.195127  15810.721736  20872.201257    -56.222085  2  4  3 112       
PG32 -17777.939960  16200.792197  11187.052670    318.513845  3  4  5  96       
*  2020  7 17 17 45  0.00000000
PG01  22036.643389  15154.943216   -416.780527     26.409569  4  5  4  64       
PG02  -6527.300821 -18573.527338  18490.967806   -488.683561  4  4  7  85       
PG03  12457.490885  13432.598483  19199.524166   -242.632443  4  6  6 111       
PG04  20154.415034   3776.591868  16911.561169   -113.607997  6  5  7  90       
PG05  -2288.136792 -26030.158867  -4267.492660    -16.866507  4  6  5 102       
PG06   6718.291794 -13274.348611  22049.226918   -304.309287  5  6  4  96       
PG07  22044.767822   2333.017805 -14664.785349   -329.426713  4  6  4  98       
PG08  10530.085091  11266.958045 -21640.367849    -41.295520  6  7  5 103       
PG09  24545.868666  -6564.620242   7716.651834   -255.229219  4  4  4  82       
PG10 -11656.931224  18074.672665 -15335.528699   -402.299066  5  6  8  94       
PG11  18690.851417  12969.832120 -13925.026884   -218.491002  5  7  5  95       
PG12 -11042.385657 -14583.530813  19077.453931     92.491907  5  6  6 104       
PG13  -1207.874613 -15414.859819 -21703.399859     27.576374  5  7  5 102       
PG14 -13390.996930  17098.088482  15516.094527      2.063548  3  6  4 102       
PG15 -12708.149370 -10641.233464 -21124.029218   -216.903990  5  7  4 117       
PG16   1256.146189  25287.858875  -7445.251282   -183.942451  4  7  6  90       
PG17  20265.692505 -15001.066175   8699.241098    297.341970  3  5  5  95       
PG18 -21545.495417  -1955.110554 -15443.400247    248.555167  4  6  6  93       
PG19  15217.088964 -16014.452429  14412.081140   -130.769293  3  6  5  92       
PG20 -15020.225446   6535.000837 -20952.668157    527.264395  5  8  6 108       
PG21  -8372.193997  12503.877919 -21149.213594     24.814234  3  7  6 102       
PG22  10932.878300  19991.915066  13975.239961   -771.366289  5  6  4 107       
PG23 -14566.617982   8854.407905 -20395.931051      5.714647  4  8  9  61       
PG24 -21908.049337 -15121.034765  -2959.733113    -15.791294  5  8  5  91       
PG25 -14814.651018  -2946.518152  21623.500956     24.385284  4  6  4  81       
PG26  -5315.182737  25064.794344   6501.746090    245.042800  6  8  6  95       
PG27  -1232.747176  16393.543759 -20929.629973   -348.255134  6  8  5 104       
PG28  12139.455955 -19085.603901 -13459.739087    698.649843  4  5  2  96       
PG29 -23886.876147   1670.596443  11493.380074   -152.419816  2  5  5  66       
PG30  15302.528074  -7469.911737 -20381.338670   -263.952446  2  5  5 101       
PG31  -5786.177004  14404.842716  21463.460575    -56.224377  2  3  4 110       
PG32 -18904.700597  16455.950320   8647.957188    318.519401  4  4  5  92       
*  2020  7 17 18  0  0.00000000
PG01  21790.161986  15202.552749  -3281.837978     26.413039  4  6  4  76       
PG02  -4636.439821 -17710.323695  19900.497110   -488.688572  3  5  7  96       
PG03  12273.923140  15546.269796  17676.775204   -242.642837  4  7  6 101       
PG04  18407.652435   4814.455567  18557.310773   -113.612097  6  5  7 101       
PG05  -2001.154438 -26344.464768  -1439.700318    -16.867404  4  6  5 104       
PG06   8855.095826 -11963.280026  22048.636328   -304.313756  5  6  4  85       
PG07  23282.686386   3342.726809 -12482.436483   -329.434729  4  6  4  87       
PG08   8365.470844  12494.956086 -21886.896561    -41.296727  6  7  5 102       
PG09  23765.545868  -5835.207968  10295.969263   -255.234945  4  4  3  71       
PG10 -11783.322855  16184.508494 -17243.276463   -402.308621  5  6  8 102       
PG11  17017.032075  13118.720957 -15893.229714   -218.481509  5  7  5  78       
PG12 -10723.317570 -16689.956167  17499.780941     92.487402  5  6  6 103       
PG13   1071.912700 -16237.495344 -21089.967817     27.579345  5  7  5  89       
PG14 -14938.310903  17567.448356  13366.257167      2.066222  3  6  4  99       
PG15 -10763.050340 -12008.522738 -21440.111324   -216.901685  5  7  3 105       
PG16    951.914154  25930.166964  -4641.382765   -183.946990  4  7  6  72       
PG17  21052.555974 -15176.010972   5959.255603    297.347426  3  5  5  70       
PG18 -22822.303343  -3000.878856 -13292.630834    248.563559  4  6  6  92       
PG19  16722.148915 -16458.254738  12103.756003   -130.764747  2  6  5  82       
PG20 -15333.453782   4138.985869 -21354.560191    527.264676  5  7  6 109       
PG21 -10619.508998  11269.614561 -20816.385837     24.818754  3  7  6 105       
PG22  10764.724249  21448.172475  11748.426392   -771.363475  6  6  5  83       
PG23 -14631.732494   6478.646155 -21226.546898      5.730206  4  6  9  82       
PG24 -21358.140623 -15155.258077  -5686.601566    -15.791623  5  8  5  82       
PG25 -14717.773304  -5443.413548  21228.614276     24.389111  4  6  5  99       
PG26  -5615.390461  24160.364191   9145.998042    245.048846  6  8  6  92       
PG27  -3303.261807  17413.516285 -19815.862202   -348.263728  5  8  5  94       
PG28  12090.518380 -17332.016176 -15600.104594    698.646572  4  5  2 105       
PG29 -22626.614016    933.126155  13868.486354   -152.427522  2  5  5  97       
PG30  17149.123550  -6118.731177 -19357.604555   -263.959333  2  5  5  98       
PG31  -7885.079299  13079.812106  21682.426457    -56.226715  2  2  4 113       
PG32 -19757.291393  16626.933677   5959.248757    318.524898  3  4  5  90       
*  2020  7 17 18 15  0.00000000
PG01  21267.765789  15110.262837  -6091.752282     26.416533  4  6  5  60       
PG02  -2579.382649 -16893.592852  20985.471874   -488.693646  3  5  7  88       
PG03  12197.124222  17475.728989  15849.418098   -242.653208  5  7  6  92       
PG04  16571.396123   6025.738249  19884.367561   -113.616247  6  5  7  99       
PG05  -1708.999735 -26350.990322   1413.141740    -16.867847  4  6  5 103       
PG06  11041.923091 -10782.718150  21670.455546   -304.318319  5  6  5  98       
PG07  24342.649342   4158.673492 -10086.869473   -329.442559  3  5  4  91       
PG08   6261.885916  13841.826666 -21756.588448    -41.298508  6  8  5 105       
PG09  22785.881656  -4914.553843  12697.860961   -255.240735  4  4  2  93       
PG10 -12015.139327  14104.265055 -18849.628078   -402.318189  5  6  7  98       
PG11  15152.566498  13334.752861 -17592.998041   -218.472059  5  7  5 107       
PG12 -10528.074718 -18610.966548  15617.304734     92.482852  4  7  6 108       
PG13   3224.350454 -17143.990001 -20116.814133     27.582359  5  7  5 109       
PG14 -16235.888374  17999.834377  10988.823590      2.068654  3  5  4  96       
PG15  -8870.832917 -13478.892464 -21398.172243   -216.899336  5  7  3  94       
PG16    699.143187  26263.525445  -1755.825334   -183.951315  4  7  5  81       
PG17  21554.123837 -15241.400901   3117.518787    297.352612  4  6  5  88       
PG18 -23929.593726  -3851.280612 -10913.633778    248.571918  3  6  6  87       
PG19  17949.969350 -16863.720942   9583.318671   -130.760317  3  6  5  98       
PG20 -15765.280911   1738.845879 -21391.195991    527.264420  5  7  5 111       
PG21 -12869.555937  10171.147886 -20099.335175     24.822676  3  7  6 106       
PG22  10635.596343  22653.208440   9323.010215   -771.361261  6  6  5  95       
PG23 -14825.006913   4036.405336 -21692.836104      5.745731  6  6  8  87       
PG24 -20539.774037 -15090.360842  -8318.191238    -15.793201  5  8  5  74       
PG25 -14749.743314  -7872.519099  20461.729739     24.392933  4  6  5 103       
PG26  -5978.568638  22981.300128  11630.632962    245.054893  6  7  6 103       
PG27  -5194.760937  18469.655180 -18362.112504   -348.272351  4  8  5 102       
PG28  12124.165836 -15343.302398 -17462.898643    698.643160  3  4  2 109       
PG29 -21183.005936      5.876334  16004.777693   -152.434943  3  5  5 102       
PG30  18941.631624  -4927.795215 -18001.333576   -263.966229  3  4  5  91       
PG31 -10048.436732  11864.840061  21526.677010    -56.228684  2  1  4 114       
PG32 -20337.723390  16675.199740   3167.299594    318.530414  4  4  5  89       
*  2020  7 17 18 30  0.00000000
PG01  20460.931516  14916.615594  -8799.513251     26.420015  4  6  4  76       
PG02   -389.080434 -16153.552890  21729.077609   -488.698807  4  4  7  90       
PG03  12201.689411  19183.976148  13749.259709   -242.663555  6  7  6 100       
PG04  14691.620415   7403.550178  20869.890984   -113.620327  6  5  7  94       
PG05  -1375.142665 -26051.930055   4241.328683    -16.868835  5  7  5 108       
PG06  13232.346705  -9751.396878  20921.254173   -304.322792  5  5  5  89       
PG07  25188.852294   4796.533963  -7519.907768   -329.450594  3  5  4  77       
PG08   4260.061517  15278.946765 -21250.904419    -41.299562  5  8  5 102       
PG09  21645.264437  -3790.855455  14880.818887   -255.246516  4  4  2  97       
PG10 -12371.718156  11876.791619 -20126.861491   -402.327882  5  5  7 105       
PG11  13132.619293  13639.207102 -18997.268466   -218.462313  6  7  5 107       
PG12 -10432.793643 -20307.520444  13463.564529     92.478568  4  8  6  99       
PG13   5212.889951 -18103.246803 -18800.101017     27.585532  5  7  5  93       
PG14 -17273.478255  18354.878430   8423.457793      2.071296  3  5  4 104       
PG15  -7066.237813 -15024.156620 -20997.818899   -216.896888  4  7  3  94       
PG16    459.879575  26277.741911   1160.717945   -183.955726  4  7  5  91       
PG17  21779.042204 -15158.118296    222.297697    297.357752  5  5  4  68       
PG18 -24828.319907  -4520.203438  -8347.251203    248.580298  3  6  6  65       
PG19  18892.999122 -17189.430378   6895.435128   -130.755770  4  6  5  92       
PG20 -16308.198462   -619.489212 -21062.631708    527.264390  5  7  5 110       
PG21 -15071.740577   9221.058530 -19011.253565     24.826758  3  7  5 100       
PG22  10512.589634  23588.246056   6739.750871   -771.358908  6  5  5  95       
PG23 -15149.518435   1576.201089 -21786.820172      5.761250  8  5  7  88       
PG24 -19452.966044 -14962.761473 -10810.580462    -15.793259  5  7  5  85       
PG25 -14898.799927 -10185.891665  19337.284849     24.396704  3  7  5 106       
PG26  -6434.386584  21553.586252  13912.405393    245.060957  6  7  6 107       
PG27  -6880.466484  19522.028659 -16592.293167   -348.280978  4  8  5  93       
PG28  12267.155098 -13157.420797 -19013.259219    698.640012  3  4  2 105       
PG29 -19600.067952  -1120.363324  17865.306582   -152.442387  3  6  5  86       
PG30  20636.094704  -3902.618214 -16336.380513   -263.973076  3  4  5  94       
PG31 -12232.846732  10782.106825  21000.285853    -56.231039  2  1  5 110       
PG32 -20656.470648  16564.656951    320.411706    318.535890  3  5  4  83       
*  2020  7 17 18 45  0.00000000
PG01  19369.669555  14661.859679 -11359.963923     26.423497  5  6  5  81       
PG02   1896.518792 -15514.531466  22119.801244   -488.703827  3  4  7  93       
PG03  12256.733451  20640.645239  11412.723806   -242.673921  6  7  6  90       
PG04  12813.419790   8932.857486  21496.887314   -113.624477  5  5  7 106       
PG05   -964.496068 -25458.321277   6995.430717    -16.869438  5  6  5  95       
PG06  15377.965564  -8879.875865  19813.915011   -304.327309  5  5  5  95       
PG07  25790.770797   5278.716587  -4825.806259   -329.458336  3  4  5  78       
PG08   2395.384770  16771.427923 -20377.816526    -41.301220  5  8  5 102       
PG09  20385.233029  -2460.216390  16807.075715   -255.252179  4  4  1  97       
PG10 -12864.924306   9548.898506 -21053.141741   -402.337510  5  5  7 111       
PG11  10996.235616  14047.323005 -20084.087589   -218.452737  6  7  5 111       
PG12 -10407.623329 -21747.270648  11076.650465     92.474261  4  8  5 102       
PG13   7007.403115 -19079.028070 -17161.863848     27.588696  5  7  4  88       
PG14 -18049.248491  18592.308797   5713.390077      2.073690  2  5  4  80       
PG15  -5378.982912 -16610.684148 -20244.516919   -216.894524  5  7  3  84       
PG16    195.305100  25972.130878   4056.680023   -183.960361  5  7  5  69       
PG17  21744.336470 -14890.630493  -2676.716820    297.363085  5  5  4  75       
PG18 -25484.402514  -5028.676737  -5637.539276    248.588620  3  6  5  56       
PG19  19553.032881 -17394.749678   4087.453214   -130.751085  5  6  5  96       
PG20 -16947.371205  -2892.243323 -20375.095917    527.264391  5  6  5 110       
PG21 -17175.407461   8423.394687 -17572.639678     24.831242  3  7  5 102       
PG22  10360.718177  24242.220173   4042.180753   -771.356527  7  5  5  94       
PG23 -15600.256803   -853.353734 -21506.890961      5.776771  9  2  7  75       
PG24 -18105.679300 -14809.013637 -13122.202651    -15.794017  5  7  6  95       
PG25 -15145.661727 -12339.431405  17875.956611     24.400581  3  7  6  92       
PG26  -7007.459784  19910.109606  15951.712353    245.067065  6  6  5 108       
PG27  -8341.510118  20527.629867 -14535.933981   -348.289608  4  7  5  94       
PG28  12539.473634 -10818.648660 -20221.793523    698.636751  3  5  3 105       
PG29 -17924.307321  -2446.256525  19417.843371   -152.449923  4  6  5  98       
PG30  22189.694620  -3040.805445 -14391.780309   -263.979945  3  4  5  81       
PG31 -14392.501472   9846.066956  20113.656451    -56.233129  2     5 112       
PG32 -20731.938726  16263.230093  -2532.032477    318.541417  4  5  4  59       
*  2020  7 17 19  0  0.00000000
PG01  18002.623877  14386.309970 -13730.482597     26.426973  5  7  5  91       
PG02   4235.662908 -14994.131612  22151.549339   -488.708903  3  4  6  88       
PG03  12327.227710  21823.008325   8880.205305   -242.684256  7  7  6  78       
PG04  10979.388170  10590.894361  21754.503761   -113.628596  5  5  7  96       
PG05   -445.014231 -24589.636345   9627.197289    -16.870451  5  6  6  93       
PG06  17430.107070  -8170.263386  18367.413627   -304.331770  5  4  5 100       
PG07  26124.254986   5633.253732  -2050.490400   -329.465904  4  4  5  79       
PG08    696.682473  18279.357076 -19151.721751    -41.302691  5  8  5  94       
PG09  19048.879241   -927.009563  18443.268321   -255.257933  4  4  1  89       
PG10 -13498.591351   7169.680197 -21612.885106   -402.347119  5  5  7 110       
PG11   8785.016879  14567.686800 -20836.843194   -218.443280  6  7  5 103       
PG12 -10418.068866 -22905.642489   8498.478450     92.469925  4  9  5  94       
PG13   8585.155972 -20031.326393 -15229.675017     27.591609  5  7  4  89       
PG14 -18569.764707  18673.618319   2904.739509      2.076480  2  5  4  67       
PG15  -3832.778793 -18200.511567 -19149.589123   -216.892414  5  7  4  93       
PG16   -132.492768  25355.592112   6880.614436   -183.964431  5  6  4  80       
PG17  21474.720596 -14408.573581  -5529.250632    297.368020  5  5  4  58       
PG18 -25870.041119  -5403.860959  -2831.017109    248.596954  4  7  4  67       
PG19  19940.914945 -17441.545482   1208.513073   -130.746610  6  6  5  48       
PG20 -17661.202749  -5039.254637 -19340.844290    527.264277  5  7  5 109       
PG21 -19131.822407   7773.674305 -15810.810214     24.835583  2  6  5  88       
PG22  10144.402409  24612.118206   1275.917805   -771.354146  7  4  6  92       
PG23 -16164.285034  -3205.221000 -20857.837608      5.792341 10  1  7  83       
PG24 -16513.654000 -14664.315521 -15214.474283    -15.793363  4  7  6  80       
PG25 -15464.389621 -14294.390350  16104.213585     24.404454  3  7  6 102       
PG26  -7716.206017  18089.455101  17713.297677    245.073131  5  5  5 108       
PG27  -9567.516551  21442.036534 -12227.740053   -348.298317  3  7  5  77       
PG28  12953.336190  -8376.013368 -21065.280821    698.633284  3  5  3 105       
PG29 -16202.985882  -3963.694290  20635.445084   -152.457219  4  6  5  99       
PG30  23562.295737  -2332.352016 -12201.223660   -263.986812  3  4  5  73       
PG31 -16480.801186   9063.070084  18883.252419    -56.235268  2     5  99       
PG32 -20589.627728  15744.282853  -5340.447722    318.546910  3  5  4  52       
*  2020  7 17 19 15  0.00000000
PG01  16376.866897  14128.722264 -15871.621506     26.430481  5  7  5  97       
PG02   6584.113850 -14602.639092  21823.713615   -488.713746  4  4  6 104       
PG03  12375.501190  22716.691070   6195.362517   -242.694621  7  7  6 100       
PG04   9228.104054  12347.881135  21638.219051   -113.632735  5  6  7 102       
PG05    210.823312 -23473.048631  12090.447833    -16.871090  4  6  6 110       
PG06  19341.548353  -7616.271605  16606.498060   -304.336214  5  4  5  95       
PG07  26172.384405   5892.505744    759.199650   -329.473801  4  4  4  84       
PG08   -814.740762  19759.255031 -17593.238710    -41.302976  4  7  4  97       
PG09  17679.200957    796.081419  19761.026182   -255.263679  4  4     98       
PG10 -14268.295946   4788.763050 -21797.001022   -402.356719  4  5  6 115       
PG11   6541.732458  15201.878545 -21244.414011   -218.433605  5  7  6  93       
PG12 -10426.511541 -23766.608193   5774.012483     92.465799  4  9  5 101       
PG13   9931.504700 -20917.899720 -13036.212426     27.594503  5  7  4  88       
PG14 -18849.649736  18563.701325     45.760011      2.078826  2  4  4  87       
PG15  -2444.560723 -19752.640154 -17730.129022   -216.889777  5  7  4 106       
PG16   -558.773352  24446.306198   9582.195572   -183.969030  5  6  4  88       
PG17  21001.602984 -13688.169234  -8285.332702    297.373629  6  5  4  84       
PG18 -25964.797829  -5677.800944     24.126795    248.605284  4  7  4  80       
PG19  20075.897889 -17295.789209  -1691.353455   -130.741507  6  5  5  57       
PG20 -18422.166185  -7025.290901 -17977.921110    527.264484  4  7  6  97       
PG21 -20896.065881   7259.281236 -13759.233492     24.839633  3  5  4 104       
PG22   9828.995604  24703.031820  -1512.065516   -771.351568  7  4  6  95       
PG23 -16821.217647  -5435.547151 -19850.766242      5.807905 10  4  7  98       
PG24 -14699.966377 -14561.080475 -17052.379754    -15.794826  4  6  6  85       
PG25 -15823.516202 -16018.658298  14053.769693     24.408242  4  8  6  99       
PG26  -8571.958037  16134.489935  19166.869016    245.079198  5  5  5 109       
PG27 -10556.861261  22221.158114  -9707.044218   -348.306966  3  6  5  86       
PG28  13512.511931  -5881.502510 -21527.250722    698.630474  3  6  3  97       
PG29 -14482.363501  -5655.913544  21496.934079   -152.464741  5  6  5 103       
PG30  24717.889421  -1760.235365  -9802.463074   -263.993652  4  4  5  62       
PG31 -18451.986432   8431.305469  17331.234394    -56.237337  2     5 104       
PG32 -20261.022064  14987.838901  -8055.934701    318.552380  4  5  3  87       
*  2020  7 17 19 30  0.00000000
PG01  14517.398170  13924.739632 -17747.697079     26.433983  6  7  5 100       
PG02   8896.550713 -14342.688337  21141.184834   -488.718987  4  4  6  96       
PG03  12362.846161  23316.074449   3404.360382   -242.705020  7  7  6  91       
PG04   7592.779173  14168.021790  21149.927045   -113.636801  4  6  7  80       
PG05   1024.705463 -22142.400071  14341.929337    -16.871896  4  5  6 109       
PG06  21068.191503  -7203.601486  14561.273628   -304.340734  4  4  5  88       
PG07  25926.058849   6091.728820   3556.249872   -329.481825  4  4  5  79       
PG08  -2125.769829  21165.697555 -15728.887492    -41.304408  4  7  5  71       
PG09  16317.469885   2688.346150  20737.473656   -255.269400  4  3     87       
PG10 -15161.472215   2454.547978 -21603.009712   -402.366327  4  5  5 112       
PG11   4308.915299  15944.384566 -21301.243708   -218.424390  5  7  6  97       
PG12 -10393.842275 -24323.132726   2950.451510     92.461033  4  9  4  93       
PG13  11040.286204 -21695.913553 -10618.737060     27.597579  5  7  3  86       
PG14 -18910.929890  18232.393435  -2813.980336      2.081556  1  4  4  83       
PG15  -1223.968983 -21224.475671 -16008.824008   -216.887581  5  7  3 103       
PG16  -1114.495084  23271.055699  12113.208890   -183.973264  5  5  4  98       
PG17  20361.820551 -12713.411847 -10896.211475    297.378509  6  5  4  83       
PG18 -25756.410939  -5885.991921   2878.857303    248.613598  4  7  2  80       
PG19  19984.688727 -16928.991449  -4562.115448   -130.737285  6  5  4  75       
PG20 -19197.866724  -8821.173171 -16309.833410    527.264521  4  7  6 108       
PG21 -22428.746407   6860.230136 -11456.713448     24.843857  2  5  4  87       
PG22   9382.292586  24527.914554  -4274.207933   -771.349675  7  3  6  89       
PG23 -17543.998268  -7505.150426 -18502.913658      5.823421 11  8  8  91       
PG24 -12694.329632 -14527.618784 -18605.008041    -15.794918  4  6  6 112       
PG25 -16187.391721 -17487.779630  11760.955369     24.412156  5  8  6  78       
PG26  -9578.367875  14090.795388  20287.616300    245.085147  5  4  5 106       
PG27 -11316.587289  22823.002328  -7017.159622   -348.315636  4  6  5  75       
PG28  14212.021170  -3388.129511 -21598.412675    698.626915  3  6  4 108       
PG29 -12805.989725  -7497.957586  21987.277376   -152.472567  5  6  6 102       
PG30  25625.886745  -1301.275612  -7236.660396   -264.000488  4  4  5   5       
PG31 -20262.728364   7941.065300  15485.014743    -56.239907  2     5 106       
PG32 -19782.250655  13981.550497 -10631.161938    318.557876  4  5  2  85       
*  2020  7 17 19 45  0.00000000
PG01  12456.365146  13805.464070 -19327.327203     26.437471  6  7  5  82       
PG02  11128.015401 -14209.197505  20114.314682   -488.723974  4  4  5  90       
PG03  12251.165809  23624.369740    555.078044   -242.715401  7  7  5  59       
PG04   6100.122181  16010.743618  20297.911556   -113.640918  4  6  7  80       
PG05   2011.416419 -20636.911248  16342.121411    -16.872566  3  4  6  88       
PG06  22570.630001  -6910.642287  12266.699165   -304.345269  4  3  4  76       
PG07  25384.310768   6267.560747   6294.190231   -329.489858  4  4  5  86       
PG08  -3231.822995  22453.036375 -13590.655491    -41.305797  4  7  5  73       
PG09  15001.677730   4721.647041  21355.636649   -255.275111  3  3     96       
PG10 -16157.858569    212.517482 -21035.036394   -402.376106  3  6  4 109       
PG11   2127.487749  16782.772481 -21007.344686   -218.414671  5  7  6  76       
PG12 -10281.142623 -24577.279980     76.397238     92.456423  4  8  4  69       
PG13  11913.886285 -22323.628324  -8018.485741     27.600699  5  6  3  85       
PG14 -18782.086783  17655.849335  -5624.474014      2.084042  1  3  4  83       
PG15   -173.101871 -22573.361829 -14013.683645   -216.885474  5  7  3 108       
PG16  -1824.841468  21864.198034  14428.504681   -183.977241  5  5  4 104       
PG17  19596.145494 -11476.969887 -13315.282326    297.383894  6  5  4  88       
PG18 -25241.307061  -6065.813937   5684.130820    248.621957  5  7  2  81       
PG19  19700.227101 -16319.412317  -7354.610309   -130.732797  6  5  4  83       
PG20 -19952.295485 -10404.668963 -14365.144127    527.264196  4  7  6 101       
PG21 -23697.455534   6550.255197  -8946.458219     24.848108  2  4  4  70       
PG22   8775.963315  24107.050991  -6963.149403   -771.347091  7  3  6  73       
PG23 -18299.947133  -9380.829434 -16837.357785      5.838908 11  9  8  68       
PG24 -10532.160814 -14586.976687 -19846.036180    -15.795094  4  5  6  91       
PG25 -16517.689168 -18685.666867   9266.022398     24.416002  6  8  6  59       
PG26 -10731.125338  12005.009430  21056.623167    245.091184  5  4  5 114       
PG27 -11861.979273  23209.390087  -4204.641130   -348.324308  5  5  5  81       
PG28  15038.222852   -947.941217 -21276.917328    698.623764  3  6  4 102       
PG29 -11213.110092  -9457.462151  22097.859221   -152.479823  5  5  6  90       
PG30  26262.212556   -927.228556  -4547.687070   -264.007359  4  4  5  68       
PG31 -21873.619481   7575.310091  13376.741586    -56.241910  3  2  5  92       
PG32 -19192.571120  12721.373688 -13021.222833    318.563392  4  5  2  86       
*  2020  7 17 20  0  0.00000000
PG01  10232.032890  13796.202782 -20583.911107     26.440895  6  7  5  78       
PG02  13235.357034 -14189.576460  18758.823874   -488.729187  4  3  4  78       
PG03  12004.600255  23653.366336  -2303.705681   -242.725776  8  7  5  78       
PG04   4769.460740  17832.132388  19096.712310   -113.645068  4  7  7 108       
PG05   3178.041734 -18999.686253  18055.970614    -16.873582  2  3  6  85       
PG06  23815.547394  -6709.458787   9762.002253   -304.349811  3  4  5  64       
PG07  24554.334284   6456.478938   8927.783335   -329.497666  4  4  5  83       
PG08  -4136.856152  23577.152056 -11215.454916    -41.307294  5  6  5  86       
PG09  13765.121571   6861.312657  21604.745876   -255.280846  3  3     95       
PG10 -17230.256021  -1896.327320 -20103.685712   -402.385677  3  6  4 104       
PG11     35.461454  17698.118178 -20368.236739   -218.405273  5  7  6  76       
PG12 -10051.347511 -24539.981473  -2798.981628     92.452196  3  8  4  87       
PG13  12562.980500 -22762.067163  -5279.987114     27.603289  4  6  3  72       
PG14 -18496.846639  16817.697652  -8336.186820      2.086589  2  3  4  71       
PG15    713.443047 -23758.153109 -11777.669714   -216.883078  5  7  3  93       
PG16  -2707.987175  20266.332854  16486.889590   -183.981608  5  4  5 104       
PG17  18747.621158  -9980.755195 -15499.004448    297.388915  6  5  4  90       
PG18 -24424.791588  -6254.895616   8391.734689    248.630305  5  6  3  78       
PG19  19260.248970 -15453.004789 -10021.370992   -130.728218  6  5  4  82       
PG20 -20647.227244 -11761.124354 -12176.991277    527.264026  4  7  6  87       
PG21 -24677.902753   6298.161763  -6275.070905     24.852171  2  4  4  65       
PG22   7986.855498  23467.254004  -9532.533974   -771.344780  6  3  5  80       
PG23 -19052.038620 -11036.443742 -14882.629326      5.854414 11  9 10  60       
PG24  -8253.444622 -14755.973827 -20754.154430    -15.794746  4  5  6 103       
PG25 -16775.006378 -19604.989822   6612.398916     24.419863  6  8  6  50       
PG26 -12018.000152   9923.146398  21461.165583    245.097290  4  3  5 113       
PG27 -12215.807157  23347.547766  -1318.467402   -348.332979  5  5  5  98       
PG28  15969.294117   1389.940893 -20568.436709    698.620546  3  5  5 104       
PG29  -9737.249271 -11495.737909  21826.641315   -152.487706  6  5  6  87       
PG30  26610.161844   -606.068105  -1781.388520   -264.014218  4  4  5  48       
PG31 -23250.512622   7310.509263  11042.723466    -56.244384  4  3  5  87       
PG32 -18532.739156  11211.921101 -15184.449960    318.568886  4  5  2  91       
*  2020  7 17 20 15  0.00000000
PG01   7887.537556  13915.432834 -21496.047492     26.444371  6  6  5  92       
PG02  15178.630649 -14264.204527  17095.653484   -488.734223  4  3  4  75       
PG03  11591.068704  23422.864163  -5123.135514   -242.736051  8  7  4  65       
PG04   3612.155557  19586.508699  17566.883712   -113.649204  4  7  6  75       
PG05   4523.487771 -17276.073573  19453.537541    -16.874045  1  3  6  83       
PG06  24776.895393  -6567.028530   7090.022286   -304.354370  2  4  5  68       
PG07  23451.234896   6693.284151  11413.679219   -329.505470  4  4  5  87       
PG08  -4853.025129  24497.168314  -8644.480497    -41.308267  5  6  4  28       
PG09  12635.183817   9067.291114  21480.430837   -255.286593  3  3     87       
PG10 -18345.564886  -3836.840557 -18825.802341   -402.395195  3  6  3  98       
PG11  -1933.248292  18665.667137 -19394.824859   -218.395609  5  6  6  66       
PG12  -9670.826432 -24230.482395  -5626.774655     92.447543  4  8  5 106       
PG13  13005.955427 -22976.598936  -2450.310743     27.606480  4  6  4  56       
PG14 -18092.751500  15709.919142 -10900.989781      2.088856  2  2  4  79       
PG15   1448.234058 -24740.768498  -9338.226466   -216.880881  5  7  3  83       
PG16  -3774.159818  18522.721430  18251.931898   -183.985897  4  4  5  98       
PG17  17859.793349  -8236.126736 -17407.783569    297.393971  6  6  5  74       
PG18 -23320.909665  -6489.470978  10955.113584    248.638643  6  6  4  93       
PG19  18705.695726 -14324.059729 -12517.400484   -130.723463  6  5  4  69       
PG20 -21243.710231 -12883.814008  -9782.540523    527.264439  4  7  6  80       
PG21 -25354.688525   6069.368619  -3491.500792     24.856401     4  4  61       
PG22   6998.113764  22640.816829 -11937.812491   -771.342202  6  3  5  76       
PG23 -19760.360093 -12453.725707 -12672.230533      5.869855 11 10 10  94       
PG24  -5901.431854 -15044.474302 -21313.427838    -15.795757  3  4  5  91       
PG25 -16920.501209 -20247.232408   3845.910568     24.423745  7  8  6  72       
PG26 -13419.203931   7888.959892  21494.894599    245.103469  4  3  6  97       
PG27 -12407.266398  23211.509101   1590.841381   -348.341620  4  4  4  88       
PG28  16976.082735   3581.154430 -19486.057600    698.617247  3  5  5  99       
PG29  -8405.026352 -13569.108439  21178.207177   -152.495131  6  5  6  91       
PG30  26660.988344   -303.408532   1015.175999   -264.021091  4  4  5  48       
PG31 -24365.662772   7117.721116   8522.805510    -56.246577  4  4  5  89       
PG32 -17843.329265   9466.476608 -17083.169626    318.574378  4  6  2  91       
*  2020  7 17 20 30  0.00000000
PG01   5469.465312  14174.021053 -22047.886394     26.447844  6  6  5  94       
PG02  16922.405759 -14407.167617  15150.755327   -488.739441  4  4  4  70       
PG03  10983.669134  22959.814156  -7855.098423   -242.746270  7  7  4  80       
PG04   2631.328781  21228.085537  15734.649852   -113.653317  4  8  6  85       
PG05   6038.335233 -15511.950474  20510.542472    -16.874834     3  6  87       
PG06  25436.806571  -6446.681862   4296.491391   -304.358912  2  4  5  48       
PG07  22097.512374   7009.660829  13711.032727   -329.513493  4  4  5  92       
PG08  -5400.018024  25177.057818  -5922.478772    -41.309889  5  6  4  55       
PG09  11632.354487  11295.519535  20984.800616   -255.292334  3  4     74       
PG10 -19466.056293  -5580.865797 -17224.125800   -402.404784  4  6  3  84       
PG11  -3749.857462  19655.706304 -18103.219519   -218.386175  5  6  5  66       
PG12  -9110.824573 -23675.491310  -8359.131805     92.443211  4  7  5  68       
PG13  13268.030634 -22938.373615    421.738882     27.609320  3  6  4  73       
PG14 -17609.567931  14333.404458 -13273.088861      2.091437  2     4  96       
PG15   2050.382477 -25487.665588  -6736.711982   -216.878345  4  7  3  96       
PG16  -5025.039037  16681.527250  19692.659566   -183.990132  4  4  5 104       
PG17  16974.910781  -6263.710615 -19006.795864    297.398877  6  6  5  83       
PG18 -21951.982449  -6802.793367  13330.168775    248.646967  7  6  5  73       
PG19  18079.032393 -12935.533684 -14800.883471   -130.718663  6  6  5  80       
PG20 -21703.593166 -13773.998100  -7222.378935    527.264262  4  8  6  73       
PG21 -25721.694537   5827.562717   -645.991501     24.860189     4  5  70       
PG22   5800.068837  21664.257061 -14137.031208   -771.339875  6  3  5  74       
PG23 -20383.696214 -13622.792851 -10244.068621      5.885251 11 11 11  20       
PG24  -3521.216050 -15454.919274 -21513.588592    -15.796444  2  3  5  99       
PG25 -16917.496583 -20622.422064   1013.983017     24.427595  7  8  6  69       
PG26 -14908.055354   5942.412233  21157.902780    245.109644  4  3  6  99       
PG27 -12470.655240  22783.265465   4472.152331   -348.350272  4  4  4  91       
PG28  18023.293402   5587.719041 -18049.990454    698.613843  4  5  6  95       
PG29  -7235.248621 -15630.452458  20163.689237   -152.502725  6  6  6  89       
PG30  26414.205240     15.987574   3794.506885   -264.028057  4  4  5  76       
PG31 -25198.634172   6963.869113   5859.707367    -56.248761  5  4  5  75       
PG32 -17163.075143   7506.670198 -18684.381073    318.579842  4  6  2  98       
*  2020  7 17 20 45  0.00000000
PG01   3026.304369  14574.728231 -22229.410017     26.451267  6  6  5  90       
PG02  18436.941265 -14587.236801  12954.816517   -488.744362  4  4  4  74       
PG03  10161.882815  22297.201023 -10453.025168   -242.756458  7  7  4  78       
PG04   1821.917132  22712.643640  13631.460990   -113.657481  3  8  5  76       
PG05   7705.033081 -13752.001419  21208.798157    -16.875567     2  5  79       
PG06  25786.206614  -6309.689677   1429.264327   -304.363374  2  4  5  66       
PG07  20522.296993   7432.861432  15782.080760   -329.521142  4  4  4  87       
PG08  -5804.083528  25587.073198  -3096.942984    -41.310487  5  5  4  95       
PG09  10769.533993  13499.456865  20126.409783   -255.298096  3  4     85       
PG10 -20550.826499  -7108.090425 -15326.849055   -402.414386  5  6  3 104       
PG11  -5391.565877  20634.617194 -16514.501796   -218.376921  5  6  5  67       
PG12  -8348.712002 -22908.069874 -10950.031434     92.438795  5  7  5  87       
PG13  13380.113846 -22625.551822   3286.469863     27.612487  3  5  4  69       
PG14 -17087.597964  12698.160619 -15409.929341      2.094088  3  1  3  99       
PG15   2544.649371 -25971.174677  -4017.734464   -216.875971  4  7  4  98       
PG16  -6453.518518  14791.955093  20784.133908   -183.994296  4  4  6 102       
PG17  16132.172262  -4092.835353 -20266.728427    297.404273  6  6  5  65       
PG18 -20347.835888  -7223.668453  15476.016549    248.655296  8  6  6  76       
PG19  17422.539714 -11299.052821 -16833.827458   -130.714309  7  6  5  82       
PG20 -21991.033584 -14440.685373  -4539.858130    527.264136  5  8  6  66       
PG21 -25782.090567   5536.387181   2210.941369     24.864254     4  5  72       
PG22   4390.857703  20576.898352 -16091.591351   -771.337547  7  3  5  65       
PG23 -20881.177890 -14542.341386  -7639.812777      5.900907 11 11 12  36       
PG24  -1158.236512 -15982.140964 -21350.253320    -15.797341  2  3  5  98       
PG25 -16732.995240 -20748.548690  -1835.160234     24.431446  7  8  5  52       
PG26 -16451.920122   4118.308557  20456.676224    245.115770  4  3  6 103       
PG27 -12443.841965  22053.612978   7274.675012   -348.358953  3  4  4  98       
PG28  19070.951461   7379.373923 -16287.104113    698.610521  5  5  6  84       
PG29  -6238.319195 -17630.890810  18800.579476   -152.510126  5  6  6  77       
PG30  25877.588223    386.672364   6509.440037   -264.034973  4  4  5  75       
PG31 -25736.944006   6813.165825   3098.332461    -56.251124  5  5  4  67       
PG32 -16527.297154   5361.825522 -19960.346516    318.585353  3  5  3  95       
*  2020  7 17 21  0  0.00000000
PG01    606.822340  15112.017866 -22036.637509     26.454698  6  6  5 101       
PG02  19699.185139 -14769.062627  10542.912909   -488.749693  3  5  4  65       
PG03   9112.538323  21472.711436 -12872.662491   -242.766659  6  6  4  74       
PG04   1171.047596  23999.160309  11293.458497   -113.661633  4  8  5  63       
PG05   9498.424534 -12038.060952  21536.521399    -16.875988     2  5  75       
PG06  25825.102254  -6116.937945  -1462.490476   -304.367903  2  5  5  58       
PG07  18760.366169   7984.557585  17592.677064   -329.529044  4  4  5  86       
PG08  -6096.794413  25704.943734   -217.249874    -41.312385  5  5  4  89       
PG09  10051.643494  15631.720866  18920.109791   -255.303764  3  4     92       
PG10 -21557.375927  -8406.591637 -13167.091749   -402.423898  6  7  3 101       
PG11  -6842.201171  21566.076182 -14654.434666   -218.367351  5  5  5  80       
PG12  -7368.997226 -21966.307236 -13356.004709     92.434307  5  7  5  96       
PG13  13377.432947 -22024.277708   6094.176815     27.615483  2  5  5  70       
PG14 -16565.963366  10823.150297 -17273.050938      2.096487  3  2  3  96       
PG15   2960.311263 -26170.635323  -1228.400741   -216.873894  4  7  4  94       
PG16  -8043.839345  12902.369723  21507.886357   -183.998678  3  3  7  87       
PG17  15366.098397  -1760.599427 -21164.413040    297.409665  7  6  5  73       
PG18 -18544.751116  -7775.163770  17355.692756    248.663641  8  6  6  81       
PG19  16776.643719  -9434.598255 -18582.627777   -130.709643  7  6  5  86       
PG20 -22073.932209 -14900.111826  -1780.395341    527.264016  6  8  6  73       
PG21 -25547.975789   5161.087108   5029.475944     24.868325  1  3  5  88       
PG22   2776.745593  19419.343355 -17766.964234   -771.335194  7  3  5  89       
PG23 -21213.932240 -15219.513644  -4904.185149      5.916409 11 11 12  55       
PG24   1143.240602 -16613.468839 -20825.059336    -15.798079     3  4  75       
PG25 -16339.049193 -20650.700820  -4653.292134     24.435316  7  8  5  36       
PG26 -18013.386952   2445.146142  19403.936206    245.121915  5  4  7  94       
PG27 -12366.585245  21022.657311   9948.921052   -348.367616  3  4  4  85       
PG28  20076.073589   8934.570786 -14230.303833    698.607218  6  5  6  80       
PG29  -5415.981509 -19521.552812  17112.426630   -152.517941  5  7  5  96       
PG30  25066.881816    841.004191   9113.914358   -264.041889  4  4  5  81       
PG31 -25976.423262   6628.631989    285.057397    -56.253477  6  5  4  61       
PG32 -15966.480522   3068.006101 -20889.080390    318.590848  3  6  3  97       
*  2020  7 17 21 15  0.00000000
PG01  -1741.575424  15772.179997 -21471.748432     26.458138  6  6  6  91       
PG02  20693.560393 -14914.551558   7954.086321   -488.754693  3  5  4  49       
PG03   7830.498985  20527.238665 -15072.804549   -242.776961  6  6  4  67       
PG04    658.721005  25051.328763   8760.856923   -113.665767  4  8  4  64       
PG05  11386.582746 -10407.588094  21488.518381    -16.876729  2  3  5  92       
PG06  25562.533106  -5830.624452  -4329.125782   -304.372506  3  5  5  33       
PG07  16850.974609   8679.895440  19112.782363   -329.536911  4  4  4  96       
PG08  -6313.596855  25516.787641   2666.243424    -41.313159  5  5  4  91       
PG09   9475.557682  17645.765823  17386.788475   -255.309500  4  4     87       
PG10 -22443.251139  -9473.057798 -10782.299710   -402.433502  6  7  4  98       
PG11  -8092.633543  22412.363820 -12553.121027   -218.357620  5  4  5  72       
PG12  -6164.070734 -20891.830239 -15536.808509     92.430109  5  6  5  91       
PG13  13297.998070 -21129.353889   8796.024819     27.618357  2  4  5  80       
PG14 -16080.937351   8735.764500 -18828.869895      2.099285  4  2  3  96       
PG15   3329.825781 -26073.283431   1582.512049   -216.871397  5  6  4 106       
PG16  -9772.085851  11058.475010  21852.210727   -184.002678  3  3  7  94       
PG17  14705.101496    689.393880 -21683.332490    297.414800  6  6  6  73       
PG18 -16584.176247  -8473.545515  18936.791261    248.672055  8  6  7  97       
PG19  16178.342943  -7369.889092 -20018.552790   -130.704757  7  6  5  91       
PG20 -21925.240678 -15174.954452   1009.258607    527.264007  6  8  6  40       
PG21 -25039.687746   4670.045110   7761.372233     24.872411  2  3  5  82       
PG22    972.131749  18231.896873 -19133.346272   -771.332833  7  4  5  88       
PG23 -21346.669695 -15669.444597  -2084.197412      5.931907 11 12 13           
PG24   3341.609465 -17329.129040 -19945.713852    -15.798649     3  4  88       
PG25 -15713.935657 -20359.955943  -7392.957385     24.439138  7  7  5  93       
PG26 -19551.632251    944.220333  18018.376303    245.128046  5  4  7  97       
PG27 -12278.778146  19699.951741  12447.645386   -348.376303  2  3  4 107       
PG28  20994.465519  10241.081866 -11917.776202    698.604030  6  6  6  84       
PG29  -4761.410298 -21255.353214  15128.425193   -152.525377  5  7  5  84       
PG30  24005.220379   1407.723577  11563.720527   -264.048780  5  4  5  66       
PG31 -25921.284976   6373.655906  -2532.990316    -56.255417  6  5  4  54       
PG32 -15505.061296    666.798567 -21454.728728    318.596367  3  6  4 104       
*  2020  7 17 21 30  0.00000000
PG01  -3974.449124  16533.770457 -20543.119603     26.461434  6  5  6  87       
PG02  21412.503373 -14984.383053   5230.841258   -488.759765  4  5  4  36       
PG03   6319.048062  19503.280353 -17015.973012   -242.787267  5  6  4  88       
PG04    258.776774  25838.909131   6077.253484   -113.669926  5  8  4  69       
PG05  13331.920880  -8892.333088  21066.241989    -16.877491  3  3  5  91       
PG06  25016.188377  -5415.912000  -7121.362565   -304.377040  4  6  5  32       
PG07  14836.536296   9526.786566  20316.907348   -329.544778  4  4  4  90       
PG08  -6492.205677  25017.701805   5503.122935    -41.314677  4  5  4  89       
PG09   9030.362046  19497.535858  15553.002379   -255.315251  4  4  1  91       
PG10 -23167.686726 -10312.681424  -8213.582922   -402.443054  7  7  4  85       
PG11  -9140.946926  23135.741710 -10244.608320   -218.348106  4  4  5  75       
PG12  -4734.654201 -19728.205093 -17456.040168     92.425483  6  6  4  91       
PG13  13180.954666 -19944.588745  11344.926110     27.621361  2  3  5  91       
PG14 -15664.397209   6470.946342 -20049.365638      2.101637  4  2  2  96       
PG15   3687.348694 -25674.845422   4365.446807   -216.868982  5  6  4 113       
PG16 -11607.018745   9301.629869  21812.308378   -184.006821  4  3  8  89       
PG17  14170.319301   3208.582666 -21813.982444    297.419993  6  6  6  69       
PG18 -14511.248584  -9327.484658  20192.025232    248.680394  8  6  7  82       
PG19  15659.788375  -5139.489428 -21118.147096   -130.700103  7  6  6  73       
PG20 -21524.094136 -15293.308820   3781.774984    527.263828  7  8  6  32       
PG21 -24284.824115   4036.148604  10360.768260     24.876288  2  2  5  85       
PG22  -1000.766686  17053.001526 -20166.238533   -771.330202  6  5  5  88       
PG23 -21249.146435 -15914.505047    771.654296      5.947368 11 12 13  63       
PG24   5399.325971 -18102.927891 -18725.950486    -15.798163     3  3  93       
PG25 -14843.099335 -19912.069498 -10008.219160     24.442936  7  6  5  89       
PG26 -21023.919683   -370.982117  16324.302416    245.134224  5  5  7 100       
PG27 -12218.690478  18104.260113  14726.746277   -348.384935  2  3  4  95       
PG28  21782.562362  11296.203240  -9392.128921    698.600441  7  7  5  92       
PG29  -4259.644950 -22788.710446  12882.903581   -152.532716  5  7  5  72       
PG30  22722.285256   2110.666611  13817.220954   -264.055659  5  4  5  66       
PG31 -25583.899665   6013.537892  -5308.658605    -56.257885  6  5  3  59       
PG32 -15160.468208  -1796.118101 -21647.832190    318.601917  3  5  4  95       
*  2020  7 17 21 45  0.00000000
PG01  -6051.831838  17368.355052 -19265.270120     26.464836  5  5  5  87       
PG02  21856.726464 -14939.618299   2418.558338   -488.765100  4  5  4  43       
PG03   4589.957117  18443.289720 -18669.036066   -242.797723  5  5  4  74       
PG04    -59.898961  26338.858413   3288.876703   -113.674047  5  8  3  70       
PG05  15292.530152  -7517.248381  20277.722551    -16.878201  3  3  5  87       
PG06  24211.702191  -4842.473566  -9791.135048   -304.381534  4  6  5  60       
PG07  12761.200942  10525.458833  21184.505572   -329.552368  5  4  4  83       
PG08  -6670.912271  24212.004460   8243.841756    -41.317010  4  5  4 103       
PG09   8697.923751  21147.029672  13450.508703   -255.321005  4  4     83       
PG10 -23693.185231 -10938.732327  -5505.004299   -402.452639  8  7  4  87       
PG11  -9992.358913  23699.852870  -7766.439286   -218.338522  4  3  5  48       
PG12  -3089.941533 -18519.288770 -19081.688580     92.421667  6  6  4  99       
PG13  13064.893562 -18482.799421  13696.391828     27.624579  2  3  5  75       
PG14 -15342.466817   4070.000177 -20912.652039      2.104375  5  3  2 101       
PG15   4067.162432 -24979.807221   7071.000466   -216.866791  5  6  5  92       
PG16 -13511.205756   7667.369280  21390.288462   -184.011119  5  4  8  90       
PG17  13774.766253   5745.207652 -21554.076667    297.425319  6  7  6  64       
PG18 -12373.183592 -10337.564022  21099.701448    248.688793  8  5  6  76       
PG19  15247.064492  -2783.674204 -21863.551748   -130.695472  7  6  6  83       
PG20 -20856.726146 -15287.467740   6490.016646    527.263707  7  8  7  34       
PG21 -23317.030604   3237.942624  12784.875906     24.880477  3  3  5  88       
PG22  -3112.545124  15917.749086 -20846.936335   -771.327753  6  5  5  82       
PG23 -20897.444945 -15983.270819   3614.222454      5.962845 11 12 13           
PG24   7284.170646 -18903.199790 -17185.388026    -15.797878     3  2  93       
PG25 -13719.829997 -19346.012764 -12455.369007     24.446744  7  6  5  94       
PG26 -22387.176475  -1495.082885  14351.184278    245.140399  6  6  7  88       
PG27 -12221.284699  16262.953149  16746.102215   -348.393529  2  3  4 103       
PG28  22399.227655  12106.554563  -6699.456052    698.597330  8  7  5  70       
PG29  -3888.347438 -24083.139088  10414.720813   -152.540307  5  7  5  43       
PG30  21253.228802   2967.663817  15836.031183   -264.062549  5  4  5  71       
PG31 -24984.287240   5516.965468  -7995.494028    -56.259896  6  5  3  59       
PG32 -14942.457625  -4272.560001 -21465.469078    318.607458  3  5  4  95       
*  2020  7 17 22  0  0.00000000
PG01  -7939.584971  18241.537258 -17658.709877     26.468237  5  5  5  84       
PG02  22035.184988 -14743.344853   -435.176014   -488.770268  5  5  5  77       
PG03   2663.234494  17388.041867 -20003.757419   -242.808103  6  5  4  80       
PG04   -331.969284  26536.195199    443.787226   -113.678221  5  8  3  56       
PG05  17223.690605  -6299.684851  19137.376437    -16.878771  3  4  5  89       
PG06  23181.653678  -4085.868686 -12292.419290   -304.386007  5  6  6  78       
PG07  10669.370971  11668.284454  21700.312598   -329.560318  5  4  4  95       
PG08  -6886.875626  23113.121145  10840.624263    -41.318388  3  5  4  87       
PG09   8453.752850  22559.716012  11115.705558   -255.326781  5  4  1  88       
PG10 -23986.976533 -11371.831051  -2702.831614   -402.462161  8  7  5  86       
PG11 -10658.888822  24071.099788  -5159.148389   -218.328802  5  3  5  21       
PG12  -1247.428484 -17307.589114 -20386.617082     92.416982  6  5  4  88       
PG13  12986.186477 -16765.467868  15809.341198     27.627468  2  3  5  71       
PG14 -15134.409764   1579.135590 -21403.416787      2.107210  5  4  2  96       
PG15   4502.082402 -24001.339314   9650.880035   -216.864365  6  5  5  96       
PG16 -15442.397986   6184.187670  20595.029689   -184.015368  6  4  9  89       
PG17  13522.840997   8246.211550 -20908.588821    297.430177  6  7  6  78       
PG18 -10217.592171 -11496.106490  21644.099250    248.697273  7  5  6  78       
PG19  14959.211942   -347.096017 -22242.741311   -130.690913  8  6  6  62       
PG20 -19917.130683 -15192.545596   9087.810938    527.263793  7  8  7  76       
PG21 -22174.613014   2260.534232  14994.573568     24.884796  3  3  5  92       
PG22  -5327.535590  14856.528753 -21162.915764   -771.325287  5  5  5  91       
PG23 -20275.022279 -15909.257990   6394.554890      5.978394 11 11 14  55       
PG24   8970.323677 -19693.989400 -15349.287523    -15.798685  2  4  2  99       
PG25 -12345.653941 -18702.413814 -14693.592995     24.450669  7  6  5  82       
PG26 -23599.586354  -2430.797566  12133.128031    245.146567  6  6  7  47       
PG27 -12316.677474  14211.062960  18470.325567   -348.402085  2  2  4 108       
PG28  22807.432674  12687.496183  -3888.359998    698.594232  8  7  5  93       
PG29  -3618.854159 -25106.654391   7766.582871   -152.547874  6  6  4  62       
PG30  19637.404313   3989.666038  17585.653339   -264.069449  4  4  4  86       
PG31 -24149.343709   4857.367541 -10548.454887    -56.262109  6  6  3  60       
PG32 -14852.766414  -6713.519162 -20911.277383    318.613002  4  5  5  89       
*  2020  7 17 22 15  0.00000000
PG01  -9610.549475  19114.237101 -15749.687703     26.471644  4  5  5  84       
PG02  21964.737598 -14362.295943  -3281.320961   -488.775396  5  6  5  63       
PG03    566.562599  16375.076277 -20997.267376   -242.818528  6  5  3  80       
PG04   -594.101734  26424.565126  -2408.955131   -113.682386  6  8  4  32       
PG05  19079.493046  -5248.901814  17665.699570    -16.879235  2  4  5  73       
PG06  21964.309453  -3128.696466 -14582.030893   -304.390488  6  6  6  69       
PG07   8604.207454  12939.894368  21854.626859   -329.567952  5  5  3  97       
PG08  -7174.467317  21743.119456  13248.331275    -41.319818  3  5  4 105       
PG09   8268.119012  23707.745122   8588.991010   -255.332548  5  4  1  93       
PG10 -24022.303454 -11638.953235    145.235342   -402.471761  9  6  5  78       
PG11 -11158.780862  24219.953597  -2465.703841   -218.319656  5  3  5  72       
PG12    767.561976 -16132.691594 -21348.974217     92.412370  6  5  4  93       
PG13  12977.414951 -14822.061592  17646.851133     27.630337  3  4  5  73       
PG14 -15051.822359   -952.191490 -21513.216655      2.109944  6  4  1 108       
PG15   5021.910585 -22760.874318  12058.856675   -216.861855  6  5  5 100       
PG16 -17355.091100   4872.628625  19441.913654   -184.019769  8  4  9  75       
PG17  13410.211651  10659.192821 -19889.629998    297.435599  6  7  6  70       
PG18  -8090.790568 -12787.332005  21815.747355    248.705718  7  5  6  62       
PG19  14807.523667   2122.699295 -22249.678094   -130.686300  8  6  7  67       
PG20 -18707.444729 -15044.998872  11530.715200    527.263607  7  8  7  58       
PG21 -20899.033083   1096.226885  16954.897250     24.888626  3  4  5  90       
PG22  -7604.990795  13893.868907 -21108.105919   -771.322637  5  5  5  92       
PG23 -19373.484432 -15729.473417   9064.740402      5.993910 11 11 14   2       
PG24  10439.207924 -20436.428070 -13248.205313    -15.798170  3  4  1  94       
PG25 -10730.427868 -18021.957848 -16685.588136     24.454483  7  5  5  84       
PG26 -24622.139201  -3188.610999   9708.280107    245.152714  7  7  7  81       
PG27 -12528.812281  11990.035851  19869.415467   -348.410678  2  2  4 108       
PG28  22975.746438  13062.201648  -1008.960272    698.590900  8  7  4  85       
PG29  -3417.479290 -25834.934164   4984.291501   -152.555479  6  6  4  58       
PG30  17916.947869   5180.130892  19036.052565   -264.076337  4  4  4  85       
PG31 -23111.829516   4014.099751 -12924.607341    -56.264451  6  6  3  62       
PG32 -14885.094406  -9070.871456 -19995.357518    318.618520  4  5  5  96       
*  2020  7 17 22 30  0.00000000
PG01 -11045.446178  19944.178534 -13569.836612     26.475041  3  5  5  74       
PG02  21669.500501 -13768.379466  -6070.207250   -488.780386  6  6  5  57       
PG03  -1665.556087  15437.273734 -21632.448975   -242.828933  6  5  3  85       
PG04   -883.343784  26006.484662  -5220.143256   -113.686561  6  8  4  38       
PG05  20814.507119  -4365.906062  15888.855159    -16.880378  2  4  4  79       
PG06  20602.156322  -1961.478971 -16620.377676   -304.395003  6  6  6  69       
PG07   6606.174806  14317.579763  21643.526840   -329.575852  6  4  3  98       
PG08  -7563.738566  20131.912899  15425.268213    -41.321525  4  4  4 107       
PG09   8107.378924  24570.909538   5914.052859   -255.338324  5  3     89       
PG10 -23779.487394 -11772.204790   2990.850652   -402.481300  9  6  5  84       
PG11 -11515.697138  24122.148133    269.103969   -218.309950  6  4  4  66       
PG12   2922.641391 -15029.807869 -21952.528986     92.407975  7  5  3  80       
PG13  13065.957141 -12689.044750  19176.830351     27.633406  3  4  5  76       
PG14 -15098.161614  -3473.068725 -21240.621355      2.112364  6  4  2 108       
PG15   5652.005599 -21287.349694  14251.692327   -216.859670  5  4  4  91       
PG16 -19202.204702   3744.710375  17952.442552   -184.024139  9  4 10  72       
PG17  13424.081967  12934.327816 -18516.167016    297.440614  5  7  6  70       
PG18  -6036.167650 -14187.838375  21611.593453    248.714161  6  6  6  57       
PG19  14795.136952   4576.856331 -21884.384203   -130.681841  8  6  7  60       
PG20 -17238.034634 -14881.097673  13776.763592    527.263182  7  8  7  74       
PG21 -19533.346763   -255.125541  18635.435059     24.892989  3  5  5  88       
PG22  -9900.483083  13047.521567 -20683.038144   -771.320382  4  5  5  90       
PG23 -18193.055730 -15482.837121  11578.738375      6.009424 12 11 14   3       
PG24  11680.063098 -21090.255383 -10917.541635    -15.798189  4  4  1  87       
PG25  -8892.133669 -17343.803565 -18398.123985     24.458357  7  5  5  90       
PG26 -25420.079910  -3786.158057   7118.173124    245.158990  7  7  7  89       
PG27 -12874.398672   9646.236687  20919.295686   -348.419300  4  2  4 102       
PG28  22879.579427  13260.437927   1888.083433    698.587318  8  7  4  76       
PG29  -3247.017358 -26252.193006   2115.939501   -152.563319  7  5  4  77       
PG30  16135.263566   6534.694323  20162.167788   -264.083233  4  4  4  69       
PG31 -21909.154102   2973.418470 -15083.797542    -56.266781  6  6  4  99       
PG32 -15025.414631 -11299.044846 -18734.059853    318.624062  5  5  5  78       
*  2020  7 17 22 45  0.00000000
PG01 -12233.486198  20687.533100 -11155.715446     26.478407  3  5  5  62       
PG02  21179.908385 -12940.050462  -8752.426928   -488.785636  6  6  6  83       
PG03  -3992.913629  14601.621036 -21898.233182   -242.839359  6  5  3  57       
PG04  -1235.482761  25293.253407  -7941.278258   -113.690690  6  8  5  38       
PG05  22385.429751  -3643.621607  13838.166771    -16.881343  2  4  4  73       
PG06  19140.280363   -583.238884 -18372.153712   -304.399503  6  6  6  68       
PG07   4711.674121  15771.972717  21069.018297   -329.583597  5  4  2 100       
PG08  -8079.071741  18316.167892  17333.920143    -41.323409  5  4  4  98       
PG09   7935.461245  25137.317570   3137.102409   -255.344109  6  3  1  90       
PG10 -23246.736220 -11807.415334   5785.809983   -402.490857  9  6  5  71       
PG11 -11757.703289  23759.714246   2999.325553   -218.300467  6  5  4  79       
PG12   5179.378120 -14028.497000 -22186.927514     92.403825  7  5  4  92       
PG13  13272.790677 -10408.618163  20372.603743     27.636412  4  4  5  72       
PG14 -15268.627401  -5932.970722 -20591.203820      2.114866  6  5  2  97       
PG15   6412.034411 -19616.144317  16190.013099   -216.857289  5  4  4  86       
PG16 -20936.810696   2803.701417  16153.756064   -184.028188 10  4 10  64       
PG17  13543.823232  15026.177678 -16813.592081    297.445999  5  7  5  78       
PG18  -4092.672093 -15667.388286  21035.063279    248.722627  6  6  6  74       
PG19  14916.934062   6966.838441 -21152.932121   -130.677395  8  6  7  88       
PG20 -15527.280015 -14735.405577  15787.183651    527.263366  6  7  7  90       
PG21 -18120.640660  -1786.044996  20010.632364     24.897142  4  6  5  61       
PG22 -12167.463131  12327.829007 -19894.866413   -771.317943  3  6  5  78       
PG23 -16742.723932 -15208.538245  13893.177685      6.024902 12 10 14  38       
PG24  12690.223493 -21615.429037  -8396.987031    -15.798503  5  4  2  90       
PG25  -6856.382355 -16704.071014 -19802.544885     24.462170  7  5  4  96       
PG26 -25964.203329  -4247.336013   4407.024782    245.165091  7  8  7  92       
PG27 -13362.161438   7229.268492  21602.226931   -348.427898  4  2  5  89       
PG28  22502.137910  13317.115713   4752.510145    698.584152  7  7  4  88       
PG29  -3068.384891 -26351.735320   -788.932469   -152.570988  7  5  4  80       
PG30  14335.467447   8041.141705  20944.348592   -264.090134  4  4  3  79       
PG31 -20581.998121   1729.207414 -16989.292513    -56.268919  6  6  4  89       
PG32 -15252.596432 -13356.583665 -17149.663345    318.629571  5  4  5  79       
*  2020  7 17 23  0  0.00000000
PG01 -13172.662097  21300.659558  -8548.248519     26.481678  4  5  5  81       
PG02  20531.508279 -11863.462560 -11279.771048   -488.790681  6  7  6 100       
PG03  -6370.931710  13888.210105 -21789.798135   -242.849786  6  5  3  82       
PG04  -1683.455073  24304.538056 -10525.413165   -113.694842  6  8  5  60       
PG05  23752.650223  -3067.378643  11549.529240    -16.881771  3  3  5  86       
PG06  17624.654829    998.252911 -19806.961938   -304.403957  6  6  6  85       
PG07   2951.813925  17267.988791  20139.104582   -329.591433  5  4  2 102       
PG08  -8738.070180  16337.959902  18941.599958    -41.324265  5  4  4 100       
PG09   7715.449988  25403.754220    306.066421   -255.349923  6  3  1  80       
PG10 -22420.666228 -11782.603214   8482.829411   -402.500407 10  6  5  70       
PG11 -11916.077546  23121.812820   5678.562927   -218.290972  6  5  4  78       
PG12   7494.545108 -13151.604396 -22047.868272     92.399317  8  5  4  96       
PG13  13611.560816  -8027.238254  21213.394751     27.639666  4  5  6  90       
PG14 -15550.401198  -8283.576476 -19577.379881      2.117897  6  5  2 113       
PG15   7314.963360 -17787.752714  17839.104582   -216.855035  5  5  5  92       
PG16 -22513.842044   2044.245860  14078.063335   -184.032668 11  4 10  84       
PG17  13741.939579  16895.303191 -14813.159239    297.450993  5  7  5  79       
PG18  -2293.477500 -17189.972981  20096.007739    248.731060  6  6  6  73       
PG19  15159.754229   9246.044964 -20067.354495   -130.672671  8  6  7  63       
PG20 -13601.059892 -14639.325634  17527.070699    527.262989  5  7  7  89       
PG21 -16702.518041  -3481.626856  21060.016151     24.901014  4  6  5  70       
PG22 -14358.915764  11737.400208 -18757.256293   -771.315486  4  6  5  82       
PG23 -15040.054311 -14944.389024  15968.110584      6.040435 13  9 14  54       
PG24  13475.082597 -21973.760495  -5729.871672    -15.797845  5  5  3  91       
PG25  -4655.644712 -16134.453561 -20875.208658     24.465999  7  6  3 105       
PG26 -26231.948288  -4601.184031   1621.000847    245.171186  7  8  7  64       
PG27 -13992.428690   4790.178205  21907.086945   -348.436497  6  2  5  94       
PG28  21835.061108  13270.678495   7535.339178    698.580628  7  7  4  86       
PG29  -2842.335708 -26136.166347  -3680.201882   -152.578348  7  5  4  60       
PG30  12558.847367   9679.682246  21368.710488   -264.097050  4  4  4  71       
PG31 -19172.820551    283.428571 -18608.382106    -56.271247  5  6  5  92       
PG32 -15539.314274 -15207.549440 -15269.953464    318.635072  6  4  6 109       
*  2020  7 17 23 15  0.00000000
PG01 -13869.701943  21741.872954  -5792.067645     26.485074  4  6  5  93       
PG02  19763.526383 -10533.339073 -13606.194895   -488.795925  7  7  6  90       
PG03  -8752.168669  13309.509694 -21308.668550   -242.860264  6  5  3  75       
PG04  -2255.867787  23067.644091 -12927.969563   -113.698987  6  8  6  76       
PG05  24881.672613  -2615.697889   9062.750775    -16.882651  4  3  5  66       
PG06  16100.403153   2766.571434 -20899.853707   -304.408460  6  6  6  53       
PG07   1351.364362  18766.005140  18867.772658   -329.599366  5  3    106       
PG08  -9550.729661  14243.234400  20220.998538    -41.325108  6  3  4  91       
PG09   7411.203484  25375.716602  -2530.247896   -255.355746  6  3  1  77       
PG10 -21306.520265 -11736.369384  11036.305187   -402.510006 10  6  6  83       
PG11 -12023.981759  22205.329611   8260.721583   -218.281434  7  6  4  67       
PG12   9821.550521 -12414.456475 -21537.193148     92.394921  8  5  5  64       
PG13  14087.952121  -5593.974008  21684.695930     27.642623  4  5  6  78       
PG14 -15923.227335 -10480.483942 -18218.105166      2.120415  6  5  4 106       
PG15   8366.335262 -15846.253821  19169.606480   -216.852670  4  5  5  99       
PG16 -23891.716725   1452.824278  11762.006293   -184.036964 11  4 11  67       
PG17  13985.319417  18509.621376 -12551.306944    297.456079  5  7  5  69       
PG18   -664.876675 -18715.112223  18810.538575    248.739499  6  7  7  72       
PG19  15502.909749  11371.362085 -18645.473757   -130.667986  8  6  7  60       
PG20 -11491.956885 -14619.768784  18966.008188    527.263214  5  6  7  77       
PG21 -15317.680582  -5319.992408  21768.347494     24.904972  4  7  5  75       
PG22 -16429.045348  11271.111597 -17290.143388   -771.312943  5  6  6  74       
PG23 -13110.678896 -14725.241362  17767.708111      6.055970 13  8 13           
PG24  14047.740253 -22130.510439  -2962.425989    -15.799298  6  5  4  83       
PG25  -2328.234948 -15661.002357 -21597.857767     24.469843  8  6  4  89       
PG26 -26208.251423  -4880.573324  -1192.546663    245.177280  7  9  7 101       
PG27 -14757.072683   2379.623203  21829.515750   -348.445057  6  3  6  67       
PG28  20878.727928  13161.401272  10189.679887    698.577666  6  7  5  79       
PG29  -2531.181734 -25617.254009  -6508.037212   -152.586172  7  4  4  79       
PG30  10843.396080  11423.519505  21427.401529   -264.103986  4  4  3  74       
PG31 -17724.302448  -1353.722283 -19912.933893    -56.273401  5  6  5  92       
PG32 -15853.204209 -16822.706053 -13127.709215    318.640561  6  4  6  84       
*  2020  7 17 23 30  0.00000000
PG01 -14339.681350  21973.172769  -2934.764061     26.488455  5  6  5  87       
PG02  18917.260988  -8953.513360 -15688.785777   -488.801025  7  7  7  91       
PG03 -11087.943415  12869.938007 -20462.712528   -242.870679  6  6  4  72       
PG04  -2975.691114  21616.503504 -15107.512445   -113.703151  7  8  6  78       
PG05  25744.343041  -2261.335591   6420.840123    -16.883320  5  3  6  65       
PG06  14610.104558   4697.071689 -21631.774953   -304.412877  6  6  6  54       
PG07    -72.063335  20223.238522  17274.887434   -329.606933  5  3     96       
PG08 -10518.922587  12080.135427  21150.628539    -41.326762  7  4  5  83       
PG09   6988.944993  25067.123798  -5322.999703   -255.361653  6  4  2  85       
PG10 -19918.074841 -11706.279465  13403.044826   -402.519500 10  6  5  93       
PG11 -12115.040089  21015.201483  10700.795009   -218.272133  8  7  4  70       
PG12  12112.002205 -11824.340759 -20662.891830     92.390642  8  5  6  57       
PG13  14699.389144  -3158.767754  21778.520523     27.645335  5  5  6  79       
PG14 -16360.307173 -12484.751006 -16538.441241      2.122786  6  6  4 111       
PG15   9563.865966 -13837.641237  20158.087296   -216.850298  4  6  6  97       
PG16 -25033.817473   1008.523456   9245.970312   -184.041318 12  4 11  60       
PG17  14236.713682  19845.451351 -10068.888827    297.461310  5  7  5  75       
PG18    774.552572 -20199.340807  17200.754955    248.747959  6  7  7  25       
PG19  15918.989163  13304.593917 -16910.652196   -130.663495  8  6  7  76       
PG20  -9238.206113 -14697.997278  20078.622163    527.262695  4  6  6  75       
PG21 -14000.646342  -7272.973655  22125.710706     24.909001  5  7  5  70       
PG22 -18334.921535  10916.432416 -15519.365728   -771.310426  6  6  6  61       
PG23 -10987.479688 -14581.528272  19260.884522      6.071510 14  7 13  39       
PG24  14428.341288 -22055.877370   -142.964366    -15.800672  6  5  5  75       
PG25     82.918412 -15303.126161 -21957.918960     24.473698  8  7  5  90       
PG26 -25886.130385  -5120.757936  -3985.855108    245.183378  6  9  7  89       
PG27 -15639.801735     46.073392  21371.927171   -348.453577  7  3  7  65       
PG28  19642.234127  13029.668893  12671.459770    698.574216  6  7  5  81       
PG29  -2100.451301 -24815.448097  -9223.761824   -152.593698  7  5  4  60       
PG30   9222.472812  13239.699792  21118.773984   -264.110888  4  4  4  78       
PG31 -16277.782215  -3163.965601 -20879.892341    -56.275564  5  6  6 100       
PG32 -16158.220737 -18180.446017 -10760.110322    318.646045  7  5  7  76       
*  2020  7 17 23 45  0.00000000
PG01 -14605.302625  21961.858799    -26.061160     26.491861  6  7  4  72       
PG02  18034.366338  -7137.100731 -17488.704772   -488.806348  7  7  7  90       
PG03 -13330.016347  12565.753609 -19266.034301   -242.881098  5  6  4  62       
PG04  -3859.173682  19990.417998 -17026.469370   -113.707342  7  9  7  77       
PG05  26319.837606  -1972.545130   3669.252776    -16.884131  6  4  6  68       
PG06  13192.208418   6757.647613 -21989.910263   -304.417429  5  6  6  60       
PG07  -1308.576318  21595.278790  15385.987481   -329.614716  5  3  2 103       
PG08 -11636.212727   9897.268762  21715.156233    -41.328098  7  4  5  73       
PG09   6418.762417  24499.713695  -8024.157983   -255.367484  6  4  2  58       
PG10 -18277.239932 -11727.293353  15542.960365   -402.529042 10  7  5  60       
PG11 -12221.877147  19564.451780  12955.670026   -218.262200  8  7  4  81       
PG12  14317.351926 -11380.291895 -19439.017197     92.385625  8  6  6  68       
PG13  15435.077831   -770.669271  21493.530706     27.648374  6  6  6  84       
PG14 -16829.463282 -14264.201571 -14569.006500      2.125293  7  6  5 104       
PG15  10897.378332 -11808.088523  20787.484116   -216.848038  4  7  6  90       
PG16 -25909.775580    684.077928   6573.357381   -184.045545 13  5 11  81       
PG17  14456.373138  20888.212595  -7410.336244    297.466668  5  7  6  75       
PG18   2014.478148 -21597.824472  15294.365359    248.756391  6  7  8  66       
PG19  16374.921075  15013.723836 -14891.463188   -130.659092  8  6  7  61       
PG20  -6882.425568 -14888.689947  20845.058424    527.262646  5  6  6  80       
PG21 -12780.638477  -9307.002895  22127.546871     24.912840  6  8  5  85       
PG22 -20038.017507  10654.060917 -13476.178097   -771.307929  7  7  7  61       
PG23  -8709.496688 -14537.987573  20421.839532      6.087076 14  7 13  36       
PG24  14643.128076 -21726.315142   2678.992947    -15.799671  6  5  5  70       
PG25   2531.673100 -15072.842545 -21948.727355     24.477568  8  7  7  91       
PG26 -25266.975860  -5357.840686  -6711.529822    245.189437  6  9  7  90       
PG27 -16616.786731  -2165.879527  20543.391212   -348.462138  8  4  7  78       
PG28  18143.053238  12914.300068  14940.065340    698.571022  5  7  6  72       
PG29  -1520.419728 -23759.076757 -11780.693475   -152.601338  8  5  5  66       
PG30   7723.644604  15090.209660  20447.455796   -264.117752  5  4  4  83       
PG31 -14871.738782  -5121.393562 -21491.713140    -56.277707  5  7  6 109       
PG32 -16416.139739 -19267.425216  -8208.076599    318.651509  7  5  7  83       
EOF
