#cP2020  7 15  0  0  0.00000000      96 ORBIT IGb14 HLM  IGS
## 2114 259200.00000000   900.00000000 59045 0.0000000000000
+   32   G01G02G03G04G05G06G07G08G09G10G11G12G13G14G15G16G17
+        G18G19G20G21G22G23G24G25G26G27G28G29G30G31G32  0  0
+          0  0  0  0  0  0  0  0  0  0  0  0  0  0  0  0  0
+          0  0  0  0  0  0  0  0  0  0  0  0  0  0  0  0  0
+          0  0  0  0  0  0  0  0  0  0  0  0  0  0  0  0  0
++         2  2  2  2  2  2  2  2  2  2  2  2  2  2  2  2  2
++         3  2  2  2  2  0  1  2  2  2  2  2  2  2  1  0  0
++         0  0  0  0  0  0  0  0  0  0  0  0  0  0  0  0  0
++         0  0  0  0  0  0  0  0  0  0  0  0  0  0  0  0  0
++         0  0  0  0  0  0  0  0  0  0  0  0  0  0  0  0  0
%c G  cc GPS ccc cccc cccc cccc cccc ccccc ccccc ccccc ccccc
%c cc cc ccc ccc cccc cccc cccc cccc ccccc ccccc ccccc ccccc
%f  1.2500000  1.025000000  0.00000000000  0.000000000000000
%f  0.0000000  0.000000000  0.00000000000  0.000000000000000
%i    0    0    0    0      0      0      0      0         0
%i    0    0    0    0      0      0      0      0         0
/* FINAL ORBIT COMBINATION FROM WEIGHTED AVERAGE OF:        
/* cod emr esa gfz grg jpl mit ngs sio                      
/* REFERENCED TO IGS TIME (IGST) AND TO WEIGHTED MEAN POLE: 
/* PCV:IGS14_2114 OL/AL:FES2004  NONE     Y  ORB:CMB CLK:CMB
*  2020  7 15  0  0  0.00000000
PG01 -14643.912596  21923.911592    526.577714     25.465125  4  2  5  93       
PG02  17867.671807  -6745.826905 -17802.248157   -487.337249  9  7  8 105       
PG03 -13780.128645  12505.218326 -18982.945027   -239.896138  9  6  5  90       
PG04  -4027.628957  19688.001057 -17337.482379   -112.516715 10  8  8  83       
PG05  26394.189311  -1918.463585   3151.158187    -16.678849  9  8  7  82       
PG06  12971.586981   7099.370295 -22013.003640   -303.110833  9 11 10  90       
PG07  -1506.253084  21827.906848  15019.632923   -327.375348  8  6  6  92       
PG08 -11860.938938   9490.895013  21779.155927    -40.983818  7  7  6  99       
PG09   6293.630227  24370.452794  -8505.241258   -253.702202  4  4  7  57       
PG10 -17956.580177 -11738.898677  15902.125408   -399.774470  8  5  6 103       
PG11 -12255.922011  19257.876783  13354.867479   -221.007543  7  6  9  98       
PG12  14702.387720 -11317.147990 -19181.386909     93.648640  6  6  6  77       
PG13  15576.875419   -357.288069  21403.940539     26.788012  7  4  4  72       
PG14 -16916.502020 -14554.714513 -14188.896809      1.387146 10 10  4 100       
PG15  11162.494425 -11428.980651  20864.131278   -217.517971  6  7  7 101       
PG16 -26053.902971    594.561944   6015.134754   -182.808392 10  9  9  80       
PG17  14478.053808  21062.952565  -6885.772043    295.979555  8  9  6  72       
PG18   2239.923880 -21849.981750  14899.726658    246.334303 11 11  9  85       
PG19  16456.528915  15307.455166 -14488.722380   -131.972125  9 10  7  65       
PG20  -6458.478915 -14936.125491  20942.579473    527.287362  7  6  6 102       
PG21 -12140.238034 -10370.391744  22022.051815     23.733795  5  5  6 113       
PG22 -20363.433007  10587.121492 -13037.455525   -771.993495 10  6  7  93       
PG23  -8305.824998 -14540.332510  20587.744240 999999.999999
PG24  14659.203367 -21645.244223   3174.548635    -15.668593  8  3  4  97       
PG25   3033.313021 -15040.302361 -21902.476786     23.375139  7  6  4  79       
PG26 -25127.407749  -5396.945282  -7185.393239    243.433307  8  6  9  85       
PG27 -16801.610625  -2551.056291  20354.946885   -345.986825  9  6  8 110       
PG28  17844.792306  12897.810874  15326.156162    699.508723  6  7  8  82       
PG29  -1356.388521 -23521.938004 -12269.539415   -150.427815  8  6  7  89       
PG30   7486.801755  15404.403413  20296.818591   -262.134541  6  8  4  80       
PG31 -14638.136928  -5460.075117 -21561.386479    -55.641093  7  9  7  98       
PG32 -16445.884493 -19452.083642  -7706.171155    317.059216  5  6  5  88       
*  2020  7 15  0 15  0.00000000
PG01 -14704.975750  21590.867282   3430.046351     25.468806  4  3  5 101       
PG02  16991.963166  -4677.493587 -19220.859414   -487.342290  8  6  7  95       
PG03 -15848.801448  12344.846405 -17392.276259   -239.906617  9  6  5  90       
PG04  -5114.833437  17911.836161 -18907.677671   -112.520940 10  8  8  75       
PG05  26613.321247  -1661.803676    330.899889    -16.679682  9  8  6  73       
PG06  11681.602992   9263.994207 -21927.189592   -303.115484  8 10  9  82       
PG07  -2520.207053  23042.999349  12821.662168   -327.383010  7  6  6 103       
PG08 -13134.839988   7345.334583  21899.854933    -40.985230  6  7  6  89       
PG09   5517.139727  23534.218340 -11038.352151   -253.708066  3  4  7  75       
PG10 -16056.145985 -11860.058831  17727.549703   -399.784102  8  4  6  86       
PG11 -12419.465002  17525.141118  15337.690055   -220.997982  7  6  9  89       
PG12  16746.862999 -11033.389454 -17570.862443     93.644217  5  6  7  71       
PG13  16435.115058   1915.845759  20679.883212     26.791170  7  4  4  38       
PG14 -17377.155596 -16038.225295 -11923.729100      1.389997 10  8  4  48       
PG15  12632.855059  -9431.708305  21054.890798   -217.515282  5  7  7  87       
PG16 -26579.451717    370.295352   3214.882435   -182.812769  9  9  8  81       
PG17  14606.678180  21750.665610  -4079.019439    295.985102  7  8  6  80       
PG18   3241.207379 -23087.910673  12683.397030    246.342778 10 10  9  70       
PG19  16910.587956  16719.596726 -12175.919434   -131.967654  8  8  6  73       
PG20  -4041.309769 -15268.801320  21283.699022    527.286731  7  5  5  78       
PG21 -11063.429412 -12436.934014  21521.220965     23.737900  5  5  6 108       
PG22 -21780.443967  10399.905664 -10715.650145   -771.990867  9  6  7  85       
PG23  -5902.562207 -14638.214180  21333.168308 999999.999999
PG24  14718.989041 -20995.735197   5935.859606    -15.668555  7  3  3  75       
PG25   5463.976272 -14965.080233 -21450.600485     23.378950  7  5  3  55       
PG26 -24171.593913  -5675.910693  -9772.189045    243.439394  7  7  9  79       
PG27 -17850.327241  -4569.319260  19108.633398   -345.995500  8  5  7 102       
PG28  16068.274401  12847.565562  17295.953629    699.505457  6  6  8  84       
PG29   -568.253021 -22205.948320 -14578.292134   -150.435394  8  6  7  84       
PG30   6158.252282  17242.738604  19214.449573   -262.141520  5  8  4  83       
PG31 -13324.013005  -7548.885356 -21742.491170    -55.643326  6  9  7  99       
PG32 -16596.882000 -20211.387586  -4992.090751    317.064719  5  5  5  88       
*  2020  7 15  0 30  0.00000000
PG01 -14632.469732  20968.815297   6273.018880     25.472469  5  3  6  97       
PG02  16163.610328  -2432.187604 -20290.073097   -487.347740  7  6  6  90       
PG03 -17727.442578  12284.606563 -15502.714699   -239.917106  8  6  5  99       
PG04  -6374.337178  16057.740480 -20151.856832   -112.525112 10  8  7  80       
PG05  26528.357134  -1392.807899  -2495.001126    -16.680521  8  8  6  84       
PG06  10526.791353  11468.751809 -21462.191039   -303.120119  7  9  8  92       
PG07  -3353.286409  24078.396556  10401.316945   -327.391015  7  5  6 103       
PG08 -14516.074147   5279.492898  21644.244649    -40.986331  6  7  6  87       
PG09   4547.115889  22509.087671 -13381.772097   -253.713903  2  5  7  59       
PG10 -13975.626992 -12092.655710  19252.558284   -399.793757  8  4  6  90       
PG11 -12659.638656  15586.675530  17051.514518   -220.988521  7  6  9  63       
PG12  18607.810961 -10865.879300 -15661.468957     93.639302  5  6  7  88       
PG13  17367.909849   4046.231771  19596.940699     26.793988  7  4  4  44       
PG14 -17787.970149 -17254.721642  -9451.532365      1.392570  9  7  4  82       
PG15  14191.299946  -7506.762971  20872.667318   -217.513469  5  7  6  94       
PG16 -26798.830647    190.336588    360.594619   -182.817322  9  9  7  77       
PG17  14616.336176  22146.178507  -1201.664368    295.989934  7  7  6  84       
PG18   4049.600598 -24145.414868  10248.312494    246.351297 10  9  9  83       
PG19  17319.100222  17863.870128  -9657.230423   -131.963204  8  8  6  72       
PG20  -1623.015817 -15720.245834  21256.268087    527.286809  7  5  5  75       
PG21 -10127.618511 -14489.894257  20675.810596     23.742160  5  5  5 112       
PG22 -22931.887567  10243.912312  -8206.206779   -771.988693  9  6  7  91       
PG23  -3444.129511 -14865.759269  21710.564418 999999.999999
PG24  14685.197359 -20066.454461   8592.168939    -15.668174  7  3  3  98       
PG25   7827.253534 -15016.080302 -20636.183704     23.382782  6  5  4  80       
PG26 -22950.295663  -6025.913239 -12193.097293    243.445427  6  6  9 101       
PG27 -18920.044194  -6389.180435  17532.938442   -346.004127  8  5  7  99       
PG28  14092.856258  12885.570328  18978.527870    699.502246  6  6  7  73       
PG29    411.411941 -20719.470450 -16636.436727   -150.443241  7  6  6  83       
PG30   4987.626811  19021.788019  17800.740351   -262.148497  4  7  4  95       
PG31 -12117.637060  -9706.244481 -21550.910879    -55.645572  6  9  7  91       
PG32 -16617.395146 -20700.604388  -2192.700433    317.070219  4  5  5  98       
*  2020  7 15  0 45  0.00000000
PG01 -14465.285467  20050.254396   9005.132576     25.476159  5  3  6  91       
PG02  15414.041708    -49.281591 -20989.510085   -487.353067  6  6  5 100       
PG03 -19380.033989  12297.668970 -13346.405618   -239.927562  8  6  6  99       
PG04  -7797.049641  14171.855055 -21048.640698   -112.529264 10  7  7 100       
PG05  26145.113714  -1075.349020  -5278.555010    -16.681173  8  8  6  63       
PG06   9524.277081  13666.012445 -20625.955911   -303.124751  5  8  7  77       
PG07  -4020.448446  24895.504218   7799.602167   -327.398749  6  4  6  89       
PG08 -15974.297262   3332.326216  21017.483844    -40.987447  6  7  6  97       
PG09   3373.891106  21334.594173 -15495.365718   -253.719769  2  5  7  69       
PG10 -11756.941230 -12454.444789  20450.966760   -399.803368  8  4  5  99       
PG11 -12996.703001  13478.024563  18464.592943   -220.978893  7  6  9  92       
PG12  20247.006955 -10789.587705 -13484.931457     93.634956  5  6  7  80       
PG13  18342.361540   5998.472045  18174.340684     26.797102  7  4  4  39       
PG14 -18109.486425 -18198.765149  -6815.949178      1.395196  9  6  4  45       
PG15  15805.879508  -5689.926700  20321.924431   -217.510903  5  7  6  96       
PG16 -26707.298097     16.393306  -2499.754230   -182.821799  8  9  7  76       
PG17  14470.778977  22264.346949   1696.413381    295.995038  7  7  5  81       
PG18   4680.836558 -24984.449022   7636.465674    246.359828 10  8  9  83       
PG19  17640.365851  18733.629171  -6974.754047   -131.958656  7  7  5  87       
PG20    749.933177 -16281.159769  20860.076513    527.286831  6  5  4  79       
PG21  -9339.087746 -16486.130456  19499.201968     23.746222  5  5  5 113       
PG22 -23801.297060  10085.507714  -5553.297083   -771.986214  9  6  7  81       
PG23   -979.525863 -15224.039956  21713.409833 999999.999999
PG24  14594.608503 -18859.554102  11096.318217    -15.668151  6  2  3 100       
PG25  10077.222124 -15180.064730 -19472.008502     23.386579  7  5  5  69       
PG26 -21490.022979  -6475.607636 -14406.907858    243.451467  5  6  9  68       
PG27 -19970.342068  -7987.312860  15655.993002   -346.012790  8  4  6 104       
PG28  11957.265381  13036.037623  20347.520157    699.498869  6  6  7  79       
PG29   1589.413498 -19107.546684 -18408.774869   -150.450894  7  6  6  81       
PG30   3979.208175  20696.837729  16079.499776   -262.155460  3  7  4  83       
PG31 -11039.870052 -11888.252089 -20988.552093    -55.648019  6  8  7  98       
PG32 -16472.898006 -20933.319813    644.119978    317.075690  4  4  5  74       
*  2020  7 15  1  0  0.00000000
PG01 -14244.076531  18837.104958  11577.844319     25.479843  5  4  6  87       
PG02  14768.388023   2425.999149 -21305.836419   -487.358096  6  5  4  84       
PG03 -20777.274916  12351.963751 -10960.169253   -239.938024  8  6  6  70       
PG04  -9365.800386  12298.999251 -21582.655561   -112.533421 10  7  6  74       
PG05  25477.704914   -675.204569  -7972.626624    -16.682367  7  8  5  78       
PG06   8682.858972  15806.539141 -19432.887563   -303.129400  4  8  7  65       
PG07  -4543.437643  25460.920511   5061.184498   -327.406409  6  4  6 106       
PG08 -17473.530945   1536.758292  20031.038004    -40.988604  5  7  6  85       
PG09   1995.763975  20052.909800 -17342.981703   -253.725542  2  5  7  75       
PG10  -9445.629642 -12955.731627  21301.996743   -399.813004  8  4  5  90       
PG11 -13444.651892  11239.749806  19550.293667   -220.969242  7  5  8 109       
PG12  21632.505189 -10773.688970 -11077.691652     93.630323  5  6  7  81       
PG13  19320.918329   7744.226487  16437.178453     26.800066  7  4  4  75       
PG14 -18303.342762 -18873.754765  -4063.059254      1.397836  8  5  4  28       
PG15  17439.899430  -4010.844915  19413.739610   -217.508765  5  7  6  72       
PG16 -26308.834488   -189.969344  -5318.348271   -182.826178  8  9  6  91       
PG17  14138.227360  22128.114711   4565.492286    296.000804  7  6  5  76       
PG18   5157.595795 -25572.343048   4892.906363    246.368339 10  7  9  84       
PG19  17833.376991  19330.959259  -4173.604487   -131.954355  7  6  5  77       
PG20   3033.215355 -16934.849597  20101.371050    527.286482  6  4  4  50       
PG21  -8696.562471 -18382.505057  18009.742477     23.750143  5  5  5 102       
PG22 -24380.622775   9889.518082  -2803.479456   -771.983833  9  6  7  69       
PG23   1442.558306 -15706.021213  21341.656606 999999.999999
PG24  14484.038839 -17385.964393  13403.834553    -15.669419  6  2  2  74       
PG25  12171.349092 -15436.469536 -17976.788985     23.390395  7  5  5  86       
PG26 -19823.689943  -7048.444642 -16375.830620    243.457503  5  6  8  96       
PG27 -20958.645863  -9348.887827  13510.900048   -346.021428  7  4  6  91       
PG28   9704.434687  13316.297516  21381.769386    699.495371  5  6  6  73       
PG29   2963.977523 -17417.124828 -19865.051623   -150.458237  7  6  6  83       
PG30   3129.447472  22224.387373  14079.966570   -262.162397  3  7  4  94       
PG31 -10104.092281 -14048.153836 -20063.736173    -55.649855  6  8  6  97       
PG32 -16133.211952 -20930.617724   3469.967179    317.081238  4  4  5  79       
*  2020  7 15  1 15  0.00000000
PG01 -14009.480168  17340.812979  13945.374781     25.483559  6  4  6  98       
PG02  14244.431180   4944.228681 -21233.090410   -487.363132  6  6  3  87       
PG03 -21897.583382  12411.545893  -8384.887277   -239.948550  8  7  6  85       
PG04 -11055.844153  10481.057613 -21744.793039   -112.537578 10  7  6  72       
PG05  24547.988243   -161.544044 -10531.695562    -16.682944  7  8  5  70       
PG06   8002.794659  17841.248555 -17903.596722   -303.134046  3  7  6  81       
PG07  -4949.781990  25747.819657   2233.637803   -327.414318  6  4  6  82       
PG08 -18973.478103    -81.376478  18702.436641    -40.989757  5  6  6  84       
PG09    419.257689  18707.231769 -18893.059484   -253.731382  2  6  7  74       
PG10  -7089.303579 -13598.857578  21790.642501   -399.822625  8  4  4  78       
PG11 -14010.460220   8916.033345  20287.723228   -220.959619  7  5  8  88       
PG12  22739.766207 -10782.854075  -8480.351139     93.625894  5  7  7  73       
PG13  20262.849593   9263.091680  14415.943402     26.803174  7  5  4  70       
PG14 -18333.860279 -19291.548339  -1240.540655      1.400250  8  5  5  76       
PG15  19053.300070  -2492.076877  18165.499117   -217.506498  5  7  5  83       
PG16 -25615.953355   -465.713356  -8048.259837   -182.830484  7  8  6  89       
PG17  13592.707054  21767.438441   7356.849081    296.005782  7  6  5  76       
PG18   5508.423820 -25883.070004   2064.958703    246.376880 10  7  9  82       
PG19  17859.505413  19666.501052  -1301.207189   -131.949469  7  6  5  86       
PG20   5186.192135 -17657.833059  18992.788268    527.286613  6  4  4  59       
PG21  -8191.352512 -20137.278628  16230.545655     23.755082  6  5  5  99       
PG22 -24670.406328   9620.800617     -4.834344   -771.981612  9  6  7  64       
PG23   3775.426799 -16296.804049  20601.732316 999999.999999
PG24  14388.712516 -15665.125924  15473.794200    -15.669663  5  1  2  74       
PG25  14071.942012 -15758.201317 -16174.938444     23.394195  7  5  5  70       
PG26 -17989.470659  -7761.598092 -18066.124499    243.463508  5  6  8  80       
PG27 -21841.882975 -10467.890344  11135.112507   -346.030090  6  4  6  85       
PG28   7380.066275  13736.135759  22065.522678    699.491970  6  6  6  89       
PG29   4524.639637 -15695.313194 -20980.458900   -150.466086  6  6  5  32       
PG30   2427.259070  23563.755885  11836.333901   -262.169369  3  6  4 100       
PG31  -9315.749168 -16137.972091 -18791.150495    -55.652378  7  8  6  88       
PG32 -15573.800842 -20720.132613   6236.719987    317.086737  3  4  5  95       
*  2020  7 15  1 30  0.00000000
PG01 -13800.340092  15582.070862  16065.603761     25.487398  6  5  6  94       
PG02  13851.887781   7453.625294 -20772.824041   -487.368089  6  6  3  73       
PG03 -22727.811359  12438.126063  -5664.811930   -239.958948  8  7  6  82       
PG04 -12835.667273   8755.492364 -21532.360795   -112.541744 10  7  6  81       
PG05  23384.737401    491.717825 -12912.583425    -16.683923  7  7  5  63       
PG06   7475.929388  19722.974785 -16064.542192   -303.138721  3  6  6  57       
PG07  -5271.536789  25737.106299   -633.401232   -327.422192  6  5  5 109       
PG08 -20431.006342  -1504.108549  17054.935221    -40.991010  5  6  6  94       
PG09  -1340.939132  17340.146208 -20119.155793   -253.737205  3  6  6  45       
PG10  -4736.013936 -14377.993634  21907.952215   -399.832269  8  4  4  68       
PG11 -14693.623098   6553.114422  20662.244930   -220.950064  7  5  8  73       
PG12  23552.521793 -10778.738469  -5737.030609     93.621286  5  7  7  87       
PG13  21125.851065  10543.166341  12145.954171     26.805962  7  5  4  71       
PG14 -18169.511608 -19471.773757   1603.167418      1.402791  8  5  5  71       
PG15  20604.165467  -1148.451367  16600.475023   -217.504112  5  7  5  88       
PG16 -24649.218228   -844.778562 -10644.153372   -182.834703  7  8  6  55       
PG17  12815.147492  21217.976529  10023.548157    296.010881  7  6  5  84       
PG18   5766.421268 -25898.268982   -798.601617    246.385374 11  7  9  74       
PG19  17684.129627  19758.955468   1593.462693   -131.944942  6  6  5  82       
PG20   7173.305252 -18420.730796  17553.167431    527.286323  7  4  3  56       
PG21  -7807.748240 -21711.474621  14189.247064     23.758762  6  5  5 108       
PG22 -24679.624147   9245.809119   2793.916199   -771.979218  9  6  7  89       
PG23   5975.984360 -16974.187538  19506.427686 999999.999999
PG24  14340.707179 -13724.379107  17269.612944    -15.670013  5  1  2  83       
PG25  15747.436559 -16112.702079 -14096.239290     23.397997  7  5  5  88       
PG26 -16029.465195  -8625.131632 -19448.667608    243.469660  5  5  7  59       
PG27 -22578.155715 -11347.097844   8569.754616   -346.038790  5  4  5  91       
PG28   5031.123131  14297.412771  22388.577305    699.488765  5  6  6  96       
PG29   6252.474933 -13987.645283 -21736.044566   -150.473639  6  6  5 101       
PG30   1854.619191  24678.598601   9387.177199   -262.176304  4  6  4  97       
PG31  -8672.213207 -18110.213594 -17191.682663    -55.654583  7  8  6  80       
PG32 -14776.856316 -20334.868025   8897.333898    317.092278  3  4  5  94       
*  2020  7 15  1 45  0.00000000
PG01 -13652.008331  13590.163868  17900.893245     25.491134  6  6  6  94       
PG02  13592.062149   9902.002567 -19934.053028   -487.373417  6  6  4  77       
PG03 -23263.644157  12392.708040  -2846.808758   -239.969382  8  7  6  96       
PG04 -14668.064387   7154.038409 -20949.122013   -112.545932  9  7  6  65       
PG05  22022.572909   1304.750890 -15075.139439    -16.684096  7  7  5  77       
PG06   7086.163027  21408.168232 -13947.566683   -303.143365  3  6  6  66       
PG07  -5543.823284  25418.284926  -3489.151863   -327.430055  6  5  5  94       
PG08 -21801.742178  -2721.802056  15117.089793    -40.992687  5  6  6  89       
PG09  -3262.346743  15992.031205 -21000.383255   -253.743008  3  6  6  80       
PG10  -2432.600871 -15279.253036  21651.217654   -399.841877  7  3  3  89       
PG11 -15486.015588   4197.622784  20665.873109   -220.940247  7  5  7  93       
PG12  24063.339694 -10721.610648  -2894.651807     93.616871  5  7  7  69       
PG13  21867.716383  11581.284676   9666.714813     26.809134  6  4  4  59       
PG14 -17784.219710 -19440.864220   4419.685344      1.405430  7  5  5  70       
PG15  22050.297477     13.253830  14747.300584   -217.501792  5  6  5  74       
PG16 -23436.485116  -1356.652425 -13062.958166   -182.839096  7  8  6  73       
PG17  11794.208967  20519.597917  12521.170917    296.016098  7  6  4  65       
PG18   5967.758737 -25607.982981  -3648.395320    246.393852 11  7 10  77       
PG19  17278.138245  19634.283038   4460.690017   -131.940532  6  6  5  75       
PG20   8965.278865 -19189.410707  15807.244194    527.286249  7  5  3  69       
PG21  -7523.663217 -23070.174506  11917.712047     23.763028  6  5  6 112       
PG22 -24425.211004   8734.090193   5544.285816   -771.976993  9  6  7  99       
PG23   8006.202746 -17709.527757  18074.673065 999999.999999
PG24  14367.541420 -11598.036445  18759.743286    -15.670602  4     3  84       
PG25  17173.470292 -16463.247017 -11775.415340     23.401748  8  5  5  52       
PG26 -13988.223574  -9641.438011 -20499.459540    243.475723  5  5  7  85       
PG27 -23128.365289 -11997.729490   5858.900259   -346.047426  4  4  5  80       
PG28   2704.297678  14993.970145  22346.358757    699.485738  5  6  6  91       
PG29   8120.657261 -12336.420105 -22119.021488   -150.481260  6  6  5 103       
PG30   1387.446393  25538.274807   6774.793735   -262.183245  3  6  4  83       
PG31  -8162.973636 -19919.588471 -15292.134268    -55.656443  7  8  6  84       
PG32 -13732.133258 -19811.826520  11406.613062    317.097859  2  5  5  89       
*  2020  7 15  2  0  0.00000000
PG01 -13594.800283  11401.968430  19418.816710     25.494844  5  6  6  97       
PG02  13457.884011  12238.734410 -18733.018431   -487.378039  6  6  4  64       
PG03 -23509.666765  12237.268486     20.454331   -239.979776  8  8  7  95       
PG04 -16511.444060   5701.630432 -20005.223418   -112.550070  9  7  7  55       
PG05  20500.690943   2290.864648 -16982.876458    -16.685217  6  7  5  88       
PG06   6810.236326  22858.463160 -11589.336228   -303.147990  4  6  6  87       
PG07  -5803.220946  24789.999214  -6282.662652   -327.437814  6  5  4  93       
PG08 -23041.715808  -3733.303312  12922.253099    -40.993424  4  5  5  72       
PG09  -5315.369438  14699.559861 -21521.754702   -253.748854  3  5  6  98       
PG10   -223.084610 -16281.121974  21024.066814   -399.851858  7  3  3  71       
PG11 -16372.087126   1894.879708  20297.525112   -220.930695  6  4  7  83       
PG12  24273.861414 -10572.059979     -2.151568     93.612366  5  7  6  68       
PG13  22448.009114  12382.912192   7021.205403     26.812218  6  4  4  72       
PG14 -17158.441755 -19230.861040   7161.484628      1.407871  7  6  6  92       
PG15  23350.790165    994.304515  12639.361662   -217.499412  6  6  5  67       
PG16 -22011.898583  -2025.107327 -15264.504976   -182.843160  6  8  6  86       
PG17  10526.814613  19714.770514  14808.478310    296.021472  7  6  5  63       
PG18   6150.075192 -25011.082973  -6435.297343    246.402355 11  8 10  82       
PG19  16619.248838  19324.622657   7250.866182   -131.935663  6  6  5  46       
PG20  10540.077396 -19926.340625  13785.228944    527.286191  7  5  2  81       
PG21  -7311.509124 -24183.702901   9451.690443     23.767096  6  4  6 101       
PG22 -23931.287199   8059.650313   8198.880249   -771.974746  8  6  7 107       
PG23   9834.390004 -18468.860102  16331.207786 999999.999999
PG24  14490.964847  -9326.177406  19918.261564    -15.671156  4  1  3  47       
PG25  18333.698303 -16770.430103  -9251.607837     23.405564  7  5  5  86       
PG26 -11911.181357 -10804.974248 -21200.047252    243.481811  5  5  7  75       
PG27 -23457.727617 -12438.785245   3048.821294   -346.056076  3  4  5  91       
PG28    444.505190  15811.823165  21939.938936    699.482420  5  6  6  89       
PG29  10095.326528 -10779.180740 -22122.972465   -150.488744  5  6  5 104       
PG30    996.730381  26119.009827   4044.464919   -262.190159  3  6  3  74       
PG31  -7770.152227 -21524.672100 -13124.813515    -55.658719  7  7  5  84       
PG32 -12437.504837 -19190.503293  13721.948820    317.103415  2  5  5  79       
*  2020  7 15  2 15  0.00000000
PG01 -13652.670323   9060.644664  20592.776141     25.498602  4  6  6  94       
PG02  13434.325426  14416.642006 -17192.770992   -487.383367  6  6  5  62       
PG03 -23479.092864  11936.412389   2887.357409   -239.990204  8  8  7  94       
PG04 -18321.313058   4415.602522 -18717.013578   -112.554151  9  7  7  58       
PG05  18861.436779   3455.822653 -18603.549929    -16.686128  6  7  5  74       
PG06   6618.804643  24042.052792  -9030.693605   -303.152531  4  5  6  89       
PG07  -6086.081367  23860.209866  -8963.815810   -327.445616  6  6  4  95       
PG08 -24108.995213  -4545.767101  10508.001447    -40.993886  4  5  4 104       
PG09  -7464.245997  13494.359789 -21674.428423   -253.754650  3  5  6  93       
PG10   1852.842653 -17355.195945  20036.454978   -399.861501  7  1  3  63       
PG11 -17329.388683   -312.758206  19563.117387   -220.921326  6  4  6  80       
PG12  24194.698148 -10292.717053   2890.360400     93.607649  6  6  6  80       
PG13  22829.670205  12961.711837   4255.121252     26.815074  6  4  3  59       
PG14 -16280.002662 -18878.034000   9782.639898      1.410367  6  6  5  76       
PG15  24467.542167   1803.684407  10314.122434   -217.497086  6  6  5  78       
PG16 -20414.676690  -2867.147952 -17212.122074   -182.847476  6  8  5  89       
PG17   9018.375008  18846.890343  16848.002327    296.026554  7  6  5  93       
PG18   6350.823324 -24115.361694  -9111.289049    246.410891 11  8 10  88       
PG19  15693.086461  18866.966447   9915.358898   -131.931185  6  6  5  68       
PG20  11883.579426 -20592.095505  11522.276513    527.286498  7  6  2  69       
PG21  -7139.282000 -25028.663351   6830.412764     23.770954  6  5  6  98       
PG22 -23228.124575   7202.140514  10712.216669   -771.972451  8  6  7 117       
PG23  11436.214612 -19214.241140  14306.148306 999999.999999
PG24  14726.002097  -6953.218106  20725.331864    -15.672655  4  1  3  76       
PG25  19220.314745 -16993.783491  -6567.758857     23.409374  7  5  5  79       
PG26  -9843.064114 -12102.305486 -21537.866551    243.487935  5  4  7 100       
PG27 -23537.126723 -12696.104465    187.218051   -346.064773  3  4  5  90       
PG28  -1706.551654  16729.630290  21175.997309    699.479560  5  6  6  77       
PG29  12136.730959  -9347.388214 -21747.948625   -150.496336  5  6  4  94       
PG30    649.864837  26404.803339   1243.654610   -262.197098  3  6  3  88       
PG31  -7469.329691 -22889.441330 -10727.009385    -55.660951  7  7  5  87       
PG32 -10899.216875 -18511.300041  15804.014639    317.108992  2  5  4  51       
*  2020  7 15  2 30  0.00000000
PG01 -13842.164951   6614.079322  21402.491957     25.502273  4  6  5  87       
PG02  13499.171710  16393.716409 -15342.596704   -487.388429  6  6  5  77       
PG03 -23193.165746  11458.937724   5704.202681   -240.000705  8  8  7  89       
PG04 -20051.882242   3305.190105 -17106.755004   -112.558247  9  7  7  68       
PG05  17148.774485   4797.441252 -19909.673086    -16.686578  5  6  5  92       
PG06   6477.755918  24934.818366  -6315.937869   -303.157127  4  5  5  93       
PG07  -6426.837738  22645.995698 -11484.335968   -327.453407  6  6  3  77       
PG08 -24965.249555  -5174.170456   7915.501953    -40.995969  5  5  4  96       
PG09  -9668.239653  12401.879370 -21455.851070   -253.760451  3  5  5  94       
PG10   3761.166405 -18467.197758  18704.550765   -399.871154  7     3  64       
PG11 -18329.414028  -2387.437427  18475.497483   -220.911575  6  4  6 104       
PG12  23844.983599  -9849.917512   5732.485671     93.603244  6  6  6  79       
PG13  22980.499180  13338.800911   1416.075170     26.818072  5  4  3  40       
PG14 -15144.653075 -18421.373736  12239.533145      1.412828  6  7  5  56       
PG15  25366.649733   2457.473312   7812.403371   -217.494895  6  6  4  75       
PG16 -18687.726311  -3892.204625 -18873.186353   -182.851545  6  7  5  77       
PG17   7282.704077  17958.611912  18606.564195    296.032151  7  6  5  74       
PG18   6605.627218 -22937.293654 -11630.289592    246.419427 11  9 10  48       
PG19  14493.973642  18301.638431  12407.389508   -131.926591  6  6  5  52       
PG20  12989.939475 -21146.958205   9057.856969    527.286072  7  6  2  67       
PG21  -6971.831853 -25588.787354   4096.122452     23.775024  6  5  6  96       
PG22 -22350.896094   6147.814095  13041.491757   -771.969818  8  6  7 112       
PG23  12795.445645 -19905.257472  12034.462853 999999.999999
PG24  15080.289963  -4526.317588  21167.537783    -15.672390  3  2  3  75       
PG25  19834.254644 -17093.469697  -3769.908467     23.413296  8  6  5  87       
PG26  -7826.319953 -13512.459117 -21506.491886    243.494064  5  5  7  94       
PG27 -23344.258503 -12801.182865  -2677.556712   -346.073437  3  4  5  75       
PG28  -3711.703344  17719.423450  20066.726667    699.476276  5  6  6  83       
PG29  14200.601051  -8065.340066 -21000.460446   -150.503921  5  6  4  97       
PG30    312.130908  26388.045509  -1578.841217   -262.204020  3  6  3  88       
PG31  -7230.653394 -23984.619735  -8140.353644    -55.663196  7  7  5  59       
PG32  -9131.832102 -17813.918259  17617.408006    317.114583  2  6  5  76       
*  2020  7 15  2 45  0.00000000
PG01 -14171.697371   4113.146493  21834.355298     25.506024  4  6  5  77       
PG02  13624.103459  18134.601384 -13217.308040   -487.393773  5  5  5  61       
PG03 -22680.253639  10779.245989   8422.095875   -240.011203  8  8  7  71       
PG04 -21657.732414   2371.352210 -15202.235374   -112.562438  8  6  6  80       
PG05  15406.707904   6305.487794 -20878.962192    -16.687144  5  6  5  80       
PG06   6349.719947  25521.168439  -3492.043587   -303.161755  4  5  5  87       
PG07  -6856.386130  21172.980512 -13798.774984   -327.461348  6  6  3  53       
PG08 -25577.184930  -5640.534605   5188.830012    -40.996732  5  5  4  89       
PG09 -11883.022890  11440.503124 -20869.796455   -253.766248  3  5  5  91       
PG10   5474.688465 -19578.242039  17050.515232   -399.880798  7  2  3  69       
PG11 -19338.720171  -4297.157309  17054.209975   -220.902240  6  4  6  83       
PG12  23251.596220  -9215.240524   8474.446674     93.599128  5  6  6  46       
PG13  22874.453117  13541.730761  -1447.222747     26.821053  4  5  3  46       
PG14 -13756.336909 -17901.013039  14491.503973      1.415479  5  7  5  58       
PG15  26019.630245   2977.961882   5177.628521   -217.492347  6  6  4  81       
PG16 -16876.135478  -5101.600802 -20219.625086   -182.856034  6  7  5  86       
PG17   5341.635216  17090.237817  20055.718563    296.036788  7  6  5  74       
PG18   6946.717048 -21501.470914 -13948.951653    246.427943 11  9 10  69       
PG19  13025.393584  17670.634254  14682.900294   -131.921994  7  6  5  79       
PG20  13861.622485 -21552.548421   6435.039888    527.286020  7  6  3  69       
PG21  -6772.280483 -25855.562153   1293.539442     23.779444  6  6  6  87       
PG22 -21338.261087   4890.222761  15147.286510   -771.967709  7  6  7  94       
PG23  13904.381190 -20500.642632   9555.362012 999999.999999
PG24  15553.733043  -2093.688856  21238.077418    -15.672524  3  3  3  81       
PG25  20185.062013 -17031.980224   -906.414740     23.417218  7  6  5  67       
PG26  -5899.639016 -15007.579279 -21105.788035    243.500213  5  5  7  99       
PG27 -22864.525904 -12789.794224  -5497.270079   -346.082120  3  4  5  81       
PG28  -5539.478713  18747.576284  18629.683788    699.473038  5  7  6  83       
PG29  16239.703392  -6949.373676 -19893.362106   -150.511420  6  6  4  82       
PG30    -51.728890  26069.814262  -4373.776372   -262.210948  2  6  2  93       
PG31  -7020.183871 -24788.772909  -5410.080932    -55.665505  7  7  4  65       
PG32  -7157.866041 -17135.791630  19131.230566    317.120189  2  6  4  79       
*  2020  7 15  3  0  0.00000000
PG01 -14641.172273   1609.860802  21881.636755     25.509748  5  6  5  66       
PG02  13776.032423  19611.775903 -10856.429304   -487.398717  5  5  6  59       
PG03 -21974.674503   9878.540947  10993.817780   -240.021593  7  8  7  75       
PG04 -23095.476197   1606.919702 -13036.284810   -112.566601  8  6  6  67       
PG05  13677.709632   7961.883113 -21494.706092    -16.687773  5  6  5  83       
PG06   6195.708525  25794.556306   -607.834495   -303.166345  4  5  5  89       
PG07  -7400.612935  19474.406711 -15865.444093   -327.469156  5  5  2  86       
PG08 -25917.800611  -5972.885877   2374.246941    -40.998106  6  5  3  84       
PG09 -14062.205217  10620.949063 -19926.299931   -253.772048  3  5  5  87       
PG10   6973.909012 -20646.300857  15102.173779   -399.890393  7  3  2  57       
PG11 -20320.277440  -6016.869078  15325.100996   -220.892727  5  4  5  76       
PG12  22448.077576  -8366.856476  11068.003238     93.594666  5  6  6  77       
PG13  22492.715126  13603.231349  -4285.793634     26.824033  4  5  3  19       
PG14 -12127.163900 -17356.634286  16501.441303      1.417994  5  7  4  61       
PG15  26404.434560   3392.544305   2455.057735   -217.490326  6  6  3  82       
PG16 -15025.593384  -6488.314643 -21228.363583   -182.860281  5  7  5  71       
PG17   3224.355780  16278.221582  21172.124045    296.042090  7  6  5  87       
PG18   7401.502349 -19839.736791 -16027.407638    246.436455 11 10 10  70       
PG19  11300.100593  17015.886797  16701.392787   -131.917384  7  6  5  84       
PG20  14509.109639 -21773.412691   3699.706984    527.285714  7  6  4  70       
PG21  -6503.545137 -25828.607166  -1530.748284     23.783270  6  6  6 113       
PG22 -20230.843266   3430.627619  16994.198060   -771.965296  6  6  7 104       
PG23  14763.949540 -20959.938736   6911.616178 999999.999999
PG24  16138.488697    297.114358  20936.821267    -15.673622  3  3  3  89       
PG25  20290.423572 -16775.771790   1972.891259     23.421111  7  6  5  64       
PG26  -4096.616491 -16553.860331 -20341.958408    243.506350  5  6  8  80       
PG27 -22091.655848 -12700.468903  -8224.568117   -346.090791  4  3  5  69       
PG28  -7165.078113  19775.981244  16887.584154    699.470010  5  7  7  95       
PG29  18205.515887  -6007.383555 -18445.631339   -150.519058  5  6  4  94       
PG30   -475.910926  25459.840185  -7092.349687   -262.217862  2  7  2 103       
PG31  -6801.425930 -25289.104355  -2584.200957    -55.667652  7  7  4  88       
PG32  -5007.127235 -16510.615633  20319.598516    317.125739  2  6  4  92       
*  2020  7 15  3 15  0.00000000
PG01 -15241.973325   -844.498503  21544.550194     25.513477  5  6  5  72       
PG02  13918.623716  20806.393180  -8303.306736   -487.403960  5  5  6  77       
PG03 -21115.296583   8745.766181  13374.668709   -240.032062  7  7  7  75       
PG04 -24325.352277    997.062523 -10646.207719   -112.570777  8  6  6  71       
PG05  12001.214545   9741.202672 -21746.054781    -16.688095  4  5  5  98       
PG06   5976.820938  25757.656211   2286.872903   -303.171018  4  5  4  81       
PG07  -8079.136729  17589.894209 -17647.265764   -327.476829  5  5  2  85       
PG08 -25967.420541  -6203.995306   -480.552157    -40.999123  6  5  3  74       
PG09 -16158.946750   9945.970295 -18641.489499   -253.777889  3  6  4  95       
PG10   8247.615333 -21627.816243  12892.582683   -399.900023  6  4  1  67       
PG11 -21234.987612  -7529.274061  13319.772576   -220.883068  6  5  4  74       
PG12  21473.287128  -7290.624912  13467.356167     93.590235  5  6  6  81       
PG13  21824.493382  13559.770977  -7051.213055     26.826932  3  5  3  81       
PG14 -10277.092305 -16825.918954  18236.313323      1.420677  5  7  4  73       
PG15  26506.216069   3732.436717   -308.982347   -217.487944  6  6  3  87       
PG16 -13180.791333  -8037.045577 -21881.713543   -182.864789  5  7  4  91       
PG17    966.486312  15553.832541  21937.841102    296.047444  7  6  5  88       
PG18   7991.339765 -17990.051329 -17829.953433    246.444921 11 10 10  79       
PG19   9339.865782  16377.527667  18426.717242   -131.912911  7  6  5  73       
PG20  14950.288152 -21778.509822    899.709940    527.285782  7  7  5  75       
PG21  -6129.918634 -25515.774688  -4328.966279     23.787806  6  7  6  66       
PG22 -19069.661101   1778.112936  18551.391014   -771.962920  4  6  7 100       
PG23  15383.480362 -21245.137944   4148.812066 999999.999999
PG24  16819.277383   2600.864638  20270.236680    -15.673424  3  3  3  94       
PG25  20175.381469 -16296.771742   4817.600359     23.424957  7  6  5  51       
PG26  -2444.611150 -18112.726946 -19227.486017    243.512524  5  6  8  90       
PG27 -21028.018097 -12572.885197 -10813.713374   -346.099426  4  3  4 101       
PG28  -8571.122632  20763.400552  14868.038740    699.466635  5  7  7  95       
PG29  20049.961440  -5238.670067 -16682.048440   -150.526401  5  6  3  97       
PG30   -991.990971  24576.139444  -9687.094636   -262.224808  2  7  2 105       
PG31  -6536.980649 -25481.914768    287.399607    -55.669868  6  7  4  70       
PG32  -2715.785076 -15967.029026  21162.075988    317.131334  2  6  3  95       
*  2020  7 15  3 30  0.00000000
PG01 -15957.309486  -3201.214428  20830.174768     25.517200  5  6  4  75       
PG02  14013.931087  21708.751820  -5604.174090   -487.408934  6  5  6  87       
PG03 -20143.970341   7378.242458  15523.269033   -240.042528  6  7  7 102       
PG04 -25312.690946    520.056738  -8073.139102   -112.574919  8  6  5  66       
PG05  10412.232541  11611.460295 -21628.222135    -16.689057  4  5  5  90       
PG06   5655.947002  25422.192656   5142.139832   -303.175606  4  5  4  83       
PG07  -8904.322848  15563.939161 -19112.520292   -327.484611  4  5  3  78       
PG08 -25714.462946  -6369.944218  -3327.210185    -41.000395  6  5  4  87       
PG09 -18127.597164   9410.371714 -17037.316243   -253.783698  3  5  4  98       
PG10   9293.151325 -22479.398352  10459.494333   -399.909655  6  6     80       
PG11 -22043.300076  -8825.286412  11074.904013   -220.873419  6  5  4   8       
PG12  20369.845888  -5980.893224  15630.017073     93.586176  4  6  5  67       
PG13  20867.522336  13449.987684  -9696.415995     26.829860  2  5  3  76       
PG14  -8233.336131 -16343.092228  19667.633431      1.423008  5  6  3  82       
PG15  26317.834388   4031.273311  -3067.856605   -217.485673  5  6  1  50       
PG16 -11383.859341  -9724.587412 -22167.696339   -182.868643  6  7  5  91       
PG17  -1391.061999  14942.025344  22340.558421    296.052503  6  6  5 102       
PG18   8730.543427 -15995.132658 -19325.658156    246.453416 10 10 10  72       
PG19   7174.861376  15792.216707  19827.793246   -131.907981  7  6  5  82       
PG20  15209.551091 -21542.530481  -1916.008230    527.285579  7  7  6  55       
PG21  -5618.650353 -24932.958048  -7052.906383     23.791446  6  7  6  44       
PG22 -17894.570398    -50.598034  19793.062936   -771.960629  3  7  7  99       
PG23  15780.155913 -21322.239647   1314.561682 999999.999999
PG24  17574.000499   4776.215130  19251.186037    -15.673571  3  4  3  76       
PG25  19871.252346 -15573.687747   7577.652224     23.428770  6  6  4  73       
PG26   -963.844809 -19642.218315 -17780.964845    243.518762  6  7  8  84       
PG27 -19684.636466 -12446.231635 -13221.292949   -346.108079  4  3  4  86       
PG28  -9748.152776  21666.950594  12603.230156    699.463780  5  8  6 101       
PG29  21727.134923  -4634.124561 -14632.779451   -150.534084  5  6  3  52       
PG30  -1627.469575  23444.329118 -12112.744374   -262.231793     7  2  66       
PG31  -6190.247933 -25372.702111   3153.904854    -55.672151  6  7  4  53       
PG32   -325.198315 -15527.496480  21644.024895    317.136936  2  6  3  72       
*  2020  7 15  3 45  0.00000000
PG01 -16762.900553  -5415.835944  19752.242150     25.521004  6  6  5  89       
PG02  14024.070525  22318.393207  -2807.202885   -487.414256  6  5  5  83       
PG03 -19103.854462   5781.978048  17402.299789   -240.052990  6  7  7  93       
PG04 -26029.194917    148.320668  -5361.336430   -112.579091  8  6  5  77       
PG05   8940.131431  13535.148454 -21142.598411    -16.689288  3  4  6  84       
PG06   5199.400190  24808.430784   7908.773846   -303.180206  4  5  4  88       
PG07  -9880.615593  13444.219811 -20235.466076   -327.492591  4  5  3  86       
PG08 -25155.920195  -6508.569028  -6117.489362    -41.001770  6  5  4  89       
PG09 -19925.298584   9001.340800 -15141.188073   -253.789506  3  6  3  87       
PG10  10116.353940 -23159.543159   7844.727769   -399.919255  6  6     66       
PG11 -22706.851632  -9904.142820   8631.462512   -220.863908  6  5  4  79       
PG12  19182.431575  -4440.958600  17517.623683     93.581588  4  6  5  37       
PG13  19628.249090  13313.052775 -12176.471636     26.832767     5  3  66       
PG14  -6029.519565 -15937.611565  20771.860587      1.425614  5  7  3  89       
PG15  25840.081691   4323.634253  -5775.359123   -217.483198  5  6  1  59       
PG16  -9672.892946 -11520.499727 -22080.294934   -182.873210  6  7  5  85       
PG17  -3803.412164  14460.549677  22373.748867    296.057897  6  6  4  95       
PG18   9625.676495 -13900.926821 -20488.889813    246.461915 10 10 10  77       
PG19   4842.702759  15291.610588  20879.242097   -131.903820  6  6  5  81       
PG20  15316.645583 -21046.996856  -4698.309127    527.285286  6  6  7  43       
PG21  -4941.467430 -24103.599722  -9654.744775     23.795964  5  7  7  68       
PG22 -16742.776856  -2031.614881  20698.820509   -771.958165  2  7  7 100       
PG23  15978.164845 -21162.662622  -1542.322231 999999.999999
PG24  18374.635302   6787.081081  17898.608689    -15.673222  3  4  3  60       
PG25  19414.293404 -14593.063351  10204.274360     23.432575  6  5  5  67       
PG26    333.220497 -21098.525234 -16026.821205    243.524939  6  8  8  95       
PG27 -18080.893107 -12357.598701 -15406.889968   -346.116706  5  3  4  93       
PG28 -10694.856247  22443.674372  10129.524909    699.460221  5  8  6 100       
PG29  23194.958448  -4176.743330 -12332.869946   -150.541553  5  7  3  74       
PG30  -2404.482616  22096.652775 -14327.053786   -262.238613     7  2  72       
PG31  -5727.106024 -24975.895907   5964.544115    -55.674666  6  7  4  46       
PG32   2119.453973 -15207.434592  21756.865484    317.142503  3  5  3  62       
*  2020  7 15  4  0  0.00000000
PG01 -17627.968190  -7449.691645  18330.799367     25.524692  5  6  5  71       
PG02  13912.860154  22643.836527     38.436479   -487.419306  6  5  5  79       
PG03 -18037.703008   3971.638413  18979.168639   -240.063491  5  7  7  60       
PG04 -26453.986487   -150.320906  -2557.419297   -112.583294  8  6  4  51       
PG05   7607.635518  15470.499647 -20296.768751    -16.690005  3  4  6  93       
PG06   4578.416552  23944.349101  10539.179808   -303.184780  4  5  4 101       
PG07 -11004.217232  11279.785916 -20996.817510   -327.500218  4  6  3  89       
PG08 -24297.531162  -6657.842667  -8804.051825    -41.003251  6  4  4  80       
PG09 -21513.492137   8699.079745 -12985.512213   -253.795310  3  6  3  74       
PG10  10731.155936 -23630.301366   5093.453685   -399.928864  6  7  2  83       
PG11 -23190.055468 -10773.159505   6033.829027   -220.854583  6  5  4  54       
PG12  17955.995361  -2683.169894  19096.680497     93.577207  4  5  4  43       
PG13  18121.699630  13187.028707 -14449.316902     26.835890     5  3  85       
PG14  -3704.608736 -15633.042694  21530.732763      1.428134  5  6  1  88       
PG15  25081.629538   4643.559764  -8386.422148   -217.480832  5  6     45       
PG16  -8080.623220 -13388.059359 -21619.627645   -182.877274  6  7  5  84       
PG17  -6223.184237  14119.328197  22036.755645    296.062980  6  6  5  82       
PG18  10675.151349 -11754.965048 -21299.748371    246.470359 10 10  9  81       
PG19   2387.182924  14901.037010  21561.913053   -131.898925  6  7  5  88       
PG20  15305.318197 -20281.097850  -7398.752853    527.285391  6  7  7  83       
PG21  -4075.972331 -23057.902947 -12087.914912     23.800363  5  7  7  92       
PG22 -15647.472471  -4134.619098  21253.964505   -771.955900  2  7  6  97       
PG23  16007.592623 -20744.457188  -4372.669602 999999.999999
PG24  19188.365810   8603.797695  16237.098963    -15.672529  3  4  4  81       
PG25  18844.168332 -13350.030825  12650.911485     23.436357  6  5  5  73       
PG26   1442.201075 -22437.621783 -13994.926865    243.531090  7  8  8  73       
PG27 -16243.936666 -12340.457041 -17333.711699   -346.125265  5  3  4 105       
PG28 -11418.011556  23052.152338   7487.018572    699.457100  5  8  6  82       
PG29  24416.702487  -3842.450465  -9821.657144   -150.549313  4  7  3  70       
PG30  -3338.730250  20570.756260 -16291.561296   -262.245559     7  2  74       
PG31  -5117.494766 -24314.235915   8669.568863    -55.676975  6  7  4  52       
PG32   4570.689813 -15014.614951  21498.242678    317.148102  3  5  3  73       
*  2020  7 15  4 15  0.00000000
PG01 -18516.486620  -9271.156454  16591.760290     25.528416  5  6  5  54       
PG02  13647.360268  22701.977799   2883.480467   -487.424367  6  6  5  66       
PG03 -16986.182388   1970.175660  20226.588084   -240.073953  5  6  7  96       
PG04 -26574.381130   -411.194176    290.430140   -112.587435  8  6  3  79       
PG05   6430.078326  17372.925023 -19104.434651    -16.690725  3  4  6 104       
PG06   3770.460772  22864.528114  12988.178234   -303.189319  5  6  4 101       
PG07 -12263.125742   9119.212922 -21384.070109   -327.508193  3  6  3  95       
PG08 -23153.639089  -6854.252361 -11341.229231    -41.004422  5  4  4  55       
PG09 -22859.271293   8477.714723 -10607.153215   -253.801146  3  7  3  78       
PG10  11158.867912 -23858.830739   2253.405704   -399.938465  5  7  4  91       
PG11 -23461.569060 -11447.154242   3328.867367   -220.844856  7  5  4  76       
PG12  16733.974625   -728.661698  20339.206244     93.573058  5  5  4  70       
PG13  16371.031318  13107.283039 -16476.438751     26.838771     6  3  65       
PG14  -1301.657455 -15446.160261  21931.532217      1.430914  5  6     70       
PG15  24058.703317   5023.103188 -10857.789902   -217.478432  4  6     89       
PG16  -6633.279640 -15285.463896 -20792.036677   -182.881712  6  7  6 101       
PG17  -8602.048086  13920.122586  21334.808789    296.068255  6  7  4  84       
PG18  11869.153904  -9604.671501 -21744.399471    246.478933 10  9  8 105       
PG19   -143.251587  14638.433192  21863.287871   -131.894417  6  7  5  82       
PG20  15211.814566 -19242.226924  -9970.470975    527.285021  5  7  8  79       
PG21  -3006.852369 -21831.762992 -14308.019792     23.804313  5  7  7  59       
PG22 -14636.643976  -6323.840887  21449.683093   -771.953184  2  7  6  95       
PG23  15903.092668 -20053.270280  -7127.800400 999999.999999
PG24  19978.900281  10204.014113  14296.394031    -15.673201  3  4  4  79       
PG25  18202.275911 -11848.725097  14874.122722     23.440112  5  4  5  84       
PG26   2366.791030 -23616.928459 -11720.108079    243.537233  7  9  8  58       
PG27 -14207.814811 -12423.276211 -18969.167818   -346.133925  6  3  3  89       
PG28 -11932.142204  23454.098449   4719.011120    699.454119  5  8  5  96       
PG29  25362.315221  -3601.197992  -7142.109354   -150.556682  3  8  4  82       
PG30  -4438.668113  18908.264019 -17972.274890   -262.252435  1  6  3  83       
PG31  -4336.833537 -23417.821699  11221.207450    -55.679170  5  6  4  73       
PG32   6980.335185 -14948.868057  20872.094199    317.153722  4  5  3  84       
*  2020  7 15  4 30  0.00000000
PG01 -19388.637759 -10856.626535  14566.360681     25.532068  5  6  5  71       
PG02  13199.255892  22517.191581   5679.427249   -487.429631  6  6  4  87       
PG03 -15986.285422   -191.868043  21123.054913   -240.084429  5  6  7  98       
PG04 -26386.358132   -671.211872   3133.292281   -112.591568  8  6  2  76       
PG05   5414.939415  19196.579208 -17585.236319    -16.691095  3  4  6  87       
PG06   2760.288621  21608.799289  15213.776875   -303.193866  5  6  4  98       
PG07 -13637.525763   7008.802231 -21391.668441   -327.515839  3  7  4 100       
PG08 -21746.738977  -7131.233863 -13685.771005    -41.005467  5  4  5  83       
PG09 -23936.530664   8306.447599  -8046.814688   -253.807022  2  7  3  48       
PG10  11427.166143 -23818.767636   -625.967839   -399.948090  5  8  5  82       
PG11 -23495.578570 -11947.566802    564.965168   -220.835481  7  5  4  61       
PG12  15556.576952   1393.270942  21223.271878     93.568888  5  5  4  68       
PG13  14406.789269  13105.017508 -18223.496260     26.841747  1  6  3  85       
PG14   1133.591063 -15386.303202  21967.281133      1.433336  5  6     75       
PG15  22794.499946   5490.972930 -13148.652237   -217.476231  3  5     92       
PG16  -5349.690511 -17167.249440 -19610.084393   -182.885942  6  7  6  99       
PG17 -10892.315424  13856.499151  20278.971431    296.073104  5  7  4  99       
PG18  13189.894938  -7495.686123 -21815.303758    246.487395  9  9  8  92       
PG19  -2697.221778  14513.596322  21777.751150   -131.889880  5  7  5  86       
PG20  15073.295601 -17936.202130 -12369.000628    527.284808  5  7  8  81       
PG21  -1726.839234 -20465.447893 -16273.762784     23.808256  5  7  7 107       
PG22 -13732.094493  -8559.236464  21283.154078   -771.951027  3  6  6  94       
PG23  15702.390807 -19083.026119  -9760.361261 999999.999999
PG24  20707.919968  11573.295100  12110.786303    -15.673840  3  5  4  85       
PG25  17530.011300 -10102.337125  16834.424155     23.443881  5  3  5  75       
PG26   3118.440328 -24596.941165  -9241.557118    243.543489  7 10  7  89       
PG27 -12012.360693 -12628.333388 -20285.392470   -346.142496  6  3  2 105       
PG28 -12258.885037  23615.885917   1871.410819    699.450558  5  7  5  78       
PG29  26009.509519  -3418.301165  -4340.102984   -150.564693  3  8  4  46       
PG30  -5704.993369  17153.214262 -19340.268926   -262.259383  2  7  3  84       
PG31  -3367.212374 -22322.874646  13574.573855    -55.681288  5  6  4  70       
PG32   9301.169415 -15002.101128  19888.617537    317.159368  4  4  3  76       
*  2020  7 15  4 45  0.00000000
PG01 -20202.408957 -12191.170876  12290.532834     25.535737  4  6  5  66       
PG02  12546.034463  22120.183178   8379.327511   -487.434771  6  6  4  93       
PG03 -15069.905596  -2477.355620  21653.222063   -240.094941  4  6  7  98       
PG04 -25894.710473   -967.248035   5922.346751   -112.595685  8  7  2 108       
PG05   4561.685315  20895.994677 -15764.475058    -16.692017  3  5  7  83       
PG06   1540.724913  20220.707670  17177.882666   -303.198367  5  6  4  93       
PG07 -15100.510661   4990.904741 -21021.018248   -327.523714  3  7  4  90       
PG08 -20106.729456  -7517.720572 -15797.560814    -41.007031  4  4  5  81       
PG09 -24726.866367   8150.905989  -5348.354209   -253.812847  2  7  3  88       
PG10  11568.825455 -23491.359952  -3494.395172   -399.957714  5  7  6  99       
PG11 -23272.848230 -12301.324432  -2208.925668   -220.825986  7  5  4  53       
PG12  14459.207826   3646.132671  21733.415827     93.564448  5  6  4  86       
PG13  12265.894715  13205.966650 -19660.874509     26.844719  2  6  3  82       
PG14   3554.200061 -15455.007121  21636.865811      1.436006  4  6     75       
PG15  21318.372166   6071.308955 -15221.234231   -217.473688  3  5     91       
PG16  -4240.658814 -18985.875931 -18092.450640   -182.890460  6  7  6  97       
PG17 -13048.518984  13914.096612  18886.014683    296.078557  5  6  4 103       
PG18  14612.178791  -5470.266394 -21511.338568    246.495888  9  9  7 106       
PG19  -5222.263136  14527.780121  21306.717747   -131.885172  5  7  5  95       
PG20  14926.235545 -16377.161649 -14553.063525    527.284989  5  7  8  85       
PG21   -237.362898 -19002.072467 -17947.871239     23.812442  5  7  7 116       
PG22 -12948.711397 -10797.822311  20757.557475   -771.948222  4  6  6  94       
PG23  15444.681750 -17836.296166 -12225.136904 999999.999999
PG24  21336.600571  12705.414366   9718.475240    -15.673791  4  5  4  70       
PG25  16867.033954  -8132.801006  18497.055244     23.447628  4  3  4  76       
PG26   3715.722293 -25342.760716  -6602.155506    243.549630  7 10  7  88       
PG27  -9701.871146 -12970.755443 -21259.703784   -346.151126  6  4  2  95       
PG28 -12426.086103  23509.946135  -1007.933242    699.447308  5  7  4  73       
PG29  26344.565827  -3255.957720  -1463.648415   -150.571933  2  8  4  60       
PG30  -7130.445661  15350.416625 -20372.180796   -262.266377  2  6  3  92       
PG31  -2198.305517 -21070.266928  15688.508384    -55.683283  5  6  4  50       
PG32  11488.544221 -15158.631300  18564.134012    317.164949  4  4  3  84       
*  2020  7 15  5  0  0.00000000
PG01 -20915.267890 -13268.841946   9804.216267     25.539432  4  5  5  64       
PG02  11671.922302  21546.645294  10938.502525   -487.439772  6  6  4  69       
PG03 -14262.627806  -4843.809350  21808.156496   -240.105397  4  6  6  59       
PG04 -25112.868502  -1334.515347   8609.706423   -112.599812  8  7  3  77       
PG05   3861.923752  22427.725142 -13672.736288    -16.692175  4  6  7  81       
PG06    113.127331  18745.848292  18846.942550   -303.202879  5  7  4  93       
PG07 -16619.098724   3102.436778 -20280.349468   -327.531497  3  7  4  87       
PG08 -18269.894749  -8036.862407 -17640.290796    -41.007968  4  5  5  80       
PG09 -25220.193237   7974.639869  -2558.042150   -253.818660  2  8  3  96       
PG10  11620.247690 -22866.312881  -6301.697155   -399.967345  5  7  6  95       
PG11 -22781.496102 -12539.508852  -4944.223818   -220.816549  7  6  4  64       
PG12  13471.108173   5987.483452  21860.926706     93.560369  5  6  5  76       
PG13   9990.402805  13429.313957 -20764.163282     26.847909  2  6  3  85       
PG14   5913.583078 -15645.927534  20945.087204      1.438505  4  7     73       
PG15  19664.809396   6782.634277 -17041.338559   -217.471299  3  5    100       
PG16  -3308.642817 -20693.425304 -16263.725398   -182.895107  6  6  6 106       
PG17 -15028.926404  14071.189724  17178.219435    296.083758  5  7  4 104       
PG18  16104.267601  -3565.828499 -20837.810498    246.504362  9  9  7  93       
PG19  -7666.720933  14673.656150  20458.612749   -131.880683  5  7  5  85       
PG20  14804.866720 -14587.141310 -16485.275532    527.284703  4  8  8  77       
PG21   1451.145497 -17485.922910 -19297.982932     23.816590  6  7  7 112       
PG22 -12294.004505 -12995.118049  19882.000467   -771.945888  4  6  5  98       
PG23  15168.980247 -16324.344073 -14479.822460 999999.999999
PG24  21827.146954  13602.335676   7160.873214    -15.674571  4  6  4  43       
PG25  16249.616462  -5970.125669  19832.649527     23.451386  4  3  3  72       
PG26   4183.414232 -25825.460575  -3847.720600    243.555870  7 10  6  86       
PG27  -7323.621632 -13457.830351 -21874.994430   -346.159747  6  4  2 101       
PG28 -12466.647640  23115.985026  -3869.967419    699.444116  5  6  3  86       
PG29  26362.819813  -3074.892719   1437.922903   -150.579626  1  7  5  82       
PG30  -8699.929741  13543.798506 -21050.599172   -262.273278  3  6  4  89       
PG31   -827.969656 -19703.881823  17526.330974    -55.685798  5  6  4  72       
PG32  13501.915697 -15395.823974  16920.849554    317.170553  4  4  3  94       
*  2020  7 15  5 15  0.00000000
PG01 -21485.848333 -14092.641709   7150.620715     25.543124  4  5  6  82       
PG02  10568.554904  20835.776409  13315.184762   -487.444857  6  7  4  85       
PG03 -13582.782735  -7244.874509  21585.479233   -240.115895  4  6  6  88       
PG04 -24062.404339  -1805.008162  11149.234769   -112.603879  7  7  4 105       
PG05   3299.868646  23751.935762 -11345.415566    -16.693169  4  6  7  85       
PG06  -1512.481168  17230.140841  20192.503226   -303.207401  5  7  5 110       
PG07 -18155.494363   1373.646307 -19184.441430   -327.539378  2  7  4 105       
PG08 -16277.652188  -8704.963751 -19182.083139    -41.009505  4  5  5 100       
PG09 -25415.054749   7740.707030    276.223738   -253.824603  2  8  3  81       
PG10  11619.845635 -21942.310566  -8998.708699   -399.976934  5  7  7  94       
PG11 -22017.471667 -12695.887669  -7593.606768   -220.806782  7  6  4  73       
PG12  12614.258465   8370.437250  21603.987547     93.555730  5  7  5  98       
PG13   7626.075339  13786.865572 -21514.554467     26.850771  3  6  3  98       
PG14   8167.044127 -15945.059005  19902.635165      1.441087  4  7  1  97       
PG15  17872.250845   7637.015848 -18578.837952   -217.469222  3  5  1 101       
PG16  -2547.760508 -22243.351143 -14154.092457   -182.899330  6  6  6 100       
PG17 -16796.937417  14299.533207  15183.103092    296.088792  5  6  4  97       
PG18  17629.007981  -1813.682928 -19806.359107    246.512794  9  9  7 103       
PG19  -9981.613821  14935.641985  19248.703987   -131.876083  5  7  4  97       
PG20  14739.732987 -12595.353635 -18132.774878    527.284528  4  8  8  98       
PG21   3319.332885 -15960.701047 -20297.462460     23.820752  6  7  7 122       
PG22 -11767.929141 -15106.646456  18671.357240   -771.943648  4  6  5 105       
PG23  14912.491235 -14566.844082 -16485.743883 999999.999999
PG24  22144.283142  14273.889629   4481.879361    -15.674470  3  6  4  53       
PG25  15709.145248  -3651.398110  20817.792795     23.455167  4  3     50       
PG26   4551.327201 -26023.236533  -1026.189578    243.562100  6 10  6  85       
PG27  -4926.268955 -14088.615301 -22120.046794   -346.168335  6  5  2 110       
PG28 -12417.160430  22421.963939  -6665.233071    699.440996  4  6  3  88       
PG29  26068.815419  -2836.065571   4314.796997   -150.587427  2  7  5  66       
PG30 -10390.953320  11774.805805 -21364.338341   -262.280221  3  6  4  96       
PG31    737.496126 -18268.876465  19056.491099    -55.687956  5  6  4  71       
PG32  15306.230911 -15685.014358  14986.513425    317.176141  4  4  3  83       
*  2020  7 15  5 30  0.00000000
PG01 -21875.582402 -14674.152459   4375.456952     25.546883  4  5  6  50       
PG02   9235.366985  20028.718954  15471.079640   -487.449967  6  7  4 102       
PG03 -13040.801078  -9631.934547  20989.386166   -240.126245  3  6  5  66       
PG04 -22772.236208  -2406.071781  13497.332822   -112.608004  7  7  5  87       
PG05   2853.101391  24833.878474  -8822.151992    -16.693738  4  7  7  65       
PG06  -3317.615931  15718.108823  21191.681510   -303.212021  5  7  5 104       
PG07 -19668.536021   -172.826119 -17754.225006   -327.547342  2  7  4  91       
PG08 -14175.109613  -9530.682471 -20396.048668    -41.011031  4  5  4 102       
PG09 -25318.613090   7413.285941   3105.735131   -253.830424  3  7  3  85       
PG10  11606.348995 -20727.190289 -11538.185459   -399.986475  5  7  7  84       
PG11 -20984.724890 -12805.375879 -10111.834559   -220.797410  7  7  4  90       
PG12  11902.593965  10745.340896  20967.679636     93.551512  5  7  5  96       
PG13   5220.820341  14282.512223 -21899.152942     26.853972  3  6  4  91       
PG14  10273.261848 -16331.245929  18525.983533      1.443553  4  7  2 103       
PG15  15981.771164   8639.462455 -19808.115200   -217.466549  3  5  1  99       
PG16  -1944.125208 -23592.213803 -11798.901886   -182.903612  6  6  6  86       
PG17 -18322.315221  14565.461341  12933.069196    296.093896  4  7  4  91       
PG18  19145.177101   -238.011919 -18434.753713    246.521156  8  9  7 103       
PG19 -12122.387113  15290.581629  17698.791596   -131.871341  4  7  4  95       
PG20  14756.408260 -10437.199405 -19467.759419    527.284405  4  8  8 106       
PG21   5339.399008 -14467.766268 -20926.113697     23.824761  6  7  7 107       
PG22 -11362.998942 -17089.437578  17146.026553   -771.941228  4  7  5 107       
PG23  14709.062122 -12591.283697 -18208.514541 999999.999999
PG24  22256.643120  14737.164756   1727.134346    -15.674754  3  6  4  51       
PG25  15270.837188  -1219.500012  21435.455401     23.459000  4  3     54       
PG26   4852.931578 -25922.289904   1813.243343    243.568262  5  9  6  54       
PG27  -2558.197349 -14853.859204 -21989.766271   -346.176945  6  6  2 104       
PG28 -12316.366324  21424.797447  -9344.720257    699.437685  4  6  3  72       
PG29  25476.116590  -2502.373082   7117.527714   -150.594773  2  7  5  77       
PG30 -12174.360884  10080.920703 -21308.595876   -262.287158  3  6  4  96       
PG31   2483.436333 -16809.921000  20253.102175    -55.690253  4  5  4  86       
PG32  16873.115383 -15992.679099  12793.977832    317.181738  5  4  4  79       
*  2020  7 15  5 45  0.00000000
PG01 -22050.219022 -15032.854059   1526.149916     25.550592  4  5  6  87       
PG02   7679.698520  19166.974118  17371.849622   -487.455501  6  7  4  99       
PG03 -12638.891443 -11955.814260  20030.550751   -240.136689  3  6  5  87       
PG04 -21277.563219  -3159.153649  15613.682607   -112.612144  7  7  6  82       
PG05   2493.602006  25645.193722  -6146.175601    -16.693974  4  7  6  96       
PG06  -5275.861857  14251.228847  21827.538646   -303.216541  5  7  5 105       
PG07 -21115.266766  -1522.561977 -16016.279002   -327.554980  3  6  4 103       
PG08 -12009.484507 -10514.523075 -21260.772377    -41.011812  4  6  4 112       
PG09 -24946.318992   6959.253208   5881.807705   -253.836245  3  7  3  72       
PG10  11617.102630 -19237.760113 -13875.675610   -399.996046  5  7  7  82       
PG11 -19695.069941 -12902.492562 -12456.495525   -220.787358  7  8  4 105       
PG12  11341.561610  13061.562824  19963.848011     93.547365  5  7  5 102       
PG13   2823.055089  14911.999824 -21911.196555     26.856869  2  6  4  95       
PG14  12195.665931 -16776.971277  16837.203051      1.446214  3  7  2  99       
PG15  14035.682528   9787.579993 -20708.448004   -217.464038  4  6  2  86       
PG16  -1476.506849 -24701.332464  -9238.131754   -182.908159  6  5  6  92       
PG17 -19582.206717  14831.209622  10464.978292    296.099220  4  7  4  91       
PG18  20608.996722   1144.873118 -16746.586897    246.529637  8  9  7  91       
PG19 -14050.482396  15708.747597  15836.763485   -131.866701  4  6  4 103       
PG20  14874.428781  -8153.052694 -20467.925892    527.284436  4  8  7 103       
PG21   7475.959543 -13044.458109 -21170.755549     23.828849  6  7  6 115       
PG22 -11064.683386 -18903.483980  15331.610231   -771.938601  4  7  5 103       
PG23  14587.777013 -10432.073503 -19618.617302 999999.999999
PG24  22138.013112  15015.641119  -1056.732149    -15.674676  3  6  3  64       
PG25  14952.726176   1278.407658  21675.289277     23.462801  4  4  2  86       
PG26   5123.834428 -25517.407232   4621.018724    243.574373  5  9  6  80       
PG27   -265.866571 -15736.246751 -21485.326369   -346.185548  6  7  3 105       
PG28 -12203.505521  20130.728352 -11860.762473    699.434755  4  6  3  63       
PG29  24606.783964  -2040.282268   9797.884578   -150.602254  3  7  5  69       
PG30 -14015.332579   8494.353377 -20884.993526   -262.294045  4  6  4 105       
PG31   4387.263267 -15369.487464  21096.352377    -55.692389  4  5  3  77       
PG32  18181.814495 -16281.814699  10380.663304    317.187339  4  4  4  71       
*  2020  7 15  6  0  0.00000000
PG01 -21981.174497 -15195.159785  -1348.952778     25.554313  4  5  6  47       
PG02   5916.622196  18290.847265  18987.523727   -487.460350  5  7  4  99       
PG03 -12371.052656 -14168.504438  18725.911977   -240.147140  3  7  5  93       
PG04 -19618.571431  -4078.785102  17461.934716   -112.616305  7  7  6  54       
PG05   2189.012439  26164.985333  -3363.577717    -16.695057  4  7  6  94       
PG06  -7353.711729  12866.412408  22089.353596   -303.221083  5  7  5  95       
PG07 -22452.561101  -2669.640401 -14002.239435   -327.563143  3  6  4 101       
PG08  -9828.442558 -11648.646704 -21760.716259    -41.012835  4  6  3 120       
PG09 -24321.273270   6349.663748   8556.619232   -253.842061  4  7  3  40       
PG10  11686.428080 -17499.266750 -15970.337519   -400.005606  6  7  8  94       
PG11 -18167.758996 -13019.874397 -14588.664823   -220.778642  7  8  4 112       
PG12  10928.033705  15269.317463  18610.834456     93.542879  5  7  6  97       
PG13    480.052021  15663.018177 -21550.181656     26.859967  3  7  5  93       
PG14  13903.656222 -17249.400087  14863.689360      1.448950  2  7  2 110       
PG15  12076.099489  11071.496715 -21264.335658   -217.461779  4  5  2  97       
PG16  -1117.299750 -25538.286166  -6515.742825   -182.912511  6  5  6  51       
PG17 -20561.911569  15056.416243   7819.639166    296.104079  4  7  4  92       
PG18  21975.757430   2326.966787 -14770.869933    246.538071  8  9  7  77       
PG19 -15734.658987  16155.119813  13696.029450   -131.862526  4  6  3  99       
PG20  15106.478529  -5786.868445 -21116.806533    527.284370  4  7  7  91       
PG21   9687.268807 -11722.582486 -21025.631942     23.832773  5  7  6 105       
PG22 -10852.075498 -20513.095822  13258.516116   -771.936298  4  7  5 105       
PG23  14571.746989  -8129.398028 -20691.902901 999999.999999
PG24  21768.382683  15138.102713  -3822.850730    -15.674115  3  6  3  33       
PG25  14764.961062   3792.567511  21533.784547     23.466577  4  4  4  88       
PG26   5400.171049 -24812.211595   7348.114127    243.580514  4  8  6  79       
PG27   1907.778181 -16710.960010 -20614.219582   -346.194089  6  7  4 101       
PG28 -12116.611772  18555.350783 -14167.955265    699.431398  4  6  3  87       
PG29  23490.535675  -1421.328934  12309.683672   -150.609901  3  7  5  73       
PG30 -15874.607146   7040.956684 -20101.503592   -262.300935  4  5  4 102       
PG31   6419.197466 -13986.257588  21572.787841    -55.694695  4  5  3  93       
PG32  19219.850652 -16513.470606   7787.936786    317.192858  4  4  4  91       
*  2020  7 15  6 15  0.00000000
PG01 -21646.668770 -15193.211886  -4201.365289     25.558034  4  6  6  76       
PG02   3968.505846  17437.973911  20292.836635   -487.465343  5  7  5  90       
PG03 -12223.417738 -16224.841120  17098.353184   -240.157580  2  7  5  56       
PG04 -17838.960588  -5171.833481  19010.328623   -112.620462  7  7  7  90       
PG05   1904.084116  26380.623089   -522.515633    -16.695676  5  7  5  77       
PG06  -9511.679539  11594.677162  21972.791922   -303.225707  5  6  5 100       
PG07 -23638.742246  -3616.574922 -11748.140702   -327.571052  4  5  4 104       
PG08  -7678.417273 -12917.009199 -21886.530393    -41.014188  5  7  3 104       
PG09 -23473.303984   5561.075290  11084.036679   -253.847896  4  6  3  83       
PG10  11844.116527 -15544.535167 -17785.685441   -400.015182  6  6  7  77       
PG11 -16428.791976 -13186.901786 -16473.470541   -220.769129  7  8  3  92       
PG12  10650.577961  17321.450535  16933.087165     93.538461  5  7  6  95       
PG13  -1763.672219  16515.605847 -20821.891488     26.862935  3  7  5  98       
PG14  15373.618678 -17711.645175  12637.803821      1.451560  2  6  3 107       
PG15  10143.514371  12474.063013 -21465.764034   -217.459649  3  6  3  88       
PG16   -833.764139 -26078.198908  -3678.933540   -182.916821  6  6  6  55       
PG17 -21255.366966  15199.753358   5041.220865    296.109542  3  7  3  92       
PG18  23201.491028   3308.681829 -12541.536887    246.546470  8  9  8  57       
PG19 -17152.014627  16590.884584  11314.849953   -131.858049  3  6  3  65       
PG20  15457.856417  -3384.667430 -21404.000698    527.284275  4  7  6  82       
PG21  11926.751833 -10527.139135 -20492.632969     23.836882  5  7  6  98       
PG22 -10698.805948 -21888.107678  10961.489405   -771.934195  4  8  5 105       
PG23  14677.142920  -5727.851309 -21409.996749 999999.999999
PG24  21134.769636  15137.371502  -6524.849110    -15.674814  3  7  3  61       
PG25  14709.442010   6272.404822  21014.284845     23.470459  4  5  5  78       
PG26   5716.977073 -23819.074357   9946.937602    243.586663  4  7  7  85       
PG27   3924.775382 -17746.542039 -19390.208640   -346.202661  6  7  4  79       
PG28 -12090.825083  16723.265518 -16224.077522    699.427997  4  6  3  89       
PG29  22163.623658   -623.422923  14609.587111   -150.617485  3  7  4  78       
PG30 -17709.879693   5739.403228 -18972.265245   -262.307817  4  5  4 106       
PG31   8543.289615 -12693.711661  21675.467993    -55.696957  4  4  3  88       
PG32  19983.368528 -16648.377911   5060.411456    317.198438  5  3  4  92       
*  2020  7 15  6 30  0.00000000
PG01 -21032.609780 -15063.485029  -6983.230845     25.561757  5  6  5  79       
PG02   1864.330458  16641.971240  21267.502047   -487.470498  5  7  4  88       
PG03 -12174.913772 -18084.074978  15176.279188   -240.168012  2  7  5  60       
PG04 -15984.347755  -6437.054086  20232.235509   -112.624600  6  7  7  93       
PG05   1602.253254  26288.237621   2327.634679    -16.696671  5  7  4  97       
PG06 -11705.646615  10460.057201  21479.968505   -303.230260  5  6  5  75       
PG07 -24635.127627  -4373.924964  -9293.707153   -327.578833  4  5  4  85       
PG08  -5602.974043 -14295.826264 -21635.264177    -41.015393  5  7  3 104       
PG09 -22437.794250   4576.664459  13420.417668   -253.853684  4  6  3  66       
PG10  12114.115591 -13412.815308 -19290.247363   -400.024832  6  5  7  91       
PG11 -14509.996569 -13428.485821 -18080.565676   -220.759626  7  8  3  96       
PG12  10490.068101  19175.113484  14960.659170     93.534302  5  8  6  84       
PG13  -3867.865486  17442.857850 -19738.325697     26.865949  3  7  5 102       
PG14  16589.697682 -18124.213620  10196.425989      1.453893  1  6  3  99       
PG15   8275.431152  13971.321966 -21308.404740   -217.457149  3  6  3  87       
PG16   -589.495472 -26304.750665   -777.306598   -182.921271  6  6  6  67       
PG17 -21665.323445  15220.631175   2176.587771    296.114675  4  6  3  78       
PG18  24244.627198   4098.634787 -10096.865566    246.554941  7  9  8  88       
PG19 -18288.666899  16975.088013   8735.578105   -131.853209  3  6  2  50       
PG20  15926.242634   -992.956994 -21325.301160    527.284819  5  7  6  81       
PG21  14144.776409  -9475.356946 -19581.312315     23.841240  5  7  6  98       
PG22 -10574.171257 -23004.893699   8479.076873   -771.931597  4  8  4 100       
PG23  14912.507832  -3274.908899 -21760.607895 999999.999999
PG24  20231.792132  15048.910821  -9117.568345    -15.674443  3  7  2  39       
PG25  14779.806881   8668.328457  20126.864631     23.474221  4  6  5  80       
PG26   6106.608441 -22558.690617  12372.193374    243.592706  4  6  7  78       
PG27   5753.439019 -18806.035465 -17833.173678   -346.211252  5  7  4  87       
PG28 -12156.795139  14667.367101 -17990.990825    699.424883  4  6  3  94       
PG29  20667.468003    368.091916  16657.856950   -150.625016  4  7  4  89       
PG30 -19477.318999   4600.653267 -17517.297065   -262.314721  4  5  4  85       
PG31  10718.678575 -11518.951091  21403.996121    -55.699334  4  4  3  81       
PG32  20477.152660 -16648.609801   2245.179416    317.203987  5  4  4  81       
*  2020  7 15  6 45  0.00000000
PG01 -20133.197955 -14845.250945  -9648.063168     25.565476  5  7  5  88       
PG02   -361.209782  15931.254738  21896.424867   -487.475683  5  7  4  82       
PG03 -12198.209580 -19711.271223  12993.100892   -240.178440  2  8  4  41       
PG04 -14100.608653  -7864.959984  21106.614593   -112.628707  6  7  7  69       
PG05   1247.281056  25892.884177   5137.162023    -16.697420  5  7  4  85       
PG06 -13888.389761   9478.792637  20619.403848   -303.234845  5  6  5  82       
PG07 -25407.446033  -4959.607675  -6681.612380   -327.586602  5  5  4 102       
PG08  -3641.281523 -15754.352162 -21010.470741    -41.016991  6  7  3  90       
PG09 -21254.305650   3387.089607  15525.371953   -253.859521  4  6  3  67       
PG10  12513.463755 -11148.383683 -20458.121649   -400.034451  6  5  7  88       
PG11 -12447.919184 -13764.055568 -19384.507123   -220.749927  7  8  3  93       
PG12  10420.605193  20793.261349  12728.609824     93.529848  5  8  6  61       
PG13  -5797.890724  18411.911724 -18317.530245     26.868980  3  7  5  84       
PG14  17544.291341 -18446.584489   7580.417987      1.456415  2  6  3  92       
PG15   6505.104839  15533.238430 -20793.743760   -217.454904  3  6  4  83       
PG16   -346.063881 -26210.865961   2138.037627   -182.925533  6  7  6  58       
PG17 -21803.197220  15080.912571   -725.437752    296.119825  4  6  3  86       
PG18  25067.571066   4713.114266  -7478.824861    246.563399  7  9  8  79       
PG19 -19140.072478  17266.372699   6003.835059   -131.848651  3  6  1  92       
PG20  16501.769775   1342.852764 -20882.716553    527.284002  5  6  5  78       
PG21  16290.580402  -8576.087954 -18308.695733     23.845179  5  7  5  85       
PG22 -10444.436171 -23847.153872   5853.029129   -771.929399  4  8  4  98       
PG23  15278.375176   -819.293980 -21737.735447 999999.999999
PG24  19061.970361  14909.349174 -11557.751410    -15.674216  3  7  1  84       
PG25  14961.763723  10933.479726  18888.075507     23.478049  4  6  6  88       
PG26   6597.274513 -21059.335748  14581.701442    243.598786  4  6  7  72       
PG27   7369.421757 -19848.357852 -15968.852247   -346.219860  5  7  4  76       
PG28 -12339.248892  12427.779416 -19435.489618    699.421973  4  6  3  91       
PG29  19047.101419   1559.665748  18419.050024   -150.632608  4  7  5  86       
PG30 -21133.145338   3627.730219 -15762.113659   -262.321612  4  5  4  97       
PG31  12901.032040 -10481.796033  20764.431131    -55.701551  3  4  4  72       
PG32  20714.314536 -16479.207666   -609.009639    317.209487  5  3  4  73       
*  2020  7 15  7  0  0.00000000
PG01 -18951.232925 -14578.960863 -12151.454631     25.569200  6  7  5  90       
PG02  -2668.794034  15328.053599  22169.856205   -487.480729  5  6  4  85       
PG03 -12260.912163 -21078.487572  10586.637918   -240.188874  3  8  3  40       
PG04 -12232.219829  -9438.015607  21618.375382   -112.632847  6  7  8 107       
PG05    804.891998  25208.365157   7856.922040    -16.698401  5  7  4  72       
PG06 -16011.234052   8658.828163  19405.875186   -303.239421  4  6  5  84       
PG07 -25927.077420  -5397.945597  -3956.721818   -327.594476  5  5  3  95       
PG08  -1826.750188 -17255.945933 -20022.199138    -41.017846  6  7  4  99       
PG09 -19965.050281   1991.065183  17362.469061   -253.865336  4  6  3  68       
PG10  13051.515256  -8798.957578 -21269.422060   -400.044083  6  5  6  89       
PG11 -10282.571816 -14206.775889 -20365.044922   -220.740466  7  8  3 110       
PG12  10410.707553  22145.917157  10276.325268     93.525379  5  8  6  72       
PG13  -7525.867709  19385.177072 -16583.328179     26.872092  4  7  5  81       
PG14  18238.245130 -18638.861356   4834.003016      1.459096  2  6  2  93       
PG15   4860.431045  17124.666000 -19929.134365   -217.452400  3  6  4  69       
PG16    -64.756489 -25799.044323   5015.461811   -182.929994  6  7  7  69       
PG17 -21688.595866  14746.572395  -3614.877817    296.125219  4  6  3  87       
PG18  25638.141204   5175.252955  -4732.359244    246.571790  7  9  8  80       
PG19 -19710.977454  17424.724584   3167.639740   -131.843965  4  6     76       
PG20  17167.392948   3579.978746 -20084.392902    527.284568  5  6  4  76       
PG21  18314.259802  -7829.591092 -16698.885730     23.849940  4  7  5  75       
PG22 -10274.263723 -24406.441512   3127.646899   -771.927195  4  7  4  92       
PG23  15767.207606   1590.700790 -21341.769316 999999.999999
PG24  17635.749197  14754.977094 -13804.697871    -15.673490  3  6  1  67       
PG25  15233.750592  13025.359061  17320.571779     23.481911  4  7  6  72       
PG26   7211.744588 -19355.833749  16537.154119    243.604820  3  5  7  93       
PG27   8756.505209 -20829.865390 -13828.470844   -346.228521  5  7  4  80       
PG28 -12655.791879  10050.474121 -20530.073588    699.418837  4  6  3  92       
PG29  17349.483495   2949.090453  19862.641017   -150.640129  4  8  5  89       
PG30 -22635.208422   2815.808471 -13737.255399   -262.328550  3  5  4  98       
PG31  15044.110843  -9594.187064  19769.088673    -55.703501  2  4  4  78       
PG32  20715.659634 -16109.707179  -3452.608886    317.215017  5  3  4  70       
*  2020  7 15  7 15  0.00000000
PG01 -17498.114718 -14304.603735 -14451.744804     25.572906  6  8  5  93       
PG02  -5015.712515  14847.652548  22083.494302   -487.485597  5  6  4  73       
PG03 -12326.963609 -22165.686851   7998.450982   -240.199302  4  8  4  54       
PG04 -10420.664771 -11131.147680  21758.639703   -112.636986  6  7  8  68       
PG05    244.342442  24256.715488  10439.238985    -16.699123  5  7  4  65       
PG06 -18025.768299   7999.638685  17860.165057   -303.244087  4  5  5  87       
PG07 -26172.075040  -5718.493500  -1165.332259   -327.602434  6  5  3  93       
PG08   -185.892534 -18759.387238 -18686.870689    -41.020010  6  7  4  81       
PG09 -18613.270649    395.623594  18899.879091   -253.871161  4  6  3  86       
PG10  13729.485582  -6413.986826 -21710.603745   -400.053787  5  4  6  84       
PG11  -8056.082221 -14763.016494 -21007.326487   -220.730947  7  8  3  93       
PG12  10424.717039  23211.156782   7646.774739     93.521081  5  8  6  72       
PG13  -9031.562275  20321.764228 -14564.953048     26.875008  4  7  5  64       
PG14  18680.729549 -18663.437807   2004.062683      1.461655  2  6  2  91       
PG15   3363.026895  18706.522843 -18727.768782   -217.450209  3  6  5  85       
PG16    291.651352 -25081.312370   7803.784273   -182.934299  5  7  7  65       
PG17 -21348.526731  14189.234444  -6441.456188    296.130405  4  6  2  53       
PG18  25930.812857   5513.935877  -1904.622256    246.580209  6  9  8  72       
PG19 -20015.007764  17413.158193    276.513812   -131.839561  4  6     93       
PG20  17899.542124   5679.684862 -18944.438478    527.284720  4  5  4  95       
PG21  20168.719402  -7227.714709 -14782.477821     23.853413  4  6  5  90       
PG22 -10028.221308 -24682.410690    349.078334   -771.924868  4  7  4 100       
PG23  16363.658706   3908.872413 -20579.483763 999999.999999
PG24  15971.242401  14620.269918 -15820.879028    -15.673759  2  6  1  86       
PG25  15567.890422  14907.267339  15452.628123     23.485778  4  8  6  79       
PG26   7966.280505 -17488.280062  18204.794350    243.610908  3  5  7  84       
PG27   9907.082271 -21706.047513 -11448.268933   -346.237214  5  6  4  54       
PG28 -13116.004885   7585.623718 -21253.613819    699.415759  4  6  3  89       
PG29  15621.749748   4525.386396  20963.562246   -150.647733  4  8  5  89       
PG30 -23944.505906   2152.606328 -11477.741321   -262.335468  3  5  4  76       
PG31  17101.395065  -8859.907032  18436.241437    -55.705922  2  5  4  71       
PG32  20508.758032 -15515.501907  -6236.157599    317.220558  5  3  3  66       
*  2020  7 15  7 30  0.00000000
PG01 -15793.541725 -14060.097976 -16510.643935     25.576676  7  8  5  98       
PG02  -7357.216805  14497.881432  21638.533254   -487.490665  5  6  3  78       
PG03 -12358.182884 -22961.351437   5273.116541   -240.209740  5  9  5  46       
PG04  -8702.964619 -12912.554941  21524.898953   -112.641147  6  7  8  83       
PG05   -460.146239  23067.369253  12838.787676    -16.699965  5  6  4  69       
PG06 -19885.558971   7492.387838  16008.711364   -303.248665  3  6  4  72       
PG07 -26127.939034  -5954.693418   1645.580252   -327.610156  6  6  3  94       
PG08   1262.548399 -20220.393212 -17027.038096    -41.020684  6  7  4  94       
PG09 -17241.590416  -1383.947346  20110.934750   -253.876949  4  6  3  83       
PG10  14540.333906  -4042.892404 -21774.666008   -400.063448  5  4  5  97       
PG11  -5811.295537 -15432.083745 -21302.021282   -220.721283  7  8  3 110       
PG12  10424.362140  23975.780688   4885.719860     93.516476  5  8  5  59       
PG13 -10302.988132  21179.059649 -12296.588225     26.877818  4  6  5  34       
PG14  18888.799103 -18486.610882   -860.639377      1.464321  3  6  2  58       
PG15   2027.539339  20237.139427 -17208.563137   -217.448021  3  6  5  81       
PG16    757.173087 -24078.793860  10453.278815   -182.938169  5  6  7  68       
PG17 -20816.310672  13387.520608  -9155.496495    296.135367  3  6  2  79       
PG18  25927.718481   5762.487472    955.828238    246.588621  5  8  7  74       
PG19 -20073.923564  17199.273130  -2619.418132   -131.835034  4  6     74       
PG20  18669.029964   7608.541574 -17482.657155    527.284591  4  5  4  89       
PG21  21811.491154  -6754.464375 -12595.812728     23.858343  3  5  5  90       
PG22  -9672.307443 -24682.771841  -2435.424507   -771.922685  4  7  5 113       
PG23  17045.147811   6092.685283 -19463.923848 999999.999999
PG24  14093.707798  14536.487930 -17572.508316    -15.674140  2  6  2  89       
PG25  15931.197188  16549.508015  13317.564060     23.489625  5  8  6  70       
PG26   8869.838150 -15500.571325  19556.002932    243.616999  3  4  7  70       
PG27  10822.307623 -22433.287873  -8868.918979   -346.245881  5  5  4  82       
PG28 -13720.885370   5085.756672 -21591.886176    699.412516  4  6  3  88       
PG29  13909.463203   6269.034466  21702.649958   -150.655429  4  8  6  90       
PG30 -25026.586079   1619.065611  -9022.455830   -262.342315  3  5  4  82       
PG31  19027.709820  -8274.626442  16789.729458    -55.707911  2  4  4  71       
PG32  20126.754646 -14678.987980  -8911.169711    317.226153  5  3  3  88       
*  2020  7 15  7 45  0.00000000
PG01 -13864.917396 -13879.772519 -18293.806499     25.580408  7  8  4  70       
PG02  -9647.941619  14278.867544  20841.660128   -487.495798  4  5  3  80       
PG03 -12315.891954 -23462.778404   2457.456827   -240.220147  6  9  6  74       
PG04  -7110.389440 -14744.786621  20921.063621   -112.645277  6  8  7  61       
PG05  -1328.150725  21676.039810  15013.435945    -16.700837  4  5  4  89       
PG06 -21547.798356   7120.412783  13883.164313   -303.253195  1  6  4  73       
PG07 -25788.120376  -6142.410456   4429.094810   -327.617947  6  6  2  91       
PG08   2508.165431 -21593.278618 -15071.028336    -41.021963  6  7  4  92       
PG09 -15890.400293  -3324.490560  20974.604071   -253.882750  4  6  3  68       
PG10  15468.984565  -1733.322209 -21461.230709   -400.073103  4  4  3  91       
PG11  -3590.374851 -16206.217870 -21245.371633   -220.711839  7  8  3 106       
PG12  10370.413620  24435.652178   2040.893831     93.511974  6  8  5  45       
PG13 -11336.696625  21914.389281  -9816.817068     26.881256  4  6  4  69       
PG14  18886.642515 -18080.076526  -3710.296983      1.466958  3  6  2  53       
PG15    861.210461  21673.733864 -15395.950511   -217.445582  3  6  5  63       
PG16   1361.012742 -22820.912049  12916.655709   -182.943090  5  6  7  87       
PG17 -20130.236916  12328.151216 -11708.844596    296.140566  3  6  2  93       
PG18  25619.366908   5957.188627   3799.859582    246.597050  5  8  7  68       
PG19 -19916.574323  16756.621972  -5470.314634   -131.830377  4  5     86       
PG20  19442.179533   9339.480677 -15724.196269    527.284247  4  5  4  93       
PG21  23206.334647  -6386.921288 -10180.096125     23.862226  2  4  5  83       
PG22  -9175.442006 -24422.953999  -5178.280603   -771.920570  4  7  6 107       
PG23  17782.726136   8104.708086 -18014.186470 999999.999999
PG24  12034.771386  14530.402653 -19030.061933    -15.673704  1  6  3  84       
PG25  16286.980506  17930.307582  10953.091208     23.493528  5  8  6  93       
PG26   9923.569081 -13438.802000  20567.784243    243.623105  3  4  6  74       
PG27  11511.905201 -22970.622391  -6134.849024   -346.254559  5  4  3  75       
PG28 -14462.667292   2603.794710 -21537.949072    699.409748  3  6  4  98       
PG29  12254.936419   8152.546087  22066.988569   -150.662626  4  8  6 101       
PG30 -25852.783337   1190.289108  -6413.480330   -262.349231  2  5  3  80       
PG31  20780.790598  -7826.263580  14858.491806    -55.710055  3  4  5  86       
PG32  19606.966204 -13590.441837 -11431.009691    317.231685  5  2  3  25       
*  2020  7 15  8  0  0.00000000
PG01 -11746.486776 -13792.989628 -19771.350332     25.584103  7  7  4 103       
PG02 -11843.355123  14183.059090  19704.999612   -487.501015  4  5  2  97       
PG03 -12162.563026 -23676.046508   -400.261266   -240.230607  7  9  8  68       
PG04  -5667.399204 -16586.049302  19957.403817   -112.649439  5  8  7  51       
PG05  -2372.057880  20123.358165  16925.028581    -16.701687  4  5  4  97       
PG06 -22974.825065   6860.016511  11519.856923   -303.257819     5  4  79       
PG07 -25154.243756  -6318.403701   7139.054920   -327.626010  6  6  2 101       
PG08   3549.123581 -22832.694603 -12852.473092    -41.022427  6  6  5  75       
PG09 -14596.342171  -5395.675880  21475.864840   -253.888597  4  6  4  73       
PG10  16492.875725    470.507427 -20776.498062   -400.082783  4  3  2  75       
PG11  -1433.446317 -17070.850145 -20839.175117   -220.702323  7  8  3  90       
PG12  10224.366661  24595.695320   -838.833354     93.507407  6  8  4  62       
PG13 -12137.741231  22486.706775  -7167.990635     26.883629  4  6  4  80       
PG14  18704.547173 -17422.243115  -6494.950175      1.469637  4  5  2  76       
PG15   -136.278487  22973.964112 -13319.577889   -217.443158  3  6  4  83       
PG16   2126.163314 -21344.256084  15149.997472   -182.947386  4  6  7  80       
PG17 -19332.007634  11006.743344 -14055.795164    296.145808  3  6  3  72       
PG18  25005.053098   6135.681336   6578.604646    246.605496  4  8  7  75       
PG19 -19577.602237  16065.839180  -8227.473186   -131.825579  4  5     73       
PG20  20182.128854  10852.608882 -13699.115593    527.284368  4  5  4  97       
PG21  24324.548796  -6096.458442  -7580.422179     23.866084  1  4  4  89       
PG22  -8510.862848 -23925.482796  -7832.375602   -771.918033  4  7  6  76       
PG23  18542.201333   9913.855684 -16255.099322 999999.999999
PG24   9831.426327  14623.193972 -20168.744680    -15.675116  1  6  3  89       
PG25  16596.389356  19036.424395   8400.599737     23.497407  6  8  5  92       
PG26  11120.640799 -11349.592523  21223.142820    243.629120  2  4  6  73       
PG27  11993.635274 -23281.422961  -3293.477453   -346.263246  6  4  3  76       
PG28 -15325.034333    191.060984 -21092.348126    699.406727  3  6  4  91       
PG29  10695.689266  10141.350583  22050.146026   -150.670369  4  8  6  95       
PG30 -26401.241869    836.697972  -3695.381104   -262.356124  2  5  3  98       
PG31  22322.732109  -7495.639388  12676.031116    -55.712391  4  5  4  72       
PG32  18989.321264 -12248.593798 -13751.737612    317.237194  5  3  3  62       
*  2020  7 15  8 15  0.00000000
PG01  -9478.232407 -13822.957094 -20918.316991     25.587828  7  7  4  89       
PG02 -13901.193704  14195.521366  18246.004008   -487.506152  3  5  2  76       
PG03 -11863.423480 -23615.658622  -3251.144965   -240.240938  8  9  8  80       
PG04  -4390.854879 -18391.692894  18650.381269   -112.653561  5  8  7  76       
PG05  -3596.368329  18453.324995  18540.095028    -16.702311  4  4  3  70       
PG06 -24135.459619   6681.537266   8959.197074   -303.262442     5  4  76       
PG07 -24236.047369  -6518.786495   9730.746969   -327.633618  6  6  2  96       
PG08   4392.054532 -23895.376977 -10409.733279    -41.023324  6  6  4  55       
PG09 -13390.950808  -7560.980431  21605.973542   -253.894411  4  6  4  69       
PG10  17582.810276   2529.320677 -19733.084237   -400.092424  4  4     85       
PG11    622.668375 -18005.107093 -20090.703352   -220.692915  7  8  4  82       
PG12   9950.084222  24469.558853  -3704.288635     93.503024  6  7  4  41       
PG13 -12719.315849  22858.241449  -4395.521540     26.886967  4  6  3  80       
PG14  18377.613811 -16499.304061  -9165.406342      1.472274  4  5  2  85       
PG15   -972.671960  24097.501181 -11013.904144   -217.440629  3  6  4  83       
PG16   3068.264990 -19691.159378  17113.624121   -182.951303  4  6  7  93       
PG17 -18465.032075   9428.264624 -16154.000126    296.150966  3  5  3  73       
PG18  24092.942286   6335.323102   9244.298713    246.613878  5  8  6  77       
PG19 -19095.949796  15115.491685 -10844.141572   -131.820948  3  5  1  87       
PG20  20850.263446  12135.752628 -11441.884561    527.284148  5  6  4  96       
PG21  25145.942248  -5850.187839  -4844.739186     23.870671     4  3  92       
PG22  -7657.373797 -23219.094199 -10351.866184   -771.915462  4  6  7  82       
PG23  19285.477626  11496.389187 -14216.802643 999999.999999
PG24   7524.840002  14829.557547 -20968.895840    -15.674585  1  5  4  88       
PG25  16820.031956  19863.429070   5704.400413     23.501229  6  8  5  78       
PG26  12446.380896  -9278.415487  21511.345850    243.635252  1  3  5  84       
PG27  12292.438153 -23334.936509   -394.372811   -346.272007  5  3  2  80       
PG28 -16283.721300  -2104.648695 -20263.136951    699.403525  3  6  5 107       
PG29   9263.102650  12194.966696  21652.295426   -150.677773  5  8  6  95       
PG30 -26657.691166    525.363650   -914.464832   -262.363072  3  4  2  72       
PG31  23621.270369  -7257.397249  10279.822132    -55.714868  4  4  5  80       
PG32  18314.706378 -10660.872621 -15832.905810    317.242722  5  2  3  56       
*  2020  7 15  8 30  0.00000000
PG01  -7104.566709 -13985.771485 -21715.068951     25.591522  7  6  4  74       
PG02 -15782.836610  14294.500216  16487.285122   -487.511084  2  5  2  83       
PG03 -11387.957246 -23303.875298  -6046.498674   -240.251420  8  9  8  84       
PG04  -3289.529825 -20115.819369  17022.375029   -112.657800  5  8  7  57       
PG05  -4997.321512  16711.639866  19830.465051    -16.702999  3  4  3  69       
PG06 -25006.104549   6550.654303   6244.990320   -303.267049  2  5  4  53       
PG07 -23051.046427  -6777.528813  12161.543622   -327.641539  7  6  2  78       
PG08   5051.611436 -24741.833369  -7785.227111    -41.024302  6  6  4  93       
PG09 -12299.506222  -9778.916103  21362.623562   -253.900154  3  5  4  69       
PG10  18704.072307   4410.084950 -18349.747411   -400.102124  5  4     77       
PG11   2545.593045 -18982.542063 -19012.561158   -220.683423  7  7  4  66       
PG12   9515.339644  24078.964687  -6506.814931     93.498747  6  7  4  55       
PG13 -13102.078582  22996.041252  -1547.114446     26.889686  3  6  3  85       
PG14  17944.269564 -15306.018592 -11674.173935      1.474468  5  5  2  76       
PG15  -1662.711911  25007.563988  -8517.698249   -217.438313  3  6  4  47       
PG16   4194.774460 -17908.051706  18772.864763   -182.955387  4  5  7  84       
PG17 -17572.639363   7607.113797 -17965.334916    296.156161  3  5  4  89       
PG18  22899.824761   6591.555174  11751.098682    246.622384  6  7  6  79       
PG19 -18513.232895  13902.623809 -13276.272993   -131.816396  3  5  2  81       
PG20  21407.723798  13184.716210  -8990.815265    527.283912  5  6  4  62       
PG21  25659.430501  -5612.563167  -2022.794935     23.874379     4  3  79       
PG22  -6600.393292 -22337.614105 -12692.979761   -771.913405  4  6  6 103       
PG23  19972.060360  12836.636424 -11934.240223 999999.999999
PG24   5159.008836  15157.055500 -21416.329703    -15.676075  2  5  4  89       
PG25  16919.607816  20415.652849   2910.937999     23.505065  6  8  4  57       
PG26  13878.737160  -7267.985440  21428.069362    243.641424     4  5  75       
PG27  12439.285820 -23107.613318   2511.645430   -346.280765  5  3  2  89       
PG28 -17307.478017  -4240.841305 -19065.710981    699.400339  3  5  5 102       
PG29   7981.320758  14268.413729  20880.220091   -150.685384  5  8  6  90       
PG30 -26615.946335    221.463143   1881.986947   -262.369990  3  4  2  90       
PG31  24650.854929  -7081.149425   7710.674998    -55.717136  5  4  4  58       
PG32  17623.285594  -8843.309844 -17638.290520    317.248279  4  2  3  71       
*  2020  7 15  8 45  0.00000000
PG01  -4672.864582 -14289.726918 -22147.619047     25.595189  7  6  4  88       
PG02 -17454.576213  14452.239945  14456.383619   -487.516068  2  5  2  68       
PG03 -10711.245688 -22769.766532  -8738.638289   -240.261720  8  9  8  72       
PG04  -2363.940165 -21712.952959  15101.304868   -112.662006  5  8  6  46       
PG05  -6562.858312  14943.976399  20773.779013    -16.703235  3  4  2  89       
PG06 -25571.567059   6429.880065   3423.703836   -303.271639  3  5  4  82       
PG07 -21623.935391  -7125.051706  14391.508882   -327.649346  7  6  3  55       
PG08   5549.700539 -25337.900148  -5024.673952    -41.025936  6  5  5  75       
PG09 -11340.141716 -12004.457128  20749.989444   -253.905947  3  5  5  50       
PG10  19817.762668   6087.059986 -16651.010837   -400.111742  5  4     58       
PG11   4308.376742 -19972.068551 -17622.489094   -220.673496  7  7  4  67       
PG12   8893.201923  23452.770666  -9199.063412     93.494470  6  7  3  83       
PG13 -13313.185247  22873.349044   1328.054441     26.892571  3  5  3  70       
PG14  17444.638174 -13846.160783 -13976.386777      1.477413  5  5  3  54       
PG15  -2227.425955  25672.355117  -5873.439498   -217.436196  2  7  3  71       
PG16   5504.481877 -16043.657323  20098.715718   -182.959728  3  5  7  82       
PG17 -16696.285312   5566.815252 -19456.697725    296.161375  4  5  4 102       
PG18  21450.550135   6936.348283  14055.870565    246.630829  7  7  6  98       
PG19 -17872.043778  12432.981551 -15483.215662   -131.811714  4  6  3  84       
PG20  21816.932403  14003.245417  -6387.439193    527.283905  6  7  4  58       
PG21  25863.248480  -5347.058765    834.903527     23.878750  1  4  3  89       
PG22  -5332.759286 -21318.643888 -14814.795264   -771.911169  5  5  6  99       
PG23  20560.667284  13927.405524  -9446.567692 999999.999999
PG24   2779.306015  15605.735907 -21502.605044    -15.675456  3  4  5  93       
PG25  16859.489523  20705.812883     67.990810     23.508872  7  8  3  72       
PG26  15389.033147  -5356.774251  20975.428381    243.647612  2  4  5  84       
PG27  12469.786140 -22584.166142   5373.446503   -346.289480  5  3  2  93       
PG28 -18359.350823  -6181.866021 -17522.459255    699.397336  4  4  5 101       
PG29   6866.444723  16313.808130  19747.201452   -150.693197  5  8  6  92       
PG30 -26278.116258   -110.197589   4646.493276   -262.376873  3  4  2  64       
PG31  25393.476414  -6932.805143   5012.063308    -55.719160  6  3  4  82       
PG32  16952.861652  -6820.106835 -19136.543399    317.253858  5  3  3  82       
*  2020  7 15  9  0  0.00000000
PG01  -2231.885466 -14734.915657 -22207.887321     25.598918  7  6  4  95       
PG02 -18888.740854  14636.035279  12185.470758   -487.521310  2  5  2  67       
PG03  -9815.097644 -22048.019149 -11281.684309   -240.271897  8  8  7  98       
PG04  -1606.500569 -23139.707840  12920.158162   -112.666164  5  8  6  63       
PG05  -8272.922901  13194.274234  21353.882318    -16.703927  3  4  2 100       
PG06 -25825.572543   6280.181679    543.682972   -303.276184  4  5  4  65       
PG07 -19985.751365  -7586.959828  16383.962271   -327.657067  6  6  3  61       
PG08   5914.419969 -25656.104680  -2176.268726    -41.026694  6  5  4  76       
PG09 -10523.242281 -14190.612784  19778.656153   -253.911715  3  5  5  64       
PG10  20882.299397   7542.556738 -14666.692985   -400.121356  6  5  2  68       
PG11   5890.282198 -20939.064387 -15943.111373   -220.663795  7  7  4  74       
PG12   8063.214217  22625.786780 -11735.748501     93.490160  6  6  3  72       
PG13 -13385.068748  22470.756083   4180.194816     26.895523  2  5  3  75       
PG14  16918.834440 -12132.610501 -16030.695451      1.479985  5  4  3  65       
PG15  -2693.153207  26066.337713  -3126.624626   -217.433584  3  6  3  88       
PG16   6987.395433 -14147.118140  21068.369493   -182.963866  3  5  7  91       
PG17 -15873.831389   3339.332338 -20600.717492    296.166574  5  5  5 109       
PG18  19777.162290   7396.786650  16118.931775    246.639344  7  7  6  94       
PG19 -17214.248464  10720.913476 -17428.329877   -131.807223  4  5  4 111       
PG20  22043.084440  14602.699193  -3675.836000    527.283830  6  7  4  55       
PG21  25764.786801  -5017.846998   3678.085822     23.882771  2  4  4  83       
PG22  -3855.254451 -20202.100407 -16679.989842   -771.908768  4  5  6 108       
PG23  21010.884606  14770.076015  -6796.487496 999999.999999
PG24    430.971568  16168.038156 -21225.217645    -15.675314  3  4  5  89       
PG25  16608.195609  20754.335069  -2776.130072     23.512721  7  8  3  63       
PG26  16942.987370  -3577.707995  20161.893698    243.653779  3  4  5  76       
PG27  12422.596099 -21758.312182   8140.547551   -346.298200  4  2  1  86       
PG28 -19398.220331  -7900.147464 -15662.246866    699.394065  5  3  5 113       
PG29   5926.049121  18282.083829  18272.791301   -150.700576  5  8  6  89       
PG30 -25654.513198   -503.649201   7332.148224   -262.383827  3  4  1  75       
PG31  25839.223504  -6776.030280   2229.426265    -55.721222  6  3  4  67       
PG32  16337.345399  -4622.881490 -20301.749826    317.259402  4  3  3  86       
*  2020  7 15  9 15  0.00000000
PG01    169.861653 -15313.137760 -21893.880148     25.602566  7  6  5  82       
PG02 -20064.629515  14809.489074   9710.977215   -487.526715  2  5  2  54       
PG03  -8688.926008 -21177.545519 -13632.321713   -240.282269  7  7  7  46       
PG04  -1001.999336 -24356.389144  10516.427761   -112.670323  5  8  5  78       
PG05 -10100.090881  11503.117418  21561.096728    -16.704683  3  4  3  92       
PG06 -25770.948739   6062.669429  -2345.667163   -303.280851  5  5  4  91       
PG07 -18172.827709  -8182.953256  18105.999873   -327.664901  6  5  4  60       
PG08   6178.748693 -25676.776076    710.196167    -41.028358  6  5  4  80       
PG09  -9851.156683 -16290.084392  18465.434436   -253.917567  3  5  5  73       
PG10  21855.023486   8767.381311 -12431.355875   -400.130990  7  5  2  85       
PG11   7277.358457 -21846.611351 -14001.630187   -220.654378  6  6  5  71       
PG12   7012.324780  21637.391724 -14074.356678     93.485695  6  5  3  93       
PG13 -13354.011181  21777.084667   6959.781089     26.898523  2  5  3  90       
PG14  16405.255341 -10187.075502 -17800.101783      1.482631  6  4  3  63       
PG15  -3090.341002  26171.297467   -324.990252   -217.431288  3  6  2  68       
PG16   8624.996270 -12266.123461  21665.603705   -182.967933  3  5  8  90       
PG17 -15137.972725    964.022407 -21376.348024    296.171632  5  5  5 109       
PG18  17917.767696   7993.845772  17904.735394    246.647810  7  7  6  93       
PG19 -16579.341358   8788.957121 -19079.527643   -131.802867  5  6  5  97       
PG20  22055.547464  15001.442015   -901.923029    527.283737  7  7  4  74       
PG21  25380.077002  -4591.401662   6457.645872     23.886746  3  4  4  98       
PG22  -2176.826018 -19028.666050 -18255.535957   -771.906324  4  5  5 103       
PG23  21284.803839  15374.364111  -4029.521347 999999.999999
PG24  -1842.402717  16828.991978 -20587.709845    -15.676292  3  4  5  86       
PG25  16139.701543  20588.405320  -5573.369855     23.516517  7  8  4  62       
PG26  18501.954400  -1957.093208  19002.099870    243.659940  5  4  6  66       
PG27  12337.709878 -20633.163247  10764.070117   -346.306904  3  2  1  92       
PG28 -20380.521446  -9377.059341 -13519.747685    699.391017  6  2  5  98       
PG29   5159.039984  20124.769554  16482.472187   -150.708158  5  8  5  84       
PG30 -24763.268084   -990.270733   9893.383733   -262.390727  3  3  1  60       
PG31  25986.552919  -6573.785198   -590.546430    -55.723738  7  2  3  46       
PG32  15805.395192  -2289.624754 -21113.883152    317.264950  5  3  3  79       
*  2020  7 15  9 30  0.00000000
PG01   2485.753925 -16008.127093 -21209.786342     25.606179  7  5  5  83       
PG02 -20969.221128  14933.939578   7073.144101   -487.531755  3  5  2  53       
PG03  -7330.338189 -20199.946859 -15750.515535   -240.292665  7  7  6  84       
PG04   -528.374187 -25328.465366   7931.470058   -112.674508  6  8  5  43       
PG05 -12010.497032   9906.264592  21392.364550    -16.705031  4  4  3  90       
PG06 -25419.472700   5740.287030  -5194.721823   -303.285522  5  5  4  77       
PG07 -16225.572737  -8925.954166  19528.969979   -327.672512  6  5  4  58       
PG08   6379.039625 -25388.857939   3584.242748    -41.029730  5  6  4  74       
PG09  -9318.234033 -18256.942358  16833.065579   -253.923394  3  5  6  62       
PG10  22693.847525   9760.951689  -9983.683523   -400.140615  7  5  2  79       
PG11   8462.779036 -22656.830925 -11829.466736   -220.644530  6  5  5  47       
PG12   5735.539047  20530.002559 -16175.801550     93.481146  6  5  2  87       
PG13 -13258.564562  20789.962114   9618.435875     26.901574  2  4  4  84       
PG14  15938.942192  -8039.450699 -19252.712946      1.485077  6  4  3  79       
PG15  -3452.156963  25977.140160   2482.337128   -217.429110  3  6  3  86       
PG16  10390.849269 -10445.126093  21881.024009   -182.972180  3  4  8  73       
PG17 -14514.886697  -1513.725784 -21769.328643    296.176780  6  5  6  92       
PG18  15915.180074   8741.412118  19382.484603    246.656307  7  7  6  86       
PG19 -16002.915758   6667.130524 -20409.731666   -131.798142  5  6  5  83       
PG20  21829.118565  15223.979453   1887.285297    527.283441  7  8  5  91       
PG21  24732.964759  -4037.963817   9126.483672     23.890619  4  3  4 105       
PG22   -314.486075 -17838.209042 -19513.333216   -771.903931  4  5  5 104       
PG23  21348.575962  15757.771270  -1193.232239 999999.999999
PG24  -4000.339547  17566.708015 -19599.691195    -15.677913  4  4  5  72       
PG25  15434.543164  20240.788870  -8276.696765     23.520317  6  7  4  47       
PG26  20024.338283   -513.810712  17516.550855    243.666155  6  5  7  62       
PG27  12254.694024 -19221.244632  13197.670937   -346.315576  3  3  1  72       
PG28 -21262.063741 -10603.404579 -11134.652538    699.388300  6  3  5  72       
PG29   4555.859436  21795.753904  14407.211910   -150.715800  6  7  5  82       
PG30 -23629.666095  -1597.402869  12286.710558   -262.397652  3  3     76       
PG31  25842.265646  -6289.885629  -3400.638970    -55.725678  7  2  2           
PG32  15379.280733    136.591034 -21559.146662    317.270549  5  3  4  84       
*  2020  7 15  9 45  0.00000000
PG01   4672.633351 -16796.090603 -20165.984915     25.609814  6  5  5  59       
PG02 -21597.626282  14970.013236   4315.492289   -487.537102  3  5  3  75       
PG03  -5745.418316 -19157.889178 -17600.171819   -240.303113  7  6  6  80       
PG04   -157.758458 -26027.855010   5209.793994   -112.678681  6  8  4  41       
PG05 -13965.023618   8433.389143  20851.264992    -16.705606  4  4  4  64       
PG06 -24791.385522   5279.438023  -7954.484590   -303.290145  6  5  4  74       
PG07 -14187.113289  -9821.477569  20628.900733   -327.680706  6  4  4  73       
PG08   6553.379386 -24790.389130   6395.633446    -41.032021  4  5  3  84       
PG09  -8911.182776 -20048.258164  14909.820927   -253.929189  3  4  6  64       
PG10  23358.884311  10531.087488  -7365.802747   -400.150211  8  5  2  74       
PG11   9446.933317 -23332.273802  -9461.848662   -220.635121  5  5  5  74       
PG12   4236.271871  19347.454169 -18005.018958     93.477137  6  4  3  89       
PG13 -13137.882971  19516.060377  12109.800688     26.904476  2  4  4  85       
PG14  15550.086264  -5726.837642 -20362.393462      1.487584  6  4  3  60       
PG15  -3812.970859  25482.384631   5245.747657   -217.426536  3  6  2  82       
PG16  12251.539489  -8723.718914  21712.160102   -182.976177  4  4  8  49       
PG17 -14023.164204  -4044.115694 -21772.495853    296.181664  6  5  6 101       
PG18  13815.393012   9645.583578  20526.666576    246.664872  7  6  6  95       
PG19 -15515.303318   4391.958033 -21397.251975   -131.793715  6  6  6  91       
PG20  21345.092240  15299.868513   4644.438646    527.283363  8  8  5  57       
PG21  23854.020242  -3332.817356  11640.250033     23.894677  4  3  5  89       
PG22   1707.109043 -16668.236986 -20430.759794   -771.901497  4  5  5  98       
PG23  21173.822288  15944.737463   1663.590983 999999.999999
PG24  -6006.839706  18353.147459 -18276.764703    -15.679578  4  4  5  80       
PG25  14480.675302  19748.464155 -10840.837357     23.524133  6  7  5  73       
PG26  21467.122803    741.195734  15731.231108    243.672375  7  5  7  60       
PG27  12210.944999 -17544.139690  15398.424383   -346.324241  3  3     76       
PG28 -21999.867370 -11579.488881  -8550.781868    699.384878  7  3  4  59       
PG29   4099.028291  23252.969308  12082.920122   -150.723411  6  7  5  91       
PG30 -22285.227010  -2347.114300  14471.427328   -262.404621  4  3     82       
PG31  25421.192198  -5890.531440  -6153.835640    -55.728193  7  2  2  63       
PG32  15074.016074   2609.100045 -21630.197725    317.276141  5  3  4  80       
*  2020  7 15 10  0  0.00000000
PG01   6692.271265 -17646.546863 -18778.959402     25.613435  6  4  6  81       
PG02 -21953.255734  14879.251723   1484.207986   -487.542237  4  4  3  63       
PG03  -3948.690302 -18093.452766 -19149.734418   -240.313529  6  6  5  79       
PG04    142.243329 -26433.977235   2398.293166   -112.682911  6  8  2  49       
PG05 -15920.699766   7107.077940  19947.905105    -16.706446  4  4  4  61       
PG06 -23914.592516   4651.484745 -10577.428879   -303.294760  6  4  5  74       
PG07 -12101.847000 -10867.268363  21386.876627   -327.688321  6  3  4  48       
PG08   6739.883018 -23888.632692   9095.291008    -41.033327  4  5  4  68       
PG09  -8609.737201 -21625.627958  12729.003605   -253.934997  3  4  6  58       
PG10  23813.994359  11093.485049  -4622.558750   -400.159837  8  5  2  69       
PG11  10237.265678 -23837.318404  -6937.343379   -220.625242  5  4  6  51       
PG12   2526.389408  18133.347175 -19531.496921     93.472849  6  4  2  64       
PG13 -13030.033208  17970.988967  14390.376129     26.907468  3  4  4  52       
PG14  15262.744624  -3292.263551 -21109.296146      1.490179  6  4  3  58       
PG15  -4206.768621  24694.322995   7916.091632   -217.424317  3  6  2  79       
PG16  14167.890169  -7135.236831  21163.418452   -182.980516  5  4  8  62       
PG17 -13673.072803  -6574.757695 -21385.935549    296.187138  6  5  6  88       
PG18  11665.938807  10704.278729  21317.496501    246.673371  6  6  5  85       
PG19 -15140.428444   2005.267752 -22026.079465   -131.789169  7  6  6  83       
PG20  20592.098581  15262.442462   7322.622482    527.283374  8  8  6  66       
PG21  22779.241259  -2457.333730  13957.988914     23.899080  4  3  5  78       
PG22   3856.388402 -15552.446449 -20991.129348   -771.898932  3  6  5 114       
PG23  20738.846740  15965.532012   4491.772574 999999.999999
PG24  -7831.591091  19155.147748 -16640.353944    -15.680422  4  4  5  46       
PG25  13274.057637  19151.123011 -13222.972610     23.527916  6  7  6  73       
PG26  22787.459624   1805.120248  13677.131082    243.678573  8  5  7  71       
PG27  12240.043739 -15631.773858  17327.635091   -346.332850  2  3     74       
PG28 -22553.932024 -12314.795438  -5815.133923    699.381948  7  3  4  92       
PG29   3764.004495  24459.929150   9549.817029   -150.731125  7  7  5  95       
PG30 -20766.563790  -3255.167338  16410.288096   -262.411561  4  3     85       
PG31  24745.599072  -5345.749605  -8804.041711    -55.730491  7  3  2  23       
PG32  14896.795127   5079.267565 -21326.251330    317.281696  5  3  4  69       
*  2020  7 15 10 15  0.00000000
PG01   8512.663591 -18523.438903 -17071.114269     25.617050  5  4  6  77       
PG02 -22047.688396  14625.755476  -1372.554954   -487.547006  5  4  3  81       
PG03  -1962.762594 -17046.517012 -20372.709069   -240.323959  6  5  5  87       
PG04    407.100633 -26534.525315   -454.565585   -112.687075  6  8     53       
PG05 -17832.254345   5942.125760  18698.690613    -16.707197  4  5  4  59       
PG06 -22823.578683   3834.060776 -13018.318522   -303.299348  7  4  5  73       
PG07 -10013.950185 -12053.219371  21789.359899   -327.696158  6  3  4  30       
PG08   6974.994565 -22699.848106  11636.192393    -41.034826  4  4  4  80       
PG09  -8387.604394 -22956.528686  10328.361684   -253.940778  3  4  6  82       
PG10  24028.195251  11470.901489  -1800.757775   -400.169421  8  6  2  70       
PG11  10847.864127 -24139.532252  -4297.336891   -220.616350  5  4  6  89       
PG12    625.940777  16929.423169 -20729.736067     93.468330  6  4  2  86       
PG13 -12970.352573  16178.843075  16420.314058     26.910749  3  4  5  68       
PG14  15093.823608   -783.153746 -21480.256788      1.492705  6  4  3  62       
PG15  -4665.566222  23628.834072  10445.637572   -217.421893  4  5  2  85       
PG16  16096.407138  -5705.637218  20245.899526   -182.984701  6  4  8  70       
PG17 -13466.184999  -9052.595253 -20616.970929    296.192107  7  5  6  52       
PG18   9514.196228  11907.171066  21741.263869    246.681948  5  6  5  89       
PG19 -14894.915452   -447.195300 -22286.096397   -131.784662  7  6  7  81       
PG20  19566.679226  15147.396757   9876.129782    527.282967  8  8  6  50       
PG21  21548.608024  -1399.757541  16042.676933     23.903125  4  2  6  79       
PG22   6095.880125 -14519.428651 -21184.040821   -771.896312  3  6  5 120       
PG23  20029.601725  15854.925067   7242.597817 999999.999999
PG24  -9450.975213  19935.671008 -14717.427525    -15.680412  4  4  5  72       
PG25  11818.949608  18489.592203 -15383.388199     23.531720  5  6  6  73       
PG26  23944.253962   2683.181330  11389.696967    243.684763  9  5  7  72       
PG27  12370.277566 -13521.368019  18951.561382   -346.341476  2  4     63       
PG28 -22888.862723 -12827.287338  -2976.899451    699.378847  7  3  3  92       
PG29   3520.322732  25387.058074   6851.725874   -150.738479  7  6  5  95       
PG30 -19114.060761  -4330.221994  18070.119088   -262.418493  4  3     56       
PG31  23844.337470  -4630.700702 -11306.792109    -55.732733  7  3  3  58       
PG32  14846.750329   7498.186782 -20653.062958    317.287291  5  4  4  81       
*  2020  7 15 10 30  0.00000000
PG01  10109.106109 -19386.485631 -15070.489895     25.620716  4  3  6  72       
PG02 -21900.231502  14177.780991  -4205.452122   -487.552318  5  4  3  81       
PG03    182.332997 -16053.240933 -21248.107094   -240.334345  6  5  4  47       
PG04    673.780091 -26325.932435  -3299.582770   -112.691208  6  8     67       
PG05 -19653.759436   4945.149780  17125.984461    -16.707934  4  5  5  76       
PG06 -21558.080458   2812.144667 -15234.993042   -303.303972  7  4  5  86       
PG07  -7965.890350 -13361.576974  21828.452046   -327.704003  6  3  4  44       
PG08   7291.863860 -21248.717203  13974.217682    -41.037031  4  4  4  71       
PG09  -8213.653442 -24015.454373   7749.423777   -253.946593  3  4  5  85       
PG10  23976.881664  11692.081476   1051.611196   -400.179020  8  6  3  71       
PG11  11298.807840 -24210.949544  -1585.458266   -220.606366  5  3  6  75       
PG12  -1437.410147  15774.024466 -21579.636824     93.463977  6  4  1  85       
PG13 -12989.920960  14171.423007  18164.145049     26.913460  3  4  5  92       
PG14  15052.374946   1750.376848 -21469.041909      1.495390  6  4  4  69       
PG15  -5217.893181  22309.851619  12789.020222   -217.419486  4  5  2  80       
PG16  17990.886485  -4452.698103  18977.090575   -182.988874  7  3  8  76       
PG17 -13395.387320 -11425.857638 -19479.987223    296.197285  7  4  7  92       
PG18   7405.711949  13235.951843  21790.574791    246.690522  4  6  4  88       
PG19 -14787.477367  -2917.291033 -22173.204305   -131.780159  8  6  7  89       
PG20  18273.577516  14991.288154  12261.221822    527.282650  8  7  6  55       
PG21  20204.548726   -155.716584  17861.663566     23.906937  4  2  6  84       
PG22   8383.471525 -13591.585699 -21005.610709   -771.894041  4  7  5 120       
PG23  19040.369170  15650.691569   9868.655155 999999.999999
PG24 -10848.829151  20655.232196 -12540.119107    -15.682096  4  4  5  33       
PG25  10127.906141  17804.232898 -17286.073322     23.535436  5  6  6  78       
PG26  24899.688450   3388.201920   8908.215081    243.690872  9  4  7  80       
PG27  12623.392060 -11256.105791  20242.032931   -346.350078  2  4     81       
PG28 -22975.286837 -13142.380826    -86.472353    699.375848  7  3  3  73       
PG29   3332.969337  26012.763762   4035.302426   -150.746064  7  5  5  70       
PG30 -17370.419279  -5573.309363  19422.375710   -262.425431  4  4     47       
PG31  22751.763640  -3726.802609 -13619.940952    -55.734896  6  4  4  26       
PG32  14915.041740   9818.380975 -19622.793272    317.292865  5  3  3  82       
*  2020  7 15 10 45  0.00000000
PG01  11465.005285 -20192.725901 -12810.374140     25.624186  3  3  5  55       
PG02 -21537.177267  13509.226221  -6964.797131   -487.557371  6  4  4  71       
PG03   2450.084829 -15144.696257 -21760.802029   -240.344772  6  5  4  71       
PG04    979.108999 -25813.511296  -6087.681015   -112.695389  6  8     40       
PG05 -21340.298795   4114.534981  15257.663017    -16.708669  5  5  5  63       
PG06 -20161.564359   1578.851661 -17189.103629   -303.308555  7  3  5  80       
PG07  -5996.993282 -14767.432387  21502.089739   -327.711933  6  3  4  61       
PG08   7718.866119 -19567.448606  16068.936556    -41.038494  4  4  3  65       
PG09  -8053.299198 -24784.788916   5036.769451   -253.952410  4  3  5  65       
PG10  23642.812433  11790.469203   3886.164109   -400.188658  9  6  3  73       
PG11  11615.290887 -24029.219058   1153.049065   -220.596695  4  3  5  81       
PG12  -3629.232580  14700.692358 -22066.810083     93.459788  7  4  1  83       
PG13 -13114.210012  11987.154828  19591.425685     26.916334  3  4  5  44       
PG14  15139.234708   4257.339038 -21076.443876      1.497628  7  4  4  62       
PG15  -5887.413985  20768.505160  14904.152789   -217.417282  3  5  2  70       
PG16  19804.117622  -3385.558560  17380.447599   -182.993273  8  3  8  59       
PG17 -13445.267332 -13645.953440 -17996.100139    296.202514  7  4  7  94       
PG18   5382.599909  14664.912370  21464.485843    246.699019  3  6  4  97       
PG19 -14818.605738  -5356.088157 -21689.370008   -131.775529  8  6  7  79       
PG20  16725.729343  14830.002803  14436.866639    527.282622  8  7  6  49       
PG21  18790.373160   1271.549156  19387.018329     23.911519  4  2  6  68       
PG22  10673.867043 -12784.303643 -20458.579939   -771.891438  5  7  5 118       
PG23  17774.129213  15392.006111  12324.657663 999999.999999
PG24 -12016.928804  21273.455202 -10145.243412    -15.682795  4  3  5  43       
PG25   8221.475936  17133.374520 -18899.263149     23.539242  4  5  6  82       
PG26  25620.628846   3939.902073   6275.141733    243.697027  9  4  7  77       
PG27  13013.624820  -8883.571648  21176.949585   -346.358654  3  4  1  75       
PG28 -22791.009466 -13291.645220   2805.517361    699.372591  7  3  3  61       
PG29   3163.937411  26324.208734   1149.215860   -150.753786  7  4  5  66       
PG30 -15579.123766  -6977.595783  20443.631293   -262.432373  4  4     69       
PG31  21506.467661  -2622.630805 -15704.324897    -55.737046  6  4  4  33       
PG32  15085.270492  11995.444895 -18253.759472    317.298445  4  3  3  62       
*  2020  7 15 11  0  0.00000000
PG01  12572.388525 -20898.200235 -10328.810491     25.627802  3  2  5  60       
PG02 -20990.773182  12600.938032  -9601.469203   -487.562493  7  4  4  65       
PG03   4798.693443 -14345.704439 -21901.793475   -240.355300  5  5  3  83       
PG04   1358.143749 -25011.261774  -8770.758597   -112.699511  6  8  1  81       
PG05 -22849.595979   3440.707918  13126.581524    -16.709677  5  6  6  69       
PG06 -18679.570903    135.910850 -18846.786443   -303.313079  8  2  5  75       
PG07  -4142.114433 -16239.487686  20814.168634   -327.719277  6  3  4  59       
PG08   8278.324269 -17694.598784  17884.316923    -41.039877  4  4  3  57       
PG09  -7870.025333 -25255.382201   2237.248031   -253.958229  4  3  5  91       
PG10  23016.829862  11802.755082   6654.907819   -400.198245  8  6  3  61       
PG11  11826.547516 -23578.578528   3872.006509   -220.587235  4  2  5  80       
PG12  -5909.426947  13736.953017 -22182.808333     93.455279  7  4  2  85       
PG13 -13361.964982   9669.754592  20677.292018     26.919919  3  3  5  59       
PG14  15347.019011   6687.712927 -20310.222916      1.500318  6  3  3  94       
PG15  -6691.750609  19041.967164  16753.077773   -217.415144  4  4  2  81       
PG16  21489.612430  -2504.610715  15484.881751   -182.997552  9  3  8  73       
PG17 -13592.857689 -15669.223060 -16192.680280    296.207377  7  4  6  37       
PG18   3482.079964  16161.824238  20768.526728    246.707529  3  6  4 108       
PG19 -14980.571001  -7715.494947 -20842.590398   -131.771075  8  6  7  79       
PG20  14943.951868  14697.250992  16365.443491    527.282622  8  6  6  73       
PG21  17348.728098   2871.235469  20595.792993     23.915448  4  2  6  67       
PG22  12920.186117 -12105.418177 -19552.290559   -771.888945  6  7  6 114       
PG23  16242.601200  15117.791493  14568.229211 999999.999999
PG24 -12955.169108  21750.698089  -7573.711287    -15.684020  5  3  5  53       
PG25   6127.613620  16511.837665 -20195.920495     23.543054  3  5  5  83       
PG26  26079.860227   4363.933468   3535.389595    243.703182  9  3  6  76       
PG27  13547.059976  -6454.026278  21740.652003   -346.367262  4  5  2  84       
PG28 -22321.869067 -13311.294376   5649.125925    699.369640  7  3  4  72       
PG29   2973.899981  26317.752688  -1756.703684   -150.761313  7  3  5  50       
PG30 -13782.884222  -8528.448927  21115.989496   -262.439311  5  4     81       
PG31  20149.854088  -1314.561506 -17524.392898    -55.739175  5  4  5  47       
PG32  15334.197600  13989.562325 -16570.080257    317.304068  4  3  2  71       
*  2020  7 15 11 15  0.00000000
PG01  13432.088025 -21459.707620  -7668.005223     25.631450  3  2  4  43       
PG02 -20297.936731  11441.778498 -12067.862468   -487.567602  7  4  4  64       
PG03   7182.468980 -13673.921630 -21668.373514   -240.365753  5  5  2  67       
PG04   1842.607830 -23941.353915 -11302.526323   -112.703645  6  7  2  69       
PG05 -24143.539553   2906.723259  10769.961630    -16.710177  6  5  6  80       
PG06 -17157.987672  -1506.192720 -20179.260817   -303.317657  8  2  5  89       
PG07  -2430.462663 -17741.076490  19774.587932   -327.727371  6  2  4  65       
PG08   8985.484732 -15673.659123  19389.342747    -41.040512  5  4  2  86       
PG09  -7626.986056 -25426.808144   -600.839760   -253.964099  5  3  4  73       
PG10  22098.286296  11767.311955   9311.013843   -400.207881  8  6  3  62       
PG11  11964.612330 -22850.615230   6525.025373   -220.577637  4  3  5  74       
PG12  -8233.535703  12903.334027 -21925.274457     93.450684  8  4  2  88       
PG13 -13744.365261   7266.689285  21402.907686     26.922683  3  3  5  64       
PG14  15660.473574   8994.240728 -19184.900563      1.502971  6  2  3  81       
PG15  -7641.560601  17172.054805  18302.732168   -217.412618  4  5  2  61       
PG16  23003.292725  -1801.738235  13324.166321   -183.002021  9  3  8  80       
PG17 -13808.699779 -17458.476431 -14102.750350    296.212731  6  3  6  83       
PG18   1735.211870  17689.084287  19714.610954    246.716062  4  6  4  85       
PG19 -15257.732940  -9949.861201 -19646.776693   -131.766498  8  5  7  84       
PG20  12956.338345  14623.146138  18013.401412    527.282549  8  5  6  80       
PG21  15920.123326   4625.286474  21470.207658     23.919399  4  2  5  64       
PG22  15075.636356 -11554.996449 -18302.530812   -771.886697  6  8  6 104       
PG23  14465.954268  14865.085771  16560.641318 999999.999999
PG24 -13671.428337  22049.683517  -4869.849970    -15.685087  5  3  5  48       
PG25   3880.826272  15969.597477 -21154.152602     23.546884  3  5  4  85       
PG26  26257.108977   4690.694021    735.581685    243.709310  9  3  6  62       
PG27  14221.327707  -4018.591642  21924.158798   -346.375820  5  4  3  85       
PG28 -21562.270134 -13240.539411   8395.955733    699.366158  7  3  4  72       
PG29   2723.934605  25999.049004  -4632.335072   -150.769003  6  3  5  25       
PG30 -12022.112691 -10203.806185  21427.412857   -262.446197  4  4     61       
PG31  18724.623226    192.868093 -19048.794585    -55.741375  5  5  5  67       
PG32  15632.737282  15766.842493 -14601.223160    317.309613  3  3  2  76       
*  2020  7 15 11 30  0.00000000
PG01  14053.584391 -21836.569293  -4873.638997     25.635106  3  2  4  65       
PG02 -19498.758925  10029.393229 -14318.854928   -487.572738  7  4  4  81       
PG03   9553.383136 -13139.206712 -21064.192142   -240.376248  5  5  2  68       
PG04   2459.461271 -22633.306283 -13639.312627   -112.707821  5  7  3  65       
PG05 -25189.548090   2489.135644   8228.714537    -16.711441  6  5  6  88       
PG06 -15641.318475  -3328.418503 -21163.341094   -303.322279  7  1  5 100       
PG07   -884.621252 -19231.409927  18399.208243   -327.735010  6  2  4  87       
PG08   9847.786220 -13551.467273  20558.530814    -41.041915  5  4  2  87       
PG09  -7288.623059 -25307.295786  -3428.582336   -253.969961  5  3  4  63       
PG10  20895.163458  11722.578949  11809.569931   -400.217494  8  6  4  61       
PG11  12062.956273 -21844.777742   9066.270764   -220.568161  4  3  5  94       
PG12 -10554.222025  12212.647005 -21298.005542     93.446051  7  4  2  94       
PG13 -14264.497932   4827.495994  21755.797682     26.925544  4  3  5  74       
PG14  16057.157969  11134.093471 -17721.413765      1.505434  6  2  3  88       
PG15  -8739.913489  15203.646746  19525.605358   -217.410350  4  5  2  65       
PG16  24305.072552  -1260.882785  10936.280533   -183.006246 10  3  7  85       
PG17 -14058.175432 -18984.253968 -11764.275476    296.218088  6  3  6  83       
PG18    165.873160  19205.080724  18320.835614    246.724563  4  5  5  83       
PG19 -15627.150886 -12017.496511 -18121.558723   -131.761636  8  4  7  85       
PG20  10797.378323  14632.923294  19351.859963    527.282637  7  4  5  81       
PG21  14541.571866   6508.952586  21997.769532     23.923321  4  2  5  29       
PG22  17095.193589 -11125.444867 -16731.250685   -771.884284  6  8  6 108       
PG23  12472.197740  14667.491886  18267.487508 999999.999999
PG24 -14181.116234  22137.067845  -2080.638010    -15.686365  5  3  4  75       
PG25   1521.083288  15530.634210 -21757.559050     23.550707  3  5  3  83       
PG26  26139.813947   4953.968334  -2076.715978    243.715463  8  3  5  32       
PG27  15025.657628  -1627.420813  21725.268792   -346.384375  6  4  4  93       
PG28 -20515.384318 -13119.873624  10999.939845    699.363138  6  3  5  62       
PG29   2377.231017  25382.792719  -7428.137739   -150.776421  6  3  5  45       
PG30 -10333.490551 -11974.834686  21371.960636   -262.453128  5  4     61       
PG31  17273.205947   1886.899252 -20250.918948    -55.743493  4  5  5  67       
PG32  15947.183578  17300.425841 -12381.464476    317.315121  3  3  2  72       
*  2020  7 15 11 45  0.00000000
PG01  14454.509541 -21992.328499  -1994.091474     25.638802  4  2  3  72       
PG02 -18634.853887   8370.635097 -16312.770848   -487.577978  7  4  5  87       
PG03  11862.718731 -12743.297250 -20099.219378   -240.386689  5  4  2  95       
PG04   3229.658224 -21122.891642 -15740.822365   -112.711957  5  6  4  67       
PG05 -25961.724919   2159.118954   5546.713719    -16.712281  6  5  6  97       
PG06 -14171.015940  -5303.707554 -21781.852298   -303.326883  7  2  5  86       
PG07    480.193696 -20667.009412  16709.715446   -327.742892  6  2  4  74       
PG08  10864.448415 -11376.507258  21372.338975    -41.042628  5  4  2  80       
PG09  -6822.233888 -24913.337406  -6197.304740   -253.975807  5  3  3  70       
PG10  19423.880853  11705.452504  14108.299971   -400.227091  8  6  4  43       
PG11  12155.046245 -20568.610873  11451.254551   -220.558513  5  3  5  84       
PG12 -12822.865608  11669.563215 -20310.929223     93.441630  7  4  3  85       
PG13 -14917.165559   2402.026611  21730.061464     26.928188  4  3  4  65       
PG14  16508.430526  13070.343546 -15946.642878      1.507925  5  1  2  79       
PG15  -9981.994076  13182.984470  20400.271768   -217.407816  3  5  3  68       
PG16  25360.278252   -858.908161   8362.705944   -183.010742 10  2  7  84       
PG17 -14303.044295 -20225.763124  -9219.369318    296.223089  6  3  5  16       
PG18  -1209.979893  20665.728041  16611.173305    246.733059  5  5  5  47       
PG19 -16059.473580 -13882.052406 -16292.009881   -131.757206  8  4  7  55       
PG20   8506.833179  14745.848188  20357.140436    527.282219  7  4  5  77       
PG21  13245.382103   8491.569091  22171.332547     23.927584  4  2  4  53       
PG22  18937.219570 -10801.938577 -14866.153616   -771.881790  7  8  6 116       
PG23  10296.274046  14553.770848  19659.283013 999999.999999
PG24 -14506.419201  21984.882691    745.132310    -15.687688  4  3  4  50       
PG25   -907.473738  15212.011732 -21995.506782     23.554459  3  5  2  90       
PG26  25723.619434   5189.445595  -4853.772090    243.721570  7  3  4  65       
PG27  15941.279556    672.073292  21148.530669   -346.392966  6  4  5  86       
PG28 -19193.024996 -12989.358599  13418.042668    699.360110  6  2  5  84       
PG29   1900.714430  24492.130961 -10096.009079   -150.783889  5  4  5  69       
PG30  -8748.680880 -13806.861350  20949.929973   -262.460073  5  5     67       
PG31  15836.207581   3746.797837 -21109.374512    -55.745794  2  5  5  79       
PG32  16240.620505  18571.319193  -9949.273188    317.320672  2  4  2  33       
*  2020  7 15 12  0  0.00000000
PG01  14659.822664 -21896.315185    920.408977     25.642475  4  2  3  74       
PG02 -17747.622593   6481.610529 -18012.307037   -487.583160  7  4  5  77       
PG03  14062.755900 -12479.806903 -18789.603024   -240.397081  5  4  3  78       
PG04   4167.141970 -19450.812617 -17570.835744   -112.716132  4  6  4  67       
PG05 -26441.761585   1883.786451   2770.031108    -16.713061  6  5  6  97       
PG06 -12783.942674  -7397.837145 -22023.941447   -303.331466  6  1  5 101       
PG07   1656.603908 -22003.279144  14733.383895   -327.750870  5  2  4  79       
PG08  12026.394088  -9197.166110  21817.461205    -41.043769  6  4  3  91       
PG09  -6199.430178 -24268.990196  -8859.408022   -253.981674  6  3  2  75       
PG10  17708.800340  11749.743581  16168.243260   -400.236650  7  6  4  57       
PG11  12272.881839 -19037.694517  13637.644714   -220.549046  5  4  6  80       
PG12 -14991.220224  11270.499493 -18979.990394     93.437210  7  4  3  81       
PG13 -15689.035463     38.688091  21326.461995     26.931428  5  3  4  74       
PG14  16980.687194  14773.185429 -13892.829922      1.510354  5  2  2  55       
PG15 -11355.145499  11155.932933  20911.784832   -217.405682  4  6  3  86       
PG16  26140.857491   -566.721940   5647.690250   -183.015119 10  3  6  96       
PG17 -14503.117148 -21171.459107  -6513.439750    296.228409  6  3  4  62       
PG18  -2384.740010  22026.111609  14615.061145    246.741576  5  3  5  66       
PG19 -16520.079345 -15513.719776 -14188.293482   -131.752649  8  4  6  57       
PG20   6128.406736  14974.361369  21011.216293    527.282485  6  3  4  70       
PG21  12058.133659  10537.526146  21989.104874     23.931529  5  3  4  57       
PG22  20564.950721 -10563.154192 -12740.173481   -771.879415  7  8  7 116       
PG23   7978.888483  14546.633826  20711.979123 999999.999999
PG24 -14675.269255  21571.786120   3557.748911    -15.688529  4  3  4  69       
PG25  -3357.977749  15023.217551 -21863.328183     23.558333  3  5  3  86       
PG26  25012.572605   5433.170551  -7548.467383    243.727584  7  4  4  75       
PG27  16942.150677   2836.860370  20205.085631   -346.401555  7  4  5  96       
PG28 -17615.212184 -12886.975813  15610.872481    699.356960  6  2  5  67       
PG29   1266.520772  23357.760005 -12590.112497   -150.791203  5  5  4  64       
PG30  -7293.235505 -15660.541009  20167.895396   -262.467009  5  4     68       
PG31  14450.917415   5744.403826 -21608.401742    -55.748042  2  5  5  87       
PG32  16474.459598  19568.931341  -7346.631142    317.326221  2  4  1  54       
*  2020  7 15 12 15  0.00000000
PG01  14700.687373 -21525.007862   3818.695075     25.646013  5  2  3  83       
PG02 -16876.506973   4387.332593 -19385.391686   -487.587959  7  4  5  79       
PG03  16108.431904 -12334.545950 -17157.422493   -240.407459  5  4  3  87       
PG04   5278.117232 -17661.198908 -19097.834998   -112.720367  5  5  5  55       
PG05 -26619.559169   1627.658671    -53.849667    -16.713908  6  5  6  85       
PG06 -11511.021225  -9570.561139 -21885.278180   -303.336095  6  1  5  85       
PG07   2645.243430 -23196.163578  12502.733706   -327.758590  6  2  4  76       
PG08  13316.504527  -7060.015199  21887.007492    -41.046062  6  4  4  85       
PG09  -5397.428792 -23404.899814 -11369.185814   -253.987549  6  3  2  69       
PG10  15781.444486  11884.757577  17954.384607   -400.246278  6  6  3  65       
PG11  12445.566764 -17275.277695  15586.075409   -220.539508  6  3  6  87       
PG12 -17013.074659  11003.821461 -17326.946567     93.432820  7  5  3  77       
PG13 -16559.123519  -2217.251840  20552.390123     26.934302  6  3  4  63       
PG14  17436.797768  16220.859669 -11596.905713      1.512897  4     1  23       
PG15 -12839.248690   9166.276631  21051.923956   -217.403145  4  5  3  72       
PG16  26626.337855   -350.606728   2837.492000   -183.019273 10  3  5  81       
PG17 -14617.992011 -21819.255070  -3694.297853    296.234087  5  3  3  63       
PG18  -3359.249183  23242.178363  12366.893732    246.750089  5  2  5  48       
PG19 -16970.428561 -16890.198323 -11845.231672   -131.747990  7  3  6  61       
PG20   3708.259332  15323.493741  21302.072312    527.282068  5  2  3  78       
PG21  10999.862993  12607.397519  21454.609870     23.935890  5  4  3  75       
PG22  21947.796863 -10382.274123 -10390.849096   -771.877088  7  8  7 105       
PG23   5565.120408  14661.780809  21407.382947 999999.999999
PG24 -14720.076384  20884.067226   6307.511153    -15.687355  4  3  3  69       
PG25  -5782.390616  14965.789741 -21362.438063     23.562264  4  4  3  84       
PG26  24019.018592   5719.985306 -10115.060987    243.733611  6  4  4  50       
PG27  17995.975051   4829.743599  18912.391471   -346.410126  7  3  5  89       
PG28 -15809.454648 -12847.101438  17543.204930    699.353794  5  3  5  60       
PG29    453.266275  22016.745141 -14867.661750   -150.798797  5  5  3  44       
PG30  -5985.739792 -17493.221077  19038.643029   -262.473886  5  5     25       
PG31  13149.939517   7844.970063 -21738.208163    -55.750057  3  5  5  82       
PG32  16610.044532  20291.291768  -4618.302267    317.331787  2  4  2  73       
*  2020  7 15 12 30  0.00000000
PG01  14613.092126 -20863.131481   6649.611312     25.649673  5  2  3  83       
PG02 -16057.314728   2120.984393 -20405.944253   -487.593288  7  4  4  76       
PG03  17958.911883 -12286.154334 -15230.340700   -240.417870  5  4  4  76       
PG04   6560.628710 -15799.984498 -20295.547871   -112.724521  5  4  5  72       
PG05 -26493.547628   1354.221521  -2876.829938    -16.714773  6  5  5  65       
PG06 -10376.125873 -11776.992948 -21368.140374   -303.340730  6  2  5  96       
PG07   3454.621779 -24203.828823  10055.078858   -327.766458  6  2  3  97       
PG08  14710.195095  -5008.182117  21580.569000    -41.047835  6  4  4  81       
PG09  -4400.125756 -22357.084761 -13683.604146   -253.993417  6  4  2  72       
PG10  13679.456223  12134.049265  19436.227098   -400.255873  5  6  3  65       
PG11  12697.974481 -15311.610947  17260.939326   -220.529967  6  4  6  83       
PG12 -18845.857401  10850.360127 -15379.070872     93.428178  6  5  3  72       
PG13 -17499.591786  -4325.226910  19421.706555     26.937223  6  4  4  69       
PG14  17837.676126  17400.249442  -9099.745743      1.515467  4     1  65       
PG15 -14407.419057   7254.124382  20819.291432   -217.400992  4  5  3  56       
PG16  26804.505870   -173.707504    -20.381739   -183.023925 10  3  5  84       
PG17 -14608.780013 -22176.363586   -811.252844    296.239231  5  3  2  62       
PG18  -4142.568107  24272.407965   9905.428671    246.758529  4     4  70       
PG19 -17369.582601 -17997.401546  -9301.798635   -131.743841  7  3  5  55       
PG20   1293.420735  15790.579778  21223.963078    527.281872  4     3  78       
PG21  10083.478940  14659.192689  20576.604350     23.940081  5  4  2  69       
PG22  23062.397382 -10228.219136  -7859.611218   -771.874764  7  8  7  92       
PG23   3102.869064  14907.223711  21733.475063 999999.999999
PG24 -14676.275480  19916.357475   8945.676937    -15.687404  4  3  3  68       
PG25  -8133.111892  15033.246963 -20500.365413     23.566123  5  4  3  95       
PG26  22763.197118   6082.019880 -12509.935467    243.739695  6  4  5  70       
PG27  19065.470340   6620.565597  17293.838668   -346.418726  6  3  5  99       
PG28 -13809.784130 -12899.154049  19184.419296    699.350679  5  3  5  76       
PG29   -552.937762  20511.110066 -16889.648367   -150.806469  4  5  2  74       
PG30  -4837.229869 -19260.453000  17580.997351   -262.480811  6  5  1  67       
PG31  11959.997856  10008.265348 -21495.216580    -55.752447  3  6  5  89       
PG32  16610.260793  20744.947447  -1811.063887    317.337339  2  4  2  63       
*  2020  7 15 12 45  0.00000000
PG01  14436.268526 -19904.440092   9362.984316     25.653333  6  3  4  95       
PG02 -15320.694920   -277.183208 -21054.506790   -487.598531  6  4  4  97       
PG03  19579.010492 -12307.024632 -13041.157730   -240.428249  6  4  4  87       
PG04   8004.462742 -13913.227813 -21143.398589   -112.728654  5  4  5  71       
PG05 -26070.694671   1027.514827  -5650.990280    -16.715972  6  4  5  88       
PG06  -9395.259763 -13969.178146 -20481.382544   -303.345385  5  2  5  90       
PG07   4100.672179 -24988.302551   7431.965701   -327.774462  6  2  3  69       
PG08  16176.285442  -3079.874101  20904.171153    -41.048385  5  4  5  84       
PG09  -3198.911511 -21165.529442 -15763.031507   -253.999159  6  4  2  57       
PG10  11445.336393  12514.399083  20588.299728   -400.265491  4  6  3  71       
PG11  13049.566968 -13182.993193  18631.141590   -220.520373  6  4  6  82       
PG12 -20452.126020  10784.226790 -13168.762680     93.423928  6  5  4  57       
PG13 -18476.826551  -6250.741752  17954.466296     26.940183  6  3  4  66       
PG14  18143.917619  18307.133854  -6445.374984      1.518080  3        61       
PG15 -16026.986810   5454.489608  20219.261468   -217.398904  5  6  4  78       
PG16  26671.787862      2.381926  -2877.934281   -183.028023 10  3  4  81       
PG17 -14439.751554 -22258.786554   2085.786387    296.244707  4  3  2  58       
PG18  -4751.424361  25079.399419   7273.114992    246.766992  4  2  4  45       
PG19 -17675.836647 -18829.868895  -6600.540788   -131.739228  7  3  4  78       
PG20  -1069.837768  16365.283379  20777.562866    527.282133  3  1  3  84       
PG21   9314.422709  16649.694909  19368.956277     23.944526  4  4  1  62       
PG22  23893.393096 -10067.056159  -5190.999094   -771.872298  7  8  7  96       
PG23    641.193606  15282.920763  21684.619415 999999.999999
PG24 -14580.748423  18672.014451  11425.402632    -15.687651  4  3  3  74       
PG25 -10364.585827  15211.327849 -19290.695958     23.570002  6  4  4  83       
PG26  21272.555109   6547.287696 -14692.310467    243.745740  6  4  5  87       
PG27  20109.827968   8187.127471  15378.270777   -346.427332  6  3  5  59       
PG28 -11655.582555 -13066.456197  20508.851270    699.347421  4  3  5  85       
PG29  -1757.764055  18886.251082 -18621.500245   -150.814276  5  6  2  76       
PG30  -3850.907059 -20917.594109  15819.540193   -262.487651  6  5  2  70       
PG31  10900.963952  12189.906374 -20882.217149    -55.754534  4  6  4  83       
PG32  16441.088915  20944.544692   1027.086765    317.342834  2  5  3  61       
*  2020  7 15 13  0  0.00000000
PG01  14210.972537 -18652.145875  11910.589673     25.657024  6  4  4  84       
PG02 -14690.839112  -2761.275365 -21318.720989   -487.603581  6  4  4  87       
PG03  20940.409307 -12364.480932 -10627.271778   -240.438661  6  4  4  68       
PG04   9591.376274 -12045.439818 -21626.858760   -112.732833  5  4  5  80       
PG05 -25366.207042    613.691525  -8329.370944    -16.716540  7  3  4  85       
PG06  -8576.049752 -16097.796061 -19240.287003   -303.350017  5  2  5  82       
PG07   4605.994096 -25517.005070   4678.504868   -327.782235  6  3  3  84       
PG08  17678.128106  -1307.106925  19870.119118    -41.049113  5  4  5  75       
PG09  -1793.196266 -19872.640787 -17571.907285   -254.004970  6  4  3  67       
PG10   9125.003666  13035.049642  21390.592453   -400.275007  3  6  2  79       
PG11  13513.422045 -10930.562579  19670.792849   -220.510827  6  4  6  83       
PG12 -21800.884828  10773.900024 -10733.067122     93.419426  5  5  5  75       
PG13 -19452.752240  -7966.496330  16176.532821     26.943152  6  3  3  96       
PG14  18317.436409  18946.096933  -3680.141290      1.520624  3  2     82       
PG15 -17660.715136   3796.103181  19263.788218   -217.396302  6  5  4 100       
PG16  26233.324642    215.991797  -5687.425832   -183.032403  9  3  5  78       
PG17 -14079.839580 -22090.484132   4947.185011    296.249371  3  3  2  56       
PG18  -5209.361486  25631.311258   4515.356269    246.775509  5  3  4  91       
PG19 -17848.408466 -19390.866104  -3786.927901   -131.734977  6  3  4  94       
PG20  -3337.608980  17029.938983  19970.000820    527.281699  3  2  3  84       
PG21   8690.581252  18535.846323  17850.482224     23.947992  4  4  2  55       
PG22  24433.884737  -9863.521352  -2431.825129   -771.869915  8  8  7  97       
PG23  -1771.388960  15780.736733  21261.661697 999999.999999
PG24 -14470.188581  17163.158025  13702.652171    -15.689286  4  3  3  90       
PG25 -12434.849254  15478.535495 -17752.921963     23.573892  7  4  4  93       
PG26  19580.799766   7138.438554 -16624.915070    243.751756  6  4  5  88       
PG27  21086.306770   9515.791391  13199.422415   -346.435968  6  3  5  63       
PG28  -9390.247336 -13365.341663  21496.067125    699.344227  4  3  5  60       
PG29  -3158.269704  17189.237651 -20033.661004   -150.821592  4  6  2  89       
PG30  -3022.163094 -22421.438844  13784.223666   -262.494602  6  5  2  80       
PG31   9985.148425  14342.873181 -19908.414733    -55.756863  4  5  4  89       
PG32  16073.042673  20912.114678   3847.737954    317.348391  2  5  3  67       
*  2020  7 15 13 15  0.00000000
PG01  13977.701218 -17118.971407  14247.090956     25.660716  6  5  4  91       
PG02 -14184.472741  -5281.436074 -21193.630974   -487.608592  5  4  4  84       
PG03  22022.622043 -12422.169231  -8030.054792   -240.449048  6  4  3  90       
PG04  11295.644565 -10237.984486 -21737.692512   -112.736982  6  3  5  88       
PG05 -24402.938090     82.489762 -10866.727996    -16.717114  7  4  4  96       
PG06  -7917.578692 -18113.924367 -17666.300068   -303.354645  5  2  5  74       
PG07   4998.812762 -25764.105193   1842.603720   -327.790042  6  3  2  79       
PG08  19174.950066    285.315609  18496.741704    -41.050200  5  4  5  69       
PG09   -190.625464 -18521.628157 -19079.338061   -254.010795  6  3  4  74       
PG10   6766.227924  13697.232451  21828.911573   -400.284584     6  2  71       
PG11  14095.518107  -8598.873955  20359.818525   -220.501108  6  5  6  75       
PG12 -22868.679038  10783.547791  -8113.106464     93.414759  5  5  6  84       
PG13 -20386.327579  -9453.223504  14119.091385     26.945852  6  4  4  88       
PG14  18323.038154  19330.105085   -851.875855      1.523025  3  3     15       
PG15 -19268.200926   2300.503757  17971.083808   -217.394052  6  5  5  92       
PG16  25502.742240    503.766653  -8402.100006   -183.036686  9  4  5  80       
PG17 -13503.945363 -21702.264546   7724.416073    296.254902  3  2  2  64       
PG18  -5545.622931  25903.099050   1679.721557    246.784051  7  5  5  92       
PG19 -17849.121480 -19692.165167   -908.640674   -131.730023  6  3  4  69       
PG20  -5469.869832  17760.197811  18814.777479    527.281574  3  2  3  68       
PG21   8202.457192  20276.140142  16044.743235     23.953180  3  4  2  60       
PG22  24685.562635  -9582.594294    369.693027   -771.867378  8  8  7 100       
PG23  -4088.582504  16384.730754  20471.914486 999999.999999
PG24 -14379.478408  15410.354625  15737.051936    -15.690261  5  3  2  83       
PG25 -14306.963522  15806.971946 -15912.196433     23.577708  7  5  4  83       
PG26  17726.725872   7871.716218 -18274.609310    243.757827  6  3  5  79       
PG27  21951.896744  10601.750143  10795.288643   -346.444583  5  4  5  65       
PG28  -7059.742455 -13804.531150  22131.064619    699.341356  4  3  5  59       
PG29  -4742.832762  15467.064811 -21102.081295   -150.829372  4  6  3  89       
PG30  -2338.917653 -23731.816007  11509.880989   -262.501513  7  5  2  88       
PG31   9216.889081  16419.154043 -18589.364222    -55.759068  5  5  4  77       
PG32  15482.438472  20676.091867   6602.868235    317.353949  2  5  3  48       
*  2020  7 15 13 30  0.00000000
PG01  13774.921735 -15326.818878  16330.926683     25.664443  6  6  4  81       
PG02 -13810.186896  -7785.712658 -20681.799125   -487.613439  5  4  3 106       
PG03  22813.668827 -12441.606179  -5294.152128   -240.459427  7  4  3  83       
PG04  13084.906652  -8527.613043 -21474.092063   -112.741173  6  3  5  60       
PG05 -23210.525326   -591.435985 -13220.255398    -16.718343  7  4  4 109       
PG06  -7410.561504 -19970.797985 -15786.657770   -303.359299  5  1  4  78       
PG07   5311.691905 -25711.638764  -1025.889201   -327.797671  6  4  2 101       
PG08  20623.354678   1680.536699  16808.040938    -41.051664  5  4  5  79       
PG09   1593.022676 -17154.868719 -20259.612622   -254.016588  5  4  4  69       
PG10   4416.993155  14494.004866  21895.148841   -400.294210     5  1  91       
PG11  14794.315464  -6234.317646  20684.461763   -220.491202  6  5  6  95       
PG12 -23640.420692  10774.537847  -5353.428286     93.410107  5  6  7  90       
PG13 -21235.163635 -10700.209885  11818.072595     26.948813  6  4  4  85       
PG14  18129.868474  19479.778282   1990.942579      1.525807  3  3     23       
PG15 -20807.396476    981.436719  16365.180555   -217.391858  7  5  5  99       
PG16  24501.630631    899.128999 -10976.883924   -183.040889  8  4  5  54       
PG17 -12694.002287 -21130.445226  10370.842288    296.259938  3  2  3  66       
PG18  -5793.815236  25877.501858  -1184.881683    246.792545  8  6  5  96       
PG19 -17644.018679 -19753.506756   1985.197887   -131.725765  5  4  3  80       
PG20  -7431.854998  18525.956348  17331.561215    527.281313  3  3  3  96       
PG21   7833.592708  21831.979339  13979.796259     23.956850  3  4  3  42       
PG22  24658.506350  -9191.057973   3164.813582   -771.864922  8  8  6  75       
PG23  -6267.902785  17071.760667  19329.029406 999999.999999
PG24 -14340.150682  13441.961441  17492.669528    -15.690589  5  3  3  83       
PG25 -15950.276120  16163.436688 -13798.989977     23.581573  8  5  4  97       
PG26  15752.859320   8756.160726 -19612.945542    243.763904  7  4  4  91       
PG27  22664.988594  11448.960191   8207.439640   -346.453240  4  4  4  78       
PG28  -4711.084160 -14384.790291  22404.405946    699.338199  4  3  5  72       
PG29  -6491.427034  13764.924228 -21808.614887   -150.836752  4  6  3  95       
PG30  -1782.257213 -24813.088825   9035.641601   -262.508429  7  5  2  94       
PG31   8592.457479  18371.458626 -16946.788299    -55.761394  5  5  4  83       
PG32  14652.448930  20270.104099   9245.638587    317.359480  3  6  3  69       
*  2020  7 15 13 45  0.00000000
PG01  13637.389706 -13306.067491  18125.121960     25.668137  6  6  4  78       
PG02 -13568.142871 -10222.014218 -19793.230433   -487.618689  4  4  3  85       
PG03  23310.431651 -12383.826041  -2466.717384   -240.469811  7  5  3  71       
PG04  14921.276043  -6945.187966 -20840.701915   -112.745296  6  2  4  86       
PG05 -21824.291033  -1427.373065 -15350.264317    -16.718836  6  4  4 107       
PG06  -7037.857664 -21625.493678 -13633.907747   -303.363946  5  1  4 102       
PG07   5580.048722 -25350.335372  -3876.111651   -327.805593  6  4     87       
PG08  21978.926348   2870.072361  14833.255476    -41.052117  5  4  5  80       
PG09   3534.253516 -15812.320639 -21092.628087   -254.022416  5  4  4  70       
PG10   2123.849143  15410.406427  21587.458188   -400.303916     5  2  89       
PG11  15600.661037  -3883.444152  20637.659418   -220.482084  6  5  6 101       
PG12 -24109.910066  10707.080907  -2501.277537     93.405812  5  6  7  87       
PG13 -21957.199282 -11705.483050   9313.498794     26.951760  6  4  4  85       
PG14  17712.684827  19422.390847   4800.005139      1.528283  3  4     89       
PG15 -22236.187431   -155.421674  14475.393870   -217.389321  7  5  5  97       
PG16  23258.751356   1430.868857 -13369.056433   -183.045289  8  5  4  59       
PG17 -11639.764179 -20415.341783  12842.436689    296.265081  3  2  3  89       
PG18  -5990.403519  25545.739085  -4029.057805    246.801083  9  7  6  82       
PG19 -17204.844336 -19601.759721   4844.837832   -131.720982  4  4  3  95       
PG20  -9195.228329  19292.532124  15545.865837    527.281341  4  4  3  86       
PG21   7561.238694  23168.961137  11687.897015     23.960697  3  3  4  77       
PG22  24370.666742  -8658.981064   5905.146150   -771.862679  8  7  6  60       
PG23  -8272.119757  17812.380353  17852.758576 999999.999999
PG24 -14379.000276  11293.158021  18938.696809    -15.691006  5  3  3  83       
PG25 -17341.462120  16510.752560 -11448.650073     23.585423  8  5  4  96       
PG26  13703.965728   9793.087040 -20616.660762    243.770080  7  4  4  80       
PG27  23186.986361  12069.747270   5480.294163   -346.461908  2  5  4  89       
PG28  -2390.810125 -15098.875422  22312.287432    699.335116  4  3  6  88       
PG29  -8376.224260  12124.559534 -22141.314043   -150.844318  4  6  4  81       
PG30  -1327.351879 -25635.497424   6404.259384   -262.515368  7  5  2 102       
PG31   8100.293797  20154.933182 -15008.274490    -55.763413  4  5  3  72       
PG32  13573.901931  19731.580940  11731.160474    317.365046  3  6  3  73       
*  2020  7 15 14  0  0.00000000
PG01  13594.630378 -11094.527554  19598.003680     25.671863  5  7  4  98       
PG02 -13450.161842 -12540.071481 -18545.109444   -487.623680  3  4  3  95       
PG03  23518.675428 -12211.061151    403.404629   -240.480166  7  5  3  53       
PG04  16762.673922  -5514.645198 -19848.531697   -112.749411  6  2  4  87       
PG05 -20283.947049  -2437.639187 -17220.811740    -16.719876  6  4  4  97       
PG06  -6775.299280 -23040.474542 -11245.336084   -303.368525  4  2  3  85       
PG07   5840.531297 -24680.109829  -6657.166749   -327.813241  6  5     92       
PG08  23197.877439   3853.915947  12606.346735    -41.053293  4  4  5  82       
PG09   5602.570367 -14530.044246 -21564.221005   -254.028231  5  4  4  65       
PG10    -69.687482  16423.932285  20910.334739   -400.313535     4  2  91       
PG11  16498.028446  -1591.266580  20219.273655   -220.472241  6  5  5 104       
PG12 -24280.027378  10541.944196    394.197877     93.401250  5  6  7  83       
PG13 -22512.368127 -12475.661546   6648.766816     26.954894  6  4  4  94       
PG14  17052.908043  19190.646257   7527.959503      1.530827  4  4  1  87       
PG15 -23513.962320  -1112.412738  12335.703676   -217.387063  7  5  5 104       
PG16  21809.003066   2121.906876 -15538.879586   -183.049548  7  5  4  58       
PG17 -10339.296156 -19599.644837  15098.435774    296.270844  3  2  4  70       
PG18  -6173.098901  24907.890546  -6803.780948    246.809593  9  8  7  78       
PG19 -16510.333289 -19269.804307   7620.752730   -131.716392  4  4  3  62       
PG20 -10739.003976  20022.040942  13488.613589    527.281282  4  5  4  81       
PG21   7357.254156  24258.047039   9205.149314     23.964837  2  2  4  50       
PG22  23847.055769  -7961.063453   8543.504141   -771.860336  7  7  6  42       
PG23 -10070.495927  18571.995027  16068.609652 999999.999999
PG24 -14516.906225   9004.706935  20050.020817    -15.691287  5  3  2  90       
PG25 -18465.302120  16809.272692  -8900.864423     23.589252  8  6  4  84       
PG26  11625.478291  10975.861970 -21268.091380    243.776174  7  4  5  86       
PG27  23483.804103  12484.105217   2660.364720   -346.470540  2  5  4  73       
PG28   -143.479903 -15931.764581  21856.549816    699.331915  4  4  6  81       
PG29 -10362.500515  10582.767942 -22094.620354   -150.851839  3  6  5  88       
PG30   -944.615046 -26176.288697   3661.365318   -262.522325  7  6  1  70       
PG31   7721.566492  21728.809138 -12806.851258    -55.765711  4  5  3  57       
PG32  12245.795903  19100.233134  14017.229043    317.370572  3  6  3  77       
*  2020  7 15 14 15  0.00000000
PG01  13669.648728  -8736.095589  20723.801205     25.675596  5  7  4  89       
PG02 -13440.191513 -14693.306452 -16961.362011   -487.629014  3  4  2  96       
PG03  23452.732171 -11888.389047   3266.532328   -240.490525  7  6  4 101       
PG04  18564.333564  -4252.233599 -18514.759658   -112.753586  6  2  4  90       
PG05 -18632.150945  -3626.934269 -18800.271107    -16.720337  6  4  3 110       
PG06  -6592.801325 -24184.934135  -8662.309729   -303.373140  4  2  3  80       
PG07   6129.327469 -23710.189064  -9319.129559   -327.820992  6  5     89       
PG08  24238.676238   4640.321121  10165.417055    -41.054447  4  5  4  75       
PG09   7761.459851 -13338.886894 -21666.398872   -254.033989  4  4  5  78       
PG10  -2124.623059  17505.309691  19874.591700   -400.323165     3  2  89       
PG11  17463.089284    600.383893  19436.166208   -220.462825  6  6  5  91       
PG12 -24162.581615  10242.168164   3282.795959     93.396716  5  6  7  79       
PG13 -22864.192194 -13025.477288   3869.881316     26.957597  5  4  4  94       
PG14  16139.419456  18821.276742  10129.155779      1.533323  4  4  1  67       
PG15 -24603.111901  -1899.527866   9984.072595   -217.384718  7  5  5  84       
PG16  20192.181156   2988.272774 -17450.188970   -183.053649  7  5  4  80       
PG17  -8799.157297 -18726.745846  17101.921195    296.275354  3  2  4  84       
PG18  -6379.201662  23972.945007  -9461.245366    246.818097 10  9  7  85       
PG19 -15547.252868 -18795.177377  10264.511351   -131.711863  4  4  3  84       
PG20 -12050.178982  20674.920683  11195.590671    527.281420  5  6  3  98       
PG21   7189.214147  25076.579268   6571.095320     23.969033  2  3  4  84       
PG22  23118.680600  -7077.792869  11034.718080   -771.858118  7  7  6  78       
PG23 -11639.773633  19312.229330  14007.400601 999999.999999
PG24 -14767.913855   6621.497222  20807.669991    -15.690303  5  3  3  76       
PG25 -19315.161963  17018.513425  -6199.032372     23.593168  8  6  4  92       
PG26   9561.902575  12289.990673 -21555.502555    243.782256  7  4  6  68       
PG27  23527.193292  12718.719117   -204.513474   -346.479145  3  5  4  46       
PG28   1989.747364 -16861.163668  21044.631801    699.328811  3  4  6  87       
PG29 -12409.812326   9170.104298 -21669.448828   -150.859500  3  6  5  97       
PG30   -601.060245 -26420.586503    854.658136   -262.529244  7  6  1  95       
PG31   7431.039364  23057.916807 -10380.446262    -55.767888  4  5  3  69       
PG32  10675.512491  18416.460226  16065.011419    317.376113  3  6  4  86       
*  2020  7 15 14 30  0.00000000
PG01  13877.923883  -6279.168423  21483.118248     25.679332  4  7  3  92       
PG02 -13515.121950 -16640.526786 -15072.061245   -487.634114  3  4  2  73       
PG03  23134.859327 -11385.280095   6073.023454   -240.500921  7  6  5  88       
PG04  20280.418154  -3166.059911 -16862.430586   -112.757771  7  2  4  87       
PG05 -16912.965784  -4991.979260 -20061.838298    -16.721130  6  4  3  99       
PG06  -6455.709340 -25035.887912  -5929.546845   -303.377731  3  3  3  85       
PG07   6480.479638 -22458.861528 -11814.054284   -327.828734  6  5     89       
PG08  25063.596212   5245.274481   7552.069593    -41.055473  4  5  4  75       
PG09   9969.611202 -12263.380845 -21397.468972   -254.039802  3  4  5  79       
PG10  -4007.810765  18619.551998  18497.231879   -400.332770     2  3  95       
PG11  18466.594672   2654.374791  18302.107889   -220.453202  6  6  5  94       
PG12 -23777.817154   9774.717205   6114.149263     93.392252  5  6  7  72       
PG13 -22981.241322 -13376.992467   1024.653141     26.960569  4  4  4  71       
PG14  14969.079841  18353.522610  12560.343679      1.536033  5  4  1  72       
PG15 -25470.401913  -2533.748741   7461.718773   -217.382567  7  5  5 111       
PG16  18451.573764   4038.333968 -19070.938515   -183.057914  6  5  3  74       
PG17  -7034.275258 -17839.072193  18820.327977    296.281094  4  2  5  78       
PG18  -6643.965567  22758.515454 -11955.692872    246.826695 10  9  8  74       
PG19 -14311.150454 -18218.528713  12729.654629   -131.707341  4  3  3  70       
PG20 -13124.050869  21211.539956   8706.805364    527.281335  5  6  3  95       
PG21   7021.697465  25609.106487   3828.241396     23.972982  2  3  4  48       
PG22  22221.267890  -5996.369228  13336.395953   -771.855813  6  6  5  65       
PG23 -12964.873848  19992.454697  11704.722155 999999.999999
PG24 -15138.614357   4190.933470  21199.127330    -15.690027  5  3  3  87       
PG25 -19893.150160  17098.851309  -3389.551133     23.597106  8  7  4  92       
PG26   7555.257477  13713.512758 -21473.324894    243.788407  6  4  6  91       
PG27  23295.854730  12805.752752  -3065.958614   -346.487780  3  5  4  76       
PG28   3972.414636 -17858.270684  19889.468310    699.325638  3  5  6  82       
PG29 -14473.397960   7909.835789 -20873.164589   -150.866973  3  6  5  91       
PG30   -261.800726 -26361.965293  -1966.951403   -262.536182  6  6     79       
PG31   7198.214843  24113.999596  -7771.233668    -55.770053  4  5  3  60       
PG32   8878.718730  17719.745702  17839.680741    317.381619  4  6  3  80       
*  2020  7 15 14 45  0.00000000
PG01  14226.729796  -3774.884784  21863.266048     25.683186  4  7  3 102       
PG02 -13645.905529 -18347.371283 -12912.702774   -487.639008  3  4  2  69       
PG03  22594.296508 -10676.982858   8774.156171   -240.511276  7  6  5  75       
PG04  21865.689889  -2255.955556 -14920.053671   -112.761971  7  2  4  99       
PG05 -15170.278842  -6521.455686 -20983.966864    -16.721972  6  5  3 117       
PG06  -6326.330507 -25578.969768  -3094.328831   -303.382278  3  3  3  69       
PG07   6924.281742 -20952.854182 -14096.953582   -327.836595  7  4     87       
PG08  25640.130241   5691.679980   4810.719765    -41.057038  4  5  4  61       
PG09  12182.323722 -11320.895326 -20762.062972   -254.045545  3  4  4 100       
PG10  -5693.056768  19727.253553  16801.212120   -400.342367     3  3  86       
PG11  19474.530090   4539.591496  16837.522288   -220.443609  6  6  4  94       
PG12 -23153.592593   9111.995811   8838.636544     93.388103  5  6  7  60       
PG13 -22838.403265 -13558.544462  -1838.122800     26.963559  4  4  4  81       
PG14  13546.956711  17827.548301  14781.314970      1.538317  5  3  2  62       
PG15 -26088.170101  -3038.129294   4812.360249   -217.379915  7  4  5 109       
PG16  16632.441388   5272.301547 -20373.695360   -183.062124  5  5  3  74       
PG17  -5067.523029 -16976.489073  20225.878736    296.285978  4  2  5  95       
PG18  -6999.047804  21290.232405 -14244.202732    246.835178 10 10  8  86       
PG19 -12806.770003 -17581.946785  14972.560105   -131.702608  5  3  4  62       
PG20 -13964.206913  21593.825729   6065.761539    527.281153  5  7  3  86       
PG21   6817.718224  25847.984833   1021.514883     23.977432  2  4  4  63       
PG22  21193.831150  -4711.363581  15409.618850   -771.853558  5  6  5  81       
PG23 -14039.280357  20571.416269   9200.317651 999999.999999
PG24 -15627.845243   1761.239279  21218.506473    -15.690635  5  3  3  97       
PG25 -20209.940733  17013.217390   -521.026304     23.601018  7  7  4  84       
PG26   5643.611098  15217.696510 -21022.292253    243.794642  6  4  7  92       
PG27  22776.297294  12781.447603  -5875.813309   -346.496426  4  5  4  45       
PG28   5773.908031 -18888.774321  18409.333609    699.322075  3  6  6  97       
PG29 -16505.751066   6817.185987 -19719.453108   -150.874598  4  6  6 100       
PG30    108.369214 -26002.702211  -4754.225368   -262.543098  6  6     82       
PG31   6988.709266  24876.770839  -5024.881234    -55.772314  4  6  4  78       
PG32   6878.961919  17047.099223  19310.987327    317.387206  4  6  3  95       
*  2020  7 15 15  0  0.00000000
PG01  14714.808790  -1275.269875  21858.452514     25.686885  5  7  3  96       
PG02 -13798.922132 -19787.448151 -10523.378164   -487.644227  2  3  3  65       
PG03  21866.057274  -9745.690507  11322.998023   -240.521666  7  7  6  65       
PG04  23277.166320  -1513.669200 -12721.107528   -112.766155  7  3  3  97       
PG05 -13446.236083  -8196.249322 -21550.726841    -16.722573  5  4  3  88       
PG06  -6165.586777 -25808.903237   -205.668893   -303.386880  4  3  4  88       
PG07   7485.832156 -19226.360453 -16126.721327   -327.844330  6  4     79       
PG08  25942.218755   6008.287206   1987.868254    -41.057763  5  5  4  52       
PG09  14353.049708 -10521.074241 -19771.057178   -254.051327  3  4  4  87       
PG10  -7161.964202  20786.078791  14815.100659   -400.351985     4  3  91       
PG11  20449.492101   6231.998017  15069.069202   -220.433776  6  6  4  66       
PG12 -22324.260451   8233.165432  11408.298706     93.383710  4  6  7  65       
PG13 -22417.917397 -13603.462042  -4669.496073     26.966315  3  4  4  90       
PG14  11886.256759  17282.852355  16755.486886      1.541041  6  3  2  78       
PG15 -26435.307128  -3440.661786   2081.446239   -217.377977  7  5  5  94       
PG16  14780.431174   6682.032296 -21336.079926   -183.066498  5  6  3  84       
PG17  -2929.017194 -16174.821549  21295.944367    296.291434  3  2  5  87       
PG18  -7471.105432  19600.839049 -16287.430200    246.843669 10 10  8  84       
PG19 -11048.113325 -16927.219685  16953.274757   -131.698116  5  3  4  51       
PG20 -14582.185637  21786.842919   3318.662706    527.280835  5  7  2  87       
PG21   6540.258101  25793.724680  -1802.351368     23.981473  2  5  4  38       
PG22  20077.138780  -3225.089602  17219.562486   -771.851328  4  6  4  61       
PG23 -14865.095539  21008.895700   6537.391304 999999.999999
PG24 -16226.720427   -620.253756  20866.590953    -15.691354  5  3  3  74       
PG25 -20284.262592  16728.719753   2356.580783     23.604886  7  7  5  88       
PG26   3859.767554  16768.008296 -20209.475517    243.800824  6  5  7  97       
PG27  21963.415132  12684.586120  -8586.901247   -346.505113  4  4  4  47       
PG28   7370.401250 -19914.056967  16627.628254    699.319098  4  6  6  76       
PG29 -18458.307478   5898.895920 -18228.086341   -150.882032  3  6  6  84       
PG30    543.376130 -25353.696046  -7458.494248   -262.550058  6  6     85       
PG31   6765.804512  25334.665346  -2189.711727    -55.774568  3  6  3  77       
PG32   4706.971399  16431.603732  20453.759074    317.392766  4  6  3 101       
*  2020  7 15 15 15  0.00000000
PG01  15332.408247   1168.638468  21469.826625     25.690521  5  7  4  91       
PG02 -13937.521022 -20943.125389  -7947.877248   -487.649244  2  2  4  90       
PG03  20989.503622  -8581.440156  13675.245555   -240.532083  7  7  6  89       
PG04  24475.700487   -923.376411 -10303.461038   -112.770338  7  3  4  89       
PG05 -11779.748773  -9989.990932 -21752.081903    -16.723190  5  4  3 101       
PG06  -5934.724093 -25729.629895   2686.547271   -303.391426  4  3  5  74       
PG07   8183.809658 -17319.760074 -17866.971486   -327.852230  7  3  2  95       
PG08  25951.247558   6228.404401   -868.654389    -41.058973  5  5  4  39       
PG09  16435.015102  -9865.580299 -18441.389762   -254.057116  3  5  4  87       
PG10  -8404.479625  21752.390264  12572.629519   -400.361598     5  3  93       
PG11  21352.224041   7715.391345  13029.079869   -220.424195  6  6  4  84       
PG12 -21329.289771   7125.204228  13777.738955     93.378924  3  6  7 103       
PG13 -21710.134465 -13548.604163  -7421.182128     26.969900  3  4  4  74       
PG14  10007.969892  16756.726895  18450.423426      1.543607  6  3  3  69       
PG15 -26497.990604  -3772.975463   -684.611063   -217.375724  6  5  5  96       
PG16  12939.979445   8251.136509 -21941.145971   -183.070947  4  6  3  88       
PG17   -655.165052 -15464.544799  22013.332225    296.296507  3  2  6  82       
PG18  -8080.593356  17729.023545 -18050.280980    246.852128  9 10  8  98       
PG19  -9058.136201 -16294.101688  18636.296263   -131.693720  5  3  4  76       
PG20 -14996.825049  21760.260664    513.563684    527.280880  5  7  3  92       
PG21   6153.849237  25455.059592  -4595.507537     23.985651  2  5  4  61       
PG22  18912.142545  -1547.677044  18736.037410   -771.848977  3  6  4  85       
PG23 -15452.766751  21267.344871   3761.857336 999999.999999
PG24 -16918.984042  -2908.761459  20150.740786    -15.692480  5  4  3  65       
PG25 -20142.070843  16218.126277   5192.853337     23.608646  7  8  5  91       
PG26   2230.155982  18325.323352 -19048.208626    243.807001  5  6  8  78       
PG27  20860.764889  12554.875679 -11153.761108   -346.513744  4  4  4  75       
PG28   8745.572069 -20892.566380  14572.607775    699.315534  4  7  6  86       
PG29 -20283.181775   5153.117962 -16424.588611   -150.889777  3  6  6  79       
PG30   1074.318600 -24434.055351 -10032.544323   -262.556971  6  6    102       
PG31   6492.111187  25485.250347    684.203279    -55.776945  2  6  3  63       
PG32   2399.691852  15901.121444  21248.323933    317.398361  4  5  3  91       
*  2020  7 15 15 30  0.00000000
PG01  16061.674373   3508.604238  20705.381732     25.694214  5  6  4  75       
PG02 -14023.665671 -21805.951424  -5232.749995   -487.654622  2  2  4  55       
PG03  20006.759904  -7182.707655  15790.017820   -240.542597  7  7  6  75       
PG04  25427.424334   -462.485581  -7708.720121   -112.774524  7  4  3  91       
PG05 -10205.126498 -11869.876628 -21584.080075    -16.723919  6  5  4 100       
PG06  -5597.009754 -25354.091144   5532.432655   -303.396002  5  4  5  86       
PG07   9029.529083 -15278.087239 -19286.768582   -327.860033  6  3  2  97       
PG08  25656.779438   6388.444388  -3710.461414    -41.059915  5  5  4  82       
PG09  18382.857158  -9348.154795 -16795.777773   -254.062916  3  5  3  87       
PG10  -9419.117596  22582.953503  10112.146359   -400.371181  1  6  3  85       
PG11  22143.239812   8981.816890  10754.861981   -220.414410  6  6  4  68       
PG12 -20211.685614   5783.661684  15904.986363     93.374594  3  6  7  99       
PG13 -20713.975526 -13432.778491 -10046.363801     26.972459  3  5  4  78       
PG14   7940.240433  16282.819151  19838.292398      1.546095  6  3  3  90       
PG15 -26270.151513  -4068.920198  -3439.192531   -217.373339  6  5  5  90       
PG16  11152.757239   9955.391788 -22177.694761   -183.075052  4  7  3  91       
PG17   1712.505007 -14869.684208  22366.502969    296.302409  3  3  6  94       
PG18  -8840.810745  15718.033873 -19502.510208    246.860594  9 10  8  78       
PG19  -6868.084780 -15718.657601  19991.282764   -131.689192  5  2  5  85       
PG20 -15233.325463  21489.644867  -2300.511598    527.280622  5  8  3  91       
PG21   5626.151576  24848.721589  -7309.746168     23.989433  3  6  4  30       
PG22  17738.426179    303.151983  19933.942772   -771.846315  2  6  3  87       
PG23 -15820.495094  21313.426721    921.543421 999999.999999
PG24 -17681.668297  -5063.581006  19084.673995    -15.693436  5  4  3  96       
PG25 -19815.429114  15461.143311   7937.848884     23.612485  6  8  5  95       
PG26    773.966052  19847.334143 -17557.904831    243.813192  5  7  8  85       
PG27  19480.534796  12431.311478 -13533.350049   -346.522383  3  4  4  65       
PG28   9891.065137 -21781.314877  12277.050275    699.312207  4  8  6 102       
PG29 -21934.888339   4569.645854 -14339.807453   -150.897340  3  7  5  92       
PG30   1728.031876 -23270.372034 -12431.477857   -262.563957  6  6     98       
PG31   6131.272380  25335.275350   3545.996211    -55.779091  2  6  3  57       
PG32     -0.917521  15477.207161  21680.848013    317.403969  4  5  3 109       
*  2020  7 15 15 45  0.00000000
PG01  16877.381419   5700.874980  19579.725295     25.697906  4  6  4  62       
PG02 -14019.606962 -22376.702550  -2426.356756   -487.659668  2  2  5 106       
PG03  18961.029603  -5556.672687  17630.587917   -240.553051  7  7  6  61       
PG04  26105.000229   -102.707890  -4981.511705   -112.778685  7  4  4  53       
PG05  -8750.886878 -13797.740480 -21048.953683    -16.724485  6  5  5  91       
PG06  -5119.350763 -24703.673235   8282.966025   -303.400483  6  4  6  76       
PG07  10026.319571 -13149.315894 -20361.229333   -327.868080  6  3  3 103       
PG08  25056.992989   6526.357309  -6489.391673    -41.061005  4  5  4  90       
PG09  20154.217718  -8954.990446 -14862.338104   -254.068724  3  5  3  97       
PG10 -10212.851303  23236.652169   7475.972703   -400.380794  2  7  4  93       
PG11  22784.461092  10031.629904   8287.897284   -220.405072  6  6  4  62       
PG12 -19016.269257   4213.072444  17752.302071     93.370507  3  6  6  93       
PG13 -19437.074637 -13295.100529 -12500.461040     26.975448  3  5  5  72       
PG14   5717.489211  15889.843223  20896.256680      1.548783  6  2  3 100       
PG15 -25753.662447  -4363.089368  -6136.206303   -217.371189  5  5  6  75       
PG16   9456.213301  11763.453274 -22040.516988   -183.079411  4  7  4  93       
PG17   4128.689696 -14406.959936  22349.717089    296.307519  2  4  6  81       
PG18  -9757.233017  13614.128803 -20619.236091    246.869058  8 10  8  80       
PG19  -4516.493537 -15231.755573  20993.671877   -131.684490  4  2  5  74       
PG20 -15322.066781  20957.524064  -5074.466969    527.281182  5  7  4  77       
PG21   4929.463569  23998.916389  -9897.326025     23.993514  3  6  4  42       
PG22  16592.731487   2302.592249  20793.630410   -771.844020  2  6  3  88       
PG23 -15993.350785  21119.403103  -1934.637370 999999.999999
PG24 -18486.023352  -7049.444585  17688.133482    -15.695026  5  4  4  97       
PG25 -19341.145349  14445.433060  10543.038264     23.616297  5  8  6  75       
PG26   -497.434517  21290.104007 -15763.763041    243.819357  5  8  8  70       
PG27  17843.207709  12350.576762 -15685.709661   -346.531003  3  3  4  73       
PG28  10806.681620 -22537.460046   9777.859709    699.309198  4  8  6  90       
PG29 -23371.982122   4130.471571 -12009.396010   -150.904707  3  7  5  75       
PG30   2525.825479 -21895.709980 -14613.527835   -262.570884  5  6     98       
PG31   5649.634216  24900.356637   6344.979747    -55.781503  1  6  3  74       
PG32  -2449.275136  15174.270044  21743.583691    317.409548  4  5  3 105       
*  2020  7 15 16  0  0.00000000
PG01  17747.960830   7707.665118  18113.725846     25.701563  4  6  4  60       
PG02 -13889.513323 -22665.070725    422.067382   -487.664874  3  2  5  93       
PG03  17894.882449  -3719.142477  19165.038035   -240.563469  6  7  6  72       
PG04  26488.632797    188.650986  -2168.717218   -112.782884  7  5  4  81       
PG05  -7438.786640 -15731.342736 -20155.124868    -16.725124  6  5  6  95       
PG06  -4473.769486 -23807.338541  10890.839281   -303.404904  6  4  6  73       
PG07  11169.252270 -10982.539505 -21071.980129   -327.875887  6  4  3  94       
PG08  24158.812372   6680.008051  -9158.289308    -41.062075  4  4  4 100       
PG09  21711.232140  -8665.402922 -12674.118022   -254.074549  3  6  2  89       
PG10 -10800.670447  23676.145062   4709.678104   -400.390394  2  7  4  97       
PG11  23240.793883  10873.205619   5672.958090   -220.395214  6  6  4  42       
PG12 -17787.889972   2427.008086  19286.908222     93.365893  3  6  6  97       
PG13 -17895.601614 -13173.355599 -14741.857981     26.978526  4  5  5  96       
PG14   3379.317650  15600.484739  21606.798416      1.551398  6     4 113       
PG15 -24958.246757  -4689.336192  -8730.792295   -217.368578  5  5  6  67       
PG16   7882.267154  13637.840781 -21530.555602   -183.083890  4  7  4  98       
PG17   6545.788716 -14085.202853  21963.111695    296.312748  2  4  6  82       
PG18 -10827.155312  11464.924647 -21381.359930    246.877533  7 10  8  85       
PG19  -2047.881493 -14857.774000  21625.191327   -131.679846  4  3  6  82       
PG20 -15297.230335  20154.185597  -7760.026177    527.280827  5  7  4  45       
PG21   4042.102278  22936.503494 -12311.849561     23.997751  3  6  5  81       
PG22  15507.615148   4419.528418  21301.177609   -771.841516  1  6  3 101       
PG23 -16002.130601  20664.315649  -4757.531469 999999.999999
PG24 -19298.676846  -8837.643197  15986.451773    -15.695998  5  4  4  96       
PG25 -18759.215394  13167.322607  12962.231987     23.620057  4  8  6 103       
PG26  -1580.775436  22609.706981 -13696.366356    243.825520  5  8  8  77       
PG27  15976.930262  12345.537127 -17574.587663   -346.539624  4  3  4  83       
PG28  11500.283459 -23119.916765   7115.601633    699.305870  4  8  6  66       
PG29 -24558.557192   3810.647495  -9473.214911   -150.912502  3  7  5  76       
PG30   3482.445839 -20348.350253 -16540.810211   -262.577849  5  6  2  90       
PG31   5017.810353  24204.308830   9031.622132    -55.783617     6  3  73       
PG32  -4897.710378  14999.016254  21435.022914    317.415148  4  5  3 111       
*  2020  7 15 16 15  0.00000000
PG01  18636.783080   9498.385493  16334.050517     25.705206  4  5  4  63       
PG02 -13600.992666 -22689.019943   3263.312441   -487.670018  3  3  6  99       
PG03  16848.580506  -1694.136322  20366.825150   -240.573910  6  6  6  85       
PG04  26566.802523    447.228179    681.331282   -112.787038  7  5  5  72       
PG05  -6283.111446 -17625.828721 -18917.113737    -16.725724  6  5  6  79       
PG06  -3638.678931 -22700.478278  13311.270130   -303.409482  6  5  6  89       
PG07  12445.227045  -8826.126795 -21407.460794   -327.883509  6  4  3 101       
PG08  22977.722477   6885.558197 -11671.771051    -41.063019  4  4  5  94       
PG09  23021.857658  -8452.775398 -10268.542285   -254.080351  3  6  2  85       
PG10 -11204.821229  23869.397501   1861.282353   -400.400006  3  8  5  70       
PG11  23481.574952  11522.318049   2957.170912   -220.386173  6  6  5  18       
PG12 -16569.643124    447.761308  20481.621310     93.361445  4  6  5  98       
PG13 -16113.772820 -13102.425154 -16732.577481     26.981510  4  5  4  97       
PG14    969.231268  15430.534710  21957.974847      1.553661  5     4 116       
PG15 -23901.116978  -5079.336054 -11179.990811   -217.366359  5  5  5  81       
PG16   6456.201376  15536.173410 -20654.982468   -183.088128  4  7  5  99       
PG17   8915.465832 -13905.060655  21212.707593    296.317655  2  5  6  93       
PG18 -12039.661212   9317.701220 -21775.885974    246.885960  7  9  8  92       
PG19    488.802419 -14613.579886  21874.246003   -131.675530  4  4  6  98       
PG20 -15195.283251  19078.170840 -10310.601605    527.280123  5  7  5  46       
PG21   2949.588548  21697.898704 -14509.177957     24.001751  3  6  5  88       
PG22  14510.283550   6617.541226  21448.568199   -771.838955     5  3 102       
PG23 -15882.002810  19934.913782  -7498.591601 999999.999999
PG24 -20082.972707 -10406.881958  14010.027623    -15.696095  5  5  5 100       
PG25 -18111.138348  11632.170212  15152.471387     23.623841  4  8  5 101       
PG26  -2480.839124  23763.890174 -11391.177254    243.831687  5  9  8  53       
PG27  13916.609916  12443.882400 -19168.008894   -346.548223  4  3  4  96       
PG28  11987.408136 -23490.946984   4333.968842    699.302631  4  8  5  72       
PG29 -25465.546262   3579.420781  -6774.662772   -150.919810  3  7  5  74       
PG30   4605.306341 -18670.344416 -18179.998364   -262.584716  5  6  3  94       
PG31   4212.072192  23278.152205  11558.496974    -55.785867  1  6  3  79       
PG32  -7298.082617  14950.194864  20759.951820    317.420774  4  5  4  96       
*  2020  7 15 16 30  0.00000000
PG01  19503.635882  11050.576030  14272.608247     25.708834  3  5  4  36       
PG02 -13126.449818 -22473.851265   6049.040480   -487.675037  3  4  6  83       
PG03  15858.510129    486.852982  21215.246645   -240.584383  6  6  6  76       
PG04  26336.693262    710.027218   3519.678625   -112.791209  7  6  5  72       
PG05  -5290.253110 -19435.306564 -17355.347219    -16.726353  6  5  6  85       
PG06  -2599.908150 -21423.532393  15502.766156   -303.414096  6  6  6  98       
PG07  13833.410342  -6725.934452 -21363.070992   -327.891343  5  5  3 101       
PG08  21537.275019   7175.912532 -13986.970754    -41.064308  4  4  5  85       
PG09  24060.990717  -8285.740042  -7686.785164   -254.086088  3  7  2  40       
PG10 -11453.756757  23791.023555  -1019.599669   -400.409596  3  8  5  64       
PG11  23481.827104  12001.222866    189.055807   -220.376818  5  6  5  53       
PG12 -15401.169648  -1694.326809  21315.374110     93.357465  5  6  5  86       
PG13 -14123.069084 -13112.835963 -18438.894313     26.984387  5  5  5 102       
PG14  -1466.774724  15388.281617  21943.604284      1.556514  5  2  4 120       
PG15 -22606.359261  -5561.244177 -13443.370398   -217.363981  4  6  5  91       
PG16   5195.796935  17412.612682 -19427.181829   -183.092408  4  7  6  78       
PG17  11190.242224 -13859.004393  20110.346009    296.323195     5  6  86       
PG18 -13375.917920   7217.731643 -21796.136348    246.894398  6  9  7  95       
PG19   3041.921865 -14507.824644  21736.169408   -131.670856  3  4  6  95       
PG20 -15053.388216  17736.450857 -12682.121755    527.280537  5  7  5  10       
PG21   1645.575851  20323.730388 -16448.362454     24.005551  3  6  5  41       
PG22  13621.645777   8856.108643  21233.782714   -771.836446     5  2 103       
PG23 -15670.993156  18926.294049 -10110.710822 999999.999999
PG24 -20800.433344 -11743.840183  11793.729189    -15.696934  5  5  5  99       
PG25 -17438.174391   9854.369357  17074.862155     23.627594  4  7  5  96       
PG26  -3210.095310  24713.692981  -8887.936393    243.837873  5  9  8  20       
PG27  11702.770616  12666.964792 -20438.789227   -346.556804  5  4  3  85       
PG28  12290.598851 -23617.671493   1479.175442    699.299167  4  7  5  84       
PG29 -26071.771688   3401.596490  -3959.945721   -150.927468  2  7  4  85       
PG30   5894.015764 -16905.935199 -19502.906691   -262.591623  5  6  4  80       
PG31   3215.504600  22158.839237  13881.183899    -55.788072     5  2  71       
PG32  -9603.426576  15018.658526  19729.403899    317.426376  4  4  4 101       
*  2020  7 15 16 45  0.00000000
PG01  20306.336297  12350.511855  11965.914790     25.712436  2  4  5  67       
PG02 -12444.233483 -22051.025311   8732.567055   -487.680200  4  4  7  94       
PG03  14955.782137   2785.891674  21695.797319   -240.594832  5  6  6  91       
PG04  25804.297527   1013.789407   6297.583643   -112.795328  7  6  6  52       
PG05  -4458.592848 -21114.486400 -15495.867951    -16.726432  6  6  7  90       
PG06  -1351.438364 -20020.431071  17427.827569   -303.418647  6  6  7  96       
PG07  15305.999906  -4723.653111 -20941.161451   -327.898997  5  6  3  96       
PG08  19868.302005   7579.288147 -16064.250742    -41.065240  5  5  5  85       
PG09  24811.330580  -8129.551233  -4973.077053   -254.091931  3  7  1  55       
PG10 -11580.838750  23423.382429  -3882.653802   -400.419232  4  7  6  76       
PG11  23223.273395  12337.492447  -2582.431265   -220.366686  5  6  5  20       
PG12 -14317.108685  -3961.869860  21773.613302     93.353206  5  5  5  99       
PG13 -11961.190210 -13229.485807 -19831.879156     26.987884  5  5  5 111       
PG14  -3881.720784  15474.182899  21563.380353      1.559197  5  3  4 126       
PG15 -21104.088107  -6158.493682 -15483.611186   -217.361667  4  6  5  93       
PG16   4110.748419  19219.466328 -17866.634005   -183.096773  3  7  6  74       
PG17  13325.069863 -13931.636867  18673.553719    296.327891  1  5  5  85       
PG18 -14809.786536   5206.699510 -21441.858009    246.902859  6  8  7 104       
PG19   5559.011252 -14540.589462  21213.331299   -131.666116  3  5  6  90       
PG20 -14907.804084  16144.277690 -14833.801569    527.280606  5  7  6  71       
PG21    132.468097  18857.294790 -18092.565780     24.009864  3  6  6  76       
PG22  12855.616630  11091.957729  20660.799116   -771.834437     5  3 103       
PG23 -15408.371266  17642.225990 -12549.029360 999999.999999
PG24 -21412.286389 -12843.421862   9376.238669    -15.697681  5  6  6  86       
PG25 -16779.619328   7856.987029  18695.328986     23.631360  5  7  5  84       
PG26  -3788.027541  25424.958035  -6229.974560    243.844058  5 10  8  48       
PG27   9380.205923  13028.875787 -21364.986075   -346.565424  5  5  3  98       
PG28  12438.464792 -23473.447187  -1400.720217    699.296207  5  7  5  75       
PG29 -26364.707563   3239.077206  -1077.297391   -150.935094  2  7  4  84       
PG30   7340.223311 -15099.908674 -20486.972736   -262.598528  4  6  5  83       
PG31   2018.878066  20887.756397  15959.098321    -55.790179     5  3  81       
PG32 -11769.563076  15187.738844  18360.510118    317.431987  5  4  4  96       
*  2020  7 15 17  0  0.00000000
PG01  21002.410986  13393.467180   9454.396005     25.716068  1  4  5  70       
PG02 -11539.537962 -21456.796826  11269.569092   -487.685616  4  5  7  80       
PG03  14165.055374   5159.890567  21800.411752   -240.605267  5  6  6  76       
PG04  24984.195789   1393.376469   8967.351711   -112.799471  7  5  6  57       
PG05  -3778.698168 -22620.320226 -13369.944008    -16.727061  6  6  7  60       
PG06    104.178173 -18536.918714  19053.577347   -303.423109  6  6  6  92       
PG07  16829.277599  -2855.354353 -20150.877373   -327.907022  5  6  3 105       
PG08  18007.863545   8117.960364 -17867.869517    -41.067748  5  5  4  95       
PG09  25263.955837  -7947.597753  -2173.956557   -254.097740  3  7  2  76       
PG10 -11622.842508  22757.381861  -6677.784611   -400.428853  4  7  6  88       
PG11  22695.073568  12562.660697  -5308.828185   -220.357234  4  6  5  73       
PG12 -13345.768428  -6311.728223  21848.563546     93.348814  5  5  6  86       
PG13  -9670.784706 -13470.592670 -20887.866517     26.990786  5  5  5  92       
PG14  -6229.189420  15680.828525  20822.912253      1.561631  5  4  4  73       
PG15 -19429.402213  -6888.773691 -17267.040607   -217.359110  5  6  5  98       
PG16   3202.387225  20908.897024 -15998.693734   -183.101302  3  7  7  77       
PG17  15278.832562 -14100.295267  16925.334841    296.333144  1  5  5  88       
PG18 -16308.724022   3321.263312 -20719.220522    246.911338  5  7  7  95       
PG19   7988.671432 -14703.396696  20315.097624   -131.661733  3  5  6  79       
PG20 -14792.341884  14324.719517 -16728.841478    527.279913  4  7  6  76       
PG21  -1578.317629  17342.869022 -19409.943318     24.013912  3  6  6  75       
PG22  12218.692489  13280.518323  19739.506213   -771.831961     6  3  99       
PG23 -15133.000564  16095.152053 -14771.700549 999999.999999
PG24 -21880.996614 -13708.694335   6799.352966    -15.698289  5  6  6  84       
PG25 -16171.169874   5671.049307  19985.272094     23.635084  5  6  4  94       
PG26  -4240.177050  25869.672235  -3463.449753    243.850303  5 10  7  70       
PG27   6996.475526  13535.796626 -21930.279053   -346.573991  5  5  2  99       
PG28  12464.496576 -23039.054308  -4256.560856    699.292866  5  6  5  83       
PG29 -26340.923267   3052.519976   1823.838159   -150.942506  1  7  3  91       
PG30   8927.785231 -13295.944224 -21115.629988   -262.605456  4  5  5  86       
PG31    621.201493  19509.066756  17756.231383    -55.792433  1  5  3  97       
PG32 -13756.614640  15433.924573  16676.245841    317.437580  4  4  4  99       
*  2020  7 15 17 15  0.00000000
PG01  21550.778462  14183.635053   6781.645588     25.719808  1  3  5  45       
PG02 -10405.036132 -20730.718795  13618.714923   -487.690360  4  5  7  82       
PG03  13503.629469   7562.092635  21527.588484   -240.615691  4  6  6  68       
PG04  23899.018453   1880.227380  11483.148709   -112.803632  7  5  6  51       
PG05  -3233.829256 -23913.580108 -11013.582110    -16.728093  6  7  7  74       
PG06   1755.732147 -17018.825254  20352.309047   -303.427612  6  7  7  92       
PG07  18364.899703  -1150.294900 -19007.865844   -327.914867  5  6  4 108       
PG08  15997.966749   8807.233912 -19366.595395    -41.068771  6  6  4  98       
PG09  25418.591220  -7702.995632    662.519966   -254.103568  3  7  1  57       
PG10 -11618.326111  21792.953410  -9356.036019   -400.438324  4  7  6  51       
PG11  21894.260071  12710.741109  -7943.047151   -220.347699  4  6  5  77       
PG12 -12508.070370  -8696.536190  21539.352602     93.344504  5  5  6  82       
PG13  -7298.001187 -13846.906223 -21588.840612     26.993476  5  5  4 106       
PG14  -8464.860764  15993.200413  19733.688349      1.564398  5  5  4 119       
PG15 -17621.177818  -7763.220981 -18764.118878   -217.356799  5  6  5  92       
PG16   2463.730261  22434.674010 -13854.259116   -183.105666  3  7  7  64       
PG17  17015.723493 -14335.931328  14893.887275    296.338444  1  5  5  78       
PG18 -17834.942324   1591.822197 -19640.705130    246.919754  5  6  6  83       
PG19  10282.422880 -14979.587114  19057.643319   -131.657075  2  5  6  74       
PG20 -14736.937664  12307.900952 -18335.043652    527.280235  4  7  6  71       
PG21  -3466.472777  15823.951892 -20374.450998     24.017979  3  6  6  76       
PG22  11709.813316  15377.426789  18485.532296   -771.829576     6  3 111       
PG23 -14881.715950  14305.861697 -16740.603115 999999.999999
PG24 -22171.745427 -14350.524589   4107.254177    -15.697768  5  6  6  82       
PG25 -15643.449901   3334.503306  20922.109206     23.638896  5  6  3  66       
PG26  -4596.941552  26027.082567   -636.523753    243.856507  4 10  6  90       
PG27   4600.296861  14185.648497 -22124.274362   -346.582587  5  6  3 100       
PG28  12405.672568 -22303.641369  -7038.897826    699.289393  5  6  5  70       
PG29 -26006.190787   2803.046630   4693.647337   -150.949913     7  3  72       
PG30  10633.244737 -11535.027785 -21378.566223   -262.612350  4  5  5  99       
PG31   -970.065280  18067.965089  19241.784611    -55.794459  1  4  3  86       
PG32 -15530.368110  15727.819182  14705.075983    317.443168  5  5  4  85       
*  2020  7 15 17 30  0.00000000
PG01  21913.369337  14733.714182   3993.652674     25.723468  2  4  6  56       
PG02  -9041.231103 -19914.074145  15742.215492   -487.695758  4  5  7  95       
PG03  12980.841389   9943.703879  20882.394960   -240.626102  3  5  6  64       
PG04  22578.611279   2500.949403  13801.782757   -112.807791  7  5  7  58       
PG05  -2800.738769 -24960.313308  -8466.948953    -16.728641  6  7  7  66       
PG06   3583.606725 -15510.351133  21301.944197   -303.432258  5  7  6 103       
PG07  19871.365461    369.979512 -17533.862450   -327.922675  5  6  4 100       
PG08  13884.101156   9654.680233 -20534.255786    -41.070794  6  7  4 104       
PG09  25283.553800  -7360.199876   3487.598435   -254.109537  3  7  1  60       
PG10 -11605.931083  20539.178106 -11870.494413   -400.447970  4  7  6  64       
PG11  20825.865211  12816.683850 -10440.188602   -220.338202  4  7  6  72       
PG12 -11816.809691 -11066.400063  20851.996102     93.340147  6  5  6  99       
PG13  -4890.914108 -14361.210963 -21922.734086     26.996628  6  6  4  93       
PG14 -10547.984991  16389.222186  18312.960195      1.567042  5  5  4 104       
PG15 -15720.740374  -8785.851856 -19949.871663   -217.354366  5  6  5  86       
PG16   1879.859859  23753.901055 -11469.329237   -183.109818  4  7  7  64       
PG17  18506.450511 -14604.243118  12612.241780    296.343590  2  5  5  81       
PG18 -19346.780366     41.529348 -18224.887315    246.928215  5  6  6  92       
PG19  12396.438193 -15345.046127  17463.623099   -131.652624  2  5  6  87       
PG20 -14766.397567  10129.980916 -19625.336153    527.279996  4  6  6  69       
PG21  -5503.314757  14341.511308 -20966.545980     24.021960  2  6  6  71       
PG22  11320.514293  17340.026680  16919.991928   -771.827019  2  7  3 105       
PG23 -14687.792098  12302.852219 -18421.988075 999999.999999
PG24 -22253.804055 -14786.933214   1345.762711    -15.697458  5  7  6  77       
PG25 -15220.760524    890.899171  21489.690198     23.642702  5  6  3  75       
PG26  -4892.177027  25884.539647   2201.505751    243.862700  4  9  5  68       
PG27   2239.887967  14968.058744 -21942.726416   -346.591123  5  7  3  92       
PG28  12300.902243 -21265.381041  -9698.851247    699.285997  5  6  5  75       
PG29 -25375.250815   2453.941199   7482.797822   -150.957347  1  7  3  88       
PG30  12426.604302  -9853.990321 -21271.865022   -262.619248  5  5  5  99       
PG31  -2739.144718  16608.919557  20390.687689    -55.796663  2  3  3  97       
PG32 -17063.431376  16035.343199  12480.501603    317.448762  5  5  5  80       
*  2020  7 15 17 45  0.00000000
PG01  22056.625072  15064.185926   1138.013583     25.727095  3  4  6  58       
PG02  -7456.524058 -19048.291587  17606.298205   -487.700958  4  6  7  83       
PG03  12597.787920  12255.603378  19876.354678   -240.636555  2  5  6  70       
PG04  21058.936292   3276.098144  15883.440697   -112.811960  7  5  7  46       
PG05  -2450.736997 -25733.116221  -5773.707606    -16.729380  5  7  6  94       
PG06   5560.352664 -14052.431236  21886.392857   -303.436787  4  6  6  93       
PG07  21305.599272   1692.202945 -15756.174607   -327.930617  5  6  4 101       
PG08  11713.643416  10659.672643 -21350.212075    -41.071518  7  7  4 103       
PG09  24875.379852  -6886.572240   6252.662921   -254.115347  3  6     65       
PG10 -11622.685078  19014.055571 -14177.154146   -400.457448  4  7  6  67       
PG11  19502.744370  12914.836658 -12758.275643   -220.328709  4  7  6  85       
PG12 -11276.260275 -13370.696172  19799.244590     93.335674  6  5  7  95       
PG13  -2497.880946 -15008.139965 -21883.635304     26.999557  5  5  4 101       
PG14 -12442.740068  16840.584259  16583.544010      1.569372  4  5  4  81       
PG15 -13770.458825  -9953.253569 -20804.267219   -217.351862  5  6  5  88       
PG16   1428.627583  24828.652151  -8884.451345   -183.114310  4  7  6  62       
PG17  19729.224573 -14867.023633  10117.822125    296.348890  2  5  5  86       
PG18 -20800.236493  -1314.410298 -16496.116708    246.936601  5  6  6  94       
PG19  14293.081578 -15769.246407  15561.709643   -131.647726  2  5  6  87       
PG20 -14899.362654   7831.910274 -20578.198307    527.279854  5  6  5  86       
PG21  -7652.690695  12932.321412 -21173.747645     24.026092  2  6  5  93       
PG22  11035.360810  19128.813487  15069.154089   -771.824703  3  7  3 111       
PG23 -14579.561512  10121.400740 -19787.049797 999999.999999
PG24 -22101.751967 -15042.195396  -1438.415372    -15.698447  4  7  5  70       
PG25 -14920.106474  -1612.151766  21678.575543     23.646513  5  6  3  76       
PG26  -5161.659505  25438.033620   5001.099525    243.868834  4  8  4  80       
PG27    -38.679524  15864.648732 -21387.670408   -346.599708  5  8  3  88       
PG28  12189.362473 -19931.798598 -12189.009098    699.282649  5  5  5  90       
PG29 -24471.245647   1972.268304  10143.284960   -150.964841  1  7  3  91       
PG30  14272.357949  -8284.227491 -20798.030684   -262.626143  5  5  5 101       
PG31  -4662.410863  15173.972938  21183.991842    -55.798801  2  2  3  97       
PG32 -18336.138300  16319.136771  10040.513092    317.454315  4  5  5  88       
*  2020  7 15 18  0  0.00000000
PG01  21952.822049  15202.314984  -1736.859368     25.730806  3  5  6  62       
PG02  -5667.004893 -18173.399075  19181.606715   -487.706227  3  6  7  89       
PG03  12347.382965  14450.065790  18527.220222   -240.646951  2  6  6  46       
PG04  19380.750242   4219.194167  17692.367091   -112.816126  7  6  7  74       
PG05  -2150.983264 -26212.174758  -2980.278241    -16.730127  5  8  6  85       
PG06   7651.566716 -12681.239558  22095.812568   -303.441312  4  6  6  87       
PG07  22624.580013   2811.618252 -13707.080390   -327.938380  4  6  5  91       
PG08   9534.189600  11813.240553 -21799.750524    -41.072180  7  7  4  96       
PG09  24218.146015  -6253.843528   8910.073093   -254.121168  3  6     64       
PG10 -11702.377384  17243.925432 -16235.726372   -400.466856  4  6  6  71       
PG11  17945.112210  13037.470523 -14858.900347   -220.319052  4  7  6  87       
PG12 -10882.137396 -15559.894306  18400.299105     93.331613  6  6  7 102       
PG13   -165.890472 -15774.307136 -21471.900773     27.002882  6  6  4  96       
PG14 -14119.425686  17313.819788  14573.536871      1.572151  5  6  4 121       
PG15 -11812.309113 -11254.546805 -21312.534928   -217.349603  5  5  5  92       
PG16   1081.660917  25627.447245  -6144.061758   -183.118854  4  7  6  64       
PG17  20670.492061 -15083.682901   7451.925585    296.353953  3  5  5  81       
PG18 -22150.602901  -2469.132110 -14484.099750    246.945102  4  6  5  85       
PG19  15942.192283 -16216.560249  13386.012403   -131.643467  2  5  6  79       
PG20 -15147.531441   5458.019248 -21177.982979    527.280022  5  5  5  88       
PG21  -9872.236391  11627.472093 -20991.030269     24.030351  1  6  5  88       
PG22  10832.650941  20708.772520  12964.035289   -771.822392  3  7  4 109       
PG23 -14579.235525   7802.382723 -20812.412132 999999.999999
PG24 -21696.498832 -15145.726248  -4198.436443    -15.698792  4  7  5  55       
PG25 -14750.538360  -4124.677030  21486.173985     23.650331  5  6  3  90       
PG26  -5441.469965  24692.399256   7713.378971    243.874866  4  7  4  82       
PG27  -2193.057404  16849.637824 -20467.459868   -346.608278  5  8  3  81       
PG28  12108.790892 -18319.745447 -14464.347489    699.279582  5  5  4 101       
PG29 -23324.839748   1330.349064  12629.259249   -150.972364  2  7  3  90       
PG30  16130.741264  -6850.648298 -19965.899112   -262.633006  4  5  5  98       
PG31  -6709.170768  13801.171812  21609.135337    -55.801254  2  1  3  89       
PG32 -19337.165021  16540.109255   7426.957160    317.459901  4  5  5  86       
*  2020  7 15 18 15  0.00000000
PG01  21581.175702  15180.915949  -4582.520574     25.734508  4  6  6  69       
PG02  -3695.980242 -17326.564214  20443.530894   -487.711146  3  6  7  82       
PG03  12214.745173  16482.429598  16858.638015   -240.657287  3  6  6  72       
PG04  17588.111087   5336.014646  19197.474496   -112.820304  6  6  8  93       
PG05  -1865.954360 -26386.026988   -135.034904    -16.731068  5  8  5  73       
PG06   9817.039792 -11426.890687  21926.762573   -303.445675  4  6  5  89       
PG07  23786.952055   3731.868263 -11423.161813   -327.946295  4  6  5  96       
PG08   7391.877111  13098.252365 -21874.380267    -41.073414  7  8  3  95       
PG09  23342.510210  -5439.412640  11413.988664   -254.126946  4  6     84       
PG10 -11874.074819  15262.564514 -18010.373614   -400.476382  4  5  6  86       
PG11  16179.819033  13213.425007 -16707.777211   -220.309406  4  8  6  93       
PG12 -10621.915457 -17587.332031  16680.404940     93.327145  6  6  7  99       
PG13   2061.037660 -16638.754493 -20694.170125     27.005731  5  6  4  89       
PG14 -15555.448153  17771.597660  12315.945533      1.574604  4  6  4 112       
PG15  -9886.454742 -12671.622680 -21465.421625   -217.347255  5  5  5  97       
PG16    805.638280  26126.503754  -3295.728342   -183.123309  5  7  6  85       
PG17  21325.378940 -15212.892517   4659.124423    296.359600  4  5  5  78       
PG18 -23354.139629  -3424.179573 -12223.392065    246.953584  4  7  5  86       
PG19  17322.061143 -16647.783537  10975.393449   -131.638983  2  5  6  81       
PG20 -15515.167300   3054.490047 -21415.133687    527.279858  4  5  5  98       
PG21 -12114.938102  10451.127499 -20421.025047     24.034285  1  6  5  68       
PG22  10685.360464  22050.562351  10639.921621   -771.820164  4  7  4 115       
PG23 -14701.973504   5390.881842 -21480.522063 999999.999999
PG24 -21026.076134 -15130.794058  -6888.053736    -15.699441  4  7  5  56       
PG25 -14712.835804  -6596.129367  20916.739151     23.654187  5  7  4  82       
PG26  -5766.369016  23661.181099  10291.016910    243.880966  4  7  5  86       
PG27  -4186.069049  17890.746353 -19196.703911   -346.616866  4  8  3  91       
PG28  12093.806601 -16455.003886 -16483.150458    699.276530  5  4  4 105       
PG29 -21973.060915    507.036231  14897.820513   -150.979829  2  7  4  98       
PG30  17959.148956  -5570.890698 -18790.439412   -262.639927  5  5  5  98       
PG31  -8842.721759  12523.184629  21660.081348    -55.803542  3  1  3  88       
PG32 -20063.831490  16659.076014   4684.826933    317.465528  4  5  4  74       
*  2020  7 15 18 30  0.00000000
PG01  20928.688372  15036.934716  -7351.255422     25.738168  4  6  6  66       
PG02  -1573.260323 -16540.765903  21372.471691   -487.716370  3  6  6  93       
PG03  12177.898389  18312.647143  14899.712523   -240.667677  4  7  6  88       
PG04  15726.769473   6624.187996  20372.874946   -112.824448  6  5  8  86       
PG05  -1559.032520 -26252.014163   2712.547678    -16.731700  5  8  5  99       
PG06  12012.131369 -10312.386434  21382.251745   -303.450229  4  5  5  83       
PG07  24754.556376   4464.564584  -8944.590992   -327.954174  4  5  5  57       
PG08   5329.759693  14489.924357 -21572.030412    -41.074376  6  8  3 100       
PG09  22284.508799  -4427.430607  13721.166241   -254.132752  3  5     90       
PG10 -12160.839367  13109.996990 -19470.354470   -400.485987  4  4  6 100       
PG11  14239.402579  13466.920277 -18275.202485   -220.299927  5  8  6  95       
PG12 -10475.483033 -19410.868769  14670.335972     93.322583  5  7  7 103       
PG13   4143.343225 -17573.699564 -19563.282058     27.008469  5  6  4  98       
PG14 -16736.056651  18174.189963   9848.226829      1.576979  4  6  3 103       
PG15  -8029.892310 -14179.649340 -21259.381491   -217.344838  5  5  5  92       
PG16    563.784753  26310.706918   -389.306393   -183.127135  5  8  6 101       
PG17  21697.823410 -15214.294852   1786.590899    296.364613  5  5  5  53       
PG18 -24369.724153  -4189.246154  -9752.808910    246.961962  3  7  5  75       
PG19  18420.063795 -17021.804734   8372.699182   -131.634421  3  5  6  81       
PG20 -15998.906453    667.773463 -21286.296509    527.280144  4  4  5  99       
PG21 -14330.925866   9419.598704 -19474.017433     24.038523  2  5  4  52       
PG22  10562.297038  23131.501203   8135.824359   -771.817591  4  7  4 119       
PG23 -14955.235894   2934.643917 -21779.944753 999999.999999
PG24 -20086.173060 -15033.109753  -9462.330151    -15.701591  4  7  5  86       
PG25 -14799.540973  -8977.184923  19981.228895     23.658046  5  7  4  87       
PG26  -6168.228589  22366.163871  12689.097993    243.887030  5  6  6  88       
PG27  -5986.972931  18950.368976 -17596.099907   -346.625489  4  8  3  88       
PG28  12174.331704 -14371.524900 -18207.904230    699.273239  5  4  3 105       
PG29 -20457.905978   -511.262250  16909.764678   -150.987526  3  6  5  90       
PG30  19713.664001  -4454.831059 -17292.452710   -262.646794  4  5  5  99       
PG31 -11021.637866  11366.159886  21337.331700    -55.805513  2  1  4  97       
PG32 -20522.074220  16638.418100   1861.486578    317.471023  4  5  4 103       
*  2020  7 15 18 45  0.00000000
PG01  19990.714275  14809.898610  -9996.817643     25.741898  4  7  6  85       
PG02    665.768191 -15843.635987  21954.045382   -487.721361  3  6  6  89       
PG03  12208.755277  19906.657649  12684.479254   -240.678058  5  7  6  84       
PG04  13842.506444   8073.107914  21198.323808   -112.828522  6  6  8  93       
PG05  -1194.149391 -25816.398422   5512.781178    -16.732250  5  8  5 105       
PG06  14189.318364  -9352.846503  20471.680170   -303.454706  4  5  5  89       
PG07  25493.826162   5028.561024  -6314.386252   -327.961985  4  5  5  80       
PG08   3386.298116  15956.640294 -20897.139486    -41.074581  7  8  3 101       
PG09  21084.156124  -3209.625963  15791.714262   -254.138538  3  5  1  94       
PG10 -12578.699994  10831.066765 -20590.565532   -400.495613  5  2  6 107       
PG11  12160.956650  13816.574147 -19536.420827   -220.290334  5  8  5  94       
PG12 -10416.103584 -20994.354989  12405.784139     93.318333  5  7  6 105       
PG13   6047.250344 -18545.557000 -18098.090651     27.011396  5  6  4  86       
PG14 -17654.798561  18481.063358   7211.740163      1.579720  4  6  4  65       
PG15  -6275.208769 -15747.834777 -20696.694761   -217.342572  5  5  5  86       
PG16    317.529394  26174.252086   2523.976315   -183.131798  5  7  5  68       
PG17  21800.383946 -15050.214049  -1116.649310    296.369411  5  5  5  92       
PG18 -25160.413487  -4781.601945  -7114.763419    246.970452  2  6  5  85       
PG19  19232.929856 -17297.347264   5623.928252   -131.629648  4  6  5  81       
PG20 -16587.870646  -1656.990975 -20794.328444    527.280076  4  4  4 105       
PG21 -16469.412399   8540.779333 -18167.735589     24.043016  1  5  3  88       
PG22  10429.422640  23936.319933   5493.874330   -771.815815  5  7  4 110       
PG23 -15338.445868    482.433251 -21705.555531 999999.999999
PG24 -18880.400228 -14889.343909 -11878.322502    -15.700765  4  6  5  73       
PG25 -14995.336528 -11221.479620  18697.034848     23.661883  5  8  5  89       
PG26  -6674.585384  20836.587406  14865.930595    243.893055  5  5  6 104       
PG27  -7572.490962  19986.978798 -15692.158677   -346.634153  4  8  3  90       
PG28  12374.186785 -12110.318064 -19606.138443    699.269787  5  4  2  93       
PG29 -18824.764230  -1729.852593  18630.269744   -150.995179  3  6  5  89       
PG30  21350.639054  -3504.402570 -15498.176216   -262.653701  4  5  6  94       
PG31 -13201.231059  10348.864099  20647.822816    -55.807688  3  2  4  91       
PG32 -20726.089163  16443.698603   -994.156190    317.476584  4  5  4  83       
*  2020  7 15 19  0  0.00000000
PG01  18771.225042  14540.292118 -12475.132476     25.745579  5  7  6  92       
PG02   2981.251309 -15256.503794  22179.231118   -487.726584  4  6  5  82       
PG03  12274.343732  21237.531893  10251.297280   -240.688418  6  8  6  82       
PG04  11979.480691   9664.171035  21659.568642   -112.832687  6  6  8  94       
PG05   -737.418871 -25094.138952   8216.666873    -16.733300  5  7  5  93       
PG06  16299.860322  -8555.051368  19210.675843   -303.459252  4  5  5  82       
PG07  25976.999006   5448.968384  -3577.653546   -327.969613  5  5  6  72       
PG08   1594.025820  17461.054078 -19860.632040    -41.076394  6  8  4  92       
PG09  19783.900447  -1785.837709  17589.792300   -254.144370  4  5  2  84       
PG10 -13135.919829   8473.830985 -21351.970473   -400.505264  5  1  5  95       
PG11   9984.861962  14274.653002 -20471.902785   -220.280556  5  8  5 100       
PG12 -10411.638149 -22308.860955   9926.670146     93.313788  5  8  6 102       
PG13   7745.877140 -19516.198130 -16323.182690     27.014472  5  7  4  82       
PG14 -18313.670558  18652.537070   4451.114626      1.582242  4  6  3  82       
PG15  -4649.494716 -17340.424074 -19785.509964   -217.339991  5  5  5  93       
PG16     28.255830  25720.925286   5392.485810   -183.136383  5  7  5  83       
PG17  21653.721238 -14687.302649  -4000.527584    296.374816  5  5  5  93       
PG18 -25694.858888  -5225.227824  -4354.543531    246.978836  2  6  5  90       
PG19  19766.643466 -17434.712123   2777.356689   -131.625212  5  6  5  88       
PG20 -17264.077120  -3877.492919 -19948.205412    527.279976  4  4  5 101       
PG21 -18480.682257   7813.972919 -16526.936092     24.046692  2  5  2  57       
PG22  10251.297002  24457.652845   2758.661194   -771.813426  5  7  4 115       
PG23 -15842.972559  -1917.646665 -21258.625919 999999.999999
PG24 -17420.273965 -14735.624103 -14095.731042    -15.702299  4  6  4  85       
PG25 -15277.747304 -13287.214426  17087.592796     23.665729  5  8  5  95       
PG26  -7307.375440  19108.078599  16783.793438    243.899188  5  4  6  97       
PG27  -8927.558560  20956.712456 -13516.821233   -346.642824  4  7  2  81       
PG28  12709.929107  -9718.030374 -20651.185674    699.266547  5  5  2  73       
PG29 -17120.719135  -3145.347528  20029.508406   -151.002598  3  6  6  92       
PG30  22828.269656  -2713.725662 -13438.801757   -262.660651  4  5  6  96       
PG31 -15335.127719   9482.126814  19604.712285    -55.809847  3  2  4  92       
PG32 -20697.656977  16045.170298  -3832.514610    317.482147  4  5  4  91       
*  2020  7 15 19 15  0.00000000
PG01  17282.769466  14267.916288 -14744.959442     25.749262  5  8  6  69       
PG02   5330.122974 -14793.670343  22044.464713   -487.731497  4  5  5  92       
PG03  12338.226670  22286.346450   7642.173131   -240.698809  7  8  6  98       
PG04  10178.648230  11371.330094  21748.597101   -112.836835  6  6  8  90       
PG05   -158.691137 -24108.332628  10776.795944    -16.734169  5  7  5 103       
PG06  18295.518505  -7917.313735  17620.829282   -303.463828  4  4  5  88       
PG07  26183.106655   5755.954830   -780.826490   -327.977610  5  5  6  78       
PG08    -21.556928  18961.436005 -18479.779072    -41.077266  6  8  4  89       
PG09  18426.996135   -164.233414  19084.241817   -254.150157  4  5  2  93       
PG10 -13832.587015   6087.840399 -21741.909351   -400.514881  4     5  94       
PG11   7753.426829  14846.576086 -21067.537931   -220.271202  5  8  5  94       
PG12 -10425.976696 -23333.620601   7276.392327     93.309585  5  8  6 103       
PG13   9220.087557 -20444.402921 -14268.497981     27.017556  5  7  4  81       
PG14 -18722.952640  18651.445154   1613.535772      1.584831  4  6  3  93       
PG15  -3173.454236 -18917.900929 -18539.804179   -217.337524  5  5  4  75       
PG16   -340.928475  24964.003919   8165.176923   -183.140788  5  7  5  86       
PG17  21285.765159 -14098.056901  -6814.795886    296.380057  5  4  5  95       
PG18 -25948.518840  -5549.691073  -1519.539602    246.987245  2  6  5  66       
PG19  20035.986350 -17397.449433   -117.358957   -131.620583  5  5  5  86       
PG20 -18003.127738  -5955.652093 -18762.834225    527.279983  3  4  5 104       
PG21 -20318.033219   7230.118605 -14582.803194     24.051037  2  4  2  52       
PG22   9992.589780  24696.246277    -23.475215   -771.811174  5  7  4 116       
PG23 -16452.436598  -4219.804750 -20446.802375 999999.999999
PG24 -15724.922897 -14606.065327 -16077.508730    -15.702459  4  6  4  83       
PG25 -15618.131786 -15138.567428  15181.887027     23.669480  5  8  5  83       
PG26  -8081.901288  17221.344463  18409.602096    243.905237  5  4  6 103       
PG27 -10045.762838  21815.077691 -11106.968310   -346.651508  4  7  2  83       
PG28  13189.993687  -7245.268041 -21322.830963    699.263232  6  5  2  79       
PG29 -15392.793787  -4745.599339  21083.175943   -151.009908  4  6  6  82       
PG30  24108.100066  -2069.541678 -11149.918897   -262.667561  4  5  6  83       
PG31 -17376.898340   8768.606998  18227.066055    -55.811918  2  2  5 107       
PG32 -20465.176055  15419.112755  -6604.207847    317.487715  4  5  3  85       
*  2020  7 15 19 30  0.00000000
PG01  15546.131071  14030.289349 -16768.509363     25.752987  6  8  5  76       
PG02   7667.467463 -14461.932724  21551.680402   -487.736505  4  5  3  83       
PG03  12362.058804  23042.756216   4902.028683   -240.709198  7  8  5  81       
PG04   8476.314662  13161.942410  21463.779567   -112.840978  5  7  8  92       
PG05    567.037414 -22889.339479  13148.227268    -16.735139  5  6  5 101       
PG06  20130.264535  -7429.682736  15729.330325   -303.468359  4  4  4  80       
PG07  26098.712755   5983.381475   2029.083821   -327.985599  5  5  6  80       
PG08  -1442.814927  20413.212676 -16777.941213    -41.078845  6  7  4  93       
PG09  17055.855435   1638.797736  20249.136640   -254.155972  4  5  2  94       
PG10 -14660.543619   3722.376152 -21754.284356   -400.524541  4  2  4 104       
PG11   5509.485814  15530.683392 -21314.749206   -220.261520  6  8  4  97       
PG12 -10420.617714 -24056.658706   4501.030830     93.305084  5  8  6  88       
PG13  10459.051753 -21287.450974 -11968.856135     27.020407  5  7  3 105       
PG14 -18900.724098  18444.737665  -1252.040038      1.587327  3  6  4  93       
PG15  -1860.746585 -20438.355489 -16979.255811   -217.335426  5  6  4  95       
PG16   -823.481597  23925.776331  10792.592096   -183.145053  5  7  5 102       
PG17  20730.591135 -13262.135667  -9509.929253    296.385064  5  4  5  99       
PG18 -25904.623547  -5788.806283   1341.564456    246.995686  2  5  4  81       
PG19  20063.749091 -17153.892633  -3010.080627   -131.616299  5  5  5  95       
PG20 -18775.149200  -7858.852249 -17258.773859    527.280058  2  4  5  98       
PG21 -21939.575589   6772.399280 -12372.186807     24.055618  2  4  2  83       
PG22   9619.605772  24660.874554  -2805.193189   -771.808803  5  7  5 117       
PG23 -17143.326446  -6382.124150 -19283.978113 999999.999999
PG24 -13820.527517 -14531.384661 -17790.425047    -15.703122  4  6  4  91       
PG25 -15982.918236 -16746.860318  13013.863569     23.673329  5  8  5  65       
PG26  -9006.072991  15220.679985  19715.482796    243.911322  5  4  5 103       
PG27 -10929.446648  22518.718061  -8503.826652   -346.660212  4  6  2  99       
PG28  13814.184725  -4744.730598 -21607.825218    699.260378  6  6  2  85       
PG29 -13686.208080  -6509.977972  21772.923418   -151.017522  4  6  6  93       
PG30  25156.405843  -1551.929817  -8670.893384   -262.674452  4  5  6  97       
PG31 -19281.678473   8202.882472  16539.457185    -55.814332  3     5 104       
PG32 -20062.440930  14548.943485  -9260.948898    317.493277  4  6  3  95       
*  2020  7 15 19 45  0.00000000
PG01  13589.696747  13861.143997 -18512.010835     25.756690  6  8  5  76       
PG02   9947.947532 -14260.372731  20708.300949   -487.741802  4  5  2  71       
PG03  12307.219349  23505.245705   2077.926221   -240.719624  7  9  5  65       
PG04   6902.875152  14997.882203  20809.903765   -112.845094  5  7  7  83       
PG05   1458.418162 -21473.627012  15289.323075    -16.735282  5  5  5  94       
PG06  21761.914533  -7074.472512  13568.512637   -303.472967  3  3  4  70       
PG07  25718.378833   6167.326125   4805.220160   -327.993235  5  5  6  64       
PG08  -2660.500735  21770.641752 -14784.196027    -41.079487  6  7  5  54       
PG09  15710.444111   3599.074380  21064.242813   -254.161757  4  5  3  97       
PG10 -15603.652776   1424.713313 -21389.621275   -400.534188  3  3  2  99       
PG11   3295.003658  16318.268722 -21210.534130   -220.252243  6  8  4  88       
PG12 -10356.331418 -24475.082836   1648.523926     93.300378  5  8  5  73       
PG13  11460.491950 -22002.792060  -9463.394991     27.023411  4  7  3 103       
PG14 -18872.073068  18004.954951  -4095.732724      1.590113  3  5  3  83       
PG15   -717.588324 -21858.973238 -15129.024857   -217.332727  5  6  4  83       
PG16  -1447.851286  22636.696938  13227.837825   -183.149172  4  6  5  94       
PG17  20027.043522 -12167.422842 -12038.049910    296.390043  5  4  5  90       
PG18 -25554.853603  -5979.133691   4179.622960    247.004088  4  5  4  81       
PG19  19879.649011 -16678.496626  -5851.071663   -131.611377  6  5  4  62       
PG20 -19545.947657  -9560.964885 -15461.872126    527.279880  1  4  6 104       
PG21 -23309.805183   6417.195389  -9936.711358     24.059507  3  3  2  67       
PG22   9101.765870  24367.963153  -5538.927502   -771.806641  6  7  5 109       
PG23 -17885.902163  -8367.975429 -17790.059866 999999.999999
PG24 -11739.511790 -14537.648457 -19205.579362    -15.705065  4  5  4  89       
PG25 -16335.031597 -18091.438425  10621.768364     23.677176  6  8  5  79       
PG26 -10079.952609  13152.351487  20679.243541    243.917413  5  3  5  96       
PG27 -11589.469128  23027.165008  -5752.278966   -346.668889  5  5  2  74       
PG28  14573.548634  -2269.238880 -21500.240277    699.256823  6  6  2  87       
PG29 -12042.715268  -8409.985116  22086.687788   -151.024991  4  6  6  91       
PG30  25945.402664  -1135.277226  -6044.192075   -262.681315  3  4  6  72       
PG31 -21007.721230   7771.851954  14571.487569    -55.816429  3     5  82       
PG32 -19527.214569  13426.056439 -11756.417367    317.498801  4  6  2  81       
*  2020  7 15 20  0  0.00000000
PG01  11448.558745  13789.073187 -19946.221668     25.760389  6  7  4  83       
PG02  12127.255196 -14180.417245  19527.175087   -487.746893  4  5  1  87       
PG03  12136.457280  23681.051933   -781.735837   -240.730057  8  9  5  51       
PG04   5481.790205  16836.875020  19798.100362   -112.849207  5  7  7  80       
PG05   2526.799738 -19902.379722  17162.523599    -16.736554  5  4  5 105       
PG06  23153.627398  -6827.094783  11175.312829   -303.477553  3  3  5  72       
PG07  25044.848398   6344.549569   7501.584505   -328.001179  5  5  6  65       
PG08  -3673.944880  22988.556113 -12532.853586    -41.080272  6  6  5  66       
PG09  14426.783671   5685.359646  21515.379052   -254.167574  4  5  3  99       
PG10 -16638.390355   -761.520820 -20655.008826   -400.543803  2  3  1 102       
PG11   1149.729784  17193.871358 -20757.438268   -220.242704  6  8  4  99       
PG12 -10194.840416 -24595.035050  -1232.167525     93.295884  5  8  5  92       
PG13  12230.602126 -22549.732692  -6794.927663     27.026452  4  7  2  76       
PG14 -18668.024505  17311.511598  -6867.632714      1.592556  2  5  3  85       
PG15    257.363591 -23137.593428 -13019.436568   -217.330591  4  6  3  66       
PG16  -2236.104744  21134.210956  15427.512438   -183.153645  4  6  6  93       
PG17  19217.156155 -10810.781298 -14353.852756    296.395545  5  4  5  90       
PG18 -24899.706362  -6158.373346   6945.869122    247.012507  5  5  4  88       
PG19  19519.003544 -15952.930912  -8591.847380   -131.606660  6  4  4  90       
PG20 -20278.333799 -11043.127447 -13402.824406    527.279960  1  4  6  98       
PG21 -24400.880857   6135.329816  -7321.792084     24.063595  3  4  3  78       
PG22   8412.986807  23840.929715  -8177.686923   -771.804271  6  7  5 115       
PG23 -18645.352271 -10147.227855 -15990.633179 999999.999999
PG24  -9519.513781 -14645.196111 -20298.858814    -15.705398  3  5  4  92       
PG25 -16635.451209 -19160.236071   8047.426852     23.680987  6  8  4  88       
PG26 -11295.618810  11062.920584  21284.735230    243.923531  5  3  4  90       
PG27 -12044.627341  23304.505896  -2900.087647   -346.677587  5  4  2  83       
PG28  15450.640967    130.253667 -21001.648975    699.253676  6  6  3  66       
PG29 -10499.082709 -10410.181902  22018.912401   -151.032739  4  6  6  96       
PG30  26454.237842   -789.463193  -3314.665688   -262.688215  3  4  6  57       
PG31 -22517.826011   7455.428323  12357.244072    -55.818494  3     5  96       
PG32 -18899.651891  12050.352221 -14047.099023    317.504338  3  6  3  90       
*  2020  7 15 20 15  0.00000000
PG01   9163.380635  13836.371356 -21046.880977     25.764040  6  7  4  84       
PG02  14163.540920 -14206.171015  18026.459908   -487.752026  4  5     84       
PG03  11815.485880  23585.764160  -3628.043075   -240.740433  8  9  4  82       
PG04   4228.836316  18634.003938  18445.660223   -112.853350  5  7  7  78       
PG05   3775.573830 -18219.930473  18735.043199    -16.737167  5  4  4  96       
PG06  24275.210744  -6657.163516   8590.652329   -303.482155  2  3  5  74       
PG07  24088.948378   6550.958559  10073.711937   -328.008948  5  5  6  78       
PG08  -4490.903670  24024.107942 -10062.867254    -41.082061  6  6  5  32       
PG09  13235.618798   7860.377593  21594.670893   -254.173385  4  5  3  93       
PG10 -17734.734500  -2797.830649 -19563.920575   -400.553315  3  4  1  89       
PG11   -890.054286  18135.812479 -19963.465681   -220.233059  6  7  4  79       
PG12  -9900.452920 -24431.311399  -4091.892601     93.291341  5  8  5  59       
PG13  12783.642364 -22891.073488  -4009.227035     27.029578  3  7  2  78       
PG14 -18324.224258  16351.731975  -9518.725000      1.595108  2  5  4  84       
PG15   1072.836694 -24234.280599 -10685.565900   -217.327969  4  7  3  84       
PG16  -3202.825865  19461.298635  17352.560120   -183.157829  3  6  6  97       
PG17  18344.431335  -9198.457600 -16415.509544    296.400666  6  4  5  74       
PG18 -23948.535456  -6363.717625   9592.750366    247.020895  6  5  4  90       
PG19  19021.215823 -14966.889978 -11185.979444   -131.602293  6  4  4  60       
PG20 -20933.568859 -12294.249744 -11116.661648    527.279659  2  5  6  99       
PG21 -25193.556185   5893.535935  -4575.597115     24.067632  2  4  3  54       
PG22   7532.905174  23109.264268 -10675.858716   -771.801760  6  6  5 109       
PG23 -19383.159649 -11697.213123 -13916.531290 999999.999999
PG24  -7202.169453 -14867.779026 -21051.335519    -15.704878  3  5  4  92       
PG25 -16844.836079 -19950.012251   5335.481283     23.684828  6  8  4  74       
PG26 -12637.355034   8997.575287  21522.098253    243.929682  5  2  4  95       
PG27 -12320.757980  23320.898027      2.954438   -346.686263  5  4  2  86       
PG28  16420.179219   2406.574050 -20121.120465    699.250705  6  6  3  75       
PG29  -9085.776090 -12469.395401  21570.653229   -151.039759  4  6  6  93       
PG30  26669.729394   -481.211160   -528.800759   -262.695107  3  4  6  64       
PG31 -23780.594092   7227.491976   9934.700205    -55.820815  4     5  51       
PG32 -18220.638361  10430.436959 -16093.074642    317.509866  3  6  3  85       
*  2020  7 15 20 30  0.00000000
PG01   6779.065307  14018.111802 -21795.097479     25.767700  6  6  4  89       
PG02  16018.776683 -14315.015392  16229.444612   -487.757274  4  4  1  80       
PG03  11314.465746  23242.617744  -6412.387718   -240.750827  9  8  4  74       
PG04   3151.660171  20343.330388  16775.745825   -112.857489  5  8  7  92       
PG05   5199.845495 -16472.078170  19979.472483    -16.737701  5  3  4 103       
PG06  25104.185019  -6529.829523   5858.751380   -303.486733  2  3  5  60       
PG07  22869.215873   6820.117939  12479.308950   -328.016771  6  5  6  76       
PG08  -5127.068747  24838.442125  -7417.149525    -41.083433  5  6  5  74       
PG09  12161.302137  10082.070897  21300.693526   -254.179185  4  5  3  87       
PG10 -18857.314944  -4652.122947 -18135.926409   -400.562946  3  4  2  89       
PG11  -2792.656012  19116.955795 -18841.930197   -220.223721  6  7  4  65       
PG12  -9441.587097 -24006.669431  -6882.126434     93.287054  5  7  5  80       
PG13  13141.221266 -22994.632878  -1154.248501     27.032499  3  7  2  88       
PG14 -17879.428975  15121.587794 -12001.822905      1.597858  1  4  3  97       
PG15   1744.475439 -25112.849527  -8166.722274   -217.325966  4  7  3  67       
PG16  -4354.329375  17664.802386  18969.028444   -183.161797  2  5  6  89       
PG17  17452.047359  -7346.110767 -18185.527579    296.405947  6  4  5  90       
PG18 -22719.261400  -6630.226293  12074.744059    247.029282  7  5  5  86       
PG19  18428.134445 -13718.595242 -13589.842621   -131.597710  6  4  4  85       
PG20 -21472.878091 -13311.232000  -8642.175216    527.279726  3  5  6  80       
PG21 -25677.735477   5656.072592  -1747.992761     24.071650  2  4  4  50       
PG22   6447.895667  22207.380150 -12990.006645   -771.799520  5  6  5  99       
PG23 -20058.624257 -13003.405107 -11603.314293 999999.999999
PG24  -4831.750110 -15211.946801 -21449.597664    -15.706055  3  4  4  85       
PG25 -16925.153772 -20466.254748   2532.601419     23.688651  6  8  3  73       
PG26 -14082.151526   6998.533463  21387.892671    243.935811  5  2  4  60       
PG27 -12449.552351  23053.863467   2905.929824   -346.694987  4  4  2  86       
PG28  17450.053089   4518.077655 -18875.028770    699.247444  6  6  4  51       
PG29  -7825.898530 -14542.158014  20749.568356   -151.047519  4  6  6 104       
PG30  26586.826966   -175.556641   2266.047905   -262.701990  3  3  6  60       
PG31 -24771.469079   7057.065013   7345.073968    -55.822934  4  1  5  62       
PG32 -17530.111166   8583.480517 -17858.741700    317.515393  3  6  3  94       
*  2020  7 15 20 45  0.00000000
PG01   4343.269573  14341.493661 -22177.669392     25.771326  6  6  4  84       
PG02  17660.008734 -14478.459225  14164.311080   -487.762267  3  4  2  75       
PG03  10609.320143  22681.510674  -9087.280822   -240.761132  9  8  4  76       
PG04   2249.653440  21919.567784  14817.001048   -112.861640  5  8  6  60       
PG05   6786.442155 -14704.360965  20874.273422    -16.738295  5  2  4  70       
PG06  25626.565171  -6407.294022   3026.385709   -303.491304  2  3  5  75       
PG07  21411.266270   7181.861357  14678.853049   -328.024580  6  5  5  76       
PG08  -5605.256805  25398.230310  -4641.805527    -41.084758  5  5  5  71       
PG09  11220.940069  12305.051569  20638.500417   -254.184961  4  5  3  93       
PG10 -19966.774404  -6299.718238 -16396.302311   -400.572554  4  4  2  69       
PG11  -4531.927193  20105.666025 -17411.250390   -220.214247  6  6  3  59       
PG12  -8792.130884 -23350.854783  -9555.758001     93.282789  5  7  5  78       
PG13  13331.292353 -22834.596079   1720.696477     27.035599  2  7  2  84       
PG14 -17373.861887  13626.099477 -14272.489298      1.600161  1  3  3  93       
PG15   2294.092171 -25742.282835  -5505.836799   -217.323335  4  7  3  53       
PG16  -5688.226257  15793.610217  20248.710091   -183.165830  2  5  6 102       
PG17  16581.070549  -5278.454626 -19631.538092    296.411296  6  4  5  85       
PG18 -21237.763861  -6989.287492  14349.139682    247.037665  8  5  6  75       
PG19  17782.351877 -12214.975273 -15763.294919   -131.592972  6  4  4  85       
PG20 -21858.976154 -14098.888168  -6021.286578    527.279825  4  6  6  79       
PG21 -25852.645039   5386.406727   1110.493693     24.075824  1  4  4  76       
PG22   5151.840247  21173.276977 -15079.648051   -771.796783  5  5  5 111       
PG23 -20630.484317 -14059.789869  -9090.666786 999999.999999
PG24  -2453.699303 -15676.705070 -21486.008775    -15.705847  2  5  4  87       
PG25 -16841.250878 -20722.763283   -313.316734     23.692447  6  8  2  58       
PG26 -15600.499102   5103.579948  20885.112625    243.941836  5  2  5  89       
PG27 -12467.130985  22489.307427   5757.739977   -346.703688  3  4  2  75       
PG28  18502.644893   6430.149727 -17286.680577    699.244509  6  6  4  64       
PG29  -6734.426014 -16580.324404  19569.790328   -151.055260  4  7  6  94       
PG30  26208.779118    162.624464   5022.433147   -262.708925  3  3  6  61       
PG31 -25473.528571   6909.660458   4632.151797    -55.825108  5  2  5  74       
PG32 -16865.431261   6534.738905 -19313.454067    317.520944  2  5  4  82       
*  2020  7 15 21  0  0.00000000
PG01   1904.815265  14805.483601 -22187.331044     25.774933  6  5  4  75       
PG02  19060.457273 -14663.220409  11863.826125   -487.767378  3  4  3  50       
PG03   9682.833271  21937.781389 -11607.141620   -240.771418  8  8  4  43       
PG04   1514.152881  23319.743823  12603.065390   -112.865806  5  8  5  77       
PG05   8514.260916 -12960.355870  21404.157464    -16.739148  5  2  3  73       
PG06  25837.329681  -6250.443153    142.097473   -303.495865  2  3  5  23       
PG07  19746.926125   7661.046008  16636.151148   -328.032398  6  5  5  69       
PG08  -5954.311599  25677.002059  -1785.299262    -41.085277  5  5  5  94       
PG09  10423.832749  14482.188803  19619.536950   -254.190753  4  5  4  80       
PG10 -21021.286996  -7724.067875 -14375.548686   -400.582076  5  5  3  93       
PG11  -6088.024386  21066.933659 -15694.690133   -220.204295  6  6  3  53       
PG12  -7932.588923 -22499.387176 -12067.839337     93.278243  5  6  5  80       
PG13  13386.902138 -22392.634169   4565.801688     27.038563  3  6  2  71       
PG14 -16847.502478  11879.377027 -16289.921639      1.602846  2  3  3  67       
PG15   2748.659619 -26097.981840  -2748.757327   -217.321166  4  7  3  54       
PG16  -7193.358188  13896.775094  21169.653717   -183.170369  2  5  7  89       
PG17  15768.749973  -3028.520954 -20726.990196    296.416087  6  4  5  81       
PG18 -19536.978367  -7467.224880  16376.774019    247.046146  8  5  6  88       
PG19  17125.506034 -10471.523158 -17670.284425   -131.588361  7  4  4  81       
PG20 -22057.548545 -14669.578405  -3298.370203    527.279849  5  6  6  98       
PG21 -25726.629885   5048.886151   3949.664303     24.079924  1  5  4  48       
PG22   3646.613509  20047.065178 -16907.994796   -771.794795  5  4  4 109       
PG23 -21058.573565 -14868.912008  -6421.723618 999999.999999
PG24   -113.119121 -16253.460819 -21158.889225    -15.707429  3  5  4  90       
PG25 -16562.307064 -20740.933790  -3153.950834     23.696272  6  8  2  11       
PG26 -17157.441371   3344.792222  20023.087865    243.948001  5  2  6  80       
PG27 -12412.435774  21622.213968   8508.065436   -346.712386  3  4  3  89       
PG28  19536.396788   8116.392335 -15385.775972    699.241115  6  6  4  66       
PG29  -5817.768937 -18534.803473  18051.683242   -151.062941  5  7  5  96       
PG30  25547.002010    567.084453   7693.588928   -262.715839  4  4  6  52       
PG31 -25878.002438   6748.755883   1841.587843    -55.827485  5  3  5  57       
PG32 -16259.872326   4316.759662 -20432.066882    317.526565  2  5  4  78       
*  2020  7 15 21 15  0.00000000
PG01   -487.949205  15400.768137 -21822.921044     25.778553  6  5  4  55       
PG02  20200.422712 -14832.508767   9364.960143   -487.772525  3  4  4  50       
PG03   8525.490090  21050.794716 -13929.052088   -240.781763  8  7  5  87       
PG04    928.957917  24504.787445  10172.000325   -112.869978  5  8  5  71       
PG05  10354.939346 -11280.074010  21560.339752    -16.739580  5  2  3  86       
PG06  25740.558398  -6020.540619  -2744.626975   -303.500430  3  3  5  45       
PG07  17913.160713   8276.491884  18318.854534   -328.040180  6  4  5  76       
PG08  -6207.762894  25656.217508   1102.430161    -41.086474  4  5  5  84       
PG09   9771.230032  16566.272514  18261.440491   -254.196532  4  5  4  92       
PG10 -21978.173576  -8917.153776 -12108.828485   -400.591671  6  5  3  67       
PG11  -7447.950592  21963.630007 -13720.045652   -220.194990  5  5  3  60       
PG12  -6850.977068 -21492.153663 -14376.287420     93.273980  5  6  5  98       
PG13  13344.738075 -21658.746511   7331.646635     27.041504  3  6  3  80       
PG14 -16338.382956   9904.291854 -18017.776855      1.605380  2  2  2  94       
PG15   3139.079662 -26162.795303     56.539729   -217.318634  4  7  3  75       
PG16  -8850.101317  12021.651748  21716.533685   -183.174526  2  4  7  93       
PG17  15046.971286   -636.568845 -21451.728125    296.421254  6  5  6  86       
PG18 -17655.731646  -8084.105542  18122.706681    247.054587  9  5  7  85       
PG19  16496.647289  -8511.841433 -19279.378148   -131.584006  7  4  5  80       
PG20 -22038.634778 -15042.564770   -519.538406    527.279574  6  7  6  65       
PG21 -25316.602826   4610.330888   6720.570536     24.084037  1  4  5  47       
PG22   1942.260085  18869.408452 -18442.642499   -771.792556  5  3  4 106       
PG23 -21305.450511 -15441.595701  -3642.334683 999999.999999
PG24   2146.741339 -16926.261680 -20472.613949    -15.707400  3  5  4  73       
PG25 -16063.120624 -20548.775961  -5941.338875     23.700061  6  8  2  65       
PG26 -18713.842491   1747.501300  18817.277320    243.954171  6  2  6  72       
PG27 -12325.506491  20456.986305  11108.320117   -346.721063  2  3  3 100       
PG28  20507.549452   9559.445920 -13207.722579    699.237874  6  6  5  32       
PG29  -5073.676642 -20357.338099  16221.488635   -151.070168  5  7  5  87       
PG30  24620.655179   1068.726345  10234.190742   -262.722759  4  4  6  60       
PG31 -25984.502631   6537.337666   -979.812872    -55.829566  6  4  4  63       
PG32 -15741.287574   1968.302081 -21195.376115    317.532047     5  5  78       
*  2020  7 15 21 30  0.00000000
PG01  -2788.780187  16110.022523 -21089.466721     25.782142  6  4  4  72       
PG02  21067.961889 -14947.472962   6708.427378   -487.777735  4  4  4  70       
PG03   7136.026399  20062.389951 -16013.465793   -240.792186  7  7  5  83       
PG04    471.145458  25440.979046   7565.637254   -112.874150  6  8  4  86       
PG05  12273.821264  -9698.516070  21340.665940    -16.740255  5  2  3  88       
PG06  25349.233124  -5680.913037  -5584.199134   -303.505012  3  4  6  41       
PG07  15950.831825   9040.140245  19698.928085   -328.047850  6  4  5  66       
PG08  -6402.297614  25326.036641   3970.883492    -41.088678  3  5  5  85       
PG09   9256.412372  18511.688039  16587.730449   -254.202291  5  5  4  67       
PG10 -22795.551367  -9879.560255  -9635.337079   -400.601256  6  5  3  85       
PG11  -8605.860414  22757.852783 -11519.279278   -220.185556  5  4  4  59       
PG12  -5543.434556 -20371.862530 -16442.531395     93.269893  5  6  5  82       
PG13  13243.533380 -20631.790260   9970.079320     27.044499  3  6  3  78       
PG14 -15880.965830   7731.787938 -19424.912761      1.607996  3  2  3  86       
PG15   3498.774305 -25927.777688   2860.808100   -217.316381  5  7  4  87       
PG16 -10631.022778  10212.130177  21880.873420   -183.178676  4  5  8  83       
PG17  14440.940166   1851.316823 -21792.432657    296.426320  5  5  6  85       
PG18 -15637.359820  -8852.795633  19556.824272    247.063104  9  5  6  98       
PG19  15930.728960  -6366.895553 -20564.209932   -131.579270  7  4  5  84       
PG20 -21777.862308 -15243.113906   2268.102648    527.279527  7  7  6  83       
PG21 -24647.186261   4041.480550   9376.346119     24.088087  1  4  5  81       
PG22     56.851575  17679.944881 -19656.192442   -771.789971  6  3  3 104       
PG23 -21337.936473 -15796.351249   -800.281001 999999.999999
PG24   4285.941267 -17672.325656 -19437.620493    -15.709098  2  5  3  72       
PG25 -15325.180945 -20179.704719  -8628.642238     23.703829  6  7  3  86       
PG26 -20227.819948    329.524575  17288.961299    243.960304  7  3  6  68       
PG27 -12245.714581  19007.414454  13512.576794   -346.729733  2  3  3  75       
PG28  21371.969615  10751.414284 -10792.828925    699.234853  6  7  5  60       
PG29  -4491.488230 -22002.263297  14110.866405   -151.077861  6  7  5  87       
PG30  23455.940409   1694.235242  12601.092744   -262.729753  5  4  5  70       
PG31 -25800.959031   6239.460694  -3784.819530    -55.831864  6  4  3  76       
PG32 -15331.007645   -466.984247 -21590.444939    317.537633  1  5  5  64       
*  2020  7 15 21 45  0.00000000
PG01  -4955.105322  16908.491634 -19998.179491     25.785739  6  4  4  64       
PG02  21659.302829 -14968.766447   3938.144101   -487.782978  4  4  4  72       
PG03   5521.668557  19015.249647 -17824.860781   -240.802628  6  6  5  65       
PG04    112.150092  26101.207595   4828.857975   -112.878330  6  8  3  78       
PG05  14231.176934  -8244.444950  20749.611299    -16.740959  6  2  4  74       
PG06  24684.707634  -5198.562480  -8327.776293   -303.509572  4  4  6  68       
PG07  13903.326219   9956.459625  20753.071109   -328.055674  6  4  5  79       
PG08  -6576.106672  24685.753040   6769.927648    -41.089861  3  5  5  97       
PG09   8865.092847  20276.036991  14627.394007   -254.208088  5  5  4  80       
PG10 -23433.955064 -10620.219857  -6997.616195   -400.610923  7  5  3  76       
PG11  -9563.117282  23412.319469  -9128.099568   -220.176084  5  3  4  67       
PG12  -4014.534255 -19182.414924 -18232.099053     93.265331  5  5  5  78       
PG13  13122.392224 -19319.673007  12435.083803     27.047457  4  6  3  76       
PG14 -15504.674493   5399.857616 -20486.024600      1.610451  4  2  2  83       
PG15   3862.154507 -25392.638243   5614.444407   -217.314124  5  6  4  92       
PG16 -12501.857676   8507.038889  21661.122083   -183.183051  5  5  8  77       
PG17  13968.155924   4384.879200 -21742.911813    296.431687  5  5  6  86       
PG18 -13528.162099  -9778.301243  20654.362682    247.071555  8  5  6  88       
PG19  15457.273459  -4074.006274 -21503.845820   -131.574913  7  5  6  79       
PG20 -21257.485229 -15301.379472   5017.216173    527.279448  7  7  6  88       
PG21 -23749.596746   3318.246319  11872.942105     24.092708  1  4  5  84       
PG22  -1983.976599  16515.749775 -20526.791132   -771.787697  6  4  3 112       
PG23 -21128.502386 -15958.490166   2055.544791 999999.999999
PG24   6269.193511 -18462.847373 -18070.321963    -15.710404  2  4  3  66       
PG25 -14337.491825 -19671.152965 -11170.876188     23.707597  5  7  3  98       
PG26 -21656.286272   -899.303678  15464.840321    243.966479  8  3  7  72       
PG27 -12210.029624  17296.269472  15678.441237   -346.738406  3  3  3  87       
PG28  22086.981620  11693.882863  -8185.406431    699.231334  6  7  5  69       
PG29  -4052.719136 -23428.174205  11756.339070   -151.085581  6  7  4  82       
PG30  22085.149463   2464.869491  14754.031648   -262.736670  5  3  5  72       
PG31 -25343.265478   5821.768433  -6526.501388    -55.833944  6  5  3  70       
PG32 -15043.012880  -2942.069481 -21610.811730    317.543273  2  4  5  68       
*  2020  7 15 22  0  0.00000000
PG01  -6949.468214  17764.867368 -18566.356167     25.789309  5  4  4  68       
PG02  21978.973458 -14858.180190   1100.602939   -487.788004  5  5  4  70       
PG03   3698.053473  17951.250264 -19332.327134   -240.813079  5  5  5  78       
PG04   -180.932702  26465.985540   2008.820028   -112.882523  6  8  3  73       
PG05  16183.626928  -6939.422758  19798.154967    -16.741707  6  2  4  74       
PG06  23775.866564  -4545.643115 -10928.101010   -303.514156  5  3  6  54       
PG07  11815.099019  11022.120604  21463.086525   -328.063426  6  3  4  84       
PG08  -6767.176315  23743.874240   9450.713210    -41.091450  2  5  5  91       
PG09   8576.123705  21821.641366  12414.375191   -254.213860  5  5  4  92       
PG10 -23857.868782 -11155.847124  -4240.824302   -400.620503  8  5  4  65       
PG11 -10328.098239  23891.763476  -6585.487254   -220.166558  5  3  4  70       
PG12  -2277.281975 -17967.253008 -19715.137510     93.260937  5  5  5  83       
PG13  13019.102814 -17739.198154  14683.614849     27.050431  4  5  4  80       
PG14 -15232.642480   2952.223480 -21182.158214      1.613144  4  2  2  90       
PG15   4263.030137 -24565.854570   8268.435031   -217.312000  6  6  4  92       
PG16 -14422.760842   6938.781391  21062.588793   -183.187147  6  5  9  87       
PG17  13637.722445   6911.524082 -21304.231103    296.436955  5  5  6  66       
PG18 -11375.748969 -10857.420963  21396.338364    247.080055  8  5  6  71       
PG19  15099.259010  -1675.619296 -22083.066308   -131.570163  7  5  6  70       
PG20 -20467.188336 -15251.105055   7681.007113    527.279140  7  7  6  95       
PG21 -22660.328530   2422.728280  14169.759281     24.096566  2  4  6  54       
PG22  -4147.794764  15409.902885 -21038.573557   -771.785368  6  4  3 116       
PG23 -20656.449953 -15958.983159   4875.979511 999999.999999
PG24   8067.048579 -19264.056432 -16392.920271    -15.711361  2  4  2  66       
PG25 -13097.118996 -19063.057888 -13525.600198     23.711446  5  7  4  52       
PG26 -22956.540400  -1937.290052  13376.549658    243.972701  9  4  7  85       
PG27 -12251.392737  15354.540296  17567.853737   -346.747010  3  3  3  87       
PG28  22613.121169  12397.540684  -5432.811196    699.228321  7  7  5  74       
PG29  -3731.959596 -24599.438778   9198.649569   -151.092931  7  6  4  81       
PG30  20545.495284   3395.456938  16656.287827   -262.743583  5  3  4  75       
PG31 -24634.649378   5254.920034  -9158.947384    -55.836063  6  5  2  37       
PG32 -14883.411682  -5408.181788 -21256.577302    317.548863  3  4  5  89       
*  2020  7 15 22 15  0.00000000
PG01  -8740.796678  18642.436126 -16817.181821     25.792765  5  4  4  57       
PG02  22039.628210 -14580.283685  -1755.835746   -487.793007  5  5  4  75       
PG03   1688.831291  16909.856384 -20510.080710   -240.823534  5  5  5  81       
PG04   -443.871543  26524.181720   -845.859560   -112.886696  7  8  4  69       
PG05  18085.711198  -5797.147623  18503.534995    -16.742522  5  2  4  70       
PG06  22658.004596  -3700.743665 -13340.317666   -303.518706  6  3  6  79       
PG07   9730.179343  12225.952958  21816.194352   -328.070898  7  3  4  90       
PG08  -7011.595008  22517.845970  11966.563258    -41.093167  3  5  5  96       
PG09   8362.478773  23116.872610   9986.976814   -254.219750  6  4  3  91       
PG10 -24037.112482 -11510.085346  -1411.975707   -400.630194  8  5  4  56       
PG11 -10915.749050  24164.286803  -3933.166682   -220.157165  5  3  4  41       
PG12   -352.806347 -16767.743385 -20866.863824     93.256847  5  4  5  88       
PG13  12968.506917 -15915.566852  16676.382206     27.053336  5  5  4  81       
PG14 -15080.737302    436.781996 -21501.085211      1.615621  5  1  3  88       
PG15   4733.029217 -23464.438678  10775.314303   -217.309607  6  6  4  91       
PG16 -16349.776934   5532.257220  20097.242643   -183.191302  8  5  9  82       
PG17  13450.027470   9378.254750 -20484.679258    296.442117  4  5  6  73       
PG18  -9227.348020 -12078.724674  21769.880927    247.088581  7  5  6  82       
PG19  14872.263606    782.102964 -22292.565571   -131.565486  7  5  6  75       
PG20 -19404.625157 -15128.195010  10213.993042    527.278851  7  7  6  88       
PG21 -21419.695136   1343.971154  16230.177927     24.100639  2  4  6  62       
PG22  -6396.428217  14390.219412 -21181.997832   -771.782923  6  5  3 113       
PG23 -19908.840541 -15833.105383   7612.437470 999999.999999
PG24   9656.869969 -20038.493160 -14433.116382    -15.712054  1  4  2  86       
PG25 -11609.445000 -18396.276172 -15653.561654     23.715194  5  6  4  75       
PG26 -24087.848348  -2790.725835  11060.099509    243.978849  9  3  7  88       
PG27 -12397.266379  13220.345200  19147.799010   -346.755659  3  3  4 113       
PG28  22915.736255  12881.435011  -2584.456439    699.225267  6  6  5  83       
PG29  -3498.048742 -25487.496192   6482.044550   -151.100371  7  6  3  83       
PG30  18877.769024   4493.634381  18275.294337   -262.750485  6  3  4  73       
PG31 -23704.787133   4514.874305 -11637.972568    -55.838311  6  5  2  43       
PG32 -14850.243774  -7816.508801 -20534.371647    317.554408  3  3  5  94       
*  2020  7 15 22 30  0.00000000
PG01 -10305.444586  19500.459198 -14779.430867     25.796347  4  4  3  14       
PG02  21861.566706 -14104.011008  -4581.731062   -487.798394  6  5  4  51       
PG03   -475.035295  15926.618517 -21337.895569   -240.833976  5  4  5  69       
PG04   -713.710450  26273.443336  -3685.947691   -112.890902  7  8  4  72       
PG05  19891.539903  -4823.112829  16888.892342    -16.743230  5  3  4  62       
PG06  21371.468374  -2649.924616 -15522.751760   -303.523286  6  3  6  67       
PG07   7690.687344  13549.190634  21805.284571   -328.078826  7  3  4  86       
PG08  -7341.945866  21033.432594  14273.814763    -41.093712  4  5  5 108       
PG09   8192.472139  24137.254338   7387.186438   -254.225572  6  3  3  86       
PG10 -23948.032638 -11712.401341   1440.839694   -400.639794  8  5  5  76       
PG11 -11346.900110  24202.622618  -1215.023019   -220.147554  6  4  4  64       
PG12   1730.248964 -15621.652651 -21667.941906     93.252279  6  4  5  80       
PG13  13000.992602 -13881.554559  18378.567978     27.056324  5  5  4  86       
PG14 -15056.901953  -2096.124107 -21437.530112      1.618136  6  2  3  86       
PG15   5300.096255 -22113.359307  13090.109172   -217.307227  6  5  4  89       
PG16 -18236.464910   4304.104886  18783.389975   -183.195453  9  6 10  92       
PG17  13396.803369  11733.621687 -19299.571363    296.447479  4  5  7  62       
PG18  -7128.132189 -13422.860424  21768.461065    247.097131  7  5  6 103       
PG19  14783.893824   3250.817565 -22129.068193   -131.561215  7  5  7  88       
PG20 -18075.667727 -14969.205941  12572.762582    527.278940  7  6  6  95       
PG21 -20070.288086     78.443276  18021.988763     24.104740  3  4  6  87       
PG22  -8687.246972  13478.198314 -20954.061105   -771.780430  5  6  3 113       
PG23 -18881.134758 -15618.921822  10217.750663 999999.999999
PG24  11023.559777 -20746.457463 -12223.716038    -15.713003  2  4  2  70       
PG25  -9888.124553 -17710.984803 -17519.287385     23.719039  5  6  4  76       
PG26 -25012.954148  -3473.426379   8555.251293    243.984939 10  3  7  84       
PG27 -12668.421898  10937.564250  20390.908362   -346.764274  3  4  4 102       
PG28  22966.371316  13171.903768    309.175292    699.221885  6  6  4  82       
PG29  -3315.477101 -26071.890507   3653.496498   -151.107799  7  5  4  92       
PG30  17124.871561   5759.359885  19583.185020   -262.757393  6  3  4  64       
PG31 -22588.695830   3583.984950 -13921.804424    -55.840195  6  6  3  57       
PG32 -14933.613882 -10119.895438 -19457.203001    317.559992  3  3  5  80       
*  2020  7 15 22 45  0.00000000
PG01 -11627.963831  20295.738874 -12487.064633     25.799916  4  4  3  95       
PG02  21471.950482 -13404.126017  -7327.418898   -487.803676  7  5  4  97       
PG03  -2756.250122  15031.830739 -21801.448508   -240.844366  5  3  5  99       
PG04  -1027.129187  25720.290204  -6462.450689   -112.895108  7  8  5  72       
PG05  21556.460283  -4014.597354  14982.813989    -16.744036  5  3  5  51       
PG06  19960.112927  -1387.468234 -17437.637998   -303.527808  6  3  6  90       
PG07   5735.412690  14966.001411  21429.103558   -328.086498  7  3  4 104       
PG08  -7785.850495  19323.780538  16332.595326    -41.094746  4  5  5  97       
PG09   8031.164246  24866.296390   4659.938952   -254.231405  6  2  2  76       
PG10 -23574.454647 -11796.771820   4269.244515   -400.649485  8  5  5  88       
PG11 -11647.361524  23985.262045   1523.533457   -220.137956  6  5  4  97       
PG12   3936.609193 -14561.768471 -22104.782482     93.248042  6  4  5 107       
PG13  13141.172132 -11676.393890  19760.461850     27.059499  5  4  4  91       
PG14 -15160.842146  -4595.529739 -20993.244484      1.620989  6  2  2  79       
PG15   5987.137463 -20544.640531  15171.244614   -217.304751  6  5  4  84       
PG16 -20035.608648   3262.289129  17145.242775   -183.199797 10  6 10  99       
PG17  13461.564060  13929.601706 -17770.897035    296.452602  4  5  7  72       
PG18  -5119.634488 -14863.178583  21392.009525    247.105652  6  5  6 100       
PG19  14833.516532   5681.611850 -21595.364060   -131.556519  8  6  7  80       
PG20 -16494.356011 -14809.814968  14716.709924    527.279124  7  6  6 107       
PG21 -18655.409798  -1369.765579  19517.731573     24.108733  3  4  6  77       
PG22 -10974.646024  12688.232906 -20358.389270   -771.777946  5  6  4 120       
PG23 -17577.516853 -15355.671980  12646.986278 999999.999999
PG24  12160.001673 -21347.577966  -9802.131717    -15.712206  3  4  2 100       
PG25  -7954.743420 -17045.123757 -19091.618224     23.722874  4  7  3 102       
PG26 -25699.465263  -4005.986492   5904.840905    243.991088 10  4  7 108       
PG27 -13078.015056   8554.251165  21275.941497   -346.772868  4  5  4  95       
PG28  22743.883632  13301.243020   3197.494315    699.218409  6  5  4  57       
PG29  -3145.961302 -26340.999675    761.879265   -151.115347  7  5  3  92       
PG30  15330.272944   7184.718004  20557.273182   -262.764305  6  3  3  86       
PG31 -21325.438994   2451.867322 -15971.742000    -55.842406  6  6  3  77       
PG32 -15116.147912 -12274.472127 -18044.194384    317.565537  4  2  4  92       
*  2020  7 15 23  0  0.00000000
PG01 -12701.571605  20984.314120  -9978.725684     25.803509  4  5  3  57       
PG02  20903.736728 -12462.500858  -9943.926208   -487.808743  7  6  4  58       
PG03  -5112.405830  14249.398622 -21892.570148   -240.854820  5  3  5  55       
PG04  -1418.817463  24879.877300  -9127.466439   -112.899203  7  8  6  93       
PG05  23038.674435  -3360.983389  12818.786985    -16.744819  6  3  5  46       
PG06  18469.631896     83.689546 -19051.783931   -303.532321  6  3  6  81       
PG07   3898.504022  16444.289093  20692.367464   -328.094050  7  3  3  95       
PG08  -8364.723045  17428.204431  18107.520170    -41.096960  5  5  5  92       
PG09   7841.899287  25296.028599   1852.329474   -254.237246  6  2  3  77       
PG10 -22908.363469 -11800.211651   7025.358824   -400.659040  8  5  5  88       
PG11 -11846.823835  23497.401715   4236.253034   -220.128415  6  5  4  90       
PG12   6225.498039 -13614.714578 -22169.763141     93.243963  7  4  4  93       
PG13  13406.799448  -9344.407729  20798.000765     27.062662  6  4  4  88       
PG14 -15384.070886  -7011.688710 -20176.928270      1.623416  7  2  2  84       
PG15   6810.875060 -18796.172452  16981.384230   -217.302217  6  4  4  83       
PG16 -21700.944404   2406.039928  15212.393625   -183.203967 10  6 10  96       
PG17  13620.394825  15923.325519 -15926.826597    296.457472  4  5  7  70       
PG18  -3238.309944 -16366.650083  20646.924686    247.114181  6  6  7  91       
PG19  15012.301674   8026.633588 -20700.262131   -131.551852  8  6  7  70       
PG20 -14682.545665 -14683.322604  16608.733718    527.278840  7  6  6 102       
PG21 -17217.533877  -2989.022389  20694.949684     24.113209  4  5  6  90       
PG22 -13211.657182  12027.117995 -19405.196124   -771.775086  5  6  4 114       
PG23 -16010.890258 -15082.117077  14858.226905 999999.999999
PG24  13067.198377 -21802.441788  -7209.784299    -15.712196  4  4  2  77       
PG25  -5838.193421 -16432.934901 -20344.182208     23.726677  5  7  3  94       
PG26 -26121.061944  -4414.782416   3154.060001    243.997256 10  4  7  84       
PG27 -13630.986519   6120.891998  21788.139199   -346.781428  5  5  5 105       
PG28  22235.255945  13306.175324   6030.718578    699.215781  6  5  5  85       
PG29  -2950.128094 -26292.432095  -2142.887635   -151.122893  6  5  3  88       
PG30  13536.456175   8754.027635  21180.452863   -262.771222  7  3  3  76       
PG31 -19956.690608   1116.004007 -17752.780402    -55.844666  6  6  4  78       
PG32 -15373.750993 -14241.151056 -16320.214834    317.571083  4  2  4  74       
*  2020  7 15 23 15  0.00000000
PG01 -13528.288662  21523.222388  -7297.131742     25.807093  4  5  2  94       
PG02  20194.361648 -11269.145203 -12383.924329   -487.813895  7  6  4  87       
PG03  -7497.405104  13595.960395 -21609.398057   -240.865280  6  4  5 108       
PG04  -1919.927374  23775.434644 -11635.017782   -112.903408  6  8  7  37       
PG05  24300.746012  -2844.383590  10434.576365    -16.745386  6  2  5  67       
PG06  16945.826009   1751.864130 -20337.156833   -303.536884  6  3  6  72       
PG07   2208.317139  17946.746884  19605.795346   -328.101841  7  2  3 103       
PG08  -9092.783791  15390.746716  19568.296795    -41.098424  6  6  5  93       
PG09   7587.912724  25427.214527   -987.208888   -254.243101  6  1  3  67       
PG10 -21950.288908 -11761.199423   9662.571469   -400.668635  8  4  6  95       
PG11 -11977.598767  22731.672446   6876.777320   -220.118549  6  6  4  95       
PG12   8551.974196 -12800.001706 -21861.365678     93.239596  7  4  5  98       
PG13  13807.971751  -6933.447024  21473.201873     27.064923  6  4  4  98       
PG14 -15710.305223  -9297.853664 -19004.003554      1.626156  7  3  2  90       
PG15   7780.963709 -16910.284046  18488.182097   -217.300037  6  4  4  96       
PG16 -23188.837809   1726.136268  13019.213388   -183.208256 11  6 10  93       
PG17  13843.055515  17678.581368 -13801.092574    296.462834  4  6  7  69       
PG18  -1514.299935 -17895.044081  19545.968181    247.122635  5  6  7  88       
PG19  15303.574334  10240.684719 -19458.463744   -131.547395  8  6  7  70       
PG20 -12669.263878 -14619.247594  18215.888415    527.278201  7  5  5  95       
PG21 -15796.841221  -4760.491919  21536.369165     24.116888  5  5  6  43       
PG22 -15351.627176  11493.875268 -18111.110999   -771.772831  5  7  5 127       
PG23 -14202.543375 -14834.914628  16813.299593 999999.999999
PG24  13754.092415 -22074.220495  -4491.411028    -15.711028  5  4  3  88       
PG25  -3573.785225 -15903.647954 -21255.802380     23.730506  5  7  4 103       
PG26 -26258.486862  -4730.759736    349.706410    244.003240 10  5  7 104       
PG27 -14323.809456   3688.583687  21919.442098   -346.789935  5  6  6  98       
PG28  21436.084092  13226.189007   8760.723959    699.212262  6  5  5  70       
PG29  -2689.240660 -25933.076178  -5010.710147   -151.130478  6  5  3  80       
PG30  11783.402840  10444.251359  21441.515252   -262.778127  7  3  2 102       
PG31 -18525.206832   -417.935344 -19234.192774    -55.847168  6  6  5  71       
PG32 -15676.635020 -15986.934066 -14315.414293    317.576641  4  1  4  98       
*  2020  7 15 23 30  0.00000000
PG01 -14118.736504  21872.258914  -4488.374995     25.810632  5  6  3 100       
PG02  19384.219658  -9822.930558 -14602.698696   -487.819109  8  6  5  85       
PG03  -9863.029117  13080.295112 -20956.428522   -240.875719  6  4  6  98       
PG04  -2556.665393  22437.406248 -13941.852111   -112.907523  6  8  7  38       
PG05  25310.939421  -2440.549080   7871.540567    -16.746515  6  2  5  69       
PG06  15432.876958   3596.869817 -21271.382776   -303.541433  6  3  6  83       
PG07    686.466252  19432.131309  18186.054593   -328.109932  7  2  2 111       
PG08  -9976.370144  13258.570003  20690.227396    -41.099252  7  6  5 101       
PG09   7233.945319  25269.238058  -3809.747385   -254.248938  6     3  59       
PG10 -20709.382509 -11718.058725  12136.287894   -400.678191  8  4  6 108       
PG11 -12073.241915  21688.614846   9399.407654   -220.109467  7  7  4 100       
PG12  10868.429172 -12129.348822 -21184.228100     93.234917  7  4  5  90       
PG13  14346.647801  -4493.195737  21774.480098     27.068552  6  4  4 101       
PG14 -16116.193880 -11411.920084 -17496.250546      1.628726  7  3  3  94       
PG15   8899.410031 -14932.140027  19664.924664   -217.298134  6  5  4 100       
PG16 -24459.847630   1205.514461  10604.187838   -183.212509 12  6 11 100       
PG17  14094.343943  19167.034548 -11432.267256    296.467922  4  5  7  84       
PG18     29.553692 -19406.320167  18108.049907    247.131133  5  6  8  96       
PG19  15683.464356  12282.724117 -17890.356029   -131.542765  7  6  7  51       
PG20 -10489.794082 -14642.068572  19509.976189    527.278050  7  6  5 104       
PG21 -14429.874840  -6658.720674  22030.011524     24.120851  6  6  6  74       
PG22 -17349.893314  11079.904914 -16498.877444   -771.770790  6  7  5 122       
PG23 -12181.497527 -14647.084202  18478.440639 999999.999999
PG24  14237.071739 -22130.225593  -1694.289680    -15.710657  5  3  3 101       
PG25  -1202.128997 -15480.359498 -21810.835169     23.734307  6  7  5  81       
PG26 -26100.279606  -4988.053906  -2460.585279    244.009359 10  5  7  91       
PG27 -15144.591028   1307.207601  21668.574630   -346.798534  6  6  6 114       
PG28  20350.733003  13101.819247  11341.817730    699.208765  5  4  5  73       
PG29  -2326.898810 -25278.802054  -7792.190255   -151.138199  7  5  3  76       
PG30  10107.177220  12225.694066  21335.373527   -262.785035  7  4  2 102       
PG31 -17073.258778  -2136.075407 -20390.061415    -55.849356  6  5  5  88       
PG32 -15990.573207 -17485.983895 -12064.672562    317.582163  4  1  4  73       
*  2020  7 15 23 45  0.00000000
PG01 -14491.594881  21995.662315  -1601.135866     25.814254  6  6  3 100       
PG02  18514.997227  -8131.964650 -16559.108182   -487.824109  8  7  5  83       
PG03 -12160.595602  12703.041227 -19944.464798   -240.886166  6  5  6  98       
PG04  -3349.079729  20902.321630 -16008.192750   -112.911681  6  8  7  56       
PG05  26044.342606  -2120.018993   5173.898313    -16.747125  6  3  5  60       
PG06  13971.693899   5590.602147 -21838.148255   -303.545987  5  4  6  72       
PG07   -652.882369  20856.716993  16455.611400   -328.117615  7  1  2 109       
PG08 -11013.570187  11080.247256  21454.601960    -41.101012  7  6  5 110       
PG09   6747.800014  24839.668552  -6566.708863   -254.254681  6  2  3  49       
PG10 -19203.183845 -11707.354719  14404.645043   -400.687800  8  4  5 109       
PG11 -12167.106027  20376.874931  11759.901063   -220.099745  8  7  4 100       
PG12  13126.194891 -11606.300303 -20149.108840     93.230486  7  4  5  76       
PG13  15016.502272  -2073.410785  21696.844414     27.071444  7  4  4 101       
PG14 -16572.339863 -13317.867585 -15681.319530      1.631269  7  4  3 105       
PG15  10160.321707 -12908.032193  20491.045280   -217.295363  6  6  5 101       
PG16 -25480.120246    820.169305   8009.208918   -183.216811 13  5 11 102       
PG17  14335.655834  20369.117288  -8862.959221    296.473309  5  5  8  53       
PG18   1378.406932 -20856.181710  16357.905750    247.139610  5  6  8  96       
PG19  16121.832164  14117.227331 -16021.726086   -131.538252  7  6  8  66       
PG20  -8184.520862 -14770.162777  20468.067742    527.278164  7  6  4 104       
PG21 -13148.350505  -8652.438434  22169.247995     24.125010  6  6  6  70       
PG22 -19165.387661  10769.457246 -14596.929105   -771.768180  6  7  6 123       
PG23  -9983.561489 -14546.624712  19824.884177 999999.999999
PG24  14539.175254 -21943.327608   1132.607745    -15.710597  5  3  4  84       
PG25   1232.179461 -15179.144904 -21999.435369     23.738132  7  8  6  86       
PG26 -25643.229986  -5222.495619  -5229.122013    244.015437 10  6  7 102       
PG27 -16073.519231   -976.328155  21040.996988   -346.807139  7  6  7 120       
PG28  18992.167786  12972.939427  13731.427377    699.205313  6  4  5  69       
PG29  -1830.646000 -24353.828246 -10439.480339   -151.146003  7  6  3  77       
PG30   8538.662618  14062.967823  20863.190247   -262.791940  7  4  3 109       
PG31 -15641.082123  -4016.623440 -21199.749119    -55.851552  6  6  5  92       
PG32 -16278.330900 -18720.420215  -9606.973872    317.587748  4  1  3  76       
EOF
