#cP2020  7  6  0  0  0.00000000      96 ORBIT IGb14 HLM  IGS
## 2113  86400.00000000   900.00000000 59036 0.0000000000000
+   31   G01G02G03G04G05G06G07G08G09G10G11G12G13G14G15G16G17
+        G18G19G20G21G22G24G25G26G27G28G29G30G31G32  0  0  0
+          0  0  0  0  0  0  0  0  0  0  0  0  0  0  0  0  0
+          0  0  0  0  0  0  0  0  0  0  0  0  0  0  0  0  0
+          0  0  0  0  0  0  0  0  0  0  0  0  0  0  0  0  0
++         2  2  2  2  2  2  2  2  2  3  2  2  1  2  2  2  2
++         3  2  2  2  2  2  2  2  2  2  2  1  2  2  0  0  0
++         0  0  0  0  0  0  0  0  0  0  0  0  0  0  0  0  0
++         0  0  0  0  0  0  0  0  0  0  0  0  0  0  0  0  0
++         0  0  0  0  0  0  0  0  0  0  0  0  0  0  0  0  0
%c G  cc GPS ccc cccc cccc cccc cccc ccccc ccccc ccccc ccccc
%c cc cc ccc ccc cccc cccc cccc cccc ccccc ccccc ccccc ccccc
%f  1.2500000  1.025000000  0.00000000000  0.000000000000000
%f  0.0000000  0.000000000  0.00000000000  0.000000000000000
%i    0    0    0    0      0      0      0      0         0
%i    0    0    0    0      0      0      0      0         0
/* FINAL ORBIT COMBINATION FROM WEIGHTED AVERAGE OF:        
/* cod emr esa gfz grg jpl mit ngs sio                      
/* REFERENCED TO IGS TIME (IGST) AND TO WEIGHTED MEAN POLE: 
/* PCV:IGS14_2114 OL/AL:FES2004  NONE     Y  ORB:CMB CLK:CMB
*  2020  7  6  0  0  0.00000000
PG01 -13755.803781  21628.225394  -6479.837033     21.811966  5  4  4  96       
PG02  19980.235036 -10803.332762 -13089.164101   -482.876908  8  7  8 107       
PG03  -8364.024041  13369.141383 -21426.905349   -230.819061  8  5  8  94       
PG04  -2059.539471  23445.594979 -12264.084579   -111.184261 10  8  9  75       
PG05  24617.277940  -2700.627640   9723.211519    -16.070018  8  7  6  72       
PG06  16619.637082   2083.918421 -20571.644559   -299.045051  9  8  7  92       
PG07   1811.067867  18332.138334  19268.915684   -320.586488  6  6  3  94       
PG08  -9341.052360  14782.260742  19923.786282    -39.989691  7  6  8 121       
PG09   7480.658939  25416.421639  -1792.613074   -248.628138  6  5  8  49       
PG10 -21642.443522 -11744.984861  10352.090409   -391.415054 11 14 16  98       
PG11 -12046.165704  22433.963755   7622.534717   -229.275347  8  7  8  98       
PG12   9172.708230 -12604.931113 -21717.618512     97.438374  8  7  3 102       
PG13  13936.391709  -6296.546807  21588.309057     24.218421  7  4  3  93       
PG14 -15819.203404  -9874.408386 -18631.012793     -0.817499  9  9  7  97       
PG15   8114.493541 -16335.341031  18863.264595   -219.533034  5  3  7  61       
PG16 -23654.499790   1428.734736  12220.594073   -179.100359 10  5  8  78       
PG17  13882.943117  18190.354329 -13100.973556    291.484483  8  6  8  51       
PG18   -999.975810 -18354.210403  19149.976470    238.854879  8  9  9  75       
PG19  15396.976656  10855.071458 -19041.277010   -135.922681  7  7  8  56       
PG20 -12122.753824 -14610.141572  18584.267106    527.347211 10 10 11 128       
PG21 -13962.982689  -7539.295332  22051.178114     20.158284  5  6  7  82       
PG22 -16088.771034  11272.711849 -17603.918059   -773.955169  9  4  3 100       
PG24  13868.886340 -22125.656507  -3793.127764    -15.280272  9  4  6 111       
PG25  -2756.646068 -15758.667344 -21479.656612     20.145515  7  7  8 118       
PG26 -26251.426020  -4773.254157   -368.805665    238.100704 10  8  8  82       
PG27 -14536.494006   3031.083867  21888.350182   -338.487951  9  7  8 108       
PG28  21173.420843  13187.394938   9479.012307    702.311879  6  8  8 102       
PG29  -2562.324707 -25774.623706  -5841.492482   -143.737028  7  6  7  98       
PG30  11395.972210  10837.614582  21449.879052   -256.121308  4  8  2  93       
PG31 -18186.966973   -756.274515 -19534.665464    -53.712264  7  9  7 115       
PG32 -15741.336342 -16501.380118 -13653.247633    312.156955  6  9  6 102       
*  2020  7  6  0 15  0.00000000
PG01 -14280.467072  21913.481982  -3642.885856     21.816648  5  4  4  74       
PG02  19144.100299  -9282.541828 -15231.641415   -482.882277  8  7  7 105       
PG03 -10710.043436  12890.676626 -20650.400499   -230.829684  8  5  7  96       
PG04  -2736.855099  22052.427355 -14510.903967   -111.188493 10  8  9  61       
PG05  25550.548249  -2322.886897   7117.434002    -16.071015  8  7  6  85       
PG06  15121.406173   3969.607795 -21426.387647   -299.049951  8  8  7  79       
PG07    336.565215  19807.514838  17766.199828   -320.594356  6  5  4  96       
PG08 -10267.328570  12631.188346  20945.247756    -39.990850  7  6  8 124       
PG09   7092.045450  25179.028258  -4601.171639   -248.634112  6  5  8  71       
PG10 -20327.451978 -11707.513143  12774.022446   -391.424735 10 13 15  93       
PG11 -12136.364156  21311.160547  10102.577889   -229.265603  7  6  7 111       
PG12  11478.631910 -11975.027162 -20942.509554     97.433980  7  7  4 101       
PG13  14512.330367  -3857.503674  21789.167844     24.221544  7  4  3  89       
PG14 -16242.315559 -11935.701150 -17038.309318     -0.814862  9  8  7  94       
PG15   9272.428049 -14337.970961  19940.141116   -219.530476  5  4  7  62       
PG16 -24841.718457    952.646754   9739.119023   -179.104760  9  6  8  98       
PG17  14132.507515  19593.398649 -10666.227443    291.490000  8  6  7  86       
PG18    489.332758 -19849.012437  17616.001977    238.863642  8  9  9  57       
PG19  15795.182451  12841.307497 -17384.098609   -135.918248  7  7  8  59       
PG20  -9906.518068 -14660.233780  19792.742471    527.347405  9 10 11 113       
PG21 -12585.315228  -9468.427769  22165.393662     20.162060  5  6  7  61       
PG22 -18028.561064  10887.038574 -15891.275990   -773.953209  9  4  4  96       
PG24  14303.868626 -22123.481109   -983.788609    -15.279992  8  4  5 101       
PG25   -360.616179 -15365.402919 -21915.950756     20.149191  7  7  7 112       
PG26 -26017.252219  -5020.984748  -3173.366152    238.106894 10  8  8  95       
PG27 -15389.275615    672.036665  21533.609764   -338.496633  9  6  7 105       
PG28  20012.249000  13057.830552  12012.537306    702.308809  6  7  8 100       
PG29  -2164.826634 -25037.391559  -8588.013331   -143.744667  7  5  7  89       
PG30   9746.381729  12639.367215  21256.132200   -256.128262  4  7  3  86       
PG31 -16740.443533  -2518.393127 -20611.340468    -53.714543  7  9  7 112       
PG32 -16048.130581 -17921.987024 -11335.391087    312.162707  6  9  6  90       
*  2020  7  6  0 30  0.00000000
PG01 -14594.132899  21963.949179   -742.175623     21.821316  5  3  4  90       
PG02  18261.075804  -7521.480691 -17099.976864   -482.887259  7  7  7 100       
PG03 -12972.224135  12549.334057 -19519.968254   -230.840271  8  4  6  89       
PG04  -3574.060000  20472.822866 -16507.426621   -111.192633 10  7  8  62       
PG05  26201.411833  -2019.503028   4390.024805    -16.071951  8  7  6  96       
PG06  13683.812595   5996.653723 -21910.933760   -299.054719  8  7  6  81       
PG07   -953.047918  21210.381670  15959.489593   -320.602217  6  5  4  95       
PG08 -11345.117842  10447.720868  21604.952255    -39.992936  7  6  8 121       
PG09   6563.088522  24676.366168  -7330.543572   -248.640097  6  5  8  89       
PG10 -18753.345053 -11711.932609  14979.791958   -391.434440 10 12 15  85       
PG11 -12233.745776  19923.667951  12407.993373   -229.256085  7  6  7 121       
PG12  13712.729130 -11492.309462 -19813.304614     97.429771  7  7  4  89       
PG13  15216.317985  -1451.975150  21610.948199     24.224482  6  3  3  98       
PG14 -16706.823259 -13780.460641 -15146.779793     -0.812515  9  8  6  99       
PG15  10569.538154 -12307.820628  20661.713039   -219.528084  4  4  7  77       
PG16 -25768.655789    603.422684   7092.604569   -179.109104  9  6  8  85       
PG17  14360.448627  20705.907058  -8044.698839    291.495254  8  6  7  89       
PG18   1780.704645 -21269.322150  15778.308061    238.872502  8  8  9  92       
PG19  16242.376938  14611.090550 -15434.714280   -135.913845  8  7  8  43       
PG20  -7575.769593 -14819.322424  20660.174990    527.346982  9 10 10 118       
PG21 -11317.372165 -11460.137032  21924.081198     20.166598  5  5  7  61       
PG22 -19773.295995  10598.988281 -13899.639424   -773.951005  9  3  4  88       
PG24  14564.968916 -21872.391532   1842.842091    -15.280444  8  2  5  88       
PG25   2083.354140 -15097.743862 -21983.843808     20.152876  7  7  6  95       
PG26 -25484.680699  -5255.406344  -5924.076725    238.113048  9  8  7  86       
PG27 -16343.487737  -1577.075214  20804.810192   -338.505319  8  6  7  98       
PG28  18582.751048  12934.350352  14343.611625    702.305471  6  7  7  96       
PG29  -1625.179865 -24037.894228 -11186.689049   -143.752548  7  5  6  93       
PG30   8211.112105  14487.571412  20697.507888   -256.135256  5  6  3  89       
PG31 -15323.051968  -4436.701282 -21337.784523    -53.716708  7  8  7 106       
PG32 -16317.568581 -19074.178100  -8823.172551    312.168448  6  8  5  84       
*  2020  7  6  0 45  0.00000000
PG01 -14724.544542  21751.846283   2171.546883     21.826049  5  3  4  96       
PG02  17371.956862  -5540.165603 -18659.073976   -482.892301  7  7  7 101       
PG03 -15103.857281  12335.169146 -18054.605961   -230.850874  8  4  5  72       
PG04  -4582.034610  18749.041437 -18219.249943   -111.196875 10  7  8  74       
PG05  26554.920281  -1756.329021   1587.739771    -16.072609  9  7  6  93       
PG06  12341.610390   8128.411684 -22016.748380   -299.059550  7  6  6  88       
PG07  -2053.596884  22496.146601  13878.192592   -320.610023  6  4  5 107       
PG08 -12561.942111   8279.695300  21892.280007    -39.993876  7  6  7 118       
PG09   5867.598867  23935.367232  -9933.830536   -248.646063  6  5  7  49       
PG10 -16947.522634 -11790.371625  16931.977206   -391.444116  9 11 14 100       
PG11 -12369.274377  18290.349779  14497.603215   -229.246580  7  6  6 117       
PG12  15827.368339 -11149.859630 -18348.337746     97.425075  6  8  4  94       
PG13  16031.842814    872.718258  21057.085846     24.227204  6  3  4  83       
PG14 -17177.514769 -15382.060744 -12990.641514     -0.809752  9  7  6  94       
PG15  11989.993316 -10290.075846  21015.877948   -219.525706  4  5  6  54       
PG16 -26410.613451    349.689459   4326.347502   -179.113951  9  6  7  68       
PG17  14526.284638  21520.417587  -5282.962938    291.500532  8  5  7  88       
PG18   2870.132486 -22570.407314  13668.546331    238.881345  8  8  9  95       
PG19  16702.126370  16137.644034 -13225.307788   -135.909331  8  7  8  24       
PG20  -5175.377690 -15096.931058  21170.897025    527.347116  8  9 10  92       
PG21 -10180.001633 -13475.478349  21331.632162     20.170725  6  4  7  61       
PG22 -21288.862791  10384.667786 -11664.187488   -773.948747  9  3  4  62       
PG24  14682.046185 -21353.940662   4636.944550    -15.280008  8  2  5  84       
PG25   4527.667699 -14961.705885 -21681.453542     20.156562  7  7  6  86       
PG26 -24661.081339  -5512.284543  -8574.261901    238.119180  9  8  7  98       
PG27 -17370.384640  -3675.451884  19715.722414   -338.514053  8  6  7  95       
PG28  16908.120533  12853.648177  16434.481123    702.302213  6  7  7  96       
PG29   -918.112658 -22809.676232 -13592.906914   -143.760379  7  5  6  80       
PG30   6813.105674  16341.415427  19782.937131   -256.142297  5  6  4  94       
PG31 -13970.422758  -6480.385073 -21700.418005    -53.719038  6  8  7 111       
PG32 -16510.856698 -19951.066192  -6159.885085    312.174256  6  8  6  58       
*  2020  7  6  1  0  0.00000000
PG01 -14705.094807  21257.041090   5047.002676     21.830782  6  3  4 102       
PG02  16514.846441  -3367.247452 -19879.419361   -482.897557  7  7  6  55       
PG03 -17061.619703  12230.681685 -16279.091181   -230.861453  8  4  5  84       
PG04  -5763.714249  16926.125119 -19616.900746   -111.201063 10  7  8  80       
PG05  26604.503498  -1497.265725  -1241.585353    -16.073399  9  7  6  75       
PG06  11123.167785  10322.705576 -21741.864749   -299.064387  7  5  6  79       
PG07  -2968.904226  23621.432324  11556.796451   -320.617733  7  4  5  93       
PG08 -13897.484339   6172.439104  21803.068731    -39.996031  7  6  7 105       
PG09   4985.466811  22989.070775 -12366.359084   -248.652001  7  5  7  75       
PG10 -14944.148436 -11969.920170  18597.343802   -391.453821  9 10 14  92       
PG11 -12570.446739  16437.499016  16333.538709   -229.237000  7  6  6 100       
PG12  17777.617677 -10932.879063 -16571.647937     97.420510  6  8  5  63       
PG13  16935.030391   3073.045327  20137.594670     24.230113  6  3  4  93       
PG14 -17616.278634 -16722.201760 -10608.506715     -0.807316  8  7  6  80       
PG15  13510.759540  -8327.156066  20997.315580   -219.523713  4  5  6  41       
PG16 -26750.816604    156.104579   1487.294655   -179.118060  9  7  8  61       
PG17  14590.068285  22038.901667  -2429.600505    291.506174  8  6  6 104       
PG18   3761.999685 -23709.113765  11323.075710    238.890150  8  7  9  99       
PG19  17134.696548  17402.028770 -10792.520317   -135.904740  8  7  8  71       
PG20  -2752.040049 -15495.022507  21315.367555    527.347189  8  9  9  91       
PG21  -9186.978630 -15472.802502  20397.653212     20.175458  6  4  7 107       
PG22 -22547.829841  10215.214610  -9224.378305   -773.946722  9  3  4  60       
PG24  14688.882532 -20557.630533   7349.078444    -15.278324  7  2  4  96       
PG25   6924.265698 -14955.283446 -21013.006144     20.160239  8  7  7  77       
PG26 -23561.999815  -5825.572285 -11078.920475    238.125310  8  8  7  86       
PG27 -18435.460278  -5588.653693  18286.289185   -338.522784  7  6  7  69       
PG28  15018.674404  12848.233994  18251.748557    702.299478  6  7  6  89       
PG29    -25.293073 -21392.077097 -15765.420422   -143.768216  7  5  5  95       
PG30   5568.077897  18157.349375  18527.511242   -256.149276  5  5  4  66       
PG31 -12713.018136  -8612.435520 -21691.732550    -53.721229  6  8  7  97       
PG32 -16589.827023 -20554.378222  -3391.270365    312.180039  6  7  6  79       
*  2020  7  6  1 15  0.00000000
PG01 -14573.353307  20468.019324   7833.342371     21.835535  6  3  5  83       
PG02  15723.534636  -1039.112670 -20737.789331   -482.902732  7  7  6  53       
PG03 -18807.084570  12211.583578 -14223.586015   -230.872028  8  4  5  55       
PG04  -7113.796881  15050.245069 -20676.342755   -111.205249 10  6  7  76       
PG05  26352.160861  -1205.839704  -4049.831870    -16.074654  9  7  6  80       
PG06  10049.461556  12533.288798 -21090.927641   -299.069257  6  5  6  70       
PG07  -3710.526136  24545.749437   9034.372747   -320.625943  6  4  5  84       
PG08 -15324.290712   4167.198235  21339.631389    -39.997831  7  6  7 105       
PG09   3903.632796  21875.322379 -14586.441132   -248.657894  6  5  6  38       
PG10 -12783.013771 -12271.470239  19947.391633   -391.463596  8  9 14  77       
PG11 -12860.014831  14398.047454  17882.019892   -229.227128  7  6  5  83       
PG12  19522.810431 -10819.329821 -14512.644870     97.415871  6  7  5  81       
PG13  17895.559155   5110.754859  18868.861119     24.233112  6  3  5  87       
PG14 -17983.708856 -17791.368548  -8042.615630     -0.804885  8  6  6 102       
PG15  15102.419006  -6457.186153  20607.521190   -219.521346  4  5  5  39       
PG16 -26780.959759    -15.104213  -1376.718924   -179.122469  9  6  7   9       
PG17  14514.086390  22272.451200    465.706672    291.511229  7  5  6 112       
PG18   4468.711204 -24645.507625   8782.333446    238.898985  8  7  9 104       
PG19  17498.626417  18393.729324  -8176.912550   -135.900240  8  6  7  64       
PG20   -352.672061 -16007.836363  21090.387755    527.346857  7  9  9  82       
PG21  -8344.639476 -17409.087566  19136.837986     20.179568  6  3  7 104       
PG22 -23530.379293  10058.114892  -6623.200461   -773.944387  8  3  4  80       
PG24  14621.673177 -19481.497914   9931.129866    -15.277945  7  1  4  85       
PG25   9226.243469 -15068.516560 -19988.827726     20.164032  8  7  7  70       
PG26 -22210.638729  -6225.935033 -13395.459555    238.131477  7  8  6  94       
PG27 -19499.801311  -7289.693974  16542.200322   -338.531460  7  6  7  76       
PG28  12950.796715  12945.164322  19766.775122    702.295756  6  7  5  85       
PG29   1063.776165 -19828.740757 -17667.047573   -143.775863  6  6  4  97       
PG30   4484.047171  19890.639011  16952.267411   -256.156226  6  5  4  70       
PG31 -11575.017185 -10790.844489 -21310.504722    -53.723642  6  8  7  97       
PG32 -16518.529844 -20894.215288   -564.737500    312.185829  6  7  5  80       
*  2020  7  6  1 30  0.00000000
PG01 -14369.418128  19382.520840  10481.117750     21.840302  6  4  5  84       
PG02  15026.062186   1401.364914 -21217.815790   -482.907786  7  7  5  90       
PG03 -20308.057107  12247.842561 -11923.145567   -230.882565  8  4  5  60       
PG04  -8618.777138  13167.017592 -21379.388394   -111.209447 10  5  7  68       
PG05  25808.341796   -846.786668  -6789.387997    -16.075472  8  6  6  81       
PG06   9133.370319  14711.473012 -20075.119532   -299.074160  6  4  6  65       
PG07  -4297.176046  25233.100917   6353.972154   -320.634140  7  4  5  88       
PG08 -16808.753643   2299.740107  20510.663485    -39.998795  6  6  7  79       
PG09   2616.784961  20635.303507 -16556.079574   -248.663818  6  5  6  59       
PG10 -10508.196585 -12708.794514  20958.833490   -391.473223  8  8 13  81       
PG11 -13254.885058  12210.500194  19114.087051   -229.217689  7  6  6  89       
PG12  21027.971771 -10780.864587 -12205.682490     97.411381  6  7  5  65       
PG13  18877.839649   6954.151515  17273.323691     24.236226  6  3  5  78       
PG14 -18240.749815 -18588.943354  -5338.026537     -0.802119  8  6  6  30       
PG15  16730.255274  -4712.668792  19854.693635   -219.519242  4  6  4  69       
PG16 -26501.449605   -202.526522  -4217.723980   -179.126553  8  6  7  88       
PG17  14264.451638  22240.625789   3353.065399    291.516313  7  5  5 104       
PG18   5010.011175 -25344.406183   6090.134151    238.907820  9  8  9 108       
PG19  17752.392067  19110.938253  -5422.354959   -135.895414  8  6  7  96       
PG20   1977.219444 -16622.041618  20499.205343    527.347114  6  9  9  95       
PG21  -7651.768146 -19241.323917  17568.798472     20.184058  6  2  7 101       
PG22 -24224.940406   9878.670275  -3906.362744   -773.942220  8  3  4  42       
PG24  14517.417554 -18132.362638  12337.241916    -15.278948  6  1  4  75       
PG25  11389.439232 -15283.866548 -18625.244944     20.167714  8  7  7  81       
PG26 -20637.063193  -6739.402377 -15484.393225    238.137579  6  8  6 102       
PG27 -20521.609559  -8759.831200  14514.377546   -338.540219  6  6  6  85       
PG28  10745.693394  13165.000770  20956.000341    702.292690  6  6  4  79       
PG29   2351.169350 -18165.975286 -19265.296082   -143.783513  6  6  3 104       
PG30   3561.168604  21496.986637  15083.866898   -256.163175  6  4  5  75       
PG31 -10573.440337 -12970.013210 -20561.910141    -53.725609  6  8  7  91       
PG32 -16264.744076 -20988.504508   2271.437278    312.191607  6  6  6  81       
*  2020  7  6  1 45  0.00000000
PG01 -14134.160553  18007.810456  12943.239313     21.845101  6  4  5  81       
PG02  14443.539050   3906.368761 -21310.387987   -482.912886  6  7  5  71       
PG03 -21539.683205  12304.962934  -9417.136969   -230.893093  8  3  5  50       
PG04 -10257.305666  11319.854284 -21714.008043   -111.213656 10  5  7  83       
PG05  24991.523161   -387.581291  -9413.920585    -16.076253  8  6  6  90       
PG06   8379.294526  16807.861587 -18711.969991   -299.079012  6  4  6  67       
PG07  -4753.849927  25653.450756   3561.915424   -320.642081  7  5  5 102       
PG08 -18312.335263    599.181980  19331.045073    -39.999588  6  5  7  95       
PG09   1127.757148  19311.949094 -18241.607712   -248.669738  6  5  6  53       
PG10  -8166.563150 -13287.898646  21613.998125   -391.482901  7  7 13  74       
PG11 -13765.247645   9917.630155  20006.261381   -229.208270  6  6  6  80       
PG12  22265.052011 -10784.015083  -9689.542326     97.406801  6  7  6  78       
PG13  19842.408854   8579.108446  15379.045646     24.239172  6  3  5  63       
PG14 -18350.314456 -19122.978031  -2541.782008     -0.799785  7  5  6  88       
PG15  18355.554009  -3119.409663  18753.486907   -219.516955  5  6  4  53       
PG16 -25921.341456   -443.942629  -6988.354901   -179.130573  8  6  7  80       
PG17  13812.526870  21970.495875   6183.228911    291.522179  7  5  5 115       
PG18   5412.014660 -25776.737730   3292.909245    238.916635  9  8  8 110       
PG19  17856.101372  19560.523442  -2575.350909   -135.890891  7  6  7  93       
PG20   4195.114572 -17317.201948  19551.502449    527.347062  5  9  8  94       
PG21  -7099.738764 -20927.912551  15717.854348     20.187382  6  1  7 106       
PG22 -24628.500933   9641.551535  -1121.441124   -773.940173  8  3  4  54       
PG24  14412.280504 -16525.724751  14524.705288    -15.277564  5  1  4  79       
PG25  13373.938456 -15576.891706 -16944.391421     20.171422  9  7  7  79       
PG26 -18877.159175  -7386.196672 -17309.996095    238.143636  6  8  5  95       
PG27 -21457.832183  -9989.036240  12238.382504   -338.548916  5  6  7  63       
PG28   8448.004398  13521.024769  21801.185475    702.288868  6  6  4  71       
PG29   3830.278279 -16451.026318 -20532.905817   -143.791406  5  6  1  82       
PG30   2791.880735  22934.156944  12954.168391   -256.170156  6  4  5  77       
PG31  -9717.551527 -15102.324506 -19457.529920    -53.727725  6  8  7  82       
PG32 -15801.348893 -20862.165885   5068.917323    312.197406  6  6  6  92       
*  2020  7  6  2  0  0.00000000
PG01 -13907.437611  16360.567327  15175.895453     21.849892  6  5  5  84       
PG02  13989.276997   6424.911366 -21013.873237   -482.918060  6  7  4  71       
PG03 -22485.286908  12345.454689  -6748.577316   -230.903661  8  4  6  76       
PG04 -12000.860128   9548.409779 -21674.531783   -111.217805 10  4  7  78       
PG05  23927.501467    200.142959 -11879.118479    -16.076703  7  6  6  68       
PG06   7783.117937  18774.120371 -17025.051367   -299.083897  6  3  6  81       
PG07  -5110.681503  25783.991699    706.989038   -320.649854  7  5  4  82       
PG08 -19792.982729   -912.914195  17821.544013    -40.002099  6  5  7  74       
PG09   -552.387736  17948.314138 -19614.252533   -248.675682  6  4  6  59       
PG10  -5806.165762 -14006.673170  21901.150839   -391.492615  7  5 12  42       
PG11 -14393.981373   7564.980580  20541.111802   -229.198884  6  7  6  89       
PG12  23213.917102 -10791.597817  -7006.830225     97.402526  5  6  6  80       
PG13  20747.483029   9969.779569  13219.191050     24.242206  6  3  6  77       
PG14 -18278.812939 -19409.643662    297.930807     -0.797088  7  4  6  80       
PG15  19937.060978  -1695.734625  17324.637531   -219.514516  5  6  4  52       
PG16 -25057.975981   -774.739865  -9642.564425   -179.134856  8  6  6  91       
PG17  13136.131512  21495.427617   8908.409081    291.526747  7  5  4  94       
PG18   5705.992102 -25920.677249    438.900343    238.925514  9  9  9 102       
PG19  17773.156540  19757.674609    315.701143   -135.886288  7  6  7 105       
PG20   6262.948261 -18066.538327  18263.264076    527.346723  4  9  8  85       
PG21  -6672.912746 -22430.035979  13612.777200     20.191595  6  2  7  88       
PG22 -24746.587526   9312.373957   1682.997555   -773.938056  8  4  4  48       
PG24  14339.994607 -14685.312532  16454.785931    -15.277761  5  1  4  66       
PG25  15145.437795 -15917.202967 -14973.917542     20.175021  9  7  7  76       
PG26 -16971.381829  -8179.783233 -18840.902245    238.149779  5  7  5  73       
PG27 -22265.835528 -10976.123580   9753.761885   -338.557632  4  6  7  85       
PG28   6104.321650  14018.727561  22289.585885    702.285704  6  6  3  76       
PG29   5485.891119 -14730.330338 -21448.300408   -143.799352  5  6     83       
PG30   2161.361860  24163.544150  10599.701458   -256.177102  6  4  5  52       
PG31  -9008.566744 -17139.821700 -18015.242701    -53.729707  6  7  7  78       
PG32 -15107.505512 -20546.027684   7780.106316    312.203121  6  5  5  76       
*  2020  7  6  2 15  0.00000000
PG01 -13726.349827  14466.393999  17139.409325     21.854643  6  5  5  83       
PG02  13668.279001   8904.750510 -20334.147497   -482.923189  6  7  4  94       
PG03 -23136.902756  12330.434421  -3963.400738   -230.914207  8  4  6  69       
PG04 -13814.702117   7887.186589 -21261.740625   -111.222038 10  3  7  13       
PG05  22648.427739    939.335776 -14143.398240    -16.077217  6  6  6  56       
PG06   7332.511758  20564.716778 -15043.566110   -299.088739  6  3  6  83       
PG07  -5401.568911  25610.152657  -2160.441144   -320.657701  7  5  4  73       
PG08 -21206.680386  -2223.150136  16008.428151    -40.003663  5  5  6  64       
PG09  -2404.592016  16585.951807 -20650.613337   -248.681578  6  4  5  79       
PG10  -3474.594013 -14854.860703  21814.725244   -391.502321  7  5 12  46       
PG11 -15136.367970   5199.234771  20707.706013   -229.189033  6  7  5  74       
PG12  23863.054640 -10764.286522  -4203.292253     97.397984  5  6  7  52       
PG13  21550.606705  11118.986765  10831.415899     24.245145  6  3  6  82       
PG14 -17997.534910 -19472.387385   3132.610011     -0.794679  7  4  6  97       
PG15  21432.534118   -452.023949  15594.483089   -219.512060  5  6  4  67       
PG16 -23936.332306  -1226.426627 -12136.309238   -179.139050  7  6  6  83       
PG17  12220.490313  20853.662910  11483.032256    291.532289  7  5  3 108       
PG18   5926.954729 -25762.513608  -2422.678948    238.934367  9  9  9 116       
PG19  17471.820932  19725.236627   3201.298079   -135.881880  7  5  6 105       
PG20   8148.408646 -18837.961162  16656.526782    527.346827  5  9  8  84       
PG21  -6349.282974 -23712.960557  11286.485295     20.195869  7  3  7 111       
PG22 -24592.920204   8859.229626   4458.276062   -773.935695  7  4  4  56       
PG24  14330.373169 -12642.299448  18093.468653    -15.279222  4  2  4  67       
PG25  16676.415905 -16269.668792 -12746.602480     20.178716  8  7  6  63       
PG26 -14963.338734  -9126.179001 -20050.640468    238.155925  5  7  5  79       
PG27 -22905.058666 -11728.548233   7103.343415   -338.566365  3  5  7  98       
PG28   3761.661676  14655.585819  22414.057466    702.282716  6  6  4  45       
PG29   7294.606305 -13047.814336 -21995.941546   -143.807059  4  6  1  25       
PG30   1648.280120  25151.618016   8061.047420   -256.184094  6  4  5  47       
PG31  -8439.686414 -19035.930822 -16258.997592    -53.732074  6  8  7  52       
PG32 -14169.605497 -20075.532631  10358.931265    312.208888  6  5  6  82       
*  2020  7  6  2 30  0.00000000
PG01 -13623.620149  12358.963835  18799.010967     21.859447  6  5  5  78       
PG02  13477.109320  11294.359469 -19284.435137   -482.928370  5  6  3  93       
PG03 -23495.480568  12221.295480  -1109.666659   -230.924777  8  4  6  81       
PG04 -15659.083177   6364.350187 -20482.846124   -111.226297 10  3  7  73       
PG05  21191.621482   1846.479222 -16168.563742    -16.077971  5  5  6  13       
PG06   7007.568937  22138.559315 -12801.833163   -299.093471  5  4  5  98       
PG07  -5662.626558  25126.295387  -4989.380438   -320.665596  7  5  3  80       
PG08 -22509.079656  -3326.583875  13922.994903    -40.004907  4  4  6  74       
PG09  -4402.346204  15263.364783 -21333.048697   -248.687518  6  3  5  88       
PG10  -1217.339691 -15814.342888  21355.460402   -391.511979  7  5 11  34       
PG11 -15980.136954   2866.521234  20501.926320   -229.179398  6  7  5  28       
PG12  24209.963592 -10662.292757  -1327.057988     97.393505  4  6  7  76       
PG13  22210.332458  12028.270413   8257.187306     24.248106  5  4  6  85       
PG14 -17483.836372 -19340.836012   5914.245176     -0.792165  7  3  6  95       
PG15  22800.324700    609.425892  13594.388978   -219.509877  5  7  4  54       
PG16 -22588.122128  -1825.294510 -14428.201329   -179.143278  6  6  5  80       
PG17  11058.895825  20086.752814  13864.430853    291.537491  7  5  2  86       
PG18   6112.097002 -25297.214382  -5242.497765    238.943201  9 10  9 116       
PG19  16926.627904  19492.749365   6031.664781   -135.877071  7  5  6  94       
PG20   9826.012955 -19595.332464  14759.010048    527.346556  6  9  9  90       
PG21  -6101.350919 -24747.229371   8775.683779     20.200003  7  4  7 113       
PG22 -24188.759318   8254.114855   7156.473146   -773.933660  7  5  4  76       
PG24  14407.998323 -10434.223319  19412.098248    -15.280060  4  2  4  47       
PG25  17947.063797 -16595.828215 -10299.868997     20.182471  8  6  5  52       
PG26 -12898.259229 -10223.547537 -20918.097048    238.162080  4  7  5  85       
PG27 -23338.585191 -12261.882311   4332.496067   -338.575150  2  5  7 108       
PG28   1465.941545  15421.124984  22173.101558    702.279674  6  6  4  50       
PG29   9225.565496 -11443.306105 -22166.581145   -143.814661  4  6  2  31       
PG30   1225.809290  25871.190165   5382.137440   -256.191077  6  4  5  68       
PG31  -7996.456422 -20747.158611 -14218.465881    -53.734337  6  8  7  82       
PG32 -12981.950802 -19489.284433  12761.596616    312.214670  6  4  6  81       
*  2020  7  6  2 45  0.00000000
PG01 -13626.164821  10078.842250  20125.504776     21.864254  5  5  4  79       
PG02  13404.147684  13544.858315 -17884.965758   -482.933319  5  6  3  85       
PG03 -23570.752975  11981.381351   1763.277032   -230.935410  8  5  6  87       
PG04 -17490.653530   5000.799238 -19351.359195   -111.230504 10  3  7  44       
PG05  19598.207533   2930.782134 -17920.411934    -16.078958  5  5  6  30       
PG06   6781.742907  23460.473502 -10338.682939   -299.098318  5  4  5  83       
PG07  -5930.526274  24336.062372  -7729.198188   -320.673587  6  5  3  75       
PG08 -23657.145558  -4226.699497  11601.027381    -40.006728  4  5  6  84       
PG09  -6512.519978  14014.588391 -21649.966282   -248.693450  6  3  5  90       
PG10    923.764245 -16859.740028  20530.438389   -391.521786  8  6 11  43       
PG11 -16905.846224    610.728118  19926.634578   -229.169722  6  7  5  68       
PG12  24261.207037 -10447.089866   1572.178271     97.389338  4  5  7  62       
PG13  22687.865681  12707.605058   5541.044628     24.251059  4  4  6  78       
PG14 -16722.091249 -19049.493674   8596.088529     -0.789460  6  3  6  42       
PG15  24000.923863   1494.216503  11360.101466   -219.507584  5  7  4  12       
PG16 -21050.657236  -2591.273678 -16480.120485   -179.147385  5  6  5  88       
PG17   9653.067520  19237.905148  16013.465493    291.542879  7  6  2  75       
PG18   6299.157737 -24528.666320  -7971.963899    238.952081  9 10 10 107       
PG19  16119.573263  19095.225628   8757.616360   -135.872331  7  5  6  96       
PG20  11277.916588 -20299.908384  12603.635684    527.346430  6  8  9  93       
PG21  -5897.215879 -25509.705669   6120.444767     20.204316  6  5  7  98       
PG22 -23561.975580   7474.196578   9731.258972   -773.931570  6  5  4  83       
PG24  14591.140393  -8103.654419  20387.903151    -15.278939  3  3  4  40       
PG25  18945.935080 -16855.461679  -7675.203773     20.186247  8  6  5  95       
PG26 -10821.405653 -11462.098189 -21427.897831    238.168230  4  7  5  85       
PG27 -23534.576358 -12598.996403   1488.367089   -338.583952  3  4  7  74       
PG28   -739.494781  16297.264636  21570.851736    702.276371  5  6  5  46       
PG29  11241.477633  -9951.114941 -21957.408135   -143.822521  4  7  3  97       
PG30    862.870879  26302.448477   2609.480045   -256.198072  6  4  5  65       
PG31  -7657.448953 -22234.697467 -11928.572514    -53.736388  6  7  7  97       
PG32 -11547.140697 -18827.489509  14947.298993    312.220477  6  4  5  24       
*  2020  7  6  3  0  0.00000000
PG01 -13753.918107   7672.032201  21095.815859     21.869089  5  5  4  71       
PG02  13430.210697  15611.816917 -16162.463681   -482.938616  4  5  3  99       
PG03 -23380.769365  11577.595391   4605.660771   -230.945961  7  5  6  93       
PG04 -19264.019329   3809.525775 -17886.850820   -111.234695  9  3  6  51       
PG05  17911.625355   4193.648912 -19369.277727    -16.079719  4  4  5  71       
PG06   6623.052916  24502.456673  -7696.772182   -299.103141  4  4  4  87       
PG07  -6240.799365  23252.352932 -10330.637604   -320.681334  7  5  3  74       
PG08 -24610.759028  -4935.058596   9082.186536    -40.007423  4  4  6  53       
PG09  -8696.449859  12867.958821 -21596.011575   -248.699382  6  3  5  95       
PG10   2911.971805 -17959.304599  19353.018360   -391.531487  8  6 10  39       
PG11 -17887.587111  -1528.097373  18991.675609   -229.160553  5  7  5  71       
PG12  24032.120441 -10083.112017   4444.025088     97.384302  3  5  7  52       
PG13  22948.610837  13174.794983   2729.816879     24.254133  3  4  6  89       
PG14 -15704.377724 -18636.286203  11133.381930     -0.786938  6  3  6  78       
PG15  24998.414800   2215.354624   8931.045182   -219.505211  6  7  4  56       
PG16 -19365.529472  -3537.020253 -18257.783585   -179.151400  5  6  4  83       
PG17   8013.201533  18350.307218  17895.074611    291.547848  7  6  2  86       
PG18   6524.764663 -23469.582146 -10564.065537    238.960888  9 11 10 117       
PG19  15041.039367  18571.710199  11331.435137   -135.867865  7  5  5 104       
PG20  12494.421714 -20911.904229  10227.943605    527.346448  6  8  9  99       
PG21  -5701.848249 -25984.428688   3363.722009     20.208205  7  5  7 116       
PG22 -22745.884166   6502.869356  12138.684625   -773.929352  5  5  4  51       
PG24  14890.953620  -5696.670170  21004.390659    -15.279998  3  4  4  61       
PG25  19670.285532 -17008.261176  -4917.488366     20.190030  8  6  4 101       
PG26  -8776.485030 -12824.296260 -21570.701979    238.174418  4  7  6  77       
PG27 -23467.515006 -12768.980693  -1380.892420   -338.592734  3  4  7 103       
PG28  -2815.254688  17258.932915  20617.004671    702.273130  5  6  5  45       
PG29  13299.895326  -8598.835804 -21372.088259   -143.830157  4  7  3  78       
PG30    525.553234  26433.716255   -208.667559   -256.205063  6  5  4  62       
PG31  -7395.240421 -23465.870088  -9428.911843    -53.738783  6  8  6 104       
PG32  -9876.151394 -18130.352203  16878.892825    312.226233  7  4  5  54       
*  2020  7  6  3 15  0.00000000
PG01 -14018.960791   5188.306758  21693.402802     21.873949  5  5  4  37       
PG02  13529.504832  17456.849059 -14149.492308   -482.943763  3  5  3  97       
PG03 -22951.113379  10981.881954   7368.173834   -230.956547  7  5  6 100       
PG04 -20933.388618   2795.288911 -16114.609157   -111.238918  9  4  6  70       
PG05  16176.064566   5628.442342 -20490.511535    -16.080256  4  4  5  56       
PG06   6495.507463  25244.662910  -4921.831615   -299.107982  3  5  4  89       
PG07  -6626.175231  21896.921770 -12746.814954   -320.689297  7  5  3  57       
PG08 -25334.216420  -5470.649274   6409.349141    -40.009134  4  4  6  78       
PG09 -10911.242683  11845.112548 -21172.153050   -248.705372  5  3  5  79       
PG10   4716.864278 -19076.078490  17842.664451   -391.541234  8  7 10           
PG11 -18893.985987  -3515.191307  17713.714404   -229.150694  5  7  5  72       
PG12  23546.181554  -9539.358881   7238.294758     97.380189  2  4  7  68       
PG13  22963.560319  13454.576531   -128.189035     24.256883  3  4  6  90       
PG14 -14430.879750 -18141.008245  13484.032552     -0.784297  6  3  5  55       
PG15  25761.777028   2792.480179   6349.582521   -219.502731  6  7  5           
PG16 -17577.147772  -4667.267210 -19731.266323   -179.155702  5  6  3  45       
PG17   6157.715574  17465.482948  19478.750269    291.552888  7  6  2  75       
PG18   6822.827688 -22141.077498 -12974.183884    238.969761  8 11 10 115       
PG19  13690.407843  17963.673215  13707.745542   -135.863242  7  5  5 103       
PG20  13474.164076 -21392.118308   7673.415107    527.346202  7  8  9 102       
PG21  -5478.511440 -26163.246648    550.795635     20.212635  7  6  6 116       
PG22 -21777.892181   5330.564102  14337.912822   -773.927236  4  5  4  85       
PG24  15310.980308  -3261.202022  21251.607031    -15.280717  3  4  5  51       
PG25  20126.083022 -17015.535267  -2074.248821     20.193856  8  6  4  93       
PG26  -6804.120494 -14285.379678 -21343.400553    238.180743  4  7  7  58       
PG27 -23119.217446 -12805.849019  -4226.902646   -338.601562  4  4  7  48       
PG28  -4727.137693  18274.930107  19326.695962    702.269707  4  5  6  57       
PG29  15354.695435  -7406.421374 -20420.696750   -143.837871  4  6  4  80       
PG30    178.650370  26261.903685  -3023.168100   -256.212028  6  5  4  90       
PG31  -7177.650117 -24415.351403  -6763.055950    -53.740994  6  8  6  98       
PG32  -7988.105215 -17436.483195  18523.497846    312.232039  7  3  5  56       
*  2020  7  6  3 30  0.00000000
PG01 -14424.988057   2679.400664  21908.528942     21.878840  5  5  4  76       
PG02  13670.859468  19048.930380 -11883.680420   -482.948794  3  4  2 100       
PG03 -22313.833997  10172.518612  10002.841607   -230.967095  6  5  6  85       
PG04 -22454.242798   1954.613433 -14065.199227   -111.243142  9  5  6  50       
PG05  14434.882888   7220.549931 -21264.883518    -16.080729  3  3  5  78       
PG06   6360.688740  25676.080179  -2061.860575   -299.112701  3  5  4  97       
PG07  -7115.032275  20299.612385 -14934.179353   -320.697268  6  5  3  87       
PG08 -25797.571861  -5858.959149   3627.901551    -40.009317  4  5  6  90       
PG09 -13111.246023  10960.254246 -20385.662839   -248.711298  5  3  5  89       
PG10   6315.353719 -20169.273109  16024.666503   -391.551036  8  7  9  59       
PG11 -19889.459024  -5322.290535  16115.908958   -229.141189  5  7  5  62       
PG12  22834.062281  -8790.838528   9905.919738     97.375858  2  4  7   9       
PG13  22710.473880  13577.464868  -2984.014916     24.259900  2  4  6  86       
PG14 -12909.994475 -17603.730405  15609.231951     -0.781829  6  3  5  68       
PG15  26265.997175   3250.852999   3660.251229   -219.500505  5  7  5  68       
PG16 -15731.181446  -5978.462225 -20875.472788   -179.160054  6  6  3  80       
PG17   4112.703236  16621.740312  20738.940118    291.558395  7  6  3  49       
PG18   7223.044110 -20571.934595 -15160.862331    238.978562  8 11 11  96       
PG19  12076.329191  17313.299700  15844.368468   -135.858681  7  5  5  87       
PG20  14223.970213 -21703.547959   4984.717377    527.346032  7  7  9 120       
PG21  -5190.289545 -26046.196017  -2271.355859     20.216394  7  7  6 106       
PG22 -20698.014760   3955.280332  16291.879215   -773.925024  3  5  3  67       
PG24  15846.981059   -845.324642  21126.260133    -15.281239  3  5  5  41       
PG25  20327.681395 -16841.880836    805.165088     20.197646  8  6  4 106       
PG26  -4940.440367 -15814.166086 -20749.214102    238.187008  5  7  7  78       
PG27 -22479.579392 -12747.075603  -7001.821099   -338.610274  4  4  7  47       
PG28  -6447.200301  19309.015106  17720.320600    702.266257  4  5  6  69       
PG29  17357.708143  -6385.556325 -19119.545308   -143.845496  4  7  4  74       
PG30   -212.742312  25792.631741  -5784.895063   -256.218983  5  5  4  95       
PG31  -6969.190756 -25066.113389  -3977.767743    -53.743264  6  8  6  79       
PG32  -5909.737293 -16781.380132  19853.040143    312.237804  7  3  5  69       
*  2020  7  6  3 45  0.00000000
PG01 -14967.136457    197.138139  21738.388825     21.883629  5  5  4 111       
PG02  13819.176410  20365.389344  -9406.860389   -482.954254  3  4  2 108       
PG03 -21506.132110   9135.166415  12463.882413   -230.977668  6  5  5  81       
PG04 -23784.969500   1276.112131 -11773.933010   -111.247334  9  5  5  62       
PG05  12729.063429   8947.752841 -21678.909018    -16.081420  2  3  5  91       
PG06   6179.434710  25794.874029    833.716212   -299.117517  2  5  3  90       
PG07  -7730.032651  18497.255949 -16853.404919   -320.705112  6  5  3  86       
PG08 -25977.774058  -6130.808270    784.999281    -40.010715  5  4  5  75       
PG09 -15249.630493  10219.720325 -19249.993390   -248.717168  5  4  5  87       
PG10   7692.408678 -21195.822002  13929.754416   -391.560724  9  8  8  71       
PG11 -20835.663427  -6928.569575  14227.427271   -229.131612  5  7  4  98       
PG12  21932.396820  -7819.786220  12399.865259     97.371471  2  3  6  56       
PG13  22174.805226  13578.391938  -5788.878790     24.262666  2  5  6  92       
PG14 -11158.146366 -17063.223105  17474.014766     -0.779269  6  4  5  92       
PG15  26492.949795   3620.143375    908.994800   -219.498163  5  7  4  21       
PG16 -13872.962005  -7458.707206 -21670.547895   -179.164177  5  7  3  97       
PG17   1911.120584  15852.760258  21655.376272    291.563452  6  6  3  57       
PG18   7749.574405 -18797.581449 -17086.518804    238.987424  8 11 11  99       
PG19  10216.630901  16661.743357  17703.135490   -135.854187  6  5  5  71       
PG20  14758.391236 -21812.931112   2208.885172    527.346111  7  7 10 106       
PG21  -4801.670788 -25641.602049  -5054.756768     20.220598  7  7  6 100       
PG22 -19547.318597   2382.825030  17967.875956   -773.922939  2  5  4  91       
PG24  16487.094031   1504.441480  20631.706454    -15.282913  4  5  5  40       
PG25  20297.165622 -16456.752466   3670.457073     20.201373  8  6  4  95       
PG26  -3215.839274 -17374.123016 -19797.684643    238.193240  5  7  8  72       
PG27 -21547.031602 -12632.018880  -9659.090704   -338.618990  5  5  7  54       
PG28  -7954.610792  20321.182375  15823.296535    702.262909  4  5  7  79       
PG29  19260.433310  -5539.356684 -17490.906245   -143.853608  4  6  4  81       
PG30   -681.641128  25040.022234  -8445.627084   -256.226062  5  5  4 104       
PG31  -6732.671419 -25410.049400  -1122.134726    -53.745478  6  8  6  95       
PG32  -3674.578523 -16196.036871  20844.719191    312.243604  7  3  5  61       
*  2020  7  6  4  0  0.00000000
PG01 -15632.173279  -2208.424400  21187.091090     21.888329  5  5  4  96       
PG02  13937.024570  21392.538783  -6764.149204   -482.959394  3  3    109       
PG03 -20568.854628   7863.634712  14708.526823   -230.988244  5  5  5  78       
PG04 -24888.394313    741.118199  -9280.259217   -111.251573 10  5  4  35       
PG05  11095.767066  10780.885974 -21725.090123    -16.081725  2  3  5 100       
PG06   5913.551800  25608.385485   3714.913956   -299.122315  2  6  3  76       
PG07  -8487.004200  16532.283045 -18470.188892   -320.712873  6  5  3  98       
PG08 -25859.556672  -6320.986075  -2071.197474    -40.011324  5  4  5  73       
PG09 -17280.024703   9621.854112 -17784.552072   -248.723076  5  4  4  84       
PG10   8841.471184 -22112.047697  11593.609157   -391.570500  8  8  7  65       
PG11 -21693.078327  -8321.255164  12082.823316   -229.121932  5  6  4  75       
PG12  20882.313270  -6616.604924  14676.017607     97.367088  2  2  6  65       
PG13  21350.342418  13495.189555  -8494.990072     24.265501  2  4  6  87       
PG14  -9199.318238 -16555.451717  19047.754393     -0.776610  6  4  4  88       
PG15  26432.021636   3933.076729  -1857.601563   -219.495999  5  7  4  45       
PG16 -12045.897838  -9088.005031 -22102.227156   -179.168515  6  7  4  74       
PG17   -408.264468  15186.372519  22213.332195    291.568737  6  6  3  89       
PG18   8419.940453 -16858.826311 -18718.089123    238.996238  7 11 10 107       
PG19   8137.860479  16047.416257  19250.642871   -135.849507  6  5  5  41       
PG20  15098.933108 -21692.149746   -605.542668    527.346261  7  7 10  92       
PG21  -4280.130357 -24965.883300  -7751.205594     20.224801  7  7  6  86       
PG22 -18366.352860    626.752747  19338.051360   -773.920632  1  4  4 101       
PG24  17212.311757   3744.745197  19777.808047    -15.283471  4  5  4  45       
PG25  20063.389801 -15835.862678   6471.301138     20.205062  7  5  4  87       
PG26  -1653.960014 -18924.663253 -18504.558931    238.199492  6  8  8  95       
PG27 -20328.691030 -12500.289830 -12154.161874   -338.627743  5  5  6  75       
PG28  -9236.264789  21269.091393  13665.768941    702.259394  5  5  7 101       
PG29  21015.779587  -4862.405031 -15562.638107   -143.861442  4  6  4  81       
PG30  -1257.661722  24026.161792 -10958.926914   -256.233037  5  5  4  85       
PG31  -6430.885340 -25448.248166   1753.357313    -53.747769  6  8  5  45       
PG32  -1321.883691 -15705.733176  21481.394033    312.249406  7  3  5  78       
*  2020  7  6  4 15  0.00000000
PG01 -16399.035469  -4490.764405  20265.503157     21.893074  6  5  4  84       
PG02  13986.305277  22125.934322  -4003.002337   -482.964726  3  3     90       
PG03 -19544.856214   6360.328536  16697.783111   -230.998836  5  5  5  98       
PG04 -25733.152730    324.602152  -6627.083330   -111.255739 10  5  4  24       
PG05   9567.032796  12684.767555 -21402.068763    -16.082290  2  3  5  32       
PG06   5527.490240  25132.784490   6532.059212   -299.127116  3  6  4  53       
PG07  -9394.121017  14451.110067 -19755.932749   -320.720691  6  5  3  96       
PG08 -25436.050138  -6466.743193  -4892.302242    -40.012884  4  5  5  93       
PG09 -19158.141594   9157.197017 -16014.377098   -248.728974  5  5  4  94       
PG10   9764.545489 -22875.378619   9056.275812   -391.580186  8  8  7  57       
PG11 -22422.642389  -9495.893236   9721.292304   -229.112250  6  6  4  42       
PG12  19727.787078  -5180.484271  16694.027143     97.362684  2     5  50       
PG13  20239.539779  13366.976544 -11056.339941     24.268601  2  4  5  66       
PG14  -7064.318174 -16112.193844  20304.593769     -0.774270  6  4  4  67       
PG15  26080.462833   4223.985790  -4593.058627   -219.493589  4  7  4  60       
PG16 -10289.956570 -10838.809325 -22162.117684   -179.172638  6  8  4  86       
PG17  -2802.123020  14643.557055  22403.808725    291.574082  6  6  3  12       
PG18   9244.189158 -14800.396418 -20027.590571    239.005067  7 10 10  79       
PG19   5874.475545  15504.386472  20458.925539   -135.844529  6  6  6  52       
PG20  15273.016224 -21319.437552  -3409.413079    527.346168  7  7 10 106       
PG21  -3597.651159 -24043.052412 -10313.109676     20.228720  8  7  6 101       
PG22 -17193.626319  -1291.987337  20379.821486   -773.918643  2  4  3  84       
PG24  17997.250745   5836.874239  18580.668188    -15.284368  4  5  4  72       
PG25  19660.743149 -14962.351371   9158.278759     20.208684  6  5  4  93       
PG26   -270.937237 -20422.618024 -16891.561674    238.205730  6  8  8  88       
PG27 -18840.203553 -12390.123327 -14445.181150   -338.636446  6  5  6  73       
PG28 -10287.138320  22109.605397  11282.252074    702.255992  5  5  7  79       
PG29  22579.760863  -4341.119631 -13367.718522   -143.869148  4  6  4  81       
PG30  -1965.643865  22780.261287 -13280.986216   -256.240059  5  5  4  89       
PG31  -6028.310032 -25190.903075   4597.788798    -53.750162  6  7  5  78       
PG32   1104.657095 -15329.050354  21751.882486    312.255225  6  2  5  54       
*  2020  7  6  4 30  0.00000000
PG01 -17239.690404  -6608.497643  18990.966772     21.897807  6  5  4  88       
PG02  13929.914614  22570.263856  -1172.267994   -482.969867  2  3  1 109       
PG03 -18477.294269   4636.359454  18397.133575   -231.009411  5  4  5  96       
PG04 -26294.849882     -3.663191  -3860.029663   -111.259965 10  6  3  53       
PG05   8168.674253  14619.366854 -20714.687278    -16.082810  2  3  5  78       
PG06   4989.915899  24392.393800   9236.651496   -299.131936  3  7  4  91       
PG07 -10451.419315  12302.373002 -20688.287819   -320.728749  6  5  3  97       
PG08 -24709.092622  -6606.193875  -7630.484389    -40.014928  4  5  5  69       
PG09 -20843.335061   8808.988128 -13969.719580   -248.734930  5  5  4 105       
PG10  10471.951857 -23446.048460   6361.486633   -391.589900  8  9  7  99       
PG11 -22987.373197 -10456.260838   7185.829808   -229.102742  6  6  4  67       
PG12  18513.883463  -3519.668001  18418.085552     97.358371  2     5  62       
PG13  18853.530614  13232.511675 -13429.455428     24.271609  3  4  5  98       
PG14  -4789.809163 -15759.824831  21223.809854     -0.771961  6  5  3  78       
PG15  25443.458503   4527.324679  -7251.725550   -219.491382  4  6  4  76       
PG16  -8640.268922 -12676.863267 -21847.903827   -179.176881  6  8  5  90       
PG17  -5223.973937  14237.702502  22223.650057    291.578887  6  6  3  83       
PG18  10224.354027 -12669.337445 -20992.596417    239.013908  7 10  9  94       
PG19   3467.708887  15060.952661  21306.032362   -135.840152  5  6  5  77       
PG20  15312.708472 -20680.342533  -6153.855666    527.345787  7  7 10 106       
PG21  -2732.117914 -22903.916799 -12694.371252     20.232736  8  8  6  88       
PG22 -16064.186339  -3345.681076  21076.191221   -773.916393  3  3  3  94       
PG24  18811.177526   7748.023732  17062.257054    -15.285205  4  5  4  75       
PG25  19127.692065 -13827.671408  11683.815302     20.212297  6  4  4  88       
PG26    925.065572 -21823.832786 -14986.059400    238.211952  7  8  8  75       
PG27 -17105.284562 -12336.810372 -16493.639534   -338.645097  6  5  5  76       
PG28 -11110.361758  22800.391583   8711.205466    702.252780  6  6  7  82       
PG29  23913.086033  -3954.443106 -10943.691355   -143.876915  4  6  3  85       
PG30  -2824.470317  21337.545097 -15371.418346   -256.247082  5  5  5  69       
PG31  -5492.745887 -24656.858853   7360.785288    -53.752422  6  7  5 105       
PG32   3558.377544 -15077.150389  21651.168107    312.261031  6  2  5  60       
*  2020  7  6  4 45  0.00000000
PG01 -18120.277733  -8526.759512  17386.896381     21.902591  5  5  4  87       
PG02  13733.333823  22738.888334   1678.734309   -482.975081  2  3  2  99       
PG03 -17407.925479   2711.314525  19777.148028   -231.020014  5  4  5  99       
PG04 -26556.963805   -277.735623  -1026.658100   -111.264230 10  6  3  53       
PG05   6919.414230  16541.169786 -19673.953085    -16.083600  3  3  4  91       
PG06   4275.116919  23418.711047  11782.199733   -299.136804  3  7  4  84       
PG07 -11650.668610  10135.088081 -21251.552358   -320.736885  6  6  3  87       
PG08 -23689.228284  -6776.687988 -10239.244727    -40.016476  3  5  4  95       
PG09 -22300.028230   8553.953093 -11685.537906   -248.740853  4  6  3 104       
PG10  10981.752147 -23788.709642   3555.904656   -391.599603  7  9  7  53       
PG11 -23353.895924 -11213.933241   4522.322133   -229.093074  6  6  4  65       
PG12  17284.961752  -1651.354965  19817.617944     97.354198  3     5  68       
PG13  17211.821821  13128.574573 -15574.106727     24.274657  3  4  4  98       
PG14  -2417.135210 -15518.311694  21790.110558     -0.769388  6  5  2  77       
PG15  24533.923770   4876.198595  -9789.469931   -219.488934  4  6  4  97       
PG16  -7125.905372 -14562.303405 -21163.470423   -179.181143  5  8  6 104       
PG17  -7625.703934  13974.145132  21675.590004    291.584430  5  6  3  79       
PG18  11354.235583 -10513.335176 -21596.613836    239.022776  7 10  9  80       
PG19    964.151427  14738.458238  21776.486000   -135.835580  5  6  5  82       
PG20  15253.285238 -19768.406032  -8791.167467    527.346067  7  7 10  79       
PG21  -1668.519503 -21584.995835 -14851.307986     20.237466  8  8  6  53       
PG22 -15008.350444  -5500.729966  21415.983877   -773.913962  4  4  3 108       
PG24  19619.245319   9452.318239  15249.940614    -15.287056  4  5  4  82       
PG25  18505.157231 -12432.148624  14003.093342     20.215876  5  4  4  86       
PG26   1934.005322 -23084.824414 -12820.617931    238.218171  7  9  7  77       
PG27 -15154.973548 -12371.246817 -18264.973935   -338.653758  6  5  5  88       
PG28 -11717.005614  23301.531079   5994.541393    702.249636  6  5  6  70       
PG29  24982.581890  -3674.824178  -8332.036618   -143.884523  4  6  3  72       
PG30  -3846.128361  19737.915818 -17193.982699   -256.254062  5  5  5  74       
PG31  -4796.821707 -23872.814421   9993.486249    -53.754557  6  7  5  97       
PG32   5991.212254 -14953.346816  21180.510500    312.266880  6  1  5  83       
*  2020  7  6  5  0  0.00000000
PG01 -19002.480908 -10218.312877  15482.274538     21.907375  5  5  4  83       
PG02  13366.086262  22653.067513   4501.091181   -482.980289  2  3  3 105       
PG03 -16375.472110    612.691930  20814.002608   -231.030686  6  4  5  91       
PG04 -26511.457864   -533.987986   1824.351061   -111.268466 10  6  4  75       
PG05   5830.291142  18404.694358 -18296.904927    -16.084264  3  3  4  59       
PG06   3364.190306  22249.168321  14125.018927   -299.141504  3  7  5  95       
PG07 -12975.600734   7996.821125 -21436.912860   -320.744560  6  6  4  83       
PG08 -22395.391971  -7013.212737 -12674.174269    -40.017468  3  5  4  75       
PG09 -23498.959299   8363.352132  -9200.912039   -248.746796  4  6  3 101       
PG10  11318.867574 -23873.894654    688.301000   -391.609291  7  9  7  58       
PG11 -23493.815064 -11787.533043   1778.596509   -229.083545  6  6  4  49       
PG12  16082.916997    398.765210  20867.872444     97.349848  3  2  4  54       
PG13  15341.682942  13088.435189 -17453.958267     24.277546  3  4  3  89       
PG14      9.016388 -15400.448899  21993.862715     -0.766628  6  5  2  68       
PG15  23372.034103   5300.960457 -12164.329862   -219.486630  3  6  3  77       
PG16  -5768.872617 -16450.994693 -20118.936563   -179.185529  5  8  6  98       
PG17  -9959.149279  13850.003521  20768.228247    291.589191  6  6  3  92       
PG18  12619.509115  -8379.023653 -21829.359375    239.031679  7  9  8  90       
PG19  -1585.890549  14550.398043  21861.613352   -135.830980  5  7  5  90       
PG20  15131.676593 -18585.531821 -11275.667149    527.345608  6  6 10  25       
PG21   -399.897358 -20127.185148 -16743.585716     20.241430  8  8  6  43       
PG22 -14050.634629  -7718.748577  21393.979540   -773.911861  5  5  4  81       
PG24  20383.888464  10931.553308  13175.927067    -15.286740  5  6  4  72       
PG25  17834.793211 -10785.188308  16074.920237     20.219495  4  3  3  91       
PG26   2763.786526 -24164.434985 -10432.458870    238.224424  7  9  7  95       
PG27 -13026.628239 -12518.650280 -19729.115365   -338.662451  6  5  4  90       
PG28 -12125.577623  23577.084039   3177.061428    702.246150  6  5  6  91       
PG29  25762.395012  -3469.454867  -5577.472843   -143.892261  4  6  4  79       
PG30  -5035.052122  18024.449226 -18717.226119   -256.261009  4  5  6  87       
PG31  -3919.301632 -22872.216483  12449.479339    -53.756797  6  7  5  94       
PG32   8355.334295 -14952.985144  20347.455552    312.272688  6  1  5  87       
*  2020  7  6  5 15  0.00000000
PG01 -19845.069190 -11664.344979  13311.059974     21.912123  6  5  5  74       
PG02  12803.009005  22340.914849   7247.113807   -482.985516  2  2  3  95       
PG03 -15414.123157  -1624.974579  21489.894255   -231.041294  6  5  4  84       
PG04 -26159.079119   -809.503393   4644.030275   -111.272653  9  6  5  48       
PG05   4904.362049  20164.101571 -16606.379305    -16.084851  3  3  4  57       
PG06   2245.962582  20925.678493  16224.973540   -299.146367  3  7  5  82       
PG07 -14402.482088   5931.945144 -21242.528355   -320.752279  5  7  3  87       
PG08 -20854.290462  -7346.883536 -14893.685797    -40.018522  3  5  4  89       
PG09 -24418.197517   8204.247111  -6558.386655   -248.752679  4  6  3 100       
PG10  11513.922193 -23679.264207  -2191.318696   -391.619007  7 10  7  16       
PG11 -23384.872723 -12201.702455   -996.540735   -229.074017  6  5  3  22       
PG12  14945.533053   2597.324451  21550.392581     97.345718  3  1  4  51       
PG13  13277.253089  13140.468577 -19037.155090     24.280675  4  4  3  93       
PG14   2442.072055 -15411.361931  21831.249492     -0.764034  6  6  2  81       
PG15  21984.510947   5827.922182 -14337.123634   -219.484351  3  5  3  75       
PG16  -4583.370790 -18296.053670 -18730.592960   -179.190018  5  8  7  96       
PG17 -12177.687436  13854.315418  19515.935652    291.594346  5  6  3  87       
PG18  13998.155646  -6310.344298 -21686.927889    239.040482  7  9  6  88       
PG19  -4130.196529  14501.857971  21559.736194   -135.826267  5  7  5  83       
PG20  14984.865922 -17142.032175 -13564.501575    527.345173  6  6  9  48       
PG21   1072.015733 -18574.212952 -18335.136359     20.244983  8  8  6  29       
PG22 -13208.914955  -9957.837767  21010.963278   -773.909663  5  6  4  75       
PG24  21066.317284  12175.634645  10876.645675    -15.287344  5  6  4  82       
PG25  17157.243328  -8905.115672  17862.527951     20.223077  4  3  2  87       
PG26   3429.771186 -25025.416381  -7862.823080    238.230769  8  9  6  72       
PG27 -10762.692406 -12797.491507 -20860.977556   -338.671062  6  6  2  99       
PG28 -12361.239966  23596.553609    305.821293    702.242640  6  4  6  68       
PG29  26234.926591  -3301.715755  -2727.202813   -143.900120  3  6  4  50       
PG30  -6387.771823  16241.780930 -19915.029229   -256.268073  4  5  6  81       
PG31  -2846.137189 -21693.892484  14685.677136    -53.758944  6  7  4 109       
PG32  10604.793017 -15063.639412  19165.743314    312.278457  6  1  5  77       
*  2020  7  6  5 30  0.00000000
PG01 -20605.545967 -12854.929677  10911.524655     21.916857  5  5  5  91       
PG02  12025.297902  21836.133101   9871.086961   -482.990798  2  2  4 102       
PG03 -14552.229685  -3961.267738  21793.343556   -231.051907  6  6  4  93       
PG04 -25509.331485  -1140.443845   7383.961803   -111.276819  9  6  6  90       
PG05   4136.716373  21774.842717 -14630.676995    -16.085505  3  4  4  91       
PG06    917.609220  19493.025398  18046.155369   -299.151137  4  7  5 106       
PG07 -15900.998787   3980.059466 -20673.461998   -320.760373  5  7  3  84       
PG08 -19099.501188  -7803.580690 -16859.707805    -40.018989  4  5  4  88       
PG09 -25043.890318   8040.939122  -3803.253326   -248.758644  4  6  2 101       
PG10  11601.857727 -23190.589097  -5032.621244   -391.628724  7 10  8  31       
PG11 -23011.849038 -12485.851275  -3754.251663   -229.064438  6  5  3  18       
PG12  13905.016586   4904.403751  21853.361082     97.341345  3  2  5  85       
PG13  11058.399074  13306.966171 -20296.837113     24.283515  4  4  2 103       
PG14   4835.099966 -15548.296426  21304.355150     -0.761406  6  6  2  77       
PG15  20403.689725   6478.223545 -16272.013613   -219.482048  3  5  3  62       
PG16  -3575.344575 -20049.508149 -17020.736705   -179.194404  5  8  7  92       
PG17 -14237.786180  13968.474403  17938.687155    291.600080  5  6  3 108       
PG18  15461.199566  -4347.018288 -21171.852676    239.049254  7  8  5  99       
PG19  -6616.516067  14589.313230  20876.215568   -135.821843  5  7  5 100       
PG20  14848.305360 -15456.351303 -15618.389440    527.345375  6  5  9  86       
PG21   2736.511234 -16970.947058 -19595.029976     20.249323  8  8  6  82       
PG22 -12493.850298 -12173.987274  20273.685044   -773.907265  6  6  4  81       
PG24  21628.054035  13182.705368   8392.072801    -15.288124  5  6  4  92       
PG25  16510.444499  -6818.654245  19334.284690     20.226670  3  3  1  72       
PG26   3953.989091 -25635.881645  -5156.251655    238.237172  8  9  6 105       
PG27  -8409.279194 -13218.679706 -21640.879647   -338.679750  6  6    111       
PG28 -12454.765488  23336.192377  -2570.574612    702.239277  6  3  5  94       
PG29  26391.464054  -3132.773804    169.885385   -143.907726  3  5  3  60       
PG30  -7892.883140  14434.450010 -20767.048066   -256.275055  4  4  6  97       
PG31  -1571.220238 -20380.482981  16663.115546    -53.760940  6  6  4 101       
PG32  12697.091052 -15265.619751  17655.112559    312.284244  5  2  6  66       
*  2020  7  6  5 45  0.00000000
PG01 -21241.837201 -13789.145228   8325.536211     21.921626  5  6  5  55       
PG02  11021.296237  21176.586688  12329.942246   -482.996087  3  2  4  83       
PG03 -13811.245470  -6351.269649  21719.381131   -231.062529  6  6  4  93       
PG04 -24580.124950  -1560.455754   9997.104470   -111.280948  9  6  7  97       
PG05   3514.803066  23195.281313 -12403.131268    -16.086202  3  4  4  72       
PG06   -615.050500  17997.160506  19557.485179   -299.155933  4  7  5  67       
PG07 -17435.410863   2174.633788 -19741.469214   -320.768211  4  6  3  74       
PG08 -17170.319590  -8402.783912 -18538.330420    -40.020790  4  5  3  89       
PG09 -25370.712598   7836.521221   -982.783142   -248.764579  4  6  2  98       
PG10  11620.375593 -22402.423239  -7785.867308   -391.638475  7 10  8  42       
PG11 -22367.173991 -12672.741053  -6446.576522   -229.054723  6  6  3  78       
PG12  12986.773368   7274.929014  21771.807381     97.337193  3  3  5  85       
PG13   8729.366757  13603.187372 -21211.574707     24.286471  3  4  2  88       
PG14   7142.358201 -15800.702009  20421.174735     -0.759092  5  6  2  90       
PG15  18666.403460   7266.895795 -17937.021415   -219.479791  4  5  3  81       
PG16  -2742.351765 -21664.034591 -15017.398447   -179.198889  5  7  7  92       
PG17 -16100.458084  14166.954799  16061.820319    291.605131  5  5  3  93       
PG18  16973.724676  -2523.189951 -20293.056290    239.058164  7  8  5  98       
PG19  -8994.456741  14800.794701  19823.347980   -135.817360  5  7  5  82       
PG20  14754.411667 -13554.479738 -17402.288858    527.345452  6  5  9  90       
PG21   4574.005015 -15361.623073 -20498.267559     20.253512  8  8  6  82       
PG22 -11908.584849 -14322.557365  19194.733581   -773.905167  6  7  5  87       
PG24  22032.451028  13958.963826   5765.019447    -15.288061  5  6  3  85       
PG25  15928.054821  -4560.062544  20464.300320     20.230282  3  3  2  81       
PG26   4364.078848 -25970.563383  -2359.797261    238.243578  8  9  6  99       
PG27  -6014.618390 -13785.033250 -22054.896496   -338.688436  7  7     99       
PG28 -12441.262329  22780.096840  -5402.744919    702.236031  6  3  5  45       
PG29  26232.484642  -2923.271149   3064.049075   -143.915620  3  5  4  84       
PG30  -9531.336462  12645.265954 -21259.044214   -256.282032  3  4  6  84       
PG31    -96.806608 -18976.741787  18347.656152    -53.763385  6  6  4  98       
PG32  14594.640824 -15532.774034  15841.002539    312.290044  5  3  6  73       
*  2020  7  6  6  0  0.00000000
PG01 -21713.954534 -14474.851352   5597.801601     21.926369  5  6  5  67       
PG02   9787.008220  20402.768688  14583.852916   -483.001176  2  3  5  79       
PG03 -13204.953834  -8747.120749  21269.615248   -231.073125  6  7  3  50       
PG04 -23397.114518  -2099.174413  12438.596278   -111.285140  9  6  7 104       
PG05   3019.062091  24388.227434  -9961.581239    -16.086958  3  4  4  78       
PG06  -2337.594038  16483.471804  20733.228924   -299.160734  4  7  4  79       
PG07 -18965.921095    541.928038 -18464.655648   -320.776168  4  6  4  86       
PG08 -15110.395621  -9156.650131 -19900.392929    -40.020387  3  6  3  74       
PG09 -25402.000324   7554.486325   1854.577810   -248.770528  4  6  2 110       
PG10  11608.269975 -21318.438047 -10402.827305   -391.648243  8 10  8  24       
PG11 -21451.234041 -12796.970217  -9027.286263   -229.045389  6  6  2  49       
PG12  12208.477231   9660.276769  21307.675127     97.332920  2  3  5  89       
PG13   6337.274799  14036.686552 -21765.720004     24.289429  4  5  2  69       
PG14   9320.810833 -16150.610838  19195.545891     -0.756481  5  6  3  61       
PG15  16812.720348   8202.150796 -19304.491783   -219.477121  4  5  3  85       
PG16  -2073.761691 -23094.708704 -12753.958832   -179.203209  5  7  7  97       
PG17 -17732.570057  14418.304122  13915.717542    291.610381  5  5  3 100       
PG18  18496.129762   -866.292203 -19065.693255    239.067009  7  7  6 112       
PG19 -11217.295964  15116.416118  18420.115997   -135.812553  4  6  5  82       
PG20  14731.201797 -11469.085451 -18885.978196    527.345162  6  5  9 106       
PG21   6556.533916 -13788.073199 -21026.460617     20.257298  8  8  6 100       
PG22 -11448.739348 -16359.787053  17792.327044   -773.902901  6  7  5  86       
PG24  22246.134562  14518.185718   3040.393707    -15.288598  5  6  4  70       
PG25  15438.071348  -2169.964862  21232.910811     20.233940  3  3  3  70       
PG26   4692.001673 -26011.827038    477.819012    238.249860  8  9  6  46       
PG27  -3627.421316 -14491.057969 -22095.130137   -338.697081  6  7  1  99       
PG28 -12358.707023  21921.039528  -8141.361766    702.232751  5  3  5  77       
PG29  25767.618487  -2635.039525   5905.539805   -143.923365  3  5  3  88       
PG30 -11277.032794  10913.763297 -21383.099346   -256.289058  3  4  5  67       
PG31   1566.404590 -17527.776944  19710.578451    -53.765725  6  6  3  94       
PG32  16266.044596 -15833.555287  13754.154135    312.295805  5  3  6  31       
*  2020  7  6  6 15  0.00000000
PG01 -21985.570758 -14928.141986   2775.086915     21.931174  5  6  6  54       
PG02   8326.329129  19556.219971  16596.750458   -483.006392  2  3  5  82       
PG03 -12739.009679 -11099.693467  20452.180832   -231.083717  6  8  4  87       
PG04 -21992.754324  -2780.885577  14666.519419   -111.289339  9  6  8 100       
PG05   2623.839063  25322.324076  -7347.756006    -16.087543  3  4  4  71       
PG06  -4227.369429  14995.091117  21553.421054   -299.165498  4  7  4  91       
PG07 -20450.196728   -899.775349 -16867.021169   -320.784239  4  6  4  85       
PG08 -12966.208030 -10069.371835 -20922.002759    -40.021913  4  6  2  93       
PG09 -25149.562636   7160.327754   4660.036793   -248.776456  4  6  3  68       
PG10  11603.720934 -19951.402565 -12837.671651   -391.658025  8 10  8  37       
PG11 -20272.370900 -12893.425816 -11452.662480   -229.035642  6  6  2  72       
PG12  11579.468745  12010.022372  20469.749983     97.328803  3  4  5  78       
PG13   3930.505522  14606.940722 -21949.669133     24.292368  4  5  2  94       
PG14  11331.559753 -16573.301541  17646.999817     -0.754184  5  6  4  58       
PG15  14884.577677   9284.919404 -20351.502534   -219.474847  4  5  3  55       
PG16  -1551.283430 -24300.701404 -10268.653515   -179.207420  5  7  7  83       
PG17 -19107.960733  14686.373281  11535.410053    291.615662  4  5  3  86       
PG18  19985.575723    603.823505 -17510.887584    239.075793  7  7  7 100       
PG19 -13243.640478  15509.238322  16691.800296   -135.808236  4  6  5  82       
PG20  14801.120698  -9238.398310 -20044.541893    527.345506  6  5  8  94       
PG21   8648.639833 -12288.039737 -21168.365493     20.261347  8  8  5 104       
PG22 -11102.690179 -18244.275759  16090.023339   -773.900624  6  8  6  93       
PG24  22240.322751  14880.974391    264.450476    -15.288036  5  6  4  96       
PG25  15061.696604    306.074233  21627.030666     20.237570  3  4  5  89       
PG26   4972.579815 -25750.396234   3307.088426    238.256120  7  9  6  78       
PG27  -1295.220762 -15323.045078 -21759.895935   -338.705742  6  8  2  86       
PG28 -12246.336344  20760.995153 -10738.028792    702.229030  5  3  5  74       
PG29  25015.271663  -2232.773614   8645.456066   -143.930882  3  5  3  57       
PG30 -13097.700811   9274.803898 -21137.712789   -256.296067  2  5  5  82       
PG31   3399.535531 -16077.306628  20729.051907    -53.767987  5  5  3  96       
PG32  17687.147898 -16132.315811  11430.114457    312.301612  5  4  6  67       
*  2020  7  6  6 30  0.00000000
PG01 -22025.450640 -15172.501333    -94.573006     21.935945  4  6  6  33       
PG02   6650.993616  18677.955778  18336.765310   -483.011414  2  3  6  83       
PG03 -12410.812923 -13360.315030  19281.572384   -231.094316  6  8  4  85       
PG04 -20405.103207  -3623.396237  16642.614981   -111.293578  8  6  8  96       
PG05   2298.550269  25973.229512  -4606.577477    -16.088439  3  5  4  27       
PG06  -6254.187703  13571.304109  22004.189075   -299.170255  5  6  4 110       
PG07 -21844.978360  -2140.605145 -14977.908033   -320.792132  4  5  4  73       
PG08 -10785.431720 -11136.843412 -21584.976033    -40.023623  4  6  1 103       
PG09 -24633.178899   6623.069874   7385.292571   -248.782350  4  6  2  78       
PG10  11642.618590 -18322.808909 -15047.815562   -391.667866  9 10  8  85       
PG11 -18846.582599 -12995.765261 -13682.193784   -229.026309  7  7  2  70       
PG12  11100.505858  14273.757848  19273.451880     97.324582  3  4  6  90       
PG13   1557.051283  15305.292354 -21760.031451     24.295475  3  6  3 101       
PG14  13141.141484 -17038.229648  15800.528458     -0.751680  4  6  4  81       
PG15  12924.357505  10508.655191 -21060.217699   -219.472663  4  5  3  77       
PG16  -1149.810385 -25246.851526  -7603.969119   -179.211886  4  6  7  87       
PG17 -20208.323147  14931.745942   8960.102494    291.620793  4  5  4 105       
PG18  21397.568977   1875.460428 -15655.369669    239.084577  7  7  7  94       
PG19 -15038.864718  15946.431756  14669.464363   -135.803460  5  6  5  73       
PG20  14980.105199  -6904.893467 -20858.755516    527.345256  6  5  8 104       
PG21  10808.610526 -10893.657029 -20920.244687     20.265768  7  8  5  88       
PG22 -10852.125795 -19938.386241  14116.353556   -773.898433  6  8  6  92       
PG24  21991.971290  15073.771990  -2515.960500    -15.288751  5  6  3  57       
PG25  14812.500851   2819.170928  21640.366515     20.241228  4  5  5  87       
PG26   5241.919384 -25185.759573   6078.614633    238.262355  7  8  7  78       
PG27    937.254500 -16259.489892 -21053.817212   -338.714369  6  8  3  98       
PG28 -12142.957406  19311.326499 -13146.191307    702.225973  4  3  5 115       
PG29  24001.922748  -1685.597885  11236.585349   -143.938991  3  5  3  74       
PG30 -14956.018661   7757.379869 -20527.783273   -256.303068  2  5  5  91       
PG31   5376.122808 -14666.001587  21386.481824    -53.770310  5  5  3  92       
PG32  18841.824091 -16390.779543   8908.650974    312.307380  5  5  6  88       
*  2020  7  6  6 45  0.00000000
PG01 -21808.687155 -15237.700599  -2962.662900     21.940718  4  7  6  93       
PG02   4780.252252  17806.951484  19776.595467   -483.016581  2  3  5  88       
PG03 -12209.716167 -15482.472475  17778.365526   -231.104869  6  8  4 104       
PG04 -18676.427415  -4637.158642  18332.935504   -111.297778  8  6  9 109       
PG05   2009.054478  26324.546446  -1785.392235    -16.089247  4  6  4  60       
PG06  -8381.307248  12246.122886  22077.975165   -299.174989  5  5  3 101       
PG07 -23107.709595  -3179.194447 -12831.372126   -320.800105  4  5  4  76       
PG08  -8615.258243 -12346.651998 -21877.190391    -40.024801  4  7  1 106       
PG09 -23879.799359   5916.668595   9983.368982   -248.788276  4  6  3  94       
PG10  11756.988203 -16462.157736 -16994.699815   -391.677615  9  9  7  63       
PG11 -17196.948216 -13134.986597 -15679.181811   -229.016496  7  7  2  82       
PG12  10763.873081  16402.904393  17740.499462     97.320090  3  5  6  85       
PG13   -737.123514  16115.210670 -21199.702694     24.298574  3  6  3  90       
PG14  14722.641215 -17510.196218  13686.265400     -0.749050  3  6  4  69       
PG15  10973.451344  11859.411766 -21418.180534   -219.469922  5  5  4  87       
PG16   -838.554030 -25905.048384  -4805.935931   -179.216222  5  6  7  96       
PG17 -21023.816360  15113.320239   6232.617941    291.626056  4  5  4 103       
PG18  22687.620663   2945.332017 -13531.018637    239.093366  7  6  8  80       
PG19 -16576.269878  16390.685319  12389.326590   -135.798593  5  6  5  67       
PG20  15276.917770  -4513.826087 -21315.366662    527.345268  6  5  7 111       
PG21  12990.025055  -9630.179664 -20286.034149     20.270007  7  8  5  86       
PG22 -10672.860555 -21409.519213  11904.382174   -773.896281  6  8  7 103       
PG24  21484.708431  15127.671420  -5254.138407    -15.288778  5  6  3  93       
PG25  14695.913338   5318.869869  21273.489302     20.244881  4  5  6  79       
PG26   5535.782473 -24326.241082   8744.014015    238.268468  7  8  7  81       
PG27   3029.610955 -17271.821048 -19987.822582   -338.723063  6  8  4  81       
PG28 -12085.242970  17592.607904 -15322.059228    702.223067  4  3  5  83       
PG29  22761.119038   -968.465199  13634.220962   -143.946282  3  6  3  74       
PG30 -16810.934948   6383.661351 -19564.478269   -256.310056  2  5  4  84       
PG31   7463.010171 -13329.979998  21672.726972    -53.772311  5  5  3  93       
PG32  19722.457668 -16569.636368   6233.083292    312.313155  5  5  6  85       
*  2020  7  6  7  0  0.00000000
PG01 -21317.701481 -15158.480604  -5780.962642     21.945393  4  7  6  75       
PG02   2740.293903  16978.734753  20893.807511   -483.021901  2  3  5  89       
PG03 -12117.556137 -17423.434188  15968.833891   -231.115270  6  8  5  85       
PG04 -16851.653778  -5824.681940  19708.424604   -111.301980  8  6  9  98       
PG05   1719.178666  26368.457804   1066.854862    -16.089807  4  6  4  74       
PG06 -10566.672629  11047.074559  21773.652283   -299.179751  5  5  3  88       
PG07 -24198.123297  -4022.440716 -10465.496081   -320.807939  5  5  4  81       
PG08  -6500.732309 -13678.397372 -21792.841489    -40.025454  4  7  2  86       
PG09 -22922.479620   5021.226240  12409.429280   -248.794193  4  6  3 105       
PG10  11973.581575 -14405.933052 -18644.490587   -391.687398  9  9  7  95       
PG11 -15352.807001 -13338.138968 -17411.253749   -229.007355  7  7  2  84       
PG12  10553.840309  18352.446071  15898.457531     97.315840  3  5  6  72       
PG13  -2909.644862  17012.863203 -20277.839865     24.301499  4  6  3  89       
PG14  16056.580919 -17950.717208  11339.078761     -0.746733  3  6  4  81       
PG15   9070.861912  13316.193667 -21418.542511   -219.467529  5  5  4  72       
PG16   -582.426136 -26255.363033  -1923.327157   -179.220492  5  6  7  64       
PG17 -21553.377538  15189.988688   3398.764815    291.631076  4  5  3 109       
PG18  23812.918280   3818.490794 -11174.317794    239.102170  7  6  8  83       
PG19 -17837.918769  16801.799452   9892.037392   -135.794464  5  6  5  57       
PG20  15692.772801  -2111.674497 -21407.270430    527.345158  6  6  6  89       
PG21  15143.532866  -8515.023291 -19277.304181     20.274036  7  7  5  91       
PG22 -10535.877221 -22631.214108   9491.198249   -773.894419  6  8  7 102       
PG24  20709.528562  15077.074755  -7904.258333    -15.289307  5  5  3 103       
PG25  14709.060668   7754.945061  20533.766726     20.248550  5  5  6  90       
PG26   5887.975897 -23188.730858  11256.797096    238.274612  7  7  7  78       
PG27   4947.169444 -18325.418426 -18579.041035   -338.731704  5  7  4  99       
PG28 -12106.083981  15634.078619 -17225.519671    702.219170  4  3  4  99       
PG29  21332.210302    -63.331699  15796.939211   -143.954297  3  6  4  60       
PG30 -18619.136255   5168.322939 -18264.996346   -256.317060  2  5  4  74       
PG31   9621.500311 -12099.512199  21584.190519    -53.774675  5  5  3  81       
PG32  20330.105242 -16630.196314   3449.542873    312.318884  5  5  5  88       
*  2020  7  6  7 15  0.00000000
PG01 -20542.974469 -14973.071472  -8502.300727     21.950079  5  8  5  71       
PG02    563.437904  16224.126050  21671.074654   -483.026913  2  3  5  69       
PG03 -12109.485861 -19145.726111  13884.469827   -231.125860  6  8  5  88       
PG04 -14976.732310  -7180.254778  20745.414101   -111.306280  7  6  9  97       
PG05   1392.337304  26106.040231   3900.490401    -16.090595  4  6  5  63       
PG06 -12764.361013   9994.250781  21096.533771   -299.184557  5  5  3 101       
PG07 -25079.725005  -4684.952970  -7921.662181   -320.815912  5  4  4  82       
PG08  -4483.167678 -15104.333009 -21332.595655    -40.027512  4  7  2 105       
PG09 -21799.089620   3923.972184  14621.556786   -248.800207  4  6  3  65       
PG10  12312.692807 -12196.308765 -19968.683827   -391.697203  9  8  6 100       
PG11 -13348.729848 -13627.216693 -18850.781385   -228.997684  7  7  2  82       
PG12  10447.447601  20082.515839  13780.180876     97.311280  3  6  5  57       
PG13  -4923.158455  17967.978214 -19009.736671     24.304632  3  6  3  79       
PG14  17131.544716 -18319.547602   8798.075629     -0.744136  3  6  4  69       
PG15   7251.889569  14851.572396 -21060.223825   -219.465220  5  6  4  82       
PG16   -343.616390 -26286.875179    993.221569   -179.225137  4  6  7  55       
PG17 -21804.715381  15122.356077    506.629246    291.636383  4  5  3  92       
PG18  24733.945797   4507.934241  -8625.732140    239.110894  7  6  8  88       
PG19 -18815.116643  17138.394325   7221.880984   -135.789533  6  6  5  92       
PG20  16221.266488    255.448925 -21133.580156    527.345533  6  6  5  86       
PG21  17218.780784  -7557.168024 -17913.011582     20.278262  6  7  5  85       
PG22 -10408.561313 -23584.035925   6917.342392   -773.892270  6  8  7  70       
PG24  19665.222448  14958.247771 -10422.073916    -15.290660  4  5  3  89       
PG25  14840.954864  10079.179439  19435.161510     20.252254  6  6  7  75       
PG26   6328.823149 -21798.086811  13573.212271    238.280771  6  6  7  57       
PG27   6662.138186 -19380.886561 -16850.590978   -338.740409  5  7  5  75       
PG28 -12233.073116  13472.734839 -18821.013001    702.215871  3  3  4  97       
PG29  19758.868277   1039.939149  17687.323023   -143.962173  3  6  4  75       
PG30 -20336.603670   4118.171179 -16652.229669   -256.324067  2  5  4  91       
PG31  11808.715695 -10997.982255  21123.788898    -53.776827  5  5  3  74       
PG32  20674.325678 -16536.038204    606.172974    312.324622  5  5  5  88       
*  2020  7  6  7 30  0.00000000
PG01 -19483.487124 -14721.604747 -11081.277761     21.954727  5  8  5  64       
PG02  -1712.874680  15568.163784  22096.356069   -483.032250  2  4  5  87       
PG03 -12155.072917 -20618.407012  11561.418894   -231.136409  6  8  6  60       
PG04 -13096.970576  -8689.990425  21426.030382   -111.310411  7  6  9 101       
PG05    993.179797  25547.239077   6666.008610    -16.091062  5  6  5  80       
PG06 -14926.181775   9099.653211  20058.276955   -299.189382  5  5  3 107       
PG07 -25721.120835  -5188.217252  -5243.801454   -320.823943  6  4  4  96       
PG08  -2598.703946 -16590.307800 -20503.632521    -40.028682  4  7  3  86       
PG09 -20550.846762   2619.969582  16581.487746   -248.806109  4  6  3 117       
PG10  12787.246500  -9879.640484 -20944.602347   -391.706997  9  8  6  98       
PG11 -11223.326289 -14018.271298 -19975.209097   -228.988145  7  7  2  79       
PG12  10415.579133  21559.772728  11423.169723     97.307026  3  6  5  80       
PG13  -6746.572534  18944.967685 -17416.599434     24.307679  4  6  3  79       
PG14  17944.512657 -18576.306856   6106.019326     -0.741776  3  5  4  67       
PG15   5546.949349  16432.550689 -20348.000367   -219.462933  5  6  4  75       
PG16    -83.301707 -25998.154588   3892.154758   -179.229599  4  6  7  24       
PG17 -21793.976691  14874.430761  -2394.200978    291.641804  4  5  3  92       
PG18  25415.990222   5033.903610  -5929.018246    239.119642  7  7  7  79       
PG19 -19508.524154  17359.660433   4425.922589   -135.785236  6  5  4 102       
PG20  16848.609798   2543.359715 -20499.595689    527.345308  6  6  5 110       
PG21  19166.393030  -6756.954247 -16219.051106     20.282750  6  6  5  95       
PG22 -10256.083498 -24256.215031   4226.175115   -773.890127  6  7  7  67       
PG24  18358.531294  14807.822705 -12765.589029    -15.290567  4  5  3  99       
PG25  15073.018433  12247.051072  17997.904494     20.255933  6  7  7  78       
PG26   6883.782582 -20186.232177  15653.034183    238.287023  6  4  7  81       
PG27   8154.531975 -20395.539602 -14831.261057   -338.749152  5  6  5  85       
PG28 -12487.191221  11152.086709 -20078.344216    702.212414  3  4  4  90       
PG29  18087.448659   2342.980153  19272.618870   -143.969877  3  7  5  70       
PG30 -21920.198301   3232.083597 -14754.335128   -256.331066  1  5  3  97       
PG31  13979.111754 -10041.141381  20300.805793    -53.779129  4  5  4  59       
PG32  20772.684059 -16254.586572  -2247.717007    312.330354  6  5  5  72       
*  2020  7  6  7 45  0.00000000
PG01 -18146.857811 -14444.475444 -13474.953186     21.959461  5  8  5  60       
PG02  -4047.257009  15029.244419  22163.020989   -483.037466  2  4  5  96       
PG03 -12219.619155 -21818.095472   9039.839359   -231.146987  6  7  6  67       
PG04 -11255.403226 -10332.193592  21738.503238   -111.314596  7  6  9 105       
PG05    489.198398  24710.502614   9314.975636    -16.092440  5  6  5  82       
PG06 -17003.369267   8366.858749  18676.682700   -299.194138  5  5  3 106       
PG07 -26097.145369  -5559.520312  -2477.633473   -320.832174  6  4  4  81       
PG08   -877.061393 -18096.975769 -19319.573170    -40.029950  5  7  3  91       
PG09 -19220.729895   1112.519011  18255.282995   -248.812035  4  5  4 102       
PG10  13402.194495  -7504.804623 -21555.776841   -391.716673  9  8  6  93       
PG11  -9017.933388 -14520.766422 -20767.294920   -228.978615  7  6  3  88       
PG12  10424.278350  22758.518958   8868.853297     97.302933  3  6  4  78       
PG13  -8356.067168  19904.270722 -15525.224656     24.310588  4  6  3  71       
PG14  18500.883718 -18682.146057   3308.663026     -0.739375  2  5  4  74       
PG15   3980.561552  18021.649685 -19292.511757   -219.460700  5  6  5  56       
PG16    236.584396 -25397.370084   6721.980595   -179.233713  4  5  8  10       
PG17 -21545.089996  14415.222529  -5253.471836    291.647174  3  6  3  79       
PG18  25830.476812   5422.903312  -3130.477889    239.128477  7  7  7  93       
PG19 -19927.904697  17427.078909   1553.122090   -135.780428  6  5  4 103       
PG20  17554.152746   4711.278880 -19516.672866    527.345205  5  6  4  67       
PG21  20939.906597  -6106.278413 -14227.624286     20.287028  5  6  5  99       
PG22 -10042.880324 -24644.014796   1463.193074   -773.887836  6  7  7  93       
PG24  16804.020888  14661.302201 -14895.692608    -15.291395  4  5  4  66       
PG25  15379.919642  14219.259580  16248.054433     20.259621  7  7  7  76       
PG26   7572.268337 -18390.986165  17460.280670    238.293166  6  3  6  71       
PG27   9412.798034 -21325.044267 -12555.082619   -338.757915  5  6  5  56       
PG28 -12881.762402   8720.624330 -20973.400966    702.209174  2  5  4 100       
PG29  16365.258668   3838.656577  20525.314883   -143.977430  4  6  5  74       
PG30 -23329.215558   2501.257718 -12604.223660   -256.338053  2  5  3  96       
PG31  16086.081583  -9236.675482  19130.640359    -53.781279  4  5  4  69       
PG32  20649.947443 -15758.552698  -5062.527013    312.336122  6  5  4  76       
*  2020  7  6  8  0  0.00000000
PG01 -16549.173980 -14180.712103 -15643.489410     21.964119  6  8  5  63       
PG02  -6395.682343  14618.501678  21869.919943   -483.042531  4  4  4  86       
PG03 -12265.649106 -22729.711209   6363.198864   -231.157566  7  7  6  73       
PG04  -9491.258723 -12078.035942  21677.371824   -111.318752  6  6  9 108       
PG05   -147.770479  23622.087535  11800.922570    -16.092916  4  5  4  87       
PG06 -18948.305330   7791.016339  16975.394292   -299.198937  4  5  3  80       
PG07 -26189.754202  -5830.678094    330.090690   -320.839696  6  4  4  86       
PG08    659.455622 -19581.229774 -17800.291326    -40.031095  5  7  3  81       
PG09 -17851.835725   -586.758368  19613.926040   -248.817921  4  5  4 111       
PG10  14154.243858  -5121.452483 -21792.205176   -391.726428  8  7  6 100       
PG11  -6775.234450 -15137.191204 -21215.269861   -228.969279  7  6  3  92       
PG12  10436.247778  23661.517577   6161.818604     97.298320  3  6  3  97       
PG13  -9735.830893  20803.868442 -13367.580821     24.313356  3  6  3  62       
PG14  18814.179861 -18601.392964    454.005905     -0.736832  2  5  4  70       
PG15   2570.554418  19578.185470 -17910.184888   -219.458079  5  6  5  74       
PG16    651.598780 -24502.015465   9432.271581   -179.238281  4  5  8  51       
PG17 -21088.803045  13720.180581  -8021.145548    291.651947  3  5  2  69       
PG18  25956.081550   5706.479223   -278.167876    239.137230  7  8  6  62       
PG19 -20091.523667  17306.042073  -1346.565400   -135.776064  5  5  4  68       
PG20  18311.177752   6723.172790 -18201.998973    527.345422  5  7  4  98       
PG21  22497.568191  -5589.173825 -11976.452268     20.291208  5  6  5  82       
PG22  -9734.179341 -24751.811123  -1324.699132   -773.885747  7  7  7  16       
PG24  15023.681126  14551.616733 -16776.751225    -15.292626  4  5  4 101       
PG25  15730.678804  15963.034787  14216.958514     20.263328  7  8  7  83       
PG26   8406.721700 -16454.675963  18963.844292    238.299290  5  2  6  74       
PG27  10434.119340 -22125.159183 -10060.796161   -338.766695  5  5  5  69       
PG28 -13421.733220   6230.053363 -21488.750594    702.205827  1  5  4  94       
PG29  14638.797228   5511.146995  21423.629299   -143.985153  4  6  6  67       
PG30 -24526.850056   1909.756929 -10238.978128   -256.345078  2  5  3  79       
PG31  18083.589845  -8584.096269  17634.460079    -53.783301  4  5  4  19       
PG32  20337.003223 -15027.180367  -7789.254589    312.341853  6  5  4  74       
*  2020  7  6  8 15  0.00000000
PG01 -14714.526099 -13966.411673 -17550.748214     21.968839  6  8  5  84       
PG02  -8712.879791  14339.442693  21221.404273   -483.047471  4  5  4  79       
PG03 -12254.508396 -23346.904642   3577.521126   -231.168154  7  7  7  33       
PG04  -7838.581654 -13892.515386  21243.584090   -111.322916  6  7  9  98       
PG05   -940.214876  22315.061979  14080.207506    -16.093847  3  4  4  87       
PG06 -20716.207074   7359.174773  14983.500380   -299.203777  4  6  3  98       
PG07 -25988.655457  -6036.620215   3132.332057   -320.847784  6  5  4  65       
PG08   1996.665300 -20997.805321 -15971.607516    -40.031381  5  6  3  56       
PG09 -16485.741641  -2458.163053  20633.836364   -248.823829  4  5  4 100       
PG10  15031.924705  -2778.249565 -21650.487445   -391.736165  8  7  6  84       
PG11  -4537.855375 -15862.938722 -21312.921066   -228.959535  7  6  2  89       
PG12  10412.471016  24260.484179   3349.001454     97.293815  3  6  3 105       
PG13 -10878.495236  21600.914251 -10980.298623     24.316403  3  5  2  48       
PG14  18905.435253 -18303.109076  -2408.519016     -0.734230  2  5  3  52       
PG15   1327.511591  21059.693853 -16223.067603   -219.455797  5  6  5  51       
PG16   1193.129341 -23338.259357  11974.656546   -179.242006  4  4  7  74       
PG17 -20461.444376  12772.408314 -10648.314605    291.657360  3  5  2  81       
PG18  25779.577950   5919.803529   2578.920765    239.146003  8  8  6  81       
PG19 -20025.230957  16967.310949  -4223.082878   -135.771606  5  5  3  68       
PG20  19087.930422   8548.907969 -16578.279789    527.345248  5  7  3  88       
PG21  23803.908909  -5182.740383  -9507.865855     20.295081  4  6  5  96       
PG22  -9297.511911 -24591.877870  -4089.952747   -773.883539  7  7  7  48       
PG24  13046.264928  14507.785748 -18377.154267    -15.293581  4  5  5 116       
PG25  16089.996236  17453.180171  11940.629121     20.267023  7  8  7  63       
PG26   9391.969682 -14422.586930  20138.026858    238.305431  5  2  5  71       
PG27  11224.378279 -22753.503133  -7391.216910   -338.775481  5  4  5  10       
PG28 -14103.317241   3733.375012 -21614.091480    702.202339  2  6  4 100       
PG29  12952.036045   7336.367376  21951.899937   -143.993118  4  6  6  69       
PG30 -25481.517124   1435.329143  -7699.210654   -256.352116  2  5  3  75       
PG31  19927.774504  -8074.952800  15838.769470    -53.785714  4  5  5  90       
PG32  19869.542576 -14047.244453 -10380.378117    312.347568  6  5  3  71       
*  2020  7  6  8 30  0.00000000
PG01 -12674.260841 -13833.293342 -19164.834791     21.973497  6  7  6  83       
PG02 -10953.777682  14187.852412  20227.293662   -483.052765  4  5  3  72       
PG03 -12148.009758 -23672.160635    730.595949   -231.178723  7  7  7  89       
PG04  -6325.063100 -15735.663419  20444.487628   -111.327128  6  7  8  98       
PG05  -1903.842509  20828.045451  16112.827271    -16.094403  3  4  3  84       
PG06 -22266.716616   7050.928557  12735.048023   -299.208630  3  6  2  88       
PG07 -25491.664338  -6213.884128   5882.485623   -320.855539  6  5  4  72       
PG08   3128.894566 -22300.992599 -13864.868682    -40.032571  5  6  3  77       
PG09 -15160.938878  -4474.476939  21297.288287   -248.829709  4  4  4  89       
PG10  16015.992288   -521.169858 -21133.837277   -391.745888  7  7  6  85       
PG11  -2346.985186 -16686.447670 -21059.604376   -228.949954  7  6  3  87       
PG12  10313.891323  24556.239716    478.856298     97.289378  4  5  3  95       
PG13 -11785.248586  22253.418151  -8404.075511     24.319310  3  5  2  69       
PG14  18802.287649 -17762.493551  -5228.912987     -0.731714  2  5  3  60       
PG15    254.489787  22423.455283 -14258.567839   -219.453431  5  7  5  52       
PG16   1886.903634 -21939.943770  14303.777622   -179.246176  4  3  7  76       
PG17 -19703.452131  11563.598004 -13088.128679    291.662813  3  5  2  92       
PG18  25296.385330   6100.121199   5391.700436    239.154795  8  8  6  43       
PG19 -19761.269858  16388.255034  -7027.141319   -135.766772  5  5  3  91       
PG20  19848.847985  10165.180528 -14673.344591    527.345292  5  7  4  97       
PG21  24831.027879  -4858.369473  -6867.809847     20.299183  4  6  5  89       
PG22  -8704.156281 -24183.882735  -6785.164021   -773.881716  7  6  7  43       
PG24  10906.388814  14553.729290 -19669.806723    -15.293359  3  4  5  90       
PG25  16419.744993  18672.815771   9459.053126     20.270729  8  7  6  93       
PG26  10524.895380 -12341.313796  20962.968036    238.311602  5  3  5  80       
PG27  11797.776880 -23171.281366  -4592.507793   -338.784259  4  4  5  56       
PG28 -14914.028696   1282.895737 -21346.538548    702.199259  3  6  4  93       
PG29  11344.808515   9282.723505  22100.867102   -144.000959  4  6  6  69       
PG30 -26167.982891   1050.464581  -5028.370605   -256.359138  2  5  3  89       
PG31  21578.458162  -7693.348696  13774.906082    -53.787912  4  5  5  52       
PG32  19286.561587 -12813.760184 -12790.716902    312.353309  6  6  3  78       
*  2020  7  6  8 45  0.00000000
PG01 -10465.979414 -13807.421291 -20458.584951     21.978180  6  7  6  80       
PG02 -13074.950882  14151.970911  18902.790015   -483.058060  4  5  3  87       
PG03 -11910.063084 -23716.574795  -2128.833956   -231.189320  8  7  7  76       
PG04  -4971.123694 -17563.955086  19293.711578   -111.331319  5  8  8  64       
PG05  -3046.749902  19203.736631  17863.160451    -16.095121  2  4  3  92       
PG06 -23565.333054   6839.356986  10268.473212   -299.213479  3  6  3 100       
PG07 -24704.774344  -6399.073477   8535.074062   -320.863607  6  5  5  75       
PG08   4059.026920 -23446.389247 -11516.418563    -40.033996  5  5  3  79       
PG09 -13911.397270  -6601.820155  21592.727378   -248.835608  3  4  4  69       
PG10  17080.144203   1608.088614 -20251.972640   -391.755614  7  7  7  86       
PG11   -241.064869 -17589.597620 -20460.191337   -228.940375  7  6  3  51       
PG12  10103.080851  24558.524799  -2399.479579     97.284935  4  5  3  81       
PG13 -12465.622838  22721.920595  -5683.002301     24.322231  2  4  1  75       
PG14  18537.802066 -16962.072361  -7957.520060     -0.729162  2  5  2  90       
PG15   -652.976625  23628.066099 -12049.094734   -219.450916  5  6  4   8       
PG16   2751.732696 -20347.272978  16378.186260   -179.250748  4  4  7  49       
PG17 -18857.725325  10094.637925 -15296.713058    291.667596  3  5  2  92       
PG18  24510.797021   6285.118525   8111.827289    239.163487  9  8  6  39       
PG19 -19336.864793  15553.830045  -9711.050915   -135.762107  4  5  3  72       
PG20  20555.939008  11556.188464 -12519.675959    527.345396  5  6  4  79       
PG21  25559.534577  -4583.196683  -4104.800090     20.303920  3  7  5  74       
PG22  -7930.454685 -23554.108901  -9363.877195   -773.879323  7  6  7  67       
PG24   8643.425064  14707.272206 -20632.564430    -15.295147  3  4  5  92       
PG25  16680.566624  19613.798203   6815.450180     20.274415  8  7  6  67       
PG26  11794.431532 -10257.078919  21424.961822    238.317761  5  4  4  69       
PG27  12176.124102 -23344.898745  -1713.371230   -338.793008  4  3  5  38       
PG28 -15833.109375  -1071.742019 -20690.728980    702.195863  4  6  5  79       
PG29   9851.369287  11312.163810  21867.844195   -144.008599  4  6  6  83       
PG30 -26568.262489    723.650621  -2272.014608   -256.366130  2  5  4  56       
PG31  23000.515791  -7416.739680  11478.475176    -53.789948  5  5  5  75       
PG32  18628.740492 -11330.372702 -14978.250230    312.359066  6  6  3  44       
*  2020  7  6  9  0  0.00000000
PG01  -8132.314845 -13908.140850 -21409.991095     21.982879  6  6  6  71       
PG02 -15036.027566  14212.941296  17268.334762   -483.063276  4  5  3  53       
PG03 -11508.227041 -23499.312994  -4951.895918   -231.199948  8  7  7  80       
PG04  -3789.284390 -19331.868273  17810.941035   -111.335564  5  8  8  94       
PG05  -4368.901142  17487.289307  19300.625024    -16.095913  3  5  3  86       
PG06 -24584.632615   6692.220560   7625.957451   -299.218295  3  6  3  33       
PG07 -23641.947879  -6627.334274  11046.408344   -320.871483  6  5  5  93       
PG08   4798.207839 -24392.623516  -8966.967047    -40.034718  5  5  3  24       
PG09 -12765.317768  -8800.772784  21514.978297   -248.841515  3  3  5  85       
PG10  18192.021194   3573.506785 -19020.891830   -391.765360  7  7  7  54       
PG11   1745.414622 -18548.341243 -19524.954974   -228.930818  6  6  2  68       
PG12   9745.836778  24285.488638  -5237.013215     97.280804  5  5  3  44       
PG13 -12936.958724  22971.090704  -2863.821477     24.325341  2  4  1  70       
PG14  18149.069500 -15892.617736 -10545.957525     -0.726696  2  5  2  79       
PG15  -1406.577395  24634.998027  -9631.599943   -219.448526  5  7  4  65       
PG16   3798.546643 -18605.249231  18161.154169   -179.254681  4  4  7  73       
PG17 -17967.862972   8375.856950 -17234.055213    291.672975  3  5  3  90       
PG18  23435.879289   6511.277296  10692.529960    239.172265  9  7  7  86       
PG19 -18792.647107  14457.260967 -12229.500948   -135.757862  4  5  3  89       
PG20  21170.263081  12714.024318 -10153.871769    527.345237  4  6  4  87       
PG21  25979.119909  -4321.706685  -1268.870195     20.308020  3  7  5  63       
PG22  -6958.951635 -22734.428405 -11781.388465   -773.876817  7  6  6 105       
PG24   6300.222235  14979.377083 -21248.606499    -15.295527  3  3  5  81       
PG25  16833.506074  20276.808619   4055.496022     20.278089  8  7  6  67       
PG26  13181.875430  -8214.083958  21516.657447    238.323971  5  5  5  46       
PG27  12387.815091 -23247.391335   1195.825650   -338.801800  3  4  5  68       
PG28 -16832.332297  -3285.416284 -19658.741430    702.192476  4  5  5  80       
PG29   8499.180756  13381.492718  21256.772391   -144.016138  4  6  5  71       
PG30 -26672.254732    420.775081    522.950082   -256.373239  2  5  4  34       
PG31  24165.052179  -7216.977001   8988.734026    -53.792036  5  5  5  66       
PG32  17936.766779  -9609.409707 -16904.878325    312.364827  6  6  3  85       
*  2020  7  6  9 15  0.00000000
PG01  -5719.529185 -14147.265926 -22002.562410     21.987548  5  6  6  76       
PG02 -16801.010920  14345.518669  15349.405529   -483.068526  4  5  3  67       
PG03 -10915.123270 -23046.776496  -7690.406852   -231.210481  8  7  7  72       
PG04  -2783.849017 -20993.533025  16021.587110   -111.339779  5  8  7  94       
PG05  -5861.938664  15724.603236  20400.236168    -16.096127  3  5  3 107       
PG06 -25305.230685   6573.369046   4852.720192   -299.223133  4  6  3  88       
PG07 -22324.637517  -6930.900312  13375.211584   -320.879015  6  5  5  91       
PG08   5365.217843 -25102.977639  -6260.869507    -40.036522  5  5  3  13       
PG09 -11744.121520 -11027.718749  21065.339933   -248.847415  3  3  5  97       
PG10  19314.449295   5345.914253 -17462.542367   -391.775122  7  7  7  79       
PG11   3582.968325 -19533.550473 -18269.397716   -228.921170  6  5  2  75       
PG12   9212.645032  23762.877431  -7985.701675     97.276335  5  4  4  52       
PG13 -13223.568407  22971.185491      4.871298     24.328128  2  4  1  81       
PG14  17675.634845 -14553.752633 -12948.047196     -0.724043  1  5  2  86       
PG15  -2024.638826  25410.085465  -7047.019782   -219.446352  5  6  3  57       
PG16   5029.764874 -16761.923800  19621.377964   -179.258848  4  4  7  74       
PG17 -17076.364104   6426.886727 -18864.834966    291.678197  4  5  3  94       
PG18  22093.044258   6812.278754  13089.412556    239.181090  9  7  8  73       
PG19 -18170.982139  13100.409987 -14540.278015   -135.753084  4  5  4  90       
PG20  21653.455925  13638.775686  -7616.047081    527.345268  4  5  4  83       
PG21  26088.746522  -4037.411402   1589.458569     20.312089  2  7  5  11       
PG22  -5779.306043 -21761.063309 -13995.536948   -773.875041  7  5  6  86       
PG24   3921.696770  15373.635106 -21506.739334    -15.296182  2  3  5  94       
PG25  16841.622379  20671.112378   1226.526070     20.281740  8  7  5  30       
PG26  14661.510433  -6252.958935  21237.143837    238.330200  6  5  5  67       
PG27  12466.541176 -22859.614104   4083.974895   -338.810582  2  3  4  52       
PG28 -17877.145805  -5319.182358 -18269.829973    702.189256  5  5  5  95       
PG29   7307.973876  15443.894226  20278.157840   -144.024280  4  6  5  55       
PG30 -26478.091398    106.624381   3309.037642   -256.380281  2  5  4  91       
PG31  25050.350251  -7061.554771   6347.936215    -53.794429  6  5  4  82       
PG32  17249.670337  -7671.593962 -18537.109435    312.370572  6  6  3 100       
*  2020  7  6  9 30  0.00000000
PG01  -3275.977601 -14528.547759 -22225.614494     21.992192  5  5  6  88       
PG02 -18339.472011  14519.023087  13176.247319   -483.073783  4  5  3  82       
PG03 -10109.659744 -22391.505849 -10297.676585   -231.220969  8  6  7  71       
PG04  -1950.910739 -22504.407881  13956.357619   -111.343992  5  8  6  41       
PG05  -7509.334159  13960.600235  21143.052499    -16.096948  3  5  3 100       
PG06 -25716.448854   6444.307389   1996.258038   -299.227889  5  6  3  82       
PG07 -20781.056978  -7337.755836  15483.203230   -320.887098  6  5  5  92       
PG08   5785.537491 -25546.844466  -3445.329875    -40.038201  5  5  4  87       
PG09 -10861.715026 -13236.360222  20251.565816   -248.853118  4  3  5  86       
PG10  20406.872335   6903.884004 -15604.392243   -391.784786  7  7  7  71       
PG11   5247.994951 -20512.048073 -16714.023870   -228.911804  6  5  2  63       
PG12   8479.958772  23022.957280 -10599.225088     97.271928  6  4  4  88       
PG13 -13355.626151  22699.311165   2873.469148     24.331247  2  3  1  61       
PG14  17157.817624 -12954.207428 -15120.724637     -0.721652  1  5  1  73       
PG15  -2531.262875  25924.880004  -4339.621738   -219.443901  4  6  4  56       
PG16   6439.027807 -14866.540189  20733.560171   -179.263103  4  4  7  60       
PG17 -16222.866013   4276.138517 -20159.173625    291.683389  4  4  4  88       
PG18  20511.312722   7217.519704  15261.218134    239.189894  9  7  8  75       
PG19 -17514.262243  11493.821186 -16604.914711   -135.748610  4  5  4  95       
PG20  21969.244022  14338.331257  -4949.184080    527.345194  4  5  3  80       
PG21  25896.467796  -3694.524231   4420.155922     20.316044  3  7  5  82       
PG22  -4388.937413 -20673.179801 -15967.467691   -773.872488  7  5  5  94       
PG24   1553.343352  15886.035957 -21401.626420    -15.297976  2  3  5  94       
PG25  16671.514641  20814.006245  -1623.266691     20.285396  7  7  5  65       
PG26  16201.507326  -4409.367721  20591.919209    238.336400  7  5  6  65       
PG27  12449.781980 -22171.131707   6900.180787   -338.819338  3  3  5  43       
PG28 -18928.103781  -7141.653501 -16549.981980    702.185813  5  4  5  89       
PG29   6289.119934  17450.606849  18948.892107   -144.032027  4  6  5  51       
PG30 -25992.189636   -253.579824   6038.960130   -256.387290  3  5  4  79       
PG31  25642.560014  -6915.013338   3600.645589    -53.796660  6  5  4  82       
PG32  16603.238303  -5545.426537 -19846.659064    312.376292  6  5  4  96       
*  2020  7  6  9 45  0.00000000
PG01   -850.491183 -15047.446418 -22074.483367     21.996841  4  5  6  40       
PG02 -19627.571911  14698.511698  10783.532940   -483.078955  4  5  3  74       
PG03  -9078.017291 -21570.866086 -12729.282810   -231.231585  7  6  6  89       
PG04  -1278.682063 -23822.918850  11650.735116   -111.348221  5  9  5  59       
PG05  -9286.873128  12237.556033  21516.502089    -16.097465  4  5  4  89       
PG06 -25816.661084   6265.859415   -894.457345   -299.232652  6  6  2  63       
PG07 -19045.227884  -7870.459054  17335.641205   -320.894955  5  5  5  94       
PG08   6090.141846 -25700.956812   -569.543498    -40.040310  5  5  4  90       
PG09 -10124.059898 -15379.344111  19087.729938   -248.859032  4  2  5  84       
PG10  21426.917385   8234.321951 -13478.914170   -391.794537  8  7  7  75       
PG11   6723.449218 -21447.791141 -14884.058048   -228.902144  5  5  1  55       
PG12   7531.246715  22103.215236 -13033.717373     97.267806  6  4  4  81       
PG13 -13367.829201  22140.434534   5692.224564     24.334036  3  3  2  65       
PG14  16634.995900 -11111.710778 -17024.902442     -0.719010  2  6  1  78       
PG15  -2955.220950  26157.814136  -1556.262213   -219.441492  3  6  4  74       
PG16   8011.299942 -12967.650553  21478.853803   -179.267102  3  4  7  72       
PG17 -15442.498646   1959.909739 -21093.278719    291.688410  5  4  5  38       
PG18  18726.294607   7750.798853  17170.539520    239.198720  9  6  9  66       
PG19 -16863.229481   9656.445781 -18389.263057   -135.744256  5  6  4  95       
PG20  22084.893292  14827.900400  -2198.438574    527.344950  5  5  3  94       
PG21  25418.901444  -3259.558776   7174.587566     20.320267  3  7  5  84       
PG22  -2793.375835 -19511.368102 -17662.351233   -773.870457  7  4  5  89       
PG24   -760.284745  16505.029003 -20933.937896    -15.299689  2  3  5  70       
PG25  16294.707703  20729.979828  -4445.626833     20.288991  7  7  5  61       
PG26  17765.068203  -2712.821784  19592.749540    238.342650  8  5  6  76       
PG27  12377.141563 -21180.771389   9594.720338   -338.828065  4  2  5  86       
PG28 -19942.513206  -8730.044032 -14531.316467    702.182435  5  3  6  60       
PG29   5445.337594  19352.684994  17291.958741   -144.039888  4  6  5  56       
PG30 -25229.006617   -692.663019   8666.397585   -256.394365  3  5  4  84       
PG31  25936.107181  -6740.446668    793.028808    -53.798816  7  5  4  79       
PG32  16028.573753  -3266.265362 -20810.949526    312.382097  6  5  4  88       
*  2020  7  6 10  0  0.00000000
PG01   1509.266189 -15691.216821 -21550.658596     22.001457  4  4  6  83       
PG02 -20648.874099  14846.137285   8209.947547   -483.084368  4  4  3  72       
PG03  -7814.362302 -20625.563579 -14943.806126   -231.242204  7  5  6  90       
PG04   -748.135491 -24911.997818   9144.370701   -111.352462  5  9  5  68       
PG05 -11163.452378  10593.555454  21514.582852    -16.098074  5  5  5  97       
PG06 -25613.305064   5999.865272  -3769.809812   -299.237470  7  6  2  90       
PG07 -17155.834579  -8545.164809  18901.819765   -320.902551  4  5  5  79       
PG08   6314.073758 -25550.338098   2316.202207    -40.041506  4  5  4  76       
PG09  -9529.063726 -17409.937612  17593.980277   -248.864895  4  2  5  68       
PG10  22332.031745   9332.733308 -11122.994430   -391.804158  8  7  7  11       
PG11   7999.287399 -22303.168935 -12809.110132   -228.892935  5  4     70       
PG12   6357.775613  21044.888820 -15248.446536     97.263400  6  3  3  52       
PG13 -13297.880849  21288.101818   8412.132386     24.337174  3  3  2  37       
PG14  16143.927278  -9052.512913 -18626.263755     -0.716344  2  6  1  76       
PG15  -3328.641990  26095.121370   1254.433885   -219.439246  3  6  3  66       
PG16   9723.336735 -11111.286347  21845.162651   -179.271192  3  4  7  68       
PG17 -14764.429448   -478.846662 -21649.963300    291.693891  5  4  5  59       
PG18  16778.925731   8429.225026  18784.465193    239.207512  8  6  9  60       
PG19 -16255.388572   7615.062837 -19863.988811   -135.739602  5  5  5  84       
PG20  21972.538592  15129.264292    589.588016    527.345046  6  5  2  73       
PG21  24680.396815  -2702.789402   9806.330813     20.324218  4  6  5  70       
PG22  -1006.296623 -18316.066799 -19050.043974   -773.868233  7  4  4  79       
PG24  -2977.071798  17211.878348 -20110.413904    -15.299014  3  3  5  93       
PG25  15688.848607  20449.627384  -7193.013432     20.292604  7  6  5  53       
PG26  19311.766674  -1185.745086  18257.421492    238.348898  9  5  7  67       
PG27  12288.598340 -19896.811496  12119.988474   -338.836797  5  2  4  70       
PG28 -20876.220086 -10070.831709 -12251.345725    702.178967  6  2  6  65       
PG29   4770.746268  21102.778185  15336.031139   -144.047360  5  6  4  62       
PG30 -24210.506113  -1240.055645  11146.751294   -256.401363  2  5  4  93       
PG31  25933.810089  -6501.059248  -2027.865245    -53.801302  7  5  3  71       
PG32  15550.856144   -875.136102 -21413.500471    312.387860  6  5  4  75       
*  2020  7  6 10 15  0.00000000
PG01   3758.409559 -16439.310856 -20661.830180     22.006031  3  4  6  65       
PG02 -21394.912505  14922.652545   5497.692903   -483.089481  4  4  3  74       
PG03  -6321.258900 -19598.050745 -16903.514434   -231.252810  7  4  6  88       
PG04   -333.929802 -25740.460740   6480.403640   -111.356675  5  9  3  65       
PG05 -13102.156773   9061.132612  21137.935193    -16.098671  5  5  5  83       
PG06 -25122.557448   5610.846886  -6580.384230   -299.242290  7  5  1  34       
PG07 -15154.924651  -9370.878706  20155.520593   -320.910673  4  5  5  47       
PG08   6494.855007 -25088.934509   5161.449952    -40.042663  2  4  4  68       
PG09  -9066.795760 -19283.687834  15796.184483   -248.870859  4  2  5  66       
PG10  23081.128444  10203.160361  -8577.278437   -391.813878  8  7  7  45       
PG11   9072.670835 -23040.373920 -10522.786665   -228.883142  5  3     81       
PG12   4959.101156  19891.379146 -17206.437725     97.259285  6  3  2  95       
PG13 -13184.855598  20144.833457  10985.808039     24.340242  4  2  3  80       
PG14  15717.180756  -6810.556664 -19895.963377     -0.713873  4  6  1  64       
PG15  -3685.545101  25731.468155   4042.957337   -219.437108  3  5  4  79       
PG16  11544.491308  -9339.260067  21827.294468   -179.275424  3  4  7  60       
PG17 -14210.665294  -2992.040133 -21819.022461    291.698726  6  4  5  52       
PG18  14714.008942   9262.390363  20075.149011    239.216400  7  6  9  77       
PG19 -15723.565782   5403.420420 -21004.984370   -135.735140  6  6  5  36       
PG20  21610.344835  15269.786056   3367.601796    527.344737  6  5  3  58       
PG21  23711.944641  -1999.521749  12271.891357     20.328458  4  6  5  77       
PG22    950.767167 -17125.993875 -20105.673924   -773.865771  7  4  3  74       
PG24  -5058.758093  17981.304127 -18943.835999    -15.299379  3  3  5  56       
PG25  14838.672897  20008.353781  -9819.349140     20.296136  6  6  5  79       
PG26  20799.031394    157.177410  16609.396995    238.355141 10  5  7  60       
PG27  12222.743132 -18336.795022  14431.404997   -338.845490  5  3  4  71       
PG28 -21685.449656 -11160.016791  -9752.127737    702.175822  6  2  6  55       
PG29   4251.263056  22656.858727  13114.968928   -144.055146  6  5  4  84       
PG30 -22965.356858  -1920.480011  13437.870083   -256.408365  2  5  4  77       
PG31  25646.703131  -6161.717145  -4814.831518    -53.803395  7  5  4  83       
PG32  15188.352683   1582.676786 -21644.203679    312.393683  5  5  4  77       
*  2020  7  6 10 30  0.00000000
PG01   5856.355449 -17264.086433 -19421.843962     22.010660  3  3  6  94       
PG02 -21865.486483  14889.011866   2691.908422   -483.094495  4  4  3  76       
PG03  -4609.764924 -18530.878686 -18574.986810   -231.263421  6  3  5  68       
PG04     -5.585679 -26284.171968   3704.718346   -111.360879  6  9  3  23       
PG05 -15061.570161   7666.149181  20393.787994    -16.099300  6  5  6  95       
PG06 -24368.684482   5067.576564  -9277.812833   -299.247084  8  5  2  86       
PG07 -13086.497246 -10348.968272  21075.414232   -320.918435  3  5  5  64       
PG08   6670.801401 -24319.902387   7916.497576    -40.043862  1  4  4  63       
PG09  -8720.018227 -20960.001043  13725.474218   -248.876758  3  3  5  79       
PG10  23636.178085  10857.798517  -5885.465390   -391.823553  8  7  7  74       
PG11   9947.918766 -23622.802239  -8062.248233   -228.873549  5  3     80       
PG12   3343.251981  18686.605660 -18875.033425     97.254954  5  4  1  65       
PG13 -13067.511820  18722.176367  13368.343435     24.343093  4  2  3  70       
PG14  15381.749205  -4426.328254 -20811.216132     -0.711370  4  6  1  95       
PG15  -4060.275906  25070.263879   6759.844559   -219.434742  2  5  3  52       
PG16  13437.822307  -7687.667115  21426.968984   -179.279748  4  4  8  35       
PG17 -13795.166670  -5528.183178 -21597.454338    291.704339  6  4  6  52       
PG18  12578.615246  10251.841450  21020.293827    239.225227  6  6  8  84       
PG19 -15294.662955   3061.130941 -21793.699134   -135.730464  6  5  6  42       
PG20  20983.456165  15281.216005   6088.384849    527.344703  7  5  4  57       
PG21  22549.884097  -1131.133311  14531.317324     20.332610  5  6  5  84       
PG22   3049.028032 -15976.647700 -20810.137176   -773.863388  7  4  3  83       
PG24  -6972.227682  18782.391969 -17452.901471    -15.299938  4  3  5  76       
PG25  13736.708774  19444.924391 -12280.733049     20.299799  6  5  5  53       
PG26  22183.715288   1309.346472  14677.377913    238.361474 10  4  7  71       
PG27  12215.080718 -16526.974380  16488.261254   -338.854129  6  3  4  76       
PG28 -22328.616596 -12002.976083  -7079.339712    702.172398  7  2  6  62       
PG29   3865.326853  23975.830408  10667.222151   -144.063003  6  5  4  75       
PG30 -21527.891976  -2752.815282  15500.739780   -256.415393  2  4  4  34       
PG31  25093.574442  -5690.438680  -7521.233047    -53.805534  7  5  3  82       
PG32  14951.719104   4059.202320 -21499.478171    312.399477  5  5  4  68       
*  2020  7  6 10 45  0.00000000
PG01   7768.198952 -18131.803308 -17850.560799     22.015266  2  3  6  73       
PG02 -22068.661508  14708.015472   -159.991687   -483.100143  5  4  3  55       
PG03  -2699.207688 -17465.059499 -19929.667843   -231.274134  6  3  4  79       
PG04    271.135442 -26526.949169    865.151533   -111.365094  6  9  2  62       
PG05 -16997.266284   6426.953156  19295.782045    -16.100010  5  5  6  75       
PG06 -23383.092010   4344.487181 -11815.608036   -299.251882  8  5  3  79       
PG07 -10995.024844 -11472.949435  21645.408267   -320.926403  4  4  5  53       
PG08   6879.311949 -23255.539268  10533.305726    -40.044597  2  4  4  72       
PG09  -8465.011576 -22403.580296  11417.696625   -248.882646  3  3  5  75       
PG10  23963.687866  11316.309226  -3093.564352   -391.833345  8  7  6  62       
PG11  10636.208871 -24016.437938  -5467.712303   -228.863957  5  2  2  75       
PG12   1526.602117  17473.361467 -20226.386105     97.250303  5  3     63       
PG13 -12982.620163  17040.408969  15518.122882     24.346260  4  2  3  87       
PG14  15157.904552  -1945.435347 -21355.755469     -0.708913  5  6  2  90       
PG15  -4485.912308  24123.628469   9356.632050   -219.432661  2  4  3  49       
PG16  15361.451978  -6185.645982  20652.687006   -179.284067  5  4  8  53       
PG17 -13523.314552  -8034.278942 -20989.518293    291.709413  7  3  6  78       
PG18  10420.405995  11390.869860  21603.540490    239.234057  5  6  8  10       
PG19 -14988.648231    632.361851 -22217.387073   -135.726005  7  5  6  61       
PG20  20084.696821  15198.335581   8705.568669    527.344538  7  4  4  76       
PG21  21234.464968    -85.856260  16548.711362     20.337031  6  5  5  39       
PG22   5253.343458 -14898.939625 -21150.491845   -773.861198  6  4  2  43       
PG24  -8690.615366  19579.742048 -15661.996475    -15.299946  5  2  4  30       
PG25  12383.696767  18799.912751 -14536.110313     20.303461  5  4  5  53       
PG26  23423.690451   2272.281229  12494.790222    238.367699 11  4  7  63       
PG27  12296.467613 -14501.410105  18254.486103   -338.862815  6  3  4  79       
PG28 -22768.025547 -12613.930158  -4281.303943    702.169098  6  3  6  67       
PG29   3584.920195  25026.955461   8035.154308   -144.070762  6  4  3  72       
PG30 -19936.867228  -3749.183295  17300.126372   -256.422474  2  4  4  91       
PG31  24300.234706  -5059.772397 -10101.716462    -53.807706  7  4  4  72       
PG32  14843.616110   6505.455930 -20982.304412    312.405254  5  5  4  88       
*  2020  7  6 11  0  0.00000000
PG01   9465.892429 -19003.874598 -15973.615530     22.019980  1  2  5  43       
PG02 -22020.463724  14345.935133  -3009.062839   -483.105157  5  4  3  56       
PG03   -616.647153 -16438.499526 -20944.344393   -231.284779  6  3  4  82       
PG04    532.703545 -26461.173255  -1989.336507   -111.369354  6  8  3  51       
PG05 -18863.418872   5353.848223  17863.677648    -16.101200  5  5  6  98       
PG06 -22203.110539   3422.868128 -14149.967267   -299.256871  9  4  3  76       
PG07  -8923.956705 -12728.558746  21854.937811   -320.934062  5  4  5  78       
PG08   7155.203112 -21916.862201  12966.368775    -40.045226  3  4  5  53       
PG09  -8272.660270 -23585.665781   8912.783125   -248.888589  3  4  5  55       
PG10  24036.013719  11604.859070   -249.123934   -391.843029  9  7  6           
PG11  11155.031433 -24191.174338  -2781.901391   -228.854489  5  2  2  80       
PG12   -466.562424  16291.727420 -21237.879332     97.246072  6  4     50       
PG13 -12963.375825  15127.908620  17397.581910     24.349043  4  1  3 103       
PG14  15058.346661    583.027038 -21520.149487     -0.706231  6  6  3  58       
PG15  -4992.708926  22912.012196  11786.811539   -219.430091  2  3  3  91       
PG16  17270.114222  -4854.441818  19519.470487   -179.288309  5  4  8  49       
PG17 -13391.753453 -10457.772538 -20006.628790    291.714539  7  3  6  78       
PG18   8285.940309  12664.631249  21814.755261    239.242939  4  6  7  88       
PG19 -14817.816392  -1835.631299 -22269.271743   -135.721415  7  5  6  74       
PG20  18914.995815  15057.489780  11174.401774    527.344023  7  4  5  61       
PG21  19808.322966   1140.713665  18292.645147     20.341415  6  5  5  51       
PG22   7523.379006 -13918.015343 -21120.238117   -773.858963  6  4     72       
PG24 -10194.187857  20334.819128 -13600.865318    -15.299546  5  2  4  58       
PG25  10788.712446  18114.102133 -16547.892493     20.307110  4  4  5  35       
PG26  24479.408647   3055.340175  10099.197863    238.373923 11  4  6  73       
PG27  12491.752574 -12300.761638  19699.313285   -338.871500  6  3  4  78       
PG28 -22971.391193 -13015.059847  -1407.996458    702.166290  6  4  6  78       
PG29   3376.847599  25785.044296   5264.296922   -144.078450  6  3  2  63       
PG30 -18234.063076  -4914.290206  18805.163685   -256.429471  2  4  4  82       
PG31  23298.542531  -4248.013769 -12512.911839    -53.809693  7  4  4  92       
PG32  14858.654633   8873.146954 -20102.139010    312.411053  5  5  4  89       
*  2020  7  6 11 15  0.00000000
PG01  10929.178282 -19838.332414 -13822.073082     22.024611  2  1  5  50       
PG02 -21744.267388  13774.056680  -5805.649939   -483.110641  6  4  3  68       
PG03   1603.954494 -15484.562164 -21601.537647   -231.295434  6  3  3  82       
PG04    816.203468 -26088.079205  -4809.511800   -111.373539  5  8  3  59       
PG05 -20614.466277   4448.890684  16122.955434    -16.101665  5  5  6  95       
PG06 -20870.561447   2291.799130 -16240.535597   -299.261713  9  3  4  65       
PG07  -6914.253738 -14094.113403  21699.193019   -320.941843  4  4  5  65       
PG08   7529.156766 -20332.851835  15173.530801    -40.046155  4  3  4  76       
PG09  -8109.755511 -24485.030102   6254.047344   -248.894538  2  4  4  85       
PG10  23832.458284  11754.923734   2599.552659   -391.852736  9  7  6  54       
PG11  11527.410822 -24122.026146    -49.437239   -228.844765  4  2  3  87       
PG12  -2604.767101  15177.600619 -21892.473919     97.241780  6  4     80       
PG13 -13037.959826  13020.205117  18973.892972     24.352367  4  2  3  96       
PG14  15087.683102   3108.252052 -21301.966367     -0.704010  6  5  3  80       
PG15  -5606.649576  21463.478335  14006.760516   -219.428018  3  2  3  99       
PG16  19116.826359  -3706.803969  18048.486272   -179.292418  6  4  8  56       
PG17 -13388.615817 -12748.480213 -18667.089411    291.719774  7  2  6  65       
PG18   6219.032522  14050.589417  21650.210420    239.251813  5  6  7  78       
PG19 -14786.342544  -4294.078002 -21948.629303   -135.716993  7  5  6  32       
PG20  17483.517155  14895.062359  13452.500311    527.344232  6  3  5  82       
PG21  18314.924367   2545.387759  19736.483153     20.345401  6  4  5  30       
PG22   9814.990734 -13052.315057 -20719.475493   -773.856613  6  4     90       
PG24 -11470.961045  21007.455758 -11304.175256    -15.299773  6  1  4  74       
PG25   8968.989723  17426.897749 -18282.523471     20.310655  3  3  4  70       
PG26  25315.369374   3675.144483   7531.656896    238.380073 11  5  5  62       
PG27  12818.676914  -9970.821811  20797.835500   -338.880132  6  2  3  70       
PG28 -22913.118784 -13235.322466   1489.933695    702.162738  6  4  6  39       
PG29   3204.219026  26233.361945   2402.549589   -144.086370  5  3  2  88       
PG30 -16462.781310  -6245.050070  19989.876816   -256.436472  2  3  3  69       
PG31  22125.219767  -3240.217127 -14714.109934    -53.812054  7  4  5  86       
PG32  14983.669620  11116.353939 -18874.713770    312.416809  5  4  4  65       
*  2020  7  6 11 30  0.00000000
PG01  12146.235741 -20591.456401 -11431.980825     22.029271  3  1  4  82       
PG02 -21269.886652  12970.073059  -8500.272183   -483.115651  6  4  4  59       
PG03   3922.827088 -14630.814156 -21889.804362   -231.306050  6  3  1  52       
PG04   1157.693453 -25417.716093  -7546.722490   -111.377759  5  8  4  50       
PG05 -22206.764931   3706.017327  14104.321275    -16.102261  5  5  6  95       
PG06 -19430.159182    948.783932 -18051.112430   -299.266520  9  3  4  79       
PG07  -5003.004812 -15541.152349  21179.277433   -320.949673  4  4  4  62       
PG08   8026.345110 -18539.394678  17116.730307    -40.047876  5  3  4   8       
PG09  -7940.462758 -25088.690449   3487.425244   -248.900470  3  4  4   2       
PG10  23340.115756  11801.903372   5404.195905   -391.862446 10  6  6  63       
PG11  11780.916027 -23790.187268   2683.817060   -228.835377  4  2  3  81       
PG12  -4850.337064  14161.388813 -22178.975978     97.237149  6  4     47       
PG13 -13228.308428  10758.757056  20219.563476     24.355017  4  2  2  88       
PG14  15242.261264   5579.560997 -20705.786340     -0.701297  7  5  3  74       
PG15  -6348.173621  19812.675526  15976.622349   -219.425561  3  2  4 107       
PG16  20854.615550  -2746.733023  16266.568228   -179.296724  7  3  7  64       
PG17 -13494.114609 -14860.412296 -16995.677012    291.724630  7  2  6  19       
PG18   4259.222587  15519.269176  21112.654590    239.260706  6  5  7  87       
PG19 -14890.143151  -6694.317884 -21260.790151   -135.712448  7  4  6  53       
PG20  15807.487795  14745.950935  15500.570018    527.344446  6  3  6  70       
PG21  16797.032590   4117.430525  20858.624007     20.349609  6  3  5  87       
PG22  12081.772579 -12312.912904 -19954.931215   -773.854274  6  4     76       
PG24 -12517.024280  21557.452875  -8810.978568    -15.299149  6     4  69       
PG25   6949.452026  16774.805193 -19710.986341     20.314283  2  3  4  62       
PG26  25901.441558   4154.728272   4836.020898    238.386252 11  6  5  87       
PG27  13287.079667  -7560.857483  21531.434112   -338.888860  6  1  4  78       
PG28 -22575.300261 -13309.029116   4362.110099    702.159327  6  4  6  85       
PG29   3028.079112  26364.216493   -500.659557   -144.094135  5  4  2  50       
PG30 -14666.291062  -7730.506510  20833.632983   -256.443478  2  3  3  27       
PG31  20820.497138  -2028.965616 -16667.909583    -53.814287  6  4  5  84       
PG32  15198.308877  13193.103039 -17321.725163    312.422578  5  5  4  76       
*  2020  7  6 11 45  0.00000000
PG01  13114.011078 -21219.505658  -8843.818564     22.033942  2  2  3  55       
PG02 -20632.396486  11919.262984 -11044.557553   -483.121113  7  4  4  57       
PG03   6295.711093 -13898.002683 -21803.942221   -231.316680  5  2     86       
PG04   1590.603754 -24468.577623 -10153.745113   -111.381977  5  8  5  85       
PG05 -23600.167572   3111.494422  11843.127551    -16.103326  6  5  6  85       
PG06 -17927.810886   -599.942692 -19550.289288   -299.271246  9  3  5  86       
PG07  -3222.173589 -17035.342601  20302.290291   -320.957516  4  3  4  60       
PG08   8665.287610 -16577.968115  18762.659607    -40.049335  5  3  4  37       
PG09  -7727.895558 -25392.310824    660.671550   -248.906429  3  5  3  66       
PG10  22554.434034  11783.602021   8117.350753   -391.872036 10  5  5  20       
PG11  11946.490042 -23183.892238   5371.463226   -228.825948  4  2  3  67       
PG12  -7160.616233  13266.916709 -22092.224004     97.232767  7  4     75       
PG13 -13549.141366   8389.499482  21112.933632     24.357933  4  3  2 100       
PG14  15510.357604   7948.228443 -19743.062441     -0.698717  7  5  3  68       
PG15  -7231.134913  17999.541888  17661.111049   -219.423225  4  2  4  85       
PG16  22438.231171  -1969.578110  14205.653619   -179.301092  7  3  7  50       
PG17 -13681.473590 -16753.412183 -15023.090985    291.730065  7  2  6  30       
PG18   2440.418095  17035.289748  20211.271183    239.269560  7  5  6  86       
PG19 -15117.048487  -8989.422114 -20217.059789   -135.707737  7  4  6  78       
PG20  13911.726423  14642.099858  17283.087727    527.344117  5  3  6  45       
PG21  15295.244877   5838.869484  21642.668305     20.353801  6  3  5   8       
PG22  14276.706501 -11703.164430 -18839.857127   -773.851964  6  4     71       
PG24 -13336.553220  21946.215997  -6164.076598    -15.299611  5  1  4  75       
PG25   4761.968042  16190.028099 -20809.247082     20.317956     4  3  58       
PG26  26213.990871   4522.450013   2058.208708    238.392445 11  7  5  71       
PG27  13898.438616  -5121.826467  21888.077352   -338.897526  7  1  4  40       
PG28 -21948.395888 -13274.251039   7159.319652    702.155979  5  4  6  82       
PG29   2809.117205  26179.207390  -3395.237379   -144.101897  4  4  2  58       
PG30 -12886.281359  -9352.058034  21321.511944   -256.450468  3  2  2  73       
PG31  19426.636548   -614.869481 -18340.827648    -53.816378  6  4  5  98       
PG32  15475.911161  15066.789436 -15470.422234    312.428277  5  5  4  83       
*  2020  7  6 12  0  0.00000000
PG01  13838.211952 -21680.488077  -6101.850283     22.038602  3  2  3  72       
PG02 -19870.721302  10615.395090 -13392.206901   -483.126506  7  4  4  66       
PG03   8675.352691 -13299.302273 -21345.095319   -231.327247  5  1  1  92       
PG04   2144.238709 -23266.917386 -12585.606047   -111.386206  5  8  5           
PG05 -24759.466372   2644.665583   9378.723999    -16.103837  7  5  6  76       
PG06 -16408.879236  -2339.448527 -20712.006772   -299.276112  8  4  5  73       
PG07  -1597.522493 -18537.625666  19081.325465   -320.965341  4  3  4  53       
PG08   9456.984743 -14494.122776  20083.327435    -40.049291  5  3  3  39       
PG09  -7435.733197 -25400.279809  -2177.472734   -248.912352  4  5  3  27       
PG10  21479.474851  11738.627921  10693.139688   -391.881884 11  5  6  49       
PG11  12057.135708 -22299.043574   7967.316344   -228.816489  5  3  4  81       
PG12  -9489.375567  12510.583186 -21633.192256     97.228377  7  4     85       
PG13 -14007.288765   5961.220723  21638.563912     24.360969  4  3     69       
PG14  15872.712179  10169.215038 -18431.837221     -0.696268  7  5  3  67       
PG15  -8262.041518  16067.796272  19030.217823   -219.420979  4  2  4  87       
PG16  23825.777637  -1362.471267  11902.149984   -179.305443  7  2  6  38       
PG17 -13918.149536 -18394.543890 -12785.286572    291.735112  6  1  6  34       
PG18    789.759983  18558.639502  18961.525282    239.278467  7  5  6  94       
PG19 -15447.280651 -11135.755740 -18834.559448   -135.703230  7  3  6  56       
PG20  11827.887340  14611.147488  18768.930452    527.344119  5  3  6           
PG21  13846.641948   7685.049880  22077.521514     20.357646  7  2  5  83       
PG22  16353.848138 -11218.677773 -17393.795694   -773.849574  6  4     79       
PG24 -13941.505030  22138.361360  -3409.293614    -15.300116  5  1  4  65       
PG25   2444.357472  15699.233888 -21558.631008     20.321636  2  4  3  90       
PG26  26236.772079   4810.707582   -754.554404    238.398605 10  8  5  85       
PG27  14645.763086  -2704.545037  21862.483813   -338.906170  7     5  43       
PG28 -21031.586250 -13171.125943   9834.333119    702.152636  5  5  6  76       
PG29   2509.390335  25689.125057  -6231.297414   -144.109685  4  5  2  69       
PG30 -11161.377654 -11083.981569  21444.588784   -256.457413  3  2  2  64       
PG31  17986.381179    993.228518 -19703.863431    -53.818677  6  4  5  33       
PG32  15784.636602  16707.388671 -13353.102560    312.434033  4  5  4  75       
*  2020  7  6 12 15  0.00000000
PG01  14332.959447 -21935.897007  -3253.384860     22.043243  4  2  3  91       
PG02 -19026.043126   9061.306040 -15499.963049   -483.131405  7  4  4  80       
PG03  11013.120665 -12839.860766 -20520.756951   -231.337830  5     2  49       
PG04   2842.441639 -21845.775450 -14800.363313   -111.390405  5  7  6  26       
PG05 -25655.647445   2278.965109   6753.751888    -16.104768  7  4  6  84       
PG06 -14916.475973  -4246.478789 -21516.020089   -299.280909  8  4  6  71       
PG07   -147.756380 -20005.569709  17535.379598   -320.973021  3  3  3  74       
PG08  10404.361213 -12335.824298  21056.516071    -40.050263  6  3  3  73       
PG09  -7029.818245 -25125.462044  -4978.126573   -248.918268  4  5  2  82       
PG10  20127.863241  11704.773880  13087.998357   -391.891541 10  4  6  23       
PG11  12146.502907 -21139.573652  10426.187213   -228.806897  5  2  5  89       
PG12 -11788.362370  11900.800404 -20809.007836     97.224089  6  4  2  75       
PG13 -14601.344117   3523.833377  21787.504531     24.363895  4  3     72       
PG14  16303.381010  12202.736203 -16796.326867     -0.693794  7  5  4  65       
PG15  -9439.611311  14063.282535  20059.799786   -219.418343  4  3  4  67       
PG16  24980.207752   -905.073241   9396.248523   -179.309764  8  2  5  55       
PG17 -14167.288312 -19759.174027 -10322.714041    291.740531  6  1  6  73       
PG18   -673.244597  20046.143265  17384.901196    239.287470  8  4  7  87       
PG19 -15854.221441 -13094.427192 -17135.986976   -135.698565  7  3  6  64       
PG20   9593.444536  14675.241144  19931.940220    527.344050  5  3  5  30       
PG21  12483.588001   9625.410045  22157.439862     20.362064  7  2  4  81       
PG22  18269.978664 -10847.610135 -15642.219507   -773.847395  6  4  2  70       
PG24 -14351.002773  22103.225290   -594.671750    -15.301054  4  2  4  83       
PG25     39.180317  15322.531041 -21946.128023     20.325321  2  4  4  77       
PG26  25961.554623   5054.506034  -3554.511110    238.404773 10  8  5  87       
PG27  15513.838929   -357.880991  21456.151902   -338.914833  7     5  59       
PG28 -19832.793651 -13040.134568  12342.645047    702.149259  4  5  6  76       
PG29   2093.991067  24913.506893  -8960.023942   -144.117595  4  4  1  80       
PG30  -9525.778145 -12894.237752  21200.122627   -256.464404  3  2  2  29       
PG31  16541.387855   2778.352360 -20733.008959    -53.820710  5  4  6  57       
PG32  16088.803217  18092.413557 -11006.527201    312.439763  4  5  4  81       
*  2020  7  6 12 30  0.00000000
PG01  14620.105256 -21952.343821   -347.956348     22.047946  4     3  95       
PG02 -18140.093063   7269.113318 -17328.556573   -483.136543  7  4  5  77       
PG03  13260.685474 -12516.662689 -19344.668197   -231.348414  4     3  36       
PG04   3702.475518 -20243.754195 -16759.834688   -111.394641  5  7  6  70       
PG05 -26266.911508   1983.153965   4013.395408    -16.106059  8  4  6  69       
PG06 -13489.852679  -6290.159517 -21948.264078   -299.285727  8  4  6  83       
PG07   1116.077262 -21394.884208  15689.162468   -320.981231  4  3  3  63       
PG08  11502.038211 -10151.721065  21666.127093    -40.050670  6  3  3  67       
PG09  -6479.671129 -24588.634407  -7693.113711   -248.924231  5  5  2  43       
PG10  18520.428577  11717.437198  15261.374531   -391.901266 10  4  6  40       
PG11  12247.428263 -19717.517639  12704.687101   -228.797371  6  2  5  84       
PG12 -14008.937166  11437.736591 -19632.879129     97.219407  6  4  2  88       
PG13 -15321.657050   1126.608536  21557.442192     24.366889  4  4     67       
PG14  16770.865068  14015.603997 -14866.387763     -0.690986  8  5  4  55       
PG15 -10754.663365  12032.239721  20732.035402   -219.416278  4  3  3  54       
PG16  25870.624210   -570.594400   6731.199198   -179.313831  8  3  5  53       
PG17 -14389.347804 -20831.709575  -7679.487204    291.745873  6  2  5  53       
PG18  -1937.289075  21453.065822  15508.534869    239.296308  8  3  7  63       
PG19 -16305.444870 -14832.574405 -15149.298617   -135.694107  7  2  6  36       
PG20   7250.451372  14850.067498  20751.413143    527.344200  4  2  5  70       
PG21  11232.712746  11624.448752  21882.025805     20.366375  7  2  3  48       
PG22  19986.154785 -10571.276892 -13616.052089   -773.845111  6  4  2  68       
PG24 -14590.429459  21816.212022   2230.398392    -15.301725  4  2  4  43       
PG25  -2407.649641  15072.694671 -21964.622637     20.329055  3  5  5  80       
PG26  25388.459318   5289.932134  -6294.151061    238.410882  9  7  5  62       
PG27  16479.811157   1872.955520  20677.259358   -338.923472  7     5  19       
PG28 -18368.384666 -12920.414285  14643.126918    702.145928  4  5  6  63       
PG29   1532.594673  23879.868205 -11534.513066   -144.125355  4  4     92       
PG30  -8008.061993 -14745.530826  20591.645806   -256.471408  3  2  2  72       
PG31  15130.697970   4715.798343 -21409.696059    -53.822776  5  3  6  30       
PG32  16350.375862  19207.582812  -8471.266564    312.445568  4  6  4  73       
*  2020  7  6 12 45  0.00000000
PG01  14728.235897 -21703.016805   2563.562205     22.052674  5  2  3  36       
PG02 -17253.399225   5260.039199 -18843.597457   -483.141776  7  4  5  89       
PG03  15371.698023 -12318.716620 -17836.612139   -231.359005  3  2  4  43       
PG04   4734.163805 -18503.591062 -18430.259190   -111.398848  5  7  7  72       
PG05 -26579.425108   1722.728031   1204.603986    -16.106707  8  4  6  67       
PG06 -12162.951772  -8433.003788 -22001.110398   -299.290560  7  4  6  70       
PG07   2190.902292 -22661.045716  13572.803606   -320.989276  4  3  3  68       
PG08  12736.440706  -7989.406278  21902.412570    -40.052038  6  3  3  70       
PG09  -5759.862432 -23817.630060 -10275.791167   -248.930193  5  5  2  29       
PG10  16685.550081  11808.137029  17176.381669   -391.910978  9  5  6  65       
PG11  12390.483418 -18052.783849  14762.040489   -228.787651  6  2  5  65       
PG12 -16103.740987  11113.374350 -18123.933600     97.214950  6  4  3  74       
PG13 -16150.665444  -1183.556460  20952.722159     24.369737  5  4     41       
PG14  17239.463460  15582.291170 -12676.883214     -0.688442  7  5  4  57       
PG15 -12190.348948  10019.574072  21035.736095   -219.413904  3  3  3  89       
PG16  26473.345840   -327.045808   3952.561583   -179.318450  8  3  4  42       
PG17 -14543.815596 -21605.969493  -4902.505171    291.751193  5  2  5  73       
PG18  -2999.512416  22734.789690  13364.747223    239.305125  8  3  6  76       
PG19 -16763.980150 -16324.441668 -12907.312542   -135.689388  7  2  6  42       
PG20   4844.120473  15144.138752  21212.501882    527.344034  3  2  5  78       
PG21  10114.101505  13642.852314  21256.178166     20.370443  7  2  3  81       
PG22  21469.093158 -10365.047040 -11351.081097   -773.842991  6  4  2  53       
PG24 -14690.265452  21259.920252   5016.093739    -15.302733  4  3  4  65       
PG25  -4848.380453  14954.669395 -21613.044642     20.332753  3  5  6  59       
PG26  24525.994391   5552.592659  -8926.983902    238.416996  9  7  5  99       
PG27  17514.075881   3947.957050  19540.440018   -338.932159  7     5  56       
PG28 -16662.576448 -12848.170668  16698.591178    702.142466  4  5  6  83       
PG29    800.825217  22622.639128 -13910.576220   -144.133197  4  4     75       
PG30  -6630.215867 -16596.585965  19628.949174   -256.478359  3  2  3  67       
PG31  13789.303331   6773.838075 -21721.170767    -53.825012  4  3  6  86       
PG32  16530.548866  20047.178935  -5790.989784    312.451338  4  6  4  92       
*  2020  7  6 13  0  0.00000000
PG01  14691.400065 -21168.901894   5429.894119     22.057392  6  2  3  81       
PG02 -16403.570246   3063.840852 -20016.380905   -483.147147  7  5  5  66       
PG03  17303.405034 -12227.561035 -16022.105121   -231.369547  3  2  4  92       
PG04   5939.325585 -16670.583772 -19782.880290   -111.403033  5  6  7  88       
PG05 -26587.777521   1461.442817  -1624.701208    -16.107327  9  4  6  69       
PG06 -10963.174567 -10632.182926 -21673.511523   -299.295403  7  4  6  92       
PG07   3081.622080 -23760.976343  11221.450933   -320.997134  5  3  2  64       
PG08  14086.232355  -5893.741531  21762.091092    -40.052313  6  3  4  51       
PG09  -4851.189507 -22846.224688 -12681.847087   -248.936125  6  5  2  42       
PG10  14658.229945  12003.183657  18800.398731   -391.920749  9  5  6  52       
PG11  12602.590854 -16172.619155  16560.888486   -228.778285  6  2  5  56       
PG12 -18028.333757  10911.885585 -16306.963545     97.210769  5  5  3  53       
PG13 -17063.552439  -3363.768299  19984.246598     24.372789  5  4     69       
PG14  17670.790173  16885.680097 -10266.969702     -0.686054  7  5  4  62       
PG15 -13722.709894   8067.207792  20966.508723   -219.411357  3  4  2  90       
PG16  26772.705163   -138.669028   1107.444096   -179.322779  8  3  4  63       
PG17 -14590.947898 -22085.184900  -2040.550578    291.756730  5  2  5  88       
PG18  -3865.413239  23848.502193  10990.486303    239.313944  7  4  6  72       
PG19 -17189.762658 -17552.207410 -10447.235556   -135.685219  7  3  5  81       
PG20   2421.276206  15558.365672  21306.521574    527.344229  3     4  67       
PG21   9140.713795  15638.746464  20290.000343     20.374802  7  3  3  73       
PG22  22692.332868 -10199.486213  -8887.277888   -773.840660  6  4  2  82       
PG24 -14684.715226  20424.996969   7713.100980    -15.303929  4  2  4  66       
PG25  -7235.015069  14965.369692 -20896.436268     20.336488  3  5  6  82       
PG26  23390.789797   5876.074592 -11408.295793    238.423114  8  6  5  51       
PG27  18581.441184   5833.641908  18066.447497   -338.940830  7  2  5  66       
PG28 -14746.578352 -12855.240531  18476.266842    702.139138  4  5  5  75       
PG29   -118.612489  21181.849777 -16047.492482   -144.141001  4  4     60       
PG30  -5406.917712 -18403.597975  18327.960689   -256.485329  3  2  4  42       
PG31  12546.861478   8914.699097 -21660.785466    -53.827213  4  3  6  63       
PG32  16591.360792  20614.084928  -3011.710576    312.457047  4  6  4  49       
*  2020  7  6 13 15  0.00000000
PG01  14547.608441 -20339.709343   8200.323486     22.062134  6  3  3  79       
PG02 -15623.695242    717.861751 -20824.576605   -483.152039  7  5  5  63       
PG03  19018.139525 -12218.070901 -13931.988071   -231.380107  3  3  3  78       
PG04   7311.527524 -14790.929153 -20794.440761   -111.407293  5  6  7  72       
PG05 -26295.129677   1162.895646  -4426.423947    -16.107997  9  4  6  42       
PG06  -9910.414832 -12841.014254 -20971.028222   -299.300235  7  4  6  63       
PG07   3800.812788 -24654.711280   8674.759648   -321.005038  5  4  2  64       
PG08  15523.057921  -3905.305359  21248.350287    -40.053300  6  3  4  43       
PG09  -3741.611840 -21712.809052 -14870.054497   -248.942095  6  5  2  76       
PG10  12478.926677  12322.548906  20105.608284   -391.930532  8  5  6  62       
PG11  12905.766899 -14110.779732  18068.063078   -228.768629  6  2  5  59       
PG12 -19742.744190  10810.313150 -14212.079228     97.206057  5  5  3  45       
PG13 -18029.200606  -5376.602247  18669.252831     24.375676  5  5  2  15       
PG14  18025.388739  17917.473936  -7679.322848     -0.683488  7  5  4  39       
PG15 -15321.536954   6212.574598  20526.768831   -219.409185  3  4  1  90       
PG16  26761.554255     32.511098  -1756.257322   -179.327176  8  4  5  90       
PG17 -14493.458333 -22281.638511    856.614091    291.761850  4  2  5  91       
PG18  -4548.437025  24754.826286   8426.687874    239.322780  6  5  5  74       
PG19 -17541.223203 -18506.530697  -7810.115202   -135.680597  6  3  5  98       
PG20     28.738095  16085.937798  21031.150629    527.343638  2     4  92       
PG21   8318.045273  17569.035822  18998.668168     20.379022  6  2  3  98       
PG22  23637.129542 -10041.698007  -6268.039774   -773.838541  5  3  2  82       
PG24 -14610.179925  19310.678140  10273.562665    -15.304479  4  3  3  83       
PG25  -9520.926755  15093.788339 -19825.931761     20.340215  3  5  7  68       
PG26  22007.039380   6290.484467 -13695.879204    238.429273  7  6  6  81       
PG27  19642.506753   7504.107859  16281.717368   -338.949482  6  3  5  54       
PG28 -12657.507318 -12967.851442  19948.189635    702.135666  4  5  5  67       
PG29  -1235.078653  19601.615275 -17908.697326   -144.148682  4  5     71       
PG30  -4345.107406 -20121.797848  16710.516088   -256.492307  4  3  4  10       
PG31  11426.611239  11095.792626 -21228.199265    -53.829190  4  3  6  43       
PG32  16497.279310  20919.501635   -181.002713    312.462791  3  7  4  76       
*  2020  7  6 13 30  0.00000000
PG01  14337.166731 -19214.461948  10825.666193     22.066900  6  4  3  72       
PG02 -14940.937945  -1734.259980 -21252.773814   -483.157287  6  6  5  61       
PG03  20484.628983 -12259.535595 -11601.922732   -231.390613  5  4  3  93       
PG04   8836.162751 -12910.039938 -21447.580776   -111.411493  5  5  7  31       
PG05 -25713.052848    792.105291  -7153.080983    -16.108860  8  4  6  68       
PG06  -9016.395852 -15010.608187 -19905.739411   -299.305120  7  4  6  73       
PG07   4368.104968 -25306.988564   5976.272719   -321.012766  5  4  2  63       
PG08  17012.561575  -2059.024086  20370.739515    -40.054449  6  3  4  32       
PG09  -2426.909209 -20458.899801 -16802.968563   -248.948043  6  5  3  87       
PG10  10192.189747  12778.980143  21069.465302   -391.940259  7  5  6  78       
PG11  13316.049295 -11906.430672  19255.310358   -228.759130  6  3  5  73       
PG12 -21212.873257  10779.538037 -11874.270014     97.201684  4  5  4  84       
PG13 -19011.403659  -7191.344601  17030.977683     24.378655  5  5  2  51       
PG14  18264.377422  18678.262271  -4959.323045     -0.680970  6  4  4  72       
PG15 -16951.487519   4487.323682  19725.609584   -219.407043  3  4     75       
PG16  26441.466526    225.068785  -4590.611501   -179.331502  8  4  5  86       
PG17 -14218.090386 -22215.968362   3739.132816    291.766996  3  2  5  75       
PG18  -5069.253135  25419.331642   5717.565617    239.331624  6  6  5  86       
PG19 -17776.959780 -19186.792995  -5040.220621   -135.675995  6  4  5  58       
PG20  -2288.302707  16712.519206  20390.519432    527.343785  2     3  77       
PG21   7644.042347  19390.792144  17402.257296     20.383621  6  2  3  73       
PG22  24293.046600  -9856.806214  -3539.373024   -773.836695  5  3  3  96       
PG24 -14503.640250  17924.989337  12652.003693    -15.304869  4  2  3  78       
PG25 -11662.439785  15321.413207 -18418.645583     20.343944  4  6  7  89       
PG26  20405.670792   6821.121340 -15750.725995    238.435430  6  6  5  53       
PG27  20655.204768   8941.781128  14217.840741   -338.958175  6  4  4  51       
PG28 -10437.120441 -13205.613707  21091.511148    702.132493  4  5  5  65       
PG29  -2549.454653  17928.479631 -19462.396829   -144.156339  4  5     73       
PG30  -3443.863330 -21707.078059  14804.022373   -256.499297  3  3  5  62       
PG31  10444.533442  13271.147678 -20429.477634    -53.831505  4  3  6  22       
PG32  16216.696089  20982.359316   2652.801903    312.468567  3  7  4  70       
*  2020  7  6 13 45  0.00000000
PG01  14100.911614 -17801.714783  13259.223669     22.071631  6  5  3  83       
PG02 -14375.394664  -4244.171311 -21292.859641   -483.162591  6  6  5  77       
PG03  21679.070034 -12316.967862  -9071.799456   -231.401132  6  4  3  86       
PG04  10490.853925 -11070.904499 -21731.132672   -111.415635  6  5  7  86       
PG05 -24861.065967    317.030105  -9758.570506    -16.109276  8  4  6  55       
PG06  -8284.337008 -17091.610905 -18496.035518   -299.309980  6  4  5  88       
PG07   4809.269964 -25688.693915   3172.698175   -321.020339  5  4  2  87       
PG08  18515.639520   -383.034274  19144.958065    -40.055832  6  3  4  12       
PG09   -911.037498 -19127.546401 -18447.556231   -248.953962  5  5  3  49       
PG10   7845.143827  13377.392018  21675.089418   -391.950013  7  6  6  74       
PG11  13842.661593  -9602.811420  20099.939816   -228.749292  6  4  5  56       
PG12 -22411.697125  10785.500006  -9332.875645     97.197374  4  5  5  84       
PG13 -19970.285982  -8784.966156  15098.216324     24.381686  5  5  2  25       
PG14  18351.058810  19177.247830  -2154.219859     -0.678247  6  4  4  30       
PG15 -18573.411347   2916.282593  18578.535634   -219.404654  4  5  1  95       
PG16  25822.632463    476.553125  -7348.387214   -179.335861  7  5  5  82       
PG17 -13737.014961 -21916.173079   6557.908526    291.772276  3  2  4  82       
PG18  -5454.750582  25813.867041   2909.843493    239.340441  7  7  5  83       
PG19 -17857.431569 -19601.021850  -2184.356961   -135.671505  5  4  4  22       
PG20  -4487.850416  17416.755587  19395.182022    527.343974  3     3  97       
PG21   7109.273074  21062.651312  15525.528319     20.387324  6  2  3  82       
PG22  24658.222532  -9609.515183   -749.035691   -773.834040  4  3  4  88       
PG24 -14401.019129  16284.594506  14806.214586    -15.305064  5  2  4 101       
PG25 -13620.318086  15622.941915 -16697.466047     20.347662  4  6  7  80       
PG26  18623.272757   7487.333283 -17537.674067    238.441583  6  5  5  41       
PG27  21576.439884  10137.838237  11910.962885   -338.966888  5  4  4  53       
PG28  -8130.411460 -13580.771672  21888.732253    702.129341  5  5  5  86       
PG29  -4053.930067  16209.682355 -20682.097893   -144.164291  4  5  1  73       
PG30  -2694.592142 -23117.614062  12641.017003   -256.506262  4  3  5  41       
PG31   9608.793853  15393.001493 -19277.083338    -53.833493  4  4  6  56       
PG32  15723.275577  20828.448219   5441.419851    312.474235  3  7  4  46       
*  2020  7  6 14  0  0.00000000
PG01  13878.424941 -16119.392620  15457.694991     22.076384  6  5  2  83       
PG02 -13939.273028  -6760.600635 -20944.214593   -483.167640  5  6  5  74       
PG03  22585.926826 -12352.594011  -6385.065171   -231.411679  6  4  3  91       
PG04  12246.165161  -9312.552628 -21640.307674   -111.419850  6  4  8  80       
PG05 -23765.891016   -290.031193 -12198.910916    -16.110146  7  4  5  44       
PG06  -7708.962827 -19035.974849 -16766.298740   -299.314859  6  4  5  77       
PG07   5155.041131 -25778.096119    313.092634   -321.028558  6  4  2  62       
PG08  19989.877289   1102.183620  17592.545601    -40.056556  5  4  4  66       
PG09    793.831261 -17761.695517 -19775.748452   -248.959876  5  4  4  42       
PG10   5485.876646  14114.560605  21911.573813   -391.959744  7  6  6  74       
PG11  14487.458228  -7245.716628  20585.376748   -228.739904  6  4  5  79       
PG12 -23320.221144  10790.629188  -6630.971586     97.192961  4  5  5  50       
PG13 -20863.872408 -10142.791205  12904.785992     24.384658  5  5  3  49       
PG14  18252.431688  19431.654021    687.707248     -0.675805  6  4  4  61       
PG15 -20145.825203   1516.716390  17107.074804   -219.402473  4  5  2  88       
PG16  24923.457263    821.914477  -9983.764353   -179.340052  7  5  5  91       
PG17 -13029.004024 -21416.365717   9265.408307    291.777739  3  3  4  85       
PG18  -5736.792478  25917.662052     51.943973    239.349290  7  8  6  91       
PG19 -17746.612181 -19765.494055    708.880104   -135.666930  5  4  4  85       
PG20  -6532.552776  18171.075615  18061.968136    527.343771  4  1  3 103       
PG21   6697.352162  22546.178238  13397.666391     20.391643  5  1  3  88       
PG22  24739.307076  -9265.683184   2054.340297   -773.832180  4  3  4  59       
PG24 -14335.595237  14414.297149  16698.068794    -15.304939  5  2  3  82       
PG25 -15361.106145  15967.272971 -14690.752100     20.351363  5  6  7  80       
PG26  16700.818033   8301.600960 -19025.998152    238.447564  5  5  5  64       
PG27  22363.764089  11092.291262   9401.120843   -338.975546  5  5  4  37       
PG28  -5784.119665 -14097.732178  22327.866188    702.125737  5  5  5  43       
PG29  -5732.128398  14491.414192 -21547.046618   -144.172078  4  6  2  85       
PG30  -2081.526729 -24315.418349  10258.628054   -256.513324  4  3  4  66       
PG31   8919.495587  17413.488218 -17789.752174    -53.836088  5  4  6  67       
PG32  14997.107542  20489.302897   8137.415199    312.479971  3  7  3  69       
*  2020  7  6 14 15  0.00000000
PG01  13706.303588 -14194.248556  17382.023559     22.081143  6  5  3  90       
PG02 -13636.431932  -9231.286732 -20213.717385   -483.172756  5  6  4  95       
PG03  23198.420591 -12327.467826  -3587.981987   -231.422277  7  5  4 103       
PG04  14066.595471  -7668.686105 -21176.771855   -111.424061  6  4  7  85       
PG05 -22460.455509  -1051.207089 -14432.940756    -16.111119  7  4  5  81       
PG06  -7276.853773 -20798.688032 -14746.475824   -299.319801  5  4  4  60       
PG07   5439.713190 -25561.814603  -2552.034984   -321.036365  6  5  2  79       
PG08  21391.116055   2384.371523  15740.482632    -40.057995  5  4  4  50       
PG09   2667.586008 -16402.575442 -20764.906717   -248.965785  4  5  4  28       
PG10   3161.788491  14979.134113  21774.204434   -391.969491  7  6  6  87       
PG11  15244.682934  -4881.853043  20701.596128   -228.730161  6  4  5  72       
PG12 -23928.144423  10755.436828  -3814.674512     97.188427  4  5  5  91       
PG13 -21649.745354 -11258.839069  10488.906497     24.387513  5  5  3   4       
PG14  17940.549321  19465.844552   3517.976291     -0.673047  5  3  4           
PG15 -21626.472762    297.906131  15338.283120   -219.400288  5  6  2 102       
PG16  23769.877660   1292.035505 -12453.015278   -179.344188  6  5  4  65       
PG17 -12080.341998 -20755.330393  11816.411003    291.782763  3  3  3  86       
PG18  -5950.778646  25718.154950  -2806.853323    239.358126  8  9  7  60       
PG19 -17413.538575 -19704.027636   3589.901198   -135.662470  4  4  3  73       
PG20  -8390.972044  18942.757099  16413.715652    527.343449  4  2  4  91       
PG21   6385.611717  23807.158612  11051.970953     20.395836  5  2  3  79       
PG22  24551.073176  -8793.844162   4822.128727   -773.829939  3  4  5  86       
PG24 -14336.536391  12346.214152  18294.253261    -15.305431  5  2  4  79       
PG25 -16858.270073  16318.741200 -12431.932313     20.355079  5  6  6  88       
PG26  14682.227943   9268.884040 -20189.935652    238.453818  5  5  5  51       
PG27  22977.022677  11813.739994   6731.533750   -338.984257  5  5  3  40       
PG28  -3445.200187 -14752.879416  22402.536368    702.122258  5  5  5  57       
PG29  -7559.566362  12817.128317 -22042.568585   -144.180098  4  6  3  69       
PG30  -1582.514762 -25267.765063   7697.942992   -256.520318  4  3  4  73       
PG31   8368.756794  19286.361756 -15992.249169    -53.838102  4  4  6  72       
PG32  14025.620872  20000.883680  10694.979231    312.485679  4  7  4  57       
*  2020  7  6 14 30  0.00000000
PG01  13616.560455 -12060.964871  18998.156193     22.085901  6  5  2  49       
PG02 -13462.303817 -11604.949177 -19115.559512   -483.177652  4  6  4  92       
PG03  23518.689603 -12203.145039   -728.828712   -231.432824  7  5  4 104       
PG04  15911.815504  -6166.526204 -20348.610455   -111.428288  7  3  7  85       
PG05 -20982.679646  -1982.033751 -16422.971423    -16.111652  7  4  4  73       
PG06  -6967.124407 -22339.394635 -12471.551133   -299.324619  5  3  3  89       
PG07   5699.574993 -25035.470268  -5371.681176   -321.044177  6  4  2  85       
PG08  22675.088425   3459.742635  13620.709584    -40.060142  5  4  4  33       
PG09   4682.760284 -15088.161959 -21398.197092   -248.971712  4  4  4  82       
PG10    917.963584  15951.963093  21264.583856   -391.979196  7  7  6 107       
PG11  16101.059253  -2557.141561  20445.418899   -228.720461  6  5  4  65       
PG12 -24234.204624  10640.205686   -932.376468     97.183807  4  5  5  83       
PG13 -22286.723701 -12135.828444   7892.510650     24.390450  4  5  3  59       
PG14  17393.676305  19310.195887   6288.704802     -0.670745  5  3  4  78       
PG15 -22973.904809   -738.944745  13304.160516   -219.397986  5  6  2  89       
PG16  22394.423688   1912.416706 -14715.151304   -179.348484  5  5  4  81       
PG17 -10885.447919 -19974.940442  14168.689715    291.788149  3  3  3  50       
PG18  -6134.073351  25211.514580  -5617.267442    239.366924  8 10  8  54       
PG19 -16833.693752 -19446.983934   6408.960687   -135.657895  4  4  3  67       
PG20 -10038.626881  19695.216961  14478.886251    527.343668  5  2  4  87       
PG21   6146.002935  24816.776656   8525.490358     20.399779  5  3  3  78       
PG22  24115.724857  -8166.616741   7506.572278   -773.827892  3  4  5  90       
PG24 -14427.616311  10118.657481  19566.894208    -15.305631  5  1  4  99       
PG25 -18093.092424  16638.555060  -9959.006887     20.358832  5  6  6  96       
PG26  12612.830382  10386.257006 -21009.138858    238.459975  5  5  4  60       
PG27  23379.910408  12318.806537   3947.859131   -338.992995  4  5  3  35       
PG28  -1159.304094 -15534.677159  22112.013193    702.119136  5  6  6  39       
PG29  -9504.429046  11225.970762 -22160.306468   -144.187900  3  6  4  97       
PG30  -1170.068163 -25948.427263   5003.296234   -256.527386  4  4  4  53       
PG31   7941.116557  20968.684950 -13915.003495    -53.840223  5  5  6  88       
PG32  12804.225126  19402.105627  13070.679810    312.491380  3  7  4  77       
*  2020  7  6 14 45  0.00000000
PG01  13635.226392  -9760.933694  20277.695166     22.090675  5  5  2  79       
PG02 -13404.199953 -13833.207441 -17670.878491   -483.182693  4  5  4  70       
PG03  23557.611607 -11943.352090   2142.940779   -231.443348  7  5  4  78       
PG04  17738.099997  -4825.921730 -19170.181684   -111.432542  7  3  7  88       
PG05 -19374.092767  -3090.685203 -18135.385042    -16.111810  6  4  3  76       
PG06  -6752.401464 -23623.843612  -9980.929741   -299.329457  5  4  2  91       
PG07   5971.241020 -24203.983458  -8095.344580   -321.052049  6  4  2 104       
PG08  23799.062552   4332.907362  11269.573670    -40.061481  5  5  4  42       
PG09   6805.400259 -13851.783608 -21664.866486   -248.977632  4  4  4  99       
PG10  -1204.376300  17006.741453  20390.654963   -391.988905  7  8  6 104       
PG11  17036.216260   -315.038815  19820.655644   -228.711098  6  5  4  57       
PG12 -24246.183943  10406.714647   1966.081403     97.179546  4  5  5 104       
PG13 -22736.497807 -12784.848144   5160.498576     24.393448  4  5  3  62       
PG14  16597.205412  18999.770665   8953.375452     -0.668464  4  3  4  67       
PG15 -24149.016407  -1600.481640  11040.995309   -219.395722  5  6  2 105       
PG16  20835.058686   2702.060769 -16732.529734   -179.352494  4  5  4  81       
PG17  -9447.192751 -19118.499044  16283.624270    291.793201  4  4  3  18       
PG18  -6324.360351  24402.835828  -8330.870978    239.375716  8 10  9  28       
PG19 -15990.165573 -19030.013001   9117.021800   -135.653048  4  4  3  48       
PG20 -11458.762134  20389.474120  12291.070092    527.343782  5  3  4  88       
PG21   5946.207086  25552.639106   5858.595879     20.404389  5  4  3  67       
PG22  23461.933098  -7361.945227  10061.612673   -773.825615  3  4  5  70       
PG24 -14626.169522   7774.772132  20494.063712    -15.305651  4  2  4  79       
PG25 -19055.282235  16886.384362  -7313.955729     20.362651  6  6  5  82       
PG26  10537.767630  11642.850711 -21469.045360    238.466151  5  5  5  72       
PG27  23541.381699  12631.278913   1097.427661   -339.001708  4  5  3  25       
PG28   1030.684820 -16424.051669  21461.193122    702.115991  5  6  6           
PG29 -11528.631412   9751.389048 -21898.351954   -144.195747  3  6  4  78       
PG30   -812.632657 -26338.675755   2221.487987   -256.534387  4  4  4  94       
PG31   7614.258315  22422.416265 -11593.623578    -53.842650  5  5  5  84       
PG32  11336.656407  18733.270435  15224.170020    312.497092  3  7  4  84       
*  2020  7  6 15  0  0.00000000
PG01  13781.213482  -7340.769779  21198.427186     22.095415  5  5  2  81       
PG02 -13441.979173 -15872.360184 -15907.226411   -483.188204  4  5  3  85       
PG03  23334.294200 -11515.582385   4977.567068   -231.453870  7  5  5  90       
PG04  19499.900874  -3658.750944 -17661.862910   -111.436698  8  3  7  91       
PG05 -17678.329378  -4377.481139 -19541.170550    -16.112721  6  4  3  76       
PG06  -6600.062403 -24625.108844  -7317.742134   -299.334312  5  4  2  91       
PG07   6289.953987 -23081.498317 -10674.036019   -321.060265  6  4  2 114       
PG08  24723.433863   5016.482450   8727.213092    -40.062493  5  5  4   9       
PG09   8996.184410 -12720.918803 -21560.417401   -248.983586  4  4  5 106       
PG10  -3169.277579  18110.937931  19166.620676   -391.998459  7  8  6  92       
PG11  18023.435917   1805.046095  18838.087723   -228.701283  6  6  4  72       
PG12 -23980.570654  10019.928955   4830.281959     97.174876  4  5  5  87       
PG13 -22965.157623 -13224.710718   2339.950295     24.396385  3  4  3  43       
PG14  15544.305903  18572.845377  11467.556374     -0.665818  4  2  4  73       
PG15 -25116.482016  -2300.665994   8588.655530   -219.393671  6  6  2 107       
PG16  19133.837423   3672.593598 -18471.417126   -179.356879  4  6  4  38       
PG17  -7776.907342 -18229.063150  18126.740914    291.798783  4  3  2  34       
PG18  -6557.990282  23306.001201 -10900.928753    239.384547  8 11  9  20       
PG19 -14874.530789 -18492.586772  11666.634301   -135.648543  4  4  2  45       
PG20 -12642.814457  20985.726442   9888.388211    527.343577  5  3  4  77       
PG21   5750.926936  25999.607562   3094.489815     20.408170  5  5  3  41       
PG22  22623.641929  -6364.125416  12443.673092   -773.823499  3  4  6  44       
PG24 -14942.327846   5360.989290  21060.156648    -15.305158  5  2  4  86       
PG25 -19743.271153  17022.038900  -4542.058048     20.366527  6  6  5  91       
PG26   8500.412711  13020.105018 -21561.159130    238.472356  5  5  5  59       
PG27  23436.865254  12780.999861  -1771.532011   -339.010473  4  5  3  32       
PG28   3086.011932 -17395.041344  20460.522001    702.112268  5  6  6           
PG29 -13589.125993   8419.970981 -21261.270559   -144.203374  3  6  5  73       
PG30   -476.026850 -26427.997529   -599.050955   -256.541381  4  4  3  96       
PG31   7360.026099  23615.827210  -9068.297401    -53.844961  5  6  5  28       
PG32   9635.014844  18034.459889  17118.846427    312.502822  3  7  4  89       
*  2020  7  6 15 15  0.00000000
PG01  14065.487808  -4850.619618  21744.717479     22.100147  5  5  2  80       
PG02 -13549.042079 -17684.945703 -13857.896716   -483.193309  4  5  4  79       
PG03  22875.252048 -10892.555571   7725.866226   -231.464410  7  6  5  90       
PG04  21151.500535  -2668.639318 -15849.694001   -111.440886  8  3  7  83       
PG05 -15939.558928  -5834.690652 -20616.391592    -16.113227  5  4  3  92       
PG06  -6473.684638 -25324.533519  -4528.083591   -299.339164  5  4     68       
PG07   6687.934461 -21690.930213 -13061.273977   -321.068196  6  3  3  93       
PG08  25413.206321   5530.400668   6036.888407    -40.063208  5  5  4  52       
PG09  11211.752811 -11716.229777 -21086.678927   -248.989496  4  4  4  92       
PG10  -4947.265689  19226.986338  17612.757283   -392.008179  7  9  7  94       
PG11  19030.691982   3769.167111  17515.282046   -228.691604  6  6  3  77       
PG12 -23461.884209   9449.586719   7610.136141     97.170617  4  5  5  79       
PG13 -22944.555861 -13481.017377   -520.688913     24.399232  3  4  3  75       
PG14  14236.285134  18069.348570  13789.569339     -0.663011  4  2  4  79       
PG15 -25846.036008  -2859.968066   5989.844457   -219.391195  5  6  2  71       
PG16  17335.427659   4827.652478 -19902.504394   -179.361146  4  6  4  58       
PG17  -5894.086936 -17347.809622  19668.178120    291.804059  4  3  2  34       
PG18  -6868.385487  21943.214044 -13283.205355    239.393342  8 11 10  53       
PG19 -13487.422670 -17876.374533  14012.807653   -135.644262  5  4  2  58       
PG20 -13590.554249  21444.977539   7312.804148    527.343452  5  3  4  61       
PG21   5523.322382  26150.404447    278.643342     20.412524  4  5  3  88       
PG22  21638.694992  -5164.577705  14612.380264   -773.821411  3  5  6  65       
PG24 -15378.568576   2925.361103  21256.131936    -15.305447  4  3  4  66       
PG25 -20164.178331  17007.173015  -1691.131895     20.370336  7  6  5  74       
PG26   6540.853551  14492.326402 -21283.235566    238.478596  5  6  6  74       
PG27  23049.241495  12802.544983  -4610.667747   -339.019217  3  5  3  44       
PG28   4973.270772 -18415.692312  19125.863410    702.109217  4  6  6  58       
PG29 -15639.407466   7250.556722 -20260.019455   -144.211323  2  6  5  73       
PG30   -124.992668 -26214.503002  -3409.131974   -256.548392  4  5  3  63       
PG31   7145.695488  24524.689011  -6383.086855    -53.847160  4  6  5  43       
PG32   7719.492051  17343.950596  18722.448033    312.508568  4  6  4  83       
*  2020  7  6 15 30  0.00000000
PG01  14490.585208  -2342.339788  21907.761653     22.104854  5  5  3  89       
PG02 -13693.597325 -19241.018290 -11561.136818   -483.198444  4  4  4 102       
PG03  22213.302642 -10053.480346  10340.105371   -231.474919  6  5  4  80       
PG04  22648.681899  -1851.002773 -13764.924220   -111.445063  8  3  6  86       
PG05 -14200.905768  -7446.639988 -21342.580356    -16.113980  5  5  3  92       
PG06  -6334.647323 -25712.362394  -1660.202619   -299.343990  5  4    101       
PG07   7192.852900 -20063.151172 -15214.036755   -321.076142  6  3  4  78       
PG08  25839.309533   5900.948828   3244.271028    -40.064370  5  5  4  79       
PG09  13406.196192 -10850.869356 -20251.773200   -248.995423  4  4  4  86       
PG10  -6516.312994  20313.692355  15755.120570   -392.017900  8 10  7  95       
PG11  20021.935107   5550.023631  15876.242235   -228.682065  6  6  3  77       
PG12 -22721.686162   8671.614775  10256.800079     97.166098  4  5  5  10       
PG13 -22653.455242 -13584.973238  -3372.436038     24.402052  3  4  3  82       
PG14  12682.655597  17529.266912  15881.100743     -0.660647  4  2  4  90       
PG15 -26313.554162  -3304.324148   3289.336408   -219.388799  5  6     85       
PG16  15485.544767   6162.563666 -21001.369112   -179.365212  4  6  4  69       
PG17  -3825.807693 -16512.498918  20883.078603    291.809312  4  2  3  55       
PG18  -7284.565059  20344.221735 -15436.727385    239.402202  7 11 10  80       
PG19 -11838.752231 -17223.523499  16113.861016   -135.639494  5  4  2  64       
PG20 -14309.898011  21730.646562   4609.358855    527.343526  5  4  4  65       
PG21   5226.546643  26005.962279  -2541.838519     20.416190  4  6  3  65       
PG22  20547.338442  -3762.340786  16531.215940   -773.819045  3  5  6  64       
PG24 -15929.590032    515.847522  21079.616343    -15.306038  5  3  3  84       
PG25 -20333.439447  16806.947571   1189.295004     20.374201  7  6  4  35       
PG26   4694.502497  16027.532883 -20639.364814    238.484847  5  6  6  66       
PG27  22369.550108  12733.740748  -7372.268059   -339.027966  1  4  3  70       
PG28   6665.441163 -19449.172831  17478.311484    702.105811  4  7  6  59       
PG29 -17631.157541   6253.656945 -18911.759912   -144.219127  3  6  5  73       
PG30    275.206258 -25705.004013  -6159.701065   -256.555380  5  5  2  98       
PG31   6935.448817  25133.175491  -3585.128873    -53.849578  4  6  4  63       
PG32   5617.798029  16696.708774  20007.587730    312.514303  3  6  4 108       
*  2020  7  6 15 45  0.00000000
PG01  15050.487552    132.377837  21685.692657     22.109577  5  5  3  97       
PG02 -13840.135094 -20519.092135  -9059.276748   -483.203772  4  4  4  91       
PG03  21386.223943  -8985.068891  12774.855495   -231.485429  6  5  5  64       
PG04  23950.351126  -1193.413526 -11443.470708   -111.449265  8  4  6  98       
PG05 -12502.916124  -9190.121926 -21707.051878    -16.114514  5  5  3  89       
PG06  -6143.821679 -25788.038106   1236.346310   -299.348734  5  5     97       
PG07   7826.494773 -18235.846317 -17093.643220   -321.083943  6  3  4  99       
PG08  25979.704276   6159.571263    396.698909    -40.065129  5  5  4  59       
PG09  15532.649034 -10130.086206 -19069.978051   -249.001368  4  4  4  82       
PG10  -7862.524074  21327.805331  13625.145878   -392.027607  8 10  7  86       
PG11  20958.565838   7127.855760  13950.905560   -228.672443  6  6  3  85       
PG12 -21797.313073   7669.312534  12723.585620     97.161875  4  5  5  92       
PG13 -22078.417725 -13572.000755  -6166.596938     24.405057  2  4  3  89       
PG14  10900.909495  16991.075609  17707.751772     -0.658354  4  2  4  88       
PG15 -26501.900988  -3663.904175    533.207179   -219.386553  5  5     90       
PG16  13629.352110   7664.322971 -21748.879970   -179.369954  4  6  4  81       
PG17  -1605.879211 -15756.086784  21751.908394    291.814761  4     3  76       
PG18  -7829.847948  18545.259186 -17324.487144    239.410973  7 11 10  51       
PG19  -9947.566591 -16574.913258  17932.230403   -135.634721  5  4  3  68       
PG20 -14816.399163  21810.094604   1825.345110    527.343540  5  5  4  74       
PG21   4825.332307  25575.492084  -5318.924953     20.420561  3  6  4  40       
PG22  19390.659272  -2164.270544  18168.089686   -773.817102  3  5  6  78       
PG24 -16582.515387  -1821.373760  20534.873177    -15.305882  5  3  3  68       
PG25 -20274.109084  16391.580413   4048.868779     20.377933  7  6  4  91       
PG26   2990.884920  17588.557457 -19639.948961    238.491099  5  7  7  36       
PG27  21397.404749  12614.077296 -10010.007134   -339.036657     5  3  67       
PG28   8142.713008 -20455.073338  15543.946571    702.102545  4  7  6  86       
PG29 -19515.968341   5431.198308 -17239.567432   -144.227134  3  6  5  47       
PG30    757.204143 -24914.758217  -8802.732224   -256.562332  5  5  2  96       
PG31   6691.993879  25434.440521   -723.759724    -53.851725  4  6  4  61       
PG32   3364.307662  16123.021013  20952.208765    312.520115  3  5  5 100       
*  2020  7  6 16  0  0.00000000
PG01  15730.860579   2523.855402  21083.544632     22.114307  5  5  3  93       
PG02 -13951.035733 -21506.722823  -6397.804746   -483.208941  4  4  4  97       
PG03  20435.227179  -7682.260876  14987.804614   -231.495960  6  5  5  73       
PG04  25020.050887   -676.273212  -8925.298031   -111.453469  9  4  5 112       
PG05 -10882.127574 -11035.093973 -21703.133842    -16.115209  5  6  4  81       
PG06  -5863.282515 -25560.151058   4111.569875   -299.353533  5  5  1  79       
PG07   8603.680674 -16252.090859 -18666.536151   -321.091744  6  2  4 103       
PG08  25820.236671   6341.483905  -2457.590464    -40.066157  4  4  4  75       
PG09  17544.927053  -9551.143041 -17561.487954   -249.007292  4  5  4 107       
PG10  -8980.508899  22225.695876  11259.145390   -392.037290  7 10  6  75       
PG11  21801.027677   8491.012781  11774.501272   -228.662652  6  6  3  82       
PG12 -20730.380212   6434.250940  14966.843674     97.157598  4  5  5  89       
PG13 -21214.403799 -13480.206083  -8855.578837     24.407778  2  3  3  89       
PG14   8916.012339  16490.247298  19239.525265     -0.655703  4  2  4  96       
PG15 -26401.517622  -3971.740584  -2231.928386   -219.384320  4  5     88       
PG16  11809.881607   9311.883533 -22131.537763   -179.373807  4  7  4  76       
PG17    726.235517 -15105.528496  22260.704089    291.820316  4     3  77       
PG18  -8520.784868  16587.753748 -18914.075809    239.419765  7 11 10  60       
PG19  -7841.543001 -15968.455966  19435.212900   -135.630172  6  4  3  84       
PG20 -15132.439112  21656.004693   -990.560746    527.343692  5  6  5  74       
PG21   4287.570251  24876.254651  -8004.437153     20.424484  2  6  4  51       
PG22  18209.019005   -384.940300  19495.827121   -773.814903  4  6  6  86       
PG24 -17317.411403  -4043.506079  19632.641952    -15.306602  5  3  3  51       
PG25 -20015.859904  15737.719031   6837.330120     20.381599  7  6  4  89       
PG26   1452.654698  19134.370746 -18301.570218    238.497379  5  8  7  44       
PG27  20141.102125  12483.073696 -12479.662799   -339.045347     5  3  86       
PG28   9393.067352 -21390.853395  13353.531187    702.099184  4  7  6  70       
PG29 -21247.079518   4776.605233 -15272.044089   -144.234792  3  6  5  74       
PG30   1350.035966 -23866.889569 -11292.102782   -256.569321  4  5  3 106       
PG31   6378.257700  25430.842236   2150.417890    -53.854070  4  6  4  63       
PG32    998.957044  15647.312043  21539.959473    312.525900  3  5  5 103       
*  2020  7  6 16 15  0.00000000
PG01  16509.638417   4786.177227  20113.079595     22.118996  5  4  3  98       
PG02 -13988.238932 -22200.715222  -3624.419562   -483.214119  4  3  4  75       
PG03  19403.305755  -6148.626706  16940.514959   -231.506514  6  5  5  82       
PG04  25827.306252   -273.766169  -6253.729536   -111.457689  9  4  4  41       
PG05  -9369.793358 -12945.642329 -21330.307326    -16.115465  5  6  4 102       
PG06  -5457.973105 -25046.046115   6915.906895   -299.358327  5  5  1  71       
PG07   9531.491009 -14158.711147 -19904.945745   -321.099605  6  2  4  92       
PG08  25355.210155   6484.150524  -5270.239603    -40.067392  3  3  4  72       
PG09  19399.147677  -9103.550477 -15752.076868   -249.013187  4  4  4  77       
PG10  -9873.426063  22965.074467   8697.708391   -392.047000  7 10  6  84       
PG11  22510.446665   9636.171975   9386.791299   -228.653099  6  6  3  75       
PG12 -19565.115798   4966.844986  16946.799471     97.153160  4  5  4  76       
PG13 -20065.061133 -13348.757823 -11393.676392     24.410844  2  3  3  91       
PG14   6759.635635  16057.889701  20451.247448     -0.653374  4  3  3  88       
PG15 -26010.735184  -4262.272037  -4959.661146   -219.381970  4  4  2  86       
PG16  10066.529283  11076.745343 -22141.746764   -179.378141  3  7  5 100       
PG17   3126.694917 -14580.813421  22401.249384    291.825457  4  1  3  68       
PG18  -9366.360659  14516.841669 -20178.235462    239.428480  7 10 10  65       
PG19  -5556.132835 -15437.514115  20595.628264   -135.625601  6  4  3           
PG20 -15286.153004  21247.558683  -3789.190791    527.343311  5  7  5  44       
PG21   3585.819580  23933.028076 -10550.888389     20.428758  2  7  4  20       
PG22  17040.541274   1553.750411  20492.569645   -773.812584  3  6  6  91       
PG24 -18108.095610  -6112.578797  18389.858156    -15.307337  5  4  3  78       
PG25 -19593.715554  14829.574738   9505.452643     20.385224  6  6  4  96       
PG26     94.876415  20621.574348 -16646.749032    238.503593  5  8  7  83       
PG27  18617.422886  12378.654185 -14739.800079   -339.054042  2  5  2  57       
PG28  10412.592251 -22213.391669  10942.143138    702.095970  4  8  6  75       
PG29 -22781.063700   4275.214385 -13042.838991   -144.242572  4  6  5  76       
PG30   2077.785799 -22591.508273 -13584.432045   -256.576262  5  5  3 110       
PG31   5959.082486  25133.801847   4986.502695    -53.856222  4  6  4  77       
PG32  -1434.071076  15287.194051  21760.480300    312.531726  3  4  4 107       
*  2020  7  6 16 30  0.00000000
PG01  17357.925114   6878.767438  18792.486389     22.123682  4  4  3  89       
PG02 -13914.900235 -22606.964273   -788.086600   -483.219323  4  3  5 106       
PG03  18333.526437  -4396.432671  18599.109148   -231.517070  6  5  5  94       
PG04  26348.751778     44.944987  -3474.702421   -111.461908  9  4  4  48       
PG05  -7990.808943 -14881.179019 -20594.254535    -16.115909  5  6  4  87       
PG06  -4897.257699 -24271.102855   9601.087329   -299.363098  5  6  2  58       
PG07  10608.829726 -12004.503689 -20787.415513   -321.107527  6  2  4 106       
PG08  24587.654339   6625.677484  -7993.552884    -40.067374  2  3  3  81       
PG09  21055.272646  -8769.607415 -13672.667966   -249.019100  4  4  4  91       
PG10 -10552.691168  23506.683182   5985.012816   -392.056713  7 10  6  84       
PG11  23050.242685  10568.202732   6831.218355   -228.643506  6  6  3  73       
PG12 -18346.593871   3276.571769  18628.319286     97.148815  3  5  4  68       
PG13 -18642.693469 -13216.240066 -13737.819979     24.413648  3  2  4  95       
PG14   4469.156542  15719.557387  21322.923218     -0.650851  4  4  3 101       
PG15 -25335.808365  -4569.856448  -7604.506095   -219.379638  4  4  3  71       
PG16   8433.679392  12923.831136 -21778.009790   -179.382482  2  7  5  88       
PG17   5548.705483 -14194.260248  22171.181639    291.830351  4  2  3  71       
PG18 -10367.498134  12379.753360 -21095.320976    239.437221  6 10  9  70       
PG19  -3133.385533 -15009.504215  21392.379447   -135.620894  6  4  4  44       
PG20 -15310.135772  20571.363161  -6521.781914    527.342762  5  7  6  45       
PG21   2698.683812  22777.276637 -12912.374133     20.432829  2  7  5  65       
PG22  15919.708388   3623.240889  21142.083448   -773.810305  3  5  6  94       
PG24 -18923.194134  -7996.684412  16829.264780    -15.306609  5  5  3  82       
PG25 -19046.566974  13659.766665  12005.977559     20.388824  6  5  4  92       
PG26  -1075.395644  22006.008683 -14703.593123    238.509767  5  9  7  75       
PG27  16851.132004  12335.593066 -16752.413521   -339.062721  3  5  2  87       
PG28  11205.517847 -22880.590551   8348.742525    702.092712  4  8  6  78       
PG29 -24079.396671   3905.005724 -10590.084150   -144.250344  4  6  5  66       
PG30   2958.436450 -21124.566220 -15639.865540   -256.583249  4  5  4  99       
PG31   5402.849957  24563.301500   7734.273784    -53.858578  4  6  4  75       
PG32  -3887.825624  15052.783888  21609.597935    312.537503  4  4  5 100       
*  2020  7  6 16 45  0.00000000
PG01  18241.170867   8767.736931  17145.964271     22.128361  4  4  3  87       
PG02 -13696.966788 -22739.950872   2061.878689   -483.224610  3  2  5  90       
PG03  17267.331280  -2446.364532  19934.871839   -231.527602  6  5  5  95       
PG04  26568.996796    314.328578   -635.979290   -111.466150  9  4  4  62       
PG05  -6762.881699 -16797.830803 -19506.810248    -16.116692  5  5  4  82       
PG06  -4156.300805 -23267.718788  12120.964025   -299.367833  5  6  3  36       
PG07  11826.344738  -9838.392203 -21299.178281   -321.115200  5  3  4  77       
PG08  23529.280406   6803.186210 -10581.270492    -40.069598     3  3  89       
PG09  22478.514572  -8525.227235 -11358.816627   -249.025042  4  4  4  76       
PG10 -11037.358972  23815.892309   3168.058995   -392.066417  6 10  6           
PG11  23387.640550  11299.688539   4153.989104   -228.633692  6  6  3  51       
PG12 -17118.939298   1381.821297  19981.589526     97.144560  4  5  4  87       
PG13 -16967.912442 -13119.041854 -15848.275843     24.416803  3  2  4 114       
PG14   2086.459092  15494.276938  21840.023667     -0.648532  4  4  3  96       
PG15 -24390.673534  -4927.306767 -10122.587586   -219.377121  3  4  4  71       
PG16   6939.507931  14812.623322 -21045.039954   -179.386950  2  7  5  96       
PG17   7944.053157 -13950.095286  21574.028741    291.836060  4  3  3  70       
PG18 -11516.882639  10224.129466 -21649.664404    239.445989  6  9  9  95       
PG19   -620.497383 -14704.747867  21810.895635   -135.616219  6  5  4  73       
PG20 -15239.983002  19622.087390  -9140.857496    527.343050  4  8  6  69       
PG21   1611.988459  21446.039026 -15045.494716     20.436912  3  7  5  55       
PG22  14876.116785   5789.221154  21433.976997   -773.808074  3  5  6  95       
PG24 -19727.403246  -9670.963823  14978.928949    -15.306944  5  5  3  87       
PG25 -18415.532369  12229.835590  14294.522216     20.392423  5  5  3 111       
PG26  -2059.222856  23244.413552 -12505.340733    238.515932  5  9  7  62       
PG27  14874.196106  12384.083418 -18483.521753   -339.071413  4  6  2  94       
PG28  11783.962696 -23352.983251   5615.669675    702.089151  5  7  6  77       
PG29 -25109.852789   3637.622058  -7955.754373   -144.258015  3  6  5  96       
PG30   4002.967649 -19506.494939 -17422.788706   -256.590225  5  4  4  81       
PG31   4682.963186  23747.042179  10345.155997    -53.860994  4  6  4  86       
PG32  -6314.175930  14946.315066  21089.422276    312.543322  4  4  4 101       
*  2020  7  6 17  0  0.00000000
PG01  19120.570306  10426.951003  15203.205534     22.133067  4  3  2  97       
PG02 -13304.612015 -22621.928140   4876.681127   -483.229961  3  2  5  71       
PG03  16242.918228   -326.919933  20924.755292   -231.538139  6  5  5  97       
PG04  26481.195982    570.952448   2213.670307   -111.470387  9  4  4  36       
PG05  -5695.976435 -18649.970865 -18085.814604    -16.117035  6  4  4  67       
PG06  -3217.219522 -22074.036347  14432.302727   -299.372627  5  7  3  67       
PG07  13166.705164  -7707.604490 -21432.375919   -321.123090  5  3  4 105       
PG08  22200.123654   7051.223571 -12989.324108    -40.070992  1  2  3 104       
PG09  23640.554157  -8341.018233  -8850.114496   -249.030937  4  4  4  89       
PG10 -11353.201512  23864.136149    295.839054   -392.076123  5 10  5  57       
PG11  23495.015853  11850.135751   1403.121016   -228.624276  6  5  2  35       
PG12 -15923.580296   -690.616589  20982.691118     97.140585  4  5  4  86       
PG13 -15068.986426 -13089.843216 -17689.288775     24.419798  3  2  3 109       
PG14   -343.422580  15393.817985  21993.704483     -0.645871  4  5  3 100       
PG15 -23196.444407  -5364.500438 -12472.285883   -219.374951  3  4  5  52       
PG16   5605.011834  16698.526878 -19953.781971   -179.391215  1  7  6 105       
PG17  10264.689444 -13844.327856  20619.175869    291.841164  4  3  3  78       
PG18 -12799.114133   8096.332205 -21831.836250    239.454745  6  8  8 103       
PG19   1931.856861 -14535.621625  21843.444303   -135.611513  5  5  5  84       
PG20 -15112.727599  18402.788735 -11601.076086    527.342776  3  8  6  44       
PG21    319.698281  19980.568122 -16910.287836     20.440939  3  7  5  58       
PG22  13933.434636   8012.755540  21363.827339   -773.806100  3  4  5  99       
PG24 -20482.901023 -11118.307363  12871.678139    -15.307326  6  6  3 104       
PG25 -17742.229225  10550.401622  16330.439898     20.396025  5  5  3 100       
PG26  -2865.565465  24296.076273 -10089.803839    238.522209  4  9  6  62       
PG27  12724.744502  12548.480642 -19903.707922   -339.080060  5  6  1 106       
PG28  12167.392041 -23595.288443   2788.071936    702.085877  5  7  5  87       
PG29 -25847.672489   3439.638057  -5184.961055   -144.265777  3  5  6  79       
PG30   5214.739371 -17780.681925 -18902.455817   -256.597277  4  4  5 100       
PG31   3779.121459  22719.298279  12773.147542    -53.863321  4  6  4  75       
PG32  -8665.452912  14962.060873  20208.342959    312.549169  3  4  4  97       
*  2020  7  6 17 15  0.00000000
PG01  19954.622774  11838.781988  12998.792963     22.137752  3  2  3  69       
PG02 -12713.478679 -22281.843443   7608.855454   -483.234914  3  2  5  54       
PG03  15293.764904   1926.506449  21551.779484   -231.548708  5  4  5  98       
PG04  26087.303619    851.871744   5025.304409   -111.474600  9  4  5  27       
PG05  -4792.060037 -20391.838182 -16354.865977    -16.117772  6  2  4  89       
PG06  -2069.964395 -20732.464132  16495.517032   -299.377498  5  7  4  74       
PG07  14605.218533  -5655.948048 -21186.122315   -321.131017  5  3  4  98       
PG08  20627.884809   7400.269311 -15176.563982    -40.071871  2  4  3  86       
PG09  24520.521705  -8183.576989  -6189.523682   -249.036875  4  4  4  92       
PG10 -11531.517484  23630.127863  -2581.542292   -392.085829  4  9  6  41       
PG11  23351.020529  12244.912064  -1372.519109   -228.614784  5  5  3  31       
PG12 -14797.622251  -2906.409721  21614.054943     97.136046  4  5  4  93       
PG13 -12980.911231 -13156.253905 -19229.659032     24.422631  3  2  3  96       
PG14  -2773.773895  15422.234943  21780.953511     -0.643463  4  5  3  77       
PG15 -21780.666272  -5907.109673 -14614.840840   -219.372448  3  4  6  60       
PG16   4443.303852  18534.413919 -18521.336196   -179.395549  1  7  6  93       
PG17  12464.320387 -13864.928091  19321.761156    291.846417  4  3  3  53       
PG18 -14191.180952   6039.816288 -21638.799814    239.463549  6  7  7  96       
PG19   4471.340916 -14506.044193  21489.302346   -135.606902  5  5  5  67       
PG20 -14965.236822  16924.914311 -13860.030242    527.342727  2  8  6  96       
PG21  -1175.480379  18424.768705 -18471.143410     20.445015  4  7  6           
PG22  13108.596981  10251.576146  20933.216467   -773.803673  3  4  5  86       
PG24 -21150.851325 -12329.751414  10544.470847    -15.307574  5  6  4  78       
PG25 -17067.031591   8640.955444  18077.609031     20.399606  4  4  2  97       
PG26  -3510.750154  25124.401715  -7498.719659    238.528539  4  9  6  97       
PG27  10445.809178  12846.266315 -20988.599679   -339.088692  5  6  1  87       
PG28  12381.798183 -23577.856059    -86.741159    702.082528  5  6  5  87       
PG29 -26276.457105   3274.030090  -2325.190921   -144.273435  2  5  6  88       
PG30   6589.184679 -15991.847494 -20053.522343   -256.604251  5  3  5  87       
PG31   2678.333426  21519.519218  14975.687050    -53.865457  3  5  4  84       
PG32 -10896.082234  15086.573622  18980.923342    312.554917  4  4  4  99       
*  2020  7  6 17 30  0.00000000
PG01  20700.789997  12994.525081  10571.528480     22.142425  3  2  4  94       
PG02 -11905.690707 -21754.048493  10213.005432   -483.239884  3  3  6  88       
PG03  14447.353943   4272.808791  21805.319779   -231.559184  5  4  5  86       
PG04  25398.002067   1192.998776   7750.645112   -111.478836  9  4  6  62       
PG05  -4045.157852 -21979.184999 -14342.974082    -16.118475  6  2  4  70       
PG06   -712.895124 -19288.050370  18275.336249   -299.382270  4  7  4  82       
PG07  16110.755616  -3722.256537 -20566.414642   -321.139068  4  3  4  83       
PG08  18846.992476   7875.396718 -17105.446972    -40.073874  3  4  3  69       
PG09  25105.705202  -8016.945060  -3422.651506   -249.042831  4  4  4  77       
PG10 -11607.719998  23100.801545  -5413.777835   -392.095564  4  9  6  70       
PG11  22941.445540  12513.968512  -4124.158901   -228.605166  5  5  3  38       
PG12 -13772.411357  -5224.850648  21864.787398     97.131598  4  5  5  85       
PG13 -10744.237279 -13339.655076 -20443.246180     24.425746  3  3  4 107       
PG14  -5157.733662  15575.696099  21204.665385     -0.640793  4  5  3  98       
PG15 -20176.356767  -6575.494699 -16514.909329   -219.370147  4  4  6  99       
PG16   3459.205072  20272.297283 -16770.779332   -179.399822  1  7  6  87       
PG17  14499.945906 -13992.303502  17702.498677    291.851398  4  2  3  59       
PG18 -15663.237066   4093.621244 -21073.956549    239.472349  6  6  6  92       
PG19   6945.846453 -14611.324498  20754.780474   -135.602318  5  6  5  58       
PG20 -14832.634992  15207.981077 -15878.980513    527.342962  2  8  6  90       
PG21  -2861.855639  16823.493099 -19697.669484     20.449332  4  7  6  38       
PG22  12411.265085  12461.499094  20149.679637   -773.801343  3  5  5  98       
PG24 -21692.940719 -13304.562759   8037.716467    -15.308645  6  6  4  84       
PG25 -16427.387289   6529.289279  19505.131602     20.403207  4  5  2  82       
PG26  -4017.641442  25698.340606  -4777.021288    238.535011  4  9  5  85       
PG27   8083.886559  13287.270775 -21719.282359   -339.097320  5  7  2  86       
PG28  12458.623236 -23277.948017  -2960.012701    702.079176  5  5  5  89       
PG29 -26388.756335   3101.790427    574.498169   -144.281081  2  4  6  89       
PG30   8113.823413 -14184.387754 -20856.471512   -256.611275  5  3  5  93       
PG31   1375.626130  20190.739457  16914.439664    -53.867730  3  5  5  93       
PG32 -12964.148421  15299.233292  17427.691160    312.560642  4  4  4 106       
*  2020  7  6 17 45  0.00000000
PG01  21317.184896  13894.469392   7963.709353     22.147149  4  2  4  82       
PG02 -10870.605398 -21076.853999  12646.466607   -483.245456  3  3  6  54       
PG03  13724.149756   6666.579982  21681.277674   -231.569867  4  4  4  97       
PG04  24432.307446   1627.518429  10342.902829   -111.483078  8  3  7  59       
PG05  -3441.722984 -23370.890491 -12084.115129    -16.119256  6     4  59       
PG06    846.970574 -17786.771862  19741.395659   -299.387020  4  7  4  77       
PG07  17646.937400  -1939.068926 -19585.902762   -321.146953  4  3  4 102       
PG08  16897.419198   8495.137717 -18742.675125    -40.075429  4  4  2  92       
PG09  25391.957422  -7804.172902   -596.977298   -249.048739  4  4  4  74       
PG10 -11619.759827  22271.940601  -8151.279737   -392.105164  4  9  6  69       
PG11  22259.791821  12690.406263  -6804.023590   -228.595636  5  5  3  55       
PG12 -12872.348100  -7600.284696  21730.858939     97.127565  4  5  5  91       
PG13  -8403.696330 -13654.286640 -21309.393443     24.428760  3  4  4 113       
PG14  -7449.840950  15842.607936  20273.640732     -0.638251  3  6  3  95       
PG15 -18420.867211  -7383.796368 -18141.073588   -219.367619  4  4  6 103       
PG16   2649.157230  21865.073452 -14730.877014   -179.404154  1  6  5  97       
PG17  16333.297574 -14200.061530  15787.426845    291.857103  4  2  3  73       
PG18 -17179.653077   2291.042103 -20147.082161    239.481160  6  5  6  91       
PG19   9305.375348 -14838.377879  19653.099485   -135.597573  5  6  5  81       
PG20 -14746.815062  13278.949697 -17623.511752    527.342833  3  8  6 100       
PG21  -4718.892820  15220.766344 -20565.475610     20.453613  4  7  6  68       
PG22  11843.567353  14597.912902  19026.568013   -773.799412  3  5  5 100       
PG24 -22072.889614 -14050.014731   5394.558587    -15.308504  6  7  3  50       
PG25 -15856.267330   4250.590062  20587.923213     20.406800  4  5  2  90       
PG26  -4414.548935  25993.617256  -1972.040647    238.541378  4  9  5  31       
PG27   5687.370252  13873.184694 -22082.638899   -339.106010  5  7  3  85       
PG28  12433.455119 -22680.799817  -5782.318629    702.075741  5  5  5 108       
PG29 -26186.325161   2883.623536   3464.311313   -144.289089  1  4  6  86       
PG30   9768.594722 -12400.749907 -21297.928644   -256.618271  4  3  5  69       
PG31   -125.578239  18777.866162  18555.984924    -53.869778  3  4  5 101       
PG32 -14832.830677  15573.087106  15574.826579    312.566424  5  5  3 110       
*  2020  7  6 18  0  0.00000000
PG01  21764.226353  14547.629795   5220.367701     22.151839  4  3  5  88       
PG02  -9605.288768 -20290.986818  14869.890500   -483.250342  3  4  6  80       
PG03  13136.866086   9059.689730  21182.132636   -231.580387  4  5  4  89       
PG04  23216.867820   2184.410751  12757.574516   -111.487288  8  4  7  70       
PG05  -2961.307718 -24530.478456  -9616.692765    -16.119780  6     3  87       
PG06   2594.043942 -16273.804286  20868.740234   -299.391907  4  6  4  67       
PG07  19173.528607   -331.590327 -18263.530513   -321.154955  4  4  4  96       
PG08  14823.292844   9270.596858 -20059.774479    -40.076074  4  5  2  90       
PG09  25383.785843  -7508.930531   2238.956167   -249.054596  5  4  4  99       
PG10 -11606.448845  21148.464479 -10746.093146   -392.114896  5  8  6  59       
PG11  21307.534878  12808.953324  -9366.179549   -228.586198  5  6  3  45       
PG12 -12113.999270  -9983.739131  21215.152440     97.123086  4  5  5  89       
PG13  -6006.677799 -14106.614097 -21813.267073     24.431551  4  5  4 110       
PG14  -9607.542729  16204.033466  19002.507111     -0.635624  3  6  2 114       
PG15 -16554.603435  -8339.257958 -19466.297918   -219.365321  5  4  7 116       
PG16   2001.465601  23268.269732 -12435.685431   -179.408637  2  6  5 102       
PG17  17932.124838 -14456.036138  13607.580162    291.861712  4  2  3  91       
PG18 -18700.300727    658.528423 -18874.154898    239.489921  6  5  6  83       
PG19  11503.835180 -15166.300792  18204.121665   -135.593091  4  5  5  80       
PG20 -14735.097513  11171.319530 -19064.101388    527.342925  3  8  6 105       
PG21  -6717.753646  13658.020948 -21056.839852     20.457875  4  7  5  28       
PG22  11400.129423  16617.286287  17582.828394   -773.797073  3  6  4 100       
PG24 -22257.881795 -14580.870384   2660.134972    -15.308732  6  6  4 104       
PG25 -15380.813954   1846.232677  21307.180418     20.410433  4  5  3  86       
PG26  -4733.913874  25993.705696    867.340836    238.547711  4  9  5  39       
PG27   3304.909075  14597.380488 -22071.610014   -339.114683  5  8  3 103       
PG28  12344.538282 -21780.413404  -8504.405443    702.072360  4  5  5  77       
PG29 -25680.039547   2581.658813   6294.566813   -144.297103  1  4  5  85       
PG30  11526.493426 -10679.903843 -21370.859536   -256.625191  4  3  5  86       
PG31  -1813.430768  17325.917914  19872.392905    -53.872029  3  4  5 108       
PG32 -16471.655051  15875.950174  13453.750091    312.572194  5  5  3 107       
*  2020  7  6 18 15  0.00000000
PG01  22006.198234  14971.157554   2388.488086     22.156561  4  4  5  75       
PG02  -8114.707192 -19438.006908  16847.750777   -483.255747  3  4  6  38       
PG03  12690.051723  11402.968754  20316.875510   -231.590940  4  5  3  87       
PG04  21784.980912   2887.138204  14953.202519   -111.491543  8  4  8  78       
PG05  -2577.514321 -25427.479145  -6982.910733    -16.120350  6  2  2  91       
PG06   4504.584174 -14791.840004  21638.234545   -299.396652  4  6  4  87       
PG07  20647.975232   1083.030912 -16624.065439   -321.162686  4  4  4  91       
PG08  12671.352951  10204.850173 -21033.603942    -40.077426  4  5  3  77       
PG09  25094.121197  -7097.102265   5036.373182   -249.060659  5  4  4  88       
PG10 -11605.753147  19744.360170 -13152.781424   -392.124629  5  8  6  93       
PG11  20094.082154  12904.416698 -11767.303505   -228.576549  5  7  4  76       
PG12 -11505.543615 -12324.685156  20327.372187     97.118815  4  5  6  75       
PG13  -3601.609994 -14694.998667 -21946.106082     24.434673  4  5  4 101       
PG14 -11592.610199  16634.393920  17411.558704     -0.633220  3  6  2  99       
PG15 -14619.648999  -9441.798849 -20468.331075   -219.362770  5  3  7  87       
PG16   1496.870662  24441.727624  -9924.041647   -179.412940  2  6  4  87       
PG17  19271.283023 -14723.547435  11198.582559    291.867259  5  4  4  83       
PG18 -20182.021845   -785.147178 -17277.079172    239.498662  6  5  7  72       
PG19  13500.672586 -15567.278191  16433.944886   -135.588580  4  5  5  79       
PG20 -14819.088027   8923.982700 -20176.591755    527.342836  4  7  6 109       
PG21  -8822.220701  12172.425498 -21161.227649     20.462092  4  7  5  65       
PG22  11068.391304  18478.642313  15842.703091   -773.795022  3  6  4  93       
PG24 -22219.861145 -14918.597847   -119.173589    -15.308960  6  6  4  70       
PG25 -15021.244451   -637.675541  21650.714905     20.414037  4  5  4  90       
PG26  -5010.828123  25690.512969   3691.576737    238.553977  4  9  5  37       
PG27    983.748174  15445.054187 -21685.368209   -339.123308  5  8  4  98       
PG28  12231.150760 -20580.038776 -11078.073587    702.069178  4  5  5  90       
PG29 -24889.473201   2161.113048   9016.548298   -144.304556  1  4  5  74       
PG30  13354.483111  -9055.969102 -21074.651903   -256.632182  4  4  5  82       
PG31  -3667.966872  15878.288422  20841.679095    -53.874237  2  4  5 113       
PG32 -17857.513766  16171.726826  11100.614562    312.577951  5  5  3  90       
*  2020  7  6 18 30  0.00000000
PG01  22012.656552  15189.458796   -483.783316     22.161259  4  5  5  77       
PG02  -6411.638112 -18558.738971  18548.773964   -483.260968  3  5  5  65       
PG03  12380.008796  13647.933198  19100.826317   -231.601487  3  5  3  99       
PG04  20175.368998   3752.548639  16892.081430   -111.495754  7  3  8  91       
PG05  -2259.190910 -26038.579973  -4228.065485    -16.121469  6  4  1  82       
PG06   6547.432979 -13379.517123  22036.873241   -299.401515  4  5  4  85       
PG07  22027.020128   2296.090317 -14697.535244   -321.170457  4  4  4 104       
PG08  10489.308068  11292.654957 -21646.784448    -40.078764  5  6  3 102       
PG09  24543.772788  -6538.303171   7747.103506   -249.066583  5  4  4  77       
PG10 -11653.126888  18082.260126 -15329.263310   -392.134397  6  7  6  91       
PG11  18636.434974  13010.172819 -13967.367005   -228.567364  4  7  4  80       
PG12 -11046.571255 -14572.859367  19083.818204     97.114679  4  5  6  92       
PG13  -1236.305017 -15409.683714 -21705.378492     24.437311  4  6  4 101       
PG14 -13372.413364  17102.433640  15526.511867     -0.630478  3  6  2  90       
PG15 -12658.336509 -10683.855164 -21130.051429   -219.360583  6  3  7 106       
PG16   1109.433260  25351.153812  -7238.945461   -179.417345  3  6  4 104       
PG17  20333.581298 -14962.854589   8600.161209    291.872801  5  4  4  75       
PG18 -21580.225630  -2029.420149 -15383.309275    239.507477  6  6  7  68       
PG19  15262.276889 -16007.782819  14374.371161   -135.583933  4  5  5  81       
PG20 -15013.776504   6579.883904 -20942.561045    527.342842  5  7  6 105       
PG21 -10989.974061  10795.390453 -20875.635344     20.465980  4  7  5  99       
PG22  10829.199709  20144.946952  13835.353342   -773.792882  4  6  4  99       
PG24 -21936.650544 -15090.351623  -2896.494660    -15.308697  6  6  4  86       
PG25 -14790.056037  -3151.936955  21613.148235     20.417701  4  5  5 103       
PG26  -5281.446169  25084.740632   6451.356851    238.560182  4  8  5  34       
PG27  -1231.887115  16393.687353 -20929.399450   -339.132010  5  8  4  95       
PG28  12131.908197 -19092.311556 -13457.090610    702.066008  4  4  5  63       
PG29 -23842.150705   1591.837563  11583.344129   -144.312098  2  4  5  76       
PG30  15214.648208  -7557.049143 -20415.081324   -256.639169  5  5  5 105       
PG31  -5661.742665  14475.106252  21448.132589    -53.876415  2  4  5 107       
PG32 -18975.410698  16421.902996   8555.707769    312.583711  5  5  2  77       
*  2020  7  6 18 45  0.00000000
PG01  21759.635834  15233.059368  -3347.925957     22.165959  4  6  5  56       
PG02  -4516.310948 -17691.769983  19946.298658   -483.266098  3  5  5  83       
PG03  12195.044675  15748.482325  17555.341451   -231.612037  3  5  3  88       
PG04  18430.757812   4790.036852  18540.901244   -111.499968  7  3  8 103       
PG05  -1971.827441 -26348.517002  -1399.769416    -16.121793  5  5  1  74       
PG06   8685.036538 -12070.018948  22057.988153   -299.406308  4  4  4 111       
PG07  23268.330368   3307.374040 -12518.589924   -321.178309  5  5  4 103       
PG08   8324.154690  12520.485382 -21888.039155    -40.080323  4  6  3  98       
PG09  23760.590866  -5807.257482  10324.414171   -249.072569  5  4  4  88       
PG10 -11779.956271  16192.683354 -17237.583624   -392.144252  6  6  6 103       
PG11  16958.577817  13156.754016 -15930.229867   -228.557487  4  7  4  78       
PG12 -10728.241326 -16680.069716  17507.034078     97.110448  4  6  6  93       
PG13   1043.672438 -16233.099200 -21094.841165     24.440492  4  6  4  91       
PG14 -14921.006642  17572.418573  13378.174113     -0.627936  3  6  1  93       
PG15 -10711.814477 -12050.494486 -21439.751514   -219.358058  6  3  6  96       
PG16    807.704256  25969.472442  -4426.839058   -179.421650  3  5  4  77       
PG17  21110.355235 -15132.754174   5855.580863    291.877874  6  5  4  95       
PG18 -22850.553261  -3072.145472 -13225.379515    239.516189  6  6  7  93       
PG19  16763.097529 -16450.012967  12062.264792   -135.579286  4  6  5  81       
PG20 -15326.909720   4184.539143 -21349.589788    527.342485  5  6  6 114       
PG21 -13174.165817   9551.327936 -20204.738096     20.470306  3  7  5 105       
PG22  10657.654450  21584.362939  11594.410042   -773.790817  4  6  4  96       
PG24 -21392.855289 -15127.760685  -5625.206097    -15.307858  6  5  4 102       
PG25 -14691.563025  -5646.022771  21195.965173     20.421330  4  5  6 102       
PG26  -5581.355575  24185.908607   9098.506072    238.566350  4  7  4  28       
PG27  -3302.305093  17413.817228 -19815.486820   -339.140711  4  8  4 103       
PG28  12083.062659 -17339.026173 -15598.114156    702.063008  4  4  5  83       
PG29 -22572.504886    849.689015  13950.659534   -144.319978  3  4  5  82       
PG30  17065.538362  -6204.315743 -19404.165417   -256.646132  4  5  4  96       
PG31  -7760.766031  13151.755422  21682.516028    -53.878876  3  4  5 100       
PG32 -19818.902050  16587.152440   5862.773850    312.589410  5  5  3 109       
*  2020  7  6 19  0  0.00000000
PG01  21230.614330  15137.262217  -6155.818003     22.170633  4  7  5  71       
PG02  -2455.796750 -16872.059120  21018.567755   -483.271258  3  5  5  85       
PG03  12116.045309  17662.504148  15707.417231   -231.622561  4  5  3 108       
PG04  16596.313702   6000.997611  19871.316201   -111.504109  6  4  9  87       
PG05  -1679.097818 -26350.668460   1452.882286    -16.122674  5  6  3  77       
PG06  10874.715965 -10889.896164  21701.349649   -299.411312  4  3  5 104       
PG07  24332.072724   4124.874590 -10125.808323   -321.186576  5  5  4  87       
PG08   6220.520855  13866.896824 -21752.436243    -40.081390  4  7  4 103       
PG09  22778.367756  -4884.984306  12723.820099   -249.078500  6  4  4  89       
PG10 -12012.178269  14112.970883 -18844.600915   -392.154194  6  5  6 109       
PG11  15090.626759  13370.581585 -17624.139981   -228.548053  4  8  4  86       
PG12 -10533.786857 -18601.912951  15625.339479     97.106006  4  6  6 103       
PG13   3196.552717 -17140.474437 -20124.501143     24.443593  4  6  4  96       
PG14 -16219.983110  18005.529718  11002.024939     -0.625340  3  5     76       
PG15  -8818.657780 -13519.803516 -21391.357986   -219.355577  6  3  6 101       
PG16    556.136220  26277.918471  -1536.794831   -179.425972  3  6  5 100       
PG17  21601.736640 -15192.268877   3011.000425    291.882778  6  5  4  90       
PG18 -23950.546236  -3919.482271 -10840.348568    239.524944  6  6  7  98       
PG19  17986.432308 -16853.505429   9538.818086   -135.574955  5  6  5  88       
PG20 -15758.658716   1784.470901 -21391.421898    527.342556  5  6  5 112       
PG21 -15325.219754   8456.730294 -19160.830717     20.474621  4  6  4 106       
PG22  10524.179014  22771.324029   9157.456053   -773.788502  4  6  5  87       
PG24 -20580.521571 -15065.569639  -8259.660081    -15.309341  6  5  4  97       
PG25 -14721.782369  -8069.875344  20407.427791     20.424978  4  6  6 106       
PG26  -5943.973254  23012.039872  11586.861747    238.572535  4  6  4  73       
PG27  -5193.701750  18470.091708 -18361.591330   -339.149437  3  7  4  90       
PG28  12116.868670 -15350.539136 -17461.601198    702.059576  3  4  5  51       
PG29 -21120.577801    -82.330588  16077.587116   -144.327645  4  4  5  79       
PG30  18863.651654  -5011.375820 -18059.911923   -256.653110  4  5  4  93       
PG31  -9925.680308  11937.613003  21542.139309    -53.880900  2  4  5 111       
PG32 -20390.212788  16628.994149   3068.264203    312.595144  5  5  3  79       
*  2020  7  6 19 15  0.00000000
PG01  20417.207044  14940.649178  -8860.486193     22.175335  5  7  5  37       
PG02   -263.171333 -16129.701299  21748.958333   -483.275957  3  5  5  86       
PG03  12117.345301  19353.327881  13589.198503   -231.633112  4  5  3 104       
PG04  14717.998599   7378.591965  20860.429917   -111.508285  6  4  9 111       
PG05  -1344.486931 -26047.322984   4280.185944    -16.123080  5  6  4  94       
PG06  13070.138273  -9858.155399  20973.161472   -299.416072  5  3  4 102       
PG07  25182.378659   4764.197386  -7560.966820   -321.194485  5  5  3  79       
PG08   4219.097658  15303.209299 -21241.526933    -40.082596  4  7  4 108       
PG09  21635.519756  -3759.743126  14903.859065   -249.084459  6  3  4 103       
PG10 -12369.130891  11885.959651 -20122.577864   -392.163898  7  5  6 113       
PG11  13067.775892  13672.887699 -19022.139807   -228.538630  4  8  4 104       
PG12 -10439.341333 -20299.335557  13472.261058     97.101430  5  6  6 101       
PG13   5185.768091 -18100.738180 -18810.477459     24.446397  4  7  4  98       
PG14 -17259.061559  18361.404465   8437.708260     -0.622775  3  5     96       
PG15  -7013.569175 -15063.539065 -20984.582451   -219.353445  6  4  6 106       
PG16    316.682545  26266.820423   1380.374436   -179.430631  3  5  5  62       
PG17  21816.602950 -15102.365654    114.755648    291.887854  6  5  4  82       
PG18 -24841.254620  -4585.456892  -8269.167229    239.533689  6  6  7  77       
PG19  18924.858746 -17176.853813   6848.744466   -135.570209  5  5  5  98       
PG20 -16301.590404   -574.380753 -21068.021184    527.342718  5  5  5 107       
PG21 -17392.769155   7519.615401 -17763.560065     20.478937  3  5  4  83       
PG22  10395.777491  23687.390446   6565.445006   -773.786490  5  6  5  94       
PG24 -19499.529336 -14940.183067 -10755.881843    -15.311261  6  4  4  96       
PG25 -14868.668050 -10375.679256  19262.356435     20.428632  5  6  7 105       
PG26  -6399.033878  21589.018828  13873.110847    238.578701  3  5  5  98       
PG27  -6879.301830  19522.574426 -16591.626312   -339.158186  3  7  4 101       
PG28  12260.090268 -13164.813491 -19012.676968    702.055677  4  4  5  81       
PG29 -19530.514877  -1213.210450  17927.321905   -144.335396  4  4  5  96       
PG30  20564.998655  -3983.941473 -16405.968019   -256.660119  4  6  3 105       
PG31 -12113.149589  10855.049114  21030.812063    -53.882990  2  3  5 114       
PG32 -20700.022073  16511.435240    220.530406    312.600887  6  4  2 105       
*  2020  7  6 19 30  0.00000000
PG01  19319.565535  14683.482893 -11416.824714     22.180075  5  8  5  67       
PG02   2023.518164 -15488.879829  22126.153331   -483.281231  2  5  4  91       
PG03  12167.858643  20790.968555  11237.402458   -231.643621  5  6  4  93       
PG04  12840.905412   8907.836677  21491.188741   -111.512441  6  5  9 106       
PG05   -932.936739 -25449.608230   7032.727771    -16.124035  4  6  4 103       
PG06  15222.932522  -8985.647731  19885.949738   -299.420861  5  3  4 106       
PG07  25788.647198   5247.690591  -4868.286332   -321.202339  6  5  3  73       
PG08   2355.219743  16794.487815 -20363.372798    -40.082998  3  7  4 110       
PG09  20373.600524  -2427.700763  16826.816997   -249.090403  6  3  4 107       
PG10 -12862.681571   9558.449654 -21049.663011   -392.173709  7  6  6 120       
PG11  10929.085420  14078.859233 -20102.382285   -228.529192  4  8  5  99       
PG12 -10415.048474 -21739.978276  11085.877159     97.097195  4  7  6 111       
PG13   6981.166351 -19077.674392 -17174.763497     24.449468  4  7  4  89       
PG14 -18036.378733  18599.771434   5728.437996     -0.620277  3  5     89       
PG15  -5326.217485 -16648.024345 -20224.998058   -219.351068  6  5  6 100       
PG16     50.519060  25936.033197   4273.064836   -179.434624  3  5  6  43       
PG17  21772.199573 -14827.638320  -2783.425552    291.893492  6  5  4  80       
PG18 -25488.723613  -5091.221981  -5555.980004    239.542440  6  6  6  70       
PG19  19580.296938 -17379.459326   4039.419847   -135.565464  6  5  4  90       
PG20 -16940.941289  -2848.211911 -20385.525825    527.342536  5  5  6 117       
PG21 -19327.637223   6739.366195 -16039.458048     20.483398  3  4  5 101       
PG22  10237.433181  24321.853422   3862.062290   -773.784492  5  6  5  86       
PG24 -18157.707913 -14788.165354 -13072.236579    -15.310385  6  4  5  96       
PG25 -15112.679645 -12519.529713  17781.786952     20.432330  5  7  7 113       
PG26  -6971.232664  19949.649832  15917.569474    238.584851  3  4  5 109       
PG27  -8340.240145  20528.254632 -14535.123421   -339.166955  3  6  4 111       
PG28  12532.720345 -10826.133221 -20221.935316    702.052694  4  5  5  54       
PG29 -17848.909946  -2543.379371  19467.807971   -144.343250  4  4  5  89       
PG30  22126.687128  -3119.812049 -14471.179534   -256.667051  3  6  3  92       
PG31 -14277.388150   9918.722590  20158.682423    -53.885156  2  3  5 115       
PG32 -20766.924158  16202.533242  -2631.026444    312.606641  6  4  3 102       
*  2020  7  6 19 45  0.00000000
PG01  17946.473553  14406.066582 -13782.276451     22.184750  6  8  5  96       
PG02   4362.449072 -14967.037643  22144.258387   -483.286428  2  5  4  83       
PG03  12232.424288  21953.117721   8692.669016   -231.654181  5  6  4  80       
PG04  11007.637215  10566.014316  21752.676751   -111.516628  5  6  9  96       
PG05   -412.443636 -24577.079492   9662.287788    -16.124704  4  5  3 100       
PG06  17284.390523  -8274.779289  18458.348275   -299.425633  4  3  4  97       
PG07  26126.642400   5603.339212  -2093.671874   -321.210359  6  5  3  88       
PG08    657.651183  18300.785382 -19132.458109    -40.084419  3  6  4 108       
PG09  19035.703473   -893.292163  18459.390340   -249.096311  6  3  4  94       
PG10 -13496.667998   7179.527345 -21610.255441   -392.183466  8  6  6 111       
PG11   8716.158133  14597.027137 -20848.360475   -228.519433  4  8  5 100       
PG12 -10426.405989 -22899.254472   8508.092951     97.092650  4  7  6  90       
PG13   8559.984965 -20031.292219 -15244.891263     24.452579  4  7  4  92       
PG14 -18558.468986  18682.118523   2920.320682     -0.617795  3  4     76       
PG15  -3780.254859 -18235.264069 -19124.036402   -219.348556  6  6  5  91       
PG16   -280.184331  25294.996066   7089.868560   -179.439051  3  4  6           
PG17  21493.440763 -14337.887632  -5633.265661    291.898498  6  5  4  73       
PG18 -25865.301368  -5464.040757  -2747.372091    239.551195  6  7  5  43       
PG19  19963.708261 -17423.241568   1159.993263   -135.560930  6  5  4  80       
PG20 -17655.180067  -4996.816588 -19356.104653    527.342737  5  5  6  96       
PG21 -21083.762538   6106.969579 -14021.294176     20.487771  3  4  5  39       
PG22  10013.598520  24672.064859   1093.034907   -773.782318  5  6  6  75       
PG24 -16570.671940 -14644.748958 -15170.058740    -15.310046  7  4  5  84       
PG25 -15427.656510 -14462.932838  15992.516395     20.436016  6  7  7 117       
PG26  -7679.078017  18132.454877  17684.888889    238.591015  3  2  4 107       
PG27  -9566.144919  21442.707103 -12226.790468   -339.175702  3  5  4  71       
PG28  12946.976889  -8383.533957 -21066.141813    702.049578  4  5  5  99       
PG29 -16123.064970  -4064.489173  20672.304614   -144.350821  5  3  5 105       
PG30  23508.467310  -2409.165053 -12289.069742   -256.674011  3  6  3 110       
PG31 -16371.772845   9135.192843  18941.971370    -53.887482  2  3  5 123       
PG32 -20616.584505  15675.814118  -5436.833992    312.612339  6  4  3  89       
*  2020  7  6 20  0  0.00000000
PG01  16315.137693  14147.119630 -15917.470918     22.189427  6  8  5 105       
PG02   6709.343622 -14574.290436  21802.866059   -483.291370  3  5  3  83       
PG03  12273.312845  22825.844298   5998.850057   -231.664693  6  7  5  78       
PG04   9256.791890  12323.389297  21640.307306   -111.520817  5  6  8 109       
PG05    244.459672 -23456.982345  12122.729822    -16.125262  3  4  3  98       
PG06  19207.188402  -7719.554094  16714.783842   -299.430447  4  3  4 103       
PG07  26179.351400   5863.470797    716.043179   -321.218378  6  5  3  72       
PG08   -852.373905  19778.603225 -17569.485108    -40.086215  3  6  5 116       
PG09  17664.815208    830.740732  19773.273225   -249.102241  5  3  5 114       
PG10 -14266.672210   4798.813507 -21795.247208   -392.193232  8  7  6 117       
PG11   6471.752254  15228.915706 -21249.056179   -228.510044  4  7  5 109       
PG12 -10435.785753 -23761.124671   5783.863112     97.088105  4  7  6  81       
PG13   9907.547966 -20919.360171 -13053.500355     24.455376  4  6  4  63       
PG14 -18839.924805  18573.329902     61.601662     -0.615178  3  4     81       
PG15  -2392.550946 -19784.243779 -17698.899194   -219.346483  5  7  5  83       
PG16   -710.518745  24362.407500   9780.574897   -179.442974  3  4  6  32       
PG17  21011.907699 -13609.532650  -8384.825293    291.903942  5  5  4  86       
PG18 -25950.717738  -5736.036148    108.425706    239.559942  7  7  4  79       
PG19  20094.449460 -17274.240539  -1739.512909   -135.556086  6  5  4  74       
PG20 -18416.835485  -6984.903954 -17997.720122    527.343073  5  5  6 111       
PG21 -22619.976469   5605.637351 -11747.275051     20.491893  2  3  5  73       
PG22   9689.721892  24743.477497  -1694.602005   -773.780157  6  5  6  74       
PG24 -14761.384098 -14542.403220 -17014.238331    -15.309976  7  4  6  92       
PG25 -15781.956863 -16174.081174  13926.551475     20.439722  6  8  7 118       
PG26  -8534.000310  16180.259936  19144.674369    238.597169  3  3  4 105       
PG27 -10555.395537  22221.839539  -9705.963741   -339.184473  4  5  4  84       
PG28  13506.629874  -5889.012720 -21528.812306    702.046174  4  6  5 102       
PG29 -14399.231807  -5759.543389  21519.861531   -144.358469  5  3  6 113       
PG30  24674.180091  -1835.141198  -9897.248211   -256.681009  3  6  3 110       
PG31 -18350.476130   8502.855579  17402.613243    -53.889727  2  3  4 121       
PG32 -20280.623557  14911.487477  -8148.037321    312.618073  6  3  3  89       
*  2020  7  6 20 15  0.00000000
PG01  14450.682035  13942.225546 -17786.813814     22.194114  7  8  5  98       
PG02   9018.873627 -14313.098644  21107.068358   -483.296538  3  5  3  89       
PG03  12251.835082  23403.981037   3202.250444   -231.675253  7  7  5  82       
PG04   7621.609924  14144.203455  21155.907679   -111.524984  5  7  8 102       
PG05   1059.400345 -22123.217397  14370.857913    -16.126063  1  3  3 105       
PG06  20947.064548  -7305.946854  14685.066151   -299.435267  3  3  3  90       
PG07  25937.578689   6063.324377   3513.838116   -321.226093  7  5  3  63       
PG08  -2161.815924  21182.513122 -15701.052409    -40.086368  3  5  4 108       
PG09  16302.184149   2723.635190  20745.658452   -249.108124  5  3  5 116       
PG10 -15160.134604   2464.705970 -21602.141409   -392.202978  8  8  5 112       
PG11   4238.378360  15968.957144 -21299.013176   -228.500443  4  7  5 104       
PG12 -10404.067368 -24318.542631   2960.379039     97.083642  4  6  5  83       
PG13  11017.657480 -21699.047580 -10637.816061     24.458677  4  6  4  70       
PG14 -18902.744029  18243.226034  -2798.155543     -0.612970  4  4  1  80       
PG15  -1172.675793 -21252.371251 -15972.379388   -219.344002  5  7  4  97       
PG16  -1271.195298  23165.526245  12297.159128   -179.447153  3  3  6  87       
PG17  20364.575722 -12626.790772 -10989.420111    291.909037  5  5  4  96       
PG18 -25732.892268  -5942.753556   2962.360851    239.568675  8  7  4 100       
PG19  19999.315181 -16904.047616  -4609.094163   -135.551672  6  4  4  91       
PG20 -19193.556646  -8783.224491 -16333.803737    527.342816  5  6  6 102       
PG21 -23901.550087   5211.771026  -9260.124465     20.496300  2  3  6  73       
PG22   9233.754426  24549.390968  -4453.272941   -773.778005  6  5  6  59       
PG24 -12759.459841 -14509.513526 -18573.759143    -15.311087  7  4  6 111       
PG25 -16139.811292 -17628.858520  11620.475396     20.443386  7  8  7 108       
PG26  -9539.751988  14138.627813  20272.005670    238.603333  3  3  3 109       
PG27 -11315.039283  22823.659347  -7015.960396   -339.193225  4  4  3  72       
PG28  14206.697818  -3395.593133 -21600.642695    702.042682  5  6  5 108       
PG29 -12720.904286  -7603.367928  21995.693848   -144.366247  5  3  6  93       
PG30  25593.054792  -1374.698169  -7336.760645   -256.688011  3  6  3 106       
PG31 -20170.058663   8012.197588  15567.813665    -53.891786  3  3  5 113       
PG32 -19795.272167  13897.408261 -10717.380176    312.623801  6  3  4  94       
*  2020  7  6 20 30  0.00000000
PG01  12385.365078  13822.405927 -19359.023605     22.198843  7  7  5  99       
PG02  11246.106941 -14178.208709  20067.417156   -483.301663  3  5  2  84       
PG03  12129.989528  23691.184236    350.834153   -231.685810  7  7  5  66       
PG04   6128.836878  15987.913976  20307.694969   -111.529193  4  8  8 113       
PG05   2047.095230 -20615.048210  16367.219841    -16.126817     3  2  91       
PG06  22464.391003  -7012.591057  12403.888933   -299.440067  2  3  3  97       
PG07  25400.262016   6239.536568   6253.223214   -321.233968  7  5  3  22       
PG08  -3266.170707  22466.879056 -13559.219423    -40.086985  3  5  5  90       
PG09  14985.768038   4757.209354  21359.642840   -249.114078  5  3  5 113       
PG10 -16156.800366    222.686604 -21035.046793   -392.212785  9  9  5 110       
PG11   2056.926671  16804.668487 -20998.340567   -228.490727  5  7  5  99       
PG12 -10292.319315 -24573.561787     86.237048     97.079275  4  6  5  70       
PG13  11892.663000 -22328.611396  -8039.042699     24.461589  4  6  4  93       
PG14 -18775.382554  17667.941829  -5608.943903     -0.610057  4  4  2  83       
PG15   -122.655744 -22597.011049 -13972.587210   -219.341761  5  7  4  99       
PG16  -1987.081544  21739.125713  14594.732875   -179.451451  3  2  6 105       
PG17  19592.315624 -11382.570603 -13400.547884    291.914305  5  6  4  87       
PG18 -25208.440061  -6121.593168   5765.397892    239.577456  9  7  4  65       
PG19  19711.313488 -16291.012096  -7399.629417   -135.547155  6  4  4  95       
PG20 -19949.364960 -10369.465935 -14392.850334    527.342879  5  6  7 101       
PG21 -24901.443559   4896.215055  -6606.081471     20.500733  2  3  6  84       
PG22   8617.579395  24110.409749  -7135.653706   -773.775820  6  5  6  52       
PG24 -10600.237467 -14569.217052 -19822.183880    -15.311001  7  3  6 112       
PG25 -16462.832946 -18811.540484   9114.749439     20.447075  7  8  7  87       
PG26 -10692.121796  12054.200913  21047.850542    238.609496  2  4  4 120       
PG27 -11860.365232  23209.988730  -4203.339592   -339.201999  4  4  3  53       
PG28  15033.535203   -955.332575 -21279.770604    702.039426  5  6  6 108       
PG29 -11127.227095  -9563.406956  22091.449686   -144.373831  5  3  6 100       
PG30  26240.809476   -999.698147  -4651.390961   -256.694944  3  6  4  81       
PG31 -21790.963840   7646.354303  13469.536353    -53.894365  4  4  5 112       
PG32 -19199.852461  12629.744250 -13100.060597    312.629428  6  3  4 102       
*  2020  7  6 20 45  0.00000000
PG01  10157.545947  13812.869723 -20607.610673     22.203511  7  7  5  99       
PG02  13347.951857 -14156.867342  18699.830616   -483.306671  3  4  2  84       
PG03  11872.085620  23699.666699  -2506.590986   -231.696352  8  8  5  70       
PG04   4797.843951  17810.627102  19110.143196   -111.533400  4  8  7 115       
PG05   3214.560158 -18975.604776  18076.839572    -16.128016  1  2  2 112       
PG06  23725.579222  -6811.755980   9910.249589   -299.444871     3  4  95       
PG07  24574.504813   6428.599279   8888.929114   -321.242155  7  4  4  87       
PG08  -4169.470727  23587.610163 -11180.962478    -40.087614  3  5  5  93       
PG09  13748.821046   6896.757284  21604.529182   -249.119949  4  4  5 116       
PG10 -17229.477428  -1886.241800 -20104.552502   -392.222413  9  9  4 113       
PG11    -34.631584  17717.080258 -20352.651208   -228.481641  5  6  5 105       
PG12 -10063.461898 -24537.104258  -2789.397066     97.074773  4  6  5  80       
PG13  12543.203434 -22769.063606  -5301.680233     24.464663  3  5  4  83       
PG14 -18491.544419  16831.082056  -8321.225607     -0.607707  4  4  3  89       
PG15    762.982192 -23777.057724 -11732.577800   -219.339337  4  7  3  87       
PG16  -2875.981375  20124.145451  16632.430172   -179.455751  3  3  6 111       
PG17  18738.225700  -9879.031750 -15574.804018    291.919260  5  6  4 100       
PG18 -24382.855628  -6310.172844   8469.358007    239.586212  9  7  6  49       
PG19  19268.227942 -15421.180560 -10063.706056   -135.542559  6  5  4  96       
PG20 -20646.050626 -11728.888437 -12207.938184    527.343065  5  6  7  89       
PG21 -25601.209853   4625.729977  -3833.854774     20.504669  1  3  6  12       
PG22   7818.308308  23453.629757  -9695.475275   -773.773435  7  5  6  56       
PG24  -8323.644445 -14738.436412 -20738.081051    -15.310487  7  3  6 119       
PG25 -16711.622246 -19715.170148   6452.965704     20.450710  7  8  6  72       
PG26 -11978.972721   9973.020202  21459.365472    238.615621     5  5 112       
PG27 -12214.147750  23348.057047  -1317.084249   -339.210853  3  5  4  78       
PG28  15965.312088   1382.637054 -20571.855869    702.036264  6  6  6 114       
PG29  -9651.583548 -11600.814367  21805.364827   -144.381732  5  4  6 105       
PG30  26600.514481   -678.186070  -1886.926977   -256.701901  2  6  4  69       
PG31 -23178.861861   7381.943436  11143.930164    -53.896207  5  4  5  99       
PG32 -18535.145455  11113.320712 -15254.543166    312.635156  6  4  4  96       
*  2020  7  6 21  0  0.00000000
PG01   7810.434741  13931.981449 -21511.294657     22.208201  7  6  5  99       
PG02  15284.554915 -14229.305497  17025.442559   -483.311742  3  4  1  44       
PG03  11446.280264  23449.616270  -5321.196540   -231.706844  8  8  5  80       
PG04   3640.040205  19566.673367  17583.743208   -111.537611  5  9  7  96       
PG05   4560.632741 -17250.243843  19469.862246    -16.128534  1  3  1 102       
PG06  24704.267093  -6670.575248   7246.796182   -299.449651  2  4  4  64       
PG07  23475.329102   6665.342456  11377.562571   -321.249786  6  4  4  99       
PG08  -4883.944383  24503.874443  -8607.531244    -40.088589  3  5  5  82       
PG09  12618.675775   9102.203667  21476.018950   -249.125785  4  4  5 111       
PG10 -18345.072852  -3826.929583 -18827.488948   -392.232138  9 10  4  99       
PG11  -2002.428345  18681.399290 -19372.939424   -228.471770  5  6  5  90       
PG12  -9683.848703 -24228.407198  -5617.612989     97.070665  5  5  5  90       
PG13  12987.629648 -22985.754166  -2472.774042     24.467636  3  4  4  76       
PG14 -18088.753695  15724.600195 -10886.863952     -0.604726  4  4  3 101       
PG15   1496.872247 -24754.489141  -9289.878982   -219.336978  4  7  3  84       
PG16  -3947.713278  18366.097987  18374.205447   -179.460121  4  4  6 107       
PG17  17845.861173  -8127.778467 -17472.761943    291.924992  5  6  5  99       
PG18 -23270.367151  -6544.685329  11027.745041    239.594944 10  7  7  47       
PG19  18711.026116 -14288.938004 -12556.392052   -135.537550  6  5  4  89       
PG20 -21244.661760 -12854.677792  -9816.182311    527.342936  5  6  7  84       
PG21 -25991.524999   4364.609217   -993.570214     20.508967     3  7  52       
PG22   6819.391482  22611.580956 -12088.326844   -773.771432  7  5  6  53       
PG24  -5972.897650 -15027.146473 -21305.388291    -15.310519  7  2  6  94       
PG25 -16847.402154 -20341.601467   3681.066984     20.454385  7  7  6  55       
PG26 -13380.600012   7938.886551  21500.080571    238.621683     6  6 118       
PG27 -12405.586429  23211.902666   1592.281567   -339.219660  3  5  3  10       
PG28  16972.866698   3573.943492 -19489.974243    702.032944  6  5  5  88       
PG29  -8320.417404 -13671.799406  21142.301104   -144.389399  5  4  6 103       
PG30  26663.188844   -375.809168    909.598973   -256.708886  2  5  4  81       
PG31 -24305.797692   7190.139134   8630.707227    -53.898434  5  5  5  97       
PG32 -17841.711685   9361.626858 -17143.310912    312.640882  6  4  5  91       
*  2020  7  6 21 15  0.00000000
PG01   5390.668838  14190.485219 -22054.355367     22.212854  7  6  5 109       
PG02  17020.607631 -14369.481541  15070.390571   -483.317175  3  4  2  79       
PG03  10825.969446  22968.323806  -8044.951580   -231.717345  8  7  5  89       
PG04   2658.598961  21210.264420  15754.658846   -111.541826  5  9  6 103       
PG05   6075.829154 -15484.833562  20522.097550    -16.129058  2  3  1 113       
PG06  25382.242125  -6552.480058   4459.111741   -299.454479  3  4  4  86       
PG07  22125.161227   6981.492857  13678.224975   -321.257863  6  4  4 103       
PG08  -5429.345438  25179.703320  -5883.716833    -40.090126  3  5  4  67       
PG09  11615.767793  11329.474140  20976.291901   -249.131668  3  4  5 114       
PG10 -19465.864060  -5571.214660 -17226.582805   -392.241854  9 10  4  87       
PG11  -3817.732206  19667.881924 -18075.401258   -228.461933  5  5  5  92       
PG12  -9124.708062 -23674.172818  -8350.557795     97.066042  5  5  5  62       
PG13  13251.127752 -22949.806567    398.890384     24.470438  2  4  3  87       
PG14 -17606.763740  14349.357019 -13260.053049     -0.602464  5  3  3  97       
PG15   2098.183926 -25495.839305  -6685.920164   -219.334842  4  7  2  79       
PG16  -5203.527766  16513.300882  19789.522649   -179.464327  4  4  6 114       
PG17  16957.434790  -6149.669466 -19059.793743    291.929455  5  6  5 112       
PG18 -21893.466216  -6858.313880  13396.543908    239.603707 10  6  8  79       
PG19  18082.178155 -12897.332015 -14835.945222   -135.533318  6  5  5 102       
PG20 -21707.031365 -13748.005589  -7258.128824    527.343123  5  6  7  58       
PG21 -26072.337494   4076.360588   1864.255635     20.512806     3  6  89       
PG22   5611.496611  21620.963316 -14272.443924   -773.769189  7  5  6  91       
PG24  -3593.080971 -15437.902480 -21513.706502    -15.309771  7  2  5 109       
PG25 -16833.620895 -20701.215832    846.548829     20.458044  7  7  6  35       
PG26 -14870.392800   5991.827901  21169.968100    238.627924  2  6  7 104       
PG27 -12468.983054  22783.523076   4473.621766   -339.228422  2  5  4  76       
PG28  18020.892006   5580.597491 -18054.326629    702.029663  5  5  6 108       
PG29  -7152.334740 -15729.174846  20113.667302   -144.397066  5  4  6  93       
PG30  26428.109145    -57.323765   3690.683306   -256.715880  2  5  5  86       
PG31 -25151.105196   7037.943736   5972.482465    -53.900622  6  5  4  85       
PG32 -17158.233150   7396.482760 -18733.541346    312.646705  6  4  5  98       
*  2020  7  6 21 30  0.00000000
PG01   2946.762870  14591.013544 -22226.912467     22.217457  6  5  5 105       
PG02  18526.518593 -14546.065500  12865.537925   -483.322207  3  5  2  43       
PG03   9990.982379  22289.055109 -10631.422926   -231.727928  8  7  5  82       
PG04   1848.508812  22697.168097  13654.284549   -111.546022  5  9  5  95       
PG05   7742.541050 -13724.032986  21215.450179    -16.129664  2  3  2 100       
PG06  25750.065393  -6418.782269   1594.946953   -299.459277  4  4  5  65       
PG07  20553.070480   7404.356323  15753.090887   -321.265663  6  4  4 101       
PG08  -5831.978719  25585.420797  -3057.045684    -40.091258  3  6  5  71       
PG09  10752.940805  13532.028538  20113.970870   -249.137552  3  4  6 106       
PG10 -20550.952931  -7098.777168 -15330.015737   -392.251637 10 10  4  93       
PG11  -5457.799599  20642.888323 -16481.199515   -228.452651  6  4  5 101       
PG12  -8363.392639 -22907.458374 -10942.203781     97.061803  6  4  4  89       
PG13  13364.575564 -22639.347869   3263.634272     24.473417  2  3  3  42       
PG14 -17085.868543  12715.328003 -15398.222215     -0.600041  5  3  3  85       
PG15   2591.725802 -25973.530331  -3965.366310   -219.332323  4  7  3  94       
PG16  -6635.888662  14615.011641  20853.918763   -179.468217  3  5  6 106       
PG17  16112.066266  -3974.243360 -20306.806519    291.935078  5  7  5 109       
PG18 -20282.130529  -7279.768190  15534.977668    239.612494 10  6  9  84       
PG19  17423.950060 -11258.073510 -16864.452022   -135.529002  6  6  5 111       
PG20 -21997.286161 -14417.795416  -4577.098439    527.342821  6  6  7  45       
PG21 -25852.648222   3725.375675   4689.687956     20.516952  1  4  6  52       
PG22   4193.116781  20521.222410 -16209.466475   -773.767166  7  5  6  77       
PG24  -1229.648515 -15965.649432 -21358.518954    -15.310160  6  3  5 103       
PG25 -16637.462167 -20812.329150  -2002.342306     20.461688  7  7  5  55       
PG26 -16415.771027   4166.730411  20475.396525    238.634115  4  7  8 108       
PG27 -12442.208559  22053.721698   7276.143670   -339.237166  3  5  4  91       
PG28  19069.399835   7372.330736 -16291.774081    702.026258  5  5  5 111       
PG29  -6157.520908 -17724.047884  18737.223554   -144.405071  5  4  6 104       
PG30  25902.820746    311.867373   6409.127346   -256.722873  3  5  5  63       
PG31 -25702.058449   6889.608624   3214.084062    -53.903124  6  5  4  97       
PG32 -16519.943919   5247.379572 -19997.692892    312.652465  6  4  5  91       
*  2020  7  6 21 45  0.00000000
PG01    527.484742  15127.901018 -22025.128852     22.222130  6  5  5  96       
PG02  19779.409312 -14723.638495  10446.124052   -483.327579  4  5  2  82       
PG03   8928.533288  21449.710499 -13036.545429   -231.738516  8  7  5 103       
PG04   1196.947133  23986.337382  11318.711358   -111.550222  5  9  5  85       
PG05   9535.564125 -12009.636726  21538.229139    -16.130014  3  3  3 111       
PG06  25807.371937  -6230.346609  -1296.586704   -299.464118  5  4  4  37       
PG07  18793.787597   7955.666462  17567.944231   -321.273525  5  4  5 101       
PG08  -6123.461341  25698.837713   -176.915563    -40.092493  3  6  4  60       
PG09  10035.059415  15662.497861  18903.972146   -249.143429  3  4  6 107       
PG10 -21557.844655  -8397.685752 -13170.897697   -392.261330 10 10  4  75       
PG11  -6906.517368  21570.083821 -14616.174892   -228.443032  6  3  5  81       
PG12  -7384.393458 -21966.350793 -13349.072807     97.057500  6  4  4 102       
PG13  13363.175852 -22040.482413   6071.758858     24.476506  3  3  3  46       
PG14 -16565.187226  10841.443642 -17262.891141     -0.597276  5  3  3  93       
PG15   3006.808713 -26167.006032  -1175.364359   -219.330133  4  6  3  62       
PG16  -8228.625688  12719.546766  21549.429538   -179.472382  4  4  6 103       
PG17  15344.158235  -1638.777273 -21190.871328    291.940219  5  7  5 115       
PG18 -18472.768921  -7831.997968  17406.210246    239.621306  9  6  9 109       
PG19  16776.735104  -9391.219405 -18608.390435   -135.524388  6  6  6 117       
PG20 -22083.282037 -14880.204484  -1818.487775    527.342642  6  6  7  83       
PG21 -25349.948425   3278.516359   7434.270733     20.521203  2  4  6  81       
PG22   2570.879019  19353.018370 -17865.151485   -773.764678  7  5  6  73       
PG24   1073.094951 -16597.823681 -20841.329351    -15.310044  6  3  4 104       
PG25 -16231.208081 -20700.317506  -4817.402364     20.465345  7  6  6  58       
PG26 -17979.359047   2492.184329  19428.974107    238.640290  6  7  8 114       
PG27 -12365.023121  21022.612304   9950.357793   -339.245957  3  5  4  79       
PG28  20075.392033   8927.589155 -14235.216073    702.023174  5  5  5 110       
PG29  -5337.495097 -19607.588153  17036.772472   -144.412707  4  4  6 106       
PG30  25102.852008    764.204536   9018.805660   -256.729960  3  5  5  82       
PG31 -25954.240612   6708.151665    401.843703    -53.905058  7  5  4  87       
PG32 -15957.212853   2950.519329 -20913.990228    312.658191  6  4  5  97       
*  2020  7  6 22  0  0.00000000
PG01  -1819.786587  15787.313367 -21451.332405     22.226737  6  5  5  93       
PG02  20763.895384 -14864.073514   7851.338459   -483.332756  5  5  3  80       
PG03   7633.895199  20491.323270 -15219.350882   -231.749126  8  6  5 102       
PG04    683.961555  25041.430385   8788.109967   -111.554438  6  9  4  78       
PG05  11422.935838 -10379.051722  21485.330914    -16.130938  4  4  4 108       
PG06  25562.835413  -5949.287572  -4165.850441   -299.468904  6  5  5  80       
PG07  16886.536172   8650.637284  19092.669879   -321.281481  5  4  5 107       
PG08  -6339.270257  25506.161147   2706.308087    -40.093409  3  6  4  76       
PG09   9458.944258  17674.361527  17367.244064   -249.149282  3  3  6  97       
PG10 -22444.089579  -9464.619216 -10786.666453   -392.271062 10 10  4  65       
PG11  -8154.816122  22411.749191 -12510.503658   -228.433529  6  2  5  65       
PG12  -6180.083964 -20892.477018 -15530.909203     97.053331  6  3  4 102       
PG13  13284.919522 -21147.967901   8774.428764     24.479326  3  3  3  57       
PG14 -16080.995814   8755.063276 -18820.452097     -0.594883  5  3  3  98       
PG15   3375.909472 -26063.615308   1635.286791   -219.327815  4  6  4  50       
PG16  -9957.448581  10872.465662  21864.870277   -179.476799  4  4  7 112       
PG17  14681.972195    812.985930 -21695.724130    291.945781  5  7  5 113       
PG18 -16506.928680  -8531.134762  18977.982654    239.630152  9  6 10 114       
PG19  16177.483426  -7324.553573 -20039.113326   -135.519967  7  6  6 120       
PG20 -21937.913331 -15157.840023    970.962623    527.342917  5  6  7  95       
PG21 -24589.356085   2706.556858  10051.833221     20.525500  3  5  6  89       
PG22    759.535855  18156.647481 -19210.024295   -773.762727  7  5  6  90       
PG24   3273.482619 -17314.747943 -19969.712869    -15.311102  6  3  4 101       
PG25 -15593.406885 -20396.498661  -7551.243450     20.468988  7  6  6  96       
PG26 -19520.348634    989.586061  18049.287873    238.646507  7  7  9 105       
PG27 -12277.319980  19699.756601  12449.019173   -339.254641  3  5  4 103       
PG28  20994.658742  10234.141210 -11922.835557    702.019650  5  5  5 106       
PG29  -4685.211660 -21332.803984  15041.742420   -144.420508  5  4  6  93       
PG30  24051.142605   1328.543615  11475.416162   -256.736979  3  5  5  69       
PG31 -25911.620271   6456.916551  -2417.125220    -53.907583  7  5  4  78       
PG32 -15494.335322    547.592961 -21466.799522    312.663974  6  5  5  90       
*  2020  7  6 22 15  0.00000000
PG01  -4050.664058  16547.691974 -20514.050801     22.231347  6  5  5  91       
PG02  21472.619025 -14928.055813   5123.813902   -483.338180  5  5  3  98       
PG03   6110.770413  19456.453873 -17142.644922   -231.759696  7  6  4 113       
PG04    283.432723  25832.162366   6106.041070   -111.558646  6  9  3  88       
PG05  13367.046885  -8863.966793  21058.294843    -16.131602  5  4  4 105       
PG06  25033.797463  -5540.625266  -6963.524616   -299.473728  7  5  5  84       
PG07  14873.715286   9497.251191  20301.698114   -321.289201  4  5  5  98       
PG08  -6517.136308  25002.580921   5542.215946    -40.095730  2  6  5 108       
PG09   9013.631468  19523.599843  15530.398509   -249.155184  3  3  6  78       
PG10 -23168.925006 -10304.759792  -8218.425509   -392.280791 10 10  5  55       
PG11  -9200.839959  23130.158297 -10198.301736   -228.424194  6  2  5  54       
PG12  -4751.169799 -19729.405733 -17451.294590     97.048785  5  3  4 112       
PG13  13168.939586 -19965.564143  11324.548242     24.482358  4  4  2  76       
PG14 -15665.179712   6491.100031 -20042.856763     -0.592319  5  3  3  94       
PG15   3733.186694 -25659.202030   4417.027847   -219.325729  4  5  4  72       
PG16 -11790.796665   9114.895386  21795.969485   -179.481147  6  4  7 114       
PG17  14146.469781   3332.389741 -21812.121947    291.950571  5  7  5 115       
PG18 -14429.814391  -9385.703836  20223.171637    239.638937  8  6 10 117       
PG19  15658.284676  -5092.692341 -21133.250165   -135.515443  7  6  6 124       
PG20 -21540.247413 -15278.739133   3743.924064    527.342700  6  6  7 111       
PG21 -23602.500328   1985.430688  12499.196946     20.529662  3  6  5  97       
PG22  -1218.365172  16970.478948 -20219.953276   -773.760395  6  4  6  91       
PG24   5333.889205 -18090.310691 -18757.274497    -15.313347  6  3  3 116       
PG25 -14709.805700 -19936.814084 -10158.038524     20.472633  6  5  6  60       
PG26 -20995.997643   -327.472559  16360.545338    238.652747  8  7  9 103       
PG27 -12217.367687  18103.926706  14728.027385   -339.263350  4  6  4 105       
PG28  21783.619375  11289.281436  -9397.238839    702.015953  6  5  5 101       
PG29  -4185.503573 -22856.257625  12786.670485   -144.428068  5  4  6  90       
PG30  22777.207118   2028.864783  13737.201852   -256.743971  3  5  4  65       
PG31 -25586.334817   6101.118715  -5195.653838    -53.909643  7  5  3  55       
PG32 -15148.581737  -1915.654318 -21646.887236    312.669732  6  5  6  87       
*  2020  7  6 22 30  0.00000000
PG01  -6125.258538  17380.503240 -19227.954151     22.236002  5  4  4  74       
PG02  21906.505195 -14876.693718   2309.036107   -483.343158  6  6  3  92       
PG03   4371.343581  18387.540250 -18773.622157   -231.770303  7  6  4 111       
PG04    -35.719328  26335.437147   3318.704744   -111.562867  6  9  4  79       
PG05  15325.979999  -7489.266696  20265.232205    -16.132204  5  4  5 105       
PG06  24245.575084  -4973.835634  -9641.454037   -299.478529  7  5  5  93       
PG07  12799.476005  10495.806929  21174.398993   -321.297064  4  5  5 112       
PG08  -6695.351574  24192.508850   8281.278672    -40.097416  3  6  4  65       
PG09   8680.945553  21170.257533  13425.242141   -249.161062  3  2  6  89       
PG10 -23694.855056 -10931.366565  -5510.232822   -392.290416 10 10  5  80       
PG11 -10049.864871  23688.979045  -7717.174680   -228.414392  6  3  5           
PG12  -3106.830435 -18520.998698 -19078.199160     97.044405  5  3  4 119       
PG13  13053.821852 -18506.037762  13677.612636     24.485520  4  4  2  88       
PG14 -15343.875859   4090.831147 -20908.187774     -0.589909  6  3  3 102       
PG15   4112.908943 -24958.369383   7120.473743   -219.323198  4  4  4  87       
PG16 -13690.983390   7482.064024  21345.357958   -179.485306  7  4  8 104       
PG17  13750.472656   5867.629179 -21538.042214    291.955837  6  7  5 107       
PG18 -12288.674770 -10396.137580  21120.261008    239.647801  8  6  9 108       
PG19  15245.151945  -2735.949391 -21873.026098   -135.510921  7  7  6 116       
PG20 -20876.441923 -15275.149290   6453.249421    527.342521  6  7  7  93       
PG21 -22426.209250   1097.243951  14736.779834     20.533961  4  6  5  82       
PG22  -3333.125940  15829.470046 -20876.633399   -773.757923  6  4  5  87       
PG24   7221.996726 -18892.910388 -17223.509680    -15.312609  6  3  3  96       
PG25 -13574.017542 -19360.361936 -12594.228895     20.476217  6  4  6  67       
PG26 -22363.206231  -1453.508279  14392.127575    238.658960  9  6  9 102       
PG27 -12220.126030  16262.500979  16747.263335   -339.272065  4  6  3 112       
PG28  22401.122374  12099.630301  -6704.520815    702.012585  6  5  6  89       
PG29  -3815.849742 -24139.652466  10310.594669   -144.435753  6  4  6  71       
PG30  21316.064424   2883.165529  15765.634434   -256.750975  3  4  4  87       
PG31 -24998.189881   5609.323451  -7887.241256    -53.911780  7  5  3  58       
PG32 -14929.539805  -4391.012774 -21451.558921    312.675506  6  5  6  90       
*  2020  7  6 22 45  0.00000000
PG01  -8009.531975  18251.271129 -17613.700823     22.240622  4  4  4  64       
PG02  22074.721268 -14673.163850   -545.330267   -483.348469  7  6  4 104       
PG03   2436.014905  17325.266124 -20084.410640   -231.780924  6  6  4 107       
PG04   -308.132552  26536.213614    474.141838   -111.567080  6  9  4  79       
PG05  17255.020821  -6272.231528  19120.633480    -16.133083  5  4  5  83       
PG06  23230.471643  -4224.234164 -12153.477713   -299.483353  7  5  5 115       
PG07  10708.237793  11638.744775  21695.422890   -321.305034  4  5  6 102       
PG08  -6911.060499  23089.461231  10875.750733    -40.098578  4  6  4  73       
PG09   8436.362309  22579.857687  11088.216003   -249.166938  4  2  6  82       
PG10 -23989.110014 -11365.049165  -2708.352609   -392.300101 11 10  6  65       
PG11 -10713.965218  24054.651761  -5107.713087   -228.404828  6  4  5  29       
PG12  -1264.549384 -17309.770696 -20384.464809     97.039992  5  4  4 107       
PG13  12975.940754 -16790.820134  15792.517462     24.488554  4  4  2  51       
PG14 -15136.365280   1600.443111 -21401.098472     -0.587357  6  3  3  87       
PG15   4547.861569 -23974.400137   9697.369648   -219.320952  3  4  4  88       
PG16 -15615.583485   6002.099195  20522.420082   -179.489599  8  4  8 109       
PG17  13498.179327   8365.651961 -20878.718770    291.961087  6  7  5 114       
PG18 -10131.119123 -11554.610297  21653.717338    239.656634  7  6  9 100       
PG19  14957.047393   -299.002076 -22246.498245   -135.506545  8  6  7 117       
PG20 -19940.409358 -15182.154016   9052.746389    527.342784  6  6  7 108       
PG21 -21101.059167     31.028447  16729.098662     20.538079  5  7  5  99       
PG22  -5548.834693  14763.820854 -21167.965617   -773.755929  6  4  5  79       
PG24   8911.872987 -19686.634592 -15393.563277    -15.313062  6  3  3  85       
PG25 -12187.901599 -18707.835268 -14819.187614     20.479776  6  3  5  38       
PG26 -23580.110494  -2391.135999  12178.063167    238.665138 10  6  9  67       
PG27 -12315.707695  14210.518118  18471.342740   -339.280689  4  6  3 112       
PG28  22810.125045  12680.551204  -3893.286779    702.009209  6  5  6 100       
PG29  -3547.435041 -25151.230397   7656.366579   -144.443668  6  4  6  60       
PG30  19706.971708   3902.579808  17526.050326   -256.757992  3  4  4  83       
PG31 -24173.892898   4954.804416 -10446.768291    -53.914105  7  5  3  64       
PG32 -14838.775034  -6829.489765 -20884.677136    312.681279  6  5  6  86       
*  2020  7  6 23  0  0.00000000
PG01  -9676.445333  19120.860359 -15697.682604     22.245232  4  4  3  69       
PG02  21994.329781 -14284.329332  -3390.196612   -483.353636  8  7  5 100       
PG03    332.822630  16307.008275 -21052.537746   -231.791566  6  5  4 100       
PG04   -570.459222  26428.073218  -2378.598558   -111.571285  6  9  5  64       
PG05  19108.279337  -5222.049851  17645.060862    -16.133822  5  4  5  92       
PG06  22026.528754  -3274.138236 -14456.228619   -299.488170  7  6  6  93       
PG07   8643.193356  12910.758231  21854.982687   -321.312844  4  5  5 109       
PG08  -7198.605638  21715.590255  13280.534904    -40.099596  5  6  4 101       
PG09   8250.126947  23724.611436   8559.754007   -249.172867  5     6  96       
PG10 -24024.931921 -11632.772381    139.517609   -392.309824 12 10  7           
PG11 -11211.435232  24197.698365  -2412.933376   -228.395410  6  5  5  81       
PG12    750.359858 -16135.315995 -21348.216234     97.035708  5  4  4 120       
PG13  12967.888221 -14849.330146  17632.308131     24.491608  4  4  1  78       
PG14 -15054.265307   -930.626191 -21513.108685     -0.584663  6  4  3  88       
PG15   5067.801730 -22728.829588  12101.544325   -219.318534  3  4  5  75       
PG16 -17519.001488   4695.134906  19343.017651   -179.493944  8  4  8 100       
PG17  13385.059894  10774.111866 -19846.513815    291.966098  6  7  5 100       
PG18  -8003.427810 -12845.201791  21814.263275    239.665481  7  7  9  92       
PG19  14805.181308   2170.593091 -22247.709487   -135.501864  8  6  7 118       
PG20 -18734.202409 -15036.194222  11497.943430    527.342778  6  6  7  93       
PG21 -19669.843283  -1216.780357  18445.174472     20.541956  5  8  5  83       
PG22  -7824.561330  13797.824940 -21088.321022   -773.753518  5  3  5  79       
PG24  10384.818574 -20432.633994 -13297.884482    -15.312723  6  4  4  86       
PG25 -10561.645646 -18019.921746 -16795.832850     20.483432  6  3  5  65       
PG26 -24607.633606  -3150.747972   9756.433277    238.671348 10  6  9  68       
PG27 -12528.051069  11989.429642  19870.268794   -339.289349  4  6  3 107       
PG28  22979.184181  13055.222849  -1013.660992    702.006166  6  5  6 101       
PG29  -3346.460310 -25866.924915   4869.897523   -144.451191  7  5  6  84       
PG30  17992.008961   5090.757169  18988.229991   -256.764980  4  4  3 104       
PG31 -23146.047403   4116.734516 -12831.194595    -53.916524  7  6  4  51       
PG32 -14869.820815  -9183.016854 -19956.560241    312.687005  5  6  7  69       
*  2020  7  6 23 15  0.00000000
PG01 -11106.854711  19946.967305 -13511.666786     22.249846  4  4  2  59       
PG02  21689.634905 -13682.265884  -6175.879629   -483.359105  8  7  5 106       
PG03  -1903.424657  15365.420913 -21661.310487   -231.802190  5  5  3  75       
PG04   -859.742081  26013.466000  -5190.310750   -111.575471  6  9  5  65       
PG05  20840.356933  -4339.660642  15864.735352    -16.134224  5  4  5  46       
PG06  20676.066423  -2113.761457 -16509.889317   -299.492968  7  6  6 101       
PG07   6644.851746  14289.193124  21649.072173   -321.320880  4  5  5  99       
PG08  -7587.996103  20100.884799  15453.989477    -40.100964  5  6  4 100       
PG09   8088.582500  24584.376763   5883.572216   -249.178783  5     6  87       
PG10 -23782.640195 -11766.631558   2985.033045   -392.319664 13 10  8  98       
PG11 -11565.980318  24093.916026    322.335238   -228.385793  6  6  6  86       
PG12   2905.515012 -15032.856516 -21953.196618     97.030954  6  4  5 101       
PG13  13057.060039 -12717.987301  19164.854438     24.494457  4  5  1  54       
PG14 -15101.056600  -3451.476536 -21242.749208     -0.582217  6  5  4  82       
PG15   5698.030703 -21250.684063  14289.835340   -219.316081  3  4  4  72       
PG16 -19354.154824   3572.755327  17829.099232   -179.498105  9  4  8  90       
PG17  13398.131451  13043.288363 -18460.631053    291.971383  6  7  4  98       
PG18  -5948.921410 -14244.384484  21599.043488    239.674422  7  7  9  79       
PG19  14792.606997   4623.983910 -21876.760349   -135.497297  8  6  7  87       
PG20 -17268.103143 -14873.540010  13746.837132    527.342528  6  6  8  97       
PG21 -18176.015664  -2642.144914  19858.847996     20.546247  5  8  5  95       
PG22 -10115.765281  12948.964877 -20638.681228   -773.751390  5  3  5  65       
PG24  11629.945394 -21090.642381 -10971.777329    -15.313053  6  5  5  86       
PG25  -8713.549459 -17335.721579 -18491.186197     20.487082  6  4  4  75       
PG26 -25410.936857  -3749.898110   7168.718523    238.677520 11  7  8  85       
PG27 -12873.859772   9645.604027  20919.969799   -339.298035  5  6  3 105       
PG28  22883.700151  13253.419172   1883.690564    702.002753  5  5  6  88       
PG29  -3175.649715 -26271.225446   1999.352072   -144.459236  7  6  6  88       
PG30  16214.565374   6443.526636  20126.911836   -256.771955  4  4  3  92       
PG31 -21951.942442   3081.166504 -15000.232175    -53.918539  7  6  4  71       
PG32 -15008.495984 -11406.115767 -18683.766245    312.692761  5  6  7  93       
*  2020  7  6 23 30  0.00000000
PG01 -12290.116726  20685.766168 -11092.334533     22.254537  4  5  2  69       
PG02  21191.235848 -12845.629522  -8852.993752   -483.364300  9  8  5 109       
PG03  -4232.274805  14527.210302 -21900.104266   -231.812812  5  4  4  86       
PG04  -1211.774479  25303.625215  -7912.487892   -111.579723  6  9  6  55       
PG05  22407.993403  -3617.925651  13811.029507    -16.135390  5  4  5  51       
PG06  19224.067322   -741.803505 -18278.889797   -299.497726  7  6  6 102       
PG07   4749.669730  15744.726148  21079.614385   -321.328527  4  5  5  96       
PG08  -8103.560986  18282.074780  17358.662140    -40.102412  6  6  4  76       
PG09   7915.655406  25147.329864   3105.902201   -249.184662  6     6  88       
PG10 -23250.439518 -11802.446265   5779.989500   -392.329366 14 10  9  94       
PG11 -11805.701014  23725.410600   3052.115403   -228.376294  6  7  6  67       
PG12   5162.486874 -14031.962532 -22189.024807     97.026782  6  5  6 109       
PG13  13264.457864 -10438.953665  20363.435549     24.497451  4  5     76       
PG14 -15271.964174  -5911.588060 -20595.552816     -0.579736  6  5  5  89       
PG15   6458.148570 -19575.413948  16222.960407   -219.313980  4  5  4  71       
PG16 -21074.202252   2637.789007  16008.209997   -179.502339 10  4  8  61       
PG17  13516.598514  15127.889058 -16746.680723    291.976661  6  6  4 103       
PG18  -4006.451070 -15721.816176  21011.679987    239.683358  7  7  8  76       
PG19  14914.124156   7012.650377 -21139.799587   -135.492621  9  6  7  93       
PG20 -15560.409694 -14728.770261  15760.609357    527.342461  7  6  8 104       
PG21 -16662.162752  -4233.501882  20949.013515     20.550545  6  9  5  77       
PG22 -12375.860397  12227.291588 -19826.649376   -773.748963  5  3  5  45       
PG24  12644.459037 -21620.585836  -8454.848952    -15.313278  6  6  5  81       
PG25  -6669.517817 -16691.238989 -19876.871370     20.490740  6  5  4  79       
PG26 -25960.717410  -4212.417373   4459.098605    238.683745 11  7  8  89       
PG27 -13361.852113   7228.646206  21602.711230   -339.306665  6  7  3  91       
PG28  22506.871647  13310.059300   4748.499384    701.999407  6  4  6  89       
PG29  -2995.895167 -26357.719777   -905.695816   -144.466796  7  6  6  83       
PG30  14417.782895   7948.860064  20922.232418   -256.778938  5  4  3  85       
PG31 -20632.178368   1841.767049 -16916.988036    -53.921008  6  6  5  57       
PG32 -15233.534658 -13457.458982 -17088.768046    312.698516  6  6  8  65       
*  2020  7  6 23 45  0.00000000
PG01 -13224.374008  21293.649921  -8480.717283     22.259144  4  5  3  58       
PG02  20534.813837 -11760.801392 -11373.390809   -483.369402 10  9  6 116       
PG03  -6608.977278  13812.145916 -21764.555150   -231.823435  5  4  4  72       
PG04  -1659.509389  24318.153629 -10498.165790   -111.583982  6  9  6  17       
PG05  23771.630280  -3042.120576  11519.878297    -16.136046  6  4  5  72       
PG06  17716.467401    834.289385 -19732.534677   -299.502509  7  6  6  95       
PG07   2988.820227  17242.305728  20154.532916   -321.336350  5  5  5  90       
PG08  -8762.841568  16301.285166  18961.936803    -40.104446  7  6  4  89       
PG09   7694.439086  25410.323849    274.682660   -249.190531  6     5  85       
PG10 -22424.941791 -11778.225519   8477.102314   -392.339107 15  9  9  97       
PG11 -11961.900458  23081.428251   5729.993911   -228.366871  7  8  6  81       
PG12   7478.046762 -13155.491020 -22051.371133     97.022370  6  6  7 110       
PG13  13603.756189  -8058.654514  21207.223251     24.500158  4  6     64       
PG14 -15554.194926  -8262.638327 -19583.894771     -0.577275  7  5  6  92       
PG15   7361.048721 -17743.565281  17866.310117   -219.311501  5  6  5  61       
PG16 -22634.249252   1884.452339  13912.917956   -179.506649 10  4  8 105       
PG17  13712.825795  16988.658394 -14736.112075    291.981697  6  6  4  99       
PG18  -2209.067945 -17241.408675  20062.215500    239.692254  7  7  8  72       
PG19  15156.493471   9290.021299 -20048.934092   -135.487969  9  6  7  89       
PG20 -13636.925083 -14633.317849  17504.302289    527.342245  7  5  8  84       
PG21 -15168.550045  -5972.100303  21699.780012     20.555178  6  9  6  73       
PG22 -14557.873811  11635.114625 -18666.329477   -773.746704  6  4  5  68       
PG24  13433.628117 -21984.218670  -5790.360699    -15.312859  6  7  6  95       
PG25  -4462.280997 -16117.999726 -20929.549144     20.494409  6  5  4 101       
PG26 -26234.305644  -4567.295694   1673.715809    238.689834 11  8  8  78       
PG27 -13992.349506   4789.603319  21907.375625   -339.315330  7  7  4 106       
PG28  21840.333005  13263.596147   7531.776349    701.996001  6  4  6  91       
PG29  -2767.972289 -26129.294351  -3795.128489   -144.474694  8  7  6  84       
PG30  12643.014224   9587.139066  21360.085192   -256.785948  6  4  4  87       
PG31 -19229.176111    400.275680 -18548.568285    -53.923176  6  6  5  68       
PG32 -15517.500942 -15301.265695 -15199.528308    312.704269  6  6  8  82       
EOF
