#cP2020  7 10  0  0  0.00000000      96 ORBIT IGb14 HLM  IGS
## 2113 432000.00000000   900.00000000 59040 0.0000000000000
+   31   G01G02G03G04G05G06G07G08G09G10G11G12G13G14G15G16G17
+        G18G19G20G21G22G24G25G26G27G28G29G30G31G32  0  0  0
+          0  0  0  0  0  0  0  0  0  0  0  0  0  0  0  0  0
+          0  0  0  0  0  0  0  0  0  0  0  0  0  0  0  0  0
+          0  0  0  0  0  0  0  0  0  0  0  0  0  0  0  0  0
++         2  2  2  2  2  2  2  2  2  2  2  2  2  2  2  2  2
++         3  2  2  2  2  2  2  2  2  2  2  1  2  2  0  0  0
++         0  0  0  0  0  0  0  0  0  0  0  0  0  0  0  0  0
++         0  0  0  0  0  0  0  0  0  0  0  0  0  0  0  0  0
++         0  0  0  0  0  0  0  0  0  0  0  0  0  0  0  0  0
%c G  cc GPS ccc cccc cccc cccc cccc ccccc ccccc ccccc ccccc
%c cc cc ccc ccc cccc cccc cccc cccc ccccc ccccc ccccc ccccc
%f  1.2500000  1.025000000  0.00000000000  0.000000000000000
%f  0.0000000  0.000000000  0.00000000000  0.000000000000000
%i    0    0    0    0      0      0      0      0         0
%i    0    0    0    0      0      0      0      0         0
/* FINAL ORBIT COMBINATION FROM WEIGHTED AVERAGE OF:        
/* cod emr esa gfz grg jpl mit ngs sio                      
/* REFERENCED TO IGS TIME (IGST) AND TO WEIGHTED MEAN POLE: 
/* PCV:IGS14_2114 OL/AL:FES2004  NONE     Y  ORB:CMB CLK:CMB
*  2020  7 10  0  0  0.00000000
PG01 -14301.081159  21935.571285  -3405.119162     23.546196  7  3  5  70       
PG02  19068.247856  -9172.041860 -15388.012848   -484.866829  7  7  6 103       
PG03 -10830.331042  12885.385113 -20590.935411   -234.868093  7  2  4  93       
PG04  -2813.057383  21908.627816 -14712.689339   -112.796920 11  9 10  67       
PG05  25616.153390  -2303.116865   6888.790284    -16.337875  9  8  6 109       
PG06  14949.943629   4213.833390 -21499.600979   -300.875125  9  7  8  82       
PG07    195.294664  19949.617679  17601.788684   -323.610164  7  6  6  84       
PG08 -10349.040413  12446.780688  21017.580650    -40.437015  6  4  4  70       
PG09   7060.262091  25143.519349  -4840.933165   -250.893702  8  6  7  82       
PG10 -20196.625456 -11705.870415  12981.213816   -395.141753  9  6  8  93       
PG11 -12128.502533  21213.924891  10305.201678   -225.603057  8  5  8  97       
PG12  11687.279838 -11925.841344 -20852.747618     95.755610  7  5  6  91       
PG13  14571.741477  -3622.174802  21791.086594     25.354684  5  7  7  94       
PG14 -16279.169274 -12123.402977 -16874.625447      0.158983  7  9  5 106       
PG15   9367.137582 -14169.615414  20017.398670   -218.638289  8  6  7 104       
PG16 -24906.698222    969.959267   9576.121151   -180.744364 11  5  8  85       
PG17  14166.512209  19679.748439 -10468.444830    293.494331  8  8  6  82       
PG18    585.271640 -19967.484915  17477.722671    242.215665 11 10 10 104       
PG19  15834.951931  12997.788693 -17229.069326   -134.165119  8  7  7  92       
PG20  -9689.011889 -14672.226319  19888.839391    527.321337  4  7 10  99       
PG21 -13077.726380  -8748.780332  22170.072084     21.753523  6  4  5  72       
PG22 -18126.700524  10899.306446 -15772.014265   -773.102242  7  2  5  82       
PG24  14349.685891 -22102.239602   -698.163237    -15.440576  8  2  6  94       
PG25   -215.850190 -15345.591623 -21930.282336     21.564641  8  4  7  64       
PG26 -25976.181327  -5056.164940  -3444.019162    240.477203  8  8  7  46       
PG27 -15470.535988    462.633525  21484.154171   -341.828488  8  5  6  82       
PG28  19892.064963  13049.461573  12230.866618    701.066518  6  5  3  88       
PG29  -2085.024264 -24943.130534  -8876.980693   -146.720847  8  5  8  84       
PG30   9568.436341  12842.780018  21213.060665   -258.802010  6  7  6  96       
PG31 -16582.606563  -2739.721268 -20706.410161    -54.563132  5  7  5  77       
PG32 -16083.147398 -18011.442615 -11145.105176    314.356770  4  3  5 105       
*  2020  7 10  0 15  0.00000000
PG01 -14598.513607  21965.418889   -501.474770     23.550490  6  3  5  99       
PG02  18185.008015  -7392.190265 -17233.280398   -484.871970  7  7  6 101       
PG03 -13086.257089  12556.430421 -19439.128857   -234.878624  6  3  4  88       
PG04  -3665.396176  20313.012746 -16683.923810   -112.801105 11  8 10  36       
PG05  26242.325469  -2004.700928   4153.134063    -16.338925  9  8  6  86       
PG06  13518.652299   6252.575323 -21941.616482   -300.879860  8  7  7  83       
PG07  -1076.495169  21342.284699  15766.944258   -323.618051  7  5  6  85       
PG08 -11440.061810  10263.078017  21645.635846    -40.439014  6  4  4 111       
PG09   6518.125984  24619.056393  -7561.570871   -250.899653  8  5  7  59       
PG10 -18600.490504 -11715.623218  15165.681908   -395.151386  8  4  7 104       
PG11 -12228.758942  19805.050232  12593.936187   -225.593823  8  4  8  95       
PG12  13912.250719 -11455.849778 -19692.363728     95.751278  6  5  6  91       
PG13  15286.473583  -1221.956889  21577.064296     25.357721  5  6  6  80       
PG14 -16745.713596 -13946.511381 -14956.491077      0.161600  7  8  5  88       
PG15  10676.427819 -12139.139846  20708.344093   -218.635912  7  7  6  80       
PG16 -25816.790778    628.964312   6920.913516   -180.748785 10  6  7  75       
PG17  14392.120823  20768.949388  -7834.134138    293.499424  7  8  6  64       
PG18   1859.414825 -21380.730031  15616.804213    242.224384 11  9 10  88       
PG19  16285.487371  14747.546980 -15256.054890   -134.160759  8  7  7  98       
PG20  -7349.697725 -14841.780895  20723.201010    527.321230  4  6  9  89       
PG21 -11824.753320 -10756.427254  22009.653167     21.757723  6  4  5 123       
PG22 -19858.178230  10619.912280 -13763.694500   -773.099989  7  1  5  70       
PG24  14594.761174 -21824.649665   2127.306668    -15.440101  8  2  6  95       
PG25   2229.852672 -15090.235316 -21972.942187     21.568425  8  5  6  64       
PG26 -25414.703296  -5291.331016  -6186.685316    240.483311  8  8  7  58       
PG27 -16432.647000  -1774.460226  20722.052773   -341.837105  8  5  5  97       
PG28  18439.388209  12928.491765  14541.567928    701.063326  6  5  3  85       
PG29  -1529.578093 -23916.405356 -11457.281405   -146.728738  7  5  8  95       
PG30   8045.130849  14692.082458  20616.265596   -258.808952  6  7  6  93       
PG31 -15168.538232  -4671.585096 -21393.862700    -54.565405  5  7  6  86       
PG32 -16349.278061 -19141.787540  -8619.088724    314.362470  4  1  5  92       
*  2020  7 10  0 30  0.00000000
PG01 -14715.417407  21730.635011   2410.955094     23.554793  6  3  5  86       
PG02  17298.974110  -5394.021231 -18766.814536   -484.877191  7  7  6  98       
PG03 -15208.610139  12353.541713 -17953.779521   -234.889176  6  3  5  64       
PG04  -4689.154183  18577.330009 -18367.417273   -112.805320 11  8  9  76       
PG05  26570.226568  -1743.381098   1346.652296    -16.339953  9  7  5 100       
PG06  12186.141027   8391.649789 -22004.359401   -300.884704  8  6  7  78       
PG07  -2159.231955  22613.612227  13660.683330   -323.625743  7  4  6  90       
PG08 -12668.689927   8098.891850  21900.690179    -40.440579  6  4  4  36       
PG09   5807.353618  23858.897249 -10152.157669   -250.905558  7  5  6  55       
PG10 -16775.435677 -11802.056069  17093.408185   -395.161071  8  4  7 101       
PG11 -12369.821432  18152.323340  14663.544420   -225.584344  8  3  7  99       
PG12  16013.577596 -11125.070944 -18198.193349     95.746424  6  6  6  99       
PG13  16110.877006   1093.120415  20988.037444     25.360613  6  6  5  65       
PG14 -17215.051713 -15524.319591 -12777.169732      0.164029  7  7  5  98       
PG15  12107.443616 -10124.879016  21031.115032   -218.633416  7  7  5  80       
PG16 -26440.483665    380.831523   4148.886279   -180.753220  9  6  7  70       
PG17  14552.230613  21559.997850  -5063.336987    293.504713  7  7  5  52       
PG18   2931.764143 -22671.028069  13486.583667    242.232999 10  9 10  92       
PG19  16745.228711  16252.106068 -13025.986515   -134.155978  7  6  7  76       
PG20  -4945.056440 -15130.354828  21199.688374    527.321322  5  5  9  83       
PG21 -10698.867080 -12794.182944  21496.632599     21.761844  6  4  5  58       
PG22 -21358.397437  10412.108973 -11513.968661   -773.097925  7     6  44       
PG24  14698.935085 -21278.364176   4915.224810    -15.440047  8  3  6 102       
PG25   4672.429054 -14966.556161 -21645.444473     21.572222  7  5  7  67       
PG26 -24563.394518  -5552.220779  -8824.370592    240.489513  7  7  6  71       
PG27 -17464.562565  -3857.407999  19601.206354   -341.845756  7  4  5  85       
PG28  16744.066004  12853.376684  16608.880754    701.059952  6  4  2  86       
PG29   -804.618918 -22664.748466 -13840.469195   -146.736363  6  5  7  79       
PG30   6661.063997  16542.635318  19664.854792   -258.815887  6  6  6  90       
PG31 -13822.648989  -6725.135759 -21716.414858    -54.567590  5  6  6  89       
PG32 -16536.003348 -19996.654015  -5945.516098    314.368128  4     5 103       
*  2020  7 10  0 45  0.00000000
PG01 -14685.596787  21211.786046   5280.891914     23.559045  6  4  5  85       
PG02  16447.936085  -3206.856606 -19959.569069   -484.882383  6  7  6  83       
PG03 -17154.363513  12258.693534 -16160.008778   -234.899618  6  4  5  28       
PG04  -5886.510236  16746.812555 -19734.187891   -112.809512 11  7  9  61       
PG05  26594.028868  -1482.961234  -1482.761696    -16.340725  8  7  5  88       
PG06  10980.046936  10588.386571 -21686.609187   -300.889493  6  6  6  77       
PG07  -3057.491083  23720.435166  11317.961256   -323.633616  7  4  6  83       
PG08 -14013.947406   5999.253947  21779.139440    -40.442074  6  4  5 107       
PG09   4908.410703  22896.565742 -12568.243649   -250.911458  7  5  6  80       
PG10 -14756.178271 -11991.747443  18731.560118   -395.170743  7  3  6 109       
PG11 -12578.816704  16282.646338  16476.477271   -225.574528  8  3  7  96       
PG12  17946.659739 -10918.028348 -16394.776864     95.742053  5  6  6  71       
PG13  17020.431408   3279.949752  20034.635031     25.363623  6  6  5  84       
PG14 -17648.873025 -16839.326602 -10375.653036      0.166625  7  7  5  98       
PG15  13636.547278  -8168.946887  20980.968279   -218.631244  6  7  4  77       
PG16 -26761.585830    189.999933   1307.061212   -180.757525  8  6  7  49       
PG17  14607.005625  22055.624636  -2204.755211    293.510020  7  6  5  62       
PG18   3807.398338 -23795.429103  11123.776311    242.241617 10  8  9  95       
PG19  17174.222413  17493.243962 -10575.864364   -134.151387  7  6  7  69       
PG20  -2521.876081 -15539.192085  21309.347735    527.320771  4  5  8  87       
PG21  -9714.626916 -14820.586000  20639.442513     21.766007  6  4  5  49       
PG22 -22600.442116  10246.709187  -9062.541270   -773.095399  7     6  77       
PG24  14696.294064 -20453.708044   7616.245325    -15.441277  7  3  6  99       
PG25   7063.860711 -14971.934422 -20952.432898     21.575964  7  5  7  52       
PG26 -23438.554741  -5872.526937 -11312.280903    240.495626  7  7  6  82       
PG27 -18531.315874  -5752.401951  18142.095846   -341.854380  7  3  5  89       
PG28  14837.002036  12856.178511  18399.823029    701.056822  6  4  2  87       
PG29    107.421732 -21228.029881 -15985.699552   -146.744312  5  5  7 100       
PG30   5431.191327  18350.707025  18374.557364   -258.822843  6  6  6  85       
PG31 -12574.807781  -8862.798961 -21667.233537    -54.569690  5  6  6  76       
PG32 -16605.262581 -20578.473752  -3170.293759    314.373853  4     5 118       
*  2020  7 10  1  0  0.00000000
PG01 -14546.897370  20398.123600   8057.566538     23.563336  6  4  5  99       
PG02  15665.244814   -867.664171 -20788.835080   -484.887564  6  7  6  72       
PG03 -18885.487001  12247.138790 -14088.293961   -234.910129  6  4  6  64       
PG04  -7251.392913  14867.665720 -20760.734802   -112.813697 11  7  8  68       
PG05  26316.476506  -1187.009594  -4287.000603    -16.341463  8  7  4  99       
PG06   9920.526662  12796.210783 -20993.753999   -300.894326  5  5  5  60       
PG07  -3783.538899  24622.633214   8778.263158   -323.641426  6  4  6  80       
PG08 -15447.794844   4004.984057  21283.850521    -40.443916  6  4  4 113       
PG09   3808.887832  21770.270187 -14768.427966   -250.917357  6  4  5  82       
PG10 -12582.951262 -12304.984766  20052.084801   -395.180431  6  4  6 101       
PG11 -12878.021660  14229.476154  17999.336502   -225.564811  7  2  7  98       
PG12  19671.296074 -10812.079911 -14311.989494     95.737631  5  6  6  66       
PG13  17984.267009   5300.834052  18733.832939     25.366375  6  6  4  61       
PG14 -18007.723879 -17882.843626  -7794.486437      0.169248  7  6  5 103       
PG15  15233.799428  -6309.037096  20559.973596   -218.628902  6  7  4  82       
PG16 -26772.402081     18.593692  -1556.699487   -180.761808  8  6  7  87       
PG17  14518.980484  22267.641114    691.878273    293.515094  7  5  4  62       
PG18   4499.371560 -24714.338556   8569.122324    242.250387 10  8  9  94       
PG19  17530.930545  18461.199870  -7946.557466   -134.146853  7  5  6  61       
PG20   -127.010945 -16061.814167  21049.582682    527.320973  4  5  7  83       
PG21  -8879.180882 -16792.649314  19451.634606     21.770276  6  5  5  20       
PG22 -23565.065689  10090.978215  -6452.597313   -773.093204  7  1  6  46       
PG24  14623.183077 -19349.579213  10182.443534    -15.442015  7  3  6  86       
PG25   9357.404566 -15095.815446 -19904.646635     21.579720  7  5  7  70       
PG26 -22064.074762  -6282.521218 -13608.099672    240.501777  7  6  6  71       
PG27 -19593.663694  -7433.171942  16370.906171   -341.862996  7  3  5  96       
PG28  12755.061487  12963.403805  19886.203111    701.053469  6  5  1  82       
PG29   1216.202196 -19650.263345 -17856.267042   -146.751783  5  5  6  77       
PG30   4362.741505  20071.543828  16767.019251   -258.829749  6  5  6  64       
PG31 -11448.499557 -11042.138356 -21245.787390    -54.571941  5  6  6  78       
PG32 -16521.343101 -20898.020879   -340.932963    314.379549  4  1  5 100       
*  2020  7 10  1 15  0.00000000
PG01 -14339.546099  19288.190655  10691.690403     23.567634  7  5  5  93       
PG02  14978.394499   1580.216472 -21238.795049   -484.892808  6  7  5  76       
PG03 -20370.267808  12288.470695 -11773.971297   -234.920638  6  4  7  89       
PG04  -8769.545162  12985.383163 -21429.440391   -112.817894 10  7  8  67       
PG05  25748.738993   -820.440025  -7018.531865    -16.342541  8  6  4 103       
PG06   9019.583046  14966.285610 -19937.703813   -300.899077  4  5  5  95       
PG07  -4356.727150  25284.725138   6084.988789   -323.649485  6  4  6  80       
PG08 -16936.136590   2151.310803  20424.059422    -40.445440  6  4  5 109       
PG09   2504.172831  20521.420340 -16715.059249   -250.923240  6  4  5  88       
PG10 -10300.146291 -12754.866205  21032.181314   -395.190109  6  4  5 110       
PG11 -13283.780876  12031.736948  19203.600797   -225.555131  7     6  87       
PG12  21153.096203 -10778.372492 -11984.606572     95.732851  5  7  7  82       
PG13  18966.366225   7124.739837  17108.622930     25.369272  7  6  4  74       
PG14 -18252.653282 -18655.074920  -5078.956049      0.171846  6  6  5  67       
PG15  16864.065605  -4577.114965  19776.889759   -218.626492  6  7  4  76       
PG16 -26473.953885   -171.962846  -4394.446290   -180.766308  8  6  7  78       
PG17  14254.640785  22216.260011   3576.687355    293.520539  7  5  4  52       
PG18   5028.005614 -25393.036001   5866.680204    242.259072 10  8  9  83       
PG19  17773.899839  19154.931007  -5182.188086   -134.142308  7  5  6  77       
PG20   2194.243094 -16684.202180  20424.247983    527.321235  5  5  6  92       
PG21  -8192.123372 -18667.239703  17951.720487     21.774996  7  5  5 117       
PG22 -24241.301680   9910.109391  -3729.988889   -773.091020  7  3  6  96       
PG24  14516.590850 -17973.662834  12568.243433    -15.443789  6  4  5  82       
PG25  11509.176562 -15320.108425 -18518.814487     21.583532  7  6  7  80       
PG26 -20470.617437  -6807.721049 -15672.682535    240.507889  7  6  6  78       
PG27 -20609.621252  -8881.749175  14319.003792   -341.871655  6  3  5  86       
PG28  10539.811221  13194.984178  21044.932674    701.050409  6  5     85       
PG29   2522.915522 -17977.953165 -19420.222268   -146.759734  5  5  6  86       
PG30   3455.081437  21660.993919  14869.470353   -258.836682  6  5  6  84       
PG31 -10459.976762 -13217.283167 -20457.949550    -54.574310  5  5  6  74       
PG32 -16252.381727 -20973.838999   2494.251618    314.385211  4  2  5  86       
*  2020  7 10  1 30  0.00000000
PG01 -14104.390396  17890.060394  13136.410770     23.571943  7  6  5  83       
PG02  14407.865362   4088.639529 -21300.911458   -484.897995  6  6  5  84       
PG03 -21584.401063  12347.918534  -9256.649942   -234.931127  7  4  7  82       
PG04 -10418.913580  11143.102999 -21728.869440   -112.822092 10  6  8  81       
PG05  24909.962622   -351.034416  -9631.167256    -16.343050  8  6  4  88       
PG06   8280.720652  17049.252821 -18536.686969   -300.903763  3  4  4  79       
PG07  -4802.591268  25677.320887   3284.733881   -323.657451  6  4  6  87       
PG08 -18440.063076    466.721961  19215.164554    -40.447319  6  4  4 100       
PG09    997.821648  19193.037536 -18374.868851   -250.929153  6  3  5  90       
PG10  -7954.803776 -13346.678814  21654.696908   -395.199789  6  4  5 109       
PG11 -13805.658459   9732.496381  20066.279197   -225.545604  7  1  6  51       
PG12  22364.693226 -10783.051452  -9451.778884     95.728435  5  7  7  60       
PG13  19926.975504   8728.283350  15187.575803     25.372323  7  5  4  68       
PG14 -18346.825842 -19164.859012  -2276.253425      0.174060  6  5  5  65       
PG15  18488.333683  -2998.366379  18646.904938   -218.624191  6  7  4  76       
PG16 -25875.893973   -419.319951  -7158.878874   -180.770315  7  7  7  59       
PG17  13785.831441  21929.115415   6400.507665    293.525693  7  4  3  70       
PG18   5419.899141 -25803.018056   3063.061598    242.267756 10  8  9  88       
PG19  17863.455954  19582.051735  -2329.449412   -134.137640  7  4  5  73       
PG20   4399.719532 -17385.290718  19443.626490    527.321135  5  6  5  85       
PG21  -7645.608759 -20402.474579  16162.970523     21.779160  6  5  6  92       
PG22 -24626.751297   9668.781567   -942.380326   -773.088836  6  4  6  61       
PG24  14412.512149 -16342.293826  14731.302827    -15.444821  6  4  5  92       
PG25  13479.646797 -15619.883865 -16817.454670     21.587286  8  6  7  67       
PG26 -18694.554637  -7467.737732 -17470.706023    240.514014  7  6  6  47       
PG27 -21536.099179 -10088.903452  12022.338685   -341.880321  6  4  5  79       
PG28   8236.121652  13563.515217  21858.263572    701.047169  6  5     76       
PG29   4020.064894 -16258.361503 -20650.904747   -146.767496  5  5  5  78       
PG30   2699.894512  23077.130098  12714.287207   -258.843736  6  4  6  79       
PG31  -9617.691868 -15340.513968 -19315.991872    -54.576543  5  5  6  68       
PG32 -15771.722883 -20831.385576   5286.948659    314.390878  5  3  5  87       
*  2020  7 10  1 45  0.00000000
PG01 -13881.111702  16221.193040  15348.225607     23.576291  7  6  5  93       
PG02  13966.284381   6606.439521 -20974.133511   -484.903126  6  6  4  85       
PG03 -22511.806523  12387.828021  -6579.545528   -234.941532  7  4  7  81       
PG04 -12170.347512   9380.067334 -21653.960406   -112.826277 10  6  8  69       
PG05  23826.538789    249.149624 -12080.803246    -16.343910  7  6  3  89       
PG06   7698.943506  18997.003421 -16814.933468   -300.908541  3  4  4  84       
PG07  -5151.681983  25778.366877    426.477218   -323.665304  6  5  6  68       
PG08 -19917.280391  -1027.915728  17678.421987    -40.447656  6  4  4  90       
PG09   -698.386251  17828.119289 -19719.527132   -250.935114  6  2  5  89       
PG10  -5595.003957 -14077.578160  21908.440139   -395.209458  6  4  4  88       
PG11 -14445.868616   7377.454677  20570.468986   -225.536083  7  1  6  72       
PG12  23286.709867 -10788.683319  -6756.421983     95.724093  5  7  7  85       
PG13  20824.170083  10096.413483  13004.308958     25.375237  6  5  4  66       
PG14 -18257.039559 -19429.089540    565.364075      0.176920  6  5  5  60       
PG15  20065.183253  -1590.441522  17191.254104   -218.622076  6  7  4  81       
PG16 -24996.122120   -758.624410  -9804.059125   -180.774804  7  7  6  59       
PG17  13090.943394  21440.028568   9115.694928    293.531235  7  3  2  88       
PG18   5706.693181 -25923.112924    206.621228    242.276452 10  8 10  88       
PG19  17763.360052  19758.452120    563.136980   -134.133200  7  3  5  90       
PG20   6451.836017 -18137.757068  18124.286397    527.321137  5  6  5  77       
PG21  -7224.720094 -21959.095079  14113.168382     21.783095  6  5  6  94       
PG22 -24727.539983   9332.733593   1861.628810   -773.086772  6  4  6  82       
PG24  14344.358119 -14479.971435  16633.333353    -15.445794  6  4  5  84       
PG25  15234.990105 -15964.349001 -14828.577919     21.591040  8  6  7  84       
PG26 -16776.698159  -8275.349994 -18971.260777    240.520146  7  5  6  45       
PG27 -22330.578336 -11054.244038   9520.784613   -341.889007  5  5  4  74       
PG28   5890.678743  14073.771917  22313.954092    701.044167  6  5  2  70       
PG29   5691.577839 -14537.762550 -21527.383826   -146.775521  6  5  4  72       
PG30   2081.667397  24281.807358  10338.456363   -258.850687  6  4  6  69       
PG31  -8922.038591 -17363.948863 -17838.464158    -54.578751  5  4  5  81       
PG32 -15059.082881 -20501.927950   7989.650026    314.396564  5  3  4 104       
*  2020  7 10  2  0  0.00000000
PG01 -13706.490763  14307.913334  17287.834283     23.580596  7  6  5  87       
PG02  13657.945431   9081.355317 -20264.913412   -484.908318  6  6  4  67       
PG03 -23145.138272  12369.269179  -3788.743574   -234.952009  7  4  8  61       
PG04 -13988.581128   7730.244232 -21206.105990   -112.830447 10  5  8  87       
PG05  22531.117873   1002.537123 -14326.122888    -16.344347  7  5  3  82       
PG06   7261.094819  20764.409377 -14802.250575   -300.913315  4  4  4  77       
PG07  -5438.172984  25574.125721  -2439.312778   -323.672960  6  5  6  65       
PG08 -21323.671699  -2319.937867  15840.550371    -40.448731  6  5  4  93       
PG09  -2564.709883  16468.020931 -20726.114365   -250.940963  6  2  4  73       
PG10  -3268.216769 -14936.584128  21788.404592   -395.219144  6  4  4  73       
PG11 -15199.018207   5013.306559  20705.796287   -225.526658  7  2  5  71       
PG12  23908.436879 -10755.840115  -3944.525358     95.719688  4  7  7  81       
PG13  21615.508941  11222.767933  10596.870250     25.378013  6  5  4  81       
PG14 -17955.092274 -19471.846491   3397.401620      0.179419  6  5  5  84       
PG15  21552.343472   -363.017319  15436.728935   -218.619798  6  7  5  80       
PG16 -23860.118802  -1221.042840 -12286.094733   -180.778989  7  7  6  88       
PG17  12155.839776  20787.573338  11676.876167    293.536476  7  3  1  80       
PG18   5923.642154 -25740.323034  -2653.383535    242.285100 11  9 10  95       
PG19  17442.364119  19707.604599   3446.015425   -134.128562  7  2  4  80       
PG20   8318.874356 -18909.076767  16488.818731    527.321083  5  6  4  66       
PG21  -6908.085772 -23301.774682  11834.317258     21.786958  6  4  6  79       
PG22 -24557.948916   8870.291093   4633.383716   -773.084534  6  5  6  85       
PG24  14341.483872 -12418.545414  18240.834498    -15.446392  6  4  5  71       
PG25  16748.239778 -16318.069607 -12585.292877     21.594765  7  6  7  64       
PG26 -14760.870155  -9235.838993 -20148.380172    240.526266  7  5  6  59       
PG27 -22952.758719 -11785.986972   6857.431464   -341.897697  5  5  4  61       
PG28   3550.455161  14722.510219  22405.369649    701.040645  6  5  3  75       
PG29   7513.254452 -12859.750055 -22034.801371   -146.783278  6  5  4  51       
PG30   1578.468301  25242.093237   7782.946061   -258.857639  6  4  6  59       
PG31  -8365.418002 -19241.266121 -16049.953950    -54.581116  5  4  5  60       
PG32 -14101.477409 -20021.233968  10556.431948    314.402233  5  4  4  82       
*  2020  7 10  2 15  0.00000000
PG01 -13612.800367  12184.528789  18920.901835     23.584932  6  6  4  89       
PG02  13478.711109  11462.000769 -19187.032158   -484.913658  5  6  3  70       
PG03 -23485.965844  12253.708884   -932.404884   -234.962484  7  4  7  68       
PG04 -15833.460710   6221.164576 -20393.122113   -112.834619 10  5  8  95       
PG05  21061.405829   1925.005033 -16329.250895    -16.345360  6  5  2  85       
PG06   6946.524759  22310.948806 -12533.498404   -300.918082  4  4  3  86       
PG07  -5698.299483  25059.841037  -5261.633741   -323.680988  6  5  5  56       
PG08 -22614.931126  -3405.146919  13733.254064    -40.449968  6  5  4  96       
PG09  -4574.016123  15150.915819 -21377.499444   -250.946880  6  2  4  80       
PG10  -1019.670711 -15904.896375  21295.897480   -395.228828  6  4  4  76       
PG11 -16052.180783   2686.044770  20468.720164   -225.516839  6  3  5  86       
PG12  24228.192950 -10644.786184  -1064.389894     95.715237  4  7  7  70       
PG13  22259.714404  12109.692302   8007.051187     25.380744  6  4  4  56       
PG14 -17418.948518 -19323.278230   6171.930448      0.181699  5  5  5  42       
PG15  22908.274345    682.312193  13415.097445   -218.617553  6  7  5  70       
PG16 -22500.021986  -1832.436506 -14563.788269   -180.782881  6  7  5  71       
PG17  10974.493896  20013.500000  14041.636119    293.541889  7  4     65       
PG18   6108.046920 -25250.362909  -5467.648326    242.293772 11  9 10  94       
PG19  16875.602995  19459.579503   6269.431630   -134.124019  6  2  4  78       
PG20   9976.033466 -19662.805005  14565.457797    527.321074  6  7  4  80       
PG21  -6668.730719 -24400.322612   9362.292774     21.791001  6  4  6  77       
PG22 -24139.740829   8253.784078   7325.039194   -773.082106  6  5  5  74       
PG24  14427.897061 -10196.108491  19525.723505    -15.447269  6  4  5  65       
PG25  18000.197657 -16642.396404 -10125.314461     21.598558  7  7  7  72       
PG26 -12692.364785 -10346.611773 -20981.495645    240.532437  7  5  6  99       
PG27 -23366.121270 -12300.403851   4077.842883   -341.906408  4  6  4  66       
PG28   1261.189023  15498.556034  22131.522277    701.037672  6  5  3  54       
PG29   9453.532288 -11263.662167 -22164.611656   -146.791043  6  6  4  83       
PG30   1162.987451  25931.512845   5091.996264   -258.864609  6  4  5  34       
PG31  -7932.632942 -20929.395517 -13980.725065    -54.583322  5  4  5  74       
PG32 -12893.878227 -19428.107268  12943.706409    314.407914  5  4  4  81       
*  2020  7 10  2 30  0.00000000
PG01 -13626.395661   9892.125476  20218.717164     23.589223  6  6  4  86       
PG02  13416.298015  13699.789133 -17761.243223   -484.918872  5  6  2  65       
PG03 -23544.618010  12004.681954   1940.073292   -234.972978  7  4  7  82       
PG04 -17661.369923   4873.017817 -19229.106298   -112.838791  9  5  8  85       
PG05  19458.787836   3025.099626 -18056.354225    -16.346125  6  5  2  92       
PG06   6728.059234  23602.161135 -10047.975207   -300.922870  5  4  2  87       
PG07  -5968.692625  24240.050587  -7989.945076   -323.689011  6  6  5  41       
PG08 -23748.208976  -4287.753794  11392.673579    -40.450042  6  6  4 100       
PG09  -6692.634805  13910.392310 -21662.621036   -250.952785  6  2  4  83       
PG10   1109.198874 -16956.521308  20438.568188   -395.238514  6  4  5  82       
PG11 -16985.306055    439.279298  19862.684917   -225.507320  6  4  5  85       
PG12  24253.346565 -10417.202388   1834.195638     95.710591  4  7  7  66       
PG13  22718.310724  12767.925129   5279.643389     25.383955  6  4  4  60       
PG14 -16633.667764 -19018.282228   8842.355379      0.184431  5  5  5  50       
PG15  24093.707951   1551.822407  11162.451445   -218.615134  6  7  5  88       
PG16 -20953.479935  -2612.232398 -16599.247153   -180.787001  5  7  4  96       
PG17   9549.322883  19161.078192  16171.133791    293.547415  7  4     82       
PG18   6297.611947 -24457.871321  -8187.677253    242.302486 11 10 11  94       
PG19  16045.765229  19049.802062   8984.296474   -134.119524  6  2  3  73       
PG20  11406.211819 -20360.033329  12387.590250    527.321068  6  7  4  90       
PG21  -6475.141952 -25230.742175   6736.437127     21.794808  6  5  6  76       
PG22 -23501.211522   7460.799732   9890.392622   -773.080077  5  5  5  88       
PG24  14621.202625  -7855.642999  20465.846565    -15.449067  6  3  5  67       
PG25  18980.061494 -16897.045021  -7490.378050     21.602405  7  7  6  76       
PG26 -10616.357225 -11597.129934 -21455.810515    240.538593  7  5  6  82       
PG27 -23539.346202 -12620.978136   1229.291747   -341.915143  4  6  4  12       
PG28   -934.082766  16383.175389  21497.052214    701.034373  5  5  4  77       
PG29  11474.538723  -9783.182755 -21914.715466   -146.798737  6  6  4  89       
PG30    803.799324  26331.057177   2312.339498   -258.871579  6  4  5  50       
PG31  -7601.600522 -22390.109547 -11666.236239    -54.585434  5  4  5  84       
PG32 -11439.575067 -18762.822475  15110.932363    314.413607  5  4  4  89       
*  2020  7 10  2 45  0.00000000
PG01 -13766.563040   7477.092953  21158.728962     23.593571  6  6  4  88       
PG02  13450.927044  15750.722369 -16014.750279   -484.923967  5  5     67       
PG03 -23339.693857  11589.393954   4778.925144   -234.983507  7  4  7  82       
PG04 -19426.798279   3698.040458 -17734.188332   -112.842966  9  5  8  77       
PG05  17766.829003   4303.530379 -19478.181235    -16.346627  5  4  2  93       
PG06   6573.230636  24610.875494  -7388.723879   -300.927611  5  5  2 103       
PG07  -6284.681865  23128.526336 -10575.178080   -323.696403  6  6  4  57       
PG08 -24683.707540  -4980.002083   8858.772882    -40.450117  6  6  4  88       
PG09  -8881.467334  12774.240253 -21576.667378   -250.958605  6  2  4  83       
PG10   3082.163511 -18059.190756  19230.332960   -395.248178  6  4  5  78       
PG11 -17971.952081  -1687.352062  18898.110345   -225.497716  6  5  4  82       
PG12  23999.993462 -10037.879093   4700.825614     95.705900  4  6  7  84       
PG13  22957.158431  13215.964781   2461.652699     25.386573  6  4  3  48       
PG14 -15592.065082 -18595.037562  11364.137328      0.187016  5  5  5  46       
PG15  25073.090308   2259.139377   8718.499947   -218.612767  6  7  5  60       
PG16 -19262.319494  -3572.528796 -18358.450131   -180.791303  5  7  3  90       
PG17   7891.211901  18273.419994  18030.646276    293.552670  7  5     83       
PG18   6528.791495 -23376.289600 -10766.622876    242.311178 11 10 11  92       
PG19  14943.991493  18517.594806  11543.063110   -134.115066  6  3  3  77       
PG20  12600.486773 -20960.963078   9993.161395    527.321350  6  8  3  86       
PG21  -6292.521329 -25776.105949   3999.089053     21.799264  6  5  6  83       
PG22 -22676.008719   6475.222606  12285.670199   -773.077799  5  6  5  84       
PG24  14931.827609  -5443.480264  21045.360743    -15.449390  5  3  5  70       
PG25  19685.740122 -17041.770658  -4725.564898     21.606285  7  7  6  81       
PG26  -8576.318761 -12969.149350 -21562.584742    240.544795  7  5  6  82       
PG27 -23447.537872 -12777.304728  -1640.014874   -341.923863  3  6  4  82       
PG28  -2996.391836  17350.712060  20512.153675    701.031219  4  5  5  60       
PG29  13533.390862  -8445.171422 -21289.487044   -146.806759  6  5  4 101       
PG30    466.796419  26429.912363   -507.632906   -258.878527  5  4  5  78       
PG31  -7344.358516 -23591.447623  -9146.544796    -54.587725  4  5  5  90       
PG32  -9750.229477 -18065.518816  17021.277036    314.419258  5  4  4  77       
*  2020  7 10  3  0  0.00000000
PG01 -14044.676430   4989.442015  21724.947307     23.597876  5  6  4  61       
PG02  13556.301643  17576.965569 -13980.541553   -484.929191  5  4     69       
PG03 -22897.259149  10980.191009   7534.896957   -234.994013  6  5  7  76       
PG04 -21083.992543   2700.219700 -15934.177855   -112.847090  9  5  7  58       
PG05  16029.706181   5752.959098 -20570.532961    -16.347324  5  4  2  80       
PG06   6445.721030  25318.164667  -4601.772770   -300.932345  5  5  2  92       
PG07  -6678.641204  21747.837340 -12970.732678   -323.704550  5  6  3  68       
PG08 -25386.169195  -5501.491752   6174.673308    -40.451390  6  7  4  51       
PG09 -11097.307128  11763.472388 -21121.152410   -250.964493  6  3  3  77       
PG10   4869.422788 -19175.541172  17691.193190   -395.257851  6  5  6  66       
PG11 -18980.310931  -3659.608983  17592.215734   -225.488163  5  5  3  50       
PG12  23492.297123  -9476.308689   7485.380381     95.701572  4  6  7  79       
PG13  22947.826122  13479.146134   -398.514571     25.389612  5  4  3  63       
PG14 -14295.085598 -18093.445452  13695.463878      0.189521  5  5  4  71       
PG15  25815.870921   2824.444862   6125.825904   -218.610712  6  7  4  65       
PG16 -17471.074912  -4717.466289 -19811.765913   -180.795773  4  7  2  93       
PG17   6019.234335  17391.842184  19590.038659    293.557623  7  5     82       
PG18   6835.190036 -22027.411004 -13160.095753    242.319810 10 11 11  96       
PG19  13570.458433  17904.559456  13900.600421   -134.110523  6  4  3  94       
PG20  13558.270718 -21426.531488   7423.990143    527.320950  6  8  4  99       
PG21  -6084.190976 -26027.212583   1195.044914     21.803371  6  5  6  77       
PG22 -21701.768071   5288.024088  14470.253709   -773.075548  5  6  5  58       
PG24  15362.556726  -3007.638896  21254.980382    -15.449899  5  3  5  64       
PG25  20123.838102 -17038.072574  -1878.546827     21.610165  7  7  5  82       
PG26  -6612.497213 -14437.265261 -21299.323862    240.550989  7  5  7  89       
PG27 -23073.214123 -12803.776662  -4481.710610   -341.932589  3  6  3  50       
PG28  -4892.064601  18369.472213  19192.445619    701.028112  3  5  5  53       
PG29  15583.693950  -7268.765625 -20299.694044   -146.814533  6  5  4  54       
PG30    116.736632  26225.878627  -3318.742709   -258.885531  5  4  4  85       
PG31  -7128.327958 -24508.911533  -6465.604080    -54.590053  4  5  4  79       
PG32  -7845.618397 -17374.611893  18642.218408    314.424920  6  4  4  58       
*  2020  7 10  3 15  0.00000000
PG01 -14463.695240   2480.987772  21908.203312     23.602152  5  5  3  47       
PG02  13700.861385  19148.140407 -11696.608149   -484.934371  5  3     62       
PG03 -22249.758910  10155.836748  10160.123600   -235.004508  6  5  6  56       
PG04 -22588.627700   1875.322481 -13860.115237   -112.851267  9  5  7  70       
PG05  14290.627204   7358.092886 -21314.660635    -16.348120  5  4  3  67       
PG06   6306.959909  25713.987878  -1735.325129   -300.937093  5  5  2  85       
PG07  -7178.454751  20128.549636 -15133.432008   -323.712440  5  5  3  75       
PG08 -25826.202872  -5878.229573   3385.944049    -40.451439  6  7  4  90       
PG09 -13294.322437  10891.617110 -20303.887425   -250.970395  6  3  3  79       
PG10   6448.584654 -20264.511591  15846.946445   -395.267573  6  6  6  72       
PG11 -19974.483175  -5449.843927  15968.679925   -225.478683  5  5  3  85       
PG12  22761.513839  -8708.110498  10138.943040     95.697355  4  6  7  71       
PG13  22668.748366  13588.465631  -3251.878905     25.392469  5  4  3  76       
PG14 -12751.884435 -17553.535136  15797.862800      0.192329  5  4  4  60       
PG15  26297.595185   3273.443671   3429.122437   -218.608220  6  6  4  75       
PG16 -15625.426557  -6042.887042 -20934.419318   -180.799646  4  7  2  89       
PG17   3960.082951  16554.323256  20824.160069    293.563081  6  5     75       
PG18   7246.079817 -20440.618869 -15326.929334    242.328469 10 11 11  80       
PG19  11934.617387  17252.860713  16015.044276   -134.105945  7  4  3  85       
PG20  14287.137527 -21720.023662   4725.006607    527.321002  6  8  4 103       
PG21  -5813.109585 -25982.994086  -1629.052391     21.807291  6  6  6  73       
PG22 -20618.621913   3897.773701  16407.337370   -773.073455  4  6  5  94       
PG24  15908.394934   -596.112333  21092.086066    -15.450166  4  3  5  65       
PG25  20309.304631 -16850.860202   1001.238571     21.614016  7  7  5  84       
PG26  -4760.520353 -15969.745612 -20669.866385    240.557211  6  5  7  66       
PG27 -22407.026984 -12738.109158  -7248.034795   -341.941287  3  6  3  60       
PG28  -6593.769326  19402.829207  17558.787067    701.024700  2  4  6  62       
PG29  17577.181901  -6264.787963 -18962.312133   -146.822371  6  5  4  60       
PG30   -281.159041  25725.460397  -6071.916959   -258.892413  5  4  3  61       
PG31  -6917.781919 -25126.378802  -3670.467240    -54.592177  4  6  4  86       
PG32  -5753.076362 -16725.282499  19946.080590    314.430605  6  4  4  81       
*  2020  7 10  3 30  0.00000000
PG01 -15018.022371      3.475584  21706.263920     23.606364  5  5  4  57       
PG02  13849.246457  20442.288151  -9205.076479   -484.939389  5  2     70       
PG03 -21434.688831   9102.543921  12608.983600   -235.014923  6  5  6  46       
PG04 -23899.433398   1211.247545 -11547.733673   -112.855464  9  5  7  80       
PG05  12590.294417   9096.079063 -21697.583966    -16.348256  5  3  3  98       
PG06   6117.812639  25797.498155   1161.087523   -300.941763  4  5  2  94       
PG07  -7806.172594  18308.095418 -17024.406690   -323.720402  5  5  3  56       
PG08 -25981.401086  -6141.442993    539.859264    -40.453464  5  7  4  88       
PG09 -15425.646003  10164.308777 -19138.848856   -250.976365  6  3  2  73       
PG10   7805.364677 -21282.909177  13728.791238   -395.277227  6  6  6  72       
PG11 -20915.943547  -7037.912762  14057.146430   -225.469105  5  6  2  47       
PG12  21844.737825  -7716.226407  12614.710644     95.693056  4  6  6  54       
PG13  22106.127181  13579.202222  -6049.714515     25.395397  5  3  2  41       
PG14 -10979.613846 -17013.891701  17636.754839      0.194583  4  4  4  31       
PG15  26500.763970   3636.138976    674.423032   -218.605909  6  6  3  59       
PG16 -13770.602109  -7536.296427 -21706.899912   -180.804142  4  7  2  89       
PG17   1747.235607  15794.105944  21713.166705    293.567879  6  5     70       
PG18   7785.093727 -18651.843338 -17229.886935    242.337128 10 11 11  89       
PG19  10055.070810  16603.480471  17848.606935   -134.101483  7  5  3  83       
PG20  14802.326778 -21808.603906   1943.428477    527.320554  7  8  5  91       
PG21  -5443.450619 -25650.648200  -4425.397681     21.811324  6  6  6  24       
PG22 -19467.639736   2310.856181  18064.506509   -773.071416  3  6  4  54       
PG24  16556.758492   1744.823302  20560.698355    -15.451133  4  3  4  68       
PG25  20264.754974 -16450.011822   3863.468173     21.617803  7  7  5  75       
PG26  -3050.176282 -17529.624225 -19684.365191    240.563456  6  6  7  72       
PG27 -21448.191283 -12619.755825  -9892.578770   -341.950032  4  6  3  52       
PG28  -8081.350296  20410.515647  15637.035371    701.021530  3  4  6  66       
PG29  19465.438288  -5435.480244 -17300.237364   -146.830009  6  5  4  41       
PG30   -759.624319  24943.622722  -8719.081762   -258.899367  5  4  3  75       
PG31  -6675.460028 -25436.691873   -810.413697    -54.594480  4  6  4  68       
PG32  -3506.655955 -16148.098602  20910.494615    314.436301  6  4  4  59       
*  2020  7 10  3 45  0.00000000
PG01 -15693.724159  -2393.271536  21123.803348     23.610623  5  5  4  66       
PG02  13963.901285  21446.471254  -6551.285750   -484.944702  5  2  1  45       
PG03 -20493.078168   7814.717914  14838.915803   -235.025518  6  5  6  21       
PG04 -24979.713589    688.685781  -9036.841916   -112.859668  9  5  6  60       
PG05  10965.468077  10937.189712 -21712.325162    -16.349108  4  3  4  90       
PG06   5840.292307  25577.003356   4037.472282   -300.946563  4  5  3  77       
PG07  -8576.919322  16329.360378 -18609.882682   -323.727971  5  5  3  68       
PG08 -25837.207324  -6326.202184  -2315.368080    -40.454255  5  7  5  54       
PG09 -17445.012077   9579.190593 -17645.944280   -250.982220  5  4  3  61       
PG10   8933.974240 -22187.083438  11372.828808   -395.286888  6  7  6  81       
PG11 -21765.130255  -8411.760242  11892.588859   -225.459439  5  5  1  40       
PG12  20783.414671  -6491.833880  14868.879256     95.688510  4  6  6  78       
PG13  21254.544712  13489.388689  -8744.362720     25.398428  5  3  2  73       
PG14  -9002.928626 -16510.160111  19181.943231      0.197224  5  4  4  50       
PG15  26415.434680   3945.466290  -2091.661698   -218.603621  5  6  3  64       
PG16 -11949.794563  -9177.131793 -22115.307564   -180.808392  5  7  3 102       
PG17   -580.113383  15138.490134  22242.772981    293.573377  5  4     83       
PG18   8469.144591 -16702.277260 -18836.298750    242.345891 10 11 11  76       
PG19   7959.084200  15994.514240  19368.324572   -134.096699  6  5  4  77       
PG20  15125.946972 -21664.703228   -872.105996    527.320952  7  8  7  87       
PG21  -4942.187065 -25045.477854  -7145.778842     21.815772  6  7  6  69       
PG22 -18289.260339    541.389709  19414.232044   -773.069132  3  6  4  62       
PG24  17287.981701   3972.212676  19671.322172    -15.452736  4  3  5  54       
PG25  20019.487084 -15811.759358   6657.851954     21.621540  6  6  5  60       
PG26  -1504.418802 -19076.014959 -18359.160009    240.569688  6  7  8  83       
PG27 -20204.607887 -12488.274602 -12371.005464   -341.958741  4  6  4  84       
PG28  -9342.420471  21350.064215  13457.744947    701.018144  3  5  7  45       
PG29  21201.633127  -4774.573637 -15341.900848   -146.837848  5  5  4  47       
PG30  -1347.846469  23903.223173 -11214.038623   -258.906394  4  4  2  60       
PG31  -6364.260526 -25441.894803   2063.982196    -54.596787  5  6  3  58       
PG32  -1146.036252 -15667.821849  21518.777865    314.442030  6  4  4  40       
*  2020  7 10  4  0  0.00000000
PG01 -16469.098146  -4663.108088  20172.236915     23.614797  5  5  4  57       
PG02  14006.742658  22157.001295  -3782.840393   -484.949723  5  2  2  77       
PG03 -19467.844693   6295.381025  16811.181301   -235.036012  6  5  6  61       
PG04 -25798.701181    282.062173  -6370.638315   -112.863922  9  5  6  66       
PG05   9447.682137  12845.773306 -21358.054138    -16.349686  4  3  4  85       
PG06   5439.227088  25069.583696   6844.245985   -300.951239  4  5  4  79       
PG07  -9498.105358  14239.052228 -19861.850088   -323.736107  5  5  3  65       
PG08 -25387.502470  -6469.901613  -5131.365482    -40.455200  4  6  5  63       
PG09 -19308.379451   9126.133332 -15850.680119   -250.988111  5  4  3  81       
PG10   9837.179282 -22934.644535   8819.467503   -395.296536  6  7  6  83       
PG11 -22483.084621  -9567.656569   9514.557318   -225.449718  5  5     48       
PG12  19621.682334  -5034.934207  16861.481924     95.684380  4  5  6  63       
PG13  20117.265847  13358.192662 -11290.019414     25.401196  5  3  2  70       
PG14  -6853.229549 -16073.675936  20408.038152      0.199738  5  4  4  52       
PG15  26039.548134   4235.839683  -4822.690042   -218.601173  5  6  3  73       
PG16 -10202.651871 -10937.333532 -22151.628790   -180.812472  4  8  4  69       
PG17  -2978.318783  14607.854289  22404.431914    293.578802  5  4  1  74       
PG18   9307.613045 -14636.900982 -20118.618277    242.354551 10 11 11  78       
PG19   5681.747015  15459.581620  20546.723232   -134.092265  6  6  4  66       
PG20  15285.911696 -21267.205968  -3672.429532    527.320597  7  8  8  98       
PG21  -4280.622125 -24190.428934  -9742.397286     21.819420  7  7  6  71       
PG22 -17121.774353  -1389.148134  20434.276667   -773.066767  3  6  4  51       
PG24  18076.113345   6047.873301  18440.670911    -15.453670  4  2  5  74       
PG25  19608.229490 -14919.838160   9335.070724     21.625235  6  6  6  75       
PG26   -138.637999 -20565.598680 -16716.539835    240.575934  6  7  8  94       
PG27 -18692.678563 -12381.701999 -14641.734874   -341.967437  5  6  4  83       
PG28 -10372.689911  22178.353646  11055.803361    701.014817  3  5  7  64       
PG29  22742.210126  -4267.691675 -13120.791641   -146.845367  5  6  4  86       
PG30  -2070.108387  22634.142115 -13513.304690   -258.913344  4  4  2  67       
PG31  -5948.937079 -25153.104786   4901.818133    -54.598964  5  6  3  71       
PG32   1284.781917 -15302.443493  21760.226102    314.447728  7  4  4  23       
*  2020  7 10  4 15  0.00000000
PG01 -17315.559746  -6765.154051  18869.426500     23.619099  4  5  5  56       
PG02  13940.818928  22579.298833   -948.664852   -484.955161  5  3  2  54       
PG03 -18402.087565   4556.259294  18491.555411   -235.046589  6  4  6  46       
PG04 -26332.695948    -39.278022  -3594.968029   -112.868088  9  6  5  87       
PG05   8062.160102  14781.441239 -20640.140921    -16.349846  4  2  5  79       
PG06   4883.817335  24300.382065   9533.094719   -300.955912  4  5  4  88       
PG07 -10568.976252  12085.923960 -20758.594938   -323.743976  5  5  3  55       
PG08 -24634.888819  -6610.657242  -7860.383050    -40.455928  4  6  5  49       
PG09 -20975.479526   8787.761357 -13783.735969   -250.993974  5  5  3  54       
PG10  10526.024065 -23486.157843   6112.738025   -395.306190  6  8  7  73       
PG11 -23033.066104 -10510.079012   6966.330646   -225.440363  5  5     47       
PG12  18404.607456  -3354.587297  18557.159090     95.679842  4  5  5  71       
PG13  18706.221199  13224.269169 -13643.485212     25.404165  5  3  2  66       
PG14  -4567.672378 -15730.268368  21294.814735      0.202392  5  4  4  28       
PG15  25378.975630   4541.664672  -7473.109257   -218.598808  5  6  3  82       
PG16  -8563.891919 -12782.203656 -21813.937252   -180.816937  4  8  4  62       
PG17  -5400.704115  14214.936150  22195.445581    293.583873  5  4  2  70       
PG18  10301.835544 -12502.872984 -21054.889049    242.363206  9 10 10  85       
PG19   3264.811823  15026.419434  21362.384687   -134.087682  6  6  4  81       
PG20  15314.653901 -20602.387246  -6408.742507    527.320333  7  8  9  93       
PG21  -3435.801862 -23115.328664 -12168.742867     21.823252  7  7  6  48       
PG22 -15999.912517  -3452.569677  21108.010383   -773.064396  2  6  4  68       
PG24  18889.965450   7939.641663  16891.281779    -15.455250  4  3  5  74       
PG25  19069.669374 -13766.349472  11847.711664     21.628913  5  6  5  75       
PG26   1039.773456 -21954.227155 -14784.396218    240.582174  6  8  7  44       
PG27 -16936.819673 -12334.993386 -16666.588564   -341.976111  5  6  3  57       
PG28 -11176.014001  22853.211661   8470.001472    701.011775  3  6  7  84       
PG29  24048.460776  -3893.070359 -10674.895131   -146.853710  5  6  5  73       
PG30  -2944.630093  21172.146959 -15576.899160   -258.920284  4  4  3  70       
PG31  -5397.726560 -24590.022330   7652.842606    -54.601230  5  6  3  79       
PG32   3738.947125 -15062.486572  21630.312923    314.453454  7  4  3  41       
*  2020  7 10  4 30  0.00000000
PG01 -18198.806027  -8665.154928  17239.269823     23.623375  3  5  5  88       
PG02  13731.891811  22727.406628   1901.915608   -484.960262  4  3  2  77       
PG03 -17337.386556   2617.527480  19850.936088   -235.057129  6  4  6  88       
PG04 -26565.942274   -309.685638   -757.536129   -112.872294  9  6  5  87       
PG05   6826.972170  16700.448277 -19570.111948    -16.350942  4  1  5  93       
PG06   4149.021310  23301.596219  12057.806414   -300.960701  4  6  4  90       
PG07 -11780.518300   9918.931755 -21285.081397   -323.751779  5  6  3  80       
PG08 -23590.660804  -6785.678532 -10456.068275    -40.456897  3  6  6  92       
PG09 -22411.231075   8540.265780 -11480.451842   -250.999906  5  6  4  84       
PG10  11019.227954 -23806.746492   3299.530323   -395.315866  7  8  7  74       
PG11 -23382.070521 -11251.250288   4294.002028   -225.430979  5  5  1  44       
PG12  17176.390305  -1468.779497  19925.842203     95.675529  4  4  5  78       
PG13  17041.672586  13124.146910 -15764.867860     25.406944  5  3  2  69       
PG14  -2187.976811 -15499.275098  21827.503403      0.204690  6  5  4  91       
PG15  24447.289999   4895.871347  -9998.942678   -218.596445  4  5  3  92       
PG16  -7062.093859 -14671.527162 -21106.511415   -180.821330  4  8  5  83       
PG17  -7799.088649  13964.395512  21619.005909    293.589451  5  4  1  76       
PG18  11444.912381 -10347.848154 -21629.114274    242.371804  9 10  9  83       
PG19    755.255814  14715.719361  21800.395730   -134.082703  6  6  4  78       
PG20  15247.672537 -19664.563797  -9033.495676    527.320316  7  8 10  74       
PG21  -2391.744929 -21855.839498 -14380.507555     21.827457  7  7  6  66       
PG22 -14953.589997  -5614.875276  21424.634482   -773.062159  3  5  4  87       
PG24  19694.367766   9622.369056  15051.035713    -15.455453  3  3  5  73       
PG25  18444.820514 -12352.294799  14151.179331     21.632597  5  5  5  74       
PG26   2031.538966 -23198.582257 -12595.770649    240.588345  6  8  7  45       
PG27 -14968.691745 -12378.584684 -18411.386632   -341.984773  5  6  3  98       
PG28 -11764.153190  23335.022859   5742.534647    701.008758  3  6  6  61       
PG29  25087.925711  -3622.567679  -8046.055500   -146.861035  4  6  5  38       
PG30  -3982.657238  19557.537046 -17369.059601   -258.927274  3  4  3  87       
PG31  -4683.836771 -23780.100568  10268.420853    -54.603620  5  6  3  87       
PG32   6168.341854 -14950.601754  21130.792283    314.459174  7  4  3  69       
*  2020  7 10  4 45  0.00000000
PG01 -19080.204449 -10336.564585  15311.187889     23.627598  3  5  6  81       
PG02  13349.879957  22623.190937   4720.048723   -484.965517  4  4  3 104       
PG03 -16312.175688    507.221710  20865.857008   -235.067689  7  3  5  67       
PG04 -26491.213328   -565.680765   2092.909921   -112.876442  9  6  4  56       
PG05   5752.466801  18557.218305 -18165.507835    -16.351164  4  1  5  70       
PG06   3216.715579  22111.213288  14375.062056   -300.965384  4  6  4  88       
PG07 -13115.721339   7785.409355 -21433.177789   -323.759769  5  6  3  69       
PG08 -22274.462484  -7029.675428 -12874.223071    -40.457803  3  5  6  85       
PG09 -23586.968132   8354.473677  -8980.236031   -251.005790  4  6  4  72       
PG10  11342.276823 -23867.535998    428.765492   -395.325530  7  9  7  53       
PG11 -23502.185916 -11810.361830   1545.526622   -225.421030  5  4  2  38       
PG12  15978.613720    596.072989  20943.333343     95.671395  4  5  5  54       
PG13  15151.574628  13090.708534 -17618.227562     25.410125  5  3  2  66       
PG14    240.924458 -15392.801825  21997.011144      0.207124  6  5  4  58       
PG15  23265.273337   5328.518848 -12358.438379   -218.594253  4  5  3  77       
PG16  -5718.712399 -16560.921716 -20039.862259   -180.825749  4  8  5  53       
PG17 -10125.371825  13852.673562  20684.165490    293.594533  4  3  2  67       
PG18  12721.843130  -8218.288034 -21831.523690    242.380433  9 10  8  79       
PG19  -1796.377972  14540.262018  21852.667239   -134.078277  6  6  5  82       
PG20  15121.972320 -18456.433145 -11501.240673    527.320660  7  7 10  89       
PG21  -1140.426823 -20452.157174 -16336.516889     21.831774  7  7  6  69       
PG22 -14006.850474  -7837.365538  21379.314217   -773.059657  3  5  4  80       
PG24  20451.574546  11078.634232  12952.596272    -15.456334  3  3  5  69       
PG25  17775.299016 -10687.755268  16204.559448     21.636269  4  5  4  52       
PG26   2845.294613 -24257.825515 -10188.301680    240.594497  6  8  6  66       
PG27 -12826.171292 -12537.126704 -19846.490777   -341.993451  5  6  2  82       
PG28 -12156.244519  23588.286779   2918.432926    701.005279  3  6  6  87       
PG29  25835.570065  -3422.923859  -5279.272081   -146.868988  3  6  6  51       
PG30  -5187.833626  17833.624751 -18858.873940   -258.934235  3  4  4  70       
PG31  -3786.729348 -22757.409800  12702.463753    -54.605895  6  6  2  78       
PG32   8525.222612 -14961.473765  20269.700791    314.464875  7  4  4  63       
*  2020  7 10  5  0  0.00000000
PG01 -19918.346740 -11761.314485  13119.526321     23.631812  2  4  6  85       
PG02  12770.113202  22295.275814   7458.169004   -484.970904  4  4  3  77       
PG03 -15360.256108  -1739.657145  21518.895763   -235.078222  7  3  5  67       
PG04 -26110.079538   -844.342388   4907.414484   -112.880656  9  6  5  90       
PG05   4841.000458  20305.960495 -16449.641325    -16.351612  4  2  5  89       
PG06   2076.585257  20771.536805  16445.172127   -300.970039  4  6  4  92       
PG07 -14550.182541   5729.338056 -21201.725709   -323.767402  5  6  3  84       
PG08 -20713.642920  -7373.359591 -15073.532691    -40.460040  4  5  6  77       
PG09 -24481.434202   8197.132514  -6325.902609   -251.011428  4  6  5  49       
PG10  11526.243788 -23646.880524  -2449.481654   -395.335220  7  9  8  51       
PG11 -23371.730435 -12212.524200  -1230.240684   -225.411612  5  4  1  23       
PG12  14848.609995   2805.966307  21591.766447     95.667065  4  5  5  61       
PG13  13070.656861  13151.821284 -19172.156864     25.413005  5  3  2  86       
PG14   2672.351617 -15415.251592  21800.072073      0.209641  6  5  3  80       
PG15  21860.182056   5865.518503 -14512.675072   -218.591808  4  5  2  82       
PG16  -4547.355485 -18403.371898 -18630.664193   -180.829852  3  8  5  87       
PG17 -12333.123304  13868.154558  19405.737431    293.599790  5  3  2  90       
PG18  14109.984338  -6157.827432 -21658.733707    242.389063  8  9  7  88       
PG19  -4337.791593  14504.386740  21518.112897   -134.073665  6  6  5  86       
PG20  14974.461023 -16989.089096 -13769.431242    527.320292  7  7  9  78       
PG21    317.537848 -18947.495778 -17999.653247     21.835650  7  7  6  71       
PG22 -13177.045910 -10077.926142  20973.221331   -773.057426  3  4  4  81       
PG24  21122.765982  12299.152197  10632.782400    -15.456269  3  4  5  62       
PG25  17101.579852  -8791.704748  17971.413536     21.639960  3  4  3  65       
PG26   3497.069620 -25095.172203  -7603.579985    240.600754  7  8  5  66       
PG27 -10552.099803 -12828.437894 -20947.287149   -342.002088  6  6  2  99       
PG28 -12377.994603  23583.069751     44.919521    701.002047  4  7  5  44       
PG29  26274.687806  -3257.224076  -2421.940625   -146.876825  2  6  6  55       
PG30  -6555.882600  16045.114781 -20020.816182   -258.941230  3  4  5  76       
PG31  -2693.142783 -21561.247167  14912.296854    -54.607966  6  6  3  85       
PG32  10763.855247 -15082.044010  19061.257582    314.470582  7  4  3  47       
*  2020  7 10  5 15  0.00000000
PG01 -20670.703465 -12930.246782  10702.886947     23.636193  3  4  6  66       
PG02  11974.357251  21777.762540  10070.741289   -484.976076  4  4  3  91       
PG03 -14509.507067  -4082.313875  21798.969981   -235.088986  7  5  5  71       
PG04 -25432.851345  -1181.677323   7637.650513   -112.884873  9  6  5  63       
PG05   4086.978688  21902.316563 -14451.255476    -16.352721  4  4  4  90       
PG06    726.710025  19327.564028  18232.746276   -300.974672  4  6  4  75       
PG07 -16053.019437   3789.784778 -20596.457048   -323.775197  5  6  3  74       
PG08 -18942.331282  -7842.096266 -17016.256081    -40.460828  4  5  6  78       
PG09 -25081.504615   8032.360521  -3562.948873   -251.017327  4  6  5  39       
PG10  11606.385912 -23131.318530  -5284.891726   -395.345041  7  9  8  83       
PG11 -22976.128888 -12487.498059  -3984.491169   -225.401922  5  4  1  13       
PG12  13818.014545   5120.462603  21859.939027     95.662694  3  5  5  62       
PG13  10839.260584  13329.168551 -20400.287740     25.416085  5  3  3  79       
PG14   5059.409972 -15563.140941  21239.325202      0.212412  6  5  3  92       
PG15  20264.796958   6527.518100 -16426.121868   -218.589656  4  5  2  73       
PG16  -3553.357829 -20150.895887 -16901.583070   -180.834356  3  7  5  87       
PG17 -14379.126221  13991.626679  17804.122694    293.604883  4  3  2  97       
PG18  15579.811902  -4205.759351 -21113.798702    242.397699  8  8  6  93       
PG19  -6816.819656  14603.821380  20802.681509   -134.068989  5  5  5  62       
PG20  14840.369681 -15281.715260 -15799.160182    527.320381  6  7  9  43       
PG21   1972.561591 -17386.416367 -19337.740807     21.839819  7  7  6  80       
PG22 -12474.279262 -12292.438439  20213.488308   -773.054975  4  3  3  58       
PG24  21669.584891  13282.870810   8131.889833    -15.457447  3  4  5  65       
PG25  16461.308880  -6691.461807  19420.484047     21.643572  2  4  2  56       
PG26   4009.469716 -25679.326393  -4886.422154    240.607106  7  8  4  76       
PG27  -8192.852396 -13262.714278 -21694.602626   -342.010757  6  6  2 105       
PG28 -12460.613897  23296.294306  -2829.300783    700.998843  3  7  5  66       
PG29  26397.500096  -3086.507450    476.948508   -146.884508  1  6  7  70       
PG30  -8074.609107  14236.447201 -20835.176579   -258.948214  3  4  4  84       
PG31  -1397.812654 -20234.552506  16859.449035    -54.610226  6  6  2  91       
PG32  12842.084446 -15292.043300  17525.660900    314.476301  7  3  4  60       
*  2020  7 10  5 30  0.00000000
PG01 -21295.313003 -13843.202633   8103.406043     23.640419  3  4  6  88       
PG02  10951.579847  21108.790538  12514.928113   -484.981088  4  5  3  85       
PG03 -13780.845497  -6475.556665  21701.516668   -235.099517  7  6  4  83       
PG04 -24478.198673  -1611.031950  10236.744712   -112.889027  9  6  5  77       
PG05   3477.210263  23304.977237 -12204.083821    -16.353465  4  5  4  81       
PG06   -826.176139  17825.276652  19707.285652   -300.979394  4  6  4  92       
PG07 -17588.047199   1999.570550 -19629.768634   -323.782968  5  6  3  67       
PG08 -17000.263738  -8454.758278 -18668.867261    -40.461362  4  5  5  63       
PG09 -25382.608927   7823.207183   -738.784189   -251.023183  4  6  5  28       
PG10  11620.573568 -22316.216336  -8027.822546   -395.354737  7  9  8  53       
PG11 -22308.498432 -12668.266706  -6669.368693   -225.392252  5  5     62       
PG12  12911.566858   7494.107163  21743.507066     95.658396  3  6  6  73       
PG13   8501.973162  13637.325430 -21281.719472     25.419110  6  3  3  98       
PG14   7356.537524 -15825.211190  20323.316942      0.214685  6  5  3  82       
PG15  18516.292087   7328.983940 -18067.149046   -218.587185  4  5  2  90       
PG16  -2733.673088 -21756.285305 -14880.996419   -180.838840  3  7  5  78       
PG17 -16224.821634  14197.029784  15905.062992    293.610398  4  3  2  83       
PG18  17095.958942  -2395.695472 -20206.153059    242.406349  8  8  6  88       
PG19  -9183.313672  14825.880222  19719.241304   -134.064465  5  5  5  82       
PG20  14751.759118 -13360.971540 -17555.819167    527.320205  6  7  9  71       
PG21   3806.131116 -15813.067785 -20324.359229     21.843703  7  6  6 104       
PG22 -11901.128025 -14436.265295  19113.076664   -773.052860  4  3  3  84       
PG24  22055.649894  14036.758809   5492.975385    -15.458788  3  5  5  67       
PG25  15887.742858  -4421.802109  20526.292150     21.647247  1  4  2  61       
PG26   4410.594830 -25985.717827  -2084.076256    240.613503  7  7  4  47       
PG27  -5796.775144 -13842.027231 -22075.048102   -342.019383  6  7  3  80       
PG28 -12439.522581  22712.811909  -5654.818966    700.995335  3  6  4  83       
PG29  26205.424141  -2871.460354   3367.642278   -146.892133  1  5  7  75       
PG30  -9724.220915  12450.170416 -21288.379673   -258.955192  2  4  5  87       
PG31     96.139579 -18822.199362  18510.343506    -54.612385  6  6  2  88       
PG32  14722.777999 -15564.816822  15688.782026    314.481923  7  3  4  49       
*  2020  7 10  5 45  0.00000000
PG01 -21752.439610 -14508.770628   5365.995059     23.644675  4  5  6  71       
PG02   9698.440617  20328.997763  14751.178424   -484.986142  5  5  3  63       
PG03 -13187.474302  -8871.366863  21228.552585   -235.110044  7  7  4  77       
PG04 -23272.461913  -2161.608529  12660.077236   -112.893176  9  6  6  65       
PG05   2991.564205  24477.205812  -9746.316159    -16.353820  5  5  5  72       
PG06  -2566.760961  16309.910760  20843.688928   -300.983971  4  6  4  68       
PG07 -19115.164878    384.218982 -18320.368078   -323.791048  5  6  3  61       
PG08 -14931.403429  -9222.826987 -20002.637361    -40.463198  5  6  5  80       
PG09 -25388.836561   7533.263496   2098.077214   -251.029076  4  6  5  75       
PG10  11607.616902 -21206.071006 -10630.223593   -395.364429  7  9  8  52       
PG11 -21369.928051 -12789.515247  -9238.817332   -225.382756  5  5     33       
PG12  12146.207976   9878.049568  21245.039732     95.654256  2  6  6  79       
PG13   6106.109589  14083.112515 -21801.361748     25.421780  6  4  3  95       
PG14   9521.015608 -16182.833979  19066.425529      0.217425  6  6  3  64       
PG15  16654.961116   8277.510837 -19408.487263   -218.584355  5  5  2  73       
PG16  -2077.096194 -23174.853501 -12602.602912   -180.843094  3  6  5  61       
PG17 -17837.604074  14452.468621  13739.317190    293.615267  4  4  3  90       
PG18  18618.489468   -754.452596 -18951.445310    242.414929  8  7  6  82       
PG19 -11390.943686  15150.021271  18287.319150   -134.060042  5  5  5  84       
PG20  14736.171409 -11260.100298 -19009.670874    527.320129  6  7  9  75       
PG21   5791.250004 -14269.417626 -20939.552097     21.847880  7  7  6  87       
PG22 -11452.656877 -16465.759509  17690.562056   -773.050665  3  3  3  61       
PG24  22247.989079  14575.300039   2761.117457    -15.458360  3  5  5  40       
PG25  15408.384312  -2023.768164  21269.613595     21.650919  1  4  3  69       
PG26   4732.734124 -25997.489206    754.625521    240.619768  7  7  4  64       
PG27  -3412.545134 -14560.130378 -22081.282319   -342.028035  5  7  3  92       
PG28 -12352.869058  21826.209183  -8382.357056    700.991860  3  6  4  81       
PG29  25709.001417  -2574.128541   6200.473332   -146.899945  1  5  7  44       
PG30 -11477.954407  10725.408211 -21373.186451   -258.962185  2  5  4  81       
PG31   1777.162673 -17369.234446  19836.877461    -54.614736  6  6  2  79       
PG32  16375.090225 -15868.412088  13581.758868    314.487577  7  3  5  59       
*  2020  7 10  6  0  0.00000000
PG01 -22006.138631 -14943.712728   2537.558693     23.649036  4  5  6  80       
PG02   8219.497255  19479.937986  16743.738090   -484.991560  4  5  3  81       
PG03 -12734.447543 -11220.578944  20388.615962   -235.120588  7  8  5  66       
PG04 -21848.680933  -2857.143809  14866.042542   -112.897332  9  6  6  56       
PG05   2603.907526  25388.208721  -7119.975751    -16.354817  5  5  5  49       
PG06  -4471.562171  14824.272134  21622.664737   -300.988670  4  5  3  82       
PG07 -20591.888309  -1038.780077 -16692.807331   -323.798878  5  5  3  75       
PG08 -12782.402852 -10149.776620 -20994.147183    -40.463924  5  6  4  88       
PG09 -25112.720898   7128.259384   4898.846136   -251.035027  4  6  5  13       
PG10  11605.558711 -19814.458307 -13046.522967   -395.374339  7  9  8  73       
PG11 -20169.450331 -12886.082044 -11649.355227   -225.373051  5  6     76       
PG12  11530.510290  12221.800924  20373.934586     95.649892  2  6  6  87       
PG13   3700.096434  14665.252204 -21950.188343     25.424854  6  4  3  98       
PG14  11514.390512 -16610.700902  17488.704372      0.219948  6  6  3  77       
PG15  14722.844009   9373.383085 -20427.632559   -218.582177  5  4  2  84       
PG16  -1564.814851 -24366.124280 -10104.920529   -180.847262  4  6  5  74       
PG17 -19191.921308  14721.460976  11342.259371    293.621114  5  4  3  82       
PG18  20104.359180    698.793331 -17371.267397    242.423622  8  6  7  72       
PG19 -13398.841519  15548.737922  16532.702036   -134.055452  5  5  5  84       
PG20  14815.478112  -9017.789790 -20136.325442    527.320371  6  7  9  54       
PG21   7893.271298 -12793.556588 -21170.397438     21.852433  7  7  6  84       
PG22 -11116.717804 -18339.741673  15969.839227   -773.048368  4  4  3  66       
PG24  22218.342749  14919.718707    -17.335011    -15.457743  3  5  5  65       
PG25  15043.869083    456.773013  21637.821913     21.654613  1  4  4  67       
PG26   5010.891111 -25706.192211   3580.150144    240.625956  7  7  5  61       
PG27  -1087.510986 -15402.586720 -21712.189839   -342.036680  5  7  4  70       
PG28 -12239.912212  20639.304665 -10963.649753    700.988703  3  6  3  83       
PG29  24927.487115  -2159.581501   8926.710627   -146.907780  1  5  7  52       
PG30 -13302.978292   9096.480165 -21088.779479   -258.969108  2  5  4  68       
PG31   3625.574584 -15919.139532  20816.880781    -54.616775  6  5  2  81       
PG32  17775.494981 -16166.890019  11240.493407    314.493236  7  3  5  44       
*  2020  7 10  6 15  0.00000000
PG01 -22025.672382 -15172.096322   -333.796105     23.653301  5  6  6  50       
PG02   6527.130357  18602.510066  18461.084701   -484.996536  4  5  3  59       
PG03 -12418.567776 -13474.604889  19196.592201   -235.131088  7  8  6  86       
PG04 -20245.379354  -3714.801347  16816.758762   -112.901489  9  6  7  28       
PG05   2283.289907  26014.297634  -4370.216045    -16.355756  5  5  4  49       
PG06  -6509.652104  13407.160813  22031.044829   -300.993329  5  5  3  74       
PG07 -21974.963758  -2260.371571 -14776.922181   -323.806530  5  5  3  77       
PG08 -10600.964439 -11230.768555 -21625.720481    -40.465186  5  7  4  95       
PG09 -24574.709345   6577.585769   7615.296930   -251.040914  4  6  6  75       
PG10  11650.004795 -18163.626657 -15234.467182   -395.384061  7  8  8  75       
PG11 -18723.716768 -12991.445534 -13860.763995   -225.363678  5  6     98       
PG12  11064.460472  14475.053934  19146.197805     95.645512  2  6  6  71       
PG13   1331.816797  15374.341014 -21725.397478     25.427688  6  4  4  92       
PG14  13303.755533 -17077.777445  15615.641424      0.222496  6  5  3  76       
PG15  12762.299542  10609.401865 -21107.194306   -218.579827  5  4  2  85       
PG16  -1171.275736 -25295.392648  -7430.676021   -180.851884  4  6  5  59       
PG17 -20270.136216  14964.381494   8753.397382    293.625953  5  5  4  80       
PG18  21509.007602   1953.054204 -15492.783715    242.432234  7  6  8  70       
PG19 -15173.017598  15988.744946  14486.912267   -134.050796  5  4  5  81       
PG20  15004.968256  -6676.841157 -20917.115725    527.320040  6  7  8  56       
PG21  10071.092569 -11418.159923 -21011.411339     21.856599  6  7  6  73       
PG22 -10874.526471 -20020.895422  13979.750212   -773.046075  4  5  3  65       
PG24  21944.289969  15096.969123  -2795.514182    -15.459708  3  5  5  67       
PG25  14807.152567   2970.762865  21625.092379     21.658346  2  5  5  65       
PG26   5281.199189 -25112.162820   6343.164513    240.632190  7  6  5  68       
PG27   1133.926591 -16347.216083 -20972.966976   -342.045354  5  7  4  66       
PG28 -12139.327655  19164.302837 -13352.356683    700.985391  2  5  4  74       
PG29  23888.115618  -1597.464017  11499.397822   -146.915525  2  5  6  65       
PG30 -15161.537806   7591.727645 -20440.732422   -258.976049  2  5  4  78       
PG31   5614.187578 -14512.186899  21434.448203    -54.619168  6  5  3  64       
PG32  18908.546758 -16421.809970   8705.059184    314.498902  7  4  5  48       
*  2020  7 10  6 30  0.00000000
PG01 -21786.727406 -15224.170516  -3199.548042     23.657557  5  7  6  77       
PG02   4641.197672  17735.450627  19876.290542   -485.001780  5  5  3  62       
PG03 -12228.617415 -15587.135957  17673.428433   -235.141611  6  9  6  54       
PG04 -18505.150589  -4744.320795  18478.713820   -112.905656  9  6  7  55       
PG05   1995.330932  26339.794583  -1544.547458    -16.356449  5  5  4  54       
PG06  -8643.670769  12091.964190  22061.993979   -300.998013  5  5  3  79       
PG07 -23221.995985  -3279.995772 -12607.196689   -323.814615  6  5  2  70       
PG08  -8434.159770 -12452.670992 -21885.768702    -40.465749  5  7  3  89       
PG09 -23802.339099   5855.681391  10200.600166   -251.046795  4  6  6  70       
PG10  11772.561354 -16283.753151 -17155.895311   -395.393780  7  8  8  66       
PG11 -17056.398958 -13136.304490 -15836.687209   -225.353754  5  6     86       
PG12  10739.600736  16589.490880  17584.097470     95.641494  2  7  6  72       
PG13   -953.023499  16193.140150 -21130.475906     25.430928  6  4  4  82       
PG14  14862.846053 -17548.492087  13477.832096      0.225278  5  5  3  87       
PG15  10814.571115  11970.986549 -21435.182719   -218.577540  5  4  2  77       
PG16   -865.337301 -25935.090975  -4626.091681   -180.856426  4  6  5  74       
PG17 -21063.114983  15140.053726   6015.811810    293.631380  5  5  4  81       
PG18  22788.020745   3005.757792 -13348.266176    242.440876  7  6  8  85       
PG19 -16687.494196  16432.405989  12186.571337   -134.046051  5  5  5  52       
PG20  15312.708819  -4282.691989 -21339.368138    527.319981  6  6  8  69       
PG21  12278.664527 -10169.184592 -20464.761872     21.859956  6  7  6  74       
PG22 -10701.494195 -21477.030714  11753.639569   -773.043897  4  5  3  78       
PG24  21410.160956  15138.530506  -5526.775819    -15.460092  3  5  4  35       
PG25  14703.026807   5467.705493  21232.464483     21.662083  2  6  6  84       
PG26   5579.292830 -24224.559418   8995.434717    240.638329  7  6  6  71       
PG27   3211.834597 -17364.851586 -19875.110015   -342.054013  5  7  5  62       
PG28 -12087.505515  17422.584416 -15504.985494    700.982243  2  5  4  63       
PG29  22625.069377   -863.373835  13874.164937   -146.923067  3  5  6  90       
PG30 -17012.293003   6232.588592 -19440.867607   -258.983050  2  5  3  90       
PG31   7709.229257 -13183.953457  21680.143292    -54.621137  6  5  3  85       
PG32  19767.338301 -16593.831841   6019.027140    314.504546  7  4  5  72       
*  2020  7 10  6 45  0.00000000
PG01 -21272.392276 -15135.032493  -6011.535669     23.661810  5  7  6  66       
PG02   2588.435991  16913.936936  20967.318294   -485.006747  5  5  3  74       
PG03 -12145.912754 -17515.756332  15845.743789   -235.152137  6  9  7  58       
PG04 -16673.099604  -5947.457488  19823.337650   -112.909811  8  6  7  86       
PG05   1703.756244  26357.640878   1307.992940    -16.356970  5  5  5  78       
PG06 -10831.088867  10905.471238  21715.114211   -301.002739  5  5  3  79       
PG07 -24293.026898  -4105.317141 -10222.071319   -323.822262  6  5  2  73       
PG08  -6326.770420 -13794.407501 -21769.038721    -40.466977  5  7  3  76       
PG09 -22829.149769   4943.229357  12610.134842   -251.052696  4  6  6  68       
PG10  11999.444301 -14211.892210 -18777.430794   -395.403501  7  7  8  70       
PG11 -15197.347171 -13347.302736 -17545.135104   -225.344311  6  7  1  77       
PG12  10539.518099  18520.506330  15715.701006     95.637011  2  7  6  71       
PG13  -3112.448742  17097.175085 -20175.164594     25.433612  6  5  4  99       
PG14  16172.905027 -17984.122289  11110.564076      0.227547  6  5  3  76       
PG15   8918.393852  13436.549193 -21405.232046   -218.575150  5  4  3  62       
PG16   -611.667553 -26265.899907  -1740.079432   -180.860720  5  6  5  96       
PG17 -21570.513820  15207.435697   3175.516975    293.636398  5  5  4  49       
PG18  23898.800763   3862.649017 -10974.543007    242.449505  7  6  8  74       
PG19 -17925.111353  16839.339714   9672.670240   -134.041581  5  5  5  53       
PG20  15739.199289  -1881.853808 -21396.568039    527.319840  6  6  7  68       
PG21  14466.744848  -9064.870154 -19540.278722     21.864688  6  7  6  58       
PG22 -10568.286119 -22682.169946   9328.840889   -773.041682  4  5  3  57       
PG24  20607.705523  15079.052999  -8165.424143    -15.460644  3  4  4  33       
PG25  14727.985401   7897.469424  20467.764863     21.665773  3  6  6  78       
PG26   5938.701777 -23061.061613  11490.704592    240.644464  7  5  7  79       
PG27   5112.110299 -18420.382264 -18436.300837   -342.062637  5  7  5  57       
PG28 -12116.912033  15444.126640 -17381.802353    700.978856  2  5  4  90       
PG29  21178.190092     59.989201  16009.999000   -146.930935  3  6  6  78       
PG30 -18811.797887   5032.953768 -18107.007245   -258.990012  2  5  3  79       
PG31   9871.517869 -11964.049994  21551.076097    -54.623530  6  5  3  72       
PG32  20353.634682 -16644.372829   3228.720202    314.510184  7  4  5  61       
*  2020  7 10  7  0  0.00000000
PG01 -20473.864492 -14943.135631  -8722.708683     23.666039  5  8  6  26       
PG02    401.635105  16168.341473  21717.254100   -485.012026  5  5  2  84       
PG03 -12145.156682 -19223.407100  13745.343983   -235.162521  6  9  8  76       
PG04 -14795.199787  -7317.734693  20827.491054   -112.913959  8  6  8  75       
PG05   1372.021793  26069.681919   4137.713748    -16.357910  5  5  5  46       
PG06 -13025.673029   9866.951829  20996.442511   -301.007437  5  5  3  94       
PG07 -25152.005959  -4751.642908  -7663.212552   -323.830408  6  6  1  77       
PG08  -4319.713733 -15227.625426 -21276.756158    -40.468096  5  7  3  83       
PG09 -21693.374425   3828.115506  14802.265634   -251.058548  4  6  5  49       
PG10  12350.317739 -11990.660338 -20071.076593   -395.413207  7  7  7  75       
PG11 -13181.544870 -13645.941006 -18958.895784   -225.334836  6  7  2  98       
PG12  10440.656757  20228.776336  13574.310352     95.632791  3  8  6  79       
PG13  -5109.627870  18055.623732 -18875.324926     25.436692  6  5  4  73       
PG14  17223.282683 -18344.330671   8553.313711      0.230238  5  5  3  77       
PG15   7108.690541  14978.133008 -21016.754911   -218.572811  5  4  3  74       
PG16   -372.332929 -26277.551858   1176.643818   -180.865294  4  6  6  77       
PG17 -21800.745912  15127.338357    280.747656    293.641966  5  6  4  69       
PG18  24802.178735   4537.369131  -8412.370391    242.458098  7  6  8  67       
PG19 -18877.976935  17168.135004   6989.765957   -134.037307  5  5  5  53       
PG20  16277.330296    479.677054 -21088.420472    527.319778  6  6  7  59       
PG21  16584.813356  -8115.095757 -18255.253710     21.869084  5  7  6  85       
PG22 -10442.068221 -23617.417376   6746.099481   -773.039638  5  6  4  54       
PG24  19536.496551  14954.904847 -10667.411614    -15.460337  3  3  3  76       
PG25  14870.437616  10212.062469  19345.396546     21.669522  4  6  7  73       
PG26   6389.334631 -21647.241935  13785.534898    240.650685  6  4  7  85       
PG27   6807.633133 -19474.047635 -16680.186295   -342.071361  5  7  5  44       
PG28 -12254.588781  13266.563846 -18947.703404    700.975753  2  5  4  90       
PG29  19591.481256   1181.948626  17869.959939   -146.938890  4  6  5  60       
PG30 -20516.062495   3998.825692 -16462.625598   -258.996973  2  6  3  75       
PG31  12057.841158 -10875.111345  21050.859412    -54.625650  5  5  4  74       
PG32  20677.676330 -16537.253220    382.409063    314.515853  7  4  5  63       
*  2020  7 10  7 15  0.00000000
PG01 -19390.864928 -14688.694960 -11287.848500     23.670160  5  8  6  68       
PG02  -1881.386425  15523.173991  22114.482216   -485.016976  5  5  2  45       
PG03 -12195.554647 -20679.645451  11408.650311   -235.173001  6  9  8  70       
PG04 -12916.627511  -8840.518851  21473.863103   -112.918106  8  6  8  54       
PG05    964.960479  25486.612844   6895.166587    -16.358501  5  5  6  55       
PG06 -15179.098158   8987.535045  19918.342669   -301.012198  5  5  3  46       
PG07 -25768.100369  -5241.063424  -4974.760281   -323.838443  6  7     75       
PG08  -2448.614761 -16717.662568 -20416.658282    -40.469583  6  8  3  80       
PG09 -20436.459452   2506.109781  16739.071136   -251.064395  4  6  5  72       
PG10  12837.408667  -9666.711412 -21014.702139   -395.422969  7  7  7  51       
PG11 -11047.902774 -14047.709429 -20055.855516   -225.325343  6  7  3  88       
PG12  10413.415649  21681.613759  11197.810258     95.628253  4  8  6  67       
PG13  -6914.097892  19032.461951 -17252.705438     25.439680  6  5  4  70       
PG14  18011.742418 -18588.797278   5849.155419      0.232714  5  5  3  63       
PG15   5415.402086  16562.297178 -20275.022772   -218.570399  5  5  3  56       
PG16   -108.513965 -25969.286695   4072.501739   -180.869609  4  7  6  79       
PG17 -21770.621326  14864.112032  -2618.822087    293.647050  5  6  3  57       
PG18  25463.908797   5050.729727  -5705.737352    242.466754  7  7  8  58       
PG19 -19547.548290  17378.102391   4185.124922   -134.032591  5  5  5  60       
PG20  16912.644667   2757.975903 -20420.808712    527.319501  6  5  6  73       
PG21  18583.054526  -7321.126031 -16634.037782     21.873468  5  7  6  78       
PG22 -10287.898796 -24271.579249   4048.936894   -773.037432  5  6  4  73       
PG24  18204.056532  14802.673010 -12991.007091    -15.460595  3  3  3  56       
PG25  15111.257932  12367.307926  17886.003732     21.673253  5  6  7  79       
PG26   6956.114319 -20015.636379  15840.085535    240.656805  6  4  7  63       
PG27   8279.158825 -20482.939377 -14636.049304   -342.080093  5  7  5  59       
PG28 -12520.860972  10933.916282 -20173.018930    700.972370  2  5  4  79       
PG29  17911.459416   2503.287045  19421.828731   -146.946564  4  6  6  60       
PG30 -22082.137747   3128.289486 -14536.410753   -259.003925  2  6  3  38       
PG31  14222.481484  -9932.081215  20189.451037    -54.627890  5  5  4  60       
PG32  20757.656778 -16240.265044  -2470.536531    314.521509  7  4  5  76       
*  2020  7 10  7 30  0.00000000
PG01 -18031.748447 -14412.047659 -13664.251439     23.674423  5  8  6  98       
PG02  -4218.969637  14996.240838  22152.804647   -485.022153  5  5  2  52       
PG03 -12262.148574 -21861.652405   8876.054403   -235.183517  6  9  8  77       
PG04 -11080.137727 -10493.415917  21751.270423   -112.922275  7  7  8  38       
PG05    450.383451  24627.583953   9532.050037    -16.359177  5  4  6  76       
PG06 -17242.646404   8269.909058  18499.293351   -301.016933  5  5  3  82       
PG07 -26116.801434  -5601.355003  -2202.567289   -323.846181  7  7     78       
PG08   -742.581000 -18224.778438 -19202.912171    -40.470834  5  8  4  74       
PG09 -19101.470452    981.242389  18387.009768   -251.070287  4  6  5  70       
PG10  13464.932885  -7289.065159 -21592.413524   -395.432701  6  6  6  72       
PG11  -8837.939093 -14561.464769 -20819.232419   -225.315605  6  7  3  97       
PG12  10423.482400  22854.059556   8627.946264     95.623785  5  8  6  62       
PG13  -8502.749755  19987.825378 -15334.610370     25.442785  5  5  4  39       
PG14  18544.454619 -18678.887862   3044.087857      0.235104  5  5  3  55       
PG15   3862.495091  18151.221966 -19191.167055   -218.567916  5  5  3  49       
PG16    217.724333 -25349.933946   6896.043722   -180.874344  4  6  6  67       
PG17 -21504.664774  14387.233968  -5472.918681    293.652724  4  6  3  61       
PG18  25855.986277   5429.710178  -2901.115388    242.475349  6  8  7  76       
PG19 -19944.349070  17430.989080   1307.834490   -134.027990  5  5  5  87       
PG20  17623.888136   4912.656451 -19405.654412    527.319920  6  5  6  63       
PG21  20414.309424  -6675.756651 -14707.450208     21.877968  4  6  5  57       
PG22 -10070.214390 -24641.510221   1282.963899   -773.035268  5  6  5  77       
PG24  16625.704353  14657.670164 -15097.426557    -15.460283  3  2  3  69       
PG25  15424.643166  14324.356302  16116.024203     21.677006  5  7  7  62       
PG26   7657.821236 -18204.552228  17618.824911    240.662953  5  4  7  63       
PG27   9515.917119 -21402.655749 -12338.371715   -342.088836  5  6  5  80       
PG28 -12928.319876   8495.032737 -21034.221505    700.969275  2  5  3  83       
PG29  16185.417634   4016.015777  20638.675902   -146.954462  4  6  6  70       
PG30 -23469.663002   2411.792883 -12361.745645   -259.010940     6  2  82       
PG31  16318.826149  -9141.812636  18982.891310    -54.630109  4  5  5  69       
PG32  20618.894154 -15726.599710  -5280.525082    314.527156  6  5  5  65       
*  2020  7 10  7 45  0.00000000
PG01 -16413.309398 -14152.026555 -15812.368775     23.678684  5  8  6  91       
PG02  -6566.930172  14598.045166  21831.508098   -485.027208  5  5  3  91       
PG03 -12307.315426 -22754.952478   6191.210948   -235.193990  6  9  9  89       
PG04  -9324.542429 -12246.974589  21654.853228   -112.926469  7  7  8  53       
PG05   -199.430803  23519.479166  12002.100772    -16.360285  4  3  6  70       
PG06 -19168.929125   7708.353104  16763.575910   -301.021546  4  6  4  93       
PG07 -26180.792697  -5864.692372    606.556935   -323.854346  7  7     47       
PG08    776.770316 -19705.605179 -17655.915889    -40.471698  5  7  4  63       
PG09 -17731.446102   -734.141565  19717.511032   -251.076103  4  6  4  92       
PG10  14228.853519  -4907.356887 -21794.801591   -395.442413  5  6  6  75       
PG11  -6594.393918 -15189.067158 -21237.728800   -225.306323  7  7  3  83       
PG12  10433.346459  23729.671747   5909.549461     95.618906  5  8  5  64       
PG13  -9860.538356  20879.537897 -13153.472754     25.445560  5  5  4  55       
PG14  18835.671343 -18579.294033    186.283270      0.237905  5  5  3  44       
PG15   2467.184621  19703.999927 -17782.095405   -218.565632  5  5  4  79       
PG16    641.683943 -24437.611959   9596.945666   -180.878053  4  6  7  56       
PG17 -21034.129167  13672.730611  -8231.554851    293.657540  4  6  3  74       
PG18  25957.739116   5706.217717    -46.665343    242.483936  7  8  7  72       
PG19 -20087.339922  17292.588493  -1592.097218   -134.023475  5  5  5  59       
PG20  18383.826506   6908.195156 -18060.684196    527.319772  6  6  5  48       
PG21  22035.901999  -6163.847722 -12512.024793     21.881686  4  6  5  70       
PG22  -9754.355924 -24732.170903  -1504.850340   -773.032986  6  6  5  67       
PG24  14824.128491  14552.500243 -16951.421029    -15.461850  3  2  3  83       
PG25  15779.237165  16050.975276  14067.143507     21.680743  6  7  8  70       
PG26   8506.190772 -16256.662296  19091.152643    240.668991  4  4  6  70       
PG27  10515.884932 -22189.046560  -9826.291491   -342.097605  6  5  4  40       
PG28 -13481.133665   6001.808982 -21514.510724    700.966228  1  6  3  84       
PG29  14459.668219   5703.489180  21499.339725   -146.962106  5  6  6  78       
PG30 -24642.318462   1832.721070  -9976.118815   -259.017912     6  3  44       
PG31  18301.000607  -8502.992180  17452.946418    -54.632285  4  5  5  61       
PG32  20292.728224 -14976.075720  -7998.632116    314.532819  6  5  4  79       
*  2020  7 10  8  0  0.00000000
PG01 -14560.290526 -13944.403298 -17696.398621     23.683040  6  8  6  85       
PG02  -8879.959578  14331.445283  21155.379226   -485.032245  5  5  3  92       
PG03 -12292.371322 -23353.820033   3400.281371   -235.204511  7  8  9  76       
PG04  -7683.349898 -14065.670527  21186.164576   -112.930563  7  7  8  37       
PG05  -1006.422427  22195.894900  14261.952200    -16.361109  4  2  6  72       
PG06 -20913.567322   7289.099681  14740.866809   -301.026295  3  6  4 102       
PG07 -25950.555104  -6066.222238   3405.587940   -323.862186  7  7     64       
PG08   2095.991809 -21114.763478 -15801.982773    -40.473477  5  7  4  43       
PG09 -16367.764101  -2619.652753  20707.481058   -251.081952  4  6  4  51       
PG10  15116.979474  -2570.078839 -21619.065668   -395.452122  5  6  5  80       
PG11  -4359.825566 -15925.282127 -21305.607782   -225.296772  7  7  4  86       
PG12  10403.928576  24300.986828   3089.725054     95.614653  5  8  5  82       
PG13 -10980.888186  21664.750087 -10746.336347     25.448771  5  5  4  22       
PG14  18907.087073 -18259.579362  -2674.730513      0.240342  5  5  3  91       
PG15   1239.404283  21178.071442 -16070.317757   -218.563390  4  5  4  44       
PG16   1194.384378 -23259.052272  12127.000582   -180.882341  4  6  7  65       
PG17 -20395.736210  12704.371714 -10845.945630    293.663160  4  6  3  30       
PG18  25756.650436   5915.658456   2808.585205    242.492517  7  8  6  81       
PG19 -20002.975488  16934.181603  -4464.633953   -134.018913  5  5  5  71       
PG20  19160.296768   8715.066283 -16409.108456    527.319797  6  6  5  69       
PG21  23411.253715  -5763.211836 -10089.124953     21.886222  3  5  5  69       
PG22  -9308.078225 -24556.391319  -4266.943943   -773.030764  6  6  5  65       
PG24  12828.701471  14515.732459 -18521.816578    -15.460725  2  3  4  65       
PG25  16139.473054  17522.571364  11775.666538     21.684517  7  7  8  66       
PG26   9505.300912 -14217.443117  20231.924250    240.675099  3  4  6  70       
PG27  11285.718934 -22799.980748  -7142.959610   -342.106343  6  5  4  55       
PG28 -14174.726452   3507.257974 -21604.250117    700.962846  2  6  3  60       
PG29  12777.832948   7540.860984  21988.805011   -146.969744  5  6  6  89       
PG30 -25569.128979   1368.241304  -7420.475826   -259.024855     6  3  24       
PG31  20125.463399  -8006.383597  15626.668726    -54.634378  3  6  5  67       
PG32  19815.186402 -13976.115238 -10577.482527    314.538451  6  5  4  88       
*  2020  7 10  8 15  0.00000000
PG01 -12504.613169 -13820.454999 -19284.825041     23.687259  6  8  5  67       
PG02 -11113.070581  14191.581916  20134.667848   -485.037478  5  5  3  56       
PG03 -12179.218673 -23661.359192    551.141753   -235.215003  7  8  9  42       
PG04  -6183.616561 -15909.134793  20353.150957   -112.934754  7  7  8  38       
PG05  -1985.667238  20695.859773  16271.941292    -16.361932  3  3  5  66       
PG06 -22436.767528   6991.012748  12465.740857   -301.031014  2  6  4  85       
PG07 -25424.694263  -6242.551839   6148.005549   -323.869816  7  8  1  59       
PG08   3210.163029 -22406.581029 -13672.911567    -40.474537  5  6  4  41       
PG09 -15048.582997  -4647.444595  21339.712910   -251.087826  4  6  4  49       
PG10  16109.396978   -322.882684 -21069.013711   -395.461872  5  6  4  59       
PG11  -2175.235231 -16757.945338 -21022.699784   -225.287030  7  6  4  85       
PG12  10296.260914  24569.641890    217.021168     95.610196  5  7  4  70       
PG13 -11865.777118  22301.625873  -8154.252480     25.451865  4  4  4  57       
PG14  18786.903764 -17695.566405  -5488.942795      0.242965  5  5  3  85       
PG15    181.548304  22530.755980 -14083.677569   -218.560928  4  5  3  80       
PG16   1901.086205 -21848.575126  14441.072583   -180.886685  3  5  7  60       
PG17 -19630.188269  11474.579985 -13269.435685    293.668082  4  6  3  60       
PG18  25248.880317   6095.374983   5615.580215    242.501187  8  8  6  56       
PG19 -19723.991748  16333.756134  -7260.579237   -134.014264  5  6  4  54       
PG20  19917.451724  10310.648220 -14479.218754    527.319600  6  6  4  64       
PG21  24511.214881  -5445.805151  -7483.964119     21.890206  3  5  3  57       
PG22  -8702.985569 -24134.345649  -6955.952562   -773.028804  6  6  6  72       
PG24  10674.558623  14570.730166 -19782.001435    -15.461757  3  3  4  55       
PG25  16467.075676  18722.908930   9281.822832     21.688285  7  8  8  85       
PG26  10651.273239 -12133.520334  21021.869130    240.681273  2  4  5  77       
PG27  11840.345067 -23197.065599  -4334.805204   -342.115098  6  4  4  71       
PG28 -14995.847575   1063.517907 -21301.236633    700.959787  2  6  3  67       
PG29  11179.247210   9495.866511  22098.475074   -146.977609  5  6  6  76       
PG30 -26225.571946    990.382657  -4738.522615   -259.031858     6  3  73       
PG31  21752.505027  -7635.374964  13535.885596    -54.636694  3  5  6  39       
PG32  19225.472044 -12722.428250 -12972.108358    314.544135  6  5  3  71       
*  2020  7 10  8 30  0.00000000
PG01 -10284.355304 -13805.703832 -20550.899996     23.691507  6  7  5  74       
PG02 -13223.042534  14166.078425  18784.996331   -485.042448  4  5  4  33       
PG03 -11931.972697 -23689.256617  -2307.431493   -235.225489  8  8  9  12       
PG04  -4845.055280 -17733.580358  19170.024045   -112.938938  6  8  8  42       
PG05  -3144.571239  19062.346973  17996.845334    -16.362547  3  3  5  25       
PG06 -23704.733870   6786.555866   9977.092758   -301.035687  1  6  4  79       
PG07 -24609.984291  -6430.206937   8788.484302   -323.877866  7  7  2  67       
PG08   4122.908309 -23536.845709 -11305.447895    -40.475187  6  6  4  82       
PG09 -13807.420834  -6783.095020  21603.193814   -251.093675  4  6  3  51       
PG10  17179.213889   1792.990957 -20154.942325   -395.471691  5  6  3  57       
PG11    -78.763799 -17668.379744 -20394.343855   -225.277362  7  6  4  56       
PG12  10073.151961  24546.158971  -2659.406660     95.606021  5  7  4  67       
PG13 -12525.492859  22751.012695  -5421.599707     25.454726  3  4  4  69       
PG14  18508.631511 -16870.503503  -8206.771599      0.245504  5  6  3  82       
PG15   -711.498473  23720.824864 -11854.984851   -218.558637  3  5  3  30       
PG16   2780.054173 -20246.758841  16497.988413   -180.890537  3  5  7  52       
PG17 -18780.507661   9985.009721 -15458.416371    293.673267  5  6  3  31       
PG18  24439.466318   6283.011343   8326.074953    242.509780  9  8  6  85       
PG19 -19287.976885  15476.960251  -9932.404478   -134.009760  5  6  4  55       
PG20  20617.151199  11679.870116 -12303.910774    527.319625  6  6  5  42       
PG21  25315.059252  -5179.155765  -4744.569823     21.894717  2  5  3  78       
PG22  -7915.837201 -23492.754430  -9525.512592   -773.026295  6  5  6  84       
PG24   8401.471769  14734.676115 -20710.355048    -15.461955  3  2  5  63       
PG25  16722.662240  19644.505197   6629.022006     21.692104  8  8  8  81       
PG26  11932.297486 -10050.987493  21447.895897    240.687344  1  4  5  61       
PG27  12202.216751 -23347.246454  -1450.720635   -342.123922  6  3  4  80       
PG28 -15923.033387  -1280.110333 -20610.789360    700.956530  2  5  3  73       
PG29   9697.540337  11529.901739  21826.331357   -146.985358  5  6  6  72       
PG30 -26594.449672    667.308120  -1975.992131   -259.038845     6  3  60       
PG31  23147.598141  -7366.803023  11216.628035    -54.638936  4  5  6  67       
PG32  18564.336049 -11219.374960 -15140.764154    314.549777  6  5  3  73       
*  2020  7 10  8 45  0.00000000
PG01  -7942.511957 -13918.873559 -21473.063730     23.695661  6  7  5  60       
PG02 -15169.822523  14235.511051  17127.212131   -485.047425  4  5  5  65       
PG03 -11518.505081 -23457.218719  -5126.584767   -235.235989  8  8  9  53       
PG04  -3679.434125 -19493.372663  17657.025190   -112.943118  6  8  8  68       
PG05  -4482.377261  17340.640208  19406.532056    -16.362911  3  4  5  67       
PG06 -24690.862965   6643.013286   7317.485727   -301.040436  2  6  4  89       
PG07 -23521.131908  -6664.112715  11283.550357   -323.885592  7  7  2  82       
PG08   4846.072485 -24464.522993  -8740.645522    -40.476717  6  6  4  79       
PG09 -12671.926247  -8986.749831  21493.303366   -251.099509  4  5  3  70       
PG10  18293.584166   3742.096439 -18893.402575   -395.481388  6  6  3  74       
PG11   1895.498632 -18632.047882 -19431.268136   -225.267708  7  5  4  81       
PG12   9700.772806  24249.405917  -5490.621155     95.601518  5  7  3  79       
PG13 -12978.069169  22978.030040  -2595.336094     25.457585  2  4  4  55       
PG14  18109.668692 -15775.957155 -10779.995311      0.248233  5  6  3  78       
PG15  -1452.036880  24710.057166  -9421.549379   -218.556130  2  5  3  51       
PG16   3841.615597 -18498.860478  18261.342497   -180.895008  2  4  7  40       
PG17 -17890.269505   8246.760617 -17373.208962    293.678679  5  6  4  46       
PG18  23342.194533   6514.869072  10893.462975    242.518395  9  8  7  80       
PG19 -18735.785392  14357.759060 -12435.024713   -134.005096  5  6  4  45       
PG20  21220.448136  12815.577279  -9920.140235    527.319378  6  5  5  81       
PG21  25811.108717  -4927.954389  -1920.729074     21.898212  2  5  2  37       
PG22  -6929.670417 -22663.840999 -11931.064477   -773.024065  6  5  6  86       
PG24   6052.555229  15017.829624 -21290.613793    -15.462666  3  2  5  59       
PG25  16867.377262  20288.693105   3863.075364     21.695845  8  8  7  87       
PG26  13328.976529  -8013.764515  21503.281863    240.693650  2  4  5  63       
PG27  12400.267970 -23224.218898   1458.818599   -342.132712  5  2  3  80       
PG28 -16927.443247  -3479.004692 -19545.651534    700.953409  3  4  3  66       
PG29   8359.447531  13599.358398  21176.977199   -146.993263  5  6  6  81       
PG30 -26666.495592    364.729814    820.114386   -259.045804     6  3  81       
PG31  24282.553118  -7172.019430   8708.510089    -54.641153  5  5  5  67       
PG32  17872.397844  -9479.990326 -17045.682883    314.555445  6  5  3  90       
*  2020  7 10  9  0  0.00000000
PG01  -5525.579414 -14171.100148 -22035.299082     23.699864  5  6  5  65       
PG02 -16917.837653  14374.139028  15187.179362   -485.052834  3  6  5  55       
PG03 -10911.846099 -22992.116554  -7858.206088   -235.246470  8  7  8  72       
PG04  -2690.288624 -21142.684546  15840.085977   -112.947295  6  8  7  84       
PG05  -5990.004965  15576.620442  20476.508856    -16.363551  4  4  4  58       
PG06 -25376.676254   6523.917360   4532.437128   -301.045129  4  6  4  52       
PG07 -22180.272769  -6976.148708  13592.201251   -323.893438  6  7  3  72       
PG08   5399.065855 -25153.367602  -6023.138627    -40.477494  6  5  4  94       
PG09 -11662.890062 -11214.484062  21011.898779   -251.105389  4  5  3  54       
PG10  19414.969384   5495.929478 -17306.859514   -395.491050  6  6  3  74       
PG11   3718.554097 -19619.415789 -18149.412757   -225.258319  7  5  4  56       
PG12   9150.106016  23705.759496  -8228.706479     95.597076  6  6  3  72       
PG13 -13248.421563  22953.513244    275.804178     25.460549  2  4  4  82       
PG14  17629.716748 -14412.385709 -13162.683134      0.250553  5  6  3  66       
PG15  -2058.941250  25464.718196  -6824.614913   -218.554009  2  5  3  84       
PG16   5087.555834 -16653.056991  19700.194486   -180.899002  2  4  7  59       
PG17 -17001.801691   6280.208187 -18978.889455    293.683591  5  6  4  72       
PG18  21979.145617   6824.318399  13273.576240    242.526922  9  8  8  88       
PG19 -18109.858937  12978.774566 -14726.511843   -134.000606  5  6  4  54       
PG20  21689.114866  13718.603801  -7368.319567    527.319246  6  5  5  70       
PG21  25996.975574  -4655.728439    937.050478     21.902638  2  5  1  71       
PG22  -5734.694202 -21684.078729 -14130.641968   -773.022008  6  4  6  59       
PG24   3672.847415  15423.044076 -21512.167705    -15.462397  2  2  5  77       
PG25  16864.498593  20665.356735   1031.398777     21.699603  8  8  7  80       
PG26  14814.975864  -6062.059468  21187.746071    240.699764  4  4  5  59       
PG27  12468.601201 -22809.591800   4342.681408   -342.141463  5  1  3  55       
PG28 -17974.031599  -5494.856400 -18125.707821    700.950415  4  4  3  71       
PG29   7183.899804  15657.163973  20161.564395   -147.000993  4  7  6  58       
PG30 -26440.693504     47.413420   3602.300292   -259.052792  1  6  3  83       
PG31  25136.441005  -7018.156247   6054.069277    -54.643489  5  4  5  82       
PG32  17188.484061  -7525.668694 -18653.756745    314.561107  6  5  3  79       
*  2020  7 10  9 15  0.00000000
PG01  -3082.010668 -14565.425864 -22227.414897     23.704083  5  5  6  88       
PG02 -18437.174891  14550.876862  12995.504478   -485.058071  3  6  5  71       
PG03 -10091.392286 -22326.872281 -10455.726849   -235.256980  8  7  8  87       
PG04  -1872.958485 -22637.172249  13750.389965   -112.951478  6  8  7  77       
PG05  -7650.231080  13815.043893  21188.359625    -16.364228  4  4  4  87       
PG06 -25752.454003   6390.627676   1669.652170   -301.049841  5  6  3  78       
PG07 -20616.219844  -7393.825346  15676.485744   -323.901302  6  7  3  66       
PG08   5807.903806 -25573.362837  -3200.339016    -40.478341  6  5  3  55       
PG09 -10793.536007 -13419.829018  20167.285340   -251.111196  4  5  3  59       
PG10  20502.585604   7033.795322 -15423.254977   -395.500758  7  6  3  76       
PG11   5367.357167 -20596.999497 -16569.697455   -225.248921  6  4  4  84       
PG12   8398.204895  22948.006682 -10827.537861     95.592708  6  5  3  62       
PG13 -13367.214405  22655.254128   3142.156410     25.463434  3  4  4  87       
PG14  17109.093961 -12789.362828 -15312.101257      0.253192  5  6  3  90       
PG15  -2556.775856  25956.900134  -4108.698156   -218.551651  2  5  2  52       
PG16   6510.876557 -14758.584127  20789.642185   -180.903068  3  4  8  49       
PG17 -16154.429536   4114.449336 -20246.030397    293.689148  6  6  4  66       
PG18  20379.932651   7240.326665  15425.444633    242.535552 10  7  9  85       
PG19 -17452.518747  11351.302022 -16768.737624   -133.996357  5  6  4  45       
PG20  21987.153614  14397.551081  -4691.663485    527.319338  6  4  5  20       
PG21  25879.429335  -4326.521596   3778.533897     21.906955  2  4  2  66       
PG22  -4328.914497 -20592.775095 -16085.632527   -773.019265  6  2  6  77       
PG24   1307.816040  15945.565061 -21370.282411    -15.462303  2  3  5  66       
PG25  16680.954337  20792.355977  -1817.789205     21.703328  8  7  7  71       
PG26  16357.949722  -4230.992047  20507.407688    240.705959  5  5  5  67       
PG27  12444.962612 -22093.749123   7150.035957   -342.150211  4     2  58       
PG28 -19023.000414  -7297.022088 -16377.526796    700.946943  4  3  4  84       
PG29   6181.427447  17654.467236  18797.603340   -147.008654  4  6  5  74       
PG30 -25924.299428   -319.284795   6323.349604   -259.059727  2  6  3  67       
PG31  25696.254527  -6869.542311   3298.077678    -54.645758  6  4  4  84       
PG32  16548.052385  -5385.520572 -19937.129069    314.566804  6  4  3  86       
*  2020  7 10  9 30  0.00000000
PG01   -660.594220 -15096.597395 -22045.253512     23.708243  5  4  6  71       
PG02 -19704.586744  14730.483257  10587.190820   -485.063259  4  6  5  60       
PG03  -9043.874271 -21499.130403 -12874.894371   -235.267524  8  6  8  83       
PG04  -1214.947270 -23935.608151  11423.842484   -112.955658  6  8  7  83       
PG05  -9438.202151  12097.881692  21530.060698    -16.365112  5  4  4  66       
PG06 -25817.546315   6204.001349  -1221.782235   -301.054534  6  6  3  55       
PG07 -18863.490517  -7939.125237  17502.041402   -323.909220  5  6  3  72       
PG08   6103.979754 -25701.927712   -321.574530    -40.479296  5  4  3  88       
PG09 -10069.118079 -15555.406019  18974.072405   -251.117051  4  4  3  71       
PG10  21513.977744   8343.369579 -13275.484461   -395.510420  7  6  4  61       
PG11   6825.467834 -21528.560259 -14717.735277   -225.239135  6  3  3  92       
PG12   7429.219029  22014.028365 -13243.508148     95.588359  5  4  3  74       
PG13 -13369.502538  22068.987240   5953.998140     25.466435  4  4  4  75       
PG14  16587.019130 -10925.434146 -17189.570815      0.255948  5  6  3  77       
PG15  -2974.668941  26165.667067  -1320.839664   -218.549290  2  5  3  63       
PG16   8095.925404 -12863.854291  21511.257338   -180.907597  3  5  8  63       
PG17 -15382.842899   1786.379666 -21151.336461    293.693795  6  6  5  68       
PG18  18580.659598   7786.161600  17312.001847    242.544240  9  7  9  85       
PG19 -16804.293111   9495.007491 -18527.940819   -133.991740  6  6  5  42       
PG20  22082.235942  14868.281243  -1935.492055    527.319266  6  3  4  55       
PG21  25473.912005  -3906.506148   6554.683132     21.910867  3  3  3  72       
PG22  -2718.461514 -19430.545722 -17761.493279   -773.017018  6     5  81       
PG24   -998.161496  16573.120461 -20866.240249    -15.463295  3  3  5  74       
PG25  16288.695559  20694.667936  -4636.261444     21.707043  7  7  6  54       
PG26  17920.705562  -2549.429862  19474.633694    240.712147  7  5  6  84       
PG27  12369.067278 -21076.370742   9831.309919   -342.159006  3     3  54       
PG28 -20031.462091  -8863.533649 -14333.745837    700.943708  5  3  4  80       
PG29   5353.900167  19542.403947  17108.659804   -147.016500  4  6  5  80       
PG30 -25132.566329   -767.905768   8937.095523   -259.066742  2  6  3  57       
PG31  25957.287157  -6689.218128    486.832536    -54.648142  6  3  4  77       
PG32  15981.764366  -3095.427225 -20873.685630    314.572565  6  4  3  94       
*  2020  7 10  9 45  0.00000000
PG01   1691.188213 -15751.178978 -21490.816995     23.712465  5  4  6  72       
PG02 -20704.284143  14874.933282   8001.216931   -485.068420  5  6  5  56       
PG03  -7764.048535 -20549.764581 -15074.503821   -235.278100  7  5  7  73       
PG04   -696.590969 -25001.407200   8900.457045   -112.959895  6  8  6   5       
PG05 -11322.257936  10462.788457  21496.170797    -16.365941  5  4  5  85       
PG06 -25580.348530   5926.090077  -4092.230544   -301.059231  7  6  2  67       
PG07 -16961.145240  -8627.546912  19038.587687   -323.917091  5  6  4  64       
PG08   6322.621674 -25524.841368   2562.813203    -40.480656  5  4  3  72       
PG09  -9486.839918 -17574.603573  17452.917419   -251.122873  4  4  3  78       
PG10  22406.659778   9420.934878 -10900.799721   -395.520054  8  6  5  42       
PG11   8083.476006 -22376.410527 -12623.492854   -225.229544  5  3  3  67       
PG12   6235.151271  20945.316331 -15436.203282     95.584291  5  3  3  63       
PG13 -13293.200274  21189.079924   8662.432730     25.469200  4  3  5  92       
PG14  16099.939208  -8847.606926 -18761.253870      0.258542  6  5  3  85       
PG15  -3344.984931  26077.952253   1490.222449   -218.546654  3  5  3  73       
PG16   9818.888268 -11014.634235  21853.376738   -180.911628  4  5  8  72       
PG17 -14715.659619   -660.562935 -21678.153052    293.699236  6  5  5  77       
PG18  16622.639832   8478.320416  18900.725436    242.552882  9  7  9  74       
PG19 -16202.340303   7437.322522 -19975.214805   -133.987364  6  6  5  64       
PG20  21947.018233  15153.144360    853.499825    527.318911  6  2  4  50       
PG21  24803.739668  -3365.463871   9218.494760     21.915431  3  3  4  77       
PG22   -917.600838 -18237.737430 -19128.406817   -773.014927  6     5  61       
PG24  -3203.288915  17286.304089 -20007.394580    -15.463827  3  3  5  63       
PG25  15665.876413  20403.281798  -7376.557457     21.710776  6  6  6  63       
PG26  19462.560012  -1039.079421  18107.781687    240.718341  8  5  6  49       
PG27  12280.844748 -19766.587154  12339.133302   -342.167716  3     2  66       
PG28 -20955.233235 -10181.724577 -12032.321731    700.940502  5  3  4  98       
PG29   4694.613688  21273.874014  15123.943567   -147.024436  4  6  5  74       
PG30 -24088.182447  -1327.456485  11399.170999   -259.073732  2  6  3  74       
PG31  25923.219860  -6440.494605  -2332.565399    -54.650239  6  3  3  74       
PG32  15514.264468   -696.831075 -21447.436270    314.578227  6  4  3  92       
*  2020  7 10 10  0  0.00000000
PG01   3928.767678 -16507.981201 -20572.306782     23.716630  5  4  6  97       
PG02 -21428.482366  14944.932444   5280.034338   -485.073830  5  5  5  68       
PG03  -6255.087124 -19521.276615 -17017.078832   -235.288662  7  4  7  96       
PG04   -292.009348 -25803.987866   6223.668535   -112.964098  6  8  6  75       
PG05 -13265.030699   8941.760809  21087.893068    -16.366374  6  4  5  91       
PG06 -25057.941124   5521.798238  -6892.354938   -301.063944  8  6  2  59       
PG07 -14951.475800  -9467.382702  20260.372062   -323.924702  4  6  4  73       
PG08   6501.492000 -25036.846060   5402.392231    -40.481528  4  3  3  60       
PG09  -9036.098806 -19433.232917  15630.162593   -251.128711  4  4  3  93       
PG10  23139.757755  10271.289069  -8340.149263   -395.529722  8  6  5  61       
PG11   9139.182932 -23102.789325 -10320.897102   -225.219825  4  3  2  72       
PG12   4816.321342  19785.378969 -17369.019991     95.579915  5  3  3  58       
PG13 -13177.438302  20018.895954  11220.266558     25.472280  5  3  5  97       
PG14  15679.974498  -6590.489609 -19998.844913      0.260915  6  5  3  82       
PG15  -3701.845928  25689.163770   4274.941311   -218.544446  4  5  3  79       
PG16  11648.619123  -9252.359025  21811.246125   -180.915865  5  5  8  72       
PG17 -14174.251088  -3177.937189 -21816.830914    293.704290  6  5  6  73       
PG18  14550.923487   9325.727030  20164.199940    242.561609  9  6  9  62       
PG19 -15679.022132   5212.561764 -21086.913438   -133.982728  6  6  6  60       
PG20  21560.284506  15279.967806   3627.997123    527.319369  6  2  4  74       
PG21  23899.038405  -2678.081986  11725.740397     21.919017  4  3  4  51       
PG22   1051.577534 -17052.862623 -20161.861472   -773.012379  5  1  5  84       
PG24  -5269.758935  18059.244249 -18807.131621    -15.464552  2  4  5  32       
PG25  14797.801399  19953.891490  -9992.730184     21.714480  6  5  6  62       
PG26  20940.832708    286.136778  16430.845120    240.724579  8  5  6  66       
PG27  12218.679565 -18182.759013  14629.240953   -342.176416  3  1  2  80       
PG28 -21750.674967 -11248.452063  -9515.674820    700.937448  6  4  4  83       
PG29   4188.718841  22805.260810  12877.796267   -147.032120  5  6  4  65       
PG30 -22820.444077  -2022.113083  13667.731239   -259.080707  2  5  2  71       
PG31  25605.914715  -6088.500303  -5112.938166    -54.652418  7  2  2  67       
PG32  15163.213741   1764.689391 -21648.780336    314.583993  6  4  4  84       
*  2020  7 10 10 15  0.00000000
PG01   6011.999971 -17338.795387 -19304.071481     23.720781  5  4  6  81       
PG02 -21877.671836  14901.523859   2468.982049   -485.079253  6  5  5  77       
PG03  -4528.650555 -18456.147812 -18669.491009   -235.299231  7  3  6  91       
PG04     29.697141 -26319.914564   3439.584879   -112.968309  6  8  5  82       
PG05 -15224.774385   7560.038146  20313.010575    -16.367094  5  4  5  76       
PG06 -24275.406945   4960.437387  -9573.960805   -301.068661  9  6  2  38       
PG07 -12878.585660 -10459.255633  21146.566193   -323.932529  4  5  4  53       
PG08   6678.897464 -24241.903673   8147.564803    -40.483072  4  3  3  61       
PG09  -8699.043964 -21091.097644  13537.370912   -251.134603  3  4  3  59       
PG10  23675.593657  10907.332945  -5637.469112   -395.539417  8  6  6  61       
PG11   9997.531502 -23671.263003  -7847.387898   -225.210600  3  3     64       
PG12   3181.521715  18578.093871 -19009.720153     95.575433  5  2  3  58       
PG13 -13060.874325  18570.815415  13582.862140     25.475249  6  2  5 100       
PG14  15353.550651  -4195.114832 -20880.147840      0.263526  6  5  3  67       
PG15  -4079.562304  25003.465864   6983.894277   -218.542131  4  4  3  84       
PG16  13547.767724  -7612.650670  21387.019128   -180.919794  6  5  8  38       
PG17 -13771.884029  -5714.054229 -21564.934464    293.709513  7  5  6  67       
PG18  12412.689775  10329.229454  21080.593248    242.570336  8  5  9  48       
PG19 -15260.676739   2860.798087 -21844.974168   -133.978204  7  6  6  75       
PG20  20907.873636  15280.844561   6340.833698    527.318929  6  3  5  77       
PG21  22795.469253  -1825.022617  14035.604667     21.923600  4  3  5  62       
PG22   3159.784908 -15911.108271 -20843.141469   -773.009998  5  2  4  78       
PG24  -7165.025372  18860.538091 -17284.734723    -15.464489  1  4  5  12       
PG25  13677.608515  19385.436229 -12441.056082     21.718142  5  5  6  62       
PG26  22312.420095   1420.397037  14473.009564    240.730871  9  5  6  59       
PG27  12217.722045 -16351.889224  16661.312768   -342.185086  3  2  2  76       
PG28 -22376.495891 -12069.915114  -6829.757207    700.934374  6  4  4  50       
PG29   3813.975551  24098.025488  10409.087814   -147.040161  5  5  4  71       
PG30 -21364.192983  -2870.106632  15704.138389   -259.087674  1  5  2  78       
PG31  25024.924122  -5601.662805  -7807.754306    -54.654532  7  1  2  84       
PG32  14938.615641   4241.003096 -21474.652218    314.589710  5  4  4  90       
*  2020  7 10 10 30  0.00000000
PG01   7906.527573 -18209.412493 -17706.458103     23.725083  5  4  5  97       
PG02 -22060.593386  14707.732856   -384.382710   -485.084265  6  4  5  39       
PG03  -2604.640682 -17395.204526 -20003.509405   -235.309757  7  3  5  99       
PG04    303.051901 -26533.776858    596.190080   -112.972462  6  8  3  84       
PG05 -17156.868811   6335.287071  19185.699533    -16.367915  5  3  5  94       
PG06 -23264.851144   4217.116102 -12090.826979   -301.073367  9  6  1  39       
PG07 -10786.908300 -11595.932907  21681.608549   -323.940532  4  5  3  60       
PG08   6892.079229 -23153.095493  10750.472876    -40.484425  4  2  2  38       
PG09  -8451.426358 -22513.416549  11210.770060   -251.140474  3  4  3   2       
PG10  23981.151343  11349.357105  -2838.936187   -395.549055  8  6  6  80       
PG11  10670.284521 -24048.105597  -5243.416219   -225.200722  3  3     83       
PG12   1347.862014  17366.066320 -20330.917173     95.571272  5  2  3  41       
PG13 -12980.025843  16865.907506  15708.949567     25.478132  6  2  5  94       
PG14  15140.278680  -1707.494721 -21389.521742      0.266160  6  5  3  80       
PG15  -4511.038568  24033.716724   9568.738595   -218.539449  5  4  3  85       
PG16  15474.153448  -6124.098740  20589.617763   -180.924240  7  5  8  37       
PG17 -13513.217607  -8215.873679 -20927.286996    293.714956  7  5  6  80       
PG18  10255.565667  11481.417818  21634.037790    242.578973  6  5  8  50       
PG19 -14966.631467    426.536956 -22237.158218   -133.973419  7  6  6  90       
PG20  19983.355371  15190.764709   8945.765316    527.318828  6  3  5  35       
PG21  21532.800304   -793.736421  16111.220542     21.927505  4  3  5  41       
PG22   5371.453771 -14842.980848 -21159.713821   -773.007472  4  3  4  77       
PG24  -8862.889811  19654.422184 -15465.147112    -15.464822  1  4  5  48       
PG25  12306.666637  18738.543042 -14680.701546     21.721813  4  5  6  61       
PG26  23535.389096   2365.982933  12268.129503    240.737147  9  5  6  72       
PG27  12308.341642 -14308.691788  18399.731363   -342.193861  3  3     42       
PG28 -22795.438607 -12661.088523  -4023.076151    700.931076  6  4  4  64       
PG29   3541.801168  25120.114078   7760.532537   -147.047707  6  4  3  71       
PG30 -19758.556985  -3882.833577  17473.598936   -259.094664  1  5  2  82       
PG31  24206.733351  -4953.072199 -10371.843024    -54.656668  6  2  2  74       
PG32  14842.459214   6683.105154 -20928.545990    314.595378  5  3  3  74       
*  2020  7 10 10 45  0.00000000
PG01   9584.938969 -19080.894531 -15805.562809     23.729404  6  4  5  49       
PG02 -21993.906955  14330.187874  -3231.034901   -485.089586  7  4  5  65       
PG03   -510.642018 -16376.058994 -20996.271953   -235.320314  8  3  4  66       
PG04    564.663072 -26438.770830  -2257.487324   -112.976572  5  8  2  79       
PG05 -19015.437558   5277.098547  17726.227278    -16.368765  5  3  5  72       
PG06 -22064.160611   3273.910121 -14399.506301   -301.078091  9  5  2  60       
PG07  -8719.711923 -12862.425601  21855.488925   -323.948157  5  4  3  59       
PG08   7175.554263 -21792.170184  13165.865176    -40.486006  4  2  2  49       
PG09  -8263.705707 -23672.044660   8690.614650   -251.146320  3  4  3  58       
PG10  24029.371066  11624.058178      7.803610   -395.558730  8  6  6  73       
PG11  11175.457525 -24203.612164  -2551.887681   -225.191372  2  4     73       
PG12   -659.691403  16189.051661 -21310.490478     95.566890  5  3  2  43       
PG13 -12967.693084  14933.267232  17561.379226     25.481092  6  2  5  81       
PG14  15052.132815    823.029822 -21518.183127      0.268626  6  5  3  83       
PG15  -5026.223924  22801.058584  11983.165788   -218.537511  5  3  4  68       
PG16  17382.324494  -4807.347046  19434.464594   -180.928384  7  4  8  70       
PG17 -13394.177840 -10630.956504 -19915.851785    293.719951  7  4  6  92       
PG18   8125.935205  12766.771132  21814.909745    242.587678  5  4  7  69       
PG19 -14808.487961  -2042.762406 -22257.208152   -133.969165  8  6  7  81       
PG20  18788.428135  15046.140355  11398.235873    527.318639  6  3  5  39       
PG21  20153.384559    420.997175  17920.105686     21.931801  4  3  5  62       
PG22   7645.918440 -13873.143943 -21105.500717   -773.004705  4  3  3  80       
PG24 -10344.358394  20402.139762 -13378.630625    -15.465756  2  4  6  65       
PG25  10694.675465  18053.927493 -16674.339719     21.725490  5  5  6  68       
PG26  24570.530706   3132.971120   9854.135892    240.743336  9  5  5  75       
PG27  12514.788659 -12094.356888  19814.239635   -342.202469  4  3     64       
PG28 -22975.780053 -13044.810276  -1145.702910    700.927821  6  5  4  79       
PG29   3338.570901  25847.122579   4977.937829   -147.055546  6  4  3  61       
PG30 -18045.539336  -5064.225003  18945.744757   -259.101658  1  4  2  76       
PG31  23183.762754  -4121.678592 -12762.091936    -54.659107  6  2  3  69       
PG32  14868.691671   9042.824703 -20020.420771    314.601069  5  3  3  79       
*  2020  7 10 11  0  0.00000000
PG01  11027.678385 -19911.056104 -13632.878642     23.733582  6  4  4  82       
PG02 -21701.553789  13740.652699  -6021.306746   -485.094788  7  3  5  62       
PG03   1718.928678 -15431.683796 -21630.671842   -235.330840  7  3  3  73       
PG04    851.601454 -26036.959580  -5072.225583   -112.980719  5  8  1  81       
PG05 -20755.014661   4386.813547  15960.544170    -16.369440  5  4  5  46       
PG06 -20715.550102   2120.765864 -16460.082331   -301.082814  9  4  2  74       
PG07  -6717.640326 -14236.375832  21663.969490   -323.956057  5  3  3  62       
PG08   7559.576233 -20188.759773  15351.907783    -40.486670  4  2  2  47       
PG09  -8102.370205 -24546.445386   6020.478613   -251.152186  4  4  2  53       
PG10  23800.226025  11763.323852   2854.420863   -395.568401  8  5  6  57       
PG11  11536.520536 -24113.298751    182.447739   -225.181880  1  4     83       
PG12  -2809.063983  15082.496911 -21931.924652     95.562406  6  3  2  47       
PG13 -13051.536782  12809.040958  19107.799845     25.483976  6  2  5  68       
PG14  15092.962024   3345.574377 -21264.357045      0.271702  6  5  3  71       
PG15  -5650.676759  21334.172229  14183.829293   -218.535052  5  2  4  76       
PG16  19225.235839  -3674.515930  17943.099462   -180.932630  8  4  8  51       
PG17 -13402.213005 -12909.388674 -18549.453968    293.725018  6  4  6  78       
PG18   6067.304201  14162.128148  21620.001134    242.596425  4  5  7  66       
PG19 -14789.702342  -4498.267287 -21904.923440   -133.964658  8  5  7  80       
PG20  17333.021279  14883.278600  13656.125561    527.318651  5  2  5  26       
PG21  18700.600480   1816.809753  19434.506232     21.935596  4  3  5  64       
PG22   9938.811376 -13019.497940 -20681.028668   -773.002852  3  3  3  77       
PG24 -11598.231452  21063.455948 -11060.320010    -15.465508  2  3  6  33       
PG25   8859.466300  17370.809297 -18388.712535     21.729198  6  5  6  62       
PG26  25382.815819   3738.629436   7272.385144    240.749483  9  6  5  83       
PG27  12854.120412  -9755.064958  20880.483794   -342.211148  4  3     64       
PG28 -22892.587794 -13250.573944   1751.705390    700.924351  5  5  4  61       
PG29   3167.118160  26263.174855   2109.399343   -147.063175  6  3  2  50       
PG30 -16268.508074  -6410.399838  20095.149077   -259.108600  2  3  2  78       
PG31  21993.163772  -3093.280711 -14938.121391    -54.661402  6  2  4  82       
PG32  15003.518963  11274.495042 -18766.490845    314.606774  5  4  3  72       
*  2020  7 10 11 15  0.00000000
PG01  12223.666588 -20656.104080 -11224.839492     23.737758  6  3  3  53       
PG02 -21213.824679  12917.403819  -8705.776652   -485.100124  7  3  5  63       
PG03   4043.934078 -14589.173433 -21895.652753   -235.341357  7  3  2  47       
PG04   1199.759562 -25339.202384  -7799.465544   -112.984938  5  8  1  55       
PG05 -22332.194383   3657.679432  13919.780492    -16.370120  6  3  5  59       
PG06 -19263.950629    756.100511 -18236.868606   -301.087494  9  3  3  69       
PG07  -4817.339910 -15688.723824  21108.736095   -323.963823  5  3  2  79       
PG08   8068.778566 -18379.297199  17270.922041    -40.487745  4  3  1  72       
PG09  -7931.416187 -25124.376682   3246.490952   -251.158053  4  4  2  87       
PG10  23281.542797  11802.833875   5652.690421   -395.578040  8  5  6  73       
PG11  11781.391256 -23758.944223   2913.657696   -225.172224     4     69       
PG12  -5062.083535  14076.252691 -22184.570171     95.557689  7  3  2  55       
PG13 -13252.869308  10535.178813  20321.247546     25.486936  6  2  4  88       
PG14  15258.355127   5809.553414 -20633.274722      0.273946  6  5  3  74       
PG15  -6404.308484  19668.224071  16131.219575   -218.532762  6  2  4  81       
PG16  20955.976816  -2728.974573  16142.695579   -180.937081  9  3  8  46       
PG17 -13516.915372 -15005.591975 -16853.353653    293.730423  6  3  6  48       
PG18   4118.782950  15637.465126  21052.581448    242.605171  5  5  6  33       
PG19 -14905.473561  -6891.398727 -21186.154684   -133.960108  8  5  7  66       
PG20  15635.094973  14736.859787  15680.469395    527.318318  5  2  5  29       
PG21  17217.308791   3383.760716  20631.656054     21.940317  4  3  5  47       
PG22  12203.620145 -12292.541436 -19893.448592   -773.000250  3  4  3  67       
PG24 -12621.397819  21598.264525  -8549.674849    -15.466047  4  4  6  70       
PG25   6826.511687  16725.398290 -19795.133446     21.732949  6  5  5  42       
PG26  25942.699871   4206.542923   4566.960510    240.755647  9  6  4  66       
PG27  13335.435666  -7340.313063  21580.431206   -342.219835  5  3     32       
PG28 -22528.688668 -13313.088115   4618.846928    700.921165  5  5  4  74       
PG29   2988.374762  26361.479679   -795.542201   -147.071353  5  3  2  40       
PG30 -14470.640509  -7909.617102  20901.769076   -259.115577  2  3  2  62       
PG31  20675.449757  -1861.269141 -16862.928126    -54.663662  6  2  4  48       
PG32  15226.019824  13336.521694 -17188.906790    314.612396  5  3  3  48       
*  2020  7 10 11 30  0.00000000
PG01  13170.603061 -21272.375261  -8622.261886     23.741965  5  3  3  46       
PG02 -20566.160187  11846.388280 -11236.206336   -485.105199  8  2  5  61       
PG03   6419.849093 -13868.739788 -21786.407976   -235.351930  7  3  2  68       
PG04   1642.256755 -24364.754974 -10392.155477   -112.989182  5  8  2  93       
PG05 -23707.200260   3075.326100  11639.660750    -16.370875  7  3  4  76       
PG06 -17755.302178   -812.926608 -19699.037602   -301.092237  9  2  3  51       
PG07  -3050.221713 -17184.638167  20197.472917   -323.971679  5  2  3  47       
PG08   8721.053953 -16405.681026  18890.035981    -40.488598  4  3     54       
PG09  -7713.928776 -25402.265429    416.529003   -251.163964  4  4  2  66       
PG10  22469.536975  11780.530099   8355.270777   -395.587551  8  5  6  93       
PG11  11941.250158 -23129.432174   5595.337284   -225.162869     4  2  59       
PG12  -7375.718131  13193.500856 -22063.822841     95.553562  7  3  2  57       
PG13 -13585.708908   8157.963368  21180.633565     25.489821  6  3  4  75       
PG14  15535.862758   8166.500544 -19637.020465      0.276487  6  4  3  78       
PG15  -7300.364655  17843.549113  17790.461875   -218.530679  6  2  4  75       
PG16  22529.479765  -1965.463058  14065.490943   -180.941249  9  2  7  46       
PG17 -13710.977439 -16879.944959 -14858.685501    293.735387  6  3  5  72       
PG18   2313.745162  17156.951302  20122.347331    242.613871  6  4  6  69       
PG19 -15142.943118  -9175.450083 -20112.717135   -133.955254  8  5  7  67       
PG20  13720.141831  14638.478875  17436.134249    527.318176  6  2  5  70       
PG21  15744.374536   5104.619835  21493.960386     21.944070  4  2  4  76       
PG22  14393.342391 -11695.042262 -18756.424279   -772.998028  4  4  3  58       
PG24 -13418.816590  21968.223971  -5889.834098    -15.466928  4  4  6  67       
PG25   4628.161278  16149.503450 -20869.926638     21.736658  7  5  4  49       
PG26  26227.228973   4565.504831   1783.936909    240.761786  9  6  4  29       
PG27  13959.447019  -4901.124208  21902.656285   -342.228505  5  3  2  24       
PG28 -21875.321148 -13270.671299   7406.659884    700.918353  4  4  4  68       
PG29   2763.085612  26144.545968  -3686.766934   -147.079017  5  3  2  47       
PG30 -12693.380019  -9542.531681  21351.307361   -259.122529  3  3  2  63       
PG31  19273.008541   -427.095310 -18503.490608    -54.665945  5  3  5  62       
PG32  15509.046486  15192.788777 -15315.335747    314.618118  5  3  3  62       
*  2020  7 10 11 45  0.00000000
PG01  13874.931255 -21718.105628  -5869.688973     23.746153  4  3  3  63       
PG02 -19797.722522  10522.102563 -13566.505733   -485.110299  8  1  5  71       
PG03   8799.266387 -13282.979800 -21304.479466   -235.362482  6  3  3  67       
PG04   2207.953587 -23140.556387 -12805.569625   -112.993396  5  8  4  89       
PG05 -24845.313955   2618.538589   9159.848688    -16.371818  7  3  5  68       
PG06 -16234.816780  -2570.483830 -20821.167643   -301.096934  8  1  4  57       
PG07  -1441.404754 -18684.683262  18943.853044   -323.979623  5  2  3  91       
PG08   9526.714037 -14313.742711  20181.738021    -40.489880  4  3     54       
PG09  -7413.700795 -25385.256560  -2420.615946   -251.169882  5  4  3  75       
PG10  21369.045638  11735.012691  10916.464853   -395.597208  8  5  6  79       
PG11  12049.215787 -22221.355797   8181.360482   -225.153084  2  4  3  53       
PG12  -9703.499043  12449.936197 -21571.219224     95.549315  7  3  3  46       
PG13 -14056.135813   5726.373323  21671.120700     25.493033  5  4  3  66       
PG14  15905.562797  10371.789481 -18294.235394      0.278995  6  5  4  51       
PG15  -8344.690606  15904.126251  19132.013903   -218.528189  6  3  4  96       
PG16  23904.144562  -1370.550031  11748.151329   -180.945261  9  1  7  68       
PG17 -13951.435809 -18500.147519 -12601.784013    293.740452  6  3  5  53       
PG18    678.714561  18680.241974  18845.260771    242.622576  7  4  6  62       
PG19 -15481.699371 -11307.141592 -18702.224076   -133.950580  8  5  6  51       
PG20  11620.405550  14615.306318  18892.442450    527.317993  6  3  5  79       
PG21  14319.298166   6955.397266  22009.112569     21.948213  3  3  4  82       
PG22  16462.171277 -11222.032761 -17289.890216   -772.995519  4  4  4  70       
PG24 -14003.181286  22138.356852  -3126.881438    -15.466743  4  4  6  80       
PG25   2302.630042  15669.313485 -21594.798714     21.740389  7  4  2  33       
PG26  26220.907762   4848.215745  -1029.379683    240.767942  8  7  4  62       
PG27  14718.405716  -2488.214106  21842.491627   -342.237148  5  3  2  29       
PG28 -20932.457505 -13163.553154  10068.135951    700.915120  4  4  4  74       
PG29   2453.529760  25624.048868  -6514.448525   -147.086873  5  4  2  39       
PG30 -10974.962545 -11282.747094  21435.485171   -259.129521  3  2  2  72       
PG31  17828.548252   1199.554045 -19831.327918    -54.668035  5  3  5  65       
PG32  15820.374306  16813.851207 -13178.450577    314.623788  5  4  3  23       
*  2020  7 10 12  0  0.00000000
PG01  14351.461643 -21955.160861  -3014.644193     23.750339  4  3  3  45       
PG02 -18949.791966   8948.141854 -15653.700835   -485.115600  8  2  5  33       
PG03  11133.519516 -12836.443853 -20457.754134   -235.373006  6  3  4  30       
PG04   2920.134294 -21700.230097 -14998.085697   -112.997587  5  8  5  88       
PG05 -25718.111081   2260.291844   6523.236844    -16.372715  8  2  5  72       
PG06 -14745.279424  -4492.477463 -21583.697359   -301.101659  8     4  73       
PG07     -8.882787 -20146.188759  17367.437597   -323.987513  5  2  4  34       
PG08  10487.960855 -12151.579003  21124.324514    -40.491140  5  4     61       
PG09  -6996.825958 -25086.936269  -5216.085517   -251.175769  5  4  3  99       
PG10  19993.448999  11703.921750  13292.952549   -395.606859  8  5  6  80       
PG11  12138.925722 -21039.354936  10626.664476   -225.143478  4  5  4  77       
PG12 -11997.079981  11853.232362 -20714.445532     95.544718  6  4  3  27       
PG13 -14661.976370   3290.347660  21784.381200     25.495816  5  4  2  58       
PG14  16340.940472  12386.184640 -16629.689854      0.281495  6  4  4  41       
PG15  -9535.315434  13895.912555  20132.244177   -218.525896  6  4  4  66       
PG16  25043.319619   -923.399482   9231.080822   -180.949454  9     5  79       
PG17 -14201.143725 -19842.276148 -10123.416456    293.745850  6  3  5  69       
PG18   -767.478165  20163.959759  17243.278136    242.631258  8  3  6  47       
PG19 -15894.569843 -13248.057438 -16977.840590   -133.946274  8  4  6  87       
PG20   9373.842609  14688.921293  20023.730109    527.318113  6  4  5  63       
PG21  12974.993786   8906.097155  22170.152023     21.952314  3  3  4  60       
PG22  18367.142122 -10861.129863 -15519.683298   -772.993236  5  4  5  81       
PG24 -14394.274647  22078.545959   -309.033050    -15.466832  5  4  6  97       
PG25   -107.227088  15304.391955 -21957.138870     21.744115  7  4  2  21       
PG26  25916.298054   5089.840476  -3825.227334    240.774049  8  7  4  69       
PG27  15596.377950   -150.190233  21402.045394   -342.245777  6  3  3  56       
PG28 -19708.796025 -13032.152162  12559.052585    700.911697  4  4  5  62       
PG29   2025.179818  24820.353076  -9229.917779   -147.094463  4  5  2  71       
PG30  -9349.068264 -13097.647705  21152.220954   -259.136487  4  2  1  63       
PG31  16383.531135   3000.887704 -20823.003540    -54.670320  4  3  5  50       
PG32  16124.053357  18177.869246 -10815.338921    314.629514  5  4  3  67       
*  2020  7 10 12 15  0.00000000
PG01  14622.661230 -21950.656710   -106.805510     23.754550  3  2  4  73       
PG02 -18064.052407   7137.381621 -17458.875923   -485.120862  7  2  5  60       
PG03  13374.363816 -12525.522380 -19260.355895   -235.383503  5  4  5  71       
PG04   3795.409636 -20082.838345 -16931.907358   -113.001797  5  7  5  93       
PG05 -26304.459542   1969.004010   3775.194553    -16.373715  8  3  5  50       
PG06 -13325.453076  -6547.288436 -21973.278794   -301.106405  7     4  61       
PG07   1237.049361 -21524.776949  15493.476454   -323.995392  5  2  4  60       
PG08  11598.688389  -9967.816336  21702.235520    -40.492512  5  3  2  52       
PG09  -6433.203685 -24528.741359  -7921.798374   -251.181698  6  4  3  85       
PG10  18364.284378  11722.363753  15444.485914   -395.616511  8  6  6  78       
PG11  12243.074872 -19596.162738  12888.055202   -225.133949  4  4  5  88       
PG12 -14207.878814  11402.812922 -19507.257656     95.540506  6  4  3  73       
PG13 -15392.827605    899.019634  21518.731592     25.498889  6  4  1  68       
PG14  16810.040746  14177.159608 -14673.739815      0.284004  6  4  4  36       
PG15 -10862.372911  11865.109906  20773.875924   -218.523474  6  4  4  72       
PG16  25916.587595   -596.809626   6557.695037   -180.954172  9     4  58       
PG17 -14420.404748 -20891.492600  -7467.946954    293.751022  7  3  4  87       
PG18  -2014.235804  21563.307040  15343.974402    242.639912  8  2  6  60       
PG19 -16348.675508 -14965.915156 -14967.958351   -133.941592  7  4  6  64       
PG20   7022.863321  14874.364437  20809.828726    527.317746  6  4  4  67       
PG21  11738.746962  10921.666344  21975.470399     21.956135  4  3  3  44       
PG22  20069.672359 -10593.166294 -13477.056484   -772.991086  5  4  5  67       
PG24 -14618.035829  21764.862726   2514.237265    -15.468366  5  4  6  83       
PG25  -2555.312975  15066.923146 -21950.243526     21.747872  6  4  3  83       
PG26  25314.327165   5326.477084  -6556.166877    240.780179  7  7  4  58       
PG27  16569.856765   2068.145067  20590.089388   -342.254406  6  2  4  34       
PG28 -18221.436026 -12915.396024  14838.618215    700.908549  4  4  5  66       
PG29   1448.234466  23761.713180 -11786.501769   -147.102079  4  4  2  79       
PG30  -7843.650054 -14949.482201  20505.708938   -259.143464  4  2  1  60       
PG31  14976.651728   4951.446708 -21460.564932    -54.672465  4  3  5  66       
PG32  16381.907816  19271.252387  -8266.844132    314.635183  5  4  3  63       
*  2020  7 10 12 30  0.00000000
PG01  14717.632632 -21678.399975   2802.885511     23.758802  3  2  4  41       
PG02 -17180.839744   5111.769434 -18948.059326   -485.125937  7  3  5  58       
PG03  15475.652449 -12338.656419 -17732.433469   -235.393952  4  4  5  76       
PG04   4842.883624 -18331.438214 -18573.718845   -113.005958  5  7  6  89       
PG05 -26591.245730   1709.957298    962.788123    -16.374418  9  3  5  84       
PG06 -12008.650219  -8696.808270 -21983.022089   -301.111145  6  2  5  57       
PG07   2294.081357 -22775.995994  13352.604737   -324.003064  5  2  3  46       
PG08  12844.619028  -7809.875593  21906.275887    -40.493467  6  3  3  75       
PG09  -5697.896648 -23739.078927 -10491.276773   -251.187628  6  3  4  60       
PG10  16510.566347  11821.440468  17334.538204   -395.626144  7  6  6  55       
PG11  12391.967429 -17912.349192  14925.019478   -225.124647  5  4  5  82       
PG12 -16288.744287  11089.938441 -17969.310416     95.536005  6  4  3  67       
PG13 -16230.420436  -1401.009152  20879.142835     25.501724  6  5     87       
PG14  17276.839657  15719.933691 -12461.685162      0.286575  5  4  4  60       
PG15 -12308.361745   9856.440030  21046.286406   -218.521363  6  4  3  68       
PG16  26500.813116   -358.478411   3773.670970   -180.958518  9     4  45       
PG17 -14568.695170 -21642.385283  -4682.455613    293.756157  7  4  3  65       
PG18  -3059.411927  22833.747317  13180.068744    242.648552  8     6           
PG19 -16806.712073 -16435.621975 -12705.792364   -133.937181  7  5  6  86       
PG20   4612.897614  15179.449659  21236.459237    527.317614  5  4  4  77       
PG21  10631.378705  12963.106109  21428.771374     21.960624  4  3  2  58       
PG22  21536.931540 -10393.105652 -11198.085664   -772.988900  6  4  6  77       
PG24 -14705.374969  21180.668948   5293.117603    -15.468607  5  4  5  80       
PG25  -4993.811279  14961.237028 -21573.461275     21.751657  6  4  5  72       
PG26  24424.295122   5593.595188  -9175.853608    240.786297  7  7  5  89       
PG27  17608.680093   4127.321748  19421.825217   -342.263091  6  2  4  54       
PG28 -16495.259165 -12849.145114  16870.028325    700.905310  5  4  4  61       
PG29    698.964156  22483.183292 -14140.323831   -147.109993  4  4  1  84       
PG30  -6479.984508 -16796.660255  19506.393525   -259.150262  4  1  1  60       
PG31  13642.415677   7018.836946 -21731.909390    -54.674662  4  4  5  80       
PG32  16555.124054  20088.991094  -5576.850723    314.640824  4  4  3  61       
*  2020  7 10 12 45  0.00000000
PG01  14670.819997 -21120.086203   5663.162254     23.763026  4  2  4  56       
PG02 -16337.432527   2901.723566 -20093.021024   -485.130842  7  3  5  73       
PG03  17394.944556 -12256.865713 -15899.845385   -235.404452  3  4  5  75       
PG04   6063.617245 -16491.495638 -19895.260244   -113.010017  6  7  6  38       
PG05 -26573.804677   1446.830235  -1866.013589    -16.375355  9  3  5  65       
PG06 -10821.526953 -10897.735389 -21612.626552   -301.115919  6  2  5  83       
PG07   3167.865811 -23857.000049  10980.431021   -324.011034  4  3  3  67       
PG08  14203.766354  -5722.304165  21733.721261    -40.494216  6  3  4  61       
PG09  -4772.288227 -22752.191673 -12880.441247   -251.193612  6  4  4  88       
PG10  14467.837045  12026.934396  18930.898552   -395.635775  6  6  6  46       
PG11  12612.141641 -16015.760321  16700.526247   -225.114798  5  4  5  58       
PG12 -18195.588398  10898.109682 -16125.894736     95.531317  5  4  3  45       
PG13 -17149.305795  -3567.286465  19877.127001     25.504541  6  5     72       
PG14  17702.773373  16998.190544 -10033.049375      0.289167  5  3  4  20       
PG15 -13848.731563   7911.502631  20945.656815   -218.519052  6  5  2  66       
PG16  26780.919813   -172.443819    926.185994   -180.963046  9     4  72       
PG17 -14606.401717 -22098.939496  -1815.835814    293.761520  6  4  3  67       
PG18  -3909.197142  23932.690320  10788.859562    242.657228  7  1  6  67       
PG19 -17228.415139 -17640.078974 -10228.901113   -133.932773  7  5  5  55       
PG20   2190.838541  15604.365167  21295.528689    527.317708  4  4  4  65       
PG21   9666.636593  14988.712053  20538.987880     21.964391  4  3  2  54       
PG22  22742.985681 -10231.201763  -8722.983903   -772.986717  6  3  6  54       
PG24 -14690.782231  20317.441275   7978.401499    -15.468854  5  4  4  39       
PG25  -7374.782761  14983.632803 -20832.254023     21.755456  5  4  6  71       
PG26  23263.580711   5924.501703 -11639.791534    240.792386  6  7  5  68       
PG27  18677.213561   5994.502517  17918.538446   -342.271741  6  1  4  54       
PG28 -14562.049262 -12864.771739  18620.933346    700.902269  4  4  4  55       
PG29   -239.182240  21025.279300 -16251.050859   -147.117829  4  4  1  70       
PG30  -5271.983538 -18595.215462  18170.836760   -259.157209  4  1  2  48       
PG31  12409.873429   9164.736727 -21631.066609    -54.676960  3  3  5  43       
PG32  16605.865714  20634.666996  -2791.527330    314.646506  4  4  3  42       
*  2020  7 10 13  0  0.00000000
PG01  14520.492160 -20266.199063   8423.398865     23.767207  4  3  5  70       
PG02 -15566.465579    545.155148 -20871.951616   -485.136292  6  4  6  89       
PG03  19094.984291 -12254.575786 -13793.745379   -235.414939  3  5  6  81       
PG04   7450.410562 -14609.218919 -20873.813480   -113.014244  6  7  6  82       
PG05 -26256.041548   1143.282110  -4663.135646    -16.376384  9  4  5  80       
PG06  -9783.147059 -13103.082344 -20868.395049   -301.120646  6  2  5  80       
PG07   3871.681637 -24728.212198   8417.015729   -324.018958  4  3  3  76       
PG08  15647.203094  -3745.238312  21188.310888    -40.494251  6  3  4  77       
PG09  -3644.995076 -21606.813700 -15048.360054   -251.199522  6  4  5  89       
PG10  12276.980036  12358.199438  20206.204289   -395.645442  5  6  6  63       
PG11  12925.126865 -13940.664389  18181.796907   -225.104948  6  4  5  70       
PG12 -19888.924914  10803.775976 -14007.582268     95.526874  5  5  3  44       
PG13 -18117.834762  -5562.955801  18530.504405     25.507714  7  5  2  68       
PG14  18048.358982  18004.457605  -7430.800760      0.291605  5  3  3  80       
PG15 -15452.765997   6067.286093  20474.973093   -218.516688  6  5     55       
PG16  26750.374474     -0.642982  -1936.843048   -180.967397  9  1  5  62       
PG17 -14496.503442 -22274.148363   1082.108879    293.766762  6  3  2  58       
PG18  -4577.679295  24821.115354   8211.578685    242.665882  6  4  5  36       
PG19 -17572.158933 -18570.701539  -7578.632413   -133.928110  6  5  5  56       
PG20   -196.577692  16141.582978  20985.321030    527.317738  2  5  4  76       
PG21   8850.828376  16955.405086  19320.158783     21.969136  4  3  2   9       
PG22  23669.670333 -10074.352385  -6095.339479   -772.984289  6  3  6  64       
PG24 -14610.788713  19175.279355  10522.432992    -15.469325  5  4  4  46       
PG25  -9651.779597  15122.510831 -19738.170263     21.759232  5  4  6  70       
PG26  21857.056906   6348.891016 -13906.059943    240.798484  6  6  5  80       
PG27  19735.747163   7644.510291  16107.152408   -342.280349  5  1  4  32       
PG28 -12459.389591 -12987.939458  20063.821434    700.898896  4  4  4  73       
PG29  -1374.752479  19432.446317 -18082.575562   -147.125589  4  4  1  65       
PG30  -4225.795209 -20300.380447  16521.477866   -259.164162  4     3  76       
PG31  11301.559056  11346.147748 -21158.388480    -54.679052  3  3  5  85       
PG32  16498.853848  20920.144293     41.459725    314.652133  4  4  2  50       
*  2020  7 10 13 15  0.00000000
PG01  14307.064669 -19116.568158  11034.580739     23.771562  5  4  4  72       
PG02 -14894.543769  -1913.848879 -21269.995343   -485.141368  6  4  6  69       
PG03  20544.993694 -12300.713753 -11450.073091   -235.425427  4  5  5  85       
PG04   8987.912093 -12729.876308 -21492.590816   -113.018503  6  6  6  69       
PG05 -25650.243228    764.529578  -7381.183787    -16.376819  9  4  6  61       
PG06  -8904.352842 -15263.835936 -19763.130824   -301.125383  5  3  5  57       
PG07   4425.786743 -25354.903235   5706.241455   -324.026605  4  3  3  62       
PG08  17140.101668  -1913.052502  20280.131069    -40.494830  6  2  5  51       
PG09  -2312.499762 -20344.669425 -16957.941072   -251.205385  6  4  5  84       
PG10   9982.839489  12827.298540  21138.403357   -395.655051  4  6  6  61       
PG11  13346.389962 -11726.629875  19341.022838   -225.095310  6  4  5  57       
PG12 -21335.256384  10777.326602 -11649.778243     95.522633  5  5  4  11       
PG13 -19099.392031  -7357.975793  16863.057563     25.510467  7  5  3  89       
PG14  18274.839608  18740.139930  -4700.535174      0.294139  5  2  4  74       
PG15 -17084.721167   4354.891566  19643.882970   -218.514314  6  5     86       
PG16  26411.366663    195.468037  -4767.511178   -180.971649  9  2  6  47       
PG17 -14206.132128 -22189.290590   3961.549092    293.771997  5  3  2  58       
PG18  -5086.095403  25465.069650   5492.676083    242.674521  5  5  4  63       
PG19 -17796.632381 -19227.633561  -4799.498434   -133.923306  6  5  4  65       
PG20  -2504.392795  16776.084150  20310.575211    527.317444  2  5  4  57       
PG21   8182.707785  18820.114777  17791.265264     21.973829  4  3  2  53       
PG22  24307.158820  -9887.589350  -3361.295875   -772.981854  6  2  6  54       
PG24 -14502.344325  17763.072097  12880.029679    -15.469339  5  5  4  77       
PG25 -11781.420535  15358.812406 -18308.726752     21.763021  6  4  7  61       
PG26  20236.236522   6891.533746 -15936.002357    240.804449  6  6  5  63       
PG27  20742.047753   9060.548435  14019.694657   -342.288946  5  3  5  62       
PG28 -10229.381438 -13237.617584  21176.320696    700.896269  4  4  3  72       
PG29  -2707.779186  17751.391012 -19603.622797   -147.133407  4  4  2  55       
PG30  -3339.711735 -21868.214545  14586.285765   -259.171127  4     3  55       
PG31  10332.678431  13516.847670 -20320.637232    -54.681155  3  4  5  67       
PG32  16202.852214  20964.956937   2873.749242    314.657771  4  4  3  61       
*  2020  7 10 13 30  0.00000000
PG01  14071.330952 -17680.556550  13450.255744     23.775862  5  5  4  79       
PG02 -14341.124727  -4426.625680 -21279.614997   -485.146553  5  4  6  90       
PG03  21721.728777 -12360.031875  -8908.956867   -235.435887  5  5  6  90       
PG04  10653.051543 -10896.162580 -21741.019464   -113.022702  7  6  6  84       
PG05 -24776.589870    278.856699  -9974.210595    -16.378023  8  4  6  91       
PG06  -8187.467443 -17330.705966 -18315.918086   -301.130125  6  3  5  48       
PG07   4856.477794 -25708.619225   2895.080743   -324.034861  5  4  3  92       
PG08  18643.005004   -253.244213  19025.394742    -40.495843  6  3  5  60       
PG09   -779.479323 -19008.873838 -18576.555123   -251.211247  6  4  5  80       
PG10   7632.693532  13438.421699  21711.139560   -395.664724  4  6  5  57       
PG11  13884.522632  -9417.173225  20156.007203   -225.085815  6  4  5  66       
PG12 -22508.255947  10784.332076  -9092.184805     95.517944  5  6  5  50       
PG13 -20053.832174  -8930.066800  14904.080612     25.513551  7  5  4  70       
PG14  18345.787966  19215.216303  -1889.639219      0.296639  6  2  4  83       
PG15 -18705.167390   2798.519882  18468.418840   -218.512178  7  6  1  92       
PG16  25774.682584    453.292140  -7518.659048   -180.975844  9  3  6  32       
PG17 -13707.953349 -21872.913184   6773.479040    293.777421  4  3  2  84       
PG18  -5461.805244  25836.983227   2679.047768    242.683124  5  7  5  49       
PG19 -17862.531963 -19619.642925  -1938.484825   -133.919096  5  5  4  33       
PG20  -4690.985072  17485.894330  19282.445838    527.317700  2  5  5  79       
PG21   7653.616646  20541.175174  15976.025493     21.977766  4  3  3  34       
PG22  24654.205515  -9635.642147   -568.692837   -772.979948  6  2  6  84       
PG24 -14401.182435  16098.311865  15009.360196    -15.469275  4  5  3  50       
PG25 -13724.869685  15666.756055 -16567.195463     21.766804  7  4  7  78       
PG26  18438.178559   7571.153403 -17694.868149    240.810573  6  6  5  43       
PG27  21653.004948  10234.592481  11692.689729   -342.297610  5  3  4  43       
PG28  -7917.230883 -13625.356961  21941.426125    700.892937  3  4  3  73       
PG29  -4229.600542  16029.343192 -20788.270671   -147.141349  5  4  3  70       
PG30  -2604.390704 -23257.221286  12398.307724   -259.178093  4     4  83       
PG31   9510.582881  15628.993355 -19130.964083    -54.683419  3  3  5  35       
PG32  15692.002029  20795.417240   5657.091667    314.663435  4  4  3   6       
*  2020  7 10 13 45  0.00000000
PG01  13852.678330 -15976.865596  15627.441806     23.780147  6  5  5  81       
PG02 -13917.726195  -6941.746687 -20900.773330   -485.151812  5  5  5  65       
PG03  22610.256744 -12394.608467  -6214.037361   -235.446333  6  5  6  80       
PG04  12415.779394  -9146.677381 -21614.917841   -113.026883  7  6  6  78       
PG05 -23662.386721   -340.997096 -12398.451131    -16.378893  8  4  5  75       
PG06  -7626.340153 -19255.894616 -16551.789998   -301.134865  6  4  4  42       
PG07   5194.888368 -25768.393777     32.771223   -324.042597  5  4  3  83       
PG08  20113.277383   1214.407123  17446.124000    -40.496388  6  2  5  44       
PG09    941.182620 -17642.295720 -19876.581091   -251.217050  5  4  5  85       
PG10   5274.636202  14187.608084  21914.053891   -395.674374  3  5  5  71       
PG11  14540.712699  -7058.226978  20610.708163   -225.076230  6  4  5  56       
PG12 -23389.696401  10786.992039  -6378.179005     95.513412  6  6  5  53       
PG13 -20939.060536 -10265.350314  12687.834691     25.516302  7  5  4  89       
PG14  18228.606690  19447.618508    953.548733      0.299215  6  1  4  63       
PG15 -20272.474449   1414.757462  16970.599615   -218.510096  7  6  2  86       
PG16  24859.281841    807.523667 -10144.582345   -180.980369  8  4  6  61       
PG17 -12981.319981 -21359.566877   9470.517748    293.782435  4  3  3  77       
PG18  -5737.027447  25916.748922   -180.779296    242.691737  6  8  5  54       
PG19 -17734.208235 -19763.696915    955.699363   -133.914663  4  5  3  53       
PG20  -6719.503648  18242.911373  17918.343986    527.317476  3  6  5  79       
PG21   7247.881559  22079.692450  13902.644668     21.981673  4  3  4  43       
PG22  24718.058081  -9284.509712   2233.812106   -772.977426  6  2  6  90       
PG24 -14340.242281  14206.562430  16872.753581    -15.470468  4  5  3  46       
PG25 -15449.163472  16014.848151 -14542.293644     21.770560  7  4  6  63       
PG26  16504.194301   8399.533860 -19152.397422    240.816712  6  6  5  62       
PG27  22426.306137  11167.445111   9166.492107   -342.306266  4  4  4  47       
PG28  -5569.752381 -14154.844028  22347.656649    700.889751  3  4  3  46       
PG29  -5923.019876  14312.313248 -21616.378727   -147.149069  5  4  3  65       
PG30  -2003.383250 -24429.892134   9995.119580   -259.185154  4     4  61       
PG31   8834.554466  17634.816006 -17608.772121    -54.685577  3  3  5  47       
PG32  14946.956606  20443.481435   8344.147077    314.669058  4  5  3  55       
*  2020  7 10 14  0  0.00000000
PG01  13687.366216 -14032.962152  17527.467191     23.784446  5  6  4  57       
PG02 -13627.496969  -9406.953324 -20140.923542   -485.156603  4  5  5  85       
PG03  23204.422582 -12365.468172  -3411.722503   -235.456755  6  6  6  93       
PG04  14240.084927  -7514.573610 -21116.560886   -113.031067  7  5  6  78       
PG05 -22341.046084  -1116.621588 -14613.018910    -16.379463  8  4  5  86       
PG06  -7206.732578 -20994.817412 -14501.289902   -301.139680  5  4  4  50       
PG07   5475.569979 -25521.687363  -2830.087521   -324.050607  5  4  3 102       
PG08  21506.679237   2478.379165  15569.743414    -40.497558  6  3  5  48       
PG09   2828.700503 -16285.946373 -20835.864657   -251.222939  5  4  5  56       
PG10   2955.926356  15062.785480  21742.995607   -395.684050  2  4  4  64       
PG11  15308.530859  -4696.489632  20695.662057   -225.066540  6  5  5  64       
PG12 -23970.086685  10745.737143  -3554.111668     95.508917  5  5  5  79       
PG13 -21712.695476 -11358.659403  10252.921333     25.519060  7  5  5  80       
PG14  17895.870239  19462.325990   3780.564227      0.301736  5  1  4  73       
PG15 -21744.376503    212.183043  15177.927311   -218.507653  7  6  3  89       
PG16  23691.595001   1288.689264 -12601.711055   -180.984536  8  4  5  68       
PG17 -12013.160755 -20688.348929  12007.651932    293.787801  4  3  3  67       
PG18  -5947.388271  25692.525381  -3037.490620    242.700381  7  9  6  76       
PG19 -17381.202515 -19684.227845   3833.422204   -133.909928  3  5  3  49       
PG20  -8559.120323  19013.994443  16241.658454    527.317830  5  6  6  78       
PG21   6943.457343  23400.843432  11603.516284     21.985832  3  2  4  65       
PG22  24514.046513  -8802.976009   4997.622643   -772.975089  6  2  5  87       
PG24 -14348.217756  12120.602446  18437.419940    -15.471885  5  5  3  71       
PG25 -16928.334078  16367.134866 -12267.776150     21.774310  7  4  6  57       
PG26  14478.399711   9380.892533 -20283.340084    240.822851  6  5  5  79       
PG27  23022.077032  11868.458936   6484.573067   -342.314909  4  5  5  55       
PG28  -3233.838147 -14821.741666  22389.147260    700.886606  3  4  3  52       
PG29  -7762.797677  12643.411728 -22073.917176   -147.156905  6  5  4  57       
PG30  -1513.950377 -25354.114680   7418.185514   -259.192143  4     4  68       
PG31   8295.917419  19488.343577 -15779.459340    -54.687731  3  4  5  64       
PG32  13955.774047  19945.416233  10889.262976    314.674716  4  5  4  61       
*  2020  7 10 14 15  0.00000000
PG01  13606.941689 -11884.150570  19116.721521     23.788611  5  6  4  89       
PG02 -13465.170955 -11771.126781 -19014.809941   -485.161811  3  5  4  93       
PG03  23506.985180 -12234.258182   -550.386212   -235.467218  7  6  6  47       
PG04  16085.253522  -6026.427242 -20254.633804   -113.035309  7  5  6  90       
PG05 -20850.857654  -2062.936815 -16580.553968    -16.380064  7  4  5  91       
PG06  -6907.029890 -22507.708596 -12199.933767   -301.144458  5  4  3  62       
PG07   5734.912356 -24965.005883  -5642.496554   -324.058174  5  4  3  86       
PG08  22779.006162   3535.627392  13428.592766    -40.499646  6  3  5  77       
PG09   4854.996533 -14977.455096 -21438.084023   -251.228821  4  3  5  83       
PG10    721.363831  16044.128963  21200.137464   -395.693457  2  3  4  76       
PG11  16174.050400  -2377.726949  20408.267773   -225.057076  5  5  5  81       
PG12 -24248.986558  10620.924867   -668.535863     95.504387  5  5  5  85       
PG13 -22333.746234 -12213.511717   7641.587077     25.522168  7  4  5  79       
PG14  17326.461312  19290.217447   6543.615952      0.304394  5  1  4  91       
PG15 -23079.551657   -808.697493  13122.795792   -218.505467  7  6  3  97       
PG16  22304.568293   1921.846606 -14849.253591   -180.988843  7  5  5  59       
PG17 -10798.577772 -19901.312382  14342.913257    293.792959  4  3  3  63       
PG18  -6130.340622  25161.231697  -5841.840757    242.709089  7  9  7  64       
PG19 -16779.612129 -19412.111309   6644.968980   -133.905067  3  5  3  52       
PG20 -10186.047864  19762.272587  14281.360569    527.317350  5  6  6  67       
PG21   6712.803062  24475.064399   9114.869585     21.989872  4  2  4  62       
PG22  24064.870057  -8164.008592   7675.065194   -772.973042  6  3  5  89       
PG24 -14448.295358   9879.281065  19676.064773    -15.473482  5  5  3  53       
PG25 -18144.283500  16684.652349  -9781.931016     21.778100  8  5  6  84       
PG26  12406.166498  10511.544924 -21067.900456    240.829023  6  5  5  54       
PG27  23404.427136  12354.943681   3692.774594   -342.323647  4  5  4  70       
PG28   -954.941645 -15613.817102  22065.680445    700.883951  3  5  3  83       
PG29  -9716.457033  11061.294499 -22153.192815   -147.164786  6  5  4  78       
PG30  -1108.136577 -26004.388012   4712.137734   -259.199131  4  2  4  60       
PG31   7878.477318  21147.082421 -13674.040387    -54.690000  3  4  5  71       
PG32  12714.535289  19340.317241  13249.220865    314.680379  4  5  4  51       
*  2020  7 10 14 30  0.00000000
PG01  13636.861539  -9572.328410  20367.298312     23.792887  4  6  3  83       
PG02 -13417.403340 -13986.199227 -17544.088249   -485.166999  2  5  4  76       
PG03  23529.415949 -11964.914014   2320.475180   -235.477674  7  6  6 103       
PG04  17907.314872  -4701.371289 -19044.075529   -113.039476  8  4  6  80       
PG05 -19233.592416  -3187.446615 -18267.815478    -16.380752  7  4  5  85       
PG06  -6699.248379 -23761.048177  -9687.583814   -301.149216  5  4  2  92       
PG07   6009.469045 -24104.163651  -8354.056882   -324.065930  5  4  4  81       
PG08  23887.730956   4391.482990  11059.368378    -40.501444  6  4  6  50       
PG09   6985.592364 -13749.688948 -21673.017477   -251.234677  4  4  5  59       
PG10  -1388.246833  17104.729080  20293.990308   -395.703163  2     4  66       
PG11  17116.301611   -145.099210  19752.917637   -225.047407  5  5  5  83       
PG12 -24234.981542  10374.563469   2228.623903     95.499896  5  4  6  79       
PG13 -22764.240954 -12841.749844   4898.973285     25.524972  7  4  5  82       
PG14  16506.464101  18966.728098   9196.347597      0.306867  5  1  4  81       
PG15 -24239.153110  -1655.194873  10841.829806   -218.503167  7  6  4  95       
PG16  20736.489249   2725.484893 -16849.801215   -180.992744  7  5  4  77       
PG17  -9341.138342 -19041.802776  16437.985225    293.798066  4  4  4  61       
PG18  -6323.515870  24328.714459  -8545.507611    242.717746  8 10  8  60       
PG19 -15913.227062 -18983.391218   9341.408681   -133.900802  2  5  2  55       
PG20 -11584.282654  20448.621023  12071.498609    527.317451  5  7  6  84       
PG21   6523.969719  25279.090464   6476.357718     21.993903  4  2  4  39       
PG22  23399.614841  -7345.985407  10220.216475   -772.970723  6  3  5  88       
PG24 -14657.135037   7526.135193  20567.382885    -15.473926  5  5  3  31       
PG25 -19087.370348  16927.022950  -7126.981424     21.781935  8  5  6  70       
PG26  10332.528491  11779.875848 -21492.099297    240.835198  6  5  6  84       
PG27  23542.844493  12651.285224    838.542766   -342.332348  3  5  4  45       
PG28   1224.378089 -16511.349483  21382.660069    700.880435  2  5  3  66       
PG29 -11745.371771   9598.791861 -21852.968877   -147.172379  6  5  5  73       
PG30   -754.058838 -26362.794946   1923.988855   -259.206096  4  2  4  74       
PG31   7559.275821  22573.589382 -11328.648901    -54.692355  3  4  5  44       
PG32  11227.664915  18668.535053  15383.941300    314.686078  4  5  5  66       
*  2020  7 10 14 45  0.00000000
PG01  13795.380279  -7144.479275  21257.513367     23.797136  3  6  3  69       
PG02 -13463.467806 -16008.918490 -15756.782649   -485.172047  2  5  3  74       
PG03  23291.366372 -11525.248149   5151.113435   -235.488144  7  6  6 107       
PG04  19660.626428  -3550.526262 -17505.814981   -113.043684  8  4  6  83       
PG05 -17532.990773  -4489.771788 -19646.212005    -16.381513  6  4  4  81       
PG06  -6550.298703 -24728.755047  -7007.745092   -301.153920  4  4  1  70       
PG07   6334.261258 -22954.171679 -10915.979453   -324.073905  5  3  4  92       
PG08  24793.588123   5059.235032   8502.502609    -40.502609  6  5  6  26       
PG09   9180.749125 -12629.568686 -21536.709221   -251.240640  4  4  5  95       
PG10  -3337.486943  18211.548124  19039.313367   -395.712838  2     5  70       
PG11  18108.045893   1962.410054  18740.965342   -225.037891  5  6  5  59       
PG12 -23945.313695   9971.995294   5086.948010     95.495240  5  3  6  82       
PG13 -22970.742167 -13262.866665   2072.325596     25.527879  6  4  5  69       
PG14  15429.786809  18530.366252  11694.553646      0.309162  5  2  5  69       
PG15 -25188.233322  -2341.878180   8375.172384   -218.501022  7  7  4  87       
PG16  19029.633606   3710.664430 -18569.888409   -180.996988  6  5  2  67       
PG17  -7652.857537 -18152.783123  18258.737066    293.803706  5  4  3  62       
PG18  -6563.073570  23209.580836 -11101.929183    242.726448  8 11  9  67       
PG19 -14774.387869 -18437.797058  11875.471614   -133.896199  2  5  2   9       
PG20 -12746.040690  21033.245676   9650.590859    527.316934  5  7  6  86       
PG21   6341.871613  25796.807791   3730.581223     21.998155  4  3  4  72       
PG22  22552.545139  -6333.703299  12589.682504   -772.968626  5  2  5  79       
PG24 -14984.136157   5107.828222  21096.421912    -15.475503  5  5  3  58       
PG25 -19756.681309  17054.137719  -4348.399813     21.785861  8  6  5  78       
PG26   8300.602218  13166.621587 -21548.045772    240.841366  6  4  6  63       
PG27  23413.390785  12787.813440  -2029.847877   -342.341017  2  5  4  41       
PG28   3265.806895 -17487.802540  20351.029623    700.877219  2  6  3  65       
PG29 -13806.096043   8281.772733 -21178.477641   -147.180310  6  6  5  76       
PG30   -417.359646 -26419.690191   -897.708157   -259.213067  4  2  3  97       
PG31   7309.634897  23736.867979  -8783.925842    -54.694657  3  4  5  55       
PG32   9507.942960  17970.067793  17257.137804    314.691750  4  5  5  55       
*  2020  7 10 15  0  0.00000000
PG01  14092.751103  -4650.967871  21772.287518     23.801361  3  6  3  67       
PG02 -13576.275422 -17802.388083 -13686.602894   -485.177090  1  5  3  78       
PG03  22819.824300 -10888.397330   7892.409479   -235.498630  7  7  6  97       
PG04  21299.531267  -2576.747921 -15666.405040   -113.047922  8  3  6  70       
PG05 -15793.189344  -5961.480259 -20692.263100    -16.381828  6  4  4  70       
PG06  -6423.454048 -25393.099892  -4206.798251   -301.158650  3  4     47       
PG07   6741.135991 -21538.749616 -13282.077851   -324.081665  5  3  4  85       
PG08  25462.043060   5559.415226   5801.491309    -40.503825  6  5  6  69       
PG09  11396.812998 -11637.125115 -21031.531347   -251.246510  3  4  4  81       
PG10  -5097.514684  19326.631854  17456.917940   -395.722611  3  3  5  69       
PG11  19116.838157   3911.391759  17390.527540   -225.028049  5  6  5  40       
PG12 -23405.177518   9383.470237   7856.427516     95.491045  5  3  6  67       
PG13 -22925.692242 -13503.045171   -789.822501     25.530628  6  4  5  67       
PG14  14098.496204  18021.145710  13996.842440      0.311821  5  2  5  81       
PG15 -25897.009260  -2889.745143   5765.737855   -218.498602  7  7  4  67       
PG16  17228.779112   4880.425198 -19980.504795   -181.001225  6  5  1  68       
PG17  -5753.878198 -17275.205814  19775.683657    293.808821  5  4  4  76       
PG18  -6882.114152  21826.704382 -13467.107902    242.735125  8 11 10  62       
PG19 -13364.524150 -17817.108652  14202.420941   -133.891351  2  5  3  72       
PG20 -13671.868706  21477.311314   7060.929080    527.317201  5  8  6  80       
PG21   6129.706077  26019.883794    922.542265     22.001916  4  4  5  29       
PG22  21561.718956  -5119.131456  14743.316621   -772.966336  4  2  5  83       
PG24 -15431.017292   2672.477154  21254.809824    -15.476280  5  5  3  39       
PG25 -20159.970632  17027.859693  -1494.142612     21.789771  8  6  5  86       
PG26   6350.080862  14645.455759 -21234.112735    240.847568  5  4  7  71       
PG27  22999.655829  12799.463670  -4864.068423   -342.349702     4  4  30       
PG28   5136.479449 -18510.740969  18987.135462    700.874235  2  6  2  78       
PG29 -15851.885235   7128.286035 -20141.326189   -147.188160  5  6  5  50       
PG30    -62.765142 -26174.074878  -3703.735805   -259.220158  4  3  3  90       
PG31   7096.451068  24613.527922  -6084.303107    -54.697044  3  5  5  65       
PG32   7576.206988  17282.979863  18836.910788    314.697421  4  4  5  63       
*  2020  7 10 15 15  0.00000000
PG01  14530.771966  -2143.710681  21903.386777     23.805607  3  6  3  60       
PG02 -13723.660744 -19337.318532 -11372.149317   -485.182234  1  4  3  79       
PG03  22147.991513 -10034.069473  10496.748012   -235.509084  7  7  6 102       
PG04  22780.026755  -1774.700836 -13557.560799   -113.052097  8  2  5  66       
PG05 -14057.142933  -7586.221446 -21387.986345    -16.382469  5  4  3  71       
PG06  -6279.964335 -25745.302811  -1333.183025   -301.163475  2  4     76       
PG07   7257.253569 -19889.478059 -15409.714921   -324.089546  5  2  4  92       
PG08  25864.592732   5918.813870   3002.179202    -40.505797  6  5  6  63       
PG09  13587.715918 -10784.830988 -20166.141324   -251.252337  3  4  4  54       
PG10  -6647.009246  20408.533512  15573.363814   -395.732260  3  5  6  74       
PG11  20106.330932   5675.170864  15726.122347   -225.018573  5  6  5  63       
PG12 -22646.704486   8585.542827  10488.381338     95.486531  4  3  6  44       
PG13 -22608.538599 -13593.952647  -3638.477687     25.533689  6  4  5  40       
PG14  12522.857312  17478.991303  16065.241607      0.314609  5  2  5  74       
PG15 -26341.925075  -3325.160539   3058.446411   -218.496373  7  7  4  87       
PG16  15379.636151   6229.486081 -21057.553933   -181.005471  6  5     64       
PG17  -3671.864632 -16446.486461  20964.371669    293.814100  4  4  3  37       
PG18  -7309.216985  20210.422988 -15600.368443    242.743850  8 11 10  65       
PG19 -11694.344755 -17163.431837  16280.899374   -133.886882  3  5  3  60       
PG20 -14370.425773  21744.546385   4347.806705    527.317015  6  8  6  88       
PG21   5850.478968  25948.144844  -1900.973507     22.006018  4  5  5  70       
PG22  20467.484135  -3701.883849  16644.866365   -772.964106  4  2  4  70       
PG24 -15991.724116    267.938772  21040.845061    -15.475603  6  5  3  56       
PG25 -20313.264197  16813.679510   1386.182835     21.793622  8  6  5  79       
PG26   4515.858884  16183.860169 -20555.009784    240.853781  5  4  7  67       
PG27  22293.439670  12724.282775  -7616.498567   -342.358370     3  4  78       
PG28   6809.999156 -19542.962815  17312.534440    700.871069  3  6  3  67       
PG29 -17834.350955   6148.010829 -18759.297139   -147.196104  4  6  5  71       
PG30    344.315350 -25633.640742  -6445.105633   -259.227137  4  3  2  71       
PG31   6883.688057  25188.655998  -3277.195558    -54.699206  3  5  5  75       
PG32   5460.754822  16641.905544  20096.273334    314.703077  4  4  5  60       
*  2020  7 10 15 30  0.00000000
PG01  15102.692955    325.699811  21649.517558     23.809779  3  6  3  72       
PG02 -13869.869467 -20592.942995  -8856.036086   -485.187139  2  4  3  79       
PG03  21313.926647  -8949.538912  12918.868434   -235.519577  6  7  5 106       
PG04  24061.380032  -1131.253703 -11215.610243   -113.056214  8  3  4  72       
PG05 -12365.098468  -9340.161500 -21721.204491    -16.383185  5  4  3  77       
PG06  -6080.751959 -25785.793186   1563.452201   -301.168203     4     55       
PG07   7903.774613 -18044.625875 -17260.675327   -324.097262  5  2  4  81       
PG08  25979.850962   6169.264871    152.013258    -40.506545  6  5  6  26       
PG09  15706.575238 -10077.233164 -18955.335845   -251.258181  4  5  3  84       
PG10  -7972.829183  21413.897801  13420.549764   -395.741918  4  6  6  86       
PG11  21037.760995   7234.674882  13778.154602   -225.008797  5  6  6  66       
PG12 -21707.673510   7562.232199  12936.365091     95.482279  4  3  6  81       
PG13 -22006.597430 -13571.337824  -6425.012638     25.536736  6  4  6  48       
PG14  10721.081269  16942.173951  17865.742360      0.317057  4  2  5  81       
PG15 -26506.477862  -3678.609199    299.454478   -218.493882  6  7  4  65       
PG16  13527.248041   7744.247636 -21782.253893   -181.009855  6  6     78       
PG17  -1441.134657 -15699.129691  21805.692818    293.819365  4  4  4  78       
PG18  -7867.161145  18397.460308 -17465.055904    242.752477  8 11 10  48       
PG19  -9783.664498 -16517.454203  18073.731334   -133.882216  3  5  3  57       
PG20 -14857.944782  21802.758289   1558.688163    527.316950  6  8  6  75       
PG21   5468.586264  25589.676806  -4692.088198     22.010233  3  6  4  56       
PG22  19310.914232  -2089.396168  18262.541256   -772.961870  3  2  4  94       
PG24 -16652.664836  -2059.874266  20459.452042    -15.474768  6  6  3  76       
PG25 -20240.138341  16382.254420   4242.204647     21.797386  7  6  5  74       
PG26   2826.840562  17744.250766 -19521.749800    240.859980  5  5  8  41       
PG27  21295.140161  12601.835070 -10240.969747   -342.367026     3  4  69       
PG28   8267.240938 -20543.814184  15353.744192    700.868166  4  6  3  67       
PG29 -19705.187932   5342.035220 -17056.047697   -147.203561  4  5  5  63       
PG30    836.214415 -24814.481007  -9073.950761   -259.234115  4  3  2  81       
PG31   6634.006180  25456.357992   -412.118251    -54.701546  3  5  5  60       
PG32   3196.468965  16076.692997  21013.601428    314.708774  4  4  5  59       
*  2020  7 10 15 45  0.00000000
PG01  15793.484607   2707.838895  21016.279102     23.814005  3  6  3  63       
PG02 -13977.175207 -21557.568713  -6183.963597   -485.192547  2  3  4  82       
PG03  20359.007326  -7630.348676  15116.675160   -235.530031  6  7  5 104       
PG04  25107.628434   -626.179951  -8680.866964   -113.060435  8  3  3  87       
PG05 -10753.176165 -11192.705690 -21685.767679    -16.383690  5  4  3  68       
PG06  -5788.121543 -25524.122772   4433.118871   -301.172927  1  4  1  75       
PG07   8694.807332 -16047.703554 -18801.938362   -324.104958  5  1  4  86       
PG08  25794.379297   6346.245593  -2700.725838    -40.507809  5  4  6  58       
PG09  17707.332471  -9510.898475 -17419.803268   -251.264091  3  5  2  76       
PG10  -9070.356486  22299.145023  11035.201644   -395.751699  4  7  6  86       
PG11  21871.549956   8578.973043  11582.263930   -224.999238  5  5  6  67       
PG12 -20629.997208   6305.893007  15157.050942     95.477828  4  3  6  52       
PG13 -21115.625043 -13473.486278  -9101.976560     25.539778  5  5  6  85       
PG14   8718.793627  16445.829056  19368.780233      0.319813  5  3  5  77       
PG15 -26381.782168  -3983.314845  -2464.606788   -218.491444  6  7  4  75       
PG16  11714.415524   9403.101914 -22141.473945   -181.014206  6  6  1  55       
PG17    898.437968 -15059.550878  22286.125399    293.824814  3  4  3  70       
PG18  -8571.878894  16429.612614 -19029.162487    242.761095  8 11 10  74       
PG19  -7660.867304 -15916.752853  19548.660510   -133.877727  3  5  4  64       
PG20 -15157.396837  21625.196589  -1257.662649    527.316905  6  8  5  93       
PG21   4951.395770  24960.631390  -7402.593594     22.014481  3  6  5  53       
PG22  18132.244072   -296.804139  19569.495732   -772.959611  3  2  4  71       
PG24 -17393.258490  -4268.579661  19522.008422    -15.476406  6  6  3  78       
PG25 -19970.697979  15710.764840   7023.708737     21.801115  7  6  6  96       
PG26   1304.979574  19285.318490 -18151.506307    240.866184  6  7  8  46       
PG27  20013.834158  12471.565940 -12693.480529   -342.375692  2  3  3  84       
PG28   9496.909028 -21470.647067  13141.933482    700.864802  4  7  3  80       
PG29 -21417.907915   4702.971644 -15060.711714   -147.211558  2  5  6  78       
PG30   1441.521475 -23740.479109 -11544.398370   -259.241039  3  3  2  81       
PG31   6310.459432  25419.945419   2460.251193    -54.703896  3  5  5  42       
PG32    823.693733  15611.239292  21573.001963    314.714479  5  4  5  56       
*  2020  7 10 16  0  0.00000000
PG01  16580.450977   4957.186086  20015.979326     23.818248  4  6  4  68       
PG02 -14007.550682 -22228.754527  -3403.769673   -485.197757  2  3  5  88       
PG03  19326.272920  -6080.690300  17051.991109   -235.540527  6  7  5 101       
PG04  25888.907467   -233.135482  -5996.935735   -113.064669  8  4  2  88       
PG05  -9252.109868 -13107.484063 -21281.686297    -16.384197  5  4  4  87       
PG06  -5367.415917 -24978.536730   7226.358745   -301.177582  2  4  2  88       
PG07   9636.663379 -13945.807261 -20006.328946   -324.112733  4  2  3  63       
PG08  25303.233393   6487.343572  -5507.703949    -40.508960  4  4  6  71       
PG09  19546.369690  -9074.674976 -15585.778356   -251.269998  3  5  2  85       
PG10  -9943.509676  23022.190176   8458.264075   -395.761149  5  7  6  77       
PG11  22568.945005   9705.464655   9178.556901   -224.989927  5  5  6  56       
PG12 -19458.044526   4817.756822  17111.057547     95.473711  4  3  5  61       
PG13 -19940.077155 -13339.593854 -11623.878189     25.542918  5  5  5  70       
PG14   6548.244012  16020.608141  20549.650553      0.322292  5  4  5  53       
PG15 -25966.858958  -4273.778543  -5187.374497   -218.489384  6  7  4  42       
PG16   9980.200180  11177.043156 -22128.001187   -181.018241  6  7  2  64       
PG17   3302.712509 -14547.131014  22397.905204    293.830086  3  4  3  71       
PG18  -9431.682679  14352.251913 -20265.872266    242.769757  7 11 10  69       
PG19  -5362.021411 -15394.225811  20679.003261   -133.872870  4  4  4  72       
PG20 -15297.394152  21191.708164  -4052.075780    527.316401  6  9  6  74       
PG21   4270.767901  24084.730717  -9984.777356     22.018601  3  7  5  64       
PG22  16969.363349   1653.468738  20544.223379   -772.957336  2  3  4  72       
PG24 -18186.768443  -6320.752275  18246.053523    -15.475908  6  7  4  59       
PG25 -19540.291869  14784.028287   9681.577490     21.804784  6  6  6  87       
PG26    -35.411447  20763.535669 -16467.360766    240.872382  6  7  8  57       
PG27  18467.050713  12371.181711 -14932.876935   -342.384352  3  4  3  43       
PG28  10495.827944 -22280.375972  10712.549455    700.861793  5  7  4  79       
PG29 -22929.515354   4215.403609 -12807.410879   -147.219225  2  5  6  63       
PG30   2183.749119 -22442.399940 -13813.403576   -259.248083  3  3  2  76       
PG31   5878.187137  25091.756620   5289.042623    -54.706128  3  6  5  36       
PG32  -1613.094889  15262.560338  21764.592607    314.720174  5  3  5  74       
*  2020  7 10 16 15  0.00000000
PG01  17434.156642   7033.685540  18667.323791     23.822472  4  5  4  61       
PG02 -13924.320368 -22613.122312   -564.486505   -485.202651  3  3  5  26       
PG03  18258.714308  -4313.444795  18691.239350   -235.551023  6  8  5  87       
PG04  26382.555556     79.125239  -3209.962953   -113.068892  8  4     69       
PG05  -7886.193483 -15043.566896 -20515.170537    -16.385068  5  4  4  80       
PG06  -4788.553051 -24175.220721   9895.100608   -301.182287  3  5  2  44       
PG07  10727.455220 -11787.828288 -20853.029529   -324.120364  4  2  3  78       
PG08  24510.204889   6630.646795  -8221.315245    -40.509824  4  3  6  72       
PG09  21184.042836  -8750.258416 -13484.604408   -251.275867  4  5  2  69       
PG10 -10604.422195  23544.128970   5734.204300   -395.770640  5  8  7  73       
PG11  23093.625010  10619.713090   6610.748609   -224.980281  5  4  6  45       
PG12 -18236.868431   3108.117324  18763.709717     95.469224  4  3  5  64       
PG13 -18493.048123 -13208.120154 -13947.929979     25.545954  5  5  6  86       
PG14   4247.285644  15691.508543  21388.857291      0.324540  4  4  6  49       
PG15 -25268.644726  -4584.291202  -7823.469994   -218.486827  5  7  4  71       
PG16   8358.560234  13030.563246 -21740.730402   -181.022822  6  7  3  67       
PG17   5724.718248 -14173.534391  22139.126576    293.834916  3  4  3  63       
PG18 -10446.795663  12212.703056 -21154.015154    242.778393  7 11 10  84       
PG19  -2929.677972 -14976.714932  21444.199557   -133.868536  4  5  5  70       
PG20 -15310.877990  20489.637353  -6775.871122    527.316574  6  9  6  68       
PG21   3404.451372  22992.473694 -12392.302388     22.022390  3  7  5  49       
PG22  15856.423063   3732.395694  21170.860314   -772.955276  1  3  4  67       
PG24 -19001.382304  -8185.138291  16654.889756    -15.477777  6  7  4  90       
PG25 -18988.015527  13595.319787  12168.723327     21.808460  6  6  6  68       
PG26  -1188.052286  22134.771185 -14497.941057    240.878565  6  8  8  47       
PG27  16680.244847  12335.103287 -16921.490889   -342.392988  4  4  3  11       
PG28  11268.951667 -22931.084630   8104.878518    700.858638  5  7  4  90       
PG29 -24202.061650   3856.646495 -10334.682486   -147.226826  1  6  5  36       
PG30   3080.205959 -20956.720874 -15841.527097   -259.255113  3  3  3  78       
PG31   5306.026540  24492.618360   8024.171784    -54.708153  3  6  5  34       
PG32  -4066.779000  15040.131357  21584.688437    314.725871  5  3  5  58       
*  2020  7 10 16 30  0.00000000
PG01  18319.624308   8904.071146  16994.990323     23.826657  4  4  3  49       
PG02 -13693.727003 -22725.825736   2284.573528   -485.207846  3  4  6  83       
PG03  17197.579192  -2349.882224  20006.039510   -235.561556  5  8  5  85       
PG04  26573.953473    345.342638   -367.844789   -113.073065  8  4  1  75       
PG05  -6672.473694 -16956.867912 -19398.573460    -16.385481  5  4  4  46       
PG06  -4027.383690 -23147.254811  12393.487982   -301.186982  3  5  3  66       
PG07  11957.050985  -9622.608352 -21327.941161   -324.128496  4  3  3  33       
PG08  23427.749345   6813.116909 -10795.455194    -40.510393  3  2  6  55       
PG09  22586.074121  -8513.042238 -11152.209280   -251.281717  3  5  2  68       
PG10 -11072.795964  23830.822607   2910.239354   -395.780327  5  8  7  53       
PG11  23413.200436  11334.939421   3925.241451   -224.970514  5  4  6  54       
PG12 -17010.412453   1196.147919  20085.708805     95.464861  4  4  5  85       
PG13 -16795.893891 -13115.184139 -16034.743209     25.548761  5  5  5  89       
PG14   1858.159945  15476.919865  21872.394056      0.327236  5  5  5  64       
PG15 -24301.725816  -4947.473447 -10329.181052   -218.484407  5  7  4  73       
PG16   6877.169249  14922.805873 -20984.770115   -181.027261  6  7  4  56       
PG17   8116.192175 -13942.310827  21513.773803    293.840621  3  4  3  79       
PG18 -11609.204002  10058.557132 -21678.422903    242.786980  6 10  9  74       
PG19   -411.399085 -14683.881014  21830.245342   -133.863771  4  5  5  89       
PG20 -15233.646978  19514.435327  -9381.737802    527.316982  6  9  7  69       
PG21   2337.289033  21720.060573 -14581.123155     22.026431  3  7  6  39       
PG22  14822.604306   5905.275801  21439.396961   -772.952731  1  3  4  65       
PG24 -19801.490584  -9837.613864  14777.090539    -15.477157  6  7  4  33       
PG25 -18355.062731  12146.859729  14440.994689     21.812155  5  5  6  76       
PG26  -2154.769784  23355.952172 -12276.954692    240.884794  6  8  7  60       
PG27  14685.990232  12393.048437 -18625.730243   -342.401648  5  5  2  83       
PG28  11829.083845 -23383.630319   5361.537943    700.855594  5  6  3  65       
PG29 -25204.019122   3597.793179  -7684.832517   -147.234774     6  5  71       
PG30   4141.122267 -19324.250596 -17593.640756   -259.262062  3  4  3  58       
PG31   4567.975948  23650.970654  10617.302518    -54.710388  4  5  5  58       
PG32  -6489.194289  14945.523964  21035.891143    314.731553  5  3  5  62       
*  2020  7 10 16 45  0.00000000
PG01  19197.749638  10542.908689  15029.103833     23.830788  4  4  4  46       
PG02 -13286.352340 -22589.712595   5094.684427   -485.213107  3  4  6  69       
PG03  16180.760763   -219.031268  20973.707450   -235.572061  5  8  5  72       
PG04  26457.066469    602.210160   2480.593427   -113.077280  9  5  3  73       
PG05  -5620.220911 -18801.685641 -17950.235295    -16.386055  5  4  4  66       
PG06  -3066.816867 -21933.316083  14678.663510   -301.191655  4  6  3  67       
PG07  13307.385283  -7497.122435 -21423.887929   -324.136232  4  4  3  78       
PG08  22076.601816   7069.005575 -13186.274425    -40.511161  4  2  5  25       
PG09  23724.750749  -8333.218655  -8628.503174   -251.287610  3  5  3  71       
PG10 -11374.953551  23854.316032     35.500261   -395.790011  5  9  7  80       
PG11  23500.542709  11871.205889   1170.169756   -224.960954  5  3  6  43       
PG12 -15819.771483   -890.643427  21053.696982     95.460793  4  4  5  57       
PG13 -14877.553761 -13093.061702 -17848.964808     25.551857  5  5  5  86       
PG14   -573.872849  15387.918966  21991.955820      0.329993  5  5  5  75       
PG15 -23087.811765  -5392.893512 -12663.104941   -218.482346  4  7  4  81       
PG16   5556.463612  16808.943642 -19871.457767   -181.031445  5  8  4  70       
PG17  10429.167196 -13848.795731  20531.682453    293.845551  3  4  3  60       
PG18 -12902.836586   7935.985636 -21830.181693    242.795608  6  9  8  82       
PG19   2141.925771 -14527.381482  21829.993089   -133.859301  4  6  5  71       
PG20 -15102.787192  18269.955341 -11824.578891    527.316451  6  8  6  70       
PG21   1062.171815  20308.065880 -16510.417469     22.030105  3  8  6  32       
PG22  13891.092100   8132.871964  21345.798643   -772.950466  2  3  4  53       
PG24 -20549.109941 -11261.857040  12645.929235    -15.477731  6  7  5  87       
PG25 -17682.994409  10449.944282  16458.031828     21.815863  5  4  5  93       
PG26  -2945.250471  24386.707035  -9842.622743    240.891129  5  8  7  77       
PG27  12522.918403  12568.793335 -20016.614055   -342.410295  6  6     80       
PG28  12196.310543 -23603.190719   2527.896236    700.852379  6  6  3  67       
PG29 -25911.422420   3405.004446  -4903.224027   -147.242413  1  6  5  56       
PG30   5369.063806 -17588.592357 -19039.546822   -259.269008  3  3  4  49       
PG31   3644.444851  22601.692926  13022.768667    -54.712733  4  5  5  62       
PG32  -8832.773111  14972.355249  20127.077633    314.737209  5  4  5  62       
*  2020  7 10 17  0  0.00000000
PG01  20026.872702  11933.320513  12804.627222     23.834998  4  3  4  59       
PG02 -12678.342468 -22234.226828   7818.511457   -485.218371  4  4  6  67       
PG03  15241.333881   2043.256432  21577.648966   -235.582567  5  8  5  43       
PG04  26034.668628    886.757317   5286.432580   -113.081508  8  5  4  75       
PG05  -4730.700822 -20532.327367 -16194.227824    -16.386751  5  5  4  67       
PG06  -1897.669879 -20576.181348  16711.496815   -301.196322  4  6  3  67       
PG07  14753.107554  -5454.767653 -21140.664808   -324.143956  4  4  3  96       
PG08  20485.092634   7428.372941 -15352.903059    -40.512713  4  3  5  75       
PG09  24579.884241  -8177.088684  -5956.707383   -251.293483  3  5  3  78       
PG10 -11542.625360  23594.030135  -2839.850807   -395.799682  5  9  7  76       
PG11  23334.888930  12254.333180  -1605.561774   -224.951391  5  3  6  50       
PG12 -14701.580259  -3117.301196  21650.701378     95.456404  5  5  5  85       
PG13 -12773.596811 -13168.840893 -19359.847664     25.554859  5  5  5  78       
PG14  -3002.011594  15427.837602  21745.079662      0.332501  5  5  4  74       
PG15 -21654.969346  -5945.809891 -14786.748229   -218.479794  4  6  3  88       
PG16   4408.958243  18641.733210 -18418.277249   -181.035885  5  7  5  78       
PG17  12617.558900 -13880.312606  19208.429559    293.851183  3  4  3  65       
PG18 -14304.065336   5888.119600 -21606.777619    242.804201  6  8  7  75       
PG19   4677.905582 -14510.387955  21443.310954   -133.854641  4  7  5  67       
PG20 -14955.068741  16768.423757 -14062.304678    527.316451  6  7  6  66       
PG21   -419.314848  18799.904045 -18143.507375     22.034329  3  8  6  25       
PG22  13078.289128  10372.715503  20892.036218   -772.948296  2  2  4  60       
PG24 -21205.392987 -12449.713942  10298.744001    -15.479815  6  8  5  75       
PG25 -17011.998374   8524.709279  18184.050616     21.819532  5  4  4  93       
PG26  -3576.478901  25190.924082  -7237.023059    240.897412  5  8  6  41       
PG27  10234.440470  12879.158225 -21070.246755   -342.418926  6  7     79       
PG28  12397.156554 -23560.696857   -348.578067    700.849415  6  5  4  66       
PG29 -26308.733613   3240.994729  -2037.511976   -147.250212  2  5  4  66       
PG30   6758.656941 -15794.514299 -20154.499658   -259.275948  3  4  4  70       
PG31   2523.237457  21384.683139  15198.433087    -54.715003  4  5  5  65       
PG32 -11052.174482  15106.552946  18873.286019    314.742892  5  4  5  96       
*  2020  7 10 17 15  0.00000000
PG01  20764.441144  13067.372038  10360.684757     23.839272  4  2  4  59       
PG02 -11852.398960 -21694.103081  10410.844769   -485.223509  3  4  7  68       
PG03  14406.296672   4395.510079  21807.640625   -235.593137  4  8  5  49       
PG04  25318.241101   1234.720696   8001.495769   -113.085702  8  5  5  54       
PG05  -3997.258188 -22104.755846 -14159.999143    -16.387302  6  6  4  38       
PG06   -519.210255 -19121.088628  18457.244011   -301.200981  3  6  3  85       
PG07  16262.534233  -3533.829416 -20484.934502   -324.151808  4  5  4  77       
PG08  18688.186701   7915.764062 -17258.135074    -40.513245  5  4  4  84       
PG09  25139.493458  -8008.530893  -3182.624488   -251.299346  3  5  3  84       
PG10 -11611.519969  23037.676993  -5665.532556   -395.809482  5  9  7  89       
PG11  22902.680414  12514.606143  -4353.219973   -224.942024  4  3  6  57       
PG12 -13686.597447  -5442.615003  21866.447497     95.452053  5  6  6  54       
PG13 -10525.028407 -13363.284410 -20541.747222     25.557682  5  4  4  69       
PG14  -5379.451646  15592.118543  21135.212416      0.335031  5  6  4  83       
PG15 -20036.645883  -6626.080460 -16665.080029   -218.477404  4  6  4  81       
PG16   3438.861823  20373.195272 -16648.672776   -181.040020  5  7  5  62       
PG17  14638.698420 -14016.673597  17565.151072    293.856402  3  4  2  72       
PG18 -15782.506893   3953.555136 -21012.133182    242.812888  5  7  7  78       
PG19   7144.539485 -14627.465910  20677.095069   -133.850224  4  7  5  59       
PG20 -14825.374125  15030.090367 -16056.559750    527.316330  6  6  6  74       
PG21  -2096.597251  17240.145656 -19448.738633     22.038517  4  8  6  57       
PG22  12393.295362  12580.529894  20086.028721   -772.946020  2  3  4  47       
PG24 -21732.165198 -13401.252572   7776.253278    -15.481458  6  8  6  67       
PG25 -16379.214481   6399.534920  19588.534303     21.823222  5  4  3  90       
PG26  -4071.882501  25738.162719  -4505.353886    240.903831  5  8  5  51       
PG27   7867.294837  13333.254970 -21768.224873   -342.427555  6  7     88       
PG28  12463.486506 -23234.096039  -3219.037295    700.845808  6  5  3  78       
PG29 -26389.397470   3066.656111    863.163341   -147.257954  2  5  4  77       
PG30   8296.635023 -13986.292651 -20919.620719   -259.282866  3  4  5  70       
PG31   1200.228639  20043.252220  17106.463725    -54.717412  4  5  5  72       
PG32 -13105.840097  15326.928977  17295.498308    314.748547  5  4  5  68       
*  2020  7 10 17 30  0.00000000
PG01  21368.698795  13946.113383   7739.834281     23.843507  4  2  5  57       
PG02 -10798.508439 -21007.910534  12829.256302   -485.228953  4  4  7  57       
PG03  13695.566733   6792.063934  21659.993386   -235.603663  4  7  5  57       
PG04  24327.548338   1678.966370  10579.170803   -113.089860  8  5  6           
PG05  -3405.713033 -23478.196774 -11881.920767    -16.387957  6  6  3  77       
PG06   1060.630641 -17614.021005  19886.128526   -301.205626  3  5  3  74       
PG07  17798.858147  -1766.185584 -19469.983513   -324.159418  4  5  4  78       
PG08  16726.279635   8549.093993 -18869.062267    -40.514135  5  5  4  72       
PG09  25400.184722  -7790.572297   -353.861582   -251.305219  3  5  4  76       
PG10 -11619.735533  22181.858331  -8392.066533   -395.819197  4  9  8  58       
PG11  22198.107404  12685.329752  -7025.142800   -224.932111  4  4  5  73       
PG12 -12798.544429  -7820.568266  21697.535111     95.447564  5  6  6  80       
PG13  -8176.900604 -13689.941309 -21374.538053     25.560619  5  4  4  61       
PG14  -7660.930520  15868.467250  20171.702675      0.337510  5  6  3  80       
PG15 -18270.516354  -7447.273884 -18267.035881   -218.475072  4  6  4  80       
PG16   2642.012859  21956.359290 -14591.754494   -181.044523  5  7  5  62       
PG17  16454.759616 -14230.964575  15628.284591    293.861460  2  4  2  70       
PG18 -17302.094985   2165.041820 -20056.534624    242.821483  5  7  6  63       
PG19   9492.094488 -14864.822240  19545.133957   -133.845477  3  7  5  61       
PG20 -14745.221277  13082.574675 -17773.371363    527.316300  5  5  6  72       
PG21  -3950.202950  15672.754108 -20400.285686     22.042834  4  7  6  47       
PG22  11837.670209  14711.722753  18941.500387   -772.943429  3  3  3  80       
PG24 -22093.430433 -14124.509426   5121.836045    -15.482055  6  8  6  76       
PG25 -15817.197177   4110.115001  20646.815793     21.826879  5  4  2  60       
PG26  -4460.216001  26004.858896  -1695.131245    240.910159  5  8  4  46       
PG27   5469.970670  13932.025911 -22097.969869   -342.436193  6  7     73       
PG28  12431.182580 -22609.391009  -6034.040404    700.842995  6  5  4  95       
PG29 -26156.064992   2842.757999   3749.011210   -147.265855  3  5  4  84       
PG30   9962.202686 -12206.093896 -21322.200765   -259.289778  4  4  5  84       
PG31   -320.294337  18622.403568  18714.009899    -54.719534  5  4  5  78       
PG32 -14957.417308  15606.041948  15420.320652    314.754201  6  5  5  52       
*  2020  7 10 17 45  0.00000000
PG01  21800.334692  14579.282727   4987.303977     23.847726  4  3  5  80       
PG02  -9514.394201 -20216.504059  15034.677911   -485.234175  4  5  7  69       
PG03  13121.270557   9184.645597  21137.597147   -235.614167  3  7  5  58       
PG04  23089.908786   2248.025034  12975.205377   -113.094096  8  4  7  49       
PG05  -2935.057393 -24616.644971  -9398.741011    -16.388883  6  7  3  83       
PG06   2825.380019 -16099.978905  20973.834507   -301.210361  4  5  2  82       
PG07  19321.558672   -176.296324 -18115.351546   -324.167501  4  4  4  91       
PG08  14643.793249   9338.785299 -20157.647497    -40.514436  5  6  3  75       
PG09  25367.213799  -7487.000594   2480.980786   -251.311105  3  4  3  93       
PG10 -11606.077520  21032.320491 -10971.689010   -395.828881  4  9  7  50       
PG11  21223.346554  12801.300630  -9575.577856   -224.922287  4  6  5  45       
PG12 -12053.246330 -10201.982081  21147.473817     95.443765  5  7  6  97       
PG13  -5776.777058 -14154.540877 -21843.944998     25.563991  5  4  4  76       
PG14  -9804.229461  16237.297006  18869.714321      0.340196  5  6  2 105       
PG15 -16397.193643  -8416.012519 -19565.969725   -218.472703  4  6  3  88       
PG16   2006.146527  23347.007675 -12281.893103   -181.049005  4  7  5  76       
PG17  18034.030780 -14490.592065  13429.235339    293.866727  3  4  3  81       
PG18 -18822.382480    548.403211 -18756.451694    242.830124  5  6  6  48       
PG19  11674.889885 -15200.909738  18067.828613   -133.840847  3  7  5  77       
PG20 -14741.439080  10959.936419 -19183.708875    527.316296  5  5  6  59       
PG21  -5952.246223  14139.321287 -20978.848153     22.046948  4  7  6  82       
PG22  11405.484122  16722.893243  17477.754857   -772.941604  3  4  3  69       
PG24 -22256.789572 -14634.945155   2380.790045    -15.482624  6  8  6  81       
PG25 -15352.581275   1698.229568  21340.536327     21.830592  5  5  3  60       
PG26  -4774.229905  25975.274655   1144.664362    240.916431  5  7  2  52       
PG27   3091.061798  14668.093996 -22052.980620   -342.444827  6  8  1  81       
PG28  12338.641232 -21681.406286  -8744.395347    700.839797  6  4  4  99       
PG29 -25620.475833   2531.656696   6570.439990   -147.273606  4  5  4 107       
PG30  11727.701747 -10492.459508 -21355.885840   -259.296692  4  5  5  96       
PG31  -2025.635590  17167.071257  19993.765668    -54.721695  4  4  5  79       
PG32 -16576.994167  15911.317836  13279.563716    314.759847  5  5  5  80       
*  2020  7 10 18  0  0.00000000
PG01  22024.031217  14984.690437   2150.208402     23.851950  4  4  5  78       
PG02  -8005.683954 -19361.439897  16991.901512   -485.239286  4  5  7  64       
PG03  12687.352671  11524.065821  20249.846830   -235.624666  3  6  5  58       
PG04  21639.188080   2964.796887  15148.461645   -113.098327  8  4  8  54       
PG05  -2558.428852 -25490.209736  -6752.950743    -16.389421  6  7  1  86       
PG06   4750.476902 -14621.306768  21701.905738   -301.215008  3  4  2  74       
PG07  20787.949689   1219.487181 -16446.351011   -324.175295  5  4  5  72       
PG08  12487.620679  10287.193189 -21101.227075    -40.515925  5  6  3  66       
PG09  25054.226641  -7063.955012   5273.140492   -251.316902  3  4  4  90       
PG10 -11608.352526  19603.853713 -13359.232635   -395.838624  4  8  7  79       
PG11  19988.491486  12897.259628 -11961.445420   -224.912769  4  6  5  31       
PG12 -11458.109109 -12536.285392  20226.579477     95.439329  5  7  6  87       
PG13  -3373.108158 -14754.691498 -21941.784299     25.566688  5  5  4  63       
PG14 -11771.578972  16672.455979  17250.058580      0.342781  5  6  2  85       
PG15 -14458.845117  -9531.568841 -20540.051307   -218.470459  5  5  3  80       
PG16   1511.489502  24505.351206  -9758.203337   -181.053150  5  6  5  73       
PG17  19351.984570 -14758.560311  11003.963593    293.872175  3  5  3  77       
PG18 -20300.023371   -878.270151 -17134.253073    242.838786  4  6  6  81       
PG19  13652.913556 -15607.361343  16271.776174   -133.836420  2  6  5  63       
PG20 -14835.046113   8701.509206 -20263.946617    527.316164  5  4  5  88       
PG21  -8067.301533  12677.385827 -21172.206421     22.051055  4  7  5  72       
PG22  11083.656733  18573.301808  15719.369673   -772.938873  4  5  3  74       
PG24 -22194.721643 -14954.635346   -400.419976    -15.483196  6  8  6  51       
PG25 -15005.007316   -789.726857  21657.970372     21.834288  5  5  4  52       
PG26  -5049.176933  25642.151627   3964.474709    240.922673  5  7  2  69       
PG27    777.609136  15525.933803 -21632.999169   -342.453495  6  8  2  78       
PG28  12225.141394 -20454.239882 -11302.045884    700.836726  5  4  4  94       
PG29 -24803.003150   2098.948338   9278.906946   -147.281127  4  5  3  90       
PG30  13559.550499  -8878.951720 -21020.746305   -259.303618  4  5  5  92       
PG31  -3895.035819  15720.390705  20924.411250    -54.723687  5  4  5  84       
PG32 -17942.097924  16206.387689  10909.727614    314.765441  5  5  5  52       
*  2020  7 10 18 15  0.00000000
PG01  22009.855740  15187.313956   -723.242806     23.856192  4  5  5  84       
PG02  -6285.797162 -18483.410524  18670.003958   -485.244330  4  5  7  61       
PG03  12389.517952  13761.943795  19012.452973   -235.635184  3  6  5  63       
PG04  20014.553313   3845.476655  17061.617651   -113.102463  7  4  8  54       
PG05  -2244.325581 -26076.244668  -3990.069953    -16.389913  6  8  1  88       
PG06   6804.038509 -13216.137478  22058.044644   -301.219711  4  4  2  77       
PG07  22154.799141   2413.277121 -14493.495057   -324.183289  5  4  5  93       
PG08  10305.477668  11388.343370 -21682.932573    -40.517454  5  7  2  71       
PG09  24482.688080  -6491.433484   7974.532409   -251.322775  4  4  4  92       
PG10 -11661.709218  17919.838712 -15512.958325   -395.848327  5  8  7  74       
PG11  18511.189276  13006.388012 -14143.015930   -224.903018  5  7  5  68       
PG12 -11011.951409 -14773.337825  18951.736555     95.434869  5  7  6  95       
PG13  -1013.575332 -15479.896517 -21666.110988     25.569807  5  5  4  70       
PG14 -13530.918079  17142.215194  15338.941729      0.345512  5  6  2  96       
PG15 -12497.761450 -10785.729794 -21172.606107   -218.467960  5  5  3  89       
PG16   1131.666502  25397.567367  -7063.919370   -181.057501  4  6  5  82       
PG17  20392.104820 -14994.938055   8392.492511    293.877164  4  5  3  74       
PG18 -21690.378103  -2105.125382 -15217.822352    242.847412  4  6  6  81       
PG19  15393.203402 -16050.212253  14189.229139   -133.831943  2  6  5  83       
PG20 -15040.374245   6350.544638 -20996.224986    527.316072  5  4  5  89       
PG21 -10253.635217  11318.917262 -20975.607871     22.055321  4  7  5  79       
PG22  10852.568999  20226.250472  13695.814490   -772.936817  4  6  3  85       
PG24 -21885.683076 -15111.230982  -3174.913212    -15.485361  6  8  6  61       
PG25 -14786.350813  -3304.398704  21594.210720     21.838036  5  5  5  78       
PG26  -5321.217598  25007.040798   6715.065500    240.928863  5  6  3  37       
PG27  -1426.508683  16482.362025 -20844.083623   -342.462195  6  8  3  77       
PG28  12129.145501 -18941.368646 -13660.986547    700.833372  5  4  4  94       
PG29 -23731.877467   1515.000545  11827.753923   -147.288861  4  6  4  40       
PG30  15419.417583  -7393.011404 -20323.230608   -259.310551  4  5  4  91       
PG31  -5900.340232  14322.072303  21490.927450    -54.726185  5  4  5  82       
PG32 -19038.416721  16452.591987   8351.397879    314.771065  5  5  5  81       
*  2020  7 10 18 30  0.00000000
PG01  21734.447566  15218.142719  -3584.531609     23.860360  4  6  6  73       
PG02  -4375.563871 -17620.749574  20042.700662   -485.249679  4  6  6  68       
PG03  12215.507226  15852.400869  17447.141959   -235.645669  3  6  5  76       
PG04  18259.036035   4898.740732  18681.803989   -113.106679  7  3  8  68       
PG05  -1958.017139 -26360.214580  -1157.865974    -16.390933  6  8  3  80       
PG06   8947.910382 -11917.013058  22036.307608   -301.224369  4  3  3  84       
PG07  23379.954042   3405.663337 -12291.853130   -324.191294  5  4  5  96       
PG08   8144.220956  12627.996482 -21892.022867    -40.518494  5  8  2  78       
PG09  23681.019784  -5744.656752  10538.579169   -251.328644  4  3  4  88       
PG10 -11797.095516  16011.458688 -17395.319106   -395.858051  5  7  7  69       
PG11  16816.006574  13158.904477 -16084.495927   -224.893590  5  7  5  62       
PG12 -10705.194224 -16865.230258  17346.034864     95.430544  5  8  6  76       
PG13   1256.535189 -16311.887750 -21021.269659     25.572972  5  6  4  83       
PG14 -15056.960495  17610.486967  13167.626066      0.348154  5  6  3  94       
PG15 -10554.925241 -12162.935418 -21452.394343   -218.465414  5  5  3  83       
PG16    834.888601  25997.135573  -4245.668628   -181.062149  4  6  4  70       
PG17  21146.435420 -15158.466556   5638.336502    293.882723  4  5  4  84       
PG18 -22949.180931  -3130.731168 -13040.080990    242.856060  5  6  7  82       
PG19  16870.938435 -16491.355531  11857.445517   -133.827403  3  6  5  68       
PG20 -15364.468358   3952.720635 -21368.706861    527.315927  5  4  4  87       
PG21 -12464.744279  10089.043801 -20391.961633     22.059236  4  7  5  80       
PG22  10686.927479  21650.324788  11440.996852   -772.934714  5  6  3  72       
PG24 -21314.988205 -15136.729990  -5896.133353    -15.485664  6  7  6  67       
PG25 -14700.285497  -5795.234317  21151.212112     21.841709  5  6  5  66       
PG26  -5625.790604  24080.293931   9348.423880    240.935000  5  5  4  65       
PG27  -3482.076997  17507.334540 -19698.582614   -342.470882  6  8  4  70       
PG28  12086.601696 -17165.388109 -15778.185474    700.830133  5  4  4  81       
PG29 -22442.118493    756.302437  14173.014353   -147.296687  5  6  4  74       
PG30  17265.583000  -6055.069893 -19276.007764   -259.317478  5  5  4  91       
PG31  -8006.957256  13006.942048  21684.781964    -54.728415  5  4  5  70       
PG32 -19860.214401  16610.593937   5648.561068    314.776763  5  5  5  64       
*  2020  7 10 18 45  0.00000000
PG01  21181.960577  15112.819870  -6385.603185     23.864592  4  7  5  85       
PG02  -2302.594134 -16808.052902  21088.632576   -485.254494  4  6  6  87       
PG03  12145.693014  17753.657606  15581.253002   -235.656164  4  6  5  71       
PG04  16417.958789   6125.228389  19981.165201   -113.110886  7  3  9  76       
PG05  -1663.096301 -26336.261721   1694.483466    -16.391467  6  8  4  83       
PG06  11138.960388 -10749.733104  21637.194402   -301.229044  4  3  4  87       
PG07  24423.907677   4205.398154  -9880.352737   -324.199110  5  4  5  72       
PG08   6048.196937  13984.040941 -21724.118090    -40.518900  5  8  3  86       
PG09  22683.480136  -4805.235232  12921.019485   -251.334540  4  4  5  93       
PG10 -12039.896008  13916.609170 -18973.639522   -395.867815  5  6  7  81       
PG11  14933.557954  13380.812938 -17754.520077   -224.884106  5  7  4  78       
PG12 -10520.396015 -18767.990443  15438.292171     95.426191  5  8  5  99       
PG13   3395.869637 -17225.265899 -20017.846648     25.575949  5  6  4  87       
PG14 -16332.025828  18038.234336  10772.002665      0.350712  5  6  3  85       
PG15  -8668.627460 -13640.689899 -21373.825093   -218.463017  5  5  3  87       
PG16    585.379949  26285.909619  -1352.654573   -181.066345  4  6  4  74       
PG17  21615.824669 -15208.253252   2787.851968    293.887989  5  5  4  71       
PG18 -24034.205581  -3961.934829 -10638.426158    242.864731  5  6  6  61       
PG19  18070.197781 -16890.167246   9317.947983   -133.822666  4  6  5  80       
PG20 -15806.782211   1554.571754 -21375.728566    527.315852  5  4  4  93       
PG21 -14651.132104   9005.090240 -19431.828184     22.063912  4  6  4  90       
PG22  10556.850239  22820.452959   8992.739867   -772.932361  5  6  3  86       
PG24 -20475.442413 -15066.106649  -8518.570425    -15.487151  6  7  6  59       
PG25 -14742.195497  -8212.288408  20337.695878     21.845398  4  7  6  83       
PG26  -5996.015471  22880.716543  11818.632649    240.941151  6  5  5  65       
PG27  -5355.881986  18565.025617 -18215.006592   -342.479589  5  8  4  93       
PG28  12129.319907 -15157.382734 -17614.491175    700.827380  5  5  4  84       
PG29 -20974.215291   -193.420601  16274.177385   -147.304363  5  6  4  78       
PG30  19054.432211  -4877.945899 -17897.704398   -259.324419  5  6  4  89       
PG31 -10175.065044  11803.704286  21503.989884    -54.730571  5  4  5  67       
PG32 -20410.419988  16642.038671   2847.850653    314.782446  5  4  5  89       
*  2020  7 10 19  0  0.00000000
PG01  20344.731451  14910.133081  -9079.613516     23.868817  4  8  6  59       
PG02   -100.423241 -16074.956550  21791.591126   -485.259826  4  6  6  96       
PG03  12153.969862  19429.473351  13447.240696   -235.666638  4  6  5  72       
PG04  14537.285159   7517.337757  20937.336615   -113.115059  6  4  9  79       
PG05  -1323.110278 -26007.445050   4517.266995    -16.392341  6  8  5  34       
PG06  13330.567722  -9732.473653  20867.631112   -301.233711  4  3  4  89       
PG07  25251.250964   4828.774698  -7301.045054   -324.207021  6  4  5  86       
PG08   4057.683760  15427.203425 -21181.328261    -40.520254  5  8  3  95       
PG09  21528.828900  -3662.091854  15080.679605   -251.340404  4  4  5  98       
PG10 -12408.805595  11678.550800 -20220.696664   -395.877543  6  6  7  91       
PG11  12899.435874  13692.842576 -19126.549901   -224.874428  6  8  4  77       
PG12 -10433.106476 -20443.126353  13262.476546     95.421783  4  9  5  88       
PG13   5368.398166 -18188.425893 -18672.522664     25.578835  5  6  4  76       
PG14 -17346.600663  18385.023726   8192.075760      0.353481  5  6  3  72       
PG15  -6873.179053 -15190.234696 -20937.100928   -218.460819  5  6  3  92       
PG16    344.987533  26254.876568   1564.237094   -181.070675  4  6  4  68       
PG17  21809.848211 -15105.489746   -110.485528    293.893009  6  5  4  85       
PG18 -24906.865505  -4613.398884  -8054.092751    242.873314  5  6  6  74       
PG19  18984.361154 -17205.230916   6615.711964   -133.818161  5  6  5  90       
PG20 -16359.178816   -798.098936 -21017.846435    527.315965  5  5  4  95       
PG21 -16762.235879   8075.976422 -18113.199925     22.067665  4  6  4  76       
PG22  10429.135983  23718.743421   6392.196763   -772.930206  5  6  4  78       
PG24 -19367.708113 -14935.849244 -10998.456595    -15.486300  6  7  6  97       
PG25 -14899.435720 -10507.987737  19168.921921     21.849100  4  7  6 100       
PG26  -6461.193407  21434.896544  14082.702596    240.947292  6  4  5  82       
PG27  -7021.830023  19615.153573 -16417.792502   -342.488335  5  8  4  85       
PG28  12283.495500 -12955.939212 -19135.496495    700.824332  5  5  4  88       
PG29 -19372.605050  -1342.372188  18094.895477   -147.312142  5  6  4  71       
PG30  20742.024979  -3866.547106 -16212.543850   -259.331318  4  6  4  89       
PG31 -12361.013936  10733.970750  20953.053704    -54.732768  5  4  5  66       
PG32 -20700.386123  16511.192508     -2.264068    314.788112  5  4  5  65       
*  2020  7 10 19 15  0.00000000
PG01  19223.653271  14650.410482 -11621.645268     23.873002  4  8  6  68       
PG02   2192.536839 -15445.106600  22140.685247   -485.265140  5  6  5  86       
PG03  12208.902376  20850.374215  11082.093421   -235.677117  4  7  5  72       
PG04  12661.956143   9059.345297  21533.828733   -113.119211  6  4  9  65       
PG05   -903.205167 -25385.639378   7261.138951    -16.393272  7  8  5  89       
PG06  15474.250939  -8875.208837  19740.847395   -301.238403  5  2  4  80       
PG07  25831.957102   5298.732132  -4598.350372   -324.214973  6  4  4  47       
PG08   2207.487613  16922.053759 -20272.270779    -40.520863  5  8  4  79       
PG09  20258.828081  -2312.103398  16980.193903   -251.346269  5  3  4  90       
PG10 -12914.984890   9344.360773 -21115.191619   -395.887264  5  5  6  84       
PG11  10752.986365  14109.612375 -20179.182063   -224.864976  6  8  4  46       
PG12 -10412.999422 -21858.948180  10857.044032     95.417245  5  9  6  88       
PG13   7144.608462 -19164.734545 -17007.826053     25.581851  6  6  4  57       
PG14 -18099.602738  18610.665818   5471.360543      0.355909  4  6  3  91       
PG15  -5197.763073 -16777.464949 -20148.287960   -218.458493  5  6  3  75       
PG16     74.908415  25904.563540   4453.390486   -181.075332  4  6  4  53       
PG17  21746.404860 -14815.128824  -3006.870930    293.898427  6  5  4  80       
PG18 -25533.687404  -5106.835654  -5331.450135    242.881863  6  7  6  75       
PG19  19616.140496 -17396.088228   3798.303560   -133.813555  6  6  5  90       
PG20 -17006.232151  -3061.767306 -20301.781624    527.316078  5  5  4  89       
PG21 -18748.410968   7302.006765 -16461.079337     22.071547  4  6  4  70       
PG22  10268.671239  24335.069360   3683.208122   -772.928079  6  6  4  81       
PG24 -18000.392872 -14782.458401 -13294.429514    -15.485787  6  6  6  26       
PG25 -15151.924699 -12638.788864  17666.337705     21.852851  5  8  6  78       
PG26  -7045.468148  19776.236287  16101.345613    240.953398  5  4  5  45       
PG27  -8461.803455  20614.506643 -14336.960062   -342.497072  5  7  4  79       
PG28  12568.451386 -10605.833192 -20312.331341    700.821356  4  5  4  93       
PG29 -17684.008809  -2690.164322  19603.622592   -147.319981  5  6  5  82       
PG30  22285.678664  -3017.884023 -14249.896146   -259.338238  4  6  5  86       
PG31 -14518.866973   9811.587900  20042.790529    -54.734989  4  4  6  60       
PG32 -20749.323999  16186.496250  -2852.331509    314.793785  5  4  5  79       
*  2020  7 10 19 30  0.00000000
PG01  17828.244555  14373.879509 -13969.385442     23.877237  5  8  6  73       
PG02   4534.205284 -14935.349868  22130.453785   -485.270082  5  6  4  85       
PG03  12275.084471  21994.624036   8526.679076   -235.687613  5  7  5  89       
PG04  10834.276163  10727.845159  21760.312686   -113.123368  6  5  9  66       
PG05   -371.715854 -24491.095245   9878.022742    -16.393693  7  7  5 100       
PG06  17521.373964  -8179.456307  18276.150374   -301.243087  4  3  5  83       
PG07  26142.457107   5643.729462  -1818.297479   -324.223105  6  5  5  75       
PG08    525.749049  18428.268891 -19011.972762    -40.522235  5  8  4  84       
PG09  18916.637025   -760.433686  18586.661404   -251.352114  5  3  5  69       
PG10 -13561.530542   6963.246492 -21642.103282   -395.896999  5  5  5 102       
PG11   8535.977377  14639.042966 -20896.370702   -224.855287  6  8  3  81       
PG12 -10425.234694 -22991.620310   8264.208328     95.412956  5  9  6  99       
PG13   8702.456044 -20113.918223 -15051.788166     25.584714  6  7  4  73       
PG14 -18598.331390  18676.883880   2656.198401      0.358634  4  6  4  89       
PG15  -3665.469390 -18364.062001 -19019.305827   -218.456052  5  7  3  69       
PG16   -262.538372  25245.068789   7263.448121   -181.079195  3  6  4  62       
PG17  21450.991943 -14307.453521  -5851.016461    293.903788  6  5  4  75       
PG18 -25887.601450  -5469.970028  -2517.245254    242.890498  6  7  5  73       
PG19  19977.248440 -17424.943735    914.988246   -133.808918  6  6  5  80       
PG20 -17725.815927  -5196.638440 -19240.267118    527.315717  5  6  4  90       
PG21 -20562.874299   6675.059165 -14506.871371     22.076995  3  6  4  66       
PG22  10039.924892  24667.376925    911.608547   -772.925804  6  6  5  70       
PG24 -16389.858086 -14640.959045 -15368.157450    -15.485186  7  5  6  83       
PG25 -15473.040310 -14566.663146  15857.116644     21.856576  5  8  6 100       
PG26  -7766.701451  17943.728058  17839.672928    240.959544  5  4  5  51       
PG27  -9666.215476  21518.613544 -12007.660026   -342.505836  5  7  4  58       
PG28  12995.662337  -8156.437367 -21122.355550    700.818316  4  6  3  81       
PG29 -15955.688204  -4227.632906  20774.171239   -147.327593  5  6  5  43       
PG30  23645.506038  -2321.391692 -12043.748641   -259.345186  4  6  5  75       
PG31 -16602.017039   9042.281777  18790.055948    -54.737253  4  4  6  86       
PG32 -20583.435611  15641.969136  -5652.797687    314.799433  5  4  5  84       
*  2020  7 10 19 45  0.00000000
PG01  16176.413740  14119.046581 -16083.759178     23.881461  5  8  6  57       
PG02   6880.161531 -14555.168198  21760.925425   -485.275484  5  6  4  77       
PG03  12314.655623  22848.903218   5825.030493   -235.698140  6  8  5  85       
PG04   9092.410114  12492.492574  21612.801869   -113.127503  5  6  9  71       
PG05    298.365132 -23351.674743  12321.998721    -16.394885  6  7  6  86       
PG06  19424.866185  -7638.355231  16498.598851   -301.247799  4  3  5  76       
PG07  26166.473146   5896.435830    992.231112   -324.230843  7  5  5  71       
PG08   -966.992029  19902.109636 -17421.656265    -40.523026  5  8  4  70       
PG09  17545.164085    979.456033  19872.226081   -251.357932  5  3  4  71       
PG10 -14343.280021   4584.790004 -21792.919548   -395.906714  5  5  5  97       
PG11   6291.207829  15282.029295 -21267.569135   -224.845798  6  8  3  72       
PG12 -10431.990944 -23825.906771   5529.159586     95.408437  5  9  6  90       
PG13  10028.034235 -20993.609827 -12837.503739     25.587906  6  7  4  90       
PG14 -18858.098810  18548.945035   -205.003550      0.361054  4  5  4  75       
PG15  -2292.549315 -19908.806777 -17567.832071   -218.453567  6  7  3  91       
PG16   -702.172177  24295.709834   9944.311814   -181.083766  3  6  4  61       
PG17  20955.679874 -13559.472156  -8593.042500    293.908643  6  5  4  75       
PG18 -25948.998546  -5735.270908    340.195270    242.899052  7  8  4  71       
PG19  20087.724281 -17258.255116  -1984.169365   -133.804506  7  5  5  86       
PG20 -18489.954888  -7167.947678 -17851.801937    527.316161  4  7  5  93       
PG21 -22163.512372   6179.159082 -12287.615632     22.080584  3  5  3  67       
PG22   9708.475376  24721.703272  -1875.509345   -772.923512  6  6  5  81       
PG24 -14559.755606 -14543.477921 -17184.920898    -15.484999  7  5  6  97       
PG25 -15830.776840 -16260.353051  13773.600291     21.860292  6  8  6  89       
PG26  -8635.608539  15980.523418  19267.804975    240.965714  5  3  4  53       
PG27 -10634.237512  22283.495611  -9469.617326   -342.514575  4  7  4  73       
PG28  13568.114102  -5659.914982 -21549.724788    700.815141  4  6  4  95       
PG29 -14233.690652  -5936.998382  21586.177923   -147.335390  5  6  6  72       
PG30  24785.850301  -1759.543414  -9632.107866   -259.352122  3  6  5  80       
PG31 -18564.818360   8423.626716  17217.375210    -54.739454  4  4  6  78       
PG32 -20234.776764  14858.405428  -8354.895205    314.805074  5  4  5  89       
*  2020  7 10 20  0  0.00000000
PG01  14293.928988  13921.153959 -17929.514730     23.885678  6  8  6  39       
PG02   9185.055072 -14306.372757  21037.626958   -485.280605  5  6  3  74       
PG03  12288.914426  23408.671748   3023.583542   -235.708601  6  8  6  78       
PG04   7469.048700  14317.023838  21093.726414   -113.131660  5  7  9  72       
PG05   1128.101925 -22001.792523  14550.156915    -16.395823  6  6  5  87       
PG06  21140.892158  -7237.073287  14438.582914   -301.252473  3  2  5  90       
PG07  25895.586281   6092.289192   3786.238258   -324.238633  7  5  4  73       
PG08  -2258.433574  21298.054327 -15528.406837    -40.523599  5  8  5  88       
PG09  16185.439129   2886.121554  20814.570051   -251.363797  5  3  4  89       
PG10 -15246.956227   2257.193651 -21565.744094   -395.916438  5  5  4 102       
PG11   4061.105044  16032.378714 -21287.796618   -224.836011  6  8  3  89       
PG12 -10394.105900 -24355.586733   2699.249315     95.404017  5  9  5  78       
PG13  11115.936690 -21760.997560 -10402.600851     25.590875  5  7  4  34       
PG14 -18901.549090  18197.188468  -3062.598767      0.363670  4  5  4  68       
PG15  -1087.921352 -21369.031265 -15817.115658   -218.451382  6  7  3  79       
PG16  -1274.320334  23084.299273  12448.129901   -181.088229  2  5  4  73       
PG17  20297.819001 -12556.077140 -11184.396316    293.914252  6  5  4  59       
PG18 -25706.513754  -5938.500749   3191.790699    242.907741  8  8  3  71       
PG19  19974.951583 -16868.147357  -4849.195818   -133.799669  7  5  5  62       
PG20 -19265.904968  -8947.066508 -16160.318370    527.316130  4  7  5  93       
PG21 -23514.469086   5791.403461  -9845.090755     22.084285  3  5  4  39       
PG22   9242.513552  24511.900639  -4630.564474   -772.921197  6  6  5  79       
PG24 -12540.308316 -14517.936184 -18714.145607    -15.485603  7  4  6  90       
PG25 -16189.112259 -17696.354809  11452.660073     21.864041  7  9  5 105       
PG26  -9655.187572  13932.354878  20361.381898    240.971844  4  3  3  65       
PG27 -11373.684878  22867.432003  -6766.474918   -342.523319  5  6  4  70       
PG28  14280.034813  -3169.276348 -21585.805624    700.811994  4  6  4  89       
PG29 -12561.151075  -7792.366975  22025.468087   -147.343011  6  6  6  56       
PG30  25676.564548  -1308.730014  -7056.343592   -259.359035  3  6  6  75       
PG31 -20364.171538   7945.331977  15352.493010    -54.741653  4  4  6  90       
PG32 -19739.895713  13824.313646 -10911.523378    314.810751  5  4  4  87       
*  2020  7 10 20 15  0.00000000
PG01  12213.612389  13810.767074 -19475.755060     23.889889  6  8  5  61       
PG02  11404.053339 -14183.068184  19971.539347   -485.285819  5  5  3  92       
PG03  12159.966626  23678.204971    170.381309   -235.719103  7  8  6  70       
PG04   5990.292883  16160.514750  20211.898883   -113.135882  5  7  9  62       
PG05   2131.567596 -20481.104053  16523.395391    -16.396484  6  6  5  95       
PG06  22630.408311  -6953.526748  12131.315313   -301.257190  2  2  4  97       
PG07  25329.524988   6267.977455   6517.327785   -324.246606  7  5  5  73       
PG08  -3344.823033  22570.526052 -13364.728508    -40.523536  5  7  5 102       
PG09  14875.070411   4930.764288  21397.310353   -251.369639  5  3  4  89       
PG10 -16251.643178     25.596131 -20965.279868   -395.926158  4  5  3  97       
PG11   1886.356639  16877.010842 -20957.635639   -224.826273  6  7  3  93       
PG12 -10272.758239 -24583.530120   -176.842308     95.399683  5  8  5  99       
PG13  11969.296592 -22374.513217  -7788.626741     25.593751  5  7  4  95       
PG14 -18757.685046  17598.385933  -5866.580319      0.366240  4  5  4  78       
PG15    -52.951647 -22702.158677 -13795.695144   -218.448938  6  7  3  87       
PG16  -2003.370171  21646.076553  14730.244359   -181.092438  1  5  5  74       
PG17  19518.524651 -11290.912396 -13578.779350    293.919138  7  5  4  81       
PG18 -25157.505474  -6117.139668   5988.545499    242.916283  8  8  4  52       
PG19  19672.412854 -16233.598263  -7631.072208   -133.795013  7  4  5  63       
PG20 -20017.420865 -10512.374955 -14194.768742    527.316145  4  7  6  87       
PG21 -24587.443538   5483.181164  -7224.827728     22.088641  3  5  4  72       
PG22   8614.263923  24059.073264  -7306.279925   -772.918864  6  6  5  88       
PG24 -10367.358785 -14586.902861 -19929.881981    -15.485544  7  4  6  91       
PG25 -16509.527556 -18859.594752   8934.994950     21.867743  7  9  5  88       
PG26 -10820.464683  11845.873731  21101.966372    240.978072  4  3  2  52       
PG27 -11900.560138  23232.666790  -3945.047269   -342.532088  4  6  4  78       
PG28  15117.018133   -736.385484 -21229.420969    700.809431  5  6  4  77       
PG29 -10976.716210  -9760.554638  22084.313405   -147.350816  5  6  6  88       
PG30  26294.089380   -940.368799  -4360.486406   -259.365977  3  6  6  76       
PG31 -21961.004941   7589.828831  13227.853349    -54.744106  5  4  7  71       
PG32 -19138.301941  12536.558669 -13278.101339    314.816409  5  5  4  90       
*  2020  7 10 20 30  0.00000000
PG01   9974.286266  13812.541146 -20696.411679     23.894066  6  8  5  59       
PG02  13494.283764 -14171.889709  18578.999636   -485.290784  5  4  4  88       
PG03  11892.344058  23670.303078  -2685.742175   -235.729588  7  8  6  68       
PG04   4674.800026  17978.830157  18982.371217   -113.140097  5  8  8  56       
PG05   3315.079364 -18832.994352  18207.146188    -16.396834  5  5  5  91       
PG06  23860.548034  -6759.386029   9616.242279   -301.261883     2  4  74       
PG07  24476.170261   6459.896478   9140.390569   -324.254607  7  5  5  76       
PG08  -4230.928544  23675.645118 -10967.991118    -40.524974  5  7  5  77       
PG09  13646.846197   7078.150801  21610.291717   -251.375495  5  3  4  91       
PG10 -17329.570708  -2069.475874 -20002.693138   -395.935871  4  5  3  95       
PG11   -195.379656  17796.407883 -20283.164716   -224.817021  6  7  3  84       
PG12 -10031.125391 -24521.436721  -3049.941412     95.395417  5  8  4  82       
PG13  12599.498742 -22795.495072  -5040.357656     25.596822  4  7  3  65       
PG14 -18460.635922  16736.874136  -8567.496398      0.368803  4  5  5  50       
PG15    818.476268 -23867.277396 -11537.018298   -218.446733  6  8  3 103       
PG16  -2906.568771  20022.340487  16750.072174   -181.096588     5  5  87       
PG17  18660.997970  -9766.904379 -15733.061178    293.924489  7  5  3  76       
PG18 -24308.211505  -6308.745439   8682.388226    242.924878  9  7  5  79       
PG19  19218.235505 -15341.353425 -10282.555949   -133.790337  7  4  4  71       
PG20 -20706.163379 -11849.870765 -11988.638719    527.315598  4  7  6  96       
PG21 -25362.646371   5221.622875  -4475.070560     22.092683  3  4  4  48       
PG22   7801.268561  23390.744800  -9856.486900   -772.916712  6  6  6  51       
PG24  -8081.217593 -14766.649952 -20811.225749    -15.486214  7  3  5  96       
PG25 -16752.615717 -19743.779795   6264.381394     21.871445  8  9  5  94       
PG26 -12118.562920   9766.970426  21477.333176    240.984363  3  3  3  81       
PG27 -12238.267876  23346.987013  -1054.495631   -342.540781  4  5  4  79       
PG28  16056.537626   1589.991214 -20486.913474    700.806037  5  6  4  76       
PG29  -9513.152971 -11802.203049  21761.576142   -147.358587  5  6  6  80       
PG30  26622.290208   -622.198425  -1590.490154   -259.372990  3  6  6  29       
PG31 -23321.600668   7333.130479  10880.020751    -54.746384  5  4  7  81       
PG32 -18470.826939  11000.679087 -15413.376377    314.822031  5  5  4  82       
*  2020  7 10 20 45  0.00000000
PG01   7619.507092  13944.210183 -21570.656322     23.898295  6  7  5  76       
PG02  15416.225444 -14252.509365  16881.545514   -485.295800  5  4  5  84       
PG03  11454.532584  23405.687491  -5495.985235   -235.739916  8  8  6  36       
PG04   3533.224361  19726.209703  17426.184784   -113.144216  5  8  8  76       
PG05   4676.749623 -17102.929136  19572.012548    -16.397744  5  5  5  90       
PG06  24805.782811  -6621.328282   6936.382730   -301.266605     3  3  68       
PG07  23351.282108   6702.638157  11612.256488   -324.262476  7  5  5  67       
PG08  -4929.668711  24572.936152  -8379.778781    -40.526133  5  7  4  41       
PG09  12527.535858   9287.788616  21449.769652   -251.381319  5  3  4  85       
PG10 -18447.174027  -3993.462008 -18695.364283   -395.945537  5  4  3  99       
PG11  -2150.648260  18765.297234 -19275.830810   -224.807374  6  7  3  89       
PG12  -9635.954384 -24189.254640  -5871.203755     95.390977  6  8  4  87       
PG13  13025.573345 -22989.760357  -2205.042821     25.599708  4  6  4  76       
PG14 -18048.211463  15605.406000 -11117.383121      0.371172  4  5  5  75       
PG15   1539.598045 -24826.689925  -9078.961870   -218.444184  6  8  3  83       
PG16  -3993.124460  18258.841719  18471.897250   -181.100666     5  5  83       
PG17  17768.749907  -7996.424826 -17608.156360    293.929808  7  5  3  76       
PG18 -23173.575499  -6549.313266  11226.995715    242.933474 10  7  7  64       
PG19  18653.589488 -14186.540654 -12758.948660   -133.785640  7  4  5  70       
PG20 -21293.194264 -12953.495171  -9579.394620    527.315926  4  7  7  65       
PG21 -25829.383697   4971.204848  -1645.721677     22.097131  3  4  4  40       
PG22   6787.481914  22539.784346 -12236.926945   -772.914323  6  5  5  75       
PG24  -5725.349599 -15066.443794 -21342.674506    -15.486891  7  3  5  81       
PG25 -16879.716396 -20351.415664   3486.891632     21.875146  8  9  4  90       
PG26 -13529.090181   7739.143546  21481.642666    240.990622  3  3  4  80       
PG27 -12416.529013  23185.104393   1854.559625   -342.549539  3  5  4  78       
PG28  17068.831243   3766.003103 -19372.022004    700.803088  5  6  4  78       
PG29  -8196.195190 -13873.145314  21062.737379   -147.366248  5  6  6  86       
PG30  26653.024927   -319.709691   1206.529405   -259.379968  3  6  6  79       
PG31 -24418.720192   7145.928416   8349.053692    -54.748422  6  4  7  84       
PG32 -17777.943544   9230.865585 -17280.170619    314.827681  6  5  4  88       
*  2020  7 10 21  0  0.00000000
PG01   5196.129335  14215.834558 -22083.245901     23.902479  6  7  5  67       
PG02  17135.006003 -14398.400111  14905.698275   -485.300979  3  3  5  77       
PG03  10820.351026  22912.108902  -8212.395788   -235.750378  8  8  6  21       
PG04   2567.973167  21356.929451  15570.017076   -113.148408  5  9  8  84       
PG05   6206.372131 -15336.736212  20594.303522    -16.398366  5  4  4  85       
PG06  25448.815209  -6502.489199   4137.605950   -301.271341     3  3  68       
PG07  21977.960581   7027.559291  13892.308821   -324.270342  6  5  5  67       
PG08  -5461.414263  25226.920112  -5645.151132    -40.526244  5  7  4  74       
PG09  11536.937328  11515.313371  20918.480173   -251.387132  5  3  4  90       
PG10 -19566.383722  -5718.878826 -17066.533522   -395.955190  5  5  4  72       
PG11  -3951.214218  19753.542073 -17952.264558   -224.797658  6  6  4  85       
PG12  -9058.987723 -23614.305365  -8592.913942     95.386460  6  7  3  98       
PG13  13273.292919 -22929.024693    668.405555     25.602888  3  6  4  75       
PG14 -17560.298904  14205.678120 -13470.693073      0.373892  4  4  5  27       
PG15   2130.118275 -25547.376195  -6463.252688   -218.441906  6  8  2  94       
PG16  -5263.649778  16404.005635  19865.552295   -181.104873     5  5  86       
PG17  16883.802629  -6001.068858 -19169.839543    293.934621  7  5  3  83       
PG18 -21776.749949  -6871.699304  13578.588489    242.942105 10  7  8  88       
PG19  18021.000449 -12772.966153 -15018.800360   -133.781718  8  5  5  63       
PG20 -21740.503636 -13825.165094  -7007.872586    527.315891  4  6  7  82       
PG21 -25986.258249   4695.427441   1212.693812     22.100657  3  4  5  49       
PG22   5564.130431  21543.128928 -14406.038179   -772.912129  5  5  5  69       
PG24  -3344.942121 -15488.100039 -21514.414527    -15.486314  7  3  4  95       
PG25 -16854.513338 -20693.499248    650.095090     21.878787  8  8  4 102       
PG26 -15024.828484   5801.980443  21115.497918    240.996834  3  2  5  84       
PG27 -12470.036410  22729.780154   4730.971499   -342.558271  2  5  4  91       
PG28  18118.115260   5754.315319 -17905.574290    700.799866  4  6  4  88       
PG29  -7043.673803 -15925.969065  19999.807996   -147.374058  5  6  5  94       
PG30  26386.422556      2.342135   3983.068555   -259.386933  3  6  7  77       
PG31 -25232.492797   6994.881684   5677.840425    -54.750861  6  4  7  72       
PG32 -17098.112210   7249.600216 -18846.050638    314.833322  6  5  3  94       
*  2020  7 10 21 15  0.00000000
PG01   2752.747369  14629.335362 -22224.795921     23.906690  6  6  5  82       
PG02  18621.560218 -14577.839114  12682.679203   -485.306269  3  3  5  81       
PG03   9970.129088  22223.202178 -10788.669867   -235.760950  8  7  6  27       
PG04   1773.287960  22826.975825  13445.730433   -113.152594  5  9  7  78       
PG05   7885.648236 -13578.887774  21256.454830    -16.398816  4  4  5  92       
PG06  25781.169453  -6364.058485   1267.858968   -301.276112     4  2  59       
PG07  20385.862120   7461.478268  15943.058389   -324.278246  6  4  5  81       
PG08  -5852.988889  25608.525414  -2811.831570    -40.527477  5  6  4  71       
PG09  10687.208104  13714.034000  20025.594666   -251.392929  5  3  4  94       
PG10 -20646.093529  -7226.147479 -15144.851313   -395.964809  6  5  4  88       
PG11  -5574.896807  20727.210187 -16334.040478   -224.788014  5  6  4  98       
PG12  -8278.193133 -22830.152579 -11169.249692     95.382317  6  7  3  96       
PG13  13374.005856 -22592.110908   3530.262507     25.605793  2  6  4  77       
PG14 -17037.168325  12548.504815 -15585.196326      0.376211  4  4  5  48       
PG15   2615.292069 -26002.310966  -3734.794263   -218.439578  6  8  3  81       
PG16  -6709.969427  14507.063752  20906.974178   -181.109127  2  4  5  92       
PG17  16044.946190  -3811.049401 -20389.474328    293.939881  7  5  4  81       
PG18 -20148.294237  -7304.169522  15696.683789    242.950714 10  7  8  86       
PG19  17362.643149 -11113.087033 -17024.542541   -133.776776  8  5  5  58       
PG20 -22012.513961 -14474.511882  -4317.617809    527.315614  4  6  7  46       
PG21 -25840.996611   4358.490858   4050.015846     22.105254  3  4  5  70       
PG22   4130.299277  20440.349609 -16325.710651   -772.909692  5  4  5  84       
PG24   -985.403631 -16025.821386 -21322.531953    -15.485636  7  4  4  88       
PG25 -16644.534932 -20788.903309  -2197.743144     21.882492  8  7  4  95       
PG26 -16572.695211   3989.807068  20385.887627    241.003019  4  2  6  72       
PG27 -12436.905741  21972.642417   7524.023287   -342.567011  1  4  4  93       
PG28  19164.069775   7525.417332 -16115.006706    700.796741  4  6  5  91       
PG29  -6064.964392 -17911.716614  18591.123538   -147.381804  5  6  5  74       
PG30  25830.863904    378.400310   6692.011261   -259.393919  4  5  7  52       
PG31 -25751.038772   6844.049992   2911.406723    -54.753306  6  4  7  90       
PG32 -16466.221365   5086.970518 -20083.906421    314.839033  6  4  4  97       
*  2020  7 10 21 30  0.00000000
PG01    338.068140  15178.334863 -21991.977236     23.910870  6  6  5  81       
PG02  19853.609041 -14755.123627  10248.054104   -485.311413  3  3  6  77       
PG03   8891.640023  21377.132472 -13180.919375   -235.771475  7  7  6  26       
PG04   1135.647468  24095.667516  11089.829883   -113.156789  5  9  7  60       
PG05   9688.743458 -11870.853762  21547.327978    -16.399718  4  3  4 107       
PG06  25803.456483  -6166.957743  -1623.644163   -301.280825  2  4  2  64       
PG07  18610.198779   8025.541981  17730.675110   -324.286414  6  4  5  86       
PG08  -6136.409584  25696.259382     70.660928    -40.529646  5  6  4  56       
PG09   9982.505728  15836.576213  18786.560476   -251.398742  5  3  4  83       
PG10 -21643.747368  -8504.111031 -12963.844374   -395.974465  6  4  4  81       
PG11  -7006.192411  21649.786572 -14447.383379   -224.778344  5  5  4  93       
PG12  -7278.754266 -21875.260014 -13557.001855     95.378354  7  6  3  92       
PG13  13363.251169 -21965.897133   6330.865554     25.608656  2  6  4  89       
PG14 -16517.757894  10653.624326 -17422.829968      0.379019  4  3  5  52       
PG15   3024.769090 -26171.578186   -940.906570   -218.437459  7  7  3  71       
PG16  -8315.299402  12616.174997  21578.620824   -181.113179  2  4  6  76       
PG17  15286.127978  -1464.226961 -21244.632912    293.945190  6  6  4  84       
PG18 -18325.098022  -7869.130772  17544.793243    242.959356 10  7  9  92       
PG19  16718.678408  -9227.666554 -18743.044772   -133.772434  8  5  5  71       
PG20 -22077.505553 -14918.336936  -1554.182442    527.315193  4  6  6  40       
PG21 -25409.928214   3926.896133   6817.366014     22.109077  3  3  5  56       
PG22   2493.217983  19272.115243 -17961.995152   -772.907372  5  4  5  93       
PG24   1309.155123 -16666.328060 -20769.142347    -15.485302  7  4  3  79       
PG25 -16222.503616 -20663.482366  -5008.454509     21.886303  7  7  5  49       
PG26 -18134.936764   2330.556918  19306.019009    241.009061  6  2  6  78       
PG27 -12356.985586  20914.658280  10184.387831   -342.575748  2  4  4  71       
PG28  20163.524265   9058.582427 -14033.729330    700.793926  4  5  5 103       
PG29  -5260.773497 -19781.656210  16861.026290   -147.389639  6  6  4  85       
PG30  25002.665971    840.602274   9287.395785   -259.400897  4  5  6  95       
PG31 -25970.808663   6656.417938     96.204309    -54.755671  7  4  7  58       
PG32 -15912.184915   2779.685881 -20972.428388    314.844708  6  4  4 101       
*  2020  7 10 21 45  0.00000000
PG01  -2000.729561  15848.312654 -21387.630872     23.915044  5  6  5  85       
PG02  20816.420895 -14891.964953   7641.300973   -485.316230  2  3  6  78       
PG03   7580.753136  20415.084226 -15348.397748   -235.781907  7  7  6  62       
PG04    634.476634  25127.162728   8542.838899   -113.160954  6  9  6  48       
PG05  11583.150723 -10249.592842  21462.382898    -16.400196  4  2  5 104       
PG06  25525.302673  -5873.536080  -4487.258133   -301.285532  4  5  1  65       
PG07  16690.553934   8734.299921  19225.474754   -324.294107  6  3  6  76       
PG08  -6347.418210  25477.090979   2951.918090    -40.530927  4  6  3  34       
PG09   9418.951417  17836.560608  17222.830036   -251.404584  5  3  3  80       
PG10 -22516.983623  -9550.226278 -10561.309081   -395.984128  7  4  4  82       
PG11  -8236.666651  22483.491349 -12322.821372   -224.768924  5  5  4  90       
PG12  -6053.788851 -20791.489901 -15716.242348     95.373889  7  6  3  73       
PG13  13279.208448 -21045.963891   9021.498466     25.611621  2  5  4  72       
PG14 -16038.013235   8549.139316 -18950.472469      0.381583  5  3  4  88       
PG15   3391.242106 -26043.231082   1869.509614   -218.435016  7  7  3  75       
PG16 -10054.786333  10776.617380  21869.742824   -181.117363  3  4  6  93       
PG17  14635.047930    995.188339 -21719.586197    293.950514  6  6  5  91       
PG18 -16349.070821  -8582.093942  19091.053138    242.968016 10  7  9  84       
PG19  16125.693312  -7145.129392 -20146.091358   -133.767639  8  6  6  77       
PG20 -21908.911158 -15179.804508   1235.608792    527.314992  4  5  6  38       
PG21 -24717.155175   3370.908207   9467.976392     22.113325  3  4  5  76       
PG22    668.228355  18078.613429 -19285.749820   -772.905180  4  4  5  97       
PG24   3497.403756 -17389.281285 -19862.432646    -15.485401  6  4  2  74       
PG25 -15567.486769 -20348.937611  -7734.738919     21.889972  7  6  5  81       
PG26 -19670.506666    844.899637  17895.046723    241.015280  7  2  7  71       
PG27 -12270.097859  19566.237555  12665.066215   -342.584420  3  4  4  78       
PG28  21072.262659  10342.439628 -11700.360281    700.790752  3  5  6  91       
PG29  -4623.271656 -21489.055450  14839.440066   -147.397383  6  6  4  99       
PG30  23925.482249   1417.363922  11725.161928   -259.407910  5  4  6  89       
PG31 -25896.629502   6395.455471  -2720.611917    -54.757757  7  4  7  67       
PG32 -15459.753103    369.835740 -21496.473671    314.850406  5  4  4 109       
*  2020  7 10 22  0  0.00000000
PG01  -4219.591638  16617.076750 -20420.795521     23.919175  5  6  6  78       
PG02  21503.321804 -14949.018133   4905.296650   -485.321562  3  3  6  39       
PG03   6041.781612  19379.650251 -17254.172969   -235.792437  6  7  5  56       
PG04    243.133955  25891.793284   5848.603449   -113.165145  6  9  6  61       
PG05  13530.823859  -8746.241017  21003.722689    -16.400597  4  2  5 103       
PG06  24964.944036  -5449.217677  -7273.753482   -301.290243  5  5  2  53       
PG07  14669.553197   9595.016220  20402.358351   -324.301859  5  2  6  63       
PG08  -6523.865130  24947.007893   5781.567142    -40.532215  3  5  3  65       
PG09   8984.917673  19670.250301  15361.483416   -251.410438  5  2  4  72       
PG10 -23225.273681 -10370.427495  -7978.644414   -395.993694  7  4  4  50       
PG11  -9265.101936  23190.661210  -9994.785263   -224.759356  5  4  4  81       
PG12  -4604.770897 -19622.497989 -17610.933485     95.369670  6  6  3  83       
PG13  13161.044451 -19836.911579  11555.266254     25.614660  3  5  4  82       
PG14 -15629.354144   6270.610882 -20140.620672      0.384178  4  3  4  69       
PG15   3748.952465 -25613.855510   4646.868620   -218.432698  7  7  3  87       
PG16 -11896.379853   9029.125640  21776.507844   -181.121541  4  3  7  91       
PG17  14112.023969   3518.209135 -21805.647951    293.955565  6  6  5  88       
PG18 -14265.647621  -9450.910235  20308.776374    242.976720  9  6  9  98       
PG19  15615.299078  -4900.644057 -21210.776052   -133.763122  8  6  6  82       
PG20 -21486.431610 -15287.401171   4004.415857    527.315194  4  5  6  93       
PG21 -23793.461999   2665.828828  11957.920310     22.117550  4  4  5  64       
PG22  -1321.569456  16897.991338 -20273.209221   -772.902830  4  4  4  85       
PG24   5542.184595 -18167.989687 -18616.609886    -15.485787  6  4  1  81       
PG25 -14665.809996 -19881.486067 -10330.907066     21.893678  7  4  6  75       
PG26 -21136.573818   -454.340849  16177.705346    241.021497  8  2  7  74       
PG27 -12214.283496  17946.961401  14922.283071   -342.593102  3  4  4  71       
PG28  21846.863353  11375.140187  -9157.857662    700.787779  3  5  6  71       
PG29  -4136.567346 -22990.887665  12561.345351   -147.404909  7  6  3  97       
PG30  22629.441096   2132.105123  13963.868846   -259.414870  5  4  6  51       
PG31 -25541.458561   6026.659279  -5491.910250    -54.760025  7  4  6  37       
PG32 -15125.583739  -2096.560459 -21647.315558    314.856093  5  4  4  98       
*  2020  7 10 22 15  0.00000000
PG01  -6279.083509  17455.538034 -19106.642553     23.923355  4  6  6  81       
PG02  21915.927160 -14887.497556   2085.719988   -485.326681  4  4  6  41       
PG03   4287.512420  18313.181444 -18865.738238   -235.803024  6  7  5  21       
PG04    -69.861500  26367.173550   3053.536199   -113.169427  6  9  6  61       
PG05  15489.533997  -7385.048786  20180.012207    -16.401113  4  3  5  97       
PG06  24148.500565  -4864.037051  -9935.160834   -301.294907  6  5  2  73       
PG07  12591.433517  10607.243562  21241.201222   -324.309877  6  2  6  92       
PG08  -6704.012198  24111.224843   8510.193931    -40.534029  2  5  3  93       
PG09   8661.627815  21298.104118  13234.751272   -251.416324  6  2  4  81       
PG10 -23731.493047 -10978.671701  -5260.136897   -396.003341  7  4  4  88       
PG11 -10097.393353  23735.150110  -7501.153861   -224.749780  6  4  4  85       
PG12  -2941.644037 -18412.083502 -19209.473292     95.365063  6  6  3  88       
PG13  13047.222678 -18352.332888  13887.943669     25.617747  3  5  4  85       
PG14 -15317.337024   3859.841828 -20971.949758      0.386597  5  3  3  87       
PG15   4132.113336 -24888.805556   7341.837267   -218.430450  7  7  3  83       
PG16 -13801.996539   7408.441930  21301.980704   -181.125854  6  3  7  87       
PG17  13729.179871   6052.850294 -21501.361410    293.960823  6  6  6  91       
PG18 -12122.167543 -10475.311071  21176.916414    242.985399  9  6  9  79       
PG19  15212.934192  -2534.968074 -21919.813910   -133.758605  8  6  6  90       
PG20 -20796.930563 -15273.699914   6705.153577    527.315063  4  5  6  86       
PG21 -22675.020394   1793.039046  14246.740440     22.121767  4  5  5  80       
PG22  -3445.983629  15764.879522 -20906.461485   -772.900197  3  4  4  97       
PG24   7411.762212 -18970.378042 -17051.751748    -15.485984  6  4     83       
PG25 -13511.702806 -19300.384732 -12753.585040     21.897340  6  3  6  99       
PG26 -22490.102563  -1562.460255  14183.854124    241.027698  8  2  7  65       
PG27 -12224.128512  16084.945840  16916.316694   -342.601823  3  4  4  97       
PG28  22446.490723  12164.121693  -6452.579838    700.784607  4  5  6  87       
PG29  -3777.502468 -24249.404639  10066.164390   -147.413002  8  6  2  83       
PG30  21150.053606   3002.164101  15965.373699   -259.421834  5  3  6  67       
PG31 -24925.854580   5519.020958  -8171.305008    -54.762230  7  4  6  62       
PG32 -14918.609744  -4571.153419 -21422.772737    314.861779  5  4  4  96       
*  2020  7 10 22 30  0.00000000
PG01  -8145.727486  18328.765507 -17466.313869     23.927514  2  6  5  96       
PG02  22064.075865 -14670.822020   -769.628582   -485.331886  5  4  6  50       
PG03   2338.916674  17256.158969 -20155.551496   -235.813643  6  7  4  47       
PG04   -339.411597  26539.040779    205.813974   -113.173629  6  9  6  44       
PG05  17414.392957  -6182.606682  19006.275190    -16.402214  4  3  5 101       
PG06  23108.957669  -4094.001648 -12425.597864   -301.299573  6  5  2  89       
PG07  10500.556780  11762.675450  21727.187872   -324.317627  5  1  6  91       
PG08  -6924.825716  22984.034938  11090.244339    -40.534905  3  4  3  67       
PG09   8424.043028  22686.175117  10879.447025   -251.422212  6  2  4  78       
PG10 -24003.366892 -11396.186603  -2452.209794   -396.012973  7  4  4  54       
PG11 -10746.192975  24083.703239  -4882.744710   -224.740504  6  4  4  80       
PG12  -1082.623700 -17202.552994 -20485.172263     95.360788  6  6  3  80       
PG13  12973.844427 -16614.438791  15978.779659     25.620809  4  4  4  86       
PG14 -15120.572862   1363.399943 -21429.740056      0.389125  5  3  3  86       
PG15   4573.317508 -23882.094079   9906.291819   -218.428039  7  6  3  85       
PG16 -15728.922311   5942.135199  20455.966151   -181.129847  7  3  8 101       
PG17  13489.992489   8546.037695 -20812.522279    293.965920  5  6  6 104       
PG18  -9966.187446 -11646.770470  21680.435083    242.994142  8  6  8  95       
PG19  14936.912548    -93.098563 -22261.770212   -133.754172  7  6  7  91       
PG20 -19835.073788 -15173.973972   9291.764367    527.314941  4  4  5 106       
PG21 -21401.947577    740.783271  16297.974416     22.125548  4  5  5  53       
PG22  -5668.687764  14709.059624 -21173.820554   -772.898081  3  4  4 106       
PG24   9080.881089 -19760.187415 -15193.555125    -15.487791  5  5  2  63       
PG25 -12107.656376 -18646.364186 -14962.374418     21.901032  6  4  6  59       
PG26 -23689.444338  -2482.833348  11947.943639    241.033891  9  2  7  73       
PG27 -12329.242064  14015.866541  18612.244052   -342.610495  3  4  4  97       
PG28  22834.560029  12725.492204  -3633.305136    700.781338  4  4  6  65       
PG29  -3516.737148 -25233.514300   7397.067626   -147.420857  8  5  2  87       
PG30  19526.930534   4037.941690  17695.461761   -259.428808  5  2  5  76       
PG31 -24077.185465   4846.370427 -10713.868858    -54.764576  8  4  5  46       
PG32 -14839.726462  -7004.950639 -20827.217718    314.867452  5  4  4  92       
*  2020  7 10 22 45  0.00000000
PG01  -9793.130826  19197.288912 -15526.658860     23.931581  3  5  5  83       
PG02  21965.457240 -14266.227452  -3611.587973   -485.337156  6  4  6  61       
PG03    224.550444  16245.649747 -21101.495936   -235.824202  5  7  4  63       
PG04   -602.284971  26401.793741  -2645.457404   -113.177821  6  9  6  64       
PG05  19259.481670  -5147.386461  17503.577221    -16.402705  5  4  5  85       
PG06  21884.893091  -3122.227698 -14702.064580   -301.304270  6  5  3  99       
PG07   8439.916546  13045.285381  21851.088124   -324.325363  5  1  6  81       
PG08  -7220.330138  21588.311057  13476.884735    -40.536002  4  4  3  77       
PG09   8242.001122  23807.300362   8336.318846   -251.428098  6  2  4  77       
PG10 -24014.737385 -11650.452770    397.351339   -396.022533  8  5  4  75       
PG11 -11230.310217  24207.257623  -2182.750269   -224.730372  6  4  4  87       
PG12    946.303827 -16033.155853 -21416.657730     95.356424  6  6  3 100       
PG13  12973.089110 -14653.350989  17791.240843     25.623970  4  4  4  87       
PG14 -15049.948835  -1169.055477 -21506.158974      0.391591  5  4  3  64       
PG15   5101.999359 -22615.936269  12294.270304   -218.425860  6  6  3  80       
PG16 -17631.391531   4649.731467  19254.724871   -181.134173  7  3  8  89       
PG17  13389.217863  10945.562189 -19752.037929    293.971391  5  6  7  94       
PG18  -7843.794983 -12948.696287  21810.567584    243.002871  7  6  8 100       
PG19  14797.747479   2377.223550 -22231.206828   -133.749591  7  6  7  88       
PG20 -18603.687292 -15024.711352  11719.982613    527.314825  4  4  5 108       
PG21 -20016.776645   -495.321399  18079.581973     22.130159  4  5  5  69       
PG22  -7948.433321  13754.331855 -21070.082630   -772.895734  3  4  4  98       
PG24  10531.587807 -20498.365793 -13072.980476    -15.487031  5  5  3  73       
PG25 -10464.483079 -17960.028055 -16920.462003     21.904738  6  4  5  77       
PG26 -24695.881160  -3226.564094   9508.414674    241.040126  9  3  6  47       
PG27 -12552.951152  11781.686293  19980.583506   -342.619115  3  5  3 104       
PG28  22980.207524  13083.074117   -750.240958    700.778570  5  4  6  57       
PG29  -3320.080198 -25919.909744   4600.214409   -147.428487  8  5  2  73       
PG30  17802.354781   5242.308403  19124.418936   -259.435791  5  2  5  76       
PG31 -23028.599898   3988.547092 -13076.827753    -54.766601  7  4  5  49       
PG32 -14881.808960  -9350.023032 -19871.466378    314.873100  5  3  4  79       
*  2020  7 10 23  0  0.00000000
PG01 -11202.858364  20018.604957 -13319.868140     23.935738  4  5  5  70       
PG02  21644.932407 -13646.282040  -6390.470839   -485.342274  6  5  6  70       
PG03  -2020.332667  15313.903070 -21687.254581   -235.834775  5  7  3  55       
PG04   -895.488529  25958.708312  -5451.095966   -113.181990  7  9  6 101       
PG05  20979.518447  -4279.611896  15698.604029    -16.403429  6  4  5  92       
PG06  20518.997716  -1939.803732 -16725.192838   -301.309053  6  5  3  98       
PG07   6449.687806  14431.752955  21609.468971   -324.333035  6  1  7  68       
PG08  -7620.090204  19954.679016  15628.803600    -40.536709  5  4  3  77       
PG09   8081.561277  24642.036165   5649.333556   -251.433981  7  1  5  83       
PG10 -23746.607319 -11773.960630   3240.185091   -396.032166  8  5  5  72       
PG11 -11573.883720  24082.123151    553.879520   -224.720787  6  4  4  66       
PG12   3112.167426 -14938.646294 -21988.202454     95.352179  7  6  4  94       
PG13  13071.817812 -12506.087659  19293.678259     25.626923  5  4  3  92       
PG14 -15108.187250  -3686.571346 -21200.391193      0.394372  5  4  3  67       
PG15   5743.019938 -21119.960467  14462.894596   -218.423052  6  6  3  93       
PG16 -19462.275654   3542.182515  17720.575921   -181.138359  8  3  8  83       
PG17  13413.197416  13201.992811 -18339.628485    293.976617  6  6  7 100       
PG18  -5797.985685 -14356.943960  21564.979841    243.011544  6  7  7 104       
PG19  14797.773249   4827.103487 -21828.746650   -133.745176  7  6  7  99       
PG20 -17113.818344 -14862.085134  13948.079453    527.314780  5  4  6 102       
PG21 -18562.895733  -1912.056086  19564.280201     22.134074  4  6  5  70       
PG22 -10240.470870  12917.630490 -20596.658416   -772.893122  4  4  3  97       
PG24  11753.781618 -21144.599388 -10725.791873    -15.487713  6  5  4  83       
PG25  -8601.077359 -17280.274943 -18595.174168     21.908500  6  5  5  93       
PG26 -25475.063729  -3811.843013   6907.040017    241.046283  9  5  6  55       
PG27 -12911.266511   9429.139558  20997.821304   -342.627759  3  5  3  85       
PG28  22859.509685  13267.160968   2145.950580    700.775430  5  4  6  60       
PG29  -3150.011845 -26293.905876   1723.942219   -147.436372  8  5  3  84       
PG30  16019.761254   6610.298135  20227.538029   -259.442741  5  2  5  83       
PG31 -21817.797982   2932.356684 -15220.231460    -54.769258  7  5  5  71       
PG32 -15030.056125 -11561.164968 -18572.553003    314.878888  5  3  5  67       
*  2020  7 10 23 15  0.00000000
PG01 -12365.011606  20748.833963 -10883.003576     23.939910  5  5  4  87       
PG02  21133.564422 -12790.237549  -9056.959978   -485.347580  7  6  6  87       
PG03  -4354.925359  14487.141029 -21902.593013   -235.845342  5  6  2  58       
PG04  -1254.628954  25221.821265  -8162.698824   -113.186196  7  9  7  96       
PG05  22531.501466  -3571.459576  13623.146373    -16.404459  6  4  5  90       
PG06  19056.446913   -546.346442 -18459.936528   -301.313745  6  5  3 104       
PG07   4565.869664  15892.168138  21004.835805   -324.340836  5  2  7  84       
PG08  -8147.883165  18120.397820  17508.938485    -40.539447  5  4  3  92       
PG09   7906.501034  25179.303118   2864.905743   -251.439855  7  1  5  94       
PG10 -23187.923132 -11802.790381   6028.141454   -396.041868  8  5  5  79       
PG11 -11805.348351  23690.999568   3281.105972   -224.711455  7  5  3  73       
PG12   5376.054949 -13948.022227 -22189.974396     95.347638  7  6  5 102       
PG13  13290.397579 -10215.282136  20459.903299     25.629869  5  4  4 106       
PG14 -15289.759527  -6138.744854 -20518.615451      0.396616  5  4  3  87       
PG15   6515.439764 -19430.116567  16373.236548   -218.421053  5  6  3 110       
PG16 -21174.812214   2621.685415  15881.400620   -181.142489  9  2  8  87       
PG17  13540.527136  15270.466258 -16601.380907    293.981840  6  5  7 100       
PG18  -3867.166272 -15840.633882  20947.815083    243.020213  6  7  7 107       
PG19  14931.075753   7208.121992 -21061.056774   -133.740407  7  6  7  99       
PG20 -15384.494047 -14720.436983  15937.576287    527.314491  6  4  6 107       
PG21 -17083.009089  -3498.647269  20729.795117     22.137890  3  6  5  71       
PG22 -12498.123981  12208.425541 -19761.575774   -772.890731  4  4  4 101       
PG24  12745.466673 -21658.927246  -8191.995154    -15.488287  6  5  4  98       
PG25  -6543.887303 -16642.798010 -19958.471293     21.912223  7  6  4  97       
PG26 -25998.291476  -4263.038731   4188.220165    241.052425  9  5  6  73       
PG27 -13412.161687   7008.038587  21646.811728   -342.636425  4  6  3 100       
PG28  22456.410066  13313.050345   5005.087094    700.771987  5  4  6  67       
PG29  -2967.337827 -26349.951609  -1182.080479   -147.444173  8  5  4  96       
PG30  14222.179657   8129.102157  20985.550563   -259.449768  5  2  5  93       
PG31 -20485.642851   1672.278269 -17107.592376    -54.771508  7  5  5  61       
PG32 -15262.645295 -13597.443819 -16953.397329    314.884570  5  3  5  62       
*  2020  7 10 23 30  0.00000000
PG01 -13278.486002  21344.465841  -8257.426563     23.944047  6  5  4  25       
PG02  20467.384974 -11685.152741 -11563.050464   -485.352698  7  6  6  79       
PG03  -6734.225550  13784.588472 -21743.545393   -235.855950  5  6  2  61       
PG04  -1712.329073  24211.486547 -10733.484311   -113.190373  7  9  7  84       
PG05  23876.262127  -3007.577010  11313.504080    -16.405267  7  4  6  65       
PG06  17543.185140   1049.774645 -19876.189776   -301.318422  6  5  3 112       
PG07   2819.069564  17390.995704  20045.695993   -324.348556  5  2  7  92       
PG08  -8820.614051  16127.994089  19085.114771    -40.540833  6  4  3  73       
PG09   7679.905904  25416.716767     31.086382   -251.445783  7  2  5  65       
PG10 -22336.070008 -11775.068548   8714.059238   -396.051488  8  6  5  93       
PG11 -11956.228874  23023.788192   5952.517504   -224.701778  7  5  3  71       
PG12   7694.378999 -13083.485518 -22018.204819     95.343287  6  6  6  94       
PG13  13641.794795  -7827.685381  21269.660786     25.633281  5  4  3  92       
PG14 -15581.156161  -8477.534635 -19473.831358      0.399512  5  4  3  96       
PG15   7431.536026 -17587.327233  17991.103538   -218.418802  5  6  3 100       
PG16 -22724.305875   1881.850692  13770.063899   -181.146793  9  2  8 103       
PG17  13743.055757  17112.276793 -14569.171975    293.986992  7  5  8  96       
PG18  -2083.841577 -17363.241675  19969.628423    243.028860  6  8  7 101       
PG19  15183.734255   9473.948451 -19940.751040   -133.736050  7  6  7 107       
PG20 -13442.183099 -14630.831626  17653.915176    527.314363  7  4  6 105       
PG21 -15617.668586  -5237.078011  21559.038437     22.142272  2  6  6  59       
PG22 -14674.452270  11628.436800 -18579.350679   -772.888305  5  3  4  77       
PG24  13512.690213 -22003.376213  -5515.179627    -15.489066  6  5  5  85       
PG25  -4326.115456 -16078.714419 -20987.378157     21.915904  7  7  4  87       
PG26 -26243.588167  -4609.559995   1398.244027    241.058546 10  6  6  67       
PG27 -14055.192950   4569.472493  21917.044661   -342.645084  4  6  3  86       
PG28  21763.327092  13259.421870   7778.341628    700.768743  5  4  6  75       
PG29  -2732.908933 -26091.798480  -4067.721997   -147.451998  8  6  5  85       
PG30  12450.697522   9778.366383  21384.976445   -259.456705  5  3  5  83       
PG31 -19074.660871    210.893668 -18706.484939    -54.773554  7  5  5  73       
PG32 -15551.669062 -15423.580284 -15042.371950    314.890271  6  3  6  86       
*  2020  7 10 23 45  0.00000000
PG01 -13950.889826  21764.128286  -5488.129300     23.948201  7  5  4  53       
PG02  19685.939179 -10326.730363 -13863.016448   -485.357923  8  7  6  95       
PG03  -9110.560965  13217.779606 -21212.499986   -235.866494  6  6  2  65       
PG04  -2296.761810  22955.621195 -13119.105777   -113.194557  7  9  8  99       
PG05  24979.870579  -2565.893138   8809.822670    -16.405815  7  5  6  78       
PG06  16024.190218   2831.554403 -20949.321554   -301.323134  5  4  4 113       
PG07   1233.474853  18888.272575  18746.537391   -324.356172  5  3  7  66       
PG08  -9647.516174  14023.707179  20330.585390    -40.542124  7  4  3  77       
PG09   7365.788555  25360.592189  -2803.274139   -251.451674  7  2  6  87       
PG10 -21197.062144 -11729.358701  11252.523547   -396.061111  9  7  6 103       
PG11 -12059.799604  22078.161996   8522.086088   -224.692356  7  6  3  62       
PG12  10020.321439 -12359.660920 -21475.272028     95.338811  6  6  7  95       
PG13  14130.974795  -5392.512044  21708.989634     25.636097  5  4  3  90       
PG14 -15961.497115 -10658.962503 -18085.544422      0.401825  5  5  4  75       
PG15   8496.109721 -15635.939938  19287.721136   -218.416413  4  6  4 101       
PG16 -24069.737014   1308.203210  11423.769400   -181.151292 10  4  7  92       
PG17  13987.163237  18696.201775 -12279.979772    293.992043  7  5  9  93       
PG18   -473.535483 -18883.919892  18647.210144    243.037546  7  8  7  97       
PG19  15534.366025  11581.882570 -18486.212522   -133.731369  7  6  7 105       
PG20 -11319.977518 -14619.738342  19067.074171    527.313769  8  4  6 111       
PG21 -14203.918840  -7102.644287  22040.218275     22.146432  3  7  6  51       
PG22 -16723.935659  11171.673030 -17070.727932   -772.886066  5  3  4  80       
PG24  14069.163505 -22143.550114  -2741.771986    -15.489258  7  6  6  70       
PG25  -1986.676148 -15613.372485 -21664.346264     21.919655  7  8  5  91       
PG26 -26196.534453  -4884.532267  -1415.474321    241.064718 10  7  7  73       
PG27 -14831.472406   2163.974050  21804.778318   -342.653687  5  6  4  88       
PG28  20781.430938  13146.631206  10419.045535    700.765800  6  4  6  88       
PG29  -2409.337761 -25532.320151  -6883.259854   -147.459439  8  7  5  82       
PG30  10743.000736  11530.783856  21418.384449   -259.463616  6  3  5  76       
PG31 -17627.482479  -1440.979696 -19989.097398    -54.775742  7  5  5  78       
PG32 -15864.315143 -17011.108083 -12872.780041    314.895897  6  4  6  98       
EOF
