#cP2020  7 14  0  0  0.00000000      96 ORBIT IGb14 HLM  IGS
## 2114 172800.00000000   900.00000000 59044 0.0000000000000
+   32   G01G02G03G04G05G06G07G08G09G10G11G12G13G14G15G16G17
+        G18G19G20G21G22G23G24G25G26G27G28G29G30G31G32  0  0
+          0  0  0  0  0  0  0  0  0  0  0  0  0  0  0  0  0
+          0  0  0  0  0  0  0  0  0  0  0  0  0  0  0  0  0
+          0  0  0  0  0  0  0  0  0  0  0  0  0  0  0  0  0
++         2  2  2  3  2  2  1  2  2  2  2  2  2  2  2  2  2
++         2  2  2  2  2  0  2  2  2  2  2  2  1  2  1  0  0
++         0  0  0  0  0  0  0  0  0  0  0  0  0  0  0  0  0
++         0  0  0  0  0  0  0  0  0  0  0  0  0  0  0  0  0
++         0  0  0  0  0  0  0  0  0  0  0  0  0  0  0  0  0
%c G  cc GPS ccc cccc cccc cccc cccc ccccc ccccc ccccc ccccc
%c cc cc ccc ccc cccc cccc cccc cccc ccccc ccccc ccccc ccccc
%f  1.2500000  1.025000000  0.00000000000  0.000000000000000
%f  0.0000000  0.000000000  0.00000000000  0.000000000000000
%i    0    0    0    0      0      0      0      0         0
%i    0    0    0    0      0      0      0      0         0
/* FINAL ORBIT COMBINATION FROM WEIGHTED AVERAGE OF:        
/* cod emr esa gfz grg jpl mit ngs sio                      
/* REFERENCED TO IGS TIME (IGST) AND TO WEIGHTED MEAN POLE: 
/* PCV:IGS14_2114 OL/AL:FES2004  NONE     Y  ORB:CMB CLK:CMB
*  2020  7 14  0  0  0.00000000
PG01 -14602.669621  21964.274936   -261.908595     25.102854  7  4  5 109       
PG02  18108.628903  -7263.094249 -17364.311547   -486.844999  6  8  7 103       
PG03 -13207.114238  12562.551084 -19352.468913   -238.894166  9  5  6  93       
PG04  -3758.561492  20154.797176 -16854.445511   -114.400056  7  9  6  22       
PG05  26282.297631  -1989.255840   3910.642226    -16.610030 13  8  8  99       
PG06  13353.216532   6506.826148 -21968.984668   -302.668965  9  8  8 103       
PG07  -1194.851292  21469.625494  15577.295646   -326.622922  6  8  4  96       
PG08 -11537.451820  10080.438152  21681.702374    -40.864732  7  5  5 108       
PG09   6471.924749  24560.702645  -7789.547176   -253.142575  7  6  5 100       
PG10 -18439.980451 -11721.754047  15354.891123   -398.850845  8  7  8  76       
PG11 -12224.892497  19685.406369  12776.301054   -221.926251  8  5  9 117       
PG12  14116.728478 -11418.159547 -19565.930976     94.071659  8  6  6  96       
PG13  15358.412010   -999.345230  21537.938265     26.502763  6  6  7  84       
PG14 -16787.499679 -14104.033710 -14766.705358      1.140602  8 10  6 105       
PG15  10783.894321 -11976.251515  20748.603448   -217.742283  5  5  8  91       
PG16 -25864.468390    654.908361   6744.731996   -182.395025  9  7  6 100       
PG17  14423.794726  20829.615442  -7623.732583    295.483995  8  8  7  74       
PG18   1939.015618 -21490.218201  15455.168180    245.517241  8  9  8 101       
PG19  16329.418570  14880.984524 -15075.866198   -132.410700  8  8  8  94       
PG20  -7115.985724 -14866.050104  20785.041941    527.293395  5  6  8  73       
PG21 -12311.070875 -10038.410664  22078.083683     23.339109  6  5  7   4       
PG22 -19947.612613  10638.442772 -13619.944760   -772.219015  9  6  7  89       
PG23  -8953.897378 -14534.068563  20319.221873 999999.999999
PG24  14619.778732 -21776.617127   2405.284692    -15.638039  7  6  3 105       
PG25   2382.787269 -15082.004653 -21960.877356     23.009343  8  6  5  85       
PG26 -25341.017853  -5326.444474  -6452.210078    242.843894  9  5  6  78       
PG27 -16523.924596  -1970.033509  20634.880365   -345.156946  7  8  7  75       
PG28  18291.024196  12922.629344  14742.319333    699.817897  7  7  6  79       
PG29  -1526.403829 -23839.017522 -11617.289829   -149.697433  7  6  7  99       
PG30   7882.203746  14891.452111  20534.461789   -261.470028  6  8  3  86       
PG31 -15017.098058  -4897.762105 -21446.183595    -55.424843  6  7  8  79       
PG32 -16383.664870 -19203.578823  -8417.490683    316.522959  6  7  6  78       
*  2020  7 14  0 15  0.00000000
PG01 -14706.115779  21706.860489   2649.106958     25.106700  7  4  5  90       
PG02  17225.761714  -5248.397473 -18872.543257   -486.850156  6  8  6  91       
PG03 -15319.540832  12370.875746 -17846.247000   -238.904633  9  6  5  94       
PG04  -4798.205013  18408.060407 -18509.435851   -114.404196  8  8  7           
PG05  26583.956762  -1729.541280   1100.280789    -16.610999 12  7  8  97       
PG06  12030.558909   8652.709674 -21988.991529   -302.673593  8  8  7  92       
PG07  -2259.848923  22726.727342  13446.746999   -326.630405  5  7  5  97       
PG08 -12777.652049   7920.495237  21904.619600    -40.865791  6  5  5 105       
PG09   5745.468100  23782.070265 -10366.872217   -253.148426  7  6  5  97       
PG10 -16595.443794 -11816.556763  17257.155349   -398.860458  8  6  8  49       
PG11 -12371.608913  18013.658543  14825.916061   -221.916650  8  5  9 106       
PG12  16204.031758 -11099.228247 -18041.937698     94.067044  7  6  6  84       
PG13  16191.448082   1305.814109  20914.548300     26.505718  7  6  6  77       
PG14 -17255.048791 -15658.348448 -12565.266596      1.143259  8  9  7  87       
PG15  12225.338763  -9966.013113  21040.395266   -217.739805  4  5  7  88       
PG16 -26469.435954    412.337733   3966.883625   -182.399674  8  7  6  84       
PG17  14577.734111  21597.482736  -4844.433851    295.488852  7  8  7  91       
PG18   2994.294916 -22769.567538  13304.628318    245.525783  7  8  8  94       
PG19  16788.630737  16363.586457 -12825.692069   -132.406118  7  7  7  93       
PG20  -4707.415533 -15165.729951  21226.337981    527.293055  5  6  8  89       
PG21 -11197.615695 -12096.869416  21644.832640     23.343048  6  5  6  48       
PG22 -21431.625811  10436.915831 -11355.357324   -772.216750  8  6  8  79       
PG23  -6574.334046 -14597.934373  21163.970884 999999.999999
PG24  14711.506244 -21203.106778   5186.902289    -15.638275  7  6  3 103       
PG25   4823.371059 -14970.908129 -21607.403096     23.013174  8  5  5  81       
PG26 -24461.773870  -5591.564902  -9076.938517    242.849979  9  5  5  61       
PG27 -17560.386611  -4037.300064  19482.571537   -345.165501  6  8  7  73       
PG28  16574.839598  12853.353006  16785.309420    699.814380  7  7  6  82       
PG29   -787.638391 -22575.314086 -13986.315995   -149.704787  6  6  7  82       
PG30   6512.249694  16738.560052  19546.873879   -261.476940  6  8  3 107       
PG31 -13678.273207  -6960.800287 -21729.616689    -55.427201  6  7  7 102       
PG32 -16563.401240 -20037.001017  -5734.423755    316.528527  6  7  6  96       
*  2020  7 14  0 30  0.00000000
PG01 -14665.968424  21164.054997   5513.425090     25.110542  7  4  5 102       
PG02  16380.840105  -3047.318469 -20038.003564   -486.855344  6  8  6  84       
PG03 -17252.557092  12285.513194 -16033.427457   -238.915099  8  6  5  95       
PG04  -6011.209249  16570.765011 -19845.262273   -114.408385  8  7  7           
PG05  26581.420031  -1467.455021  -1728.816791    -16.612263 11  7  8 101       
PG06  10836.918599  10851.392624 -21628.775073   -302.678280  7  7  6  87       
PG07  -3141.169807  23815.383308  11083.329498   -326.638513  5  6  5  99       
PG08 -14132.312873   5828.811234  21750.933439    -40.866928  6  5  5  93       
PG09   4829.423506  22804.440064 -12766.016336   -253.154249  7  6  6 106       
PG10 -14560.198982 -12016.748201  18867.047285   -398.870141  8  5  7  93       
PG11 -12588.480272  16127.564231  16615.914244   -221.906991  8  4  8 102       
PG12  18119.171230 -10902.223054 -16211.288117     94.062575  6  6  6  71       
PG13  17107.050341   3478.979761  19928.083940     26.508724  7  6  6  91       
PG14 -17683.508322 -16948.683416 -10145.404446      1.145820  8  9  7  93       
PG15  13762.566846  -8017.486028  20959.158711   -217.737423  4  5  6  77       
PG16 -26770.981626    224.161291   1122.308952   -182.403954  8  6  6  73       
PG17  14623.103190  22070.614692  -1981.176437    295.493995  7  7  6  69       
PG18   3853.715918 -23879.532318  10924.624949    245.534300  7  7  7  99       
PG19  17213.530208  17581.612146 -10358.807257   -132.401554  7  7  6  93       
PG20  -2284.823643 -15585.380551  21300.273006    527.293083  5  5  7  97       
PG21 -10223.101512 -14150.681680  20865.009607     23.347289  6  5  6  92       
PG22 -22655.855664  10275.239019  -8891.855854   -772.214471  7  5  8  82       
PG23  -4126.306845 -14789.751211  21643.619707 999999.999999
PG24  14699.815457 -20350.756884   7876.803409    -15.638964  6  6  3 105       
PG25   7209.279091 -14988.278779 -20888.995443     23.017057  8  5  5  76       
PG26 -23311.023981  -5919.135576 -11547.599026    242.856084  8  5  6  87       
PG27 -18628.292119  -5913.922200  17994.143633   -345.174117  6  7  7  79       
PG28  14650.089998  12864.640026  18549.140462    699.811102  7  6  5  89       
PG29    139.375548 -21129.585956 -16114.871407   -149.712662  6  6  6  63       
PG30   5297.650288  18538.677991  18222.385463   -261.483876  6  7  3  74       
PG31 -12440.236179  -9103.774100 -21640.956531    -55.429443  6  7  7  93       
PG32 -16622.574882 -20598.021881  -2953.328457    316.534127  6  6  6  81       
*  2020  7 14  0 45  0.00000000
PG01 -14520.342473  20325.873150   8280.357725     25.114431  7  4  6 103       
PG02  15606.777405   -697.397891 -20838.497436   -486.860454  6  7  5  89       
PG03 -18968.547407  12281.249897 -13944.817714   -238.925558  7  6  5  86       
PG04  -7390.738579  14689.123139 -20838.960752   -114.412595  9  7  7  46       
PG05  26278.188051  -1166.622069  -4528.563281    -16.612652 11  7  9  93       
PG06   9791.632498  13055.988444 -20894.461531   -302.682918  7  6  5  86       
PG07  -3851.779224  24695.843356   8526.928632   -326.646308  4  5  5  92       
PG08 -15572.822430   3845.767582  21224.061701    -40.868517  6  5  5 100       
PG09   3712.040354  21666.359467 -14945.875069   -253.160196  7  6  6 100       
PG10 -12374.919781 -12341.989115  20156.980380   -398.879757  8  4  6  92       
PG11 -12897.305983  14061.093928  18113.279829   -221.897364  8  5  8 108       
PG12  19822.432876 -10803.890603 -14104.332358     94.057751  5  6  6  80       
PG13  18073.822812   5483.015879  18596.098634     26.511842  7  6  5  89       
PG14 -18033.401986 -17967.164680  -7549.950968      1.148290  8  8  7 102       
PG15  15365.134699  -6167.920378  20507.528138   -217.735059  5  6  6  84       
PG16 -26762.034372     52.402421  -1741.101441   -182.408411  7  7  6  75       
PG17  14522.699503  22261.531998    916.265618    295.498921  7  7  6  68       
PG18   4530.977911 -24780.859596   8356.197479    245.542830  7  6  6  98       
PG19  17562.520716  18526.053066  -7716.379969   -132.397054  7  6  6  80       
PG20    105.013586 -16117.792699  21004.870561    527.292645  5  4  6 102       
PG21  -9395.488369 -16156.906445  19751.017536     23.351867  6  4  5 101       
PG22 -23601.648163  10120.458736  -6272.832125   -772.212159  7  5  8  76       
PG23  -1658.598786 -15112.814014  21749.878501 999999.999999
PG24  14621.190665 -19219.314632  10427.252106    -15.640008  6  6  2 102       
PG25   9493.939489 -15122.953161 -19816.821515     23.020849  8  5  6  74       
PG26 -21913.352888  -6339.021868 -13822.159820    242.862161  8  5  5 100       
PG27 -19688.087794  -7574.353713  16196.272194   -345.182722  5  7  7  82       
PG28  12554.120753  12982.430443  20006.080493    699.807822  7  6  5  62       
PG29   1263.688250 -19546.075951 -17966.537182   -149.720150  6  5  6  80       
PG30   4244.849963  20247.042759  16583.238504   -261.490747  5  7  3  88       
PG31 -11325.783818 -11283.834362 -21180.346130    -55.431631  5  7  6 102       
PG32 -16525.727832 -20898.070642   -121.805762    316.539710  6  5  6  91       
*  2020  7 14  1  0  0.00000000
PG01 -14309.587831  19191.657450  10900.776210     25.118282  7  5  6  93       
PG02  14930.524338   1757.568320 -21258.756749   -486.865432  6  7  5  88       
PG03 -20436.300962  12327.301033 -11616.049194   -238.936109  7  6  5  87       
PG04  -8921.794481  12808.480050 -21473.482998   -114.416719 10  6  8           
PG05  25686.158554   -792.151167  -7251.514879    -16.613468 10  7 10  84       
PG06   8905.830705  15217.528246 -19798.681183   -302.687594  6  6  5  77       
PG07  -4411.655317  25333.140184   5821.280856   -326.654102  4  5  5  95       
PG08 -17064.612708   2006.044676  20333.777342    -40.869466  6  5  5  72       
PG09   2389.410084  20409.441438 -16869.150558   -253.166050  7  6  6  92       
PG10 -10084.305543 -12804.682010  21104.659798   -398.889493  7  3  6  90       
PG11 -13313.869125  11853.578619  19289.930320   -221.888036  8  5  8  97       
PG12  21280.033665 -10774.868827 -11756.274314     94.053309  5  6  5  56       
PG13  19055.343556   7287.553781  16942.125645     26.514645  7  6  5  61       
PG14 -18265.905791 -18714.801775  -4824.402763      1.150681  8  7  7  89       
PG15  16997.509166  -4448.736348  19694.812122   -217.732934  5  6  5  78       
PG16 -26444.243953   -141.495419  -4575.418054   -182.412693  7  7  6  74       
PG17  14243.394006  22191.087257   3798.042951    295.504243  7  6  6  75       
PG18   5046.975728 -25439.292260   5643.644827    245.551412  7  6  6  93       
PG19  17794.237259  19196.625136  -4942.774611   -132.392544  7  6  5  88       
PG20   2417.031099 -16748.250486  20344.608498    527.293171  5  4  5  90       
PG21  -8715.183215 -18072.298639  18320.259341     23.355644  6  4  5 109       
PG22 -24258.662906   9937.666076  -3544.289875   -772.209724  6  5  8  71       
PG23    779.847653 -15562.301403  21480.911871 999999.999999
PG24  14512.601762 -17817.317208  12792.951183    -15.640637  6  6  3  88       
PG25  11633.758508 -15356.276402 -18408.026484     23.024687  8  5  6  59       
PG26 -20300.024062  -6876.215732 -15861.827433    242.868212  7  4  5 100       
PG27 -20697.623406  -9001.402543  14120.762769   -345.191342  5  6  7  92       
PG28  10328.855668  13226.009573  21133.525162    699.804576  7  6  4  74       
PG29   2585.855609 -17871.393764 -19509.688579   -149.727992  5  5  6  90       
PG30   3352.434972  21819.656380  14657.218142   -261.497666  5  6  3  84       
PG31 -10350.409484 -13454.851367 -20354.337320    -55.433971  5  7  6  76       
PG32 -16241.368845 -20956.285983   2711.802154    316.545259  6  4  6  92       
*  2020  7 14  1 15  0.00000000
PG01 -14074.523221  17770.285221  13328.064458     25.122104  7  5  6  83       
PG02  14371.935855   4269.115290 -21290.815314   -486.870399  6  7  5  76       
PG03 -21632.083617  12388.621600  -9086.985921   -238.946535  7  6  5  76       
PG04 -10581.634341  10971.677219 -21737.985550   -114.420856 10  5  8  18       
PG05  24825.151658   -312.149174  -9851.638493    -16.614258  9  7 10  82       
PG06   8182.127573  17286.707574 -18360.352086   -302.692264  7  5  5  78       
PG07  -4846.860927  25698.524765   3013.245637   -326.661717  4  5  5  89       
PG08 -18568.420196    337.494342  19095.992949    -40.871275  6  5  5  70       
PG09    865.809824  19076.768189 -18502.978464   -253.171915  7  6  5  74       
PG10  -7735.559993 -13409.376071  21693.471243   -398.899115  7  2  5  84       
PG11 -13847.110906   9548.368093  20123.362589   -221.878321  7  5  8  96       
PG12  22465.313143 -10780.917863  -9206.638737     94.048656  4  6  5  65       
PG13  20011.593193   8869.951496  14995.231566     26.517612  7  7  4  89       
PG14 -18344.454821 -19201.198644  -2016.084653      1.153175  7  6  7  94       
PG15  18620.401182  -2884.496848  18536.722872   -217.730736  5  6  5  82       
PG16 -25827.873098   -395.045139  -7333.407726   -182.417134  7  6  7  83       
PG17  13757.523015  21887.462413   6615.082510    295.509680  7  6  6  67       
PG18   5428.786611 -25826.895029   2833.755858    245.559924  7  6  5  76       
PG19  17869.239291  19601.679738  -2084.864342   -132.387883  7  6  5  81       
PG20   4609.437740 -17455.054243  19330.384581    527.293213  5  4  4  94       
PG21  -8175.124577 -19854.704150  16594.946114     23.360570  6  4  5  77       
PG22 -24625.136149   9691.558102   -753.987626   -772.207724  6  5  8  88       
PG23   3141.626623 -16125.429274  20841.370823 999999.999999
PG24  14409.867854 -16161.920120  14931.922002    -15.641588  6  5  2  78       
PG25  13589.606048 -15662.822014 -16685.526459     23.028484  8  5  7  68       
PG26 -18507.895177  -7549.703943 -17631.690299    242.874323  7  4  5 101       
PG27 -21613.794674 -10186.637767  11803.946778   -345.199970  4  6  7  58       
PG28   8019.388885  13607.271642  21914.228009    699.801466  7  6  4  73       
PG29   4097.739315 -16152.779736 -20718.022376   -149.735549  5  5  5  64       
PG30   2611.342822  23214.905113  12477.205069   -261.504598  5  6  3  85       
PG31  -9521.765581 -15569.013600 -19175.873195    -55.435867  5  6  5  81       
PG32 -15743.317503 -20798.638784   5499.218465    316.550839  5  4  6  73       
*  2020  7 14  1 30  0.00000000
PG01 -13854.650879  16079.993042  15519.029772     25.125973  6  6  6  84       
PG02  13942.960027   6785.910076 -20934.201138   -486.875702  6  6  5  74       
PG03 -22540.433206  12427.398211  -6401.053224   -238.956970  8  6  5  70       
PG04 -12340.498084   9217.524571 -21628.010665   -114.425037 10  4  8  58       
PG05  23722.154325    300.884089 -12285.048896    -16.615028  9  7 10  69       
PG06   7614.655581  19215.656076 -16604.351148   -302.696932  6  5  5  82       
PG07  -5188.352188  25770.689275    151.984274   -326.669622  5  5  5  75       
PG08 -20041.729108  -1139.715158  17532.447852    -40.872635  6  5  4  73       
PG09   -846.270098  17711.254825 -19819.477120   -253.177775  7  6  5 100       
PG10  -5376.776094 -14152.475360  21912.786170   -398.908766  7     4  76       
PG11 -14498.587139   7191.306923  20597.201604   -221.868569  7  6  7  88       
PG12  23359.674219 -10784.359577  -6498.652854     94.044275  5  6  6  85       
PG13  20900.530728  10215.947298  12789.475315     26.520405  7  7  4  63       
PG14 -18236.249460 -19443.946563    826.689520      1.155676  7  5  7  96       
PG15  20192.245821  -1492.177784  17054.983737   -217.728554  5  6  4  75       
PG16 -24931.391771   -743.143658  -9969.244932   -182.421546  6  6  7  57       
PG17  13044.054912  21384.916139   9319.891718    295.514495  7  6  6  71       
PG18   5708.417153 -25923.147979    -25.004030    245.568467  8  6  5  90       
PG19  17751.660704  19757.794577    808.715844   -132.383273  7  6  5  66       
PG20   6645.156971 -18210.336601  17979.362276    527.292922  5  4  4  77       
PG21  -7761.122710 -21464.435156  14601.861824     23.364204  6  4  5  72       
PG22 -24707.812682   9348.011180   2049.439362   -772.205309  6  5  8  77       
PG23   5382.503508 -16781.926971  19842.311394 999999.999999
PG24  14346.075791 -14278.378699  16806.316961    -15.642068  6  5  3  78       
PG25  15328.152411 -16011.387525 -14677.704584     23.032334  8  5  7  72       
PG26 -16578.131607  -8371.565535 -19101.305978    242.880433  7  4  5  89       
PG27 -22394.218210 -11130.459963   9286.016981   -345.208621  4  6  6  69       
PG28   5672.491350  14130.261118  22336.460617    699.798111  7  6  4  69       
PG29   5782.645979 -14436.360406 -21570.991707   -149.743378  5  5  5  75       
PG30   2005.379093  24395.107175  10080.629245   -261.511510  4  5  3  85       
PG31  -8839.436947 -17578.520666 -17664.154976    -55.438399  5  6  5  33       
PG32 -15011.850686 -20456.809696   8193.030432    316.556459  5  4  6  88       
*  2020  7 14  1 45  0.00000000
PG01 -13686.429491  14147.822730  17434.747553     25.129855  6  6  6  79       
PG02  13647.188882   9255.682923 -20195.938047   -486.880857  6  6  4  62       
PG03 -23154.645838  12404.663979  -3604.496962   -238.967401  8  6  5  64       
PG04 -14162.614693   7579.440299 -21145.556343   -114.429238 10  4  9   3       
PG05  22410.313225   1068.831331 -14510.706541    -16.615826  8  7 10  39       
PG06   7189.440325  20959.661113 -14561.078315   -302.701575  7  5  6  75       
PG07  -5470.567794  25536.719350  -2711.940333   -326.677394  5  5  5  67       
PG08 -21440.341345  -2413.653208  15670.305649    -40.873555  6  5  4  55       
PG09  -2726.415639  16354.035506 -20796.210697   -253.183611  6  6  5  86       
PG10  -3055.285167 -15022.263985  21758.177038   -398.918376  6     4  67       
PG11 -15262.238868   4829.089003  20701.630274   -221.859110  7  6  7  82       
PG12  23953.233062 -10745.673571  -3678.548653     94.039955  5  6  6  87       
PG13  21679.753565  11319.984939  10363.284627     26.523471  7  7  4  71       
PG14 -17913.605511 -19467.730788   3655.443471      1.158414  7  4  7  90       
PG15  21670.765149   -280.758540  15276.830501   -217.725621  6  7  4  84       
PG16 -23780.790896  -1216.604811 -12439.193307   -182.425663  6  6  7  71       
PG17  12089.493601  20722.335560  11867.304825    295.519957  7  6  6  69       
PG18   5921.360095 -25715.764844  -2883.335503    245.576993  8  7  5  49       
PG19  17410.753109  19689.054128   3688.366947   -132.379007  7  6  4  85       
PG20   8493.087511 -18981.141562  16314.696860    527.293106  5  5  4  85       
PG21  -7452.448674 -22865.584991  12372.080749     23.368361  7  4  5  83       
PG22 -24521.553533   8875.601832   4817.358935   -772.203095  6  6  8  94       
PG23   7462.925345 -17504.817559  18501.001408 999999.999999
PG24  14350.122415 -12199.203916  18383.143998    -15.641668  6  5  3  71       
PG25  16823.004349 -16366.233535 -12418.009438     23.036149  8  4  7  75       
PG26 -14554.764181  -9346.333693 -20245.222933    242.886507  7  3  5 101       
PG27 -22998.874880 -11841.838969   6610.316250   -345.217276  4  6  6  56       
PG28   3335.080822  14791.000580  22394.107666    699.795007  6  6  4  81       
PG29   7615.799513 -12765.462193 -22054.142220   -149.750876  5  5  5  68       
PG30   1512.023339  25327.927239   7508.832773   -261.518448  4  5  3  74       
PG31  -8295.040079 -19437.306005 -15844.389131    -55.440637  5  6  4  58       
PG32 -14034.609135 -19966.865194  10747.468601    316.562032  5  4  6  80       
*  2020  7 14  2  0  0.00000000
PG01 -13601.680790  12008.710484  19041.317815     25.133728  6  6  6  43       
PG02  13479.791830  11627.197631 -19090.357246   -486.886025  6  6  4  71       
PG03 -23476.932523  12281.973329   -745.585565   -238.977832  8  6  5  63       
PG04 -16007.449883   6084.310076 -20299.034776   -114.433360 10  1  9  70       
PG05  20927.714223   2006.947786 -16491.067904    -16.616598  7  7 10  57       
PG06   6885.101306  22478.777968 -12265.921788   -302.706251  6  4  6  82       
PG07  -5729.854814  24992.727365  -5527.524305   -326.685358  4  5  4  68       
PG08 -22720.013601  -3480.863150  13541.670775    -40.875417  5  5  4  69       
PG09  -4746.884415  15042.933438 -21416.559651   -253.189440  6  6  5  96       
PG10   -816.030542 -15999.250667  21231.536947   -398.928019  6     4  84       
PG11 -16124.495396   2507.559937  20433.681489   -221.849308  6  7  7  87       
PG12  24245.148234 -10625.189828   -794.794410     94.035351  6  6  6  89       
PG13  22308.176032  12185.201485   7758.763226     26.526156  7  7  4  40       
PG14 -17355.100756 -19303.192109   6422.339126      1.160879  6  4  7  76       
PG15  23014.548858    748.859361  13234.423845   -217.723689  6  7  4  76       
PG16 -22408.641425  -1840.847281 -14702.252304   -182.429777  6  6  7  86       
PG17  10888.492028  19941.651182  14215.164013    295.525111  7  6  5  68       
PG18   6105.018214 -25201.204153  -5691.961883    245.585521  8  8  6  57       
PG19  16822.260684  19426.041430   6504.363904   -132.374131  7  6  4  66       
PG20  10129.132390 -19730.725025  14365.144848    527.293004  5  5  5  93       
PG21  -7222.659493 -24027.241966   9940.632832     23.372548  7  4  5  71       
PG22 -24088.639844   8247.013945   7502.005560   -772.200668  6  5  8  89       
PG23   9349.349222 -18261.471750  16840.618837 999999.999999
PG24  14445.443617  -9963.028572  19634.885318    -15.641776  6  5  3  62       
PG25  18055.594201 -16688.523678  -9944.456607     23.039933  8  4  7  41       
PG26 -12483.143426 -10470.648140 -21043.428193    242.892604  7  3  5  98       
PG27 -23391.660802 -12337.735059   3822.592843   -345.225943  4  5  6  79       
PG28   1052.703808  15577.605791  22086.701105    699.791948  6  6  4  76       
PG29   9565.128478 -11179.046997 -22159.345052   -149.758701  5  5  5  72       
PG30   1103.493677  25987.600163   4806.352242   -261.525347  4  5  3  68       
PG31  -7872.650289 -21102.721382 -13747.413217    -55.443026  5  6  4  93       
PG32 -12807.230884 -19367.782610  13119.155431    316.567562  5  4  6  79       
*  2020  7 14  2 15  0.00000000
PG01 -13626.199337   9704.257282  20310.514108     25.137560  5  6  6  33       
PG02  13427.831782  13852.168351 -17638.727835   -486.890855  6  6  4  77       
PG03 -23518.238335  12023.070444   2126.231257   -238.988288  8  6  6  81       
PG04 -17831.146953   4751.608718 -19103.120444   -114.437564 10  2  9  85       
PG05  19315.993210   3123.102149 -18192.680728    -16.617425  6  7 10  65       
PG06   6673.850187  23739.263804  -9758.634127   -302.710928  6  5  6  78       
PG07  -6002.796825  24144.131275  -8244.321182   -326.693108  5  5  4  77       
PG08 -23838.100452  -4346.275738  11183.033263    -40.877906  5  5  3  78       
PG09  -6873.484385  13811.072492 -21669.993252   -253.195306  6  7  5  99       
PG10   1299.973906 -17056.823512  20341.098831   -398.937642  5     4  73       
PG11 -17064.712246    270.041626  19797.377451   -221.840102  6  7  6  86       
PG12  24243.610786 -10384.812508   2102.733485     94.030885  6  6  6  57       
PG13  22747.660884  12823.082030   5020.942650     26.529109  7  7  3  54       
PG14 -16546.479855 -18985.591741   9080.940353      1.163397  6  4  7  59       
PG15  24184.589421   1603.611419  10964.191145   -217.721408  6  7  4  81       
PG16 -20852.932141  -2634.781815 -16720.764449   -182.434199  6  6  6  66       
PG17   9444.160517  19086.176012  16324.930359    295.530247  7  6  5  59       
PG18   6297.057712 -24384.853327  -8402.484299    245.594064  8  8  7  55       
PG19  15969.569202  19004.574861   9207.720687   -132.369865  7  6  5  64       
PG20  11536.953849 -20420.025366  12164.562668    527.292856  5  5  4  89       
PG21  -7040.639953 -24924.562467   7346.111570     23.376649  7  4  5  54       
PG22 -23437.805124   7440.277196  10057.310904   -772.198482  5  5  8  84       
PG23  11015.337934 -19014.894317  14889.847126 999999.999999
PG24  14648.984354  -7613.232938  20539.996154    -15.642233  6  5  4  62       
PG25  19015.783658 -16937.913733  -7299.036403     23.043711  7  4  7  55       
PG26 -10408.346720 -11733.213784 -21481.712734    242.898708  7  3  5  83       
PG27 -23541.790093 -12642.230552    970.234605   -345.234553  4  5  6  58       
PG28  -1131.923766  16470.680928  21419.396633    699.788419  6  7  4  35       
PG29  11592.338328  -9710.328430 -21884.923784   -149.766441  5  5  4  38       
PG30    748.028555  26355.913341   2020.133212   -261.532276  4  5  2  52       
PG31  -7549.545147 -22537.114358 -11409.202163    -55.445083  5  6  4  32       
PG32 -11333.688420 -18699.879767  15267.812986    316.573164  4  5  5  44       
*  2020  7 14  2 30  0.00000000
PG01 -13778.625575   7281.233299  21220.308955     25.141529  4  6  6  50       
PG02  13470.943940  15887.034471 -15868.722924   -486.895961  6  6  3  69       
PG03 -23297.729703  11595.484597   4961.191848   -238.998718  8  6  6  68       
PG04 -19588.105424   3592.817147 -17578.490862   -114.441708 10  3  9  74       
PG05  17618.828690   4417.295999 -19586.717276    -16.618009  6  7 10  83       
PG06   6522.746263  24714.779464  -7082.630947   -302.715573  6  4  6  82       
PG07  -6324.517018  23005.559150 -10813.452225   -326.700768  4  6  3  60       
PG08 -24755.142834  -5022.806325   8634.651223    -40.878722  5  4  3  77       
PG09  -9066.702719  12685.682616 -21552.240519   -253.201109  5  6  5  93       
PG10   3257.042057 -18162.194102  19101.350455   -398.947256  5     4  68       
PG11 -18055.929943  -1844.245464  18803.706521   -221.830426  5  7  6  64       
PG12  23965.490154  -9989.706154   4963.624827     94.026452  7  6  6  76       
PG13  22964.540920  13252.798366   2196.993139     26.532243  6  6  3  76       
PG14 -15481.289508 -18553.333058  11586.930972      1.165988  5  4  6  70       
PG15  25145.712892   2297.726017   8506.115713   -217.718941  6  7  3  64       
PG16 -19155.726139  -3609.935479 -18460.978836   -182.438479  5  6  6  87       
PG17   7768.065714  18198.929697  18162.221928    295.535614  7  6  5  36       
PG18   6533.756158 -23280.878680 -10968.220069    245.602664  8  9  8  54       
PG19  14844.578669  18464.234717  11751.067379   -132.365268  7  6  5  65       
PG20  12708.422630 -21009.244856   9751.303488    527.292754  5  6  4  92       
PG21  -6871.834663 -25539.665284   4630.218974     23.380888  7  5  4  73       
PG22 -22603.038269   6439.789569  12439.686733   -772.196299  5  5  8  68       
PG23  12442.381263 -19725.192681  12682.374758 999999.999999
PG24  14970.452372  -5196.389293  21083.273410    -15.643091  5  6  4  57       
PG25  19702.153639 -17074.230569  -4527.033372     23.047593  7  4  7  79       
PG26  -8373.597250 -13115.070334 -21551.947093    242.904823  7  4  6  74       
PG27 -23425.000086 -12785.408361  -1898.506375   -345.243226  4  4  6  66       
PG28  -3180.272635  17443.979711  20402.894458    699.785316  5  6  4  62       
PG29  13654.227881  -8385.620336 -21235.674119   -149.774040  5  6  4  70       
PG30    411.334626  26422.906299   -801.308354   -261.539206  4  5  2  73       
PG31  -7297.238638 -23709.232232  -8870.260289    -55.447311  5  6  4  79       
PG32  -9626.317181 -18003.207871  17156.920060    316.578767  4  5  5  58       
*  2020  7 14  2 45  0.00000000
PG01 -14069.629836   4789.880962  21755.264092     25.145383  3  5  6  80       
PG02  13582.338823  17694.514801 -13813.744346   -486.901021  6  5  3  71       
PG03 -22841.968815  10971.987890   7710.103644   -239.009162  8  6  6  66       
PG04 -21232.636807   2611.155978 -15751.464836   -114.445882 11  2  9  38       
PG05  15880.370442   5881.479583 -20649.439256    -16.618455  6  7 10  92       
PG06   6395.158713  25387.312472  -4284.225399   -302.720158  6  4  6  82       
PG07  -6727.032302  21600.376999 -13188.600610   -326.708826  4  6  3  87       
PG08 -25436.343948  -5530.653538   5939.880847    -40.880599  5  4  3  51       
PG09 -11283.042444  11687.143718 -21065.357385   -253.206938  5  6  4 109       
PG10   5026.016594 -19277.598714  17532.842840   -398.956898  5  2  4  61       
PG11 -19065.923003  -3801.589958  17470.433873   -221.820581  5  7  6  76       
PG12  23435.644655  -9409.875160   7737.840062     94.021897  7  6  6  67       
PG13  22930.972983  13500.260608   -664.591908     26.535110  6  6  3  76       
PG14 -14161.226229 -18046.396542  13898.780314      1.168682  5  5  6  41       
PG15  25867.853055   2851.907033   5902.990853   -217.716551  6  7  3  71       
PG16 -17361.681382  -4769.843293 -19893.566452   -182.442583  5  6  6  86       
PG17   5879.926393  17321.006547  19697.277906    295.540719  7  6  5  62       
PG18   6848.410151 -21911.747369 -13345.009372    245.611237  9  9  8  66       
PG19  13448.258409  17846.734406  14089.522147   -132.360607  7  6  5  57       
PG20  13643.742794 -21459.477421   7167.523884    527.292501  5  6  4  87       
PG21  -6679.636816 -25862.311897   1837.242661     23.384833  7  5  4  79       
PG22 -21622.207682   5237.086594  14608.747540   -772.193957  4  4  7  77       
PG23  13620.412022 -20351.170211  10256.308010 999999.999999
PG24  15411.884909  -2760.592098  21256.088409    -15.643985  5  6  4  68       
PG25  20121.962926 -17059.175764  -1676.265901     23.051524  7  5  7  67       
PG26  -6418.753939 -14590.166144 -21252.260528    242.910984  7  4  6  73       
PG27 -23024.517692 -12802.021995  -4735.288053   -345.251966  4  4  6  78       
PG28  -5059.211554  18465.311341  19053.305014    699.781900  5  7  5  44       
PG29  15704.200315  -7223.460309 -20222.776558   -149.781704  5  6  3  49       
PG30     58.142146  26187.257512  -3608.761076   -261.546145  4  5  2  60       
PG31  -7082.767048 -24595.391383  -6174.908192    -55.449692  5  6  3  40       
PG32  -7705.534099 -17315.967408  18754.309811    316.584450  4  5  5  74       
*  2020  7 14  3  0  0.00000000
PG01 -14501.440313   2282.089719  21906.778308     25.149195  3  5  5  76       
PG02  13730.075798  19244.876151 -11512.133546   -486.906078  6  5  4  66       
PG03 -22183.806955  10131.855995  10325.218937   -239.019631  8  6  6  68       
PG04 -22720.633993   1801.644765 -13653.544730   -114.450040 11  4  9   7       
PG05  14143.660643   7499.671625 -21362.588552    -16.618964  7  7  9 102       
PG06   6252.376990  25747.785757  -1411.812901   -302.724841  5  4  6  73       
PG07  -7237.733669  19959.855796 -15326.960758   -326.716462  4  5  3  64       
PG08 -25852.879170  -5896.327586   3144.463856    -40.881544  5  4  3  71       
PG09 -13476.516792  10828.303606 -20217.689394   -253.212653  4  7  4 100       
PG10   6585.225091 -20361.713992  15661.891392   -398.966504  5  3  4  46       
PG11 -20058.493327  -5574.962242  15821.748807   -221.811221  5  7  5  72       
PG12  22685.919400  -8621.569793  10376.626944     94.017582  6  6  6  45       
PG13  22626.073757  13596.921273  -3514.823624     26.538116  5  6  2  61       
PG14 -12596.189343 -17504.745326  15978.351316      1.171135  5  5  5  81       
PG15  26327.124830   3292.282411   3199.654752   -217.714353  6  7  2  76       
PG16 -15516.484991  -6109.729446 -20994.082718   -182.447118  5  6  6  88       
PG17   3807.021845  16490.042658  20905.348906    295.545992  7  6  5  59       
PG18   7269.865318 -20307.440098 -15491.976061    245.619767  9 10  9  78       
PG19  11790.855062  17194.199308  16181.539440   -132.355961  7  6  5  82       
PG20  14351.246893 -21734.315854   4458.414590    527.292738  5  6  4  74       
PG21  -6426.892795 -25890.341397   -986.538575     23.388847  7  5  5  71       
PG22 -20535.562482   3831.330714  16527.962560   -772.191729  4  4  7  72       
PG23  14547.997877 -20851.981951   7653.507428 999999.999999
PG24  15967.543205   -353.744372  21056.482241    -15.645229  5  6  4  63       
PG25  20290.771285 -16857.985483   1203.742743     23.055438  7  5  7  57       
PG26  -4578.929759 -16126.218007 -20587.118119    242.917219  7  5  6  57       
PG27 -22331.754630 -12730.007678  -7492.442061   -345.260599  4  3  6  96       
PG28  -6742.036222  19497.663839  17391.959078    699.778761  4  6  5  78       
PG29  17693.911831  -6234.040445 -18863.603886   -149.789370  5  6  3           
PG30   -346.195786  25656.341190  -6353.211568   -261.553132  4  5  2  55       
PG31  -6870.175373 -25180.359683  -3370.477523    -55.452097  5  6  3  71       
PG32  -5599.255962 -16673.005797  20032.699726    316.590095  4  5  5  39       
*  2020  7 14  3 15  0.00000000
PG01 -15067.731958   -190.479661  21673.190328     25.153137  3  5  5  67       
PG02  13878.541944  20516.868297  -9006.298870   -486.911366  6  4  4  79       
PG03 -21361.040192   9061.880036  12761.088119   -239.030089  7  6  6  67       
PG04 -24011.190265   1151.483414 -11320.870796   -114.454209 11  5  9           
PG05  12449.104276   9248.380373 -21713.698359    -16.619617  7  6  9 109       
PG06   6055.305006  25796.329159   1484.978555   -302.729435  5  4  5  73       
PG07  -7878.063185  18122.011608 -17190.114746   -326.724395  4  5  2  86       
PG08 -25982.992752  -6151.445645    295.782423    -40.883735  6  4  3  89       
PG09 -15600.245314  10114.095214 -19023.730688   -253.218481  3  6  4  96       
PG10   7921.151860 -21371.235088  13520.170939   -398.976104  5  4  4  77       
PG11 -20994.949359  -7144.898481  13887.758199   -221.801686  5  7  5  64       
PG12  21753.868303  -7608.457739  12833.429810     94.013122  6  6  6  67       
PG13  22036.795732  13578.380052  -6305.043725     26.540895  4  6  1  72       
PG14 -10804.041787 -16966.757735  17791.447642      1.173656  6  5  5  89       
PG15  26506.662140   3649.164946    442.220555   -217.711955  6  7  2  84       
PG16 -13665.253986  -7616.491484 -21743.372157   -182.451307  5  6  5  82       
PG17   1583.337138  15738.832450  21767.014309    295.551205  7  6  5  54       
PG18   7821.226329 -18504.385384 -17372.229413    245.628301  9 10  9  79       
PG19   9891.737605  16547.422150  17989.714741   -132.351585  7  6  5  78       
PG20  14846.870302 -21801.372118   1671.371653    527.292621  5  7  4  78       
PG21  -6077.474714 -25629.834188  -3793.522329     23.393410  7  6  5  50       
PG22 -19384.169946   2229.505575  18165.229130   -772.189448  4  4  7  27       
PG23  15232.202649 -21188.787997   4918.859922 999999.999999
PG24  16624.134904   1978.128819  20489.126314    -15.645378  5  6  4  59       
PG25  20231.736519 -16440.977731   4062.647625     23.059342  7  5  7  65       
PG26  -2883.291905 -17685.827468 -19567.291480    242.923413  7  6  7  70       
PG27 -21346.708973 -12608.893741 -10123.717931   -345.269276  5  3  6  86       
PG28  -8209.282454  20500.511334  15445.160616    699.775499  4  6  5  78       
PG29  19574.995998  -5418.966023 -17181.426692   -149.797008  4  5  2  35       
PG30   -834.126096  24845.950574  -8986.737495   -261.560077  4  5  2  85       
PG31  -6622.142915 -25457.911134   -506.430306    -55.454413  5  6  3  79       
PG32  -3342.038059 -16104.452577  20970.146465    316.595681  5  5  4  66       
*  2020  7 14  3 30  0.00000000
PG01 -15753.876826  -2578.242716  21059.738642     25.156934  4  4  5  70       
PG02  13990.064082  21498.295806  -6341.790156   -486.916556  6  4  4  68       
PG03 -20414.880745   7757.087665  14975.373435   -239.040606  7  6  6  60       
PG04 -25068.105900    640.739840  -8793.597141   -114.458376 11  5  8  16       
PG05  10833.044153  11097.312645 -21696.319714    -16.620414  7  6  9 117       
PG06   5766.171626  25542.204217   4356.156628   -302.734014  4  4  5  79       
PG07  -8662.448943  16130.169229 -18744.809932   -326.732076  3  5  2  81       
PG08 -25812.841859  -6331.339690  -2557.908328    -40.885358  6  4  4  92       
PG09 -17608.092025   9541.467146 -17503.881479   -253.224354  3  6  3  87       
PG10   9028.796504 -22262.556748  11144.208142   -398.985789  5  5  4  93       
PG11 -21835.702891  -8500.056919  11703.841768   -221.792051  5  7  5  95       
PG12  20681.249516  -6362.508797  15064.770821     94.008757  5  6  5  51       
PG13  21158.511971  13482.844307  -8987.735780     26.543950  3  6     61       
PG14  -8810.090628 -16467.740826  19308.297321      1.176230  6  5  4  79       
PG15  26397.195428   3955.676329  -2322.685918   -217.709753  6  7  2  85       
PG16 -11850.956933  -9268.991579 -22127.909582   -182.455811  6  6  5  93       
PG17   -751.523098  15094.138980  22268.427791    295.556332  6  5  4  57       
PG18   8518.797347 -16544.156850 -18953.494884    245.636835  9 10  9  44       
PG19   7778.878496  15944.166791  19481.525810   -132.347007  7  7  4  67       
PG20  15153.327198 -21633.648018  -1144.873991    527.292651  5  7  4  86       
PG21  -5597.866504 -25094.985785  -6535.521971     23.397237  7  6  5  70       
PG22 -18208.349163    446.311509  19493.361445   -772.186857  4  4  6  54       
PG23  15688.123668 -21326.339988   2099.499518 999999.999999
PG24  17361.350167   4192.471792  19565.154358    -15.647208  5  6  4  76       
PG25  19974.609173 -15784.920875   6850.202409     23.063104  6  5  7  80       
PG26  -1354.091222 -19227.813820 -18209.720313    242.929617  7  6  7  78       
PG27 -20078.060642 -12478.164988 -12584.999950   -345.277923  5  3  6  89       
PG28  -9449.295494  21431.266331  13243.879788    699.772314  4  6  5  62       
PG29  21300.799001  -4771.350507 -15205.021597   -149.804683  4  6  2  56       
PG30  -1434.406033  23779.698319 -11463.381247   -261.567077  3  5  3  89       
PG31  -6301.679226 -25431.025966   2366.577319    -55.456679  5  6  2  84       
PG32   -973.963640 -15634.543043  21550.418833    316.601278  5  5  4  77       
*  2020  7 14  3 45  0.00000000
PG01 -16537.540431  -4835.435248  20078.384317     25.160712  4  5  5  79       
PG02  14026.579230  22186.215932  -3566.350389   -486.921442  6  5  4  61       
PG03 -19388.305069   6221.143044  16929.606969   -239.051081  7  6  6           
PG04 -25861.224766    243.316195  -6115.200095 999999.999999
PG05   9326.492709  13010.347474 -21310.158914    -16.621264  7  5  8 103       
PG06   5350.189673  25003.386474   7152.235356   -302.738593  4  4  5  68       
PG07  -9597.546872  14031.313460 -19963.615585   -326.740039  3  5  2  76       
PG08 -25337.057448  -6473.528560  -5368.260096    -40.886849  6  3  4  50       
PG09 -19456.284177   9099.629753 -15684.107623   -253.230169  3  6  3  96       
PG10   9911.701930 -22993.492311   8574.777156   -398.995408  5  6  4 100       
PG11 -22541.909868  -9637.424115   9309.890165   -221.782350  6  7  5  83       
PG12  19512.354371  -4884.551710  17031.082318     94.004675  5  5  5  88       
PG13  19995.289496  13349.504918 -11517.309462     26.547001  2  6  1  24       
PG14  -6646.307803 -16038.575017  20503.971186      1.178720  6  6  4  71       
PG15  25997.354063   4246.288183  -5048.670350   -217.707438  5  7  2  73       
PG16 -10112.911255 -11038.649266 -22140.071647   -182.460103  6  7  5  78       
PG17  -3153.614401  14575.735562  22401.492160    295.561556  5  5  4  75       
PG18   9371.294213 -14471.984050 -20208.663368    245.645350  9 10  8  59       
PG19   5487.985782  15417.592114  20629.990806   -132.342229  7  7  4  59       
PG20  15299.023313 -21210.699930  -3941.149569    527.292679  5  7  5  84       
PG21  -4958.703792 -24307.680943  -9164.572806     23.400939  7  6  5  78       
PG22 -17046.159427  -1496.230407  20490.490765   -772.184451  4  5  6  56       
PG23  15938.124371 -21234.438771   -756.009343 999999.999999
PG24  18152.684354   6251.632593  18301.875192    -15.647776  5  5  4  58       
PG25  19554.461990 -14874.162896   9517.197276     23.066880  5  4  7  88       
PG26     -5.960215 -20708.714797 -16537.263889    242.935794  7  7  7 111       
PG27 -18542.958729 -12375.640607 -14834.989310   -345.286620  6  3  5  83       
PG28 -10458.533317  22246.832870  10823.382989    699.768952  4  6  5  64       
PG29  22828.060514  -4276.242637 -12968.188225   -149.812482  4  6  2  59       
PG30  -2170.762654  22488.118201 -13739.985593   -261.573985  3  5  3  82       
PG31  -5873.817338 -25111.725107   5197.664551    -55.458966  5  6  3  82       
PG32   1460.676280 -15280.674641  21763.282933    316.606916  5  5  4  70       
*  2020  7 14  4  0  0.00000000
PG01 -17389.593996  -6921.684502  18747.506305     25.164529  4  5  5  63       
PG02  13951.290361  22586.769495   -728.971525   -486.926780  6  5  4  71       
PG03 -18324.344812   4466.408546  18589.877763   -239.061644  7  6  6  48       
PG04 -26367.549815    -71.844673  -3331.730898   -114.466688 11  6  7  45       
PG05   7954.067725  14946.741385 -20561.121871    -16.621520  7  4  8 111       
PG06   4777.097995  24205.822976   9825.092571   -302.743154  4  5  5  65       
PG07 -10681.823032  11874.302418 -20825.440985   -326.747928  3  5  2  85       
PG08 -24559.001397  -6616.110727  -8087.613262    -40.888688  6  3  5  80       
PG09 -21104.950867   8770.607182 -13595.507319   -253.235979  3  6  2 101       
PG10  10581.647532 -23524.962668   5856.207002   -399.005030  5  7  4  73       
PG11 -23077.080318 -10562.166631   6749.450973   -221.772630  6  7  5  83       
PG12  18292.238196  -3184.475761  18697.469883     94.000367  4  5  4  49       
PG13  18559.842787  13216.889436 -13850.846458     26.549871  1  6  2  92       
PG14  -4350.319266 -15704.534880  21358.734748      1.181198  6  6  4  74       
PG15  25313.688888   4555.334555  -7690.287410   -217.705073  5  7  2  28       
PG16  -8485.409766 -12890.320144 -21778.332084   -182.464449  6  7  5  77       
PG17  -5576.082604  14195.708820  22163.964297    295.566946  5  5  4  41       
PG18  10379.358982 -12335.134240 -21116.250032    245.653843  8  9  8  58       
PG19   3061.316719  14994.864118  21414.224905   -132.337532  7  7  4  49       
PG20  15316.751592 -20519.550201  -6668.736761    527.292387  6  7  6  34       
PG21  -4136.204162 -23296.769088 -11633.795503     23.405059  7  7  5  60       
PG22 -15931.998452  -3569.447926  21140.374825   -772.182273  4  5  6  75       
PG23  16010.793083 -20889.206507  -3598.511413 999999.999999
PG24  18966.508876   8124.086647  16722.378002    -15.647616  5  5  4  57       
PG25  19010.203886 -13701.469897  12016.393134     23.070636  5  3  7  54       
PG26   1154.490847 -22084.398403 -14578.343582    242.941971  7  8  6  55       
PG27 -16766.508767 -12335.923235 -16835.844719   -345.295237  6  4  5  78       
PG28 -11241.588655  22905.212009   8222.796663    699.765698  3  6  5  89       
PG29  24118.476816  -3911.368964 -10509.182281   -149.820145  3  6  3  34       
PG30  -3060.756946  21007.504930 -15776.973724   -261.580918  3  5  4  81       
PG31  -5307.230599 -24520.544591   7936.704583    -55.461308  5  6  3  78       
PG32   3914.865454 -15052.732218  21604.694343    316.612514  5  4  4  69       
*  2020  7 14  4 15  0.00000000
PG01 -18275.299822  -8803.347705  17091.481677     25.168277  4  5  5  88       
PG02  13730.239426  22714.667335   2121.022088   -486.931945  6  5  5  66       
PG03 -17264.389178   2513.664767  19927.434511   -239.072152  6  6  6  17       
PG04 -26572.094924   -339.360018   -491.025540   -114.470900 11  5  5  43       
PG05   6733.172554  16862.523608 -19461.262137    -16.622054  7  5  8 110       
PG06   4022.526147  23182.395285  12328.798736   -302.747705  4  5  4  66       
PG07 -11905.493127   9708.023201 -21315.903020   -326.755682  3  5  2  88       
PG08 -23490.709947  -6796.137053 -10669.770531    -40.889585  5  3  5  79       
PG09 -22519.523459   8530.074243 -11273.791367   -253.241825  3  6  2  82       
PG10  11058.016771 -23822.586935   3035.611739   -399.014465  5  7  5  81       
PG11 -23408.585637 -11287.141241   4068.810274   -221.763153  7  7  5  97       
PG12  17064.926578  -1281.065037  20034.387044     93.996046  4  5  4  65       
PG13  16873.170631  13121.254631 -15948.797750     26.552728     6  2  71       
PG14  -1964.197516 -15484.325092  21858.332259      1.183797  6  6  4  76       
PG15  24360.419533   4915.549257 -10203.724694   -217.702763  4  6  2  71       
PG16  -6996.527148 -14783.435075 -21047.373618   -182.468808  6  7  5  88       
PG17  -7970.697219  13958.045293  21559.490455    295.572298  5  5  3  32       
PG18  11535.395579 -10181.227288 -21660.755478    245.662313  8  8  7  82       
PG19    546.218239  14696.017361  21819.879139   -132.332985  6  7  4  56       
PG20  15242.225818 -19555.309031  -9280.252175    527.292099  5  7  6  42       
PG21  -3113.423193 -22097.054340 -13898.302247     23.409037  7  7  5  82       
PG22 -14895.360272  -5738.933684  21432.615607   -772.179609  4  5  6  49       
PG23  15939.669551 -20274.123731  -6379.108365 999999.999999
PG24  19767.342865   9785.406404  14855.043581    -15.647662  5  5  5  45       
PG25  18382.938839 -12268.534050  14303.429727     23.074334  4  3  7  79       
PG26   2128.761572 -23311.723848 -12366.479948    242.948107  6  8  6  76       
PG27 -14780.977849 -12388.974218 -18553.774883   -345.303850  6  4  5  86       
PG28 -11810.922170  23367.107323   5484.601949    699.762506  3  6  5  96       
PG29  25140.087040  -3648.163260  -7870.073433   -149.827903  3  7  3  34       
PG30  -4114.899185  19378.539777 -17539.057592   -261.587822  2  5  4  72       
PG31  -4575.702542 -23685.672015  10535.287823    -55.463830  5  6  3  66       
PG32   6340.453717 -14952.708740  21076.893056    316.618149  5  4  4  75       
*  2020  7 14  4 30  0.00000000
PG01 -19155.716834 -10454.569711  15140.165227     25.172058  4  5  5  75       
PG02  13333.737548  22592.367985   4934.843710   -486.936957  6  5  5  86       
PG03 -16246.566601    391.499383  20919.192241   -239.082649  6  6  6  68       
PG04 -26468.440694   -595.870137   2358.114758 999999.999999
PG05   5673.453213  18712.032008 -18028.630254    -16.622414  7  5  8 111       
PG06   3069.128574  21971.629587  14620.402832   -302.752332  4  6  4  82       
PG07 -13250.818453   7579.571647 -21427.537223   -326.763602  3  6  2  97       
PG08 -22152.524461  -7048.023735 -13070.752038    -40.891092  5  3  5  82       
PG09 -23671.944780   8348.446133  -8758.684780   -253.247729  3  6  1  98       
PG10  11366.862025 -23858.109371    162.057016   -399.024309  5  8  6  78       
PG11 -23508.998323 -11832.093101   1316.038399   -221.753850  7  6  5  70       
PG12  15871.672463    798.530588  21018.204662     93.991848  4  5  4  74       
PG13  14963.890940  13095.078421 -17775.623016     26.555760     6  2  86       
PG14    466.901853 -15389.363669  21994.201556      1.186565  6  7  5  83       
PG15  23158.919936   5356.678888 -12547.447750   -217.700466  3  6  2  34       
PG16  -5667.152594 -16673.364703 -19958.109467   -182.473263  5  7  5  87       
PG17 -10289.437990  13858.515362  20597.571551    295.577440  4  4  3  73       
PG18  12823.732941  -8056.548136 -21832.923721    245.670813  8  7  6  70       
PG19  -2006.547384  14533.116671  21839.448066   -132.328391  6  6  4  84       
PG20  15112.513359 -18321.482850 -11730.493774    527.292145  6  7  7  69       
PG21  -1881.273430 -20748.026904 -15916.125865     23.412877  7  7  6  91       
PG22 -13959.795993  -7965.672443  21362.785814   -772.177385  4  5  6  89       
PG23  15761.789605 -19380.791193  -9049.999797 999999.999999
PG24  20517.271724  11218.945288  12732.976009    -15.648531  5  5  5  79       
PG25  17714.238054 -10586.125266  16337.685072     23.078064  3  2  6  86       
PG26   2926.227060 -24350.186415  -9939.730260    242.954220  7  9  5  73       
PG27 -12624.744757 -12558.865889 -19959.576526   -345.312489  7  5  4  98       
PG28 -12186.307919  23597.475426   2654.058174    699.759243  3  6  5  89       
PG29  25868.429813  -3453.043369  -5096.037873   -149.835186  2  7  4  46       
PG30  -5336.051411  17644.758353 -18995.860518   -261.594756  2  5  5  78       
PG31  -3659.385897 -22641.782660  12947.645550    -55.465751  5  6  3  75       
PG32   8689.799057 -14974.637498  20188.397946    316.623777  5  4  3  89       
*  2020  7 14  4 45  0.00000000
PG01 -19989.265965 -11858.024521  12928.284271     25.175783  4  5  5  69       
PG02  12737.602082  22248.992204   7665.053240   -486.942226  6  6  5  91       
PG03 -15304.270229  -1864.611133  21548.133531   -239.093117  6  6  6  72       
PG04 -26058.973148   -878.423473   5166.758497 999999.999999
PG05   4776.555210  20449.534395 -16287.023219    -16.623689  7  5  7 108       
PG06   1907.444493  20616.204986  16660.662043   -302.756900  4  6  4  88       
PG07 -14692.740557   5532.534920 -21159.852060   -326.771546  4  6  2  98       
PG08 -20572.421508  -7402.064534 -15249.521491    -40.892504  5  3  5  95       
PG09 -24541.640984   8192.179373  -6093.258866   -253.253569  2  5  1  86       
PG10  11539.702584 -23610.602706  -2714.321120   -399.034096  5  8  7  88       
PG11 -23357.209472 -12222.585155  -1459.972107   -221.744279  7  6  5  89       
PG12  14749.337666   3019.667592  21631.660826     93.987395  5  5  5  68       
PG13  12867.298885  13165.707061 -19300.363892     26.558809     6  2  79       
PG14   2896.214234 -15423.336931  21763.618002      1.189048  6  7  5  87       
PG15  21736.963377   5904.218463 -14682.802006   -217.698038  3  6  2  71       
PG16  -4510.288465 -18512.964909 -18527.607617   -182.477613  5  7  5  79       
PG17 -12486.082786  13884.859535  19293.457452    295.582583  4  4  3  87       
PG18  14221.109352  -6004.421075 -21629.893254    245.679281  8  7  6  76       
PG19  -4544.622799  14509.757177  21472.436483   -132.323533  6  6  4  84       
PG20  14964.431775 -16829.958710 -13977.236498    527.292196  6  7  7  58       
PG21   -439.248929 -19292.376679 -17649.147059     23.417170  7  7  6  85       
PG22 -13142.112698 -10207.337535  20932.465255   -772.175028  4  5  5  75       
PG23  15516.105262 -18209.387141 -11565.302994 999999.999999
PG24  21177.454607  12416.216442  10393.369661    -15.647853  5  5  5  69       
PG25  17044.398662  -8673.876493  18083.064336     23.081731  3  2  6  85       
PG26   3563.588671 -25163.480576  -7340.034959    242.960384  7  9  5  82       
PG27 -10341.030760 -12862.756074 -21029.111577   -345.321082  7  5  4  75       
PG28 -12394.001684  23566.965097   -221.445245    699.755838  3  6  4  98       
PG29  26287.426031  -3288.886572  -2234.596604   -149.842839  1  7  4  55       
PG30  -6719.140594  15850.923031 -20122.442408   -261.601660  2  5  5  81       
PG31  -2545.796754 -21428.626454  15131.511380    -55.468314  5  6  3  75       
PG32  10917.399899 -15104.840459  18953.898660    316.629407  6  3  3  90       
*  2020  7 14  5  0  0.00000000
PG01 -20733.390634 -13005.319276  10494.765039     25.179564  4  5  5  62       
PG02  11924.161196  21719.026970  10266.295440   -486.947451  6  6  5  85       
PG03 -14464.885563  -4213.490569  21803.597234   -239.103608  6  6  6  66       
PG04 -25354.796438  -1222.846867   7886.680074 999999.999999
PG05   4036.192303  22030.875578 -14265.634253    -16.623797  7  6  7 104       
PG06    536.450650  19161.318479  18414.703363   -302.761469  4  6  4  76       
PG07 -16199.821464   3605.448588 -20519.231819   -326.779049  4  6  2  95       
PG08 -18785.065064  -7883.098305 -17168.672905    -40.893816  4  4  5  85       
PG09 -25116.218728   8025.234060  -3323.204192   -253.259403  2  5  1  69       
PG10  11612.103429 -23067.396535  -5543.227369   -399.043776  5  8  7  63       
PG11 -22939.281764 -12488.712974  -4210.450324   -221.734640  7  6  5  73       
PG12  13728.967010   5341.388561  21864.180481     93.982879  5  6  5  74       
PG13  10624.183395  13354.207516 -20497.143863     26.561934     6  2  88       
PG14   5276.901868 -15582.042432  21169.765400      1.191886  6  7  5  94       
PG15  20127.755314   6578.311613 -16574.568266   -217.695803  3  5  2   7       
PG16  -3530.646791 -20254.250489 -16778.911842   -182.482050  5  6  5  71       
PG17 -14517.744360  14017.273202  17667.968671    295.587665  4  4  3  93       
PG18  15697.459396  -4063.707476 -21055.239222    245.687794  8  6  5  64       
PG19  -7015.945630  14620.925648  20725.379493   -132.319061  5  6  4  80       
PG20  14832.974513 -15100.667556 -15981.962187    527.292146  5  7  8  65       
PG21   1204.192592 -17774.343611 -19063.990507     23.421812  7  7  6  82       
PG22 -12451.837059 -12419.709315  20149.189032   -772.172660  4  5  5  83       
PG23  15241.842011 -16768.802213 -13881.837369 999999.999999
PG24  21709.661421  13376.959123   7876.826294    -15.648401  4  6  5  79       
PG25  16410.763501  -6559.709030  19508.697987     23.085472  2  2  5  75       
PG26   4064.030200 -25720.917947  -4612.484041    242.966605  7 10  4  89       
PG27  -7976.454238 -13310.122915 -21743.717168   -345.329727  7  6  4  80       
PG28 -12465.652933  23253.188873  -3093.106690    699.752796  2  5  4  87       
PG29  26389.953616  -3116.646831    665.188461   -149.850464     6  5  67       
PG30  -8251.192955  14041.365754 -20899.718570   -261.608566  1  5  5  86       
PG31  -1230.502403 -20089.427817  17048.900348    -55.470395  5  6  3  92       
PG32  12981.456610 -15322.485729  17394.044204    316.635067  5  3  4  96       
*  2020  7 14  5 15  0.00000000
PG01 -21346.245984 -13897.053286   7882.007021     25.183409  4  5  5  52       
PG02  10882.997937  21040.875561  12695.961601   -486.952700  6  6  6  87       
PG03 -13748.770050  -6609.675634  21681.450155   -239.114048  5  6  5  38       
PG04 -24375.323161  -1662.164396  10471.183124 999999.999999
PG05   3438.527901  23415.088163 -11998.604735    -16.624346  6  7  7  90       
PG06  -1036.213843  17652.970096  19852.606731   -302.766050  4  6  4  93       
PG07 -17735.443387   1830.489413 -19518.698175   -326.787282  4  6  3  88       
PG08 -16830.613687  -8509.382850 -18795.067483    -40.895235  4  5  4  78       
PG09 -25391.860510   7810.641135   -496.055978   -253.265234  2  5  2  75       
PG10  11622.092322 -22224.690405  -8275.129077   -399.053420  6  7  7  71       
PG11 -22249.009548 -12663.666515  -6887.649684   -221.725439  7  7  5  72       
PG12  12834.614675   7717.860461  21712.057771     93.978825  5  6  5  79       
PG13   8279.445443  13674.467327 -21345.588402     26.564902  2  6  3  69       
PG14   7563.600277 -15853.527329  20221.731389      1.194045  5  7  5  98       
PG15  18368.788245   7392.851481 -18191.468999   -217.693331  3  5  2  61       
PG16  -2724.565560 -21850.137350 -14740.754716   -182.486607  4  6  4  65       
PG17 -16346.304151  14229.176811  15747.243541    295.592914  4  4  3  73       
PG18  17216.973379  -2267.483675 -20118.906487    245.696315  7  6  6  60       
PG19  -9370.628595  14853.229786  19611.714666   -132.314540  5  6  4  90       
PG20  14749.828787 -13160.942492 -17710.511198    527.291978  5  7  8  59       
PG21   3031.624534 -16237.971613 -20132.857415     23.425464  7  7  6  53       
PG22 -11890.960841 -14558.164840  19026.309917   -772.170210  4  5  5  75       
PG23  14976.857437 -15076.446979 -15959.860438 999999.999999
PG24  22077.780729  14108.897477   5226.636365    -15.649214  4  6  4  68       
PG25  15846.174221  -4278.920577  20589.531578     23.089230  1  2  3  79       
PG26   4456.112188 -25998.641952  -1804.516770    242.972858  6  9  3  90       
PG27  -5579.458646 -13902.289855 -22090.542004   -345.338330  7  7  4  69       
PG28 -12436.991770  22641.773202  -5911.495365    699.749391  3  5  3  86       
PG29  26178.091627  -2897.051592   3553.547635   -149.858277     6  5  75       
PG30  -9911.686603  12258.367399 -21314.765847   -261.615496     5  5  77       
PG31    282.524336 -18669.167939  18666.788663    -55.472698  5  6  3  90       
PG32  14845.303035 -15600.435289  15535.128958    316.640718  5  2  4  89       
*  2020  7 14  5 30  0.00000000
PG01 -21788.351734 -14542.538081   5135.121035     25.187142  4  5  5  78       
PG02   9611.416839  20255.311787  14914.772449   -486.957812  6  6  6  77       
PG03 -13168.523936  -9004.996342  21184.139652   -239.124516  5  6  5  64       
PG04 -23147.558129  -2225.126314  12875.897169   -114.491863 11  7  7  58       
PG05   2962.857882  24565.905053  -9524.482135    -16.625196  6  7  7 103       
PG06  -2794.358678  16136.234261  20949.900942   -302.770608  4  6  4  72       
PG07 -19259.211793    232.452152 -18177.544404   -326.794893  4  6  3  97       
PG08 -14753.324715  -9291.719259 -20100.410295    -40.897215  4  5  4  92       
PG09 -25373.402374   7512.114028   2339.615503   -253.271044  2  5  2  70       
PG10  11608.480280 -21087.824463 -10862.168963   -399.062996  6  7  8  63       
PG11 -21288.171853 -12782.204094  -9445.690613   -221.716022  7  7  4  83       
PG12  12082.470865  10100.011095  21178.498084     93.974710  5  7  6  59       
PG13   5880.568469  14132.575328 -21831.159954     26.567879  2  6  3  82       
PG14   9713.922971 -16218.520495  18934.424470      1.196573  5  7  5  86       
PG15  16500.557761   8354.811831 -19506.622842   -217.691176  3  5  3  50       
PG16  -2080.255464 -23256.188223 -12447.159784   -182.490835  4  5  3  66       
PG17 -17939.693264  14488.249291  13562.408802    295.597729  3  4  3  86       
PG18  18739.388719   -641.948691 -18837.035071    245.704783  7  6  6  64       
PG19 -11562.750272  15185.485349  18151.509623   -132.310038  4  6  4  86       
PG20  14742.043721 -11044.599994 -19133.645484    527.291912  5  6  8  37       
PG21   5017.040519 -14725.342526 -20834.260631     23.429524  7  7  6  55       
PG22 -11453.975755 -16579.186007  17582.777671   -772.168094  4  5  5  78       
PG23  14756.064876 -13157.739581 -17763.743154 999999.999999
PG24  22249.242942  14627.207512   2488.037820    -15.649236  3  6  4  71       
PG25  15377.623919  -1872.974036  21306.792831     23.092994     2  1  76       
PG26   4772.448249 -25980.588268   1034.929921    242.979062  6  9  3  56       
PG27  -3198.668312 -14632.261214 -22062.802632   -345.346921  7  7  4  93       
PG28 -12346.332794  21727.137834  -8627.391344    699.746156  2  5  3  88       
PG29  25663.023542  -2592.312519   6380.852137   -149.865767  2  6  5  82       
PG30 -11673.206640  10540.637409 -21361.012601   -261.622428     5  5  86       
PG31   1980.896134 -17212.823071  19957.680910    -55.475099  4  5  3  92       
PG32  16478.652887 -15906.352845  13408.678601    316.646321  5  2  4  89       
*  2020  7 14  5 45  0.00000000
PG01 -22024.147061 -14959.196914   2301.145814     25.190934  4  5  5  85       
PG02   8114.626606  19403.895718  16887.282876   -486.963000  5  6  6  88       
PG03 -12728.579643 -11350.261849  20320.627606   -239.134973  5  6  5  80       
PG04 -21705.103185  -2934.905282  15059.534255 999999.999999
PG05   2582.571599  25453.113855  -6885.589926    -16.625737  6  7  6  96       
PG06  -4713.684732  14653.583355  21687.965196   -302.775168  4  5  3  80       
PG07 -20728.499030  -1171.955820 -16520.858913   -326.802791  4  6  4  92       
PG08 -12600.005467 -10232.862363 -21061.756579    -40.898429  4  6  3  92       
PG09 -25074.090258   7095.642008   5135.036053   -253.276924  2  5  2  86       
PG10  11609.154907 -19671.194497 -13259.048393   -399.072586  6  6  8  66       
PG11 -20066.477944 -12879.104105 -11841.328362   -221.706280  7  8  4 101       
PG12  11480.323299  12437.295155  20273.520810     93.970188  5  7  6  90       
PG13   3475.996443  14726.506543 -21945.403105     26.570735  2  6  3  76       
PG14  11689.872382 -16651.147299  17328.409676      1.199491  4  7  5  98       
PG15  14565.182782   9463.830738 -20497.944704   -217.688790  4  5  2  55       
PG16  -1578.375087 -24432.293792  -9936.932569   -182.495288  4  4  3  42       
PG17 -19272.974103  14757.693512  11149.171798    295.603055  3  4  3  78       
PG18  20221.463967    794.397409 -17231.681157    245.713268  7  7  6  85       
PG19 -13551.981371  15589.634758  16371.052725   -132.305544  4  5  4  83       
PG20  14830.899777  -8790.782483 -20227.515345    527.291691  6  6  7  68       
PG21   7126.635270 -13274.872523 -21153.629182     23.433933  7  7  6  65       
PG22 -11128.195342 -18441.833009  15842.838413   -772.165692  5  6  6  72       
PG23  14609.983034 -11045.293055 -19262.573574 999999.999999
PG24  22196.307904  14953.717951   -292.535530    -15.649571  3  7  3  95       
PG25  15025.166356    611.961501  21648.325509     23.096755     3  2  69       
PG26   5048.217081 -25659.150733   3856.307087    242.985226  5  8  5  78       
PG27   -881.230062 -15484.878450 -21659.953227   -345.355495  7  8  4  82       
PG28 -12232.947909  20512.962316 -11192.670672    699.742802  2  4  3  65       
PG29  24864.602497  -2167.783643   9098.464127   -149.873452  2  6  6  51       
PG30 -13502.374928   8921.952442 -21038.311672   -261.629301     5  5  76       
PG31   3844.144001 -15763.632648  20900.055505    -55.477320  4  5  2  90       
PG32  17858.611959 -16204.031138  11050.940298    316.651859  5  2  4  93       
*  2020  7 14  6  0  0.00000000
PG01 -22023.391570 -15171.673190   -571.743419     25.194774  4  5  5  86       
PG02   6405.641910  18527.405804  18582.311121   -486.968174  5  6  6  87       
PG03 -12425.123932 -13596.985781  19106.208569   -239.145426  5  6  5  75       
PG04 -20086.921166  -3808.010692  16984.593020 999999.999999
PG05   2266.356366  26053.698242  -4127.317810    -16.626650  5  8  6 102       
PG06  -6762.540409  13243.327026  22054.330849   -302.779694  3  5  3  94       
PG07 -22100.062397  -2374.483401 -14578.956489   -326.810945  4  5  4  91       
PG08 -10418.367706 -11327.242951 -21661.937918    -40.900725  4  7  1  81       
PG09 -24515.023564   6531.002848   7842.066131   -253.282777  3  5  3  77       
PG10  11659.417763 -17997.813876 -15423.861715   -399.082211  7  5  8  73       
PG11 -18601.217703 -12987.657348 -14034.635704   -221.696910  7  8  4  83       
PG12  11027.372937  14679.516324  19013.727627     93.965695  5  7  6  81       
PG13   1113.478431  15446.123714 -21686.096201     26.574092  3  6  4  90       
PG14  13459.106735 -17119.906423  15429.660028      1.201909  4  7  5  95       
PG15  12604.975802  10712.061647 -21148.488552   -217.686319  4  5  3  38       
PG16  -1192.919110 -25344.220824  -7253.043216   -182.499312  4  4  3  62       
PG17 -20329.181038  14997.693814   8547.333155    295.608337  3  5  3  65       
PG18  21618.579204   2031.274072 -15330.438427    245.721790  7  7  7  73       
PG19 -15304.979319  16031.955970  14302.318611   -132.300928  3  5  3  60       
PG20  15031.021520  -6442.609295 -20974.024603    527.291796  6  6  7  82       
PG21   9319.953091 -11919.754467 -21083.752234     23.437831  7  7  6  50       
PG22 -10894.351829 -20109.131198  13835.657475   -772.163489  5  6  6  84       
PG23  14563.467496  -8777.833345 -20430.679192 999999.999999
PG24  21897.172257  15115.879219  -3068.205189    -15.648923  3  6  3  48       
PG25  14801.126762   3126.655390  21608.783796     23.100578     3  4  73       
PG26   5319.571056 -25035.524426   6610.355019    242.991349  5  7  6  87       
PG27   1328.799673 -16437.296183 -20887.762756   -345.364129  6  8  4  68       
PG28 -12135.369078  19012.307310 -13561.219417    699.739531  2  4  3  80       
PG29  23810.594225  -1593.502070  11659.573620   -149.881162  3  6  5  79       
PG30 -15361.016080   7430.005398 -20352.897988   -261.636209     6  5  76       
PG31   5844.373752 -14361.467897  21478.683272    -55.479525  4  4  2  84       
PG32  18970.415454 -16454.888798   8502.283504    316.657424  5  2  5  91       
*  2020  7 14  6 15  0.00000000
PG01 -21762.363706 -15210.686711  -3435.022336     25.198478  4  5  5  79       
PG02   4504.915781  17664.338473  19973.296380   -486.973380  4  6  6  72       
PG03 -12246.353774 -15699.084019  17562.217080   -239.155875  5  6  5  79       
PG04 -18335.906285  -4853.463437  18617.998512 999999.999999
PG05   1979.600107  26352.718448  -1297.342962    -16.627457  5  8  6  91       
PG06  -8902.962904  11938.225921  22042.879547   -302.784268  4  4  3  69       
PG07 -23331.670425  -3375.364313 -12386.736250   -326.818934  4  5  4  90       
PG08  -8255.346144 -12561.016195 -21889.899054    -40.902107  4  7     92       
PG09 -23724.306691   5793.135231  10414.032400   -253.288613  4  4  3  85       
PG10  11790.434979 -16098.539920 -17318.863355   -399.091834  7  4  8  56       
PG11 -16916.640041 -13138.257496 -15989.594246   -221.687377  8  8  3  96       
PG12  10714.407731  16778.630518  17421.944684     93.961271  5  8  6  74       
PG13  -1161.560126  16273.496684 -21057.306476     26.577161  3  6  4  96       
PG14  14996.015798 -17588.878700  13269.221345      1.204684  3  6  5  89       
PG15  10661.010590  12084.298528 -21446.729508   -217.684030  4  4  3  73       
PG16   -892.390375 -25964.961291  -4441.907095   -182.503775  4  3  4  75       
PG17 -21099.884944  15167.017594   5800.219966    295.613208  4  5  3  75       
PG18  22886.401684   3066.820793 -13165.966050    245.730267  6  7  7  75       
PG19 -16796.495040  16474.507852  11982.323804   -132.296270  3  5  3  51       
PG20  15349.765437  -4045.689552 -21361.091198    527.291885  6  6  7  76       
PG21  11551.358173 -10686.625530 -20625.038087     23.441762  7  7  5  50       
PG22 -10727.446666 -21549.322271  11594.869537   -772.161277  5  6  6  78       
PG23  14634.672854  -6398.889163 -21248.059727 999999.999999
PG24  21336.859383  15145.541752  -5792.389108    -15.650056  3  6  3  65       
PG25  14709.645287   5620.575909  21189.685189     23.104379  1  4  5  85       
PG26   5622.006948 -24119.710807   9249.001062    242.997502  4  6  7  88       
PG27   3391.962725 -17459.765641 -19758.293933   -345.372723  6  8  5  43       
PG28 -12089.689086  17247.371007 -15689.856585    699.736186  2  5  3  81       
PG29  22535.625897   -845.550602  14020.007788   -149.888760  3  6  5  68       
PG30 -17207.512518   6085.507044 -19317.234676   -261.643154  2  5  5  82       
PG31   7947.214653 -13041.365276  21684.817891    -55.481758  4  4  2  96       
PG32  19807.859737 -16619.579373   5806.519853    316.663009  5  2  5 100       
*  2020  7 14  6 30  0.00000000
PG01 -21224.816548 -15111.684151  -6240.590327     25.202320  4  5  5  87       
PG02   2439.721386  16849.521638  21038.589413   -486.978515  4  6  6  56       
PG03 -12173.053562 -17614.479569  15715.631150   -239.166210  6  7  5  73       
PG04 -16497.315475  -6072.263573  19931.667169   -114.508440 10  5 10           
PG05   1685.937867  26343.892621   1555.204594    -16.628027  5  8  5  86       
PG06 -11091.964836  10764.331607  21653.935529   -302.788854  4  3  3  56       
PG07 -24383.673892  -4183.015445  -9982.985046   -326.826690  4  5  5  89       
PG08  -6155.444119 -13912.438667 -21740.936946    -40.904292  4  7     82       
PG09 -22735.940634   4863.316411  12806.537607   -253.294426  4  4  3  61       
PG10  12027.865406 -14010.996376 -18911.151154   -399.101443  7  3  7  61       
PG11 -15043.091583 -13357.140131 -17674.591772   -221.677729  8  8  3  91       
PG12  10524.322696  18690.457335  15526.749993     93.956918  5  8  6  61       
PG13  -3307.559782  17183.529365 -20069.346681     26.580194  2  6  4  96       
PG14  16282.563424 -18019.128902  10882.788890      1.206854  3  6  5  85       
PG15   8771.735410  13558.373677 -21386.781294   -217.681566  4  5  3  85       
PG16   -641.213310 -26275.822121  -1552.573580   -182.508224  3  3  5  75       
PG17 -21585.454499  15224.705730   2954.041192    295.618605  4  5  3  38       
PG18  23982.553120   3907.470878 -10775.431171    245.738775  6  7  7  80       
PG19 -18010.149435  16876.748501   9452.390293   -132.291732  3  5  3  72       
PG20  15786.903287  -1646.554592 -21382.802354    527.292246  6  6  6  70       
PG21  13771.761139  -9594.529587 -19785.571587     23.446034  7  7  5  70       
PG22 -10597.824627 -22736.934967   9158.060391   -772.158788  6  6  6  86       
PG23  14834.285259  -3955.303352 -21700.723630 999999.999999
PG24  20507.862970  15077.590176  -8419.524354    -15.651235  3  6  1  65       
PG25  14746.568903   8043.692658  20399.324097     23.108179  2  5  6  73       
PG26   5988.766147 -22930.184239  11726.234835    243.003553  3  6  7  82       
PG27   5274.744749 -18516.701576 -18289.779190   -345.381341  6  8  4  72       
PG28 -12127.932874  15248.875811 -17539.242101    699.733354  2  5  3  82       
PG29  21079.880562     92.811829  16138.998404   -149.896095  4  6  5  95       
PG30 -18998.294731   4901.571816 -17949.753500   -261.650077  2  5  5  85       
PG31  10113.017569 -11832.280187  21516.260429    -55.484243  3  4  2  84       
PG32  20373.409445 -16659.649716   3010.152699    316.668587  5  2  5  95       
*  2020  7 14  6 45  0.00000000
PG01 -20402.660364 -14913.335904  -8941.519667     25.206138  5  6  4  66       
PG02    243.308153  16112.883154  21761.680798   -486.983569  4  6  6  83       
PG03 -12179.468789 -19306.553378  13598.580639   -239.176623  6  7  6  94       
PG04 -14617.120484  -7457.172109  20902.987655   -114.512617 10  4 10  51       
PG05   1348.880779  26029.852168   4380.617256    -16.629365  5  8  5 104       
PG06 -13283.017666   9740.095678  20894.251429   -302.793410  4  3  4  55       
PG07 -25220.463296  -4813.427443  -7409.643974   -326.834451  4  4  5  94       
PG08  -4159.169691 -15352.563831 -21216.834794    -40.904716  4  7  1  91       
PG09 -21588.497043   3730.097924  14978.234334   -253.300254  4  4  3  62       
PG10  12390.722687 -11778.236641 -20173.251894   -399.111137  7  2  7  56       
PG11 -13015.954790 -13665.312275 -19062.826064   -221.668277  8  8  3  97       
PG12  10432.960162  20376.232098  13361.899831     93.952739  4  8  6  74       
PG13  -5288.226152  18144.872835 -18738.632224     26.583022  3  6  4 101       
PG14  17308.861357 -18370.253043   8310.195658      1.209724  2  5  5  83       
PG15   6971.679117  15105.818221 -20968.544483   -217.679107  4  5  4  87       
PG16   -401.334011 -26267.204381   1364.162780   -182.512275  3  4  6 100       
PG17 -21794.996828  15131.790804     57.169150    295.623522  4  5  2  52       
PG18  24868.214833   4567.504110  -8199.875047    245.747348  6  7  7  80       
PG19 -18938.852325  17197.256528   6757.336954   -132.287168  3  5  3  58       
PG20  16334.609852    708.930522 -21039.465311    527.291890  5  6  6  93       
PG21  15930.519976  -8654.229015 -18580.962797     23.450038  6  7  5  67       
PG22 -10472.433550 -23653.636234   6566.185282   -772.156672  6  6  6 116       
PG23  15165.054762  -1495.622041 -21780.923175 999999.999999
PG24  19410.524054  14948.483662 -10905.763988    -15.651443  3  6  1  72       
PG25  14899.691979  10348.246509  19252.552229     23.112018  2  6  6  72       
PG26   6449.330505 -21493.233428  13998.942290    243.009534  3  5  8  97       
PG27   6950.705520 -19567.997460 -16506.390170   -345.390004  5  8  4  59       
PG28 -12276.573196  13055.097165 -19074.743239    699.730290  2  5  3  92       
PG29  19487.586885   1230.297280  17979.893703   -149.903790  4  7  6  84       
PG30 -20689.408522   3883.407802 -16274.497065   -261.656982  2  5  5  99       
PG31  12298.251119 -10756.105569  20977.303185    -55.486349  3  4  3  85       
PG32  20677.973535 -16539.181997    161.568922    316.674159  5  3  5  76       
*  2020  7 14  7  0  0.00000000
PG01 -19296.351246 -14655.935149 -11492.773317     25.209946  5  6  5  93       
PG02  -2046.137625  15478.409534  22131.371030   -486.988600  3  5  5  80       
PG03 -12234.439971 -20745.386520  11247.770731   -239.186934  6  7  6  91       
PG04 -12740.343445  -8992.816190  21515.209529   -114.516814 10  4 11  29       
PG05    933.461503  25422.057258   7129.508597    -16.629986  5  8  5  95       
PG06 -15427.676137   8875.780774  19776.888398   -302.798060  3  2  4  50       
PG07 -25811.761535  -5289.280574  -4711.054132   -326.842244  4  5  5  97       
PG08  -2301.623066 -16846.233340 -20325.885138    -40.905204  4  8  2  78       
PG09 -20323.625788   2389.961367  16891.548612   -253.306089  5  4  4  87       
PG10  12890.517292  -9447.202956 -21083.597754   -399.120818  7  2  7  60       
PG11 -10874.429461 -14077.705162 -20132.617970   -221.659010  8  7  3  77       
PG12  10410.231166  21803.938942  10965.669669     93.948304  5  8  6  67       
PG13  -7073.733375  19121.092425 -17087.438916     26.586085  3  6  4  95       
PG14  18073.447159 -18602.016499   5594.813956      1.212070  2  5  4  95       
PG15   5290.295615  16692.766969 -20197.780470   -217.676943  4  5  3  86       
PG16   -133.942022 -25939.032424   4256.710678   -182.516842  2  3  6  86       
PG17 -21745.971120  14852.978019  -2840.646357    295.629307  4  5  2  41       
PG18  25509.609287   5068.296271  -5483.513304    245.755794  6  7  7  60       
PG19 -19584.852725  17395.482337   3944.619606   -132.282640  3  5  3  79       
PG20  16977.752376   2977.117268 -20337.556179    527.291880  5  6  5  91       
PG21  17977.422428  -7867.901484 -17033.990043     23.454427  6  7  5  73       
PG22 -10316.224846 -24288.830902   3862.929562   -772.154319  6  6  7  87       
PG23  15621.645363    931.577632 -21487.284550 999999.999999
PG24  18053.130455  14794.754825 -13209.641684    -15.652448  3  6     87       
PG25  15149.330629  12490.415658  17770.435209     23.115844  3  7  7  64       
PG26   7028.075715 -19842.005002  16027.681223    243.015634  3  5  7  91       
PG27   8401.347580 -20570.543204 -14437.898908   -345.398632  5  8  4  72       
PG28 -12555.261639  10710.564086 -20267.231115    699.726966  3  5  4  93       
PG29  17805.362046   2567.048271  19510.801736   -149.911335  4  7  6  66       
PG30 -22238.098952   3028.318955 -14320.671546   -261.663872  2  5  5  92       
PG31  14457.038089  -9826.987841  20078.560471    -55.488699  3  4  3  69       
PG32  20740.357114 -16226.353228  -2689.812582    316.679717  4  2  5  78       
*  2020  7 14  7 15  0.00000000
PG01 -17914.975349 -14379.756943 -13851.884731     25.213786  6  7  5 102       
PG02  -4386.693283  14963.324203  22141.885809   -486.993804  3  4  5  55       
PG03 -12302.750788 -21908.747726   8703.831939   -239.197353  7  8  6  81       
PG04 -10909.439292 -10656.114603  21757.733223   -114.520905  9  1 11   8       
PG05    407.828345  24540.372674   9753.717069    -16.630412  4  8  5  71       
PG06 -17477.282816   8173.194885  18320.992792   -302.802679  3  2  4  44       
PG07 -26133.709041  -5638.827259  -1933.195786   -326.850108  4  5  5 110       
PG08   -611.291532 -18353.329380 -19082.797921    -40.905246  4  8  3  72       
PG09 -18984.453766    847.667038  18513.340122   -253.311890  5  4  4  67       
PG10  13530.712263  -7067.044883 -21626.885429   -399.130485  7  3  6  66       
PG11  -8660.204563 -14602.573536 -20867.638089   -221.649295  7  7  3  96       
PG12  10421.468326  22949.375765   8380.126329     93.943998  5  8  5  77       
PG13  -8641.686170  20072.046914 -15143.562750     26.588786  3  5  4  90       
PG14  18583.248913 -18676.022408   2782.874246      1.214667  3  4  4  88       
PG15   3750.988892  18281.080820 -19086.105725   -217.674512  4  6  4  91       
PG16    198.758642 -25300.808534   7073.668527   -182.520974  1  4  7  97       
PG17 -21463.481125  14358.221876  -5689.121752    295.634141  4  5     70       
PG18  25879.301141   5437.295029  -2672.981892    245.764251  5  7  7  45       
PG19 -19959.425258  17433.456975   1063.440712   -132.277851  4  5  2  81       
PG20  17694.467872   5118.029021 -19289.570836    527.291943  5  6  5  90       
PG21  19864.651969  -7229.235640 -15174.050817     23.458544  6  7  4  80       
PG22 -10093.644376 -24639.986131   1094.018384   -772.151883  6  6  7  76       
PG23  16190.808578   3279.358201 -20824.830982 999999.999999
PG24  16451.736702  14651.520122 -15292.698315    -15.653474  3  6  1  83       
PG25  15469.202016  14431.812473  15979.797649     23.119666  4  7  7  46       
PG26   7743.137247 -18015.288745  17777.382518    243.021707  2  4  7  91       
PG27   9616.685467 -21479.890250 -12119.230966   -345.407302  5  7  4  60       
PG28 -12975.839215   8264.478552 -21093.778579    699.723857  3  6  4 100       
PG29  16080.471617   4094.432385  20705.153352   -149.919229  4  7  6  79       
PG30 -23604.351013   2326.015567 -12122.119728   -261.670809  2  5  5  94       
PG31  16542.770789  -9050.959858  18836.695731    -55.490923  3  4  4  76       
PG32  20586.409167 -15694.848751  -5494.419715    316.685273  4  3  5  94       
*  2020  7 14  7 30  0.00000000
PG01 -16276.028318 -14123.435302 -15979.594011     25.217580  6  7  5  99       
PG02  -6734.023615  14577.508356  21792.938752   -486.998824  3  3  5  80       
PG03 -12346.636646 -22782.790501   6010.608953   -239.207766  7  8  6  81       
PG04  -9162.786563 -12417.008334  21626.296339 999999.999999
PG05   -255.278565  23412.318528  12207.195196    -16.631089  4  8  5  78       
PG06 -19384.688905   7625.758167  16551.473095   -302.807313  3  2  4  74       
PG07 -26169.707835  -5894.588949    877.067033   -326.857849  4  5  5  94       
PG08    890.899084 -19830.242241 -17508.491469    -40.906031  4  8  3  67       
PG09 -17613.937180   -883.719838  19815.486745   -253.317691  5  4  4  80       
PG10  14306.512851  -4687.365414 -21794.312849   -399.140065  6  4  5  79       
PG11  -6416.068436 -15241.155428 -21257.052424   -221.639934  7  7  3  84       
PG12  10428.952325  23796.913954   5650.348458     93.939525  5  8  5  78       
PG13  -9977.803057  20955.429470 -12939.884542     26.591935  3  5  4  98       
PG14  18853.230767 -18557.345950    -77.292075      1.217336  3  4  4  92       
PG15   2370.356248  19829.651892 -17650.900775   -217.672280  4  6  3  80       
PG16    631.805937 -24371.284730   9764.824965   -182.525198     4  7 105       
PG17 -20979.265515  13624.132371  -8438.328428    295.639281  4  5     58       
PG18  25957.267737   5706.762183    183.458727    245.772739  5  7  7  25       
PG19 -20082.212679  17277.389846  -1836.150998   -132.273331  4  4  2  75       
PG20  18457.004164   7096.669260 -17913.782788    527.291856  5  6  5  79       
PG21  21548.641256  -6723.916979 -13036.443280     23.463131  5  6  4  72       
PG22  -9770.159182 -24712.666256  -1693.516748   -772.149665  6  6  7  94       
PG23  16851.874008   5504.028058 -19804.898571 999999.999999
PG24  14629.711448  14551.053741 -17120.065217    -15.653185  3  5  2  63       
PG25  15827.567715  16140.754590  13912.670991     23.123516  5  7  7  58       
PG26   8605.534542 -16056.094533  19217.963582    243.027791  2  4  7  95       
PG27  10595.488435 -22252.001246  -9589.913336   -345.416008  5  7  4  75       
PG28 -13541.679660   5768.917144 -21538.232287    699.720747  2  6  4 100       
PG29  14359.073680   5795.181811  21542.174255   -149.926521  4  7  6  93       
PG30 -24752.329536   1759.217568  -9716.724868   -261.677746  2  5  4  98       
PG31  18509.743075  -8425.897723  17274.055618    -55.492977  3  4  4  81       
PG32  20247.898981 -14925.071291  -8203.416083    316.690803  5  3  5  76       
*  2020  7 14  7 45  0.00000000
PG01 -14404.899287 -13922.414730 -17840.435424     25.221288  7  7  5  98       
PG02  -9042.787515  14323.181155  21089.742477   -487.004018  3  4  5  89       
PG03 -12327.394202 -23362.435449   3214.401347   -239.218282  7  8  7  79       
PG04  -7533.344066 -14239.469176  21123.052852 999999.999999
PG05  -1077.231460  22072.024437  14446.864596    -16.632696  4  8  5  80       
PG06 -21105.926857   7218.899109  14498.582066   -302.811950  3  2  4  82       
PG07 -25911.000741  -6091.919156   3672.726558   -326.866016  5  5  5  72       
PG08   2192.236797 -21231.497673 -15629.766730    -40.907643  5  7  3  77       
PG09 -16253.231467  -2783.127989  20775.382523   -253.323512  5  4  4  93       
PG10  15204.996018  -2356.465117 -21583.691526   -399.149722  5  4  4  71       
PG11  -4184.505164 -15987.597443 -21295.592674   -221.630217  7  7  4  76       
PG12  10393.548784  24339.928858   2823.612359     93.934913  5  8  4  91       
PG13 -11076.293166  21728.413136 -10513.843902     26.595070  3  5  3  92       
PG14  18905.725683 -18216.068557  -2936.076215      1.219822  3  4  4  92       
PG15   1157.681207  21295.848996 -15915.128641   -217.669862  4  6  3  86       
PG16   1195.840776 -23177.761251  12282.147524   -182.529540  1  4  7 100       
PG17 -20330.418391  12635.148244 -11039.610471    295.644414  4  5     67       
PG18  25731.697666   5912.331282   3036.747860    245.781105  4  7  7  58       
PG19 -19980.257970  16899.093234  -4704.151982   -132.268856  4  3  1  82       
PG20  19232.791366   8884.136403 -16233.913811    527.291740  5  6  4  84       
PG21  22991.725073  -6330.473583 -10661.508771     23.467536  4  6  4  66       
PG22  -9313.763212 -24520.273628  -4452.105525   -772.147561  6  6  8  76       
PG23  17577.538359   7566.622648 -18444.946046 999999.999999
PG24  12617.028064  14521.474621 -18660.999036    -15.654756  2  5  3  82       
PG25  16188.590470  17593.264572  11605.659782     23.127335  5  7  6  82       
PG26   9618.588022 -14010.079111  20324.842869    243.033979  1  5  6  95       
PG27  11345.181860 -22845.016020  -6893.422770   -345.424736  5  6  3  85       
PG28 -14247.403699   3276.891969 -21591.634911    699.717712  2  6  4 103       
PG29  12684.515329   7643.874130  22007.257105   -149.934185  5  7  6  84       
PG30 -25651.665395   1304.524549  -7145.756386   -261.684658  2  5  4 100       
PG31  20314.738137  -7941.795913  15418.222276    -55.495287  3  4  4  85       
PG32  19761.165551 -13905.095097 -10769.582107    316.696347  5  3  5  80       
*  2020  7 14  8  0  0.00000000
PG01 -12334.078137 -13807.529700 -19403.271696     25.225083  7  7  5  81       
PG02 -11268.084942  14194.849446  20042.967563   -487.009190  4  4  4  78       
PG03 -12207.029116 -23651.425633    363.169504   -239.228712  7  8  7  83       
PG04  -6047.524610 -16082.748718  20256.543507 999999.999999
PG05  -2072.454689  20558.928651  16433.417545    -16.633438  4  7  5  79       
PG06 -22601.772039   6930.764554  12197.410470   -302.816575  3  2  4  62       
PG07 -25356.971717  -6267.486668   6407.348052   -326.873875  5  4  4  80       
PG08   3288.551316 -22511.481007 -13478.867756    -40.909492  5  7  2  74       
PG09 -14940.142581  -4822.093928  21376.339595   -253.329337  5  5  4  74       
PG10  16205.571732   -119.653652 -20999.435520   -399.159376  4  4  3  89       
PG11  -2006.323327 -16829.142242 -20983.556700   -221.620966  7  7  4  80       
PG12  10276.389672  24580.890509    -51.440449     93.930663  6  8  3  85       
PG13 -11939.910195  22349.338712  -7906.828735     26.597823  3  5  3  87       
PG14  18769.474820 -17628.647264  -5743.468902      1.222456  4  4  4  80       
PG15    114.700108  22637.054334 -13907.058197   -217.667423  3  6  3  88       
PG16   1915.646038 -21755.038878  14580.733069   -182.533626  1  4  7 105       
PG17 -19557.885150  11384.421611 -13446.512229    295.649704  4  5     85       
PG18  25199.486381   6091.436712   5837.863437    245.789573  5  7  6  40       
PG19 -19686.770916  16277.180506  -7491.469352   -132.264298  4  4  1  83       
PG20  19985.702640  10458.506562 -14278.723826    527.292028  5  5  4  66       
PG21  24163.518418  -6021.432480  -8093.670890     23.471147  4  6  4  61       
PG22  -8696.404644 -24083.501681  -7134.430076   -772.145236  6  6  8  82       
PG23  18334.922938   9434.204901 -16768.261361 999999.999999
PG24  10449.322213  14585.592557 -19889.363178    -15.655109  2  4  4  81       
PG25  16513.846508  18773.764732   9099.242777     23.131149  5  8  6  85       
PG26  10777.650985 -11923.886350  21079.347050    243.040119  1  4  5  92       
PG27  11881.406089 -23220.962721  -4076.443325   -345.433468  6  5  3  79       
PG28 -15078.984576    840.357674 -21252.478383    699.714518  2  6  5  96       
PG29  11095.747802   9607.737262  22092.226384   -149.941784  5  7  6  84       
PG30 -26278.541403    933.516974  -4453.168672   -261.691549  2  5  4  74       
PG31  21918.514685  -7581.343709  13301.495323    -55.497631  4  4  4  91       
PG32  19165.594012 -12631.324800 -13148.170168    316.701893  5  3  4  87       
*  2020  7 14  8 15  0.00000000
PG01 -10102.113328 -13803.761128 -20641.770731     25.228879  7  7  4  99       
PG02 -13366.900343  14179.530465  18668.647565   -487.014187  3  5  4  75       
PG03 -11949.878466 -23662.055226  -2494.280734   -239.239136  7  8  8  84       
PG04  -4724.328774 -17902.820702  19041.557397 999999.999999
PG05  -3247.645549  18916.274883  18132.046972    -16.633723  4  7  4  78       
PG06 -23839.134686   6733.216333   9687.300006   -302.821222  3  3  3  94       
PG07 -24515.162730  -6457.733378   9035.757179   -326.881615  5  5  4  86       
PG08   4184.201877 -23626.189877 -11092.934203    -40.911415  5  7  2  99       
PG09 -13707.720179  -6965.668202  21607.886420   -253.335115  5  5  4  77       
PG10  17280.754512   1982.305984 -20052.430744   -399.169038  4  4  3  61       
PG11     80.639222 -17746.567248 -20326.744199   -221.611313  7  7  4  71       
PG12  10040.533538  24531.117352  -2925.638586     93.926102  6  8  4  76       
PG13 -12579.679168  22779.380237  -5163.488355     26.601149  3  5  3  51       
PG14  18478.406053 -16779.058560  -8449.974575      1.224950  4  3  4  80       
PG15   -764.342566  23812.236813 -11659.889163   -217.664925  4  6  3  89       
PG16   2808.929525 -20144.068901  16619.694272   -182.537934  1  4  7  96       
PG17 -18704.790736   9874.368326 -15615.693931    295.654778  3  4  2  71       
PG18  24366.409363   6281.675411   8538.661269    245.798041  5  6  5  68       
PG19 -19239.683005  15397.995517 -10150.745478   -132.259649  4  4  1  77       
PG20  20677.456789  11805.454145 -12081.527013    527.291879  6  5  4  63       
PG21  25041.963156  -5764.722479  -5380.409267     23.475204  3  6  4  57       
PG22  -7895.279131 -23429.517338  -9694.228303   -772.142951  6  6  8  64       
PG23  19086.859413  11080.935818 -14803.569564 999999.999999
PG24   8166.747712  14759.954382 -20784.050727    -15.655007  2  3  5  94       
PG25  16763.931161  19675.446768   6437.025312     23.135046  6  8  6  47       
PG26  12070.165284  -9843.467297  21469.005177    243.046219  2  5  3  93       
PG27  12227.245837 -23347.343205  -1188.045120   -345.442201  5  5  3  85       
PG28 -16014.245234  -1491.743650 -20526.775478    699.711200  2  6  5  92       
PG29   9625.922084  11647.748634  21795.490621   -149.949353  5  7  6  77       
PG30 -26616.539140    614.045074  -1684.864398   -261.698484  3  5  3  76       
PG31  23287.139543  -7320.775635  10960.314796    -55.499752  5  4  5  66       
PG32  18501.980621 -11108.830666 -15297.715988    316.707489  5  4  4  70       
*  2020  7 14  8 30  0.00000000
PG01  -7752.355442 -13929.213268 -21534.820374     25.232757  7  6  4  76       
PG02 -15299.498026  14257.244006  16988.026938   -487.019310  4  5  4  52       
PG03 -11524.145722 -23414.583939  -5309.121264   -239.249607  8  8  8  92       
PG04  -3574.771811 -19653.962153  17498.886452 999999.999999
PG05  -4601.309703  17189.468395  19513.088488    -16.634796  5  6  3  62       
PG06 -24792.229514   6593.076442   7011.184307   -302.825868  3  3  3  71       
PG07 -23401.011651  -6697.360025  11514.693370   -326.889499  5  4  4  91       
PG08   4891.723393 -24534.945009  -8513.354515    -40.912131  5  6  2  87       
PG09 -12583.047808  -9173.579885  21465.956504   -253.340923  4  5  4  77       
PG10  18397.211645   3914.561608 -18759.790687   -399.178679  3  4  3  67       
PG11   2042.694371 -18714.856676 -19336.331772   -221.601632  7  6  4  72       
PG12   9652.541445  24210.208368  -5750.105066     93.921734  6  7  5  71       
PG13 -13014.304237  22984.122964  -2330.980170     26.603778  3  4  2  66       
PG14  18070.196579 -15659.663312 -11007.543800      1.227582  4  3  4  80       
PG15  -1492.345216  24783.503381  -9211.277310   -217.662631  4  6  3  81       
PG16   3885.405632 -18390.359023  18362.958282   -182.541991  2  4  7  83       
PG17 -17814.667105   8116.851356 -17507.811682    295.659499  3  4  3  57       
PG18  23246.965688   6519.165005  11092.700439    245.806510  6  6  5  65       
PG19 -18680.050810  14256.242594 -12637.129314   -132.255238  4  4  2  85       
PG20  21269.110614  12918.589676  -9679.641601    527.291593  6  4  4  74       
PG21  25614.006828  -5525.249417  -2571.206001     23.479222  3  6  4  47       
PG22  -6893.936769 -22590.900132 -12087.096271   -772.140542  6  5  8  54       
PG23  19793.354723  12488.874826 -12584.547991 999999.999999
PG24   5812.668670  15054.125123 -21329.343500    -15.654865  1  2  5  92       
PG25  16900.093826  20300.309087   3664.958907     23.138889  6  8  5  87       
PG26  13476.036433  -7812.446123  21487.726847    243.052470  2  4  3  65       
PG27  12412.157565 -23198.525078   1721.200603   -345.450933  5  5  3  86       
PG28 -17023.726960  -3675.308337 -19427.944492    699.708061  2  5  5  94       
PG29   8301.219781  13719.986955  21122.078635   -149.956863  6  7  6  63       
PG30 -26657.217023    311.655591   1112.066331   -261.705407  3  5  3  67       
PG31  24393.121452  -7130.959823   8434.635929    -55.502090  5  4  5  63       
PG32  17810.852659  -9351.345275 -17180.789330    316.713042  5  4  4  69       
*  2020  7 14  8 45  0.00000000
PG01  -5331.528481 -14194.347531 -22066.876709     25.236613  7  6  4  74       
PG02 -17030.725031  14401.763285  15027.347669   -487.024460  4  6  4  71       
PG03 -10903.290009 -22936.361303  -8033.319618   -239.260029  8  8  9  74       
PG04  -2601.625637 -21290.413094  15654.976370 999999.999999
PG05  -6123.631196  15424.359027  20552.560410    -16.635088  5  5  3  53       
PG06 -25443.478509   6473.573206   4214.868106   -302.830528  3  2  2  41       
PG07 -22037.323993  -7017.890678  13803.425661   -326.897297  5  4  3  88       
PG08   5431.143531 -25201.989267  -5785.031295    -40.913193  5  6  2  83       
PG09 -11586.277412 -11401.614836  20952.963841   -253.346732  4  5  5  86       
PG10  19517.044010   5649.294304 -17144.506621   -399.188197  3  4  3  60       
PG11   3851.330478 -19704.082851 -18028.690677   -221.592161  7  6  4  52       
PG12   9083.910392  23645.180365  -8477.057930     93.917375  6  7  5  83       
PG13 -13269.278372  22934.991058    541.838183     26.606830  3  4  2  82       
PG14  17584.675692 -14271.749569 -13370.502452      1.230158  5  2  4  54       
PG15  -2088.712786  25517.567783  -6602.760896   -217.660223  4  6  3  78       
PG16   5146.216431 -16542.205099  19779.956803   -182.546346  2  5  7  93       
PG17 -16929.653932   6132.979916 -19088.337132    295.664797  3  4  3  74       
PG18  21863.897454   6836.962403  13456.040701    245.814996  7  6  6  85       
PG19 -18050.371597  12855.298726 -14908.984480   -132.250940  4  4  3  61       
PG20  21722.586121  13799.504232  -7113.781175    527.291362  6  3  4  53       
PG21  25875.897979  -5266.564999    283.499842     23.483224  3  6  4  74       
PG22  -5683.156548 -21604.375567 -14271.275588   -772.138266  6  5  8  79       
PG23  20413.179076  13648.479611 -10149.256384 999999.999999
PG24   3432.231674  15470.231781 -21515.201632    -15.654000  2  1  6  92       
PG25  16885.839201  20658.867485    830.543199     23.142731  7  7  4  71       
PG26  14968.310984  -5870.595182  21135.864014    243.058609  3  4  3  82       
PG27  12470.636001 -22756.879517   4600.152161   -345.459612  5  5  3  79       
PG28 -18071.889660  -5672.682508 -17976.509750    699.705167  3  4  6  80       
PG29   7139.964971  15777.184790  20083.558542   -149.964438  6  7  6  56       
PG30 -26400.399841     -8.897861   3890.119776   -261.712358  3  6  2  78       
PG31  25216.308890  -6978.680993   5767.266000    -55.504085  6  4  4  73       
PG32  17130.811605  -7380.920719 -18764.668452    316.718613  5  4  4  71       
*  2020  7 14  9  0  0.00000000
PG01  -2888.176787 -14601.501866 -22228.241095     25.240349  7  5  4  82       
PG02 -18531.178041  14581.606123  12817.569687   -487.029698  4  6  4  68       
PG03 -10067.217335 -22260.695610 -10620.438958   -239.270362  7  7  8  99       
PG04  -1799.485712 -22768.051378  13541.479262 999999.999999
PG05  -7796.682654  13665.521707  21232.590495    -16.636246  5  5  2  51       
PG06 -25784.112200   6335.933114   1346.255722   -302.835070  4  2  3  52       
PG07 -20453.498976  -7446.363179  15864.328319   -326.905148  4  4  3  80       
PG08   5828.997383 -25597.908897  -2955.572946    -40.915311  5  6  2  82       
PG09 -10729.945862 -13603.154736  20077.763446   -253.352529  4  4  4  70       
PG10  20599.247216   7166.559478 -15235.002018   -399.197890  4  4  3  62       
PG11   5484.055492 -20680.467263 -16425.149503   -221.582808  6  6  4  79       
PG12   8312.312666  22869.347187 -11060.576326     93.912911  6  6  5  85       
PG13 -13375.727899  22610.467131   3405.257650     26.609969  3  4  2  63       
PG14  17062.132821 -12625.722993 -15496.454470      1.232755  5  2  4  80       
PG15  -2578.451106  25987.076444  -3879.092332   -217.657965  4  6  3  83       
PG16   6583.716741 -14648.826303  20846.190705   -182.550430  3  5  7  73       
PG17 -16088.750303   3952.524311 -20328.292274    295.669943  3  4  4  66       
PG18  20247.402976   7263.604625  15587.998253    245.823494  8  7  6  83       
PG19 -17392.875965  11207.201964 -16928.526512   -132.246041  4  4  4  70       
PG20  22002.176617  14457.520194  -4427.395717    527.291355  7  3  4  82       
PG21  25833.102275  -4952.550736   3133.318726     23.487335  3  6  5  77       
PG22  -4261.549813 -20509.389083 -16208.410830   -772.136058  6  4  7  41       
PG23  20905.516004  14558.786535  -7539.490966 999999.999999
PG24   1070.866422  16002.789228 -21337.477816    -15.653701  3     6  93       
PG25  16688.434907  20769.556775  -2017.975947     23.146551  7  7  4  92       
PG26  16514.127301  -4052.476997  20420.158447    243.064800  4  4  4  76       
PG27  12440.673222 -22013.613799   7398.053542   -345.468354  4  4  3  88       
PG28 -19118.586543  -7453.984885 -16199.628589    699.701810  3  3  6  84       
PG29   6152.051668  17770.422059  18697.840537   -149.972205  6  7  5  77       
PG30 -25854.170430   -382.117644   6602.154343   -261.719319  3  6  2  84       
PG31  25744.523500  -6828.069194   3003.172765    -55.506398  6  3  4  73       
PG32  16496.966868  -5227.259529 -20021.924651    316.724211  5  4  4  73       
*  2020  7 14  9 15  0.00000000
PG01   -471.040029 -15144.715473 -22015.260891     25.244141  7  5  4  84       
PG02 -19778.192821  14761.240339  10394.019744   -487.035045  4  6  4  58       
PG03  -9003.228922 -21425.511117 -13026.407999   -239.280754  6  7  8  85       
PG04  -1155.160142 -24046.018274  11194.715067   -114.554096  8 10  8  63       
PG05  -9594.966684  11954.604750  21541.721225    -16.636491  6  4  3  38       
PG06 -25814.445962   6141.057217  -1545.458944   -302.839678  5  2  3  74       
PG07 -18684.537242  -8004.188122  17663.413941   -326.912860  4  4  3  74       
PG08   6117.079416 -25700.817811    -74.428033    -40.916775  5  6  2  59       
PG09 -10018.600029 -15730.817432  18855.497479   -253.358299  4  4  4  79       
PG10  21601.294691   8454.818504 -13064.602018   -399.207546  4  4  3  62       
PG11   6925.030394 -21607.587109 -14551.703055   -221.573216  6  5  4  79       
PG12   7322.597872  21920.985820 -13457.322708     93.908714  6  5  5 102       
PG13 -13369.036008  21997.053112   6209.592333     26.612881  3  3  3  82       
PG14  16541.602136 -10740.929727 -17347.134227      1.235261  5  3  4  71       
PG15  -2991.021925  26171.734137  -1087.482526   -217.655515  5  6  3  80       
PG16   8181.630498 -12758.485038  21543.656982   -182.554539  3  5  7  79       
PG17 -15326.195030   1612.964529 -21204.876230    295.674693  3  4  5  89       
PG18  18434.073445   7821.829042  17451.846843    245.831970  9  7  7  64       
PG19 -16747.860928   9332.321813 -18662.383821   -132.241828  3  4  4  93       
PG20  22075.976538  14909.158255  -1665.970975    527.291120  7  4  4  69       
PG21  25499.861236  -4549.043134   5928.852947     23.491305  4  6  5  67       
PG22  -2635.864184 -19346.574542 -17864.261548   -772.133663  6  3  7  49       
PG23  21231.610811  15227.264905  -4800.072925 999999.999999
PG24  -1227.233391  16638.818616 -20798.050210    -15.653822  3  1  6 108       
PG25  16280.270855  20657.851640  -4832.399678     23.150314  7  7  4  86       
PG26  18075.900543  -2386.303437  19353.578950    243.070970  5  5  5  71       
PG27  12362.073859 -20969.259989  10065.493982   -345.476980  4  4  3  69       
PG28 -20120.742262  -8998.082750 -14130.462668    699.698642  4  2  5  67       
PG29   5338.709077  19650.894793  16988.866596   -149.979825  6  7  5  58       
PG30 -25034.564817   -840.255517   9202.157677   -261.726310  3  6  1  70       
PG31  25973.910100  -6642.121644    188.773297    -55.508972  7  3  4  61       
PG32  15939.523448  -2926.746024 -20930.905433    316.729779  5  5  4  77       
*  2020  7 14  9 30  0.00000000
PG01   1872.587989 -15809.868903 -21430.448609     25.247891  7  4  5  55       
PG02 -20756.617891  14902.469249   7795.963719   -487.040089  4  6  3  67       
PG03  -7706.691214 -20471.844933 -15210.249522   -239.291173  6  6  8  47       
PG04   -648.365803 -25088.232017   8655.050478 999999.999999
PG05 -11486.265390  10328.812742  21475.088736    -16.636818  7  3  3  86       
PG06 -25543.820012   5851.217427  -4410.627857   -302.844319  5  2  2  69       
PG07 -16769.863600  -8706.213587  19170.821804   -326.920582  4  4  3  85       
PG08   6330.983938 -25497.255332   2808.019406    -40.918118  6  6  3  66       
PG09  -9448.744676 -17738.135010  17307.329657   -253.364116  5  4  5  75       
PG10  22480.780843   9511.145249 -10670.929716   -399.216988  5  5  3  63       
PG11   8165.472648 -22447.689033 -12438.667908   -221.563355  6  5  4  69       
PG12   6107.523662  20841.840727 -15627.213221     93.904356  6  4  5  86       
PG13 -13287.298818  21089.931670   8906.063391     26.615956  3  3  3  83       
PG14  16059.197924  -8645.113105 -18889.184793      1.238045  5  3  3  68       
PG15  -3359.000147  26059.177847   1723.230925   -217.653017  5  6  3  59       
PG16   9915.568517 -10916.672248  21861.130754   -182.558804  4  5  7  83       
PG17 -14670.048985   -841.791424 -21701.963494    295.680336  4  5  5  85       
PG18  16465.593374   8527.523333  19015.452120    245.840493  9  7  7  84       
PG19 -16152.123444   7258.728459 -20082.078747   -132.237057  4  5  5  70       
PG20  21917.182458  15177.340522   1123.704829    527.291096  7  5  4  84       
PG21  24898.429905  -4025.334473   8622.555940     23.495675  4  6  5  85       
PG22   -820.970501 -18156.176371 -19209.353151   -772.131336  7  2  6  64       
PG23  21356.353559  15669.350796  -1978.083015 999999.999999
PG24  -3420.595196  17358.258964 -19904.868011    -15.654002  4  1  6  93       
PG25  15640.022581  20355.144118  -7565.349765     23.154084  6  6  4  91       
PG26  19612.694199   -893.053062  17955.054316    243.077137  6  5  5  87       
PG27  12274.697222 -19633.796036  12555.348091   -345.485643  4  4  3  75       
PG28 -21034.154248 -10293.181618 -11807.417415    699.695549  5  3  5  97       
PG29   4692.613470  21371.690308  14986.192495   -149.987650  6  7  4  93       
PG30 -23964.982631  -1411.892645  11645.994633   -261.733258  3  5  1  78       
PG31  25908.993805  -6384.262854  -2628.788606    -55.510873  7  2  3  70       
PG32  15482.580148   -521.217080 -21476.107353    316.735371  4  4  4  72       
*  2020  7 14  9 45  0.00000000
PG01   4098.459236 -16575.139350 -20482.514121     25.251647  7  4  5  68       
PG02 -21459.338706  14965.955352   5066.098134   -487.045313  4  5  3  73       
PG03  -6181.402474 -19442.240578 -17134.756958   -239.301690  6  6  7  69       
PG04   -252.704259 -25864.730632   5966.205702   -114.562496  8 10  6           
PG05 -13432.762193   8819.584411  21034.473810    -16.637305  7  3  4  65       
PG06 -24990.204545   5431.706975  -7199.996018   -302.848908  6  2  2  82       
PG07 -14752.003294  -9560.026619  20361.258982   -326.928499  3  4  3  69       
PG08   6508.494503 -24982.759835   5641.374078    -40.919199  6  6  3  68       
PG09  -9009.114617 -19581.204487  15460.072779   -253.369919  5  4  4  28       
PG10  23197.061260  10341.104338  -8095.241440   -399.226641  6  5  3  86       
PG11   9203.815568 -23163.068405 -10120.284464   -221.553986  6  5  4  65       
PG12   4668.191316  19675.522221 -17534.029738     93.899877  5  3  5  93       
PG13 -13169.675155  19893.298990  11447.674979     26.618759  3  3  4  58       
PG14  15646.574074  -6373.522624 -20094.839781      1.240501  6  3  3  86       
PG15  -3716.585158  25645.555870   4503.476740   -217.650725  5  5  3  92       
PG16  11753.881440  -9164.434122  21794.300105   -182.562824  5  5  7  71       
PG17 -14141.044469  -3362.966935 -21810.456913    295.685107  4  5  6  92       
PG18  14387.254293   9388.946685  20251.828209    245.849088  8  6  7  61       
PG19 -15637.549110   5021.287486 -21164.426613   -132.232449  4  5  6  90       
PG20  21505.217023  15290.358910   3894.297508    527.291259  8  5  4  72       
PG21  24058.040649  -3355.494004  11169.496223     23.499593  4  5  6  64       
PG22   1160.472096 -16976.487861 -20219.551340   -772.128841  7  1  5  67       
PG23  21249.734949  15907.678551    877.944932 999999.999999
PG24  -5471.864603  18134.662264 -18671.904067    -15.654945  4     6  96       
PG25  14753.578932  19897.422563 -10171.013095     23.157874  6  5  5  83       
PG26  21081.724120    414.123032  16249.109452    243.083303  7  5  6  46       
PG27  12216.701206 -18026.391704  14823.673720   -345.494295  5  4  3  64       
PG28 -21815.332718 -11337.009807  -9273.277768    699.692296  5  4  5 105       
PG29   4198.341679  22889.499572  12724.469616   -149.995071  6  6  4  75       
PG30 -22675.334610  -2120.659000  13892.126113   -261.740236  3  5     55       
PG31  25562.444466  -6019.887713  -5402.368855    -55.513188  7  2  3  70       
PG32  15143.185920   1943.478247 -21648.432264    316.740974  4  4  4  91       
*  2020  7 14 10  0  0.00000000
PG01   6166.872532 -17411.760093 -19186.304752     25.255332  7  4  5  60       
PG02 -21887.524777  14912.832771   2249.958233   -487.050552  4  5  2  71       
PG03  -4439.641998 -18379.098497 -18767.109264   -239.312174  6  5  7  73       
PG04     63.120731 -26352.791662   3174.500857   -114.566657  8 10  5  60       
PG05 -15392.389058   7451.516880  20228.226508    -16.638000  8  2  4  81       
PG06 -24179.484211   4852.380605  -9865.546167   -302.853492  6  1  2  58       
PG07 -12675.154650 -10565.515665  21214.391245   -326.936088  4  4  3  65       
PG08   6687.889313 -24162.094451   8376.153043    -40.919980  6  6  3  27       
PG09  -8681.259706 -21220.247032  13345.716218   -253.375740  5  3  4  60       
PG10  23712.828152  10958.310237  -5381.713444   -399.236253  7  6  3  94       
PG11  10045.616237 -23717.470001  -7634.265012   -221.543818  7  5  4  60       
PG12   3014.172819  18465.857179 -19145.968062     93.895477  5  2  4  98       
PG13 -13054.696250  18420.352844  13790.064515     26.621731  4  3  4  67       
PG14  15329.576348  -3967.710206 -20942.488971      1.243261  6  4  2  50       
PG15  -4098.026724  24935.780479   7203.885563   -217.648457  5  4  3  71       
PG16  13658.807265  -7536.907895  21345.756224   -182.567076  6  5  7  58       
PG17 -13751.754613  -5898.687295 -21528.483542    295.690274  5  5  6  75       
PG18  12246.338367  10406.253349  21139.606801    245.857627  8  6  6  53       
PG19 -15229.904042   2660.515361 -21891.851833   -132.227880  5  5  6  87       
PG20  20826.633573  15280.646425   6598.696749    527.290974  8  6  5  78       
PG21  23013.647528  -2519.466324  13528.019544     23.503804  4  5  6  59       
PG22   3278.664655 -15842.368785 -20876.545647   -772.126122  6     4  79       
PG23  20888.118135  15971.039722   3718.857897 999999.999999
PG24  -7349.061797  18936.152027 -17119.009511    -15.656611  4  1  5  92       
PG25  13614.703588  19323.802589 -12605.848927     23.161617  6  5  6  90       
PG26  22439.936780   1530.187942  14265.413391    243.089491  7  6  6  64       
PG27  12222.863127 -16174.788536  16830.545652   -345.502959  5  4  3  52       
PG28 -22423.295790 -12136.600123  -6574.270903    699.689271  5  4  4  96       
PG29   3833.147653  24166.199925  10242.835999   -150.002611  7  6  3  83       
PG30 -21200.958320  -2984.139977  15902.289016   -261.747206  3  5     44       
PG31  24954.558041  -5517.833304  -8085.546151    -55.515537  7  2  3  57       
PG32  14930.690918   4419.072507 -21445.323469    316.746553  4  4  4  77       
*  2020  7 14 10 15  0.00000000
PG01   8044.019963 -18285.062104 -17562.648565     25.259036  6  4  5  72       
PG02 -22050.579995  14706.352343   -604.757614   -487.055661  5  5  2  55       
PG03  -2501.899642 -17323.045360 -20079.415277   -239.322661  7  5  6  78       
PG04    333.891931 -26537.784982    328.055071   -114.570830  9 10  4           
PG05 -17320.343536   6241.576725  19071.069006    -16.638930  8  3  4  75       
PG06 -23144.448507   4089.023982 -12361.326562   -302.858130  7  2  3  72       
PG07 -10583.704237 -11714.710798  21715.180025   -326.944017  5  4  3  70       
PG08   6906.233102 -23049.115895  10964.688658    -40.920913  6  5  3  39       
PG09  -8440.418799 -22621.015253  11000.862185   -253.381658  5  3  5  83       
PG10  23995.562708  11383.687801  -2576.692330   -399.245837  7  6  4  84       
PG11  10703.211682 -24077.464154  -5021.287319   -221.534535  7  4  5  72       
PG12   1163.326622  17255.251089 -20436.117743     93.891302  5  1  4 104       
PG13 -12978.603823  16692.933910  15892.309672     26.624877  4  2  5  53       
PG14  15127.147734  -1474.063881 -21417.111410      1.245798  6  4  2  61       
PG15  -4536.031987  23943.436110   9776.246463   -217.646072  5  3  3  83       
PG16  15587.860955  -6062.123210  20524.845607   -182.571402  7  5  7  44       
PG17 -13506.120606  -8395.883891 -20861.426948    295.695265  5  6  6  93       
PG18  10090.433663  11571.338011  21663.410474    245.866197  7  5  6  67       
PG19 -14947.870080    221.238082 -22252.620941   -132.223384  6  6  6  98       
PG20  19875.766577  15183.396184   9190.788877    527.290782  8  6  5  64       
PG21  21804.509536  -1503.915999  15660.307962     23.507989  4  4  6  51       
PG22   5497.608928 -14783.903375 -21168.229007   -772.123881  6     4  81       
PG23  20255.276403  15893.109964   6495.730586 999999.999999
PG24  -9026.648000  19726.614684 -15271.666558    -15.656836  4  1  5  85       
PG25  12225.409553  18674.964312 -14829.252000     23.165388  5  4  6  88       
PG26  23645.601594   2458.191227  12038.248760    243.095680  8  6  6  79       
PG27  12323.049364 -14114.339489  18540.805095   -345.511607  5  4  3  60       
PG28 -22821.241332 -12707.690230  -3759.087108    699.686253  5  4  4  90       
PG29   3568.030659  25170.246366   7584.227921   -150.010428  7  5  2  84       
PG30 -19581.341366  -4013.011453  17642.127911   -261.754135  4  5     72       
PG31  24112.473569  -4851.727805 -10633.334745    -55.517283  7  2  2  38       
PG32  14846.416390   6856.563616 -20870.780969    316.752172  4  4  5  82       
*  2020  7 14 10 30  0.00000000
PG01   9703.126542 -19155.764959 -15638.097002     25.262766  6  4  4  85       
PG02 -21965.786014  14313.497782  -3448.944300   -487.061092  5  5  3  70       
PG03   -396.294948 -16311.383085 -21049.179624   -239.333151  7  5  6  67       
PG04    596.329117 -26413.725111  -2524.047612   -114.574967  8 10  5  42       
PG05 -19170.713877   5198.625744  17583.783802    -16.639335  8  4  4  89       
PG06 -21923.526139   3124.497972 -14644.247420   -302.862732  7  2  3  67       
PG07  -8520.733110 -12991.910559  21854.160896   -326.952075  5  4  4  69       
PG08   7197.726367 -21666.292628  13361.991546    -40.922584  6  5  3  45       
PG09  -8256.647400 -23755.994114   8466.081257   -253.387493  6  2  5  78       
PG10  24018.811396  11644.465411    272.078680   -399.255431  8  6  4  71       
PG11  11195.130611 -24213.751800  -2324.433725   -221.524928  7  4  4  77       
PG12   -858.690259  16083.119250 -21382.869627     93.887069  5     4  93       
PG13 -12973.784440  14740.832607  17717.675114     26.627696  4  2  5  59       
PG14  15050.535547   1057.858370 -21510.564027      1.248506  7  5  2  85       
PG15  -5060.223117  22690.340290  12174.460177   -217.643852  4  3  3  84       
PG16  17495.404807  -4760.112154  19347.394603   -182.575794  7  4  8  76       
PG17 -13399.357294 -10802.248186 -19821.795486    295.700383  6  5  6  92       
PG18   7965.745496  12868.010036  21814.123573    245.874744  6  5  6  64       
PG19 -14802.354689  -2248.899021 -22240.992901   -132.218838  6  6  6  82       
PG20  18655.101790  15035.078929  11626.221734    527.290645  8  6  6  37       
PG21  20472.671906   -302.799476  17532.838703     23.512318  5  4  6  73       
PG22   7776.305638 -13825.254930 -21088.962300   -772.121080  5     3  74       
PG23  19343.155517  15710.993429   9160.710622 999999.999999
PG24 -10486.358160  20467.083387 -13160.637153    -15.657599  5  1  5  83       
PG25  10596.035726  17991.552227 -16804.165620     23.169138  4  3  6  92       
PG26  24659.857457   3208.931447   9605.913037    243.101967  8  5  6  70       
PG27  12540.898864 -11886.749001  19924.707604   -345.520254  5  3  2  80       
PG28 -22978.026768 -13073.780671   -877.888807    699.683026  5  4  3  77       
PG29   3369.052088  25877.817272   4794.624809   -150.018026  7  4  2  84       
PG30 -17858.698382  -5210.436598  19081.769410   -261.761100  4  5     83       
PG31  23069.152894  -4001.168806 -13002.880006    -55.519778  7  3  3  72       
PG32  14883.654378   9207.922145 -19935.257651    316.757745  4  4  4  81       
*  2020  7 14 10 45  0.00000000
PG01  11125.336721 -19981.473816 -13444.564451     25.266467  6  4  4  75       
PG02 -21657.639705  13706.507815  -6232.920411   -487.066021  5  5  3  77       
PG03   1842.293493 -15376.675611 -21659.683231   -239.343613  8  5  5  64       
PG04    887.462478 -25983.501146  -5332.610676   -114.579133  8 10  6  54       
PG05 -20898.147106   4323.276002  15792.796714    -16.640390  8  5  4  57       
PG06 -20559.311468   1949.611884 -16674.831896   -302.867307  7  2  3  88       
PG07  -6526.563941 -14374.095881  21627.658089   -326.959850  6  4  3  65       
PG08   7592.179838 -20043.893406  15526.555658    -40.923348  6  4  2  48       
PG09  -8096.153690 -24605.349262   5785.199214   -253.393342  6  2  5  86       
PG10  23763.240400  11772.940960   3116.245967   -399.265046  8  6  5  68       
PG11  11545.275826 -24102.352152    411.423414   -221.515279  7  4  4  78       
PG12  -3019.196254  14984.442125 -21970.247740     93.882719  6     3  99       
PG13 -13067.364390  12600.787656  19234.283145     26.630610  4  2  5  87       
PG14  15102.834686   3577.122438 -21221.718679      1.251034  7  5  2  76       
PG15  -5695.714691  21205.770725  14355.463611   -217.641490  4  2  3  92       
PG16  19334.332659  -3642.356436  17835.319321   -182.579965  8  4  8  74       
PG17 -13418.239285 -13068.149486 -18428.931905    295.705160  6  5  6  98       
PG18   5915.468495  14272.490893  21589.055645    245.883314  6  5  6  70       
PG19 -14796.097560  -4701.018195 -21857.287351   -132.214215  7  6  7  98       
PG20  17175.349770  14871.913991  13863.150395    527.290480  8  5  6  59       
PG21  19061.403204   1082.343536  19116.748639     23.516746  5  3  6  61       
PG22  10070.164645 -12983.765736 -20639.715279   -772.118902  4  1  3  67       
PG23  18152.330144  15463.641507  11667.847125 999999.999999
PG24 -11717.763360  21117.264723 -10821.507217    -15.656849  5  2  5  83       
PG25   8745.024588  17312.594369 -18497.639640     23.172915  3  3  6  98       
PG26  25448.156141   3800.325031   7010.062270    243.108009  8  5  6  75       
PG27  12892.775573  -9538.567325  20958.455325   -345.528887  6  3  2  86       
PG28 -22869.400310 -13264.903302   2018.664925    699.679641  4  4  3  80       
PG29   3198.848058  26273.670141   1922.241608   -150.025550  7  3  2 109       
PG30 -16076.453434  -6571.748553  20196.330593   -261.767949  5  4     97       
PG31  21862.158004  -2952.688739 -15154.129771    -55.521909  6  3  3  48       
PG32  15027.994706  11427.755532 -18655.440627    316.763371  4  4  5  84       
*  2020  7 14 11  0  0.00000000
PG01  12300.309160 -20718.329771 -11018.864139     25.270196  6  4  3  87       
PG02 -21156.898293  12864.238051  -8907.321450   -487.071021  6  5  4  74       
PG03   4173.357244 -14545.526444 -21900.272448   -239.354079  8  5  4  82       
PG04   1242.993181 -25258.775014  -8049.180560 999999.999999
PG05 -22459.494353   3608.075223  13729.665835    -16.640759  8  5  4  91       
PG06 -19096.939502    563.689983 -18417.908028   -302.871921  7  2  3  90       
PG07  -4637.398961 -15831.622649  21037.928756   -326.967412  7  4  4  70       
PG08   8113.676199 -18218.880876  17421.089423    -40.924479  6  4  2  69       
PG09  -7922.789530 -25157.586598   3004.528464   -253.399240  6  1  5  74       
PG10  23217.430868  11805.068457   5907.632991   -399.274662  8  5  5  56       
PG11  11781.900473 -23725.628476   3140.287693   -221.505643  7  4  3  98       
PG12  -5279.518383  13988.495490 -22188.162460     93.878124  6     3  93       
PG13 -13280.022920  10315.215512  20415.694065     26.633759  3  2  5  57       
PG14  15278.885509   6033.261811 -20556.445732      1.253521  7  4  3  61       
PG15  -6461.875699  19525.388039  16280.099770   -217.639055  4  2  3  83       
PG16  21057.798698  -2711.585121  16016.135830   -182.584547  8  4  7  86       
PG17 -13541.751459 -15148.433196 -16708.575172    295.710542  6  5  6  86       
PG18   3978.281772  15754.216526  20991.994256    245.891886  6  5  6  89       
PG19 -14923.586139  -7086.638205 -21107.871469   -132.209852  7  6  7  94       
PG20  15455.216960  14728.351046  15862.952096    527.290631  8  5  6  72       
PG21  17613.642688   2642.377143  20388.112190     23.520453  5  2  5  98       
PG22  12332.571358 -12269.341167 -19828.078238   -772.116420  3  2  3  60       
PG23  16692.135545  15190.207760  13973.887989 999999.999999
PG24 -12718.535766  21637.151241  -8294.128844    -15.656668  5  2  4  67       
PG25   6698.409798  16673.996060 -19881.328806     23.176672  2  3  5  90       
PG26  25981.549649   4256.508040   4295.008293    243.114159  8  4  6  86       
PG27  13387.032435  -7119.503267  21624.603223   -345.537491  6  3  2  89       
PG28 -22478.941312 -13316.162873   4880.354873    699.676533  4  4  3  73       
PG29   3018.277295  26351.674540   -983.316304   -150.033265  7  2     91       
PG30 -14277.683268  -8084.433039  20966.353265   -261.774906  5  4  1  81       
PG31  20532.267687  -1700.471671 -17050.474206    -55.524211  6  3  4  64       
PG32  15257.963684  13474.865068 -17053.924147    316.768960  4  3  4  65       
*  2020  7 14 11 15  0.00000000
PG01  13226.490950 -21322.752869  -8402.142092     25.273927  6  4  2  54       
PG02 -20499.359232  11773.298278 -11424.039875   -487.076323  6  4  5  92       
PG03   6552.105034 -13837.593159 -21766.551847   -239.364544  8  5  4  53       
PG04   1695.706010 -24259.551761 -10626.889648   -114.587388  7  9  8           
PG05 -23815.369916   3038.010407  11430.489008    -16.642082  9  6  4  80       
PG06 -17582.372001  -1025.192636 -19843.228932   -302.876510  7  2  3  94       
PG07  -2884.097365 -17329.175363  20093.229960   -326.975579  7  4  3  67       
PG08   8779.472536 -16233.556766  19013.159341    -40.926062  6  4  1  69       
PG09  -7699.637029 -25409.898354    172.058301   -253.405141  6     5  75       
PG10  22378.387237  11778.918796   8599.018370   -399.284130  8  5  5  34       
PG11  11936.409326 -23073.110530   5815.751982   -221.496386  7  3  2  66       
PG12  -7596.249120  13117.800145 -22032.582092     93.873694  7     3 103       
PG13 -13625.072665   7930.721030  21241.384114     26.636923  2  2  4  41       
PG14  15565.527994   8378.091914 -19527.447379      1.256176  7  4  4  63       
PG15  -7371.333376  17689.898662  17913.908423   -217.636705  3  3  3  66       
PG16  22620.922431  -1961.921574  13922.386623   -182.588395  8  3  7  86       
PG17 -13742.070693 -17004.023263 -14692.290170    295.715198  6  4  6  98       
PG18   2187.024896  17276.914532  20033.145836    245.900420  6  5  6  74       
PG19 -15171.282366  -9359.289621 -20005.066133   -132.205511  7  6  7 103       
PG20  13520.879538  14635.620482  17590.898545    527.290523  7  4  6  72       
PG21  16170.507890   4360.824207  21328.141389     23.524940  5  2  4  86       
PG22  14516.546333 -11684.144904 -18668.142055   -772.113751  2  3  3  69       
PG23  14980.468341  14928.403530  16039.031634 999999.999999
PG24 -13494.399944  21988.657034  -5621.965697    -15.657691  6  2  4  72       
PG25   4489.031764  16107.160673 -20931.927294     23.180492  2  3  5 100       
PG26  26237.774861   4606.706745   1506.980503    243.120304  8  4  5  67       
PG27  14023.615286  -4680.626475  21912.332866   -345.546088  6  3  3  78       
PG28 -21798.682584 -13266.120599   7658.280111    699.673396  4  4  4  76       
PG29   2788.138624  26115.002279  -3871.919978   -150.040608  6  2  2  88       
PG30 -12503.578683  -9728.414271  21378.156373   -261.781827  5  3     89       
PG31  19121.980935   -246.793395 -18659.346489    -55.526435  5  3  4  78       
PG32  15545.946770  15313.636583 -15158.782367    316.774578  4  3  4  80       
*  2020  7 14 11 30  0.00000000
PG01  13911.054056 -21753.210958  -5639.213740     25.277671  6  4  2  74       
PG02 -19724.415603  10428.906275 -13737.191159   -487.081276  6  4  5  86       
PG03   8930.978654 -13264.876508 -21260.476830   -239.375075  7  5  4  85       
PG04   2273.996932 -23013.438484 -13021.271562   -114.591569  6  9  8  27       
PG05 -24931.565073   2591.305317   8935.243178    -16.642441  9  6  4  71       
PG06 -16060.661056  -2800.315970 -20926.009672   -302.881120  7  2  4  91       
PG07  -1291.138135 -18826.955034  18807.800999   -326.983351  7  4  3  77       
PG08   9599.186224 -14134.014792  20275.735006    -40.928075  7  4     73       
PG09  -7390.627754 -25368.183355  -2663.381151   -253.411012  6     4  77       
PG10  21251.741238  11733.072078  11144.894428   -399.293765  8  5  5  74       
PG11  12042.024025 -22142.077076   8391.752744   -221.486874  7  3  2  85       
PG12  -9922.684015  12387.328837 -21505.620170     93.869071  7  1  3 101       
PG13 -14107.844965   5496.448881  21697.111264     26.639786  2  3  4  68       
PG14  15942.197384  10567.418356 -18153.948693      1.258809  7  4  4  74       
PG15  -8429.265034  15743.515292  19227.815008   -217.634385  3  3  3  63       
PG16  23982.404950  -1379.364557  11590.999633   -182.593113  8  3  7  84       
PG17 -13985.830822 -18603.263302 -12416.784748    295.720326  6  4  5  96       
PG18    567.605470  18799.915229  18728.965139    245.908995  7  4  6  78       
PG19 -15518.152946 -11476.061188 -18566.971978   -132.200727  7  5  6  95       
PG20  11405.176289  14620.408498  19016.773668    527.290051  7  3  5  82       
PG21  14769.907101   6214.371403  21923.317006     23.529078  5  2  4  91       
PG22  16576.430293 -11222.618878 -17180.247787   -772.111497  3  3  4  59       
PG23  13043.263040  14712.918744  17827.619757 999999.999999
PG24 -14058.766757  22137.210287  -2851.350149    -15.656587  6  2  3  66       
PG25   2155.507969  15637.785519 -21631.535433     23.184275  3  4  4  97       
PG26  26202.096522   4883.920868  -1306.636707    243.126415  8  3  4  50       
PG27  14794.019729  -2272.534005  21817.591334   -345.554715  6  3  4  76       
PG28 -20829.402064 -13155.090623  10305.664138    699.670201  4  4  4  95       
PG29   2470.889892  25575.968412  -6693.789586   -150.047950  6  3  2  86       
PG30 -10791.981274 -11476.636545  21424.099533   -261.788788  6  3  1  84       
PG31  17673.959005   1397.834494 -19952.776138    -55.528322  5  3  5  80       
PG32  15859.356623  16915.213033 -13003.051833    316.780259  4  3  4  84       
*  2020  7 14 11 45  0.00000000
PG01  14369.489763 -21971.943844  -2777.810902     25.281398  6  4  1  66       
PG02 -18873.440940   8835.408402 -15804.080660   -487.086405  6  5  6  94       
PG03  11261.282226 -12831.311853 -20390.343386   -239.385538  7  5  4  77       
PG04   3000.573962 -21554.620704 -15191.034028   -114.595768  6  9  8  19       
PG05 -25780.264473   2240.476612   6287.069520    -16.643562  9  6  4  84       
PG06 -14574.257629  -4736.760636 -21647.370519   -302.885748  7  3  4 108       
PG07    124.190129 -20282.065302  17201.753670   -326.991039  7  4  3  54       
PG08  10574.294716 -11968.464377  21187.627333    -40.928690  7  4     66       
PG09  -6962.130613 -25046.741945  -5452.966088   -253.416873  6  1  5  86       
PG10  19851.644915  11705.000854  13502.196627   -399.303383  8  5  5  38       
PG11  12132.358311 -20937.868320  10823.356347   -221.477077  7  3  3  74       
PG12 -12210.390798  11803.999730 -20615.535965     93.864672  7  2  4  99       
PG13 -14725.404998   3062.341680  21775.161823     26.643021  3  4  4  80       
PG14  16381.831130  12562.568684 -16461.258625      1.261611  7  4  5  64       
PG15  -9633.010529  13732.282319  20198.698727   -217.632245  3  4  3  59       
PG16  25105.997541   -942.576142   9062.595759   -182.597311  9  2  6  82       
PG17 -14235.611004 -19922.944711  -9923.136290    295.725630  6  4  5  78       
PG18   -861.819802  20279.646435  17101.875835    245.917531  7  4  6  78       
PG19 -15936.485698 -13399.024048 -16817.215929   -132.196045  7  5  6  74       
PG20   9146.547617  14703.709313  20115.425002    527.290229  7  3  5  69       
PG21  13445.295734   8173.600815  22165.459043     23.533290  5  2  3  76       
PG22  18469.525275 -10871.827471 -15390.610545   -772.108973  4  4  4  75       
PG23  10913.663664  14573.970007  19308.758687 999999.999999
PG24 -14432.059338  22053.236185    -30.664094    -15.657065  6  3  3  76       
PG25   -259.007276  15284.875351 -21967.954625     23.188132  2  4  3  93       
PG26  25867.878565   5123.469662  -4098.079894    243.132516  8  3  3  55       
PG27  15681.598653     56.444141  21343.096588   -345.563318  7  3  4  88       
PG28 -19580.585327 -13023.419193  12778.579057    699.667095  4  4  4  85       
PG29   2032.300377  24755.530421  -9400.357091   -150.055934  6  4  2  85       
PG30  -9176.050719 -13295.922868  21102.751413   -261.795708  6  3  1  61       
PG31  16229.461112   3214.826357 -20907.886315    -55.530630  4  3  5  75       
PG32  16161.998877  18258.406281 -10624.134797    316.785785  4  2  3  76       
*  2020  7 14 12  0  0.00000000
PG01  14624.871010 -21946.571437    132.249742     25.285141  6  3     85       
PG02 -17988.068903   7006.430088 -17586.142577   -487.091553  6  4  6  91       
PG03  13494.864754 -12532.679597 -19170.673600   -239.395972  6  6  5  97       
PG04   3891.382846 -19922.596116 -17098.775473   -114.599914  4  8  9  56       
PG05 -26341.021471   1953.604263   3531.518261    -16.644885  9  6  4  74       
PG06 -13161.431039  -6802.177477 -21994.677990   -302.890356  7  3  4 107       
PG07   1352.336828 -21650.051959  15300.863568   -326.999169  7  4  3  10       
PG08  11697.966416  -9785.492303  21733.814609    -40.929837  7  3  2  90       
PG09  -6384.445991 -24467.658716  -8148.722130   -253.422743  6  2  4  70       
PG10  18200.356833  11729.503597  15630.994767   -399.313026  7  5  5  76       
PG11  12239.955359 -19473.906519  13067.565478   -221.467773  8  3  4  60       
PG12 -14410.855722  11366.476450 -19376.645912     93.860199  6  2  4  89       
PG13 -15466.607820    677.374450  21474.473621     26.645827  4  4  3  88       
PG14  16852.043663  14331.686916 -14480.216544      1.263968  7  4  5  55       
PG15 -10972.022595  11702.339966  20809.825133   -217.629777  3  5  3  66       
PG16  25961.771467   -623.938747   6380.759984   -182.601856  9  2  5  77       
PG17 -14451.579419 -20948.985815  -7255.951391    295.730491  6  4  5  74       
PG18  -2091.359224  21671.254475  15179.886667    245.926102  7  3  6  85       
PG19 -16392.965098 -15096.484000 -14784.618910   -132.191411  7  4  6  85       
PG20   6787.757847  14899.901011  20867.237329    527.290380  6  3  5  88       
PG21  12224.609690  10203.919804  22051.743881     23.536709  5  3  2  85       
PG22  20157.624259 -10612.111263 -13330.825886   -772.106575  5  4  4  89       
PG23   8630.921733  14536.033101  20456.858178 999999.999999
PG24 -14640.754205  21713.466133   2790.541308    -15.657686  6  4  2  55       
PG25  -2708.231984  15060.009106 -21934.906409     23.192022  3  3  3  99       
PG26  25236.863622   5361.455541  -6819.985036    243.138638  7  3  2  68       
PG27  16662.203216   2261.929136  20498.214024   -345.571856  7  3  4 102       
PG28 -18070.072724 -12909.812365  15036.582425    699.663815  3  4  5  69       
PG29   1442.971734  23682.466305 -11945.103541   -150.063729  5  5  3  94       
PG30  -7683.113692 -15148.081453  20418.957710   -261.802643  6  3  2  75       
PG31  14826.830205   5177.989618 -21507.325942    -55.532827  3  3  5  72       
PG32  16415.581038  19330.316028  -8063.135403    316.791372  4  3  3  75       
*  2020  7 14 12 15  0.00000000
PG01  14706.806865 -21651.516874   3039.962131     25.288889  6  3     96       
PG02 -17108.442158   4964.635541 -19049.819953   -487.096519  6  4  6  84       
PG03  15585.793252 -12356.839479 -17621.996955   -239.406413  5  6  5  81       
PG04   4954.800168 -18160.714976 -18711.632624 999999.999999
PG05 -26601.458683   1695.764690    715.766906    -16.645293  9  6  4  76       
PG06 -11854.861258  -8957.852891 -21961.776781   -302.894896  6  3  5 105       
PG07   2391.746769 -22886.543105  13136.256728   -327.006777  6  4  3  70       
PG08  12955.226231  -7632.330673  21905.653658    -40.930102  7  3  3  91       
PG09  -5633.147707 -23659.898304 -10704.348569   -253.428634  6  2  4  45       
PG10  16327.536266  11837.245800  17495.137310   -399.322664  7  5  4  62       
PG11  12394.843865 -17771.412993  15084.130780   -221.458272  8  3  5  75       
PG12 -16477.149444  11065.284559 -17809.144102     93.855572  6  3  3  85       
PG13 -16312.492249  -1612.164404  20800.634430     26.648654  5  4  2  80       
PG14  17316.514790  15850.742247 -12246.542405      1.266506  7  4  5  45       
PG15 -12428.156077   9698.203284  21051.133443   -217.627493  4  5  3  59       
PG16  26527.146933   -390.835211   3591.289972   -182.606401  8  2  4  90       
PG17 -14593.219674 -21676.742819  -4462.482476    295.736080  5  4  4  72       
PG18  -3119.575900  22930.288776  12996.109513    245.934615  7  2  6  50       
PG19 -16849.971310 -16544.016974 -12502.785706   -132.187026  6  4  5  67       
PG20   4374.446978  15216.083764  21258.517808    527.289968  6  2  4  73       
PG21  11129.402996  12266.657257  21584.673936     23.541078  6  4  1  84       
PG22  21608.366424 -10418.022115 -11037.270190   -772.104303  6  4  4  77       
PG23   6239.062548  14616.809836  21252.077980 999999.999999
PG24 -14716.173714  21102.014907   5562.468658    -15.657140  6  4  3           
PG25  -5144.286956  14966.887566 -21532.171542     23.195840  3  4  3  82       
PG26  24319.151003   5633.202622  -9426.157948    243.144686  6  3  2  40       
PG27  17705.126651   4305.002139  19298.711941   -345.580459  7  2  4  89       
PG28 -16323.415513 -12849.771896  17043.265012    699.660559  3  3  4  84       
PG29    679.668016  22392.264644 -14284.356383   -150.071263  5  5  3  77       
PG30  -6333.739450 -16991.221060  19383.804681   -261.809566  6  3  3  54       
PG31  13500.084929   7254.286110 -21739.627149    -55.534862  2  4  5  68       
PG32  16581.305063  20126.635382  -5364.141411    316.796930  4  3  3  45       
*  2020  7 14 12 30  0.00000000
PG01  14650.127564 -21069.181370   5894.072489     25.292648  6  3     92       
PG02 -16271.510106   2741.094873 -20167.354123   -487.101649  6  5  6  90       
PG03  17491.953449 -12284.281447 -15770.528988   -239.416834  5  6  6  88       
PG04   6191.125941 -16314.583994 -20001.847731 999999.999999
PG05 -26557.670873   1430.570107  -2112.174936    -16.646112  9  6  5  75       
PG06 -10680.459222 -11160.029714 -21549.107693   -302.899525  6  3  5  81       
PG07   3248.809261 -23948.930415  10743.987712   -327.014575  6  3  3  65       
PG08  14323.446085  -5553.197909  21700.975948    -40.930704  6  3  4  71       
PG09  -4690.220600 -22658.150417 -13076.009543   -253.434481  6  3  4  87       
PG10  14269.270255  12053.462331  19062.840571   -399.332261  6  5  4  90       
PG11  12623.172124 -15858.821356  16836.350017   -221.448313  8  3  5  78       
PG12 -18365.552955  10883.243588 -15938.830618     93.851132  6  4  3  83       
PG13 -17236.995557  -3764.277766  19765.757092     26.651622  5  4  3  71       
PG14  17736.529896  17104.217258  -9800.110169      1.269321  7  4  5  66       
PG15 -13976.281101   7761.130441  20919.374124   -217.625042  4  5  3  77       
PG16  26787.649300   -207.099747    741.434577   -182.610789  8  2  4  85       
PG17 -14621.066532 -22110.949990  -1591.724400    295.741043  5  3  3  99       
PG18  -3953.346323  24014.384743  10588.187531    245.943165  6  1  5  66       
PG19 -17267.058875 -17725.249205 -10009.618549   -132.182235  6  4  5  88       
PG20   1953.565548  15651.709597  21281.782882    527.290350  5  2  3  87       
PG21  10174.211220  14320.291379  20772.004021     23.545723  6  4     76       
PG22  22796.362986 -10259.499154  -8550.409328   -772.101942  6  5  4  71       
PG23   3785.370773  14826.470006  21680.674213 999999.999999
PG24 -14693.078046  20211.176245   8236.019241    -15.656754  6  3  2  50       
PG25  -7519.295312  15001.180710 -20765.644958     23.199715  4  4  3  88       
PG26  23132.874083   5971.728248 -11872.326184    243.150788  6  3  3  52       
PG27  18774.308564   6153.481700  17766.405959   -345.589052  7  2  5  89       
PG28 -14372.973882 -12874.191328  18766.710622    699.657666  4  4  4  55       
PG29   -273.596843  20925.770745 -16378.033231   -150.079054  5  5  2  83       
PG30  -5141.079255 -18781.227541  18014.475639   -261.816483  6  3  3  58       
PG31  12277.671749   9404.865697 -21599.478455    -55.537265  2  4  5  69       
PG32  16621.481833  20651.634654  -2573.464482    316.802491  4  4  3  41       
*  2020  7 14 12 45  0.00000000
PG01  14493.351513 -20190.816555   8644.046586     25.296420  6  4  2  87       
PG02 -15509.456097    374.277061 -20917.453257   -487.106671  6  4  6  72       
PG03  19176.517083 -12288.973664 -13647.750555   -239.427293  5  6  6  66       
PG04   7592.395941 -14430.395642 -20947.245669 999999.999999
PG05 -26214.318586   1121.754668  -4904.261618    -16.646536  9  5  7 100       
PG06  -9656.461522 -13361.433245 -20763.708733   -302.904166  6  3  5 105       
PG07   3937.492027 -24798.027108   8164.507885   -327.022560  6  3  3  51       
PG08  15773.138141  -3587.775308  21124.070728    -40.931143  6  3  5  73       
PG09  -3544.949752 -21501.469723 -15223.078878   -253.440333  6  3  4 110       
PG10  12066.867737  12396.869167  20307.214863   -399.341884  5  5  4  64       
PG11  12945.979455 -13770.899503  18291.834575   -221.438942  8  3  5  79       
PG12 -20037.084189  10796.202595 -13796.747383     93.846600  6  4  3  79       
PG13 -18207.958897  -5742.687567  18388.235542     26.654474  6  4  3  83       
PG14  18072.605741  18085.455725  -7184.164649      1.271593  6  5  6  53       
PG15 -15585.190316   5927.649196  20418.097526   -217.622765  5  5  3  77       
PG16  26737.371098    -34.583483  -2120.866853   -182.615268  8  3  3  52       
PG17 -14498.380217 -22265.302204   1306.487702    295.746153  4  3  2 111       
PG18  -4607.393848  24884.879474   7997.643263    245.951688  5  3  4  66       
PG19 -17602.564209 -18632.351412  -7346.756801   -132.177798  6  4  4 106       
PG20   -428.248217  16198.521867  20935.938597    527.289886  5  2  3  74       
PG21   9366.156478  16321.772105  19626.626864     23.550032  5  5     59       
PG22  23704.048749 -10103.235046  -5914.032191   -772.099846  7  5  4  61       
PG23   1318.753365  15167.198422  21735.239345 999999.999999
PG24 -14608.114998  19041.898882  10763.737199    -15.657045  6  3  2  73       
PG25  -9786.995591  15150.683727 -19647.302555     23.203548  5  5  3  88       
PG26  21703.588695   6406.304341 -14116.862295    243.156901  5  3  3  32       
PG27  19829.748060   7782.924526  15928.704285   -345.597649  7  1  4  77       
PG28 -12256.796291 -13008.155648  20179.871247    699.654267  4  3  4  65       
PG29  -1424.756022  19327.642024 -18190.319850   -150.086652  5  5  2  81       
PG30  -4110.497281 -20473.346830  16333.999569   -261.823341  6  3  4  58       
PG31  11181.426939  11586.339527 -21087.904268    -55.539726  2  4  5  67       
PG32  16501.105673  20917.827162    261.147889    316.808051  4  4  3  56       
*  2020  7 14 13  0  0.00000000
PG01  14276.996708 -19017.052190  11241.039840     25.300224  7  4  3  77       
PG02 -14848.330785  -2091.292408 -21285.813089   -487.111612  6  4  6  97       
PG03  20609.219122 -12339.476615 -11289.892729   -239.437723  5  6  5  79       
PG04   9142.521490 -12553.247587 -21531.612854 999999.999999
PG05 -25584.412286    734.747445  -7613.196728    -16.647854  9  5  8  97       
PG06  -8792.835066 -15512.943648 -19619.098767   -302.908803  6  3  5  89       
PG07   4478.665570 -25399.635482   5442.025912   -327.030161  6  4  3  71       
PG08  17269.017265  -1769.875213  20185.559189    -40.932548  6  3  5  82       
PG09  -2194.527224 -20231.763796 -17108.826394   -253.446211  6  4  4 113       
PG10   9765.463212  12878.825550  21206.720076   -399.351487  5  5  4  66       
PG11  13378.161668 -11547.606226  19423.221291   -221.428853  7  4  6  75       
PG12 -21458.867938  10774.056062 -11418.722411     93.842252  6  4  3  80       
PG13 -19188.381791  -7518.030851  16692.388353     26.657464  6  4  3  54       
PG14  18286.134425  18796.664988  -4444.501652      1.274130  6  5  5  53       
PG15 -17218.757496   4228.301552  19557.499245   -217.620171  5  5  4  70       
PG16  26379.129036    165.223620  -4947.735036   -182.619752  7  3  4  80       
PG17 -14192.694157 -22161.707031   4182.360487    295.751354  4  3  2  90       
PG18  -5103.515878  25508.297338   5269.158118    245.960218  5  4  4  87       
PG19 -17815.285271 -19266.225300  -4558.946315   -132.172945  6  4  4  82       
PG20  -2726.286343  16840.810528  20226.347683    527.289697  5  1  3  66       
PG21   8704.804236  18227.899490  18166.418442     23.554127  5  5  1  69       
PG22  24322.226787  -9914.174160  -3174.427311   -772.097015  7  5  4  86       
PG23  -1111.957298  15633.065017  21414.831499 999999.999999
PG24 -14498.193294  17603.918994  13100.729340    -15.656661  6  3  2  84       
PG25 -11904.311200  15395.780359 -18195.076142     23.207367  6  5  3  82       
PG26  20063.394311   6961.162317 -16121.468498    243.163000  4  3  4  53       
PG27  20829.067173   9177.316583  13818.066864   -345.606242  6     4  57       
PG28 -10017.324283 -13269.978867  21260.862201    699.651184  4  3  3  53       
PG29  -2773.201893  17644.672753 -19690.271521   -150.093907  4  5  2  74       
PG30  -3239.509748 -22023.814420  14370.892973   -261.830245  6  3  4  72       
PG31  10225.791925  13752.250201 -20212.341904    -55.541764  2  4  5  66       
PG32  16189.329288  20945.332544   3091.315824    316.813650  4  4  3  51       
*  2020  7 14 13 15  0.00000000
PG01  14041.807477 -17558.051770  13638.846199     25.304028  7  5  3  80       
PG02 -14306.959503  -4606.651402 -21265.468113   -487.116763  6  4  6  99       
PG03  21767.394812 -12400.281581  -8737.334257   -239.448132  6  5  5  70       
PG04  10817.751559 -10725.517084 -21744.971766 999999.999999
PG05 -24688.798018    238.173730 -10193.196841    -16.648427  8  4  8 101       
PG06  -8091.015030 -17565.349962 -18135.045340   -302.913468  6  3  6  66       
PG07   4899.136941 -25725.957099   2623.766394   -327.038141  6  4  3  75       
PG08  18771.289588   -126.348465  18902.165302    -40.934083  6  4  5  72       
PG09   -644.353168 -18892.187740 -18701.034770   -253.452045  6  3  4 108       
PG10   7412.479365  13502.779090  21745.543481   -399.361225  4  5  3  67       
PG11  13927.681506  -9232.721620  20208.806677   -221.419653  7  4  6  73       
PG12 -22605.295837  10782.006032  -8844.824912     93.837664  5  5  4  93       
PG13 -20137.874302  -9068.779272  14707.998639     26.660327  7  4  4  59       
PG14  18340.979945  19248.581988  -1628.630277      1.276641  6  5  5  50       
PG15 -18837.294488   2686.654986  18354.132146   -217.618400  6  4  4  92       
PG16  25724.315505    429.572797  -7692.083209   -182.623886  7  4  4  67       
PG17 -13677.179075 -21829.245399   6986.988335    295.756496  3  2  3  80       
PG18  -5469.535633  25857.647406   2449.796045    245.968739  6  5  3  76       
PG19 -17866.172554 -19636.370906  -1693.343525   -132.168567  5  4  3  92       
PG20  -4899.320682  17555.976549  19164.778830    527.290161  5  2  3  70       
PG21   8182.276421  19996.718309  16414.042103     23.559202  5  5  1  63       
PG22  24650.287105  -9657.079321   -379.521769   -772.094724  7  6  4  81       
PG23  -3459.694940  16210.223336  20724.990810 999999.999999
PG24 -14398.849513  15915.540332  15205.537062    -15.657417  6  3  2  72       
PG25 -13832.819061  15710.201373 -16432.633456     23.211206  6  5  3  96       
PG26  18249.819343   7654.390329 -17851.813080    243.169127  4  3  4  77       
PG27  21729.161885  10329.434395  11471.392156   -345.614837  6  2  4  55       
PG28  -7699.969868 -13670.504716  21993.182496    699.647619  4  3  3  67       
PG29  -4309.631561  15924.052851 -20852.328537   -150.102207  4  6  3  86       
PG30  -2518.037213 -23391.468346  12158.698285   -261.837126  6  3  4  44       
PG31   9417.317205  15854.687025 -18986.608416    -55.544138  2  4  5  76       
PG32  15660.783870  20760.964058   5868.833236    316.819171  4  5  3  74       
*  2020  7 14 13 30  0.00000000
PG01  13826.972516 -15833.285101  15794.801440     25.307864  7  5  4  80       
PG02 -13896.178126  -7120.224787 -20856.958481   -487.122148  6  4  6 113       
PG03  22636.735172 -12433.322471  -6033.920376   -239.458499  6  5  5  72       
PG04  12587.439558  -8985.352804 -21583.746779 999999.999999
PG05 -23555.365626   -394.770447 -12600.723808    -16.648984  8  3  9  93       
PG06  -7543.986219 -19471.117503 -16337.220516   -302.918050  6  2  5  83       
PG07   5230.425511 -25756.781964   -240.863051   -327.046189  6  4  2  74       
PG08  20237.116349   1323.731095  17296.390265    -40.936366  6  4  5  86       
PG09   1091.979996 -17525.507241 -19972.537453   -253.457857  6  3  4  95       
PG10   5056.003513  14264.016676  21913.893011   -399.370838  3  4  3  77       
PG11  14595.066184  -6872.302842  20633.080785   -221.410152  7  5  6  88       
PG12 -23458.929570  10782.026270  -6118.735640     93.832969  6  5  5  82       
PG13 -21014.248133 -10381.848787  12469.761021     26.663051  7  4  4  11       
PG14  18204.966190  19459.824989   1215.065428      1.279241  6  5  5  58       
PG15 -20399.046328   1318.615238  16830.498488   -217.616030  6  4  5  75       
PG16  24792.453973    792.895176 -10308.324797   -182.627852  7  4  4  65       
PG17 -12931.776048 -21302.889208   9673.150253    295.761939  3  2  3  73       
PG18  -5738.020218  25913.482040   -411.814695    245.977268  7  6  3  80       
PG19 -17719.968228 -19760.434422   1201.238881   -132.163974  5  4  3  86       
PG20  -6911.022310  18315.386053  17769.236015    527.289961  5  3  3  82       
PG21   7783.619585  21588.888361  14396.708883     23.562419  4  4  2  65       
PG22  24696.094245  -9298.101856   2421.998199   -772.092457  8  6  4  87       
PG23  -5680.780626  16877.429826  19677.642510 999999.999999
PG24 -14342.679560  14003.069495  17040.937972    -15.658057  6  3  3  81       
PG25 -15540.062233  16062.055094 -14389.061191     23.215051  7  6  2  84       
PG26  16304.510414   8497.065043 -19278.109182    243.175235  3  3  4  82       
PG27  22487.876450  11240.869535   8929.345416   -345.623474  5  3  4  59       
PG28  -5351.614169 -14212.686748  22365.865846    699.644766  4  3  3  50       
PG29  -6016.231342  14211.627393 -21656.738252   -150.109553  4  6  3  89       
PG30  -1928.962458 -24539.282200   9735.424560   -261.844036  6  3  4  76       
PG31   8754.479906  17845.986930 -17430.751156    -55.546423  1  4  5  79       
PG32  14896.695373  20397.076185   8546.464570    316.824704  4  5  3  81       
*  2020  7 14 13 45  0.00000000
PG01  13668.411594 -13870.924304  17670.617253     25.311716  7  6  4  69       
PG02 -13618.434844  -9579.766425 -20068.305824   -487.127272  5  4  6 103       
PG03  23211.729989 -12399.602539  -3226.213689   -239.468874  7  5  5  78       
PG04  14415.085334  -7365.341767 -21050.818917 999999.999999
PG05 -22218.010156  -1185.120566 -14795.176560    -16.649851  7  3  9  97       
PG06  -7136.704230 -21186.099746 -14256.750825   -302.922665  5  2  5 101       
PG07   5507.326376 -25480.399808  -3101.181465   -327.053838  6  5  2  81       
PG08  21622.196542   2569.578237  15396.098504    -40.938274  6  4  5  83       
PG09   2993.019596 -16172.492612 -20901.669590   -253.463628  6  4  4  95       
PG10   2743.136456  15149.733362  21708.199775   -399.380474  2  4  3  78       
PG11  15373.222414  -4513.027404  20687.139438   -221.400573  6  5  5  88       
PG12 -24011.108474  10734.475115  -3287.038933     93.828465  6  5  6  82       
PG13 -21775.183019 -11452.879006  10016.647831     26.665878  7  4  4  66       
PG14  17851.201839  19455.964157   4038.150216      1.281827  6  5  5  76       
PG15 -21861.760323    132.061232  15014.538099   -217.613659  7  4  5  88       
PG16  23610.476856   1285.352689 -12753.050581   -182.632459  6  5  4  61       
PG17 -11944.062033 -20622.031047  12196.047788    295.766652  3  2  3  64       
PG18  -5944.815914  25664.675248  -3266.326958    245.985786  8  6  4  65       
PG19 -17346.730032 -19663.447886   4075.135856   -132.159535  4  4  3  83       
PG20  -8731.193373  19085.482437  16063.668386    527.289656  5  3  4  83       
PG21   7487.420858  22968.989725  12145.890120     23.566220  4  4  3  33       
PG22  24475.552703  -8806.290665   5181.565916   -772.090231  8  6  4  93       
PG23  -7736.411533  17606.863742  18290.888535 999999.999999
PG24 -14357.902930  11899.929588  18574.656882    -15.659351  5  2  3  87       
PG25 -17000.655235  16415.096227 -12098.450329     23.218882  7  6  2  79       
PG26  14271.772732   9492.652005 -20375.626922    243.181328  3  4  4  84       
PG27  23065.637622  11921.721997   6235.642112   -345.632168  4  3  4  43       
PG28  -3019.076260 -14891.455519  22373.567194    699.641575  4  3  3  50       
PG29  -7867.192780  12550.223039 -22089.877720   -150.117355  4  6  3  87       
PG30  -1448.973992 -25435.756689   7142.898589   -261.850976  6  3  5  89       
PG31   8227.828232  19680.455979 -15570.778206    -55.548420  1  4  5  74       
PG32  13885.755821  19890.217177  11078.720482    316.830372  3  5  3  69       
*  2020  7 14 14  0  0.00000000
PG01  13597.205747 -11706.887192  19233.124337     25.315468  6  6  4  81       
PG02 -13467.775752 -11934.327717 -18914.799760   -487.132203  5  4  5  97       
PG03  23495.779340 -12260.872280   -362.689604   -239.479290  7  5  4  85       
PG04  16259.612278  -5891.402099 -20155.469089 999999.999999
PG05 -20715.385576  -2147.165814 -16739.534339    -16.650884  6  3  9  98       
PG06  -6846.839264 -22671.127815 -11929.669487   -302.927339  5  2  5  98       
PG07   5766.318770 -24894.186716  -5906.201765   -327.061730  6  5  2  79       
PG08  22882.408427   3608.888782  13234.023918    -40.938849  5  5  5  80       
PG09   5030.088190 -14870.404783 -21472.625445   -253.469446  6  3  5  70       
PG10    518.374149  16139.420099  21131.224230   -399.390122  2  3  3  82       
PG11  16247.585125  -2200.494200  20368.956388   -221.390801  6  6  5  86       
PG12 -24262.233156  10599.796345   -398.445368     93.823845  6  5  6  60       
PG13 -22379.902628 -12286.174971   7391.207883     26.669112  6  4  4  64       
PG14  17259.195946  19268.353271   6792.933832      1.284253  5  4  5  94       
PG15 -23184.264158   -873.191807  12939.030159   -217.611357  7  4  6  72       
PG16  22211.752781   1931.550299 -14985.670384   -182.636559  6  5  4  79       
PG17 -10709.822739 -19828.885298  14513.976901    295.771942  4  3  3  79       
PG18  -6127.458740  25108.890463  -6064.532052    245.994347  8  7  5  78       
PG19 -16723.178648 -19376.784128   6878.672368   -132.154621  4  4  3  68       
PG20 -10336.760912  19829.113467  14077.564088    527.289645  6  4  4  77       
PG21   7266.658122  24106.722479   9696.977512     23.570146  4  4  3  14       
PG22  24011.872160  -8154.979852   7851.594350   -772.087923  8  6  4  86       
PG23  -9593.960248  18365.215662  16588.691320 999999.999999
PG24 -14467.121773   9645.490262  19779.968850    -15.659591  5  2  3  87       
PG25 -18197.136778  16730.189103  -9599.384912     23.222713  7  6  2  74       
PG26  12197.014449  10636.699303 -21125.130246    243.187402  3  4  5  78       
PG27  23426.988577  12389.980063   3436.299610   -345.640859  4  4  4  54       
PG28   -747.600412 -15693.872471  22016.588869    699.637928  4  4  3  65       
PG29  -9829.540249  10978.104584 -22144.472685   -150.125062  4  6  4  82       
PG30  -1049.663151 -26056.113025   4426.037090   -261.857816  6  4  4  96       
PG31   7820.453082  21316.043194 -13438.267574    -55.550781  2  4  5  79       
PG32  12624.717775  19279.637872  13422.601507    316.835934  3  6  3  94       
*  2020  7 14 14 15  0.00000000
PG01  13638.239434  -9383.568230  20454.905523     25.319264  6  6  4  95       
PG02 -13430.211577 -14136.160262 -17418.605166   -487.137339  4  4  5  88       
PG03  23500.967598 -11981.291953   2507.109603   -239.489662  7  5  5  59       
PG04  18076.830422  -4581.943387 -18913.211253 999999.999999
PG05 -19089.496440  -3287.726521 -18400.943864    -16.651593  6  2  9 104       
PG06  -6645.812512 -23893.415541  -9396.281073   -302.932000  5  2  4  92       
PG07   6043.886389 -24004.833622  -8605.632365   -327.069388  6  5  1  58       
PG08  23975.448688   4447.709404  10847.205592    -40.940906  5  5  5  71       
PG09   7168.198452 -13651.630390 -21675.717316   -253.475256  6  3  5  93       
PG10  -1577.917620  17205.559509  20192.061337   -399.399707  2  2  3  87       
PG11  17196.600171     22.443016  19683.501128   -221.381149  6  6  5  88       
PG12 -24221.708553  10340.241889   2497.043571     93.819692  6  5  7  61       
PG13 -22790.794615 -12894.317398   4638.811865     26.672004  6  4  4  74       
PG14  16415.727408  18932.771856   9433.228944      1.286754  5  4  5  80       
PG15 -24327.990179  -1705.108924  10640.926798   -217.609325  7  3  6  90       
PG16  20634.897588   2749.452978 -16969.014756   -182.640969  5  5  4  66       
PG17  -9233.319107 -18966.821708  16588.929220    295.777304  4  3  4  61       
PG18  -6323.523224  24252.719516  -8758.213562    246.002866  9  8  6  88       
PG19 -15833.811928 -18936.862146   9563.030998   -132.149962  3  4  3  84       
PG20 -11712.491540  20507.020725  11845.434393    527.290048  6  5  4  67       
PG21   7089.764204  24977.961367   7088.885180     23.574060  4  4  3  42       
PG22  23334.566227  -7323.000690  10386.301180   -772.085541  7  6  5  64       
PG23 -11228.035048  19115.002105  14600.455487 999999.999999
PG24 -14686.327527   7283.664795  20636.180584    -15.660975  5  3  3  84       
PG25 -19120.532659  16966.912499  -6934.337554     23.226565  7  6  2  87       
PG26  10125.151918  11916.838790 -21513.230428    243.193553  3  4  5  85       
PG27  23541.967432  12670.615046    578.869401   -345.649546  3  4  4  39       
PG28   1420.591700 -16599.562424  21300.849395    699.634846  3  4  4  88       
PG29 -11864.238577   9527.619543 -21819.710256   -150.132884  4  6  4  91       
PG30   -698.831903 -26383.238636   1632.052958   -261.864786  6  4  4  89       
PG31   7508.773237  22715.898021 -11069.857353    -55.553218  2  4  5  92       
PG32  11118.690206  18605.712910  15538.299464    316.841505  3  6  4  77       
*  2020  7 14 14 30  0.00000000
PG01  13809.113204  -6948.311620  21314.803570     25.323059  6  6  3  81       
PG02 -13484.442921 -16142.465312 -15608.207818   -487.142512  4  4  5  73       
PG03  23247.507350 -11529.012156   5333.446651   -239.500066  7  5  5  79       
PG04  19821.029289  -3447.325923 -17345.518804 999999.999999
PG05 -17384.178524  -4605.713083 -19751.243606    -16.652115  5  2  8  84       
PG06  -6500.083379 -24827.725334  -6700.450481   -302.936646  4  2  4  80       
PG07   6374.822952 -22828.199123 -11150.886971   -327.077346  6  4  1  87       
PG08  24862.408911   5099.992942   8276.362564    -40.941910  5  5  5  69       
PG09   9367.212981 -12542.517206 -21507.532478   -253.481185  6  4  5  94       
PG10  -3510.877693  18314.607247  18906.041103   -399.409345  2  2  4  80       
PG11  18192.524655   2117.234353  18642.693349   -221.371601  6  6  4  87       
PG12 -23907.543189   9921.547492   5349.014903     93.815248  6  5  6  69       
PG13 -22974.912573 -13297.460190   1806.858781     26.675160  5  4  4  75       
PG14  15315.441715  18487.931719  11915.062325      1.289344  5  2  5  62       
PG15 -25258.387801  -2378.852150   8160.636561   -217.606957  7  4  6  81       
PG16  18922.409825   3749.544243 -18669.892324   -182.645171  5  5  4  70       
PG17  -7527.244661 -18078.692111  18387.120187    295.782058  4  3  4  58       
PG18  -6568.974620  23111.487574 -11300.982354    246.011436  9  9  7  88       
PG19 -14671.736565 -18383.649215  12081.129304   -132.145288  3  4  3  72       
PG20 -12851.397133  21079.431325   9406.197403    527.289888  5  5  4  89       
PG21   6921.877931  25565.627678   4363.588291     23.578722  4  5  3  54       
PG22  22478.228296  -6295.672065  12742.484383   -772.083289  7  6  5  88       
PG23 -12621.260881  19816.054808  12360.514870 999999.999999
PG24 -15024.196090   4861.334854  21128.980682    -15.661323  5  3  3  87       
PG25 -19770.601757  17085.245794  -4148.977694     23.230607  7  6  3  86       
PG26   8099.034863  13313.098052 -21532.648825    243.199706  3  5  6  87       
PG27  23387.282105  12794.428635  -2288.338685   -345.658224  3  5  3  44       
PG28   3447.639706 -17581.409496  20237.796743    699.631607  3  5  4  88       
PG29 -13927.538712   8224.081319 -21121.244257   -150.140523  4  6  4  88       
PG30   -361.959097 -26408.345306  -1190.389356   -261.871784  6  4  4  66       
PG31   7263.606695  23849.745475  -8506.622626    -55.555420  2  5  5  75       
PG32   9381.124883  17908.333277  17389.847048    316.847053  3  6  4  83       
*  2020  7 14 14 45  0.00000000
PG01  14119.372713  -4451.692504  21798.292515     25.326860  5  6  3  93       
PG02 -13602.903291 -17916.912846 -13517.722113   -487.147616  3  4  4  78       
PG03  22762.873963 -10877.608483   8067.270604   -239.510460  7  5  5  64       
PG04  21446.639298  -2489.638570 -15479.449245 999999.999999
PG05 -15643.523121  -6091.982891 -20767.418917    -16.652361  4     8  87       
PG06  -6372.635818 -25457.249678  -3888.829661   -302.941259  4  2  3  87       
PG07   6790.599186 -21388.786642 -13496.074353   -327.085023  6  4  2  85       
PG08  25509.231892   5586.858431   5565.217453    -40.942503  5  5  5  60       
PG09  11583.205506 -11562.453457 -20970.986174   -253.487023  6  4  5  91       
PG10  -5252.319813  19428.225273  17294.522350   -399.418953  3  3  5  78       
PG11  19202.512092   4051.013118  17265.191213   -221.361913  6  6  4  68       
PG12 -23345.615312   9314.492309   8107.551351     93.810905  6  4  6  77       
PG13 -22905.302990 -13522.345713  -1056.042051     26.677875  5  4  4  67       
PG14  13961.158672  17973.904536  14197.332801      1.291815  4     5  76       
PG15 -25946.172742  -2915.928825   5541.274945   -217.604457  7  4  5 104       
PG16  17119.176743   4934.255542 -20059.598387   -182.649169  4  6  4  91       
PG17  -5612.381312 -17205.208740  19879.443212    295.787333  4  3  5  60       
PG18  -6896.589520  21708.731811 -13649.077919    246.019925  9  9  8  82       
PG19 -13239.177475 -17759.015741  14388.489639   -132.140880  3  4  3  71       
PG20 -13754.814511  21507.686899   6802.473405    527.289598  5  6  4  71       
PG21   6726.247675  25860.343462   1565.593406     23.582708  4  5  2  51       
PG22  21481.135726  -5065.533392  14880.236042   -772.081166  6  6  5  56       
PG23 -13764.751774  20427.126422   9907.534109 999999.999999
PG24 -15481.698877   2426.670427  21250.653485    -15.661114  5  4  3  79       
PG25 -20155.749433  17047.270728  -1291.401289     23.234531  7  6  3  87       
PG26   6157.950548  14798.514777 -21182.382337    243.205889  2  5  6  86       
PG27  22947.241378  12796.698264  -5117.029859   -345.666891  3  4  3  58       
PG28   5301.233158 -18606.494459  18844.266533    699.628604  2  5  4  87       
PG29 -15972.510638   7084.932338 -20061.093710   -150.148176  5  7  4  80       
PG30     -3.765737 -26131.311366  -3992.052460   -261.878620  6  4  4  75       
PG31   7051.487375  24695.018933  -5793.348827    -55.557908  2  5  5  73       
PG32   7433.493501  17225.329907  18945.706800    316.852618  3  5  4  76       
*  2020  7 14 15  0  0.00000000
PG01  14570.084945  -1945.680224  21897.705984     25.330635  5  5  2  77       
PG02 -13753.064414 -19430.867537 -11186.088936   -487.152858  2  3  4 102       
PG03  22080.664254 -10007.311719  10661.090647   -239.520891  7  5  5  76       
PG04  22909.898014  -1702.802539 -13347.173878 999999.999999
PG05 -13910.301580  -7729.501521 -21431.982225    -16.653040  4     8 108       
PG06  -6224.604221 -25774.174405  -1010.036638   -302.945859  4  2  3  97       
PG07   7317.866068 -19718.864397 -15598.939342   -327.092838  6  3  2  89       
PG08  25887.995143   5935.585362   2759.778896    -40.943205  5  5  5  64       
PG09  13769.972469 -10723.225240 -20075.270153   -253.492814  5  4  5 101       
PG10  -6781.652036  20504.722987  15384.579229   -399.428568  3  4  5  92       
PG11  20189.934696   5797.732135  15576.017181   -221.352245  6  7  4  75       
PG12 -22568.630653   8496.276311  10724.148150     93.806089  5  4  7  70       
PG13 -22562.107771 -13601.078655  -3900.899234     26.681074  4  4  3  99       
PG14  12363.885158  17430.527818  16242.411191      1.294431  4     5  81       
PG15 -26368.370219  -3343.111790   2827.897833   -217.602134  7  4  6  94       
PG16  15270.900959   6297.687544 -21114.370057   -182.653604  5  6  4  83       
PG17  -3516.970558 -16383.428756  21041.850086    295.792920  3  3  5  62       
PG18  -7334.506972  20075.374314 -15762.121991    246.028490 10 10  8  79       
PG19 -11547.637134 -17105.006858  16444.082592   -132.136401  2  4  3  85       
PG20 -14432.155844  21755.842830   4079.806402    527.289477  5  6  4  69       
PG21   6465.745775  25860.837336  -1258.662952     23.586467  3  6  3  50       
PG22  20383.738929  -3632.794928  16763.584329   -772.078822  5  5  6  81       
PG23 -14658.257387  20907.549809   7283.835501 999999.999999
PG24 -16052.042586     27.415731  21000.155660    -15.660475  5  4  3  89       
PG25 -20292.605854  16818.820081   1588.706314     23.238441  7  6  4  90       
PG26   4336.263949  16340.033690 -20467.766122    243.212052  3  6  7  83       
PG27  22214.411177  12715.671925  -7859.685833   -345.675540  4  5  4  42       
PG28   6955.612882 -19637.245274  17142.284457    699.625039  2  6  4  92       
PG29 -17950.705871   6119.217895 -18657.436484   -150.155972  4  7  4  90       
PG30    410.184898 -25560.692546  -6724.020543   -261.885597  6  5  3  93       
PG31   6836.174469  25237.699634  -2977.715064    -55.560085  3  5  4  71       
PG32   5304.666775  16590.986799  20179.291355    316.858225  3  5  4  97       
*  2020  7 14 15 15  0.00000000
PG01  15153.776429    518.238207  21612.320547     25.334406  5  5  2  93       
PG02 -13898.937449 -20664.276002  -8656.194072   -487.157904  2  2  4  85       
PG03  21239.224138  -8905.982929  13069.825083   -239.531374  7  5  5 100       
PG04  24170.457342  -1072.995886 -10985.420804 999999.999999
PG05 -12224.446769  -9493.803958 -21733.272937    -16.654041  4     8 110       
PG06  -6016.973913 -25779.902641   1886.197695   -302.950464  4  2  3  92       
PG07   7977.163677 -17857.264424 -17421.727192   -327.100862  6  2  2  65       
PG08  25977.975337   6178.380734    -92.407149    -40.944736  5  5  5  78       
PG09  15880.638445 -10028.675832 -18835.697700   -253.498637  5  4  5  87       
PG10  -8086.507271  21500.653127  13208.581984   -399.438112  4  6  4  92       
PG11  21115.882678   7339.005220  13606.031758   -221.342809  6  7  4  67       
PG12 -21614.810340   7451.655499  13152.619664     93.801684  5  4  6  87       
PG13 -21933.402014 -13569.707754  -6679.164036     26.683725  4  4  4  87       
PG14  10542.536760  16895.845429  18016.678865      1.297231  4     5  76       
PG15 -26509.118649  -3691.178513     66.731922   -217.599849  6  4  5  87       
PG16  13422.500813   7825.635506 -21815.782826   -182.658195  4  6  3  88       
PG17  -1275.825438 -15645.394575  21855.658583    295.797714  3  3  5  84       
PG18  -7904.966915  18248.621559 -17603.811418    246.037040  9 10  8  84       
PG19  -9617.690913 -16462.100190  18211.124272   -132.131905  2  4  4  93       
PG20 -14900.340480  21792.171722   1285.828450    527.289411  4  7  4  93       
PG21   6104.445207  25574.076774  -4061.488878     23.591127  3  6  3  62       
PG22  19227.094748  -2005.491816  18361.055919   -772.076570  4  5  6  70       
PG23 -15309.979162  21218.886095   4534.663208 999999.999999
PG24 -16720.935718  -2290.788197  20383.058624    -15.660782  5  4  3  82       
PG25 -20205.280644  16371.004607   4440.959602     23.242267  7  7  4  89       
PG26   2662.246676  17899.655144 -19400.429440    243.218207  3  6  7  81       
PG27  21189.974884  12590.967997 -10470.305763   -345.684242  4  5  4  77       
PG28   8392.352434 -20632.766582  15158.811118    699.622010  1  6  5 102       
PG29 -19813.887051   5327.389784 -16934.301514   -150.163552  4  6  5  79       
PG30    911.918309 -24713.399958  -9338.590892   -261.892495  5  5  3  87       
PG31   6580.291904  25472.823857   -109.404542    -55.562670  2  6  4  33       
PG32   3030.017395  16034.698877  21069.407628    316.863811  2  5  4  91       
*  2020  7 14 15 30  0.00000000
PG01  15854.731724   2890.896061  20948.296591     25.338175  5  5  3  78       
PG02 -14002.697318 -21606.188372  -5973.938038   -487.163074  2  2  4  77       
PG03  20280.099737  -7569.792945  15251.608612   -239.541511  7  4  5  56       
PG04  25192.870143   -579.381134  -8434.840947 999999.999999
PG05 -10621.646486 -11353.741205 -21665.672115    -16.654316  4     8 101       
PG06  -5712.288566 -25484.931788   4749.899116   -302.955051  5  3  4 106       
PG07   8781.895515 -15847.913124 -18931.945884   -327.108820  6  1  3  93       
PG08  25766.455398   6350.965290  -2943.027162    -40.945339  5  5  5  78       
PG09  17869.295259  -9474.679294 -17273.447556   -253.504454  5  4  4  76       
PG10  -9163.057454  22372.502002  10803.675727   -399.447695  4  6  4  93       
PG11  21940.771415   8664.616889  11391.271613   -221.333110  6  7  4  77       
PG12 -20526.359854   6173.783957  15349.975133     93.797344  4  4  6  98       
PG13 -21015.737176 -13466.671178  -9343.538632     26.686783  3  4  3  91       
PG14   8523.381456  16404.636192  19491.002562      1.299634  4     5  86       
PG15 -26360.210371  -3993.520666  -2695.585662   -217.597418  6  4  5  58       
PG16  11616.538980   9495.921531 -22151.082849   -182.662333  4  7  3  98       
PG17   1070.784205 -15016.973441  22307.788395    295.803304  3  4  5  86       
PG18  -8623.285236  16270.633264 -19142.538514    246.045538  9 10  8  91       
PG19  -7478.419642 -15867.521849  19657.807415   -132.127185  2  4  4  75       
PG20 -15182.932510  21590.509046  -1530.615062    527.288942  4  7  4  67       
PG21   5609.203468  25015.109124  -6794.683169     23.594929  3  6  3  48       
PG22  18051.304051   -199.339664  19646.153145   -772.074184  3  4  6  59       
PG23 -15736.064431  21326.497089   1707.397970 999999.999999
PG24 -17467.165834  -4485.976908  19411.363529    -15.660144  5  5  3  84       
PG25 -19924.319417  15681.552678   7215.196699     23.246075  6  7  5 100       
PG26   1157.141060  19435.794198 -17998.142094    243.224264  3  7  7  89       
PG27  19883.786705  12461.938043 -12905.118782   -345.692900  4  5  4  54       
PG28   9600.892291 -21550.308457  12925.426613    699.618737  1  6  5  90       
PG29 -21515.759631   4701.446411 -14921.164460   -150.171103  4  7  5  77       
PG30   1529.576035 -23614.057692 -11790.143427   -261.899416  5  5  2  93       
PG31   6247.028279  25404.633078   2760.837635    -55.564843  3  6  4  25       
PG32    650.278630  15579.824716  21600.618278    316.869401  3  5  4  97       
*  2020  7 14 15 45  0.00000000
PG01  16649.634666   5127.171361  19918.483258     25.341927  5  5  3  65       
PG02 -14026.355421 -22254.905869  -3187.286780   -487.168124  2  2  5  82       
PG03  19246.373834  -6003.577654  17168.541767   -239.551983  7  5  5  46       
PG04  25947.899393   -195.106825  -5739.308077 999999.999999
PG05  -9132.100377 -13272.487566 -21229.727486    -16.654812  5  3  8 112       
PG06  -5276.296893 -24908.389682   7531.719902   -302.959591  5  3  4  92       
PG07   9737.615210 -13738.159116 -20103.004723   -327.116486  5     3  87       
PG08  25249.245045   6491.031412  -5743.780689    -40.946965  5  5  5  64       
PG09  19692.613394  -9049.429018 -15415.210530   -253.510337  5  5  4  92       
PG10 -10015.995795  23078.408483   8211.163473   -399.457314  4  7  3  86       
PG11  22625.982441   9772.680357   8972.173700   -221.323680  6  7  5  42       
PG12 -19347.780422   4664.723464  17277.242679     93.793030  3  3  6 103       
PG13 -19814.371010 -13331.165622 -11848.755718     26.689781  3  4  3  68       
PG14   6339.226920  15987.080061  20641.143804      1.302315  4  2  4  69       
PG15 -25921.356072  -4284.678093  -5412.748375   -217.595463  5  4  5  45       
PG16   9891.734059  11279.026802 -22113.448733   -182.666629  5  7  3 107       
PG17   3478.434408 -14516.932839  22390.926527    295.808413  3  4  5  93       
PG18  -9497.105375  14187.012176 -20351.928605    246.054041  9 10  8  92       
PG19  -5166.496387 -15353.692050  20757.946790   -132.122778  2  4  4  89       
PG20 -15309.020792  21131.385777  -4320.360100    527.288737  4  7  4  77       
PG21   4951.193487  24206.602689  -9410.347479     23.598904  3  6  4  73       
PG22  16894.011720   1762.699512  20597.742213   -772.071949  4  4  5  81       
PG23 -15959.799308  21200.980732  -1149.263651 999999.999999
PG24 -18263.458729  -6521.270964  18103.198499    -15.659116  6  5  3  92       
PG25 -19485.401050  14735.903146   9862.418037     23.249806  5  6  5  95       
PG26   -165.502489  20904.800042 -16284.550816    243.230554  3  7  7  92       
PG27  18314.117403  12366.051088 -15123.260889   -345.701553  4  6  4  66       
PG28  10578.805529 -22346.829655  10477.951714    699.615584  1  7  5  89       
PG29 -23013.640517   4225.403480 -12652.453026   -150.178353  4  7  5  36       
PG30   2286.100141 -22294.066078 -14035.969719   -261.906344  5  5  2  93       
PG31   5801.823938  25046.358267   5582.176634    -55.567156  2  6  4  40       
PG32  -1789.800724  15242.777415  21763.514610    316.874996  3  4  4  94       
*  2020  7 14 16  0  0.00000000
PG01  17508.520416   7187.529850  18542.097418     25.345662  5  5  3  69       
PG02 -13933.408068 -22617.763527   -345.329929   -487.173175  3  2  5  89       
PG03  18180.954332  -4220.853723  18787.367566   -239.562443  7  4  6  60       
PG04  26413.599903    111.456683  -2945.164862 999999.999999
PG05  -7779.486728 -15208.774368 -20432.184916    -16.655842  5  4  8  94       
PG06  -4679.473708 -24077.249385  10183.793201   -302.964178  6  4  4  92       
PG07  10841.657027 -11576.973845 -20914.712435   -327.124053  5     3  91       
PG08  24430.895618   6636.629675  -8447.161677    -40.948918  4  5  5  59       
PG09  21311.365102  -8734.030019 -13292.744026   -253.516097  4  5  4  94       
PG10 -10658.184642  23579.843574   5475.802235   -399.466937  4  8  2  54       
PG11  23135.463573  10669.441742   6392.710913   -221.313960  6  7  5  75       
PG12 -18124.092097   2935.595317  18900.221332     93.788948  2  3  5 100       
PG13 -18343.177380 -13201.501248 -14152.318325     26.693028  4  4  3  91       
PG14   4028.380655  15667.606148  21448.101574      1.304764  4  3  4  86       
PG15 -25200.169419  -4598.851607  -8039.493539   -217.592971  5  4  5  67       
PG16   8281.608379  13139.006925 -21702.176078   -182.670935  5  7  3  95       
PG17   5899.994006 -14156.280802  22103.622847    295.813584  2  5  5  83       
PG18 -10525.955536  12045.173021 -21211.286052    246.062543  8 10  8  99       
PG19  -2724.960046 -14946.867728  21491.520773   -132.117983  2  5  5  74       
PG20 -15311.888946  20402.902022  -7034.819249    527.288343  3  7  4  64       
PG21   4107.317922  23178.090158 -11861.754561     23.602900  3  6  4  83       
PG22  15789.023511   3851.121863  21200.350406   -772.069441  4  3  5  78       
PG23 -16010.532884  20819.413690  -3986.150925 999999.999999
PG24 -19077.579774  -8366.067081  16482.410144    -15.659426  6  5  3  92       
PG25 -18927.827073  13528.001339  12335.718355     23.253600  5  6  5  80       
PG26  -1300.186865  22262.578334 -14288.807047    243.236727  4  8  7  93       
PG27  16507.101835  12337.356756 -17087.409385   -345.710200  4  6  4  85       
PG28  11331.780693 -22980.606257   7856.002362    699.612468  2  7  5  90       
PG29 -24270.000724   3876.076941 -10166.969487   -150.185988  3  7  4  59       
PG30   3198.129323 -20790.409003 -16037.044062   -261.913336  5  4  2  64       
PG31   5213.971678  24419.646200   8304.665895    -55.569518  2  6  4  42       
PG32  -4242.956827  15032.388507  21554.895869    316.880590  3  4  3 103       
*  2020  7 14 16 15  0.00000000
PG01  18395.994002   9039.328053  16844.289388     25.349462  5  5  3  79       
PG02 -13690.393561 -22710.572609   2502.630541   -487.178436  3  2  5  74       
PG03  17124.883312  -2243.493220  20080.062093   -239.572889  7  4  6  83       
PG04  26576.131316    375.295815   -100.427893 999999.999999
PG05  -6580.178648 -17118.307343 -19285.923196    -16.655853  5  4  8  80       
PG06  -3898.355790 -23025.254587  12660.556758   -302.968779  6  5  5  91       
PG07  12083.124519  -9413.105724 -21353.623570   -327.131718  5  2  4  86       
PG08  23324.600708   6824.543560 -11007.230187    -40.949000  4  4  5  87       
PG09  22691.801771  -8503.372313 -10942.341106   -253.521912  4  5  4  89       
PG10 -11109.980062  23843.182531   2645.023616   -399.476538  3  8  1  73       
PG11  23437.217079  11368.745895   3699.467147   -221.304251  6  7  5  65       
PG12 -16899.042560   1006.364429  20190.142259     93.784766  3  3  5  83       
PG13 -16624.240777 -13113.504376 -16215.189679     26.695826  4  5  3 102       
PG14   1633.418725  15463.960718  21898.386998      1.307084  4  4  4  86       
PG15 -24211.877805  -4968.447719 -10532.281261   -217.590504  4  4  5  88       
PG16   6813.322279  15034.663616 -20922.777748   -182.675435  5  7  3  94       
PG17   8287.168166 -13937.892130  21450.315986    295.819061  2  5  5  96       
PG18 -11701.128642   9892.653231 -21705.941734    246.071066  8  9  7  97       
PG19   -201.723010 -14666.042043  21845.093152   -132.113401  2  5  5  92       
PG20 -15227.531395  19401.307080  -9626.858625    527.289049  3  7  4  87       
PG21   3061.442290  21964.929069 -14104.257580     23.606925  3  7  5  78       
PG22  14765.088853   6030.828467  21444.371627   -772.066859  5  3  5  91       
PG23 -15922.375576  20166.352793  -6754.466663 999999.999999
PG24 -19873.629005  -9996.970212  14578.062973    -15.660454  6  5  4  77       
PG25 -18292.864765  12060.760215  14591.189562     23.257332  4  6  5  68       
PG26  -2249.511825  23466.253838 -12045.089914    243.242884  4  8  7  69       
PG27  14495.907517  12405.081794 -18764.368322   -345.718784  5  6  3  89       
PG28  11873.315459 -23412.832954   5102.474677    699.609116  3  7  5  90       
PG29 -25253.823656   3624.148133  -7507.239264   -150.193525  3  7  4  79       
PG30   4275.151859 -19144.254329 -17758.720766   -261.920234  5  4  3  76       
PG31   4458.061244  23553.652093  10880.206319    -55.571905  2  6  3  74       
PG32  -6661.012421  14949.570136  20977.850805    316.886194  3  3  4  90       
*  2020  7 14 16 30  0.00000000
PG01  19272.661217  10657.829881  14855.610118     25.353231  4  5  3  51       
PG02 -13268.299018 -22556.759856   5307.942875   -487.183364  4  3  5  62       
PG03  16115.734334   -101.069531  21024.327648   -239.583327  7  5  6  83       
PG04  26430.271515    633.202458   2746.034746 999999.999999
PG05  -5542.740824 -18955.317529 -17809.789916    -16.656455  5  5  8  60       
PG06  -2916.640605 -21791.598620  14919.531796   -302.973359  6  5  5  86       
PG07  13443.234176  -7293.269424 -21413.227981   -327.139758  4  3  4  85       
PG08  21951.785112   7088.712494 -13380.364172    -40.950121  4  4  5  88       
PG09  23806.833333  -8327.252036  -8404.222069   -253.527712  4  6  4  85       
PG10 -11398.257834  23841.104643   -231.907167   -399.486170  3  8  1  74       
PG11  23504.612246  11891.195288    940.680405   -221.294740  6  7  6  55       
PG12 -15713.376991  -1094.738030  21124.222563     93.780470  4  2  5  89       
PG13 -14687.151659 -13099.027457 -18002.423996     26.698892  4  5  3 101       
PG14   -800.195537  15386.526264  21984.228609      1.309881  4  5  3  91       
PG15 -22978.773749  -5422.705688 -12849.933821   -217.588251  4  4  5  80       
PG16   5506.740286  16920.936250 -19786.992789   -182.679595  5  7  4  94       
PG17  10592.088158 -13856.433117  20441.289130    295.824050  2  5  5  93       
PG18 -13005.889642   7775.430012 -21827.496737    246.079576  7  8  7 100       
PG19   2352.127193 -14522.150141  21812.102219   -132.108979  2  6  5  83       
PG20 -15093.077231  18131.263730 -12051.638289    527.288803  3  7  5  94       
PG21   1805.384551  20607.007618 -16096.220200     23.611107  3  6  5  78       
PG22  13844.891728   8262.277987  21326.180749   -772.064775  5  2  5  89       
PG23 -15732.723140  19234.556548  -9406.626160 999999.999999
PG24 -20613.475327 -11398.436526  12423.861299    -15.660992  6  5  4  57       
PG25 -17622.013204  10346.162933  16588.771921     23.261104  4  5  5 102       
PG26  -3023.895731  24475.807957  -9592.030679    243.249048  5  9  7  84       
PG27  12319.652582  12592.410168 -20125.598616   -345.727378  5  7  3  83       
PG28  12224.123419 -23609.161694   2262.958638    699.605796  4  6  4 107       
PG29 -25941.727312   3435.470295  -4718.795608   -150.201619  2  7  4  77       
PG30   5518.949659 -17399.404749 -19171.343967   -261.927155  5  3  4  66       
PG31   3515.204900  22483.838179  13263.462671    -55.574069  1  5  3  77       
PG32  -8996.521115  14987.290020  20041.738409    316.891760  3  3  3  85       
*  2020  7 14 16 45  0.00000000
PG01  20096.710799  12026.903358  12611.395750     25.356983  3  4  3  67       
PG02 -12643.768079 -22186.250369   8023.405561   -487.188665  4  4  6  72       
PG03  15186.161793   2170.099708  21603.979356   -239.593778  6  5  6  96       
PG04  25979.610989    922.153310   5545.339409 999999.999999
PG05  -4667.728295 -20674.189672 -16028.337403    -16.657197  4  6  7  45       
PG06  -1726.005510 -20419.409346  16922.043940   -302.977918  6  5  5  95       
PG07  14895.994109  -5260.448269 -21093.983975   -327.147818  4  5  4  79       
PG08  20341.395600   7458.762022 -15525.980893    -40.950668  4  5  5  84       
PG09  24636.964700  -8171.697405  -5721.857861   -253.533532  3  6  3  78       
PG10 -11555.178421  23553.761832  -3104.777686   -399.495800  2  8  2  71       
PG11  23317.469184  12263.046952  -1834.718251   -221.285029  6  7  6  37       
PG12 -14603.242046  -3332.131128  21686.097948     93.776205  4  1  5  93       
PG13 -12568.029367 -13184.621529 -19483.730119     26.701938  4  4  3 105       
PG14  -3225.596970  15437.915025  21703.706433      1.312887  3  5  3  94       
PG15 -21529.429290  -5986.453198 -14954.231449   -217.585756  4  5  5  99       
PG16   4373.768110  18750.467741 -18312.697267   -182.684138  4  7  4  94       
PG17  12768.895370 -13898.588644  19092.554616    295.829288  2  5  5  91       
PG18 -14416.002228   5736.307799 -21573.958744    246.088001  7  8  7 106       
PG19   4884.162204 -14517.617264  21393.007886   -132.104304  3  6  5 103       
PG20 -14945.186930  16605.788142 -14267.399713    527.288767  2  7  5  97       
PG21    339.604591  19147.238134 -17799.942165     23.614953  3  6  6  91       
PG22  13044.283836  10502.802455  20848.158078   -772.062489  5  3  5  84       
PG23 -15480.664357  18025.398913 -11897.072939 999999.999999
PG24 -21258.271541 -12563.109489  10057.508516    -15.661217  5  6  3  81       
PG25 -16955.265891   8404.998956  18293.031865     23.264886  4  5  4  86       
PG26  -3640.984468  25255.625620  -6972.047472    243.255232  5  9  7  82       
PG27  10022.109857  12915.490988 -21147.686476   -345.736034  5  7  3  93       
PG28  12411.265981 -23541.121219   -614.919710    699.602802  4  6  4  88       
PG29 -26318.807441   3272.566391  -1849.411564   -150.208946     7  4  94       
PG30   6923.355243 -15600.662204 -20250.758639   -261.934041  4  3  4  73       
PG31   2373.991653  21250.531074  15412.714844    -55.576129  1  5  3  63       
PG32 -11204.393619  15130.862303  18762.065894    316.897400  3  3  3  88       
*  2020  7 14 17  0  0.00000000
PG01  20825.582727  13139.378014  10151.086005     25.360733  2  4  3  55       
PG02 -11800.071683 -21634.147398  10603.995536   -487.193902  5  4  6  71       
PG03  14362.659669   4528.174694  21809.218519   -239.604178  6  6  6  92       
PG04  25236.420977   1277.683070   8249.422106 999999.999999
PG05  -3947.797953 -22231.108031 -13971.459101    -16.657836  4  6  7  86       
PG06   -326.616228 -18954.099223  18633.874534   -302.982544  6  6  5  96       
PG07  16409.182726  -3352.380173 -20403.201172   -327.155666  3  5  4  82       
PG08  18528.917683   7958.696539 -17407.217502    -40.951261  4  5  4  99       
PG09  25170.953192  -8000.448677  -2941.235873   -253.539344  3  6  3  95       
PG10 -11616.740051  22969.666105  -5923.342099   -399.505472  2  8  3  81       
PG11  22862.873451  12514.902812  -4578.044247   -221.275422  6  7  5  68       
PG12 -13598.791160  -5664.102332  21866.123937     93.771981  5  2  6  88       
PG13 -10308.308864 -13390.420090 -20633.960837     26.704984  4  5  3 109       
PG14  -5596.058915  15612.852011  21060.812729      1.315095  3  6  3 104       
PG15 -19897.702503  -6679.031875 -16810.461280   -217.583298  4  5  4 105       
PG16   3417.991020  20475.290997 -16523.711119   -182.688539  4  7  4  91       
PG17  14775.267106 -14043.586496  17425.665695    295.834644  2  4  5  89       
PG18 -15900.554706   3813.437198 -20949.769393    246.096470  7  7  6  96       
PG19   7342.506244 -14646.270033  20595.291705   -132.099792  3  7  5  82       
PG20 -14818.486994  14845.870095 -16236.185640    527.288535  2  7  5  85       
PG21  -1326.453071  17629.894148 -19182.550726     23.618681  4  6  6  84       
PG22  12371.785349  12708.038392  20018.625911   -772.059909  6  3  5  92       
PG23 -15205.334660  16548.959240 -14183.057257 999999.999999
PG24 -21769.990765 -13491.843551   7520.018452    -15.661761  5  6  3  75       
PG25 -16329.444406   6266.242327  19673.846564     23.268654  4  5  4  63       
PG26  -4124.769503  25775.888653  -4230.601642    243.261511  6 10  7  77       
PG27   7650.241167  13382.711365 -21812.743749   -345.744614  5  7  2  88       
PG28  12467.031529 -23187.361531  -3482.225387    699.599649  4  5  4 102       
PG29 -26379.168938   3096.260726   1051.708564   -150.216265     7  5  89       
PG30   8474.330261 -13792.171814 -20978.714163   -261.940925  4  3  5  63       
PG31   1031.130540  19897.301194  17290.624205    -55.578341     4  3  91       
PG32 -13243.445019  15358.545632  17160.263382    316.903001  4  2  3  85       
*  2020  7 14 17 15  0.00000000
PG01  21417.656324  13997.057328   7517.492689     25.364473  2  4  4  59       
PG02 -10727.815365 -20939.266032  13007.519346   -487.198732  5  5  6  67       
PG03  13664.578174   6927.232131  21636.788494   -239.614627  5  6  6 100       
PG04  24221.200689   1732.314795  10811.858968 999999.999999
PG05  -3368.131856 -23585.657463 -11673.928525    -16.658789  4  7  7  80       
PG06   1272.694488 -17441.644570  20025.832164   -302.987102  6  6  5  87       
PG07  17945.579733  -1600.286707 -19354.783760   -327.163583  3  5  4  91       
PG08  16555.152560   8605.804790 -18991.560385    -40.951981  5  6  4  96       
PG09  25406.161290  -7776.535074   -110.079826   -253.545179  3  7  3  98       
PG10 -11621.178606  22086.257139  -8638.242992   -399.515078  2  8  4  60       
PG11  22135.695009  12680.255677  -7241.755148   -221.266185  6  7  6  65       
PG12 -12723.049345  -8044.276567  21661.539174     93.767555  5  3  6 101       
PG13  -7953.335785 -13729.275579 -21433.521707     26.708025  5  5  4 102       
PG14  -7866.537016  15898.353767  20065.436849      1.317876  3  6  3  79       
PG15 -18121.571119  -7513.427906 -18387.916745   -217.580987  5  5  5  95       
PG16   2634.634143  22048.575429 -14449.496501   -182.692920  4  6  4  80       
PG17  16573.832531 -14264.004624  15467.453494    295.839741  3  4  5  82       
PG18 -17423.053439   2039.021282 -19965.722645    246.104941  6  6  6  88       
PG19   9677.708697 -14893.615304  19433.309175   -132.095330  3  7  5  83       
PG20 -14744.105083  12879.791363 -17924.480104    527.288111  2  6  5  91       
PG21  -3174.396211  16098.859013 -20216.825287     23.622763  3  6  6  92       
PG22  11828.369143  14833.422137  18851.699615   -772.057552  6  4  5  91       
PG23 -14944.279912  14823.785144 -16225.364417 999999.999999
PG24 -22112.925901 -14193.421761   4854.992831    -15.661115  5  6  3  88       
PG25 -15776.674719   3966.096929  20706.978012     23.272416  4  4  3  70       
PG26  -4504.449499  26013.758410  -1415.389474    243.267761  5  9  5  79       
PG27   5252.612151  13994.262778 -22108.733746   -345.753252  5  8  3  92       
PG28  12427.594681 -22534.669858  -6289.505839    699.596324  5  5  3  83       
PG29 -26126.124518   2867.381444   3934.765194   -150.224117     6  5  89       
PG30  10150.360902 -12015.811336 -21343.154596   -261.947838  4  2  5  71       
PG31   -508.242141  18469.234570  18864.898543    -55.580750  1  4  3  71       
PG32 -15077.804357  15642.428083  15263.356260    316.908595  4  3  3  88       
*  2020  7 14 17 30  0.00000000
PG01  21833.893372  14610.393992   4756.034004     25.368205  2  5  4  38       
PG02  -9425.367634 -20142.578869  15195.185474   -487.203946  5  6  6  74       
PG03  13103.436059   9318.863565  21090.011395   -239.625088  5  6  6  80       
PG04  22961.921093   2314.108472  13188.658178 999999.999999
PG05  -2907.159500 -24702.317896  -9174.844865    -16.659521  4  7  7  80       
PG06   3054.584288 -15926.860209  21074.235858   -302.991701  6  6  5 100       
PG07  19464.392237    -27.891667 -17968.848509   -327.171337  3  5  4  87       
PG08  14464.797444   9409.821237 -20251.412895    -40.953466  6  7  4  97       
PG09  25348.590548  -7463.887620   2722.963535   -253.551162  2  7  3  79       
PG10 -11607.280196  20910.124818 -11201.921291   -399.524614  3  8  4  89       
PG11  21138.799246  12793.956369  -9780.283985   -221.256522  6  8  6  92       
PG12 -11991.083848 -10423.274524  21076.488350     93.763108  5  4  6  97       
PG13  -5550.820923 -14206.180492 -21868.694023     26.710819  5  5  4  81       
PG14  -9995.164134  16274.199938  18733.271313      1.320843  3  6  3  84       
PG15 -16241.832973  -8495.636344 -19660.344839   -217.578778  5  5  4  97       
PG16   2010.853690  23426.367963 -12124.745096   -182.697169  4  6  4  86       
PG17  18133.429271 -14526.837967  13249.687126    295.845285  3  4  6  72       
PG18 -18942.742031    438.257826 -18638.775865    246.113408  6  6  6  69       
PG19  11844.516821 -15237.474197  17927.998234   -132.090828  4  6  6  94       
PG20 -14748.362881  10742.171711 -19303.758668    527.288134  3  6  5  89       
PG21  -5177.316860  14595.863372 -20881.921342     23.627188  3  7  6  85       
PG22  11407.534658  16835.696445  17367.056051   -772.055388  6  5  5  82       
PG23 -14731.893809  12876.337479 -17988.980840 999999.999999
PG24 -22255.097112 -14683.984536   2107.877952    -15.661640  5  7  3  73       
PG25 -15323.071321   1546.748710  21374.522793     23.276171  4  5  3  81       
PG26  -4813.080740  25954.297935   1424.515166    243.273931  5  9  3  61       
PG27   2877.742644  14742.020032 -22029.716090   -345.761867  5  8  3  87       
PG28  12331.498984 -21578.709638  -8987.637926    699.592991  4  4  3  89       
PG29 -25572.052179   2548.468034   6750.213123   -150.231555     6  5  84       
PG30  11923.152644 -10309.689320 -21338.392493   -261.954763  4  3  5  91       
PG31  -2230.601388  17011.170870  20108.842952    -55.583031  2  3  3  74       
PG32 -16678.132002  15949.567292  13103.537916    316.914203  4  3  3  94       
*  2020  7 14 17 45  0.00000000
PG01  22039.375287  14997.847989   1913.949260     25.371977  2  5  4  74       
PG02  -7899.004274 -19285.630778  17132.098725   -487.208947  5  6  7  83       
PG03  12682.554138  11653.870491  20178.706409   -239.635524  5  6  6  76       
PG04  21492.994359   3045.384263  15339.010127 999999.999999
PG05  -2537.554237 -25551.792911  -6516.991562    -16.660048  5  8  7  85       
PG06   4993.688231 -14451.735283  21761.303066   -302.996301  6  5  5  88       
PG07  20922.812488   1349.239082 -16271.234561   -327.179435  3  4  4  95       
PG08  12304.880194  10372.377637 -21164.591374    -40.954468  6  7  3  97       
PG09  25012.594587  -7028.925115   5509.157398   -253.557021  2  6  2  69       
PG10 -11612.676289  19456.875518 -13569.493965   -399.534200  3  7  5  76       
PG11  19882.951507  12890.667362 -12150.796145   -221.247342  6  8  6  92       
PG12 -11409.513177 -12750.490745  20121.906275     93.758936  6  6  6  86       
PG13  -3149.210246 -14817.995026 -21931.867427     26.713738  5  6  4  81       
PG14 -11944.644500  16713.685220  17085.636149      1.323076  3  6  3 101       
PG15 -14300.716749  -9624.280454 -20606.338613   -217.576406  5  5  5  89       
PG16   1526.355350  24569.260240  -9588.854440   -182.701447  4  5  4  81       
PG17  19430.154715 -14794.792362  10808.655220    295.850044  3  4  5  89       
PG18 -20416.095879   -971.443066 -16991.757039    246.121900  6  6  6  79       
PG19  13803.474298 -15648.942835  16106.452217   -132.086335  4  6  6  94       
PG20 -14851.676575   8472.782256 -20350.941480    527.288322  3  6  5  94       
PG21  -7300.613455  13158.794150 -21163.960772     23.631061  3  7  5  90       
PG22  11095.667730  18674.375305  15589.622477   -772.053164  6  5  5  77       
PG23 -14597.989292  10740.138571 -19443.687034 999999.999999
PG24 -22169.517173 -14986.196564   -674.787482    -15.660904  5  7  2  73       
PG25 -14987.684726   -945.122099  21665.227567     23.279993  4  5  3  61       
PG26  -5086.071239  25591.095020   4239.549733    243.280109  4  8  2  86       
PG27    572.450969  15609.741434 -21576.004189   -345.770484  5  8  4  88       
PG28  12218.016386 -20324.441551 -11528.717990    699.589587  4  3  3  98       
PG29 -24737.916009   2105.417376   9449.610613   -150.239295     6  5  81       
PG30  13758.594961  -8706.809814 -20965.165825   -261.961652  4  3  5  94       
PG31  -4114.412217  15565.981234  21001.788010    -55.585137  2  2  3  84       
PG32 -18022.596848  16243.343776  10717.647488    316.919690  4  3  3  84       
*  2020  7 14 18  0  0.00000000
PG01  22004.679329  15184.958362   -960.492684     25.375734  2  5  4  54       
PG02  -6162.772853 -18408.977210  18787.679535   -487.214138  4  6  6  91       
PG03  12397.022533  13883.989938  18918.992810   -239.646040  5  6  5  90       
PG04  19854.008427   3941.670139  17225.983349 999999.999999
PG05  -2227.467594 -26112.118301  -3746.116487    -16.660762  5  8  7  97       
PG06   7057.416420 -13053.893259  22075.437220   -303.000874  6  5  5  99       
PG07  22277.640956   2524.019884 -14292.923507   -327.187060  2  4  4  90       
PG08  10123.105248  11486.769037 -21714.739743    -40.954930  6  7  3 101       
PG09  24420.281467  -6442.051114   8200.513347   -253.562851  2  6  2  90       
PG10 -11672.192510  17750.646831 -15699.580203   -399.543819  4  7  5  90       
PG11  18386.428953  13003.365173 -14313.860038   -221.237472  6  8  6  81       
PG12 -10976.371802 -14975.917569  18815.268432     93.754308  6  6  6  95       
PG13   -796.029576 -15553.492194 -21621.678527     26.716543  5  6  4  92       
PG14 -13683.497135  17184.629813  15149.218642      1.325757  3  6  2 112       
PG15 -12340.449090 -10890.499810 -21209.671942   -217.573985  6  5  5 109       
PG16   1154.322578  25443.913758  -6885.296527   -182.705850  4  5  4  67       
PG17  20448.171190 -15027.764508   8184.667857    295.855214  3  5  5  75       
PG18 -21798.435037  -2180.936984 -15052.973091    246.130368  5  6  6  72       
PG19  15522.279757 -16093.636746  14001.369530   -132.081659  4  6  6  92       
PG20 -15067.705666   6115.174217 -21048.744201    527.288418  4  6  6  95       
PG21  -9503.176706  11820.158393 -21056.458915     23.635668  3  7  5  89       
PG22  10872.673076  20313.115351  13549.189413   -772.050772  6  6  5  88       
PG23 -14566.559000   8454.656263 -20564.568030 999999.999999
PG24 -21835.271046 -15128.187091  -3446.122695    -15.661620  5  7  2  85       
PG25 -14781.755588  -3460.005379  21574.664559     23.283778  4  5  4  74       
PG26  -5359.580191  24926.559508   6980.564910    243.286275  4  7  2  91       
PG27  -1619.748109  16573.587741 -20754.229303   -345.779057  5  8  4  81       
PG28  12125.445570 -18786.195900 -13866.978379    699.586491  5  3  3  77       
PG29 -23652.467777   1509.003939  11986.453439   -150.246664  1  6  5  58       
PG30  15617.956255  -7233.953831 -20230.579927   -261.968576  4  3  4  81       
PG31  -6130.828431  14172.955875  21529.390676    -55.587442  3  2  3  82       
PG32 -19097.573828  16484.976455   8146.559238    316.925256  4  3  3 104       
*  2020  7 14 18 15  0.00000000
PG01  21707.046288  15203.168671  -3818.779453     25.379519  3  6  4  58       
PG02  -4238.089950 -17550.696561  20136.012287   -487.219211  4  7  6  84       
PG03  12234.000721  15963.583573  17332.982968   -239.656435  5  6  5  85       
PG04  18088.275048   5010.915031  18817.154700 999999.999999
PG05  -1941.954898 -26369.503947   -910.144771    -16.661985  5  8  7  78       
PG06   9207.031685 -11765.233951  22011.411262   -303.005449  6  5  4  93       
PG07  23486.908708   3497.827816 -12069.388766   -327.195152  2  3  4  84       
PG08   7966.172081  12738.047011 -21891.653522    -40.953991  6  7  3  89       
PG09  23600.627725  -5679.002876  10750.620796   -253.568663  3  6  1  87       
PG10 -11816.319860  15823.290239 -17555.057974   -399.553440  4  6  6  82       
PG11  16674.364341  13161.948206 -16234.025843   -221.227703  6  8  6  89       
PG12 -10681.332170 -17051.940083  17180.216781     93.750147  6  7  6  88       
PG13   1463.735787 -16393.720053 -20943.052688     26.719595  5  6  4  96       
PG14 -15187.102098  17650.617068  12955.726182      1.328267  3  5  2  91       
PG15 -10401.825718 -12278.112776 -21459.573103   -217.571496  6  5  5  99       
PG16    862.623783  26024.377499  -4060.885509   -182.710260  4  5  4  59       
PG17  21180.230828 -15184.458887   5421.479148    295.860594  4  5  5  81       
PG18 -23045.593824  -3189.501585 -12855.725872    246.138862  5  6  6  33       
PG19  16976.850883 -16533.163616  11650.395656   -132.077146  4  6  5  97       
PG20 -15402.780305   3715.177294 -21385.924117    527.288312  4  5  6  99       
PG21 -11738.891174  10605.780400 -20560.564707     23.639715  3  7  5  91       
PG22  10712.856887  21720.945250  11279.951350   -772.048266  6  6  5  74       
PG23 -14654.772380   6063.966152 -21332.433240 999999.999999
PG24 -21238.373562 -15142.305641  -6159.643887    -15.662005  4  7  3  79       
PG25 -14708.304490  -5947.331573  21105.265634     23.287553  4  5  5  81       
PG26  -5668.888751  23971.881718   9599.720435    243.292384  4  6  3  91       
PG27  -3660.132408  17602.945914 -19577.305660   -345.787704  5  8  5  81       
PG28  12089.418007 -16987.378499 -15959.709771    699.583260  4  3  4  88       
PG29 -22351.159130    736.214188  14316.979394   -150.254311  2  5  5  74       
PG30  17459.260805  -5910.818411 -19147.938664   -261.975496  5  3  4  85       
PG31  -8244.678315  12866.364710  21683.807138    -55.589523  3     3  83       
PG32 -19898.032598  16635.142103   5434.492325    316.930835  3  4  3  87       
*  2020  7 14 18 30  0.00000000
PG01  21131.300832  15088.453473  -6612.925284     25.383268  3  6  4  33       
PG02  -2153.090806 -16745.022322  21156.127245   -487.224175  4  7  6  99       
PG03  12173.336315  17851.225369  15448.372578   -239.666848  6  7  5  77       
PG04  16241.246710   6252.998445  20085.163360 999999.999999
PG05  -1644.536751 -26318.872184   1941.662307    -16.662524  6  8  7  88       
PG06  11398.966453 -10610.808228  21570.445164   -303.010033  6  5  4 104       
PG07  24511.436207   4280.157380  -9639.892897   -327.202835  2  3  4  86       
PG08   5878.129480  14103.440870 -21691.505034    -40.955467  6  7  3  96       
PG09  22588.337708  -4721.998678  13115.452798   -253.574465  2  6     96       
PG10 -12069.871671  13713.255280 -19103.734741   -399.563059  5  6  5  99       
PG11  14777.855008  13391.999373 -17880.310182   -221.218046  6  8  5  85       
PG12 -10506.270317 -18935.029678  15246.072541     93.745499  6  7  6  86       
PG13   3589.167130 -17312.669247 -19907.147136     26.722502  5  7  4  74       
PG14 -16438.508243  18072.418072  10541.450834      1.330866  2  5  2  86       
PG15  -8522.834550 -13764.050774 -21350.933122   -217.569060  6  5  5  96       
PG16    615.254209  26293.138745  -1164.955251   -182.714739  4  5  4  81       
PG17  21627.894278 -15224.085577   2565.632421    295.865877  4  5  5  83       
PG18 -24115.583377  -4004.666240 -10437.743788    246.147324  4  6  6  58       
PG19  18152.053586 -16926.759806   9095.375747   -132.072109  4  6  5 107       
PG20 -15855.626077   1319.325685 -21357.420866    527.288666  4  5  5 104       
PG21 -13958.385021   9533.800279 -19685.098129     23.643548  3  7  4  97       
PG22  10586.028340  22873.308980   8819.979693   -772.045875  6  6  5  71       
PG23 -14872.247894   3615.242725 -21734.139250 999999.999999
PG24 -20372.377441 -15063.740331  -8769.983758    -15.663994  4  7  3  93       
PG25 -14762.071107  -8357.274023  20266.217681     23.291338  4  6  6  70       
PG26  -6046.809525  22746.653287  12051.355718    243.298493  4  6  4  88       
PG27  -5516.091509  18661.532209 -18064.292052   -345.796312  5  8  5  81       
PG28  12141.284648 -14959.807447 -17768.165094    699.579679  4  4  4  95       
PG29 -20874.805515   -228.657816  16400.929095   -150.261721  3  5  5  52       
PG30  19238.793121  -4749.443303 -17736.470842   -261.982372  5  3  3  78       
PG31 -10415.693230  11674.245091  21463.740312    -55.591645  3  2  3  80       
PG32 -20427.599942  16655.635397   2628.251814    316.936370  3  4  3  83       
*  2020  7 14 18 45  0.00000000
PG01  20270.495206  14879.798545  -9296.216410     25.386974  3  7  5  46       
PG02     58.242880 -16021.135311  21832.220741   -487.229315  4  6  6  88       
PG03  12188.476075  19511.127452  13297.937064   -239.677149  6  7  5  96       
PG04  14358.862750   7659.556185  21008.179495 999999.999999
PG05  -1298.834237 -25964.067463   4759.586858    -16.662985  6  8  7  84       
PG06  13586.329069  -9607.967066  20760.176979   -303.014638  6  5  4  94       
PG07  25316.271097   4887.971378  -7046.750353   -327.210942  2  3  4  87       
PG08   3898.828711  15553.094980 -21116.962659    -40.956586  6  7  4  86       
PG09  21422.491829  -3560.637440  15254.133778   -253.580270  2  6  1 102       
PG10 -12450.881453  11464.221431 -20318.918668   -399.572683  5  6  5 101       
PG11  12732.876990  13713.744209 -19226.587505   -221.208784  6  8  5  74       
PG12 -10426.147034 -20587.269558  13047.249975     93.741204  6  8  6  79       
PG13   5544.787647 -18278.222897 -18531.194493     26.725279  5  7  4  85       
PG14 -17428.968033  18409.554707   7946.745673      1.333464  2  5  3 101       
PG15  -6737.378030 -15319.053253 -20884.444287   -217.566807  6  5  5  94       
PG16    373.956301  26241.857272   1751.538524   -182.719206  4  5  5  66       
PG17  21801.427213 -15108.077253   -334.267766    295.871088  4  5  5  73       
PG18 -24970.183568  -4641.722319  -7840.538457    246.155811  4  6  5  77       
PG19  19042.071176 -17233.020004   6381.537823   -132.067880  4  6  5 104       
PG20 -16417.393491  -1026.728615 -20964.392988    527.288122  4  5  5 108       
PG21 -16110.944661   8614.026659 -18446.378748     23.647453  3  6  4 102       
PG22  10458.781054  23752.884817   6210.633012   -772.043757  6  6  4  90       
PG23 -15220.628175   1157.136414 -21762.810609 999999.999999
PG24 -19238.712727 -14929.049430 -11233.584289    -15.664970  4  7  4  86       
PG25 -14929.800899 -10642.509001  19073.225867     23.295109  4  6  6  70       
PG26  -6522.200464  21278.165879  14292.816827    243.304584  4  5  5  88       
PG27  -7162.223908  19708.737890 -16240.146582   -345.804976  4  8  5  83       
PG28  12306.656878 -12742.695025 -19258.418082    699.576669  4  4  4  90       
PG29 -19268.052755  -1393.197690  18202.249434   -150.269022  3  5  5  70       
PG30  20912.671065  -3753.943651 -16020.959528   -261.989224  5  3  3  85       
PG31 -12599.926567  10617.459615  20874.367566    -55.593947  3  2  4  89       
PG32 -20698.291282  16511.003588   -223.586227    316.941959  3  4  3  63       
*  2020  7 14 19  0  0.00000000
PG01  19126.256996  14617.591104 -11823.924090     25.390751  4  7  5  87       
PG02   2357.146233 -15402.150483  22153.817698   -487.234635  4  6  5  97       
PG03  12247.631513  20914.350572  10918.944535   -239.687563  6  7  5  84       
PG04  12485.887627   9214.129790  21570.279789 999999.999999
PG05   -870.211415 -25317.725349   7494.354978    -16.664158  6  8  7  95       
PG06  15720.543011  -8765.816155  19594.528428   -303.019237  5  5  4  89       
PG07  25871.954835   5344.782270  -4334.571524   -327.218740  2  4  4  83       
PG08   2062.535998  17051.097858 -20177.198488    -40.957391  6  7  4  92       
PG09  20145.035850  -2192.514043  17129.655304   -253.586051  2  5  1 101       
PG10 -12969.786067   9123.534202 -21179.879435   -399.582318  5  5  5 106       
PG11  10579.048762  14141.235960 -20251.891217   -221.199069  6  8  5  86       
PG12 -10410.163998 -21977.653912  10622.586930     93.736836  6  8  6  94       
PG13   7301.735461 -19253.355320 -16838.247049     26.728623  5  7  4  84       
PG14 -18158.173474  18621.945537   5215.414794      1.335745  2  4  2  72       
PG15  -5074.139757 -16908.603846 -20066.663647   -217.564660  7  6  5  86       
PG16     99.952400  25871.745347   4636.972988   -182.723642  4  5  5  73       
PG17  21719.369915 -14801.759904  -3228.349886    295.876452  5  5  5  79       
PG18 -25576.403298  -5122.933688  -5108.696974    246.164243  4  5  5  60       
PG19  19650.404590 -17411.646935   3556.627476   -132.063420  5  6  5  93       
PG20 -17071.987897  -3279.756355 -20214.153091    527.288196  5  5  6 102       
PG21 -18146.500525   7847.676892 -16867.849540     23.651607  3  6  3  96       
PG22  10295.908837  24350.149110   3495.910448   -772.041440  6  7  4  82       
PG23 -15693.474416  -1261.902208 -21417.955256 999999.999999
PG24 -17846.747842 -14774.658747 -13509.356437    -15.664614  4  7  4  92       
PG25 -15190.862481 -12759.862664  17548.154613     23.298957  5  6  6  81       
PG26  -7118.644330  19600.416757  16285.222651    243.310739  4  4  5 100       
PG27  -8581.166803  20701.170456 -14135.373015   -345.813665  4  8  5  73       
PG28  12604.172101 -10381.306722 -20402.147971    699.573461  4  4  4  79       
PG29 -17577.705036  -2756.374116  19689.726886   -150.276764  3  5  5  78       
PG30  22438.427368  -2920.555062 -14031.283189   -261.996117  5  4  2  93       
PG31 -14751.304693   9709.054772  19927.156568    -55.596232  4  2  5  97       
PG32 -20729.919916  16170.089909  -3071.530868    316.947537  2  5  3  76       
*  2020  7 14 19 15  0.00000000
PG01  17708.831840  14341.977932 -14153.978853     25.394534  4  8  5  61       
PG02   4701.290667 -14904.326766  22115.879716   -487.239595  4  5  4 102       
PG03  12315.151906  22039.754479   8352.496861   -239.697986  7  7  5  81       
PG04  10664.304602  10892.634907  21761.723497 999999.999999
PG05   -327.357292 -24400.802963  10098.039675    -16.664906  6  8  7  87       
PG06  17753.057518  -8084.995799  18093.467494   -303.023848  5  5  4  82       
PG07  26155.576615   5679.506395  -1549.501976   -327.226823  2  4  4  81       
PG08    396.759644  18556.766706 -18887.780531    -40.957316  6  7  5  67       
PG09  18799.169662   -623.524723  18709.526698   -253.591859  2  5  1  99       
PG10 -13628.926181   6740.509624 -21672.190836   -399.591979  5  5  5  96       
PG11   8358.291780  14681.789643 -20940.629098   -221.189477  5  8  4  74       
PG12 -10423.143905 -23083.113162   8014.608906     93.732583  6  9  6  81       
PG13   8838.689618 -20197.536430 -14856.823331     26.731422  5  7  4  83       
PG14 -18634.177361  18671.573392   2394.021340      1.338264  2  4  2  78       
PG15  -3555.637116 -18494.079815 -18909.996050   -217.562252  7  6  5  68       
PG16   -244.283435  25193.571133   7440.047938   -182.727746  4  5  5  68       
PG17  21407.787539 -14275.910239  -6066.325983    295.881545  5  5  4 101       
PG18 -25907.753086  -5476.478395  -2289.121514    246.172723  3  5  4  72       
PG19  19989.510606 -17425.149023    670.015016   -132.058973  5  6  4  99       
PG20 -17796.684556  -5400.389182 -19120.005668    527.288608  5  5  6  97       
PG21 -20017.585932   7227.516223 -14979.510356     23.656228  3  6  2  87       
PG22  10061.904648  24663.662346    721.755155   -772.039130  6  6  4  69       
PG23 -16276.484085  -3595.287936 -20705.472869 999999.999999
PG24 -16213.571549 -14635.377713 -15559.301042    -15.663793  4  7  5  99       
PG25 -15518.165092 -14671.780623  15718.558820     23.302757  5  6  6  96       
PG26  -7853.347546  17752.862329  17994.154806    243.316794  4  3  5  94       
PG27  -9764.122114  21594.334083 -11785.559322   -345.822344  4  7  5  76       
PG28  13044.546878  -7925.346846 -21177.321774    699.570163  3  4  4  86       
PG29 -15850.978767  -4308.379461  20837.538977   -150.284373  4  5  5  85       
PG30  23776.539773  -2237.985492 -11801.878544   -262.002998  5  4  1  59       
PG31 -16823.248267   8953.938294  18639.578905    -55.598333  3  2  5  85       
PG32 -20549.205874  15607.422665  -5866.057495    316.953057  2  5  3  73       
*  2020  7 14 19 30  0.00000000
PG01  16036.822025  14091.249272 -16247.600368     25.398287  5  8  5  55       
PG02   7046.121325 -14536.522148  21718.860789   -487.244795  4  5  4  81       
PG03  12353.050010  22874.653904   5642.811306   -239.708292  7  8  5  79       
PG04   8931.825954  12664.131695  21579.124248 999999.999999
PG05    356.258958 -23241.787377  12524.946630    -16.665515  6  7  7  98       
PG06  19637.065580  -7557.793638  16282.671859   -303.028475  5  5  4  85       
PG07  26151.582402   5925.139418   1261.531388   -327.234542  3  5  4  84       
PG08  -1078.660329  20026.140139 -17270.447736    -40.958352  6  7  5  73       
PG09  17427.698199   1132.151080  19966.348452   -253.597713  1  5  2 107       
PG10 -14422.382276   4364.675939 -21787.950552   -399.601652  4  5  4 104       
PG11   6113.435940  15335.677794 -21282.718405   -221.180142  6  8  4  70       
PG12 -10427.075859 -23889.229893   5268.743780     93.728034  6  9  5  94       
PG13  10142.512868 -21068.290456 -12620.460063     26.734457  5  7  3  94       
PG14 -18872.995467  18524.109864   -468.879391      1.340867  2  4  2  88       
PG15  -2197.496760 -20034.078877 -17432.591166   -217.559696  7  7  5  95       
PG16   -693.291473  24227.279519  10110.786190   -182.732409  4  4  5  74       
PG17  20899.221855 -13508.133924  -8798.385298    295.886747  5  5  4  66       
PG18 -25945.280956  -5735.162886    569.771084    246.181152  3  5  4  72       
PG19  20080.099968 -17240.418041  -2228.204784   -132.054598  5  6  5  89       
PG20 -18563.003402  -7354.403935 -17700.992653    527.288107  5  5  6  90       
PG21 -21681.173494   6738.384816 -12817.184655     23.660670  3  6  2  76       
PG22   9722.487850  24700.064387  -2064.684267   -772.037036  6  6  4  81       
PG23 -16948.023825  -5799.893447 -19637.555975 999999.999999
PG24 -14363.504093 -14542.985933 -17349.085685    -15.664139  4  6  5  89       
PG25 -15879.333838 -16347.564956  13617.119894     23.306680  6  6  6  96       
PG26  -8736.302746  15778.970928  19390.258051    243.322914  4  3  5  88       
PG27 -10711.053211  22344.385594  -9230.811592   -345.831033  5  7  5  83       
PG28  13629.968953  -5427.136180 -21568.747217    699.566876  3  5  4  81       
PG29 -14133.749822  -6030.815601  21625.713527   -150.292157  4  6  6  76       
PG30  24891.852822  -1688.056958  -9371.135743   -262.009906  5  4     85       
PG31 -18770.301721   8348.880324  17034.732159    -55.600646  4  2  5  85       
PG32 -20188.618828  14804.392556  -8558.496738    316.958665  2  6  3  87       
*  2020  7 14 19 45  0.00000000
PG01  14136.631657  13900.304635 -18069.878033     25.402028  6  8  5  31       
PG02   9346.271684 -14299.909866  20968.711413   -487.249867  4  4  3  89       
PG03  12322.620435  23415.157388   2836.455787   -239.718694  7  8  5  82       
PG04   7320.576478  14491.868736  21025.514417 999999.999999
PG05   1201.121117 -21875.612341  14732.463116    -16.666192  6  7  7  92       
PG06  21329.164924  -7168.585300  14193.098364   -303.033070  4  5  4  82       
PG07  25852.316632   6117.305244   4051.557602   -327.242289  3  5  4  76       
PG08  -2352.161806  21413.622529 -15352.768508    -40.959878  6  7  5  48       
PG09  16071.408758   3052.393327  20878.297669   -253.603508  1  4  2 102       
PG10 -15336.150238   2044.022920 -21525.875494   -399.611283  3  5  3 102       
PG11   3886.817605  16096.091764 -21273.646370   -221.170435  6  8  4  72       
PG12 -10382.762257 -24390.623303   2432.504162     93.723653  6  9  5  92       
PG13  11208.585095 -21822.850939 -10167.174167     26.737453  5  7  3  83       
PG14 -18897.897836  18150.430753  -3323.571595      1.343551  2  4  1  89       
PG15  -1007.983497 -21485.880075 -15658.149295   -217.557363  7  7  5 104       
PG16  -1277.007053  23001.242265  12601.518622   -182.736606  4  4  6  96       
PG17  20231.378517 -12484.002876 -11376.114478    295.892081  5  5  4  85       
PG18 -25678.331575  -5934.958805   3418.876355    246.189593  3  5  3  86       
PG19  19950.130555 -16830.125790  -5088.101590   -132.049758  5  5  4  98       
PG20 -19337.809025  -9113.807802 -15981.552607    527.288545  5  5  6 104       
PG21 -23100.302265   6358.080127 -10421.650477     23.664423  3  5  2  83       
PG22   9246.102702  24473.775957  -4815.825099   -772.034598  6  6  4  70       
PG23 -17679.957318  -7837.508859 -18232.485331 999999.999999
PG24 -12327.354307 -14524.939412 -18848.572466    -15.664394  4  6  5  98       
PG25 -16238.090899 -17764.334550  11281.002356     23.310493  6  6  6 104       
PG26  -9769.747913  13724.633907  20449.740485    243.328900  3  3  4 107       
PG27 -11430.539345  22909.897139  -6515.089404   -345.839766  5  6  5  80       
PG28  14353.864129  -2939.660266 -21568.472898    699.563574  2  5  4  76       
PG29 -12468.862206  -7897.219487  22040.486882   -150.299354  4  6  6  73       
PG30  25754.839127  -1246.609637  -6780.736911   -262.016801  4  4  1  81       
PG31 -20549.710350   7882.831222  15140.881805    -55.602820  4  2  5  69       
PG32 -19685.000765  13750.168985 -11101.913126    316.964261  2  6  3  84       
*  2020  7 14 20  0  0.00000000
PG01  12041.638288  13799.253495 -19590.297741     25.405802  6  8  5  41       
PG02  11557.012607 -14187.964971  19876.830408   -487.254999  3  3  2  86       
PG03  12186.087709  23666.178437    -18.448845   -239.729110  8  8  5  50       
PG04   5856.000436  16334.561408  20110.300595 999999.999999
PG05   2220.641462 -20342.326533  16681.850915    -16.667281  6  6  6  94       
PG06  22790.899665  -6894.585843  11860.465039   -303.037659  4  5  3  78       
PG07  25258.283847   6292.732555   6774.274696   -327.250256  3  5  4  89       
PG08  -3420.742800  22673.716072 -13167.686101    -40.961496  6  6  5  67       
PG09  14767.538144   5107.796611  21429.516323   -253.609264     4  2 102       
PG10 -16348.646546   -176.672216 -20891.274160   -399.620917  2  6  2  99       
PG11   1718.916133  16949.364158 -20914.461576   -221.160813  6  8  4  78       
PG12 -10251.501179 -24590.993474   -445.346364     93.718969  6  8  5 104       
PG13  12040.812578 -22419.849397  -7538.841308     26.740438  5  7  2  78       
PG14 -18738.410375  17527.958080  -6120.061961      1.346157  2  3  1  90       
PG15     12.194535 -22806.988737 -13615.631566   -217.555094  7  7  4 101       
PG16  -2019.328701  21551.166967  14867.827504   -182.740874  4  4  6 101       
PG17  19445.596760 -11197.897140 -13753.424839    295.897189  5  5  4  89       
PG18 -25104.999094  -6113.419303   6209.241942    246.198014  4  5  4  71       
PG19  19633.541888 -16173.888030  -7860.770269   -132.045244  5  5  4  86       
PG20 -20084.593788 -10657.686749 -13991.100082    527.288157  5  5  6  96       
PG21 -24245.422974   6058.543543  -7837.671583     23.668394  3  5  2  75       
PG22   8605.330820  24006.414001  -7484.444041   -772.032398  6  6  4  86       
PG23 -18438.736707  -9676.113335 -16514.322642 999999.999999
PG24 -10141.447590 -14603.241787 -20032.291679    -15.664386  4  6  5 106       
PG25 -16555.784126 -18907.677086   8751.147480     23.314256  7  7  5  90       
PG26 -10947.942399  11636.499217  21154.765459    243.335022  3  3  3  99       
PG27 -11939.288474  23253.554281  -3685.451867   -345.848471  5  6  4  81       
PG28  15201.055674   -514.576133 -21176.017350    699.560425  2  5  4  72       
PG29 -10894.563972  -9873.909580  22074.554068   -150.307047  5  6  6  71       
PG30  26342.654500   -884.631602  -4074.949388   -262.023700  4  4  2  57       
PG31 -22122.888324   7537.537484  12990.934363    -55.605205  4  3  6  75       
PG32 -19078.023630  12442.316516 -13451.955371    316.969786  2  6  3  85       
*  2020  7 14 20 15  0.00000000
PG01   9791.119445  13812.199240 -20783.210472     25.409568  6  8  4  70       
PG02  13635.691844 -14186.723828  18459.962449   -487.260196  3  3  2  83       
PG03  11908.220499  23641.120936  -2873.045979   -239.739522  8  8  5  67       
PG04   4556.033703  18147.856570  18849.110355 999999.999999
PG05   3420.422690 -18685.567400  18338.965311    -16.667861  6  5  6 104       
PG06  23990.124550  -6706.883168   9324.653486   -303.042262  4  5  3  56       
PG07  24378.126973   6487.713355   9384.732661   -327.258050  3  5  4  85       
PG08  -4289.902581  23762.771936 -10752.957045    -40.963319  6  6  5  49       
PG09  13548.389592   7262.613803  21610.394906   -253.615083  2  4  2  97       
PG10 -17431.519833  -2257.377685 -19895.900019   -399.630556  2  6  2  94       
PG11   -352.927877  17875.440460 -20211.701129   -221.151253  6  7  4  69       
PG12  -9996.738776 -24502.830033  -3315.627916     93.714335  6  8  5  73       
PG13  12651.310438 -22820.972643  -4780.499279     26.743433  5  7  2  91       
PG14 -18429.061015  16641.768815  -8808.997529      1.348677  2  2  1  91       
PG15    869.790682 -23956.710295 -11338.871444   -217.552549  7  7  4 101       
PG16  -2936.938248  19918.710680  16869.422556   -182.745061  3  4  6  99       
PG17  18585.159983  -9653.507264 -15887.464620    295.902027  5  5  4  73       
PG18 -24232.255848  -6308.036517   8892.905810    246.206487  5  6  5  89       
PG19  19168.785808 -15259.154753 -10499.148957   -132.040494  6  5  5  71       
PG20 -20764.895877 -11972.788407 -11763.532217    527.288028  6  5  6  74       
PG21 -25095.406788   5807.285852  -5112.966991     23.672892  3  5  2  55       
PG22   7778.162270  23325.939522 -10024.481175   -772.029980  6  5  4  67       
PG23 -19186.716016 -11290.910779 -14512.505318 999999.999999
PG24  -7846.457007 -14793.520809 -20879.856253    -15.664040  4  5  5 106       
PG25 -16793.000374 -19771.974101   6071.520362     23.318111  7  7  4  87       
PG26 -12257.266910   9560.293903  21493.729919    243.341172  3  3  2 102       
PG27 -12261.323545  23343.718850   -791.226759   -345.857208  5  5  4  75       
PG28  16148.313824   1799.730478 -20398.415263    699.557261  2  5  5  63       
PG29  -9443.131392 -11921.121569  21727.205747   -150.314610  5  6  6  80       
PG30  26639.949392   -569.569729  -1299.885038   -262.030662  4  5  2  71       
PG31 -23456.726441   7288.427217  10621.853062    -55.607532  5  3  6  75       
PG32 -18408.544275  10887.084903 -15567.660545    316.975359  2  6  3  75       
*  2020  7 14 20 30  0.00000000
PG01   7428.970178  13956.248910 -21628.238324     25.413318  6  7  4  81       
PG02  15543.119464 -14275.312036  16740.038001   -487.265338  3  3  3  83       
PG03  11457.850299  23361.252928  -5678.566482   -239.749998  8  8  6  16       
PG04   3430.572712  19885.928058  17263.532314 999999.999999
PG05   4797.837978 -16950.903181  19674.884066    -16.668515  6  5  5 106       
PG06  24902.140231  -6571.713957   6629.040664   -303.046802  4  5  2  58       
PG07  23228.327897   6736.596558  11839.981848   -327.265710  4  5  4  94       
PG08  -4973.242021  24640.689870  -8150.491660    -40.964902  6  5  5  55       
PG09  12440.153627   9475.952449  21417.745932   -253.620908  2  4  2  84       
PG10 -18550.733642  -4164.141029 -18557.692312   -399.640214  2  6  2 100       
PG11  -2295.672943  18848.581073 -19177.257734   -221.141500  6  7  4  63       
PG12  -9585.629084 -24146.802183  -6129.566087     93.710345  6  8  5  97       
PG13  13059.768221 -22992.523838  -1939.586495     26.746176  5  7  1  82       
PG14 -18007.916992  15485.418117 -11342.598967      1.351281  2  2     73       
PG15   1578.631129 -24897.693942  -8866.086440   -217.550160  7  7  3  95       
PG16  -4038.425982  18149.858290  18570.926265   -182.749292  3  5  6  97       
PG17  17693.515203  -7863.966408 -17739.492324    295.907669  5  6  4  87       
PG18 -23075.751452  -6554.604164  11423.718671    246.214921  6  7  6  80       
PG19  18597.214147 -14081.797792 -12958.782377   -132.035553  6  5  5  79       
PG20 -21339.799737 -13053.820127  -9336.670063    527.288344  6  5  6  89       
PG21 -25638.183397   5568.976666  -2297.156697     23.677126  3  5  3  22       
PG22   6749.073771  22465.566596 -12391.841135   -772.027749  6  5  4  72       
PG23 -19883.636412 -12665.090504 -12261.349514 999999.999999
PG24  -5486.076359 -15104.344010 -21376.311587    -15.664641  4  4  5 108       
PG25 -16911.199583 -20360.393761   3288.326289     23.321937  7  7  4 102       
PG26 -13676.641288   7539.201386  21461.426566    243.347321  3  3  1 100       
PG27 -12426.871594  23155.789693   2116.881739   -345.865927  5  5  3  74       
PG28  17165.272463   3959.946575 -19250.076702    699.554401  2  5  5  65       
PG29  -8139.735119 -13994.390308  21004.348878   -150.322171  5  6  6  84       
PG30  26639.408243   -266.771215   1497.263034   -262.037564  4  5  3  65       
PG31 -24524.695502   7105.727954   8074.026793    -55.609507  5  3  6 105       
PG32 -17716.923531   9099.359584 -17412.195387    316.980937  3  6  3  85       
*  2020  7 14 20 45  0.00000000
PG01   5002.254559  14240.784245 -22110.613427     25.417068  6  7  4  71       
PG02  17244.854812 -14426.729011  14743.951351   -487.270225  3  2  3  76       
PG03  10809.236961  22854.794312  -8387.144906   -239.760193  9  8  6  89       
PG04   2481.260569  21503.142241  15380.753260 999999.999999
PG05   6341.947282 -15184.111352  20666.432663    -16.669097  6  4  4 110       
PG06  25510.556286  -6451.933387   3819.770318   -303.051420  4  5  2  63       
PG07  21832.644256   7070.367006  14099.683450   -327.273767  4  5  4  79       
PG08  -5491.737671  25272.496791  -5405.608533    -40.964706  6  5  5  27       
PG09  11461.978980  11703.178196  20854.863813   -253.626692  3  4  2  86       
PG10 -19667.875120  -5870.175233 -16900.412608   -399.649834  3  6  3  92       
PG11  -4081.580213  19838.268915 -17828.189806   -221.132005  6  6  4  68       
PG12  -8990.443835 -23550.858366  -8839.588493     93.705708  5  8  5  77       
PG13  13292.521182 -22906.825018    934.872323     26.749429  5  7  1 109       
PG14 -17514.970719  14061.435520 -13675.587540      1.353818  2  2     67       
PG15   2158.940635 -25597.385454  -6239.291405   -217.548032  8  8  3  99       
PG16  -5323.759461  16293.136733  19942.548115   -182.753624  2  5  6  91       
PG17  16812.476106  -5851.597174 -19275.686408    295.912425  5  5  4  90       
PG18 -21659.289459  -6885.649150  13758.136566    246.223338  7  8  7  75       
PG19  17961.387417 -12646.379111 -15198.520736   -132.031197  6  5  5  98       
PG20 -21771.463714 -13903.453005  -6751.642521    527.288398  6  5  6  94       
PG21 -25870.994965   5307.118800    559.281349     23.680764  3  4  3  64       
PG22   5509.868719  21462.471420 -14545.177332   -772.025434  5  4  4  56       
PG23 -20488.226428 -13790.284103  -9799.469220 999999.999999
PG24  -3105.579682 -15536.800172 -21512.415139    -15.665446  4  3  5 103       
PG25 -16874.306831 -20684.558667    449.211364     23.325699  8  7  3 105       
PG26 -15178.241281   5612.356150  21059.089810    243.353464  3  3  2 106       
PG27 -12470.998601  22673.301607   4987.728392   -345.874673  4  5  4  94       
PG28  18215.670564   5929.407970 -17752.463137    699.551139  2  4  6  76       
PG29  -7001.592639 -16046.124941  19918.410162   -150.329686  4  7  5  83       
PG30  26341.998397     58.998981   4268.995195   -262.044483  4  5  3  55       
PG31 -25307.709250   6955.772669   5390.602477    -55.612017  6  4  6  94       
PG32 -17041.377764   7102.273667 -18953.519419    316.986522  3  6  3  81       
*  2020  7 14 21  0  0.00000000
PG01   2559.639654  14667.021508 -22221.444926     25.420885  6  6  4  85       
PG02  18712.351767 -14608.869808  12503.271704   -487.275194  3  3  4  68       
PG03   9943.229726  22155.754636 -10952.616161   -239.770506  8  8  6  81       
PG04   1701.598422  22955.729882  13233.097845 999999.999999
PG05   8033.753469 -13429.464228  21296.594975    -16.669698  6  4  3 107       
PG06  25807.848804  -6308.622377    944.975367   -303.056023  4  5  2  47       
PG07  20221.303888   7515.356552  16126.679424   -327.281588  4  5  4  98       
PG08  -5872.718104  25629.739067  -2566.217396    -40.966567  6  5  5  63       
PG09  10625.329816  13897.471217  19931.469743   -253.632477  4  4  2 100       
PG10 -20741.636336  -7356.658936 -14953.186968   -399.659468  4  6  3 103       
PG11  -5689.029471  20810.292359 -16186.476741   -221.122368  6  6  4  73       
PG12  -8189.781788 -22749.073528 -11400.085415     93.701340  6  7  5  92       
PG13  13381.361834 -22543.404063   3793.119399     26.752221  5  7  2  85       
PG14 -16990.440338  12381.465737 -15766.082417      1.356142  3  1     70       
PG15   2636.402348 -26029.329125  -3503.617848   -217.545846  8  8  2 104       
PG16  -6784.118311  14397.743437  20960.631492   -182.757652  2  5  6  97       
PG17  15980.487665  -3647.275496 -20467.866884    295.917676  5  5  5  77       
PG18 -20014.001141  -7328.993477  15855.969996    246.231839  8  8  7  66       
PG19  17303.369271 -10966.095398 -17181.146935   -132.026561  6  5  6  73       
PG20 -22024.618963 -14532.032989  -4052.221166    527.288211  6  6  6  82       
PG21 -25800.272214   4985.729356   3406.012590     23.684953  3  4  4  66       
PG22   4060.241766  20356.348809 -16446.644159   -772.022797  5  3  4  66       
PG23 -20959.855612 -14666.701271  -7169.120703 999999.999999
PG24   -750.316124 -16084.364869 -21284.839871    -15.665121  4  3  5 111       
PG25 -16650.203077 -20763.907812  -2397.538949     23.329482  8  6  3  96       
PG26 -16728.483899   3813.512721  20294.327829    243.359612  4  4  2  87       
PG27 -12432.045043  21888.712936   7770.684797   -345.883418  3  5  3 107       
PG28  19258.859102   7679.377839 -15933.591978    699.547864  3  5  6  56       
PG29  -6037.440061 -18027.316414  18488.123523   -150.337328  4  7  5  85       
PG30  25756.920722    442.021810   6968.280492   -262.051375  4  5  3  65       
PG31 -25794.719765   6802.444494   2616.790294    -55.614249  6  4  6  75       
PG32 -16416.429883   4926.496478 -20164.956462    316.992085  3  5  4  91       
*  2020  7 14 21 15  0.00000000
PG01    149.765002  15227.878579 -21957.908944     25.424531  6  6  4  74       
PG02  19923.921139 -14785.756997  10053.882067   -487.280352  4  3  4  83       
PG03   8848.179997  21302.565591 -13331.280502   -239.780889  7  7  6  63       
PG04   1077.377712  24203.400014  10857.478162 999999.999999
PG05   9846.787303 -11728.091695  21554.801606    -16.670592  6  3  3 105       
PG06  25795.590682  -6102.770643  -1946.036438   -303.060583  4  5  2  45       
PG07  18429.985183   8092.129123  17887.519590   -327.289665  4  5  4  91       
PG08  -6148.583885  25691.630474    318.052899    -40.967898  5  5  5  75       
PG09   9933.654196  16011.475474  18663.542428   -253.638286  4  4  3  93       
PG10 -21729.409294  -8613.224345 -12749.964751   -399.669090  5  6  3  86       
PG11  -7103.122360  21727.968677 -14278.720510   -221.112725  6  5  4  74       
PG12  -7169.535500 -21780.289944 -13768.125352     93.697009  6  6  5  85       
PG13  13362.137237 -21889.916836   6585.540746     26.755049  4  7  3  88       
PG14 -16473.056897  10466.041107 -17576.444313      1.358817  3  2     78       
PG15   3040.983282 -26174.262057   -706.547230   -217.543677  8  8  1  85       
PG16  -8402.099970  12511.670421  21608.061660   -182.761755  3  5  7  65       
PG17  15231.029629  -1289.432119 -21294.105961    295.922874  5  5  5  83       
PG18 -18177.247585  -7906.502799  17681.076724    246.240323  8  8  8  61       
PG19  16663.069790  -9062.406302 -18873.926900   -132.022066  6  5  6  87       
PG20 -22067.984691 -14957.010367  -1284.114596    527.287824  7  6  6  98       
PG21 -25441.156200   4570.954431   6193.780938     23.689075  3  3  4  72       
PG22   2408.040847  19187.870944 -18062.601707   -772.020686  5  3  3  77       
PG23 -21260.177784 -15302.939482  -4415.482859 999999.999999
PG24   1535.807661 -16733.059203 -20696.295546    -15.665528  5  3  4  91       
PG25 -16212.060759 -20624.782288  -5203.791063     23.333284  8  5  3 104       
PG26 -18289.240917   2169.938020  19180.945107    243.365794  4  4  3  65       
PG27 -12349.926859  20803.845190  10416.597631   -345.892075  2  5  3  93       
PG28  20251.500897   9189.971866 -13827.388351    699.544770  3  5  6  59       
PG29  -5247.343676 -19889.311135  16738.205106   -150.344692  4  7  4  91       
PG30  24901.264693    914.126188   9549.321702   -262.058321  4  5  4  69       
PG31 -25983.027545   6608.707093   -200.849533    -55.616272  6  4  6  43       
PG32 -15871.522353   2609.227128 -21025.663435    316.997753  3  5  4  88       
*  2020  7 14 21 30  0.00000000
PG01  -2180.396368  15908.158038 -21323.356245     25.428300  5  5  4  82       
PG02  20865.472449 -14918.947441   7435.540927   -487.285586  4  3  4  83       
PG03   7520.571779  20336.560605 -15482.625689   -239.791322  6  7  6  63       
PG04    587.416403  25210.833481   8294.762140 999999.999999
PG05  11747.996443 -10116.487212  21437.091474    -16.671076  6  3  4 109       
PG06  25484.345060  -5796.970605  -4803.620433   -303.065145  4  5  2  60       
PG07  16498.617423   8814.576139  19352.943655   -327.297117  4  4  4  84       
PG08  -6355.323775  25445.907780   3196.762856    -40.969080  4  5  5  46       
PG09   9382.376305  17998.976882  17073.037622   -253.644076  4  4  3  96       
PG10 -22588.932413  -9638.118880 -10328.905857   -399.678688  6  7  3  96       
PG11  -8316.053294  22553.469172 -12135.793955   -221.103074  6  5  4  72       
PG12  -5923.582935 -20686.603680 -15904.117808     93.692776  6  6  5  78       
PG13  13273.186834 -20942.765153   9263.550015     26.758168  4  6  3 101       
PG14 -15998.412420   8343.989385 -19074.041885      1.361542  4  2     94       
PG15   3405.568492 -26020.950272   2102.930099   -217.541073  8  7     98       
PG16 -10152.284224  10679.904330  21874.528245   -182.765696  4  5  7  74       
PG17  14591.231394   1177.270030 -21739.207633    295.927989  5  5  6  78       
PG18 -16191.291788  -8633.070885  19201.986249    246.248806  8  8  8  52       
PG19  16076.697011  -6964.364568 -20249.079621   -132.017466  6  5  6  91       
PG20 -21875.547680 -15202.108817   1505.768617    527.287871  7  7  6  62       
PG21 -24816.703489   4032.552743   8875.259384     23.693156  3  2  4  73       
PG22    569.210832  17997.108033 -19364.257262   -772.017971  5  2  3  81       
PG23 -21354.700178 -15715.475014  -1585.885380 999999.999999
PG24   3711.803703 -17461.900977 -19755.561912    -15.666127  4  3  4  97       
PG25 -15539.477527 -20299.273246  -7922.333531     23.337071  7  5  4 100       
PG26 -19819.231858    701.566686  17738.661658    243.371934  5  4  4  69       
PG27 -12264.373398  19429.953079  12878.724336   -345.900741  1  5  3  86       
PG28  21149.382261  10450.693283 -11472.908629    699.541699  3  5  6  48       
PG29  -4622.858267 -21585.581725  14698.921465   -150.352392  5  7  4  75       
PG30  23799.381173   1503.285138  11968.299883   -262.065242  4  5  4  78       
PG31 -25878.298181   6338.165697  -3015.130297    -55.619019  7  4  5  74       
PG32 -15429.847801    192.933595 -21520.987805    317.003305  4  5  4  98       
*  2020  7 14 21 45  0.00000000
PG01  -4387.127771  16685.044561 -20327.332242     25.431995  5  5  4  87       
PG02  21531.002104 -14969.070997   4691.362671   -487.290864  5  4  4  78       
PG03   5965.346213  19300.359062 -17369.995846   -239.801766  6  6  5  69       
PG04    204.570400  25948.998137   5589.071329 999999.999999
PG05  13698.900946  -8625.216356  20946.145465    -16.671584  6  3  4 112       
PG06  24893.225094  -5357.056413  -7578.642741   -303.069740  5  5  2  32       
PG07  14470.040283   9689.252400  20498.315630   -327.305082  5  4  4  77       
PG08  -6530.888700  24889.358148   6019.587619    -40.970815  3  5  4  78       
PG09   8959.212143  19816.545243  15187.501592   -253.649869  5  4  3  91       
PG10 -23279.925502 -10438.039073  -7731.708657   -399.688262  7  7  3  76       
PG11  -9327.234899  23249.203990  -9792.435532   -221.093546  6  4  4  82       
PG12  -4454.181483 -19511.752947 -17772.416894     93.688385  6  5  5  96       
PG13  13153.682791 -19707.383129  11780.461968     26.761206  4  6  4  85       
PG14 -15597.441833   6051.497617 -20231.918836      1.363983  5  2     93       
PG15   3764.457093 -25566.725028   4875.214828   -217.539045  8  7     88       
PG16 -12002.128289   8942.777474  21756.640609   -182.770012  5  6  8  67       
PG17  14080.761852   3703.527986 -21795.040106    295.933466  5  6  6  67       
PG18 -14101.791296  -9515.880175  20392.445121    246.257342  8  8  8  75       
PG19  15575.370560  -4707.675967 -21284.165002   -132.013000  6  5  7  86       
PG20 -21427.658578 -15296.264413   4270.078870    527.288222  7  7  6  81       
PG21 -23956.822908   3345.194287  11405.804381     23.697257  3  1  4  89       
PG22  -1432.584325  16821.973662 -20328.228393   -772.015725  5  2  3  82       
PG23 -21214.217341 -15927.855043   1271.002346 999999.999999
PG24   5740.983534 -18243.637289 -18477.428187    -15.665999  5  3  3  86       
PG25 -14619.369654 -19823.877853 -10507.617012     23.340852  7  4  5 116       
PG26 -21275.541688   -579.551819  15992.736549    243.378008  6  4  4  82       
PG27 -12213.177434  17787.419642  15113.623475   -345.909359     6  2  63       
PG28  21909.251736  11460.561883  -8913.464340    699.538175  4  5  6  63       
PG29  -4147.525325 -23073.425782  12405.558678   -150.359964  5  7  3  73       
PG30  22481.996041   2232.358216  14184.088409   -262.072198  4  5  4  77       
PG31 -25494.287107   5956.603559  -5778.965199    -55.621078  7  5  5  74       
PG32 -15107.443372  -2276.111940 -21642.707820    317.008954  4  4  5  99       
*  2020  7 14 22  0  0.00000000
PG01  -6431.452157  17528.904128 -18985.504239     25.435710  5  5  4  79       
PG02  21922.801363 -14897.450768   1867.214403   -487.296045  5  4  4  74       
PG03   4195.907719  18236.215758 -18961.197403   -239.812250  5  6  5  56       
PG04   -103.019448  26396.234450   2787.020022 999999.999999
PG05  15656.967103  -7277.877969  20091.194187    -16.672363  7  3  5 114       
PG06  24049.135995  -4753.624092 -10223.323509   -303.074360  5  5  3  46       
PG07  12388.565844  10714.975695  21304.007561   -327.312623  5  4  4  94       
PG08  -6713.491146  24027.996514   8737.238910    -40.972196  2  5  4  70       
PG09   8644.795509  21425.076207  13039.585648   -253.655699  5  4  2  86       
PG10 -23765.651779 -11027.647461  -5002.891015   -399.697870  7  7  3  89       
PG11 -10143.171525  23779.222141  -7286.790006   -221.083955  6  3  4  72       
PG12  -2772.052434 -18299.466860 -19341.860432     93.684093  6  4  5  91       
PG13  13041.939532 -18198.177702  14092.337872     26.764076  4  6  5  88       
PG14 -15295.106470   3630.869305 -21029.342349      1.366720  5  2  1  95       
PG15   4151.781600 -24817.689417   7561.038464   -217.536833  8  7  1 104       
PG16 -13913.150052   7334.536216  21257.899214   -182.774295  7  6  8  70       
PG17  13711.045318   6237.192064 -21460.709873    295.938432  4  6  6  72       
PG18 -11956.168856 -10553.968018  21231.873567    246.265860  7  7  8  80       
PG19  15183.944419  -2333.525369 -21962.388694   -132.008497  7  5  7  82       
PG20 -20711.903600 -15272.373243   6961.796414    527.288016  7  7  6  93       
PG21 -22896.998950   2489.532066  13744.108100     23.700958  3     4  90       
PG22  -3566.650871  15696.757849 -20937.013285   -772.013390  5  2  3  90       
PG23 -20816.053636 -15969.622123   4106.007797 999999.999999
PG24   7592.191364 -19045.736953 -16882.533983    -15.665989  5  4  2  89       
PG25 -13446.595894 -19238.014346 -12916.456004     23.344620  6  3  5  99       
PG26 -22615.204574  -1669.497038  13973.504568    243.384212  7  5  5  81       
PG27 -12230.532205  15905.087971  17081.978081   -345.917995  2  6  2  80       
PG28  22490.602847  12227.841979  -6195.677330    699.534945  4  5  6  50       
PG29  -3797.690846 -24315.526352   9897.802119   -150.367339  6  7  3  73       
PG30  20985.096956   3118.027248  16158.926818   -262.079108  4  4  3  48       
PG31 -24852.283324   5433.439835  -8446.089412    -55.623356  7  5  4  87       
PG32 -14912.583799  -4749.442889 -21389.152363    317.014555  5  4  5 105       
*  2020  7 14 22 15  0.00000000
PG01  -8280.453414  18404.361566 -17319.491293     25.439373  5  4  4  66       
PG02  22051.365554 -14667.747961   -988.970735   -487.301172  6  4  4  84       
PG03   2233.811041  17184.397413 -20229.033390   -239.822743  5  5  5  75       
PG04   -370.493766  26539.068928    -63.091021 999999.999999
PG05  17577.142982  -6090.356663  18887.804736    -16.672879  7  3  5 111       
PG06  22985.727592  -3963.372972 -12692.061218   -303.078978  6  5  3  68       
PG07  10298.489648  11882.705857  21755.728756   -327.320516  6  4  4 105       
PG08  -6939.900737  22876.886049  11302.363632    -40.973857  1  4  4  77       
PG09   8413.588796  22791.173478  10666.470754   -253.661481  5  4  3  97       
PG10 -24014.349200 -11428.794580  -2189.036702   -399.707492  8  7  4  69       
PG11 -10777.081571  24110.580704  -4659.894659   -221.074680  6  2  4  63       
PG12   -896.154611 -17091.833538 -20586.240089     93.679663  6  4  5  84       
PG13  12973.761050 -16438.123238  16158.785248     26.766927  3  5  5  83       
PG14 -15109.338047   1129.026854 -21452.217088      1.369346  6  2  1  93       
PG15   4599.917718 -23788.579192  10112.420839   -217.534317  7  7  2 102       
PG16 -15842.345647   5882.181511  20388.530232   -182.778357  8  6  8  63       
PG17  13484.839122   8725.181824 -20742.571822    295.943539  4  6  6  60       
PG18  -9801.923361 -11738.116431  21705.725353    246.274364  6  7  7  50       
PG19  14920.077821    112.787801 -22272.823843   -132.003815  6  5  7  83       
PG20 -19723.717947 -15165.893409   9535.003701    527.288063  7  7  7  67       
PG21 -21676.860422   1453.017316  15852.747707     23.705423  3  2  4  79       
PG22  -5796.242665  14650.808378 -21179.355541   -772.010907  5  2  3  74       
PG23 -20145.065382 -15875.012896   6870.302897 999999.999999
PG24   9240.840983 -19831.610819 -14997.107959    -15.667856  5  4     94       
PG25 -12024.292257 -18582.450896 -15108.685578     23.348434  6  4  5  96       
PG26 -23796.793433  -2572.406821  11715.835745    243.390403  8  5  5  62       
PG27 -12345.526590  13819.257294  18749.332256   -345.926615  3  6  2 100       
PG28  22857.323536  12769.393392  -3368.497264    699.531755  4  5  6  53       
PG29  -3543.609625 -25281.313220   7219.038372   -150.375102  7  6  2  57       
PG30  19348.633612   4169.965591  17859.045108   -262.086068  5  4  3  69       
PG31 -23980.291977   4743.057743 -10971.770867    -55.625619  7  5  4  58       
PG32 -14845.495602  -7178.089128 -20765.199995    317.020144  5  3  5 101       
*  2020  7 14 22 30  0.00000000
PG01  -9908.384238  19271.622115 -15356.593039     25.443043  4  4  4  74       
PG02  21934.995814 -14247.569213  -3827.960371   -487.306142  6  5  5  86       
PG03    108.140027  16181.646931 -21151.758323   -239.833245  6  5  5  79       
PG04   -634.710932  26372.723377  -2912.112066 999999.999999
PG05  19413.493331  -5070.392821  17357.553985    -16.673652  7  4  5 112       
PG06  21742.096915  -2970.215106 -14942.223676   -303.083572  6  5  3  79       
PG07   8242.599595  13175.711021  21844.795824   -327.328415  6  4  4  94       
PG08  -7243.806623  21459.609986  13670.399961    -40.975543  3  5  4  61       
PG09   8235.041844  23888.317838   8109.212988   -253.667278  6  3  2  89       
PG10 -24000.479043 -11669.478540    661.980730   -399.717140  8  7  5  88       
PG11 -11248.276969  24214.636565  -1955.111062   -221.064555  6  2  3  70       
PG12   1146.843877 -15927.745073 -21484.698773     93.675295  7  4  5  90       
PG13  12980.893524 -14458.024432  17943.695115     26.769968  3  5  5  87       
PG14 -15050.289974  -1404.176432 -21493.353438      1.371935  7  2  2  92       
PG15   5137.954282 -22502.277201  12483.620984   -217.531839  7  6  3  74       
PG16 -17743.779069   4604.622783  19165.194087   -182.782639  8  6  9  73       
PG17  13396.190942  11115.440209 -19654.075672    295.948419  4  6  6  69       
PG18  -7684.945647 -13051.070701  21805.744434    246.282921  5  6  7  73       
PG19  14793.584399   2583.356070 -22210.550206   -131.999278  7  5  7  85       
PG20 -18466.716086 -15013.352816  11945.648323    527.287683  7  7  7  70       
PG21 -20338.653527    230.440541  17698.634858     23.709574  3  3  4  91       
PG22  -8079.790804  13707.415771 -21050.492660   -772.008002  5  2  3  81       
PG23 -19194.362793 -15681.481739   9516.247828 999999.999999
PG24  10669.713413 -20562.018229 -12852.602162    -15.668018  5  5     78       
PG25 -10363.908140 -17897.704765 -17047.767363     23.352211  6  4  5  81       
PG26 -24781.955666  -3300.098468   9258.528081    243.396572  8  5  5  50       
PG27 -12580.862300  11572.386127  20086.724090   -345.935236  4  7  2  88       
PG28  22979.145083  13109.686577   -482.211237    699.528548  5  5  6  59       
PG29  -3350.791607 -25948.072046   4415.592309   -150.382522  7  5  1  77       
PG30  17615.078555   5390.273021  19255.229515   -262.092973  5  4  3  92       
PG31 -22911.984026   3865.955972 -13313.502881    -55.627751  7  5  4  81       
PG32 -14898.401520  -9514.282348 -19782.159359    317.025705  6  3  5 108       
*  2020  7 14 22 45  0.00000000
PG01 -11297.515143  20087.992457 -13129.415263     25.446723  4  4  4  78       
PG02  21599.095992 -13609.970941  -6600.062504   -487.311295  7  5  5  84       
PG03  -2145.399755  15259.792852 -21713.446837   -239.843759  7  4  5  87       
PG04   -932.614905  25901.299731  -5710.898139 999999.999999
PG05  21120.868460  -4217.482847  15527.598069    -16.674320  7  4  5 112       
PG06  20361.290198  -1766.108074 -16934.891624   -303.088162  6  5  4  69       
PG07   6260.732585  14570.020316  21568.337954   -327.335900  6  4  4  95       
PG08  -7654.313951  19807.417770  15800.373267    -40.977823  4  5  3  79       
PG09   8074.952335  24697.778024   5412.022037   -253.673095  6  3  3  90       
PG10 -23705.746984 -11782.583557   3501.785016   -399.726737  9  7  6  88       
PG11 -11581.316025  24068.214622    782.496584   -221.055048  6  3  3  67       
PG12   3323.376817 -14841.473881 -22022.051924     93.671037  7  5  5  72       
PG13  13089.646804 -12295.475543  19415.901118     26.773041  3  5  6  77       
PG14 -15119.928308  -3917.761661 -21152.583610      1.374669  7  3  2 103       
PG15   5790.292058 -20988.997071  14632.055726   -217.529330  6  6  4  80       
PG16 -19570.276427   3512.171615  17610.581250   -182.786797  9  6  9  86       
PG17  13430.775531  13358.839941 -18215.454890    295.953808  4  6  6  68       
PG18  -5647.903639 -14468.079429  21530.113621    246.291445  5  5  7  85       
PG19  14806.080287   5029.259815 -21776.711266   -131.994750  7  5  8  77       
PG20 -16952.723958 -14850.818161  14152.285217    527.287855  7  6  7  80       
PG21 -18925.676892  -1175.808314  19253.371490     23.714077  3  4  4  85       
PG22 -10372.338185  12882.949446 -20552.279978   -772.005496  4  3  4  76       
PG23 -17965.722696 -15428.106957  11998.216191 999999.999999
PG24  11869.479992 -21196.608979 -10485.222125    -15.667072  6  5     95       
PG25  -8484.944217 -17222.468307 -18701.339783     23.356015  6  5  5  79       
PG26 -25536.838196  -3871.399221   6643.644253    243.402686  9  6  5  62       
PG27 -12951.846598   9211.557883  21071.201267   -345.943829  5  7  3  97       
PG28  22832.835779  13279.536193   2412.527701    699.525501  4  5  6  65       
PG29  -3181.536292 -26301.758431   1535.913573   -150.390006  7  5     75       
PG30  15827.900876   6773.199029  20323.321183   -262.099952  5  4  2  85       
PG31 -21685.448901   2789.681868 -15431.671573    -55.630021  7  5  4  95       
PG32 -15055.890889 -11713.109432 -18457.535471    317.031287  6  3  5  99       
*  2020  7 14 23  0  0.00000000
PG01 -12438.687211  20809.547321 -10675.391897     25.450401  4  4  4  63       
PG02  21075.180096 -12734.794575  -9256.026055   -487.316294  7  5  5  81       
PG03  -4485.642004  14444.556221 -21904.270213   -239.854242  7  4  4  67       
PG04  -1299.599139  25137.632975  -8411.163655 999999.999999
PG05  22656.541559  -3523.108866  13430.149465    -16.675174  7  5  5 102       
PG06  18888.661736   -351.577026 -18635.541476   -303.092734  6  4  4  61       
PG07   4388.428720  16035.153343  20929.431004   -327.344026  6  4  4  94       
PG08  -8194.635404  17958.081941  17655.616120    -40.979057  5  5  3  78       
PG09   7896.973371  25209.228790   2621.486187   -253.678930  6  2  3  92       
PG10 -23119.860608 -11804.446095   6282.284011   -399.736307  9  7  6  84       
PG11 -11804.953890  23654.608240   3506.834075   -221.045672  6  4  3  56       
PG12   5594.045870 -13861.430325 -22189.029683     93.666429  8  5  5  96       
PG13  13319.741500  -9993.556757  20549.746561     26.775827  3  5  6  79       
PG14 -15311.978545  -6361.468732 -20436.724399      1.377177  7  4  2  98       
PG15   6575.435483 -19285.167738  16519.160315   -217.527305  6  5  5  68       
PG16 -21275.155524   2606.386657  15752.910413   -182.791123 10  6  9  81       
PG17  13566.592320  15410.959594 -16453.269655    295.959011  3  6  6  68       
PG18  -3728.758746 -15957.736119  20883.492339    246.300033  5  5  7  81       
PG19  14950.942046   7402.197639 -20978.490055   -131.990089  7  5  8  81       
PG20 -15201.508811 -14712.382656  16116.786460    527.287403  7  6  7  69       
PG21 -17480.732623  -2755.757444  20493.519829     23.718100  3  5  3  63       
PG22 -12627.122218  12186.282377 -19693.184863   -772.003122  4  3  4  81       
PG23 -16469.674894 -15153.941938  14273.386861 999999.999999
PG24  12838.925096 -21695.542792  -7935.355445    -15.667274  6  5     92       
PG25  -6414.402128 -16592.116831 -20041.708092     23.359843  6  6  5  85       
PG26 -26033.349679  -4311.214063   3915.803313    243.408889  9  6  6  60       
PG27 -13465.701313   6786.774236  21686.209534   -345.952434  6  7  3  88       
PG28  22403.099150  13314.616973   5265.630127    699.522197  5  4  6  75       
PG29  -2996.593863 -26337.485736  -1370.272324   -150.397558  6  4  2  70       
PG30  14030.008533   8305.167166  21044.639570   -262.106858  5  3  3  72       
PG31 -20341.792676   1509.511663 -17290.190752    -55.632233  7  5  4  81       
PG32 -15295.598657 -13734.050258 -16814.688591    317.036873  6  3  6 112       
*  2020  7 14 23 15  0.00000000
PG01 -13331.541281  21392.880009  -8036.205543     25.454108  5  4  4  53       
PG02  20399.619204 -11609.768879 -11747.985713   -487.321581  8  6  5  81       
PG03  -6867.332356  13754.599989 -21720.676027   -239.864718  7  4  5  68       
PG04  -1767.931309  24102.817625 -10966.322491 999999.999999
PG05  23981.751368  -2971.284050  11101.874354    -16.676160  8  5  5 108       
PG06  17370.152832   1264.096249 -20014.654641   -303.097298  6  5  4  57       
PG07   2655.731458  17535.107614  19937.153347   -327.351688  5  4  5  85       
PG08  -8881.029943  15954.513717  19204.399095    -40.979811  6  6  3  76       
PG09   7664.208200  25421.053068   -214.241869   -253.684713  6     3  92       
PG10 -22240.997004 -11773.302817   8956.445710   -399.745896  9  7  7  57       
PG11 -11950.922906  22964.371099   6171.496472   -221.036163  7  6  3  55       
PG12   7914.904829 -13009.145499 -21982.437114     93.662051  8  5  5  98       
PG13  13683.429111  -7599.319435  21325.547547     26.778895  4  5  6  77       
PG14 -15612.227635  -8687.560623 -19359.390489      1.379693  7  5  3 102       
PG15   7505.033199 -17432.065235  18111.166554   -217.525008  5  5  5  85       
PG16 -22813.922649   1880.266495  13625.345067   -182.795524 11  6 10  86       
PG17  13774.988557  17233.654256 -14399.820121    295.964113  3  6  6  80       
PG18  -1959.470369 -17483.090639  19876.942391    246.308582  5  5  8  87       
PG19  15213.575346   9656.095506 -19829.004349   -131.985447  7  5  8  79       
PG20 -13240.213356 -14628.730183  17805.006802    527.287211  7  5  6  79       
PG21 -16044.642840  -4492.137039  21400.795417     23.722050  4  6  4  79       
PG22 -14797.241821  11618.529496 -18488.149257   -772.000772  4  4  5  82       
PG23 -14725.257743 -14896.375873  16302.488411 999999.999999
PG24  13584.853958 -22021.122948  -5246.904528    -15.667443  7  5  2  88       
PG25  -4185.965277 -16037.350246 -21046.270048     23.363626  7  6  6  75       
PG26 -26250.214170  -4649.367881   1121.438477    243.415050  9  6  6  66       
PG27 -14121.214446   4349.148104  21921.848167   -345.960987  7  7  4  82       
PG28  21683.151549  13253.831208   8028.439531    699.518837  5  5  6  77       
PG29  -2756.886861 -26059.668474  -4252.832565   -150.405176  6  4  2  88       
PG30  12262.216723   9965.102285  21406.322993   -262.113791  5  4  2  62       
PG31 -18923.629902     28.850813 -18857.096520    -55.634567  7  6  5  67       
PG32 -15589.163747 -15542.341718 -14882.394192    317.042454  6  4  6 114       
*  2020  7 14 23 30  0.00000000
PG01 -13984.407985  21796.869385  -5257.111488     25.457799  5  5  4  70       
PG02  19612.170425 -10231.321451 -14030.429675   -487.326885  8  6  6  83       
PG03  -9242.662810  13200.857341 -21165.467177   -239.875203  7  5  6  71       
PG04  -2365.301296  22825.426083 -13332.298322 999999.999999
PG05  25063.092054  -2539.387629   8583.223725    -16.676935  8  5  5 111       
PG06  15850.557528   3063.026553 -21048.241964   -303.101811  6  5  3  68       
PG07   1086.179152  19029.575836  18606.556029   -327.359618  5  4  5  88       
PG08  -9722.029879  13843.194535  20420.461733    -40.981791  7  6  3  71       
PG09   7340.828875  25340.317629  -3046.283453   -253.690565  6     4  71       
PG10 -21075.964459 -11727.678134  11479.053400   -399.755430  9  6  7  60       
PG11 -12052.582788  21995.864592   8730.527296   -221.026548  7  6  4  46       
PG12  10238.918239 -12298.515754 -21405.229779     93.657597  8  5  6  73       
PG13  14184.921238  -5162.120785  21729.942848     26.782172  4  5  5  88       
PG14 -15999.164226 -10852.511506 -17940.666922      1.382294  7  5  4 107       
PG15   8583.211886 -15474.250693  19379.776387   -217.522705  5  6  6  85       
PG16 -24145.872370   1318.773692  11265.344790   -182.799870 11  6 10  72       
PG17  14021.958204  18796.357023 -12092.449890    295.969569  3  6  6  58       
PG18   -364.938260 -19002.988296  18527.742544    246.317108  6  5  8  74       
PG19  15571.985371  11748.639559 -18347.121836   -131.981076  7  6  8  64       
PG20 -11102.512041 -14625.831626  19187.393020    527.287003  7  5  6  79       
PG21 -14654.875784  -6360.910941  21962.192016     23.725782  4  6  4  78       
PG22 -16837.340568  11173.111588 -16958.322194   -771.998371  5  4  6  78       
PG23 -12759.451425 -14689.568407  18050.482774 999999.999999
PG24  14121.683584 -22139.377733  -2466.532500    -15.668066  7  5  3  74       
PG25  -1838.938600 -15583.015915 -21697.873262     23.367393  7  7  7  66       
PG26 -26173.778481  -4919.266834  -1691.967929    243.421141  9  7  7  64       
PG27 -14908.745352   1949.071150  21774.990518   -345.969602  7  8  5  74       
PG28  20674.968535  13137.598793  10654.527711    699.515643  5  5  5  78       
PG29  -2425.224080 -25481.816709  -7062.099302   -150.412668  6  4  3  93       
PG30  10561.799378  11725.051535  21401.579378   -262.120706  6  4  3  84       
PG31 -17473.521514  -1640.663612 -20105.093354    -55.636775  6  6  5  87       
PG32 -15903.426825 -17110.117272 -12694.314071    317.048008  7  4  7 102       
*  2020  7 14 23 45  0.00000000
PG01 -14413.856330  21984.392490  -2386.173406     25.461489  6  5  4  64       
PG02  18754.343495  -8605.051200 -16061.164530   -487.332154  8  6  6  92       
PG03 -11562.911698  12786.165244 -20247.777825   -239.885677  6  6  6  79       
PG04  -3113.549928  21340.449313 -15468.290585 999999.999999
PG05  25873.699162  -2199.253021   5917.712159    -16.677651  8  5  5 111       
PG06  14371.842535   5019.216774 -21718.273275   -303.106405  6  5  4  67       
PG07   -303.971150  20475.355789  16958.539899   -327.367513  4  4  6  89       
PG08 -10717.984979  11672.487324  21283.435812    -40.982389  8  6  3  72       
PG09   6893.654958  24982.424473  -5825.881363   -253.696444  7     4  80       
PG10 -19640.053113 -11704.770788  13807.430402   -399.765007  9  6  7  82       
PG11 -12143.487553  20755.531695  11139.208292   -221.017025  8  7  4  57       
PG12  12517.544374 -11735.337074 -20466.502191     93.653098  7  6  6  75       
PG13  14820.150936  -2731.874623  21756.123818     26.785021  4  5  5  80       
PG14 -16444.925004 -12818.509453 -16206.653459      1.384886  7  5  5 119       
PG15   9806.233990 -13457.883030  20302.712412   -217.520315  5  6  6  83       
PG16 -25235.532323    899.661171   8713.967091   -182.803850 12  6 10  83       
PG17  14269.655432  20077.061642  -9572.762129    295.974590  3  6  6  63       
PG18   1037.776757 -20473.585217  16859.094749    246.325756  5  6  9  83       
PG19  15997.630182  13642.679767 -16557.195848   -131.976584  7  6  8  77       
PG20  -8827.517973 -14723.825082  20239.525323    527.287093  6  5  6  82       
PG21 -13344.319849  -8332.031903  22170.046634     23.729898  5  7  5  87       
PG22 -18705.236723  10836.142273 -15130.667530   -771.996101  6  5  6  83       
PG23 -10606.309898 -14563.019749  19487.175859 999999.999999
PG24  14470.728085 -22021.523264    357.165309    -15.668842  8  6  3  72       
PG25    583.016997 -15247.154350 -21985.100196     23.371206  7  8  8  65       
PG26 -25798.544506  -5156.429826  -4476.661396    243.427232 10  7  7  54       
PG27 -15810.579054   -365.569732  21249.271452   -345.978245  8  8  6  57       
PG28  19389.203270  13006.139261  13100.407242    699.512180  6  5  5  74       
PG29  -1967.939023 -24625.990674  -9749.729832   -150.420089  6  5  4  42       
PG30   8961.178505  13551.079010  21029.841063   -262.127661  6  4  4  94       
PG31 -16032.414086  -3479.366894 -21012.042935    -55.638863  6  6  5  91       
PG32 -16201.818780 -18417.280719 -10288.389873    317.053553  7  4  7 100       
EOF
