#cP2020  7 16  0  0  0.00000000      96 ORBIT IGb14 HLM  IGS
## 2114 345600.00000000   900.00000000 59046 0.0000000000000
+   32   G01G02G03G04G05G06G07G08G09G10G11G12G13G14G15G16G17
+        G18G19G20G21G22G23G24G25G26G27G28G29G30G31G32  0  0
+          0  0  0  0  0  0  0  0  0  0  0  0  0  0  0  0  0
+          0  0  0  0  0  0  0  0  0  0  0  0  0  0  0  0  0
+          0  0  0  0  0  0  0  0  0  0  0  0  0  0  0  0  0
++         2  2  2  2  2  2  2  2  1  2  2  2  1  2  2  2  2
++         2  2  2  2  2  4  2  2  2  2  2  2  1  2  2  0  0
++         0  0  0  0  0  0  0  0  0  0  0  0  0  0  0  0  0
++         0  0  0  0  0  0  0  0  0  0  0  0  0  0  0  0  0
++         0  0  0  0  0  0  0  0  0  0  0  0  0  0  0  0  0
%c G  cc GPS ccc cccc cccc cccc cccc ccccc ccccc ccccc ccccc
%c cc cc ccc ccc cccc cccc cccc cccc ccccc ccccc ccccc ccccc
%f  1.2500000  1.025000000  0.00000000000  0.000000000000000
%f  0.0000000  0.000000000  0.00000000000  0.000000000000000
%i    0    0    0    0      0      0      0      0         0
%i    0    0    0    0      0      0      0      0         0
/* FINAL ORBIT COMBINATION FROM WEIGHTED AVERAGE OF:        
/* cod emr esa gfz grg jpl mit ngs sio                      
/* REFERENCED TO IGS TIME (IGST) AND TO WEIGHTED MEAN POLE: 
/* PCV:IGS14_2114 OL/AL:FES2004  NONE     Y  ORB:CMB CLK:CMB
*  2020  7 16  0  0  0.00000000
PG01 -14672.735316  21863.655694   1314.176271     25.817863  5  3  6 105       
PG02  17627.930766  -6213.585216 -18216.504217   -487.829347  8  7  9 109       
PG03 -14342.645158  12456.737557 -18590.461008   -240.896648  9  7  5  64       
PG04  -4310.091138  19211.443886 -17798.428709   -112.915827  9  7  8  65       
PG05  26483.733713  -1849.464027   2387.960852    -16.747713 11  7  6 108       
PG06  12598.397176   7697.934134 -22027.496468   -303.550556  7  8  9  93       
PG07  -1803.441831  22175.884099  14442.479777   -328.125443  7  6  7  93       
PG08 -12194.190415   8904.017815  21848.977778    -41.102626  5  7  4  97       
PG09   6101.780611  24163.522741  -9210.704856   -254.260536  5  6  7 100       
PG10 -17457.084739 -11762.364798  16429.184437   -400.697437  8  6  6  97       
PG11 -12290.879024  18813.101865  13916.280670   -220.090374  6  6  9 112       
PG12  15277.205245 -11226.155004 -18772.761096     93.226100  6  4  6  90       
PG13  15803.121480    277.832807  21241.969786     27.073969  6  5  5  80       
PG14 -17044.569786 -14986.942461 -13592.135495      1.633818  9  8  7  78       
PG15  11549.996853 -10883.640446  20952.498637   -217.293301  5  7  9  86       
PG16 -26222.567221    540.306747   5278.835272   -183.221336 10  5  9  92       
PG17  14526.670958  21274.559790  -6138.952667    296.478454  8  8  7  84       
PG18   2525.797729 -22199.730497  14325.673213    247.148054 10  9  7  79       
PG19  16583.440230  15715.355356 -13883.396690   -131.533855  9  9  8  95       
PG20  -5797.576078 -15014.985342  21072.940841    527.278449  8  6  6  74       
PG21 -11978.154402 -10705.547681  21952.802275     24.129226  6  6  5  81       
PG22 -20762.103699  10540.404072 -12438.852346   -771.765703  9  7  6 119       
PG23  -7650.128381 -14555.337690  20829.364120 999999.999999
PG24  14689.026810 -21493.176648   3939.515259    -15.709526  8  6  5 106       
PG25   3682.022898 -15008.435681 -21817.743638     23.742171  6  6  5  98       
PG26 -24892.534237  -5470.057092  -7908.928721    244.021556  7  8  8 100       
PG27 -17083.632205  -3119.708583  20048.731057   -346.815776  7  8  8 106       
PG28  17381.478264  12877.126286  15890.700939    699.202135  9  8  9 108       
PG29  -1173.420127 -23189.779132 -12907.106220   -151.153513  8  6  8  88       
PG30   7102.498710  15916.189615  20032.402514   -262.798971  5  7  5  83       
PG31 -14265.400060  -6030.459599 -21648.301465    -55.853775  6  7  9  90       
PG32 -16501.215794 -19680.813055  -6984.719395    317.593288  7  7  8  95       
*  2020  7 16  0 15  0.00000000
PG01 -14694.060783  21453.776129   4206.339504     25.821468  5  3  6 115       
PG02  16762.065533  -4093.959804 -19543.578195   -487.834378  7  7  8 102       
PG03 -16364.592623  12326.186617 -16917.262255   -240.907109  8  7  5  77       
PG04  -5444.805700  17409.246938 -19281.730574   -112.920038  9  6  7  69       
PG05  26620.162158  -1593.170078   -438.656977    -16.748690 11  7  6  97       
PG06  11342.998579   9877.892911 -21836.012148   -303.555151  6  7  8  92       
PG07  -2766.937235  23345.782757  12179.864088   -328.133299  7  6  7  97       
PG08 -13500.055801   6776.077231  21867.343645    -41.103577  4  7  4  84       
PG09   5273.956076  23272.253296 -11696.347930   -254.266299  4  6  7  86       
PG10 -15503.510510 -11911.679360  18175.474908   -400.706998  8  6  6  88       
PG11 -12473.164818  17021.540541  15829.644360   -220.080405  7  5  8 106       
PG12  17275.652874 -10976.212742 -17077.715548     93.221234  6  4  6 103       
PG13  16684.531586   2515.821955  20418.144575     27.076820  7  5  4  64       
PG14 -17495.392306 -16398.538370 -11266.214269      1.636473  9  8  7  92       
PG15  13047.348076  -8902.339480  21041.987384   -217.290799  5  7  8  69       
PG16 -26667.787991    331.699244   2459.535288   -183.225974  9  5  9  88       
PG17  14627.092020  21882.550134  -3308.313241    296.483972  7  7  7  96       
PG18   3473.701320 -23393.158632  12046.372029    247.156540 10  8  7  77       
PG19  17029.330931  17055.890082 -11510.784782   -131.529322  8  8  7  69       
PG20  -3375.335693 -15380.524320  21313.426236    527.278243  7  6  5  62       
PG21 -10938.553097 -12778.267926  21384.707256     24.133524  6  5  4  94       
PG22 -22110.365253  10365.276475 -10062.748199   -771.763415  8  7  7 120       
PG23  -5226.760862 -14687.902835  21474.520005 999999.999999
PG24  14719.538949 -20767.169370   6676.807597    -15.711097  8  6  5  92       
PG25   6099.327495 -14968.686520 -21267.992297     23.746021  7  5  5  76       
PG26 -23861.648818  -5765.297104 -10454.512317    244.027628  6  8  8  83       
PG27 -18141.874364  -5086.632218  18710.069034   -346.824345  6  8  7  95       
PG28  15547.125065  12848.155621  17785.018465    699.198898  8  8  9 108       
PG29   -334.791579 -21824.470966 -15152.744588   -151.161072  8  5  7  62       
PG30   5816.261951  17742.369340  18856.641452   -262.805855  5  7  5  92       
PG31 -12978.075085  -8142.013632 -21726.770509    -55.855829  7  7  8  86       
PG32 -16620.686893 -20366.357919  -4242.990549    317.598990  7  6  8  58       
*  2020  7 16  0 30  0.00000000
PG01 -14592.095262  20751.932707   7024.274067     25.825090  5  2  6  97       
PG02  15952.596220  -1807.298042 -20515.105791   -487.839335  6  7  7 102       
PG03 -18186.281335  12289.128169 -14953.243296   -240.917540  8  7  4  77       
PG04  -6750.136807  15541.781178 -20432.581909   -112.924179  9  6  6  77       
PG05  26453.226044  -1314.604106  -3257.833766    -16.749785 10  6  7 109       
PG06  10228.330222  12085.072258 -21266.890984   -303.559758  5  6  8  80       
PG07  -3552.925691  24325.012649   9705.692135   -328.140802  6  5  7  95       
PG08 -14905.627129   4738.966329  21510.169688    -41.104073  5  7  4 101       
PG09   4249.201493  22202.504139 -13981.025475   -254.272108  4  6  6  94       
PG10 -13380.846895 -12177.984354  19613.676983   -400.716594  8  5  5  96       
PG11 -12738.166253  15033.324048  17464.953339   -220.071011  7  5  8 101       
PG12  19079.581638 -10836.332759 -15091.970765     93.217072  6  4  6 106       
PG13  17632.036788   4600.744803  19240.096102     27.079988  7  4  4  72       
PG14 -17885.581429 -17540.746660  -8744.910247      1.639093  8  7  7  81       
PG15  14624.640033  -7003.623630  20759.038866   -217.288908  5  7  8  66       
PG16 -26804.709723    157.189800   -401.075255   -183.230479  9  5  9  75       
PG17  14598.363746  22201.526728   -420.482656    296.488802  7  6  6  80       
PG18   4232.255470 -24395.412048   9559.298671    247.165142 10  7  7  43       
PG19  17418.364254  18125.900824  -8943.384534   -131.524586  7  7  7  66       
PG20   -964.823347 -15863.055925  21184.651699    527.278174  7  6  5  67       
PG21 -10041.635473 -14828.399209  20474.219159     24.137690  6  5  4  91       
PG22 -23187.846871  10212.524219  -7510.509044   -771.761009  8  6  7 121       
PG23  -2761.618698 -14951.242585  21749.200598 999999.999999
PG24  14666.439028 -19761.117187   9295.947757    -15.712250  7  6  5  74       
PG25   8436.674729 -15052.346771 -20358.525461     23.749923  7  4  5 101       
PG26 -22571.847006  -6139.862679 -12822.603082    244.033691  6  8  8  88       
PG27 -19210.392837  -6847.980102  17049.175765   -346.832944  6  8  7  95       
PG28  13523.943075  12914.676841  19384.416580    699.195747  8  7  8 103       
PG29    698.059475 -20300.474316 -17137.942017   -151.168611  7  5  7  81       
PG30   4689.922410  19496.936988  17355.544085   -262.812776  4  7  5  97       
PG31 -11804.941978 -10310.401775 -21432.450260    -55.857961  7  7  8  76       
PG32 -16599.960057 -20784.729276  -1428.776184    317.604504  6  5  8  43       
*  2020  7 16  0 45  0.00000000
PG01 -14406.379507  19753.143207   9718.013589     25.828721  5  3  6 102       
PG02  15229.368778    605.297111 -21112.558984   -487.844671  6  7  6  78       
PG03 -19773.380364  12317.198740 -12731.849530   -240.927855  8  7  4  74       
PG04  -8214.751653  13654.990869 -21231.216924   -112.928336  9  6  6  61       
PG05  25991.038653   -978.002193  -6021.734624    -16.750538 10  6  7 115       
PG06   9269.263771  14271.226746 -20329.891621   -303.564353  5  5  7  99       
PG07  -4178.301986  25076.252012   7062.038872   -328.148707  6  5  7 103       
PG08 -16378.908743   2830.119551  20784.345489    -41.104571  5  7  4 108       
PG09   3019.975427  20994.681661 -16025.622036   -254.278005  3  6  6  88       
PG10 -11132.150572 -12577.070927  20719.041018   -400.726176  8  4  5  97       
PG11 -13104.529165  12885.483720  18791.779008   -220.061449  7  5  8  90       
PG12  20652.355777 -10779.787579 -12848.591201     93.212490  6  5  5  79       
PG13  18611.332430   6499.029516  17728.699476     27.083094  7  4  3  56       
PG14 -18175.817874 -18410.562308  -6072.615680      1.641721  8  6  7  69       
PG15  16248.505039  -5221.715696  20109.934455   -217.286428  5  7  7  76       
PG16 -26630.927441    -21.712724  -3254.991020   -183.234816  8  6  9  67       
PG17  14405.303171  22248.622774   2474.617371    296.493941  6  6  6  81       
PG18   4819.166521 -25169.760838   6907.345243    247.173674 10  7  6  37       
PG19  17708.861599  18921.114937  -6224.177919   -131.520383  6  6  7  74       
PG20   1387.918266 -16451.213737  20688.176541    527.278314  7  6  5  46       
PG21  -9292.000386 -16812.667259  19235.691399     24.142107  6  4  4  92       
PG22 -23980.304950  10047.942713  -4827.027140   -771.758730  7  6  7 121       
PG23   -303.789164 -15344.200519  21648.658319 999999.999999
PG24  14566.679366 -18479.583308  11750.424122    -15.712786  7  6  4  91       
PG25  10648.903765 -15244.141426 -19103.729359     23.753790  7  4  5  83       
PG26 -21051.494343  -6621.103101 -14972.863158    244.039776  6  7  8 103       
PG27 -20248.019478  -8382.693158  15095.597030   -346.841553  6  7  7 100       
PG28  11351.943826  13099.106442  20663.930251    699.192195  7  7  8 100       
PG29   1929.663973 -18663.509331 -18828.763483   -151.176452  7  5  6  81       
PG30   3725.600379  21135.352252  15554.457573   -262.819668  4  6  5  99       
PG31 -10764.869477 -12490.786682 -20769.014813    -55.860083  7  7  8  70       
PG32 -16405.549007 -20951.620915   1409.823285    317.610057  6  5  8  67       
*  2020  7 16  1  0  0.00000000
PG01 -14177.739145  18461.913143  12239.669629     25.832383  6  3  6  88       
PG02  14615.617234   3097.292143 -21324.560734   -487.849701  6  7  5  69       
PG03 -21098.570736  12377.141693 -10291.046185   -240.938287  9  7  4  42       
PG04  -9819.344598  11793.048388 -21663.957214   -112.932459  9  5  5  66       
PG05  25249.888705   -549.920239  -8683.588924    -16.751329  9  6  8 110       
PG06   8472.250963  16386.986048 -19041.170650   -303.568971  4  4  7  86       
PG07  -4666.500831  25567.768594   4294.444247   -328.156660  6  5  6 102       
PG08 -17882.608957   1080.625494  19703.011394    -41.105366  6  7  4  97       
PG09   1586.804003  19691.397340 -17795.178550   -254.283865  2  6  5  88       
PG10  -8803.688631 -13117.109947  21472.331800   -400.735793  8  4  4  79       
PG11 -13584.401994  10619.708272  19784.986072   -220.051664  7  5  7  89       
PG12  21963.950008 -10774.384516 -10385.214451     93.207868  6  5  5  99       
PG13  19583.847148   8184.431696  15910.577350     27.085722  7  4  3  66       
PG14 -18328.321273 -19013.746570  -3295.931229      1.644528  7  5  7  75       
PG15  17881.189516  -3584.415159  19107.499238   -217.284008  6  7  6  77       
PG16 -26152.737601   -243.205441  -6054.561378   -183.239132  7  6  9  59       
PG17  14017.579172  22048.794757   5327.454275    296.499132  6  5  6  58       
PG18   5258.820379 -25685.215184   4136.254763    247.182151  9  6  6  69       
PG19  17860.297406  19445.974795  -3398.976875   -131.515755  6  5  7  78       
PG20   3639.425084 -17126.372444  19832.010734    527.278000  7  6  4  57       
PG21  -8686.698389 -18688.111177  17688.408054     24.146085  6  4  4  84       
PG22 -24481.992734   9836.206789  -2059.353823   -771.756165  7  6  7 117       
PG23   2098.415769 -15857.546716  21174.632213 999999.999999
PG24  14456.799356 -16935.870635  13996.653513    -15.712486  6  5  4  83       
PG25  12694.647035 -15521.655777 -17523.869515     23.757672  7  4  5  91       
PG26 -19335.068598  -7230.848252 -16868.552505    244.045877  6  7  8 104       
PG27 -21211.877873  -9678.330007  12883.687335   -346.850138  6  7  6  90       
PG28   9074.962368  13416.770719  21603.856612    699.189279  7  7  7  98       
PG29   3355.908902 -16960.735965 -20196.360487   -151.183599  7  5  5  82       
PG30   2917.634694  22614.734806  13484.037788   -262.826555  4  6  5  93       
PG31  -9869.090871 -14635.913995 -19746.550672    -55.862287  7  7  7  83       
PG32 -16008.683638 -20889.993333   4224.401945    317.615587  6  4  8  75       
*  2020  7 16  1 15  0.00000000
PG01 -13946.498532  16892.236151  14544.365113     25.836050  6  4  5  95       
PG02  14126.998440   5618.435182 -21147.163224   -487.854708  6  8  5  89       
PG03 -22142.473703  12432.222159  -7672.683313   -240.948693  9  7  4  68       
PG04 -11537.227107   9996.769464 -21723.442085   -112.936594  9  6  5  73       
PG05  24253.609521     -0.689965 -11198.442329    -16.752144  9  6  8 114       
PG06   7835.203258  18383.622851 -17423.003110   -303.573575  4  4  7  77       
PG07  -5046.420258  25774.746612   1451.132857   -328.164093  6  4  6  91       
PG08 -19375.506653   -485.756588  18285.289146    -41.106417  6  7  4  95       
PG09    -41.546702  18335.842020 -19259.478103   -254.289688  1  6  5 103       
PG10  -6443.358902 -13798.220098  21860.172555   -400.745429  7  3  4  92       
PG11 -14182.758760   8280.896314  20425.328685   -220.042216  6  5  7 101       
PG12  22992.009503 -10783.816464  -7743.470880     93.203380  6  5  6  90       
PG13  20508.259327   9638.830111  13817.600231     27.088769  7  4  3  63       
PG14 -18308.409227 -19364.360826   -462.825956      1.647137  7  5  7  47       
PG15  19481.974922  -2112.228960  17770.763420   -217.281671  6  7  5  94       
PG16 -25384.868775   -543.588325  -8753.213778   -183.243351  6  6  9  67       
PG17  13410.987856  21633.678196   8089.712029    296.505399  6  5  6  85       
PG18   5581.133767 -25917.731542   1293.826134    247.190590  9  6  6  70       
PG19  17834.976485  19713.374136   -515.702827   -131.510817  6  5  7  91       
PG20   5750.315241 -17863.334368  18630.515025    527.277946  7  6  4  70       
PG21  -8215.430027 -20413.473625  15856.375574     24.151010  6  4  5  90       
PG22 -24695.745486   9542.446844    744.171294   -771.753766  6  6  7 121       
PG23   4399.129955 -16474.309949  20335.317489 999999.999999
PG24  14371.310394 -15151.658426  15994.826944    -15.712431  6  5  4  75       
PG25  14537.742343 -15856.207212 -15644.832012     23.761502  8  4  5  85       
PG26 -17461.959265  -7984.397487 -18477.142680    244.051905  6  7  7  88       
PG27 -22059.051642 -10731.290523  10451.971001   -346.858789  6  7  6  95       
PG28   6739.196538  13875.319331  22189.946292    699.186167  6  7  6  94       
PG29   4964.019474 -15239.005006 -21217.450031   -151.191233  7  5  4  81       
PG30   2252.962586  23895.451863  11179.746543   -262.833422  4  6  5  99       
PG31  -9120.834797 -16697.770308 -18381.476172    -55.864354  7  7  7 102       
PG32 -15386.552741 -20629.058780   6967.052157    317.621152  6  4  8  89       
*  2020  7 16  1 30  0.00000000
PG01 -13750.717372  15067.211804  16591.112482     25.839733  6  5  5  94       
PG02  13770.972719   8116.638509 -20583.938024   -487.859549  6  7  4  93       
PG03 -22894.283656  12443.792623  -4921.786158   -240.959078  9  7  5  42       
PG04 -13335.211662   8302.170215 -21408.748943   -112.940723  9  5  5  87       
PG05  23032.682168    694.273020 -13523.873551    -16.752872  8  6  8 102       
PG06   7347.715067  20214.805529 -15503.393304   -303.578179  3  3  7  78       
PG07  -5351.104215  25680.368395  -1417.852451   -328.172098  6  5  6  67       
PG08 -20813.970660  -1853.290904  16555.919250    -41.107947  6  7  4 106       
PG09  -1848.216346  16970.154184 -20393.549300   -254.295513  1  6  5  88       
PG10  -4099.047725 -14612.348112  21875.301792   -400.755201  7  3  3  80       
PG11 -14897.023077   5915.558393  20699.937360   -220.032558  6  5  6  97       
PG12  23722.636153 -10769.193887  -4968.320928     93.198981  6  6  6  96       
PG13  21342.126822  10852.702632  11486.298714     27.091699  7  4  3  85       
PG14 -18085.924539 -19483.998479   2378.196792      1.649717  7  5  7  90       
PG15  21008.710952   -817.814003  16124.510038   -217.279645  6  7  5  89       
PG16 -24349.922608   -955.741766 -11306.149926   -183.247753  5  6  8  64       
PG17  12568.480779  21040.222096  10715.065133    296.510248  5  4  6  43       
PG18   5820.191429 -25851.161965  -1570.916951    247.199095  9  7  7  62       
PG19  17599.633559  19744.078161   2376.388797   -131.506110  6  5  7  93       
PG20   7686.638220 -18631.294141  17104.180950    527.277910  7  7  4  58       
PG21  -7860.997408 -21950.552923  13768.069705     24.154845  6  4  5  76       
PG22 -24632.736467   9133.802081   3534.801812   -771.751523  6  6  7 123       
PG23   6556.507264 -17170.423904  19145.222269 999999.999999
PG24  14341.173935 -13156.301754  17709.676411    -15.713241  5  5  3  71       
PG25  16148.467637 -16213.976679 -13497.767268     23.765366  8  3  5  94       
PG26 -15475.089603  -8889.758099 -19770.869245    244.058020  6  7  7  84       
PG27 -22748.249860 -11546.703405   7842.450414   -346.867451  6  6  6  91       
PG28   4391.687543  14474.422421  22413.527457    699.183045  6  6  6  84       
PG29   6732.878816 -13543.136696 -21874.697572   -151.198746  6  5  4  96       
PG30   1711.798382  24942.600038   8681.254158   -262.840347  3  6  5  70       
PG31  -8515.276600 -18629.300552 -16696.342769    -55.866638  7  6  7  72       
PG32 -14523.325145 -20203.043833   9591.154100    317.626682  5  3  8  93       
*  2020  7 16  1 45  0.00000000
PG01 -13624.526934  13018.294469  18343.613522     25.843416  6  5  5  87       
PG02  13546.560147  10539.942708 -19645.874813   -487.864613  6  7  4  79       
PG03 -23352.079406  12372.948265  -2085.782318   -240.969445 10  7  5  68       
PG04 -15174.755635   6739.221068 -20725.402180   -112.944914  9  5  5  91       
PG05  21623.106818   1553.356467 -15620.667183    -16.753942  7  6  8 112       
PG06   6991.621315  21838.267204 -13315.582910   -303.582786  3  3  7  84       
PG07  -5616.235009  25276.597577  -4261.586392   -328.180310  6  5  5  60       
PG08 -22153.573764  -3014.647679  14544.813341    -41.109301  6  6  3  99       
PG09  -3808.708441  15633.844408 -21178.079819   -254.301342  1  6  5  79       
PG10  -1816.984757 -15543.468777  21516.737003   -400.764814  7  3  3  80       
PG11 -15717.018049   3570.134385  20602.676346   -220.023074  6  5  6  97       
PG12  24150.866167 -10690.701397  -2107.317452     93.194640  6  6  6  89       
PG13  22043.565085  11825.267258   8957.200320     27.094931  7  4  3  76       
PG14 -17636.479319 -19400.752066   5178.913293      1.652104  7  5  7  88       
PG15  22419.396120    294.253988  14198.725714   -217.277146  7  7  4  85       
PG16 -23077.547094  -1507.736720 -13671.009390   -183.251738  5  6  8  74       
PG17  11480.914055  20309.159209  13159.890433    296.515230  6  5  5  73       
PG18   6012.723363 -25477.909430  -4408.578190    247.207554  9  7  7  51       
PG19  17126.892209  19565.843663   5227.529333   -131.501929  6  5  7  81       
PG20   9421.014737 -19395.045035  15279.292426    527.277582  7  7  3  56       
PG21  -7599.999677 -23265.476392  11456.133420     24.158698  6  4  6  92       
PG22 -24311.918012   8580.887787   6264.258046   -771.749049  6  5  7 121       
PG23   8534.139084 -17915.662248  17624.914102 999999.999999
PG24  14392.438712 -10985.823239  19111.143486    -15.714393  5  5  3  45       
PG25  17504.549345 -16557.361898 -11118.636313     23.769194  8  4  6  99       
PG26 -13419.410906  -9947.163718 -20727.213938    244.064130  6  6  6  87       
PG27 -23241.407217 -12137.988441   5099.874870   -346.876074  5  6  6  86       
PG28   2078.790598  15205.755610  22271.567204    699.179555  6  7  6  73       
PG29   8633.672638 -11914.292209 -22156.998645   -151.206850  6  5  3 105       
PG30   1268.586000  25727.321682   6031.756580   -262.847278  3  6  4  81       
PG31  -8039.818307 -20386.118082 -14719.515407    -55.869209  7  6  6  85       
PG32 -13410.911795 -19649.777091  12052.139727    317.632158  5  3  8  89       
*  2020  7 16  2  0  0.00000000
PG01 -13596.638556  10784.203945  19770.960109     25.847109  6  5  5  70       
PG02  13444.482072  12838.469661 -18351.093860   -487.869824  6  7  3  72       
PG03 -23522.799945  12182.206912    786.321153   -240.979815 10  7  6  75       
PG04 -17013.321101   5330.844806 -19685.270873   -112.949075  8  5  5  77       
PG05  20065.084377   2587.874114 -17453.434815    -16.754733  6  5  8 114       
PG06   6741.866704  23217.325988 -10897.465422   -303.587481  3  3  6  75       
PG07  -5878.497174  24564.622161  -7029.245555   -328.187868  6  5  5  64       
PG08 -23350.740614  -3970.963697  12286.530514    -41.111310  6  6  3 104       
PG09  -5891.643435  14362.335663 -21599.734233   -254.307171  1  6  5  78       
PG10    359.844631 -16568.100816  20789.839989   -400.774440  6  3  3  71       
PG11 -16625.251951   1289.298710  20134.354573   -220.013403  6  5  5  61       
PG12  24280.815422 -10509.315765    790.196888     93.190014  6  6  6  87       
PG13  22572.907794  12564.286469   6274.104651     27.097739  6  4  3  84       
PG14 -16942.473506 -19147.961007   7892.161107      1.654467  6  6  7  81       
PG15  23673.741285   1227.384989  12027.972384   -217.274954  7  6  3  79       
PG16 -21603.372243  -2221.624388 -15808.495865   -183.255865  5  6  8  63       
PG17  10147.497901  19483.372410  15383.910796    296.520762  6  5  4  64       
PG18   6196.482443 -24799.263642  -7170.246544    247.216027  9  8  8  80       
PG19  16396.523572  19212.267434   7988.290976   -131.497352  6  5  7  80       
PG20  10933.520433 -20116.379725  13187.473513    527.277321  7  7  3  61       
PG21  -7403.756612 -24329.854799   8957.020790     24.163133  6  4  6  73       
PG22 -23759.174598   7859.118392   8885.575165   -771.746867  6  5  7 110       
PG23  10302.260894 -18674.826048  15800.660775 999999.999999
PG24  14545.095743  -8681.640558  20174.933831    -15.716953  4  5  2  57       
PG25  18591.901979 -16846.504652  -8547.661547     23.773067  8  4  5  84       
PG26 -11340.323745 -11148.893175 -21329.308187    244.070244  6  6  6  75       
PG27 -23505.160600 -12526.115674   2270.982841   -346.884711  5  6  5  73       
PG28   -155.316736  16053.269276  21766.673964    699.176428  6  7  6  83       
PG29  10630.834122 -10388.499362 -22059.655556   -151.214452  6  4  3  98       
PG30    893.188594  26227.901637   3277.218647   -262.854132  2  6  4  86       
PG31  -7674.691826 -21928.138699 -12484.732144    -55.871454  7  6  6  83       
PG32 -12049.440882 -19009.155492  14308.220458    317.637697  5  3  8  81       
*  2020  7 16  2 15  0.00000000
PG01 -13689.089273   8409.544234  20848.218251     25.850759  6  5  5  66       
PG02  13447.676968  14966.273350 -16724.385516   -487.875182  6  7  3  85       
PG03 -23421.884014  11837.146680   3644.796034   -240.990208 10  7  6  73       
PG04 -18805.898303   4092.196415 -18306.357535   -112.953168  8  5  5  78       
PG05  18401.556356   3801.455404 -18991.177224    -16.754907  4  5  8 105       
PG06   6567.651593  24322.197115  -8290.917794   -303.592093  3  4  6  65       
PG07  -6173.882719  23554.930228  -9671.116711   -328.195696  6  5  4  50       
PG08 -24364.368423  -4731.582139   9819.687006    -41.111493  6  6  3  97       
PG09  -8059.778319  13185.674451 -21651.371721   -254.312982     6  5  90       
PG10   2393.169837 -17656.123038  19706.279518   -400.784073  6  4  4  65       
PG11 -17597.533233   -885.671140  19302.777909   -220.003735  6  5  5  91       
PG12  24125.481198 -10188.517712   3673.944817     93.185623  6  6  5  71       
PG13  22894.285608  13085.546303   3483.311082     27.100523  6  4  3  82       
PG14 -15993.855131 -18762.791463  10472.578716      1.656874  6  6  7  90       
PG15  24734.654950   1992.565787   9650.698256   -217.272529  7  6  3  71       
PG16 -19967.745166  -3112.446330 -17682.961690   -183.260106  5  6  8  71       
PG17   8575.937399  18606.218313  17350.766954    296.525805  7  5  4  60       
PG18   6408.586570 -23825.404294  -9808.344387    247.224517  9  9  8  89       
PG19  15396.450804  18721.402766  10610.460057   -131.492521  6  5  6  71       
PG20  12212.276676 -20755.629540  10865.129901    527.277346  7  7  3  50       
PG21  -7239.437867 -25121.778997   6310.581291     24.166939  6  4  6  58       
PG22 -23006.225856   6949.835232  11353.910284   -771.744412  5  5  7 122       
PG23  11838.701987 -19409.137091  13703.971839 999999.999999
PG24  14812.199281  -6289.084859  20882.945596    -15.717555  4  5  2  58       
PG25  19405.065605 -17040.936064  -5828.686291     23.776955  8  4  5  85       
PG26  -9282.084216 -12479.399621 -21566.250165    244.076367  6  5  5  83       
PG27 -23512.149614 -12738.593839   -596.270394   -346.893353  5  5  5  86       
PG28  -2270.042883  16993.731074  20907.043464    699.173215  6  7  6  61       
PG29  12683.253095  -8995.387715 -21584.447149   -151.222151  6  4  3  82       
PG30    552.268373  26430.598609    465.557412   -262.861048  3  6  3  60       
PG31  -7393.866061 -23221.070646 -10030.546682    -55.873731  6  5  6  80       
PG32 -10447.428665 -18321.546770  16321.068658    317.643404  5  3  8  78       
*  2020  7 16  2 30  0.00000000
PG01 -13916.278295   5943.190012  21556.881728     25.854360  6  5  4  63       
PG02  13532.160331  16883.004676 -14796.597000   -487.880382  6  7  4  78       
PG03 -23072.586297  11307.935458   6440.070736   -241.000600 10  7  7  85       
PG04 -20506.634213   3030.251377 -16612.481934   -112.957329  8  5  5  84       
PG05  16676.655728   5189.724645 -20207.781048    -16.755454  3  5  7  97       
PG06   6433.808398  25131.045938  -5541.061866   -303.596706  3  4  6  54       
PG07  -6536.012718  22267.007771 -12139.601910   -328.203427  5  5  4  74       
PG08 -25157.361058  -5313.484470   7186.308911    -41.111588  6  5  3 104       
PG09 -10271.254403  12127.461072 -21332.160814   -254.318803  1  6  5  89       
PG10   4250.732151 -18771.863649  18283.888299   -400.793684  6  4  4  54       
PG11 -18603.891697  -2918.388440  18122.636154   -219.994174  5  5  4  67       
PG12  23706.202865  -9695.928233   6493.607240     93.181037  6  6  5  67       
PG13  22977.062733  13412.033885    632.813503     27.103891  5  4  4  91       
PG14 -14788.599931 -18284.703639  12877.295513      1.659561  6  6  7  75       
PG15  25569.594803   2607.662851   7108.505779   -217.270345  7  6  3  86       
PG16 -18214.307603  -4187.498861 -19262.946279   -183.264324  5  6  7  64       
PG17   6782.266007  17719.868134  19028.515750    296.531280  7  6  3  57       
PG18   6683.890845 -22575.071821 -12277.450763    247.232970  9  9  9  51       
PG19  14123.453579  18134.194469  13047.913295   -131.487914  7  5  6  86       
PG20  13253.723714 -21273.279708   8352.794596    527.277138  7  7  3  58       
PG21  -7071.368336 -25626.621960   3559.579196     24.170819  5  5  6  42       
PG22 -22089.326484   5841.196955  13627.294877   -771.742423  4  5  6 125       
PG23  13129.542427 -20077.782626  11371.049057 999999.999999
PG24  15199.289271  -3855.773948  21223.563932    -15.719153  4  5  2  65       
PG25  19947.318643 -17101.277205  -3008.450251     23.780903  8  5  5  61       
PG26  -7286.254459 -13915.748366 -21433.328310    244.082518  6  4  5  88       
PG27 -23242.095967 -12808.229177  -3453.488746   -346.902057  5  5  5  62       
PG28  -4229.664314  17997.523676  19706.349489    699.169968  6  7  6  85       
PG29  14745.703727  -7757.180137 -20739.591210   -151.229837  5  5  3 101       
PG30    210.801110  26330.175796  -2354.218646   -262.867908  3  6  3  77       
PG31  -7166.224917 -24237.696695  -7399.661177    -55.875928  6  5  6  63       
PG32  -8621.639577 -17626.187528  18056.443649    317.648953  5  3  8  50       
*  2020  7 16  2 45  0.00000000
PG01 -14284.334281   3436.510506  21885.186014     25.857964  6  5  4  83       
PG02  13668.181485  18555.318533 -12603.892173   -487.885335  5  7  4  62       
PG03 -22504.996206  10570.690085   9123.610840   -241.011010  9  7  7  43       
PG04 -22070.503668   2143.717091 -14632.865769   -112.961406  8  5  5  88       
PG05  14934.124434   6740.281968 -21082.443921    -16.756029  2  5  7  97       
PG06   6302.353273  25630.741080  -2695.469488   -303.601272  2  4  6  68       
PG07  -6994.551378  20728.666236 -14390.191760   -328.211432  5  5  4  89       
PG08 -25698.020798  -5740.437921   4431.137839    -41.112861  6  5  4  93       
PG09 -12481.026458  11204.038947 -20647.589778   -254.324598  2  6  5  77       
PG10   5907.357625 -19875.424655  16546.412732   -400.803286  6  5  4  63       
PG11 -19609.766750  -4778.644601  16615.224574   -219.984497  6  5  4  62       
PG12  23051.797875  -9004.801223   9199.736573     93.176966  6  6  5  86       
PG13  22797.077244  13572.848353  -2228.523476     27.106825  5  4  3  68       
PG14 -13332.898308 -17753.863673  15066.566387      1.662189  6  6  7  52       
PG15  26151.737488   3096.472281   4445.393343   -217.267839  7  6  2  83       
PG16 -16388.463738  -5445.877806 -20521.663965   -183.268721  5  6  7  89       
PG17   4790.383338  16863.722825  20390.054395    296.536324  7  6  2  32       
PG18   7053.453841 -21074.918667 -14535.085182    247.241551  9 10  9  52       
PG19  12583.537484  17492.791910  15257.479027   -131.483272  7  6  6  82       
PG20  14062.564745 -21631.594448   5694.390923    527.277115  7  7  4  30       
PG21  -6862.472916 -25837.612707    749.143532     24.174868  6  5  6  59       
PG22 -21047.816751   4528.800863  15667.321093   -771.739959  4  4  6 122       
PG23  14169.452723 -20639.551080   8842.155643 999999.999999
PG24  15704.136770  -1429.909539  21191.818205    -15.720078  4  5  2  73       
PG25  20230.455443 -16990.927762   -135.790804     23.784803  7  5  5  40       
PG26  -5390.255965 -15428.350368 -20932.145171    244.088668  6  4  6  73       
PG27 -22682.625246 -12771.702705  -6252.604874   -346.910739  5  4  4  65       
PG28  -6004.441819  19029.673144  18183.579441    699.166596  5  7  6  89       
PG29  16770.436952  -6687.978083 -19539.600635   -151.237348  5  5  3  91       
PG30   -166.336367  25930.107608  -5132.897049   -262.874854  3  6  2  61       
PG31  -6956.970287 -24958.891642  -4638.160598    -55.878255  6  5  6  69       
PG32  -6596.640336 -16959.636395  19484.753752    317.654490  5  3  7  57       
*  2020  7 16  3  0  0.00000000
PG01 -14790.837846    941.506896  21828.277783     25.861609  6  5  4  75       
PG02  13821.616825  19957.967077 -10186.913563   -487.890548  5  6  4  70       
PG03 -21754.797488   9608.609571  11648.785208   -241.021436  9  7  7  57       
PG04 -23454.958985   1423.269608 -12401.625579   -112.965527  8  5  5 100       
PG05  13215.754376   8432.988055 -21600.022438    -16.756965     5  7 106       
PG06   6134.150966  25817.279078    196.673696   -303.605846  3  4  5  71       
PG07  -7573.785691  18975.025626 -16382.378312   -328.219056  5  5  3  76       
PG08 -25961.247561  -6041.891912   1600.899474    -41.113864  6  5  4  96       
PG09 -14642.419709  10423.973079 -19609.372744   -254.330510  2  6  5  80       
PG10   7345.762336 -20924.193416  14523.155743   -400.812870  6  5  4  60       
PG11 -20577.409614  -6443.430802  14808.006450   -219.974931  6  5  3  76       
PG12  22197.403596  -8095.308450  11744.671694     93.172155  6  6  5  67       
PG13  22337.639311  13601.889664  -5051.792833     27.109850  4  4  4  71       
PG14 -11641.047753 -17209.557167  17004.346769      1.664719  5  6  7  69       
PG15  26460.927492   3487.560150   1706.985860   -217.265408  7  6  2  92       
PG16 -14535.789752  -6878.321160 -21437.436420   -183.272963  5  6  7  94       
PG17   2631.317672  16072.955227  21413.471331    296.541477  7  6  2  78       
PG18   7543.158254 -19358.566521 -16542.438252    247.250039  9 10  9  63       
PG19  10791.946009  16838.806590  17199.764172   -131.478488  7  6  5  58       
PG20  14651.383357 -21796.184862   2936.428293    527.277038  7  7  4  54       
PG21  -6575.816765 -25756.153160  -2073.854408     24.179366  6  5  7  75       
PG22 -19922.581615   3016.014685  17439.752847   -771.737516  4  4  6 112       
PG23  14961.704184 -21054.494779   6160.915589 999999.999999
PG24  16316.819033    941.430227  20789.402703    -15.721678  4  5  2  66       
PG25  20274.231621 -16677.673665   2739.216999     23.788708  7  5  5  53       
PG26  -3626.081166 -16981.966923 -20070.636643    244.094710  7  3  6  66       
PG27 -21829.804026 -12668.019287  -8946.634208   -346.919388  5  4  4  75       
PG28  -7571.535579  20051.077177  16362.813488    699.163262  5  7  6  98       
PG29  18708.877716  -5793.366738 -18005.035907   -151.245112  5  5  3  85       
PG30   -612.770978  25242.452720  -7821.956918   -262.881762  4  6  2  64       
PG31  -6729.192984 -25374.328866  -1794.663704    -55.880566  6  5  6  74       
PG32  -4404.063713 -16354.339628  20581.546546    317.660063  6  3  7  53       
*  2020  7 16  3 15  0.00000000
PG01 -15424.907346  -1491.058020  21388.239921     25.865285  6  5  4  56       
PG02  13955.530005  21074.541049  -7589.877471   -487.895730  5  6  4  71       
PG03 -20861.817654   8412.835526  13971.700480   -241.031876  9  7  7  55       
PG04 -24621.494852    852.105317  -9957.182791   -112.969687  7  5  5  89       
PG05  11559.908107  10240.544163 -21751.297812    -16.757145     5  7 103       
PG06   5890.626444  25695.864886   3085.430117   -303.610392  2  4  5  78       
PG07  -8291.436572  17047.196330 -18080.480516   -328.226854  5  5  3  72       
PG08 -25929.502416  -6251.665366  -1256.454875    -41.114487  6  5  5  83       
PG09 -16708.756408   9787.836874 -18235.253106   -254.336318  2  5  4  85       
PG10   8557.056126 -21874.484998  12248.515103   -400.822460  6  6  4  78       
PG11 -21467.435264  -7897.647849  12734.029539   -219.965050  6  5  3  72       
PG12  21183.068784  -6955.560228  14083.434281     93.167895  6  6  5  74       
PG13  21590.251164  13536.377522  -7788.864512     27.112873  3  4  4  66       
PG14  -9735.058494 -16688.659636  18658.805224      1.667323  5  5  6  79       
PG15  26484.375732   3812.942386  -1060.232428   -217.263189  6  6  2  64       
PG16 -12700.438930  -8467.358095 -21994.064293   -183.277421  5  7  6  73       
PG17    342.241612  15377.226413  22082.324733    296.546730  7  6  2  78       
PG18   8172.539934 -17465.406278 -18265.036615    247.258505  8 10  9  85       
PG19   8772.807180  16211.585082  18839.926950   -131.473812  7  6  5  39       
PG20  15039.950741 -21737.454917    127.148086    527.277034  6  7  5  73       
PG21  -6176.190288 -25391.855175  -4861.496558     24.183001  6  6  7  53       
PG22 -18754.478357   1314.009758  18915.054785   -771.735082  3  4  5 113       
PG23  15517.850724 -21285.554684   3373.555636 999999.999999
PG24  17020.116429   3213.933328  20024.565534    -15.721358  4  5  2  90       
PG25  20105.494474 -16135.145994   5566.165734     23.792566  7  5  5  84       
PG26  -2019.213718 -18536.950293 -18862.983073    244.100858  7  3  6  21       
PG27 -20688.375304 -12536.885262 -11490.405137   -346.927986  5  3  4  80       
PG28  -8915.688464  21019.896728  14272.945112    699.160321  5  7  6  94       
PG29  20513.363266  -5070.354151 -16162.157940   -151.252639  4  6  2  77       
PG30  -1159.096468  24287.397728 -10374.453703   -262.888697  4  6  2  85       
PG31  -6445.545766 -25482.842568   1080.590884    -55.882696  6  5  5  61       
PG32  -2081.607932 -15837.362530  21327.920305    317.665611  6  3  6  58       
*  2020  7 16  3 30  0.00000000
PG01 -16167.639702  -3813.460491  20573.976232     25.868844  6  6  4  76       
PG02  14031.824945  21897.839817  -4859.632638   -487.900871  5  6  4  67       
PG03 -19868.424976   6983.003916  16051.987284   -241.042291  9  6  7  54       
PG04 -25537.068579    406.785128  -7341.601175   -112.973911  7  5  4  91       
PG05  10000.173046  12129.348608 -21533.154454    -16.757904     5  7 106       
PG06   5535.455304  25280.646329   5920.981811   -303.614962  3  5  4  79       
PG07  -9157.756417  14990.718020 -19454.358193   -328.234630  5  5  3  81       
PG08 -25593.500693  -6406.473975  -4092.523635    -41.114816  6  4  5  86       
PG09 -18634.991065   9288.314962 -16548.707186   -254.342121  3  5  4  78       
PG10   9540.922035 -22683.252507   9761.421984   -400.832061  6  6  4  67       
PG11 -22240.452445  -9134.474029  10431.215148   -219.955651  6  5  4  87       
PG12  20052.150129  -5582.315320  16174.585716     93.163749  5  6  5  59       
PG13  20555.023467  13415.258188 -10393.183222     27.115853  2  4  3  65       
PG14  -7643.989089 -16224.215863  20002.771560      1.669833  5  5  6  84       
PG15  26217.088519   4106.656940  -3809.671552   -217.261075  6  6  3  79       
PG16 -10923.597134 -10187.763260 -22181.132169   -183.281463  5  7  6  90       
PG17  -2034.723896  14799.617009  22385.849836    296.551914  6  6  2  61       
PG18   8953.871016 -15439.187359 -19673.330977    247.266954  8 10  9  75       
PG19   6558.422462  15646.569536  20148.375442   -131.469327  7  6  5  49       
PG20  15254.252249 -21431.865926  -2684.361769    527.276675  6  7  6  76       
PG21  -5631.682113 -24762.282886  -7565.583945     24.187211  6  6  7  77       
PG22 -17582.792240   -558.502048  20068.834260   -771.732653  3  4  5 115       
PG23  15857.095643 -21300.083720    528.103481 999999.999999
PG24  17790.209701   5347.566382  18911.873711    -15.722075  5  5  2  83       
PG25  19757.029361 -15344.067629   8295.247805     23.796379  7  5  6  65       
PG26   -587.800711 -20050.675251 -17329.410438    244.107056  7  4  6  81       
PG27 -19271.685469 -12417.073024 -13841.257763   -346.936643  5  2  3  88       
PG28 -10029.652580  21893.069141  11947.340133    699.157108  5  8  6 100       
PG29  22138.857137  -4507.645994 -14042.486681   -151.260352  4  6  2  94       
PG30  -1831.458466  23092.489567 -12745.874194   -262.895603  3  6  1  78       
PG31  -6069.946892 -25292.427353   3936.702151    -55.885107  6  5  5  58       
PG32    328.192721 -15429.334210  21710.850262    317.671276  6  3  6  49       
*  2020  7 16  3 45  0.00000000
PG01 -16992.882638  -5982.674330  19400.963849     25.872424  6  6  5  73       
PG02  14012.917308  22429.869085  -2044.710972   -487.905983  5  6  5  79       
PG03 -18817.837246   5327.464729  17853.522440   -241.052725  8  5  7  86       
PG04 -26175.321449     58.337480  -4599.863128   -112.978074  7  5  3  88       
PG05   8564.198824  14060.601026 -20948.667289    -16.758577     5  7 106       
PG06   5036.166113  24594.114206   8654.495660   -303.619489  3  5  4  56       
PG07 -10174.953916  12853.825832 -20479.994767   -328.242373  5  5  2  72       
PG08 -24952.609489  -6544.351964  -6859.237052    -41.115876  5  3  5  81       
PG09 -20379.292980   8910.617809 -14578.552520   -254.348011  3  6  4  85       
PG10  10305.461146 -23309.798407   7104.687046   -400.841489  6  6  5  48       
PG11 -22858.696943 -10155.378283   7941.543197   -219.945633  7  5  5  64       
PG12  18849.578842  -3981.346283  17981.023837     93.159533  5  5  5  72       
PG13  19240.774272  13277.560366 -12820.532925     27.118811  2  4  4  69       
PG14  -5403.036773 -15844.175673  21014.118964      1.672592  6  5  6  74       
PG15  25662.017637   4403.282628  -6495.366387   -217.258467  5  6  4  85       
PG16  -9242.042928 -12007.305474 -21994.240389   -183.285875  5  7  6  83       
PG17  -4453.876288  14355.807067  22319.096050    296.557279  6  6  2  76       
PG18   9891.532821 -13326.450920 -20743.197557    247.275405  8 10  9  81       
PG19   4188.221307  15173.815898  21101.372925   -131.464382  7  6  5  60       
PG20  15325.274718 -20862.967819  -5449.064181    527.276588  6  7  7  37       
PG21  -4915.178565 -23892.395163 -10138.466248     24.191708  6  6  7  89       
PG22 -16443.777118  -2575.814566  20882.193303   -771.730100  3  4  5 111       
PG23  16005.369224 -21071.209294  -2326.443522 999999.999999
PG24  18597.643999   7307.899505  17471.865199    -15.721934  5  4  3  62       
PG25  19266.166243 -14293.231617  10878.194017     23.800212  6  4  6  64       
PG26    657.889039 -21479.108161 -15495.881763    244.113256  7  5  6  60       
PG27 -17601.306310 -12344.830807 -15959.704180   -346.945290  5  2  3  73       
PG28 -10914.340550  22627.896203   9423.430957    699.153924  5  8  6  90       
PG29  23544.574292  -4086.244974 -11682.272253   -151.267594  3  7  2  79       
PG30  -2650.320140  21691.588024 -14894.943630   -262.902454  3  6  2  28       
PG31  -5569.240342 -24819.873161   6723.084301    -55.887106  6  5  5  74       
PG32   2779.382184 -15143.645742  21723.424184    317.676845  7  3  5  73       
*  2020  7 16  4  0  0.00000000
PG01 -17868.301077  -7961.822852  17890.884557     25.876035  6  6  6  37       
PG02  13863.353662  22681.481976    805.604439   -487.911200  5  5  5  62       
PG03 -17752.410047   3463.159711  19345.072838   -241.063245  8  4  7  72       
PG04 -26517.554509   -226.423403  -1779.097225   -112.982234  7  4  3  74       
PG05   7272.761543  15991.616594 -20007.094192    -16.758705     6  7 103       
PG06   4365.591702  23666.192830  11238.966779   -303.624040  4  6  4  79       
PG07 -11336.970649  10685.622024 -21139.934170   -328.250442  5  5  2  80       
PG08 -24014.934708  -6703.026592  -9509.635790    -41.117011  5  2  5  86       
PG09 -21904.516511   8633.192177 -12358.466599   -254.353770  4  6  4  87       
PG10  10866.705876 -23717.418347   4324.263956   -400.851094  6  7  5  70       
PG11 -23287.594392 -10969.783828   5310.159929   -219.936453  7  5  5  70       
PG12  17620.068875  -2167.441057  19470.699818     93.155415  5  5  4  57       
PG13  17664.808454  13160.762437 -15029.757265     27.121800  2  5  4  55       
PG14  -3052.414552 -15570.327954  21676.078908      1.675006  6  4  5  67       
PG15  24829.931973   4736.458709  -9072.676601   -217.256119  4  6  4  76       
PG16  -7686.864607 -13887.769939 -21435.156868   -183.290119  5  7  6  74       
PG17  -6867.423421  14053.530350  21882.994367    296.561857  5  6  2  70       
PG18  10981.702835 -11174.867275 -21456.344927    247.283834  7  9  8  75       
PG19   1707.420068  14816.734560  21681.532627   -131.460015  6  6  5  82       
PG20  15287.605860 -20022.155700  -8118.862985    527.276533  6  6  7  66       
PG21  -4005.725533 -22813.694393 -12533.923653     24.195138  6  6  7  79       
PG22 -15369.333493  -4706.033747  21341.989144   -771.728097  3  4  4 109       
PG23  15994.154067 -20578.981991  -5140.964434 999999.999999
PG24  19408.516072   9067.195338  15730.600672    -15.721930  5  4  3  76       
PG25  18673.202117 -12980.165765  13269.196506     23.803985  6  4  6  58       
PG26   1715.697164 -22778.453773 -13393.681186    244.119425  7  6  6  63       
PG27 -15706.365564 -12352.394065 -17810.043613   -346.953891  6  2  3  80       
PG28 -11578.690352  23183.656363   6742.242893    699.150408  5  8  5  82       
PG29  24695.456048  -3780.351735  -9121.886733   -151.275630  3  7  2  91       
PG30  -3629.459327  20123.581339 -16784.368110   -262.909351  3  6  2  71       
PG31  -4914.740248 -24090.050267   9390.440037    -55.889577  7  5  5  46       
PG32   5224.130908 -14985.932810  21364.982555    317.682468  7  2  5  67       
*  2020  7 16  4 15  0.00000000
PG01 -18756.689068  -9721.370433  16071.148630     25.879616  5  6  6  66       
PG02  13551.314298  22671.693477   3642.172951   -487.916445  5  5  6  59       
PG03 -16711.973160   1415.162277  20500.848416   -241.073719  7  3  7  67       
PG04 -26553.421662   -483.415777   1072.229722   -112.986379  7  5  3  75       
PG05   6139.091219  17877.304268 -18723.770749    -16.759532  1  6  7 102       
PG06   3503.112721  22533.057707  13630.025262   -303.628519  4  6  3  91       
PG07 -12629.616624   8534.234787 -21423.563167   -328.258224  5  5  2  79       
PG08 -22797.093631  -6918.305403 -11998.635723    -41.117565  5  2  6  68       
PG09 -23179.503508   8428.700277  -9926.423215   -254.359587  4  6  3  86       
PG10  11247.818452 -23874.910400   1468.442811   -400.860728  5  7  5  52       
PG11 -23497.184146 -11594.404415   2584.436626   -219.926272  7  5  5  80       
PG12  16406.341766   -164.037485  20617.237165     93.151280  5  5  5  59       
PG13  15852.387158  13099.232242 -16983.426219     27.124730  2  5  3  70       
PG14   -636.053276 -15417.468281  21977.487506      1.677825  6  4  5  81       
PG15  23739.020229   5137.457373 -11498.949972   -217.254048  3  6  5  97       
PG16  -6282.382651 -15786.223262 -20511.881786   -183.294673  5  7  6  77       
PG17  -9227.052032  13892.320686  21084.355009    296.567408  5  6  3  70       
PG18  12212.367857  -9031.541241 -21800.619934    247.292233  7  9  8  80       
PG19   -834.562049  14591.109431  21878.187074   -131.455398  6  6  5  74       
PG20  15177.904556 -18909.122127 -10647.467045    527.276515  5  6  8  73       
PG21  -2889.688588 -21563.100639 -14708.084465     24.198785  6  6  7  40       
PG22 -14385.870463  -6912.112513  21441.003099   -771.725435  3  4  4 109       
PG23  15859.104838 -19811.265860  -7867.060657 999999.999999
PG24  20185.833356  10605.225189  13719.129127    -15.722032  5  4  3  42       
PG25  18019.704420 -11411.451011  15425.793434     23.807782  5  4  6  57       
PG26   2591.486881 -23906.815624 -11058.895457    244.125576  7  7  6  67       
PG27 -13622.609032 -12466.651402 -19360.925979   -346.962491  6  2  3  70       
PG28 -12039.240770  23523.187215   3947.850065    699.146961  6  8  4  98       
PG29  25563.438868  -3558.532692  -6405.145894   -151.283160  2  7  2  86       
PG30  -4775.238042  18430.917690 -18381.497266   -262.916292  2  6  3  68       
PG31  -4083.592225 -23134.875152  11891.704996    -55.891698  6  5  4  76       
PG32   7614.361927 -14953.863844  20641.159652    317.688109  7  1  5  67       
*  2020  7 16  4 30  0.00000000
PG01 -19617.469917 -11240.012359  13974.326495     25.883166  5  6  6  69       
PG02  13049.944678  22426.709672   6416.835096   -487.921758  5  5  6  67       
PG03 -15732.281535   -784.102546  21300.953755   -241.084169  7  4  7  72       
PG04 -26281.313744   -749.703122   3905.142349   -112.990538  7  5  3  96       
PG05   5168.489769  19671.756303 -17119.905581    -16.760180  1  6  6 108       
PG06   2435.645260  21235.727442  15786.692467   -303.632909  5  7  3  83       
PG07 -14031.054580   6445.044828 -21327.236288   -328.266127  5  6  2  79       
PG08 -21323.680006  -7222.536064 -14283.768553    -41.118468  5  2  6  70       
PG09 -24180.168431   8265.230217  -7324.054983   -254.365374  4  6  3  91       
PG10  11478.004648 -23757.886920  -1413.011636   -400.870317  5  7  6  33       
PG11 -23463.344494 -12052.290489   -186.992177   -219.916732  7  5  6  71       
PG12  15247.442923   1997.496381  21400.437344     93.146806  5  6  5  44       
PG13  13835.907825  13122.797377 -18648.440273     27.127821  2  5  4  85       
PG14   1799.827996 -15392.828134  21912.961788      1.680620  6  4  5  84       
PG15  22414.242534   5633.858000 -13734.144378   -217.251573  2  6  5 102       
PG16  -5045.320621 -17656.481076 -19238.618182   -183.299266  5  7  6  92       
PG17 -11485.521450  13863.559443  19935.794587    296.572647  5  6  3  67       
PG18  13563.662803  -6941.350086 -21770.208155    247.300724  7  8  7  81       
PG19  -3385.865589  14504.439658  21687.620488   -131.450484  6  7  5  88       
PG20  15033.305422 -17531.988321 -12991.210826    527.276442  5  5  8  80       
PG21  -1561.650526 -20181.583986 -16620.356693     24.202953  6  6  7  86       
PG22 -13513.390637  -9153.074975  21178.018670   -771.723015  3  5  3 106       
PG23  15638.516891 -18764.335914 -10457.887086 999999.999999
PG24  20890.988485  11909.787246  11472.882106    -15.723833  5  4  4  47       
PG25  17346.766778  -9602.676095  17309.693144     23.811578  5  3  6  54       
PG26   3298.734396 -24825.804271  -8531.800196    244.131712  7  7  5  79       
PG27 -11391.226172 -12708.012963 -20585.857510   -346.971076  6  3  3  82       
PG28 -12319.423661  23614.382271   1086.759694    699.143700  6  7  3  60       
PG29  26128.468613  -3385.110076  -3578.571462   -151.290803  2  7  3  93       
PG30  -6086.173633  16658.012591 -19658.894456   -262.923227  2  6  4  74       
PG31  -3059.892763 -21992.002621  14182.939914    -55.893951  7  5  4  74       
PG32   9903.395088 -15037.243574  19563.822864    317.693706  7     5  78       
*  2020  7 16  4 45  0.00000000
PG01 -20408.321431 -12505.235176  11637.504433     25.886739  4  6  7  75       
PG02  12338.471057  21978.721566   9083.184532   -487.926339  5  5  6  86       
PG03 -14843.642363  -3095.927289  21731.730133   -241.094608  6  4  6  39       
PG04 -25708.419132  -1061.863341   6670.994072   -112.994697  7  5  4  76       
PG05   4358.256709  21329.891176 -15222.275712    -16.760749  2  6  6  95       
PG06   1158.334611  19818.485308  17672.074342   -303.637450  5  7  4  93       
PG07 -15512.606649   4459.055070 -20854.246265   -328.273973  5  6  2  81       
PG08 -19626.439586  -7643.196455 -16325.887832    -41.119917  5  2  5  43       
PG09 -24890.324584   8107.691394  -4595.951829   -254.371188  4  6  4  72       
PG10  11591.185305 -23349.833497  -4269.759978   -400.880024  5  6  6  63       
PG11 -23168.771028 -12371.634894  -2955.183940   -219.906957  7  4  6  85       
PG12  14177.220412   4278.907482  21806.659639     93.142457  5  6  5  55       
PG13  11653.825544  13255.498849 -19996.564428     27.130955  2  5  4  58       
PG14   4208.235935 -15495.785760  21483.003961      1.683144  6  5  5  75       
PG15  20886.456192   6248.367517 -15741.404829   -217.249040  2  6  5  86       
PG16  -3984.260258 -19450.729299 -17635.641963   -183.303393  5  7  6  81       
PG17 -13598.230213  13950.824377  18455.591457    296.577831  5  6  4  61       
PG18  15008.522129  -4945.377200 -21365.726127    247.309151  6  7  6  79       
PG19  -5894.058761  14555.634101  21113.156596   -131.446243  5  7  5  89       
PG20  14889.823168 -15907.111373 -15109.815735    527.276150  5  5  8  67       
PG21    -24.992568 -18712.601848 -18234.346971     24.207244  6  6  7  73       
PG22 -12764.828703 -11385.385001  20557.810459   -771.720629  3  5  2 111       
PG23  15371.703855 -17443.159752 -12868.954134 999999.999999
PG24  21485.290191  12976.914181   9031.011435    -15.724577  4  4  4  72       
PG25  16693.291521  -7578.027293  18887.516724     23.815341  5  4  6  47       
PG26   3857.814935 -25502.028559  -5856.160794    244.137737  8  8  5  39       
PG27  -9057.479031 -13089.522782 -21463.642099   -346.979652  6  4  3  82       
PG28 -12448.589114  23431.545532  -1792.774527    699.140203  6  7  2  49       
PG29  26379.221271  -3221.720852   -690.605459   -151.298366  1  7  3  68       
PG30  -7552.828014  14849.596849 -20594.804238   -262.930145  2  6  4  67       
PG31  -1835.519300 -20703.301669  16224.149108    -55.896269  7  5  4  71       
PG32  12047.548393 -15218.430364  18150.908867    317.699301  7  1  5  65       
*  2020  7 16  5  0  0.00000000
PG01 -21086.860313 -13513.533748   9101.580765     25.890321  4  6  7  67       
PG02  11403.067017  21364.518610  11597.265606   -487.931664  5  5  6  80       
PG03 -14069.772288  -5476.637942  21785.982289   -241.105045  5  5  6  57       
PG04 -24850.458821  -1454.377889   9322.297898   -112.998865  7  6  4 106       
PG05   3697.928642  22809.088727 -13062.823047    -16.761275  2  7  6  97       
PG06   -325.071124  18327.192045  19253.980697   -303.641986  5  7  4  94       
PG07 -17039.842812   2611.469793 -20014.648046   -328.281564  4  6  1  77       
PG08 -17743.184466  -8201.668541 -18089.829920    -41.120688  5  3  5  75       
PG09 -25302.219532   7919.341197  -1788.906537   -254.377099  4  6  4  90       
PG10  11624.478935 -22642.869335  -7051.807705   -400.889632  4  7  6  44       
PG11 -22603.673323 -12584.396671  -5671.812364   -219.897460  6  4  5  70       
PG12  13223.030127   6636.385320  21829.066513     93.138402  5  6  6  74       
PG13   9349.355559  13514.574024 -21004.885262     27.133831  2  5  4  71       
PG14   6542.950882 -15717.870148  20694.031333      1.685564  6  5  5  72       
PG15  19191.347206   6997.825738 -17487.592503   -217.246695  3  7  4  76       
PG16  -3099.407530 -21121.242334 -15729.065920   -183.307717  5  7  6  93       
PG17 -15524.703336  14130.530995  16667.467474    296.582958  5  6  4  83       
PG18  16513.618892  -3079.500752 -20594.204341    247.317621  6  6  6  76       
PG19  -8308.032082  14735.072795  20165.098527   -131.441567  5  7  5  96       
PG20  14780.821022 -14058.577455 -16967.078449    527.276197  5  5  8  70       
PG21   1707.883380 -17200.401198 -19518.736137     24.212038  6  6  7  61       
PG22 -12145.665216 -13564.409784  19591.046075   -771.718339  3  6  1 113       
PG23  15097.347478 -15861.352420 -15058.886993 999999.999999
PG24  21931.491334  13810.769571   6435.684919    -15.724848  4  5  3  52       
PG25  16094.372702  -5369.528452  20131.440060     23.819233  4  5  5  23       
PG26   4295.010588 -25908.408954  -3078.460277    244.143888  8  8  5  66       
PG27  -6669.181307 -13616.248838 -21978.751944   -346.988242  7  5  3  89       
PG28 -12460.790011  22956.548667  -4641.506683    699.137105  5  7     54       
PG29  26313.502068  -3028.984597   2209.210773   -151.306102  1  6  3  62       
PG30  -9158.018113  13049.071422 -21173.509636   -262.937036  2  6  4  74       
PG31   -410.637154 -19313.181734  17980.006771    -55.898521  6  5  4  47       
PG32  14007.636149 -15473.053863  16426.156687    317.704902  6  2  5  80       
*  2020  7 16  5 15  0.00000000
PG01 -21612.319692 -14270.284950   6410.518645     25.893921  4  6  7  49       
PG02  10237.448942  20623.979636  13918.192791   -487.936814  5  5  6  93       
PG03 -13426.929163  -7879.104422  21463.086706   -241.115405  4  6  5  21       
PG04 -23731.106316  -1958.103545  11813.536761   -113.003008  7  6  5  96       
PG05   3169.826746  24070.755207 -10678.154835    -16.762043  2  7  6  99       
PG06  -2002.181397  16807.555101  20505.460930   -303.646540  5  6  4  85       
PG07 -18573.899189    930.537612 -18824.948696   -328.289468  4  6  1  92       
PG08 -15716.484202  -8912.243531 -19545.019478    -41.121445  5  4  5  79       
PG09 -25416.758617   7663.384100   1048.880545   -254.382900  4  6  4  68       
PG10  11616.557450 -21638.175785  -9710.424677   -400.899176  4  7  7  65       
PG11 -21766.169218 -12724.806985  -8290.039792   -219.887880  6  4  5  85       
PG12  12404.720949   9022.116352  21467.729582     93.133839  5  6  6  77       
PG13   6969.004296  13909.706464 -21656.185206     27.137024  3  5  4  79       
PG14   8760.056845 -16043.060652  19558.329201      1.688129  6  5  5  69       
PG15  17368.204600   7892.428292 -18943.763218   -217.244290  4  6  4  71       
PG16  -2382.685681 -22622.135468 -13550.493930   -183.312228  5  7  6  72       
PG17 -17229.949282  14372.848462  14600.294125    296.588368  5  5  3  77       
PG18  18040.555517  -1373.190469 -19468.961727    247.326021  6  5  5  83       
PG19 -10579.839681  15025.032936  18860.521995   -131.437062  5  7  5  88       
PG20  14735.603987 -12017.404006 -18531.474998    527.276311  5  5  8  62       
PG21   3615.719019 -15688.256917 -20448.078279     24.215643  6  6  7  50       
PG22 -11653.827585 -15645.926357  18294.103632   -771.716047  4  6    108       
PG23  14851.884025 -14040.806471 -16990.129564 999999.999999
PG24  22195.256861  14423.244100   3731.353716    -15.725914  4  5  3  75       
PG25  15579.849022  -3015.962458  21019.719463     23.823038  4  5  4  45       
PG26   4641.279026 -26025.258584   -247.068709    244.149892  7  8  5  21       
PG27  -4275.079955 -14284.975634 -22121.621019   -346.996823  7  6  3  74       
PG28 -12393.363155  22179.739100  -7410.014026    699.133838  5  6  1  61       
PG29  25938.306950  -2768.215929   5071.079533   -151.313340     5  4  91       
PG30 -10877.337460  11296.934324 -21385.574456   -262.943969  2  5  4  82       
PG31   1206.135486 -17866.841547  19420.476140    -55.900614  6  4  4  59       
PG32  15750.306648 -15771.007958  14418.739319    317.710469  6  3  5  63       
*  2020  7 16  5 30  0.00000000
PG01 -21947.156294 -14789.290908   3610.570712     25.897516  4  5  7  78       
PG02   8843.189236  19798.499147  16008.691358   -487.941781  5  5  6  90       
PG03 -12923.351343 -10254.385974  20768.980719   -241.125836  4  6  5  72       
PG04 -22381.114731  -2598.886245  14101.939790   -113.007190  6  6  5  71       
PG05   2749.894545  25081.757119  -8108.953058    -16.763121  2  7  6  97       
PG06  -3852.258549  15303.420667  21405.248332   -303.651035  5  6  4  99       
PG07 -20072.965951   -563.301191 -17307.678796   -328.297555  4  6  2  82       
PG08 -13592.180241  -9781.398053 -20666.009219    -41.122638  6  5  4  85       
PG09 -25243.407299   7304.581095   3868.624544   -254.388696  5  5  4  55       
PG10  11605.942836 -20346.073338 -12199.044259   -400.908658  5  7  7  59       
PG11 -20662.370140 -12827.822981 -10765.321053   -219.878408  6  5  4  82       
PG12  11733.940819  11385.999985  20729.595401     93.129654  5  6  6  59       
PG13   4560.982290  14442.570628 -21939.229024     27.140061  3  5  5  93       
PG14  10819.401215 -16448.375452  18093.923749      1.690892  6  5  5  67       
PG15  15458.578923   8935.192839 -20085.592717   -217.241867  5  6  4  88       
PG16  -1818.159274 -23911.084481 -11136.563793   -183.316589  5  7  6  59       
PG17 -18685.638420  14642.862926  12287.721057    296.593451  5  5  3  76       
PG18  19547.260741    151.442407 -18009.374074    247.334487  6  4  6  88       
PG19 -12666.409693  15400.460344  17222.927502   -131.432274  5  6  5  91       
PG20  14778.191354  -9820.484702 -19776.671701    527.276088  5  5  8  52       
PG21   5668.959648 -14216.725647 -21003.489334     24.219973  6  7  7  79       
PG22 -11279.880433 -17587.617861  16688.807797   -771.713928  4  6    111       
PG23  14667.989708 -12011.011418 -18629.581479 999999.999999
PG24  22246.518455  14833.272926    964.004001    -15.726487  3  6  3  32       
PG25  15173.088312   -561.519632  21537.088519     23.826920  4  5  3  49       
PG26   4930.832610 -25841.086557   2588.629392    244.155997  7  8  5  10       
PG27  -1923.195925 -15084.214201 -21888.854933   -347.005411  7  6  3  78       
PG28 -12285.354521  21100.553273 -10049.563319    699.130694  5  6  2  53       
PG29  25269.543184  -2403.115092   7845.797742   -151.321090     4  4  81       
PG30 -12679.966351   9629.340866 -21227.968648   -262.950884  2  5  4  73       
PG31   2997.907873 -16408.514744  20521.310498    -55.902880  6  4  3  34       
PG32  17249.167271 -16077.683024  12162.797368    317.716039  6  3  5  56       
*  2020  7 16  5 45  0.00000000
PG01 -22058.528482 -15092.016363    749.489721     25.901159  4  5  6  75       
PG02   7229.746116  18929.405172  17835.561056   -487.947084  6  5  6  80       
PG03 -12559.024890 -12553.446901  19716.034164   -241.136263  4  7  5  79       
PG04 -20837.184576  -3396.370903  16148.211596   -113.011396  6  6  6  75       
PG05   2408.796380  25815.666360  -5399.300009    -16.763457  2  7  6  91       
PG06  -5846.836325  13855.153427  21938.106787   -303.655569  5  5  4  77       
PG07 -21493.879857  -1857.937429 -15490.863072   -328.305273  4  5  2  87       
PG08 -11417.777266 -10807.371704 -21432.943952    -41.123939  6  5  3  86       
PG09 -24799.775300   6810.806644   6621.793019   -254.394522  5  5  4  87       
PG10  11629.315591 -18785.742409 -14474.122185   -400.918183  5  7  7  52       
PG11 -19306.164093 -12927.594012 -13056.126415   -219.869076  6  6  3  73       
PG12  11213.790123  13677.454478  19628.314153     93.125530  5  7  6  74       
PG13   2173.556600  15106.688925 -21848.958327     27.143152  2  5  5  78       
PG14  12685.932930 -16904.732553  16324.371995      1.693639  6  5  5  80       
PG15  13504.869582  10121.686855 -20893.746066   -217.239541  5  6  3  77       
PG16  -1382.780129 -24950.943798  -8528.379942   -183.321082  5  7  6  74       
PG17 -19871.058913  14901.952294   9767.725520    296.598560  5  5  3 102       
PG18  20989.539421   1480.306632 -16240.540416    247.342952  6  4  6  74       
PG19 -14531.052460  15830.051750  15281.761504   -131.427998  4  6  4  91       
PG20  14926.314765  -7509.320658 -20681.936552    527.276073  5  6  7  81       
PG21   7830.698197 -12821.998463 -21173.193042     24.223777  6  7  6  90       
PG22 -11007.497740 -19350.506878  14802.087667   -771.711647  4  6    109       
PG23  14573.223551  -9808.088583 -19949.157930 999999.999999
PG24  22060.668296  15065.904788  -1819.595634    -15.725489  3  6  2  59       
PG25  14890.054435   1945.769362  21675.017899     23.830767  4  5  4  32       
PG26   5199.585771 -25353.089614   5379.131668    244.162096  7  8  5  68       
PG27    340.816809 -15994.533687 -21283.350881   -347.013996  7  7  4  75       
PG28 -12175.845732  19727.798005 -12513.013939    699.127131  4  5  2  82       
PG29  24331.418868  -1901.370786  10485.601581   -151.328647     4  4  89       
PG30 -14529.736719   8076.852179 -20704.077279   -262.957797  2  5  4  75       
PG31   4940.030594 -14979.784766  21264.429055    -55.905292  6  3  3  84       
PG32  18485.652244 -16355.391641   9696.880129    317.721571  6  2  5  85       
*  2020  7 16  6  0  0.00000000
PG01 -21919.593010 -15206.554979  -2124.262130     25.904759  4  5  6  88       
PG02   5414.217716  18056.421676  19370.066237   -487.951950  5  5  6  83       
PG03 -12325.785787 -14728.875719  18322.807564   -241.146672  4  7  6  66       
PG04 -19140.615557  -4363.053624  17917.202466   -113.015566  6  7  6  59       
PG05   2113.235987  26253.765283  -2595.929628    -16.764447  2  7  5 100       
PG06  -7950.637717  12498.165185  22095.075337   -303.660091  5  4  4  89       
PG07 -22793.754832  -2949.775396 -13407.409129   -328.312936  4  5  2  83       
PG08  -9240.770413 -11980.065671 -21831.939390    -41.125215  6  6  3  78       
PG09 -24110.897825   6154.492027   9260.942519   -254.400349  5  5  5  86       
PG10  11719.905465 -16984.598732 -16495.936228   -400.927721  5  6  7  59       
PG11 -17718.714768 -13056.000504 -15124.575529   -219.859207  7  6  3  94       
PG12  10838.833298  15847.238021  18183.938022     93.120949  5  7  6  71       
PG13   -146.597457  15887.607478 -21386.590813     27.146134  3  6  5  66       
PG14  14330.870373 -17378.057547  14278.466147      1.696054  6  5  5  73       
PG15  11548.887859  11440.027443 -21354.187971   -217.237165  6  6  3  58       
PG16  -1047.432279 -25711.195794  -5770.840722   -183.325387  5  7  6  56       
PG17 -20773.811736  15109.328025   7082.082174    296.603679  5  5  4  94       
PG18  22322.716015   2607.679645 -14192.853055    247.351404  5  5  6  75       
PG19 -16144.704991  16277.599547  13071.820239   -131.423078  4  6  4  91       
PG20  15190.678377  -5128.588707 -21232.447115    527.276211  5  5  7  65       
PG21  10057.969838 -11534.434567 -20952.896121     24.227895  5  7  6  79       
PG22 -10814.199643 -20900.275253  12665.560093   -771.708995  5  7    110       
PG23  14588.879956  -7473.578104 -20926.263441 999999.999999
PG24  21619.551241  15151.161083  -4572.640887    -15.724785  3  6  1  55       
PG25  14738.694292   4455.749435  21431.834126     23.834602  3  4  5  52       
PG26   5483.534506 -24567.310864   8075.719697    244.168156  6  7  6  37       
PG27   2475.234105 -16989.207391 -20314.321818   -347.022596  6  7  4  73       
PG28 -12102.246901  18079.574207 -14755.739423    699.124122  4  5  3  65       
PG29  23155.523845  -1236.112336  12944.990314   -151.336116  1  4  4  87       
PG30 -16386.408260   6663.418555 -19823.596018   -262.964715  3  4  4  85       
PG31   7000.917300 -13618.036580  21638.164764    -55.907476  6  2  3  60       
PG32  19449.597567 -16564.933591   7063.301610    317.727186  5  2  5  63       
*  2020  7 16  6 15  0.00000000
PG01 -21510.576346 -15166.367814  -4962.293966     25.908360  4  5  6 102       
PG02   3420.836099  17216.224207  20588.256788   -487.957198  5  4  6  88       
PG03 -12207.750902 -16736.541250  16613.702973   -241.157102  4  7  6  79       
PG04 -17335.793869  -5503.613423  19378.508397   -113.019699  6  7  7  72       
PG05   1827.444730  26385.768774    252.583355    -16.764965  3  7  5 100       
PG06 -10122.757115  11261.647461  21873.607690   -303.664631  5  4  5  92       
PG07 -23931.585548  -3843.578804 -11094.433216   -328.320802  4  5  2  86       
PG08  -7106.970694 -13281.270401 -21855.366909    -41.126411  6  7  3  72       
PG09 -23208.240883   5313.897960  11740.540137   -254.406184  5  4  4  88       
PG10  11906.031411 -14977.348840 -18229.309330   -400.937329  5  6  7  56       
PG11 -15927.705149 -13241.319326 -16936.978193   -219.849827  7  7  3  79       
PG12  10595.463955  17849.210743  16422.499276     93.116555  4  7  6  64       
PG13  -2355.985087  16763.385533 -20559.621776     27.149261  3  6  5  70       
PG14  15732.654463 -17830.603107  11989.850343      1.698772  6  4  5  73       
PG15   9630.443513  12871.155467 -21458.430355   -217.234435  6  6  2  84       
PG16   -778.239615 -26169.167767  -2911.868560   -183.329793  4  7  6  60       
PG17 -21390.213835  15223.691900   4275.754087    296.609016  5  5  3  92       
PG18  23503.309011   3536.231042 -11901.478340    247.359822  5  5  7  72       
PG19 -17486.862706  16703.539544  10632.553021   -131.418916  4  5  3  86       
PG20  15574.506730  -2724.602833 -21419.493140    527.275947  5  5  7  50       
PG21  12303.342667 -10377.351633 -20345.971036     24.232186  5  7  6  82       
PG22 -10672.327771 -22208.423414  10315.042547   -771.706687  5  6  2 117       
PG23  14729.094949  -5053.024126 -21544.172216 999999.999999
PG24  20912.222673  15122.729257  -7249.023627    -15.725873  3  6     54       
PG25  14718.667899   6917.933377  20812.697568     23.838436  2  4  5  57       
PG26   5817.134906 -23498.458450  10631.346739    244.174213  6  6  6  51       
PG27   4443.687811 -18035.154565 -18997.219672   -347.031157  6  8  5  79       
PG28 -12098.626726  16182.831104 -16736.545293    699.120771  3  5  3  57       
PG29  21779.636551   -387.153809  15181.514896   -151.343608  2  5  5  83       
PG30 -18207.104684   5405.634105 -18602.318125   -262.971624  3  5  4  79       
PG31   9143.136424 -12355.104958  21637.384783    -55.909598  6  1  3  59       
PG32  20139.498559 -16667.239544   4307.421091    317.732686  5  2  5  53       
*  2020  7 16  6 30  0.00000000
PG01 -20819.585540 -15008.843669  -7717.047346     25.911964  5  6  5  92       
PG02   1280.223454  16441.132365  21471.224573   -487.962064  5  3  6  92       
PG03 -12182.058470 -18537.122243  14618.515394   -241.167494  5  8  6  84       
PG04 -15468.572654  -6814.549864  20506.991031   -113.023855  6  7  7  68       
PG05   1514.781086  26210.231009   3096.682187    -16.765977  3  7  5 100       
PG06 -12318.062011  10167.555196  21277.605345   -303.669160  5  3  5  88       
PG07 -24869.763098  -4551.997395  -8592.541289   -328.328627  4  4  3  75       
PG08  -5058.892121 -14685.217911 -21502.036429    -41.126871  6  7  3  79       
PG09 -22128.468614   4274.165756  14017.755484   -254.412045  5  4  4  75       
PG10  12209.851022 -12804.764570 -19644.240924   -400.947041  6  5  6  79       
PG11 -13966.361868 -13507.061632 -18464.281015   -219.840255  7  7  2  82       
PG12  10462.603765  19641.967234  14375.480791     93.112570  4  7  5  83       
PG13  -4415.762903  17705.382097 -19381.726419     27.152298  3  6  5  73       
PG14  16877.648217 -18222.436483   9496.548970      1.701305  5  4  5  51       
PG15   7786.002816  14389.377970 -21203.712890   -217.232250  6  6  2  75       
PG16   -538.086934 -26310.960805     -1.555419   -183.334354  4  7  6  64       
PG17 -21725.387375  15204.949240   1396.207791    296.613672  5  5  3  70       
PG18  24490.672297   4276.720833  -9405.756793    247.368213  6  6  7  82       
PG19 -18546.164088  17066.634230   8007.284069   -131.414174  4  5  3  79       
PG20  16073.394476   -343.727713 -21240.574089    527.276444  5  5  6  67       
PG21  14516.731367  -9366.136376 -19363.433241     24.236225  5  7  6  81       
PG22 -10550.224656 -23253.227327   7790.000174   -771.704273  5  6  2 110       
PG23  15000.240344  -2594.411764 -21792.309185 999999.999999
PG24  19935.447861  15016.539316  -9804.041153    -15.725503  3  6     65       
PG25  14821.428936   9283.295939  19829.443967     23.842311  2  5  6  73       
PG26   6231.747773 -22169.391275  13001.492543    244.180343  6  5  7  55       
PG27   6216.400022 -19094.147831 -17353.553469   -347.039798  6  7  5  69       
PG28 -12194.153490  14072.555069 -18418.557722    699.117734  3  5  3  52       
PG29  20246.302028    658.019585  17156.517395   -151.351158  2  5  5  89       
PG30 -19947.853568   4312.288061 -17061.819693   -262.978526  3  5  4  79       
PG31  11324.724995 -11216.169021  21263.487534    -55.911832  5  2  3  63       
PG32  20562.437703 -16625.028714   1476.859913    317.738249  5  3  5  48       
*  2020  7 16  6 45  0.00000000
PG01 -19843.133357 -14773.735759 -10342.529399     25.915599  5  6  5  83       
PG02   -971.561629  15757.977068  22005.299816   -487.967571  5  2  6  84       
PG03 -12219.886951 -20097.452595  12371.894362   -241.177888  5  8  5  73       
PG04 -13584.607309  -8284.141406  21283.208901   -113.027960  6  7  7  80       
PG05   1139.377120  25734.616944   5886.718452    -16.766484  4  7  5  82       
PG06 -14488.761467   9229.879065  20317.344486   -303.673706  5  3  5  84       
PG07 -25575.448146  -5094.802672  -5945.082240   -328.336489  5  5  3  75       
PG08  -3134.262809 -16159.441795 -20777.270832    -41.127100  6  8  3  94       
PG09 -20912.019928   3028.104593  16053.208847   -254.417838  5  4  4  86       
PG10  12646.370486 -10512.227343 -20716.433926   -400.956655  6  5  6  74       
PG11 -11872.302339 -13871.020170 -19682.421786   -219.830847  7  7  2  63       
PG12  10412.701714  21190.276010  12079.193822     93.107966  4  8  5  74       
PG13  -6293.037222  18679.312421 -17872.562549     27.155273  4  6  5  55       
PG14  17760.551655 -18513.043431   6840.407283      1.703928  5  3  4  37       
PG15   6047.464502  15963.164343 -20593.111643   -217.230006  7  6  2  96       
PG16   -288.293906 -26132.045225   2908.760204   -183.338410  4  7  6  13       
PG17 -21793.023490  15015.915082  -1507.342407    296.619279  5  4  3  92       
PG18  25248.540679   4847.384874  -6748.532431    247.376580  6  5  7  83       
PG19 -19320.609711  17325.719514   5242.373367   -131.409563  4  5  3  87       
PG20  16675.460419   1969.196055 -20699.393509    527.276519  5  5  5  85       
PG21  16647.346606  -8507.722132 -18023.709653     24.240668  4  6  5  81       
PG22 -10413.575383 -24020.457701   5132.932393   -771.702135  4  6  3 108       
PG23  15400.629016   -146.514836 -21666.427513 999999.999999
PG24  18693.927627  14869.275055 -12195.075988    -15.726295  2  5     78       
PG25  15030.647773  11505.996507  18500.297419     23.846148  2  5  6  81       
PG26   6754.213494 -20610.292960  15144.967232    244.186238  6  4  7  73       
PG27   7771.175812 -20124.245123 -15410.599745   -347.048401  6  7  5  62       
PG28 -12411.719740  11790.614552 -19770.055293    699.114371  3  5  3  73       
PG29  18601.235431   1903.562716  18835.807883   -151.358646  2  6  6  86       
PG30 -21565.170149   3384.226141 -15229.051349   -262.985436  3  5  3  72       
PG31  13500.669303 -10218.931085  20524.282996    -55.913925  5  1  3  82       
PG32  20733.683504 -16404.414237  -1379.331901    317.743795  5  3  5  66       
*  2020  7 16  7  0  0.00000000
PG01 -18586.362515 -14501.531798 -12795.010860     25.919230  6  6  5  81       
PG02  -3294.155220  15187.174702  22182.191248   -487.972506  5  2  5  46       
PG03 -12287.710523 -21391.631985   9912.726573   -241.188280  6  8  4  74       
PG04 -11727.708998  -9892.726971  21693.752755   -113.032096  6  7  7  77       
PG05    667.764627  24975.032228   8573.856037    -16.767648  4  7  5  73       
PG06 -16586.082491   8454.232948  19009.298303   -303.678291  5  3  5  55       
PG07 -26021.754791  -5497.870657  -3197.388374   -328.344385  5  5  2  79       
PG08  -1364.718711 -17665.915577 -19692.866952    -41.127987  5  8  4  79       
PG09 -19601.549414   1576.682636  17811.661875   -254.423640  5  5  4  72       
PG10  13222.754567  -8148.102202 -21427.707744   -400.966278  5  5  5  39       
PG11  -9686.250501 -14344.553703 -20572.595244   -219.821205  7  7  2  84       
PG12  10412.988597  22466.271796   9574.079268     93.103569  5  8  5  64       
PG13  -7961.940820  19646.536722 -16057.474463     27.158417  5  6  5  74       
PG14  18384.510069 -18662.990505   4066.447198      1.706004  4  4  4  71       
PG15   4441.097523  17556.173291 -19635.570513   -217.227463  7  5  2  82       
PG16      9.627393 -25637.490961   5767.464756   -183.342772  4  6  7  57       
PG17 -21614.820685  14623.946946  -4384.752718    296.624513  5  5  3  77       
PG18  25746.420291   5273.031787  -3975.422358    247.384990  5  5  7  46       
PG19 -19817.413236  17441.441820   2386.337574   -131.405043  4  5  2  84       
PG20  17361.797022   4172.357002 -19805.753560    527.276238  4  5  5  85       
PG21  18645.684233  -7800.459909 -16352.205511     24.244385  4  6  5  87       
PG22 -10226.863471 -24503.833774   2388.705303   -771.699693  4  6  4 115       
PG23  15920.542574   2242.783370 -21168.679864 999999.999999
PG24  17200.244282  14716.872902 -14382.240186    -15.726124  2  5  1  76       
PG25  15322.954389  13544.961835  16849.465817     23.850040  3  6  6  50       
PG26   7405.615631 -18857.568225  17024.647757    244.192260  5  3  7  81       
PG27   9094.112487 -21081.395100 -13201.004495   -347.057042  5  7  5  59       
PG28 -12766.818488   9384.300314 -20765.215147    699.111206  3  5  3  93       
PG29  16891.612346   3344.907874  20190.266417   -151.366340  3  6  6  96       
PG30 -23017.624691   2614.523415 -13135.845778   -262.992416  3  5  3  75       
PG31  15624.492374  -9373.105279  19433.764926    -55.916148  5     4  59       
PG32  20675.974443 -15976.391199  -4211.543873    317.749275  5  3  4  38       
*  2020  7 16  7 15  0.00000000
PG01 -17062.964037 -14231.815637 -15033.682965     25.922800  6  7  4  95       
PG02  -5644.160127  14742.034078  21999.072782   -487.977504  5  3  5  60       
PG03 -12348.740738 -22401.861194   7283.451519   -241.198684  6  8  4  77       
PG04  -9938.279032 -11613.300960  21731.479258   -113.036210  6  7  7  49       
PG05     70.413376  23955.619513  11110.969570    -16.768166  4  6  6  61       
PG06 -18561.991511   7837.771316  17375.857751   -303.682860  4  3  5  81       
PG07 -26188.707371  -5791.956745   -396.016160   -328.352251  5  4  2  79       
PG08    225.267439 -19162.428459 -18266.940114    -41.128926  5  8  4  86       
PG09 -18240.292985    -70.798835  19262.638063   -254.429441  5  5  4  96       
PG10  13937.963054  -5762.008064 -21766.290820   -400.975902  5  4  5  41       
PG11  -7450.668924 -14932.126707 -21121.435221   -219.811361  7  7  3  71       
PG12  10426.932280  23450.357819   6903.949419     93.099164  5  8  5  65       
PG13  -9404.446688  20565.534450 -13967.100206     27.161392  5  6  4  72       
PG14  18760.904388 -18635.582806   1222.143665      1.708866  4  4  4  80       
PG15   2986.680490  19128.479369 -18345.849927   -217.225490  7  5  2  82       
PG16    392.206564 -24841.816860   8523.666611   -183.347427  4  6  7  73       
PG17 -21219.610794  14002.437306  -7185.819524    296.629391  5  5  3  74       
PG18  25960.770460   5583.886733  -1134.038741    247.393300  5  5  7  59       
PG19 -20052.497581  17377.914763   -511.048306   -131.400239  5  4  2  53       
PG20  18107.195765   6228.353653 -18575.354222    527.276075  4  5  4  62       
PG21  20465.456277  -7234.387063 -14380.686856     24.248748  3  5  5  73       
PG22  -9954.888149 -24705.192886   -396.162810   -771.697339  5  6  5 125       
PG23  16542.580482   4528.133016 -20307.582377 999999.999999
PG24  15474.530848  14593.060963 -16328.978639    -15.726734  2  4  2  69       
PG25  15668.965610  15365.267930  14906.632157     23.853905  4  7  6  72       
PG26   8200.283372 -16952.507216  18608.132343    244.198341  5  3  7  68       
PG27  10179.993213 -21921.156460 -10762.278319   -347.065754  5  7  5  63       
PG28 -13266.729590   6904.617253 -21384.745409    699.108061  3  6  3  89       
PG29  15164.311909   4968.744162  21196.358890   -151.373702  3  7  6  95       
PG30 -24267.334547   1988.958302 -10818.351281   -262.999295  3  4  3  89       
PG31  17649.886092  -8680.228523  18011.785137    -55.918478  4  1  4  61       
PG32  20418.515093 -15318.146214  -6970.491440    317.754798  4  3  4  29       
*  2020  7 16  7 30  0.00000000
PG01 -15294.794666 -14001.677792 -17021.267895     25.926351  7  7  4  81       
PG02  -7976.519624  14428.315845  21458.618305   -487.982418  4  3  4  60       
PG03 -12364.497199 -23118.972376   4529.322848   -241.209079  6  9  5  53       
PG04  -8251.883719 -13412.399924  21395.638946   -113.040343  6  8  7  46       
PG05   -676.883249  22707.643406  13453.517678    -16.769228  4  5  6  62       
PG06 -20370.896475   7369.438914  15444.955192   -303.687451  4  3  5  94       
PG07 -26063.941997  -6011.312858   2412.001878   -328.360113  6  4  2  94       
PG08   1619.177798 -20604.147213 -16523.651433    -41.130512  4  8  4  31       
PG09 -16870.421860  -1896.856742  20380.961450   -254.435239  4  5  4  76       
PG10  14782.726138  -3403.054028 -21726.989348   -400.985570  4  4  4  25       
PG11  -5208.355403 -15631.113403 -21321.118754   -219.801687  7  7  3  67       
PG12  10415.832579  24131.788067   4115.187343     93.094682  5  8  4  65       
PG13 -10610.886553  21393.509772 -11636.885894     27.164694  5  7  4  42       
PG14  18908.824313 -18398.451632  -1643.370081      1.711357  3  4  3  82       
PG15   1696.877268  20637.960084 -16744.387334   -217.223106  7  5  2  86       
PG16    892.317982 -23768.460074  11128.193432   -183.351399  3  5  7  51       
PG17 -20642.198666  13132.101170  -9861.185848    296.634606  5  4  2  86       
PG18  25875.931459   5814.227099   1726.823900    247.401649  5  5  7  81       
PG19 -20049.663800  17104.229976  -3399.648826   -131.395763  5  4  2  90       
PG20  18881.119060   8105.402097 -17029.502599    527.275907  4  4  4  86       
PG21  22065.370221  -6791.875363 -12146.504564     24.253761  3  5  4  71       
PG22  -9564.287002 -24634.366768  -3174.254397   -771.695224  4  6  5 114       
PG23  17242.317465   6668.262493 -19097.871877 999999.999999
PG24  13543.875366  14527.989119 -18002.626252    -15.727217  2  4  3  95       
PG25  16034.550223  16939.270168  12706.356814     23.857864  5  7  6  72       
PG26   9145.072645 -14939.772602  19868.300731    244.204411  5  3  6  58       
PG27  11032.344438 -22600.465075  -8136.189061   -347.074449  5  6  5  43       
PG28 -13910.061777   4404.399026 -21616.378200    699.104780  2  6  3  71       
PG29  13464.180752   6753.341520  21836.556976   -151.381315  3  7  7 103       
PG30 -25281.325685   1486.766274  -8316.402183   -263.006169  3  4  3  64       
PG31  19532.326162  -8133.793793  16283.640914    -55.920671  4     4  41       
PG32  19995.723610 -14414.134153  -9608.102860    317.760295  5  4  3  46       
*  2020  7 16  7 45  0.00000000
PG01 -13311.207851 -13844.229903 -18724.578050     25.929980  7  7  4  90       
PG02 -10245.951177  14244.057561  20568.984757   -487.987731  4  4  4  72       
PG03 -12296.445727 -23542.636375   1697.628696   -241.219512  7  9  7  63       
PG04  -6698.023968 -15251.247930  20691.895933   -113.044420  6  8  7  26       
PG05  -1591.834111  21268.299869  15560.371508    -16.770011  3  4  6  70       
PG06 -21971.265809   7030.542741  13249.596642   -303.692021  4  3  5  92       
PG07 -25643.134374  -6192.200147   5179.885337   -328.368169  6  4  2  89       
PG08   2808.927973 -21945.304335 -14492.819644    -41.132356  4  7  5  66       
PG09 -15531.449118  -3876.298681  21147.203405   -254.440991  4  5  4  72       
PG10  15739.856952  -1118.111908 -21311.231841   -400.995236  3  3  3  17       
PG11  -3001.051112 -16431.866520 -21169.397813   -219.792391  7  7  3  81       
PG12  10340.490759  24508.912837   1255.920629     93.090322  5  7  4  67       
PG13 -11580.152565  22088.068104  -9106.512532     27.167614  5  7  3  62       
PG14  18854.237684 -17925.006387  -4480.156910      1.714049  3  4  3  67       
PG15    576.876322  22041.797371 -14857.064569   -217.220718  7  5  2  59       
PG16   1537.628521 -22448.884576  13534.563626   -183.355894  3  5  7  61       
PG17 -19921.954935  12001.999620 -12363.266884    296.639883  5  4  2  65       
PG18  25484.762199   6000.863202   4558.022438    247.410013  4  5  7  52       
PG19 -19839.472649  16595.764624  -6229.847569   -131.391162  5  4  2  64       
PG20  19648.880952   9778.327989 -15194.738518    527.276070  4  4  3  40       
PG21  23410.673654  -6448.619552  -9691.692620     24.257891  2  4  4  63       
PG22  -9025.006631 -24308.765830  -5898.034226   -771.693111  4  6  6 104       
PG23  17989.244251   8627.366929 -17560.258449 999999.999999
PG24  11441.480513  14546.997964 -19374.913984    -15.728057  2  3  4  81       
PG25  16382.277088  18247.442390  10287.406941     23.861699  5  7  6  65       
PG26  10238.953726 -12865.770902  20783.770550    244.210511  5  3  6  37       
PG27  11663.149600 -23079.378766  -5368.059341   -347.083127  5  5  5  47       
PG28 -14686.679100   1936.328368 -21455.201688    699.101643  1  6  3  93       
PG29  11832.385278   8669.208491  22099.654024   -151.388606  4  7  7  97       
PG30 -26032.714038   1081.641823  -5672.837270   -263.013089  3  4  2  72       
PG31  21230.610738  -7719.693696  14279.586970    -55.922598  4  1  4  58       
PG32  19445.780389 -13256.876746 -12078.388524    317.765811  5  4  3  70       
*  2020  7 16  8  0  0.00000000
PG01 -11148.121767 -13787.274387 -20115.019710     25.933603  8  7  4  89       
PG02 -12408.396852  14179.670995  19343.742320   -487.992645  5  5  3  75       
PG03 -12107.640510 -23681.241624  -1163.115519   -241.229938  7  9  9  58       
PG04  -5299.146592 -17087.117618  19632.238574   -113.048614  5  8  6  63       
PG05  -2684.737891  19679.297946  17394.579752    -16.770836  3  2  6  75       
PG06 -23327.103371   6795.624267  10827.309684   -303.696590  4  3  4  80       
PG07 -24930.145096  -6371.351702   7861.807270   -328.376030  6  4  2 102       
PG08   3795.010952 -23140.946333 -12209.421947    -41.133615  4  7  5  69       
PG09 -14258.751119  -5976.999564  21548.028963   -254.446672  4  6  4  15       
PG10  16784.885735   1049.807493 -20526.992098   -401.004974  2  2  2  57       
PG11   -868.105301 -17318.043221 -20669.563957   -219.782833  7  7  4  56       
PG12  10162.887517  24589.084373  -1624.814610     93.085638  5  7  2  50       
PG13 -12319.572193  22608.899818  -6419.242533     27.170730  5  6  3  46       
PG14  18628.882668 -17195.687838  -7238.375152      1.716576  3  4  3  59       
PG15   -375.686887  23298.041203 -12714.878152   -217.218154  7  5  3  63       
PG16   2349.259837 -20921.365100  15699.905700   -183.360015  3  5  7  77       
PG17 -19101.213653  10610.248632 -14647.173966    296.645157  5  4  2  74       
PG18  24788.962957   6181.523103   7310.905877    247.418412  4  6  6  80       
PG19 -19457.888928  15835.238070  -8953.392264   -131.386600  5  4  2  82       
PG20  20372.991795  11229.308905 -13102.383157    527.275963  4  4  3  76       
PG21  24474.396998  -6174.910160  -7061.977513     24.261741  2  4  4  76       
PG22  -8311.664556 -23752.683566  -8520.648573   -771.690541  4  6  6  97       
PG23  18747.955928  10376.288032 -15721.077149 999999.999999
PG24   9205.606515  14669.569932 -20422.418701    -15.729653  2  3  4  80       
PG25  16672.985685  19278.898530   7692.029461     23.865571  6  8  5  74       
PG26  11472.920230 -10776.973516  21339.242932    244.216639  4  3  6  76       
PG27  12092.225672 -23322.728323  -2505.979481   -347.091835  5  5  4  67       
PG28 -15578.021412   -449.046697 -20903.815383    699.098335     6  4 101       
PG29  10304.916431  10680.059628  21980.970586   -151.396308  4  7  7  78       
PG30 -26501.664193    742.948581  -2932.777619   -263.019990  3  4  2  61       
PG31  22708.268082  -7416.951511  12034.283374    -55.924917  4  2  4  67       
PG32  18809.036290 -11847.449001 -14338.274676    317.771346  5  3  2  69       
*  2020  7 16  8 15  0.00000000
PG01  -8846.856057 -13852.175431 -21169.036734     25.937236  8  6  4  82       
PG02 -14422.446120  14218.311372  17801.749143   -487.998019  4  5  3  65       
PG03 -11764.307187 -23551.451490  -4003.988367   -241.240349  7  9  9  49       
PG04  -4069.935050 -18874.855579  18234.782032   -113.052726  5  8  6  71       
PG05  -3957.871629  17985.271687  18924.052917    -16.771243  3  2  5  74       
PG06 -24409.223813   6633.598516   8219.515385   -303.701146  4  3  4  77       
PG07 -23936.882878  -6584.439247  10413.563426   -328.383589  6  3  3  92       
PG08   4586.298343 -24148.672334  -9712.991246    -41.134360  4  7  5  72       
PG09 -13082.261658  -8160.953428  21576.436064   -254.452453  3  5  4  35       
PG10  17886.987313   3063.012297 -19388.595590   -401.014592  3  2  2  70       
PG11   1154.761619 -18267.173348 -19830.350537   -219.772758  7  6  4  66       
PG12   9847.804866  24388.232353  -4477.904810     93.081300  5  7  2  77       
PG13 -12844.458862  22919.405816  -3621.195063     27.173568  5  6  3  48       
PG14  18268.922172 -16198.965653  -9869.205180      1.719266  4  3  2  79       
PG15  -1170.514791  24367.178315 -10353.510185   -217.215968  7  5  3  39       
PG16   3340.725503 -19229.498381  17585.800671   -183.364211  3  5  7  78       
PG17 -18223.537380   8964.374200 -16671.614074    296.650085  5  4  3  90       
PG18  23799.070233   6393.204424   9938.148823    247.426776  5  6  6  76       
PG19 -18944.746216  14813.481577 -11524.191999   -131.382244  5  4  2  84       
PG20  21014.616736  12448.342045 -10788.017958    527.275946  5  4  3  83       
PG21  25238.246029  -5937.121500  -4305.737100     24.265656  1  4  4  50       
PG22  -7404.748347 -22996.343796 -10996.729637   -771.688101  4  5  7 102       
PG23  19479.542592  11893.440797 -13611.844150 999999.999999
PG24   6878.332415  14908.500423 -21126.951626    -15.731164  3  3  5  94       
PG25  16867.415599  20031.583548   4965.183924     23.869414  6  8  5  52       
PG26  12830.221095  -8718.253958  21525.733192    244.222759  4  3  5  70       
PG27  12346.283490 -23301.605280    400.050443   -347.100546  5  5  4  77       
PG28 -16557.808019  -2705.208558 -19972.299958    699.095034  1  6  4 107       
PG29   8911.305346  12744.056172  21482.445242   -151.404093  5  7  7  87       
PG30 -26676.091540    437.090380   -142.875195   -263.026880  3  4  1  77       
PG31  23934.784857  -7198.707376   9586.190532    -55.927177  5  2  4  50       
PG32  18126.344906 -10195.632219 -16348.384124    317.776855  5  4  1  70       
*  2020  7 16  8 30  0.00000000
PG01  -6452.776297 -14052.971119 -21868.489866     25.940835  8  6  4  65       
PG02 -16250.686503  14336.511132  15966.966891   -488.003164  4  5  2  69       
PG03 -11237.306484 -23177.458925  -6776.484396   -241.250653  7  9  9  56       
PG04  -3016.906774 -20568.514110  16523.465464   -113.056871  5  8  5  47       
PG05  -5405.206547  16232.087557  20122.151661    -16.772032  3  2  5  59       
PG06 -25196.279953   6509.116548   5470.833720   -303.705698  4  2  3  64       
PG07 -22682.894831  -6864.595941  12793.205420   -328.391558  6  3  3  73       
PG08   5199.505037 -24930.292460  -7046.919992    -41.136196  4  6  5  60       
PG09 -12025.389966 -10385.560430  21231.882953   -254.458196  3  5  4  61       
PG10  19010.162356   4890.367309 -17916.416501   -401.024213  4  2  2  72       
PG11   3036.558544 -19251.448636 -18665.776163   -219.763484  7  6  4  27       
PG12   9364.331195  23930.131012  -7254.971897     93.076641  5  6  2  68       
PG13 -13177.353467  22988.200846   -760.561235     27.176597  4  6  3  48       
PG14  17813.411735 -14932.032021 -12325.782791      1.721845  4  4  2  67       
PG15  -1824.140943  25213.646103  -7812.799674   -217.213574  6  5  3  64       
PG16   4517.190579 -17420.506621  19159.025204   -183.368559  4  5  7  62       
PG17 -17331.920825   7081.289100 -18399.740503    296.655405  4  4  3  87       
PG18  22534.123412   6670.557375  12394.563471    247.435182  6  6  5  82       
PG19 -18342.094441  13529.897010 -13899.055443   -131.377486  4  4  3  89       
PG20  21535.094152  13433.422108  -8290.901472    527.276098  5  5  4  54       
PG21  25693.116603  -5699.338003  -1472.946166     24.269612  1  4  4  58       
PG22  -6291.602708 -22074.723653 -13283.191577   -771.685935  4  5  6  79       
PG23  20143.129168  13165.452053 -11268.724213 999999.999999
PG24   4504.176999  15269.319955 -21475.879914    -15.731536  3  3  5  87       
PG25  16927.831119  20512.133496   2153.750764     23.873237  7  8  4  42       
PG26  14286.904114  -6731.306144  21340.685049    244.228885  3  3  5  36       
PG27  12457.706942 -22994.622137   3299.032735   -347.109292  4  4  4  59       
PG28 -17593.093413  -4791.388879 -18678.000641    699.091876  2  5  5  81       
PG29   7673.600069  14815.272683  20612.608472   -151.411498  5  7  7  76       
PG30 -26552.083532    128.990792   2649.456508   -263.033790  2  4  1  40       
PG31  24886.614139  -7033.419349   6976.921742    -55.929465  5  3  4  70       
PG32  17437.386684  -8319.726171 -18073.747715    317.782359  5  4  1  77       
*  2020  7 16  8 45  0.00000000
PG01  -4013.791555 -14395.759090 -22200.967002     25.944421  8  5  5  68       
PG02 -17860.938046  14505.063388  13868.212467   -488.008057  5  6  2  78       
PG03 -10503.423164 -22589.968447  -9433.324006   -241.260870  8  8  8  86       
PG04  -2138.332467 -22123.027082  14527.648313   -113.060954  5  8  5  74       
PG05  -7012.463400  14465.116987  20968.166574    -16.772573  3  3  4  65       
PG06 -25675.502907   6384.099268   2628.333221   -303.710281  4  2  3  64       
PG07 -21194.700907  -7241.044237  14961.634828   -328.399430  6  3  3  66       
PG08   5658.337612 -25453.337863  -4257.683598    -41.138282  5  6  5  43       
PG09 -11104.204874 -12605.099681  20520.301142   -254.463976  3  5  5  65       
PG10  20114.623596   6508.267056 -16136.474413   -401.033860  5  3  2  81       
PG11   4751.954147 -20238.705752 -17194.932189   -219.754189  7  6  4  52       
PG12   8687.194713  23245.390327  -9909.156404     93.072612  6  6  2  32       
PG13 -13346.984354  22790.434126   2113.228019     27.179619  4  6  3  75       
PG14  17302.642172 -13401.154901 -14564.116873      1.724278  4  3  2  51       
PG15  -2359.144219  25807.230968  -5136.116861   -217.211344  6  5  3  58       
PG16   5875.085819 -15543.407674  20392.176683   -183.372386  3  5  7  68       
PG17 -16467.009514   4986.883150 -19799.929930    296.660730  4  5  3  87       
PG18  21021.015451   7044.362111  14637.876208    247.443619  7  7  5  78       
PG19 -17692.494932  11992.592962 -16038.361419   -131.372709  4  4  3  81       
PG20  21897.458328  14190.424350  -5653.332163    527.275791  6  6  4  65       
PG21  25839.224653  -5425.039578   1385.857439     24.273877  2  5  4  49       
PG22  -4967.162255 -21026.194820 -15340.003610   -771.683400  4  5  6  83       
PG23  20697.505306  14187.486654  -8731.917874 999999.999999
PG24   2128.625779  15749.990640 -21462.375588    -15.730705  4  3  5  90       
PG25  16819.579321  20735.416944   -694.270544     23.877042  7  8  3  23       
PG26  15812.647267  -4853.204248  20787.969348    244.235018  3  3  5  64       
PG27  12463.099070 -22388.889156   6139.919107   -347.118011  4  4  4  69       
PG28 -18645.625382  -6674.030866 -17045.131288    699.088813  3  5  5  78       
PG29   6605.643310  16845.333209  19386.439511   -151.419087  6  8  7  80       
PG30 -26134.025995   -216.374764   5396.818712   -263.040730  2  4     77       
PG31  25547.930707  -6886.232785   4250.563188    -55.931717  6  3  3  75       
PG32  16779.053034  -6246.027209 -19484.431962    317.787912  5  4  1  68       
*  2020  7 16  9  0  0.00000000
PG01  -1578.755544 -14878.379598 -22160.019477     25.948008  7  5  5  76       
PG02 -19227.329096  14690.132526  11538.840710   -488.013170  4  6  3  79       
PG03  -9546.431760 -21824.945204 -11929.238796   -241.271211  8  7  7  92       
PG04  -1424.480384 -23495.865662  12281.611969   -113.065067  5  8  4  77       
PG05  -8757.504971  12727.544901  21447.679818    -16.773052  4  4  4  87       
PG06 -25843.126309   6219.383781   -259.263423   -303.714810  4  2  2  68       
PG07 -19504.896830  -7737.873617  16883.155739   -328.407149  5  2  4  55       
PG08   5992.360412 -25692.359741  -1393.998844    -41.139559  5  6  5  72       
PG09 -10326.916879 -14772.331103  19453.993445   -254.469695  3  4  5  47       
PG10  21158.331112   7901.310652 -14079.941029   -401.043441  6  4  3  81       
PG11   6282.008811 -21193.570974 -15441.715934   -219.744333  7  6  4  44       
PG12   7797.878091  22370.212746 -12395.860727     93.067899  6  6  2  69       
PG13 -13386.984971  22308.873140   4950.366864     27.182756  3  5  3  85       
PG14  16776.425844 -11621.668653 -16543.967645      1.726692  5  4  1  76       
PG15  -2803.108582  26124.292076  -2369.646368   -217.208883  6  5  3  52       
PG16   7402.091952 -13647.132062  21264.165781   -183.376580  3  5  7  49       
PG17 -15665.411679   2715.236662 -20846.461914    296.665808  3  5  4  82       
PG18  19293.552007   7540.159998  16629.455487    247.452024  8  7  5  76       
PG19 -17037.327280  10218.198752 -17906.655400   -131.368263  3  5  3  75       
PG20  22067.910633  14732.698135  -2919.965594    527.275955  6  6  4  66       
PG21  25685.863604  -5078.768920   4220.557261     24.277948  2  5  5  71       
PG22  -3434.396611 -19891.033593 -17130.924884   -771.681220  4  4  6  96       
PG23  21102.782618  14963.249047  -6044.978172 999999.999999
PG24   -203.385514  16340.891598 -21085.585887    -15.730935  4  3  5  83       
PG25  16512.524339  20723.781288  -3530.560302     23.880875  8  7  3  44       
PG26  17371.843162  -3115.158050  19877.770485    244.241223  3  4  6  71       
PG27  12401.654352 -21480.663165   8872.571316   -347.126706  3  4  3  42       
PG28 -19673.440282  -8327.929009 -15104.213809    699.085394  4  4  5  70       
PG29   5712.679353  18785.153677  17825.108352   -151.426568  6  7  7  68       
PG30 -25434.431000   -632.451706   8052.599636   -263.047627  2  4     51       
PG31  25911.110327  -6720.466863   1452.970499    -55.933982  6  2  3  64       
PG32  16183.955958  -4007.992927 -20556.070296    317.793452  5  4  2  28       
*  2020  7 16  9 15  0.00000000
PG01    804.174190 -15490.410624 -21745.319224     25.951567  7  5  5  55       
PG02 -20331.173481  14854.561559   9016.352833   -488.018452  5  6  3  63       
PG03  -8357.899079 -20922.179076 -14221.720636   -241.281318  8  7  7 106       
PG04   -858.176030 -24648.610066   9823.974790   -113.069262  5  8  3  69       
PG05 -10611.048968  11058.783015  21552.802187    -16.774035  5  4  3  60       
PG06 -25704.477766   5976.418964  -3142.405151   -303.719385  5  3     75       
PG07 -17651.056252  -8373.007916  18525.983583   -328.414986  5  3  4  72       
PG08   6235.625500 -25629.963093   1494.065264    -41.141111  5  5  5  65       
PG09  -9693.678107 -16840.164313  18051.418793   -254.475477  4  4  5  45       
PG10  22098.616093   9062.657136 -11782.568293   -401.053062  7  4  3  77       
PG11   7614.685065 -22078.729941 -13434.510480   -219.734884  7  5  4  63       
PG12   6685.475991  21344.964154 -14673.443973     93.063924  6  5  2  53       
PG13 -13334.418723  21534.705137   7701.556390     27.185763  3  5  4  94       
PG14  16272.399865  -9617.595771 -18229.661489      1.729472  5  4  1  83       
PG15  -3187.364733  26148.755969    438.411372   -217.206731  5  5  3  77       
PG16   9077.492033 -11778.668268  21760.566947   -183.380807  2  5  7  59       
PG17 -14958.179226    307.484887 -21520.078916    296.670781  3  5  4  98       
PG18  17391.254595   8177.092500  18334.978404    247.460532  8  6  5  94       
PG19 -16415.169816   8231.368246 -19473.167538   -131.363603  3  5  4  82       
PG20  22017.185228  15080.386403   -137.094803    527.275807  7  7  4  60       
PG21  25250.817747  -4627.710021   6982.370531     24.282004  3  5  5  84       
PG22  -1704.445148 -18709.856833 -18624.185562   -771.678717  4  4  6  92       
PG23  21322.015167  15504.660275  -3254.068037 999999.999999
PG24  -2448.977905  17025.098432 -20350.719022    -15.730933  5  3  5  93       
PG25  15982.306676  20506.037333  -6307.262690     23.884688  8  6  4  55       
PG26  18924.892509  -1541.509122  18626.365671    244.247407  4  4  6  65       
PG27  12313.425041 -20275.637710  11448.712832   -347.135417  2  4  3  49       
PG28 -20632.618820  -9736.997945 -12891.374239    699.082143  4  3  5  68       
PG29   4991.305197  20586.722805  15955.607236   -151.434243  7  7  7  50       
PG30 -24473.473424  -1149.640611  10571.732320   -263.054571  2  4     86       
PG31  25976.919226  -6499.164208  -1368.949696    -55.936199  6  2  2  66       
PG32  15679.123228  -1645.126888 -21270.287791    317.799018  5  4  3  60       
*  2020  7 16  9 30  0.00000000
PG01   3089.162196 -16213.479543 -20962.731456     25.955094  7  4  6  38       
PG02 -21161.613085  14959.337886   6341.925899   -488.023548  5  6  3  78       
PG03  -6937.693529 -19923.718556 -16271.723564   -241.291716  7  6  6  83       
PG04   -415.655413 -25548.376528   7197.030110   -113.073401  5  8  3  30       
PG05 -12537.671088   9493.051588  21282.282515    -16.774742  5  5  3  80       
PG06 -25273.733195   5618.944651  -5971.556239   -303.723929  5  3     81       
PG07 -15674.468439  -9157.396139  19862.707868   -328.422786  5  2  4  62       
PG08   6425.123029 -25257.531921   4356.005150    -41.143384  5  5  5  48       
PG09  -9196.707461 -18763.329779  16336.867705   -254.481262  4  3  6  68       
PG10  22893.830277   9994.052451  -9284.049927   -401.062668  7  5  3  86       
PG11   8745.119527 -22856.282266 -11205.811159   -219.725108  7  5  4  70       
PG12   5347.266973  20212.613109 -16703.861236     93.059715  6  5  2  71       
PG13 -13228.169033  20468.021692  10318.886366     27.189003  3  4  4  75       
PG14  15824.420456  -7420.910393 -19590.819272      1.732116  5  4  1  65       
PG15  -3545.561016  25872.834790   3238.707196   -217.204357  5  5  3  81       
PG16  10872.873075  -9981.314947  21873.822194   -183.385044  2  5  7  77       
PG17 -14369.527155  -2189.621377 -21808.408213    296.676159  3  6  5  90       
PG18  15357.953286   8966.993468  19725.024428    247.468982  8  6  5  77       
PG19 -15860.311063   6063.995824 -20712.249437   -131.359124  3  5  4  90       
PG20  21721.758913  15259.496085   2648.096890    527.275458  7  7  5  72       
PG21  24559.473188  -4043.116444   9624.671974     24.286114  3  5  5  68       
PG22    203.569451 -17522.044996 -19793.098505   -771.676749  3  4  5  82       
PG23  21322.720245  15831.222937   -407.170694 999999.999999
PG24  -4568.772499  17778.951847 -19269.039479    -15.732464  5  3  5  81       
PG25  15211.384047  20116.223820  -8977.744969     23.888473  8  6  4  59       
PG26  20429.655210   -149.003143  17055.803860    244.253620  5  4  6  85       
PG27  12237.554991 -18788.859464  13822.848588   -347.144100  2  3  3  54       
PG28 -21479.119138 -10894.642150 -10447.521854    699.079097  5  4  5  85       
PG29   4429.767371  22204.852111  13810.278164   -151.441686  7  7  6  77       
PG30 -23278.253592  -1793.947668  12911.427744   -263.061486  2  4     78       
PG31  25754.409649  -6186.648338  -4167.965369    -55.938561  7  2  1  38       
PG32  15284.931134    798.371663 -21615.011835    317.804643  5  4  3  46       
*  2020  7 16  9 45  0.00000000
PG01   5234.248410 -17021.885339 -19824.297613     25.958655  6  4  6  79       
PG02 -21715.995236  14965.171426   3559.859850   -488.028851  5  5  3  88       
PG03  -5294.182165 -18872.233476 -18044.308439   -241.302111  7  5  5  70       
PG04    -67.678446 -26169.043950   4446.018405   -113.077549  6  8  2   5       
PG05 -14497.056142   8058.185429  20641.489588    -16.775212  6  5  3  67       
PG06 -24573.342537   5114.589137  -8698.043941   -303.728452  6  3     48       
PG07 -13618.752441 -10094.454131  20870.706134   -328.430679  5  3  5  76       
PG08   6599.116419 -24575.615621   7141.808944    -41.145156  4  5  5  39       
PG09  -8820.735386 -20499.987378  14340.034349   -254.487028  5  3  6  58       
PG10  23504.958429  10705.531629  -6627.328728   -401.072418  8  5  3  78       
PG11   9675.645899 -23489.137929  -8791.798336   -219.715769  7  5  3  71       
PG12   3788.981615  19017.095758 -18453.241394     93.055325  6  5  2  57       
PG13 -13107.258856  19117.964147  12756.699360     27.191776  3  4  5  89       
PG14  15461.119717  -5070.471196 -20602.977075      1.734705  5  4     77       
PG15  -3912.120383  25297.430995   5981.661825   -217.202093  4  5  3  74       
PG16  12753.142768  -8293.111987  21603.298533   -183.389424  3  5  7  78       
PG17 -13915.850377  -4725.398484 -21706.231468    296.681402  4  6  5  91       
PG18  13240.222543   9913.770895  20775.585937    247.477471  7  5  4  80       
PG19 -15401.443394   3754.176018 -21603.728259   -131.354642  4  5  5  87       
PG20  21164.859919  15300.753394   5388.300950    527.275581  7  8  5  81       
PG21  23643.677278  -3301.539232  12103.719120     24.290217  3  5  6  67       
PG22   2263.046621 -16364.215432 -20616.586688   -771.674083  3  5  5 104       
PG23  21078.240110  15969.098751   2446.733628 999999.999999
PG24  -6528.216671  18572.900061 -17857.767541    -15.734043  5  3  5  49       
PG25  14189.818929  19592.200011 -11497.323030     23.892292  8  5  5  61       
PG26  21843.002427   1053.637487  15193.492481    244.259807  5  5  6  74       
PG27  12210.556429 -17044.272455  15953.130391   -347.152739  3  3  2  43       
PG28 -22170.602504 -11803.719128  -7817.441094    699.075850  5  4  5  50       
PG29   4008.592063  23598.826746  11426.244988   -151.449460  7  7  6  82       
PG30 -21881.813031  -2585.801503  15031.873389   -263.068402  2  4     76       
PG31  25260.526897  -5750.034007  -6897.244490    -55.940702  7  2     63       
PG32  15014.316623   3275.138882 -21584.663943    317.810209  4  4  4  61       
*  2020  7 16 10  0  0.00000000
PG01   7202.772013 -17883.514379 -18348.123592     25.962214  6  3  6  65       
PG02 -21999.961361  14834.131987    716.940632   -488.033915  5  5  3  72       
PG03  -3444.107644 -17809.367902 -19509.221049   -241.312509  7  5  4  84       
PG04    219.141142 -26492.232344   1618.346117   -113.081706  6  8  2  31       
PG05 -16445.445312   6774.709814  19642.269789    -16.776077  6  5  3  69       
PG06 -23633.147957   4436.322381 -11274.895678   -303.733014  6  4  1  66       
PG07 -11528.392544 -11179.777322  21532.505747   -328.438534  5  3  5  61       
PG08   6795.431646 -23593.960740   9802.871194    -41.146331  4  5  5  68       
PG09  -8543.749932 -22013.209936  12095.493141   -254.492810  5  2  6  79       
PG10  23897.133680  11214.811681  -3857.861991   -401.082032  8  5  3  77       
PG11  10415.565449 -23942.410196  -6231.855988   -219.706063  7  4  4  37       
PG12   2024.759283  17801.665357 -19892.398468     93.050909  6  5  2  58       
PG13 -13009.167441  17502.521464  14972.419503     27.194868  2  4  5  71       
PG14  15204.689337  -2610.667190 -21248.081309      1.737172  5  4  1  76       
PG15  -4320.647544  24432.204027   8618.415653   -217.199749  4  4  3  82       
PG16  14677.813972  -6745.512429  20955.203858   -183.393657  5  5  7  74       
PG17 -13605.083048  -7247.083003 -21215.592939    296.686500  4  5  5  83       
PG18  11085.719907  11013.103074  21468.486615    247.485941  7  5  3  84       
PG19 -15060.582783   1344.946168 -22133.177680   -131.350315  5  6  5  83       
PG20  20337.237282  15238.285712   8036.856416    527.275602  8  7  5  63       
PG21  22540.403262  -2385.816493  14379.274777     24.294064  4  5  6  69       
PG22   4440.716918 -15268.808284 -21079.612577   -771.671556  3  5  5  98       
PG23  20568.891156  15949.934523   5258.510588 999999.999999
PG24  -8298.742118  19372.589147 -16139.878592    -15.735041  5  3  4  63       
PG25  12915.787462  18974.119138 -13823.945855     23.896065  7  4  6  81       
PG26  23122.410047   2065.828317  13071.701196    244.265993  6  5  6  70       
PG27  12264.703493 -15073.908350  17802.147011   -347.161349  4  3  2  58       
PG28 -22668.170465 -12476.109217  -5048.827538    699.072705  5  4  5  74       
PG29   3701.522985  24733.892678   8844.760542   -151.457080  8  6  6  70       
PG30 -20321.939098  -3539.080801  16896.887684   -263.075353  3  4     48       
PG31  24519.442505  -5160.637476  -9511.073207    -55.943137  7  3  1  55       
PG32  14872.298829   5736.297038 -21180.230675    317.815779  4  4  4  65       
*  2020  7 16 10 15  0.00000000
PG01   8964.611779 -18761.021839 -16558.169022     25.965732  5  3  6  61       
PG02 -22027.232132  14531.286629  -2138.279267   -488.039012  6  5  3  72       
PG03  -1412.149112 -16774.144816 -20641.395358   -241.322927  7  5  4  52       
PG04    480.841702 -26507.994623  -1237.235191   -113.085764  6  8  3  40       
PG05 -18337.220222   5655.220068  18302.686519    -16.776686  6  6  3  73       
PG06 -22489.227562   3563.707537 -13657.651303   -303.737559  7  4  2  78       
PG07  -9447.242578 -12401.137076  21836.089374   -328.446091  5  4  5  54       
PG08   7049.771722 -22331.187411  12292.876308    -41.146662  5  5  5  58       
PG09  -8338.013890 -23272.284274   9642.089642   -254.498617  5  2  6  70       
PG10  24041.000092  11546.401701  -1022.857292   -401.091509  8  5  3  95       
PG11  10980.668802 -24184.758724  -3568.035772   -219.696406  7  4  4  81       
PG12     76.796470  16607.284943 -20997.272387     93.046443  6  4  2  74       
PG13 -12968.212856  15647.986274  16927.328566     27.197786  2  3  5  81       
PG14  15069.945595    -89.833780 -21514.844173      1.739912  6  4     63       
PG15  -4802.354876  23295.289059  11101.786588   -217.197427  3  4  3  88       
PG16  16602.499358  -5362.344765  19942.369976   -183.397775  6  4  8  79       
PG17 -13436.429095  -9701.773643 -20345.743080    296.691512  5  6  5  63       
PG18   8941.491048  12252.461964  21791.700248    247.494434  6  4  2  77       
PG19 -14852.250087  -1117.142260 -22292.105864   -131.345702  6  6  6  97       
PG20  19237.660569  15108.178340  10548.519747    527.275474  8  7  6  87       
PG21  21290.279378  -1285.799083  16415.127079     24.298440  4  4  6  73       
PG22   6697.726089 -14262.843802 -21173.497419   -771.668888  4  6  5  80       
PG23  19782.855145  15809.482165   7979.719574 999999.999999
PG24  -9858.708232  20140.165251 -14143.799093    -15.734764  6  3  4  65       
PG25  11395.794203  18302.838351 -15918.832556     23.899851  7  4  6  53       
PG26  24227.533254   2894.924189  10726.992687    244.272146  7  4  6  86       
PG27  12426.611082 -12916.756893  19337.620277   -347.170002  5  4  1  76       
PG28 -22937.939737 -12931.923311  -2191.298615    699.069583  6  4  4  66       
PG29   3476.729101  25582.522281   6110.480955   -151.464689  8  6  6  71       
PG30 -18639.801776  -4660.389716  18474.521144   -263.082258  3  4     72       
PG31  23561.636979  -4395.237081 -11965.559882    -55.944734  6  3  3  64       
PG32  14855.827062   8133.159433 -20409.214287    317.821322  4  4  4  33       
*  2020  7 16 10 30  0.00000000
PG01  10497.193697 -19613.240215 -14483.934440     25.969301  5  3  5  83       
PG02 -21819.084793  14026.273294  -4956.278004   -488.044149  6  5  4  81       
PG03    769.817558 -15801.482237 -21421.374516   -241.333351  7  5  3  69       
PG04    754.514227 -26215.194444  -4071.474791   -113.089920  6  8  3  64       
PG05 -20126.559895   4704.085532  16646.649814    -16.777394  6  6  3  58       
PG06 -21182.508446   2483.900830 -15805.136141   -303.742112  7  4  3  71       
PG07  -7417.048460 -13738.764951  21775.139110   -328.454098  5  4  5  62       
PG08   7394.125995 -20814.124834  14568.632102    -41.147470  5  4  4  60       
PG09  -8171.312058 -24253.779578   7022.257128   -254.504441  5  2  5  38       
PG10  23913.873190  11730.466471   1829.509484   -401.101122  8  5  3  77       
PG11  11392.520557 -24189.636260   -844.466980   -219.687024  7  3  4  67       
PG12  -2025.300156  15471.119673 -21749.295587     93.042295  6  5  2  59       
PG13 -13014.066542  13588.089107  18587.272927     27.200771  2  3  5  85       
PG14  15063.716786   2441.492560 -21398.950088      1.742562  6  4  2  68       
PG15  -5384.576831  21912.673767  13387.210918   -217.195124  2  4  3  95       
PG16  18480.551480  -4159.101013  18583.914613   -183.402001  7  4  8  63       
PG17 -13400.474597 -12038.376408 -19112.920226    296.696561  5  5  5  83       
PG18   6852.306002  13611.463932  21739.564165    247.502859  5  4  2  88       
PG19 -14782.940220  -3583.573236 -22078.061010   -131.341085  6  6  6  76       
PG20  17873.129073  14946.959388  12880.220671    527.275392  7  7  6  73       
PG21  19936.041455      1.201586  18179.511239     24.302485  4  4  6  66       
PG22   8990.953541 -13366.903543 -20896.120664   -771.666559  5  6  5  87       
PG23  18716.776889  15586.066632  10563.451670 999999.999999
PG24 -11194.090723  20835.743155 -11902.998014    -15.735300  5  3  4  78       
PG25   9644.587184  17618.321889 -17747.056573     23.903675  6  4  6  63       
PG26  25121.703492   3555.718311   8199.591025    244.278239  7  4  6  72       
PG27  12716.059001 -10617.364642  20532.991519   -347.178616  5  4  1  73       
PG28 -22952.392564 -13198.395568    704.592162    699.066153  6  4  4  50       
PG29   3298.233700  26125.409145   3270.680692   -151.472234  8  5  6  89       
PG30 -16878.472079  -5948.609472  19737.595363   -263.089174  4  4  1  71       
PG31  22422.763578  -3437.139246 -14219.318061    -55.947206  6  3  3  50       
PG32  14953.958906  10418.922634 -19285.466254    317.826886  4  4  4  52       
*  2020  7 16 10 45  0.00000000
PG01  11786.223465 -20396.766422 -12160.044855     25.972846  4  3  5  74       
PG02 -21403.530321  13294.744631  -7687.430182   -488.049350  6  4  4  86       
PG03   3063.733750 -14920.876304 -21835.643188   -241.343779  7  5  3  91       
PG04   1076.660765 -25621.555018  -6835.478727   -113.094129  6  7  4  55       
PG05 -21769.104809   3917.485123  14703.446624    -16.778533  6  6  3  69       
PG06 -19757.202023   1192.359302 -17680.180947   -303.746656  8  4  4  86       
PG07  -5476.038987 -15165.920494  21349.213303   -328.461609  5  5  5  73       
PG08   7855.339318 -19076.834427  16590.836533    -41.148760  6  4  4  47       
PG09  -8008.378639 -24942.342138   4281.271578   -254.510257  5  3  5  72       
PG10  23500.657104  11801.488127   4650.882440   -401.110691  8  5  3  96       
PG11  11677.526232 -23936.393504   1893.286096   -219.677590  7  3  4  77       
PG12  -4245.433208  14425.181616 -22135.682232     93.037616  7  4  2  84       
PG13 -13170.460964  11362.844224  19923.286454     27.203762  1  3  5  80       
PG14  15184.578948   4932.405269 -20903.108847      1.745077  6  5  2  59       
PG15  -6089.440119  20317.255358  15433.641395   -217.192647  1  4  3  82       
PG16  20264.779705  -3142.570956  16904.796523   -183.406194  8  3  7  90       
PG17 -13479.674181 -14209.467851 -17539.978756    296.701916  5  5  5 103       
PG18   4859.090355  15062.535333  21312.883286    247.511279  5  4  3  95       
PG19 -14850.895926  -6005.482906 -21494.655151   -131.336490  7  5  6  90       
PG20  16258.779808  14790.069315  14991.792539    527.275166  7  6  6  81       
PG21  18520.965722   1470.246815  19645.439711     24.306812  4  4  6  98       
PG22  11274.513864 -12594.379140 -20251.992446   -771.664219  6  7  5  93       
PG23  17376.044122  15318.961613  12965.142895 999999.999999
PG24 -12298.883869  21418.987330  -9455.474802    -15.735687  6  3  4 100       
PG25   7684.777652  16958.093597 -19278.072277     23.907525  6  4  6  77       
PG26  25773.292639   4069.660955   5532.698503    244.284383  7  4  6  94       
PG27  13145.109949  -8224.221845  21367.886242   -347.187206  5  4  2  96       
PG28 -22691.453475 -13308.519698   3588.312160    699.063049  6  4  4  70       
PG29   3127.507566  26352.153764    374.423010   -151.479980  7  4  5  19       
PG30 -15081.375984  -7394.744848  20664.171482   -263.096078  4  4  1  79       
PG31  21142.331892  -2277.011077 -16234.121252    -55.949146  6  4  4  61       
PG32  15148.358769  12550.280401 -17828.909130    317.832422  4  4  4  52       
*  2020  7 16 11  0  0.00000000
PG01  12826.110328 -21067.670255  -9625.730313     25.976517  4  3  4  81       
PG02 -20814.211194  12319.616430 -10282.927538   -488.054205  6  5  5  84       
PG03   5426.609814 -14155.300926 -21876.865791   -241.354216  6  5  3  88       
PG04   1481.575575 -24743.376682  -9481.560282   -113.098298  6  7  4  58       
PG05 -23223.563177   3283.768287  12507.183714    -16.778930  7  7  4  71       
PG06 -18259.121787   -306.772932 -19250.275622   -303.751116  8  4  4  91       
PG07  -3657.634287 -16649.729204  20563.849378   -328.469193  6  5  5  75       
PG08   8453.898735 -17159.362003  18324.762830    -41.148872  6  4  4  63       
PG09  -7812.447857 -25331.186387   1466.458937   -254.516111  5  3  5  45       
PG10  22794.486122  11796.777046   7393.509356   -401.120285  8  5  3  90       
PG11  11865.809051 -23411.199110   4598.916231   -219.667744  7  3  3  77       
PG12  -6542.174847  13495.174612 -22149.637128     93.033209  7  4  2  83       
PG13 -13454.143582   9017.152616  20912.116147     27.206760     3  4  82       
PG14  15422.949213   7333.465209 -20036.956355      1.747749  6  5  3  66       
PG15  -6932.750781  18547.615690  17204.377164   -217.190685     4  4  98       
PG16  21909.174804  -2310.828030  14935.279252   -183.410605  9  3  7  86       
PG17 -13649.185894 -16172.996375 -15655.877352    296.707314  6  4  5  88       
PG18   2997.511510  16571.868135  20518.922581    247.519818  5  4  4  97       
PG19 -15046.192969  -8335.288037 -20551.506925   -131.331959  7  5  6  91       
PG20  14417.494519  14670.372974  16846.665429    527.275029  7  6  6  88       
PG21  17087.334633   3108.878916  20790.949028     24.310966  4  4  5  96       
PG22  13501.381463 -11951.021276 -19252.195191   -771.661712  6  7  6  93       
PG23  15774.737616  15046.736599  15143.348243 999999.999999
PG24 -13175.195036  21850.745033  -6843.147769    -15.735304  5  3  3  79       
PG25   5546.178314  16355.792731 -20486.179685     23.911355  5  4  5  70       
PG26  26156.894703   4463.829628   2771.772018    244.290453  8  4  6  77       
PG27  13717.556365  -5788.005826  21828.448785   -347.195824  5  4  3  81       
PG28 -22143.258499 -13299.495511   6410.256534    699.059819  6  4  5  77       
PG29   2925.162623  26261.614035  -2528.298739   -151.487426  7  3  5  19       
PG30 -13290.740596  -8982.073758  21237.940162   -263.102946  5  4  2  85       
PG31  19762.256199   -913.447915 -17975.521999    -55.951507  5  4  5  75       
PG32  15414.094573  14488.897597 -16065.154181    317.838000  4  3  5  51       
*  2020  7 16 11 15  0.00000000
PG01  13620.059555 -21583.259936  -6924.206668     25.980070  4  3  4  70       
PG02 -20089.054251  11092.058798 -12695.735888   -488.059598  6  4  5  59       
PG03   7811.969211 -13520.365732 -21544.026274   -241.364654  6  4  4  85       
PG04   1999.813145 -23604.934068 -11964.069610   -113.102390  6  7  5  59       
PG05 -24453.198100   2784.122416  10096.156249    -16.779697  7  7  3  79       
PG06 -16733.948475  -2000.616888 -20488.144568   -303.755687  7  5  4  94       
PG07  -1989.319267 -18152.268010  19430.585413   -328.477064  6  5  5  46       
PG08   9202.985560 -15106.271035  19740.850793    -41.149710  6  4  3  86       
PG09  -7546.866118 -25422.264202  -1373.630747   -254.521973  5  3  4  62       
PG10  21797.068473  11754.887833  10011.010393   -401.129874  8  5  3  73       
PG11  11989.932063 -22607.735806   7226.109544   -219.658183  6  3  4  33       
PG12  -8870.128171  12699.580227 -21790.481558     93.028791  7  4  2  83       
PG13 -13874.120119   6599.217791  21536.639713     27.209696     3  4  67       
PG14  15761.529369   9598.466318 -18816.808880      1.750185  7  5  4  48       
PG15  -7923.149746  16646.566334  18667.801867   -217.187968  1  4  4  88       
PG16  23370.574359  -1653.557980  12710.319794   -183.414758  9  2  7  62       
PG17 -13878.012991 -17893.750690 -13495.045182    296.712129  5  3  5  61       
PG18   1296.774247  18100.629453  19371.287653    247.528271  6  4  4  90       
PG19 -15351.133583 -10528.270557 -19264.103933   -131.327378  7  5  6  57       
PG20  12379.216943  14616.771338  18412.510083    527.274983  6  5  5  81       
PG21  15674.983578   4897.490485  21599.272205     24.314912  5  4  5  75       
PG22  15625.072371 -11434.808800 -17914.193872   -771.659102  7  7  6  84       
PG23  13935.252396  14805.640172  17060.462667 999999.999999
PG24 -13833.021920  22094.666538  -4111.149937    -15.736000  5  3  4  49       
PG25   3264.882956  15839.883331 -21350.923202     23.915176  5  4  4  74       
PG26  26254.282422   4769.691186    -36.229900    244.296564  7  4  5  54       
PG27  14428.716249  -3359.754423  21907.542732   -347.204454  5  4  3  76       
PG28 -21304.597643 -13211.056082   9122.588691    699.056391  6  4  5  84       
PG29   2652.678719  25861.907849  -5387.433066   -151.494861  7  3  5  45       
PG30 -11546.090038 -10686.597299  21448.525743   -263.109875  5  4  2  75       
PG31  18325.318660    646.747528 -19413.427332    -55.953666  5  5  5  59       
PG32  15720.698733  16202.688679 -14025.024007    317.843564  4  3  5  54       
*  2020  7 16 11 30  0.00000000
PG01  14179.823204 -21903.835597  -4101.962779     25.983621  3  3  3  41       
PG02 -19268.726604   9612.175621 -14881.565119   -488.064777  6  4  5  78       
PG03  10171.432408 -13023.764820 -20842.466201   -241.375129  6  4  4  68       
PG04   2656.803773 -22237.576232 -14240.187547   -113.106533  5  6  5  49       
PG05 -25427.140066   2393.516248   7512.155777    -16.780712  7  7  3  74       
PG06 -15225.509958  -3867.853213 -21372.232787   -303.760245  7  5  3  88       
PG07   -491.725838 -19631.866404  17966.892985   -328.485006  6  5  5  68       
PG08  10107.829058 -12965.017229  20815.194744    -41.150441  6  4  3  80       
PG09  -7176.701950 -25226.107083  -4190.067205   -254.527838  5  3  4  71       
PG10  20518.720763  11713.999130  12459.121980   -401.139463  8  5  3  86       
PG11  12083.508433 -21527.639358   9729.318233   -219.648479  6  3  4  78       
PG12 -11181.443182  12049.018057 -21063.693428     93.024219  7  4  2  64       
PG13 -14431.217984   4158.837759  21786.166782     27.212493  1  3  4  52       
PG14  16176.076209  11686.055677 -17265.281171      1.752716  7  5  4  82       
PG15  -9061.575963  14659.526796  19798.009188   -217.185804  2  4  4  92       
PG16  24610.206976  -1152.708475  10268.898297   -183.419189 10  2  7  66       
PG17 -14130.397843 -19344.537062 -11096.647140    296.717238  6  3  4  95       
PG18   -221.328206  19606.378846  17889.695053    247.536772  6  3  5  90       
PG19 -15740.935128 -12544.063819 -17653.585314   -131.322911  7  4  6  71       
PG20  10180.002613  14652.967220  19661.820782    527.274842  6  4  5  72       
PG21  14319.970786   6809.934051  22058.945459     24.319284  5  4  4  75       
PG22  17601.314295 -11036.144054 -16261.517924   -771.656696  7  7  6  50       
PG23  11887.603739  14628.083020  18683.376119 999999.999999
PG24 -14289.715923  22118.745776  -1307.042691    -15.736887  5  3  3  52       
PG25    882.118558  15432.562396 -21857.420440     23.919002  5  4  3  66       
PG26  26055.104591   5021.703401  -2843.618375    244.302719  7  4  4  61       
PG27  15265.582574   -989.044623  21604.816677   -347.212978  6  4  4  86       
PG28 -20181.025873 -13083.746265  11680.002604    699.053284  5  4  6  77       
PG29   2274.095127  25170.068763  -8153.739668   -151.502421  6  3  5  35       
PG30  -9882.847413 -12477.776545  21291.697964   -263.116811  5  4  3  65       
PG31  16873.601124   2388.588632 -20522.622145    -55.955615  4  5  6  58       
PG32  16033.449731  17666.853690 -11743.990727    317.849123  3  3  5  82       
*  2020  7 16 11 45  0.00000000
PG01  14525.112514 -21994.359389  -1207.963659     25.987196  4  4  2  71       
PG02 -18394.955001   7889.329070 -16799.824959   -488.069933  6  4  6  95       
PG03  12456.382345 -12665.038172 -19783.819144   -241.385548  6  4  5  82       
PG04   3471.671588 -20678.564804 -16270.669304   -113.110674  5  6  5  52       
PG05 -26121.477059   2081.878815   4799.731568    -16.781469  7  7  3  76       
PG06 -13774.142873  -5879.349373 -21887.093337   -303.764830  7  5  4  93       
PG07    822.037595 -21044.582304  16196.014133   -328.492728  5  4  5  41       
PG08  11165.385045 -10784.230062  21529.921430    -41.151791  7  4  2  82       
PG09  -6670.290279 -24761.348656  -6934.386666   -254.533698  5  4  4  72       
PG10  18978.092329  11710.316821  14696.406545   -401.149079  7  5  2  86       
PG11  12179.749411 -20180.654563  12064.559259   -219.639121  7  4  4  75       
PG12 -13427.435128  11545.904743 -19980.859325     93.019973  7  4  2  75       
PG13 -15117.987327   1745.641547  21656.618232     27.215687  3  3  3  81       
PG14  16636.460941  13561.142508 -15410.782648      1.755181  6  5  5  33       
PG15 -10341.061520  12632.807264  20575.299013   -217.183393  2  4  5  93       
PG16  25595.060326   -783.426539   7653.304404   -183.423624 10  2  6  75       
PG17 -14367.403184 -20507.022008  -8503.771225    296.722612  6  3  4  94       
PG18  -1543.071247  21044.638998  16099.635891    247.545301  6  3  5  76       
PG19 -16184.691312 -14347.989040 -15746.445161   -131.318209  6  4  6  87       
PG20   7860.833900  14796.434456  20572.425559    527.274691  5  3  4  80       
PG21  13053.406890   8814.346187  22163.857204     24.323253  5  4  4  89       
PG22  19389.636075 -10738.366290 -14323.321451   -771.654263  6  7  7  73       
PG23   9668.443987  14541.280338  19984.050841 999999.999999
PG24 -14569.148562  21896.715776   1520.038963    -15.738783  5  3  3  60       
PG25  -1557.091508  15148.905785 -21996.617078     23.922828  5  4  2  68       
PG26  25557.299406   5255.808871  -5602.752861    244.308829  7  5  4  67       
PG27  16207.315773   1277.750294  20926.638601   -347.221548  6  3  5  96       
PG28 -18786.651052 -12957.220490  14040.399694    699.050012  5  4  6  54       
PG29   1757.600132  24211.369378 -10779.640457   -151.510289  5  4  4  22       
PG30  -8331.096026 -14319.531578  20769.485504   -263.123737  6  4  3  56       
PG31  15446.941526   4289.235136 -21283.231548    -55.958006  4  5  6  71       
PG32  16314.822543  18864.634664  -9261.541393    317.854637  3  3  5  52       
*  2020  7 16 12  0  0.00000000
PG01  14682.689568 -21825.971727   1707.217468     25.990771  4  3  2  56       
PG02 -17508.779256   5942.080601 -18414.536364   -488.075166  6  4  6  83       
PG03  14619.649710 -12435.656170 -18385.840728   -241.395970  6  4  5  67       
PG04   4456.301907 -18969.695416 -18020.524788   -113.114839  5  6  5  32       
PG05 -26520.083889   1815.465378   2005.419159    -16.782203  8  6  3  46       
PG06 -12415.200042  -7999.096822 -22023.668462   -303.769427  6  4  4  69       
PG07   1946.777929 -22345.803407  14146.696075   -328.500829  5  4  5  66       
PG08  12364.349221  -8611.969451  21873.453955    -41.152063  7  4  2  70       
PG09  -6000.650509 -24053.947348  -9559.426402   -254.539536  5  4  3  37       
PG10  17201.589512  11776.559157  16684.919246   -401.158678  7  5  2  67       
PG11  12310.004744 -18584.491740  14190.225465   -219.629554  7  5  5  72       
PG12 -15560.248918  11184.426260 -18559.536408     93.015260  6  4  2  67       
PG13 -15918.943062   -592.659454  21150.580993     27.218544  4  3  3  82       
PG14  17107.967940  15196.041717 -13286.908737      1.757661  6  5  5  75       
PG15 -11746.867240  10611.871405  20986.532137   -217.181174  4  5  5  67       
PG16  26299.026590   -515.241345   4908.394690   -183.428238 10  2  5  54       
PG17 -14548.609703 -21372.213479  -5762.561964    296.727647  6  3  4  92       
PG18  -2663.139062  22370.559202  14031.938219    247.553766  7  2  5  61       
PG19 -16646.574183 -15912.194649 -13574.157621   -131.313668  6  4  6  60       
PG20   5466.242580  15057.633031  21127.912649    527.274900  5  2  4  76       
PG21  11900.474691  10874.155975  21913.246124     24.327793  5  4  2  85       
PG22  20954.811122 -10518.561076 -12133.831684   -771.651647  6  7  7  64       
PG23   7319.827441  14566.107091  20940.010593 999999.999999
PG24 -14700.611269  21409.237568   4320.292580    -15.738883  5  3  3  63       
PG25  -4005.408223  14996.283353 -21765.463677     23.926712  5  5  1  70       
PG26  24767.209349   5507.877693  -8266.816499    244.314890  6  5  4  78       
PG27  17226.054542   3399.056870  19885.905265   -347.230129  6  3  5  95       
PG28 -17143.618638 -12868.622534  16165.477012    699.046891  4  4  6  82       
PG29   1076.956358  23018.339931 -13220.037330   -151.517712  5  4  4  77       
PG30  -6914.547841 -16171.468073  19890.186746   -263.130657  5  4  4  53       
PG31  14081.471348   6318.623945 -21681.112855    -55.960135  4  5  6  68       
PG32  16526.050419  19787.766554  -6620.483073    317.860197  2  2  5  57       
*  2020  7 16 12 15  0.00000000
PG01  14685.170242 -21377.287379   4592.321886     25.994324  5  3  3  84       
PG02 -16648.817464   3797.737694 -19695.166931   -488.079998  5  4  6  83       
PG03  16617.154914 -12319.425554 -16672.135137   -241.406376  6  3  6  86       
PG04   5614.694947 -17155.756082 -19459.623538   -113.119008  4  5  6  83       
PG05 -26615.162843   1558.355798   -823.050423    -16.783354  8  6  3  72       
PG06 -11177.762150 -10185.423104 -21779.458614   -303.773987  6  4  4  96       
PG07   2885.307805 -23491.917364  11852.818888   -328.508496  5  4  4  87       
PG08  13685.501528  -6494.025338  21840.660429    -41.153208  7  4  2  95       
PG09  -5146.723110 -23136.140572 -12020.132600   -254.545494  5  4  2  75       
PG10  15222.520245  11940.579365  18390.823261   -401.168333  6  5  1  74       
PG11  12502.353851 -16764.378050  16067.892720   -219.619755  7  5  5  88       
PG12 -17534.510687  10950.827537 -16823.022583     93.011052  6  4  3  79       
PG13 -16811.137080  -2811.936043  20277.238523     27.221415  5  3  2  81       
PG14  17552.774093  16571.310826 -10931.746429      1.760336  6  5  5  70       
PG15 -13256.950978   8639.654935  21025.336598   -217.178634  4  5  5  85       
PG16  26703.788617   -313.442752   2080.834354   -183.432651 10  3  5  80       
PG17 -14633.856476 -21940.570408  -2921.323409    296.732672  6  3  3  86       
PG18  -3584.635145  23540.607278  11722.235505    247.562176  6  1  6  59       
PG19 -17087.236657 -17216.556999 -11172.724976   -131.308991  6  3  6  74       
PG20   3042.790379  15439.503866  21317.962977    527.274910  4     3  68       
PG21  10879.663808  12949.244426  21311.653559     24.331643  5  4  2  87       
PG22  22268.095831 -10348.630725  -9731.698714   -771.648963  6  8  7  78       
PG23   4887.770486  14716.211267  21534.733041 999999.999999
PG24 -14717.491527  20644.828637   7044.186106    -15.739494  5  3  3  87       
PG25  -6414.751332  14974.066260 -21167.010291     23.930582  5  5  2  76       
PG26  23699.393724   5812.156876 -10790.577643    244.320995  5  5  4  73       
PG27  18288.007707   5339.490421  18501.735685   -347.238728  6  3  5  89       
PG28 -15281.322400 -12851.102896  18021.226632    699.043640  4  4  6  71       
PG29    212.706351  21629.521286 -15433.082591   -151.525489  5  4  4  80       
PG30  -5649.760108 -17990.287497  18668.274486   -263.137527  5  4  4  75       
PG31  12808.289320   8440.383386 -21708.167639    -55.962071  4  5  6  84       
PG32  16628.737003  20436.608715  -3866.200483    317.865750  1  3  5  59       
*  2020  7 16 12 30  0.00000000
PG01  14569.584044 -20635.412601   7396.363555     25.997950  6  3  3  84       
PG02 -15849.623773   1491.515326 -20617.359127   -488.085099  5  5  5 104       
PG03  18409.444559 -12293.203005 -14671.780529   -241.416762  6  3  6  83       
PG04   6942.631613 -15282.882439 -20563.213744   -113.123152  5  5  6  82       
PG05 -26407.478881   1274.026987  -3637.547913    -16.783844  7  5  3  89       
PG06 -10083.604303 -12392.432835 -21158.575601   -303.778600  6  5  5  96       
PG07   3648.222550 -24441.988368   9352.913612   -328.516333  5  4  4  90       
PG08  15102.364854  -4472.324992  21432.888395    -41.154442  7  4  3  94       
PG09  -4094.376784 -22045.171982 -14274.327848   -254.551251  5  4  3  69       
PG10  13079.989056  12224.176587  19784.945565   -401.177942  6  6     74       
PG11  12780.307389 -14752.310274  17663.103954   -219.610171  7  5  5  97       
PG12 -19308.906831  10824.012475 -14800.034199     93.006195  5  4  3 101       
PG13 -17765.036341  -4873.156382  19052.179976     27.224438  5  3  2  62       
PG14  17931.544082  17676.253649  -8387.114102      1.762774  6  5  5  72       
PG15 -14842.745368   6755.011868  20692.164042   -217.176472  4  5  4  57       
PG16  26799.420444   -140.600931   -781.665199   -183.437192  9  4  5  96       
PG17 -14584.951880 -22221.746728    -29.613894    296.737955  5  3  3  51       
PG18  -4318.763298  24514.224218   9210.350308    247.570643  5  2  6  79       
PG19 -17465.367793 -18249.308030  -8582.150677   -131.304665  6  3  6  99       
PG20    637.464441  15937.266575  21138.579634    527.274863  4     2  75       
PG21  10002.239125  14997.218940  20368.833751     24.335921  5  4  2  77       
PG22  23308.213073 -10196.579579  -7159.262044   -771.646759  6  7  7  26       
PG23   2420.662127  14997.420135  21757.938290 999999.999999
PG24 -14655.779322  19600.487428   9643.405396    -15.739214  4  3  3  68       
PG25  -8737.913246  15073.640090 -20210.414767     23.934490  6  4  3  91       
PG26  22376.145658   6199.784150 -13131.127272    244.327068  5  5  4  37       
PG27  19354.779389   7070.986430  16799.059821   -347.247302  6  3  5  86       
PG28 -13235.377892 -12932.521149  19578.348672    699.040264  4  4  6  83       
PG29   -846.888225  20088.001549 -17380.889143   -151.532664  5  4  4  89       
PG30  -4545.632271 -19731.329165  17124.192930   -263.144425  5  4  4  79       
PG31  11652.323210  10613.003046 -21362.564307    -55.964558  4  5  6  85       
PG32  16586.456688  20819.955162  -1045.879298    317.871318  2  3  5  84       
*  2020  7 16 12 45  0.00000000
PG01  14375.748525 -19596.635277  10069.600849     26.001447  6  4  4  76       
PG02 -15140.217824   -934.658284 -21163.522577   -488.090145  5  4  4 107       
PG03  19963.063453 -12327.890609 -12418.857512   -241.427151  6  3  5  78       
PG04   8427.664831 -13396.873622 -21312.346517   -113.127343  5  4  6  71       
PG05 -25906.283994    926.939423  -6390.337449    -16.784786  7  5  4  66       
PG06  -9146.458071 -14571.622249 -20171.678293   -303.783198  5  4  5  93       
PG07   4253.363443 -25159.373935   6689.571198   -328.524216  5  3  4  78       
PG08  16582.149563  -2583.507281  20657.888207    -41.156027  7  4  4  94       
PG09  -2837.147407 -20821.841747 -16283.425531   -254.557201  5  4  3  83       
PG10  10817.581333  12642.139589  20843.265512   -401.187548  5  5     81       
PG11  13161.677459 -12586.028750  18946.108844   -219.600806  7  5  6  78       
PG12 -20847.632007  10776.436201 -12524.291561     93.001887  5  4  4  79       
PG13 -18745.670213  -6743.693173  17497.093574     27.227482  5  3  2  76       
PG14  18205.074357  18509.078974  -5697.755750      1.765352  6  6  5  78       
PG15 -16470.207877   4991.352842  19994.199614   -217.174243  5  5  5  91       
PG16  26584.686451     41.830486  -3631.102838   -183.441197  9  4  4  90       
PG17 -14367.286963 -22233.990848   2862.647415    296.743204  5  3  3  71       
PG18  -4884.192148  25255.377117   6539.603890    247.579127  5  4  6  80       
PG19 -17739.346637 -19007.363971  -5845.840348   -131.300159  6  3  5 103       
PG20  -1703.950908  16538.531850  20592.206895    527.274816  4     2  95       
PG21   9271.956280  16974.765012  19099.623727     24.340304  5  5  3  86       
PG22  24062.042303 -10027.959015  -4461.751513   -771.644333  6  7  7  62       
PG23    -32.414116  15407.463056  21605.768422 999999.999999
PG24 -14552.466631  18281.983264  12071.788122    -15.738724  5  3  3  86       
PG25 -10930.155799  15278.727241 -18910.860842     23.938384  7  4  4  87       
PG26  20826.730808   6697.421517 -15248.582258    244.333151  4  6  5  74       
PG27  20384.871753   8573.635669  14808.115089   -347.255896  5  3  5  89       
PG28 -11046.400881 -13134.371741  20812.582072    699.037009  4  4  5  79       
PG29  -2105.209805  18439.793493 -19030.168930   -151.540416  5  4  3  99       
PG30  -3603.204950 -21350.186292  15284.047196   -263.151281  5  4  5  56       
PG31  10631.426254  12791.220932 -20648.862086    -55.966660  3  5  6  81       
PG32  16366.282270  20954.533810   1792.291847    317.876839  2  3  5  81       
*  2020  7 16 13  0  0.00000000
PG01  14144.525652 -18266.753587  12564.498326     26.005018  7  4  4  95       
PG02 -14542.858395  -3433.642307 -21323.266025   -488.095313  5  4  4 114       
PG03  21251.708761 -12389.676284  -9951.886683   -241.437536  6  2  5  58       
PG04  10049.437122 -11541.533840 -21694.198335   -113.131488  5  4  5  71       
PG05 -25128.936710    484.078315  -9034.851436    -16.785939  7  4  5  95       
PG06  -8371.597986 -16673.604938 -18835.791490   -303.787829  5  4  5  93       
PG07   4724.980148 -25613.214511   3908.746402   -328.531950  5  4  3 101       
PG08  18086.944878   -857.715633  19529.630279    -41.157140  7  4  4  98       
PG09  -1376.680472 -19508.936284 -18013.079618   -254.563000  5  4  3  72       
PG10   8481.883310  13201.559828  21547.328853   -401.197173  4  5     91       
PG11  13657.670419 -10307.745621  19892.536491   -219.591127  7  5  6 100       
PG12 -22121.650689  10775.260371 -10034.013968     92.997377  5  4  5 105       
PG13 -19713.999803  -8398.373261  15639.352121     27.230542  6  3  3  80       
PG14  18335.919019  19076.717087  -2910.509002      1.767785  6  6  5  80       
PG15 -18101.094462   3375.529545  18945.133443   -217.171789  6  5  5  77       
PG16  26067.033909    271.886255  -6419.929622   -183.445600  8  5  5  96       
PG17 -13951.290235 -22003.234503   5706.044823    296.748065  4  2  4  53       
PG18  -5306.128647  25733.949820   3756.063931    247.587593  4  5  6  89       
PG19 -17868.935527 -19496.338850  -3009.935084   -131.295316  5  3  5 109       
PG20  -3938.462711  17223.727648  19687.733203    527.274813  4  1  2 105       
PG21   8685.031780  18839.035977  17523.772823     24.344148  5  5  3  86       
PG22  24524.990736  -9807.410771  -1686.441392   -771.642267  6  7  6  47       
PG23  -2423.382531  15936.021914  21080.854835 999999.999999
PG24 -14443.908465  16703.795917  14286.220357    -15.739431  5  3  3  93       
PG25 -12950.732461  15566.011432 -17289.382634     23.942241  7  4  4 102       
PG26  19086.374910   7326.059813 -17106.744705    244.339199  5  6  5  63       
PG27  21335.304176   9836.197013  12563.864189   -347.264494  5  3  5  95       
PG28  -8758.636696 -13470.962597  21704.958204    699.033812  4  4  5  74       
PG29  -3556.974676  16732.115659 -20352.789640   -151.548029  6  4  3 107       
PG30  -2815.771352 -22804.334141  13179.187615   -263.158181  5  4  5  73       
PG31   9755.747385  14927.580081 -19578.028157    -55.968995  3  5  6  89       
PG32  15940.182429  20864.216299   4599.927813    317.882363  2  4  5  89       
*  2020  7 16 13 15  0.00000000
PG01  13916.034212 -16661.024480  14836.654116     26.008641  7  5  5  83       
PG02 -14072.122417  -5954.823410 -21093.650845   -488.100392  5  4  3 105       
PG03  22257.120623 -12441.472278  -7313.183147   -241.447935  6  2  4  89       
PG04  11780.312372  -9757.103537 -21702.286481   -113.135613  5  4  5  75       
PG05 -24100.233309    -83.607480 -11526.438321    -16.786462  7  4  6  64       
PG06  -7755.768623 -18649.881778 -17174.010847   -303.792450  5  4  5 101       
PG07   5092.618714 -25779.730350   1058.964888   -328.539712  6  4  3  71       
PG08  19575.109544    682.347851  18068.022604    -41.157994  7  4  4  89       
PG09    277.139722 -18149.598039 -19433.759698   -254.568794  5  3  4  91       
PG10   6120.890360  13901.441242  21884.580225   -401.206814  3  5     90       
PG11  14272.248807  -7962.673441  20483.978082   -219.581617  7  5  6  92       
PG12 -23109.722221  10783.731737  -7371.327732     92.993111  5  5  6  93       
PG13 -20628.453582  -9820.230984  13511.500535     27.233259  6  3  3  86       
PG14  18289.934158  19394.310493    -73.464982      1.770319  6  6  5  58       
PG15 -19694.399543   1927.006493  17564.805683   -217.169936  6  5  5  96       
PG16  25262.283850    585.494042  -9101.768915   -183.450007  8  5  5  85       
PG17 -13313.671861 -21561.915383   8452.486913    296.753403  5  3  4  62       
PG18  -5615.137476  25926.916930    907.743789    247.596019  5  6  6  69       
PG19 -17816.950516 -19730.237301   -122.583060   -131.290819  5  3  4  86       
PG20  -6027.355349  17966.825508  18440.374861    527.274746  5  3  3 102       
PG21   8230.369621  20549.040668  15665.730198     24.348954  5  4  4  54       
PG22  24701.034000  -9500.243850   1118.222948   -771.639855  6  7  6  82       
PG23  -4706.836337  16565.107422  20192.272201 999999.999999
PG24 -14364.216481  14888.704897  16247.472776    -15.740610  5  3  3  95       
PG25 -14764.279634  15906.046285 -15372.592939     23.946045  8  5  4  93       
PG26  17195.036285   8100.039610 -18673.707862    244.345381  5  6  4  67       
PG27  22163.284935  10856.274987  10105.348130   -347.273113  4  3  5  85       
PG28  -6418.488611 -13948.866789  22241.982715    699.030338  5  4  5  76       
PG29  -5188.260778  15011.643222 -21326.241275   -151.555742  6  4  3 107       
PG30  -2169.299201 -24054.706712  10845.693468   -263.165076  5  4  5  76       
PG31   9027.405134  16974.098425 -18167.341046    -55.970779  3  5  6  70       
PG32  15286.236931  20578.970368   7329.249483    317.887918  2  4  4  68       
*  2020  7 16 13 30  0.00000000
PG01  13727.895489 -14803.730364  16845.668842     26.012350  7  5  5  83       
PG02 -13734.335028  -8446.014680 -20479.255484   -488.105723  5  4  3 104       
PG03  22969.673218 -12444.496480  -4548.137814   -241.458303  7  3  4  89       
PG04  13586.297566  -8078.840262 -21336.574219   -113.139752  5  4  5  92       
PG05 -22851.477206   -799.921288 -13823.073857    -16.787384  6  3  6 105       
PG06  -7287.454796 -20454.586080 -15215.098963   -303.797058  4  4  5  94       
PG07   5389.774987 -25643.265291  -1809.553717   -328.547644  6  4  2  86       
PG08  21002.807604   2022.075203  16298.536053    -41.158609  7  4  4  98       
PG09   2106.378902 -16785.697814 -20521.242525   -254.574597  5  4  4  96       
PG10   3782.360745  14732.623905  21848.607631   -401.216775  3  4     92       
PG11  15001.798471  -5597.411728  20708.457433   -219.571981  6  5  6  98       
PG12 -23799.146793  10762.734654  -4581.592723     92.988506  5  5  6  85       
PG13 -21446.567541 -11000.938872  11150.656986     27.236261  5  3  3  76       
PG14  18037.682874  19484.407212   2764.863851      1.773046  6  7  5  59       
PG15 -21207.899485    657.347392  15878.740030   -217.167451  6  5  5 106       
PG16  24194.034654   1014.966822 -11632.108532   -183.454212  7  6  5  55       
PG17 -12438.415705 -20947.585928  11055.972569    296.758884  5  2  4  58       
PG18  -5845.753265  25819.255293  -1956.232328    247.604464  6  7  7  74       
PG19 -17550.845377 -19730.832641   2766.842673   -131.286314  5  3  4  86       
PG20  -7937.514206  18736.340745  16871.439672    527.274574  5  4  4 111       
PG21   7890.040441  22066.988389  13554.387232     24.352627  4  4  4  66       
PG22  24602.428724  -9073.979872   3903.506516   -771.637552  6  7  6  66       
PG23  -6841.593910  17269.746736  18955.379856 999999.999999
PG24 -14343.755068  12867.044670  17920.955069    -15.741286  5  3  3 105       
PG25 -16342.023699  16264.419077 -13192.313936     23.949925  8  5  4  90       
PG26  15196.007339   9026.326398 -19922.399418    244.351372  5  6  4  78       
PG27  22827.871337  11640.162050   7474.988286   -347.281726  4  4  4  78       
PG28  -4072.994232 -14566.658843  22415.750762    699.027205  6  4  5  69       
PG29  -6976.872065  13322.795347 -21934.005864   -151.563385  6  5  4 111       
PG30  -1643.148782 -25067.159254   8323.763187   -263.172010  5  4  5  61       
PG31   8440.483941  18883.989126 -16440.175354    -55.973228  3  5  6  88       
PG32  14389.624661  20133.595803   9933.870468    317.893459     4  4  47       
*  2020  7 16 13 45  0.00000000
PG01  13613.588692 -12727.380031  18555.933276     26.015979  7  6  5  98       
PG02 -13527.377760 -10855.423774 -19492.048673   -488.110690  5  4  2 103       
PG03  23388.641601 -12359.934968  -1704.437139   -241.468661  7  3  3  85       
PG04  15428.219035  -6535.803390 -20603.464388   -113.143894  6  3  5  97       
PG05 -21419.321811  -1682.335692 -15886.027331    -16.787823  5  4  7  97       
PG06  -6947.483750 -22046.135883 -12992.979908   -303.801669  4  3  5 111       
PG07   5652.365680 -25197.025640  -4645.839579   -328.555383  6  4  2  91       
PG08  22325.630634   3155.291713  14251.745863    -41.160154  7  4  4  98       
PG09   4085.552382 -15456.271587 -21257.012871   -254.580419  5  4  5 102       
PG10   1512.174636  15678.027623  21439.293005   -401.226375  2  3     88       
PG11  15835.123848  -3258.258379  20560.769482   -219.562458  6  5  6 112       
PG12 -24186.198844  10672.459907  -1712.655178     92.984205  5  5  7  86       
PG13 -22126.664767 -11940.902423   8597.840483     27.239412  5  3  3  68       
PG14  17555.650830  19375.895053   5556.353846      1.775439  5  6  5  65       
PG15 -22599.734614   -429.971273  13917.582658   -217.165225  7  5  6  91       
PG16  22892.801549   1587.634475 -13968.959649   -183.458441  6  6  5  67       
PG17 -11317.488834 -20201.365962  13473.293887    296.763966  5  3  4  56       
PG18  -6034.940708  25404.557341  -4786.483219    247.612914  7  7  7  72       
PG19 -17044.146667 -19526.748152   5608.570153   -131.281771  5  3  3  97       
PG20  -9642.533109  19496.568425  15007.972615    527.274893  6  4  4 107       
PG21   7640.003095  23359.550587  11222.770473     24.356482  4  4  5  69       
PG22  24249.113106  -8499.804292   6621.255822   -771.635073  7  7  6  73       
PG23  -8792.090475  18018.955564  17391.553459 999999.999999
PG24 -14407.805157  10675.657342  19277.369781    -15.741423  5  4  3 104       
PG25 -17662.755472  16603.130367 -10785.110537     23.953784  8  5  4  98       
PG26  13134.395500  10104.069119 -20831.053378    244.357497  6  6  4  85       
PG27  23291.556331  12202.357940   4717.850834   -347.290368  3  5  4  90       
PG28  -1768.298513 -15314.938880  22224.000173    699.023925  6  4  5  57       
PG29  -8893.025222  11706.123933 -22165.825287   -151.570916  5  5  4 108       
PG30  -1211.060407 -25813.757444   5657.020563   -263.178950  6  4  5  79       
PG31   7981.359146  20613.364239 -14425.665405    -55.975547  4  5  6  50       
PG32  13243.348223  19566.292459  12369.556762    317.898996     5  4  73       
*  2020  7 16 14  0  0.00000000
PG01  13600.987979 -10471.576737  19937.314325     26.019622  7  6  5  85       
PG02 -13440.881699 -13133.597392 -18151.077692   -488.115947  5  4  1  82       
PG03  23522.132137 -12150.620226   1168.765348   -241.479010  7  4  3  78       
PG04  17263.107930  -5149.888732 -19515.681995   -113.148082  6  4  5  72       
PG05 -19844.429881  -2741.149820 -17680.475033    -16.788781  5  4  7  89       
PG06  -6709.934925 -23388.728836 -10546.141476   -303.806296  3  3  4  81       
PG07   5917.080008 -24443.474315  -7399.161756   -328.563312  6  4  2  91       
PG08  23500.245537   4084.272513  11962.798321    -41.160930  6  4  5  84       
PG09   6182.416343 -14196.080982 -21628.567960   -254.586201  5  4  5  85       
PG10   -647.241029  16713.209966  20662.863752   -401.235919  1  2     95       
PG11  16753.779117   -989.519064  20042.670398   -219.552495  6  5  5  93       
PG12 -24276.225892  10474.125936   1185.962912     92.979325  5  5  7  92       
PG13 -22629.508547 -12649.019025   5897.238697     27.242183  5  4  3  91       
PG14  16827.231160  19102.723274   8254.046591      1.778195  5  6  6  58       
PG15 -23829.965590  -1339.421063  11716.464623   -217.162988  7  4  5  98       
PG16  21394.923077   2324.660775 -16073.477775   -183.462729  6  7  4  70       
PG17  -9951.249553 -19366.299717  15664.670302    296.769053  5  3  4  59       
PG18  -6220.463548  24685.322388  -7534.228170    247.621333  8  8  8  78       
PG19 -16277.680828 -19152.271406   8353.286009   -131.277299  4  3  3  98       
PG20 -11123.559921  20209.006621  12882.288545    527.274308  6  5  5  93       
PG21   7451.052167  24398.999217   8707.680028     24.360756  4  3  5  48       
PG22  23667.823957  -7753.866078   9224.742450   -771.633053  6  7  5  88       
PG23 -10529.552019  18776.956819  15527.811728 999999.999999
PG24 -14575.453076   8356.588013  20293.250144    -15.741908  5  3  2  97       
PG25 -18713.530909  16882.140619  -8191.728630     23.957623  8  6  4  74       
PG26  11055.538938  11324.461148 -21383.602187    244.363606  6  6  4  90       
PG27  23521.724002  12564.789769   1880.886314   -347.299005  3  5  4  71       
PG28    451.829168 -16176.639963  21670.106034    699.020427  6  5  4  79       
PG29 -10900.332392  10196.864400 -22017.863780   -151.578544  5  5  4 103       
PG30   -842.373154 -26273.840152   2891.748897   -263.185873  6  4  4  71       
PG31   7629.343355  22122.852849 -12158.248461    -55.977774  4  5  6  73       
PG32  11848.668623  18917.114508  14594.948730    317.904530     5  4  71       
*  2020  7 16 14 15  0.00000000
PG01  13711.144614  -8081.601745  20965.722228     26.023269  6  6  4  83       
PG02 -13456.791982 -15235.251707 -16481.986003   -488.121136  4  4  1  97       
PG03  23386.677685 -11782.658128   4021.710852   -241.489394  7  5  4  62       
PG04  19045.741664  -3935.149265 -18092.048295   -113.152234  6  3  5  72       
PG05 -18169.998066  -3978.917335 -19176.053871    -16.789173  4  4  6 104       
PG06  -6543.320601 -24453.621400  -7916.956316   -303.810806  3  3  4  89       
PG07   6219.682721 -23394.355165 -10020.037727   -328.571225  6  4  2 107       
PG08  24486.006889   4819.439535   9470.812103    -41.162592  6  4  4  74       
PG09   8359.020978 -13034.351598 -21629.621333   -254.592020  4  4  5  99       
PG10  -2658.362657  17807.221579  19531.841125   -401.245524  2  1  2  89       
PG11  17732.726518   1168.109823  19162.907750   -219.543010  5  5  5  90       
PG12 -24083.403242  10131.684417   4063.925090     92.974950  4  5  7  60       
PG13 -22919.865078 -13142.114135   3095.430328     27.245325  5  3  3  83       
PG14  15843.447448  18702.463735  10812.882143      1.780683  4  6  5  65       
PG15 -24862.043624  -2082.971752   9314.305942   -217.160567  7  4  5  99       
PG16  19741.272434   3240.085771 -17910.541391   -183.467153  5  7  4  73       
PG17  -8348.546274 -18485.678341  17594.310562    296.774369  5  3  4  64       
PG18  -6439.226969  23672.914613 -10152.132654    247.629820  9  8  8  53       
PG19 -15240.540327 -18645.942959  10953.010055   -131.272654  4  3  3  94       
PG20 -12369.845085  20833.909935  10531.399888    527.274155  6  5  5 102       
PG21   7289.968139  25164.183116   6049.267858     24.364839  4  3  6  62       
PG22  22890.969497  -6818.375859  11669.463650   -771.630652  6  6  5  82       
PG23 -12032.906792  19504.598162  13396.344900 999999.999999
PG24 -14858.751010   5955.579360  20951.370470    -15.741695  5  4  3  93       
PG25 -19490.065946  17061.026724  -5456.442903     23.961540  8  6  4  88       
PG26   9003.415352  12670.912009 -21569.981368    244.369723  7  5  5  58       
PG27  23491.922369  12755.766519   -987.843880   -347.307619  3  5  3  70       
PG28   2547.388593 -17127.606631  20763.019091    699.017366  6  5  4  55       
PG29 -12957.042575   8823.702703 -21492.763366   -151.586053  5  5  4  97       
PG30   -503.426601 -26434.811328     76.067271   -263.192844  6  4  4  49       
PG31   7357.632988  23379.066116  -9677.091627    -55.979957  5  5  6  48       
PG32  10215.234125  18226.368814  16572.235608    317.910035     5  4  86       
*  2020  7 16 14 30  0.00000000
PG01  13957.366218  -5606.774490  21623.545817     26.026900  6  6  4  97       
PG02 -13550.270895 -17120.906307 -14516.381324   -488.126128  4  4    102       
PG03  23006.512135 -11226.938127   6804.914475   -241.499790  7  5  4  78       
PG04  20730.282069  -2897.427051 -16357.150623   -113.156398  6  3  5  87       
PG05 -16440.199883  -5390.166143 -20347.348619    -16.789963  4  5  6 121       
PG06  -6411.989932 -25220.142636  -5150.934699   -303.815400  3  3  4  65       
PG07   6593.343892 -22070.339388 -12461.235848   -328.578828  6  4  2  81       
PG08  25246.474835   5378.753085   6818.223980    -41.164082  6  5  4  87       
PG09  10572.985894 -11993.736412 -21260.203459   -254.597812  3  4  5  92       
PG10  -4489.839432  18923.730080  18064.882622   -401.255114  3  2  3 102       
PG11  18741.296426   3179.010833  17937.084996   -219.533486  5  5  5 100       
PG12 -23630.149065   9613.440934   6870.977099     92.970602  4  5  7  73       
PG13 -22967.916187 -13444.080083    240.576506     27.248307  4  3  3  71       
PG14  14603.393820  18214.767248  13190.381718      1.783369  4  5  6  82       
PG15 -25664.139913  -2679.357509   6753.079050   -217.158343  7  4  5  87       
PG16  17975.817404   4340.126426 -19449.283932   -183.471236  4  8  3  72       
PG17  -6526.510121 -17601.387571  19230.900972    296.779366  5  4  4  69       
PG18  -6725.658790  22387.189540 -12595.127133    247.638302  9  9  9  75       
PG19 -13930.744393 -18048.971184  13361.970504   -131.268181  4  3  3  59       
PG20 -13378.970154  21331.910144   7996.350154    527.274046  6  6  5 102       
PG21   7120.839938  25641.305944   3290.550701     24.368723  4  4  6  83       
PG22  21955.305902  -5682.461820  13913.886617   -771.628558  5  6  5  91       
PG23 -13289.399967  20160.912975  11033.953384 999999.999999
PG24 -15262.182763   3520.430244  21241.021909    -15.742122  5  4  3  94       
PG25 -19996.804526  17100.685014  -2626.321718     23.965492  8  7  4  89       
PG26   7019.103134  14119.526692 -21386.339728    244.375895  7  5  5 100       
PG27  23182.909559  12808.710101  -3839.943197   -347.316247  3  5  2  70       
PG28   4483.410404 -18137.425679  19517.149015    699.013948  6  6  4  72       
PG29 -15017.494751   7607.804430 -20599.591972   -151.593731  5  5  5  98       
PG30   -159.089097 -26292.627196  -2740.934965   -263.199847  6  4  3  73       
PG31   7134.520126  24355.846124  -7025.410368    -55.982045  5  5  6  61       
PG32   8360.898388  17533.017035  18267.773339    317.915545     5  4  90       
*  2020  7 16 14 45  0.00000000
PG01  14344.631088  -3098.660141  21899.947124     26.030544  6  5  3  89       
PG02 -13690.890420 -18758.251843 -12291.080480   -488.131211  4  5  1  89       
PG03  22412.551954 -10460.465267   9470.044856   -241.510133  7  5  4  51       
PG04  22271.947395  -2034.309330 -14340.913981   -113.160573  6  3  5  84       
PG05 -14698.603061  -6961.420778 -21174.306829    -16.790711  4  4  6 103       
PG06  -6277.700052 -25676.403461  -2295.923004   -303.819976  4  3  3  67       
PG07   7067.071452 -20500.304097 -14678.742060   -328.586590  5  3  2  88       
PG08  25750.783447   5786.823001   4050.088824    -41.164685  5  5  4  82       
PG09  12778.949962 -11089.542952 -20526.657914   -254.603520  3  4  5  96       
PG10  -6117.532078  20022.373079  16286.517077   -401.264666  3  4  3  89       
PG11  19744.408066   5013.899952  16387.360993   -219.523658  5  5  5  78       
PG12 -22946.218103   8893.522895   9557.861592     92.966051  4  4  6  95       
PG13 -22750.469028 -13584.753836  -2618.404403     27.251365  3  4  3  68       
PG14  13114.381530  17679.772364  15347.274328      1.785857  3  4  6  79       
PG15 -26210.287451  -3153.095629   4077.048133   -217.155892  7  4  5  84       
PG16  16144.077299   5622.760470 -20663.574552   -183.475952  4  8  3  88       
PG17  -4510.054093 -16752.337107  20548.019711    296.784932  5  3  4  69       
PG18  -7110.193218  20855.803755 -14821.184498    247.646793  9  9  9  88       
PG19 -12355.560878 -17403.533814  15537.461639   -131.263423  5  3  3  57       
PG20 -14156.746711  21665.637483   5321.466746    527.273907  6  7  5  91       
PG21   6906.522345  25824.472640    476.853176     24.372937  5  4  5  75       
PG22  20900.472016  -4342.753091  15920.125316   -771.625951  4  5  5 106       
PG23 -14294.888599  20704.763701   8481.406651 999999.999999
PG24 -15782.454280   1099.288096  21158.150766    -15.742689  5  4  3  92       
PG25 -20246.651006  16965.013078    249.580642     23.969413  8  7  3  91       
PG26   5139.353137  15639.877956 -20835.149141    244.382038  7  5  6 103       
PG27  22583.438088  12760.711891  -6627.447887   -347.324903  3  5  3  67       
PG28   6231.046947 -19170.483744  17952.192368    699.010837  6  6  4  89       
PG29 -17033.727971   6562.141791 -19353.685559   -151.601701  5  6  4  94       
PG30    225.649822 -25851.957405  -5510.087868   -263.206806  6  4  3  80       
PG31   6924.822123  25035.243126  -4249.690446    -55.984511  6  5  6  63       
PG32   6311.234110  16873.140739  19652.637351    317.921167     4  3  76       
*  2020  7 16 15  0  0.00000000
PG01  14869.359799   -609.201294  21791.011312     26.034096  5  5  3  93       
PG02 -13844.052259 -20123.197618  -9847.260592   -488.136493  4  5  2  99       
PG03  21641.124540  -9467.459371  11970.787101   -241.520534  7  5  5  61       
PG04  23628.654012  -1335.409254 -12078.082006   -113.164721  7  3  5  84       
PG05 -12986.618107  -8671.528014 -21642.575874    -16.791414  4  4  6 110       
PG06  -6101.291387 -25819.674449    598.736983   -303.824515  4  3  3  45       
PG07   7664.318806 -18720.271369 -16632.662387   -328.594554  5  3  2  75       
PG08  25974.810218   6073.773984   1213.343889    -41.165222  5  5  4  67       
PG09  14930.141314 -10329.252880 -19441.533424   -254.609292  2  5  5  96       
PG10  -7525.278784  21060.291138  14226.773034   -401.274246  3  5  3  97       
PG11  20703.996036   6650.808291  14541.991890   -219.514181  5  5  4  81       
PG12 -22067.506451   7953.131559  12077.231742     92.962023  4  4  6  96       
PG13 -22251.918146 -13598.579391  -5432.664601     27.254235  2  4  3  74       
PG14  11391.791526  17136.523505  17248.063412      1.788250  3  3  6  60       
PG15 -26481.297356  -3533.302057   1331.999283   -217.153630  7  4  5  58       
PG16  14291.528744   7077.609819 -21532.442791   -183.479653  4  8  1  95       
PG17  -2331.100349 -15973.023718  21524.477863    296.789796  5  4  4  92       
PG18  -7617.916695  19113.234924 -16792.042592    247.655306  9 10  9  78       
PG19 -10531.468761 -16751.033451  17440.664535   -131.258899  5  3  2  49       
PG20 -14716.790091  21801.275695   2553.548810    527.273628  5  7  5  68       
PG21   6610.183598  25715.976120  -2344.821697     24.376906  5  5  6  56       
PG22  19767.440658  -2803.671653  17654.541043   -771.623741  4  5  4  99       
PG23 -15053.806585  21096.503286   5782.733879 999999.999999
PG24 -16408.613600  -1261.053702  20705.360725    -15.742679  5  4  3  76       
PG25 -20260.371784  16622.501278   3121.091052     23.973207  7  7  2  85       
PG26   3395.325968  17196.045619 -19925.209143    244.388166  7  5  6  88       
PG27  21690.751583  12650.968646  -9303.578237   -347.333558  3  5  2  19       
PG28   7768.457433 -20187.220103  16092.903903    699.007629  5  6  4  89       
PG29 -18957.187876   5691.143088 -17776.387027   -151.609078  5  6  4  93       
PG30    684.088376 -25126.012265  -8183.036125   -263.213720  6  5  2  68       
PG31   6691.470559  25408.176450  -1398.828805    -55.986592  6  5  6  67       
PG32   4098.759238  16278.526472  20703.102560    317.926748     5  3  85       
*  2020  7 16 15 15  0.00000000
PG01  15519.549931   1811.147439  21299.752395     26.037711  5  5  3 101       
PG02 -13972.564965 -21200.563515  -7229.547510   -488.141720  4  5  3  75       
PG03  20732.493640  -8240.175952  14263.671853   -241.530912  7  6  5  74       
PG04  24762.564929   -782.959200  -9607.616389   -113.168910  7  2  5  73       
PG05 -11342.034072 -10492.275801 -21743.757010    -16.792324  4  4  5  88       
PG06  -5844.400406 -25656.418416   3483.072230   -303.829134  5  4  3  76       
PG07   8401.832173 -16772.053154 -18288.034492   -328.602179  4  2  3  90       
PG08  25902.104607   6273.908109  -1643.952530    -41.166514  5  5  4  81       
PG09  16980.008743  -9712.351666 -18023.373488   -254.615156  2  5  5  95       
PG10  -8705.355798  21993.783294  11920.703113   -401.283803  4  6  4 105       
PG11  21580.577173   8075.746891  12434.729144   -219.504589  5  5  4  87       
PG12 -21034.612892   6781.522768  14384.543408     92.957674  4  4  6  78       
PG13 -21464.925176 -13523.107900  -8154.243982     27.257361  2  4  3 101       
PG14   9458.642022  16621.453330  18861.530689      1.790711  3  2  6  79       
PG15 -26465.421667  -3852.353453  -1435.525467   -217.151423  6  4  5  84       
PG16  12462.014348   8686.130781 -22040.441704   -183.484378  3  8  1  91       
PG17    -27.565049 -15292.274471  22144.588277    296.795258  5  3  4  94       
PG18  -8267.428851  17199.550293 -18473.859435    247.663737  9 10  9  85       
PG19  -8483.755449 -16130.378251  19037.410849   -131.254295  5  3  3  66       
PG20 -15079.786131  21709.986621   -258.992355    527.273564  5  7  5  86       
PG21   6196.891784  25326.302248  -5126.494897     24.380919  5  5  6  91       
PG22  18596.946501  -1077.425298  19088.260075   -771.621075  3  4  4 112       
PG23 -15578.802171  21299.589778   2984.459030 999999.999999
PG24 -17122.490480  -3516.784234  19891.784164    -15.741964  5  4  4  66       
PG25 -20065.685390  16047.666680   5937.827592     23.977035  7  7  2  84       
PG26   1811.544371  18747.886189 -18671.543043    244.394344  7  6  6  89       
PG27  20510.778284  12519.154907 -11823.464888   -347.342206  3  5  2  53       
PG28   9081.457588 -21145.537456  13968.808894    699.004311  5  7  4  89       
PG29 -20740.465512   4990.677138 -15894.686117   -151.616889  5  6  4  91       
PG30   1246.288728 -24136.042261 -10713.120816   -263.220697  6  4  2 108       
PG31   6397.192745  25474.747657   1476.787643    -55.989067  6  6  5  91       
PG32   1761.903121  15775.423457  21401.043650    317.932330     4  2  92       
*  2020  7 16 15 30  0.00000000
PG01  16275.263501   4115.204983  20435.979515     26.041316  4  4  3 100       
PG02 -14038.303784 -21984.399428  -4485.071786   -488.146853  4  5  4  96       
PG03  19729.240651  -6779.414519  16308.853931   -241.541335  7  5  6 100       
PG04  25641.485871   -352.692615  -6972.025220   -113.173050  7  3  4  69       
PG05  -9797.694881 -12389.285316 -21475.571789    -16.792417  5  4  5 100       
PG06  -5471.141791 -25201.977765   6307.350055   -303.833683  5  4  3  93       
PG07   9288.790806 -14701.662225 -19615.524782   -328.609897  4  2  3  99       
PG08  25524.542169   6424.214434  -4473.397969    -41.168337  5  5  3  94       
PG09  18883.853370  -9230.474396 -16296.406757   -254.620951  2  5  5  90       
PG10  -9658.611532  22780.021616   9407.809434   -401.293367  4  7  4  94       
PG11  22334.885430   9283.026784  10104.093057   -219.494995  5  5  4  86       
PG12 -19891.213685   5376.671492  16438.904982     92.952920  3  4  6  90       
PG13 -20390.792386 -13397.393904 -10736.863986     27.260527  1  4  3  96       
PG14   7344.888941  16166.980811  20161.175301      1.793391  2  2  6  78       
PG15 -26158.744687  -4144.448912  -4178.979114   -217.149091  6  4  5  80       
PG16  10696.209061  10422.108648 -22177.943490   -183.488595  3  8  1 108       
PG17   2357.863227 -14732.209884  22398.363396    296.800445  5  3  4  89       
PG18  -9069.963022  15158.971499 -19837.790138    247.672194  8 10  9  97       
PG19  -6245.758601 -15576.359884  20298.869822   -131.249732  5  4  3  87       
PG20 -15272.482261  21369.145679  -3067.021555    527.273245  4  8  5  55       
PG21   5635.182676  24673.839241  -7819.983729     24.384841  5  6  6  55       
PG22  17427.949824    816.294553  20197.603829   -771.618864  1  3  4 101       
PG23 -15890.063245  21282.091062    134.794088 999999.999999
PG24 -17899.432416  -5628.565047  18732.830994    -15.742173  5  4  4  85       
PG25 -19696.073730  15222.266662   8650.133863     23.980868  6  7  2  92       
PG26    405.102772  20252.486555 -17095.184010    244.400544  7  7  7  93       
PG27  19058.015981  12403.790342 -14144.842746   -347.350836  2  4  2  84       
PG28  10163.909612 -22002.328134  11613.853504    699.000963  5  7  4 107       
PG29 -22339.003066   4448.372558 -13740.765908   -151.624304  4  6  4 108       
PG30   1937.683552 -22910.529895 -13056.228877   -263.227655  5  4  3 100       
PG31   6006.213657  25244.189796   4326.243655    -55.991023  6  6  5  84       
PG32   -656.250656  15383.520533  21734.249390    317.937896  1  4  2  96       
*  2020  7 16 15 45  0.00000000
PG01  17109.441528   6260.697924  19216.032269     26.044871  4  4  3 105       
PG02 -14003.879102 -22477.933567  -1662.520320   -488.152185  4  4  4  86       
PG03  18674.566563  -5094.692666  18070.824961   -241.551754  7  5  6  91       
PG04  26240.055535    -14.979267  -4216.631812   -113.177214  7  3  4  83       
PG05  -8380.365125 -14323.146169 -20841.936690    -16.793308  5  4  5  97       
PG06  -4949.693583 -24479.930146   9022.941248   -303.838096  6  4  4  72       
PG07  10326.278815 -12557.560719 -20591.991935   -328.617707  3  1  3 100       
PG08  24842.680446   6562.780858  -7227.027990    -41.170166  4  5  3  90       
PG09  20600.399342  -8867.861883 -14290.142753   -254.626740  2  5  4  84       
PG10 -10394.265675  23378.757443   6731.377781   -401.303201  4  7  5  92       
PG11  22929.499837  10275.224012   7592.545755   -219.485506  5  5  4  92       
PG12 -18682.316849   3745.588322  18203.864325     92.948975  3  5  6  69       
PG13 -19039.517831 -13260.349137 -13136.686641     27.263503  2  4  4  90       
PG14   5086.485096  15800.271778  21125.586812      1.795827  3  2  6  85       
PG15 -25565.294930  -4444.125746  -6852.536493   -217.146987  5  5  5  82       
PG16   9030.198367  12252.444467 -21941.361080   -183.492800  4  8  3 101       
PG17   4779.109903 -14307.459615  22281.642965    296.805556  4  4  4 104       
PG18 -10028.800512  13038.291146 -20860.476037    247.680646  8 10  9 103       
PG19  -3857.777987 -15118.198379  21202.139611   -131.245254  5  4  4  87       
PG20 -15326.445816  20763.337788  -5821.577283    527.273368  3  7  5  66       
PG21   4898.547207  23784.287490 -10377.736953     24.389056  5  6  6  72       
PG22  16296.192567   2850.895671  20964.428710   -771.616505     2  4 118       
PG23 -16014.357850  21018.021082  -2717.195206 999999.999999
PG24 -18709.302002  -7562.825269  17249.826099    -15.740922  5  3  5  84       
PG25 -19189.360355  14136.237444  11210.016773     23.984643  6  7  3  84       
PG26   -814.833207  21665.747391 -15222.851588    244.406744  7  7  7  84       
PG27  17355.113244  12340.660139 -16228.705484   -347.359453  2  5  2  96       
PG28  11017.834898 -22715.068519   9065.989917    698.997699  5  7  4 102       
PG29 -23712.702263   4044.259295 -11351.462859   -151.632301  4  6  4  90       
PG30   2777.870708 -21484.106862 -15171.592266   -263.234590  5  4  3  74       
PG31   5485.904428  24734.453056   7099.074129    -55.993556  6  6  5  74       
PG32  -3109.399802  15115.181251  21696.645578    317.943447     4  2  90       
*  2020  7 16 16  0  0.00000000
PG01  17989.006780   8211.680097  17662.396639     26.048398  3  3  3  93       
PG02 -13834.243481 -22693.167363   1188.791630   -488.157223  4  5  5  76       
PG03  17610.582664  -3204.077925  19519.045896   -241.562180  6  4  6  82       
PG04  26540.684635    263.830897  -1388.796590   -113.181321  7  3  5  27       
PG05  -7109.828168 -16250.755763 -19852.942464    -16.793942  5  4  6 126       
PG06  -4253.723020 -23521.138935  11583.159250   -303.842623  6  5  4  93       
PG07  11507.110786 -10388.825210 -21200.903064   -328.625605  3  2  3  99       
PG08  23865.803219   6727.166821  -9858.093494    -41.171917  4  4  3  86       
PG09  22093.244396  -8602.109571 -12038.878903   -254.632481  3  5  4  94       
PG10 -10929.378233  23753.950815   3937.730716   -401.312781  4  7  5  67       
PG11  23330.392301  11062.797144   4945.590581   -219.475839  5  5  4  77       
PG12 -17452.468208   1904.270818  19648.113246     92.944650  4  5  5  80       
PG13 -17429.531628 -13149.116150 -15313.028150     27.266602  2  5  4 106       
PG14   2724.231004  15542.202962  21738.750794      1.798485  3  2  6  93       
PG15 -24696.879403  -4784.783273  -9411.789546   -217.144670  5  5  5  82       
PG16   7494.220128  14138.211786 -21333.288787   -183.497426  3  8  3 116       
PG17   7188.219704 -14024.655423  21796.152081    296.811121  4  4  4 114       
PG18 -11139.001321  10885.202056 -21524.438266    247.689069  7  9  8 107       
PG19  -1365.698091 -14778.317574  21730.725891   -131.240723  5  5  4 103       
PG20 -15276.642088  19885.073775  -8474.759393    527.273223  3  7  5  66       
PG21   3966.774340  22689.777344 -12753.720870     24.392994  5  6  6  74       
PG22  15232.898481   4993.724252  21376.374411   -771.614045        4 113       
PG23 -15983.828310  20488.455550  -5522.436345 999999.999999
PG24 -19517.690821  -9292.815133  15469.548380    -15.740880  5  3  6  86       
PG25 -18586.112905  12788.313660  13572.065672     23.988424  5  7  4  83       
PG26  -1847.215399  22944.035674 -13086.521362    244.412913  7  8  7  85       
PG27  15432.161789  12361.344468 -18039.914027   -347.368062  3  5  3 108       
PG28  11653.239395 -23243.430458   6366.693151    698.994006  6  7  4 114       
PG29 -24827.374679   3751.707628  -8767.648673   -151.639951  3  6  4 102       
PG30   3779.645637 -19896.241057 -17022.520228   -263.241475  5  4  4  91       
PG31   4808.305432  23971.443797   9746.234848    -55.995880  6  6  4  88       
PG32  -5549.585503  14974.966912  21288.422035    317.949025     4  2  81       
*  2020  7 16 16 15  0.00000000
PG01  18876.204736   9939.685424  15803.215427     26.051941  3  3  3  81       
PG02 -13498.174331 -22650.148742   4019.807565   -488.162391  4  5  5  56       
PG03  16576.658453  -1133.683387  20628.487112   -241.572592  6  4  6  93       
PG04  26534.207962    519.908038   1462.894657   -113.185500  7  3  5  43       
PG05  -5998.251700 -18126.815866 -18524.735514    -16.794290  5  4  6 124       
PG06  -3363.597449 -22362.536774  13944.060692   -303.847170  6  6  4  98       
PG07  12816.015954  -8243.310120 -21432.594543   -328.633082  2  3  3 103       
PG08  22611.650587   6952.796949 -12321.822818    -41.172706  3  4  2  90       
PG09  23332.135455  -8405.180627  -9581.126290   -254.638231  3  5  4  96       
PG10 -11288.007038  23875.256414   1075.412503   -401.322414  4  7  6  76       
PG11  23508.327781  11663.381662   2210.826386   -219.466323  5  5  4  54       
PG12 -16243.984362   -122.711416  20746.091822     92.940324  4  5  5  80       
PG13 -15587.124431 -13097.522638 -17229.017462     27.269627  3  5  3  91       
PG14    302.456313  15406.563897  21990.285674      1.800962  3  3  5  90       
PG15 -23572.650926  -5197.266372 -11814.405257   -217.142344  4  5  5  84       
PG16   6111.617980  16035.951350 -20362.554895   -183.501651  3  8  4 108       
PG17   9536.931560 -13882.217937  20949.489397    296.815436  4  4  4 111       
PG18 -12387.461714   8746.603223 -21818.369658    247.697501  7  9  8 103       
PG19   1180.624158 -14571.405738  21874.893292   -131.236098  5  5  5  96       
PG20 -15159.891719  18735.199380 -10980.588286    527.273215  2  7  5  72       
PG21   2827.085436  21427.715389 -14904.339306     24.397022  5  6  6  75       
PG22  14263.662889   7207.127742  21427.020616   -771.611522        4 114       
PG23 -15834.586784  19682.383873  -8232.694865 999999.999999
PG24 -20287.297722 -10799.382459  13423.685652    -15.741410  5  3  6  97       
PG25 -17927.935824  11186.298447  15694.330206     23.992208  5  7  4  95       
PG26  -2698.980107  24045.841878 -10722.892905    244.419084  7  8  7  60       
PG27  13325.724267  12491.909342 -19547.752589   -347.376655  4  5  3 107       
PG28  12087.649862 -23550.855382   3560.407220    698.990891  6  7  3 104       
PG29 -25655.978927   3538.628652  -6033.543469   -151.647399  2  6  4 109       
PG30   4948.310873 -18189.747325 -18577.049924   -263.248310  5  4  4  95       
PG31   3951.457618  22987.949875  12221.041073    -55.998131  5  6  4  70       
PG32  -7928.824477  14959.467098  20516.060071    317.954615     4  2  80       
*  2020  7 16 16 30  0.00000000
PG01  19730.124470  11424.574439  13671.708668     26.055510  2  3  3  84       
PG02 -12969.578558 -22375.966481   6782.560113   -488.167499  4  5  6  95       
PG03  15607.892731   1083.153257  21380.065873   -241.583009  5  4  6 100       
PG04  26220.224742    790.345495   4289.462333   -113.189702  7  4  5  80       
PG05  -5049.846778 -19905.432888 -16879.299709    -16.795187  5  4  6 125       
PG06  -2267.333431 -21045.690521  16065.193682   -303.851639  6  6  5 103       
PG07  14230.168456  -6165.889592 -21284.375508   -328.641256  2  4  3  99       
PG08  21105.843410   7271.435311 -14576.158260    -41.174408  3  5  2  94       
PG09  24294.020694  -8244.644492  -6958.962817   -254.644026  3  5  4  91       
PG10 -11500.085626  23719.304047  -1805.678982   -401.331998  4  7  6  51       
PG11  23440.058536  12100.800330   -563.014914   -219.456781  5  5  4  68       
PG12 -15095.287101  -2302.982831  21478.477468     92.936150  4  5  6 100       
PG13 -13545.590107 -13134.673842 -18852.191265     27.272792  3  5  4 107       
PG14  -2132.424199  15399.523646  21875.609262      1.803654  3  4  6  91       
PG15 -22218.427379  -5708.557129 -14020.741710   -217.139735  4  5  5  94       
PG16   4898.048432  17899.162337 -19044.179231   -183.506076  3  8  4  97       
PG17  11778.271722 -13870.445098  19755.044696    296.820824  3  5  4 113       
PG18 -13753.296404   6666.947040 -21737.320693    247.705932  6  8  8 114       
PG19   3729.140719 -14503.803778  21631.878622   -131.231411  5  6  5 104       
PG20 -15013.271290  17322.981984 -13295.818288    527.273317  2  7  5  89       
PG21   1474.999859  20039.393510 -16789.365228     24.401033  6  6  6  64       
PG22  13407.570069   9449.701293  21115.953084   -771.609108     2  3 117       
PG23 -15605.167678  18597.264405 -10801.402353 999999.999999
PG24 -20979.414530 -12071.448750  11148.220229    -15.741215  5  3  7  81       
PG25 -17255.725356   9346.968713  17539.134711     23.996021  5  6  4  80       
PG26  -3384.596573  24933.375997  -8172.763688    244.425153  7  9  6  84       
PG27  11077.630506  12751.806024 -20726.425910   -347.385210  4  5  2 104       
PG28  12345.368536 -23606.034995    693.919627    698.987687  6  7  2  90       
PG29 -26179.597489   3368.890258  -3195.970957   -151.654662  1  6  3  92       
PG30   6281.290236 -16409.182819 -19808.503003   -263.255223  4  4  5 105       
PG31   2900.484671  21822.299438  14480.050793    -56.000166  5  6  3  85       
PG32 -10200.750942  15057.446085  19392.257932    317.960174     5  2  85       
*  2020  7 16 16 45  0.00000000
PG01  20508.335818  12655.048638  11305.520303     26.059127     3  2  58       
PG02 -12228.576223 -21903.516333   9430.933339   -488.172724  5  5  6  79       
PG03  14733.768533   3406.974775  21760.973340   -241.593427  4  3  6  89       
PG04  25607.114517   1111.527957   7042.370291   -113.193861  7  4  5  48       
PG05  -4260.836085 -21541.763380 -14944.138296    -16.795462  6  5  6 115       
PG06   -961.247632 -19615.204059  17910.281493   -303.856128  6  6  5 108       
PG07  15720.035171  -4196.852150 -20760.477682   -328.648917  2  4  3 100       
PG08  19381.021437   7709.797482 -16582.456594    -41.174962  3  5  2  98       
PG09  24963.837801  -8085.093465  -4217.323803   -254.649758  3  5  4  86       
PG10 -11600.065552  23270.719325  -4655.196096   -401.341624  4  7  7  69       
PG11  23109.265984  12403.840617  -3327.020757   -219.447186  5  4  4  69       
PG12 -14039.409541  -4597.448465  21832.546868     92.931574  4  5  6  94       
PG13 -11344.114704 -13283.735016 -20155.017843     27.275624  4  5  4 105       
PG14  -4533.432197  15519.381243  21396.032972      1.806205  3  5  6  92       
PG15 -20665.789046  -6340.618215 -15994.418732   -217.137579  4  5  5  88       
PG16   3860.976309  19679.940027 -17399.229376   -183.510324  3  7  5  87       
PG17  13868.112684 -13971.901312  18231.844435    296.826334  3  5  4 101       
PG18 -15208.530664   4686.690588 -21282.776973    247.714335  5  7  7 108       
PG19   6227.488672 -14573.249110  21005.958788   -131.226789  4  6  5 104       
PG20 -14872.522632  15665.873906 -15380.689772    527.273166  3  6  6  89       
PG21    -85.120894  18568.408978 -18372.856904     24.405165  6  6  6  96       
PG22  12676.567760  11677.672143  20448.740790   -771.606679  1  3  4 112       
PG23 -15334.897542  17239.261578 -13184.453399 999999.999999
PG24 -21555.459977 -13106.173883   8682.760034    -15.741345  4  4  7  71       
PG25 -16607.961355   7295.616572  19073.808337     23.999773  5  6  4  97       
PG26  -3925.313051  25574.037965  -5480.319165    244.431293  7  9  6  76       
PG27   8733.583102  13153.019469 -21555.491356   -347.393793  4  5  2 106       
PG28  12456.463673 -23384.242126  -2184.334750    698.984158  6  6  2  99       
PG29 -26388.115594   3203.894271   -303.567340   -151.662521     6  3  48       
PG30   7768.062322 -14599.191998 -20695.938268   -263.262092  4  4  5  89       
PG31   1648.380366  20516.812172  16483.871546    -56.002407  5  6  3  90       
PG32 -12322.207437  15250.301889  17935.753027    317.965758  1  5  2  85       
*  2020  7 16 17  0  0.00000000
PG01  21168.576686  13628.820714   8746.007550     26.062652     2  2  56       
PG02 -11262.331475 -21270.094566  11921.349966   -488.177861  5  5  6  94       
PG03  13977.044782   5793.549708  21764.885700   -241.603844  3  3  6  80       
PG04  24711.728181   1517.528265   9674.354634   -113.198064  7  4  6  60       
PG05  -3619.735862 -22993.643333 -12751.857206    -16.796204  6  6  6 107       
PG06    549.715088 -18117.021148  19447.830788   -303.860605  6  6  5 104       
PG07  17250.498869  -2370.512996 -19871.860214   -328.656583  2  5  3 102       
PG08  17475.724873   8288.353249 -18306.143099    -41.176234  4  5  3 108       
PG09  25335.007856  -7889.682831  -1403.241218   -254.655566  4  5  3  88       
PG10 -11625.377792  22522.840432  -7423.262196   -401.351168  4  7  7  75       
PG11  22507.217222  12604.858664  -6033.016305   -219.437387  5  4  4  38       
PG12 -13102.736598  -6961.655939  21802.402487     92.927325  5  4  6  99       
PG13  -9026.452610 -13560.948853 -21115.343152     27.278595  4  5  4  99       
PG14  -6854.574335  15756.610121  20558.781361      1.808663  3  6  6  96       
PG15 -18950.986474  -7109.426066 -17702.840209   -217.135058  3  5  5  84       
PG16   2999.483946  21330.702357 -15454.570253   -183.514933  3  7  5  99       
PG17  15766.645738 -14162.097215  16404.323413    296.831110  3  4  5  97       
PG18 -16719.075811   2840.909509 -20462.627443    247.722695  5  5  7  99       
PG19   8624.882322 -14768.987143  20008.370687   -131.222156  4  7  5 102       
PG20 -14770.534800  13788.964105 -17199.606555    527.272636  3  6  6  87       
PG21  -1839.891728  17058.956812 -19624.027627     24.409291  5  6  6  89       
PG22  12075.119088  13846.372122  19436.826376   -771.604338  2  4  4 117       
PG23 -15062.246080  15623.155763 -15340.957980 999999.999999
PG24 -21978.502758 -13908.810494   6069.829634    -15.741856  4  5  7  79       
PG25 -16019.109266   5065.244366  20271.312342     24.003568  5  6  3  92       
PG26  -4348.129352  25941.702262  -2692.351685    244.437343  6  9  5  85       
PG27   6341.619976  13699.498420 -22020.219414   -347.402327  5  6  2 114       
PG28  12455.523941 -22868.456861  -5025.036707    698.980806  6  6  2  97       
PG29 -26280.575603   3004.254087   2594.043357   -151.670106     6  4  95       
PG30   9390.414579 -12802.867602 -21224.493298   -263.268996  4  5  5 104       
PG31    196.469296  19116.110578  18197.872786    -56.004430  5  6  2  92       
PG32 -14254.724471  15512.822921  16171.041177    317.971361  2  5  2  78       
*  2020  7 16 17 15  0.00000000
PG01  21670.424688  14352.442442   6037.489007     26.066216     2  2  48       
PG02 -10065.610285 -20515.876762  14213.380196   -488.183005  5  5  6 107       
PG03  13352.927632   8195.404641  21392.056563   -241.614255  3  4  6  82       
PG04  23558.766230   2038.595231  12140.230150   -113.202188  6  5  6  78       
PG05  -3107.944166 -24223.138963 -10339.652883    -16.796857  6  6  6 114       
PG06   2251.988475 -16596.693882  20651.655096   -303.865059  5  6  5 107       
PG07  18782.203350   -714.096531 -18635.882360   -328.664698  2  5  3 102       
PG08  15433.058579   9020.366496 -19717.308748    -41.176874  4  5  3 108       
PG09  25409.615343  -7621.735057   1434.956174   -254.661406  4  5  3  83       
PG10 -11614.776250  21478.099513 -10061.389565   -401.360669  4  6  7  89       
PG11  21633.117443  12738.274285  -8634.428466   -219.427871  5  5  4  81       
PG12 -12304.031845  -9347.375878  21389.059405     92.923082  4  4  7  96       
PG13  -6639.438227 -13974.924186 -21716.753376     27.281649  4  6  4 112       
PG14  -9052.365689  16094.197823  19376.934242      1.811338  4  6  6  89       
PG15 -17113.696552  -8024.225546 -19117.665445   -217.132836  4  5  5 114       
PG16   2304.408653  22805.941861 -13242.503563   -183.519349  3  7  5  89       
PG17  17439.716517 -14410.440837  14302.020524    296.836659  3  4  5 104       
PG18 -18245.950749   1158.126631 -19291.024342    247.731127  5  4  6  99       
PG19  10873.941209 -15072.245688  18657.084886   -131.217614  4  7  5 111       
PG20 -14735.958764  11724.142867 -18721.727681    527.272937  4  6  6  99       
PG21  -3767.110917  15554.066615 -20518.035627     24.413318  5  6  6  98       
PG22  11600.142570  15911.745972  18097.332580   -771.601897  3  4  3 118       
PG23 -14823.222439  13771.929553 -17233.936817 999999.999999
PG24 -22214.716947 -14492.260480   3354.134742    -15.743215  3  5  7  89       
PG25 -15518.200847   2695.446472  21110.749095     24.007378  5  5  2  99       
PG26  -4684.536454  26017.763380    142.576896    244.443460  6  9  4  68       
PG27   3950.486978  14386.890659 -22111.876137   -347.410924  5  6  2 115       
PG28  12380.215258 -22050.236950  -7778.805730    698.977821  6  5  3 116       
PG29 -25865.192600   2731.508023   5447.094105   -151.677553     5  3  71       
PG30  11123.006152 -11060.192400 -21385.610692   -263.275896  4  5  5  98       
PG31  -1445.475720  17665.363996  19592.789359    -56.006668  5  5  2  96       
PG32 -15965.832299  15814.215661  14127.994779    317.976932  2  6  2  72       
*  2020  7 16 17 30  0.00000000
PG01  21976.890135  14840.804774   3226.466599     26.069776  2  1  3  66       
PG02  -8641.055198 -19682.339723  16270.271881   -488.188113  5  6  6 108       
PG03  12868.552843  10563.482984  20649.290267   -241.624741  2  5  6 105       
PG04  22179.868149   2699.791267  14397.660878   -113.206346  6  5  7  88       
PG05  -2700.616050 -25197.958225  -7748.709896    -16.797877  6  6  6 110       
PG06   4123.725759 -15097.683007  21501.305918   -303.869636  5  6  5 105       
PG07  20273.059549    753.072383 -17075.859991   -328.672329  2  5  4 103       
PG08  13299.186483   9911.210822 -20791.240270    -41.178198  4  6  3 113       
PG09  25198.266676  -7246.345751   4248.468571   -254.667215  4  5  3 100       
PG10 -11606.631767  20148.050946 -12523.374234   -401.370124  4  6  7  83       
PG11  20494.153533  12839.022800 -11087.079447   -219.418264  5  6  4  91       
PG12 -11653.789734 -11704.334478  20600.392145     92.918776  4  3  7  99       
PG13  -4231.387191 -14526.222599 -21948.849086     27.284834  4  6  4 101       
PG14 -11087.275810  16508.272848  17869.288401      1.813917  4  7  5  99       
PG15 -15195.668663  -9087.030848 -20215.227037   -217.130348  4  5  5 106       
PG16   1758.810731  24063.935692 -10800.295833   -183.523662  3  7  4  93       
PG17  18859.975775 -14681.431835  11959.196684    296.841832  3  4  5 103       
PG18 -19746.702886   -340.600824 -17788.137528    247.739544  4  4  6 109       
PG19  12932.377090 -15457.051014  16976.439405   -131.213232  4  7  5 106       
PG20 -14792.008226   9509.014697 -19921.465002    527.272769  4  5  6 105       
PG21  -5836.362519  14093.863869 -21036.660332     24.417502  5  6  6 108       
PG22  11241.241055  17831.842248  16452.787605   -771.599713  4  5  4 120       
PG23 -14649.878855  11716.046317 -18830.948340 999999.999999
PG24 -22234.717219 -14876.356365    581.812673    -15.742873  3  6  7  75       
PG25 -15127.653973    231.025142  21577.740954     24.011201  5  5  2 105       
PG26  -4969.073984  25791.898244   2975.012220    244.449554  5  9  3  69       
PG27   1607.977598  15202.596899 -21827.921085   -347.419487  5  7  3 103       
PG28  12269.688998 -20930.287752 -10397.072263    698.974564  6  5  3 105       
PG29 -25159.029664   2349.801864   8206.525796   -151.685310     6  3  84       
PG30  12934.215265  -9406.622239 -21177.147290   -263.282786  4  5  5 101       
PG31  -3259.460806  16208.539532  20645.205587    -56.009019  4  5  2 100       
PG32 -17430.153586  16119.365990  11841.383621    317.982484  3  5  3  66       
*  2020  7 16 17 45  0.00000000
PG01  22055.872400  15116.336234    360.835325     26.073323  2  2  3  32       
PG02  -6999.177196 -18810.682302  18059.404085   -488.193010  5  5  6 104       
PG03  12522.797840  12848.865168  19549.798112   -241.635153  2  5  6  82       
PG04  20612.447900   3519.832846  16407.881967   -113.210500  6  5  7  90       
PG05  -2367.794577 -25892.666254  -5023.515858    -16.798418  6  7  6 113       
PG06   6135.461136 -13659.754689  21982.405496   -303.874157  5  6  5 106       
PG07  21679.847166   2020.044938 -15220.523863   -328.680269  2  5  4 102       
PG08  11121.710647  10957.989860 -21508.873184    -41.178841  5  6  3 116       
PG09  24719.631890  -6731.928668   6988.862879   -254.673038  4  5  2  96       
PG10 -11637.247621  18553.043974 -14766.147860   -401.379636  4  6  7  67       
PG11  19105.237190  12941.027719 -13349.898067   -219.408654  5  6  5  86       
PG12 -11153.937554 -13982.025887  19450.945138     92.914462  4  4  7  91       
PG13  -1850.445158 -15207.258907 -21807.426943     27.287562  3  6  4 101       
PG14 -12925.046389  16969.001098  16060.135995      1.816769  5  7  5  91       
PG15 -13239.305955 -10292.389831 -20976.892429   -217.127541  4  5  5 104       
PG16   1338.761118  25068.344990  -8169.596748   -183.527974  4  6  4 102       
PG17  20007.802040 -14936.061613   9414.373521    296.846886  3  4  5 100       
PG18 -21176.974163  -1642.301539 -15979.807476    247.747898  4  5  5  70       
PG19  14764.469721 -15891.348914  14996.644082   -131.208389  3  7  5  95       
PG20 -14955.491613   7185.604021 -20778.880539    527.272792  5  5  6 104       
PG21  -8010.000298  12713.939096 -21168.833033     24.421684  5  6  6  97       
PG22  10981.210710  19568.234324  14530.772789   -771.597239  5  5  4 123       
PG23 -14568.979328   9492.448599 -20104.637117 999999.999999
PG24 -22014.727185 -15086.899241  -2200.319996    -15.744195  3  6  6  90       
PG25 -14862.380739  -2279.600640  21664.671348     24.015005  5  5  3  88       
PG26  -5237.764417  25262.513226   5755.505902    244.455649  5  8  3  84       
PG27   -640.700882  16126.145967 -21172.114527   -347.428049  5  7  3 104       
PG28  12162.899893 -19518.696053 -12832.984464    698.971000  6  5  4  93       
PG29 -24187.344369   1827.474990  10824.829902   -151.692683     6  3  92       
PG30  14787.235874  -7871.864314 -20603.367262   -263.289672  4  5  5 111       
PG31  -5219.829022  14786.731903  21337.913599    -56.011289  4  5  2 100       
PG32 -18630.233350  16390.287088   9350.304016    317.987997  3  5  2  68       
*  2020  7 16 18  0  0.00000000
PG01  21881.428521  15207.935647  -2510.906714     26.076919  2  4  4  47       
PG02  -5158.073551 -17940.297673  19552.667622   -488.198101  5  5  6 107       
PG03  12306.428721  15004.483256  18112.941829   -241.645569  3  6  6  93       
PG04  18898.320014   4510.179018  18136.360883   -113.214652  6  5  7  89       
PG05  -2075.755625 -26289.654353  -2211.103603    -16.799358  6  7  6  98       
PG06   8251.066381 -12317.534151  22086.876930   -303.878685  5  5  5 109       
PG07  22959.845287   3084.384227 -13103.398589   -328.687769  2  4  4 101       
PG08   8947.994532  12149.480462 -21857.158352    -41.179332  5  6  3 106       
PG09  23999.686423  -6051.639030   9608.908072   -254.678846  5  5  3 110       
PG10 -11739.266758  16721.552561 -16750.567922   -401.389184  4  5  7  83       
PG11  17488.467461  13075.753786 -15385.541304   -219.398876  5  7  5  87       
PG12 -10797.895868 -16131.529555  17961.614070     92.910108  4  4  7  99       
PG13    457.055856 -16002.520334 -21294.565720     27.290816  3  6  4 106       
PG14 -14537.832279  17441.724798  13978.957032      1.819709  5  6  5  70       
PG15 -11286.228763 -11627.421179 -21389.365960   -217.125266  4  4  5  99       
PG16   1014.423962  25789.636624  -5395.752949   -183.532336  4  6  3  90       
PG17  20871.958726 -15133.373857   6709.792454    296.851785  3  5  5 102       
PG18 -22492.152433  -2742.395184 -13897.102785    247.756310  3  5  5  93       
PG19  16342.271446 -16338.380767  12753.169705   -131.204079  3  7  6  96       
PG20 -15236.110351   4798.905389 -21279.979962    527.272871  5  4  6 107       
PG21 -10244.477361  11443.906620 -20910.994363     24.425698  5  6  6  95       
PG22  10796.811665  21087.321302  12363.496242   -771.594770  5  5  4 119       
PG23 -14600.884567   7143.314480 -21033.195140 999999.999999
PG24 -21537.541175 -15154.492434  -4945.512573    -15.745347  3  6  6  97       
PG25 -14729.219637  -4786.125627  21370.784609     24.018827  5  5  4  97       
PG26  -5526.488435  24436.856414   8435.516539    244.461772  4  8  4  83       
PG27  -2754.474988  17129.882561 -20154.528098   -347.436634  5  7  3 102       
PG28  12096.899664 -17834.803751 -15042.330595    698.967664  5  4  4 103       
PG29 -22982.630661   1138.487773  13256.868378   -151.700446     5  3  96       
PG30  16641.378944  -6478.895892 -19674.822282   -263.296577  4  4  4 106       
PG31  -7294.121680  13436.638826  21660.143465    -56.013432  4  5  2 104       
PG32 -19557.072083  16587.698743   6697.524070    317.993497  3  5  3  34       
*  2020  7 16 18 15  0.00000000
PG01  21434.811068  15149.683433  -5340.436953     26.080514  3  5  4  48       
PG02  -3142.888224 -17107.345025  20726.777032   -488.203393  5  5  6 107       
PG03  12202.574201  16986.763748  16363.870644   -241.656077  4  6  6  75       
PG04  17082.168759   5674.403698  19553.387008   -113.218782  6  5  7  84       
PG05  -1788.514868 -26379.820931    639.767051    -16.799706  6  8  6 111       
PG06  10428.966128 -11099.270296  21813.068969   -303.883204  5  5  5 107       
PG07  24072.427381   3951.966248 -10762.121215   -328.695751  3  4  4  83       
PG08   6823.493073  13466.405068 -21829.333350    -41.180176  5  7  4 118       
PG09  23070.681561  -5184.618790  12063.393567   -254.684658  5  5  2 114       
PG10 -11940.236922  14689.189889 -18442.129134   -401.398704  4  4  7  98       
PG11  15672.342263  13270.893278 -17160.922347   -219.389283  6  7  5 108       
PG12 -10570.990623 -18107.258622  16159.208513     92.905957  4  5  7  77       
PG13   2648.173528 -16889.097765 -20418.614347     27.293829  3  7  4  92       
PG14 -15905.122057  17888.307697  11660.024057      1.821839  5  6  4  79       
PG15  -9375.868162 -13072.125566 -21444.927611   -217.122825  5  4  5 101       
PG16    751.395993  26206.264595  -2527.026128   -183.536710  4  6  3  78       
PG17  21449.955856 -15232.132455   3890.795248    296.857179  4  5  5  95       
PG18 -23649.045127  -3644.671555 -11575.789542    247.764740  3  6  5  57       
PG19  17646.493487 -16758.253817  10286.039049   -131.199608  3  7  5  94       
PG20 -15636.047468   2395.334797 -21416.900701    527.272352  5  3  6 101       
PG21 -12491.964881  10306.227451 -20267.257688     24.429570  4  6  6  96       
PG22  10659.773034  22361.462443   9987.296603   -771.592205  5  5  5 120       
PG23 -14758.695940   4714.619075 -21600.728765 999999.999999
PG24 -20793.247877 -15113.215968  -7607.809433    -15.746713  4  6  6  56       
PG25 -14726.712701  -7238.155192  20702.145404     24.022659  5  5  5  93       
PG26  -5869.368553  23330.789933  10968.294063    244.467847  3  7  5  85       
PG27  -4697.808178  18179.947322 -18791.453853   -347.445224  5  7  4  93       
PG28  12105.177877 -15906.711643 -16984.454395    698.964592  5  4  4 103       
PG29 -21583.392172    263.633759  15460.656469   -151.707673  2  5  3 102       
PG30  18453.526349  -5243.258515 -18408.124042   -263.303491  4  4  4  98       
PG31  -9444.203593  12189.240446  21607.666316    -56.015501  4  5  3  97       
PG32 -20210.339091  16672.676764   3928.754925    317.999035  4  4  3  67       
*  2020  7 16 18 30  0.00000000
PG01  20705.241562  14979.381935  -8080.366156     26.084014  2  6  4  59       
PG02   -985.037918 -16343.463569  21563.518671   -488.208105  5  4  6 113       
PG03  12187.505569  18757.135734  14333.060104   -241.666425  5  7  6  75       
PG04  15209.918728   7007.876609  20634.579905   -113.222927  5  5  8 103       
PG05  -1469.437550 -26162.933651   3479.473378    -16.800661  6  8  6 121       
PG06  12623.565860 -10025.857224  21165.774348   -303.887718  5  4  5 111       
PG07  24980.560516   4636.464838  -8237.717488   -328.703315  3  4  5  51       
PG08   4790.153054  14882.027160 -21425.090972    -41.182625  5  7  4 115       
PG09  21969.882816  -4117.014115  14309.916054   -254.690460  5  4  1 106       
PG10 -12261.392856  12497.448159 -19811.581181   -401.408309  5  3  7 110       
PG11  13690.756069  13549.230331 -18647.644660   -219.379731  6  8  5  97       
PG12 -10451.195263 -19868.569692  14075.908912     92.901370  4  6  6 109       
PG13   4684.805661 -17837.511124 -19194.080619     27.296934  2  7  5  96       
PG14 -17014.400324  18268.641633   9141.918420      1.824631  6  5  3  94       
PG15  -7544.137374 -14599.963605 -21141.604112   -217.120746  4  4  5 108       
PG16    512.251810  26305.556613    386.271643   -183.541169  4  6  3  71       
PG17  21748.095671 -15192.537518   1005.129170    296.862591  5  5  4  96       
PG18 -24607.511239  -4360.945467  -9055.721297    247.773169  3  6  5  81       
PG19  18667.041671 -17109.637373   7639.039168   -131.194784  4  7  5  99       
PG20 -16149.859089     21.141295 -21187.995153    527.272723  5  3  6 113       
PG21 -14702.185087   9315.358287 -19249.366209     24.434019  4  5  5 104       
PG22  10537.996786  23369.904057   7442.081649   -771.589994  6  5  5 120       
PG23 -15047.691202   2254.555654 -21797.525680 999999.999999
PG24 -19779.692865 -14999.191079 -10142.755587    -15.748487  4  6  6  78       
PG25 -14845.232938  -9586.993997  19671.462564     24.026522  4  6  5  99       
PG26  -6297.227864  21968.231407  13309.728606    244.473860  3  6  5  93       
PG27  -6441.904910  19237.517546 -17105.207780   -347.453824  5  7  4  92       
PG28  12216.123759 -13770.419716 -18623.137606    698.961161  5  5  3 106       
PG29 -20032.693520   -808.511818  17398.094510   -151.715057  3  5  4 109       
PG30  20179.680301  -4172.651389 -16825.616057   -263.310386  4  5  3  81       
PG31 -11627.603211  11068.730957  21182.774840    -56.017550  4  5  3  92       
PG32 -20598.255459  16608.307440   1091.859973    318.004535  4  4  3  78       
*  2020  7 16 18 45  0.00000000
PG01  19690.395491  14736.979676 -10684.967202     26.087612  3  7  5  81       
PG02   1278.767617 -15674.666029  22049.939307   -488.213376  5  4  6 102       
PG03  12231.690012  20283.347427  12055.762445   -241.676827  5  7  5  76       
PG04  13327.068899   8497.765991  21361.307786   -113.227017  5  5  8  94       
PG05  -1082.886255 -25647.654616   6258.423064    -16.801598  6  8  6 107       
PG06  14786.838864  -9110.148680  20156.142032   -303.892211  5  4  5 102       
PG07  25652.155146   5158.550414  -5573.852485   -328.711027  3  4  5  84       
PG08   2884.945706  16363.051132 -20650.638488    -41.183221  5  7  4 111       
PG09  20738.124701  -2842.723966  16309.620611   -254.696261  5  5  2 103       
PG10 -12716.705138  10192.215877 -20835.440601   -401.418023  5  2  7  93       
PG11  11581.826391  13927.719058 -19822.344135   -219.370511  6  8  5 109       
PG12 -10410.167675 -21381.171589  11748.632958     92.897277  4  7  6  93       
PG13   6534.960962 -18812.800037 -17641.420306     27.300221  3  7  4  99       
PG14 -17861.521778  18542.261967   6466.959109      1.827254  5  4  2  97       
PG15  -5822.227234 -16178.684942 -20483.267453   -217.118244  5  4  5  80       
PG16    258.233242  26084.262124   3292.708596   -183.545856  5  6  3  62       
PG17  21781.192049 -14977.925511  -1897.817643    296.867305  5  5  4  94       
PG18 -25331.989173  -4910.401438  -6380.159685    247.781550  3  5  5  62       
PG19  19403.185227 -17351.512530   4858.875543   -131.190273  4  7  5  86       
PG20 -16764.669693  -2279.161613 -20597.811103    527.272438  5  3  6 105       
PG21 -16824.370032   8477.271330 -17876.441521     24.437984  3  5  5  95       
PG22  10396.917738  24099.464421   4770.707251   -771.587766  6  5  5 119       
PG23 -15465.073588   -188.124077 -21620.217878 999999.999999
PG24 -18502.666091 -14849.086669 -12508.071918    -15.749205  4  5  6  65       
PG25 -15067.452011 -11787.353691  18297.785692     24.030332  4  6  6  78       
PG26  -6836.187451  20380.287601  15419.146071    244.479986  2  5  6  97       
PG27  -7965.666949  20260.266007 -15123.825374   -347.462394  5  7  4  89       
PG28  12451.681314 -11468.627842 -19927.421723    698.957752  5  5  3  96       
PG29 -18376.544988  -2080.945643  19035.635511   -151.722950  3  5  5  99       
PG30  21776.548411  -3266.835756 -14954.953169   -263.317259  4  5  3  86       
PG31 -13799.011560  10091.738809  20394.148078    -56.019727  4  5  4  77       
PG32 -20737.149170  16361.280774  -1763.984145    318.010022  4  4  3  65       
*  2020  7 16 19  0  0.00000000
PG01  18396.585181  14462.936904 -13110.867907     26.091209  4  7  5  90       
PG02   3607.677919 -15120.442891  22178.478908   -488.218532  5  5  5 101       
PG03  12301.074268  21540.542009   9571.379538   -241.687194  6  7  5  82       
PG04  11477.053568  10123.363934  21721.009220   -113.231138  5  6  8  88       
PG05   -595.839098 -24851.224188   8927.958617    -16.801894  6  8  6 117       
PG06  16870.012603  -8356.590428  18801.485219   -303.896767  5  4  5 101       
PG07  26061.219921   5544.841526  -2816.070405   -328.718766  4  4  5  81       
PG08   1138.589510  17870.795591 -19518.642933    -41.185266  5  8  4 104       
PG09  19418.237745  -1363.848974  18027.882565   -254.702129  5  4  1  94       
PG10 -13312.233457   7822.133658 -21496.387616   -401.427637  5  1  6 101       
PG11   9386.595284  14416.801795 -20666.943254   -219.360805  6  8  5 114       
PG12 -10414.535462 -22618.280365   9218.327722     92.892290  5  7  6 105       
PG13   8173.802128 -19775.840865 -15786.727663     27.303078  3  7  4 100       
PG14 -18450.776461  18670.013022   3680.547336      1.829926  5  3  1  89       
PG15  -4235.569141 -17771.384359 -19479.655449   -217.115939  5  5  5  97       
PG16    -48.987541  25548.732231   6140.709500   -183.550252  5  5  4  78       
PG17  21571.965595 -14556.386892  -4767.842096    296.873137  5  5  3  74       
PG18 -25792.861874  -5318.654033  -3595.036895    247.789908  3  4  4  81       
PG19  19863.358448 -17444.902410   1994.289132   -131.185648  5  7  5  91       
PG20 -17460.660768  -4464.287147 -19656.972875    527.272656  4  3  6 104       
PG21 -18809.249667   7789.369057 -16174.531799     24.442295  3  4  5  84       
PG22  10200.970900  24544.950201   2018.303036   -771.585290  6  5  5 116       
PG23 -16000.043920  -2565.787955 -21071.838153 999999.999999
PG24 -16975.809533 -14698.620636 -14664.294136    -15.749480  4  5  6  67       
PG25 -15369.123746 -13798.912002  16606.085887     24.034197  4  6  6  82       
PG26  -7506.459915  18604.116069  17260.034137    244.486061  2  4  6 104       
PG27  -9256.361191  21203.985572 -12880.648835   -347.471012  5  6  4  74       
PG28  12826.264610  -9049.238504 -20872.340215    698.954418  4  6  2  92       
PG29 -16662.182657  -3547.918935  20344.876275   -151.730286  3  5  5  94       
PG30  23203.104090  -2517.850008 -12828.598233   -263.324158  4  5  3  85       
PG31 -15911.879526   9266.859160  19256.609471    -56.021919  4  5  4  96       
PG32 -20650.698232  15903.357804  -4589.159199    318.015559  4  4  4  40       
*  2020  7 16 19 15  0.00000000
PG01  16838.636860  14196.590529 -15317.701941     26.094807  4  7  5 105       
PG02   5957.989975 -14693.102486  21947.050248   -488.223403  4  5  5 110       
PG03  12358.547119  22512.053514   6922.770486   -241.697587  7  8  5  82       
PG04   9699.692547  11856.722854  21707.412529   -113.235279  5  6  8  91       
PG05     20.588995 -23798.813375  11441.253610    -16.802623  6  7  6 119       
PG06  18825.291342  -7761.183586  17124.988329   -303.901262  5  3  5 101       
PG07  26188.784998   5826.655123    -11.036257   -328.726992  4  4  5  65       
PG08   -425.485252  19362.597667 -18048.059690    -41.186350  4  8  4 108       
PG09  18053.408767    309.178559  19434.917494   -254.707955  5  4  2 111       
PG10 -14045.808902   5436.855667 -21783.541853   -401.437243  4     6 108       
PG11   7147.653752  15019.984393 -21168.822344   -219.351150  6  8  4 118       
PG12 -10427.373981 -23561.479472   6529.204607     92.888090  5  7  5 101       
PG13   9584.420944 -20684.842275 -13661.329695     27.306356  3  7  4 104       
PG14 -18794.636477  18615.700127    830.432653      1.832503  5  3     79       
PG15  -2803.004739 -19337.752610 -18146.308816   -217.113583  4  5  5 102       
PG16   -445.546856  24714.717638   8879.554181   -183.554249  5  5  4  84       
PG17  21150.129057 -13902.234527  -7554.801631    296.878165  5  5  2  73       
PG18 -25967.606750  -5616.560647   -748.172224    247.798251  3  4  4  36       
PG19  20064.610448 -17354.512718   -904.843066   -131.181235  5  7  4  76       
PG20 -18211.831842  -6497.535143 -18381.967870    527.272559  4  2  6 105       
PG21 -20610.971371   7240.795634 -14175.977741     24.446201  2  4  5  89       
PG22   9915.112826  24709.286850   -768.447777   -771.582957  6  5  6 127       
PG23 -16634.193057  -4833.556411 -20161.769295 999999.999999
PG24 -15220.249240 -14581.108487 -16575.370017    -15.749157  4  4  5  72       
PG25 -15720.146296 -15587.663511  14626.734273     24.038020  4  7  5  86       
PG26  -8321.387883  16681.561797  18800.684432    244.492121  1  4  5 108       
PG27 -10309.968327  22024.319042 -10413.807878   -347.479683  5  6  5  87       
PG28  13345.990279  -6563.619994 -21439.533370    698.951163  4  6  1 102       
PG29 -14936.310401  -5194.963236  21303.061011   -151.738157  4  5  6 100       
PG30  24422.063786  -1910.523621 -10483.246309   -263.330936  4  5  3  75       
PG31 -17920.051193   8594.509430  17790.788460    -56.024039  4  6  5  90       
PG32 -20368.890589  15212.651665  -7334.492852    318.021050  4  4  3  61       
*  2020  7 16 19 30  0.00000000
PG01  15039.468208  13974.575582 -17268.712650     26.098394  5  7  5  99       
PG02   8284.532515 -14397.365691  21359.066729   -488.228691  4  5  5 110       
PG03  12365.522836  23189.894505   4155.506710   -241.707976  7  8  5  86       
PG04   8029.789619  13663.579757  21320.649011   -113.239438  5  6  8  83       
PG05    789.786034 -22522.568933  13754.181069    -16.803695  6  7  6 110       
PG06  20607.550516  -7311.779629  15155.317583   -303.905792  5  3  4  95       
PG07  26023.567014   6038.606273   2794.209985   -328.734250  4  4  6  52       
PG08  -1791.887290  20793.395751 -16263.843915    -41.188542  4  8  4 100       
PG09  16685.538278   2157.790285  20506.307979   -254.713728  5  4  2  97       
PG10 -14907.055767   3085.286741 -21692.614015   -401.446863  4  1  6 105       
PG11   4907.737132  15733.676402 -21320.913543   -219.341658  6  8  4 104       
PG12 -10409.815304 -24201.256807   3727.934246     92.883586  5  7  5  98       
PG13  10758.314540 -21496.964100 -11301.288126     27.309368  4  8  4  89       
PG14 -18913.186553  18347.662556  -2034.090663      1.834959  5  2  2  85       
PG15  -1536.195926 -20835.481938 -16504.419325   -217.111025  4  5  5 107       
PG16   -963.707672  23606.788225  11460.372940   -183.558780  5  5  5  81       
PG17  20551.191047 -12997.258854 -10209.524323    296.883196  5  5  2  68       
PG18 -25841.686023  -5838.832957   2111.544238    247.806638  3  4  3  48       
PG19  20031.732373 -17050.218105  -3788.404463   -131.176495  6  6  4  48       
PG20 -18987.003390  -8347.972439 -16794.844026    527.272272  3  2  6  99       
PG21 -22188.858216   6813.124424 -11918.622965     24.451097  1  3  4  71       
PG22   9506.340655  24603.355275  -3542.065731   -771.580661  6  5  6 122       
PG23 -17342.199894  -6950.829129 -18905.586745 999999.999999
PG24 -13263.964786 -14526.109782 -18209.209825    -15.751008  4  3  6  83       
PG25 -16085.855232 -17127.012661  12394.893621     24.041869  5  7  5  63       
PG26  -9286.765711  14657.624673  20014.739009    244.498189     4  5 117       
PG27 -11131.193488  22678.527394  -7765.598881   -347.488364  5  5  5  67       
PG28  14008.270649  -4064.703114 -21617.720516    698.948017  4  6     89       
PG29 -13243.371868  -6999.260150  21893.487881   -151.745785  4  6  6 102       
PG30  25401.226497  -1423.267036  -7959.187222   -263.337804  4  5  3  80       
PG31 -19779.371694   8067.106178  16022.696783    -56.026303  4  6  5  83       
PG32 -19926.741585  14274.669082  -9952.144246    318.026561  4  5  3  85       
*  2020  7 16 19 45  0.00000000
PG01  13029.382129  13829.357806 -18931.305079     26.102008  5  7  5  99       
PG02  10542.104515 -14230.227569  20423.418427   -488.233490  4  5  4  97       
PG03  12283.583649  23574.919340   1317.087785   -241.718367  7  8  5  90       
PG04   6495.932654  15504.533857  20567.257693   -113.243536  5  7  7  83       
PG05   1728.501599 -21060.388721  15826.134515    -16.804019  6  7  6  93       
PG06  22175.939324  -6988.695335  12926.141090   -303.910379  5  3  4  89       
PG07  25562.358563   6217.110845   5552.978231   -328.742243  4  4  6  72       
PG08  -2953.698323  22117.429838 -14196.546936    -41.189373  4  7  4  98       
PG09  15353.659089   4155.797002  21223.437176   -254.719525  5  4  2  99       
PG10 -15877.749201    813.865194 -21225.933611   -401.456482  3  2  5 106       
PG11   2708.338305  16547.295416 -21121.723128   -219.331988  6  8  4  84       
PG12 -10322.722794 -24537.203819    862.817971     92.879023  5  7  4  79       
PG13  11695.542716 -22169.998679  -8746.814729     27.312220  3  7  4 108       
PG14 -18833.253705  17840.201889  -4863.045065      1.837690  5  2  2  91       
PG15   -439.301756 -22221.779195 -14580.584216   -217.108846  4  6  5 105       
PG16  -1630.332198  22257.395634  13837.112562   -183.563123  5  5  5  98       
PG17  19815.019180 -11831.711582 -12684.735426    296.888517  5  5  1  87       
PG18 -25409.142987  -6022.501099   4934.987098    247.814993  3  4  2  84       
PG19  19796.103564 -16508.338138  -6606.914609   -131.172009  6  6  3  87       
PG20 -19751.022752  -9991.392526 -14922.824474    527.272663  3  2  6  88       
PG21 -23508.924506   6481.380618  -9444.902059     24.455055     3  4  76       
PG22   8945.151419  24245.537480  -6255.059738   -771.578402  6  5  6  90       
PG23 -18092.808396  -8882.647868 -17324.797049 999999.999999
PG24 -11140.917416 -14558.219622 -19538.184898    -15.751413  4  3  6  74       
PG25 -16428.491765 -18398.571448   9949.839261     24.045708  5  7  4  67       
PG26 -10400.470505  12578.820017  20881.631846    244.504279     4  4  98       
PG27 -11733.133225  23127.225940  -4981.770165   -347.497071  5  4  5  80       
PG28  14801.793776  -1604.995548 -21403.008774    698.944704  3  7     89       
PG29 -11623.919614  -8930.342345  22105.810555   -151.753094  4  6  6  81       
PG30  26114.626812  -1029.104768  -5299.617740   -263.344686  4  5  3  56       
PG31 -21449.210900   7669.549745  13983.230905    -56.028246  4  6  5  81       
PG32 -19362.820034  13083.068434 -12396.469560    318.032166  4  5  3  96       
*  2020  7 16 20  0  0.00000000
PG01  10845.101401  13787.928015 -20277.541793     26.105552  6  7  5  94       
PG02  12686.924421 -14181.091595  19154.394963   -488.238951  4  5  3 104       
PG03  12076.117648  23676.659191  -1543.868452   -241.728766  8  8  4 100       
PG04   5119.541159  17336.433319  19460.081075   -113.247628  5  7  7  87       
PG05   2845.973241 -19454.476702  17620.783069    -16.805634  6  6  6 108       
PG06  23495.331309  -6765.624017  10475.565705   -303.914991  5  3  4  96       
PG07  24810.134715   6398.845642   8219.625485   -328.749992  4  5  6  97       
PG08  -3912.570537  23289.992640 -11881.802499    -41.190274  4  7  4  80       
PG09  14092.478001   6270.204769  21573.820929   -254.725311  5  4  2 102       
PG10 -16932.491331  -1335.041792 -20392.355626   -401.466138  3  2  5  95       
PG11    588.383346  17443.626968 -20575.287409   -219.322705  6  8  3  98       
PG12 -10128.365206 -24577.875265  -2017.048377     92.874826  5  7  3  81       
PG13  12404.558092 -22664.050465  -6041.607489     27.315270  3  7  4  97       
PG14 -18587.264355  17074.803539  -7606.673903      1.839796  5  1  2  85       
PG15    491.059700 -23454.933591 -12406.463116   -217.106480  4  6  5 107       
PG16  -2465.577729  20705.617372  15967.446805   -183.567173  5  5  5  96       
PG17  18984.215948 -10404.968690 -14935.979406    296.893612  5  5  1  61       
PG18 -24672.880843  -6205.290304   7673.636222    247.823342  5  5  3  94       
PG19  19394.307945 -15712.656821  -9312.368573   -131.167426  6  6  3  61       
PG20 -20466.127462 -11411.021573 -12797.846214    527.272187  2  4  6  91       
PG21 -24545.083146   6215.341153  -6800.843416     24.458924     3  4  57       
PG22   8206.885144  23660.984814  -8860.727709   -771.576187  6  4  6 125       
PG23 -18850.046575 -10600.844003 -15446.476107 999999.999999
PG24  -8889.965909 -14696.047863 -20539.569371    -15.752372  5  2  6  69       
PG25 -16708.784981 -19392.637077   7334.225788     24.049592  5  8  3  74       
PG26 -11652.415523  10491.497903  21386.918855    244.510412     4  3  94       
PG27 -12136.607335  23336.017051  -2110.724380   -347.505757  5  4  5  76       
PG28  15706.897237    765.395324 -20799.023447    698.941176  3  7     94       
PG29 -10113.144973 -10951.100013  21936.228710   -151.760624  4  7  6  90       
PG30  26543.460106   -696.910535  -2549.914700   -263.351634  3  6  3  50       
PG31 -22893.849099   7379.992466  11707.611985    -56.030649  4  6  5  54       
PG32 -18717.642302  11640.101985 -14624.849571    318.037681  4  5  3  92       
*  2020  7 16 20 15  0.00000000
PG01   8528.576895  13870.703588 -21284.578151     26.109106  6  7  4  96       
PG02  14678.045745 -14232.175228  17571.552508   -488.243811  4  5  2  99       
PG03  11709.889278  23512.837373  -4378.448045   -241.739127  8  8  4  84       
PG04   3914.197653  19113.918720  18018.053046   -113.251739  5  7  7  84       
PG05   4143.358223 -17749.736622  19106.743593    -16.805848  6  6  6 106       
PG06  24537.568187  -6610.808194   7845.499118   -303.919544  4  4  3  93       
PG07  23779.878212   6619.219794  10750.220330   -328.757840  4  5  6  89       
PG08  -4678.481359  24269.161376  -9359.710633    -41.192360  5  6  4  93       
PG09  12931.097633   8462.301341  21551.331996   -254.731103  5  5  2 101       
PG10 -18039.675921  -3324.569020 -19207.051509   -401.475741  4  3  5 102       
PG11  -1416.989001  18399.424221 -19691.066727   -219.313247  6  7  3 102       
PG12  -9792.026138 -24340.321094  -4862.603839     92.870386  5  7  4 102       
PG13  12901.713294 -22943.148607  -3232.116992     27.318138  3  7  3  91       
PG14 -18211.870028  16041.095377 -10216.370184      1.842646  5  2  3  95       
PG15   1265.556268 -24495.881535 -10018.335393   -217.104231  4  6  5  95       
PG16  -3481.874534  18995.636229  17813.606806   -183.571339  5  6  5 102       
PG17  18102.371236  -8725.835491 -16922.514296    296.898655  5  6  1  88       
PG18 -23644.612891  -6423.973198  10280.408108    247.831732  6  5  3  97       
PG19  18866.579066 -14655.151143 -11859.026770   -131.162893  6  6  3  68       
PG20 -21093.415188 -12597.947147 -10456.030101    527.272317  2  5  6  88       
PG21 -25279.998668   5981.041720  -4035.025218     24.463110     3  5  63       
PG22   7272.898193  22880.632854 -11313.960644   -771.573467  6  4  6 126       
PG23 -19574.640895 -12084.927567 -13302.812724 999999.999999
PG24  -6553.606132 -14951.422984 -21195.919751    -15.752208  4  2  6  55       
PG25 -16887.584385 -20108.338147   4593.315747     24.053453  5  8  3  78       
PG26 -13024.825761   8440.187752  21522.492594    244.516602     4  2  85       
PG27 -12369.178464  23276.950479    797.347866   -347.514433  5  4  5  82       
PG28  16696.322045   3000.639106 -19816.852334    698.938077  3  6  1  96       
PG29  -8739.626043 -13019.054864  21387.563392   -151.768122  5  7  6  96       
PG30  26676.747284   -392.796407    243.119513   -263.358526  3  6  3  74       
PG31 -24083.677208   7170.856907   9234.774392    -56.033036  4  6  6           
PG32 -18031.999475   9956.722875 -16598.461956    318.043220  4  6  3 104       
*  2020  7 16 20 30  0.00000000
PG01   6125.609341  14090.675956 -21935.032548     26.112667  6  6  4  96       
PG02  16478.694492 -14359.178431  15699.521016   -488.248897  4  5  2  96       
PG03  11156.482641  23108.585340  -7138.262041   -241.749266  8  8  3  67       
PG04   2885.288424  20791.064569  16265.881928   -113.255914  5  8  6  85       
PG05   5613.495081 -15992.070443  20258.155017    -16.806488  6  6  5 111       
PG06  25282.449710  -6488.428946   5080.946892   -303.924098  4  4  3  65       
PG07  22492.133606   6910.909156  13103.170907   -328.765452  4  5  6 100       
PG08  -5269.153573  25017.439873  -6674.129727    -41.193861  5  6  4  75       
PG09  11891.968427  10688.971582  21156.311977   -254.736873  5  5  2  96       
PG10 -19162.700661  -5124.557310 -17691.191953   -401.485549  5  4  5  99       
PG11  -3277.506550  19386.225248 -18483.781141   -219.303770  6  7  3  87       
PG12  -9283.488773 -23849.313779  -7625.631887     92.865960  5  6  4  83       
PG13  13210.462081 -22976.728730   -366.754312     27.321369  3  7  4  96       
PG14 -17746.394338  14737.496714 -12645.609157      1.845400  5  3  3  72       
PG15   1901.595949 -25309.708386  -7456.558087   -217.101683  4  6  5  84       
PG16  -4683.231417  17175.021428  19343.109497   -183.575684  5  6  6  98       
PG17  17212.263494  -6812.471258 -18608.153898    296.903856  5  6  2  89       
PG18 -22344.485440  -6712.761970  12710.463895    247.840139  7  6  4  93       
PG19  18255.136704 -13336.406339 -14204.144478   -131.158340  6  6  2  90       
PG20 -21594.366087 -13551.255823  -7937.089838    527.272142  2  6  6  72       
PG21 -25705.560580   5742.413514  -1197.521545     24.467051     3  5  65       
PG22   6131.518437  21939.997263 -13572.036449   -771.571275  6  3  5 121       
PG23 -20225.572052 -13322.684133 -10930.564558 999999.999999
PG24  -4176.576316 -15328.850648 -21495.386854    -15.752002  4  2  6  75       
PG25 -16927.479093 -20553.450901   1774.185719     24.057280  6  7  2  33       
PG26 -14492.822520   6466.032561  21286.680523    244.522684     3  2  73       
PG27 -12463.896379  22929.747954   3691.386080   -347.523109  5  5  5  87       
PG28  17736.312905   5060.870719 -18474.804134    698.934886  3  6  2 102       
PG29  -7524.342730 -15087.852992  20469.215296   -151.775793  5  8  6 103       
PG30  26511.716087    -81.602889   3032.027906   -263.365417  3  6  4  93       
PG31 -24996.171748   7010.062909   6606.713209    -56.035448  5  6  6  33       
PG32 -17345.285657   8052.351369 -18282.982271    318.048754  4  6  4  93       
*  2020  7 16 20 45  0.00000000
PG01   3684.330739  14452.835349 -22217.286961     26.116233  6  6  4  95       
PG02  18057.484556 -14532.199278  13567.746985   -488.254014  4  5  3  92       
PG03  10393.563138  22495.390869  -9776.253804   -241.759441  8  8  3  76       
PG04   2029.967427  22323.056211  14233.633386   -113.260087  5  8  6  81       
PG05   7241.005267 -14226.651553  21055.142619    -16.807033  6  6  4 111       
PG06  25718.431674  -6360.158846   2229.255293   -303.928646  4  4  4  80       
PG07  20974.308495   7302.502152  15239.813432   -328.773437  4  5  6 105       
PG08  -5709.163032  25503.243387  -3871.890157    -41.195133  5  5  4  85       
PG09  10990.111794  12904.191362  20395.568587   -254.742565  5  5  2  90       
PG10 -20261.377142  -6712.487542 -15871.530697   -401.495139  5  4  5  88       
PG11  -4968.668699  20371.360041 -16973.190419   -219.294012  6  7  3  84       
PG12  -8578.342094 -23136.304858 -10259.538692     92.861494  5  5  4  98       
PG13  13360.283628 -22740.924178   2504.946504     27.324302  3  7  4  86       
PG14 -17231.163759  13171.523001 -14850.862011      1.847931  5  3  3  82       
PG15   2422.504811 -25867.026469  -4764.927455   -217.099683  4  6  5  87       
PG16  -6064.898985  15292.886999  20529.365765   -183.579650  5  6  6  99       
PG17  16354.086486  -4691.927586 -19962.033090    296.908650  5  5  3  69       
PG18 -20800.387380  -7101.803208  14921.980142    247.848560  8  6  5  96       
PG19  17602.479749 -11765.707906 -16308.632707   -131.153685  6  6  2  96       
PG20 -21932.361731 -14277.876101  -5283.688074    527.272043  2  6  6  78       
PG21 -25822.972212   5462.970394   1661.127924     24.471392     2  5  55       
PG22   4778.741068  20877.794257 -15595.388802   -771.569035  6  3  5 119       
PG23 -20761.712412 -14310.456975  -8370.435066 999999.999999
PG24  -1804.375118 -15825.249101 -21431.954318    -15.751631  5  3  6  93       
PG25 -16794.342505 -20743.899355  -1075.075870     24.061106  6  7  3  73       
PG26 -16025.291654   4605.372527  20684.228087    244.528798  2  2  3  92       
PG27 -12457.816660  22282.737530   6520.410022   -347.531805  4  5  5  96       
PG28  18788.012816   6913.612267 -16797.989081    698.931567  3  5  3  75       
PG29  -6479.997330 -17108.919143  19197.006170   -151.783425  5  8  6  99       
PG30  26053.886355    271.566261   5769.475189   -263.372305  4  6  4  89       
PG31 -25616.613353   6862.416147   3867.800471    -56.037579  5  6  6  77       
PG32 -16693.895346   5954.309028 -19649.199279    318.054266  3  6  4  95       
*  2020  7 16 21  0  0.00000000
PG01   1253.596560  14953.895522 -22125.712819     26.119837  6  5  4  66       
PG02  19389.468850 -14716.873043  11210.166482   -488.259130  4  6  3  65       
PG03   9405.909977  21709.819264 -12247.480175   -241.769692  8  7  3  67       
PG04   1337.444581  23667.837755  11956.219704   -113.264234  5  8  5  86       
PG05   9002.730515 -12496.243480  21484.163083    -16.807762  7  6  4 113       
PG06  25843.004979  -6186.818931   -660.688226   -303.933226  4  5  4  85       
PG07  19259.747090   7817.301243  17124.958892   -328.781136  4  6  6  93       
PG08  -6028.769644  25702.164477  -1001.945156    -41.196532  5  5  4  83       
PG09  10232.644611  15060.642282  19282.258123   -254.748341  4  5  2  92       
PG10 -21293.481862  -8074.112910 -13779.899861   -401.504727  6  5  5  79       
PG11  -6472.449451  21319.114412 -15183.819933   -219.284089  6  6  3  67       
PG12  -7659.062513 -22238.153273 -12720.090252     92.857350  5  5  4  92       
PG13  13385.370675 -22219.613662   5333.196660     27.327364  3  6  4  88       
PG14 -16705.791852  11359.726083 -16792.466859      1.850576  5  4  3  67       
PG15   2856.454687 -26145.170749  -1989.950377   -217.097301  4  6  5  79       
PG16  -7613.403716  13398.007889  21352.154581   -183.583822  5  6  6  84       
PG17  15563.779731  -2399.312649 -20959.272478    296.913769  5  5  3  82       
PG18 -19046.972357  -7615.834289  16876.869151    247.856965  8  7  6  72       
PG19  16949.699505  -9960.812475 -18137.644280   -131.148829  6  6  3 103       
PG20 -22074.145021 -14792.133343  -2540.748034    527.271959  3  7  6  67       
PG21 -25642.469112   5107.469866   4490.896339     24.475331     2  6  64       
PG22   3218.633021  19734.437241 -17348.335716   -771.566335  6  3  5 124       
PG23 -21143.482032 -15053.103861  -5666.381421 999999.999999
PG24    518.256689 -16429.974768 -21005.597700    -15.751744  5  3  6  76       
PG25 -16458.745879 -20702.964245  -3906.166262     24.064915  6  7  4  83       
PG26 -17585.999377   2888.530916  19726.170098    244.534951  3  3  3  83       
PG27 -12390.354378  21333.454931   9234.480429   -347.540502  4  5  5 103       
PG28  19809.084950   8534.864671 -14817.737469    698.928660  2  5  4  47       
PG29  -5610.667058 -19033.208320  17592.905792   -151.790798  6  8  6  96       
PG30  25316.857229    699.821897   8409.018662   -263.379211  4  6  4  81       
PG31 -25938.526808   6691.106536   1064.079186    -56.039544  5  7  5  64       
PG32 -16109.754834   3696.943235 -20673.532390    318.059785  3  6  5 101       
*  2020  7 16 21 15  0.00000000
PG01  -1118.656418  15582.331715 -21660.817022     26.123352  6  5  4  81       
PG02  20456.986737 -14875.703317   8664.803252   -488.264282  5  6  4  78       
PG03   8186.180828  20792.056645 -14509.854860   -241.780021  7  7  3  74       
PG04    789.587198  24787.667488   9472.803644   -113.268407  4  8  4  94       
PG05  10868.487278 -10839.632417  21538.224367    -16.808374  7  6  3 108       
PG06  25662.740574  -5930.075908  -3539.284094   -303.937768  4  5  5  57       
PG07  17386.607668   8472.318979  18727.395685   -328.788820  4  6  6  95       
PG08  -6262.519370  25597.967028   1885.523320    -41.197561  4  5  4  81       
PG09   9618.623348  17111.384690  17835.655100   -254.754109  4  5  3  90       
PG10 -22216.387234  -9203.769716 -11452.628311   -401.514243  7  5  5  67       
PG11  -7777.776246  22192.013693 -13144.633191   -219.274998  6  6  3  80       
PG12  -6515.833882 -21195.675039 -14966.100053     92.852920  6  4  4  63       
PG13  13323.132368 -21405.181190   8068.835446     27.330275  3  6  4  87       
PG14 -16207.490589   9327.265990 -18435.433094      1.853014  5  4  4  79       
PG15   3235.178602 -26129.158445    819.964390   -217.095248  4  6  5 104       
PG16  -9306.948547  11536.975153  21797.954116   -183.588057  4  5  7  87       
PG17  14871.537881     23.388436 -21581.520843    296.918845  5  5  4  62       
PG18 -17124.430618  -8273.054088  18541.436369    247.865388  8  7  6  84       
PG19  16334.874715  -7947.410936 -19661.080967   -131.144553  6  6  4  72       
PG20 -21991.167493 -15115.033486    245.270410    527.271759  5  7  6  86       
PG21 -25182.697167   4643.478015   7243.174080     24.479497  1  2  6  77       
PG22   1463.424865  18550.467391 -18799.752213   -771.564400  6  2  5 124       
PG23 -21334.459187 -15563.630281  -2864.864725 999999.999999
PG24   2748.837601 -17125.141839 -20222.358179    -15.751914  5  3  5  78       
PG25 -15897.190610 -20460.235403  -6671.349720     24.068677  6  6  5  70       
PG26 -19134.910471   1338.846216  18429.595820    244.541103  4  3  4  84       
PG27 -12301.541612  20088.883217  11785.647641   -347.549155  3  6  5  96       
PG28  20755.483997   9909.823363 -12570.878148    698.924995  2  5  5  27       
PG29  -4911.801819 -20812.986623  15684.649175   -151.798484  6  8  5 111       
PG30  24321.804834   1233.036651  10905.863212   -263.386096  4  6  4  97       
PG31 -25963.830173   6459.262181  -1757.456541    -56.042057  6  6  5  75       
PG32 -15619.046725   1320.477238 -21338.441406    318.065328  3  6  5  93       
*  2020  7 16 21 30  0.00000000
PG01  -3387.029557  16318.735005 -20829.302759     26.126852  6  5  4  78       
PG02  21250.272374 -14969.545739   5973.287318   -488.269490  5  6  4  80       
PG03   6735.380074  19784.330725 -16524.843239   -241.790272  7  7  3  74       
PG04    361.811054  25650.520537   6826.126747   -113.272550  5  8  4  75       
PG05  12802.106279  -9290.236310  21216.977732    -16.808809  7  6  3 105       
PG06  25192.997708  -5554.113934  -6357.065715   -303.942327  5  5  5  84       
PG07  15396.580890   9277.501665  20020.345841   -328.796602  5  6  6  85       
PG08  -6447.675007  25183.266816   4740.024586    -41.199521  3  5  4  79       
PG09   9139.213403  19011.524093  16080.813228   -254.759856  4  5  3  89       
PG10 -22988.709663 -10104.359564  -8929.895103   -401.523720  7  5  5  80       
PG11  -8880.768489  22952.185582 -10888.651046   -219.265230  6  5  3  81       
PG12  -5147.078805 -20052.068864 -16960.060268     92.848520  5  3  3  91       
PG13  13212.570779 -20298.955253  10664.210636     27.333128  3  5  4  96       
PG14 -15769.482816   7107.127310 -19750.156222      1.855521  5  4  4  94       
PG15   3592.522634 -25812.366552   3615.381370   -217.092706  4  5  5  94       
PG16 -11116.159004   9752.468141  21860.125971   -183.592422  5  5  7  65       
PG17  14300.567191   2528.789745 -21817.357284    296.923778  4  5  4  55       
PG18 -15077.057199  -9084.252575  19886.963480    247.873821  8  7  6  75       
PG19  15791.604913  -5758.307480 -20854.019101   -131.140077  6  6  4  77       
PG20 -21660.774229 -15273.301855   3027.120962    527.271737  5  8  6  87       
PG21 -24469.793230   4042.778055   9871.583446     24.483478  1  1  6  66       
PG22   -466.718935  17364.979754 -19923.671565   -771.561780  6  2  4 123       
PG23 -21302.882803 -15862.513312    -14.054987 999999.999999
PG24   4848.575729 -17886.229503 -19094.325040    -15.751494  5  2  5  80       
PG25 -15093.116822 -20050.350188  -9324.212719     24.072485  6  5  6  86       
PG26 -20629.656607    -28.015612  16817.314770    244.547246  5  3  4  80       
PG27 -12230.262701  18565.317964  14128.865195   -347.557801  2  6  5  94       
PG28  21583.293237  11033.192560 -10098.903943    698.921873  3  5  6  36       
PG29  -4370.566789 -22403.571895  13505.250806   -151.806254  6  8  5 107       
PG30  23096.709216   1896.515422  13217.590244   -263.392978  4  6  4  92       
PG31 -25702.690156   6131.503527  -4549.587492    -56.044409  6  6  5  58       
PG32 -15241.178315  -1130.367986 -21632.721402    318.070852  3  6  5  99       
*  2020  7 16 21 45  0.00000000
PG01  -5510.201380  17136.475516 -19644.039888     26.130260  6  4  4  89       
PG02  21767.794269 -14959.197325   3180.290817   -488.274394  5  6  4  87       
PG03   5063.013053  18729.268591 -18258.098635   -241.800665  6  6  3  81       
PG04     24.226208  26231.284157   4061.773423   -113.276723  5  8  3 101       
PG05  14762.713625  -7874.945052  20526.682527    -16.809397  7  6  3 103       
PG06  24457.305731  -5027.215832  -9065.546510   -303.946849  6  5  6  72       
PG07  13333.490546  10235.207080  20981.872029   -328.804524  4  6  6  96       
PG08  -6622.540996  24459.870238   7511.685074    -41.200329  2  5  4  75       
PG09   8778.176270  20719.806244  14048.123961   -254.765617  4  5  3  85       
PG10 -23571.912278 -10787.008198  -6255.030382   -401.533283  8  6  5  72       
PG11  -9784.726229  23562.758698  -8452.517141   -219.255616  5  5  3  69       
PG12  -3559.684485 -18851.275445 -18668.710736     92.844165  5  3  3  79       
PG13  13092.596006 -18911.306918  13074.038808     27.336251  3  5  4  87       
PG14 -15419.586423   4739.009969 -20713.022435      1.858008  5  5  5  98       
PG15   3962.892212 -25196.891718   6346.762493   -217.090582  4  5  4  94       
PG16 -13005.138792   8081.714486  21538.953442   -183.596504  5  5  7  67       
PG17  13866.146374   5065.814802 -21662.539484    296.929408  3  5  4  68       
PG18 -12951.671031 -10052.233932  20890.207021    247.882273  8  6  5  77       
PG19  15347.732416  -3432.347237 -21697.052401   -131.135378  6  6  5  77       
PG20 -21067.182042 -15298.212095   5757.537642    527.271471  6  8  6  92       
PG21 -23536.220053   3282.573664  12332.694184     24.487359  1  2  6  87       
PG22  -2544.247466  16214.108106 -20699.800342   -771.559382  6  2  4 126       
PG23 -21022.988102 -15976.742329   2836.995702 999999.999999
PG24   6783.674853 -18682.960026 -17639.521714    -15.752833  6  2  5  96       
PG25 -14037.654674 -19511.566870 -11820.384415     24.076288  6  4  6 100       
PG26 -22027.097619  -1204.446187  14917.431530    244.553408  6  3  4  64       
PG27 -12212.542701  16787.861783  16222.846117   -347.566441  2  6  5  81       
PG28  22250.542844  11909.093633  -7447.054095    698.918498  3  5  6  71       
PG29  -3966.515647 -23764.966244  11092.424738   -151.814040  7  8  5 109       
PG30  21675.338823   2709.838723  15304.850698   -263.399921  4  6  4  96       
PG31 -25173.090468   5675.442994  -7265.594149    -56.046526  6  6  5  45       
PG32 -14988.034163  -3607.924731 -21551.678307    318.076404  3  6  6  94       
*  2020  7 16 22  0  0.00000000
PG01  -7452.329597  18002.656056 -18123.939999     26.133714  6  4  4  74       
PG02  22016.303585 -14807.037362    332.879943   -488.279586  5  7  4  87       
PG03   3186.920082  17668.252966 -19680.030873   -241.811074  6  6  4  96       
PG04   -257.007375  26512.698959   1227.383520   -113.280858  5  8  3  94       
PG05  16706.200352  -6613.235941  19480.047371    -16.810420  7  6  3  99       
PG06  23486.442245  -4323.191773 -11618.054521   -303.951360  6  5  6  69       
PG07  11241.821932  11339.955447  21595.231885   -328.812400  5  6  6  79       
PG08  -6824.751968  23438.757433  10152.159911    -41.201202  1  5  4  92       
PG09   8512.654577  22200.079035  11772.780803   -254.771390  4  5  3  83       
PG10 -23931.802635 -11270.418038  -3473.776065   -401.542858  8  6  5  44       
PG11 -10499.866410  23989.251426  -5876.009103   -219.246338  5  5  3  55       
PG12  -1768.917007 -17636.329418 -20063.540896     92.839740  5  3  3  70       
PG13  13000.347912 -17261.400272  15256.227901     27.339181  3  4  4 100       
PG14 -15179.033558   2267.939978 -21306.885403      1.860546  5  5  5  82       
PG15   4379.657706 -24293.569845   8965.419402   -217.088117  4  5  4  93       
PG16 -14932.785966   6555.198333  20841.539190   -183.600693  6  4  8  71       
PG17  13575.034851   7581.566589 -21120.089816    296.934214  3  5  5  70       
PG18 -10795.945318 -11171.556521  21533.803755    247.890723  7  6  5  63       
PG19  15024.295751  -1013.132787 -22176.551617   -131.130762  6  6  6  70       
PG20 -20202.213578 -15224.247943   8390.007819    527.271537  6  8  6  80       
PG21 -22419.412704   2346.450502  14586.636030     24.491499  1  3  6  89       
PG22  -4735.071278  15129.630610 -21113.933710   -771.556194  6  2  4 129       
PG23 -20476.122950 -15938.613842   5639.197636 999999.999999
PG24   8526.465658 -19480.420425 -15881.691079    -15.754125  6  3  4 101       
PG25 -12730.094363 -18884.226203 -14118.215105     24.080035  5  3  6  85       
PG26 -23284.915923  -2190.966264  12762.838934    244.559472  7  3  4  62       
PG27 -12279.962339  14789.568660  18030.841212   -347.575085  2  6  5  73       
PG28  22718.929083  12550.583346  -4663.344991    698.915360  4  5  6  89       
PG29  -3672.567139 -24863.316693   8487.921250   -151.821755  7  7  4 107       
PG30  20096.029383   3685.922364  17132.012693   -263.406814  5  6  4  89       
PG31 -24400.129033   5063.077478  -9859.973307    -56.049016  6  6  4  64       
PG32 -14863.541120  -6063.240535 -21097.183520    318.081946  3  6  6  90       
*  2020  7 16 22 15  0.00000000
PG01  -9184.262638  18879.326769 -16293.732016     26.137213  5  4  4  57       
PG02  22010.577735 -14478.659919  -2520.215270   -488.284943  6  6  4  64       
PG03   1132.795815  16639.838446 -20766.298934   -241.821454  6  5  4  88       
PG04   -518.167725  26486.009063  -1628.172819   -113.284978  5  8  3  99       
PG05  18586.820329  -5516.596400  18095.954091    -16.811228  7  6  3  93       
PG06  22317.242214  -3422.598884 -13970.540097   -303.955903  7  5  7  71       
PG07   9165.225752  12578.465065  21849.175390   -328.819847  5  6  5  83       
PG08  -7089.596119  22139.711177  12615.510599    -41.201964  2  5  4  77       
PG09   8314.223202  23422.564587   9294.159379   -254.777220  4  4  2  82       
PG10 -24039.870515 -11579.942337   -633.518536   -401.552437  8  6  5  79       
PG11 -11042.811543  24200.904568  -3201.495255   -219.236312  5  5  3  38       
PG12    201.971606 -16447.762349 -21121.220610     92.835831  5  3  3  93       
PG13  12969.592894 -15376.602977  17172.644774     27.342315  3  4  4  83       
PG14 -15061.577558   -257.340798 -21521.401842      1.863107  5  6  5  88       
PG15   4873.588286 -23121.647612  11424.470503   -217.085833  4  5  4  89       
PG16 -16854.310944   5195.664541  19781.571486   -183.605220  8  5  8  39       
PG17  13425.254718  10023.274993 -20200.216853    296.939613  3  6  5  89       
PG18  -8656.713018 -12428.600832  21806.575569    247.899223  7  6  5  83       
PG19  14834.748754   1452.424039 -22284.841261   -131.126110  6  6  6  98       
PG20 -19065.758340 -15087.646891  10879.540830    527.271342  6  7  6  92       
PG21 -21160.295873   1225.071617  16597.609062     24.495627  2  3  6  98       
PG22  -6999.680561  14137.754349 -21158.259207   -771.554118  5  3  4  92       
PG23 -19651.600753 -15784.327305   8344.270877 999999.999999
PG24  10056.316402 -20240.390301 -13849.977155    -15.754332  6  3  4 101       
PG25 -11178.060627 -18209.157133 -16179.406484     24.083847  5  3  6  68       
PG26 -24363.183875  -2995.984833  10390.639685    244.565560  7  4  4  66       
PG27 -12458.267032  12610.274224  19521.321029   -347.583772  3  6  4  78       
PG28  22955.362016  12978.815565  -1797.579706    698.911991  5  5  6  69       
PG29  -3456.245587 -25672.147058   5736.792407   -151.828977  8  7  4 104       
PG30  18400.301428   4830.329366  18667.754600   -263.413694  5  6  3  82       
PG31 -23415.068617   4272.024690 -12289.139613    -56.051085  6  6  4  80       
PG32 -14863.561118  -8447.785326 -20277.608527    318.087508  3  6  6  87       
*  2020  7 16 22 30  0.00000000
PG01 -10684.512258  19724.920861 -14183.635424     26.140671  5  4  4  56       
PG02  21772.856484 -13944.433808  -5329.407913   -488.290134  6  7  4  71       
PG03  -1066.589113  15678.286894 -21498.220459   -241.831938  5  5  4  83       
PG04   -796.361887  26151.295510  -4455.643373   -113.289144  5  8  4  83       
PG05  20358.852147  -4588.272897  16399.073185    -16.811915  7  5  3  96       
PG06  20991.183185  -2313.703034 -16082.342413   -303.960369  7  5  7  31       
PG07   7145.047101  13929.975777  21738.180121   -328.827783  5  6  5  87       
PG08  -7448.442583  20590.607917  14859.030409    -41.203141  3  5  4  87       
PG09   8150.164185  24364.892481   6655.124839   -254.783003  4  4  2  81       
PG10 -23874.417551 -11746.418440   2217.494862   -401.561995  8  6  5  86       
PG11 -11435.843401  24171.911345   -473.337356   -219.227256  5  5  2  48       
PG12   2322.429070 -15322.112847 -21823.956355     92.830974  6  3  3  67       
PG13  13029.261401 -13291.578803  18789.811514     27.345334  3  4  3  76       
PG14 -15072.926808  -2786.136267 -21353.217156      1.865742  6  6  6  87       
PG15   5471.383661 -21708.114106  13679.777558   -217.083777  4  5  4  76       
PG16 -18722.890915   4017.452246  18378.971196   -183.609299  9  5  9  80       
PG17  13406.254585  12340.235836 -18920.075742    296.944685  3  6  5  86       
PG18  -6578.312271 -13801.963845  21703.728375    247.907691  6  6  5  74       
PG19  14784.470417   3915.664097 -22020.293970   -131.121455  6  6  6  92       
PG20 -17665.941090 -14924.879557  13183.421031    527.271184  6  7  6  70       
PG21 -19801.731017    -83.405947  18334.296308     24.499573  3  4  6  87       
PG22  -9294.491407  13258.130198 -20831.539540   -771.551225  5  4  5  72       
PG23 -18547.255771 -15552.436715  10905.580725 999999.999999
PG24  11360.283964 -20922.829102 -11578.502248    -15.756206  7  3  3  91       
PG25  -9397.387595 -17526.083342 -17969.588383     24.087640  5  3  6  68       
PG26 -25225.845719  -3635.258294   7841.507039    244.571648  7  5  4  82       
PG27 -12766.228546  10295.161881  20668.546326   -347.592413  4  6  4  77       
PG28  22933.281157  13221.895314   1099.635269    698.908425  5  5  6  84       
PG29  -3281.135513 -26173.313227   2886.600264   -151.836811  8  6  3 105       
PG30  16631.366594   6140.861223  19885.594804   -263.420582  5  6  3  82       
PG31 -22254.173445   3286.559201 -14512.105052    -56.053095  6  6  4  76       
PG32 -14976.113532 -10715.136859 -19107.642993    318.093029  3  6  6  78       
*  2020  7 16 22 45  0.00000000
PG01 -11939.945917  20495.861638 -11828.929838     26.144155  4  4  4  58       
PG02  21331.979935 -13180.923812  -8045.128243   -488.295107  7  7  5  72       
PG03  -3372.436309  14812.276880 -21863.091787   -241.842515  5  4  5  77       
PG04  -1127.883618  25517.479576  -7206.249923   -113.293345  4  9  5  80       
PG05  21978.259165  -3823.351397  14419.381453    -16.812739  7  5  4  94       
PG06  19552.800702   -993.143730 -17916.901034   -303.964850  7  5  7  79       
PG07   5218.929503  15366.854660  21262.618340   -328.835214  6  6  5  78       
PG08  -7927.337008  18826.401399  16844.000815    -41.204655  4  5  4  87       
PG09   7984.914387  25012.854611   3901.279524   -254.788825  4  4  2  79       
PG10 -23421.438517 -11804.805744   5030.944132   -401.571549  9  6  5  65       
PG11 -11705.942319  23882.499540   2262.758916   -219.217336  5  5  2  32       
PG12   4555.557212 -14290.595962 -22159.769651     92.826390  6  3  3  85       
PG13  13202.186345 -11047.097323  20079.515725     27.348071  4  4  3  62       
PG14 -15210.529147  -5267.632704 -20805.997602      1.868269  6  6  6  98       
PG15   6194.370331 -20086.716953  15690.835995   -217.081299  4  4  4  71       
PG16 -20491.391819   3026.176191  16659.433878   -183.613764 10  5  9  69       
PG17  13499.445004  14485.656794 -17303.376597    296.949567  4  6  5  80       
PG18  -4601.035159 -15263.165576  21226.941197    247.916144  5  6  6  76       
PG19  14870.580848   6327.802555 -21387.343223   -131.117015  6  5  7  71       
PG20 -16018.988422 -14771.121567  15261.933775    527.271039  6  6  6  67       
PG21 -18386.949723  -1573.195491  19770.185496     24.503821  4  5  5  81       
PG22 -11573.367494  12503.140323 -20139.167752   -771.549095  5  4  5  90       
PG23 -17169.678229 -15282.218530  13278.946449 999999.999999
PG24  12433.474968 -21487.467944  -9105.840990    -15.757540  7  3  3  89       
PG25  -7411.699625 -16872.086575 -19458.837321     24.091476  5  3  5  50       
PG26 -25842.059598  -4131.073079   5158.995457    244.577786  8  5  3  90       
PG27 -13214.806100   7893.125955  21453.015419   -347.601047  4  6  5  62       
PG28  22633.691980  13313.485130   3977.841336    698.905009  6  5  6  85       
PG29  -3108.492132 -26357.645060    -13.417503   -151.844194  8  5  3  96       
PG30  14832.577123   7607.445792  20764.349794   -263.427460  5  6  3  94       
PG31 -20957.371433   2098.410291 -16491.129236    -56.055510  6  6  4  77       
PG32 -15181.915696 -12822.579203 -17608.002065    318.098565  3  6  6  84       
*  2020  7 16 23  0  0.00000000
PG01 -12946.166775  21148.282561  -9269.421866     26.147620  4  5  5  29       
PG02  20722.250984 -12172.107901 -10618.750383   -488.300206  7  7  5  71       
PG03  -5741.199966  14063.835750 -21854.413272   -241.852962  4  4  4  88       
PG04  -1546.602725  24601.995584  -9832.536746   -113.297485  4  9  5  84       
PG05  23404.283179  -3209.161392  12191.593978    -16.813481  7  5  4 101       
PG06  18047.994860    533.725565 -19442.399504   -303.969360  7  5  7  72       
PG07   3419.543240  16855.469325  20428.849121   -328.843210  6  5  4  70       
PG08  -8545.821772  16887.841838  18536.364527    -41.205221  5  5  4  88       
PG09   7781.628164  25360.853141   1080.164857   -254.794628  4  4  2  71       
PG10 -22675.223373 -11792.680235   7759.218891   -401.580925  9  6  5  90       
PG11 -11883.640722  23319.823202   4960.442325   -219.207855  6  6  2  74       
PG12   6859.302183 -13377.978680 -22122.694787     92.822358  7  4  3  81       
PG13  13504.094366  -8688.607833  21019.321959     27.351322  4  4  3  75       
PG14 -15463.713882  -7652.731027 -19890.310555      1.870898  6  6  6  72       
PG15   7057.422393 -18296.702819  17421.593727   -217.079092  3  5  4  63       
PG16 -22114.088847   2218.759314  14653.882661   -183.617887 10  5 10  80       
PG17  13679.077614  16418.331140 -15379.855143    296.955145  3  6  4  84       
PG18  -2759.739279 -16777.641419  20384.343533    247.924587  4  7  6  72       
PG19  15082.068810   8641.554636 -20396.415103   -131.112678  6  5  7  96       
PG20 -14148.795218 -14658.775872  17079.052503    527.270988  5  5  6  74       
PG21 -16958.025677  -3231.018891  20883.808310     24.508080  5  6  5  39       
PG22 -13789.256307  11877.489343 -19093.091285   -771.546947  5  5  6  95       
PG23 -15534.119013 -15012.019809  15423.408862 999999.999999
PG24  13279.097151 -21895.444789  -6474.395577    -15.757927  7  3  3  80       
PG25  -5251.713230 -16280.180260 -20622.132608     24.095213  5  4  4  50       
PG26 -26187.350795  -4511.184800   2388.812317    244.583900  8  6  4  63       
PG27 -13806.639982   5455.001140  21861.780710   -347.609696  5  5  5  68       
PG28  22045.891421  13291.231123   6787.626523    698.901765  6  5  6  91       
PG29  -2898.943437 -26225.250596  -2913.209006   -151.852112  7  5  4 113       
PG30  13045.875499   9212.328583  21288.512714   -263.434345  6  5  4  91       
PG31 -19566.787833    707.291035 -18192.332910    -56.057815  6  6  5  78       
PG32 -15455.217614 -14732.553292 -15805.030604    318.104114  3  6  6  75       
*  2020  7 16 23 15  0.00000000
PG01 -13707.560171  21639.795260  -6548.812841     26.151077  5  6  5  50       
PG02  19982.058580 -10910.329338 -13003.552471   -488.305441  7  7  6  74       
PG03  -8126.052947  13447.534960 -21472.015646   -241.863396  4  4  5  92       
PG04  -2082.449806  23430.145780 -12289.196201   -113.301647  4  9  6  62       
PG05  24600.911004  -2725.982906   9754.523614    -16.814238  7  5  5  94       
PG06  16522.293452   2252.836922 -20632.328969   -303.973868  8  5  7  59       
PG07   1773.484905  18357.304909  19249.228206   -328.850842  5  5  4  90       
PG08  -9316.027234  14819.983932  19907.303241    -41.206785  6  6  4  89       
PG09   7503.792975  25412.025251  -1759.567837   -254.800407  4  4  2  74       
PG10 -21638.659329 -11748.642012  10356.184278   -401.590615  9  6  5  93       
PG11 -12001.727391  22478.625617   7573.457741   -219.198188  6  6  2  18       
PG12   9187.839834 -12601.701530 -21712.893115     92.817852  7  4  4  71       
PG13  13942.891350  -6264.634337  21592.973790     27.354170  5  4  3  61       
PG14 -15814.181718  -9895.796780 -18623.359435      1.873596  6  6  7  68       
PG15   8068.156944 -16381.335852  18841.175138   -217.076706  3  5  4  68       
PG16 -23548.319124   1583.805904  12397.848187   -183.622264 11  6 10  82       
PG17  13913.424530  18104.069934 -13184.623964    296.960394  3  6  4  95       
PG18  -1082.675387 -18305.982696  19190.380922    247.933056  4  7  7  54       
PG19  15400.226324  10812.709930 -19063.779734   -131.108050  6  5  7  77       
PG20 -12086.203763 -14616.102357  18603.075033    527.270852  5  5  6  64       
PG21 -15554.432518  -5036.503861  21658.906075     24.511677  5  6  5  26       
PG22 -15895.873394  11378.117255 -17711.604881   -771.544190  6  6  6  92       
PG23 -13664.066582 -14777.651429  17301.943020 999999.999999
PG24  13908.193152 -22110.917687  -3729.679676    -15.757693  7  3  3  85       
PG25  -2954.284104 -15778.043122 -21439.745954     24.099035  5  4  4  25       
PG26 -26244.534690  -4807.555458   -421.938205    244.589967  8  7  4  91       
PG27 -14535.895664   3031.732234  21888.630691   -347.618331  6  5  6  72       
PG28  21167.865121  13195.079343   9481.455899    698.898498  6  5  6  89       
PG29  -2614.216225 -25785.471672  -5762.780696   -151.859075  7  5  4  98       
PG30  11310.301653  10930.563250  21448.545139   -263.441297  6  5  4  86       
PG31 -18125.200908   -878.863531 -19586.266708    -56.059539  5  6  5  83       
PG32 -15764.895603 -16413.905135 -13730.213741    318.109655  3  6  6  89       
*  2020  7 16 23 30  0.00000000
PG01 -14236.998050  21931.235904  -3713.974077     26.154573  5  6  6  58       
PG02  19152.311496  -9396.930526 -15155.686409   -488.310362  8  7  6  69       
PG03 -10478.485084  12969.979750 -20722.084368   -241.873862  4  4  5  82       
PG04  -2760.056473  22034.162327 -14533.856489   -113.305820  3  9  6  77       
PG05  25538.159394  -2348.024553   7150.381751    -16.815222  7  5  6  88       
PG06  15019.139155   4141.749201 -21465.961140   -303.978450  8  5  7  62       
PG07    300.391338  19830.291627  17742.028157   -328.858505  5  4  4  89       
PG08 -10242.068531  12670.544873  20933.710985    -41.207501  7  6  4  88       
PG09   7116.834042  25178.041037  -4569.002472   -254.806216  4  4  2  54       
PG10 -20323.222802 -11710.694734  12777.920749   -401.600176  9  6  5  81       
PG11 -12093.846280  21361.641134  10056.423017   -219.188786  7  7  3  73       
PG12  11493.108845 -11971.278410 -20936.681320     92.813153  7  5  5 100       
PG13  14518.271326  -3825.055853  21790.678589     27.357238  6  4  3  74       
PG14 -16236.817136 -11956.255030 -17028.584222      1.876035  7  7  7  92       
PG15   9226.441274 -14386.258588  19924.489970   -217.074507  3  6  5  74       
PG16 -24756.005397   1102.291903   9930.791705   -183.626518 12  6 10  93       
PG17  14166.201565  19516.836216 -10757.425816    296.965611  3  6  5 101       
PG18    409.423932 -19805.378052  17665.570627    247.941554  5  7  8  80       
PG19  15799.375943  12801.601217 -17411.323007   -131.103567  6  5  8  78       
PG20  -9868.019258 -14666.008580  19807.197176    527.270676  5  5  5  69       
PG21 -14211.729306  -6962.818978  22084.530534     24.516119  6  6  5  61       
PG22 -17849.365531  10994.438311 -16019.015876   -771.542060  6  6  7  73       
PG23 -11590.511492 -14610.889465  18882.103264 999999.999999
PG24  14339.061945 -22102.589297   -919.521832    -15.759195  8  4  3  70       
PG25   -561.231437 -15386.957223 -21897.560635     24.102865  6  5  4  75       
PG26 -26004.376475  -5054.937064  -3225.528078    244.596047  9  8  5  82       
PG27 -15388.460975    672.559236  21534.137548   -347.626928  6  5  6  84       
PG28  20006.353605  13065.552981  12014.422585    698.894679  7  5  6  85       
PG29  -2218.817735 -25056.493804  -8513.065146   -151.867008  7  5  4  96       
PG30   9660.613798  12730.786098  21241.075552   -263.448190  6  5  5  98       
PG31 -16674.473831  -2643.962005 -20648.426619    -56.061821  5  6  5  82       
PG32 -16075.759925 -17842.885882 -11419.604513    318.115158  4  6  6  77       
*  2020  7 16 23 45  0.00000000
PG01 -14555.206557  21988.318523   -814.139631     26.158058  6  7  6  93       
PG02  18274.744542  -7642.527111 -17035.129515   -488.315677  9  7  7  78       
PG03 -12749.974903  12629.613590 -19617.080139   -241.884197  4  5  5  88       
PG04  -3597.604930  20452.012944 -16527.817425   -113.309960  4 10  7  59       
PG05  26193.131756  -2044.630966   4424.034345    -16.815995  7  5  6  88       
PG06  13578.267522   6170.319645 -21928.721428   -303.982952  8  5  7  61       
PG07   -987.694439  21230.300805  15931.261677   -328.866413  5  3  3  82       
PG08 -11319.769426  10488.178491  21598.556725    -41.208235  7  7  5  88       
PG09   6589.644878  24678.583740  -7299.804095   -254.812051  5  4  3  25       
PG10 -18748.662014 -11714.656555  14983.428476   -401.609967  9  6  5  68       
PG11 -12193.040174  19979.711221  12365.630154   -219.179029  7  7  3  89       
PG12  13726.438783 -11487.997714 -19806.471284     92.808918  7  6  5  74       
PG13  15221.664263  -1419.340806  21609.269881     27.360336  6  4  3  93       
PG14 -16700.783682 -13799.966029 -15135.142221      1.878901  7  7  7  96       
PG15  10524.234168 -12357.767487  20652.710904   -217.072065  3  6  5  72       
PG16 -25704.996798    748.537829   7295.386778   -183.631123 13  7 11  82       
PG17  14398.169480  20639.539985  -8141.812293    296.970538  4  6  6 100       
PG18   1703.959647 -21231.200346  15836.151227    247.949987  5  7  8  83       
PG19  16247.866790  14574.416730 -15466.239240   -131.099081  6  5  8  87       
PG20  -7535.795817 -14825.050212  20670.012133    527.270648  6  5  5  73       
PG21 -12960.409410  -8977.519995  22155.087645     24.519772  6  6  5  28       
PG22 -19609.884277  10708.895799 -14045.188917   -771.539546  7  6  8  87       
PG23  -9350.926208 -14538.143729  20136.589007 999999.999999
PG24  14596.386705 -21845.077507   1906.797381    -15.759490  8  5  4  86       
PG25   1882.020998 -15120.988440 -21987.316160     24.106696  6  6  6  73       
PG26 -25465.964287  -5289.355154  -5974.384256    244.602110  9  8  6  69       
PG27 -16342.483758  -1576.709380  20805.574058   -347.635523  6  5  7  58       
PG28  18576.597463  12942.057762  14344.912677    698.891518  7  5  7  90       
PG29  -1681.606674 -24064.626732 -11116.768509   -151.874458  7  5  4  88       
PG30   8126.075455  14576.248628  20668.998944   -263.455108  7  4  6  91       
PG31 -15254.018940  -4564.128784 -21359.707174    -56.064028  5  6  5  76       
PG32 -16350.023786 -19003.868116  -8913.180362    318.120646  4  5  6  95       
EOF
