#cP2020  7 18  0  0  0.00000000      96 ORBIT IGb14 HLM  IGS
## 2114 518400.00000000   900.00000000 59048 0.0000000000000
+   32   G01G02G03G04G05G06G07G08G09G10G11G12G13G14G15G16G17
+        G18G19G20G21G22G23G24G25G26G27G28G29G30G31G32  0  0
+          0  0  0  0  0  0  0  0  0  0  0  0  0  0  0  0  0
+          0  0  0  0  0  0  0  0  0  0  0  0  0  0  0  0  0
+          0  0  0  0  0  0  0  0  0  0  0  0  0  0  0  0  0
++         2  2  2  2  2  2  1  2  1  2  2  2  1  2  2  2  2
++         2  2  2  2  2  4  2  2  2  2  2  2  1  2  2  0  0
++         0  0  0  0  0  0  0  0  0  0  0  0  0  0  0  0  0
++         0  0  0  0  0  0  0  0  0  0  0  0  0  0  0  0  0
++         0  0  0  0  0  0  0  0  0  0  0  0  0  0  0  0  0
%c G  cc GPS ccc cccc cccc cccc cccc ccccc ccccc ccccc ccccc
%c cc cc ccc ccc cccc cccc cccc cccc ccccc ccccc ccccc ccccc
%f  1.2500000  1.025000000  0.00000000000  0.000000000000000
%f  0.0000000  0.000000000  0.00000000000  0.000000000000000
%i    0    0    0    0      0      0      0      0         0
%i    0    0    0    0      0      0      0      0         0
/* FINAL ORBIT COMBINATION FROM WEIGHTED AVERAGE OF:        
/* cod emr esa gfz grg jpl mit ngs sio                      
/* REFERENCED TO IGS TIME (IGST) AND TO WEIGHTED MEAN POLE: 
/* PCV:IGS14_2114 OL/AL:FES2004  NONE     Y  ORB:CMB CLK:CMB
*  2020  7 18  0  0  0.00000000
PG01 -14695.864506  21681.965604   2883.077665     26.495289  6  3  6 114       
PG02  17155.101349  -5106.280214 -18972.071505   -488.811373  8  6  9  97       
PG03 -15432.264740  12385.270216 -17738.762844   -242.891598  9  6  5  99       
PG04  -4915.023605  18232.606586 -18651.781165   -113.711480  9  6  6  74       
PG05  26595.376818  -1714.504021    855.109923    -16.885255 10  6  4  83       
PG06  11879.619416   8909.787964 -21967.917957   -304.421913  7  8  9  90       
PG07  -2356.270472  22837.725430  13231.976364   -329.622637  7  8  8 115       
PG08 -12888.004790   7741.968062  21905.618578    -41.329073  6  7  4 112       
PG09   5675.958481  23702.151510 -10587.326826   -255.373306  7  4  4 102       
PG10 -16413.365757 -11830.299944  17419.715119   -402.538563  8  6  8  83       
PG11 -12374.672038  17873.922590  14984.938302   -218.252838  8  6  7 118       
PG12  16390.561781 -11073.193907 -17885.509849     92.381262  7  5  5  96       
PG13  16276.385141   1523.886545  20835.041050     27.651148  5  5  5  99       
PG14 -17294.519789 -15794.447616 -12345.329814      2.128102  7  9  7 107       
PG15  12349.075503  -9802.225646  21047.397468   -216.845797  7  8  8  88       
PG16 -26496.516106    447.137704   3789.835780   -184.050033 12  5  8 105       
PG17  14603.772277  21632.755515  -4622.776506    297.471818  9  9  8 105       
PG18   3053.020807 -22866.042813  13124.210989    248.764886  9  9  7  88       
PG19  16833.263278  16473.960931 -12621.284595   -130.654722  7  8  8  94       
PG20  -4470.173778 -15199.268414  21251.371615    527.262846  7  7  7  74       
PG21 -11680.673305 -11384.175704  21774.638064     24.917691  6  8  6  93       
PG22 -21505.577574  10458.843924 -11196.659499   -771.305375  7  6  4 101       
PG23  -6320.602304 -14612.618089  21230.508720 999999.999999
PG24  14723.242717 -21125.620751   5453.641560    -15.799541  6  5  6  88       
PG25   4970.197871 -14974.308656 -21569.670838     24.481445  8  7  6  94       
PG26 -24360.542226  -5627.211594  -9323.315018    245.195523 10  8  8  98       
PG27 -17657.592123  -4217.040247  19359.394857   -348.470781  7  9  7 103       
PG28  16406.405166  12850.977023  16958.893860    698.567605  8  7  8 111       
PG29   -767.452325 -22483.252645 -14134.944778   -152.608655  7  4  8  81       
PG30   6367.752708  16933.283818  19424.317742   -264.124637  5  6  6  97       
PG31 -13540.378847  -7193.220356 -21736.723208    -56.280246  8  4  7  93       
PG32 -16588.148240 -20078.885020  -5515.552140    318.657007  6  8  6  91       
*  2020  7 18  0 15  0.00000000
PG01 -14645.960227  21115.451781   5741.388464     26.498746  5  3  6 100       
PG02  16316.622632  -2891.683139 -20110.760233   -488.816477  7  6  8  73       
PG03 -17352.289509  12309.388799 -15906.737741   -242.902031  8  6  5  49       
PG04  -6143.887912  16388.614171 -19955.472693   -113.715501  9  6  5  79       
PG05  26566.643013  -1450.849859  -1973.596569    -16.885946 10  5  4  77       
PG06  10698.508918  11109.889314 -21566.051125   -304.426475  6  7  8  94       
PG07  -3221.193124  23907.867947  10848.705624   -329.630406  6  7  8  91       
PG08 -14252.019769   5658.630818  21719.525119    -41.330192  6  7  5  75       
PG09   4742.198779  22708.885722 -12968.538348   -255.379098  7  4  4  82       
PG10 -14362.281120 -12040.810772  19001.315632   -402.548130  8  6  7  90       
PG11 -12599.787543  15971.702958  16751.696378   -218.243048  7  6  7  97       
PG12  18287.733367 -10886.198281 -16027.930438     92.376792  7  5  4  72       
PG13  17197.540460   3682.690425  19814.898532     27.654201  5  5  5  44       
PG14 -17716.837351 -17059.591816  -9907.126566      2.130909  7  8  7  97       
PG15  13894.139163  -7861.501281  20934.236446   -216.843227  7  8  7  50       
PG16 -26779.031971    261.710300    942.578753   -184.054471 12  5  7  55       
PG17  14639.346266  22083.321060  -1755.129889    297.477217  8  9  7  74       
PG18   3896.630107 -23961.473922  10727.698720    248.773290  8  8  7  84       
PG19  17253.673621  17668.532926 -10137.815857   -130.649988  6  8  8  82       
PG20  -2048.388147 -15629.513954  21289.816455    527.262564  7  7  6  81       
PG21 -10716.870430 -13463.452932  21073.047213     24.921523  6  8  5  94       
PG22 -22711.758340  10300.940051  -8721.027793   -771.302954  7  5  4  86       
PG23  -3867.992542 -14815.909811  21672.913650      6.118368 13 12 12  76       
PG24  14703.326504 -20245.742451   8131.837509    -15.800417  6  5  5 100       
PG25   7350.569571 -15003.650904 -20826.250641     24.485340  7  6  6  80       
PG26 -23184.637372  -5962.016830 -11776.846616    245.201625  9  7  8  90       
PG27 -18726.369658  -6074.899018  17841.491214   -348.479381  7  9  8  87       
PG28  14464.364976  12870.833267  18695.817072    698.564176  8  7  8  39       
PG29    174.892390 -21028.532268 -16246.170972   -152.616396  7  5  8  69       
PG30   5168.241539  18724.876243  18066.333647   -264.131525  4  6  6  64       
PG31 -12312.382255  -9340.805624 -21609.396860    -56.282322  8  4  7  52       
PG32 -16636.459287 -20618.652634  -2728.747458    318.662525  6  8  6  94       
*  2020  7 18  0 30  0.00000000
PG01 -14493.954477  20253.089486   8498.273102     26.502155  4  3  5  90       
PG02  15551.402564   -531.406029 -20883.076784   -488.821360  6  6  7  63       
PG03 -19052.892439  12312.428394 -13801.095514   -242.912431  7  7  5  84       
PG04  -7538.151096  14504.642727 -20915.133959   -113.719643  9  5  5  47       
PG05  26237.888832  -1145.265958  -4768.800643    -16.887071  9  5  4  67       
PG06   9667.399538  13310.776087 -20791.161974   -304.431040  5  7  7  76       
PG07  -3916.990736  24766.345843   8276.447936   -329.638028  6  6  8  85       
PG08 -15699.074322   3687.186984  21160.846831    -41.330837  6  7  6  47       
PG09   3606.413470  21558.796556 -15126.999881   -255.384898  7  3  4  64       
PG10 -12165.096816 -12377.861104  20260.640954   -402.557714  7  6  7  72       
PG11 -12918.533512  13892.265180  18223.314410   -218.233528  8  5  7 102       
PG12  19969.640203 -10795.446430 -13897.099569     92.372463  7  5  4  71       
PG13  18166.629240   5669.195170  18451.243257     27.657041  6  5  4  64       
PG14 -18056.936599 -18052.590420  -7297.517206      2.133056  6  7  7 110       
PG15  15501.623781  -6022.700022  20451.214808   -216.840953  7  8  6  45       
PG16 -26750.864676     89.720944  -1920.496651   -184.058712 11  5  6  71       
PG17  14526.170187  22253.141309   1142.793135    297.482314  8  8  7  51       
PG18   4559.634627 -24845.215343   8146.153498    248.781709  8  7  6  85       
PG19  17594.512346  18589.194158  -7482.521232   -130.645428  7  7  8  62       
PG20    336.237080 -16171.493473  20959.032711    527.262427  7  7  6  78       
PG21  -9898.001917 -15501.965045  20034.016284     24.925722  6  7  5  97       
PG22 -23638.498260  10147.176538  -6092.878011   -771.300196  6  5  3  79       
PG23  -1400.553566 -15150.377767  21741.406450      6.133857 13 12 11  84       
PG24  14619.974613 -19087.269608  10666.042067    -15.802111  5  5  5  92       
PG25   9626.386869 -15149.102935 -19730.053980     24.489253  7  6  6  82       
PG26 -21764.522842  -6391.715196 -14030.376758    245.207683  8  7  7  92       
PG27 -19783.263322  -7714.645765  16016.848917   -348.487937  7  9  8  71       
PG28  12354.751257  12999.243043  20123.559922    698.560751  8  6  7  58       
PG29   1315.041644 -19439.381104 -18078.252732   -152.623921  6  5  7  83       
PG30   4130.778155  20420.239712  16396.332782   -264.138422  3  6  6  69       
PG31 -11209.855333 -11520.919013 -21110.538542    -56.284328  8  4  7  57       
PG32 -16525.889949 -20898.823132    104.647578    318.667984  7  7  6  88       
*  2020  7 18  0 45  0.00000000
PG01 -14280.301400  19095.011064  11104.769819     26.505629  4  3  5  90       
PG02  14885.849417   1930.314768 -21274.289042   -488.826733  6  6  6  69       
PG03 -20503.366550  12363.225191 -11457.761137   -242.922813  7  7  5  76       
PG04  -9082.061054  12625.869914 -21514.303253   -113.723746  9  5  5  70       
PG05  25621.735742   -763.056603  -7483.148195    -16.887401  9  6  5  79       
PG06   8796.558514  15463.369011 -19656.588541   -304.435611  5  6  7  65       
PG07  -4464.246599  25378.721192   5559.262385   -329.646000  5  5  7 100       
PG08 -17194.131303   1861.756670  20239.895601    -41.332048  6  7  7  53       
PG09   2265.417770  20293.689947 -17025.783266   -255.390743  7  4  4  71       
PG10  -9866.816638 -12853.159753  21175.901604   -402.567295  7  6  7  80       
PG11 -13346.121803  11675.334008  19372.151345   -218.223922  7  5  6  87       
PG12  21403.105960 -10771.073736 -11528.645934     92.367652  7  5  4  66       
PG13  19146.837644   7453.722436  16768.156335     27.659945  6  5  4  66       
PG14 -18276.142678 -18775.270383  -4562.208332      2.135645  6  7  7  95       
PG15  17135.604435  -4316.675283  19608.203202   -216.838727  7  8  5  52       
PG16 -26414.280347   -107.367149  -4751.481294   -184.063045 10  6  6  66       
PG17  14231.514824  22163.708156   4021.175492    297.487474  8  7  6  59       
PG18   5063.484582 -25483.478094   5424.101361    248.790088  8  7  6  84       
PG19  17814.519161  19236.426967  -4700.002593   -130.640861  7  7  7  80       
PG20   2638.870619 -16809.801481  20264.117160    527.262713  7  7  5  94       
PG21  -9225.291786 -17456.380478  18673.824512     24.929843  7  7  5  94       
PG22 -24276.081658   9962.541677  -3358.362337   -771.297919  6  5  3  81       
PG23   1032.834698 -15610.419045  21434.803126      6.149351 12 11 11  81       
PG24  14510.111425 -17659.579701  13011.243187    -15.801755  4  5  4  94       
PG25  11754.343883 -15391.451460 -18298.635101     24.493186  6  6  6  81       
PG26 -20132.045662  -6940.775938 -16045.460136    245.213740  7  6  6  73       
PG27 -20785.967462  -9119.875832  13917.714703   -348.496543  6  9  8  91       
PG28  10119.837751  13254.847487  21219.999154    698.557527  7  6  6  42       
PG29   2652.901099 -17762.504398 -19599.902987   -152.631550  6  5  6  35       
PG30   3253.179516  21975.554342  14442.645460   -264.145327  3  5  6  92       
PG31 -10247.536040 -13687.203274 -20247.363564    -56.286703  8  5  7  60       
PG32 -16225.342765 -20939.137708   2936.266675    318.673510  7  7  7  88       
*  2020  7 18  1  0  0.00000000
PG01 -14045.773969  17650.884667  13514.504041     26.509084  4  4  5  97       
PG02  14339.198068   4444.709672 -21276.988946   -488.831787  6  5  5  39       
PG03 -21680.549334  12426.458873  -8916.851589   -242.933236  6  7  5  72       
PG04 -10752.177852  10794.819852 -21742.746148   -113.727891  9  6  5  59       
PG05  24738.673326   -272.653315 -10070.762161    -16.888439  8  6  5  59       
PG06   8087.723929  17518.437447 -18181.925555   -304.440188  5  6  7  66       
PG07  -4889.526919  25716.896801   2744.257533   -329.653803  5  4  7  85       
PG08 -18697.578674    209.545030  18973.100057    -41.333334  7  7  7  81       
PG09    724.227722  18956.695340 -18632.445238   -255.396546  7  4  4  54       
PG10  -7514.804839 -13470.520676  21731.021102   -402.576861  7  6  6  82       
PG11 -13890.863695   9364.527501  20176.193866   -218.214424  7  5  6  95       
PG12  22562.175002 -10778.461620  -8962.465176     92.363142  7  5  4  61       
PG13  20097.897194   9014.394712  14795.203768     27.662770  6  5  4  72       
PG14 -18338.185099 -19238.009558  -1748.655160      2.138325  6  7  7  89       
PG15  18756.525786  -2767.346699  18421.447490   -216.836413  7  7  4  56       
PG16 -25780.139883   -366.930896  -7503.208016   -184.067361  9  6  5  64       
PG17  13728.221636  21843.748124   6831.041724    297.493026  7  7  6  75       
PG18   5435.717108 -25848.895489   2608.495914    248.798461  8  6  6  88       
PG19  17874.504670  19619.324221  -1837.306862   -130.636444  7  7  7  86       
PG20   4818.098279 -17522.111783  19216.577884    527.262631  7  7  5  72       
PG21  -8692.471474 -19284.298433  17013.605870     24.934514  7  6  5  83       
PG22 -24623.377570   9711.749739   -565.330940   -771.295387  6  6  3  42       
PG23   3384.991995 -16182.498109  20758.404279      6.164815 12 11 11  50       
PG24  14409.356497 -15980.633022  15125.830017    -15.803885  4  5  4  92       
PG25  13695.706214 -15704.778160 -16555.301528     24.497059  6  5  6  82       
PG26 -18324.532819  -7627.566982 -17787.592445    245.219781  6  5  6  66       
PG27 -21691.375313 -10282.966426  11580.802962   -348.505162  5  8  8  87       
PG28   7804.935472  13648.842916  21968.386863    698.553738  7  6  5  74       
PG29   4179.680243 -16045.108002 -20785.188466   -152.638928  5  6  4  69       
PG30   2525.652840  23349.541987  12238.645092   -264.152221  3  5  6  79       
PG31  -9432.286398 -15791.784605 -19033.468879    -56.289220  8  5  6  77       
PG32 -15709.135032 -20766.084411   5717.873516    318.679022  7  6  7  63       
*  2020  7 18  1 15  0.00000000
PG01 -13829.680610  15939.706915  15684.595006     26.512553  4  4  6  98       
PG02  13922.726636   6960.290781 -20891.270716   -488.836817  7  6  5  82       
PG03 -22569.596725  12464.155727  -6222.000026   -242.943646  6  7  5  72       
PG04 -12518.128171   9049.848744 -21596.625898   -113.731986  9  6  6  84       
PG05  23616.279791    353.003212 -12487.976487    -16.889526  8  6  6  50       
PG06   7534.174226  19428.367416 -16392.683201   -304.444724  5  5  7  90       
PG07  -5224.167265  25760.316135   -119.237642   -329.661755  5  4  7  82       
PG08 -20166.686278  -1249.987323  17382.684571    -41.335073  7  7  7  84       
PG09  -1003.940690  17590.628988 -19919.569328   -255.402362  7  4  4  72       
PG10  -5157.164829 -14225.599630  21915.933231   -402.586424  7  6  6  71       
PG11 -14553.652557   7005.820377  20619.596184   -218.204877  7  5  6  87       
PG12  23429.027907 -10779.693788  -6242.093711     92.358732  7  5  4  56       
PG13  20977.670928  10337.758646  12566.886950     27.665710  6  5  4  63       
PG14 -18210.691529 -19459.101328   1094.777275      2.140684  6  7  7  52       
PG15  20322.692215  -1390.997802  16913.166350   -216.834090  7  7  3  31       
PG16 -24867.472089   -723.620698 -10129.961313   -184.071534  8  6  6  62       
PG17  12995.848918  21327.951465   9525.057752    297.497950  7  7  5  55       
PG18   5708.685401 -25921.595563   -252.097955    248.806834  9  6  7  91       
PG19  17738.992997  19755.152232   1056.825222   -130.631790  7  6  7  82       
PG20   6837.349479 -18280.020079  17834.168647    527.262369  6  7  5  69       
PG21  -8286.091116 -20945.625809  15079.123826     24.938440  8  6  5  54       
PG22 -24687.747307   9360.813134   2237.546922   -771.293023  7  6  2  66       
PG23   5612.063513 -16845.653611  19723.902461      6.180316 11 11 10  49       
PG24  14350.452141 -14076.421850  16972.397970    -15.804258  3  4  4  72       
PG25  15417.634101 -16057.475307 -14528.803395     24.500970  6  5  6  67       
PG26 -16383.487915  -8463.476051 -19226.791581    245.225855  6  5  5 103       
PG27 -22457.253688 -11205.116232   9046.626167   -348.513773  5  8  8  83       
PG28   5456.893863  14184.547960  22357.504456    698.550754  7  6  5  72       
PG29   5878.056789 -14333.155962 -21613.958229   -152.646789  5  6  3  89       
PG30   1931.342006  24505.003103   9822.192309   -264.159151  3  5  6  97       
PG31  -8762.897720 -17786.971011 -17488.687859    -56.291506  8  5  6  55       
PG32 -14958.126609 -20411.757086   8402.159297    318.684510  7  6  7  93       
*  2020  7 18  1 30  0.00000000
PG01 -13668.146453  13989.218134  17576.494490     26.516021  4  5  6  91       
PG02  13639.337525   9424.790132 -20124.718043   -488.841834  7  6  4  68       
PG03 -23164.446193  12437.310462  -3419.611146   -242.954026  6  8  5  69       
PG04 -14343.636462   7423.803308 -21078.562799   -113.736150  9  6  6  90       
PG05  22288.194129   1135.255710 -14694.030024    -16.890352  8  6  6  39       
PG06   7121.137896  21148.876376 -14319.839822   -304.449297  5  5  6  65       
PG07  -5502.844436  25496.887718  -2980.580325   -329.669300  6  3  6  80       
PG08 -21557.184225  -2505.651011  15496.259352    -41.336557  7  7  7  82       
PG09  -2897.988916  16236.385300 -20865.221176   -255.408134  6  4  5  70       
PG10  -2841.087571 -15105.948583  21726.788790   -402.596010  7  6  5  54       
PG11 -15327.762781   4645.891573  20693.099283   -218.195122  7  5  6  73       
PG12  23994.603048 -10735.163747  -3414.003979     92.354079  8  5  4  76       
PG13  21743.817608  11419.078693  10122.011939     27.668523  7  5  4  33       
PG14 -17866.520671 -19463.836464   3919.638881      2.143315  6  7  7  92       
PG15  21791.835014   -195.895209  15111.044056   -216.831792  7  6  3  60       
PG16 -23702.767815  -1207.902831 -12588.156848   -184.075856  7  7  5  76       
PG17  12021.552123  20655.510363  12058.272120    297.503752  7  6  5  74       
PG18   5918.102162 -25689.995219  -3108.348426    248.815281  9  6  7  71       
PG19  17377.752227  19668.604883   3932.760238   -130.627034  7  6  6  77       
PG20   8666.138485 -19050.146212  16140.603704    527.262366  6  7  5  80       
PG21  -7986.080618 -22403.897681  12900.499870     24.942117  8  6  5  75       
PG22 -24484.628774   8878.557349   5001.662491   -771.290852  7  6  2  51       
PG23   7675.015574 -17572.306970  18349.177862      6.195854 11 11 10  59       
PG24  14361.821047 -11980.096725  18518.463906    -15.805209  3  4  4  40       
PG25  16894.301110 -16413.501939 -12252.925031     24.504867  7  5  6  61       
PG26 -14353.136831  -9452.299111 -20338.112581    245.231932  6  5  5  76       
PG27 -23043.880355 -11896.053328   6358.779849   -348.522430  4  8  8  81       
PG28   3122.569943  14857.257641  22381.751960    698.547557  7  6  4  46       
PG29   7722.673444 -12669.691116 -22072.173119   -152.654432  5  6  1  70       
PG30   1447.160496  25410.214490   7234.989217   -264.166078  3  4  6  82       
PG31  -8230.222364 -19626.973847 -15638.825091    -56.293683  8  5  5  55       
PG32 -13960.604676 -19912.516787  10943.519789    318.689994  7  6  7  95       
*  2020  7 18  1 45  0.00000000
PG01 -13592.534295  11834.963188  19156.735697     26.519515  4  5  5  70       
PG02  13483.521866  11787.129671 -18992.201493   -488.847103  7  6  4  44       
PG03 -23467.949146  12307.563267   -558.060056   -242.964420  6  8  5  50       
PG04 -16187.793113   5942.903028 -20197.581939   -113.740303  9  6  7 100       
PG05  20792.878382   2088.741091 -16651.712098    -16.890838  7  7  6  50       
PG06   6826.526620  22640.607822 -11999.296719   -304.453836  5  5  6  52       
PG07  -5761.990644  24923.586755  -5788.778977   -329.677001  6  4  6  80       
PG08 -22824.903027  -3554.735842  13346.330300    -41.337935  7  6  7  73       
PG09  -4929.557556  14931.417311 -21453.310639   -255.413904  6  4  5  73       
PG10   -611.230044 -16091.389275  21166.066235   -402.605614  6  5  4  66       
PG11 -16198.981921   2330.425876  20394.310997   -218.185822  7  5  6  86       
PG12  24258.895072 -10605.273123   -526.829854     92.349891  7  5  4  23       
PG13  22355.468219  12262.293252   7502.990779     27.671458  6  5  4  53       
PG14 -17284.887620 -19283.344148   6678.192161      2.146031  6  6  7  96       
PG15  23122.691643    817.763903  13047.635919   -216.829676  8  6  3  41       
PG16 -22319.021596  -1844.760300 -14836.985765   -184.080169  7  7  5  81       
PG17  10800.672579  19868.525373  14388.791542    297.509085  7  6  4  67       
PG18   6101.455107 -25151.285041  -5911.013946    248.823725 10  7  7  57       
PG19  16767.151313  19390.771769   6740.812234   -130.622428  6  6  6  74       
PG20  10281.069568 -19795.453517  14165.156329    527.262387  6  8  5  78       
PG21  -7766.548257 -23627.500919  10511.891231     24.946452  8  5  5  90       
PG22 -24036.818763   8238.017852   7679.329743   -771.288577  7  6  2  80       
PG23   9540.943992 -18329.341177  16657.985998      6.211319 11 12 10  83       
PG24  14466.316292  -9730.807232  19737.073929    -15.803551  3  4  3  57       
PG25  18107.762666 -16733.837269  -9765.979811     24.508741  7  5  6  80       
PG26 -12278.875072 -10589.921248 -21102.087666    245.238048  6  4  5  85       
PG27 -23415.583668 -12373.428535   3563.195281   -348.531062  4  7  8  77       
PG28    847.313689  15654.384314  22041.176839    698.543956  7  6  4  53       
PG29   9680.947830 -11093.282173 -22152.131768   -152.661929  5  7  1  92       
PG30   1044.879310  26040.130972   4521.854320   -264.172984  4  4  5  87       
PG31  -7817.632796 -21269.584355 -13515.269975    -56.295906  8  5  5  66       
PG32 -12712.893058 -19307.506731  13298.800960    318.695485  7  5  7  96       
*  2020  7 18  2  0  0.00000000
PG01 -13628.074161   9519.037320  20397.573087     26.522986  4  5  5  78       
PG02  13441.705878  13999.330335 -17515.495761   -488.852168  7  6  4  38       
PG03 -23491.665772  12038.865668   2313.151354   -242.974780  7  8  5  59       
PG04 -18006.510840   4625.888461 -18968.950758   -113.744437  8  7  7  93       
PG05  19172.215696   3220.654959 -18327.952335    -16.891730  7  7  6  57       
PG06   6621.962210  23870.543436  -9471.245140   -304.458393  5  4  6  62       
PG07  -6038.116503  24046.699839  -8493.493969   -329.684854  6  4  5  81       
PG08 -23927.414287  -4402.895967  10969.737865    -41.339833  7  6  7  73       
PG09  -7063.928847  13708.363666 -21673.855619   -255.419731  6  3  5  81       
PG10   1491.815953 -17154.695644  20242.581455   -402.615196  6  5  4  61       
PG11 -17146.077200    102.444214  19727.832346   -218.176195  6  5  5  85       
PG12  24230.913265 -10352.154881   2369.466439     92.345404  7  5  4  34       
PG13  22774.849404  12879.638824   4755.088930     27.674466  6  5  4  55       
PG14 -16452.244507 -18953.241192   9324.171946      2.148601  6  7  6  82       
PG15  24276.534024   1657.583288  10759.704650   -216.827125  8  6  3  53       
PG16 -20754.554727  -2652.595952 -16839.019285   -184.084386  6  7  5  93       
PG17   9337.020320  19010.341124  16478.386038    297.513926  7  6  4  90       
PG18   6296.357276 -24311.585941  -8611.797811    248.832108 10  8  8  76       
PG19  15891.286593  18957.854987   9432.108739   -130.618049  6  5  6  80       
PG20  11666.564459 -20476.732991  11942.147264    527.262748  5  8  5  65       
PG21  -7596.798091 -24590.761417   7951.112495     24.950636  8  5  5  70       
PG22 -23373.486268   7417.664277  10224.613690   -771.285978  7  7  2  88       
PG23  11184.145129 -19079.407655  14679.542969      6.226817 11 12 10  77       
PG24  14680.216967  -7372.307494  20607.289941    -15.804302  3  3  4  61       
PG25  19048.536687 -16978.078991  -7110.211438     24.512602  7  6  6  51       
PG26 -10205.673550 -11864.304728 -21505.083321    245.244249  6  4  6  90       
PG27 -23542.129103 -12661.922136    707.372238   -348.539679  4  7  8  74       
PG28  -1326.483698  16555.877768  21341.445359    698.540804  7  6  4  64       
PG29  11714.164623  -9636.655580 -21852.590364   -152.669557  6  7  2  84       
PG30    692.427351  26377.341209   1729.930993   -264.179900  4  4  5  84       
PG31  -7501.794938 -22677.736506 -11154.491182    -56.298319  7  5  5  80       
PG32 -11219.663860 -18637.076674  15428.002842    318.701001  7  5  6  65       
*  2020  7 18  2 15  0.00000000
PG01 -13792.760665   7088.570880  21277.497570     26.526450  4  5  4  88       
PG02  13492.957513  16018.272420 -15722.733998   -488.857324  7  5  4  71       
PG03 -23255.328844  11599.068476   5144.265182   -242.985043  7  8  6  75       
PG04 -19754.113316   3483.467382 -17413.909603   -113.748510  8  7  7  64       
PG05  17469.994842   4530.296583 -19694.347886    -16.892547  6  7  5  53       
PG06   6474.055969  24813.177810  -6779.457321   -304.462932  5  5  5  69       
PG07  -6366.115979  22881.694408 -11046.047654   -329.692565  6  4  4  77       
PG08 -24825.611475  -5063.719865   8407.034479    -41.341170  7  5  6 100       
PG09  -9261.175941  12593.873681 -21523.144036   -255.425546  5  3  5  77       
PG10   3432.906643 -18262.563200  18971.393062   -402.624791  6  6  4  50       
PG11 -18141.580798  -1999.261985  18705.220838   -218.166560  6  5  5  86       
PG12  23928.295932  -9941.352539   5224.472101     92.340712  7  5  4  38       
PG13  22968.791373  13290.960438   1925.633216     27.677362  6  4  4  57       
PG14 -15362.889345 -18512.143298  11813.498654      2.151049  6  7  6  83       
PG15  25218.587530   2338.398001   8287.505702   -216.824847  8  6  3  72       
PG16 -19051.660167  -3642.375097 -18560.769231   -184.088567  6  7  5  68       
PG17   7642.847692  18123.872023  18293.021123    297.519293  7  6  4  57       
PG18   6538.897313 -23185.771638 -11164.184827    248.840512 10  8  8  81       
PG19  14742.828122  18409.680288  11959.467400   -130.613393  6  5  5  85       
PG20  12815.281770 -21054.192445   9510.332246    527.262421  5  8  5  78       
PG21  -7442.540600 -25274.856995   5259.195600     24.954580  8  5  5  86       
PG22 -22528.959886   6402.405432  12594.110148   -771.283687  7  7  2  69       
PG23  12586.909014 -19782.410063  12448.015710      6.242301 11 13 10  56       
PG24  15012.510891  -4951.386711  21114.545237    -15.804028  3  2  4  51       
PG25  19715.868420 -17106.126517  -4331.107422     24.516528  7  6  6  66       
PG26  -8176.501768 -13255.787886 -21539.566953    245.250335  7  4  6  60       
PG27 -23399.904122 -12792.101326  -2160.396715   -348.548335  5  7  8  67       
PG28  -3360.734416  17534.909589  20293.758376    698.537518  7  7  5  61       
PG29  13778.808503  -8325.563213 -21178.775066   -152.677488  6  7  3  73       
PG30    355.352396  26412.737334  -1092.155487   -264.186758  4  4  4  76       
PG31  -7253.728898 -23820.890054  -8597.417624    -56.300755  7  6  5  42       
PG32  -9493.939946 -17941.175578  17294.932094    318.706499  7  5  6  89       
*  2020  7 18  2 30  0.00000000
PG01 -14096.564711   4594.018420  21781.615646     26.530055  4  5  4  79       
PG02  13610.013610  17807.229409 -13647.722633   -488.862517  6  5  4  73       
PG03 -22785.996420  10961.367604   7886.149038   -242.995413  7  8  6  69       
PG04 -21384.995000   2518.078947 -15559.300291   -113.752698  8  7  7  95       
PG05  15730.335769   6008.911320 -20727.621788    -16.893371  6  7  5  61       
PG06   6345.889080  25451.410199  -3970.514911   -304.467459  4  5  5  73       
PG07  -6777.629376  21452.712211 -13400.415716   -329.700296  6  4  3  76       
PG08 -25485.173184  -5558.003882   5701.810380    -41.342009  6  5  6  75       
PG09 -11477.515812  11607.674418 -21003.791898   -255.431317  5  4  5  81       
PG10   5183.527168 -19376.832138  17373.600928   -402.634358  5  6  4  59       
PG11 -19152.861975  -3941.520485  17344.787555   -218.156653  5  4  4  63       
PG12  23376.590902  -9343.386347   7988.230023     92.335999  6  5  4  61       
PG13  22910.063191  13522.738410   -936.805226     27.680579  5  4  5  46       
PG14 -14019.286396 -18000.094936  14104.938521      2.153533  6  7  6 114       
PG15  25919.289010   2881.434615   5674.038899   -216.822665  8  5  3  49       
PG16 -17255.115026  -4817.037398 -19973.200123   -184.092941  6  6  5 102       
PG17   5738.520796  17249.976529  19803.316063    297.524299  7  6  5  60       
PG18   6862.054795 -21796.964055 -13524.245147    248.848878 10  9  8  80       
PG19  13323.545604  17788.058152  14278.266044   -130.608730  6  5  5  84       
PG20  13728.210733 -21489.085769   6912.200554    527.262566  6  8  5  81       
PG21  -7267.263908 -25668.520678   2479.883082     24.958690  7  5  5  87       
PG22 -21541.340177   5184.338469  14747.664447   -771.281486  7  7  3  70       
PG23  13740.004698 -20397.107004  10001.926355      6.257792 11 13 10  93       
PG24  15464.492386  -2516.191999  21250.863748    -15.803619  3  2  4  65       
PG25  20117.663426 -17079.883794  -1476.633392     24.520480  7  6  5  51       
PG26  -6230.827500 -14737.687017 -21204.276567    245.256485  7  4  6  62       
PG27 -22972.860833 -12799.073514  -4991.799922   -348.556982  5  6  8  70       
PG28  -5222.850396  18558.800133  18914.712076    698.533968  7  7  5  59       
PG29  15828.087597  -7177.927875 -20142.287428   -152.684910  6  8  3  76       
PG30     -1.616578  26145.869563  -3895.175579   -264.193757  4  4  4  97       
PG31  -7040.116826 -24676.173474  -5888.715440    -56.303043  7  6  4  81       
PG32  -7556.787904 -17257.772263  18867.794420    318.712006  7  5  6  60       
*  2020  7 18  2 45  0.00000000
PG01 -14540.991261   2087.325850  21901.885658     26.533503  4  5  3  72       
PG02  13760.572716  19337.111570 -11329.144609   -488.867547  6  5  4  81       
PG03 -22116.926113  10105.548757  10491.171251   -243.005788  6  8  6  51       
PG04 -22855.288476   1723.983776 -13437.099363   -113.756872  7  6  6  81       
PG05  13996.112744   7639.837189 -21410.006671    -16.893834  5  6  5  79       
PG06   6198.634682  25777.119064  -1092.989350   -304.471980  3  5  5  67       
PG07  -7299.539392  19791.704369 -15514.171010   -329.708207  6  4  2  89       
PG08 -25877.855910  -5912.758344   2899.977817    -41.343216  6  5  5  75       
PG09 -13666.815095  10761.914498 -20124.696877   -255.437077  5  4  5  87       
PG10   6722.723476 -20455.920594  15476.037428   -402.643937  5  7  4  80       
PG11 -20143.438989  -5697.927849  15671.231411   -218.146729  5  4  4 108       
PG12  22608.226266  -8535.140117  10612.155437     92.331865  6  5  4  60       
PG13  22578.485645  13606.871796  -3783.238755     27.683552  5  4  4  80       
PG14 -12432.091631 -17456.975148  16160.705955      2.156318  6  7  5 105       
PG15  26355.340550   3313.241238   2964.282260   -216.820230  7  5  3  65       
PG16 -15410.610563  -6171.199603 -21052.188162   -184.097019  5  6  5  90       
PG17   3651.905230  16425.934879  20984.928425    297.529634  7  5  5  67       
PG18   7294.242922 -20175.721497 -15651.391142    248.857303 10  9  9  84       
PG19  11644.485521  17135.058374  16347.287455   -130.603948  6  5  5  83       
PG20  14414.435402 -21745.315283   4193.199052    527.262520  6  8  5  90       
PG21  -7033.725776 -25768.502837   -340.949455     24.962853  7  5  5  75       
PG22 -20450.993343   3763.216468  16649.018885   -771.278809  6  7  2  86       
PG23  14642.840097 -20882.770914   7383.481413      6.273286 12 13 10  79       
PG24  16029.688492   -114.514330  21014.941880    -15.804616  3  3  4  81       
PG25  20270.085144 -16864.913029   1403.600277     24.524363  7  6  4  61       
PG26  -4403.250107 -16277.181927 -20504.287931    245.262667  7  5  7  59       
PG27 -22253.185056 -12720.986683  -7739.268790   -348.565578  6  6  8  82       
PG28  -6886.754005  19590.160104  17226.102989    698.530959  7  7  5  81       
PG29  17813.590040  -6203.298027 -18760.904744   -152.692158  5  8  4  96       
PG30   -412.969682  25584.969878  -6630.189698   -264.200690  4  4  4  86       
PG31  -6824.805630 -25229.235452  -3075.974404    -56.305177  7  6  4  95       
PG32  -5436.712182 -16621.362630  20119.718706    318.717523  7  5  6  79       
*  2020  7 18  3  0  0.00000000
PG01 -15118.998772   -379.946298  21637.208968     26.536943  4  5  2  92       
PG02  13908.787649  20587.372769  -8809.681367   -488.872606  5  4  4  96       
PG03 -21286.215146   9018.979747  12914.052506   -243.016113  6  8  6  76       
PG04 -24124.475376   1087.675217 -11083.864271   -113.760975  7  6  6  98       
PG05  12307.431764   9398.951886 -21729.548461    -16.894421  4  6  5  79       
PG06   5993.256855  25791.397865   1803.410440   -304.476490  3  4  4  64       
PG07  -7952.669885  17937.243548 -17349.351946   -329.716274  6  4  2  74       
PG08 -25982.569811  -6159.984460     49.023644    -41.344428  6  4  4  64       
PG09 -15782.192516  10060.808933 -18900.888259   -255.442844  4  4  4  80       
PG10   8037.746786 -21456.415278  13310.852747   -402.653510  5  7  4  74       
PG11 -21074.471235  -7249.706480  13715.120629   -218.137349  4  4  3  92       
PG12  21661.209303  -7501.008391  13049.943223     92.327126  5  5  4  51       
PG13  21961.781005  13579.267512  -6565.088103     27.686413  4  4  4  92       
PG14 -10619.886764 -16920.935568  17947.004621      2.158870  6  7  5  88       
PG15  26510.525082   3664.434082    204.422227   -216.818094  7  6  3  69       
PG16 -13563.152586  -7691.161842 -21778.922039   -184.101176  5  6  5  93       
PG17   1417.491055  15684.080099  21818.865775    297.534553  7  5  5  82       
PG18   7858.035756 -18358.951334 -17509.074198    248.865679 10 10  9  84       
PG19   9725.784764  16491.267321  18129.519186   -130.599720  6  5  5  85       
PG20  14890.579435 -21790.941006   1400.898243    527.262525  6  8  5  70       
PG21  -6705.519461 -25579.765965  -3155.943846     24.966842  7  5  5  96       
PG22 -19298.985578   2146.620058  18266.380958   -771.276695  6  7  3  93       
PG23  15303.291242 -21200.838287   4637.837770      6.288774 12 13 10  71       
PG24  16694.112314   2207.891648  20412.095925    -15.806233  3  3  4  80       
PG25  20196.827779 -16431.970609   4259.224914     24.528226  6  6  3  51       
PG26  -2722.320452 -17836.454692 -19450.975025    245.268822  7  6  7  75       
PG27 -21241.670186 -12597.432237 -10356.719748   -348.574233  6  5  7  65       
PG28  -8333.670230  20588.212805  15254.675505    698.527408  7  8  5  94       
PG29  19687.011395  -5402.631525 -17058.278675   -152.700480  4  8  4  80       
PG30   -910.845055  24746.642688  -9249.440163   -264.207588  4  5  3  81       
PG31  -6570.442355 -25474.765398   -208.820724    -56.307577  7  6  4  89       
PG32  -3168.771734 -16061.618880  21029.205486    318.723082  7  5  6  77       
*  2020  7 18  3 15  0.00000000
PG01 -15815.279457  -2758.464996  20993.378326     26.540362  4  5  3  83       
PG02  14016.885248  21546.552468  -6135.084488   -488.877663  5  4  4  80       
PG03 -20335.260181   7697.309237  15112.676926   -243.026501  6  8  6  81       
PG04 -25156.879202    588.594747  -8540.102161   -113.765135  8  6  6  24       
PG05  10700.217382  11255.406084 -21680.325179    -16.895189  3  5  5  90       
PG06   5692.218882  25504.444008   4668.707149   -304.480984  3  4  4  78       
PG07  -8750.747727  15933.065031 -18873.229841   -329.723936  6  4  2  78       
PG08 -25786.198740  -6335.268035  -2802.759578    -41.345741  5  4  4  85       
PG09 -17777.657888   9500.597948 -17353.275596   -255.448638  4  4  4  74       
PG10   9124.382562 -22334.759342  10914.997965   -402.663082  5  8  3  78       
PG11 -21906.362855  -8586.231367  11512.237555   -218.127723  4  4  2  85       
PG12  20577.603979  -6233.752510  15258.445225     92.322795  5  4  4  75       
PG13  21056.129341  13478.290640  -9234.991271     27.689461  3  4  4  92       
PG14  -8608.634610 -16426.924284  19434.504866      2.161598  6  7  5  86       
PG15  26376.259885   3968.311987  -2558.907434   -216.815731  7  6  4  65       
PG16 -11755.486763  -9355.220910 -22140.239919   -184.105731  5  7  5  87       
PG17   -924.710825  15050.626109  22291.725715    297.539851  7  5  5  85       
PG18   8569.129752 -16388.589507 -19065.409568    248.874084 10 10  9  91       
PG19   7596.121178  15894.099820  19592.888370   -130.595144  6  5  5  82       
PG20  15179.955186 -21599.534548  -1415.881541    527.262166  6  7  5  85       
PG21  -6248.660090 -25115.392700  -5916.982289     24.970789  6  6  6  85       
PG22 -18125.518088    349.830228  19572.906594   -771.274206  5  6  3  95       
PG23  15737.208765 -21316.486749   1812.318673      6.304267 12 13 10  91       
PG24  17436.827964   4408.886397  19454.081654    -15.806476  4  4  4  85       
PG25  19928.089175 -15758.359360   7040.035778     24.532049  5  6  2  81       
PG26  -1209.594150 -19374.040896 -18061.861159    245.275007  7  6  7  65       
PG27 -19947.784389 -12467.808200 -12800.268134   -348.582849  6  5  7  69       
PG28  -9552.672728  21510.257570  13031.809241    698.524054  6  8  5  98       
PG29  21401.888004  -4768.415800 -15063.536929   -152.707734  4  8  4  95       
PG30  -1523.551554  23655.234400 -11707.221871   -264.214541  4  4  4  76       
PG31  -6240.172826 -25416.657649   2662.023608    -56.310049  7  6  4  81       
PG32   -793.450473 -15602.231130  21580.493086    318.728603  7  5  5  71       
*  2020  7 18  3 30  0.00000000
PG01 -16606.883612  -5002.857046  19982.889785     26.543778  4  6  4  71       
PG02  14046.838536  22212.443632  -3353.226599   -488.882749  5  4  4  74       
PG03 -19307.098447   6144.842525  17048.846354   -243.036928  6  7  7  87       
PG04 -25922.982926    200.122742  -5849.572202   -113.769321  8  6  6  66       
PG05   9204.960680  13172.618751 -21262.576357    -16.895831  3  5  5  88       
PG06   5261.133113  24935.106563   7453.524958   -304.485469  3  4  4  73       
PG07  -9699.675275  13826.401969 -20058.953356   -329.731641  5  4  2  70       
PG08 -25284.134929  -6476.242252  -5607.053833    -41.346522  6  4  4  47       
PG09 -19609.726262   9069.821000 -15508.299798   -255.454384  4  4  3  73       
PG10   9986.947890 -23048.972035   8329.611984   -402.672660  5  8  4  60       
PG11 -22600.403884  -9705.205704   9102.808247   -218.118066  5  4  2  69       
PG12  19401.847998  -4735.025779  17198.496726     92.319024  4  4  4  71       
PG13  19866.412289  13343.135824 -11747.584336     27.692541  3  4  4  71       
PG14  -6430.877029 -16005.345236  20598.755798      2.163986  5  6  4  57       
PG15  25951.874197   4259.392767  -5279.367741   -216.813200  6  7  4  72       
PG16 -10026.603553 -11134.284198 -22128.896407   -184.110054  5  7  5  89       
PG17  -3330.462423  14544.729910  22395.865309    297.545206  7  5  5 102       
PG18   9435.580083 -14310.098029 -20293.718887    248.882474 10 10  8  91       
PG19   5291.817176  15376.237136  20710.912000   -130.590561  6  5  5  71       
PG20  15311.453387 -21151.322039  -4207.964710    527.262268  6  7  6  79       
PG21  -5633.132658 -24396.196373  -8575.978596     24.974927  6  6  6  77       
PG22 -16968.421191  -1604.589469  20547.094504   -771.271735  5  6  2  83       
PG23  15967.622002 -21200.077449  -1044.406296      6.319745 13 13  9  58       
PG24  18230.798806   6451.361563  18158.795705    -15.807281  4  4  4  82       
PG25  19499.281861 -14829.037247   9696.930405     24.535798  4  5  1  66       
PG26    121.043354 -20846.343529 -16360.359983    245.281172  8  7  7  80       
PG27 -18389.430020 -12369.701321 -15028.906749   -348.591466  6  5  7  58       
PG28 -10540.962172  22313.229872  10593.143108    698.521023  7  8  5  97       
PG29  22915.271040  -4285.119317 -12810.794158   -152.715735  4  8  4  89       
PG30  -2274.246408  22341.907457 -13960.713119   -264.221421  4  4  4  61       
PG31  -5799.330296 -25067.809914   5485.712328    -56.311980  6  6  4  56       
PG32   1644.678219 -15259.985116  21763.835502    318.734172  6  4  5  69       
*  2020  7 18  3 45  0.00000000
PG01 -17464.156745  -7073.263117  18624.627993     26.547172  4  6  5  89       
PG02  13962.018418  22591.894784   -513.158419   -488.887969  5  4  4  48       
PG03 -18244.696648   4374.578138  18688.962771   -243.047351  6  7  7  71       
PG04 -26400.521055   -109.194645  -3058.533471   -113.773460  8  5  5  53       
PG05   7845.675016  15109.500729 -20482.739209    -16.896178  2  4  6  70       
PG06   4670.287393  24110.111797  10109.944440   -304.489962  3  4  4  80       
PG07 -10797.145618  11666.189939 -20886.052983   -329.739648  5  5  2  72       
PG08 -24480.508667  -6620.976323  -8316.297056    -41.347266  6  4  3  49       
PG09 -21238.946536   8749.895343 -13397.491818   -255.460168  4  5  2  80       
PG10  10637.954182 -23560.332011   5599.321047   -402.682189  5  8  5  64       
PG11 -23120.374191 -10612.482433   6530.642159   -218.108277  5  4  2  50       
PG12  18178.978350  -3015.541724  18835.671824     92.314429  4  4  4  50       
PG13  18406.136849  13212.181796 -14060.242953     27.695755  2  4  4  67       
PG14  -4124.704300 -15680.897661  21420.530695      2.166822  5  6  4  88       
PG15  25244.607008   4571.925816  -7911.629206   -216.811125  6  7  4  60       
PG16  -8410.376147 -12992.768075 -21743.752799   -184.114583  5  7  5  74       
PG17  -5752.739093  14177.817289  22129.500654    297.550345  7  6  5  91       
PG18  10457.341388 -12170.838452 -21172.981511    248.890857 10 10  8  89       
PG19   2855.628211  14964.258672  21463.244403   -130.585727  6  5  5  55       
PG20  15318.220497 -20434.069653  -6926.716383    527.262023  5  6  7  88       
PG21  -4834.338907 -23450.033731 -11085.729374     24.978843  6  6  6  50       
PG22 -15861.762289  -3687.482739  21173.089524   -771.269603  5  6  3  89       
PG23  16023.672789 -20828.406584  -3883.162674      6.335157 12 14  9  34       
PG24  19043.979616   8304.440664  16549.870735    -15.808085  4  4  3  78       
PG25  18949.532933 -13637.431830  12182.841652     24.539630  3  5  2  62       
PG26   1263.751388 -22209.252399 -14375.407756    245.287328  8  8  7  70       
PG27 -16592.404237 -12337.345495 -17005.142248   -348.600026  6  5  6  38       
PG28 -11303.862254  22955.309119   7978.132825    698.517767  6  8  4  89       
PG29  24189.278151  -3929.956698 -10338.579573   -152.722827  3  8  4  83       
PG30  -3179.822542  20843.456755 -15970.749085   -264.228224  3  4  5  75       
PG31  -5217.040565 -24449.563135   8212.253162    -56.314535  6  6  4  69       
PG32   4098.445052 -15044.111320  21575.686961    318.739645  7  4  5  57       
*  2020  7 18  4  0  0.00000000
PG01 -18351.945750  -8936.654547  16943.437466     26.550561  4  6  6  70       
PG02  13728.757442  22700.270007   2335.804988   -488.892993  4  4  4  38       
PG03 -17189.256267   2407.902852  20004.625431   -243.057691  6  7  7  92       
PG04 -26575.304510   -374.230819   -214.951287   -113.777539  8  5  4  83       
PG05   6639.099423  17021.864218 -19353.388366    -16.896450  2  4  6  91       
PG06   3895.988260  23062.998023  12592.327332   -304.494411  4  5  4  90       
PG07 -12032.615682   9501.221464 -21340.794135   -329.747428  5  5  2  86       
PG08 -23388.103988  -6806.349449 -10884.455449    -41.348798  5  4  3  45       
PG09 -22631.286890   8515.977006 -11056.945496   -255.465957  4  5  2  72       
PG10  11097.445684 -23834.956148   2771.462143   -402.691786  5  8  5  87       
PG11 -23434.038847 -11321.546250   3842.209722   -218.098562  5  4  2  94       
PG12  16952.839245  -1094.874792  20140.948838     92.310287  4  3  4  63       
PG13  16697.043512  13121.390988 -16133.774389     27.698696  2  4  3  80       
PG14  -1732.531477 -15471.633986  21886.104492      2.169353  5  6  4  70       
PG15  24269.330520   4938.434197 -10412.052456   -216.808530  5  7  4  73       
PG16  -6934.381885 -14889.754528 -20989.883580   -184.118995  5  7  5  72       
PG17  -8143.269180  13953.193538  21496.736788    297.555826  7  6  5  97       
PG18  11626.130740 -10018.383763 -21688.187588    248.899153 10  9  7 104       
PG19    335.262577  14677.527730  21836.105843   -130.581196  6  6  5  86       
PG20  15236.179555 -19443.676632  -9524.920700    527.262458  5  5  7  80       
PG21  -3834.378729 -22310.831513 -13400.811801     24.983084  6  6  6  58       
PG22 -14834.617157  -5864.034561  21440.894212   -771.266810  5  6  2  99       
PG23  15939.321448 -20185.717396  -6655.119130      6.350596 12 14  8  80       
PG24  19840.604555   9944.422195  14656.177938    -15.808063  5  4  4  66       
PG25  18320.033871 -12185.921707  14453.643022     24.543454  3  4  3  79       
PG26   2220.791286 -23419.806598 -12140.990526    245.293463  7  8  8  63       
PG27 -14589.579599 -12400.211236 -18695.582880   -348.608694  7  5  6  70       
PG28 -11854.526550  23397.521554   5229.539003    698.514495  6  8  4  66       
PG29  25192.463975  -3673.938090  -7689.190039   -152.730722  3  9  4  91       
PG30  -4250.051172  19200.917121 -17702.522069   -264.235166  3  4  5  65       
PG31  -4467.673476 -23590.806457  10793.468210    -56.316665  5  6  4  75       
PG32   6519.682468 -14955.931280  21018.788964    318.745211  7  4  4  64       
*  2020  7 18  4 15  0.00000000
PG01 -19231.020444 -10567.865688  14969.594504     26.553935  4  6  6  90       
PG02  13317.766203  22560.603437   5144.950098   -488.898124  5  5  4  79       
PG03 -16178.603086    273.956698  20973.131176   -243.068145  6  6  6  95       
PG04 -26441.746960   -631.731714   2632.324426   -113.781677  8  4  4  60       
PG05   5594.181237  18863.968351 -17893.076915    -16.897369  2  4  6  55       
PG06   2921.668657  21832.802414  14858.096881   -304.498923  5  5  5  89       
PG07 -13387.634799   7378.332176 -21416.373317   -329.755213  4  6  1  82       
PG08 -22027.962359  -7066.470230 -13267.776351    -41.349139  5  4  3  67       
PG09 -23759.324509   8338.071292  -8526.712484   -255.471773  3  5  2  48       
PG10  11392.037898 -23845.208757   -104.755846   -402.701327  5  8  6  44       
PG11 -23514.470833 -11852.686796   1085.686443   -218.089111  6  4  2  54       
PG12  15764.347763    999.100960  21091.269027     92.306013  4  4  4  60       
PG13  14768.414353  13102.813882 -17933.050939     27.701821  2  4  3  58       
PG14    700.277166 -15388.267561  21987.461907      2.171756  5  6  3  41       
PG15  23048.013438   5388.336734 -12739.329508   -216.806263  5  7  4  82       
PG16  -5618.952911 -16780.370226 -19878.592072   -184.123136  5  7  5  89       
PG17 -10454.122605  13865.952216  20507.527513    297.560993  7  6  5  96       
PG18  12925.618091  -7898.833282 -21830.587473    248.907536  9  9  6  88       
PG19  -2218.308116  14527.381292  21822.579067   -130.576779  6  6  5  99       
PG20  15102.456140 -18184.453068 -11957.623323    527.262399  5  5  7  86       
PG21  -2623.103056 -21017.351790 -15478.509434     24.986706  5  6  7  70       
PG22 -13910.047199  -8094.913477  21346.489100   -771.264480  5  5  3  90       
PG23  15751.876220 -19264.433500  -9312.627240      6.366021 13 14  8  68       
PG24  20582.616514  11355.434602  12511.251514    -15.809467  5  5  4  49       
PG25  17652.309146 -10485.960366  16469.003673     24.547281  3  4  3  69       
PG26   3002.261662 -24437.834640  -9695.572417    245.299563  7  8  7  68       
PG27 -12419.832609 -12581.776556 -20071.471187   -348.617239  7  5  6  70       
PG28 -12213.358172  23605.283035   2392.843976    698.511034  6  8  4  58       
PG29  25900.957432  -3483.162567  -4907.978687   -152.738205  2  9  4  88       
PG30  -5487.014394  17458.018911 -19126.194663   -264.242055  4  4  5  70       
PG31  -3532.077767 -22526.786357  13183.912388    -56.319179  4  6  4  60       
PG32   8860.868051 -14988.816181  20102.156646    318.750799  6  4  4  63       
*  2020  7 18  4 30  0.00000000
PG01 -20059.649619 -11950.307710  12738.195634     26.557257  4  5  7  72       
PG02  12705.352971  22202.494598   7866.968935   -488.903399  5  5  4  89       
PG03 -15245.725103  -1991.307075  21577.868686   -243.078473  6  6  6  90       
PG04 -26003.072707   -918.696842   5434.394794   -113.785814  8  4  3  87       
PG05   4711.859907  20590.145139 -16126.077609    -16.897711  2  5  6  73       
PG06   1738.717440  20462.551720  16868.460659   -304.503407  4  6  5  98       
PG07 -14836.509487   5340.696860 -21112.957767   -329.763156  4  6  1  88       
PG08 -20428.687344  -7431.200458 -15425.511297    -41.350411  5  5  3  71       
PG09 -24603.194217   8182.350325  -5850.128523   -255.477590  3  5  2  77       
PG10  11553.692948 -23570.881971  -2979.137193   -402.710911  5  7  7  91       
PG11 -23341.147315 -12231.907364  -1690.008598   -218.079412  6  5  3  81       
PG12  14649.890410   3231.113571  21669.974809     92.301550  4  4  4  82       
PG13  12656.107339  13183.253501 -19427.576580     27.704915  1  4  3  84       
PG14   3126.889881 -15433.753974  21722.434506      2.174420  5  6  3  74       
PG15  21608.946077   5946.696628 -14855.081634   -216.803861  4  8  4  86       
PG16  -4476.495443 -18617.342991 -18427.328456   -184.127355  5  7  5  81       
PG17 -12639.296450  13903.186291  19177.564065    297.566509  7  6  5 115       
PG18  14331.936861  -5855.194708 -21597.833928    248.915909  9  9  5  96       
PG19  -4752.678205  14516.660661  21422.764274   -130.572056  5  6  5 104       
PG20  14953.774414 -16669.073245 -14182.921518    527.262438  4  4  7  86       
PG21  -1198.880083 -19611.734892 -17279.742334     24.990614  5  6  7  91       
PG22 -13104.317340 -10337.579696  20891.862889   -771.262078  4  5  3  79       
PG23  15500.403906 -18065.585148 -11810.038444      6.381382 12 14  9  88       
PG24  21231.179662  12529.784869  10152.649997    -15.810182  5  5  4  63       
PG25  16986.477104  -8557.833625  18193.171405     24.551089  2  3  3  43       
PG26   3625.520168 -25227.506700  -7081.433713    245.305698  6  8  7  77       
PG27 -10126.756579 -12898.523851 -21109.155324   -348.625789  7  6  5  85       
PG28 -12407.153728  23549.825245   -484.402904    698.507642  5  8  4  79       
PG29  26299.322239  -3320.305991  -2042.590120   -152.745681  2  8  4  80       
PG30  -6884.850049  15659.554692 -20217.414445   -264.248956  3  4  6  81       
PG31  -2398.546403 -21297.672297  15341.727514    -56.321296  4  5  5  63       
PG32  11076.753038 -15128.461418  18840.962463    318.756346  6  3  4  65       
*  2020  7 18  4 45  0.00000000
PG01 -20795.266606 -13076.343678  10288.479010     26.560640  4  5  7  74       
PG02  11874.408059  21660.797633  10456.691689   -488.908463  5  5  5  90       
PG03 -14417.516663  -4346.329820  21808.599742   -243.088943  6  6  6  65       
PG04 -25271.198427  -1270.751528   8143.147503   -113.789979  8  4  3  80       
PG05   3985.163240  22156.445887 -14082.024544    -16.898679  2  5  5  68       
PG06    346.999015  18997.615990  18589.064103   -304.507864  5  6  5  96       
PG07 -16347.269981   3426.306205 -20437.574370   -329.770881  3  6  1  87       
PG08 -18625.473908  -7924.838905 -17320.598798    -41.351656  5  5  4  83       
PG09 -25151.259520   8012.627113  -3073.081561   -255.483394  3  5  2  66       
PG10  11618.280554 -23000.096862  -5801.412582   -402.720483  5  7  7  66       
PG11 -22900.778404 -12489.624089  -4436.154073   -218.070045  6  5  3  65       
PG12  13639.918135   5559.698531  21867.116995     92.297127  4  4  4  87       
PG13  10401.352704  13383.139304 -20591.979669     27.707887  1  4  3  70       
PG14   5500.546268 -15603.161351  21094.764526      2.177042  5  6  2  57       
PG15  19985.756101   6633.138069 -16724.410569   -216.801666  3  8  4  83       
PG16  -3511.108785 -20352.682436 -16659.504156   -184.132029  6  8  5  68       
PG17 -14656.245065  14044.496989  17528.091036    297.571396  7  6  4 101       
PG18  15814.495046  -3925.894650 -20994.015272    248.924133  9  8  4  76       
PG19  -7215.900386  14639.604606  20643.787135   -130.567384  5  7  5  89       
PG20  14824.888466 -14918.208813 -16162.687150    527.262367  4  4  8  82       
PG21    430.974602 -18137.872422 -18769.973175     24.994695  5  6  7  95       
PG22 -12426.380434 -12547.711452  20084.954529   -771.259506  4  5  3  79       
PG23  15224.084001 -16598.912096 -14104.484261      6.396752 11 13  9           
PG24  21748.215756  13467.994767   7621.269145    -15.811497  5  6  4  78       
PG25  16359.577594  -6430.058300  19595.663588     24.554926  2  1  2  62       
PG26   4114.313179 -25758.735863  -4343.929998    245.311785  6  8  7  61       
PG27  -7757.202576 -13359.200202 -21790.492624   -348.634331  7  6  5  91       
PG28 -12467.993291  23209.449275  -3353.309408    698.504192  5  7  4  69       
PG29  26381.107381  -3146.246207    857.845607   -152.753325  2  8  4  80       
PG30  -8429.818032  13849.722888 -20957.721460   -264.255865  4  5  6  88       
PG31  -1063.472236 -19946.941831  17229.412100    -56.323709  3  5  4  89       
PG32  13125.915046 -15353.469102  17256.316579    318.761885  6  3  4  54       
*  2020  7 18  5  0  0.00000000
PG01 -21396.158040 -13947.318599   7663.095125     26.564000  4  5  7  83       
PG02  10815.125825  20974.161251  12871.742498   -488.913557  5  5  5  91       
PG03 -13713.777964  -6745.375179  21661.623151   -243.099418  5  5  6  83       
PG04 -24266.293530  -1720.573693  10712.078067   -113.794112  7  4  4  66       
PG05   3399.615743  23522.245999 -11795.457302    -16.899461  2  6  5  68       
PG06  -1244.956372  17483.989198  19990.564533   -304.512328  5  6  5 101       
PG07 -17882.891330   1666.684389 -19403.858383   -329.778917  3  7     69       
PG08 -16658.896074  -8565.015603 -18920.296433    -41.353156  5  6  4  85       
PG09 -25400.479889   7791.929327   -243.233403   -255.489201  3  5  3  78       
PG10  11623.982987 -22129.886088  -8522.161262   -402.729999  5  7  7  82       
PG11 -22187.841188 -12659.217570  -7105.124966   -218.060470  6  5  3  80       
PG12  12757.798389   7938.657529  21679.624434     92.293014  5  5  5  96       
PG13   8049.355511  13715.652012 -21406.425438     27.710987     4  3  85       
PG14   7776.101821 -15883.836272  20114.092935      2.179625  5  6  2  69       
PG15  18216.249630   7460.966379 -18316.400293   -216.799410  3  7  3  74       
PG16  -2718.525291 -21939.424610 -14604.197959   -184.136546  5  8  5  69       
PG17 -16467.302987  14262.786571  15585.647592    297.576321  7  6  4 104       
PG18  17337.055768  -2143.473857 -20029.579461    248.932552  8  7  4  85       
PG19  -9558.361368  14882.110262  19499.658943   -130.562896  5  7  5  93       
PG20  14747.111591 -12959.858910 -17863.210111    527.262053  3  4  7  76       
PG21   2250.140580 -16639.675319 -19920.057477     24.998682  5  6  7  87       
PG22 -11877.644621 -14680.698574  18939.509608   -771.257146  3  5  3  93       
PG23  14960.570388 -14882.639081 -16156.606608      6.412126 11 13  9  13       
PG24  22097.905830  14178.530608   4960.620487    -15.811955  5  6  4  57       
PG25  15804.038237  -4138.446049  20651.848652     24.558754  3  2  1  70       
PG26   4497.647234 -26008.370682  -1530.685936    245.317945  5  8  6  65       
PG27  -5359.698500 -13964.370107 -22103.178946   -348.642878  7  7  5  96       
PG28 -12431.908723  22570.553018  -6164.429075    698.500984  5  7  4  59       
PG29  26149.065856  -2921.762946   3743.547258   -152.760812  2  8  4  75       
PG30 -10100.683854  12070.514491 -21334.842488   -264.262764  4  5  6  73       
PG31    468.331685 -18519.655306  18814.490257    -56.325833  2  5  4  83       
PG32  14972.176046 -15636.218720  15374.944823    318.767399  6  3  4  63       
*  2020  7 18  5 15  0.00000000
PG01 -21823.110849 -14573.251576   4907.342529     26.567362  4  5  7  48       
PG02   9525.448232  20183.477527  15073.116404   -488.918739  5  5  6  93       
PG03 -13146.508379  -9140.120156  21139.819455   -243.109858  5  5  6  84       
PG04 -23016.036165  -2296.436355  13097.083096   -113.798192  7  4  4  40       
PG05   2933.946836  24651.746261  -9305.271510    -16.900122  3  7  5  44       
PG06  -3020.098470  15966.562910  21049.117059   -304.516779  4  6  5  89       
PG07 -19402.712179     85.894482 -18031.676223   -329.786766  2  6  1  90       
PG08 -14573.495724  -9361.840084 -20196.751892    -41.354406  5  7  4 101       
PG09 -25356.459568   7484.111886   2590.792450   -255.495015  2  5  2  74       
PG10  11609.609610 -20966.432065 -11093.722074   -402.739474  5  7  7  78       
PG11 -21204.806064 -12775.502362  -9651.229707   -218.050688  6  6  3  31       
PG12  12018.971198  10318.709473  21111.333378     92.288710  5  5  5  92       
PG13   5647.755270  14186.131867 -21856.942861     27.713912     4  3  75       
PG14   9911.525860 -16255.862760  18795.868868      2.181969  5  6     84       
PG15  16341.117208   8436.520623 -19604.566878   -216.797107  3  7  3  57       
PG16  -2086.381054 -23333.375363 -12295.751143   -184.141018  5  8  5  83       
PG17 -18040.950997  14525.312092  13381.731958    297.581118  6  5  4  93       
PG18  18859.045936   -533.516119 -18721.150746    248.940859  8  7  5  62       
PG19 -11734.561559  15222.350243  18010.992551   -130.558213  5  7  5 103       
PG20  14747.001167 -10828.406509 -19255.752278    527.261939  3  5  7  58       
PG21   4233.627927 -15159.311962 -20707.004226     25.002945  5  7  7  89       
PG22 -11452.030353 -16693.150400  17474.853862   -771.254825  3  5  3  78       
PG23  14744.424280 -12942.932786 -17931.226223      6.427491 10 12  9  65       
PG24  22248.102049  14677.243356   2216.088650    -15.812313  4  7  5  63       
PG25  15346.344943  -1724.871488  21343.404072     24.562594  3  2     65       
PG26   4808.447245 -25961.129292   1309.260616    245.324034  5  8  6  50       
PG27  -2982.801148 -14706.280162 -22040.997313   -348.651459  7  7  4  88       
PG28 -12337.373237  21628.383617  -8868.605873    698.497404  4  6  4  78       
PG29  25615.032478  -2609.246690   6564.931227   -152.768434  2  8  4  74       
PG30 -11869.402386  10360.206135 -21342.868907   -264.269576  4  5  6  85       
PG31   2183.657488 -17060.693917  20070.066850    -56.328128  2  4  4  65       
PG32  16585.830852 -15943.994867  13228.766837    318.772904  6  3  4  73       
*  2020  7 18  5 30  0.00000000
PG01 -22040.956316 -14972.209461   2068.383222     26.570774  5  5  8  85       
PG02   8011.224319  19330.296758  17025.678244   -488.923884  5  5  6  87       
PG03 -12719.519971 -11481.346924  20252.577042   -243.120304  4  5  6  79       
PG04 -21554.593473  -3020.922571  15257.212307   -113.802356  7  4  5  65       
PG05   2561.074696  25515.311118  -6654.081939    -16.900795  3  7  4  59       
PG06  -4953.332865  14487.458869  21746.765418   -304.521250  4  6  5  78       
PG07 -20863.987982  -1300.135938 -16346.639253   -329.794576  2  6  2  79       
PG08 -12416.223076 -10317.338413 -21127.502851    -41.355228  5  7  4  52       
PG09 -25033.175264   7055.445575   5380.243246   -255.500814  2  5  2  88       
PG10  11612.890836 -19524.949106 -13471.073133   -402.748955  6  6  7  83       
PG11 -19962.056117 -12873.179769 -12031.471540   -218.041411  6  6  3  57       
PG12  11430.442389  12649.264597  20172.877923     92.284452  5  6  5  85       
PG13   3244.998499  14791.792649 -21935.661376     27.717199     5  4  86       
PG14  11869.300929 -16692.802355  17161.177444      2.184595  4  5     75       
PG15  14402.547929   9558.780376 -20567.253732   -216.794608  3  7  3  67       
PG16  -1594.814377 -24494.784245  -9773.251495   -184.145326  6  8  5  82       
PG17 -19352.879207  14794.968175  10952.387404    297.586293  6  5  4  83       
PG18  20337.043012    886.149152 -17091.242244    248.949177  7  6  6  77       
PG19 -13704.724136  15631.718289  16204.582123   -130.553701  4  6  5  93       
PG20  14845.249301  -8563.440239 -20317.004450    527.261941  3  5  7  87       
PG21   6348.505822 -13735.497763 -21114.613331     25.006774  5  7  7  74       
PG22 -11136.313971 -18544.364904  15715.586927   -771.252253  2  5  2  47       
PG23  14605.678922 -10813.061015 -19397.938295      6.442885 10 11  9  10       
PG24  22171.599403  14986.545676   -565.820548    -15.812601  4  7  4  19       
PG25  15005.972849    764.203109  21658.640655     24.566427  4  2  2  77       
PG26   5082.055845 -25610.235653   4126.346818    245.330088  5  7  5  35       
PG27   -673.439506 -15569.044815 -21603.979482   -348.659993  7  7  4  91       
PG28 -12223.665134  20387.473611 -11417.862539    698.493917  4  5  4  84       
PG29  24799.464534  -2174.350038   9273.460716   -152.776000  3  7  3  41       
PG30 -13702.072833   8752.017650 -20982.317561   -264.276484  5  5  5  80       
PG31   4061.268496 -15613.034784  20975.260131    -56.330460  2  4  3  85       
PG32  17944.637743 -16240.330588  10854.378941    318.778445  6  3  4  54       
*  2020  7 18  5 45  0.00000000
PG01 -22019.955809 -15169.392371   -805.548890     26.574159  5  5  7  50       
PG02   6286.089365  18455.263029  18698.586229   -488.928762  5  5  6  98       
PG03 -12428.384484 -13720.669152  19015.602633   -243.130700  4  5  6  75       
PG04 -19921.365152  -3909.862810  17155.366796   -113.806492  7  4  5  61       
PG05   2249.330086  26090.589487  -3887.506671    -16.901605  4  7  3  38       
PG06  -7012.308301  13084.483649  22071.732453   -304.525691  4  6  4  99       
PG07 -22223.512377  -2483.951694 -14379.527058   -329.802302  2  5  3  81       
PG08 -10234.785620 -11425.203696 -21695.895915    -41.355633  6  8  4  84       
PG09 -24452.392456   6476.119489   8077.075587   -255.506594  2  5  2  73       
PG10  11668.822617 -17829.213231 -15612.660673   -402.758471  6  6  8  82       
PG11 -18477.512830 -12985.336441 -14206.224100   -218.031610  6  7  3  57       
PG12  10990.632015  14880.247906  18881.446652     92.280137  5  6  5 102       
PG13    888.683291  15521.752926 -21640.953702     27.720165     5  4  85       
PG14  13617.673594 -17162.693774  15236.483146      2.187062  4  5     90       
PG15  12442.797690  10819.240730 -21187.969314   -216.791963  3  6  3  77       
PG16  -1217.375636 -25389.880455  -7079.909170   -184.149642  6  8  6  73       
PG17 -20386.805988  15031.758171   8337.708705    297.591782  6  4  4  85       
PG18  21726.383131   2105.941210 -15167.869377    248.957542  7  6  6  83       
PG19 -15436.167073  16076.061048  14112.858769   -130.549009  4  6  5  81       
PG20  15055.820356  -6208.389496 -21029.441245    527.261735  3  5  6  67       
PG21   8555.003521 -12401.919587 -21133.958935     25.010856  5  7  7  89       
PG22 -10910.745071 -20197.707278  13691.199804   -771.249761  3  5  3  34       
PG23  14568.591340  -8532.286187 -20531.625800      6.458253  9 10  9   7       
PG24  21847.223328  15134.360898  -3338.230530    -15.814099  4  8  4  14       
PG25  14794.621710   3279.383649  21592.687146     24.570290  4  3  3  81       
PG26   5354.635381 -24957.730760   6871.386822    245.336125  4  7  6  70       
PG27   1524.691016 -16529.151248 -20798.474311   -348.668579  6  8  5  86       
PG28 -12129.167416  18861.729587 -13766.316154    698.490948  4  5  4  64       
PG29  23730.661970  -1587.517009  11822.480837   -152.783132  3  7  3  70       
PG30 -15560.125565   7272.984629 -20260.076550   -264.283353  5  5  5  77       
PG31   6072.586289 -14216.133237  21515.507110    -56.332446  2  3  3  67       
PG32  19034.531255 -16486.515722   8292.448221    318.783964  5  3  5  86       
*  2020  7 18  6  0  0.00000000
PG01 -21736.980214 -15195.970656  -3665.934581     26.577595  6  5  7  80       
PG02   4371.075886  17596.621261  20065.644231   -488.933929  5  5  6  88       
PG03 -12260.713714 -15812.225845  17450.621281   -243.141088  3  6  5  69       
PG04 -18159.538353  -4971.536306  18758.932006   -113.810555  6  4  6  79       
PG05   1963.874021  26363.371018  -1053.383198    -16.902207  4  8  3  55       
PG06  -9158.485293  11789.763441  22018.606632   -304.530178  4  6  4  96       
PG07 -23439.240640  -3466.566981 -12165.639247   -329.810463  2  5  3  89       
PG08  -8075.966519 -12670.873511 -21891.415460    -41.355785  5  8  4  94       
PG09 -23642.792085   5721.598074  10634.785669   -255.512389  3  5  2  59       
PG10  11808.130426 -15910.758708 -17481.158954   -402.768030  6  5  7  68       
PG11 -16775.992182 -13142.045783 -16139.815282   -218.022501  6  7  3  73       
PG12  10689.580327  16963.897058  17260.414079     92.275622  4  6  6  92       
PG13  -1376.063838  16357.384674 -20977.481922     27.723149  1  5  4  88       
PG14  15131.709995 -17629.281288  13053.286403      2.189780  4  5     86       
PG15  10502.759139  12202.061590 -21455.663877   -216.789936  3  6  3  77       
PG16   -922.218328 -25992.205349  -4262.331069   -184.153807  6  8  6  81       
PG17 -21135.018243  15194.405055   5581.269226    297.596907  5  5  4  82       
PG18  22982.829170   3124.701178 -12984.070644    248.965871  7  6  7  62       
PG19 -16904.383074  16517.141254  11773.237531   -130.544677  4  5  4  77       
PG20  15385.366054  -3809.026850 -21381.571221    527.261789  4  5  5  76       
PG21  10807.941105 -11185.874886 -20763.692709     25.014983  5  7  6  78       
PG22 -10749.915597 -21621.849121  11435.619901   -771.247757  2  6  3  57       
PG23  14650.629095  -6144.535225 -21312.882493      6.473602  9  9  9  66       
PG24  21260.696814  15152.885655  -6054.633426    -15.814452  3  8  4  61       
PG25  14715.785634   5770.110401  21147.533454     24.574188  5  3  5  79       
PG26   5661.538426 -24014.445196   9496.468374    245.342146  4  6  6  75       
PG27   3572.623938 -17556.269939 -19637.117391   -348.677100  6  8  5  82       
PG28 -12089.671895  17074.154892 -15871.100473    698.486875  4  5  4  85       
PG29  22443.696187   -825.330052  14168.025208   -152.790785  4  7  4  53       
PG30 -17401.692853   5943.087215 -19189.240022   -264.290290  5  5  5  93       
PG31   8182.666143 -12904.475881  21682.740785    -56.334836  3  3  3  83       
PG32  19850.027393 -16643.212350   5587.026496    318.789479  5  3  5  85       
*  2020  7 18  6 15  0.00000000
PG01 -21176.443792 -15087.720306  -6464.740543     26.581018  6  6  7  82       
PG02   2293.975820  16788.841745  21105.587381   -488.938736  5  5  6 104       
PG03 -12196.759942 -17714.277499  15584.973011   -243.151479  3  7  5  42       
PG04 -16314.509011  -6206.167771  20040.334941   -113.814668  6  5  6  83       
PG05   1668.254268  26328.140377   1799.070270    -16.902782  4  8  3  72       
PG06 -11348.445447  10628.609919  21588.422546   -304.534665  4  5  4 107       
PG07 -24471.852160  -4257.133748  -9744.094432   -329.818304  2  4  3  99       
PG08  -5983.975754 -14031.935563 -21709.914030    -41.357849  5  8  4  84       
PG09 -22638.840735   4773.778850  13009.216557   -255.518096  3  5  2  85       
PG10  12055.916399 -13807.774327 -19044.144928   -402.777624  5  4  7  88       
PG11 -14888.324070 -13369.121926 -17801.017051   -218.012898  6  7  3  92       
PG12  10509.498272  18856.462151  15338.858444     92.271303  5  7  6 105       
PG13  -3508.119371  17272.967974 -19956.144877     27.726131  2  6  4  66       
PG14  16394.114617 -18053.431916  10647.691972      2.192614  3  5     75       
PG15   8620.581322  13684.489045 -21364.941243   -216.787600  3  6  3  77       
PG16   -673.527960 -26283.681544  -1369.704133   -184.157814  6  8  6  44       
PG17 -21598.606681  15242.046301   2729.470483    297.601868  5  5  4  72       
PG18  24064.235072   3949.538507 -10577.343671    248.974185  7  6  7  76       
PG19 -18093.786143  16914.268032   9227.373871   -130.540109  4  5  4  87       
PG20  15832.937502  -1411.895704 -21368.081605    527.261717  4  5  5  93       
PG21  13058.427162 -10107.196494 -20010.148514     25.018845  5  7  6  87       
PG22 -10623.849937 -22791.823846   8986.688006   -771.245155  2  6  3  40       
PG23  14861.730831  -3696.896251 -21728.339048      6.488988  8  7  8  44       
PG24  20405.258902  15077.213177  -8669.610307    -15.814214  3  8  3  33       
PG25  14764.671807   8186.460510  20331.934966     24.578062  5  4  5  92       
PG26   6035.714218 -22799.633694  11955.824926    245.348139  5  5  6  91       
PG27   5437.449707 -18614.345947 -18138.697282   -348.685710  6  8  5  92       
PG28 -12136.760583  15056.203042 -17693.271007    698.483680  4  5  5  92       
PG29  20979.087902    128.378739  16269.579854   -152.798659  4  8  4  61       
PG30 -19183.109149   4774.665541 -17788.837994   -264.297222  5  5  5 102       
PG31  10351.417190 -11706.358885  21475.441784    -56.336870  3  3  3  87       
PG32  20394.303227 -16672.114215   2784.794895    318.794964  5  3  5  83       
*  2020  7 18  6 30  0.00000000
PG01 -20330.962626 -14883.509309  -9155.166285     26.584437  6  6  7  77       
PG02     88.479371  16061.402783  21802.305594   -488.944017  5  5  6 102       
PG03 -12210.310639 -19390.643814  13451.114955   -243.161865  4  8  5  78       
PG04 -14432.229793  -7605.739612  20977.516395   -113.818779  6  4  7  82       
PG05   1326.038791  25988.303729   4620.132867    -16.903451  5  8  4  69       
PG06 -13535.392073   9618.659179  20788.634923   -304.539181  4  5  4 101       
PG07 -25286.194217  -4872.305057  -7157.093984   -329.826306  2  4  4  88       
PG08  -3998.897129 -15478.850335 -21153.737099    -41.358573  6  9  4  92       
PG09 -21479.447542   3621.904370  15159.328053   -255.523893  3  5  2  78       
PG10  12430.545160 -11563.745073 -20274.673860   -402.787200  5  4  7  85       
PG11 -12850.274715 -13687.067446 -19163.441833   -218.003034  6  8  4  67       
PG12  10425.635125  20519.740364  13150.979789     92.267079  5  7  6  90       
PG13  -5471.745828  18236.629301 -18593.925960     27.729288  3  6  4  69       
PG14  17395.777475 -18394.693327   8059.889079      2.195027  3  4     71       
PG15   6830.386284  15237.538156 -20916.200995   -216.785235  3  6  3  61       
PG16   -433.133225 -26255.368178   1547.097926   -184.162425  5  8  7  72       
PG17 -21787.379534  15135.951343   -169.181730    297.606786  5  5  4  77       
PG18  24932.142774   4595.357425  -7989.005835    248.982499  7  6  7  54       
PG19 -18998.098895  17226.023925   6520.349630   -130.535512  4  5  4  85       
PG20  16390.001886    937.277219 -20989.878787    527.261884  4  5  4  82       
PG21  15255.743661  -9177.519905 -18887.239014     25.023098  5  7  6  76       
PG22 -10499.277451 -23689.859728   6385.572232   -771.242832  2  6  3  41       
PG23  15203.868921  -1237.998922 -21770.887369      6.504371  8  8  7  60       
PG24  19282.015295  14943.867774 -11139.524954    -15.815185  3  7  3  60       
PG25  14928.467255  10480.912538  19161.184241     24.581953  5  6  6  90       
PG26   6506.216867 -21340.286638  14206.664750    245.354161  4  3  7  76       
PG27   7093.423839 -19662.934675 -16327.914994   -348.694307  6  7  5 104       
PG28 -12296.338035  12846.775300 -19198.666012    698.480508  4  5  4  90       
PG29  19381.284396   1281.696827  18090.790754   -152.805883  4  8  4  69       
PG30 -20860.482372   3772.140680 -16083.468777   -264.304031  5  5  5  97       
PG31  12535.015015 -10642.934962  20898.569954    -56.339052  3  3  3  79       
PG32  20678.945532 -16537.584252    -65.748208    318.800469  5  3  5  72       
*  2020  7 18  6 45  0.00000000
PG01 -19201.717866 -14623.691060 -11692.359088     26.587880  6  7  7  80       
PG02  -2206.878957  15437.766232  22145.009185   -488.949179  5  4  5  90       
PG03 -12269.840400 -20811.928919  11086.039272   -243.172254  4  8  4  52       
PG04 -12557.547525  -9154.127768  21554.310356   -113.822910  6  5  7  93       
PG05    902.459847  25356.074729   7360.481215    -16.904365  5  8  4  85       
PG06 -15670.785689   8769.315349  19632.987143   -304.543658  4  5  4  98       
PG07 -25852.556620  -5335.327299  -4449.166480   -329.834045  3  4  4  84       
PG08  -2155.291762 -16975.966979 -20231.736437    -41.359658  5  9  4  95       
PG09 -20206.459562   2263.191344  17047.915192   -255.529698  3  5  2  48       
PG10  12942.813310  -9225.895351 -21151.744931   -402.796804  5  3  7  83       
PG11 -10701.316384 -14110.246773 -20205.848392   -217.993412  6  8  4  78       
PG12  10407.423205  21922.386749  10735.433977     92.262668  5  8  6  91       
PG13  -7237.774627  19211.530321 -16913.641541     27.732043  3  6  4  66       
PG14  18136.023412 -18612.937111   5333.545172      2.197465  3  4     58       
PG15   5161.127864  16826.918049 -20115.705946   -216.782555  3  5  3  82       
PG16   -162.233864 -25907.863876   4436.466180   -184.166871  5  7  7  76       
PG17 -21719.449355  14841.196289  -3064.867915    297.612100  5  5  3  77       
PG18  25553.250608   5084.082331  -5263.489978    248.990880  7  6  7  89       
PG19 -19620.370874  17412.015556   3699.809384   -130.531070  4  5  4  86       
PG20  17040.760024   3195.125574 -20254.027352    527.261982  4  5  3  80       
PG21  17349.326256  -8399.931362 -17416.144984     25.027311  4  7  5  55       
PG22 -10341.042113 -24305.959244   3676.124723   -771.240269  2  6  5  55       
PG23  15670.930928   1183.660518 -21439.799701      6.519800  8  8  7  72       
PG24  17900.010892  14789.302982 -13423.184772    -15.816227  3  7  3  29       
PG25  15186.937653  12610.001994  17656.759730     24.585874  5  6  6  83       
PG26   7096.876705 -19670.146961  16209.939817    245.360213  4  2  7  65       
PG27   8522.809543 -20658.735437 -14235.035061   -348.702911  5  7  5  80       
PG28 -12587.385216  10490.893610 -20358.694964    698.477000  4  6  4  96       
PG29  17696.994486   2634.114823  19600.102218   -152.813316  4  8  5  80       
PG30 -22391.275857   2932.047890 -14102.842942   -264.310928  4  5  5  88       
PG31  14687.448493  -9727.560229  19963.383724    -56.341270  3  3  3  82       
PG32  20723.376447 -16208.204239  -2915.141341    318.805951  4  2  5  76       
*  2020  7 18  7  0  0.00000000
PG01 -17798.514121 -14348.462698 -14034.090480     26.591286  6  7  6  53       
PG02  -4549.932384  14934.574743  22128.339848   -488.954154  5  4  5 102       
PG03 -12339.873414 -21956.488797   8530.618374   -243.182587  4  8  4  85       
PG04 -10732.593378 -10827.556933  21760.724174   -113.826996  6  5  7  77       
PG05    366.000908  24452.021394   9972.092977    -16.905283  5  8  5  86       
PG06 -17706.053100   8081.518995  18141.276682   -304.548152  4  4  4  92       
PG07 -26147.735247  -5674.903378  -1666.406830   -329.841713  4  4  4  80       
PG08   -481.013708 -18482.796671 -18959.168106    -41.360990  6  9  4  94       
PG09 -18863.053828    703.150739  18642.262211   -255.535484  3  5  3  45       
PG10  13595.435107  -6843.497670 -21660.648901   -402.806404  4  3  6  79       
PG11  -8483.291532 -14646.307759 -20912.361667   -217.983723  6  8  4  68       
PG12  10419.849116  23040.952997   8134.599371     92.258429  5  8  6  71       
PG13  -8784.543673  20157.264450 -14943.591549     27.735337  4  6  4  82       
PG14  18622.547209 -18670.026505   2515.117488      2.200387  3  3  1  51       
PG15   3635.634564  18414.171825 -18975.569425   -216.780405  3  5  3  98       
PG16    176.827662 -25251.334065   7247.044627   -184.171101  5  7  7  86       
PG17 -21420.499871  14328.228933  -5907.302371    297.617824  5  5  3  69       
PG18  25900.696819   5443.612573  -2447.586871    248.999211  6  6  6  81       
PG19 -19972.634051  17434.575674    815.068152   -130.526382  4  5  3  82       
PG20  17762.749932   5322.086963 -19173.591655    527.261492  4  5  3  49       
PG21  19290.742304  -7769.013726 -15624.808446     25.031817  4  7  5  63       
PG22 -10113.598441 -24638.201674    904.187937   -771.238046  1  6  5  74       
PG23  16248.924482   3521.386368 -20740.740769      6.535154  8  9  7  59       
PG24  16276.023180  14648.416267 -15482.463161    -15.816330  3  6  3  54       
PG25  15513.328388  14535.803087  15845.863864     24.589775  5  7  6  88       
PG26   7825.188996 -17828.473108  17931.038955    245.366208  4  3  7  70       
PG27   9716.417964 -21557.266899 -11895.428724   -348.711581  5  7  5  93       
PG28 -13020.998253   8038.097538 -21151.025951    698.473729  4  6  4 108       
PG29  15973.445321   4176.346338  20771.314267   -152.820556  4  8  6  82       
PG30 -23735.841165   2243.377052 -11881.248637   -264.317827  4  4  5  84       
PG31  16762.139327  -8965.459332  18687.156841    -56.343201  3  3  3  79       
PG32  20553.977330 -15658.173358  -5713.840044    318.811377  4  2  5  73       
*  2020  7 18  7 15  0.00000000
PG01 -16139.533439 -14096.246281 -16141.388627     26.594714  6  7  6  64       
PG02  -6896.213884  14561.093220  21752.429181   -488.959089  6  4  4  80       
PG03 -12382.502128 -22811.105921   5828.889858   -243.192948  5  8  4  92       
PG04  -8995.287094 -12595.358730  21593.114640   -113.831120  6  5  7  92       
PG05   -310.140010  23304.289638  12409.134302    -16.906038  5  7  6  79       
PG06 -19594.306053   7547.848293  16339.021315   -304.552634  4  3  4  70       
PG07 -26155.851926  -5923.874975   1144.278078   -329.849990  4  4  4  79       
PG08   1003.713991 -19955.496653 -17357.473250    -41.362326  6  9  5  89       
PG09 -17492.088604  -1044.415297  19914.719817   -255.541166  3  5  3  56       
PG10  14382.863200  -4466.115455 -21793.193087   -402.815724  4  3  5  91       
PG11  -6239.019522 -15295.864598 -21272.611921   -217.974527  7  8  4  79       
PG12  10424.993095  23860.618190   5393.793324     92.253617  5  8  6  57       
PG13 -10098.553071  21031.410101 -12717.115214     27.738327  4  5  3  58       
PG14  18871.029660 -18531.443911   -346.910617      2.202868  3  3     38       
PG15   2269.873601  19957.995763 -17513.656827   -216.778216  3  5  3  94       
PG16    618.827548 -24305.155568   9928.730671   -184.175758  5  6  8  88       
PG17 -20922.752938  13574.258062  -8646.624604    297.622297  5  6  2  83       
PG18  25955.108796   5706.547407    410.353023    249.007487  6  6  6  74       
PG19 -20075.216721  17260.348319  -2083.789293   -130.522335  5  5  3  71       
PG20  18527.711329   7283.694648 -17767.384993    527.261877  4  5  3  62       
PG21  21035.569579  -7271.284554 -13547.250458     25.035147  4  6  5  82       
PG22  -9782.538953 -24692.755298  -1883.141582   -771.235857  2  6  6  42       
PG23  16916.497870   5731.880031 -19685.672786      6.550535  8  9  7  60       
PG24  14434.084374  14553.132103 -17282.878061    -15.816343  2  6  3  45       
PG25  15875.526162  16227.180910  13760.864909     24.593661  5  7  5  73       
PG26   8701.464700 -15858.598985  19340.391943    245.372235  3  4  7  84       
PG27  10673.819995 -22314.620983  -9349.012309   -348.720222  5  6  5  83       
PG28 -13599.764007   5540.629988 -21560.144990    698.470328  4  6  4  97       
PG29  14256.628394   5890.492934  21584.048566   -152.828244  4  8  6  83       
PG30 -24858.844649   1688.203730  -9456.948903   -264.324720  4  4  4  87       
PG31  18713.572039  -8353.714407  17092.803194    -56.345680  4  3  3  88       
PG32  20202.944622 -14868.497848  -8413.105707    318.816813  4  2  4  62       
*  2020  7 18  7 30  0.00000000
PG01 -14250.795060 -13902.149070 -17979.121667     26.598174  6  7  5  66       
PG02  -9200.367528  14318.910677  21022.905591   -488.964362  6  4  4  69       
PG03 -12359.002288 -23371.347623   3027.294169   -243.203402  5  8  4  55       
PG04  -7378.012191 -14421.004822  21054.256738   -113.835293  6  6  7  71       
PG05  -1146.772549  21947.533192  14628.811446    -16.906967  4  7  6  75       
PG06 -21292.005103   7152.948477  14257.031244   -304.557142  3  3  4  60       
PG07 -25868.907772  -6117.776034   3935.907501   -329.857644  4  5  4  71       
PG08   2286.924087 -21348.508790 -15453.942236    -41.363836  6  9  5  95       
PG09 -16134.478083  -2957.741222  20843.194962   -255.546930  3  4  3  46       
PG10  15291.449101  -2141.850434 -21547.801989   -402.825315  3  3  4  78       
PG11  -4010.893638 -16052.446333 -21281.798907   -217.964977  6  8  4  78       
PG12  10383.672831  24375.588719   2560.455480     92.249064  6  8  6  68       
PG13 -11174.812359  21791.182836 -10272.056597     27.741254  4  5  2  55       
PG14  18904.442163 -18167.812290  -3202.858566      2.205327  3  3  2  65       
PG15   1072.467073  21415.694801 -15753.396185   -216.775988  3  5  2  81       
PG16   1194.032021 -23097.189284  12433.662061   -184.179558  5  6  8  72       
PG17 -20263.668964  12564.405035 -11234.318353    297.627707  4  6  2  57       
PG18  25705.377491   5908.730795   3261.245144    249.015809  5  7  5  70       
PG19 -19955.750380  16861.695731  -4946.798655   -130.517672  5  5  2  59       
PG20  19302.677007   9051.671890 -16059.632246    527.262258  4  5  3  48       
PG21  22545.085855  -6885.998927 -11222.742356     25.039984  3  5  5  71       
PG22  -9316.096175 -24483.595664  -4638.282796   -771.233700  1  6  6  77       
PG23  17645.756622   7776.705941 -18292.654724      6.565922  8  8  7  17       
PG24  12404.748752  14531.102724 -18794.121610    -15.816921  2  5  3  61       
PG25  16237.429834  17660.769211  11438.658324     24.597583  5  8  5  50       
PG26   9728.276701 -13806.349691  20413.973754    245.378310  3  4  6  77       
PG27  11403.216093 -22889.226584  -6639.586753   -348.728880  5  5  5  60       
PG28 -14317.509193   3051.489721 -21577.763615    698.466915  3  6  4  80       
PG29  12589.602837   7750.549532  22024.113947   -152.835940  4  9  6  94       
PG30 -25730.535389   1242.583773  -6871.521974   -264.331633  4  3  4  76       
PG31  20498.873788  -7881.571118  15208.421058    -56.347905  4  3  4  69       
PG32  19706.922872 -13827.922014 -10965.885178    318.822228  4  3  4  45       
*  2020  7 18  7 45  0.00000000
PG01 -12165.340395 -13796.556094 -19516.527458     26.601581  6  7  4  72       
PG02 -11417.596491  14201.912116  19950.849033   -488.969407  6  4  3  81       
PG03 -12231.481452 -23641.596959    173.878430   -243.213791  5  8  5  55       
PG04  -5906.512665 -16263.376305  20153.303497   -113.839379  6  6  7  91       
PG05  -2157.676260  20421.592497  16592.167346    -16.907501  4  6  6  69       
PG06 -22760.506250   6874.272854  11930.893616   -304.561658  2  3  4  84       
PG07 -25287.056879  -6293.311564   6662.141011   -329.865463  5  5  4  82       
PG08   3365.203469 -22616.289006 -13281.265375    -41.365785  6  9  5  71       
PG09 -14827.654019  -5007.739346  21411.543832   -255.552687  3  4  3  89       
PG10  16299.933999     84.336380 -20929.494867   -402.834936  3  3  3  77       
PG11  -1839.514477 -16902.706949 -20940.686542   -217.955116  6  7  4  90       
PG12  10257.125813  24589.158062   -316.685795     92.244628  6  7  5  61       
PG13 -12016.863932  22395.123948  -7650.146298     27.744626  4  5     61       
PG14  18752.060499 -17556.245911  -6002.729452      2.207934  3  3  2  67       
PG15     44.483475  22744.724664 -13723.493311   -216.773536  3  5  2  54       
PG16   1926.751786 -21662.709345  14717.163886   -184.183956  4  5  8  76       
PG17 -19484.427015  11292.562672 -13624.138918    297.632480  4  6  1  88       
PG18  25149.126905   6087.672634   6056.109937    249.024139  4  6  5  73       
PG19 -19647.915385  16217.874707  -7724.978972   -130.513076  5  5  1  58       
PG20  20051.249225  10604.790999 -14079.552496    527.261738  5  4  3  48       
PG21  23787.692458  -6586.270160  -8694.865113     25.044149  2  4  4  53       
PG22  -8686.561857 -24031.936969  -7313.962646   -771.231299  2  6  7  65       
PG23  18403.345117   9623.571631 -16585.538910      6.581278  9  8  8   8       
PG24  10224.129742  14604.572070 -19990.535947    -15.816463  1  5  4  75       
PG25  16560.472225  18821.641304   8919.964005     24.601501  5  8  4  86       
PG26  10900.222313 -11718.377046  21133.700795    245.384388  3  4  6  67       
PG27  11920.964157 -23243.551880  -3814.087391   -348.737585  5  4  5  80       
PG28 -15159.441642    622.438124 -21203.056174    698.463534  3  6  5  89       
PG29  11010.922008   9723.232239  22083.764331   -152.843229  5  9  7  73       
PG30 -26327.808641    877.675048  -4169.155906   -264.338543  3  3  4  84       
PG31  22079.287148  -7531.043682  13066.768239    -56.350068  5  3  4  71       
PG32  19105.469660 -12533.561171 -13327.663036    318.827701  5  3  3  82       
*  2020  7 18  8  0  0.00000000
PG01  -9922.171252 -13803.903631 -20727.685351     26.604995  6  7  4  69       
PG02 -13505.103835  14196.523309  18552.691671   -488.974394  6  4  2  74       
PG03 -11964.497396 -23634.757226  -2682.520070   -243.224061  5  8  5  71       
PG04  -4599.053299 -18078.221592  18905.637095   -113.843514  6  7  6  82       
PG05  -3348.847449  18769.976203  18264.805107    -16.908173  3  6  6  69       
PG06 -23967.432148   6683.106963   9400.377219   -304.566161  1  2  3  50       
PG07 -24418.596663  -6486.816142   9277.962739   -329.873339  5  5  3  57       
PG08   4243.650737 -23715.059128 -10876.976294    -41.366390  6  8  5  54       
PG09 -13604.174503  -7158.930864  21609.860505   -255.558544  2  4  3  63       
PG10  17380.247246   2172.165210 -19949.744207   -402.844607  3  3  1  89       
PG11    237.596896 -17826.885411 -20255.533075   -217.945820  7  7  4  67       
PG12  10008.664599  24513.430370  -3188.448568     92.240210  6  7  5  51       
PG13 -12636.479455  22804.760499  -4896.307621     27.747552  5  5     39       
PG14  18448.221443 -16681.470378  -8697.126565      2.210742  3  3  2  71       
PG15   -820.481198  23904.265610 -11457.548351   -216.771163  3  6  1  89       
PG16   2834.144737 -20043.033678  16738.629977   -184.188453  4  5  7  77       
PG17 -18628.242471   9761.916759 -15773.026830    297.638111  4  6  1  63       
PG18  24292.860139   6280.907843   8746.911273    249.032436  4  6  4  82       
PG19 -19189.979922  15315.940951 -10371.153423   -130.508629  5  5     62       
PG20  20735.013209  11929.467884 -11860.868639    527.262056  5  3  3  69       
PG21  24740.012126  -6340.445993  -6010.494578     25.047923  2  4  4  64       
PG22  -7871.567907 -23365.394524  -9864.019680   -771.228741  3  5  7  79       
PG23  19151.752027  11247.373696 -14593.569531      6.596584  9  8  8  16       
PG24   7932.738740  14789.443374 -20851.529972    -15.817535     5  4  64       
PG25  16805.230414  19703.654731   6248.575847     24.605394  6  8  4  66       
PG26  12204.009684  -9640.481306  21487.713762    245.390528  3  5  5  69       
PG27  12250.779911 -23345.674497   -921.756295   -348.746296  5  3  5  58       
PG28 -16102.682212  -1697.947804 -20442.714740    698.460456  3  5  5  86       
PG29   9553.244768  11769.097770  21761.843721   -152.851209  5  9  7  85       
PG30 -26635.026901    561.042110  -1395.908894   -264.345444  3  3  3  77       
PG31  23421.484442  -7277.790627  10704.679384    -56.352112  5  3  4  87       
PG32  18439.414435 -10991.209253 -15457.268764    318.833171  5  3  3  63       
*  2020  7 18  8 15  0.00000000
PG01  -7564.977081 -13941.676472 -21591.925617     26.608403  6  6  3  70       
PG02 -15423.481525  14282.224363  16850.061246   -488.979552  5  4  1  78       
PG03 -11526.584500 -23371.643562  -5493.097253   -243.234404  5  8  6  72       
PG04  -3465.875672 -19819.747556  17332.613129   -113.847614  5  7  6  69       
PG05  -4718.063063  17038.207534  19617.522167    -16.908636  3  5  5  82       
PG06 -24887.816034   6545.836765   6708.766329   -304.570722     2  3  75       
PG07 -23279.680155  -6732.745250  11740.331201   -329.881292  5  5  3  75       
PG08   4935.492613 -24604.510517  -8282.796880    -41.366989  6  7  4  48       
PG09 -12490.534315  -9370.631547  21434.655680   -255.564334  3  4  4  85       
PG10  18498.577871   4087.381473 -18626.221382   -402.854287  5  4     71       
PG11   2187.166132 -18799.497165 -19237.960901   -217.935950  6  7  4  72       
PG12   9605.242228  24168.724333  -6006.020166     92.235898  6  6  4  26       
PG13 -13053.038707  22986.171830  -2057.897345     27.750522  5  4     50       
PG14  18030.868261 -15536.659330 -11238.186271      2.213193  4  2  2  74       
PG15  -1535.928802  24856.768928  -8993.572527   -216.768821  4  6  1  59       
PG16   3925.320789 -18283.915234  18462.315105   -184.192589  3  4  7  82       
PG17 -17738.589741   7985.098605 -17641.984080    297.643062  4  6  1 101       
PG18  23151.775877   6524.357205  11287.379954    249.040758  4  6  5  89       
PG19 -18623.192902  14151.351790 -12840.715870   -130.504057  4  5     95       
PG20  21315.035339  13020.072417  -9441.251465    527.261804  6  4  3  70       
PG21  25387.621591  -6113.667134  -3218.750827     25.052354  2  4  3  71       
PG22  -6855.177243 -22516.906432 -12244.205700   -771.226290  4  5  7  56       
PG23  19850.789798  12630.970164 -12350.889237      6.611890 10  7  8           
PG24   5574.164209  15094.584604 -21361.931757    -15.817353     5  4  78       
PG25  16933.060488  20309.463516   3470.579564     24.609294  6  8  3  60       
PG26  13618.862490  -7615.984993  21470.544417    245.396718  3  4  4  63       
PG27  12422.638529 -23170.652449   1986.747459   -348.754996  5  2  4  60       
PG28 -17117.165371  -3866.085272 -19310.817086    698.457107  4  5  6  82       
PG29   8242.185706  13843.912045  21063.815027   -152.858499  5  9  7  84       
PG30 -26644.569851    258.093467   1401.053376   -264.352334  3  3  3  89       
PG31  24498.679251  -7092.224405   8162.436267    -56.354511  6  3  4  79       
PG32  17749.177900  -9215.307239 -17317.622003    318.838669  5  4  2  74       
*  2020  7 18  8 30  0.00000000
PG01  -5140.693826 -14219.664856 -22094.171986     26.611802  6  6  3  81       
PG02 -17138.003355  14432.320663  14869.562916   -488.984644  5  4  1  88       
PG03 -10891.630223 -22880.086594  -8209.899435   -243.244529  5  8  7  52       
PG04  -2508.970687 -21442.283337  15461.201741   -113.851757  5  7  5  38       
PG05  -6254.780378  15272.103599  20626.841290    -16.909409  3  5  5  92       
PG06 -25504.974825   6425.412454   3902.133902   -304.575322     2  3  68       
PG07 -21893.763798  -7062.249939  14008.791299   -329.889033  4  5  3  39       
PG08   5461.373089 -25249.389888  -5543.895557    -41.368083  6  6  4  65       
PG09 -11506.223421 -11598.346763  20888.921862   -255.570079  2  3  4  74       
PG10  19616.674248   5802.853946 -16982.437735   -402.863868  6  4     75       
PG11   3981.177457 -19790.232500 -17904.769225   -217.926455  7  7  3  84       
PG12   9018.870071  23582.685099  -8721.755288     92.231644  6  5  4  35       
PG13 -13292.612856  22911.400090    816.106835     27.753570  5  4     49       
PG14  17539.942080 -14123.945705 -13580.505618      2.215701  4  2  2  71       
PG15  -2121.798142  25569.415541  -6373.406302   -216.765911  4  6  2  52       
PG16   5200.788435 -16433.764387  19858.017395   -184.196882  3  4  7  46       
PG17 -16857.404465   5983.952708 -19196.888191    297.647973  5  6  2  94       
PG18  21749.261784   6850.753886  13633.808219    249.049092  5  6  5  91       
PG19 -17990.094735  12728.250027 -15092.333386   -130.499306  4  5  1 102       
PG20  21753.390955  13878.944998  -6861.706027    527.261565  7  4  2  80       
PG21  25725.400153  -5869.529550   -369.947797     25.056265  2  4  3  21       
PG22  -5628.738890 -21523.452873 -14412.971371   -771.223948  5  4  6  86       
PG23  20459.191524  13765.650064  -9895.961528      6.627260 11  7  8  53       
PG24   3193.635326  15521.398675 -21512.270936    -15.818854     5  4  83       
PG25  16907.693852  20650.204628    633.553777     24.613096  6  8  3  85       
PG26  15117.224610  -5684.221603  21083.166170    245.402870  3  4  3  57       
PG27  12471.419869 -22701.635808   4860.281417   -348.763711  4  2  4  51       
PG28 -18166.866935  -5844.973835 -17828.511150    698.453977  5  4  6  64       
PG29   7095.449243  15900.215495  20001.671588   -152.865905  5  8  6  72       
PG30 -26357.094433    -66.403142   4174.232192   -264.359243  2  3  3  32       
PG31  25291.498749  -6940.810910   5483.101212    -56.356913  6  3  3  75       
PG32  17073.120306  -7228.572659 -18876.400468    318.844156  5  4  1  82       
*  2020  7 18  8 45  0.00000000
PG01  -2697.942707 -14639.508987 -22225.212487     26.615137  6  5  3  93       
PG02 -18619.778470  14614.952237  12642.494578   -488.989802  5  4     82       
PG03 -10040.049818 -22193.783640 -10786.621653   -243.254697  5  7  7  74       
PG04  -1722.176279 -22901.953151  13323.531065   -113.855879  5  7  5  69       
PG05  -7940.376834  13516.058377  21275.427371    -16.910196  3  4  4  80       
PG06 -25811.077807   6282.951871   1028.565382   -304.579831     3  2  55       
PG07 -20290.811944  -7501.881643  16046.045841   -329.896619  4  4  3  63       
PG08   5848.343136 -25620.901768  -2708.073245    -41.369954  5  5  4  50       
PG09 -10663.070343 -13795.322142  19982.083573   -255.575810  2  3  4  72       
PG10  20693.318970   7299.388517 -15047.290892   -402.873473  6  4  2  69       
PG11   5597.699297 -20765.031766 -16277.691788   -217.916973  7  6  3  74       
PG12   8227.837275  22789.141856 -11289.938588     92.227240  6  5  4  30       
PG13 -13386.786273  22559.647506   3675.958412     27.756554  5  3  2  68       
PG14  17015.684895 -12454.578624 -15682.041380      2.218435  4  3  2  64       
PG15  -2603.536903  26015.426553  -3642.043268   -216.764032  4  6  2  76       
PG16   6652.266362 -14541.780533  20901.634431   -184.200772  3  4  7  63       
PG17 -16023.343066   3788.920904 -20409.219643    297.653288  5  6  3  95       
PG18  20116.083690   7288.197124  15745.801646    249.057370  6  6  6  92       
PG19 -17332.810777  11059.423946 -17088.577339   -130.494633  4  6  2  90       
PG20  22014.665818  14516.119934  -4165.908548    527.261346  7  6  2  58       
PG21  25757.495783  -5571.771526   2485.424698     25.060297  2  4  3  82       
PG22  -4191.469543 -20424.619874 -16332.220728   -771.221472  5  4  6  90       
PG23  20936.263840  14651.282429  -7270.918099      6.642554 12  7  7           
PG24    836.518927  16063.677080 -21298.985231    -15.818770     5  4  86       
PG25  16696.735510  20744.877082  -2214.231812     24.616977  6  8  3  72       
PG26  16665.734859  -3879.196357  20332.930690    245.409036  3  4  3  62       
PG27  12435.351755 -21930.669072   7648.176803   -348.772411  4  2  4  69       
PG28 -19211.300354  -7605.489068 -16023.527301    698.450752  5  3  7  88       
PG29   6122.281450  17889.024650  18593.732516   -152.873593  5  8  6  76       
PG30 -25781.496798   -446.784392   6876.571125   -264.366161  2  3  3  94       
PG31  25788.589400  -6787.509618   2711.823106    -56.359082  6  3  3  68       
PG32  16445.985734  -5061.304512 -20106.617002    318.849703  5  4     83       
*  2020  7 18  9  0  0.00000000
PG01   -285.401729 -15194.550081 -21981.893550     26.618514  5  5  3  34       
PG02 -19846.724245  14794.314767  10204.490388   -488.994769  4  4  1  46       
PG03  -8959.715134 -21350.941776 -13179.375076   -243.264905  5  6  7  72       
PG04  -1091.596422 -24158.293780  10956.340223   -113.859981  5  8  4  67       
PG05  -9748.719720  11811.399536  21552.382135    -16.910554  3  4  3  88       
PG06 -25807.388646   6079.421968  -1862.654627   -304.584304     3  2  82       
PG07 -18506.285939  -8072.469232  17818.484315   -329.904615  4  4  3  55       
PG08   6128.591837 -25697.869189    175.106384    -41.371015  5  5  4  40       
PG09  -9964.895885 -15914.189947  18729.833272   -255.581535  2  4  5  60       
PG10  21685.920180   8566.230602 -12854.527256   -402.883098  7  4  2  54       
PG11   7021.498123 -21687.302803 -14383.100899   -217.907646  6  5  2  51       
PG12   7217.689315  21826.756712 -13667.502519     92.222515  6  4  4  68       
PG13 -13371.261916  21918.210701   6472.018406     27.759415  5  3  2  39       
PG14  16496.925932 -10548.712162 -17504.956552      2.221011  4  3  2  56       
PG15  -3010.937473  26175.168804   -846.867494   -216.761554  5  6  3  40       
PG16   8262.866213 -12656.074249  21575.581156   -184.205284  2  4  7  71       
PG17 -15270.177111   1438.062505 -21256.679619    297.658237  6  6  3  96       
PG18  18289.301184   7858.889745  17586.975462    249.065661  6  6  6  86       
PG19 -16691.390687   9165.950298 -18796.477754   -130.490255  5  5  3 105       
PG20  22067.376237  14948.766545  -1399.502467    527.261349  8  7  2  52       
PG21  25496.928369  -5185.910622   5297.660007     25.064509  3  5  3  62       
PG22  -2550.733841 -19261.061988 -17968.019138   -771.219198  5  3  5  75       
PG23  21243.532073  15296.139180  -4520.841694      6.657832 12  7  7           
PG24  -1453.198210  16707.746419 -20724.545071    -15.818198     4  4  80       
PG25  16273.010132  20619.442724  -5024.608789     24.620846  6  7  4  44       
PG26  18226.431727  -2228.468423  19233.394844    245.415183  3  4  3  66       
PG27  12354.315628 -20859.147001  10301.196933   -348.781074  3  2  3  60       
PG28 -20207.209542  -9127.325038 -13929.536794    698.447001  6  3  7  95       
PG29   5323.260798  19761.604001  16864.325148   -152.881269  6  8  6  71       
PG30 -24934.578483   -914.991249   9462.221548   -264.373119  2  3  2  53       
PG31  25986.937927  -6595.301394   -104.875270    -56.361441  7  2  2  75       
PG32  15897.505257  -2750.391361 -20987.094463    318.855105  5  4  1  76       
*  2020  7 18  9 15  0.00000000
PG01   2049.834145 -15869.997176 -21367.232068     26.621833  5  4  4  63       
PG02 -20804.320600  14932.057563   7595.087442   -488.999758  4  4  1  65       
PG03  -7646.602758 -20392.764656 -15347.412170   -243.275115  5  6  7  59       
PG04   -596.325055 -25175.754247   8400.350772   -113.864192  6  8  3   3       
PG05 -11647.041507  10194.885464  21453.412147    -16.911341  3  4  3  71       
PG06 -25504.170690   5777.333430  -4721.879707   -304.588857  1  3  2  66       
PG07 -16579.951699  -8788.204956  19296.666663   -329.912431  3  4  3  53       
PG08   6337.971022 -25467.604039   3055.223970    -41.371893  5  4  3  27       
PG09  -9407.490316 -17908.647338  17153.855908   -255.587272  1  4  5  64       
PG10  22552.157268   9601.241677 -10442.132429   -402.892680  8  4  2  58       
PG11   8244.420751 -22519.241920 -12251.658193   -217.897953  6  4  2  53       
PG12   5981.932615  20737.516750 -15814.692673     92.218230  6  4  3  55       
PG13 -13284.304744  20983.112280   9155.639390     27.762617  4  3  3  78       
PG14  16019.425617  -8434.828951 -19016.390661      2.223542  4  4  1  81       
PG15  -3376.779120  26037.004479   1963.184163   -216.759298  5  6  3  87       
PG16  10007.635393 -10821.860443  21869.062643   -184.209405  3  4  7  75       
PG17 -14625.395308  -1024.252226 -21723.677785    297.663005  6  6  4  98       
PG18  16310.950721   8578.109185  19125.583237    249.074028  7  6  6  84       
PG19 -16102.253286   7076.537998 -20187.997481   -130.485603  5  5  4  90       
PG20  21885.255637  15200.368719   1390.637353    527.261668  9  7  3  54       
PG21  24964.864846  -4680.763432   8018.714436     25.068723  4  4  4  83       
PG22   -722.006908 -18072.923416 -19291.239079   -771.216606  6  2  5  81       
PG23  21346.313868  15716.398783  -1692.996218      6.673077 13  8  6           
PG24  -3634.387934  17432.907534 -19797.490388    -15.819153  2  4  4  80       
PG25  15615.708705  20305.686773  -7750.282052     24.624712  6  6  5  49       
PG26  19758.139794   -752.294591  17804.044057    245.421330  4  4  3  67       
PG27  12268.085886 -19497.901608  12772.474117   -348.789714  2  2  3  48       
PG28 -21110.377422 -10399.547933 -11585.380702    698.444006  7  4  7  82       
PG29   4690.435656  21471.239141  14843.360157   -152.888780  6  8  5  91       
PG30 -23840.429659  -1499.160856  11887.287995   -264.380018  2  3  2  52       
PG31  25891.899089  -6327.749038  -2919.820489    -56.363815  7  2  2  63       
PG32  15451.214971   -338.062501 -21502.829715    318.860585  5  5  2  79       
*  2020  7 18  9 30  0.00000000
PG01   4263.846595 -16643.408563 -20390.440125     26.625219  5  4  4  71       
PG02 -21486.112497  14988.815982   4857.211485   -489.005035  4  4  1  53       
PG03  -6105.137264 -19361.840414 -17253.799178   -243.285453  5  5  6  80       
PG04   -209.446636 -25925.019480   5699.567089   -113.868354  5  8  3  61       
PG05 -13597.083867   8697.402280  20980.868799    -16.912214  4  4  2  82       
PG06 -24920.258282   5342.382750  -7499.949213   -304.593380  3  4  2  70       
PG07 -14554.544736  -9655.969641  20455.759565   -329.920111  3  4  2  51       
PG08   6514.374593 -24926.450679   5881.929259    -41.373544  4  4  3  52       
PG09  -8978.914335 -19735.101360  15281.447096   -255.593038  2  4  5  56       
PG10  23251.617942  10410.747886  -7851.661778   -402.902429  8  4  2  72       
PG11   9265.531612 -23223.216554  -9917.911956   -217.888388  6  4  3  74       
PG12   4522.442331  19565.125377 -17695.674148     92.214129  6  4  3  61       
PG13 -13165.084871  19759.401681  11680.039852     27.765833  4  3  3  68       
PG14  15614.350234  -6148.818572 -20189.131753      2.225956  4  4     70       
PG15  -3735.329257  25597.842704   4738.519497   -216.756890  5  5  3  83       
PG16  11854.432631  -9079.797996  21778.199796   -184.213499  4  4  7  79       
PG17 -14109.077364  -3548.921485 -21801.673694    297.668193  7  6  4  86       
PG18  14226.546390   9453.452737  20335.067008    249.082444  7  5  6  87       
PG19 -15596.791153   4826.600052 -21240.424167   -130.481030  5  6  4  83       
PG20  21448.359802  15299.672917   4157.162766    527.260948  9  8  4  54       
PG21  24189.612420  -4029.791373  10602.993976     25.072680  4  4  4  80       
PG22   1271.484727 -16898.280167 -20278.128456   -771.214227  6  2  4  61       
PG23  21215.160016  15935.349930   1163.982949      6.688394 14  9  6           
PG24  -5670.166140  18212.156616 -18532.373945    -15.819468  2  4  3  64       
PG25  14711.296817  19839.883457 -10345.572053     24.628579  5  5  5  53       
PG26  21217.983264    536.936296  16069.919683    245.427494  5  4  3  63       
PG27  12214.577880 -17866.914234  15018.402284   -348.798335  2  2  3  58       
PG28 -21877.465503 -11420.743925  -9034.197763    698.440560  8  4  7  86       
PG29   4207.802570  22974.942001  12565.806929   -152.896499  6  8  5  96       
PG30 -22529.552224  -2222.362789  14110.543348   -264.386932     3  1  57       
PG31  25516.931392  -5950.535318  -5685.914780    -56.365791  7  1  2  52       
PG32  15123.535639   2129.567547 -21645.240613    318.866086  5  4  3  90       
*  2020  7 18  9 45  0.00000000
PG01   6317.383875 -17485.475877 -19066.857238     26.628544  5  3  4  53       
PG02 -21893.933643  14925.828347   2036.579132   -489.010211  4  4  2  62       
PG03  -4348.216562 -18300.491239 -18866.026249   -243.295798  5  4  6  63       
PG04    100.725881 -26384.106356   2900.517643   -113.872501  5  8  2  24       
PG05 -15556.462651   7342.911357  20143.662159    -16.912785  4  4  3  68       
PG06 -24082.309579   4744.977591 -10149.031881   -304.597909  4  4  2  91       
PG07 -12474.335783 -10674.920674  21275.922170   -329.928015  3  4  3  61       
PG08   6696.039955 -24079.980317   8605.863494    -41.373890  4  4  3  45       
PG09  -8660.111181 -21354.216825  13145.031979   -255.598775  2  4  5  66       
PG10  23747.365105  11009.070904  -5127.523502   -402.912002  8  5  3  75       
PG11  10090.998262 -23763.165262  -7419.840518   -217.878968  6  2  2  62       
PG12   2849.560888  18353.351433 -19279.073612     92.209571  5  4  3  68       
PG13 -13051.987022  18261.110514  14001.151163     27.768879  4  3  4  81       
PG14  15306.945313  -3732.747238 -21002.170512      2.228672  4  5     58       
PG15  -4120.764899  24863.362563   7429.829285   -216.754668  6  5  4  89       
PG16  13765.094763  -7464.542855  21306.010763   -184.217902  5  4  7  67       
PG17 -13733.091544  -6083.896556 -21489.360289    297.673012  7  6  5  93       
PG18  12083.455503  10484.387209  21194.519203    249.090824  6  4  5  84       
PG19 -15200.182329   2457.089675 -21936.679160   -130.476300  5  5  5 102       
PG20  20743.949153  15279.442959   6853.022892    527.261429  9  8  5  49       
PG21  23205.383958  -3212.227561  13008.040235     25.076750  4  4  5  76       
PG22   3399.434547 -15771.666292 -20910.787129   -771.211675  5  2  3  64       
PG23  20827.106053  15982.326083   4000.924739      6.703682 14 10  7  13       
PG24  -7529.132704  19013.167187 -16949.606334    -15.820354  3  4  3  83       
PG25  13554.154785  19261.317670 -12767.119250     24.632418  5  4  6   6       
PG26  22562.968100   1634.960370  14061.159120    245.433683  6  4  4  66       
PG27  12228.179570 -15994.663432  16999.463618   -348.806923  2  2  3  47       
PG28 -22467.801108 -12198.765202  -6322.481916    698.437387  8  5  6  85       
PG29   3852.105744  24235.021607  10071.078832   -152.903931  7  7  4  91       
PG30 -21037.754692  -3101.526901  16094.104136   -264.393801  1  3  1  41       
PG31  24883.051298  -5432.924459  -8356.858217    -56.368169  7  1  2  46       
PG32  14923.149519   4604.102933 -21412.292697    318.871566  5  4  3  65       
*  2020  7 18 10  0  0.00000000
PG01   8177.191512 -18361.087944 -17417.785493     26.631892  5  3  4  69       
PG02 -22037.832399  14706.580796   -818.983491   -489.015421  5  4  2  67       
PG03  -2396.917842 -17249.146349 -20156.546446   -243.306384  6  4  5  77       
PG04    369.224281 -26539.189199     51.450309   -113.876677  5  8  1  61       
PG05 -17480.197548   6147.686725  18957.053479    -16.913305  4  4  3  68       
PG06 -23023.768651   3961.585462 -12623.450998   -304.602378  5  4  3  93       
PG07 -10383.643449 -11836.358856  21742.637509   -329.935353  3  4  3  67       
PG08   6919.842242 -22942.828503  11179.559412    -41.374153  3  4  3  80       
PG09  -8425.804992 -22732.307039  10781.593751   -255.604447  2  3  5  87       
PG10  24007.375594  11417.762659  -2316.226520   -402.921592  9  5  3  66       
PG11  10733.725544 -24105.969077  -4798.341297   -217.869582  6  2  3  69       
PG12    981.885478  17144.395021 -20538.452552     92.205300  6  4  2  74       
PG13 -12980.954831  16510.861686  16078.419605     27.772100  4  4  4  87       
PG14  15115.467126  -1233.370137 -21441.120542      2.231145  5  5     68       
PG15  -4565.581262  23847.890758   9989.044545   -216.752275  6  4  4  81       
PG16  15696.841535  -6003.570158  20462.255020   -184.221999  6  4  7  65       
PG17 -13500.652427  -8576.093560 -20792.683525    297.677916  7  6  5  92       
PG18   9929.211075  11662.121469  21689.048210    249.099211  6  3  4  83       
PG19 -14930.448521     13.143561 -22265.543267   -130.471849  6  5  6  98       
PG20  19767.113964  15175.067058   9432.236656    527.260809  9  8  6  60       
PG21  22050.893918  -2213.952240  15195.113167     25.080889  4  4  5  64       
PG22   5625.417254 -14722.745007 -21177.538740   -771.209266  5  2  3  78       
PG23  20166.685304  15891.412310   6768.969834      6.719106 14 10  8  14       
PG24  -9186.417132  19799.501443 -15075.198859    -15.821650  4  3  3  88       
PG25  12146.929547  18610.717169 -14974.543931     24.636294  5  4  6  62       
PG26  23751.572536   2545.581291  11812.458369    245.439856  6  5  4  77       
PG27  12338.238222 -13917.135671  18680.969393   -348.815564  2  2  3  75       
PG28 -22845.034788 -12750.097597  -3499.100765    698.434144  8  4  6  99       
PG29   3593.925379  25220.459047   7402.339771   -152.911531  7  7  4  74       
PG30 -19404.858958  -4146.603279  17804.056617   -264.400739  1  3     87       
PG31  24018.025439  -4749.095786 -10887.859870    -56.370326  7  1  3  40       
PG32  14850.697510   7036.554938 -20808.504986    318.877128  4  4  4  76       
*  2020  7 18 10 15  0.00000000
PG01   9817.132080 -19230.640613 -15470.223892     26.635227  5  3  4  35       
PG02 -21935.690563  14298.418198  -3660.302559   -489.020552  5  4  3  66       
PG03   -279.894352 -16244.799200 -21103.235848   -243.316760  6  3  5  66       
PG04    632.865685 -26385.122211  -2798.504073   -113.880844  5  8  1  61       
PG05 -19322.344214   5119.869152  17442.333743    -16.914062  5  4  3  74       
PG06 -21783.576020   2975.852087 -14880.476702   -304.606882  6  3  3  97       
PG07  -8325.342596 -13123.882194  21846.984947   -329.942794  4  4  3  54       
PG08   7219.652005 -21538.183359  13558.299658    -41.376217  3  4  3  62       
PG09  -8245.649124 -23842.513633   8232.022488   -255.610254  2  3  5  67       
PG10  24005.798395  11664.575917    534.394796   -402.931296  9  5  3  69       
PG11  11212.746393 -24222.747645  -2096.665509   -217.859744  6  2  3  48       
PG12  -1054.246934  15977.327694 -21452.707934     92.200704  6  4  2  64       
PG13 -12983.937651  14539.145919  17875.546524     27.775077  4  4  4  88       
PG14  15050.419725   1299.549776 -21498.493275      2.233716  6  5     84       
PG15  -5099.057144  22573.932546  12370.288426   -216.749953  5  4  4  94       
PG16  17603.856594  -4716.307515  19263.150571   -184.226437  7  3  8  63       
PG17 -13406.257933 -10973.348005 -19724.698059    297.683104  7  6  5  77       
PG18   7809.825745  12969.807870  21810.040998    249.107601  5  2  3  89       
PG19 -14797.790395  -2457.419206 -22221.799767   -130.467030  6  6  6  78       
PG20  18521.117258  15023.068311  11850.656402    527.260742  8  8  6  42       
PG21  20767.844521  -1028.096377  17129.672599     25.084849  4  4  5  53       
PG22   7908.104582 -13775.180389 -21073.186975   -771.206527  5  3  2  68       
PG23  19226.663122  15699.974750   9420.414967      6.734408 14  9  8  39       
PG24 -10624.486674  20532.009610 -12940.402184    -15.822851  4  3  3  58       
PG25  10500.588179  17928.651771 -16931.055598     24.640151  4  3  6  76       
PG26  24745.286238   3280.304145   9362.467327    245.446007  7  4  4  52       
PG27  12567.766376 -11676.540906  20033.697922   -348.824131  3  2  3  54       
PG28 -22978.599901 -13098.889982   -614.304721    698.430693  8  4  6  70       
PG29   3399.011061  25908.033127   4605.744970   -152.919277  7  6  3  56       
PG30 -17673.265755  -5359.986708  19211.024617   -264.407603  2  3     77       
PG31  22955.328793  -3879.302361 -13236.331016    -56.372482  7  1  3  64       
PG32  14898.806402   9379.048425 -19844.836874    318.882621  4  4  4  78       
*  2020  7 18 10 30  0.00000000
PG01  11219.048301 -20051.548527 -13256.499594     26.638580  5  3  3  59       
PG02 -21612.537000  13674.055867  -6437.691783   -489.025494  5  4  3  65       
PG03   1967.515565 -15319.606609 -21689.767838   -243.327258  6  3  4  69       
PG04    928.622044 -25925.638155  -5600.184994   -113.884961  5  7     82       
PG05 -21037.663601   4259.350290  15626.397868    -16.915148  5  4  3  78       
PG06 -20404.676679   1779.444536 -16881.071340   -304.611373  6  3  3  83       
PG07  -6339.418316 -14513.826248  21585.848147   -329.950684  5  4  3  35       
PG08   7624.823866 -19896.946766  15700.915869    -41.377369  3  3  2  54       
PG09  -8085.578342 -24665.730096   5540.396480   -255.616045  3  2  5  75       
PG10  23723.987230  11782.211725   3375.967384   -402.940853  9  5  3  57       
PG11  11552.385117 -24090.034060    640.200517   -217.850113  6  2  3  77       
PG12  -3225.558614  14886.661668 -22006.396893     92.196346  6  4  2  76       
PG13 -13087.503639  12383.293157  19361.150954     27.778175  3  4  4  73       
PG14  15114.130566   3815.043690 -21173.820837      2.236417  6  6     70       
PG15  -5745.845944  21071.370765  14530.797151   -216.747523  5  4  3  96       
PG16  19438.977479  -3613.606833  17730.977419   -184.230716  8  2  8  72       
PG17 -13436.006252 -13226.326174 -18305.264805    297.688422  7  5  5  77       
PG18   5768.171684  14383.065815  21555.317972    249.116046  5  1  3  76       
PG19 -14804.221088  -4905.690179 -21806.295322   -130.462679  7  6  6  72       
PG20  17017.439995  14859.573914  14066.711293    527.260537  8  7  7  41       
PG21  19399.360619    344.635636  18781.763761     25.089216  4  4  5  70       
PG22  10202.689103 -12945.757712 -20599.147868   -771.204236  4  3  1  84       
PG23  18008.462790  15447.070142  11909.539198      6.749726 14  9  9  44       
PG24 -11833.681252  21170.367036 -10581.240719    -15.822698  5  3  3  69       
PG25   8634.172888  17253.956173 -18604.006893     24.644057  4  3  6  74       
PG26  25510.041128   3857.677765   6753.128599    245.452198  7  4  4  70       
PG27  12932.421128  -9319.787827  21034.415851   -348.832727  3  2  2  54       
PG28 -22844.919140 -13275.699339   2281.246089    698.427430  8  3  6  73       
PG29   3229.806678  26283.153151   1729.630205   -152.927005  7  5  3  70       
PG30 -15886.430948  -6736.228811  20290.670549   -264.414504  2  4     47       
PG31  21732.904399  -2810.812910 -15362.553390    -56.374950  7  2  4  55       
PG32  15052.442672  11586.479727 -18538.460562    318.888116  4  4  4  51       
*  2020  7 18 10 45  0.00000000
PG01  12373.331647 -20779.905434 -10813.795625     26.641966  5  2  3  47       
PG02 -21099.570728  12812.925871  -9101.849532   -489.030706  6  4  4  73       
PG03   4304.435214 -14499.682367 -21905.895751   -243.337650  6  3  3  72       
PG04   1291.982971 -25173.215181  -8305.257077   -113.889096  5  7  1  68       
PG05 -22583.262809   3557.986736  13541.225866    -16.915591  6  5  3  91       
PG06 -18932.382796    372.584548 -18590.574349   -304.615848  6  3  3  93       
PG07  -4461.615312 -15975.981776  20962.052173   -329.958528  5  4  3  55       
PG08   8158.877469 -18056.604318  17570.512656    -41.378533  4  3  2  53       
PG09  -7909.310805 -25191.233867   2753.209429   -255.621860  3  3  5  91       
PG10  23151.270960  11806.892083   6160.366594   -402.950257  9  5  4  37       
PG11  11781.217059 -23690.784087   3366.205058   -217.840786  6  3  3  44       
PG12  -5492.886335  13901.098204 -22189.982459     92.191961  7  4  2  89       
PG13 -13311.676222  10086.179109  20509.340658     27.781049  3  4  4  68       
PG14  15300.681623   6262.781441 -20473.625465      2.238897  6  5  2  58       
PG15  -6524.756722  19376.363806  16431.784261   -216.745559  5  3  3  86       
PG16  21155.425330  -2697.567074  15893.582265   -184.235223  9     8  61       
PG17 -13568.275119 -15290.310397 -16560.601649    297.693419  7  5  5  62       
PG18   3842.488611  15870.808216  20929.176987    249.124492  5  1  4  70       
PG19 -14943.509290  -7283.301671 -21025.919503   -130.458219  7  6  6  57       
PG20  15275.523759  14718.800622  16042.118817    527.260614  8  6  7  53       
PG21  17988.428629   1895.923058  20126.314276     25.093157  4  4  5  77       
PG22  12462.459756 -12243.790367 -19763.452733   -771.201675  3  3     73       
PG23  16522.265422  15171.797622  14193.397491      6.765060 13  8  9  23       
PG24 -12812.448982  21674.691350  -8037.945327    -15.824452  5  3  2  67       
PG25   6574.266973  16622.231508 -19965.387578     24.647935  3  3  5  79       
PG26  26017.481441   4302.372984   4028.970809    245.458388  7  4  4  70       
PG27  13439.798150  -6896.783678  21666.272739   -348.841369  4  2  2  75       
PG28 -22428.317012 -13316.014978   5137.414004    698.424083  7  3  5  70       
PG29   3047.105889  26340.366908  -1176.335385   -152.934254  7  4  2  73       
PG30 -14087.308312  -8262.050876  21024.121440   -264.421342  3  4     69       
PG31  20391.766915  -1538.602015 -17230.315162    -56.377188  6  2  5  71       
PG32  15289.576154  13618.062153 -16912.425565    318.893773  4  4  4  34       
*  2020  7 18 11  0  0.00000000
PG01  13279.168567 -21372.231761  -8183.577026     26.645427  5  2  3  83       
PG02 -20432.921572  11702.293971 -11604.801511   -489.035916  6  4  5  82       
PG03   6685.810658 -13804.130903 -21747.638997   -243.348000  6  2  2  65       
PG04   1755.376696 -24148.616781 -10867.050948   -113.893244  5  7  2  75       
PG05 -23920.144211   3000.130793  11223.283603    -16.916405  6  5  3  93       
PG06 -17412.654198  -1235.750600 -19979.314040   -304.620362  6  3  3  91       
PG07  -2722.231160 -17474.571243  19984.422684   -329.966336  6  4  3  70       
PG08   8838.423328 -16059.851477  19135.103035    -41.379835  4  3  2  82       
PG09  -7679.940076 -25417.003322    -81.442171   -255.627681  4  2  4  84       
PG10  22285.435018  11776.811795   8840.492996   -402.959810  9  5  4  83       
PG11  11930.856475 -23015.178792   6034.947555   -217.831039  5  3  3  39       
PG12  -7812.456724  13042.499344 -21999.997436     92.187361  7  4  2  95       
PG13 -13669.041799   7694.718309  21300.179678     27.784069  2  4  4  97       
PG14  15596.196142   8594.879365 -19411.239105      2.241363  7  5  2  65       
PG15  -7447.781625  17529.988272  18039.223556   -216.743093  4  3  3  91       
PG16  22708.506003  -1961.705608  13783.800439   -184.239361  9     7  68       
PG17 -13774.728922 -17126.782619 -14522.703352    297.698587  7  4  5  79       
PG18   2065.077117  17396.339747  19942.325371    249.132887  6  2  5  76       
PG19 -15201.433271  -9544.038188 -19893.503613   -130.453444  7  6  6  72       
PG20  13322.217178  14631.614166  17742.552530    527.260402  7  6  7  72       
PG21  16576.390434   3610.055807  21143.351189     25.097360  3  4  5  79       
PG22  14640.465634 -11670.839368 -18580.619606   -771.199076  3  3     77       
PG23  14786.778930  14911.657423  16232.567393      6.780369 12  8  9  42       
PG24 -13567.267234  22007.176486  -5354.289900    -15.825291  5  4  2  61       
PG25   4354.190563  16064.477801 -20992.254444     24.651804  3  3  5  81       
PG26  26246.027032   4644.033508   1236.367535    245.464583  7  3  4  73       
PG27  14089.067404  -4458.630253  21919.062883   -348.849955  5  3  3  63       
PG28 -21721.612458 -13258.631098   7905.456412    698.420857  7  3  5  91       
PG29   2811.772169  26083.524895  -4062.017159   -152.942068  6  3  2  58       
PG30 -12316.816175  -9916.659647  21398.312339   -264.428247  4  4     97       
PG31  18974.497933    -65.761375 -18807.506892    -56.379387  6  2  5  88       
PG32  15582.124874  15438.700518 -14995.223767    318.899292  4  3  3  68       
*  2020  7 18 11 15  0.00000000
PG01  13944.448168 -21787.242250  -5410.920227     26.648747  4  2  3  54       
PG02 -19652.190206  10338.088800 -13900.867852   -489.041080  6  4  5  85       
PG03   9063.936766 -13244.357949 -21217.368917   -243.358391  6  1  1  71       
PG04   2346.711689 -22880.122625 -13241.374978   -113.897418  4  7  3  17       
PG05 -25014.604364   2563.452521   8712.856635    -16.916870  7  5  2  68       
PG06 -15890.363238  -3027.969485 -21023.134806   -304.624887  6  3  4  84       
PG07  -1145.099023 -18969.456495  18667.759840   -329.973974  5  4  3  49       
PG08   9672.375282 -13953.032742  20368.144567    -41.380520  5  3  2  71       
PG09  -7361.553998 -25349.708526  -2914.696544   -255.633422  4  1  4  33       
PG10  21132.897350  11730.527185  11371.028807   -402.969388  9  5  4           
PG11  12034.612218 -22061.184471   8600.435494   -217.821436  5  3  3  62       
PG12 -10137.338141  12325.119920 -21439.123800     92.182978  7  3  2  80       
PG13 -14164.165242   5258.203894  21720.042913     27.787381     4  4  47       
PG14  15979.464723  10767.595173 -18006.481627      2.244006  7  5  3  54       
PG15  -8519.414799  15576.684724  19324.528517   -216.740544  4  4  2  81       
PG16  24057.218059  -1391.462188  11438.811334   -184.243622 10     7  71       
PG17 -14021.604535 -18704.741759 -12228.650396    297.703702  7  4  5  42       
PG18    461.227438  18918.685154  18611.700678    249.141287  6  2  5  57       
PG19 -15556.337267 -11645.374072 -18427.639425   -130.448970  7  6  6  62       
PG20  11190.943416  14624.218552  19138.254096    527.260198  7  5  7  71       
PG21  15201.537863   5464.414169  21818.146942     25.101726  4  4  4  50       
PG22  16691.200097 -11220.758010 -17071.394568   -771.196561  4  4     58       
PG23  12828.683954  14700.980900  17991.835442      6.795694 11  8  9  34       
PG24 -14112.246699  22133.677351  -2576.840660    -15.825826  5  4  3  62       
PG25   2012.953514  15605.905048 -21667.093138     24.655692  3  4  4  66       
PG26  26181.691761   4915.943979  -1577.227048    245.470692  7  3  3  54       
PG27  14870.962289  -2055.790911  21789.352225   -348.858548  5  3  3  38       
PG28 -20726.380360 -13143.938659  10538.824919    698.417063  6  4  5  33       
PG29   2486.455169  25525.595426  -6877.687584   -152.949634  6  3  2  45       
PG30 -10612.385038 -11672.357340  21406.240167   -264.435117  4  4     76       
PG31  17523.685326   1596.386306 -20066.669269    -56.381703  6  2  6  71       
PG32  15897.141623  17020.143570 -12820.264976    318.904877  3  3  4  61       
*  2020  7 18 11 30  0.00000000
PG01  14385.328305 -21987.563018  -2543.753602     26.652219  4  2  2  76       
PG02 -18798.822419   8725.394428 -15947.629143   -489.046435  6  4  5  93       
PG03  11390.092316 -12823.685109 -20323.791797   -243.368779  6     3  55       
PG04   3088.096766 -21402.480224 -15387.283274   -113.901542  3  7  3  51       
PG05 -25839.431193   2220.016959   6053.330989    -16.918001  7  5  2  91       
PG06 -14407.611539  -4978.346598 -21703.829625   -304.629395  6  3  4  81       
PG07    253.199102 -20417.540763  17032.719512   -329.981676  5  3  3  57       
PG08  10661.478872 -11784.457352  21248.968208    -41.381165  5  3  2  68       
PG09  -6920.816547 -25004.377352  -5697.773884   -255.639222  5     4  60       
PG10  19708.573232  11705.341115  13709.164367   -402.978961  8  6  5  56       
PG11  12126.057794 -20834.840446  11017.872397   -217.811653  5  4  3  73       
PG12 -12419.019269  11755.128361 -20516.185067     92.178703  7  3  3  90       
PG13 -14793.336834   2826.560550  21761.850950     27.790185  1  4  4  64       
PG14  16422.879233  12742.840224 -16285.210217      2.246610  7  4  3  85       
PG15  -9736.294128  13562.574615  20265.109475   -216.738399  4  4  3  83       
PG16  25165.709121   -965.007429   8899.443222   -184.248087 10     7  79       
PG17 -14271.215235 -20001.704365  -9719.829123    297.708947  6  3  5  84       
PG18   -951.575261  20394.096768  16960.182863    249.149672  7  1  6  27       
PG19 -15979.971903 -13549.884318 -16652.418445   -130.443976  7  5  6  86       
PG20   8920.616781  14717.027148  20204.577866    527.260669  7  4  7  34       
PG21  13897.847592   7430.177991  22141.302836     25.105354  4  4  4  61       
PG22  18572.235965 -10880.060127 -15262.367907   -771.193915  5  4     77       
PG23  10681.777296  14569.493603  19440.810985      6.811048 10  7  9  57       
PG24 -14468.429202  22025.178631    245.869592    -15.826770  5  4  3  85       
PG25   -405.999278  15264.964895 -21978.107949     24.659528  4  4  4  74       
PG26  25818.627864   5153.565870  -4364.054850    245.476789  7  3  2  61       
PG27  15768.118479    263.696825  21280.471973   -348.867092  5  3  4  57       
PG28 -19452.884571 -13012.206136  12993.881858    698.413639  5  4  6  43       
PG29   2037.235569  24688.138998  -9574.887759   -152.957233  6  3  2  70       
PG30  -9006.641004 -13495.426195  21047.121832   -264.442058  4  4     57       
PG31  16080.361806   3428.479569 -20985.483891    -56.384024  5  2  6  71       
PG32  16198.193961  18341.872459 -10425.274221    318.910381  3  3  3  43       
*  2020  7 18 11 45  0.00000000
PG01  14625.471115 -21941.326765    367.979425     26.655588  3  2  2  69       
PG02 -17914.383827   6878.570536 -17706.862397   -489.051573  6  4  6  88       
PG03  13616.223836 -12537.284152 -19081.827743   -243.379093  5  1  4  75       
PG04   3994.790416 -19755.618241 -17267.786146   -113.905656  3  7  3  42       
PG05 -26374.856608   1937.571411   3290.434855    -16.918803  7  5  3  48       
PG06 -13002.164332  -7053.824196 -22009.469418   -304.633920  5  3  4  98       
PG07   1463.853747 -21774.319404  15105.595037   -329.989651  5  3  3  75       
PG08  11798.171666  -9602.658877  21763.094704    -41.382365  6  3  2  62       
PG09  -6328.450508 -24403.751280  -8382.818178   -255.645081  5     3  63       
PG10  18035.434066  11735.743543  15815.285589   -402.988544  8  6  5  16       
PG11  12237.568331 -19350.253764  13244.464849   -217.802338  5  4  4  88       
PG12 -14609.059814  11330.435429 -19246.049402     92.174122  7  3  3  98       
PG13 -15544.660434    448.580444  21425.181181     27.793413  3  4  3  72       
PG14  16893.629920  14489.449423 -14278.755833      2.249270  6  3  3  21       
PG15 -11087.181641  11533.722561  20844.794195   -216.736216  4  4  4  90       
PG16  26004.530020   -654.317418   6209.442527   -184.252441 10  3  6  72       
PG17 -14483.604047 -21004.353977  -7041.086888    297.714088  6  3  5  82       
PG18  -2164.138693  21777.683216  15016.202467    249.157932  7     6  85       
PG19 -16438.590932 -15226.479178 -14597.092464   -130.439539  7  5  6  79       
PG20   6554.346574  14923.761455  20922.456617    527.260013  6  3  6  80       
PG21  12693.890347   9473.237315  22108.777506     25.109438  4  3  3  85       
PG22  20245.744405 -10628.596252 -13185.473514   -771.191616  6  4  1  69       
PG23   8385.845218  14541.067978  20554.456371      6.826387 10  8  9  59       
PG24 -14662.803585  21659.084093   3064.226698    -15.827134  5  4  2  80       
PG25  -2856.207996  15052.637980 -21919.435482     24.663446  4  4  4  91       
PG26  25159.377115   5392.996273  -7076.832013    245.482882  6  3  3  65       
PG27  16755.744026   2455.892179  20402.383947   -348.875650  6  3  4  71       
PG28 -17919.697375 -12901.914526  15230.529084    698.410292  4  4  6  50       
PG29   1435.133798  23600.463602 -12107.262547   -152.964660  6  3  3  68       
PG30  -7526.275596 -15347.257345  20326.451490   -264.448926  4  4  2  69       
PG31  14682.499155   5403.615094 -21547.197898    -56.386312  5  2  6  76       
PG32  16446.882483  19391.694108  -7851.622909    318.915853  3  3  2  35       
*  2020  7 18 12  0  0.00000000
PG01  14694.973478 -21623.577554   3273.219947     26.658980  3  2  3  82       
PG02 -17038.809916   4820.980918 -19145.415799   -489.056484  6  4  6  86       
PG03  15696.615416 -12372.435022 -17512.385516   -243.389482  6  2  5  53       
PG04   5074.421052 -17983.171557 -18850.490453   -113.909775  3  6  4  72       
PG05 -26609.231759   1680.990689    471.454867    -16.920097  8  5  3  76       
PG06 -11706.063672  -9215.106256 -21934.622565   -304.638447  5  4  4 103       
PG07   2486.057106 -22995.525968  12917.993916   -329.997499  4  3  4  29       
PG08  13066.777943  -7454.666994  21902.436007    -41.383200  6  3  3  24       
PG09  -5560.563027 -23577.357125 -10923.718881   -255.650922  5  1  3  67       
PG10  16143.775920  11851.964776  17653.613753   -402.998157  8  6  5  57       
PG11  12398.881364 -17629.289961  15240.233471   -217.792950  5  5  4  62       
PG12 -16660.755343  11040.839783 -17649.441648     92.169591  7  3  3  95       
PG13 -16398.478422  -1829.787772  20716.254151     27.796285  4  4  3  38       
PG14  17355.110697  15984.161396 -12023.265039      2.251658  6  2  4  52       
PG15 -12553.282183   9534.420107  21054.102566   -216.733800  4  5  5  83       
PG16  26551.645398   -426.467893   3414.721322   -184.256743 10  4  5  64       
PG17 -14618.273713 -21708.821354  -4239.846055    297.719199  5  3  5  75       
PG18  -3175.725885  23025.096392  12813.251318    249.166306  7     6  84       
PG19 -16894.267802 -16651.418213 -12295.656447   -130.435035  7  5  6  85       
PG20   4137.975105  15250.815497  21278.777806    527.260389  6  1  6  85       
PG21  11611.942354  11555.272672  21721.866658     25.113440  5  4  3  59       
PG22  21679.835179 -10440.508491 -10877.383161   -771.189135  6  4  1  35       
PG23   5985.309507  14632.714832  21313.524035      6.841689  9  8  9   1       
PG24 -14727.077081  21020.268732   5828.461284    -15.829244  5  5  2  63       
PG25  -5289.735465  14972.003963 -21491.278111     24.667360  4  5  5  76       
PG26  24214.820082   5669.407100  -9669.517957    245.488916  5  4  3  74       
PG27  17802.588908   4482.441221  19171.425553   -348.884172  6  3  4  42       
PG28 -16153.030586 -12848.205614  17212.747638    698.407042  4  5  5  41       
PG29    657.423668  22298.494955 -14431.354776   -152.971954  5  4  4  50       
PG30  -6191.146271 -17185.684089  19255.953061   -264.455829  4  5  2  35       
PG31  13363.614115   7488.137035 -21740.972972    -56.388072  5  2  6  68       
PG32  16604.437665  20166.019991  -5143.606563    318.921323  3  3  2  55       
*  2020  7 18 12 15  0.00000000
PG01  14629.031893 -21017.422477   6120.737861     26.662392  2  3  3  73       
PG02 -16208.711323   2584.329976 -20235.990584   -489.061674  6  4  6  91       
PG03  17589.481631 -12309.099366 -15642.035000   -243.399858  6  2  5  85       
PG04   6326.509172 -16130.875477 -20108.158618   -113.913893  2  6  3  70       
PG05 -26539.403004   1413.823405  -2355.559868    -16.920919  7  5  4  73       
PG06 -10544.474971 -11418.003238 -21480.459926   -304.643009  4  4  4  93       
PG07   3326.922858 -24038.813567  10506.405804   -330.005396  4  2  4  72       
PG08  14444.026910  -5384.357932  21665.381743    -41.384061  7  3  4  77       
PG09  -4599.762523 -22560.331790 -13276.898330   -255.656793  5  2  3  76       
PG10  14070.223577  12078.694634  19192.789409   -403.007873  7  6  5  70       
PG11  12635.740790 -15700.960762  16968.809932   -217.782899  6  5  5  57       
PG12 -18530.756745  10868.488486 -15752.663094     92.165012  7  3  4  82       
PG13 -17328.115131  -3967.029436  19647.796898     27.799395  4  3  3  85       
PG14  17768.470186  17212.275609  -9558.966934      2.254364  6  2  4  60       
PG15 -14108.884045   7605.565084  20890.371382   -216.731419  4  5  4  83       
PG16  26793.169551   -245.095391    562.595436   -184.261184 10  4  4  80       
PG17 -14635.919942 -22120.594376  -1365.199797    297.724471  4  3  4  53       
PG18  -3993.886431  24094.211288  10389.304037    249.174695  7  1  6  83       
PG19 -17306.387560 -17809.065983  -9786.355415   -130.430629  7  4  6  78       
PG20   1718.504127  15696.914018  21266.660751    527.260259  5     6  78       
PG21  10667.321106  13634.970345  20987.138689     25.117711  5  4     80       
PG22  22849.663832 -10285.422900  -8378.810043   -771.186961  7  4  2  53       
PG23   3527.698111  14853.853383  21704.892638      6.857048  9  8  8  76       
PG24 -14696.251369  20101.845193   8489.594744    -15.829573  4  5  2  83       
PG25  -7658.769664  15018.112272 -20699.953032     24.671278  4  5  5  83       
PG26  23003.825447   6015.522720 -12098.064903    245.494985  4  4  4  65       
PG27  18872.170770   6311.830962  17609.944634   -348.892743  6  3  4  72       
PG28 -14185.811872 -12881.494787  18909.049637    698.403675  4  5  5  25       
PG29   -311.300064  20823.406469 -16507.345055   -152.979650  5  4  2  73       
PG30  -5013.643908 -18966.471163  17853.425575   -264.462696  3  5  3  68       
PG31  12151.539538   9642.695762 -21562.149110    -56.390453  5  2  7  86       
PG32  16633.333353  20669.822954  -2347.682194    318.926804  2  3  2  43       
*  2020  7 18 12 30  0.00000000
PG01  14466.394156 -20114.876904   8860.100084     26.665806  2  3  3  79       
PG02 -15455.814846    207.627285 -20957.799866   -489.066593  6  4  5 100       
PG03  19258.422820 -12320.789324 -13502.580607   -243.410158  6  3  5  78       
PG04   7742.310531 -14244.891384 -21019.176679   -113.917991  3  6  4  83       
PG05 -26170.778023   1099.879775  -5142.593535    -16.921890  7  4  5  99       
PG06  -9534.812180 -13614.976216 -20654.742801   -304.647491  4  4  5  92       
PG07   4001.090899 -24865.406803   7911.660768   -330.013130  5  2  4  73       
PG08  15899.871150  -3430.945643  21056.772932    -41.385420  7  3  4  60       
PG09  -3436.023797 -21392.046425 -15402.051717   -255.662590  5  2  3  84       
PG10  11856.505121  12434.015096  20406.392510   -403.017479  6  6  5  45       
PG11  12968.683174 -13600.522318  18398.199660   -217.773623  6  4  5  77       
PG12 -20180.584965  10788.639400 -13587.218763     92.160289  7  4  3  64       
PG13 -18300.907516  -5927.471888  18238.787700     27.802291  5  4  3  76       
PG14  18094.242058  18167.967908  -6929.385405      2.256824  5  1  3  50       
PG15 -15722.290429   5783.204859  20357.730392   -216.729431  5  5  4 102       
PG16  26723.806832    -71.968921  -2298.976031   -184.265702 10  3  4  50       
PG17 -14500.097577 -22254.071997   1532.989193    297.729282  4  3  4  79       
PG18  -4633.963711  24946.733341   7786.160349    249.183075  6  3  6  79       
PG19 -17633.262672 -18692.359469  -7111.117839   -130.425926  6  4  6  89       
PG20   -657.530645  16253.081579  20885.626481    527.260132  4     5  92       
PG21   9867.961778  15669.335690  19916.329048     25.121537  6  5     70       
PG22  23738.261815 -10129.828075  -5733.738274   -771.184346  7  4  2  61       
PG23   1061.998979  15205.888753  21721.796274      6.872356 10  8  8  89       
PG24 -14607.062421  18905.607764  11000.382250    -15.829433  4  5  3  87       
PG25  -9917.235452  15178.161806 -19557.852913     24.675155  5  5  5  94       
PG26  21552.611990   6460.192676 -14321.137742    245.501058  3  4  5  41       
PG27  19924.204411   7920.363220  15745.836226   -348.901320  6  3  4  60       
PG28 -12056.546286 -13026.290929  20292.845852    698.399980  4  5  5  45       
PG29  -1478.341289  19220.062727 -18299.725020   -152.987179  5  4  1  81       
PG30  -3998.353871 -20644.904643  16142.480719   -264.469623  3  5  3  67       
PG31  11067.409954  11823.542348 -21012.413816    -56.392528  5  2  7  72       
PG32  16498.855171  20916.276855    488.321587    318.932277  2  3     56       
*  2020  7 18 12 45  0.00000000
PG01  14247.661090 -18917.362244  11442.639847     26.669228  3  4  4  85       
PG02 -14805.616370  -2264.179381 -21297.077735   -489.071533  6  4  5  97       
PG03  20673.686505 -12375.699722 -11130.540740   -243.420560  6  3  5  56       
PG04   9304.986832 -12370.128641 -21567.923490   -113.922144  3  6  4  66       
PG05 -25517.082874    704.800947  -7842.447548    -16.922500  7  5  6  76       
PG06  -8686.175994 -15756.820868 -19471.693461   -304.652035  4  3  5  87       
PG07   4530.023834 -25441.657062   5178.280180   -330.020733  5  2  4  87       
PG08  17398.570915  -1627.669102  20087.767113    -41.386228  7  3  5  60       
PG09  -2067.268164 -20114.583713 -17262.827556   -255.668437  5  3  3  69       
PG10   9548.040230  12928.586754  21273.391272   -403.027052  6  6  4  42       
PG11  13412.022719 -11368.311002  19501.488118   -217.763640  6  5  5  83       
PG12 -21577.983984  10770.701265 -11189.353244     92.156042  7  4  4  49       
PG13 -19279.480371  -7682.456102  16514.089123     27.805193  5  4  4  68       
PG14  18293.987283  18854.260841  -4180.516538      2.259723  5  1  3  73       
PG15 -17356.998014   4097.302521  19466.935717   -216.726898  5  5  4  90       
PG16  26346.986545    131.386211  -5122.140492   -184.270043  9  4  4  31       
PG17 -14178.755123 -22131.790541   4404.968428    297.734608  3  2  4  57       
PG18  -5118.297935  25549.670662   5048.719752    249.191432  5  4  6  86       
PG19 -17833.815704 -19302.966425  -4314.919244   -130.421022  6  4  6  81       
PG20  -2945.674167  16902.927443  20141.653846    527.259787  3  1  4  83       
PG21   9214.244907  17615.066018  18526.194464     25.126540  6  5     82       
PG22  24337.057823  -9938.581115  -2988.596594   -771.181936  7  4  2  47       
PG23  -1363.039707  15682.113723  21363.942654      6.887677 10  8  8  94       
PG24 -14496.350408  17442.131238  13316.229150    -15.830673  4  5  3  88       
PG25 -12022.358290  15431.987398 -18083.314451     24.679108  6  5  5  80       
PG26  19893.845944   7027.112806 -16300.794347    245.507122  3  4  5  44       
PG27  20916.175987   9292.816366  13611.994356   -348.909890  5  3  4  51       
PG28  -9808.007454 -13300.256943  21342.733713    698.397348  3  5  4  68       
PG29  -2842.439091  17535.337035 -19777.893315   -152.994836  5  5     66       
PG30  -3142.026261 -22177.422161  14152.173911   -264.476478  4  4  4  86       
PG31  10124.904331  13984.015153 -20099.868022    -56.394678  5  3  7  66       
PG32  16170.564491  20926.095519   3316.008759    318.937776  3  4  1  68       
*  2020  7 18 13  0  0.00000000
PG01  14013.509737 -17435.830057  13822.402949     26.672621  3  5  5  77       
PG02 -14276.312686  -4781.843368 -21247.417351   -489.076920  5  5  5 110       
PG03  21813.185407 -12438.061254  -8566.540293   -243.430902  6  4  4  43       
PG04  10990.097629 -10548.627482 -21745.035032   -113.926243  3  6  4  76       
PG05 -24599.821938    197.551589 -10409.502002    -16.923585  7  5  7  86       
PG06  -7999.127071 -17794.426072 -17951.750153   -304.656566  4  3  5  98       
PG07   4941.015434 -25740.434445   2353.726535   -330.028677  6  2  4  83       
PG08  18900.000371     -0.722622  18775.600621    -41.387529  8  3  5  78       
PG09   -499.636481 -18771.127290 -18827.437871   -255.674178  5  3  4  82       
PG10   7192.392164  13565.120804  21778.512607   -403.036595  5  6  4  78       
PG11  13973.085196  -9048.356971  20257.467667   -217.754122  6  5  6  78       
PG12 -22698.059245  10779.516399  -8599.497667     92.151456  7  4  4  73       
PG13 -20223.213932  -9211.228100  14503.978410     27.808318  6  4  4  76       
PG14  18331.883005  19282.659128  -1359.989908      2.261954  5  1  4  57       
PG15 -18973.068841   2570.773344  18235.070890   -216.724867  6  5  5 102       
PG16  25674.692602    402.070661  -7859.883087   -184.274260  9  4  4  28       
PG17 -13645.581304 -21783.362270   7201.938029    297.739964  3  2  4  67       
PG18  -5475.156833  25876.613643   2224.201397    249.199815  4  5  5  87       
PG19 -17869.267787 -19651.124210  -1445.081244   -130.417026  6  4  6 100       
PG20  -5105.092384  17623.238438  19047.117493    527.259767  3  2  4 100       
PG21   8699.080335  19429.943366  16838.326384     25.130323  6  5  1  80       
PG22  24646.072219  -9676.477385   -191.395487   -771.179172  8  4  3  69       
PG23  -3700.597622  16267.938821  20637.518178      6.903004 10  8  8  68       
PG24 -14399.429990  15730.517477  15396.057242    -15.832168  4  5  3  97       
PG25 -13936.122872  15752.840064 -16300.391817     24.683026  6  5  6  81       
PG26  18065.505954   7733.742982 -18003.116722    245.513224  3  4  5  57       
PG27  21804.998953  10422.776023  11245.692683   -348.918522  5  3  4  61       
PG28  -7485.805760 -13713.535237  22042.711062    698.393747  3  5  4  60       
PG29  -4393.638625  15816.367918 -20916.665141   -153.002497  5  5  1  89       
PG30  -2433.859036 -23523.220321  11916.532472   -264.483425  4  4  4  71       
PG31   9329.780253  16076.165850 -18838.981152    -56.397084  5  3  7  77       
PG32  15623.603182  20726.598370   6087.221786    318.943235  3  4  2  72       
*  2020  7 18 13 15  0.00000000
PG01  13802.914254 -15690.502933  15957.046569     26.676071  4  5  5  84       
PG02 -13878.065495  -7293.655895 -20809.923814   -489.081773  5  5  4 112       
PG03  22663.231370 -12469.663043  -5854.625089   -243.441251  7  4  3  58       
PG04  12766.394634  -8818.065003 -21547.559693   -113.930414  4  5  4  75       
PG05 -23447.462657   -448.219023 -12800.444725    -16.924669  7  6  7  84       
PG06  -7465.802950 -19680.538651 -16121.210718   -304.661103  4  3  5  91       
PG07   5265.944880 -25742.293175   -512.437126   -330.036402  6  3  4  94       
PG08  20361.124354   1431.533934  17143.255056    -41.390125  8  3  5  66       
PG09   1252.555152 -17404.325187 -20069.188713   -255.679811  5  3  4  78       
PG10   4837.638769  14338.158484  21912.527406   -403.046190  4  6  3  93       
PG11  14651.732048  -6686.828036  20651.162302   -217.744605  6  4  6  88       
PG12 -23524.155243  10776.840859  -5861.632375     92.147194  7  4  5  73       
PG13 -21089.844524 -10501.518104  12243.586087     27.811115  6  4  4  75       
PG14  18176.197421  19472.473465   1483.769177      2.264680  4     3  57       
PG15 -20528.634803   1218.825252  16685.129217   -216.722589  6  5  5 102       
PG16  24726.998033    774.255974 -10466.732668   -184.278550  8  5  5  67       
PG17 -12881.117150 -21244.175276   9876.843127    297.744675  4  2  4  58       
PG18  -5737.436521  25908.771937   -638.676845    249.208129  5  6  4  75       
PG19 -17704.769619 -19755.159769   1449.487005   -130.412338  5  4  6  78       
PG20  -7099.976738  18384.859152  17620.605816    527.259871  2  3  4 108       
PG21   8308.246585  21074.206805  14878.921408     25.134623  5  5  2  65       
PG22  24673.780475  -9309.818751   2609.152864   -771.176939  8  4  3  72       
PG23  -5907.393915  16941.441910  19555.079802      6.918303 10  9  8  65       
PG24 -14348.531836  13797.798633  17203.098657    -15.831884  4  5  3 107       
PG25 -15626.571680  16108.437105 -14238.532976     24.686930  7  5  6  92       
PG26  16109.556183   8590.462948 -19398.783644    245.519310  4  4  4  67       
PG27  22548.687399  11312.628862   8687.907879   -348.927101  4  3  3  52       
PG28  -5136.882250 -14268.353668  22382.321022    698.390289  1  4  4  59       
PG29  -6113.500879  14108.821348 -21696.687897   -153.010089  6  5  2  96       
PG30  -1856.085216 -24645.775924   9473.986839   -264.490351  4  4  4  92       
PG31   8679.723511  18052.464858 -17250.429493    -56.399118  5  4  6  66       
PG32  14839.790748  20350.539827   8754.837048    318.948785  3  4  1  72       
*  2020  7 18 13 30  0.00000000
PG01  13651.441826 -13710.240064  17808.667129     26.679482  4  5  5  74       
PG02 -13612.633533  -9747.394096 -19993.175624   -489.086984  5  5  3  87       
PG03  23218.955017 -12431.485691  -3041.509029   -243.451588  7  5  1  76       
PG04  14596.887896  -7210.441381 -20979.002306   -113.934495  4  5  4  99       
PG05 -22094.376703  -1252.996809 -14974.959091    -16.925145  7  6  7 103       
PG06  -7070.373647 -21371.465476 -14011.771156   -304.665643  4  3  4  88       
PG07   5539.823543 -25436.354396  -3369.462986   -330.044568  7  3  4  80       
PG08  21737.588762   2659.059204  15219.035954    -41.391777  8  3  5  75       
PG09   3167.175220 -16054.689789 -20966.923102   -255.685539  4  3  5  82       
PG10   2530.721326  15234.169134  21672.444505   -403.055819  3  5  3 100       
PG11  15440.203928  -4330.366792  20674.229151   -217.734610  6  4  6  87       
PG12 -24048.434557  10722.968058  -3022.572064     92.142544  7  4  6  72       
PG13 -21837.134338 -11549.788120   9772.255115     27.814016  5  4  4  93       
PG14  17800.596859  19449.866768   4302.361457      2.267336  4  2  3  62       
PG15 -21981.470343     48.622607  14845.493614   -216.720023  6  5  5 104       
PG16  23531.323613   1277.745442 -12899.436905   -184.282814  7  5  4  35       
PG17 -11873.598075 -20553.910298  12385.106593    297.750332  4  2  3  59       
PG18  -5941.184131  25635.728273  -3490.545349    249.216516  6  7  4  76       
PG19 -17310.911782 -19640.703243   4319.095874   -130.407439  5  4  6  74       
PG20  -8900.755995  19153.826625  15886.619627    527.259543  2  4  4 105       
PG21   8020.978954  22511.863709  12678.505108     25.138655  5  5  3  89       
PG22  24436.655465  -8807.916160   5364.512871   -771.174250  8  4  3  74       
PG23  -7945.160551  17674.215923  18135.335647      6.933620  9  9  8  53       
PG24 -14371.383152  11678.021760  18705.597246    -15.832308  4  5  3 102       
PG25 -17068.892547  16462.247516 -11932.158292     24.690806  7  5  6  75       
PG26  14070.475355   9599.999485 -20463.575828    245.525421  4  4  4  69       
PG27  23107.983582  11973.226338   5982.599400   -348.935751  4  4  2  66       
PG28  -2807.977168 -14958.918873  22356.732831    698.387200  1  4  4  68       
PG29  -7975.642919  12455.224727 -22104.757047   -153.017530  6  6  3  96       
PG30  -1384.842956 -25514.219927   6866.713229   -264.497236  5  4  4  75       
PG31   8164.525111  19867.520705 -15360.814234    -56.401601  5  4  6  60       
PG32  13808.473465  19834.747733  11273.538295    318.954230  3  5  2  77       
*  2020  7 18 13 45  0.00000000
PG01  13589.698047 -11531.552801  19344.535552     26.682975  3  6  5  80       
PG02 -13473.389141 -12092.288201 -18812.997155   -489.091965  5  5  3 100       
PG03  23484.393068 -12285.380767   -175.766524   -243.461912  7  6     71       
PG04  16440.142827  -5750.996282 -20049.256691   -113.938606  5  5  4  77       
PG05 -20579.577058  -2230.446185 -16896.362431    -16.925767  6  6  7 107       
PG06  -6789.817340 -22828.646427 -11659.967573   -304.670230  3  2  4 101       
PG07   5799.192676 -24820.860697  -6166.389824   -330.052109  7  3  3  72       
PG08  22985.364412   3680.294369  13036.072442    -41.392581  8  3  5  64       
PG09   5214.938394 -14759.095020 -21505.370001   -255.691268  4  4  5  89       
PG10    315.831748  16231.966722  21061.607829   -403.065384  2  4  3  99       
PG11  16323.298567  -2024.391734  20325.218560   -217.725205  5  4  6  91       
PG12 -24272.130740  10578.434475   -131.182474     92.138124  7  4  6  85       
PG13 -22424.544474 -12361.142018   7132.833987     27.817274  5  4  4  87       
PG14  17185.239661  19246.665924   7048.206778      2.269874  5  3  3  76       
PG15 -23290.568449   -940.721916  12749.331563   -216.718386  6  5  5 104       
PG16  22121.448099   1936.699645 -15117.601583   -184.286787  6  5  4  62       
PG17 -10619.501770 -19754.933977  14685.295292    297.755542  3  3  3  67       
PG18  -6124.000754  25055.879680  -6282.240476    249.224907  7  8  4  60       
PG19 -16665.053460 -19339.619628   7114.119685   -130.403104  5  4  5  80       
PG20 -10485.065716  19892.715526  13875.155223    527.259611  3  4  4  93       
PG21   7810.793326  23711.899681  10271.604572     25.142527  5  4  4  79       
PG22  23958.411503  -8144.466438   8027.184180   -771.172151  8  4  4  76       
PG23  -9781.920978  18432.481648  16402.818248      6.948959  8 10  7  26       
PG24 -14489.988504   9411.054133  19877.400450    -15.832864  5  5  4  98       
PG25 -18246.250518  16774.968111  -9420.142673     24.694680  8  6  6  93       
PG26  11993.695018  10757.148653 -21178.805073    245.531498  5  4  3  86       
PG27  23447.879820  12423.237054   3175.958693   -348.944384  3  5  2  76       
PG28   -544.121209 -15771.595873  21966.762656    698.383778  2  4  4  80       
PG29  -9946.587808  10893.435539 -22134.028078   -153.025664  6  6  4 102       
PG30   -991.295372 -26104.508030   4139.898611   -264.504178  5  4  4  89       
PG31   7766.584598  21479.744899 -13202.258415    -56.403883  5  5  6  57       
PG32  12527.094457  19218.622646  13600.557207    318.959730  3  5  2  90       
*  2020  7 18 14  0  0.00000000
PG01  13641.989557  -9197.311712  20537.721145     26.686454  3  6  4  93       
PG02 -13445.714953 -14280.915574 -17292.052855   -489.097003  4  5  2 108       
PG03  23472.238163 -11995.730138   2693.015620   -243.472223  7  6     74       
PG04  18251.758168  -4457.396301 -18774.428301   -113.942773  5  5  4  79       
PG05 -18945.297500  -3386.711303 -18532.187730    -16.926759  5  7  6 105       
PG06  -6594.984829 -24020.036854  -9106.531876   -304.674684  2  2  3  61       
PG07   6080.439582 -23903.370258  -8853.046536   -330.060016  7  4  3  95       
PG08  24062.383125   4502.004766  10631.747154    -41.392815  7  3  5  66       
PG09   7360.343872 -13549.427435 -21675.394448   -255.697000  3  4  5  93       
PG10  -1767.101798  17303.432933  20089.692114   -403.074984  1  3  4 104       
PG11  17278.881881    188.562705  19609.678851   -217.715765  5  4  6  76       
PG12 -24205.459708  10305.740971   2762.459717     92.133682  7  4  6  96       
PG13 -22814.846131 -12948.905384   4370.917903     27.820036  5  4  4  80       
PG14  16317.621049  18898.988865   9675.297933      2.272403  4  3  2  39       
PG15 -24417.657432  -1757.836385  10433.923464   -216.715818  6  4  5  76       
PG16  20536.304978   2768.569630 -17084.289575   -184.291382  5  6  4  81       
PG17  -9123.789110 -18890.629669  16739.715464    297.760603  3  2  2  66       
PG18  -6323.387927  24176.548958  -8965.657629    249.233286  8  8  5  83       
PG19 -15752.413537 -18888.694708   9785.865025   -130.398587  4  4  5  67       
PG20 -11838.435174  20562.140400  11621.178455    527.259251  4  5  4  97       
PG21   7646.526255  24649.347764   7696.364321     25.146629  4  4  4  74       
PG22  23268.984629  -7298.749603  10551.524354   -771.169656  7  3  4  81       
PG23 -11393.025345  19178.422076  14387.456299      6.964193  8 11  7           
PG24 -14719.662674   7041.161010  20698.428319    -15.832880  5  5  3 100       
PG25 -19150.327439  17006.136884  -6745.204754     24.698541  8  6  5  83       
PG26   9924.004224  12048.806367 -21531.659373    245.537648  5  4  3  97       
PG27  23538.980215  12688.217044    315.640101   -348.952995  3  5  2  75       
PG28   1612.804176 -16685.365209  21218.837303    698.380169  3  4  5  73       
PG29 -11986.891751   9455.302117 -21784.121975   -153.033441  6  6  5 109       
PG30   -642.956210 -26400.339259   1340.941189   -264.511091  5  5  4  83       
PG31   7461.724784  22852.893793 -10811.885280    -56.406106  5  5  6  65       
PG32  11001.463870  18542.554406  15696.370883    318.965219  3  5  2  70       
*  2020  7 18 14 15  0.00000000
PG01  13825.261570  -6755.200759  21367.589052     26.689873  2  6  4  96       
PG02 -13507.756532 -16270.934843 -15459.281306   -489.101961  4  5  2 105       
PG03  23203.259569 -11531.018576   5515.111361   -243.482574  7  6  2  85       
PG04  19985.968085  -3339.223715 -17176.550462   -113.946906  5  5  4  92       
PG05 -17235.465796  -4720.000651 -19854.701840    -16.927461  4  7  6 105       
PG06  -6451.909862 -24921.245706  -6395.673282   -304.679208  1  2  3  77       
PG07   6418.106046 -22700.574585 -11381.061339   -330.067868  7  4  3  82       
PG08  24930.105854   5138.808214   8047.066038    -41.393379  7  4  4  75       
PG09   9562.855132 -12451.441882 -21474.145471   -255.702747  3  4  5  99       
PG10  -3683.773283  18414.523333  18772.593746   -403.084590  1  1  4 108       
PG11  18278.714472   2270.392004  18540.097225   -217.706083  5  4  5  78       
PG12 -23867.187724   9871.020653   5607.949581     92.128882  7  4  6  84       
PG13 -22975.608114 -13333.895105   1534.052469     27.823050  5  4  3  85       
PG14  15193.143292  18445.741295  12139.907009      2.275032  5  3  2  70       
PG15 -25328.600896  -2418.481154   7939.942389   -216.713634  7  4  5  96       
PG16  18818.606890   3783.274034 -18766.575185   -184.295744  5  6  3  66       
PG17  -7399.836233 -18003.726359  18514.934931    297.765837  2  2  3  83       
PG18  -6575.102967  23013.762192 -11494.584339    249.241706  9  9  6  75       
PG19 -14566.875459 -18328.122356  12287.447443   -130.394027  3  4  5  85       
PG20 -12954.663031  21122.354271   9163.999337    527.259080  4  5  4 102       
PG21   7493.564940  25306.179303   4994.100108     25.150381  4  4  4  79       
PG22  22403.293384  -6256.601477  12894.521218   -771.167365  7  3  4  87       
PG23 -12761.903003  19871.686121  12124.052532      6.979530  8 11  7  48       
PG24 -15068.355270   4615.417351  21155.010579    -15.833510  5  5  4  96       
PG25 -19781.542907  17115.822809  -3953.209236     24.702387  8  7  5  95       
PG26   7903.979733  13454.309405 -21515.456663    245.543799  5  4  4  82       
PG27  23358.654658  12799.436531  -2550.015199   -348.961606  2  5  2  62       
PG28   3625.393540 -17672.541787  20124.902489    698.376823  3  5  5  87       
PG29 -14052.505765   8165.566445 -21061.123293   -153.041058  6  6  5 105       
PG30   -305.168323 -26393.783713  -1481.398348   -264.518048  5  5  3  78       
PG31   7220.289078  23957.421949  -8231.184249    -56.408494  5  6  5  62       
PG32   9245.719195  17846.315073  17525.346790    318.970723  3  5  3  88       
*  2020  7 18 14 30  0.00000000
PG01  14148.354950  -4255.985414  21820.160451     26.693308     6  4 100       
PG02 -13631.488908 -18026.583973 -13349.193310   -489.107200  4  5  1 107       
PG03  22705.416420 -10865.255979   8241.537095   -243.492924  7  6  3  85       
PG04  21597.306857  -2397.785090 -15283.199436   -113.951097  5  5  4  83       
PG05 -15494.125545  -6220.470628 -20841.353996    -16.927764  4  7  5 111       
PG06  -6323.312727 -25516.385255  -3574.299192   -304.683760     2  3  30       
PG07   6843.265221 -21237.741579 -13704.848343   -330.075704  7  4  3  83       
PG08  25554.965754   5612.410247   5325.977907    -41.393652  6  5  4  58       
PG09  11778.276820 -11483.864466 -20905.099955   -255.708538  3  5  5  99       
PG10  -5406.648426  19526.521950  17132.214680   -403.094172  2  3  5 105       
PG11  19289.559426   4188.782209  17135.674498   -217.696495  5  5  5  96       
PG12 -23283.867919   9245.584415   8355.462785     92.124428  6  4  6  66       
PG13 -22880.504416 -13543.410230  -1329.085640     27.826021  5  4  3  92       
PG14  13815.395905  17927.039876  14401.237944      2.277679  5  3  2  69       
PG15 -25994.630351  -2944.675203   5310.702370   -216.710966  7  4  5 110       
PG16  17013.344102   4982.648845 -20136.049458   -184.299536  4  6  3  86       
PG17  -5469.066148 -17134.683833  19982.231366    297.771053     2  3  92       
PG18  -6911.587999  21591.701148 -13825.498586    249.250104  9 10  7  84       
PG19 -13111.467114 -17699.850034  14574.659114   -130.389211  2  4  4  86       
PG20 -13835.865998  21534.878276   6546.559520    527.259160  4  6  3  89       
PG21   7315.233696  25671.981549   2208.785540     25.154485  4  4  3  70       
PG22  21399.831828  -5011.126315  15016.502689   -771.165179  6  3  4 100       
PG23 -13880.504085  20471.002877   9651.677096      6.994825  8 12  7   8       
PG24 -15536.293085   2182.021412  21240.086932    -15.834408  5  5  3  92       
PG25 -20148.942070  17066.326102  -1092.391399     24.706312  8  7  4  82       
PG26   5972.500677  14946.077450 -21129.800765    245.549972  5  4  5  92       
PG27  22891.945793  12792.509200  -5372.751888   -348.970211  2  5  2  57       
PG28   5461.890597 -18699.732877  18702.276040    698.373340  3  5  5  86       
PG29 -16096.320497   7041.049633 -19977.471412   -153.048479  6  6  5 104       
PG30     57.325048 -26085.592321  -4277.877825   -264.524971  5  5  2  74       
PG31   7008.479411  24771.587742  -5505.274542    -56.410657  5  6  5  50       
PG32   7281.976861  17167.487894  19056.326412    318.976210  3  5  3  94       
*  2020  7 18 14 45  0.00000000
PG01  14611.612432  -1751.669216  21888.329288     26.696713     6  3 103       
PG02 -13784.040444 -19519.880754 -11001.062341   -489.112389  4  4     62       
PG03  22012.697813  -9979.191079  10824.924755   -243.503334  7  6  4  94       
PG04  23042.272273  -1626.245891 -13127.015196   -113.955260  6  5  4  92       
PG05 -13763.863344  -7870.413379 -21475.148939    -16.928378  3  6  5  73       
PG06  -6170.236862 -25798.599885   -691.190101   -304.688298     2  3  75       
PG07   7382.041487 -19547.804017 -15782.542709   -330.083320  6  4  3 101       
PG08  25909.634022   5950.576601   2514.653715    -41.395103  5  5  5  65       
PG09  13960.277187 -10657.776209 -19978.002036   -255.714291  4  5  5  99       
PG10  -6915.859497  20597.499307  15196.139125   -403.103754  2  4  5 118       
PG11  20274.522491   5918.322616  15421.937963   -217.686736  5  5  5  97       
PG12 -22488.771424   8407.278477  10956.672192     92.120226  6  4  6 102       
PG13 -22510.393254 -13609.985781  -4169.516846     27.829043  5  5  3  85       
PG14  12196.140844  17382.619136  16422.020679      2.280144  5  3  1  84       
PG15 -26393.368356  -3363.598270   2591.390926   -216.708901  7  5  4  97       
PG16  15166.207445   6360.190230 -21169.271730   -184.303944  3  6  3  73       
PG17  -3360.297573 -16320.188365  21117.966932    297.776097        4  93       
PG18  -7360.534452  19941.852056 -15918.318328    249.258491  9 10  7  92       
PG19 -11398.489104 -17045.846915  16606.808590   -130.384852  1  4  4  96       
PG20 -14492.198486  21764.095227   3814.647379    527.258997  5  6  3  92       
PG21   7074.296302  25744.391064   -613.532378     25.158420  4  4  3  72       
PG22  20299.151695  -3563.125242  16881.774137   -771.162500  5  2  4  99       
PG23 -14749.414097  20935.843269   7012.987307      7.010128  8 12  7           
PG24 -16115.951588   -211.418759  20953.270120    -15.835183  5  5  3  70       
PG25 -20269.748666  16823.820109   1787.484301     24.710208  7  7  2  95       
PG26   4163.404394  16490.535257 -20380.634160    245.556090  4  4  6  81       
PG27  22132.198839  12705.875880  -8105.160394   -348.978873  1  5  2  50       
PG28   7097.170979 -19729.006441  16973.445195    698.370090  4  6  5  95       
PG29 -18069.836026   6090.149987 -18551.747066   -153.056020  5  6  5 115       
PG30    478.780639 -25485.174568  -6999.668604   -264.531925  5  6  2 100       
PG31   6789.880992  25282.261334  -2682.080361    -56.413273  5  6  4  74       
PG32   5139.687285  16539.990589  20263.139594    318.981655  4  5  3 103       
*  2020  7 18 15  0  0.00000000
PG01  15206.847360    706.382882  21571.933964     26.700099     6  3 103       
PG02 -13929.206928 -20731.481597  -8458.037917   -489.117653  4  3     58       
PG03  21163.735374  -8861.266643  13220.369072   -243.513711  6  6  5  83       
PG04  24280.923979  -1010.084687 -10745.136389   -113.959413  6  5  3  91       
PG05 -12084.297861  -9644.743760 -21744.939350    -16.929354  3  6  4 115       
PG06  -5953.753143 -25770.254190   2203.855987   -304.692816     3  3  82       
PG07   8054.341914 -17670.131308 -17576.856700   -330.091107  6  4  3 102       
PG08  25974.062951   6185.882316   -339.264384    -41.396700  5  5  5  31       
PG09  16061.999115  -9976.300161 -18708.699120   -255.719951  4  6  5 108       
PG10  -8199.808213  21583.920051  12997.204669   -403.113335  2  5  5 108       
PG11  21194.563598   7441.319841  13430.203279   -217.677240  4  5  5  53       
PG12 -21520.552850   7341.594659  13365.652324     92.115614  5  4  6  74       
PG13 -21854.128220 -13569.959483  -6938.782068     27.832117  4  5  3  69       
PG14  10355.007480  16850.278105  18169.043643      2.282784  4  4  1  86       
PG15 -26509.609639  -3706.316330   -171.700224   -216.706596  6  5  4  97       
PG16  13321.988883   7901.101925 -21848.162293   -184.308709  3  7  3  87       
PG17  -1108.836936 -15591.807993  21903.890256    297.781188  1     4  85       
PG18  -7943.639303  18101.884060 -17737.089283    249.266820  9 10  8 101       
PG19  -9449.278705 -16406.364389  18347.512889   -130.380200     4  3  83       
PG20 -14941.255289  21778.741291   1016.057501    527.258550  5  7  2  83       
PG21   6734.526645  25529.257397  -3425.390726     25.162500  4  5  3  91       
PG22  19142.293286  -1921.227652  18459.175656   -771.160203  5  2  4  99       
PG23 -15377.638213  21228.064117   4253.485958      7.025407  8 13  6  42       
PG24 -16792.352193  -2519.555426  20300.775279    -15.836418  5  5  3  66       
PG25 -20168.595887  16359.866326   4636.016559     24.714052  6  7  2  80       
PG26   2504.335655  18049.283055 -19280.183614    245.562252  4  5  7  92       
PG27  21081.394039  12579.198508 -10701.415481   -348.987505     5  2  67       
PG28   8513.502395 -20719.235063  14965.806066    698.366748  4  6  5  97       
PG29 -19924.893901   5312.671816 -16808.357722   -153.063461  4  6  5 105       
PG30    990.893250 -24610.244021  -9599.245723   -264.538861  4  6    107       
PG31   6527.110541  25485.397317    188.564910    -56.415414  5  6  4  84       
PG32   2854.716094  15992.747787  21125.042265    318.987163  4  5  3 107       
*  2020  7 18 15 15  0.00000000
PG01  15917.671902   3069.276100  20877.686829     26.703500     6  3  95       
PG02 -14029.082798 -21651.173166  -5766.212714   -489.122718  3  2  2  98       
PG03  20200.243453  -7508.276398  15386.232080   -243.524090  6  6  5  90       
PG04  25278.355570   -527.848209  -8178.559312   -113.963580  6  5  3  61       
PG05 -10490.685602 -11511.769859 -21645.632747    -16.929852  4  5  4 113       
PG06  -5636.664063 -25442.774199   5060.893691   -304.697309  2  3  3  78       
PG07   8872.858116 -15649.038340 -19055.831446   -330.099072  6  4  3  86       
PG08  25736.268662   6354.284426  -3187.434097    -41.398009  5  5  5  66       
PG09  18037.699386  -9434.603373 -17118.877009   -255.725765  4  6  4  85       
PG10  -9255.450218  22442.339165  10572.971854   -403.122889  3  6  4  96       
PG11  22010.110011   8748.277721  11196.902306   -217.667476  4  6  5  75       
PG12 -20421.702089   6042.483378  15539.750979     92.111248  5  4  6  79       
PG13 -20909.072694 -13461.907673  -9589.748432     27.835084  4  5  2  75       
PG14   8318.911311  16364.419864  19613.622318      2.285191  5  4  1  96       
PG15 -26335.837639  -4006.382236  -2931.934245   -216.704330  6  5  4 102       
PG16  11523.014345   9582.649323 -22160.330444   -184.312615  3  7  4  97       
PG17   1244.653329 -14974.850311  22327.366877    297.786397  2     5  80       
PG18  -8675.601694  16114.300918 -19250.599276    249.275143  9 10  8 102       
PG19  -7293.612035 -15818.261008  19765.421917   -130.375540     4  3  93       
PG20 -15207.182806  21553.234237  -1800.287135    527.258632  5  7  2  74       
PG21   6262.293645  25040.518580  -6178.640346     25.166794  4  6  2  55       
PG22  17969.224995   -101.724234  19722.553670   -771.157665  4  3  4  81       
PG23 -15782.064854  21313.470395   1420.731487      7.040725  9 13  6   9       
PG24 -17543.667987  -4700.861030  19295.222614    -15.837081  5  5  2  69       
PG25 -19876.461541  15652.737246   7403.092847     24.717865  5  7  3  64       
PG26   1015.835015  19580.473106 -17846.796235    245.568449  5  5  7  83       
PG27  19750.171687  12451.722453 -13117.985728   -348.996105     4  3  78       
PG28   9701.055331 -21627.575285  12711.342564    698.363503  4  7  5  98       
PG29 -21615.406298   4699.990721 -14777.126740   -153.071139  3  6  5 105       
PG30   1621.336255 -23486.145500 -12031.254166   -264.545777  4  6     89       
PG31   6183.517863  25386.148808   3055.864964    -56.417502  5  6  4  69       
PG32    468.184112  15548.562228  21627.070976    318.992699  4  5  3 101       
*  2020  7 18 15 30  0.00000000
PG01  16720.165905   5292.297869  19818.968341     26.706901     5  3  95       
PG02 -14045.734720 -22277.990015  -2973.672751   -489.127762  3     2  94       
PG03  19165.349258  -5925.696043  17284.888741   -243.534535  6  6  5  88       
PG04  26005.984128   -152.177017  -5471.432037   -113.967753  6  5  2  77       
PG05  -9012.694489 -13434.221492 -21178.308451    -16.930481  5  5  5 101       
PG06  -5185.140322 -24836.149237   7830.698969   -304.701814  3  3  3  60       
PG07   9842.384085 -13532.098277 -20193.463162   -330.106683  5  3  3  94       
PG08  25192.825203   6493.571227  -5981.594001    -41.399857  4  5  5  78       
PG09  19844.354734  -9020.213322 -15235.698089   -255.731530  4  6  4  99       
PG10 -10088.246754  23131.120798   7965.098630   -403.132445  3  6  4  92       
PG11  22682.696813   9838.024635   8762.798922   -217.657986  4  6  5  97       
PG12 -19236.844644   4512.831349  17440.407166     92.107022  4  4  5 101       
PG13 -19681.300009 -13325.010714 -12077.385283     27.838129  4  5  3  67       
PG14   6121.218773  15954.733038  20732.002259      2.287765  5  4     88       
PG15 -25872.464034  -4298.365612  -5643.068029   -216.701819  6  6  4  71       
PG16   9807.663434  11374.812608 -22099.331660   -184.316933  3  7  4  83       
PG17   3655.471014 -14487.458771  22381.539258    297.791457  3  2  5  84       
PG18  -9563.399002  14024.918204 -20432.908963    249.283414  9 11  8 101       
PG19  -4968.762722 -15313.463004  20834.855809   -130.371111     4  4  89       
PG20 -15319.536673  21068.783761  -4585.231124    527.258311  5  7  2  77       
PG21   5628.101129  24299.778755  -8825.243238     25.170779  4  6  2  68       
PG22  16817.349540   1871.888707  20651.143296   -771.155344  3  2  3  96       
PG23 -15986.630588  21163.234740  -1436.485919      7.056015  9 13  7  29       
PG24 -18342.107912  -6719.017548  17955.323402    -15.836293  5  5  2  55       
PG25 -19429.347510  14688.488240  10039.828373     24.721701  4  7  4  87       
PG26   -289.296506  21040.341526 -16104.665506    245.574576  5  6  8  80       
PG27  18157.550017  12360.665667 -15314.306711   -349.004729     4  3  66       
PG28  10658.143630 -22411.037183  10246.241556    698.360236  5  7  5  87       
PG29 -23099.017223   4235.548506 -12492.792681   -153.078838  3  6  4  95       
PG30   2392.465075 -22144.891218 -14253.332801   -264.552657  3  5  1 101       
PG31   5724.867248  24998.615791   5869.034425    -56.420037  4  6  3  76       
PG32  -1974.892535  15223.227350  21760.308464    318.998233  4  4  3 104       
*  2020  7 18 15 45  0.00000000
PG01  17583.853319   7336.442971  18415.496136     26.710334  2  5  3  96       
PG02 -13942.845209 -22619.968725   -129.557060   -489.132841  3  1  3  77       
PG03  18101.879912  -4127.673897  18883.398838   -243.544926  6  6  6  95       
PG04  26442.607955    148.938848  -2670.295800   -113.971927  6  5  2  64       
PG05  -7673.391075 -15370.501691 -20350.240855    -16.930940  5  5  5 113       
PG06  -4570.225375 -23978.115230  10465.620718   -304.706226  4  4  4  79       
PG07  10959.479881 -11368.335464 -20970.187491   -330.114639  5  3  3 102       
PG08  24349.051782   6641.745370  -8674.344320    -41.400871  4  5  4  84       
PG09  21443.174285  -8713.636517 -13091.347914   -255.737302  5  7  3  95       
PG10 -10711.782251  23612.111399   5218.628765   -403.141992  4  7  4  87       
PG11  23176.560190  10717.487684   6172.118588   -217.648276  5  6  5  63       
PG12 -18010.960343   2764.579977  19033.895259     92.102964  4  5  5  96       
PG13 -18185.473559 -13197.410075 -14359.499446     27.840967  4  5  3 100       
PG14   3800.687981  15645.058981  21505.695269      2.290170  5  4  1  96       
PG15 -25127.788645  -4616.366361  -8259.962621   -216.699404  6  6  4 110       
PG16   8209.029118  13241.221393 -21664.847144   -184.321733  4  7  4  92       
PG17   6076.330834 -14139.975882  22065.416979    297.796831  3  3  5  91       
PG18 -10605.870468  11881.224704 -21263.790312    249.291770  9 10  7  86       
PG19  -2518.250934 -14917.627205  21536.337194   -130.366382     4  4  97       
PG20 -15311.934217  20314.238893  -7290.281337    527.258836  5  7  3  99       
PG21   4808.019633  23335.588895 -11318.128826     25.174934  4  6  3  77       
PG22  15720.131041   3969.633750  21229.859489   -771.152767  2  2  4  96       
PG23 -16021.219949  20755.118910  -4268.987610      7.071308 10 13  8  59       
PG24 -19155.038750  -8544.084041  16305.461549    -15.836434  5  5  2  56       
PG25 -18866.755689  13461.729217  12499.496786     24.725526  2  7  5 100       
PG26  -1406.329386  22384.837342 -14083.448925    245.580769  5  6  8  94       
PG27  16330.346275  12339.691841 -17253.411138   -349.013330  1  4  3  87       
PG28  11391.181321 -23028.094659   7610.441051    698.356891  5  8  4  96       
PG29 -24338.633108   3895.658480  -9994.426428   -153.086484  2  6  4  61       
PG30   3320.237140 -20623.945413 -16226.878685   -264.559587  3  5  3 101       
PG31   5120.925428  24345.237213   8578.276073    -56.422334  5  6  3  65       
PG32  -4427.113383  15024.915400  21522.055249    319.003652  4  4  3 101       
*  2020  7 18 16  0  0.00000000
PG01  18472.940902   9169.694311  16692.881947     26.713741  2  4  3  96       
PG02 -13687.259744 -22693.564213   2716.850646   -489.138076  3  3  4  60       
PG03  17050.675078  -2136.680695  20154.091898   -243.555333  5  5  6 104       
PG04  26575.192183    410.723645    176.713313   -113.976039  6  5  2  56       
PG05  -6488.480207 -17276.117717 -19174.825900    -16.931295  5  5  5 111       
PG06  -3769.149046 -22903.052593  12920.400185   -304.710700  5  5  5  90       
PG07  12212.493888  -9206.379484 -21373.211330   -330.122440  4  4  3 103       
PG08  23218.885641   6835.400468 -11219.917191    -41.402843  3  5  4  86       
PG09  22800.961297  -8489.255667 -10722.496941   -255.743059  5  7  3  76       
PG10 -11147.060213  23852.199247   2381.205890   -403.151583  4  7  5 103       
PG11  23460.112913  11401.130610   3471.619663   -217.638660  5  6  5  78       
PG12 -16787.594692    818.476012  20291.976745     92.098274  4  5  5 101       
PG13 -16444.412729 -13114.618828 -16397.419709     27.844113  4  6  3 103       
PG14   1400.221735  15452.482122  21921.747462      2.292982  5  5  2  97       
PG15 -24117.686450  -4992.564725 -10739.258760   -216.697303  5  6  4  99       
PG16   6753.767308  15140.343382 -20862.778682   -184.325846  4  7  5  95       
PG17   8458.913691 -13934.593692  21383.897269    297.801962  4  4  5 108       
PG18 -11793.624497   9730.690912 -21729.065983    249.300132  8 10  7 115       
PG19      9.668924 -14649.065469  21857.002624   -130.361679     4  5 104       
PG20 -15220.558548  19286.639017  -9868.481451    527.258132  5  7  3 112       
PG21   3784.945816  22182.443646 -13612.095281     25.178882  3  6  4  85       
PG22  14705.891599   6156.016683  21449.496423   -771.150466  1  2  4  98       
PG23 -15920.343960  20074.449728  -7028.054284      7.086563 11 14  9  82       
PG24 -19946.295732 -10153.401721  14375.184497    -15.837544  5  5  2  87       
PG25 -18230.022736  11976.059083  14738.430107     24.729332     6  6  97       
PG26  -2338.618828  23571.285796 -11817.781260    245.586869  6  7  8  79       
PG27  14302.321080  12417.521758 -18902.509452   -349.021886  2  5  3  99       
PG28  11914.350034 -23440.283434   4847.108626    698.353408  5  7  4  97       
PG29 -25303.764838   3650.590184  -7324.775061   -153.093982  1  6  4 107       
PG30   4413.392592 -18964.807428 -17917.736092   -264.566441  2  5  3 100       
PG31   4346.886768  23455.852681  11135.736811    -56.424325  4  6  2  88       
PG32  -6840.300987  14953.865410  20915.903241    319.009198  4  4  3 107       
*  2020  7 18 16 15  0.00000000
PG01  19347.764401  10768.013801  14682.091250     26.716968  2  4  2  64       
PG02 -13250.379230 -22522.766298   5516.980279   -489.143289  4  3  4  81       
PG03  16048.992684     17.168067  21075.053950   -243.565732  5  5  6  97       
PG04  26399.352413    670.055356   3020.688767   -113.980189  6  5  2  52       
PG05  -5465.827494 -19105.240935 -17671.408648    -16.932204  5  4  5 107       
PG06  -2766.399169 -21650.642749  15152.944079   -304.715051  5  5  5  92       
PG07  13581.938872  -7092.661863 -21396.687437   -330.130184  4  4  2 114       
PG08  21824.444059   7108.151289 -13574.926086    -41.404359  2  4  4  97       
PG09  23891.272552  -8316.471109  -8169.685530   -255.748849  4  7  3  86       
PG10 -11421.503314  23824.695872   -497.772689   -403.161158  4  7  5  96       
PG11  23507.239180  11910.088156    709.635098   -217.628945  5  5  4  68       
PG12 -15607.138154  -1296.537796  21192.443218     92.094124  4  5  4  90       
PG13 -14488.361776 -13108.044765 -18156.621516     27.847152  4  6  3 104       
PG14  -1034.525351  15386.673890  21972.937764      2.295261  5  6  3 101       
PG15 -22865.036969  -5455.857942 -13040.012443   -216.694829  5  6  3 107       
PG16   5461.181375  17026.889925 -19705.251729   -184.330120  4  7  5 101       
PG17  10755.457920 -13865.303409  20347.715336    297.807156  4  5  5 104       
PG18 -13109.273181   7619.089298 -21820.844443    249.308471  8 10  6  78       
PG19   2563.720927 -14517.978939  21790.880477   -130.356882     5  5  98       
PG20 -15082.576472  17991.447547 -12275.248273    527.258258  5  7  3 109       
PG21   2549.626824  20879.520696 -15664.736835     25.183267  3  6  4 104       
PG22  13796.818987   8391.193742  21306.835642   -771.147986  2  3  4  93       
PG23 -15721.649685  19114.811805  -9666.263543      7.101795 10 14  9  85       
PG24 -20677.626715 -11532.207649  12198.618121    -15.837305  5  6  3  55       
PG25 -17560.583286  10244.140483  16716.865367     24.733060     6  6  87       
PG26  -3097.296399  24560.020322  -9346.689937    245.592994  6  7  8  79       
PG27  12113.075208  12616.732533 -20233.514525   -349.030464  3  5  3 109       
PG28  12248.980194 -23613.731270   2002.048460    698.350267  5  7  3  85       
PG29 -25971.630153   3465.892001  -4529.542646   -153.101561     6  3  88       
PG30   5672.928793 -17211.451294 -19296.796735   -264.573311  2  5  4 110       
PG31   3384.573890  22366.474811  13496.418500    -56.426674  4  6  2  85       
PG32  -9167.145914  15002.384648  19951.708312    319.014744  4  5  3  98       
*  2020  7 18 16 30  0.00000000
PG01  20166.380604  12116.011125  12418.821625     26.720334  2  3  2  66       
PG02 -12609.349813 -22137.963942   8223.770254   -489.148253  4  4  5  80       
PG03  15129.071216   2297.090544  21630.507113   -243.576148  5  5  7  90       
PG04  25919.518122    963.841746   5812.790047   -113.984394  6  6  3  39       
PG05  -4605.285132 -20812.339111 -15865.010992    -16.932511  4  5  5 100       
PG06  -1554.509967 -20264.336330  17125.038439   -304.719520  5  6  5 102       
PG07  15041.200381  -5069.732857 -21041.732965   -330.137923  3  5  2 107       
PG08  20195.289933   7489.176119 -15699.083996    -41.405229  2  4  4  83       
PG09  24695.331105  -8161.042859  -5476.641647   -255.754634  4  7  3  91       
PG10 -11567.696388  23510.481210  -3368.046006   -403.170740  4  6  6  92       
PG11  23298.356646  12271.042877  -2064.887817   -217.619327  5  5  4  61       
PG12 -14505.245956  -3544.268282  21719.537226     92.089821  4  5  5 100       
PG13 -12353.989312 -13203.680778 -19607.283858     27.850149  4  6  4  79       
PG14  -3456.639380  15449.512811  21657.905060      2.297943  4  6  3  97       
PG15 -21398.919008  -6030.629404 -15124.286597   -216.692356  5  7  3  75       
PG16   4342.579940  18853.392318 -18210.520021   -184.334534  4  8  6  97       
PG17  12920.340454 -13918.147303  18973.323348    297.812344  4  5  4  95       
PG18 -14527.985005   5588.890243 -21537.647502    249.316795  7  9  6  83       
PG19   5091.450047 -14526.037017  21339.026306   -130.352498     5  5  98       
PG20 -14934.535479  16442.460959 -14469.153515    527.257947  5  6  4 112       
PG21   1101.392216  19469.202991 -17437.372890     25.187131  3  6  4  92       
PG22  13008.219021  10632.298547  20804.664366   -771.145695  2  3  4  89       
PG23 -15464.319291  17878.430169 -12138.302636      7.116975 10 13  9  98       
PG24 -21310.211418 -12673.940549   9813.820554    -15.837591  5  6  4  57       
PG25 -16898.235481   8287.408178  18399.716403     24.736891     5  6  87       
PG26  -3700.650342  25315.917792  -6712.921620    245.599158  6  8  8  81       
PG27   9806.736251  12952.788403 -21223.504125   -349.039031  4  6  3  89       
PG28  12422.658866 -23520.563899   -876.963026    698.346701  5  7  3  95       
PG29 -26327.974176   3303.900937  -1656.619223   -153.109337     6  3 108       
PG30   7091.889162 -15408.685318 -20340.500156   -264.580162  2  6  5 102       
PG31   2223.362460  21117.826195  15619.021514    -56.428933  3  6  3  89       
PG32 -11362.828556  15155.165644  18645.460039    319.020291  4  5  3  98       
*  2020  7 18 16 45  0.00000000
PG01  20886.239937  13207.272106   9942.816323     26.723707  1  3  2  51       
PG02 -11748.013106 -21574.610892  10792.390021   -489.153360  4  5  6  91       
PG03  14316.905382   4660.878904  21811.075476   -243.586573  5  5  7  73       
PG04  25148.769832   1327.396310   8505.077051   -113.988531  6  6  4  58       
PG05  -3898.830795 -22353.820847 -13785.960018    -16.933134  4  5  5  97       
PG06   -134.537152 -18789.692974  18802.991723   -304.724011  5  6  5  89       
PG07  16557.541135  -3174.767866 -20316.298443   -330.145762  3  5  2  96       
PG08  18367.426028   8001.926349 -17555.879936    -41.406737  2  5  4  91       
PG09  25202.657242  -7986.581746  -2689.541937   -255.760394  4  7  3  76       
PG10 -11621.922449  22898.863381  -6179.405116   -403.180301  5  6  6  98       
PG11  22821.206401  12514.900507  -4803.324270   -217.609990  5  5  4  83       
PG12 -13511.464933  -5882.514971  21864.241018     92.085650  4  4  5  69       
PG13 -10083.155428 -13421.010818 -20724.771330     27.853248  4  6  4 105       
PG14  -5819.489862  15634.995047  20981.201791      2.300461  4  6  4  93       
PG15 -19753.600459  -6735.690999 -16957.695679   -216.690052  4  7  3 114       
PG16   3400.937850  20571.894593 -16402.765859   -184.338988  4  8  6  93       
PG17  14911.595440 -14071.766990  17282.696414    297.817522  4  5  4  87       
PG18 -16018.334518   3677.794432 -20884.428692    249.325110  7  8  5  78       
PG19   7541.117012 -14666.320530  20509.510860   -130.347892     6  6  97       
PG20 -14810.804782  14661.399196 -16412.636626    527.258143  5  6  4 114       
PG21   -551.454768  17995.437659 -18895.950212     25.191481  3  6  5 100       
PG22  12348.037213  12834.880584  19951.705968   -771.143435  3  4  4  67       
PG23 -15187.421336  16376.228211 -14401.742636      7.132145  9 13 10  68       
PG24 -21806.196300 -13580.234385   7262.089559    -15.838011  5  6  4  80       
PG25 -16279.483155   6135.420941  19757.251094     24.740690     5  5  82       
PG26  -4173.217712  25809.774527  -3962.191548    245.605280  6  8  8  77       
PG27   7430.479851  13433.339418 -21855.114740   -349.047586  4  6  2  98       
PG28  12468.087393 -23140.130850  -3740.910482    698.343259  5  6  3  92       
PG29 -26367.576273   3125.381587   1244.729776   -153.116963     6  3  80       
PG30   8655.473660 -13600.497807 -21031.225891   -264.587012  2  6  5 105       
PG31    860.791914  19753.705126  17466.701521    -56.431241  3  5  3  89       
PG32 -13386.557002  15389.909170  17019.048164    319.025803  4  5  4  93       
*  2020  7 18 17  0  0.00000000
PG01  21465.873285  14044.342244   7297.129302     26.727092  2  2  2  65       
PG02 -10657.591229 -20871.749893  13180.885276   -489.158505  4  5  6  79       
PG03  13631.282976   7062.352451  21613.933214   -243.596971  5  5  7  90       
PG04  24108.356507   1792.877334  11051.328322   -113.992701  6  6  5  81       
PG05  -3331.017678 -23689.629964 -11469.419249    -16.933841  4  6  5 100       
PG06   1483.798037 -17272.657066  20158.197090   -304.728547  5  7  5 105       
PG07  18093.352702  -1438.321939 -19234.898300   -330.153638  3  5  2  97       
PG08  16382.052888   8663.052911 -19113.203344    -41.407094  3  5  4  82       
PG09  25411.392965  -7756.132171    143.771999   -255.766191  4  7  3  79       
PG10 -11622.551280  21988.115660  -8882.614989   -403.189813  5  5  6  93       
PG11  22071.345617  12675.326528  -7458.263186   -217.600207  5  5  3  70       
PG12 -12648.124574  -8264.558836  21624.427103     92.081334  5  3  5 106       
PG13  -7721.491613 -13772.171783 -21490.035182     27.856215  3  6  4 104       
PG14  -8078.270990  15929.440745  19953.271410      2.303291  3  6  4  98       
PG15 -17967.358580  -7583.433348 -18509.900514   -216.687452  4  7  3  69       
PG16   2630.880105  22135.701834 -14311.791631   -184.343246  4  8  7  69       
PG17  16692.318784 -14298.233068  15303.063568    297.822435  3  5  4  98       
PG18 -17543.416407   1917.457039 -19872.482677    249.333501  6  7  5 110       
PG19   9863.565545 -14923.632062  19317.260451   -130.343137     6  6 110       
PG20 -14742.122552  12677.196357 -18072.636544    527.258146  5  6  4  56       
PG21  -2391.621595  16501.997803 -20011.886051     25.195310  3  6  5  91       
PG22  11816.664879  14954.403870  18762.465127   -771.140780  3  4  4  84       
PG23 -14928.278423  14627.558686 -16417.760951      7.147252  8 12 10  80       
PG24 -22130.187031 -14260.607183   4587.237448    -15.839050  5  7  4  79       
PG25 -15736.025919   3824.883039  20765.657055     24.744544  2  4  5  99       
PG26  -4544.623796  26019.466279  -1142.369545    245.611367  6  8  8  74       
PG27   5032.936283  14057.815818 -22116.860289   -349.056133  5  7  2 103       
PG28  12421.722609 -22459.998086  -6540.336474    698.340000  5  6  3  67       
PG29 -26094.423205   2891.231091   4124.700521   -153.124799     6  3  86       
PG30  10341.464932 -11828.454753 -21357.571810   -264.593818  2  6  5  94       
PG31   -697.161507  18319.250920  19007.723361    -56.433557  1  5  3 104       
PG32 -15202.962434  15678.231815  15099.926881    319.031319  4  5  4 105       
*  2020  7 18 17 15  0.00000000
PG01  21866.528495  14638.374275   4527.357340     26.730497  3  2  2  72       
PG02  -9337.092056 -20070.453577  15350.744314   -489.163821  4  6  6  92       
PG03  13083.119845   9452.966040  21042.833431   -243.607367  5  5  7  97       
PG04  22826.911853   2387.850759  13407.829436   -113.996836  5  6  6  94       
PG05  -2879.721813 -24784.728082  -8954.827005    -16.934312  5  7  6 100       
PG06   3282.300817 -15757.835668  21167.605512   -304.732999  5  7  5 100       
PG07  19607.596486    116.622586 -17818.217622   -330.161560  3  5  2  94       
PG08  14284.134340   9481.591959 -20343.906056    -41.408591  3  6  4 101       
PG09  25328.306912  -7433.785170   2974.609351   -255.771964  3  7  4  62       
PG10 -11608.346901  20785.666445 -11430.322472   -403.199237  5  5  6  59       
PG11  21052.331801  12787.209574  -9984.334865   -217.590874  5  6  3  50       
PG12 -11929.537431 -10640.834273  21004.868495     92.076947  5  3  6 105       
PG13  -5316.845104 -14261.402500 -21889.928118     27.859391  3  6  4 104       
PG14 -10191.489148  16311.992384  18590.346804      2.305779  3  5  4 116       
PG15 -16081.170850  -8579.211868 -19755.050836   -216.685179  4  7  3  67       
PG16   2018.996862  23501.118227 -11972.600179   -184.347901  4  8  6  75       
PG17  18231.909371 -14564.131942  13066.561742    297.827571  3  5  4 100       
PG18 -19062.181363    332.451591 -18519.247596    249.341809  6  6  5 108       
PG19  12013.983171 -15275.159677  17783.753931   -130.338654  1  6  6 102       
PG20 -14754.306087  10525.022375 -19421.132775    527.258068  5  6  4 102       
PG21  -4393.204597  15030.722991 -20762.818401     25.199231  3  6  6  95       
PG22  11407.035071  16947.752785  17256.990481   -771.138466  4  5  4 100       
PG23 -14720.914645  12659.618315 -18151.800371      7.162451  8 12 10  65       
PG24 -22250.643892 -14731.863305   1834.846489    -15.838422  5  7  4  53       
PG25 -15293.461670   1398.376306  21407.482226     24.748375  2  4  4 104       
PG26  -4848.215216  25930.843724   1697.381373    245.617462  6  8  8  60       
PG27   2662.537824  14817.336230 -22003.369272   -349.064717  4  7  2  95       
PG28  12322.245948 -21476.659574  -9226.192917    698.336456  5  5  3  62       
PG29 -25521.541100   2564.184106   6933.800466   -153.131900     6  3  80       
PG30  12120.951317 -10130.212261 -21314.515816   -264.600678  2  6  5  87       
PG31  -2436.157588  16859.182793  20215.999735    -56.435502     4  3 103       
PG32 -16783.298081  15986.825601  12920.679820    319.036829  4  5  4 107       
*  2020  7 18 17 30  0.00000000
PG01  22053.696035  15008.460751   1680.853729     26.733884  3  3  3  72       
PG02  -7793.430347 -19212.238985  17267.386587   -489.168803  4  6  6  97       
PG03  12675.117624  11783.510489  20108.018648   -243.617727  4  5  7  90       
PG04  21339.399617   3134.032766  15534.118369   -114.000915  5  6  6  77       
PG05  -2517.160827 -25610.406493  -6285.248325    -16.935067  5  7  5  82       
PG06   5234.823041 -14286.844306  21814.102977   -304.737475  5  7  5  95       
PG07  21057.370186   1475.284970 -16092.612362   -330.169464  3  5  2  99       
PG08  12120.822070  10458.443316 -21226.291770    -41.410656  3  6  4 103       
PG09  24968.478767  -6986.258947   5754.264233   -255.777822  3  7  4  64       
PG10 -11616.764185  19307.932810 -13777.930224   -403.208678  6  5  6  90       
PG11  19775.601207  12885.116880 -12338.961240   -217.581603  5  6  3  80       
PG12 -11361.540064 -12960.714322  20017.110522     92.072824  5  4  6 107       
PG13  -2917.644112 -14884.800692 -21917.428372     27.862192  3  6  5 112       
PG14 -12122.344891  16755.391829  16914.266709      2.308559  2  5  4 105       
PG15 -14137.320106  -9720.989381 -20672.172872   -216.682737  4  6  3 108       
PG16   1544.484823  24629.106441  -9424.864237   -184.352244  3  8  6  75       
PG17  19507.101383 -14831.876660  10609.811047    297.832796  3  5  4  91       
PG18 -20530.942722  -1060.487868 -16848.003894    249.350107  5  4  5  96       
PG19  13953.481844 -15691.464245  15936.584863   -130.334013  2  6  6  83       
PG20 -14867.173965   8245.076266 -20435.588612    527.258108  5  5  4 109       
PG21  -6522.459186  13619.820271 -21133.229950     25.203336  3  6  6  92       
PG22  11105.003930  18774.692046  15460.557979   -771.136382  4  5  4  89       
PG23 -14594.642737  10506.568368 -19574.153917      7.177580  7 11 10  49       
PG24 -22141.130621 -15017.237026   -948.483360    -15.840232  5  7  4  91       
PG25 -14970.256210  -1097.143284  21671.940721     24.752193  3  4  5 101       
PG26  -5119.542214  25538.325612   4507.496247    245.623542  6  7  7  75       
PG27    365.865424  15694.937343 -21515.533949   -349.073251  5  8  2  98       
PG28  12208.914639 -20195.927646 -11750.734154    698.333218  5  4  3  73       
PG29 -24670.491773   2110.451435   9623.696445   -153.139797     7  3  87       
PG30  13959.316257  -8538.200883 -20903.460648   -264.607517  2  6  5  91       
PG31  -4333.903759  15416.085699  21071.506461    -56.437998     3  3 104       
PG32 -18106.394328  16278.826854  10518.490486    319.042361  4  5  5  86       
*  2020  7 18 17 45  0.00000000
PG01  21998.469357  15180.683351  -1194.063274     26.737265  4  4  3  79       
PG02  -6041.269755 -18337.509927  18900.576413   -489.174158  4  6  6  94       
PG03  12401.755727  14005.838530  18826.016232   -243.628104  4  6  7  94       
PG04  19685.828269   4046.261047  17393.675488   -114.005018  5  6  7  94       
PG05  -2211.147022 -26145.373693  -3506.649269    -16.936103  5  7  5  95       
PG06   7308.091343 -12896.783164  22086.786754   -304.742014  5  7  4 101       
PG07  22399.533277   2631.376269 -14089.521633   -330.177175  3  5  1  97       
PG08   9939.796738  11586.164925 -21744.523281    -41.411526  4  7  4  95       
PG09  24354.674539  -6384.384933   8434.854015   -255.783628  3  7  3  76       
PG10 -11682.305576  17579.803396 -15884.417228   -403.218155  6  5  6  98       
PG11  18260.056234  13001.803644 -14483.019316   -217.571918  5  7  3  70       
PG12 -10941.390406 -15174.334989  18679.209825     92.068382  5  4  6  99       
PG13   -571.243253 -15630.397868 -21571.769477     27.865215  3  6  5 117       
PG14 -13839.959703  17227.013307  14952.207329      2.311162  2  5  4 102       
PG15 -12177.960226 -10999.248253 -21245.498961   -216.680414  3  6  3 105       
PG16   1180.096760  25486.800070  -6712.288382   -184.356720  3  8  6  86       
PG17  20502.747373 -15061.199998   7973.410458    297.837905  3  5  5  89       
PG18 -21904.996333  -2252.918335 -14887.474810    249.358455  5  2  5 109       
PG19  15650.433328 -16137.746153  13808.901449   -130.329180  2  6  6 107       
PG20 -15093.719927   5881.199720 -21099.291792    527.258045  5  5  4  56       
PG21  -8738.938906  12302.308902 -21114.915134     25.207795  3  6  5 107       
PG22  10890.003386  20399.229342  13403.278431   -771.133478  5  6  4  96       
PG23 -14572.845339   8208.394748 -20660.466182      7.192797  6 10 10  72       
PG24 -21781.373720 -15145.313388  -3715.883865    -15.842115  5  7  4  79       
PG25 -14777.022186  -3612.020494  21555.078514     24.756070  3  5  5  90       
PG26  -5394.752382  24845.164178   7238.910585    245.629617  6  7  7  89       
PG27  -1813.945468  16666.121566 -20660.565549   -349.081797  5  8  2  99       
PG28  12119.857785 -18632.972543 -14068.434709    698.329951  5  3  3  94       
PG29 -23570.551803   1501.228189  12148.046765   -153.147040  2  7  3  40       
PG30  15817.453418  -7078.531233 -20132.164041   -264.614367  3  6  5  95       
PG31  -6360.883983  14028.812553  21560.570127    -56.439979     2  3 110       
PG32 -19159.331356  16515.342624   7934.524989    319.047837  4  4  4 107       
*  2020  7 18 18  0  0.00000000
PG01  21678.693117  15186.919629  -4048.895525     26.740665  4  5  3  77       
PG02  -4102.598891 -17484.077336  20224.766011   -489.179161  4  6  6 108       
PG03  12249.615716  16074.549343  17219.324165   -243.638474  5  6  7  98       
PG04  17909.784183   5131.734966  18954.546730   -114.009124  5  6  7 106       
PG05  -1926.527313 -26376.572682   -667.104795    -16.936799  5  8  5 105       
PG06   9462.811583 -11618.900907  21981.137295   -304.746405  5  6  4 102       
PG07  23592.325690   3587.050369 -11844.811121   -330.184864  3  5  2  94       
PG08   7787.587086  12849.095110 -21888.938443    -41.412464  4  7  4  91       
PG09  23516.436085  -5604.440727  10970.147316   -255.789417  3  7  3  94       
PG10 -11835.006384  15633.791724 -17713.087998   -403.227655  6  4  6  85       
PG11  16531.387226  13166.832429 -16381.412374   -217.562407  5  7  3  62       
PG12 -10658.021802 -17234.383925  17015.349588     92.064122  5  5  6  70       
PG13   1677.690531 -16478.550722 -20858.472964     27.868382  3  6  5 104       
PG14 -15320.401503  17690.120150  12736.326904      2.313463  1  4  3  95       
PG15 -10243.690042 -12397.176995 -21464.735720   -216.677826  4  6  3  73       
PG16    893.367178  26048.804237  -3881.870648   -184.360963  3  8  6  80       
PG17  21212.318581 -15210.780117   5201.354270    297.843220  4  5  5  79       
PG18 -23140.291842  -3244.816850 -12671.335200    249.366786  5  3  5  80       
PG19  17081.506009 -16575.335178  11438.740108   -130.324633  2  6  6  99       
PG20 -15439.567671   3479.365737 -21401.590155    527.257638  5  4  4 113       
PG21 -10996.958464  11104.687959 -20707.265008     25.211661  3  6  5 104       
PG22  10735.941962  21790.832328  11119.633194   -771.131185  5  6  4  89       
PG23 -14671.997163   5809.550941 -21392.143341      7.208016  5  9  9  90       
PG24 -21158.096918 -15148.768926  -6420.955766    -15.843080  5  7  4  65       
PG25 -14716.135252  -6095.676232  21059.797852     24.759857  3  5  5  82       
PG26  -5708.962107  23863.371125   9843.954782    245.635672  6  7  7 100       
PG27  -3838.680734  17699.707641 -19451.950031   -349.090377  4  8  2  97       
PG28  12090.386665 -16811.994650 -16136.910708    698.326677  5  3  3  98       
PG29 -22257.605039    714.012037  14463.302857   -153.154614  3  7  3  79       
PG30  17653.158573  -5770.160670 -19014.558597   -264.621276  3  6  4  94       
PG31  -8481.370609  12731.065302  21676.027743    -56.442458     1  3 105       
PG32 -19937.801019  16657.075920   5213.235968    319.053316  4  4  4  91       
*  2020  7 18 18 15  0.00000000
PG01  21079.861194  15063.455048  -6835.733416     26.744059  4  6  4  56       
PG02  -2006.061677 -16685.802944  21219.372464   -489.184213  4  6  6  99       
PG03  12198.022990  17948.566951  15315.994540   -243.648792  5  7  6  83       
PG04  16056.839246   6389.554554  20189.889681   -114.013251  5  5  7  90       
PG05  -1626.753966 -26299.692065   2184.046194    -16.937275  5  8  5 112       
PG06  11655.007662 -10477.495939  21499.083966   -304.750898  5  6  4  87       
PG07  24596.917242   4352.528973  -9398.066179   -330.192587  3  5  3  82       
PG08   5707.930423  14223.802306 -21656.266633    -41.413051  4  8  5  90       
PG09  22488.919450  -4629.276891  13316.367044   -255.795147  3  6  3  93       
PG10 -12099.111361  13508.894740 -19232.234517   -403.237202  6  3  6 102       
PG11  14621.162619  13405.351270 -18003.547055   -217.552864  5  8  4  78       
PG12 -10492.638640 -19097.781480  15055.342883     92.059514  5  6  6 106       
PG13   3788.692373 -17402.636176 -19789.282193     27.871307  3  7  4 100       
PG14 -16547.468159  18105.304257  10303.321987      2.316238     3  4  91       
PG15  -8372.183442 -13891.128003 -21325.266659   -216.675863  4  6  3 104       
PG16    648.069059  26298.225432   -983.074731   -184.365297  3  8  5  81       
PG17  21638.097402 -15239.942184   2340.371446    297.848165  4  5  5  83       
PG18 -24195.091537  -4044.382929 -10237.636820    249.375118  4  3  5  72       
PG19  18232.363877 -16963.338209   8868.271145   -130.320352  3  6  6  89       
PG20 -15902.724332   1086.100626 -21338.021966    527.257887  4  4  3 108       
PG21 -13247.315930  10045.896447 -19917.352146     25.215541  2  6  5 100       
PG22  10612.321831  22925.456264   8647.942414   -771.128825  5  6  4  89       
PG23 -14900.965505   3357.435224 -21756.665509      7.223204  6  8  9  94       
PG24 -20265.603863 -15062.979806  -9018.485754    -15.843665  5  6  4  71       
PG25 -14781.699989  -8498.409236  20195.743391     24.763801  3  6  6  72       
PG26  -6094.673096  22613.306818  12277.221455    245.641720  6  6  7  87       
PG27  -5676.348552  18758.957676 -17909.299897   -349.098992  4  8  3  89       
PG28  12151.392400 -14765.528245 -17917.820517    698.323013  5  4  3  79       
PG29 -20772.790406   -266.320883  16529.466382   -153.162087  4  6  3  79       
PG30  19422.643155  -4624.349929 -17570.467623   -264.628211  3  6  4  71       
PG31 -10654.674194  11550.207891  21417.261416    -56.444386  1     3 104       
PG32 -20446.141626  16665.986083   2401.598719    319.058764  4  4  4  80       
*  2020  7 18 18 30  0.00000000
PG01  20195.736045  14849.453406  -9507.998869     26.747424  4  6  4  65       
PG02    213.931775 -15971.406108  21868.993214   -489.189146  3  6  5  92       
PG03  12219.978408  19592.552466  13149.123837   -243.659136  6  8  6  83       
PG04  14172.893569   7810.576836  21078.433515   -114.017386  4  5  7  99       
PG05  -1275.523481 -25919.346824   4997.082963    -16.938355  5  8  6  89       
PG06  13837.544224  -9489.095739  20648.964327   -304.755362  5  6  4 101       
PG07  25378.830997   4945.425637  -6791.851996   -330.200496  3  5  3  79       
PG08   3740.237416  15679.849263 -21049.738695    -41.414404  4  8  5  98       
PG09  21311.526510  -3449.192344  15432.954088   -255.800817  4  6  3 102       
PG10 -12491.996763  11249.203858 -20415.697422   -403.246777  6  2  6 100       
PG11  12565.727870  13737.070412 -19323.717291   -217.543158  5  8  4  94       
PG12 -10419.624360 -20727.188081  12834.038352     92.055239  5  7  6  96       
PG13   5726.858105 -18370.026129 -18381.996541     27.874427  4  7  4  95       
PG14 -17513.195295  18432.059093   7693.895609      2.318619  1  3  4  85       
PG15  -6596.922737 -15451.334589 -20828.284561   -216.673214  3  6  3 105       
PG16    405.844639  26227.381613   1933.072143   -184.369804  4  7  5  76       
PG17  21791.046888 -15110.373920   -560.807713    297.853082  5  5  5  73       
PG18 -25031.553319  -4667.522860  -7628.159546    249.383414  5  4  5  77       
PG19  19098.003952 -17260.373850   6142.976679   -130.315605  4  6  5  82       
PG20 -16473.638785  -1253.101009 -20910.342280    527.257822  4  3  4 114       
PG21 -15439.192793   9136.620913 -18759.807088     25.219552  2  6  5 104       
PG22  10485.532585  23786.344630   6029.770968   -771.126428  6  6  4  72       
PG23 -15260.615840    900.759697 -21747.796714      7.238422  7  7  9  88       
PG24 -19106.091001 -14924.548254 -11465.136051    -15.845218  5  6  4  83       
PG25 -14959.862571 -10773.149969  18979.056835     24.767661  3  6  6  82       
PG26  -6580.299390  21122.949509  14496.387333    245.647812  5  5  6 101       
PG27  -7302.253844  19802.942908 -16058.098921   -349.107592  4  8  3  87       
PG28  12327.904436 -12533.392644 -19377.717483    698.319816  5  4  4  92       
PG29 -19160.956543  -1446.725676  18310.788229   -153.169630  4  6  4  88       
PG30  21082.110554  -3644.426906 -15825.224756   -264.635104  4  6  3  84       
PG31 -12836.578055  10506.352925  20790.113905    -56.446799  1  1  3 104       
PG32 -20697.042059  16506.918282   -451.707446    319.064286  3  4  4  77       
*  2020  7 18 18 45  0.00000000
PG01  19028.670956  14585.342108 -12021.155431     26.750820  4  7  4  84       
PG02   2518.282611 -15363.467801  22163.564134   -489.194076  4  6  5  99       
PG03  12283.341422  20978.097228  10756.260459   -243.669490  6  8  6  74       
PG04  12302.516382   9377.595948  21604.845130   -114.021519  4  6  7  90       
PG05   -838.416979 -25248.917935   7722.804700    -16.939028  5  8  6 109       
PG06  15961.776024  -8661.944341  19445.378155   -304.759860  6  6  4  97       
PG07  25909.191208   5389.804012  -4070.956517   -330.208298  3  5  4  71       
PG08   1918.221284  17180.846336 -20079.084833    -41.414843  4  8  5  90       
PG09  20026.382678  -2062.522656  17283.277824   -255.806586  4  6  3  93       
PG10 -13023.381304   8902.325868 -21243.315907   -403.256349  5  1  6 105       
PG11  10404.957974  14175.468360 -20321.398243   -217.533459  5  8  4  87       
PG12 -10407.720217 -22092.280529  10390.644063     92.051078  5  7  6 102       
PG13   7463.996096 -19343.307399 -16660.206333     27.877445  3  7  3  71       
PG14 -18218.063350  18630.430018   4952.139492      2.321447     2  4  82       
PG15  -4946.080129 -17042.867083 -19980.848430   -216.670756  3  6  3  96       
PG16    127.943505  25838.155962   4814.936976   -184.374064  4  7  5  63       
PG17  21690.353537 -14787.789374  -3452.250450    297.858566  5  4  5  79       
PG18 -25617.177183  -5137.036434  -4887.699216    249.391691  4  4  4  72       
PG19  19682.724591 -17426.320712   3310.781813   -130.310816  5  6  5  93       
PG20 -17135.559433  -3495.309540 -20126.448335    527.257892  4  3  4  99       
PG21 -17522.139194   8378.986707 -17256.488085     25.223997  1  6  4  94       
PG22  10320.275578  24364.572420   3309.278021   -771.123685  6  5  5  68       
PG23 -15743.737607  -1512.127371 -21365.689330      7.253649  8  7  8  87       
PG24 -17689.681712 -14769.799939 -13720.100335    -15.846710  5  5  5  60       
PG25 -15229.452232 -12877.096378  17432.010108     24.771549  3  7  7  72       
PG26  -7188.865423  19426.874836  16462.972662    245.653867  5  5  6  98       
PG27  -8699.801584  20788.100127 -13929.338390   -349.116306  4  7  3  67       
PG28  12637.879704 -10161.324326 -20488.826243    698.316536  5  5  4  90       
PG29 -17468.982497  -2825.516443  19776.396701   -153.177165  5  6  5  87       
PG30  22589.334765  -2825.862754 -13809.206398   -264.641967  3  6  3  94       
PG31 -14980.898707   9611.751516  19806.693198    -56.448776  2  1  4 108       
PG32 -20710.924987  16149.136337  -3297.157830    319.069765  3  4  4  90       
*  2020  7 18 19  0  0.00000000
PG01  17589.626922  14311.170254 -14333.379090     26.754209  3  8  4  88       
PG02   4864.433776 -14877.659714  22098.463340   -489.199193  4  6  5 100       
PG03  12352.216848  22084.652786   8178.741174   -243.679859  7  8  6  73       
PG04  10487.348250  11065.841100  21759.995282   -114.025605  4  6  7  89       
PG05   -284.474230 -24310.054148  10313.433084    -16.939800  5  7  6 105       
PG06  17979.262158  -7995.816446  17908.938851   -304.764390  5  6  4 109       
PG07  26165.755153   5715.013321  -1281.629795   -330.216268  3  5  4  40       
PG08    268.746179  18685.756494 -18760.416753    -41.416607  4  9  5  86       
PG09  18676.719608   -475.916663  18835.280326   -255.812341  4  6  3 103       
PG10 -13694.856697   6517.678446 -21701.258837   -403.265948  5     5 105       
PG11   8180.910927  14727.248440 -20981.454877   -217.523912  4  8  3 104       
PG12 -10421.423026 -23170.750644   7767.986335     92.046381  5  8  6 102       
PG13   8979.528296 -20281.702926 -14652.930244     27.880605  4  7  3  96       
PG14 -18670.889091  18662.680398   2124.834849      2.323950     2  4  84       
PG15  -3441.588604 -18626.799376 -18795.859508   -216.668620  3  6  3 101       
PG16   -223.005659  25141.973073   7611.272228   -184.379017  4  6  4  56       
PG17  21362.652074 -14243.473949  -6283.675780    297.863198  5  4  5  68       
PG18 -25926.059682  -5481.538001  -2063.303860    249.399937  4  4  3  70       
PG19  19999.732986 -17424.007493    421.159957   -130.306548  5  5  5  87       
PG20 -17865.175139  -5601.586081 -19000.208118    527.257904  3  3  5 100       
PG21 -19448.046325   7766.647445 -15435.956277     25.227935     5  4  90       
PG22  10081.067383  24659.310288    532.517152   -771.121783  6  5  5  73       
PG23 -16335.293072  -3834.902697 -20616.881432      7.268878  9  8  8  94       
PG24 -16034.181875 -14633.305090 -15745.720381    -15.846679  5  4  5 100       
PG25 -15562.920018 -14773.167807  15582.529730     24.775461  3  7  7  67       
PG26  -7936.928162  17564.987783  18143.022914    245.659910  5  5  6  99       
PG27  -9860.993496  21669.921726 -11559.045723   -349.124875  4  7  4  64       
PG28  13091.284499  -7699.341020 -21229.714140    698.313016  5  5  4  93       
PG29 -15744.029174  -4392.232243  20900.843262   -153.184821  5  6  5  94       
PG30  23905.181809  -2156.653522 -11557.286968   -264.648807  4  6  3  52       
PG31 -17041.110438   8870.502896  18485.075881    -56.451088  2  1  4 106       
PG32 -20515.032163  15567.696236  -6085.264684    319.075192  3  4  4  72       
*  2020  7 18 19 15  0.00000000
PG01  15897.885942  14064.997320 -16406.184314     26.757574  3  8  5  82       
PG02   7207.715181 -14522.220130  21674.562713   -489.204213  4  5  4 100       
PG03  12388.490095  22900.164256   5460.968959   -243.690217  7  8  6  90       
PG04   8764.625436  12843.774339  21541.120089   -114.029690  4  6  7 103       
PG05    412.364632 -23131.853627  12723.496089    -16.940896  5  7  6  93       
PG06  19843.480948  -7482.164415  16065.926222   -304.768900  5  5  4 101       
PG07  26133.697601   5954.349902   1529.168644   -330.224074  3  5  4  58       
PG08  -1189.058130  20150.403900 -17115.992517    -41.417704  4  9  6  73       
PG09  17305.225803   1295.711080  20062.042361   -255.818099  4  5  3  99       
PG10 -14499.754751   4144.729385 -21782.232760   -403.275822  4     5 113       
PG11   5936.430303  15392.057784 -21294.270612   -217.514639  4  8  3  91       
PG12 -10422.542563 -23948.991985   5011.720719     92.042037  6  8  6  92       
PG13  10261.105114 -21142.642112 -12394.158375     27.883407  4  7  3  85       
PG14 -18888.398355  18494.908523   -739.320875      2.326393     2  5  66       
PG15  -2098.438613 -20161.549341 -17291.950822   -216.666188  3  6  2  95       
PG16   -681.266726  24159.392806  10272.216058   -184.382861  5  6  4  89       
PG17  20840.954095 -13455.645039  -9005.350612    297.867972  6  3  4  77       
PG18 -25939.908062  -5734.153987    796.528980    249.408344  4  5  2  53       
PG19  20070.415000 -17220.777378  -2475.767577   -130.301935  6  5  4  79       
PG20 -18633.512967  -7538.249741 -17551.197309    527.257560  3  3  5  90       
PG21 -21173.009433   7285.264674 -13332.777939     25.232262     5  3  92       
PG22   9733.767218  24677.797220  -2253.304896   -771.119369  6  5  5  70       
PG23 -17012.979912  -6024.850117 -19514.187113      7.284070  9  9  9  95       
PG24 -14164.565951 -14546.474919 -17508.058164    -15.846875  4  4  5  83       
PG25 -15927.531696 -16431.222633  13463.627008     24.779329  4  8  7  90       
PG26  -8833.766579  15581.059255  19507.699786    245.665952  4  4  5 114       
PG27 -10786.593707  22404.715100  -8987.708906   -349.133523  5  6  4  67       
PG28  13689.519126  -5199.904487 -21585.831134    698.309554  4  6  4  96       
PG29 -14031.789151  -6127.848304  21664.555565   -153.192555  6  6  6  86       
PG30  24995.017380  -1617.989308  -9108.227636   -264.655638  3  5  2  84       
PG31 -18971.971839   8278.587635  16848.920139    -56.453449  3  1  4 100       
PG32 -20142.247175  14744.603462  -8767.465862    319.080650  2  4  4  88       
*  2020  7 18 19 30  0.00000000
PG01  13980.472196  13881.368377 -18205.000404     26.760960  3  8  4  74       
PG02   9502.762496 -14297.691891  20898.227831   -489.209177  4  5  3 106       
PG03  12353.450444  23421.385159   2649.645367   -243.700572  7  8  6  70       
PG04   7165.882600  14674.158544  20951.874884   -114.033786  4  7  7  98       
PG05   1272.010835 -21749.757023  14910.673316    -16.941470  4  6  6 108       
PG06  21511.481245  -7104.591948  13947.846011   -304.773358  5  5  3  66       
PG07  25806.126396   6143.597288   4314.505043   -330.231956  3  5  4  69       
PG08  -2444.377974  21529.128724 -15173.865016    -41.418952  4  8  6  84       
PG09  15952.429425   3229.551782  20942.260489   -255.823841  4  5  2  97       
PG10 -15423.353730   1831.249966 -21485.565564   -403.285404  4  2  4 102       
PG11   3713.744528  16162.471851 -21255.801724   -217.505094  4  8  3  88       
PG12 -10371.854556 -24422.453678   2169.512046     92.037614  7  8  5  92       
PG13  11304.909043 -21883.421767  -9922.305880     27.886539  4  7  3  82       
PG14 -18894.489368  18098.549420  -3590.550855      2.329061     2  5  61       
PG15   -924.230488 -21604.349158 -15493.285101   -216.663825  3  7  2  91       
PG16  -1276.387882  22919.335013  12750.275497   -184.387450  5  5  4 104       
PG17  20163.315712 -12410.567024 -11569.011050    297.872973  6  3  4  79       
PG18 -25648.774880  -5931.047534   3642.680457    249.416619  4  6     72       
PG19  19923.303573 -16789.866471  -5330.119102   -130.297658  6  4  4  70       
PG20 -19407.057475  -9277.941849 -15804.350563    527.257385  2  2  5  88       
PG21 -22658.992672   6913.348055 -10986.683328     25.236453     4  3  78       
PG22   9247.071182  24435.019587  -5000.601489   -771.117237  6  4  5  73       
PG23 -17748.086180  -8044.304168 -18076.481428      7.299235 10 10  9  94       
PG24 -12112.211166 -14536.282220 -18977.418428    -15.848244  4  3  6  95       
PG25 -16286.762394 -17828.996403  11112.749890     24.783249  4  8  7  67       
PG26  -9880.870191  13521.126955  20533.771054    245.672033  4  3  5 117       
PG27 -11485.951556  22951.362214  -6259.603140   -349.142184  5  5  4  85       
PG28  14425.219751  -2715.961585 -21549.895142    698.306334  4  6  5  92       
PG29 -12374.802814  -8005.326033  22054.189043   -153.199908  6  6  6  96       
PG30  25829.949117  -1185.182436  -6504.009624   -264.662502  3  5  2  70       
PG31 -20731.094084   7824.216092  14926.999784    -56.455741  3     4  93       
PG32 -19629.702284  13669.705690 -11297.001795    319.086095  2  5  4  78       
*  2020  7 18 19 45  0.00000000
PG01  11871.301767  13789.928468 -19699.693666     26.764337  4  8  4  73       
PG02  11704.966732 -14196.931170  19781.265538   -489.214122  4  4  3  86       
PG03  12209.439275  23653.864171   -207.029170   -243.710920  7  8  6  83       
PG04   5715.883302  16515.355682  20002.279088   -114.037911  3  7  6  83       
PG05   2307.225423 -20204.196167  16836.583756    -16.942503  3  5  6  95       
PG06  22945.408176  -6839.636093  11590.902827   -304.777899  4  4  3  82       
PG07  25184.317342   6319.499093   7028.181762   -330.239791  3  5  4  66       
PG08  -3494.968324  22776.523777 -12967.417674    -41.420696  4  8  6  60       
PG09  14655.176504   5295.584852  21460.626259   -255.829599  4  5  3  91       
PG10 -16443.412741   -378.348907 -20817.167485   -403.294991  4  3  3 108       
PG11   1553.108612  17024.239374 -20867.562974   -217.495323  4  8  3  84       
PG12 -10230.783168 -24595.653870   -709.800255     92.033259  7  8  5  98       
PG13  12115.633284 -22462.894686  -7279.583776     27.889547  3  7  3  91       
PG14 -18719.209074  17451.697477  -6378.885690      2.331654     2  5  76       
PG15     80.995292 -22912.795109 -13429.256734   -216.661351  3  7  2 102       
PG16  -2031.785711  21457.965820  15001.266213   -184.391649  5  5  4 114       
PG17  19371.292072 -11103.366881 -13928.789168    297.878050  6  3  4  98       
PG18 -25051.484499  -6109.827679   6426.250219    249.424885  4  6  1  73       
PG19  19592.792866 -16111.545372  -8093.110567   -130.292594  6  3  4  89       
PG20 -20149.048811 -10800.450349 -13789.533707    527.257358  2  2  5  69       
PG21 -23875.220534   6623.407303  -8441.617155     25.240682     4  3  36       
PG22   8593.916084  23953.105094  -7662.200774   -771.114842  6  4  5  77       
PG23 -18506.605231  -9861.900746 -16328.383199      7.314418 10 11 10  93       
PG24  -9913.905424 -14624.151008 -20128.816666    -15.848311  3  3  6  93       
PG25 -16601.834016 -18952.729737   8571.072917     24.787151  5  8  7  78       
PG26 -11071.745720  11431.825067  21203.991513    245.678129  4  2  5 113       
PG27 -11976.483599  23273.008009  -3422.029236   -349.150935  5  5  4  71       
PG28  15282.453377   -298.951947 -21122.105052    698.303275  4  6  5  77       
PG29 -10810.906340  -9990.482039  22062.870075   -153.207317  6  6  6  76       
PG30  26387.858686   -828.817110  -3789.123409   -264.669378  3  5  2  54       
PG31 -22280.394736   7488.472515  12752.670748    -56.457900  4     4  84       
PG32 -19017.225176  12341.282963 -13629.762690    319.091596  2  5  4  89       
*  2020  7 18 20  0  0.00000000
PG01   9610.090012  13814.224085 -20865.031022     26.767724  4  8  4  80       
PG02  13771.910568 -14205.388985  18340.817081   -489.219264  4  4  2  92       
PG03  11921.459705  23611.606626  -3060.173542   -243.721308  7  7  5  77       
PG04   4431.819146  18322.806378  18708.552483   -114.042053  4  7  6 105       
PG05   3522.907494 -18539.053355  18467.498134    -16.943163  2  4  5  99       
PG06  24113.845871  -6657.827593   9035.394426   -304.782451  3  4  3  67       
PG07  24277.665992   6518.218982   9625.417009   -330.247599  3  5  4  88       
PG08  -4347.063657  23849.183969 -10534.793842    -41.421585  4  8  6  69       
PG09  13445.264091   7457.546005  21608.100175   -255.835389  4  5  3 101       
PG10 -17531.009733  -2444.533691 -19789.373739   -403.304554  4  2  3 117       
PG11   -508.468685  17956.775131 -20136.549323   -217.485947  4  8  3 101       
PG12  -9963.047632 -24481.858509  -3577.036436     92.028971  7  7  4  96       
PG13  12706.133889 -22843.120734  -4511.295477     27.892515  3  7  3  92       
PG14 -18397.477885  16540.190636  -9055.083354      2.334316  1  1  5  85       
PG15    924.637080 -24046.421166 -11134.094851   -216.658878  4  7  2 103       
PG16  -2963.585485  19817.292464  16985.183400   -184.395692  5  5  4 117       
PG17  18508.238054  -9538.507317 -16042.123027    297.883091  6  4  5  84       
PG18 -24155.734601  -6307.904950   9099.393605    249.433165  5  6  3  93       
PG19  19117.653650 -15173.983981 -10717.869705   -130.288088  6  3  4  91       
PG20 -20820.910969 -12093.266433 -11541.043960    527.257424  2  3  5  82       
PG21 -24799.238209   6383.352085  -5744.718662     25.244570     4  3  60       
PG22   7752.737781  23260.451025 -10192.149834   -771.112369  5  4  5  80       
PG23 -19250.568124 -11453.587694 -14299.840519      7.329589 10 12 11  81       
PG24  -7610.661857 -14825.054883 -20942.387376    -15.848144  4  3  6  93       
PG25 -16833.332537 -19797.468389   5882.741653     24.791126  5  8  6  70       
PG26 -12392.047642   9358.709240  21507.369994    245.684275  3  2  4 118       
PG27 -12282.831192  23338.607201   -524.476482   -349.159602  5  4  4  88       
PG28  16237.301678   2003.125565 -20310.170301    698.299834  4  6  5  96       
PG29  -9371.872104 -12043.143711  21690.325701   -153.215090  7  7  6  94       
PG30  26654.186958   -516.075385  -1009.825211   -264.676248  3  5  2  58       
PG31 -23587.386586   7246.225284  10363.281301    -56.460224  5  1  4 100       
PG32 -18345.688459  10766.309844 -15725.088294    319.097074  2  5  4 112       
*  2020  7 18 20 15  0.00000000
PG01   7241.053362  13970.733713 -21681.080670     26.771104  4  8  4  77       
PG02  15664.746886 -14301.660379  16599.193442   -489.224348  4  3  2  87       
PG03  11458.686177  23316.425767  -5861.049285   -243.731550  8  7  5  66       
PG04   3322.808166  20050.634712  17092.845065   -114.046173  3  7  6  95       
PG05   4915.702846 -16799.994453  19774.959907    -16.943759  2  3  5  83       
PG06  24992.926374  -6524.989107   6325.036500   -304.786929  2  4  2  75       
PG07  23103.362753   6773.840566  12063.489628   -330.255352  3  5  5  79       
PG08  -5014.948718  24707.397990  -7918.229188    -41.423508  4  7  6  79       
PG09  12348.281879   9674.144407  21382.075113   -255.841128  4  5  3  96       
PG10 -18651.646961  -4333.961334 -18420.675373   -403.314115  5  3  3 103       
PG11  -2438.372909  18933.881168 -19075.097780   -217.476437  4  8  3  85       
PG12  -9536.210819 -24102.443543  -6383.496617     92.024666  7  7  5  95       
PG13  13096.766593 -22990.915653  -1665.069487     27.895691  2  6  3  82       
PG14 -17967.610508  15358.404817 -11571.562663      2.337054  1  2  5  75       
PG15   1621.117817 -24968.237167  -8646.366589   -216.656801  4  7  3  85       
PG16  -4079.769772  18043.527633  18666.980515   -184.400098  5  5  4 111       
PG17  17617.523771  -7729.887850 -17870.625951    297.888678  6  5  5  80       
PG18 -22977.868279  -6560.857426  11616.142003    249.441458  6  6  4  85       
PG19  18539.411177 -13973.811594 -13160.194440   -130.283422  6  3  4  80       
PG20 -21383.757339 -13151.855081  -9097.045664    527.257356  3  4  5  75       
PG21 -25417.603467   6158.065862  -2945.269408     25.248830     4  3  52       
PG22   6708.532868  22390.616254 -12546.515027   -771.109956  5  4  6  59       
PG23 -19939.542674 -12803.357163 -12025.625334      7.344736 11 12 11  80       
PG24  -5246.379434 -15146.857383 -21403.727200    -15.849080  4  3  6  98       
PG25 -16942.841217 -20367.031071   3094.087424     24.794995  5  8  6  98       
PG26 -13820.025265   7344.642528  21439.320139    245.690363  3  2  4 106       
PG27 -12435.724313  23124.263179   2382.274223   -349.168340  5  4  4  89       
PG28  17258.808948   4147.497215 -19129.153529    698.296480  4  5  5  77       
PG29  -8082.294632 -14118.547478  20942.896888   -153.222647  7  7  6  93       
PG30  26622.444900   -212.188418   1786.627935   -264.683132  3  5  3  46       
PG31 -24626.258186   7067.265316   7799.536679    -56.462472  5  1  4  57       
PG32 -17655.328935   8960.377593 -17546.503544    319.102557  2  5  4 105       
*  2020  7 18 20 30  0.00000000
PG01   4811.448959  14268.162322 -22133.545216     26.774432  4  8  4  90       
PG02  17349.475270 -14458.288842  14583.648511   -489.229423  4  3  2  76       
PG03  10795.816773  22797.010251  -8561.875989   -243.741711  8  7  4  76       
PG04   2389.711664  21653.317103  15182.864381   -114.050243  3  8  5  85       
PG05   6473.949913 -15032.744450  20736.301403    -16.944271  2  2  4 101       
PG06  25567.162462  -6403.721717   3506.228325   -304.791457  1  4  2  57       
PG07  21685.806021   7116.957279  14302.345654   -330.263005  3  5  4  70       
PG08  -5520.204973  25316.712915  -5163.299225    -41.424778  3  6  5  68       
PG09  11382.707580  11900.482285  20786.425864   -255.846883  4  5  3  93       
PG10 -19766.577825  -6020.540699 -16735.346817   -403.323734  5  3  3  91       
PG11  -4209.372124  19924.671094 -17700.692464   -217.466800  4  8  3  85       
PG12  -8923.072867 -23485.969757  -9081.754668     92.020116  7  6  5  92       
PG13  13314.432044 -22879.235690   1209.959464     27.898699  2  6  4  93       
PG14 -17469.691172  13909.718126 -13883.328365      2.339680  1  2  5  95       
PG15   2191.186408 -25646.170833  -6008.382159   -216.654647  4  6  3  93       
PG16  -5379.672852  16185.295069  20017.235790   -184.404346  5  5  4 114       
PG17  16740.739959  -5700.560158 -19380.890322    297.893410  6  5  5  89       
PG18 -21542.324905  -6900.870992  13933.192376    249.449767  6  7  5  92       
PG19  17900.649743 -12516.356719 -15379.246116   -130.278996  6  4  4  93       
PG20 -21799.918224 -13979.631274  -6498.949425    527.257205  4  6  5  64       
PG21 -25726.193566   5911.074810    -93.644645     25.252923     4  3  75       
PG22   5453.679053  21381.016733 -14684.164348   -771.107419  5  4  5  83       
PG23 -20532.241713 -13903.672048  -9544.744986      7.359860 11 13 12  64       
PG24  -2866.394538 -15589.920172 -21504.167252    -15.848350  4  3  6 109       
PG25 -16894.527087 -20673.653289    252.827261     24.798844  6  8  6  62       
PG26 -15327.266327   5428.304422  21001.695157    245.696400  3  2  5 102       
PG27 -12470.595768  22614.300129   5247.088451   -349.177026  5  4  4 107       
PG28  18310.250174   6098.166383 -17601.130818    698.293293  4  5  6  94       
PG29  -6958.765658 -16168.926110  19833.434520   -153.229785  7  7  6  76       
PG30  26294.432852    118.042008   4552.753358   -264.690046  3  4  3  57       
PG31 -25378.710897   6917.627889   5104.828209    -56.464880  6  1  4  70       
PG32 -16984.105019   6947.278544 -19062.374954    319.108015  2  5  4 104       
*  2020  7 18 20 45  0.00000000
PG01   2370.001149  14707.026543 -22214.022429     26.777777  4  8  4  84       
PG02  18798.073363 -14642.805989  12326.085045   -489.234547  3  3  2  78       
PG03   9914.217341  22087.744622 -11116.626194   -243.751780  7  6  4  80       
PG04   1625.276447  23087.351350  13011.406089   -114.054402  3  8  5  96       
PG05   8177.965301 -13281.376325  21335.044508    -16.944858  2     3 102       
PG06  25829.972295  -6255.022840    627.270674   -304.796003     4  2  57       
PG07  20055.775431   7573.398454  16305.164069   -330.270913  3  5  4  81       
PG08  -5890.662465  25649.307032  -2318.096652    -41.426280  3  6  5  88       
PG09  10559.291371  14089.622334  19831.443664   -255.852582  3  5  3 103       
PG10 -20834.301179  -7486.205180 -14762.980111   -403.333308  6  3  3  97       
PG11  -5800.415082  20894.666771 -16035.714939   -217.457223  4  7  4  73       
PG12  -8102.860084 -22667.009025 -11626.415221     92.016001  7  6  4  95       
PG13  13391.365090 -22488.341651   4064.006816     27.901419  1  6  4  83       
PG14 -16943.870017  12206.617858 -15948.864388      2.342151  1  3  4  88       
PG15   2660.955450 -26054.353742  -3265.506470   -216.652056  4  6  4  80       
PG16  -6853.842039  14291.755158  21012.690561   -184.408402  5  5  5  86       
PG17  15915.971321  -3482.061474 -20545.201521    297.898094  7  6  6  80       
PG18 -19880.790283  -7355.314759  16010.652362    249.458122  7  7  6  95       
PG19  17243.308671 -10815.563292 -17338.170457   -130.274199  7  4  5  92       
PG20 -22034.434414 -14587.643930  -3790.742947    527.257143  5  7  5  37       
PG21 -25730.130768   5606.233016   2759.700093     25.256809  1  4  3  93       
PG22   3988.477623  20271.472339 -16567.516622   -771.105151  5  4  5  71       
PG23 -20988.178748 -14755.570383  -6899.780110      7.375026 11 13 12  80       
PG24   -515.972829 -16146.996473 -21240.968759    -15.849549  5  4  6  94       
PG25 -16656.621788 -20737.327135  -2592.737364     24.802724  6  8  5  96       
PG26 -16879.705732   3642.879194  20202.709077    245.702556  3  3  5 105       
PG27 -12426.001682  21802.019961   8019.436806   -349.185748  4  4  4 103       
PG28  19350.658538   7827.162368 -15754.681855    698.290193  5  6  6  71       
PG29  -6009.370479 -18145.223715  18381.079489   -153.237434  7  6  6  88       
PG30  25680.161390    508.708797   7241.617309   -264.696967  3  4  3  75       
PG31 -25834.526284   6761.047970   2324.536278    -56.467168  6  2  3  59       
PG32 -16366.158979   4758.268895 -20246.474455    319.113481  1  5  4 103       
*  2020  7 18 21  0  0.00000000
PG01    -34.731857  15279.548212 -21920.188543     26.781061  4  7  4  82       
PG02  19989.442250 -14818.978624   9862.688143   -489.239735  3  4  3  87       
PG03   8802.814486  21227.328242 -13481.787834   -243.761989  6  6  5  53       
PG04   1014.596854  24312.861636  10615.795183   -114.058515  3  8  5  95       
PG05  10000.656719 -11586.683028  21561.178414    -16.945574  3     2 103       
PG06  25783.875275  -6039.973358  -2262.451617   -304.800511     5  1  66       
PG07  18249.394040   8163.132997  18038.879514   -330.278669  3  5  4  84       
PG08  -6159.099539  25685.113635    567.644589    -41.428119  3  5  4  93       
PG09   9880.753223  16194.242296  18533.656704   -255.858314  4  5  2  95       
PG10 -21812.163786  -8721.371277 -12537.936891   -403.342910  6  4  3  95       
PG11  -7197.214567  21807.032156 -14107.140963   -217.447779  4  7  4  84       
PG12  -7062.167884 -21684.768636 -13974.824776     92.011625  7  5  4 114       
PG13  13363.714583 -21806.693924   6847.516593     27.904695     5  4  93       
PG14 -16428.652927  10270.438793 -17730.971279      2.344723  1  3  4  97       
PG15   3060.707973 -26174.194969   -465.385528   -216.649908  5  6  5  78       
PG16  -8484.269650  12410.731976  21636.648176   -184.412671  4  4  6 115       
PG17  15176.214865  -1113.388013 -21342.139284    297.903478  7  6  6  91       
PG18 -18031.078187  -7945.507491  17812.728146    249.466433  8  7  6  88       
PG19  16607.032568  -8893.591652 -19004.641208   -130.269688  7  5  5  96       
PG20 -22056.462091 -14993.979815  -1018.282202    527.256755  6  8  5  53       
PG21 -25443.347890   5209.349775   5565.181206     25.260825  3  4  4  71       
PG22   2321.391732  19102.660407 -18163.242083   -771.102640  5  5  5  83       
PG23 -21269.307078 -15368.443818  -4136.159555      7.390143 10 14 12  61       
PG24   1761.206265 -16803.417974 -20617.435982    -15.850329  5  4  6  95       
PG25 -16202.743396 -20584.867386  -5394.510796     24.806601  6  7  5  79       
PG26 -18438.858123   2014.971763  19056.749084    245.708671  3  4  5  99       
PG27 -12341.913774  20690.108747  10650.351739   -349.194342  4  4  3  99       
PG28  20336.538897   9315.431695 -13624.229267    698.286806  5  6  5  81       
PG29  -5233.525103 -19998.871883  16610.930508   -153.244702  6  6  6  87       
PG30  24797.477605    991.308901   9807.598263   -264.703906  3  3  4  73       
PG31 -25991.847067   6560.495743   -494.684231    -56.469379  6  3  3  55       
PG32 -15830.446103   2431.039397 -21078.439765    319.118987  1  5  4 108       
*  2020  7 18 21 15  0.00000000
PG01  -2355.994910  15969.864133 -21255.898792     26.784387  4  7  4  87       
PG02  20910.128478 -14948.227468   7233.481270   -489.244764  3  4  3  92       
PG03   7458.703984  20257.245372 -15617.082974   -243.772262  6  6  5  65       
PG04    535.878526  25295.077430   8037.247008   -114.062630  3  8  5  76       
PG05  11908.437249  -9984.698270  21411.310297    -16.946284  4     2  97       
PG06  25440.350821  -5721.428860  -5113.309216   -304.805033  2  5  2  70       
PG07  16306.914050   8899.386466  19474.659673   -330.286665  3  5  4  87       
PG08  -6361.743929  25412.648761   3443.459983    -41.429720  3  5  4  86       
PG09   9341.804521  18168.312565  16915.539817   -255.864040  4  5  3  74       
PG10 -22658.008576  -9725.070270 -10098.729962   -403.352484  6  4  3  98       
PG11  -8392.596966  22623.905166 -11946.183984   -217.438108  4  6  4  82       
PG12  -5795.626050 -20581.566216 -16087.729342     92.007542  7  5  4 108       
PG13  13269.969256 -20831.540201   9512.045176     27.907402     5  4 107       
PG14 -15959.259117   8130.738055 -19197.524305      2.347396  2  3  4  95       
PG15   3423.517111 -25995.192473   2342.900359   -216.647204  5  6  5  91       
PG16 -10244.982272  10586.921815  21879.227226   -184.417020  4  4  6 115       
PG17  14548.015170   1360.351938 -21757.046641    297.908463  7  6  6  88       
PG18 -16035.785727  -8685.723602  19308.343167    249.474801  8  7  6  95       
PG19  16027.634825  -6780.123417 -20351.323230   -130.265097  7  5  6  99       
PG20 -21840.537342 -15222.909496   1771.447963    527.256383  7  8  5  53       
PG21 -24887.830080   4689.692873   8274.958379     25.265019  3  4  4  87       
PG22    468.965676  17914.535977 -19442.898681   -771.099982  5  5  5  86       
PG23 -21341.578817 -15759.498803  -1301.384296      7.405253 10 14 13  25       
PG24   3924.518475 -17537.573463 -19642.940487    -15.851442  6  5  5  91       
PG25 -15513.013078 -20248.743059  -8105.371757     24.810482  6  6  5 101       
PG26 -19963.224974    563.789688  17584.085251    245.714725  4  5  5  91       
PG27 -12257.955408  19290.672509  13093.359701   -349.203088  3  4  3  99       
PG28  21223.685553  10553.337059 -11249.252103    698.283542  6  6  5  89       
PG29  -4622.160144 -21683.557773  14553.605447   -153.252747  6  6  6  91       
PG30  23671.411012   1593.352123  12207.128662   -264.710794  3  3  4  90       
PG31 -25857.164476   6279.737266  -3305.628022    -56.471602  6  3  3  69       
PG32 -15399.585665      8.435378 -21544.122867    319.124455  1  5  4 101       
*  2020  7 18 21 30  0.00000000
PG01  -4550.418784  16754.549467 -20231.199900     26.787651  4  7  4  89       
PG02  21554.790217 -14991.173985   4481.800885   -489.249822  3  5  4  66       
PG03   5887.451903  19220.144317 -17486.132532   -243.782613  6  5  5  80       
PG04    161.474037  26005.628865   5320.158793   -114.066836  3  8  5  75       
PG05  13862.402441  -8505.424728  20888.688039    -16.947050  4  2  3  94       
PG06  24819.364561  -5265.649322  -7876.276162   -304.809511  3  5  2  68       
PG07  14271.365667   9788.001047  20588.334792   -330.294370  4  5  4  91       
PG08  -6536.637395  24829.508281   6259.080093    -41.430695  3  4  4  98       
PG09   8929.492479  19968.731674  15005.118633   -255.869840  4  4  3  89       
PG10 -23331.805728 -10504.752671  -7487.346696   -403.362076  7  4  3  86       
PG11  -9386.605501  23307.785296  -9587.885150   -217.428728  4  6  5  80       
PG12  -4306.264845 -19401.211831 -17929.872311     92.003264  6  4  4 108       
PG13  13149.292235 -19569.169621  12011.132992     27.910441     4  4  86       
PG14 -15566.119088   5824.328803 -20322.130400      2.349814  2  3  4 105       
PG15   3783.732726 -25515.441566   5109.740781   -216.645284  5  5  6  85       
PG16 -12102.957995   8860.257713  21737.467819   -184.420995  5  4  7 116       
PG17  14050.379310   3889.549395 -21782.350630    297.913163  7  6  6  68       
PG18 -13940.773735  -9582.478106  20471.676886    249.483164  8  6  6  79       
PG19  15535.727738  -4511.399004 -21356.253200   -130.260653  6  6  6  79       
PG20 -21367.653268 -15303.806501   4531.094250    527.256620  7  8  5  51       
PG21 -24092.580077   4021.312288  10843.711838     25.268722  3  5  4  98       
PG22  -1544.576992  16744.781582 -20383.488954   -771.097634  5  5  5  90       
PG23 -21176.363047 -15952.921341   1555.786651      7.420369 11 14 13  70       
PG24   5937.763169 -18321.667178 -18332.851253    -15.851549  6  5  5  99       
PG25 -14574.928836 -19765.720631 -10679.910990     24.814303  6  6  5  96       
PG26 -21409.820979   -699.380976  15810.485416    245.720861  5  5  5  85       
PG27 -12211.656622  17624.898574  15305.365967   -349.211666  3  4  3 106       
PG28  21969.019542  11540.749827  -8673.402301    698.280167  6  7  5  80       
PG29  -4158.243665 -23156.915155  12244.704086   -153.260183  6  6  6  65       
PG30  22333.263207   2337.121132  14399.405132   -264.717667  3  3  3  82       
PG31 -25445.014468   5884.865080  -6061.265512    -56.473888  7  4  3  80       
PG32 -15088.978999  -2463.022452 -21635.820893    319.129938  1  4  5 112       
*  2020  7 18 21 45  0.00000000
PG01  -6579.491668  17603.441313 -18862.249411     26.790948  4  7  4  83       
PG02  21926.381603 -14909.264425   1653.687426   -489.254883  4  5  4  83       
PG03   4103.076919  18158.186513 -19057.057421   -243.792961  6  5  5  98       
PG04   -140.850175  26423.608042   2511.343785   -114.070998  3  8  6  80       
PG05  15819.721178  -7171.818832  20003.097277    -16.947445  4  3  4  86       
PG06  23948.579159  -4643.803530 -10503.771746   -304.813991  4  6  3  69       
PG07  12187.112753  10827.060945  21360.776167   -330.302273  4  5  4  98       
PG08  -6721.931979  23942.513801   8965.351068    -41.431484  3  4  4 100       
PG09   8623.853054  21556.856195  12835.475545   -255.875625  4  4  3  88       
PG10 -23797.205442 -11075.777206  -4748.526620   -403.371639  7  4  3  65       
PG11 -10186.351320  23822.932378  -7070.649344   -217.419107  4  5  5  84       
PG12  -2605.571026 -18187.355909 -19470.527337     91.998494  6  4  3 106       
PG13  13039.831156 -18034.820464  14301.146374     27.913367     4  4  65       
PG14 -15273.580028   3394.011395 -21084.664817      2.352273  3  4  4 101       
PG15   4175.397040 -24741.811664   7785.937514   -216.643088  6  4  6  74       
PG16 -14019.328372   7264.495602  21215.294260   -184.425111  5  4  7 111       
PG17  13694.021366   6421.901272 -21417.723970    297.918189  7  6  6  89       
PG18 -11793.530146 -10634.119182  21282.614191    249.491570  8  6  6  94       
PG19  15155.565587  -2129.024817 -22003.137209   -130.256220  6  6  6 101       
PG20 -20626.108991 -15269.879076   7213.706355    527.256150  7  8  6 103       
PG21 -23092.361735   3184.140717  13229.318365     25.273560  3  5  4 105       
PG22  -3688.045406  15627.349480 -20967.923278   -771.095054  5  6  5  99       
PG23 -20751.667528 -15978.777692   4386.174465      7.435478 11 14 13  60       
PG24   7770.379392 -19122.734296 -16708.365818    -15.853074  7  6  5  89       
PG25 -13383.967806 -19175.370417 -13075.130105     24.818176  6  5  5  92       
PG26 -22735.760863  -1771.389768  13766.744110    245.726993  5  5  5  79       
PG27 -12236.802866  15722.355497  17247.470624   -349.220247  2  4  2 110       
PG28  22532.362590  12286.742804  -5943.555116    698.277015  7  7  5  82       
PG29  -3817.621610 -24382.072351   9724.182168   -153.267851  7  6  6  88       
PG30  20819.474394   3238.629055  16347.057502   -264.724547  3  3  4  76       
PG31 -24777.394605   5345.745038  -8715.463895    -56.475694  7  4  3  98       
PG32 -14906.228669  -4934.757183 -21352.386478    319.135440  2  5  5 102       
*  2020  7 18 22  0  0.00000000
PG01  -8410.864149  18480.738090 -17171.137365     26.794219  4  7  4  76       
PG02  22036.037436 -14666.413712  -1202.807048   -489.260001  5  5  4  79       
PG03   2127.713935  17111.427266 -20303.007476   -243.803323  6  5  5  97       
PG04   -406.465394  26536.354689   -340.778659   -114.075104  4  7  6  65       
PG05  17735.183064  -5999.069841  18770.637974    -16.948222  4  4  4  81       
PG06  22862.279194  -3833.288971 -12950.481960   -304.818481  5  6  3  75       
PG07  10098.362064  12006.798223  21778.219742   -330.309915  4  6  4  74       
PG08  -6954.188735  22767.501857  11515.130071    -41.432278  3  4  3 101       
PG09   8398.845773  22899.865736  10444.166663   -255.881344  4  4  3  84       
PG10 -24022.955052 -11460.607450  -1929.005472   -403.381195  7  4  4  64       
PG11 -10805.613889  24136.730382  -4435.726833   -217.409333  5  5  5  82       
PG12   -713.233373 -16981.861858 -20683.961877     91.994369  6  4  3  91       
PG13  12977.072521 -16252.242624  16342.072109     27.916112  1  4  5  80       
PG14 -15098.876561    887.055275 -21471.672120      2.355205  4  4  4 102       
PG15   4630.656780 -23689.776544  10323.662563   -216.640137  6  3  6  84       
PG16 -15950.810542   5826.075951  20323.341613   -184.429513  6  4  8 110       
PG17  13480.970775   8904.332958 -20670.082507    297.923452  7  6  6  91       
PG18  -9641.478892 -11830.745177  21727.097449    249.499966  7  5  5  77       
PG19  14904.138941    321.406127 -22281.565215   -130.251140  6  6  7  95       
PG20 -19612.097582 -15156.760887   9773.508939    527.255902  7  8  6  92       
PG21 -21926.280504   2164.839730  15393.424107     25.277542  3  5  4 108       
PG22  -5924.279120  14591.156608 -21185.376849   -771.092329  5  6  5  99       
PG23 -20053.115758 -15871.693750   7141.028409      7.450645 11 14 14  21       
PG24   9398.461332 -19903.880671 -14796.238921    -15.853112  8  6  5  86       
PG25 -11943.898375 -18518.491026 -15251.094968     24.822059  6  4  5  82       
PG26 -23899.846315  -2657.121568  11488.135303    245.733144  6  5  5  73       
PG27 -12361.948031  13619.960724  18885.696269   -349.228937  2  5  2 115       
PG28  22878.071367  12808.909138  -3108.824608    698.273680  7  7  5  95       
PG29  -3570.141870 -25328.996695   7035.648354   -153.275423  7  6  6  39       
PG30  19170.307854   4306.814154  18016.767347   -264.731430  3  3  4  71       
PG31 -23882.922307   4637.328534 -11223.696217    -56.477582  7  4  3  82       
PG32 -14850.880044  -7357.830556 -20699.217339    319.140951  2  5  5  98       
*  2020  7 18 22 15  0.00000000
PG01 -10019.436675  19346.339495 -15185.606789     26.797515  4  7  4  66       
PG02  21902.650373 -14230.606756  -4038.390957   -489.265049  6  5  5  78       
PG03     -9.029244  16116.288705 -21202.610478   -243.813717  6  5  4  81       
PG04   -672.307727  26339.935176  -3187.022729   -114.079271  4  7  6  80       
PG05  19562.839555  -4994.198230  17213.388196    -16.948880  3  4  5  47       
PG06  21600.050687  -2818.814704 -15174.146120   -304.822956  5  6  3  77       
PG07   8047.674993  13309.786009  21832.530028   -330.317797  5  6  4  88       
PG08  -7266.749369  21328.765996  13864.136607    -41.432473  2  4  3 100       
PG09   8223.532803  23971.910292   7872.560689   -255.887175  5  3  3  76       
PG10 -23984.129025 -11687.749406    923.262292   -403.390750  7  4  5  69       
PG11 -11264.199726  24220.969662  -1726.640683   -217.399940  5  5  5  74       
PG12   1343.412305 -15823.260708 -21549.827636     91.989997  6  3  2  90       
PG13  12992.307580 -14252.930443  18098.247892     27.919302  2  4  5  71       
PG14 -15051.412463  -1646.503205 -21476.620571      2.357592  5  4  4  95       
PG15   5178.241604 -22382.898912  12677.407417   -216.638413  5  2  6  75       
PG16 -17851.306795   4563.301076  19078.657009   -184.433834  7  4  8  93       
PG17  13404.561115  11284.952090 -19553.419150    297.928691  6  6  6  63       
PG18  -7530.299030 -13154.450318  21797.374872    249.508371  7  5  5  52       
PG19  14790.549484   2791.830973 -22187.142838   -130.246661  6  6  7  75       
PG20 -18330.008983 -15001.012514  12166.663163    527.256384  6  8  6  85       
PG21 -20636.260606    957.372460  17301.916555     25.281470  3  6  4 105       
PG22  -8211.394809  13658.987077 -21031.529807   -771.089962  5  6  5 103       
PG23 -19074.640523 -15669.364546   9772.868554      7.465804 11 14 14  40       
PG24  10805.530875 -20625.704189 -12628.406766    -15.854689  8  7  5  96       
PG25 -10266.793344 -17835.508461 -17171.537931     24.825932  6  3  5 101       
PG26 -24864.093597  -3369.089372   9013.799353    245.739264  6  4  5  70       
PG27 -12609.154782  11360.659893  20191.610730   -349.237469  2  5    107       
PG28  22976.465612  13132.349614   -219.573708    698.270481  7  6  5  82       
PG29  -3381.016722 -25975.583196   4225.597245   -153.283044  7  5  6  50       
PG30  17428.400024   5543.002732  19379.827079   -264.738350  4  3  4  72       
PG31 -22795.763530   3740.783648 -13543.731566    -56.479895  7  4  3  84       
PG32 -14914.493310  -9684.646719 -19688.127433    319.146446  4  4  5  77       
*  2020  7 18 22 30  0.00000000
PG01 -11388.184708  20157.381687 -12938.670909     26.800812  5  7  4  78       
PG02  21552.144217 -13575.391616  -6803.377432   -489.270209  6  6  5  68       
PG03  -2270.999280  15204.182039 -21740.334540   -243.824120  6  5  4  87       
PG04   -975.242840  25839.295918  -5978.290578   -114.083389  4  7  6  54       
PG05  21257.673320  -4155.984918  15358.964978    -16.949491  2  5  5  64       
PG06  20205.265565  -1593.203553 -17136.294620   -304.827419  6  6  4  72       
PG07   6074.531759  14711.417513  21521.398727   -330.325514  5  6  4  77       
PG08  -7688.247613  19658.175969  15971.742258    -41.433395  2  4  2  96       
PG09   8063.454918  24754.995870   5165.112027   -255.892944  5  3  3  78       
PG10 -23663.127808 -11790.472140   3759.890939   -403.400433  7  3  5  93       
PG11 -11587.076401  24053.001734   1011.438978   -217.390466  6  5  5  66       
PG12   3530.218923 -14745.341933 -22053.474644     91.985499  6  3  2  86       
PG13  13111.272760 -12075.055199  19539.013189     27.922534  3  4  4  78       
PG14 -15132.384244  -4155.673196 -21100.004001      2.360065  6  5  5  89       
PG15   5842.077269 -20851.986311  14804.897849   -216.635977  5  2  6  64       
PG16 -19673.603909   3485.853547  17504.289121   -184.437752  8  4  8 100       
PG17  13449.797490  13514.947666 -18088.480886    297.933145  6  6  6  63       
PG18  -5502.318454 -14579.890690  21492.140583    249.516786  7  5  5  52       
PG19  14815.685209   5233.318408 -21721.541136   -130.242212  6  6  7  77       
PG20 -16792.433898 -14838.589455  14352.006430    527.256131  5  7  6  83       
PG21 -19265.477161   -436.705034  18925.301173     25.285669  3  6  5  91       
PG22 -10504.233898  12846.649037 -20508.682516   -771.087381  5  6  5  88       
PG23 -17818.865942 -15410.952079  12236.308442      7.480991 10 13 14   3       
PG24  11983.032770 -21247.846335 -10241.507214    -15.854306  9  7  5  80       
PG25  -8372.745277 -17164.906363 -18804.403962     24.829816  7  3  5  92       
PG26 -25595.145321  -3926.738687   6386.074965    245.745413  6  4  4  13       
PG27 -12993.014660   8991.874174  21142.831545   -349.246044  2  5     96       
PG28  22804.996725  13288.383750   2673.554606    698.267153  7  6  5  73       
PG29  -3212.369020 -26308.445292   1342.592801   -153.290765  8  5  6  78       
PG30  15637.228893   6940.662134  20412.631060   -264.745252  4  3  4  74       
PG31 -21554.368426   2644.404346 -15636.299306    -56.482229  7  4  4  91       
PG32 -15081.040498 -11870.598563 -18337.104402    319.151924  4  4  6  79       
*  2020  7 18 22 45  0.00000000
PG01 -12508.684982  20869.913115 -10468.126962     26.804104  5  7  4  78       
PG02  21016.459685 -12681.198478  -9448.588540   -489.275624  7  6  5  76       
PG03  -4616.675404  14400.330870 -21906.758128   -243.834518  7  5  4  94       
PG04  -1350.432915  25048.084828  -8666.426113   -114.087506  4  7  7  51       
PG05  22777.230352  -3475.229404  13239.993793    -16.950545  3  5  5  65       
PG06  18723.429204   -157.880654 -18802.924438   -304.831902  6  6  4  83       
PG07   4213.997746  16180.660333  20848.471546   -330.333172  5  5  4  90       
PG08  -8241.320622  17794.011488  17801.683318    -41.434752  2  4  2  95       
PG09   7882.149420  25239.574716   2368.581681   -255.898744  5  2  3  81       
PG10 -23050.410253 -11805.360686   6532.849785   -403.409996  7  3  6  84       
PG11 -11803.306797  23616.722666   3732.371280   -217.381000  6  5  5  71       
PG12   5807.315675 -13775.929829 -22186.185957     91.981106  6  2  1  84       
PG13  13353.020626  -9762.139148  20639.266767     27.925596  3  4  5  78       
PG14 -15334.761232  -6590.353521 -20349.290412      2.362753  6  4  5  94       
PG15   6640.097048 -19133.951353  16667.948576   -216.633250  5  3  6  68       
PG16 -21371.102951   2594.666028  15628.780966   -184.442175  9  4  9  72       
PG17  13594.082534  15550.352318 -16302.300842    297.938620  6  6  5  78       
PG18  -3595.043782 -16075.149563  20816.563569    249.525185  7  6  5  75       
PG19  14972.205957   7597.699540 -20892.465100   -130.237634  6  6  7  78       
PG20 -15019.865383 -14703.334263  16291.758614    527.256007  4  6  6  93       
PG21 -17856.798243  -2008.231574  20238.990261     25.290154  3  6  5  95       
PG22 -12755.953770  12162.422357 -19625.741007   -771.084456  5  6  6  86       
PG23 -16297.162080 -15135.434194  14488.843081      7.496179 10 12 14  44       
PG24  12930.527649 -21730.615429  -7676.298869    -15.855317  9  7  5  91       
PG25  -6289.294855 -16541.742232 -20122.336274     24.833740  7  4  4  95       
PG26 -26065.514793  -4355.492353   3649.787164    245.751447  7  3  4  59       
PG27 -13519.987451   6563.781627  21723.402695   -349.254589  3  5  2 102       
PG28  22349.117937  13313.049229   5520.562388    698.263706  7  6  5  78       
PG29  -3024.900294 -26323.377480  -1563.582572   -153.297742  8  5  5  82       
PG30  13839.556712   8485.455362  21097.090637   -264.752078  4  3  4  82       
PG31 -20200.057117   1344.263736 -17465.720009    -56.484221  8  5  4  95       
PG32 -15327.609189 -13875.593388 -16669.960148    319.157373  5  4  6  88       
*  2020  7 18 23  0  0.00000000
PG01 -13381.316495  21440.648798  -7815.968943     26.807445  5  6  4  59       
PG02  20332.282625 -11536.420966 -11926.302508   -489.280736  7  6  6  60       
PG03  -7000.555691  13722.840055 -21698.742992   -243.844922  6  5  4  90       
PG04  -1829.770515  23988.147583 -11205.052745   -114.091623  4  8  7  48       
PG05  24083.152057  -2935.321840  10893.499408    -16.951357  4  5  5  40       
PG06  17200.454776   1476.972595 -20145.099868   -304.836323  6  6  4  86       
PG07   2495.540157  17681.066373  19823.396149   -330.340938  5  5  4  87       
PG08  -8941.571613  15779.559445  19322.683284    -41.436054  3  4     91       
PG09   7642.749579  25424.818183   -468.779648   -255.904493  5  1  2  77       
PG10 -22144.934185 -11770.755821   9195.237817   -403.419467  7  4  6  99       
PG11 -11944.816543  22903.344640   6389.766998   -217.371754  6  5  4  81       
PG12   8130.410141 -12935.888740 -21945.330177     91.976515  6  2  2  47       
PG13  13729.067808  -7361.523849  21379.919266     27.928349  4  4  5  81       
PG14 -15643.620036  -8903.129493 -19238.721660      2.365059  6  4  5  90       
PG15   7583.306387 -17270.423865  18233.233435   -216.631338  4  4  5  66       
PG16 -22899.511577   1882.138352  13485.582110   -184.446473 10  4  9  84       
PG17  13808.264411  17353.593418 -14227.601975    297.943743  5  6  5  83       
PG18  -1839.882804 -17602.869463  19782.204617    249.533583  7  6  6  35       
PG19  15244.839327   9839.172527 -19713.541505   -130.233044  6  6  7  68       
PG20 -13040.105882 -14625.550467  17952.182903    527.255683  3  6  6  65       
PG21 -16451.287257  -3740.697083  21223.512719     25.294017  3  7  5  91       
PG22 -14919.698280  11606.821380 -18398.070912   -771.082422  6  6  6  94       
PG23 -14529.368923 -14879.969212  16491.588142      7.511466 11 12 14  18       
PG24  13655.569483 -22036.617767  -4976.985065    -15.855893  9  7  5  98       
PG25  -4050.592199 -15996.301253 -21103.097330     24.837607  7  4  3  78       
PG26 -26254.617881  -4685.573676    851.502411    245.757586  7  3  3  78       
PG27 -14188.084776   4127.504827  21924.038060   -349.263121  3  5  3 100       
PG28  21602.832219  13245.459292   8272.960055    698.260357  7  6  5  64       
PG29  -2779.614345 -26025.472632  -4442.797499   -153.306042  8  5  5  45       
PG30  12075.904502  10155.598106  21420.965561   -264.758965  5  3  4  87       
PG31 -18775.504202   -155.414687 -19000.495260    -56.486475  8  5  5  80       
PG32 -15625.382647 -15665.400182 -14715.883205    319.162870  5  4  6 110       
*  2020  7 18 23 15  0.00000000
PG01 -14015.121754  21828.735240  -5027.704456     26.810689  5  6  4  69       
PG02  19539.558313 -10138.202524 -14191.222200   -489.285949  8  6  6  71       
PG03  -9374.701091  13182.045784 -21119.506437   -243.855350  6  6  4  71       
PG04  -2440.441361  22688.718188 -13550.379968   -114.095755  4  8  7           
PG05  25142.549683  -2513.102101   8360.231662    -16.951887  5  5  5  45       
PG06  15680.931282   3292.607142 -21139.467188   -304.840813  6  6  5  70       
PG07    942.040035  19172.008395  18461.783766   -330.348574  4  5  3  95       
PG08  -9796.823852  13661.532453  20508.974797    -41.436624  4  5     87       
PG09   7309.602235  25318.562809  -3298.071304   -255.910276  5     2  74       
PG10 -20954.290068 -11725.138737  11702.036603   -403.429023  6  4  6  48       
PG11 -12045.035211  21911.920412   8937.750171   -217.362231  6  6  4  92       
PG12  10452.260459 -12238.392963 -21334.429121     91.972277  6  2  2  67       
PG13  14242.854747  -4922.693986  21748.231706     27.931309  5  4  5  68       
PG14 -16036.814880 -11050.946773 -17788.973242      2.367528  7  4  6  86       
PG15   8675.144190 -15306.174879  19472.949263   -216.628934  4  5  5  68       
PG16 -24218.434983   1332.684102  11112.396505   -184.451031 11  5  9  61       
PG17  14057.955952  18894.770266 -11902.092596    297.948870  5  6  5  72       
PG18   -261.108504 -19121.607903  18406.822217    249.541950  7  6  7  74       
PG19  15610.977014  11915.826024 -18204.126780   -130.228227  7  6  7  40       
PG20 -10887.398536 -14630.713719  19304.189309    527.255656  3  5  6  66       
PG21 -15086.810666  -5610.749231  21864.653614     25.298108  4  7  5  72       
PG22 -16950.279320  11172.683458 -16847.221771   -771.079931  6  6  7  85       
PG23 -12543.199399 -14678.340584  18209.957133      7.526664 11 11 14  36       
PG24  14173.266715 -22132.330229  -2190.452061    -15.855560 10  8  5 101       
PG25  -1696.319681 -15552.934738 -21729.921261     24.841493  7  5  4  84       
PG26 -26149.555448  -4950.653336  -1961.238071    245.763729  7  4  3  88       
PG27 -14986.907492   1733.279770  21742.229988   -349.271666  4  5  4  72       
PG28  20568.908628  13126.089047  10884.554797    698.256881  6  6  6  82       
PG29  -2439.527939 -25428.890507  -7245.443702   -153.313372  7  6  4  87       
PG30  10383.115241  11922.507904  21378.104930   -264.765826  5  4  5  85       
PG31 -17323.174729  -1842.184950 -20213.848067    -56.488953  8  5  5  90       
PG32 -15940.855623 -17212.768556 -12508.903065    319.168353  6  4  7  92       
*  2020  7 18 23 30  0.00000000
PG01 -14427.327106  21997.455084  -2151.584097     26.813998  5  6  4  71       
PG02  18679.848288  -8492.880517 -16201.438852   -489.291078  8  5  6  43       
PG03 -11690.380631  12780.172354 -20178.590498   -243.865760  6  6  4  94       
PG04  -3203.673012  21185.335337 -15661.964227   -114.099907  3  8  7  64       
PG05  25929.170639  -2179.968397   5683.940101    -16.952935  5  5  5  73       
PG06  14206.452683   5262.232032 -21768.673355   -304.845308  6  6  5  64       
PG07   -430.960030  20610.105146  16785.077181   -330.356683  4  4  3  90       
PG08 -10806.693538  11488.372923  21340.713452    -41.437862  4  5  1 103       
PG09   6849.839725  24936.932986  -6070.590052   -255.916089  5  2  2  54       
PG10 -19494.523587 -11705.520119  14010.831996   -403.438573  6  4  7  83       
PG11 -12137.458716  20649.592277  11331.749372   -217.352704  7  6  4  75       
PG12  12724.267046 -11688.488616 -20363.138165     91.968009  6  4  3  27       
PG13  14889.539072  -2495.523793  21738.033522     27.934560  6  4  5  79       
PG14 -16485.950400 -12996.593816 -16026.687236      2.370072  7  4  6  95       
PG15   9911.170032 -13287.421633  20365.355304   -216.626492  4  6  5  48       
PG16 -25292.807963    923.577121   8550.481782   -184.455037 11  5  9  54       
PG17  14305.062966  20152.608920  -9367.676305    297.953589  4  6  6  61       
PG18   1124.895634 -20587.364838  16714.070380    249.550384  7  7  8  54       
PG19  16041.551953  13791.028834 -16389.035476   -130.223991  7  6  7  42       
PG20  -8601.312246 -14738.371422  20323.869130    527.255584  4  4  6  70       
PG21 -13796.790265  -7588.926670  22153.531978     25.302210  4  7  5  70       
PG22 -18805.800231  10845.579786 -15000.527096   -771.077196  7  7  7 101       
PG23 -10373.343632 -14559.542678  19614.264378      7.541900 12 10 14  17       
PG24  14505.539699 -21989.548061    634.565862    -15.857018 10  8  5 106       
PG25    729.587556 -15229.124325 -21991.793703     24.845394  7  5  5  67       
PG26 -25745.618538  -5186.371450  -4740.695799    245.769817  6  4  3  81       
PG27 -15898.031111   -571.319688  21182.225077   -349.280196  5  6  5  83       
PG28  19258.771534  12995.059861  13312.155390    698.253560  6  6  6  87       
PG29  -1971.301065 -24556.287666  -9923.294920   -153.321092  7  6  4  88       
PG30   8793.060125  13751.724280  20968.591639   -264.772691  5  4  5  85       
PG31 -15883.767106  -3695.613062 -21084.205070    -56.491086  8  5  6  88       
PG32 -16237.236478 -18498.278843 -10087.277833    319.173848  6  4  7  98       
*  2020  7 18 23 45  0.00000000
PG01 -14642.535136  21915.800406    762.244792     26.817350  5  6  4  82       
PG02  17794.597314  -6616.054333 -17919.361682   -489.296114  9  5  6  81       
PG03 -13899.757031  12511.309902 -18891.726940   -243.876159  6  6  4  73       
PG04  -4133.719050  19518.526792 -17503.410466   -114.104153  3  9  7  57       
PG05  26424.315173  -1903.189244   2910.611400    -16.953764  6  5  5  57       
PG06  12814.073384   7351.858583 -22021.680482   -304.849883  5  6  6  70       
PG07  -1615.738624  21950.788351  14820.318415   -330.364178  4  4  3  95       
PG08 -11962.495746   9308.510332  21804.278650    -41.439487  5  5  3  94       
PG09   6234.844438  24303.656206  -8738.670000   -255.921944  6  3  3  67       
PG10 -17789.653742 -11745.892727  16082.495605   -403.448159  7  5  7  30       
PG11 -12254.186137  19131.545863  13529.306134   -217.343198  7  6  4  95       
PG12  14898.128670 -11282.965270 -19047.137043     91.963169  6  4  3  71       
PG13  15656.130432   -128.516096  21349.816567     27.937562  6  4  6  89       
PG14 -16957.610679 -14709.934687 -13983.894712      2.372623  7  4  7  86       
PG15  11279.090955 -11260.088211  20895.174443   -216.624124  4  7  6  48       
PG16 -26094.118676    626.058347   5843.914888   -184.459577 12  6  9  87       
PG17  14509.452295  21115.062303  -6669.600178    297.958778  4  5  7  59       
PG18   2310.080185 -21955.223019  14733.093236    249.558767  7  7  8  86       
PG19  16502.167312  15434.636960 -14298.190142   -130.219346  7  6  8  49       
PG20  -6225.419895 -14961.275732  20992.949061    527.255238  5  4  6  73       
PG21 -12609.133248  -9640.590321  22086.624311     25.305984  5  7  6  25       
PG22 -20449.154214  10604.530988 -12890.589087   -771.074724  7  7  7  83       
PG23  -8060.308350 -14546.563413  20680.242981      7.557072 13  9 13  63       
PG24  14680.100607 -21586.644838   3448.378394    -15.857175 10  8  5 101       
PG25   3180.380353 -15034.805951 -21883.655012     24.849282  8  6  6  88       
PG26 -25046.498552  -5428.790290  -7439.712557    245.775881  6  5  4  69       
PG27 -16895.718910  -2743.031697  20254.872608   -349.288708  6  6  6  64       
PG28  17692.079106  12890.486446  15516.188923    698.250991  7  6  6  90       
PG29  -1346.722749 -23437.932196 -12430.337399   -153.328389  7  7  3 101       
PG30   7331.537713  15604.068241  20198.785362   -264.779546  6  4  6  89       
PG31 -14494.719447  -5687.815075 -21595.611310    -56.493329  8  5  6 102       
PG32 -16475.979704 -19510.893766  -7492.817410    319.179327  6  4  7  68       
EOF
