#cP2020  7 13  0  0  0.00000000      96 ORBIT IGb14 HLM  IGS
## 2114  86400.00000000   900.00000000 59043 0.0000000000000
+   31   G01G02G03G04G05G06G07G08G09G10G11G12G13G14G15G16G17
+        G18G19G20G21G22G24G25G26G27G28G29G30G31G32  0  0  0
+          0  0  0  0  0  0  0  0  0  0  0  0  0  0  0  0  0
+          0  0  0  0  0  0  0  0  0  0  0  0  0  0  0  0  0
+          0  0  0  0  0  0  0  0  0  0  0  0  0  0  0  0  0
++         2  2  2  2  2  2  1  2  1  2  2  2  1  2  2  2  2
++         2  2  2  2  2  2  2  2  2  2  2  1  2  1  0  0  0
++         0  0  0  0  0  0  0  0  0  0  0  0  0  0  0  0  0
++         0  0  0  0  0  0  0  0  0  0  0  0  0  0  0  0  0
++         0  0  0  0  0  0  0  0  0  0  0  0  0  0  0  0  0
%c G  cc GPS ccc cccc cccc cccc cccc ccccc ccccc ccccc ccccc
%c cc cc ccc ccc cccc cccc cccc cccc ccccc ccccc ccccc ccccc
%f  1.2500000  1.025000000  0.00000000000  0.000000000000000
%f  0.0000000  0.000000000  0.00000000000  0.000000000000000
%i    0    0    0    0      0      0      0      0         0
%i    0    0    0    0      0      0      0      0         0
/* FINAL ORBIT COMBINATION FROM WEIGHTED AVERAGE OF:        
/* cod emr esa gfz grg jpl mit ngs sio                      
/* REFERENCED TO IGS TIME (IGST) AND TO WEIGHTED MEAN POLE: 
/* PCV:IGS14_2114 OL/AL:FES2004  NONE     Y  ORB:CMB CLK:CMB
*  2020  7 13  0  0  0.00000000
PG01 -14548.359334  21985.158552  -1050.328684     24.730535  4  2  4  89       
PG02  18350.001428  -7764.858942 -16903.255922   -486.352625  6  7  6 105       
PG03 -12624.615244  12628.989653 -19698.507793   -237.889874 10  6  2  91       
PG04  -3502.798930  20611.018242 -16349.878542   -114.000213 10  8  9  96       
PG05  26148.256285  -2062.453717   4665.250060    -16.541871 10  7  3  78       
PG06  13742.619887   5921.149617 -21895.498080   -302.224319  9  8  8  73       
PG07   -869.053153  21101.839692  16114.904855   -325.869340  5  7  4  95       
PG08 -11224.165396  10671.720230  21556.689465    -40.756403  5  8  6 110       
PG09   6637.148053  24733.684866  -7064.465511   -252.582322  7  5  6  74       
PG10 -18906.433941 -11710.419388  14788.312536   -397.925249  7  5  7  71       
PG11 -12197.232011  20095.207447  12181.293837   -222.844915  5  6  9  94       
PG12  13521.272498 -11529.386216 -19925.838411     94.492769  8  6  6  63       
PG13  15148.269882  -1647.577255  21643.784851     26.216184  4  6  6  74       
PG14 -16658.424849 -13635.250557 -15324.806061      0.894337  8 10  5  98       
PG15  10414.717141 -12524.670478  20606.033803   -217.965549  8  5  7  81       
PG16 -25654.599950    722.019290   7466.644939   -181.981187  9  8  8  82       
PG17  14364.703235  20574.556724  -8351.880771    294.992209  6  6  7  91       
PG18   1623.027185 -21121.243146  15991.353172    244.697224 10 10  9  74       
PG19  16202.930442  14436.341854 -15644.121154   -132.848999  8  7  8  55       
PG20  -7768.925348 -14804.701698  20600.578238    527.300073  5  8  9  88       
PG21 -12490.479301  -9709.916207  22120.900613     22.943980  7  6  5  86       
PG22 -19515.310064  10694.844651 -14185.469360   -772.443155  8  5  5  69       
PG24  14569.901802 -21887.649169   1632.492946    -15.572604  7  4  5  49       
PG25   1731.498091 -15133.478094 -21992.872280     22.646344  8  5  6  94       
PG26 -25533.000625  -5257.812734  -5710.393687    242.254095  9  4  6  52       
PG27 -16251.305831  -1377.384911  20888.110313   -344.326352  8  6  6  81       
PG28  18719.492526  12950.889447  14140.010951    700.127169  7  4  7  74       
PG29  -1683.829985 -24140.320186 -10951.145991   -148.959762  6  5  8  69       
PG30   8288.454175  14378.067096  20745.098314   -260.804494  5  8  5  92       
PG31 -15401.727777  -4344.038633 -21302.866897    -55.209328  5  7  8  75       
PG32 -16315.395957 -18935.294084  -9117.786534    315.984690  4  8  2 101       
*  2020  7 13  0 15  0.00000000
PG01 -14696.741586  21802.007261   1864.472624     24.734464  3  3  4  81       
PG02  17462.738168  -5805.990513 -18499.078566   -486.357737  5  7  5 114       
PG03 -14777.725484  12404.663620 -18278.522850   -237.900365  9  6  2  71       
PG04  -4495.006636  18897.081430 -18087.461928   -114.004401 10  7  8  77       
PG05  26532.072158  -1797.010785   1868.313081    -16.543349  9  7  3  89       
PG06  12389.350915   8044.974704 -22021.341827   -302.229022  8  7  7  71       
PG07  -1985.522517  22397.730560  14054.472733   -325.876984  4  6  4  93       
PG08 -12429.075609   8500.708262  21881.577533    -40.757530  5  8  6 113       
PG09   5959.277109  24015.128021  -9682.695703   -252.588193  6  5  6  72       
PG10 -17120.418125 -11780.784895  16765.008447   -397.934868  6  5  6  66       
PG11 -12329.128615  18486.478027  14294.962773   -222.835156  5  7  8 101       
PG12  15648.116024 -11174.084051 -18490.258100     94.488276  7  6  6  75       
PG13  15954.205455    686.387767  21121.842479     26.219071  5  6  6  79       
PG14 -17129.961952 -15259.089280 -13190.001258      0.896762  8 10  5  62       
PG15  11825.452979 -10504.556673  20998.482017   -217.963170  8  5  6  63       
PG16 -26337.903836    458.557366   4714.533479   -181.985597  9  7  7  75       
PG17  14541.025912  21422.829525  -5603.581175    294.997304  6  6  6  90       
PG18   2732.757518 -22438.878474  13909.341415    244.705812  9  9  9  62       
PG19  16664.316610  15988.092721 -13459.319020   -132.844585  7  6  7  77       
PG20  -5372.467311 -15071.411032  21141.438789    527.300282  4  7  8  60       
PG21 -11341.011688 -11758.411637  21755.517139     22.947903  6  5  5  72       
PG22 -21064.418929  10476.859996 -11980.932447   -772.440600  8  5  6  56       
PG24  14696.195069 -21389.484392   4430.690580    -15.573375  7  3  5  86       
PG25   4178.549238 -14986.269046 -21738.192231     22.650138  7  5  5 103       
PG26 -24731.654938  -5511.579288  -8369.723376    242.260177  9  5  6  63       
PG27 -17272.876385  -3491.172749  19831.342407   -344.334961  7  5  6  73       
PG28  17066.005158  12864.930491  16253.795919    700.123801  7  4  7  87       
PG29   -993.160096 -22931.782965 -13377.529186   -148.967493  6  4  8  91       
PG30   6878.162551  16230.607298  19853.575156   -260.811445  4  7  5  91       
PG31 -14040.434830  -6378.379366 -21688.215884    -55.211674  6  7  8  83       
PG32 -16521.038364 -19843.034228  -6469.065336    315.990277  3  7  2  94       
*  2020  7 13  0 30  0.00000000
PG01 -14691.791438  21337.727941   4746.423167     24.738395  3  4  5  77       
PG02  16603.669122  -3651.879813 -19759.222113   -486.362634  5  7  5 101       
PG03 -16762.412129  12292.352232 -16544.613742   -237.910854  8  6  2  83       
PG04  -5661.014997  17080.025616 -19513.143015   -114.008615 10  7  7  94       
PG05  26612.225606  -1539.155026   -960.443749    -16.544035  9  7  3  78       
PG06  11158.363225  10233.984476 -21766.433594   -302.233696  7  6  7  68       
PG07  -2916.088684  23536.668932  11751.010705   -325.884836  2  6  4  89       
PG08 -13755.054536   6386.175290  21830.045171    -40.758055  5  8  5 111       
PG09   5096.297496  23087.815450 -12134.476880   -252.594014  6  5  5  81       
PG10 -15133.471694 -11950.017253  18457.733887   -397.944524  5  5  6  77       
PG11 -12524.335908  16655.263761  16158.707085   -222.825629  5  7  8  91       
PG12  17614.499096 -10945.859214 -16740.626686     94.483879  6  6  6  75       
PG13  16850.245260   2899.523555  20233.115164     26.221934  6  5  5  92       
PG14 -17573.080138 -16622.641683 -10825.646232      0.899284  7  9  6  55       
PG15  13339.205329  -8535.207748  21018.359337   -217.960827  7  5  6  77       
PG16 -26721.145842    259.420095   1883.055115   -181.990054  9  7  6  78       
PG17  14619.355499  21974.495045  -2758.039381    295.002453  6  6  6  82       
PG18   3644.246075 -23598.429270  11587.444220    244.714377  9  8  8  77       
PG19  17102.514425  17279.189055 -11047.266488   -132.840332  6  6  7  52       
PG20  -2949.082736 -15458.717044  21316.604612    527.300158  4  7  7  69       
PG21 -10328.060943 -13811.111394  21041.763301     22.951911  6  5  5  77       
PG22 -22360.084957  10307.104451  -9566.449919   -772.438449  7  4  6  53       
PG24  14709.385365 -20614.063760   7150.576376    -15.572941  7  3  5  76       
PG25   6583.739986 -14969.198657 -21116.619501     22.653935  7  5  5  98       
PG26 -23653.344165  -5818.940523 -10887.002937    242.266266  8  5  6  72       
PG27 -18336.021576  -5422.639740  18432.140900   -344.343569  7  5  6  93       
PG28  15194.721056  12851.426773  18096.846231    700.120669  7  4  6  90       
PG29   -118.098439 -21529.979022 -15573.871640   -148.975317  6  4  7  69       
PG30   5620.064679  18048.390855  18620.039266   -260.818336  4  6  4  81       
PG31 -12772.471370  -8503.688334 -21702.549092    -55.213552  6  6  8  88       
PG32 -16616.217296 -20476.668648  -3709.718764    315.995898  2  7  2  92       
*  2020  7 13  0 45  0.00000000
PG01 -14570.724071  20579.893139   7544.580666     24.742338  3  5  5  75       
PG02  15807.090379  -1338.139886 -20659.713830   -486.368096  5  6  5  87       
PG03 -18539.555981  12268.535864 -14526.214423   -237.921367  8  6  2  56       
PG04  -6996.249292  15206.007809 -20602.403296   -114.012793 10  7  7  63       
PG05  26389.888137  -1252.380182  -3772.893809    -16.544572  8  6  4  61       
PG06  10071.157464  12442.163426 -21135.069347   -302.238389  7  6  7  75       
PG07  -3671.676440  24477.868031   9243.237503   -325.892803     5  4  97       
PG08 -15175.298379   4369.826872  21403.761282    -40.759102  5  8  5 107       
PG09   4034.424754  21989.197916 -14377.787473   -252.599991  5  5  5  81       
PG10 -12984.922187 -12239.617659  19837.534589   -397.954164  5  5  5  62       
PG11 -12806.113543  14633.878709  17738.295865   -222.815955  5  7  8  77       
PG12  19379.321838 -10823.307876 -14705.886186     94.479092  5  6  5  75       
PG13  17806.587085   4953.049755  18993.457361     26.225227  6  5  4  78       
PG14 -17948.409578 -17715.603081  -8273.702258      0.902095  7  9  6  62       
PG15  14927.119219  -6655.245527  20666.462224   -217.958833  7  5  5  70       
PG16 -26794.939056     87.062908   -980.036664   -181.994477  8  7  6  34       
PG17  14561.651319  22239.687620    135.140770    295.007429  6  5  5  95       
PG18   4369.103736 -24559.545720   9065.695220    244.722980  9  8  8  79       
PG19  17476.155313  18298.277515  -8448.155344   -132.835647  5  5  6  81       
PG20   -545.733387 -15961.516707  21122.338943    527.300260  3  6  6  76       
PG21  -9461.256244 -15825.343742  19991.057705     22.956371  6  5  5  83       
PG22 -23381.509248  10153.411676  -6984.575511   -772.435801  7  5  6  68       
PG24  14645.538145 -19558.742470   9743.906490    -15.574175  6  3  4  74       
PG25   8899.963303 -15073.208851 -20137.697698     22.657763  7  5  5  91       
PG26 -22320.663522  -6210.874136 -13219.430460    242.272360  7  5  6  68       
PG27 -19402.169193  -7144.075655  16715.686918   -344.352188  6  5  5  79       
PG28  13141.508511  12937.972231  19640.079035    700.117254  7  4  6  87       
PG29    952.608981 -19978.231918 -17502.578216   -148.982890  6  4  7  70       
PG30   4522.759413  19786.729238  17065.139134   -260.825290  3  6  5  85       
PG31 -11622.508261 -10678.278566 -21344.251889    -55.215703  6  6  7  84       
PG32 -16564.653155 -20845.427242   -887.010875    316.001476  2  6  3  64       
*  2020  7 13  1  0  0.00000000
PG01 -14373.455112  19525.282141  10209.300678     24.746301  4  6  5  33       
PG02  15101.690162   1092.979107 -21183.377571   -486.373036  5  6  4  77       
PG03 -20076.113285  12303.808943 -12257.725587   -237.931819  7  6  3  65       
PG04  -8487.913204  13320.776200 -21336.542594   -114.016988 10  7  6  79       
PG05  25874.706123   -901.237948  -6521.341163    -16.545151  8  6  5  70       
PG06   9141.172243  14620.944493 -20138.088806   -302.243094  6  5  6  75       
PG07  -4270.427018  25184.902833   6573.904332   -325.900617     5  4  96       
PG08 -16656.742554   2488.016227  20610.790675    -40.760721  5  8  5 101       
PG09   2767.569869  20760.210970 -16374.230112   -252.605769  4  5  5  95       
PG10 -10718.514449 -12664.041459  20880.628039   -397.963823  5  5  5  74       
PG11 -13191.972387  12460.323724  19004.243015   -222.806557  6  7  7  89       
PG12  20907.052363 -10778.623360 -12419.962833     94.474644  5  6  5  77       
PG13  18788.045913   6814.642230  17424.807507     26.228085  7  5  4  79       
PG14 -18216.784741 -18536.573046  -5579.020845      0.904613  7  8  6  89       
PG15  16554.921330  -4897.787795  19950.311625   -217.956276  6  5  5  80       
PG16 -26558.594078    -97.075835  -3826.750590   -181.998811  8  7  5  48       
PG17  14333.537027  22237.095461   3026.044074    295.012784  6  5  4  90       
PG18   4926.364340 -25286.480988   6387.585763    244.731502  9  7  8  83       
PG19  17743.642749  19042.698385  -5705.549356   -132.830938  5  5  6  85       
PG20   1791.889160 -16567.111066  20561.347983    527.300257  3  6  6  80       
PG21  -8742.690323 -17757.825168  18619.851142     22.960515  5  4  4  97       
PG22 -24116.079616   9981.250378  -4280.697306   -772.433619  7  5  6  51       
PG24  14541.652818 -18229.650920  12164.625580    -15.574974  6  3  4  79       
PG25  11082.671817 -15281.606316 -18816.987773     22.661573  7  5  5  91       
PG26 -20763.143699  -6713.829032 -15327.257009    242.278413  7  5  6  87       
PG27 -20429.716093  -8635.955943  14712.444099   -344.360809  6  5  5  81       
PG28  10947.177401  13145.753106  20859.463490    700.113812  7  3  5  82       
PG29   2221.832668 -18322.687814 -19130.692707   -148.990659  6  5  6  65       
PG30   3586.984801  21401.250061  15215.171826   -260.832195  3  5  4  85       
PG31 -10608.111858 -12856.767396 -20618.103998    -55.218040  7  6  7  94       
PG32 -16333.641805 -20966.440040   1950.835877    316.007060  2  6  3  67       
*  2020  7 13  1 15  0.00000000
PG01 -14140.852858  18180.190018  12693.196922     24.750283  4  7  5  72       
PG02  14509.337724   3594.105301 -21320.255609   -486.377986  5  6  4  88       
PG03 -21346.254917  12364.133681  -9777.946047   -237.942268  6  6  4  77       
PG04 -10115.320212  11468.014253 -21702.997060   -114.021131 10  6  6  85       
PG05  25084.406390   -452.875412  -9159.294354    -16.546268  7  6  5  87       
PG06   8373.382075  16720.937444 -18792.691223   -302.247786  6  5  6  73       
PG07  -4736.847790  25627.192721   3789.094258   -325.908479     5  4  96       
PG08 -18161.263784    770.548947  19465.406253    -40.761324  5  7  5  94       
PG09   1297.767157  19443.700249 -18089.678051   -252.611646  4  5  5  95       
PG10  -8380.924726 -13230.024069  21568.813973   -397.973456  5  4  4  77       
PG11 -13692.779453  10177.003341  19932.475821   -222.796963  6  7  7  99       
PG12  22168.978914 -10778.762200  -9921.258374     94.470207  5  6  5  64       
PG13  19755.431887   8459.470613  15554.769328     26.231025  7  5  4  72       
PG14 -18340.868136 -19092.857222  -2788.511185      0.907218  6  7  6  70       
PG15  18184.202951  -3289.345921  18883.917799   -217.954137  6  5  4  69       
PG16 -26020.092952   -330.947177  -6609.598107   -182.003253  7  7  6  80       
PG17  13905.745544  21993.034182   5865.306288    295.017961  6  4  4  90       
PG18   5341.543952 -25749.471492   3599.309609    244.740063  9  7  8  69       
PG19  17864.846334  19518.483810  -2865.714125   -132.826425  6  5  5  80       
PG20   4020.948723 -17255.644265  19642.778994    527.300452  3  6  5  86       
PG21  -8166.947242 -19566.054658  16949.442921     22.964757  5  4  4  99       
PG22 -24559.721994   9755.271073  -1502.189466   -772.431512  7  5  7  72       
PG24  14434.023740 -16641.619661  14369.761102    -15.573954  6  3  3  85       
PG25  13091.394049 -15570.703860 -17175.886520     22.665346  7  5  5  82       
PG26 -19016.228755  -7348.537982 -17174.444058    242.284498  6  5  6  97       
PG27 -21375.651175  -9887.439547  12457.573352   -344.369450  5  5  5  89       
PG28   8656.102816  13488.738442  21736.271103    700.110692  7  3  5  85       
PG29   3683.769525 -16610.592853 -20430.448549   -148.998338  6  5  6  74       
PG30   2805.741485  22849.524607  13101.663568   -260.839110  3  5  4  81       
PG31  -9739.125268 -14991.638761 -19535.292762    -55.220274  7  6  7  79       
PG32 -15895.443905 -20863.932669   4755.447268    316.012689  1  6  3  74       
*  2020  7 13  1 30  0.00000000
PG01 -13912.950576  16560.356036  14952.065839     24.754228  5  7  5 100       
PG02  14044.180494   6114.495855 -21067.851216   -486.383268  6  6  4  99       
PG03 -22332.239509  12412.288690  -7129.421749   -237.952735  6  6  5  29       
PG04 -11850.538385   9687.777049 -21695.550009   -114.025320 10  6  6  88       
PG05  24044.114686    121.532266 -11642.212750    -16.546767  7  6  6  82       
PG06   7764.236170  18693.699149 -17122.137277   -302.252495  5  4  6  55       
PG07  -5100.688976  25781.288575    937.425286   -325.916345  1  5  4  82       
PG08 -19647.079014   -760.249395  17987.801862    -40.761583  5  7  5 100       
PG09   -364.711646  18082.789768 -19494.846322   -252.617446  3  5  5  82       
PG10  -6020.165565 -13936.204546  21889.803083   -397.983157  5  4  3  76       
PG11 -14312.134056   7829.245579  20504.912289   -222.787435  6  8  7  86       
PG12  23144.223563 -10786.831532  -7252.054562     94.465680  5  6  4  81       
PG13  20667.092031   9870.938207  13416.095604     26.234100  7  5  3  58       
PG14 -18286.689836 -19399.944362     49.699896      0.909397  6  7  6  81       
PG15  19773.866300  -1849.011475  17487.419471   -217.951879  6  5  4  59       
PG16 -25195.762073   -650.300030  -9282.311621   -182.007665  6  7  6  66       
PG17  13255.350927  21540.256683   8604.932276    295.022984  6  4  4  69       
PG18   5645.448280 -25925.897932    748.960006    244.748652  9  7  8  50       
PG19  17802.769933  19740.035235     23.114571   -132.822182  6  5  5  62       
PG20   6102.944540 -18000.841781  18382.099026    527.300337  4  6  5  61       
PG21  -7721.386271 -21209.697495  15005.754275     22.968886  5  4  5  78       
PG22 -24716.921163   9440.882508   1302.462066   -772.429195  7  6  7  75       
PG24  14356.636752 -14817.754515  16320.256354    -15.575216  6  2  3  76       
PG25  14891.116598 -15910.744463 -15241.348777     22.669158  8  5  5  88       
PG26 -17120.040652  -8129.048384 -18729.267107    242.290579  5  6  6  93       
PG27 -22197.227997 -10896.531231   9990.283441   -344.378140  5  5  5  83       
PG28   6314.749919  13973.144389  22257.254495    700.107293  6  3  5  81       
PG29   5323.990995 -14888.544383 -21379.728930   -149.006397  6  5  5  77       
PG30   2164.726350  24092.641448  10760.849938   -260.846049  2  4  4  68       
PG31  -9017.354268 -17034.916462 -18113.312387    -55.222594  7  6  6  97       
PG32 -15228.489399 -20568.166268   7479.099347    316.018286  2  6  4  68       
*  2020  7 13  1 45  0.00000000
PG01 -13727.196109  14690.510794  16945.751350     24.758225  5  8  5  92       
PG02  13712.094214   8601.941734 -20431.181908   -486.388390  6  6  4 102       
PG03 -23024.985175  12409.456792  -4357.722383   -237.963215  6  6  5  70       
PG04 -13659.323830   8015.079837 -21314.432438   -114.029521 10  6  6  85       
PG05  22785.413606    845.506292 -13928.215965    -16.547418  7  6  6  74       
PG06   7301.940201  20493.476790 -15155.342233   -302.257130  5  4  5  79       
PG07  -5395.587757  25631.904262  -1930.829921   -325.923884  1  5  4  62       
PG08 -21070.286727  -2090.171325  16203.713349    -40.763322  5  7  5  96       
PG09  -2201.561255  16719.255752 -20565.778981   -252.623335  2  5  5  96       
PG10  -3683.938792 -14773.063487  21837.457432   -397.992821  5  4  3  70       
PG11 -15046.050683   5463.682800  20709.925207   -222.777737  6  8  6 102       
PG12  23820.475083 -10763.648052  -4457.836380     94.461306  5  6  5  75       
PG13  21480.553776  11041.098384  11046.086001     26.236976  7  5  3  71       
PG14 -18025.045317 -19480.687384   2887.099377      0.912267  6  7  6  55       
PG15  21281.671264   -587.958333  15786.612312   -217.949479  6  5  4  58       
PG16 -24109.659047  -1087.180759 -11800.534449   -182.011883  6  7  6  65       
PG17  12366.746143  20916.552097  11199.058826    295.028390  6  4  4  63       
PG18   5872.775683 -25801.181692  -2114.306430    244.757233  9  8  8  90       
PG19  17525.130274  19729.486547   2911.515883   -132.817383  6  5  4  76       
PG20   8005.026629 -18771.021085  16800.853650    527.300527  5  6  5  63       
PG21  -7386.676703 -22651.917788  12819.055298     22.973077  5  4  5  77       
PG22 -24600.414139   9005.792732   4084.540659   -772.426730  7  6  7  77       
PG24  14339.671010 -12788.678682  17981.720972    -15.575308  6  2  3  62       
PG25  16453.479141 -16267.078539 -13045.512017     22.672968  8  5  4  89       
PG26 -15117.974716  -9062.008668 -19964.856307    242.296738  5  6  6  67       
PG27 -22853.622988 -11669.908949   7353.131157   -344.386815  4  6  5  43       
PG28   3970.149009  14597.183486  22414.759736    700.104144  6  4  5  86       
PG29   7119.827257 -13200.782658 -21962.429712   -149.013801  6  5  4  87       
PG30   1643.061520  25096.663515   8233.062828   -260.852999  2  4  4  74       
PG31  -8436.576192 -18939.885383 -16375.744333    -55.224847  6  6  6  90       
PG32 -14318.352696 -20114.163292  10075.504061    316.023877  2  6  4  64       
*  2020  7 13  2  0  0.00000000
PG01 -13616.815128  12603.559009  18638.927166     24.762090  5  8  5  98       
PG02  13510.512060  11004.736641 -19422.641609   -486.393457  6  6  3  87       
PG03 -23424.315887  12316.890101  -1510.657387   -237.973643  6  6  5  54       
PG04 -15502.306883   6478.692581 -20566.311978   -114.033670 10  5  7  73       
PG05  21345.176038   1736.191852 -15978.747969    -16.548325  6  6  6  89       
PG06   6967.069443  22078.855927 -12926.367701   -302.261829  4  4  5  65       
PG07  -5657.532600  25172.641186  -4764.690228   -325.931577  1  5  4  67       
PG08 -22386.491873  -3213.451203  14143.956249    -40.764013  5  7  5  98       
PG09  -4186.956779  15391.967862 -21284.245313   -252.629206  2  4  4  98       
PG10  -1417.996486 -15723.180792  21411.936718   -398.002461  5  3  3  81       
PG11 -15882.970824   3126.560946  20542.673159   -222.768037  5  8  5 101       
PG12  24194.408064 -10669.410633  -1586.541888     94.456853  4  6  6  92       
PG13  22154.205049  11970.734728   8485.911858     26.240055  6  5  3  73       
PG14 -17532.701810 -19364.227266   5675.596985      0.914668  6  6  6 103       
PG15  22665.817548    490.727802  13812.383788   -217.946968  6  6  4  55       
PG16 -22792.697166  -1668.574923 -14122.477200   -182.016040  5  7  6  48       
PG17  11232.337012  20163.191724  13604.653950    295.033398  6  4  4  84       
PG18   6060.571149 -25369.381619  -4941.123955    244.765821 10  8  9  75       
PG19  17005.783541  19515.771427   5749.712287   -132.812492  6  5  4  60       
PG20   9701.092855 -19530.336196  14926.307914    527.300200  5  7  6  65       
PG21  -7137.572229 -23860.619008  10423.640774     22.977079  5  4  5  72       
PG22 -24230.573049   8421.452489   6795.968448   -772.424133  7  6  7  96       
PG24  14408.171075 -10591.473989  19325.080221    -15.575512  6  3  3  59       
PG25  17757.734295 -16601.554519 -10625.223676     22.676742  8  5  4  78       
PG26 -13055.176772 -10146.239049 -20859.665303    242.302866  6  6  6  70       
PG27 -23307.517455 -12222.429114   4591.284456   -344.395520  4  6  5  81       
PG28   1668.369452  15351.101739  22206.776744    700.101163  6  4  5  74       
PG29   9041.072463 -11587.587735 -22168.720233   -149.021538  6  6  4  76       
PG30   1214.291555  25833.909630   5562.033796   -260.859932  2  3  4  60       
PG31  -7982.877528 -20662.793368 -14351.916546    -55.226901  6  6  6 100       
PG32 -13158.462737 -19540.268048  12500.567195    316.029494  2  5  4  59       
*  2020  7 13  2 15  0.00000000
PG01 -13609.359523  10339.431730  20001.776458     24.766174  4  8  5  99       
PG02  13428.638463  13273.617236 -18061.678547   -486.398541  6  6  3  96       
PG03 -23538.871206  12097.586694   1362.555210   -237.984009  6  5  6  77       
PG04 -17336.385420   5100.186172 -19464.170977   -114.037810  9  5  7 108       
PG05  19764.217100   2803.527605 -17759.188101    -16.548838  6  6  6  98       
PG06   6733.488440  23414.249054 -10473.821341   -302.266501  4  3  4  60       
PG07  -5923.211097  24406.366652  -7513.456524   -325.939376  2  5  4  79       
PG08 -23552.453448  -4132.766315  11843.889128    -40.765461  5  7  4  96       
PG09  -6288.358221  14135.456827 -21638.039368   -252.635038  2  4  4  99       
PG10    735.429544 -16761.807298  20619.745325   -398.012115  5  3  3  84       
PG11 -16804.110696    862.050490  20005.282388   -222.758685  5  8  5  95       
PG12  24271.766783 -10465.422434   1312.250905     94.452374  4  5  6  90       
PG13  22648.945084  12669.105591   5779.881742     26.242945  6  5  3  78       
PG14 -16793.372399 -19084.706467   8368.299976      0.917429  6  6  6  40       
PG15  23886.498220   1391.894753  11600.072389   -217.944730  6  6  4  63       
PG16 -21281.538961  -2415.237012 -16209.535950   -182.020195  5  6  6  80       
PG17   9852.933953  19323.282563  15782.147118    295.038372  7  5  3  86       
PG18   6246.592510 -24633.467932  -7682.774660    244.774404 10  8  9  91       
PG19  16225.941146  19133.425356   8488.428860   -132.808238  6  5  4  70       
PG20  11172.622505 -20240.207221  12790.974640    527.300195  6  7  6  83       
PG21  -6943.906924 -24809.552512   7857.449599     22.981719  5  5  5  72       
PG22 -23634.506701   7664.343967   9390.147123   -772.422143  6  6  7  86       
PG24  14580.946184  -8268.366974  20327.107846    -15.575391  6  2  3  76       
PG25  18791.431580 -16874.073371  -8021.473590     22.680566  8  5  2  78       
PG26 -10976.957422 -11372.605283 -21397.859964    242.308904  6  6  6  82       
PG27 -23526.546000 -12576.333916   1751.761191   -344.404178  4  5  4  66       
PG28   -546.960224  16217.498538  21636.931224    700.097950  6  4  5  69       
PG29  11050.984044 -10083.841852 -21995.198720   -149.029567  5  6  4  92       
PG30    847.610254  26284.007727   2794.125850   -260.866908  2  3  4  63       
PG31  -7635.312381 -22164.464887 -12076.442306    -55.229245  6  5  5  92       
PG32 -11750.521993 -18886.596391  14713.108103    316.035079  2  6  4  60       
*  2020  7 13  2 30  0.00000000
PG01 -13725.503868   7943.656989  21010.551963     24.770158  3  8  4  86       
PG02  13448.032903  15363.584558 -16374.303571   -486.403480  5  5  4  82       
PG03 -23385.681318  11717.911966   4212.152147   -237.994464  6  5  6           
PG04 -19116.271703   3893.266046 -18027.076230   -114.042007  9  5  7  99       
PG05  18085.813649   4049.687110 -19239.401900    -16.549579  6  6  5  69       
PG06   6569.540112  24471.166585  -7840.175731   -302.271135  4  3  4  69       
PG07  -6228.312446  23345.221701 -10127.721441   -325.947490  2  5  4  67       
PG08 -24527.693771  -4858.918766   9342.812000    -40.766632  5  7  4 101       
PG09  -8467.575142  12978.662335 -21621.178760   -252.640915  2  4  4 104       
PG10   2739.070687 -17857.732568  19473.676081   -398.021737  5  3  3  61       
PG11 -17784.135283  -1289.365278  19106.868220   -222.748995  5  8  4  76       
PG12  24067.104844 -10115.794336   4188.187322     94.447944  4  5  6  93       
PG13  22929.742110  13153.366695   2974.662068     26.245845  6  5  3  78       
PG14 -15798.427023 -18679.824185  10920.244410      0.920186  6  6  6  63       
PG15  24907.364354   2127.859633   9188.769449   -217.942423  6  6  3  59       
PG16 -19617.297131  -3340.747779 -18026.867793   -182.024525  4  6  6  96       
PG17   8237.834435  18440.089561  17695.987161    295.043656  7  5  3  73       
PG18   6467.653482 -23605.262704 -10292.032780    244.783009 10  9  9  89       
PG19  15175.121978  18621.164160  11079.768860   -132.803469  6  5  4  73       
PG20  12409.211675 -20860.877573  10432.038160    527.300363  6  7  5  92       
PG21  -6771.788055 -25479.255508   5161.622295     22.985143  5  5  5  65       
PG22 -22844.920677   6717.065438  11822.754770   -772.420005  6  6  7  51       
PG24  14869.742739  -5865.216732  20970.831194    -15.576049  5  3  3  70       
PG25  19550.794126 -17044.249595  -5278.736442     22.684457  8  6  1  77       
PG26  -8927.201851 -12724.203232 -21569.619337    242.315043  5  6  6  79       
PG27 -23484.560081 -12760.194752  -1117.344741   -344.412873  4  5  4  94       
PG28  -2636.040833  17171.917031  20714.420497    700.094753  5  4  6  74       
PG29  13107.538117  -8717.811019 -21444.940618   -149.037441  5  6  4  56       
PG30    509.268456  26434.675647    -22.492078   -260.873827  3  3  4  49       
PG31  -7366.860072 -23411.759039  -9588.642981    -55.231475  5  5  5  83       
PG32 -10104.619059 -18193.432611  16675.531385    316.040720  3  5  4  72       
*  2020  7 13  2 45  0.00000000
PG01 -13978.141285   5465.710608  21648.003648     24.774106  2  8  4  99       
PG02  13543.529986  17235.524827 -14392.450331   -486.408391  5  5  3  86       
PG03 -22989.422823  11149.099331   6988.704433   -238.004918  6  5  6  90       
PG04 -20796.133355   2863.417806 -16279.844729   -114.046168  9  4  7  93       
PG05  16354.144764   5468.812746 -20394.225266    -16.549818  6  6  5  95       
PG06   6439.456470  25229.220856  -5071.019230   -302.275795  4  3  3  71       
PG07  -6605.860035  22010.251098 -12560.370768   -325.955167     5  4  73       
PG08 -25276.010570  -5410.212945   6683.309585    -40.768528  6  7  4  96       
PG09 -10682.051475  11943.908110 -21234.000136   -252.646795  3  4  4 106       
PG10   4561.881446 -18974.419677  17992.647951   -398.031393  5  3  4  63       
PG11 -18792.132491  -3292.350980  17863.390640   -222.739464  4  8  5  73       
PG12  23603.185632  -9589.060439   6991.034019     94.443449  4  5  6  88       
PG13  22967.038554  13447.697641    118.467326     26.248773  5  5  3  77       
PG14 -14547.319855 -18189.289278  13289.075607      0.922491  5  6  6  67       
PG15  25696.846513   2717.662189   6620.581165   -217.940064  6  6  3  58       
PG16 -17844.086883  -4450.831576 -19543.919436   -182.028665  3  6  6  83       
PG17   6404.599601  17555.386103  19315.126361    295.048694  7  5  3  56       
PG18   6758.008882 -22305.049407 -12723.981274    244.791596 10  9  9  92       
PG19  13851.797186  18020.291377  13478.088966   -132.798996  6  5  4  81       
PG20  13408.788044 -21353.035581   7890.684441    527.300049  6  8  6  88       
PG21  -6584.953711 -25857.782369   2379.991521     22.989771  5  5  4  77       
PG22 -21898.784368   5569.171684  14052.485595   -772.417752  6  6  7  96       
PG24  15278.723169  -3429.869566  21245.801599    -15.576040  5  4  3  84       
PG25  20040.767566 -17073.114905  -2444.231764     22.688390  8  6     81       
PG26  -6946.834489 -14176.850647 -21371.341884    242.321245  5  6  7  91       
PG27 -23162.663126 -12807.634269  -3967.639003   -344.421560  4  5  4  86       
PG28  -4564.157292  18183.685728  19453.894212    700.091059  5  4  6  71       
PG29  15164.893552  -7510.191094 -20527.439732   -149.045365  5  6  4  77       
PG30    164.106063  26282.196184  -2838.711813   -260.880778  3  4  4  70       
PG31  -7145.646442 -24378.809001  -6931.862749    -55.233716  5  5  5  74       
PG32  -8239.030528 -17499.633172  18354.441398    316.046350  3  5  4  74       
*  2020  7 13  3  0  0.00000000
PG01 -14371.815833   2957.218302  21903.665494     24.778052  2  8  3  89       
PG02  13684.445838  18857.560609 -12153.213860   -486.413394  5  4  4  77       
PG03 -22381.383729  10368.569224   9643.996121   -238.015417  6  6  6  47       
PG04 -22331.265447   2007.877280 -14252.611460   -114.050381  9  4  7  82       
PG05  14612.709241   7047.052632 -21203.875969    -16.550743  6  6  5 106       
PG06   6304.934343  25676.824420  -2214.252957   -302.280427  5  3  2  62       
PG07  -7084.650050  20430.666358 -14767.547863   -325.963300  1  5  4  73       
PG08 -25766.837049  -5811.553999   3910.549283    -40.768518  6  7  3  99       
PG09 -12886.322326  11046.142327 -20483.150236   -252.652615  3  4  4  99       
PG10   6180.066669 -20071.367068  16201.436455   -398.041054  6  4  4  73       
PG11 -19792.845520  -5117.961510  16297.345070   -222.729959  4  8  4  82       
PG12  22910.062498  -8859.637872   9671.594327     94.438842  4  4  6  69       
PG13  22737.951031  13582.169125  -2739.765740     26.251704  5  4  2  62       
PG14 -13047.722917 -17653.228122  15435.672360      0.925110  5  6  5  72       
PG15  26229.286592   3186.072687   3939.867243   -217.937751  6  6  2  66       
PG16 -16007.478309  -5742.958148 -20734.904265   -182.032759  2  7  5  99       
PG17   4378.538355  16707.889113  20613.430590    295.054035  6  5  3  58       
PG18   7147.845624 -20760.866923 -14936.786298    244.800102 10  9  9  86       
PG19  12263.694592  17372.995453  15640.855923   -132.794475  6  5  4  80       
PG20  14177.496060 -21679.433930   5211.351161    527.299841  6  8  5  89       
PG21  -6346.255992 -25941.196911   -441.498368     22.993777  5  6  4  76       
PG22 -20835.859638   4217.740631  16041.721587   -772.415657  6  7  7  91       
PG24  15804.269986  -1010.450315  21148.227388    -15.576553  5  4  4  80       
PG25  20274.733223 -16924.796759    432.887973     22.692346  7  6  2  70       
PG26  -5072.396628 -15699.871035 -20805.751079    242.327399  5  6  7  87       
PG27 -22549.982353 -12755.876184  -6751.194283   -344.430226  4  4  3  88       
PG28  -6302.760816  19216.985575  17875.279759    700.088038  5  4  6  64       
PG29  17175.009575  -6473.453530 -19258.443554   -149.053060  4  6  4  83       
PG30   -222.854241  25831.565515  -5605.376089   -260.887717  3  4  4  51       
PG31  -6936.380879 -25047.987898  -4152.687257    -55.236107  4  5  5  60       
PG32  -6179.718957 -16841.096533  19721.191227    316.051989  3  5  4  65       
*  2020  7 13  3 15  0.00000000
PG01 -14902.512827    470.085973  21773.997567     24.781962  3  8  3  88       
PG02  13836.008309  20206.079554  -9697.997286   -486.418440  5  3  4  73       
PG03 -21598.178114   9361.012316  12131.885163   -238.025887  6  6  6  75       
PG04 -23679.729628   1315.924950 -11980.306925   -114.054599  8  3  7  90       
PG05  12902.776955   8762.900588 -21654.286956    -16.551226  6  6  5  88       
PG06   6126.813064  25811.556144    680.750945   -302.285040  5  3  2  74       
PG07  -7687.868182  18642.770910 -16709.552655   -325.970833  1  4  4  77       
PG08 -25976.400857  -6093.302331   1071.543885    -40.769955  6  6  3  37       
PG09 -15033.588223  10292.471556 -19381.472886   -252.658475  3  4  4  93       
PG10   7577.834331 -21105.647908  14130.297464   -398.050680  6  5  5  78       
PG11 -20748.108011  -6744.608977  14437.296051   -222.720404  4  7  5  74       
PG12  22023.871673  -7909.068033  12182.621669     94.434658  4  4  6  82       
PG13  22227.220876  13591.396890  -5551.206022     26.254832  4  4  2  82       
PG14 -11315.365820 -17110.604254  17324.711000      0.927827  5  6  5  84       
PG15  26485.842648   3562.398854   1192.471003   -217.935459  6  6  2  80       
PG16 -14152.900831  -7206.244707 -21579.222946   -182.036945  2  7  5 105       
PG17   2191.920959  15931.830511  21570.016203    295.058964  6  5  4  62       
PG18   7661.938676 -19007.515690 -16892.416094    244.808693 10 10  9  84       
PG19  10427.742965  16720.604341  17529.465100   -132.789894  6  5  4  81       
PG20  14729.257501 -21806.440166   2440.913553    527.299528  6  8  5  90       
PG21  -6019.223308 -25733.798346  -3255.444803     22.998086  4  6  4  68       
PG22 -19697.149651   2667.647899  17757.127476   -772.413395  6  7  6  90       
PG24  16435.119160   1346.338490  20680.970993    -15.577127  4  4  3  77       
PG25  20273.891256 -16568.102686   3302.407662     22.696138  7  6  3  68       
PG26  -3334.791747 -17257.143187 -19881.895680    242.333595  4  6  7  87       
PG27 -21644.152058 -12644.176996  -9421.300656   -344.438886  4  3  3  79       
PG28  -7830.343963  20232.110677  16003.550968    700.084791  5  5  6  67       
PG29  19089.356100  -5611.514660 -17659.685629   -149.060979  4  6  4  65       
PG30   -684.817194  25096.307690  -8274.173586   -260.894686  4  4  3  51       
PG31  -6701.950235 -25410.556824  -1300.081893    -55.238226  4  5  4  74       
PG32  -3959.544543 -16249.355816  20752.358455    316.057586  4  5  4  83       
*  2020  7 13  3 30  0.00000000
PG01 -15557.812067  -1945.363068  21262.384119     24.785892  4  8  3  84       
PG02  13960.940278  21266.406113  -7071.597570   -486.423734  5  3  4  77       
PG03 -20680.261309   8119.192105  14409.129237   -238.036347  6  6  6  94       
PG04 -24803.897455    769.492195  -9502.053520   -114.058784  8  3  7  37       
PG05  11261.930029  10587.828744 -21737.356353    -16.551643  6  6  5 112       
PG06   5866.787258  25640.181819   3564.014018   -302.289700  5  3  2  54       
PG07  -8431.948658  16688.593491 -18351.648652   -325.978663  2  4  4  80       
PG08 -25888.640264  -6289.927503  -1785.610885    -40.770860  6  6  2  99       
PG09 -17077.347904   9682.005349 -17947.793754   -252.664388  3  5  4  88       
PG10   8747.841853 -22033.569266  11814.487210   -398.060285  6  6  5  80       
PG11 -21618.416035  -8158.710903  12317.267934   -222.710788  4  7  5  89       
PG12  20985.383950  -6726.984245  14479.710659     94.430415  4  4  6  86       
PG13  21427.880951  13513.035807  -8267.944684     26.257834  4  4  2  96       
PG14  -9373.591083 -16597.704607  18925.166577      0.930417  5  6  5  83       
PG15  26455.139111   3879.141850  -1575.046077   -217.933214  5  7  1  91       
PG16 -12324.053835  -8821.664922 -22061.822093   -182.041470  3  7  5 100       
PG17   -117.048076  15255.711091  22169.514791    295.064379  6  5  4  82       
PG18   8318.524611 -17085.314680 -18557.291997    244.817278 10 10  9 108       
PG19   8369.651116  16101.868874  19110.000942   -132.785375  6  5  4  77       
PG20  15085.026238 -21705.454232   -372.176413    527.299633  5  8  6  84       
PG21  -5569.648690 -25248.060422  -6013.712816     23.002109  4  7  4  74       
PG22 -18523.327817    931.542473  19170.162493   -772.411125  6  7  6  93       
PG24  17152.812429   3596.840568  19853.415483    -15.578895  4  4  4  82       
PG25  20066.333697 -15977.943252   6113.961798     22.699894  6  6  3  83       
PG26  -1758.247836 -18808.379268 -18615.041437    242.339798  4  7  7  87       
PG27 -20451.493175 -12512.196790 -11933.190662   -344.447538  3  3  3  72       
PG28  -9133.078946  21186.885165  13868.437751    700.081462  5  5  7  62       
PG29  20860.652508  -4919.740283 -15758.519254   -149.068890  5  6  4  90       
PG30  -1251.694877  24097.961932 -10798.519789   -260.901631  4  4  4  75       
PG31  -6405.102596 -25466.964177   1575.531258    -55.240908  4  5  4  50       
PG32  -1617.218413 -15750.346748  21430.140807    316.063217  4  5  4  92       
*  2020  7 13  3 45  0.00000000
PG01 -16317.392742  -4242.167220  20378.992676     24.789809  4  8  4  84       
PG02  14021.121589  22033.100451  -4321.260511   -486.428766  5  3  4  58       
PG03 -19670.304802   6644.433344  16436.160058   -238.046782  6  6  6  96       
PG04 -25671.838896    344.054787  -6860.491256   -114.062968  8  3  6  87       
PG05   9722.747014  12487.192096 -21451.109502    -16.552484  5  5  5 104       
PG06   5489.086704  25178.329772   6385.823119   -302.294304  5  4  2  72       
PG07  -9325.728144  14614.290479 -19664.754593   -325.986470  2  4  4  81       
PG08 -25495.844500  -6438.511742  -4612.513879    -40.772481  6  5  2  81       
PG09 -18973.028477   9206.016949 -16206.606080   -252.670247  3  5  4  86       
PG10   9691.315364 -22812.387388   9293.683683   -398.069771  6  6  5  70       
PG11 -22364.564344  -9354.992670   9976.012226   -222.701060  5  7  5  61       
PG12  19838.372515  -5311.761426  16522.144983     94.426023  4  3  5  50       
PG13  20341.615411  13386.172690 -10843.788029     26.260575  3  4  2  86       
PG14  -7252.643262 -16146.743616  20210.749257      0.932889  5  5  5  88       
PG15  26133.644917   4170.554468  -4316.154384   -217.930928  5  7     80       
PG16 -10561.378317 -10562.561857 -22173.485006   -182.045900  3  7  5  87       
PG17  -2505.461440  14701.276259  22402.266989    295.069374  5  5  4  76       
PG18   9128.436677 -15038.657455 -19902.860673    244.825853  9 10  9  90       
PG19   6123.132332  15551.346989  20353.919502   -132.780637  6  5  4  76       
PG20  15271.768991 -21354.134722  -3178.778731    527.299672  5  8  6 102       
PG21  -4967.145331 -24504.271833  -8668.228941     23.006384  4  7  4  80       
PG22 -17353.205986   -970.472071  20257.504478   -772.408860  6  7  6  80       
PG24  17932.444824   5701.928996  18681.209029    -15.579469  4  4  4  58       
PG25  19685.840904 -15136.531304   8817.969773     22.703673  5  5  4  72       
PG26   -359.538421 -20310.584866 -17026.452788    242.345932  5  7  7  65       
PG27 -18986.884228 -12398.367629 -14244.731626   -344.456191  3  3  3  95       
PG28 -10205.195340  22038.193447  11504.073684    700.078224  5  6  6  73       
PG29  22444.569518  -4385.284713 -13587.458142   -149.076819  5  6  4  60       
PG30  -1948.719361  22865.263296 -13134.404915   -260.908571  4  4  3  78       
PG31  -6010.148621 -25226.780806   4423.236031    -55.242999  4  5  3  68       
PG32    803.965258 -15363.397114  21742.665497    316.068868  4  5  4  86       
*  2020  7 13  4  0  0.00000000
PG01 -17153.863724  -6378.350863  19140.502741     24.793706  4  7  4  92       
PG02  13979.255670  22509.886834  -1495.732985   -486.433910  5  4  4  56       
PG03 -18611.495923   4946.775484  18177.790712   -238.057269  6  7  6  98       
PG04 -26258.502921      9.778089  -4101.044413   -114.067113  8  2  6  92       
PG05   8311.678764  14421.374574 -20799.768923    -16.552839  5  5  5  91       
PG06   4962.056944  24449.835485   9097.593072   -302.298921  6  5  2  94       
PG07 -10369.932595  12468.389155 -20626.001869   -325.994355  3  4  4  89       
PG08 -24798.994895  -6577.158432  -7361.240864    -40.772816  6  5  3  93       
PG09 -20679.551772   8848.413738 -14187.662033   -252.676109  3  5  4  75       
PG10  10417.833987 -23402.011625   6611.317180   -398.079361  6  7  5  75       
PG11 -22949.271939 -10336.434828   7456.175769   -222.691600  5  7  5  65       
PG12  18627.863296  -3670.816518  18273.681428     94.421496  4  2  5  67       
PG13  18978.800708  13249.679381 -13235.015018     26.263635  3  4  1  76       
PG14  -4988.718084 -15784.631753  21160.274502      0.935591  5  5  5  82       
PG15  25525.772097   4471.156008  -6985.081660   -217.928434  4  7     72       
PG16  -8900.643568 -12395.452026 -21911.047897   -182.050294  4  8  5  96       
PG17  -4927.103004  14282.745834  22264.446205    295.074071  5  6  4  95       
PG18  10094.535020 -12914.423043 -20906.078205    244.834357  9 10  9  84       
PG19   3728.800518  15097.958254  21238.634262   -132.776046  6  5  4  92       
PG20  15321.215385 -20737.383790  -5929.962629    527.299638  5  8  6  73       
PG21  -4186.606511 -23529.876315 -11171.834598     23.009919  4  7  5  70       
PG22 -16222.298069  -3011.435705  21001.383664   -772.406366  5  7  6  76       
PG24  18743.671877   7628.292380  17185.898461    -15.581051  4  4  4  68       
PG25  19170.447965 -14034.303239  11366.573345     22.707414  5  5  5  70       
PG26    852.505346 -21719.646309 -15143.065102    242.352124  5  8  7  64       
PG27 -17273.329018 -12338.317587 -16317.078240   -344.464813  3  3  3 101       
PG28 -11049.079948  22743.576451   8948.578244    700.074870  5  6  6  80       
PG29  23801.330019  -3987.750937 -11183.631106   -149.084602  4  6  4  78       
PG30  -2795.245530  21433.050172 -15241.190946   -260.915539  4  4  3  80       
PG31  -5484.606606 -24708.271893   7192.600702    -55.245380  5  5  3  72       
PG32   3257.572958 -15100.476212  21684.206902    316.074504  5  4  4  80       
*  2020  7 13  4 15  0.00000000
PG01 -18033.879679  -8318.331180  17569.715827     24.797597  4  7  4  99       
PG02  13800.471142  22709.230119   1355.663104   -486.438925  5  4  4  63       
PG03 -17545.830461   3044.783994  19603.842020   -238.067743  6  7  6  98       
PG04 -26546.645102   -267.131208  -1271.141772   -114.071308  9  3  5  96       
PG05   7048.158532  16347.137190 -19793.728729    -16.553274  5  5  5  88       
PG06   4259.578546  23485.782193  11652.704897   -302.303502  6  5  3  84       
PG07 -11557.018441  10299.951033 -21219.144145   -326.002341  4  4  4  95       
PG08 -23807.793941  -6743.364310  -9985.121453    -40.774205  5  3  3  72       
PG09 -22160.777881   8586.499361 -11925.475737   -252.681938  3  5  4  80       
PG10  10944.784650 -23766.628589   3813.820377   -398.089225  6  8  5  66       
PG11 -23338.723891 -11113.873684   4803.396842   -222.682090  5  6  5  80       
PG12  17398.340365  -1820.543262  19703.250566     94.417540  4  2  5  60       
PG13  17358.227885  13140.588392 -15401.088856     26.266647  3  4  2  91       
PG14  -2622.804800 -15531.949237  21757.965780      0.938203  5  4  5  79       
PG15  24643.696966   4814.257674  -9537.506665   -217.926276  4  7     88       
PG16  -7371.700570 -14281.097756 -21277.534711   -182.054730  4  8  5 105       
PG17  -7333.958143  14006.322226  21758.112714    295.079623  5  6  4  76       
PG18  11211.454139 -10760.302752 -21549.798321    244.842939  9  9  8  86       
PG19   1232.779497  14763.772017  21747.988306   -132.771181  6  5  4  92       
PG20  15268.430147 -19848.051264  -8577.893195    527.299147  5  8  7  81       
PG21  -3209.505238 -22358.522893 -13479.185418     23.014180  4  7  5  91       
PG22 -15161.530505  -5158.384706  21389.824933   -772.403970  5  7  5  83       
PG24  19551.931386   9349.477795  15394.464958    -15.580469  3  5  4  60       
PG25  18560.838819 -12670.519121  13714.554056     22.711098  4  4  5  76       
PG26   1877.170122 -22991.984535 -12997.050267    242.358308  6  8  7  77       
PG27 -15341.236328 -12363.406321 -18115.278800   -344.473449  4  4  3  90       
PG28 -11675.089084  23262.842491   6243.570610    700.071607  5  6  5  60       
PG29  24897.148360  -3700.146468  -8588.159060   -149.092148  4  7  4  53       
PG30  -3803.793330  19840.943514 -17082.341212   -260.922475  4  4  4  83       
PG31  -4800.719444 -23937.623234   9834.647875    -55.247643  5  5  2  50       
PG32   5695.599335 -14965.733584  21255.308053    316.080240  4  4  4  83       
*  2020  7 13  4 30  0.00000000
PG01 -18919.492549 -10034.055943  15695.060794     24.801521  3  7  5  75       
PG02  13453.795942  22651.592734   4183.914923   -486.444126  5  5  4  71       
PG03 -16512.466577    965.026379  20689.675775   -238.078264  6  7  6  89       
PG04 -26527.466941   -522.919866   1580.596293   -114.075480  9  3  4 101       
PG05   5943.981039  18219.120953 -18449.430898    -16.553750  5  4  5  90       
PG06   3362.269669  22323.276075  14007.304964   -302.308092  6  6  3  86       
PG07 -12871.372176   8156.737036 -21434.811483   -326.010189  4  5  4  94       
PG08 -22540.380278  -6972.415512 -12439.500281    -40.774508  4  3  4 106       
PG09 -23386.771300   8391.998444  -9458.745400   -252.687841  2  6  4  82       
PG10  11296.506616 -23876.179997    949.810815   -398.098858  6  9  5  77       
PG11 -23503.962353 -11705.280369   2065.357752   -222.672268  5  6  5  55       
PG12  16191.981618    214.119048  20785.556459     94.413027  4  2  5  56       
PG13  15506.517736  13092.551885 -17305.313105     26.269645  3  4  2  75       
PG14   -199.360952 -15402.158986  21993.688479      0.940730  5  4  5  62       
PG15  23506.915035   5230.550160 -11931.215256   -217.923840  3  7     77       
PG16  -5997.449688 -16175.815257 -20282.203389   -182.058983  4  8  5  90       
PG17  -9677.791033  13869.993074  20891.197907    295.084591  5  6  4  78       
PG18  12465.677342  -8623.106964 -21823.058771    244.851566  8  9  8  83       
PG19  -1314.919497  14563.083209  21872.598632   -132.766466  5  5  5  78       
PG20  15150.267235 -18687.330592 -11076.688871    527.299200  4  7  7  87       
PG21  -2024.970035 -21028.850083 -15547.677761     23.018275  4  8  5  90       
PG22 -14196.144657  -7373.425819  21416.798610   -772.401492  4  6  5  74       
PG24  20319.827356  10846.655504  13338.776132    -15.581277  3  4  4  61       
PG25  17898.634608 -11053.511924  15820.207972     22.714825  4  4  5  71       
PG26   2721.714103 -24086.210920 -10625.280869    242.364428  6  9  6  69       
PG27 -13227.436363 -12499.424321 -19608.828680   -344.482090  4  4  3  94       
PG28 -12101.071923  23559.638350   3433.612740    700.068295  5  7  5  73       
PG29  25705.453434  -3490.098214  -5845.463928   -149.100006  3  7  4  63       
PG30  -4979.368443  18131.852026 -18626.067902   -260.929402  4  4  4  76       
PG31  -3936.777456 -22947.855395  12302.791337    -55.249832  5  6  2  51       
PG32   8070.101486 -14955.345996  20462.802425    316.085857  5  3  4  72       
*  2020  7 13  4 45  0.00000000
PG01 -19769.679773 -11505.833402  13550.010016     24.805391  3  7  5  80       
PG02  12913.450883  22364.415402   6941.145251   -486.449442  5  5  4  82       
PG03 -15546.205702  -1258.766646  21416.624827   -238.088827  6  7  6  72       
PG04 -26200.942629   -794.688261   4405.189972   -114.079673  9  3  3  62       
PG05   5002.976076  19991.450707 -16789.141848    -16.554251  5  5  5  88       
PG06   2258.425401  21004.004722  16121.051508   -302.312670  6  6  4  99       
PG07 -14289.855077   6083.454536 -21270.607214   -326.017961  4  5  4 104       
PG08 -21022.738665  -7295.867060 -14682.472050    -40.775641  3  2  4  99       
PG09 -24334.841480   8232.304722  -6829.703295   -252.693711  2  6  4  89       
PG10  11503.158127 -23707.632566  -1930.778895   -398.108518  6  9  6  88       
PG11 -23422.068995 -12134.758193   -709.177786   -222.662799  5  6  5  43       
PG12  15046.999187   2400.467029  21501.560399     94.408812  4  3  5  55       
PG13  13457.251334  13134.441176 -18915.423816     26.272391  4  4  2  66       
PG14   2235.136258 -15401.085437  21863.113400      0.943278  5  5  5  90       
PG15  22141.548890   5746.801532 -14126.714411   -217.921456  3  7     89       
PG16  -4793.064401 -18032.976406 -18940.496698   -182.063403  4  8  5  98       
PG17 -11911.737422  13863.635759  19677.417858    295.089780  4  6  4  79       
PG18  13835.935334  -6547.116470 -21721.261639    244.860112  8  8  7  98       
PG19  -3862.185786  14501.817553  21610.061756   -132.761844  5  5  5  91       
PG20  15003.769876 -17264.832289 -13383.232572    527.298895  4  7  8 100       
PG21   -630.577960 -19583.041832 -17338.378512     23.022400  5  8  6  97       
PG22 -13344.828674  -9614.991484  21082.280792   -772.399157  4  6  4  69       
PG24  21008.619000  12109.082612  11054.969341    -15.582939  3  5  4  78       
PG25  17224.648547  -9200.571480  17646.155586     22.718525  3  3  4  64       
PG26   3400.902635 -24964.719272  -8068.700717    242.370583  7 10  6  52       
PG27 -10973.967350 -12765.502694 -20772.164720   -344.490696  4  5  3  76       
PG28 -12351.612856  23602.924448    565.580765    700.065051  5  7  4  72       
PG29  26207.848849  -3321.279868  -3002.520205   -149.107651  3  7  4  20       
PG30  -6319.088451  16350.364357 -19845.885155   -260.936334  4  4  5  95       
PG31  -2878.190064 -21777.473459  14553.716780    -55.252173  5  5  2  45       
PG32  10334.839958 -15057.680475  19319.733597    316.091525  5  3  4  85       
*  2020  7 13  5  0  0.00000000
PG01 -20541.985434 -12722.829074  11172.422679     24.809297  3  7  6  69       
PG02  12159.920285  21880.872629   9581.370410   -486.454357  5  5  3  87       
PG03 -14676.160646  -3586.821634  21772.312321   -238.099327  6  7  5  71       
PG04 -25575.821019  -1118.758314   7154.137308   -114.083863  9  4  2  84       
PG05   4220.991844  21619.381247 -14840.629114    -16.554903  5  5  5  80       
PG06    944.657864  19572.635542  17957.796210   -302.317255  6  6  4  99       
PG07 -15782.663968   4120.160180 -20731.051451   -326.025891  4  5  3 101       
PG08 -19287.824826  -7740.162852 -16675.579977    -40.777394  3  2  4  93       
PG09 -24990.317881   8071.904780  -4083.403689   -252.699575  2  6  4  68       
PG10  11599.349760 -23245.986014  -4777.605867   -398.118190  5 10  6  81       
PG11 -23077.093094 -12431.309857  -3471.315778   -222.653203  5  6  5  46       
PG12  13996.154607   4699.133411  21838.836916     94.404678  4  4  5  59       
PG13  11249.848445  13289.138494 -20204.110143     26.275603  4  5  2  83       
PG14   4633.714008 -15526.677751  21367.807865      0.945981  5  5  5  95       
PG15  20579.435540   6384.708830 -16087.800654   -217.919255  3  7     77       
PG16  -3765.505231 -19804.653670 -17273.891289   -182.067784  4  8  6  86       
PG17 -13991.860464  13969.422357  18136.114765    295.094968  5  6  3  83       
PG18  15293.913644  -4572.540900 -21246.245115    244.868611  8  8  7  77       
PG19  -6356.688214  14577.293430  20965.013790   -132.757293  5  6  5  85       
PG20  14864.581938 -15598.334179 -15457.921002    527.298760  4  7  8  82       
PG21    967.185539 -18065.206920 -18816.929688     23.026272  5  8  6  79       
PG22 -12619.107774 -11839.230212  20392.224919   -772.396792  3  5  4  58       
PG24  21579.755578  13134.255095   8582.781068    -15.584679  3  5  4  85       
PG25  16577.181888  -7137.465074  19160.066149     22.722238  3  3  3  60       
PG26   3936.242410 -25595.149666  -5371.612016    242.376848  7 10  5  34       
PG27  -8626.673521 -13173.273665 -21585.094161   -344.499297  4  5  2  90       
PG28 -12457.010776  23368.297650  -2312.034161    700.061658  5  6  3  40       
PG29  26394.773127  -3154.997034   -108.060986   -149.115393  3  6  5  63       
PG30  -7812.128605  14541.093448 -20721.057954   -260.943287  3  4  5  90       
PG31  -1618.261194 -20468.911685  16548.185414    -55.254431  5  5  1  88       
PG32  12446.865400 -15253.769518  17845.171670    316.097164  4  2  4  84       
*  2020  7 13  5 15  0.00000000
PG01 -21194.208138 -13683.218258   8603.831659     24.813191  4  7  6  69       
PG02  11180.768585  21238.458754  12061.182836   -486.459741  4  5  4  87       
PG03 -13924.663236  -5974.680080  21750.854861   -238.109791  6  7  5  78       
PG04 -24669.302936  -1529.072785   9780.242474   -114.088050  9  4  1  69       
PG05   3586.191901  23060.924128 -12636.739508    -16.555216  5  6  5  75       
PG06   -573.787097  18075.116462  19486.190061   -302.321852  5  6  4  92       
PG07 -17314.465177   2300.882888 -19827.380095   -326.033535  4  5  3 115       
PG08 -17374.435388  -8325.448716 -18384.467213    -40.779125  3  3  4 100       
PG09 -25347.029494   7873.922657  -1266.959926   -252.705397  2  6  5  82       
PG10  11622.599534 -22484.975603  -7540.837868   -398.127854  5 10  7  63       
PG11 -22460.693029 -12627.434402  -6172.947783   -222.643529  5  6  5  82       
PG12  13065.510994   7065.460376  21791.794017     94.400227  4  5  5  66       
PG13   8928.235131  13572.565536 -21149.456850     26.278557  4  5  3  76       
PG14   6950.452608 -15769.067318  20515.252016      0.948524  4  5  5  89       
PG15  18857.025942   7159.941160 -17782.079986   -217.916793  3  6     84       
PG16  -2913.348643 -21443.350180 -15309.639871   -182.072352  3  7  5  92       
PG17 -15878.617497  14162.514452  16292.024408    295.100103  5  6  3  97       
PG18  16805.241786  -2734.142549 -20406.246035    244.877119  7  7  6  75       
PG19  -8747.765925  14778.351570  19949.042512   -132.752524  5  6  4  87       
PG20  14765.434564 -13713.220953 -17265.338908    527.298817  4  7  8  75       
PG21   2752.837667 -16519.646236 -19954.395918     23.030679  5  7  6  87       
PG22 -12023.012717 -14001.482117  19358.446883   -772.394225  3  5  3  68       
PG24  21996.397986  13927.749789   5964.836718    -15.585754  3  5  4  74       
PG25  15990.434204  -4897.613070  20335.278031     22.725955  2  2  2  62       
PG26   4354.943648 -25951.664310  -2580.891980    242.383133  6 10  3  30       
PG27  -6233.662385 -13726.313986 -22033.151729   -344.507949  4  6  3  85       
PG28 -12452.023726  22839.107021  -5149.891739    700.058421  5  6  1  76       
PG29  26265.834120  -2951.869069   2788.248776   -149.123293  3  6  5  74       
PG30  -9439.988013  12747.039356 -21236.939813   -260.950263  3  5  5  95       
PG31   -158.637151 -19066.840950  18251.742586    -55.256921  5  5  2  65       
PG32  14367.990950 -15518.082837  16063.926747    316.102788  4  2  4  85       
*  2020  7 13  5 30  0.00000000
PG01 -21686.069921 -14393.996677   5888.689930     24.817069  4  6  6  29       
PG02   9971.183025  20477.462462  14340.355160   -486.464795  4  5  4  82       
PG03 -13306.453760  -8374.739541  21352.946924   -238.120279  5  7  4  82       
PG04 -23506.406434  -2055.688170  12238.421094   -114.092271  9  5  2  56       
PG05   3079.657789  24278.392917 -10214.882045    -16.556179  5  6  5  70       
PG06  -2283.048285  16556.944514  20680.204269   -302.326402  5  6  4  92       
PG07 -18845.748001    652.519041 -18577.212357   -326.041259  4  5  3  80       
PG08 -15325.862578  -9064.624723 -19779.470838    -40.779812  4  4  3  92       
PG09 -25407.469833   7601.725619   1571.256971   -252.711243  2  5  5  51       
PG10  11611.673015 -21427.438177 -10172.070529   -398.137481  5  9  7  76       
PG11 -21572.473187 -12757.618500  -8767.611346   -222.634137  5  6  4  72       
PG12  12273.473693   9451.088497  21361.753519     94.395653  5  6  5  81       
PG13   6539.349149  13992.984737 -21735.303043     26.281429  4  5  3  99       
PG14   9142.006823 -16110.920406  19318.777550      0.951113  4  4  5  91       
PG15  17014.134624   8081.405671 -19181.436722   -217.914643  3  6     83       
PG16  -2226.944727 -22903.751170 -13080.403069   -182.076671  3  7  5  81       
PG17 -17538.187203  14412.028125  14174.967541    295.104872  4  6  3  84       
PG18  18330.726318  -1060.077340 -19215.754217    244.885656  7  7  6  80       
PG19 -10988.251088  15085.846970  18580.453509   -132.748301  5  5  4  93       
PG20  14734.767770 -11641.637925 -18774.847364    527.298507  5  7  8  80       
PG21   4702.201608 -14989.082684 -20728.021031     23.034299  6  7  6  93       
PG22 -11553.036557 -16057.787246  17998.426309   -772.391904  3  6  2  82       
PG24  22224.870477  14502.769176   3245.914343    -15.586626  3  5  4  67       
PG25  15493.096178  -2520.953634  21151.299820     22.729652  2  1  1  67       
PG26   4688.651214 -26015.982240    254.846306    242.389379  6  9  3  30       
PG27  -3843.674569 -14419.894364 -22107.878387   -344.516552  4  6  3  86       
PG28 -12374.417984  22007.311668  -7898.628039    700.054978  5  6  2  48       
PG29  25829.804024  -2673.542677   5636.658277   -149.130739  3  6  5  76       
PG30 -11177.063903  11008.035241 -21385.194995   -260.957150  3  5  5  86       
PG31   1490.589146 -17616.411772  19635.317128    -55.258887  5  5  2  71       
PG32  16066.093875 -15819.568455  14006.161494    316.108404  4  2  4  72       
*  2020  7 13  5 45  0.00000000
PG01 -21980.803417 -14870.464454   3073.591618     24.820986  4  6  6  75       
PG02   8534.233227  19639.387477  16382.365751   -486.469989  4  5  4  82       
PG03 -12828.182841 -10737.917413  20585.826290   -238.130874  5  6  4  82       
PG04 -22119.044421  -2723.419851  14486.469122   -114.096443  8  5  4  82       
PG05   2676.277320  25239.806239  -7616.421016    -16.556686  5  6  4  24       
PG06  -4161.001319  15061.468557  21519.558637   -302.331000  5  6  4  80       
PG07 -20334.336359   -805.962280 -17004.102829   -326.049246  4  4  4  99       
PG08 -13188.381645  -9962.674865 -20836.148218    -40.781084  4  5  2 102       
PG09 -25182.640351   7220.528747   4382.444970   -252.717119  2  5  5  59       
PG10  11604.877053 -20085.324778 -12625.220676   -398.147152  5  9  7  80       
PG11 -20420.012251 -12856.787878 -11211.279155   -222.624508  6  7  3  83       
PG12  11630.157814  11805.694581  20556.891429     94.391410  4  7  6  74       
PG13   4131.537431  14550.599399 -21951.512276     26.284565  4  5  4  74       
PG14  11169.047543 -16528.077445  17797.425922      0.953518  3  4  5  83       
PG15  15092.581485   9150.760791 -20262.448638   -217.912286  4  6     73       
PG16  -1688.905182 -24144.429279 -10623.769918   -182.081117  3  6  4  77       
PG17 -18943.609579  14682.240301  11819.463324    295.110137  5  6  3  72       
PG18  19827.780694    429.003654 -17695.261299    244.894134  7  6  6  91       
PG19 -13036.146889  15473.480989  16883.896932   -132.743767  5  5  4  93       
PG20  14795.540165  -9421.394651 -19961.077638    527.298311  5  7  8  88       
PG21   6783.104018 -13512.935325 -21121.860287     23.038822  6  7  6  99       
PG22 -11198.380000 -17966.373486  16335.027042   -772.389699  4  6  3  50       
PG24  22235.990173  14879.412112    472.194752    -15.587006  3  6  3  73       
PG25  15107.184711    -52.544635  21594.180593     22.733419  2  1  2  86       
PG26   4971.995864 -25778.129355   3086.131997    242.395589  5  9  4  58       
PG27  -1504.423424 -15241.047882 -21807.015338   -344.525178  5  7  3  94       
PG28 -12263.370942  20874.036324 -10509.729726    700.051731  4  5  3  57       
PG29  25104.274295  -2284.370704   8388.182024   -149.138549  4  6  5  67       
PG30 -12991.509298   9359.336837 -21163.903686   -260.964076  2  5  5  88       
PG31   3311.118219 -16161.507042  20675.701082    -55.261059  5  5  2  69       
PG32  17516.195575 -16122.925240  11706.906584    316.114003  4  2  5  80       
*  2020  7 13  6  0  0.00000000
PG01 -22046.599628 -15135.410021    206.481537     24.824912  4  6  6  63       
PG02   6880.848187  18765.375131  18154.847857   -486.474826  3  5  4  82       
PG03 -12488.243554 -13015.372124  19463.122702   -238.141209  5  6  3  92       
PG04 -20544.850052  -3550.692198  16485.782503   -114.100591  8  5  5  64       
PG05   2345.886863  25920.092109  -4885.986890    -16.557793  5  6  4  75       
PG06  -6177.930734  13628.290590  21990.051492   -302.335627  5  6  4  90       
PG07 -21736.993115  -2063.981159 -15136.996143   -326.057203  4  4  3 100       
PG08 -11009.625743 -11016.302598 -21535.725831    -40.782099  5  5  2  96       
PG09 -24691.577527   6698.935640   7118.209024   -252.722961  2  5  5  74       
PG10  11638.378151 -18479.357982 -14857.375974   -398.156760  6  8  7  58       
PG11 -19018.591868 -12958.782721 -13463.065416   -222.614908  6  7  3  87       
PG12  11137.106258  14078.805907  19392.042180     94.387215  4  7  6  84       
PG13   1752.903777  15237.468196 -21794.150028     26.287567  5  5  4  66       
PG14  12997.572840 -16990.460942  15975.723075      0.956064  3  4  5  77       
PG15  13134.770912  10362.193585 -21006.745641   -217.909743  4  6  1  78       
PG16  -1274.909818 -25129.435081  -7981.668907   -182.085682  4  5  4  47       
PG17 -20075.695619  14933.998826   9264.263426    295.115115  4  6  3  80       
PG18  21251.997305   1720.558776 -15870.908439    244.902674  7  6  6  72       
PG19 -14856.091083  15908.936263  14889.865557   -132.739317  5  4  4  82       
PG20  14964.271449  -7094.663309 -20804.324655    527.298548  6  6  8  53       
PG21   8956.447171 -12125.721544 -21127.257441     23.042531  6  7  6  97       
PG22 -10941.475897 -19689.071681  14396.140158   -772.387553  4  6  3  65       
PG24  22006.227879  15083.702523  -2309.490806    -15.587927  3  6  3  28       
PG25  14847.168835   2459.037705  21656.741927     22.737135  2  1  4  87       
PG26   5241.024803 -25236.872162   5863.535355    242.401728  5  8  5  50       
PG27    739.036224 -16168.959570 -21134.607065   -344.533778  4  7  4  79       
PG28 -12157.786481  19449.789429 -12936.442062    700.048588  4  5  4  60       
PG29  24114.982754  -1752.990574  10995.441744   -149.146365  4  6  5  24       
PG30 -14846.338454   7830.409039 -20577.551132   -260.971051  2  5  5  89       
PG31   5277.014104 -14743.076309  21355.903596    -55.263554  5  5  2  73       
PG32  18701.276774 -16390.059317   9205.484838    316.119597  4  2  5  69       
*  2020  7 13  6 15  0.00000000
PG01 -21857.865555 -15218.030496  -2664.134346     24.828837  4  7  6  36       
PG02   5029.520026  17894.681023  19629.966033   -486.480019  3  6  4  83       
PG03 -12276.938288 -15160.214744  18004.594175   -238.151670  4  7  3  74       
PG04 -18825.794808  -4548.638497  18202.015646   -114.104758  8  6  6  76       
PG05   2054.625094  26302.043561  -2070.715115    -16.558416  5  7  3  76       
PG06  -8297.496127  12291.825892  22083.786904   -302.340243  4  5  4  86       
PG07 -23011.050556  -3119.468030 -13009.603134   -326.065079  4  4  4  98       
PG08  -8836.908005 -12213.889817 -21865.461179    -40.783343  5  6  3  94       
PG09 -23960.581082   6010.354651   9731.395985   -252.728811  3  5  5  92       
PG10  11744.615520 -16638.347359 -16829.582158   -398.166573  6  7  7  68       
PG11 -17390.646106 -13094.916237 -15485.842165   -222.605021  6  7  3 117       
PG12  10787.366280  16221.615970  17888.374170     94.382939  4  8  6  93       
PG13   -550.333175  16037.738318 -21265.565412     26.290528  5  6  4  78       
PG14  14600.040345 -17463.224529  13883.368123      0.958779  2  4  5  73       
PG15  11182.255365  11702.470209 -21401.308695   -217.907501  4  6  2  71       
PG16   -954.806096 -25829.705921  -5199.674922   -182.089662  4  4  4  87       
PG17 -20923.669608  15126.290343   6551.806471    295.120608  4  6  2  76       
PG18  22558.801691   2810.444257 -13774.038780    244.911160  7  6  6  83       
PG19 -16420.545724  16355.263800  12634.078482   -132.734395  5  4  4  78       
PG20  15250.352371  -4706.523813 -21290.836504    527.298431  6  6  7  74       
PG21  11177.614502 -10855.668040 -20743.140972     23.046633  6  7  6  64       
PG22 -10758.774032 -21192.607942  12214.253207   -772.384900  4  7  3  83       
PG24  21518.660887  15146.415526  -5052.405436    -15.588416  4  6  3  39       
PG25  14719.421384   4963.435295  21338.668514     22.740908  3  2  5  85       
PG26   5531.576084 -24399.816283   8538.568466    242.407840  5  8  6  59       
PG27   2845.850412 -17175.667912 -20101.007611   -344.542424  4  7  4  62       
PG28 -12094.589199  17754.320287 -15134.691641    700.045513  3  4  4  86       
PG29  22894.837819  -1053.740367  13413.484498   -149.153820  4  6  5  69       
PG30 -16700.735073   6443.954477 -19636.904001   -260.977971  1  5  4  92       
PG31   7355.576468 -13397.617972  21665.376670    -55.265466  5  5  3  66       
PG32  19612.794357 -16581.668795   6544.851956    316.125203  4  2  5  68       
*  2020  7 13  6 30  0.00000000
PG01 -21396.249196 -15152.633080  -5489.966582     24.832619  4  7  6  70       
PG02   3005.751383  17063.253522  20784.724333   -486.485160  3  5  4  98       
PG03 -12176.971540 -17129.144944  16235.757434   -238.162140  4  7  3  83       
PG04 -17006.652034  -5720.485973  19605.667852   -114.108791  8  6  7  61       
PG05   1766.446145  26376.984506    780.574728    -16.559078  5  6  3  74       
PG06 -10477.955560  11080.075858  21799.296531   -302.344867  4  5  3  80       
PG07 -24116.002539  -3978.650552 -10659.717399   -326.073074  4  5  4 101       
PG08  -6715.553531 -13535.785002 -21818.909139    -40.784064  6  7  3  98       
PG09 -23022.172454   5134.234555  12176.911814   -252.734648  3  5  5  96       
PG10  11950.874777 -14598.191022 -18507.550805   -398.176268  6  7  6  70       
PG11 -15564.961731 -13292.668894 -17246.761988   -222.595622  6  7  2  82       
PG12  10565.917076  18188.727907  16072.947181     94.378612  4  8  6  91       
PG13  -2735.411736  16928.190163 -20374.374837     26.293686  5  5  4  89       
PG14  15956.277302 -17908.106503  11554.834151      0.961261  2  4  5  88       
PG15   9274.331421  13151.260243 -21438.705230   -217.905418  4  6  2  83       
PG16   -693.962718 -26224.230757  -2326.221217   -182.094134  4  4  5  97       
PG17 -21485.514598  15217.912568   3727.594025    295.125253  4  6  3  81       
PG18  23705.125748   3702.876517 -11440.662128    244.919690  7  6  6  90       
PG19 -17710.666663  16772.461060  10156.767739   -132.729928  5  4  4  71       
PG20  15655.645752  -2303.412380 -21412.998527    527.298421  6  5  7  77       
PG21  13398.147907  -9723.602763 -19976.121223     23.050353  6  7  5  71       
PG22 -10621.758405 -22449.727051   9825.949866   -772.382884  4  7  4  82       
PG24  20763.686476  15101.746214  -7710.635131    -15.589366  4  5  2  36       
PG25  14722.016416   7410.306650  20646.458493     22.744708  3  3  6  96       
PG26   5877.664025 -23283.165082  11064.568609    242.413952  5  7  7  68       
PG27   4780.761350 -18227.057499 -18722.785088   -344.551050  4  7  4  91       
PG28 -12107.069146  15816.106217 -17064.001011    700.042055  3  4  5  93       
PG29  21482.676629   -167.856429  15600.562671   -149.161717  5  7  5  69       
PG30 -18511.511065   5215.218708 -18358.779291   -260.984891     5  4  92       
PG31   9508.474944 -12155.867504  21600.114062    -55.267567  4  5  3  75       
PG32  20250.877481 -16658.895263   3770.863847    316.130799  3  2  5  68       
*  2020  7 13  6 45  0.00000000
PG01 -20651.398645 -14977.168232  -8223.698587     24.836511  4  7  6  87       
PG02    841.269864  16302.456659  21601.210938   -486.490331  2  5  4  99       
PG03 -12164.246999 -18883.948795  14187.420779   -238.172590  4  7  3  60       
PG04 -15133.364489  -7061.250303  20672.587992   -114.112948  8  6  7  56       
PG05   1444.732469  26145.115669   3618.244728    -16.559436  5  6  3  63       
PG06 -12673.599955  10013.659113  21141.554995   -302.349471  4  4  3  94       
PG07 -25014.998408  -4655.525502  -8128.490274   -326.080881  4  5  4  95       
PG08  -4687.304726 -14954.913853 -21396.085140    -40.784720  5  7  4 112       
PG09 -21913.823272   4057.070260  14412.506550   -252.740414  3  5  5  76       
PG10  12278.081098 -12400.604568 -19862.272885   -398.185959  6  6  6  64       
PG11 -13575.666739 -13574.562632 -18717.686875   -222.586316  6  7  3 102       
PG12  10450.426009  19939.756293  13978.164860     94.374091  4  9  6  92       
PG13  -4764.470813  17879.075097 -19135.346340     26.296379  5  5  5  78       
PG14  17054.130843 -18284.942610   9028.880556      0.963883  2  3  4  75       
PG15   7446.715961  14681.727289 -21117.256640   -217.902819  5  5  3  84       
PG16   -454.825663 -26300.917150    588.270395   -182.098896  4  4  5  83       
PG17 -21768.000866  15169.191352    839.491407    295.131086  4  6  2  84       
PG18  24651.035933   4410.070575  -8910.840656    244.928168  6  6  6  74       
PG19 -18716.821333  17119.172432   7501.887225   -132.725407  4  4  3  96       
PG20  16174.390636     68.467173 -21169.412524    527.298202  6  4  7  72       
PG21  15567.618053  -8742.186102 -18840.379355     23.054642  6  7  5  74       
PG22 -10498.161089 -23440.106235   7271.344758   -772.380836  5  7  4  74       
PG24  19739.473494  14985.870549 -10239.793444    -15.588463  4  5  2  64       
PG25  14844.876762   9751.112752  19593.238593     22.748529  3  4  6  92       
PG26   6309.942417 -21911.148089  13397.545483    242.420038  5  7  7  75       
PG27   6515.301368 -19284.110672 -17022.520511   -344.559682  4  7  4  93       
PG28 -12223.350835  13671.476859 -18688.369225    700.038703  3  4  5  85       
PG29  19921.804233    915.595367  17518.861944   -149.169490  4  7  5  90       
PG30 -20234.658588   4151.595281 -16765.712815   -260.991809     4  4 105       
PG31  11693.096376 -11041.739446  21162.627812    -55.269801  4  5  4  77       
PG32  20624.193070 -16584.976812    931.482619    316.136394  3  2  5  68       
*  2020  7 13  7  0  0.00000000
PG01 -19621.431920 -14731.649661 -10819.713589     24.840439  4  7  6 107       
PG02  -1426.961647  15637.974292  22066.783584   -486.495405  3  5  4  78       
PG03 -12208.935638 -20392.801849  11895.129203   -238.183021  5  8  3  74       
PG04 -13251.378100  -8557.752218  21384.389068   -114.117083  7  5  7  55       
PG05   1053.942435  25615.523109   6392.732752    -16.560540  5  6  4  58       
PG06 -14836.344507   9105.136603  20121.889197   -302.354107  4  4  3  85       
PG07 -25676.185352  -5171.045979  -5459.680831   -326.088807  5  5  4 106       
PG08  -2788.861778 -16437.693101 -20603.518878    -40.785439  6  7  5  79       
PG09 -20676.502684   2773.137910  16399.512883   -252.746207  3  5  5  89       
PG10  12739.860916 -10091.629986 -20870.525998   -398.195739  6  5  6  74       
PG11 -11461.050007 -13957.250343 -19875.525398   -222.576655  6  7  3  79       
PG12  10412.297787  21440.725276  11641.137384     94.369796  5  9  6  73       
PG13  -6605.811636  18855.216998 -17569.184390     26.299739  5  5  5  87       
PG14  17889.828842 -18553.285223   6347.977994      0.966455  2  3  4  69       
PG15   5730.348615  16261.369750 -20441.132921   -217.900442  5  5  3  90       
PG16   -198.614230 -26057.117379   3492.324141   -182.102835  4  4  6  82       
PG17 -21786.387859  14943.678297  -2063.040940    295.135528  4  6  2  81       
PG18  25361.254143   4951.569270  -6228.005770    244.936653  6  6  6  75       
PG19 -19438.739278  17354.439605   4716.264603   -132.720876  4  4  3  92       
PG20  16793.410011   2364.709957 -20564.873219    527.298481  6  4  6  75       
PG21  17635.596622  -7915.521292 -17357.349243     23.059007  6  6  5  77       
PG22 -10353.329552 -24151.025299   4593.458955   -772.378532  5  7  5  76       
PG24  18452.138474  14835.450322 -12597.695615    -15.589233  4  4  2  76       
PG25  15070.260805  11940.817745  18198.452688     22.752323  4  4  7  96       
PG26   6854.308878 -20315.142762  15496.974519    242.426187  4  6  7  74       
PG27   8028.737090 -20304.375147 -15028.498623   -344.568345  4  7  4  44       
PG28 -12465.058741  11363.400349 -19977.090308    700.035607  3  4  5  95       
PG29  18258.369741   2199.092522  19135.164084   -149.176823  5  7  5  81       
PG30 -21826.935435   3252.542012 -14885.535668   -260.998800     4  4  97       
PG31  13864.048679 -10071.559069  20361.809388    -55.272173  3  5  4  63       
PG32  20749.483894 -16326.836340  -1924.064805    316.141969  4  2  5  76       
*  2020  7 13  7 15  0.00000000
PG01 -18313.104251 -14456.518579 -13234.785288     24.844379  5  8  6 102       
PG02  -3757.905464  15088.926486  22174.199382   -486.500426  3  5  3  96       
PG03 -12276.771242 -21631.329024   9398.532883   -238.193582  6  8  4  72       
PG04 -11404.005315 -10188.956494  21728.765735   -114.121204  7  6  8  48       
PG05    561.225046  24805.845646   9055.456639    -16.561397  5  5  4  39       
PG06 -16917.417392   8358.655241  18757.783421   -302.358772  4  4  3  93       
PG07 -26073.854016  -5552.063241  -2698.895595   -326.096951  5  6  3  97       
PG08  -1050.615980 -17945.215982 -19454.193925    -40.786042  6  7  5  91       
PG09 -19353.099698   1284.929104  18103.524811   -252.751953  3  6  5  79       
PG10  13341.909421  -7719.985921 -21515.266229   -398.205371  6  4  5  76       
PG11  -9262.258352 -14450.846440 -20702.482255   -222.567262  6  7  3  77       
PG12  10417.969582  22665.210868   9102.970738     94.365197  5  9  6  82       
PG13  -8234.929830  19817.338252 -15702.216196     26.302754  5  5  5  85       
PG14  18468.031221 -18674.069806   3557.649245      0.968772  2  4  4  63       
PG15   4150.363733  17853.087280 -19420.369078   -217.898097  5  5  3  92       
PG16    112.913670 -25499.785069   6334.388969   -182.107640  4  4  7  70       
PG17 -21563.802137  14509.762253  -4929.776749    295.140780  4  6  1  39       
PG18  25806.512918   5353.289734  -3438.217449    244.945164  6  7  7  64       
PG19 -19885.295976  17439.428920   1848.717186   -132.715974  5  4  3  69       
PG20  17492.611250   4544.196794 -19610.245568    527.298303  5  4  6  76       
PG21  19553.633152  -7239.162792 -15555.203826     23.062749  6  6  5  70       
PG22 -10151.698404 -24577.767066   1837.542605   -772.376415  5  7  5  76       
PG24  16915.641820  14686.135116 -14744.996195    -15.590036  4  3  2  74       
PG25  15373.563224  13939.437210  16487.435326     22.756221  5  5  7  81       
PG26   7530.707529 -18532.525936  17326.520034    242.432173  4  6  7  67       
PG27   9308.723522 -21243.594927 -12774.290357   -344.577016  4  7  5  75       
PG28 -12846.245764   8939.973782 -20905.480859    700.032049  3  4  5  89       
PG29  16539.641888   3676.359072  20421.432389   -149.184893  5  8  6  92       
PG30 -23247.423474   2509.807789 -12750.868241   -261.005753     4  4  93       
PG31  15974.760710  -9253.606923  19212.684437    -55.274346  3  5  4  63       
PG32  20650.795816 -15856.540593  -4746.159810    316.147557  4  2  4  78       
*  2020  7 13  7 30  0.00000000
PG01 -16741.669693 -14191.010286 -15428.726337     24.848287  6  8  6  97       
PG02  -6107.743446  14667.222859  21921.691583   -486.505537  3  4  3  85       
PG03 -12330.521456 -22583.382620   6740.691162   -238.204023  6  8  4  82       
PG04  -9630.880354 -11926.621350  21699.709333   -114.125355  7  6  8           
PG05    -62.065446  23741.611803  11559.709223    -16.562670  5  4  4  80       
PG06 -18869.082523   7769.922758  17072.583515   -302.363436  4  3  3  71       
PG07 -26189.351259  -5830.069362    107.169372   -326.104570  5  6  3 101       
PG08    504.372928 -19434.666422 -17967.370604    -40.786312  6  7  5  59       
PG09 -17986.781761   -396.734379  19495.003864   -252.757790  3  5  5  79       
PG10  14081.687834  -5335.326559 -21785.898643   -398.215219  6  3  5  83       
PG11  -7021.918883 -15058.515014 -21186.225305   -222.557707  6  7  4  81       
PG12  10430.396201  23595.186903   6407.999652     94.360905  6  9  6  81       
PG13  -9635.277942  20723.561992 -13565.981952     26.305816  5  5  5  62       
PG14  18801.562498 -18611.265087    705.731894      0.971511  3  4  3  87       
PG15   2725.270861  19416.440209 -18070.797761   -217.895690  5  5  3  79       
PG16    515.702903 -24645.249449   9063.837891   -182.111723  4  3  7  79       
PG17 -21130.306703  13842.127976  -7710.602035    295.145817  3  6  1  76       
PG18  25964.692835   5646.324437   -589.378344    244.953579  6  7  6  77       
PG19 -20073.945942  17339.065706  -1050.847617   -132.711536  4  4  3  59       
PG20  18245.757850   6570.447607 -18322.247575    527.297927  5  5  6  73       
PG21  21277.139491  -6700.518755 -13468.167009     23.067604  5  5  5  71       
PG22  -9858.312007 -24723.731119   -949.647808   -772.374128  5  7  6  81       
PG24  15151.408688  14571.113706 -16645.784775    -15.590496  4  2  3  79       
PG25  15724.391864  15713.374923  14490.884057     22.760031  5  6  7  77       
PG26   8352.178447 -16605.302300  18854.674059    242.438281  4  5  7  84       
PG27  10351.637852 -22057.443561 -10298.229005   -344.585726  4  6  4  54       
PG28 -13372.641226   6452.677146 -21455.489027    700.028998  3  4  4 113       
PG29  14812.250623   5332.412373  21355.308869   -149.192451  5  8  6  90       
PG30 -24459.001743   1907.957545 -10398.542092   -261.012607     4  4  94       
PG31  17979.115884  -8587.986627  17736.071466    -55.276637  2  5  4  76       
PG32  20358.423638 -15152.569884  -7485.680049    316.153187  4  2  4  76       
*  2020  7 13  7 45  0.00000000
PG01 -14930.443848 -13971.580132 -17364.989491     24.852177  6  8  6 100       
PG02  -8431.265358  14377.171370  21312.994600   -486.510647  4  4  3  92       
PG03 -12331.576204 -23241.510952   3967.324857   -238.214454  7  8  4  64       
PG04  -7966.565160 -13736.234393  21297.616621   -114.129450  6  6  8  62       
PG05   -839.018880  22455.271114  13861.524511    -16.563110  4  3  4  86       
PG06 -20646.331818   7326.514004  15095.104761   -302.368107  3  3  3  46       
PG07 -26011.733613  -6039.791579   2911.473549   -326.112671  6  6  3  96       
PG08   1861.112980 -20860.908937 -16168.291777    -40.787648  6  7  5  47       
PG09 -16619.353483  -2252.911488  20549.801555   -252.763595  3  5  5  61       
PG10  14948.460338  -2986.479316 -21678.423637   -398.224917  5  2  4  85       
PG11  -4782.734626 -15776.322942 -21319.975740   -222.548134  6  7  4  79       
PG12  10410.663262  24221.546971   3602.981301     94.356564  6  9  6  92       
PG13 -10798.728019  21531.035072 -11196.733027     26.308727  4  5  4  53       
PG14  18910.828517 -18333.441148  -2158.428296      0.973983  3  4  2  86       
PG15   1466.377041  20909.061545 -16413.892717   -217.893345  5  5  3  93       
PG16   1041.726563 -23518.611935  11631.962488   -182.115929  4  3  7  57       
PG17 -20521.690442  12922.998158 -10356.426797    295.150744  3  6     69       
PG18  25821.698216   5865.543523   2269.584222    244.962099  6  7  6  80       
PG19 -20029.835096  17023.511461  -3932.327912   -132.706803  4  4  2  82       
PG20  19021.481583   8412.793405 -16723.144205    527.298078  5  5  5  63       
PG21  22767.091689  -6279.621747 -11135.680226     23.071509  5  4  5  84       
PG22  -9440.341510 -24600.253710  -3720.608883   -772.371743  6  6  6  44       
PG24  13187.687880  14519.765290 -18268.134690    -15.591303  3  1  4  88       
PG25  16087.872450  17236.499317  12244.245931     22.763849  5  6  7  76       
PG26   9324.191681 -14578.566102  20055.299010    242.444387  4  5  7  70       
PG27  11162.574661 -22703.292734  -7642.784946   -344.594451  5  5  4  74       
PG28 -14041.261062   3954.464354 -21616.159748    700.025566  3  5  4  99       
PG29  13120.462854   7143.953456  21920.513709   -149.200295  5  8  6  88       
PG30 -25429.679850   1425.172128  -7868.960576   -261.019537  2  4  4  89       
PG31  19833.058051  -8066.813673  15958.155603    -55.279013  3  5  4  65       
PG32  19907.616912 -14200.845631 -10094.884456    316.158764  4  2  4  77       
*  2020  7 13  8  0  0.00000000
PG01 -12910.083895 -13830.443261 -19011.216768     24.856086  7  8  6  95       
PG02 -10683.309225  14215.354529  20357.317157   -486.515865  4  4  2  90       
PG03 -12241.591394 -23607.102087   1126.030183   -238.224870  7  8  5  70       
PG04  -6439.359159 -15578.200225  20529.290010   -114.133627  6  6  8  40       
PG05  -1786.039934  20984.957914  15920.495571    -16.563953  4  3  5  84       
PG06 -22208.483523   7008.496586  12859.149435   -302.372750  3  2  2  28       
PG07 -25538.144740  -6217.691921   5667.355740   -326.120675  6  6  2  95       
PG08   3013.098191 -22178.193060 -14087.773797    -40.789422  6  7  6  58       
PG09 -15289.679593  -4257.071780  21249.588210   -252.769300  3  5  4  53       
PG10  15923.666374   -719.731236 -21195.459340   -398.234607  4     3  70       
PG11  -2586.100172 -16593.356857 -21102.527010   -222.538413  5  7  4  89       
PG12  10319.662992  24544.288158    736.266356     94.351939  6  8  5  64       
PG13 -11725.714645  22197.610774  -8634.843814     26.311616  3  5  3  80       
PG14  18822.933187 -17815.190064  -4984.841235      0.976342  4  4  2  85       
PG15    377.477111  22288.174164 -14476.518297   -217.891012  5  5  3  74       
PG16   1717.470346 -22152.787538  13992.936191   -182.120140  4  3  7  63       
PG17 -19778.019462  11743.101013 -12820.111955    295.155757  2  5  1  75       
PG18  25372.037174   6048.052843   5089.554606    244.970621  5  7  7  74       
PG19 -19784.634432  16469.428163  -6746.301338   -132.702370  3  4  3  73       
PG20  19784.495876  10047.325971 -14840.358717    527.297956  5  5  5  62       
PG21  23991.471757  -5950.222248  -8601.458439     23.075759  5  4  5  63       
PG22  -8868.538910 -24226.137138  -6427.876335   -772.369714  6  6  7  60       
PG24  11058.670416  14556.457660 -19584.599690    -15.590852  3     5  77       
PG25  16426.124963  18490.922843   9787.034436     22.767598  6  7  7  86       
PG26  10444.291410 -12498.858512  20908.065054    242.450526  3  5  6  72       
PG27  11754.997509 -23141.945540  -4853.846868   -344.603212  5  5  5  63       
PG28 -14840.405651   1497.775985 -21383.935669    700.022446  3  5  5  99       
PG29  11504.559427   9080.087412  22107.139264   -149.208038  6  8  7  89       
PG30 -26133.743141   1034.289985  -5205.409473   -261.026456  2  5  3  72       
PG31  21496.111071  -7674.711301  13909.988866    -55.281195  3  5  4  82       
PG32  19337.097303 -12995.472408 -12528.277169    316.164325  4  3  3  36       
*  2020  7 13  8 15  0.00000000
PG01 -10717.610967 -13794.278566 -20339.732215     24.859993  7  7  6  90       
PG02 -12820.210127  14170.778331  19069.262105   -486.521208  4  4  2  41       
PG03 -12024.124322 -23690.199597  -1734.532221   -238.235303  8  8  5 102       
PG04  -5070.358239 -17409.235097  19407.828812   -114.137789  6  7  8  48       
PG05  -2911.988651  19373.037511  17700.525619    -16.564828  3  2  4  57       
PG06 -23520.626512   6789.351754  10402.941312   -302.377424  3  1  2  62       
PG07 -24773.909777  -6400.426624   8329.230009   -326.128308  6  6  2  74       
PG08   3962.389609 -23341.905277 -11761.687609    -40.791350  5  7  6  83       
PG09 -14032.233782  -6375.925036  21582.180001   -252.775106  2  5  4  59       
PG10  16981.610341   1422.769165 -20346.143073   -398.244252  3  1  2  75       
PG11   -470.781755 -17492.095032 -20538.197678   -222.529052  5  7  4  92       
PG12  10119.766620  24572.355786  -2143.036963     94.347507  6  8  5  68       
PG13 -12425.050733  22683.526924  -5924.144797     26.314831  3  5  3  70       
PG14  18570.524200 -17038.336967  -7723.778336      0.979121  4  3     59       
PG15   -545.170374  23512.159914 -12290.581307   -217.888755  4  6  3  83       
PG16   2562.644151 -20587.230610  16104.720294   -182.124344  5  4  7  58       
PG17 -18942.004337  10302.314753 -15057.390423    295.160866  2  5  2  68       
PG18  24619.083297   6231.567683   7822.069432    244.979100  5  7  7  85       
PG19 -19375.146676  15660.984190  -9444.862008   -132.697851  3  4  2  83       
PG20  20496.964548  11457.592704 -12706.008245    527.297857  5  5  5  46       
PG21  24926.388731  -5681.143604  -5912.473442     23.079954  4  4  4  77       
PG22  -8118.571710 -23626.902767  -9024.826378   -772.367272  6  6  7  95       
PG24   8803.397087  14699.534798 -20572.653497    -15.591876  3     5  79       
PG25  16699.850359  19467.460344   7162.093346     22.771377  6  7  7  76       
PG26  11702.062796 -10412.486492  21398.775691    242.456516  3  5  5  54       
PG27  12150.056031 -23339.263123  -1979.920574   -344.611946  5  4  4  71       
PG28 -15750.051234   -867.435334 -20762.779164    700.018996  3  4  5  97       
PG29   9999.376547  11103.347250  21911.832666   -149.215667  6  7  7  89       
PG30 -26552.668605    704.049190  -2453.328974   -261.033408  2  5  3  59       
PG31  22932.758481  -7389.588829  11626.928331    -55.283443  4  5  4  84       
PG32  18687.447265 -11539.162770 -14743.432410    316.169905  4  2  3  79       
*  2020  7 13  8 30  0.00000000
PG01  -8395.207984 -13883.141890 -21327.973944     24.863885  7  7  6  96       
PG02 -14801.213011  14225.292324  17468.690093   -486.526354  3  5  1  71       
PG03 -11646.198066 -23508.999572  -4565.459689   -238.245781  8  7  6  81       
PG04  -3872.798883 -19183.915907  17952.412775   -114.141979  6  7  7  76       
PG05  -4217.627691  17664.494153  19170.495418    -16.565150  3  3  4  53       
PG06 -24554.856026   6637.155335   7768.485677   -302.382076  2     2  67       
PG07 -23732.348618  -6623.319056  10853.248736   -326.136343  6  6  2  79       
PG08   4719.353722 -24310.298269  -9230.337895    -40.792377  5  6  6  69       
PG09 -12875.830238  -8570.519491  21541.757869   -252.780930  2  4  4  57       
PG10  18090.438233   3404.433736 -19145.917343   -398.253911  3  2     73       
PG11   1528.297030 -18449.018082 -19636.722652   -222.519480  5  7  3  78       
PG12   9776.429319  24323.161157  -4985.891411     94.343259  6  7  5  64       
PG13 -12913.420835  22953.014148  -3111.186285     26.317704  2  5  3  57       
PG14  18190.409380 -15992.885875 -10326.702028      0.981438  4  3  2  69       
PG15  -1312.573839  24542.122966  -9892.583242   -217.886405  4  6  3  72       
PG16   3589.179009 -18866.399595  17929.888238   -182.128739  5  4  8  69       
PG17 -18057.247697   8609.952505 -17027.759031    295.166156  2  4  3  82       
PG18  23575.008433   6452.765526  10420.148124    244.987590  6  7  7  97       
PG19 -18841.744629  14590.567940 -11982.407283   -132.693356  3  4  2  76       
PG20  21119.974935  12635.013358 -10356.370999    527.298080  5  5  5  68       
PG21  25556.838256  -5437.826087  -3117.902669     23.083772  3  4  4  88       
PG22  -7172.184920 -22833.792404 -11466.479801   -772.364823  7  6  8  79       
PG24   6464.491247  14960.530562 -21215.066989    -15.593008  2     6  94       
PG25  16869.963877  20165.755786   4414.823621     22.775169  7  7  6  85       
PG26  13079.420763  -8363.869634  21519.577901    242.462752  2  5  5  64       
PG27  12375.592129 -23267.615865    928.740324   -344.620672  4  4  4  76       
PG28 -16742.620314  -3095.574881 -19764.108103    700.016098  3  4  5 112       
PG29   8633.068598  13170.982579  21337.863138   -149.223319  6  7  7  94       
PG30 -26675.779231    400.481544    340.441609   -261.040384  3  5  3  30       
PG31  24113.636043  -7183.668633   9148.023189    -55.285556  5  5  4  87       
PG32  17999.435373  -9843.326174 -16701.763112    316.175512  4  3  3  43       
*  2020  7 13  8 45  0.00000000
PG01  -5988.833197 -14109.626993 -21958.860938     24.867768  7  6  6  86       
PG02 -16589.804971  14354.272013  15580.523149   -486.531555  3  5  1  83       
PG03 -11079.735357 -23089.049949  -7318.428138   -238.256232  8  7  6  96       
PG04  -2851.712548 -20856.324659  16187.980916   -114.146133  5  8  7  59       
PG05  -5695.400127  15905.227095  20304.832212    -16.565901  2  3  4  94       
PG06 -25291.253958   6515.973622   5000.864577   -302.386743  2     3  62       
PG07 -22434.318734  -6918.897811  13197.929051   -326.143974  6  5  2  48       
PG08   5302.066958 -25046.127154  -6537.750981    -40.794221  5  6  6  49       
PG09 -11842.587509 -10797.566860  21128.973987   -252.786714  2  3  4  30       
PG10  19213.359833   5195.427527 -17616.207940   -398.263576  3  2     81       
PG11   3381.126637 -19435.436060 -18413.086308   -222.510066  5  6  3  58       
PG12   9259.667944  23821.796138  -7744.138901     94.338953  5  6  4  59       
PG13 -13214.569421  22975.770623   -244.444164     26.320924  1  5  2  56       
PG14  17721.996901 -14677.653988 -12747.198079      0.984090  5  3  1  76       
PG15  -1942.449131  25343.387096  -7323.073185   -217.884124  4  6  3  49       
PG16   4800.554060 -17038.027948  19436.346438   -182.132758  5  4  7  83       
PG17 -17166.444526   6684.665996 -18695.316796    295.171029  2  4  4 100       
PG18  22260.388613   6745.682041  12839.099224    244.996115  6  6  7  88       
PG19 -18226.704231  13259.187453 -14316.363761   -132.688861  3  4  3  67       
PG20  21615.061064  13579.005277  -7831.292787    527.298004  5  6  4  42       
PG21  25877.080694  -5183.981852   -268.079576     23.088123  3  5  4  65       
PG22  -6018.142252 -21882.552812 -13710.294891   -772.362489  7  5  7  85       
PG24   4086.759140  15343.638219 -21500.217437    -15.593312  2     6  91       
PG25  16899.211365  20594.079618   1592.388704     22.778932  7  7  6  37       
PG26  14551.206980  -6393.979248  21269.055746    242.468908  2  5  5  82       
PG27  12464.872755 -22907.096084   3821.054609   -344.629380  4  4  4  80       
PG28 -17784.096407  -5147.083634 -18406.545926    700.012776  4  4  5 110       
PG29   7426.140697  15236.463898  20395.072210   -149.231044  6  7  7  91       
PG30 -26500.614243     88.405533   3128.435150   -261.047323  3  5  3  62       
PG31  25016.497678  -7024.720268   6515.361104    -55.287914  6  5  3  87       
PG32  17312.346410  -7927.817277 -18369.217322    316.181097  4  3  3  48       
*  2020  7 13  9  0  0.00000000
PG01  -3546.695834 -14478.305141 -22221.089926     24.871630  6  4  5  85       
PG02 -18154.923172  14527.547332  13434.483397   -486.536633  2  5  2  68       
PG03 -10302.807751 -22462.184101  -9946.498066   -238.266715  8  6  6  83       
PG04  -2003.903499 -22381.725581  14144.810460   -114.150261  5  8  7  36       
PG05  -7329.547332  14140.324848  21083.968167    -16.566142  2  3  3  75       
PG06 -25718.576131   6387.420861   2147.478212   -302.391394  3     3  84       
PG07 -20907.506007  -7315.548240  15324.739731   -326.151988  6  5  2  78       
PG08   5735.409154 -25518.125327  -3730.884944    -40.795017  5  6  6  49       
PG09 -10947.165189 -13010.943285  20350.943571   -252.792540  2  3  4  52       
PG10  20310.066181   6773.589937 -15784.003446   -398.273235  4  3     87       
PG11   5063.507406 -20418.503828 -16887.300031   -222.500264  5  6  3  55       
PG12   8545.358029  23099.978730 -10371.276969     94.334434  6  6  4  79       
PG13 -13358.213850  22728.243803   2626.519156     26.323881  1  5  2  79       
PG14  17205.622254 -13100.560434 -14941.887934      0.986625  5  2  2  71       
PG15  -2458.384547  25886.866301  -4626.004530   -217.881672  3  6  3  39       
PG16   6191.482595 -15151.277154  20597.933682   -182.137092  5  4  7  76       
PG17 -16309.612298   4553.963227 -20029.524848    295.176301  3  4  4  98       
PG18  20703.497711   7140.212954  15037.288692    245.004643  7  6  8  89       
PG19 -17572.497105  11676.546682 -16407.844269   -132.684477  3  3  4  87       
PG20  21945.721046  14296.814010  -5173.540995    527.297663  6  6  4  87       
PG21  25890.637927  -4883.281872   2586.522478     23.092258  4  5  4  95       
PG22  -4652.905760 -20812.047516 -15716.934459   -772.360225  7  5  7  92       
PG24   1715.705021  15845.457641 -21422.324044    -15.595101  2  1  6  91       
PG25  16753.707714  20768.811278  -1257.087570     22.782721  7  7  5  63       
PG26  16086.069248  -4538.929220  20652.208844    242.475100  3  5  5  80       
PG27  12455.099592 -22246.438203   6646.064837   -344.638106  4  3  4  31       
PG28 -18835.430349  -6989.846356 -16715.494535    700.009533  4  3  5 107       
PG29   6390.788729  17251.144540  19099.707226   -149.238662  6  7  6  96       
PG30 -26033.002988   -267.038150   5863.333016   -261.054279  3  5  2  91       
PG31  25626.923929  -6877.454253   3773.383606    -55.289897  6  5  3  98       
PG32  16662.384102  -5820.353009 -19716.888155    316.186695  4  3  3  66       
*  2020  7 13  9 15  0.00000000
PG01  -1117.645188 -14985.465596 -22109.357351     24.875509  6  4  5  96       
PG02 -19471.996252  14710.553167  11064.761668   -486.541739  3  5  2  66       
PG03  -9300.653141 -21665.230203 -12404.893701   -238.277184  8  6  6  88       
PG04  -1318.250841 -23718.210547  11858.002445   -114.154491  5  8  6  42       
PG05  -9096.561907  12412.388296  21494.679273    -16.566836  3  4  2  59       
PG06 -25834.619902   6212.318596   -742.755634   -302.396042  3  2  3  50       
PG07 -19185.489093  -7836.321395  17198.646211   -326.159593  5  5  2  65       
PG08   6049.882300 -25702.258567   -858.777736    -40.796564  5  6  5  31       
PG09 -10196.303100 -15163.308283  19221.121926   -252.798330  2  2  4  67       
PG10  21338.285377   8125.052894 -13681.346755   -398.282875  5  4     79       
PG11   6557.742303 -21362.391688 -15084.125695   -222.490201  4  5  2  48       
PG12   7616.304387  22194.772553 -12823.193781     94.330127  6  5  4  87       
PG13 -13378.723237  22194.666417   5451.923857     26.326852  2  5  3  53       
PG14  16680.831892 -11278.550003 -16871.297216      0.989191  5     2  75       
PG15  -2888.757215  26150.250302  -1848.001989   -217.878999  3  6  3  34       
PG16   7747.969164 -13254.852585  21394.885596   -182.141294  5  4  7  69       
PG17 -15522.429010   2253.353244 -21005.864362    295.181400  4  4  5 100       
PG18  18939.315419   7660.780425  16976.856981    245.013188  7  6  8  83       
PG19 -16920.106581   9860.801100 -18222.229866   -132.679821  4  3  4  86       
PG20  22078.873122  14803.056454  -2428.114498    527.297516  6  6  4  88       
PG21  25609.927126  -4500.999730   5396.246486     23.096509  4  5  4  75       
PG22  -3081.022592 -19662.748007 -17450.991647   -772.357951  7  4  7  88       
PG24   -603.987924  16455.033124 -20981.603742    -15.596519  2  2  6  81       
PG25  16404.341145  20713.632355  -4085.317611     22.786481  7  6  5 100       
PG26  17647.586747  -2828.771153  19680.319280    242.481287  4  5  5  85       
PG27  12385.756649 -21283.604171   9353.898272   -344.646829  3  3  3  56       
PG28 -19854.170563  -8600.266974 -14722.545999    700.006761  4  4  5 103       
PG29   5530.572527  19166.015927  17474.140723   -149.246396  7  7  6  92       
PG30 -25286.840872   -698.865952   8498.735588   -261.061333  3  5  2  49       
PG31  25938.751259  -6705.023727    968.179518    -55.292041  6  4  2  88       
PG32  16081.211189  -3555.621605 -20721.525233    316.192305  4  3  4  55       
*  2020  7 13  9 30  0.00000000
PG01   1250.471855 -15619.169772 -21624.501165     24.879243  6  3  5  93       
PG02 -20523.779911  14865.669983   8509.610820   -486.546787  3  5     45       
PG03  -8066.423504 -20738.545856 -14651.743722   -238.287662  8  5  6  81       
PG04   -776.322945 -24828.249327   9366.882289   -114.158645  5  8  5  67       
PG05 -10965.956331  10759.970731  21530.298898    -16.567614  4  4  2  51       
PG06 -25646.257358   5952.392983  -3620.231284   -302.400700  4  3  3  69       
PG07 -17306.609120  -8497.939121  18788.611465   -326.167271  5  5  3  59       
PG08   6280.202827 -25582.704972   2028.348843    -40.797523  5  6  6  32       
PG09  -9588.680669 -17207.778989  17759.068865   -252.804105  2  2  4  74       
PG10  22255.415553   9244.536962 -11344.750126   -398.292509  6  4     66       
PG11   7853.104608 -22229.573972 -13032.745739   -222.480994  5  5  2  71       
PG12   6463.048732  21147.130015 -15058.853342     94.325617  6  4  4  81       
PG13 -13313.614414  21367.803055   8182.655727     26.329701  2  4  3  63       
PG14  16184.697320  -9237.148651 -18500.656477      0.991845  6     2  58       
PG15  -3265.439303  26118.951507    962.450945   -217.876765  3  5  3  57       
PG16   9447.732389 -11395.163478  21814.155576   -182.145496  6  4  8  70       
PG17 -14834.754060   -174.850758 -21606.371155    295.186105  5  5  5  95       
PG18  17008.287157   8325.216324  18624.372504    245.021745  7  5  8  90       
PG19 -16307.428313   7838.006551 -19729.672755   -132.675289  4  4  5 110       
PG20  21986.196917  15118.993719    358.481584    527.297726  7  6  4  77       
PG21  25055.564955  -4005.544611   8113.128158     23.100565  5  5  5  94       
PG22  -1315.198199 -18475.162223 -18881.658753   -772.355936  8  4  6  95       
PG24  -2829.957466  17154.185218 -20184.341295    -15.596682  3  3  6 101       
PG25  15827.993582  20458.465522  -6844.629889     22.790247  6  6  5  66       
PG26  19195.595626  -1286.537493  18370.712435    242.487482  5  5  6  98       
PG27  12296.864953 -20026.006187  11896.714635   -344.655524  3  3  3  77       
PG28 -20796.239058  -9963.966434 -12464.755403    700.003088  5  4  4 105       
PG29   4840.434639  20933.487872  15546.480481   -149.254500  7  7  5  98       
PG30 -24283.576301  -1236.802224  10989.916528   -261.068241  3  5  1  77       
PG31  25954.210121  -6470.579577  -1853.235246    -55.294461  7  4     94       
PG32  15594.685540  -1174.119385 -21365.937945    316.197938  4  4  4  72       
*  2020  7 13  9 45  0.00000000
PG01   3512.427683 -16359.621695 -20773.557136     24.883136  6  3  5  80       
PG02 -21300.951562  14953.714740   5810.859280   -486.551892  4  5  1  30       
PG03  -6601.634880 -19724.433552 -16648.772761   -238.298180  7  5  6  43       
PG04   -353.280266 -25680.084617   6714.325199   -114.162814  5  8  5  69       
PG05 -12901.314809   9216.197201  21190.803533    -16.568251  5  4  2  64       
PG06 -25169.131986   5571.944369  -6435.500444   -302.405336  5  3  3  37       
PG07 -15312.681919  -9310.028072  20068.050388   -326.175391  4  5  3  48       
PG08   6463.725641 -25152.519684   4880.010090    -40.798800  4  6  5  15       
PG09  -9115.101461 -19099.594749  15990.104711   -252.809899  2  2  4  69       
PG10  23020.172062  10135.318806  -8814.545903   -398.302131  6  5  1  80       
PG11   8946.064726 -22982.194829 -10766.379812   -222.471355  4  4  1  64       
PG12   5084.387638  20000.313954 -17040.924060     94.321186  6  3  4 100       
PG13 -13201.924301  20249.374835  10771.145996     26.332845  2  4  4  49       
PG14  15750.233604  -7009.664546 -19800.611423      0.994562  6     2  76       
PG15  -3622.343275  25786.767834   3755.890161   -217.874408  3  5  3  75       
PG16  11260.971486  -9614.604634  21849.588634   -182.149685  6  4  8  56       
PG17 -14269.399630  -2683.021765 -21820.029134    295.191386  5  5  6 100       
PG18  14954.883018   9143.906457  19951.410197    245.030375  7  5  7  88       
PG19 -15767.811797   5641.285474 -20905.517685   -132.670753  4  4  5  95       
PG20  21645.310322  15271.560413   3138.986995    527.297261  7  6  5  71       
PG21  24255.387284  -3369.825966  10691.678798     23.105143  5  5  5  80       
PG22    623.952289 -17288.262179 -19983.323638   -772.353253  7  4  6  89       
PG24  -4923.588900  17918.129783 -19042.867883    -15.598168  3  3  6  98       
PG25  15008.535216  20038.202253  -9488.722034     22.794012  6  4  5  93       
PG26  20687.662396     72.434038  16746.418834    242.493694  6  5  6  98       
PG27  12227.218400 -18490.354660  14229.617735   -344.664151  4  2  3  64       
PG28 -21617.769318 -11076.078515  -9983.801971    699.999883  5  4  4 114       
PG29   4307.063414  22509.124527  13350.077167   -149.262076  7  6  5  85       
PG30 -23051.427752  -1905.955291  13294.550650   -261.075148  3  5     63       
PG31  25683.769327  -6138.823714  -4643.643785    -55.296500  7  4     82       
PG32  15221.842553   1279.237884 -21639.283542    316.203557  5  4  4  72       
*  2020  7 13 10  0  0.00000000
PG01   5627.147530 -17179.846710 -19569.724358     24.887010  5  3  5  85       
PG02 -21802.434662  14935.534610   3013.341657   -486.557377  4  4     45       
PG03  -4916.302565 -18665.496688 -18361.933726   -238.308696  7  4  6  48       
PG04    -19.031207 -26248.917533   3946.017849   -114.167017  5  8  4  50       
PG05 -14861.584255   7807.617273  20482.771453    -16.569011  5  4  2  80       
PG06 -24427.029529   5039.424114  -9140.118982   -302.409963  6  3  4  87       
PG07 -13247.594512 -10274.608793  21015.234838   -326.183370  4  5  3  59       
PG08   6638.765420 -24413.956688   7646.384228    -40.800160  4  5  5  72       
PG09  -8758.994906 -20797.707440  13944.864228   -252.815691  2  2  4  69       
PG10  23594.186524  10808.875831  -6134.185245   -398.311771  7  5  2  76       
PG11   9840.266855 -23583.467614  -8321.847539   -222.461935  5  3  1  49       
PG12   3487.584603  18798.255544 -18736.344867     94.316955  6  3  4  88       
PG13 -13082.523767  18850.142386  13172.230349     26.335535  3  3  4  68       
PG14  15404.992597  -4636.065291 -20747.822004      0.997221  6     2  69       
PG15  -3993.864573  25156.226428   6482.797055   -217.872168  2  4  4  34       
PG16  13151.439508  -7950.030100  21501.949443   -182.153941  7  4  8  81       
PG17 -13841.209156  -5219.939566 -21643.009298    295.196054  5  5  6 109       
PG18  12826.010726  10119.229833  20935.045078    245.038960  6  4  7  86       
PG19 -15328.792751   3309.743560 -21730.640577   -132.666151  5  4  6 102       
PG20  21040.737946  15292.185753   5866.153520    527.297375  7  6  5  82       
PG21  23243.237490  -2572.403954  13089.567198     23.108886  5  5  5  86       
PG22   2708.469838 -16137.974013 -20736.078931   -772.350995  7  3  5  75       
PG24  -6851.315066  18716.367025 -17575.443002    -15.599607  3  3  5  96       
PG25  13937.560184  19491.268465 -11973.378750     22.797689  5  3  6  77       
PG26  22080.647793   1240.872594  14835.745381    242.499917  7  5  6  90       
PG27  12212.676253 -16702.136027  16311.508721   -344.672764  4  3  3  71       
PG28 -22276.921760 -11941.140145  -7325.068676    699.996528  5  4  3 110       
PG29   3909.585451  23853.268235  10922.938516   -149.269896  7  6  5  68       
PG30 -21624.359637  -2725.668173  15373.405564   -261.082091  3  4  1  41       
PG31  25145.693781  -5677.505800  -7356.352923    -55.298988  7  3     73       
PG32  14974.163532   3756.673316 -21537.235830    316.209154  5  4  4  90       
*  2020  7 13 10 15  0.00000000
PG01   7559.103229 -18046.659408 -18032.235134     24.890862  5  3  5  56       
PG02 -22035.430681  14773.649104    164.245479   -486.562303  5  4  1  28       
PG03  -3028.756060 -17602.997714 -19761.971847   -238.319174  7  4  5  91       
PG04    260.404308 -26517.837207   1109.669060   -114.171161  5  8  3  39       
PG05 -16802.550918   6553.334749  19419.218084    -16.569566  5  4  2  64       
PG06 -23450.946263   4328.856809 -11687.480791   -302.414579  6  4  4  89       
PG07 -11155.831214 -11385.858744  21613.645845   -326.191126  4  5  4  75       
PG08   6842.885090 -23378.434645  10279.222955    -40.800716  4  5  5  58       
PG09  -8497.214695 -22266.235810  11658.756736   -252.821507  3  2  4  48       
PG10  23943.498255  11284.225567  -3349.497260   -398.321265  8  6  3  69       
PG11  10546.253263 -23999.062380  -5739.076899   -222.452460  5  2  1  59       
PG12   1688.270523  17583.907460 -20116.824139     94.312869  6  3  3 101       
PG13 -12992.441135  17189.641224  15343.969425     26.338498  3  3  4  82       
PG14  15169.893838  -2161.577514 -21325.433033      0.999690  6     2  83       
PG15  -4413.286884  24238.586318   9094.551688   -217.869866  2  4  4  60       
PG16  15077.773731  -6431.478537  20778.810258   -182.158024  7  3  8  81       
PG17 -13556.485030  -7732.666830 -21078.746411    295.201416  6  5  6 117       
PG18  10669.343155  11245.315677  21558.252125    245.047568  5  3  6  79       
PG19 -15011.058728    887.177427 -22191.704084   -132.661441  5  5  6 109       
PG20  20164.634134  15215.449494   8493.518007    527.297190  7  6  5  79       
PG21  22057.580968  -1598.392082  15268.198370     23.112998  5  4  5  90       
PG22   4903.916415 -15055.792334 -21126.130569   -772.348346  7  4  5  76       
PG24  -8585.739472  19513.812783 -15806.035421    -15.599247  3  3  5  72       
PG25  12614.839898  18858.081558 -14257.147341     22.801390  4  2  6  73       
PG26  23332.301244   2219.632630  12671.765375    242.506136  7  4  6  99       
PG27  12284.585386 -14694.741681  18105.860341   -344.681459  4  3  2  86       
PG28 -22735.596563 -12572.592678  -4536.671511    699.993076  5  3  2  54       
PG29   3620.559308  24932.487873   8307.060865   -149.277589  7  5  4  90       
PG30 -20040.854106  -3708.587156  17190.987614   -261.089018  3  4     62       
PG31  24365.331809  -5058.810918  -9945.909532    -55.301174  6  3  2  57       
PG32  14855.157671   6209.214780 -21062.032917    316.214747  5  4  4  71       
*  2020  7 13 10 30  0.00000000
PG01   9279.513862 -18921.890834 -16186.125098     24.894666  4  3  5  70       
PG02 -22015.145829  14433.880335  -2687.623985   -486.567378  5  4  2  34       
PG03   -965.139982 -16575.279843 -20824.912287   -238.329675  7  4  5  64       
PG04    521.377208 -26478.457950  -1745.816669   -114.175337  5  8  1  55       
PG05 -18678.442353   5464.445784  18019.314561    -16.570116  5  3  2  63       
PG06 -22277.889683   3421.051641 -14033.624322   -302.419228  7  4  4  89       
PG07  -9080.977352 -12630.160380  21852.268655   -326.198751  4  5  4  58       
PG08   7111.222518 -22066.148863  12732.727125    -40.801218  5  5  4  68       
PG09  -8301.101500 -23475.727551   9171.342483   -252.827331  3  2  4  90       
PG10  24039.883462  11586.988185   -507.920717   -398.330879  8  6  3  77       
PG11  11080.941355 -24198.434925  -3060.558015   -222.442866  5  2     75       
PG12   -289.962589  16397.650604 -21159.267352     94.308464  6  3  3  90       
PG13 -12965.263648  15295.577883  17248.413605     26.341779  3  2  4  89       
PG14  15058.345232    364.931575 -21523.403131      1.002115  6  1  3  83       
PG15  -4911.219079  23053.492971  11544.389406   -217.867499  2  3  4  97       
PG16  16995.023886  -5081.197128  19694.308155   -182.162323  8  3  8  97       
PG17 -13412.790898 -10168.498016 -20137.851200    295.206439  5  5  6 112       
PG18   8531.624354  12508.128644  21810.205346    245.056093  5  3  5  70       
PG19 -14827.681790  -1579.380042 -22281.330332   -132.657200  6  5  7 109       
PG20  19017.231914  15077.621975  10976.170498    527.296542  7  5  5  76       
PG21  20740.004949   -440.090515  17193.191259     23.117387  5  3  6  88       
PG22   7170.508071 -14067.576709 -21146.093990   -772.346039  6  4  4  49       
PG24 -10106.536975  20272.134231 -13764.000437    -15.599685  4  3  5  73       
PG25  11048.480394  18179.454807 -16301.964701     22.805132  4  2  6  66       
PG26  24402.825782   3017.440159  10291.737426    242.512322  8  4  6 100       
PG27  12468.399525 -12508.284844  19581.394047   -344.690044  4  3  2  75       
PG28 -22960.972078 -12991.928661  -1668.468929    699.990226  5  2  1  77       
PG29   3407.230436  25720.795268   5547.690472   -149.285408  7  4  4  80       
PG30 -18342.523281  -4859.983826  18716.132972   -261.095978  3  4  1  80       
PG31  23374.156948  -4260.589297 -12368.801568    -55.303459  6  4  3  56       
PG32  14860.272188   8588.402422 -20222.405184    316.220383  5  4  4  66       
*  2020  7 13 10 45  0.00000000
PG01  10767.305122 -19763.834473 -14061.900740     24.898529  4  2  4  61       
PG02 -21764.210363  13886.907058  -5492.655158   -486.572654  5  3  3  52       
PG03   1241.381428 -15616.311322 -21532.464093   -238.340187  7  4  5  67       
PG04    800.997409 -26131.238783  -4571.188108   -114.179517  5  8     74       
PG05 -20443.590227   4543.803627  16307.998341    -16.571122  5  3  2  58       
PG06 -20949.457111   2304.554449 -16137.997530   -302.423913  7  4  4  82       
PG07  -7064.250181 -13986.437052  21725.825397   -326.206392  5  5  4  64       
PG08   7474.924469 -20505.346511  14964.369203    -40.802436  5  4  4  62       
PG09  -8137.767324 -24404.180430   6525.636893   -252.833161  3  3  4  76       
PG10  23861.974300  11748.210072   2342.279874   -398.340487  9  6  4  79       
PG11  11466.866496 -24156.050951   -330.742922   -222.433172  5        84       
PG12  -2416.259734  15275.810335 -21846.129981     94.303926  7  3  3  90       
PG13 -13029.682449  13202.909293  18852.295906     26.344461  3  2  4  71       
PG14  15075.692027   2892.720705 -21338.683543      1.004741  7  2  3  76       
PG15  -5514.133366  21628.293745  13788.335670   -217.865355  1  2  4  72       
PG16  18856.312522  -3912.996487  18268.783959   -182.166607  8  2  8  84       
PG17 -13399.135701 -12476.895284 -18837.861927    295.211585  5  5  6  96       
PG18   6457.018909  13885.880005  21686.470596    245.064680  4  4  4  79       
PG19 -14783.642835  -4041.225597 -21998.191439   -132.652421  6  5  7  89       
PG20  17606.998790  14915.142227  13271.506335    527.297073  7  4  5  72       
PG21  19333.661721    902.660119  18834.760788     23.121146  5  3  6  89       
PG22   9464.473297 -13192.581265 -20795.168691   -772.343624  5  5  3  34       
PG24 -11401.093313  20951.242861 -11483.652567    -15.600362  4  3  5  79       
PG25   9254.780102  17495.005837 -18073.730502     22.808887  3  2  6  74       
PG26  25256.355175   3650.339847   7736.463896    242.518473  8  4  6  85       
PG27  12782.553559 -10188.155900  20712.644908   -344.698677  4  3  2  86       
PG28 -22926.808807 -13227.533457   1228.920376    699.986634  5  2  2  81       
PG29   3232.996911  26200.582470   2692.528419   -149.293189  7  3  3  71       
PG30 -16572.612263  -6177.357318  19922.535137   -261.102895  4  3  1  79       
PG31  22208.597049  -3267.384176 -14584.136871    -55.305463  5  4  4  61       
PG32  14977.131750  10847.970988 -19033.387052    316.226019  5  4  3  70       
*  2020  7 13 11  0  0.00000000
PG01  12009.786498 -20528.860746 -11695.103167     24.902364  4  2  4  70       
PG02 -21311.800612  13109.676280  -8201.307860   -486.577944  6  3  3  54       
PG03   3551.687761 -14754.406846 -21872.334228   -238.350697  7  4  4  53       
PG04   1135.491402 -25485.472540  -7317.703459   -114.183697  5  8     85       
PG05 -22054.088200   3786.114741  14315.486587    -16.571700  6  3  3  69       
PG06 -19510.246557    976.301815 -17964.167503   -302.428538  7  5  4 104       
PG07  -5143.107026 -15426.770772  21234.939267   -326.214348  5  4  4  56       
PG08   7959.751707 -18731.296206  16935.645922    -40.804786  5  4  3  67       
PG09  -7971.550039 -25037.783423   3767.355690   -252.839013  4  3  3  60       
PG10  23396.128031  11802.994342   5152.802449   -398.350081  9  5  4  56       
PG11  11731.211553 -23852.460147   2404.606850   -222.423702  5  1  1  68       
PG12  -4653.468450  14249.334175 -22165.692487     94.299564  7  3  2 101       
PG13 -13208.240908  10952.641143  20127.638276     26.347657  3  2  3  64       
PG14  15219.017021   5371.012508 -20775.243507      1.007297  7  2  3  52       
PG15  -6243.071078  19997.039425  15786.093252   -217.862682  2  2  4  78       
PG16  20614.558546  -2931.953981  16528.317385   -182.170806  9  1  8  90       
PG17 -13496.528226 -14611.326906 -17202.844743    295.216269  5  5  6 109       
PG18   4485.567877  15349.749930  21189.088432    245.073335  5  4  4  79       
PG19 -14875.662498  -6449.608582 -21347.018484   -132.647846  7  5  7  95       
PG20  15950.490600  14763.091070  15339.950706    527.296637  7  4  5  78       
PG21  17881.710475   2422.404464  20168.011762     23.125146  5  2  6  90       
PG22  11739.583427 -12442.759141 -20079.184693   -772.341019  5  5  3  60       
PG24 -12464.853574  21510.889548  -9003.735274    -15.600057  4  3  5  86       
PG25   7257.794211  16841.624999 -19542.821914     22.812638  2  3  5  84       
PG26  25862.288957   4140.866759   5049.599787    242.524623  8  4  5  96       
PG27  13237.639144  -7783.377817  21480.402942   -344.707287  5  3  2  71       
PG28 -22614.472508 -13313.282105   4105.066726    699.983410  5  1  4  92       
PG29   3059.027316  26363.243811   -209.106033   -149.301052  6  3  3  55       
PG30 -14774.447466  -7650.333672  20789.200484   -261.109861  4  3     70       
PG31  20908.690591  -2071.220126 -16554.292525    -55.307777  5  4  5  50       
PG32  15186.095080  12945.441902 -17516.018419    316.231660  4  4  3  83       
*  2020  7 13 11 15  0.00000000
PG01  13003.014620 -21173.141313  -9125.769198     24.906228  4  2  3  41       
PG02 -20692.487053  12086.607280 -10765.042575   -486.583261  6  3  4  77       
PG03   5921.995519 -14011.174303 -21838.446457   -238.361187  7  4  4  69       
PG04   1558.594243 -24558.944667  -9937.978303   -114.187859  5  8     68       
PG05 -23469.380472   3178.357677  12076.704570    -16.572939  6  3  3  75       
PG06 -18006.160957   -558.050109 -19480.461795   -302.433138  7  5  4 100       
PG07  -3349.979799 -16917.286805  20386.223403   -326.221958  5  4  3  63       
PG08   8584.911260 -16784.995487  18612.746808    -40.806282  6  3  3  76       
PG09  -7765.580120 -25371.349877    944.114871   -252.844911  5  2  3  70       
PG10  22637.015838  11788.990434   7876.089036   -398.359663  9  4  4  68       
PG11  11904.652187 -23275.177804   5099.121378   -222.414234  4  2  2  81       
PG12  -6959.338508  13342.677487 -22112.254493     94.295143  8  3  2  98       
PG13 -13516.337830   8590.392738  21052.258577     26.350685  3  3  3  52       
PG14  15477.298260   7750.823665 -19843.944013      1.009945  7  3  3  57       
PG15  -7112.575705  18199.212453  17501.856661   -217.860659  2  2  4  85       
PG16  22224.195042  -2134.468036  14504.174160   -182.174944  9  2  7  84       
PG17 -13678.873401 -16530.929598 -15262.857297    295.221401  5  4  6  87       
PG18   2651.810489  16864.893836  20326.545186    245.081947  6  4  5  78       
PG19 -15092.343619  -8757.355427 -20338.529628   -132.643104  7  5  7 104       
PG20  14071.905619  14653.717045  17145.643815    527.296374  7  2  5  72       
PG21  16425.808686   4104.268920  21173.153244     23.129272  5  1  5  94       
PG22  13948.793724 -11822.372091 -19010.517647   -772.338560  4  5  3  70       
PG24 -13301.360269  21912.300290  -6366.792151    -15.600871  5  3  4 103       
PG25   5088.621274  16252.056993 -20684.545622     22.816413  2  3  4  89       
PG26  26196.436840   4516.976220   2276.923165    242.530749  8  4  5  80       
PG27  13835.913966  -5344.831247  21872.023369   -344.715886  5  3  3  88       
PG28 -22013.645242 -13286.959013   6910.625384    699.980267  5  1  4  87       
PG29   2845.966205  26209.459228  -3107.138069   -149.308369  6  3  4  78       
PG30 -12989.887243  -9260.868681  21300.824029   -261.116791  4  3  2  80       
PG31  19516.616189   -672.121559 -18245.527218    -55.310146  4  4  5  59       
PG32  15461.104157  14843.564406 -15696.943553    316.237268  4  4  2  91       
*  2020  7 13 11 30  0.00000000
PG01  13751.822220 -21654.417772  -6397.793556     24.909952  3  3  2  47       
PG02 -19944.845571  10810.527318 -13137.281788   -486.588441  6  2  5  91       
PG03   8305.333929 -13400.726951 -21431.060940   -238.371754  7  4  3  54       
PG04   2100.039652 -23377.274880 -12386.809974   -114.192032  5  7  2  42       
PG05 -24653.720570   2700.503584   9630.642248    -16.573480  7  3  3  95       
PG06 -16482.671332  -2284.136789 -20660.529541   -302.437790  7  5  3  95       
PG07  -1711.182732 -18419.280783  19192.287118   -326.229866  4  4  3  69       
PG08   9362.161685 -14711.669973  19967.126849    -40.807106  6  3  3  83       
PG09  -7483.397350 -25408.426950  -1895.399715   -252.850753  5  3  3  29       
PG10  21587.911031  11744.799328  10466.090594   -398.369280  9  4  4  65       
PG11  12020.054763 -22419.335838   7706.566409   -222.404775  4  3  3  80       
PG12  -9287.914773  12572.936866 -21686.245416     94.290836  8  3  2 104       
PG13 -13961.526476   6164.785595  21610.167829     26.353579  3  3  3  51       
PG14  15831.913859   9986.709418 -18562.266679      1.012466  7  3  3  70       
PG15  -8129.902638  16278.236015  18905.030605   -217.858057  2  3  4  37       
PG16  23642.815277  -1508.651860  12232.181394   -182.179437  9  2  7 104       
PG17 -13914.166115 -18201.926027 -13053.294135    295.226355  5  4  5  80       
PG18    983.624501  18391.694689  19113.632287    245.090488  6  4  5  71       
PG19 -15414.620317 -10920.440153 -18989.277966   -132.638676  7  5  7 104       
PG20  12002.352157  14615.071997  18657.074779    527.296568  7     4  77       
PG21  15004.698867   5926.412639  21835.642324     23.133628  5  1  5  91       
PG22  16045.928379 -11327.922536 -17607.872806   -772.336225  4  5  3  62       
PG24 -13921.973736  22119.787156  -3618.447195    -15.601931  5  3  4  79       
PG25   2784.436519  15753.645142 -21479.523093     22.820189  3  4  4  85       
PG26  26241.931296   4810.773640   -534.421810    242.536726  8  5  5  81       
PG27  14571.161951  -2923.423381  21881.602293   -344.724435  5  2  4  84       
PG28 -21122.707739 -13188.571155   9598.163625    699.977034  5  2  5  95       
PG29   2555.659380  25749.128760  -5951.610015   -149.316228  6  4  4  78       
PG30 -11257.832265 -10983.749609  21448.078168   -261.123708  4  3  1  48       
PG31  18075.146106    921.660414 -19628.548561    -55.312471  4  4  6  73       
PG32  15770.790231  16511.551800 -13607.916903    316.242940  4  5  2  72       
*  2020  7 13 11 45  0.00000000
PG01  14269.504879 -21933.744973  -3558.199027     24.913803  2  2     78       
PG02 -19109.882359   9283.286450 -15274.379288   -486.593664  6  3  5  83       
PG03  10653.149587 -12929.191546 -20656.791524   -238.382189  8  5  3  37       
PG04   2784.208044 -21972.967219 -14621.963464   -114.196194  5  7  3  40       
PG05 -25577.446172   2326.505926   7019.652826    -16.574434  7  3  4  57       
PG06 -14983.106297  -4179.238041 -21483.811687   -302.442446  7  5  3  84       
PG07   -246.036302 -19890.554772  17671.652043   -326.237563  4  4  2  56       
PG08  10295.225229 -12559.125655  20975.974319    -40.807718  6  3  3  82       
PG09  -7090.553567 -25161.078279  -4702.278041   -252.856645  6  3  2  73       
PG10  20260.667023  11708.353401  12879.005295   -398.378876  8  4  4  74       
PG11  12111.071085 -21288.071162  10181.622134   -222.394990  5  3  4  84       
PG12 -11591.075581  11949.262942 -20894.248969     94.286359  8  3  3 102       
PG13 -14543.137906   3725.720258  21791.849943     26.356597  4  4  2  64       
PG14  16257.467766  12038.349988 -16953.908894      1.014787  7  3  3  86       
PG15  -9294.542138  14279.829015  19970.832410   -217.855871  2  4  4  80       
PG16  24832.686177  -1035.042415   9752.047310   -182.183789  9  1  6  96       
PG17 -14165.925598 -19598.741821 -10614.135433    295.231806  6  3  5  90       
PG18   -498.670330  19887.213396  17571.195851    245.099065  6  4  5  53       
PG19 -15816.498837 -12899.446943 -17321.419710   -132.634200  6  5  7  74       
PG20   9778.853825  14669.809920  19847.652352    527.296307  7     4  83       
PG21  13652.930894   7860.710717  22146.265750     23.137876  5  2  5  98       
PG22  17987.340182 -10948.411413 -15895.941670   -772.333932  5  5  3  57       
PG24 -14345.280672  22102.267721   -806.605167    -15.602955  5  3  4  79       
PG25    387.304524  15367.282466 -21914.005101     22.823955  3  4  4  96       
PG26  25989.875757   5057.092899  -3336.698218    242.542863  8  5  5  64       
PG27  15428.906259   -568.275618  21510.018132   -344.733048  6  2  4 101       
PG28 -19948.790889 -13058.625193  12122.908046    699.973780  6  2  5  80       
PG29   2152.830703  25000.961929  -8693.548197   -149.323794  5  5  4  82       
PG30  -9612.851590 -12787.380171  21227.807893   -261.130637  4  2  2  59       
PG31  16626.078068   2693.725256 -20679.026816    -55.314599  3  4  6  91       
PG32  16079.791240  17926.067449 -11285.226655    316.248522  4  5  2  80       
*  2020  7 13 12  0  0.00000000
PG01  14577.171532 -21977.137517   -656.324783     24.917663  1  2     80       
PG02 -18229.334988   7516.010731 -17136.569570   -486.598487  6  3  5  84       
PG03  12916.980824 -12594.532123 -19528.519017   -238.392640  8  5  3  97       
PG04   3628.986100 -20384.205544 -16604.904735   -114.200361  5  7  4  54       
PG05 -26218.023834   2025.517344   4288.707226    -16.575335  7  2  3  39       
PG06 -13547.034612  -6212.960433 -21935.911251   -302.447108  7  5  4  82       
PG07   1033.755300 -21286.919844  15848.571093   -326.245527  3  4  2  55       
PG08  11379.527748 -10376.020660  21622.567620    -40.808743  6  3  3  77       
PG09  -6556.138345 -24649.349647  -7428.231642   -252.862624  6  3  2  58       
PG10  18675.386289  11715.330419  15073.981038   -398.388505  7  5  3  82       
PG11  12210.680523 -19892.627194  12480.685568   -222.385605  6  4  5  78       
PG12 -13820.163565  11472.575247 -19748.939189     94.281891  7  3  3  98       
PG13 -15252.243620   1322.610234  21594.418915     26.359500  4  4  1  61       
PG14  16722.896421  13871.915247 -15048.259940      1.017539  6  4  3  43       
PG15 -10598.077069  12250.279352  20680.762431   -217.853642  2  5  4  75       
PG16  25762.075874   -687.589484   7106.640671   -182.187960  9  2  5  82       
PG17 -14394.804153 -20704.781718  -7989.122391    295.236889  6  3  5  83       
PG18  -1782.911315  21306.781580  15725.780445    245.107666  7  4  6  57       
PG19 -16266.065833 -14660.873896 -15362.403307   -132.629662  6  4  7  82       
PG20   7443.126980  14834.197380  20696.200983    527.296806  7     4  88       
PG21  12399.754301   9873.642328  22101.166933     23.141605  5  3  5  87       
PG22  19733.476488 -10665.910907 -13904.938618   -772.331437  5  4  3  79       
PG24 -14596.210155  21834.627897   2019.413600    -15.603903  5  4  4  46       
PG25  -2057.188868  15106.607112 -21980.111508     22.827737  4  4  4  92       
PG26  25439.705518   5291.976947  -6082.355220    242.548951  7  5  4  59       
PG27  16386.961834   1674.997378  20764.842667   -344.741619  6     5  94       
PG28 -18507.506951 -12936.435706  14443.405634    699.970700  6  3  5  76       
PG29   1606.644434  23991.739184 -11285.808424   -149.331277  5  6  5  65       
PG30  -8083.976853 -14634.822418  20643.126938   -261.137562  5  2  2  58       
PG31  15208.701578   4619.906840 -21378.046007    -55.316913  3  5  6  75       
PG32  16350.227709  19071.925519  -8769.047817    316.254103  4  5  2  57       
*  2020  7 13 12 15  0.00000000
PG01  14702.779123 -21757.049491   2257.053481     24.921519  3  2     69       
PG02 -17343.921911   5528.968486 -18688.866775   -486.603379  6  3  5 105       
PG03  15050.139606 -12386.697554 -18065.200080   -238.403075  8  5  3  83       
PG04   4644.883104 -18653.441375 -18301.468384   -114.204520  5  6  4  83       
PG05 -26560.827105   1763.283884   1484.618262    -16.576237  7  3  2  67       
PG06 -12208.803975  -8348.224473 -22008.856199   -302.451782  7  5  4  90       
PG07   2124.443141 -22563.814424  13752.744165   -326.253376  3  3  2  93       
PG08  12602.273660  -8210.124783  21896.517721    -40.810393  6  3  3  93       
PG09  -5854.167860 -23900.439666 -10026.424455   -252.868498  6  3  2  80       
PG10  16859.792255  11797.659786  17013.773399   -398.398138  6  5  3  90       
PG11  12349.735167 -18252.153856  14562.682481   -222.376076  6  4  6  90       
PG12 -15927.652056  11135.591876 -18268.925991     94.277503  7  3  3 108       
PG13 -16071.958280   -997.356609  21021.651353     26.362480  5  5     62       
PG14  17192.804717  15461.155519 -12879.775644      1.020141  6  4  3  66       
PG15 -12024.380858  10234.711367  21022.931345   -217.851444  1  6  3  90       
PG16  26406.350771   -434.880823   4341.244146   -182.192413  9  3  4  86       
PG17 -14560.298478 -21512.841071  -5224.883169    295.241897  7  3  4  77       
PG18  -2865.371651  22605.675261  13609.172872    245.116211  7  3  6  19       
PG19 -16726.730690 -16178.231632 -13144.580389   -132.625314  6  4  6  89       
PG20   5040.174177  15117.376581  21187.371206    527.296645  6  2  4  81       
PG21  11268.209104  11927.352663  21701.824454     23.146474  6  4  4  82       
PG22  21250.287039 -10456.427340 -11670.028200   -772.329417  5  4  3  73       
PG24 -14704.889869  21298.867947   4809.786432    -15.604915  6  4  4  66       
PG25  -4501.439301  14977.472095 -21675.992165     22.831551  4  4  5 102       
PG26  24599.248703   5551.117453  -8724.801720    242.555034  6  5  4  77       
PG27  17416.300369   3765.850263  19660.128647   -344.750190  6     5  92       
PG28 -16822.382153 -12858.526010  16522.095892    699.967151  6  3  5  75       
PG29    892.091919  22755.275323 -13683.885284   -149.339041  5  5  5 100       
PG30  -6693.711452 -16485.059124  19703.410433   -261.144483  4  2  2  82       
PG31  13858.355143   6668.955668 -21712.482986    -55.318927  3  5  6  86       
PG32  16543.278756  19942.482707  -6102.737380    316.259665  4  5  2  54       
*  2020  7 13 12 30  0.00000000
PG01  14679.886063 -21253.622302   5130.654676     24.925392  4  2     90       
PG02 -16491.619014   3351.042549 -19901.881526   -486.608806  6  3  5  91       
PG03  17009.337794 -12288.088819 -16291.572891   -238.413496  7  5  3  87       
PG04   5834.439146 -16825.829079 -19682.447886   -114.208693  5  6  5  86       
PG05 -26599.622117   1503.661178  -1344.752121    -16.577243  7  3  1  52       
PG06 -10996.293391 -10542.519553 -21701.249483   -302.456500  7  5  5  85       
PG07   3030.268086 -23677.980588  11418.926113   -326.261450  4  2  2  64       
PG08  13942.849777  -6106.634231  21793.895378    -40.811222  7  3  3  82       
PG09  -4964.782837 -22947.608843 -12452.274382   -252.874384  6  2  3  68       
PG10  14848.326302  11982.175881  18665.350676   -398.407767  5  6  3  93       
PG11  12555.566738 -16393.202596  16389.871882   -222.366629  7  3  6  79       
PG12 -17868.787856  10923.176032 -16478.508828     94.272871  6  4  3  83       
PG13 -16978.069233  -3190.860423  20083.895063     26.365194  6  5     79       
PG14  17628.971242  16788.179912 -10487.270804      1.022680  6  4  2  83       
PG15 -13550.144964   8275.422786  20992.238408   -217.849005  2  6  1  94       
PG16  26748.807417   -241.552646   1502.794429   -182.196957  9  2  3  72       
PG17 -14622.490050 -22025.145679  -2370.032699    295.246965  7  4  4  93       
PG18  -3750.708621  23740.804611  11257.853655    245.124767  6  3  5  53       
PG19 -17158.660208 -17432.896363 -10704.739913   -132.620871  6  4  6  86       
PG20   2616.745402  15520.913026  21311.954353    527.296301  5  3  4  96       
PG21  10274.437933  13980.854528  20954.986609     23.150221  6  4  4  99       
PG22  22510.416214 -10291.016942  -9230.656673   -772.326844  5  4  3  79       
PG24 -14705.287570  20484.979454   7515.129361    -15.605956  6  4  3  52       
PG25  -6897.410182  14977.710584 -21005.904798     22.835417  4  4  5  92       
PG26  23484.485322   5868.311554 -11219.164376    242.561112  6  5  5  87       
PG27  18482.188348   5670.152481  18216.083421   -344.758765  6     5  92       
PG28 -14924.021448 -12857.175814  18325.794474    699.964147  6  3  4  91       
PG29     -8.851287  21331.126189 -15846.671375   -149.346355  5  5  4  90       
PG30  -5457.294256 -18294.431253  18424.181060   -261.151395  4  2  3  46       
PG31  12605.129158   8803.500496 -21675.304848    -55.321296  3  4  6  80       
PG32  16620.796826  20539.709287  -3332.084495    316.265293  3  5  3  50       
*  2020  7 13 12 45  0.00000000
PG01  14546.172551 -20455.643614   7913.654798     24.929247  5  3  2  86       
PG02 -15706.044042   1018.821319 -20752.524811   -486.613829  6  3  6  92       
PG03  18756.196009 -12274.329828 -14237.762388   -238.423917  7  5  3  83       
PG04   7191.948747 -14947.569176 -20724.098219   -114.212867  5  5  5  95       
PG05 -26336.745963   1210.193773  -4151.289848    -16.578095  7  3     69       
PG06  -9929.928094 -12749.378882 -21018.302817   -302.461112  7  4  5  76       
PG07   3763.180836 -24589.135018   8886.424963   -326.269333  4  2  2  80       
PG08  15373.539079  -4106.605477  21317.244619    -40.812236  7  3  4  83       
PG09  -3875.209191 -21828.870244 -14664.212003   -252.880271  6  3  3  95       
PG10  12681.001640  12289.468262  20000.438012   -398.417390  4  7  3  86       
PG11  12850.714888 -14348.925440  17928.623526   -222.356875  7  4  6 105       
PG12 -19603.150809  10812.990500 -14407.337841     94.268515  6  4  3  74       
PG13 -17939.966219  -5219.931290  18797.857130     26.368181  6  5  1  85       
PG14  17991.957432  17843.898207  -7913.149528      1.025048  6  4  2  79       
PG15 -15145.709910   6410.361888  20590.400079   -217.846540  3  6  1  86       
PG16  26781.214942    -69.830056  -1360.879592   -182.201400  8  3  3  88       
PG17 -14543.742771 -22253.028956    525.731801    295.252328  7  4  3  65       
PG18  -4451.583784  24672.354120   8712.365679    245.133314  6  3  5  61       
PG19 -17520.356559 -18414.684467  -8083.567610   -132.616112  6  4  5 106       
PG20    219.724955  16038.649047  21067.092817    527.296616  4  3  4  88       
PG21   9427.236608  15991.333072  19872.564780     23.154681  6  5  4  94       
PG22  23494.131933 -10137.106349  -6629.803819   -772.324498  6  4  3  68       
PG24 -14633.693563  19391.511861  10087.443750    -15.607551  6  4  3  48       
PG25  -9198.247715  15097.208441 -19980.205801     22.839218  5  3  5 101       
PG26  22119.013126   6273.993094 -13523.019723    242.567216  5  5  5  74       
PG27  19545.548789   7361.268295  16458.640037   -344.767403  6  1  5  92       
PG28 -12849.043277 -12959.161506  19826.091071    699.960914  6  2  4  67       
PG29  -1106.342566  19763.089576 -17737.153875   -149.354086  5  5  4  91       
PG30  -4382.248235 -20018.197524  16826.887368   -261.158261  4  2  3  73       
PG31  11472.765534  10981.259618 -21265.775218    -55.323247  4  5  6  93       
PG32  16546.899093  20873.939936   -504.528757    316.270873  3  5  3  28       
*  2020  7 13 13  0  0.00000000
PG01  14341.787454 -19361.171719  10556.658556     24.933104  6  4  2  76       
PG02 -15015.027121  -1424.657912 -21224.570844   -486.618692  5  4  6  85       
PG03  20258.577062 -12315.313743 -11938.789639   -238.434352  7  5  3  84       
PG04   8703.511097 -13064.223969 -21408.542331   -114.217029  5  5  5  60       
PG05 -25782.974549    847.697573  -6887.418039    -16.579041  6  4  2  81       
PG06  -9021.995778 -14920.017741 -19971.752945   -302.465699  7  4  6  65       
PG07   4342.249551 -25261.567975   6198.491411   -326.276887  5  2  2  65       
PG08  16860.513854  -2245.566235  20475.486021    -40.812069  7  4  4  77       
PG09  -2580.444391 -20585.513106 -16624.383939   -252.886123  6  2  3  79       
PG10  10402.054386  12732.971863  20995.992977   -398.427042  3  7  3  99       
PG11  13251.834569 -12158.000287  19150.146837   -222.347192  7  4  6  79       
PG12 -21096.072043  10776.439899 -12089.983031     94.264140  6  4  3  74       
PG13 -18921.832581  -7053.213495  17186.277484     26.371367  7  5  2  43       
PG14  18242.753257  18628.117238  -5202.593512      1.027577  6  4  2  67       
PG15 -16776.160392   4671.807586  19825.833387   -217.844301  4  6  1  62       
PG16  26504.054377    118.860435  -4201.810867   -182.205821  8  3  4  70       
PG17 -14290.290992 -22216.270016   3412.520032    295.257490  7  4  2  74       
PG18  -4987.970551  25365.309290   6016.610992    245.141878  5  4  5  52       
PG19 -17770.323320 -19122.124295  -5325.033966   -132.611779  6  4  4 101       
PG20  -2105.494089  16656.872719  20456.378693    527.296419  4  4  4  69       
PG21   8727.854610  17915.515388  18471.486617     23.158264  5  5  4  95       
PG22  24189.955174  -9959.961295  -3913.172922   -772.322224  6  4  4  66       
PG24 -14527.108141  18025.800549  12481.045066    -15.609238  6  4  3  86       
PG25 -11359.867785  15318.285487 -18615.250114     22.843024  6  3  6  82       
PG26  20533.239271   6793.893120 -15597.090418    242.573324  4  5  5  71       
PG27  20564.489801   8820.834898  14418.938580   -344.776005  6  2  5  77       
PG28 -10638.827380 -13184.725892  20999.665898    699.957898  5  3  4  54       
PG29  -2402.097413  18097.558833 -19323.037224   -149.361564  6  5  4  79       
PG30  -3468.233879 -21612.157332  14938.574783   -261.165204  4  3  4  61       
PG31  10477.799489  13156.461765 -20489.560360    -55.325630  3  5  6  81       
PG32  16289.475066  20963.316740   2331.640371    316.276348  2  5  3  57       
*  2020  7 13 13 15  0.00000000
PG01  14107.590658 -17977.793718  13012.656317     24.936995  6  5  2  83       
PG02 -14439.438092  -3931.460475 -21309.055644   -486.623826  6  4  5  94       
PG03  21491.691869 -12376.485843  -9433.991749   -238.444749  7  5  2  83       
PG04  10347.405286 -11219.070547 -21724.074725   -114.221191  5  4  5  92       
PG05 -24957.087845    383.786266  -9506.867636    -16.579845  6  4  3  66       
PG06  -8276.290952 -17005.071703 -18579.661376   -302.470398  7  4  5  94       
PG07   4792.770349 -25665.603006   3401.604453   -326.284989  5  3  3  76       
PG08  18365.067520   -552.353669  19283.714994    -40.813422  7  4  5  74       
PG09  -1083.643356 -19260.516754 -18299.289596   -252.891987  5  2  4  74       
PG10   8058.439494  13318.332176  21634.605301   -398.436685  2  7  3  94       
PG11  13768.835316  -9863.318070  20031.148448   -222.337783  7  4  6  92       
PG12 -22319.856296  10779.869550  -9565.413429     94.259905  5  4  3  87       
PG13 -19884.049040  -8666.964415  15277.496221     26.374312  7  5  3  70       
PG14  18344.393069  19149.297096  -2402.727443      1.030207  6  4  1  49       
PG15 -18402.633993   3085.304212  18713.402944   -217.842072  5  6  2  89       
PG16  25926.451625    362.264781  -6972.632123   -182.210207  7  3  5  66       
PG17 -13833.658412 -21942.128725   6241.105753    295.262579  6  4  3  75       
PG18  -5386.176880  25790.810257   3217.088250    245.150455  5  5  4  79       
PG19 -17868.759699 -19562.410845  -2475.715355   -132.607295  6  4  3  92       
PG20  -4316.584366  17354.798974  19489.835655    527.296515  4  5  5  97       
PG21   8170.051306  19711.065426  16773.508324     23.162872  4  5  4  84       
PG22  24594.967261  -9724.241212  -1128.337873   -772.319863  6  4  4  70       
PG24 -14421.603206  16403.843426  14653.450145    -15.609049  6  4  3  75       
PG25 -13342.457337  15616.376278 -16933.196939     22.846851  6  4  6  89       
PG26  18763.326649   7447.879918 -17405.895838    242.579450  3  5  5  69       
PG27  21495.938101  10039.214922  12132.731349   -344.784620  6  3  5  81       
PG28  -8338.122108 -13546.805100  21828.529953    699.954455  5  2  3  62       
PG29  -3889.144374  16381.792852 -20577.282254   -149.369035  6  5  4  92       
PG30  -2707.215653 -23034.274651  12791.452038   -261.172138  4  3  4  69       
PG31   9628.981182  15281.427170 -19358.727070    -55.328123  3  4  6  85       
PG32  15821.553781  20832.947995   5128.090247    316.281927     5  4  64       
*  2020  7 13 13 30  0.00000000
PG01  13883.365853 -16322.501932  15237.942017     24.940898  7  5  3  89       
PG02 -13992.329154  -6450.530883 -21004.494545   -486.628969  6  4  5  94       
PG03  22438.933959 -12420.314238  -6766.360628   -238.455154  7  5  2  85       
PG04  12094.776256  -9451.554517 -21665.357350   -114.225354  6  3  6  92       
PG05 -23885.151098   -209.714424 -11965.419246    -16.580060  6  4  3  68       
PG06  -7688.101279 -18956.367273 -16866.100836   -302.475090  7  3  5  75       
PG07   5145.109556 -25778.852501    544.662204   -326.292767  5  3  3  77       
PG08  19845.036214    951.779585  17762.901690    -40.813595  7  5  4  90       
PG09    603.810723 -17896.915992 -19660.341376   -252.897837  5  2  4  69       
PG10   5698.225094  14043.070992  21904.813879   -398.446319  2  7  3  81       
PG11  14404.297238  -7510.480109  20554.395454   -222.328105  7  5  6 102       
PG12 -23254.759554  10785.979407  -6876.390093     94.255133  6  5  4  89       
PG13 -20784.753054 -10045.751464  13104.924870     26.377353  7  5  3  73       
PG14  18263.479005  19423.985831    438.220759      1.032844  6  4  2  51       
PG15 -19983.784938   1668.889731  17274.044117   -217.839830  6  6  3  89       
PG16  25065.810900    695.718982  -9627.290684   -182.214482  7  4  5  61       
PG17 -13151.857718 -21464.123839   8963.738042    295.267356  6  3  2  76       
PG18  -5677.622014  25927.279474    362.084424    245.159004  6  6  4  77       
PG19 -17779.220186 -19751.039834    415.945339   -132.602622  6  5  3  81       
PG20  -6375.745143  18105.347023  18183.781216    527.296244  5  5  5  80       
PG21   7740.408013  21337.963811  14804.983733     23.166788  4  5  4  59       
PG22  24714.786106  -9395.574687   1676.133149   -772.317371  6  3  4  91       
PG24 -14350.729147  14549.829032  16566.200147    -15.609328  6  4  3  82       
PG25 -15111.834307  15960.990206 -14961.718895     22.850708  7  4  5  92       
PG26  16849.932456   8249.022781 -18918.347604    242.585572  3  5  5  75       
PG27  22297.313386  11015.612777   9639.725745   -344.793263  5  4  4  80       
PG28  -5993.559644 -14050.531305  22300.194429    699.951478  5  2  3  65       
PG29  -5551.918718  14662.168844 -21478.553740   -149.376923  6  5  4  87       
PG30  -2083.937386 -24246.239288  10422.358050   -261.179083  4  3  4  61       
PG31   8927.005215  17308.251274 -17891.625765    -55.330250  2  5  6  88       
PG32  15122.479695  20513.816567   7837.245536    316.287498     5  4  65       
*  2020  7 13 13 45  0.00000000
PG01  13706.081113 -14421.190307  17192.968099     24.944804  7  6  3  87       
PG02 -13678.435147  -8929.611674 -20316.909626   -486.634116  6  4  5  96       
PG03  23092.408662 -12407.891771  -3981.810809   -238.465562  7  5  2  91       
PG04  13910.605134  -7795.903694 -21233.504884   -114.229514  6  3  6  84       
PG05 -22599.539881   -955.516283 -14221.606841    -16.581222  6  5  4  84       
PG06  -7244.536079 -20728.655945 -14860.733875   -302.479773  6  3  5  97       
PG07   5433.319883 -25587.210041  -2321.908535   -326.300454  5  3  3  77       
PG08  21256.354985   2253.761677  15939.500219    -40.815239  7  5  5  69       
PG09   2462.553141 -16536.180515 -20684.339937   -252.903746  4  2  4  66       
PG10   3368.942975  14896.567901  21801.334658   -398.455935  2  6  3 107       
PG11  15153.197580  -5146.165179  20709.162552   -222.318489  6  5  6  93       
PG12 -23889.680748  10755.402087  -4068.778789     94.250776  6  4  5  73       
PG13 -21581.491201 -11182.822999  10706.433440     26.380250  6  5  4  88       
PG14  17971.555432  19475.962931   3271.749067      1.035133  6  4  2  69       
PG15 -21477.339495    432.641941  15534.277774   -217.837427  6  6  3  81       
PG16  23947.164800   1150.664874 -12121.734244   -182.218777  6  4  5  75       
PG17 -12230.331461 -20820.607794  11534.895961    295.272755  6  3  2  42       
PG18  -5897.415851  25761.279368  -2499.164704    245.167569  7  6  4  86       
PG19 -17470.176072 -19711.129305   3300.430296   -132.598068  6  5  2  95       
PG20  -8250.990805  18876.185587  16560.569134    527.296420  5  6  6  90       
PG21   7418.890022  22759.831800  12596.586505     23.170942  4  5  5  41       
PG22  24563.216585  -8942.090979   4451.558289   -772.315125  6  4  4  97       
PG24 -14344.036275  12495.335162  18185.598213    -15.609674  6  4  3  92       
PG25 -16640.613575  16316.920046 -12733.613515     22.854532  7  4  5  92       
PG26  14836.784328   9202.915905 -20108.280865    242.591663  4  5  5  85       
PG27  22928.179695  11757.857079   6982.878616   -344.801884  5  5  5  82       
PG28  -3652.128099 -14693.021293  22407.774373    699.948252  5  3  2  56       
PG29  -7366.690865  12982.484452 -22011.569987   -149.384553  6  5  4  94       
PG30  -1576.689994 -25214.903233   7872.136735   -261.186010  3  2  4  63       
PG31   8364.564665  19190.527333 -16112.654221    -55.332549  2  4  6  93       
PG32  14178.853886  20041.480372  10413.070711    316.293086     5  4  72       
*  2020  7 13 14  0  0.00000000
PG01  13608.273172 -12307.790059  18843.115121     24.948704  7  6  3  82       
PG02 -13494.054801 -11317.213906 -19259.666520   -486.638981  6  4  4  87       
PG03  23453.134691 -12300.606555  -1128.388351   -238.475963  7  5  2  78       
PG04  15754.926613  -6279.954566 -20436.058436   -114.233594  6  2  6  86       
PG05 -21137.746135  -1869.827063 -16237.375049    -16.582167  5  5  4  77       
PG06  -6925.183547 -22281.243960 -12598.291272   -302.484591  6  3  4  60       
PG07   5693.584887 -25085.529659  -5147.105885   -326.308431  5  4  4  88       
PG08  22554.689386   3348.981642  13844.975695    -40.816718  7  5  5  62       
PG09   4465.792536 -15216.669984 -21353.857556   -252.909519  4  3  5  76       
PG10   1115.955336  15860.361526  21325.193630   -398.465750  2  5  4  99       
PG11  16002.968103  -2816.434645  20491.543731   -222.308744  6  5  6 105       
PG12 -24222.536079  10648.386109  -1190.790566     94.246280  5  4  5  85       
PG13 -22232.899111 -12080.142295   8123.666281     26.383211  6  5  4  75       
PG14  17446.285776  19335.131605   6049.886232      1.038060  6  4  2  77       
PG15 -22841.677955   -621.447398  13525.633769   -217.835137  6  6  3  77       
PG16  22602.265784   1753.314565 -14414.562436   -182.223152  6  5  5  51       
PG17 -11062.605926 -20053.196570  13911.978815    295.278085  6  3  2  56       
PG18  -6082.797319  25288.066490  -5317.330099    245.176141  8  7  5  79       
PG19 -16916.416708 -19472.448908   6127.980069   -132.593462  5  5  2  63       
PG20  -9917.214322  19631.005914  14648.214558    527.296236  6  6  6  78       
PG21   7179.646487  23945.158704  10182.980752     23.175441  3  4  5  33       
PG22  24161.593643  -8335.845829   7150.008632   -772.312739  6  4  4  83       
PG24 -14425.774871  10278.232125  19483.343599    -15.610007  6  5  2  81       
PG25 -17909.131821  16645.657675 -10286.317674     22.858340  7  4  5  82       
PG26  12769.145487  10307.289811 -20954.912637    242.597780  4  5  5  85       
PG27  23351.812439  12281.863643   4207.655333   -344.810529  4  5  4  76       
PG28  -1359.649007 -15463.452589  22150.030945    699.945060  5  3  3  77       
PG29  -9302.312941  11382.373454 -22167.349754   -149.392039  6  6  5  90       
PG30  -1158.342750 -25913.533783   5184.929741   -261.192995  4  3  4  65       
PG31   7926.733562  20885.040252 -14051.900093    -55.334891     4  5  84       
PG32  12985.206041  19454.614666  12811.823426    316.298636     5  4  69       
*  2020  7 13 14 15  0.00000000
PG01  13616.625937 -10023.080519  20159.356205     24.952640  7  6  3  72       
PG02 -13427.315875 -13564.546473 -17853.128477   -486.644316  5  5  4  96       
PG03  23530.908532 -12061.815121   1744.565484   -238.486385  7  5  3  72       
PG04  17584.246542  -4924.235899 -19286.848609   -114.237713  6  1  6  97       
PG05 -19541.009100  -2961.555420 -17978.682346    -16.582455  5  5  4  93       
PG06  -6703.070080 -23579.454119 -10117.959841   -302.489275  6  3  3  61       
PG07   5962.556275 -24277.954652  -7880.347583   -326.316150  5  4  4  82       
PG08  23697.081372   4241.246631  11515.258174    -40.817734  6  5  5  68       
PG09   6580.152762 -13972.223154 -21657.524187   -252.915384  3  3  5  95       
PG10  -1019.101756  16908.762904  20483.759982   -398.475376  3  5  4  97       
PG11  16933.888030   -565.049523  19904.612977   -222.299023  6  5  6  76       
PG12 -24260.296078  10426.519493   1707.839036     94.241657  5  4  6  93       
PG13 -22700.343213 -12748.087028   5401.300642     26.386107  5  5  4  73       
PG14  16672.392308  19036.207457   8725.961120      1.040416  6  4  3  71       
PG15 -24037.379532  -1499.274662  11284.001305   -217.832728  6  6  3  63       
PG16  21068.451508   2523.508578 -16467.639582   -182.227298  5  6  4  77       
PG17  -9650.641219 -19205.115458  16055.926778    295.283414  6  3  2  90       
PG18  -6271.493577  24511.820596  -8043.845667    245.184654  9  8  6  63       
PG19 -16100.232373 -19070.188879   8849.455925   -132.588895  5  5     45       
PG20 -11356.981796  20330.972377  12479.907457    527.296240  6  7  6  94       
PG21   6992.029484  24868.392926   7602.434720     23.179046  4  3  5  52       
PG22  23537.848838  -7554.085479   9725.143994   -772.310693  6  4  5  85       
PG24 -14613.829418   7941.338034  20437.047563    -15.610628  6  5  3  83       
PG25 -18906.091670  16906.966421  -7661.327631     22.862195  7  4  5  89       
PG26  10692.224904  11551.927492 -21443.218930    242.603933  4  5  6  93       
PG27  23536.624450  12610.804615   1361.266140   -344.819174  4  5  4  60       
PG28    840.692700 -16343.421159  21531.355618    699.942047  4  3  3  84       
PG29 -11321.254898   9895.894578 -21943.353449   -149.400008  6  5  5  96       
PG30   -797.598054 -26322.831732   2407.399428   -261.199951  3  3  4  95       
PG31   7591.668077  22353.362785 -11744.663413    -55.336841     5  5  77       
PG32  11544.372685  18793.451177  14992.768320    316.304237     6  5  63       
*  2020  7 13 14 30  0.00000000
PG01  13750.804795  -7613.226098  21118.799945     24.956573  6  6  3  79       
PG02 -13458.806781 -15627.314996 -16124.143393   -486.649456  5  5  3  78       
PG03  23343.835458 -11658.451342   4587.280712   -238.496787  7  6  4  96       
PG04  19353.105246  -3741.343812 -17805.750707   -114.241915  6     6 105       
PG05 -17852.820855  -4231.791164 -19416.043147    -16.583443  5  5  5  90       
PG06  -6545.883048 -24595.862644  -7462.691085   -302.493928  5  2  3  85       
PG07   6275.655973 -23177.873802 -10472.481251   -326.324137  5  4  4  91       
PG08  24643.548726   4942.421300   8990.133020    -40.819119  6  6  5  58       
PG09   8766.770041 -12830.934114 -21590.212358   -252.921225  2  4  5  97       
PG10  -2999.739486  18009.761704  19290.675498   -398.485002  3  4  4  94       
PG11  17919.800728   1568.124920  18958.423468   -222.289294  6  5  6  78       
PG12 -24018.678318  10054.425226   4576.718940     94.236862  5  4  6  86       
PG13 -22949.460951 -13204.829659   2586.262301     26.389342  5  5  4  96       
PG14  15642.329423  18617.256449  11255.327413      1.042904  6  4  3  62       
PG15 -25028.670584  -2214.119915   8848.924311   -217.830756  7  5  4  87       
PG16  19387.323130   3473.806362 -18246.664260   -182.231337  4  6  3  64       
PG17  -8004.871909 -18319.521704  17931.768904    295.288572  5  3  3  81       
PG18  -6500.064905  23445.539840 -10631.749737    245.193210  9  8  6  82       
PG19 -15012.327107 -18543.512098  11417.216337   -132.584282  5  5     41       
PG20 -12561.024990  20936.292400  10093.422801    527.296193  6  7  6  85       
PG21   6821.806656  25510.858322   4896.372037     23.183089  4  3  5  30       
PG22  22725.341467  -6580.300604  12133.002907   -772.308213  5  4  5  88       
PG24 -14918.931423   5530.884376  21030.620286    -15.610668  5  5  2  84       
PG25 -19628.895162  17060.551630  -4903.529928     22.866105  7  4  5  95       
PG26   8649.591105  12918.891574 -21564.223086    242.610085  4  5  6  70       
PG27  23457.400766  12774.019065  -1508.108547   -344.827845  4  5  4  42       
PG28   2909.721377 -17307.567346  20561.698458    699.938782  3  4  3  80       
PG29 -13380.890884   8550.346157 -21343.517128   -149.407497  6  6  6  88       
PG30   -460.419814 -26431.671878   -412.103335   -261.206903  3  4  4  82       
PG31   7331.602767  23563.287071  -9230.863877    -55.339450  1  5  5  70       
PG32   9867.567764  18098.172443  16918.841499    316.309840     6  5  71       
*  2020  7 13 14 45  0.00000000
PG01  14022.596220  -5128.102557  21705.099446     24.960477  6  6  3  78       
PG02 -13562.538617 -17467.309922 -14105.386021   -486.654736  4  4  3  73       
PG03  22917.544347 -11062.506191   7350.439018   -238.507204  7  6  3  82       
PG04  21015.726490  -2735.631273 -16018.336673   -114.246035  7     6 105       
PG05 -16117.360376  -5673.580022 -20525.002403    -16.583774  5  5  5  84       
PG06  -6417.407820 -25311.263050  -4678.443730   -302.498606  4  2  2  53       
PG07   6665.418758 -21807.500155 -12876.782472   -326.331950  5  4  4  81       
PG08  25358.579559   5471.765636   6312.577418    -40.820744  6  6  5  64       
PG09  10982.604146 -11814.161418 -21153.118495   -252.927086  2  5  5  86       
PG10  -4795.847214  19126.194619  17765.677630   -398.494407  3  3  5  86       
PG11  18929.125680   3548.553977  17669.840684   -222.279715  6  6  6  69       
PG12 -23521.502694   9501.359376   7365.703954     94.232567  4  4  6  92       
PG13 -22951.540871 -13475.426145   -273.087228     26.392293  4  5  4  68       
PG14  14356.671314  18118.138318  13596.036659      1.045615  5  3  3  57       
PG15 -25784.722857  -2785.864531   6262.859347   -217.828222  6  5  3  81       
PG16  17603.281319   4608.840577 -19721.691313   -182.235618  4  6  3  57       
PG17  -6143.943108 -17437.863258  19509.097233    295.293705  5  3  4  77       
PG18  -6802.300580  22110.606363 -13036.496824    245.201779  9  9  7  55       
PG19 -13652.418912 -17933.942787  13785.990769   -132.579589  5  5     44       
PG20 -13528.411201  21407.841781   7530.438854    527.296273  7  7  6  66       
PG21   6632.534647  25861.460182   2108.855544     23.187012  4  4  5  63       
PG22  21761.503661  -5405.031406  14332.733874   -772.305903  4  4  5  72       
PG24 -15344.182040   3094.857760  21254.522440    -15.611095  5  5  2  89       
PG25 -20083.647584  17067.764936  -2060.451093     22.870048  7  5  4  74       
PG26   6681.648920  14383.057283 -21315.188520    242.616249  4  5  7  92       
PG27  23096.299679  12805.708537  -4352.093183   -344.836513  3  4  4  45       
PG28   4813.504086 -18324.449889  19256.441351    699.935623  3  4  4  62       
PG29 -15434.987278   7365.350618 -20378.179386   -149.415312  6  6  6  95       
PG30   -111.577775 -26237.534133  -3224.410179   -261.213958  3  4  3  77       
PG31   7114.104645  24490.029535  -6554.341534    -55.341609  2  5  5  75       
PG32   7974.142796  17407.321085  18557.256695    316.315422     5  5  75       
*  2020  7 13 15  0  0.00000000
PG01  14435.387769  -2619.484730  21908.719682     24.964447  5  6  3  73       
PG02 -13707.185714 -19053.716864 -11834.582445   -486.659670  4  4  3  85       
PG03  22284.116497 -10252.318090   9986.051156   -238.517584  7  6  4  80       
PG04  22527.688841  -1903.222771 -13955.430045   -114.250235  7  1  6 100       
PG05 -14377.912322  -7272.002004 -21286.536773    -16.584431  5  5  5 101       
PG06  -6279.121444 -25715.319900  -1813.374418   -302.503240  4  1  2  99       
PG07   7159.951059 -20197.085739 -15049.911924   -326.339795  5  3  4  92       
PG08  25812.467736   5854.998015   3528.052985    -40.821260  6  6  4  47       
PG09  13181.914493 -10935.807022 -20353.739807   -252.932904     5  4  91       
PG10  -6384.684511  20217.134592  15934.315272   -398.503962  3  3  5  97       
PG11  19926.121908   5348.241546  16062.211374   -222.270298  6  6  6  77       
PG12 -22799.730138   8742.644585  10025.810967     94.228316  4  5  6  56       
PG13 -22684.690925 -13590.651138  -3127.777576     26.395321  4  5  4  78       
PG14  12824.205283  17578.912736  15709.454469      1.047944  5  3  4  76       
PG15 -26280.756451  -3239.969010   3570.412243   -217.825986  6  5  3  77       
PG16  15761.969110   5924.958474 -20867.601702   -182.239954  3  6  2  87       
PG17  -4094.156488 -16598.329421  20762.467002    295.298575  4  2  4  79       
PG18  -7207.728833  20536.039384 -15216.725391    245.210300 10 10  7  77       
PG19 -12029.496113 -17283.653907  15913.732280   -132.574966  5  4  1  73       
PG20 -14266.383374  21708.778644   4835.777435    527.295922  7  8  6  80       
PG21   6387.053291  25917.148960   -714.000139     23.191185  4  5  4  45       
PG22  20686.354802  -4026.395770  16287.257290   -772.303839  4  4  5  73       
PG24 -15884.901353    681.288094  21105.879330    -15.611489  5  5  2  83       
PG25 -20284.825559  16893.274103    818.562927     22.873919  7  5  5  89       
PG26   4824.236938  15912.934555 -20699.710091    242.622427  4  5  7  98       
PG27  22443.586490  12743.467522  -7122.882723   -344.845161  3  4  4  43       
PG28   6524.406467 -19357.641435  17636.215772    699.932353  3  5  4  82       
PG29 -17435.336358   6352.242516 -19063.902736   -149.422768  5  6  6  91       
PG30    283.755378 -25746.606178  -5980.427206   -261.220894  2  4  3  83       
PG31   6903.535471  25117.155395  -3762.063334    -55.343930  2  5  5  60       
PG32   5891.044855  16756.283022  19880.044812    316.321027     5  5  88       
*  2020  7 13 15 15  0.00000000
PG01  14984.007668   -139.173091  21727.059977     24.968355  5  6  4  86       
PG02 -13857.540833 -20364.098754  -9353.646808   -486.664864  3  3  4  86       
PG03  21480.770331  -9213.620851  12448.314139   -238.528003  7  6  5  86       
PG04  23847.555306  -1232.352364 -11652.571800   -114.254425  7  2  5 107       
PG05 -12675.327408  -9004.552021 -21687.376887    -16.584997  5  5  5  90       
PG06  -6091.879227 -25806.887719   1083.008170   -302.507823  4     2  93       
PG07   7781.577216 -18383.803746 -16952.803320   -326.347675  4  3  4 109       
PG08  25982.441089   6123.119727    683.764488    -40.823001  6  5  4  73       
PG09  15317.845879 -10201.891723 -19205.747260   -252.938780     5  4 104       
PG10  -7751.593756  21239.450114  13827.558161   -398.513605  3  3  5  92       
PG11  20872.345741   6946.655996  14164.876996   -222.260586  6  6  6  74       
PG12 -21890.219622   7760.876960  12510.130502     94.224050  4  5  6  63       
PG13 -22134.752030 -13585.626840  -5929.056613     26.398017  3  5  4  61       
PG14  11061.731914  17038.264890  17560.816140      1.050451  5  3  4  89       
PG15 -26498.911430  -3606.256367    817.568081   -217.823663  6  5  4  63       
PG16  13908.674015   7410.164983 -21664.515189   -182.244077  2  7  1  94       
PG17  -1888.649434 -15834.444434  21671.723747    295.304229  2  2  5  95       
PG18  -7740.299375  18757.465034 -17134.968283    245.218836  9 10  8  95       
PG19 -10161.712026 -16633.721482  17762.429353   -132.570400  5  4  3  78       
PG20 -14789.877364  21806.079458   2056.582261    527.296251  7  8  6  95       
PG21   6049.053350  25683.115213  -3524.689130     23.195798  4  6  4  84       
PG22  19540.944121  -2450.323738  17963.849661   -772.301355  3  4  5  81       
PG24 -16528.806375  -1663.445728  20588.459648    -15.611195  5  5  2  66       
PG25 -20254.616955  16506.629422   3683.223701     22.877752  7  5  5 103       
PG26   3107.399802  17471.751319 -19727.699596    242.628675  3  5  7  88       
PG27  21498.076059  12626.703471  -9773.989999   -344.853823  3  4  4  75       
PG28   8021.937129 -20367.012900  15726.663573    699.929449  3  5  4  78       
PG29 -19333.474217   5513.782428 -17423.192518   -149.430536  5  6  6  84       
PG30    758.419919 -24973.552267  -8632.029223   -261.227823  2  5  3 107       
PG31   6662.662160  25437.180258   -903.251756    -55.346227  2  5  5  77       
PG32   3651.991477  16175.900902  20864.519296    316.326654  1  5  5  88       
*  2020  7 13 15 30  0.00000000
PG01  15654.926714   2262.862154  21164.432939     24.972287  5  6  4  92       
PG02 -13976.113517 -21385.017736  -6707.761211   -486.670028  3  3  4  52       
PG03  20548.354160  -7940.305807  14694.431164   -238.538441  7  6  5  74       
PG04  24938.398868   -704.010877  -9149.406417   -114.258637  7  2  5  76       
PG05 -11046.580030 -10841.810902 -21720.245667    -16.585397  5  4  5 102       
PG06  -5817.627032 -25593.983677   3960.709954   -302.512448  3     2  71       
PG07   8545.735980 -16410.346444 -18551.455939   -326.355201  4  3  4  94       
PG08  25853.541812   6311.045373  -2172.105244    -40.824756  5  5  4  78       
PG09  17344.064523  -9610.442689 -17728.756661   -252.944631  2  6  4 100       
PG10  -8890.402736  22149.475951  11481.303048   -398.523192  3  5  5  82       
PG11  21728.235907   8331.332655  12012.546497   -222.250736  6  6  6  68       
PG12 -20834.251159   6546.852640  14774.713089     94.219963  4  5  6  95       
PG13 -21295.924057 -13498.299734  -8629.204519     26.400940  3  5  4  67       
PG14   9093.582831  16532.004889  19119.719091      1.052830  4  4  4  99       
PG15 -26428.861843  -3917.551647  -1949.072773   -217.821338  5  5  4  74       
PG16  12086.743652   9044.372898 -22098.140323   -182.248573  2  7     94       
PG17    433.661961 -15173.849226  22222.258438    295.309168  2  2  5  90       
PG18  -8417.290012  16815.843044 -18758.293718    245.227365  9 10  8  70       
PG19  -8075.914942 -16022.417512  19298.856924   -132.565675  5  4  3  74       
PG20 -15120.736994  21671.933691   -758.546850    527.296249  7  8  6  96       
PG21   5584.664065  25172.696111  -6275.046909     23.199552  4  6  4  71       
PG22  18365.781482   -690.493033  19334.643909   -772.299175  3  4  5  74       
PG24 -17256.505521  -3896.224094  19712.524652    -15.611229  5  5  3  78       
PG25 -20021.954432  15883.660023   6483.216747     22.881462  6  5  5  95       
PG26   1554.383713  19018.759494 -18415.262394    242.634864  3  6  8  94       
PG27  20267.270373  12495.003842 -12260.966757   -344.862534  2  3  4  91       
PG28   9293.351669 -21310.168433  13558.138323    699.926217  2  6  4  82       
PG29 -21082.418356   4844.206758 -15484.117809   -149.438384  5  6  7  84       
PG30   1341.763586 -23940.956846 -11132.937183   -261.234801  2  5  2 102       
PG31   6354.347320  25451.819941   1971.545045    -55.348582  3  5  4  36       
PG32   1296.391680  15691.269475  21493.660507    316.332283  1  5  5  89       
*  2020  7 13 15 45  0.00000000
PG01  16426.809172   4540.243263  20231.905334     24.976166  5  6  5 105       
PG02 -14024.796972 -22112.283545  -3944.428786   -486.674913  3  3  5  72       
PG03  19529.707096  -6434.866198  16685.377899   -238.549005  7  5  6 104       
PG04  25769.165504   -292.876112  -6488.998819   -114.262828  7  3  5  57       
PG05  -9523.475800 -12748.384785 -21384.008108    -16.586413  5  4  6 102       
PG06  -5421.071343 -25093.416383   6770.122807   -302.517036  4  2  3  78       
PG07   9460.178034 -14323.301293 -19817.608919   -326.363132  4  3  4 100       
PG08  25419.227266   6456.090131  -4991.174054    -40.825628  5  4  4  61       
PG09  19216.383111  -9151.696926 -15948.001274   -252.950434  1  6  4  87       
PG10  -9803.498353  22904.730925   8935.782169   -398.532777  4  5  5  76       
PG11  22454.752748   9498.128231   9644.548804   -222.241359  6  6  5  71       
PG12 -19675.873545   5100.171311  16779.409563     94.215073  4  5  6  89       
PG13 -20171.082496 -13367.824324 -11182.322443     26.403699  3  5  5  85       
PG14   6950.875366  16091.691692  20360.550295      1.055569  5  4  4 105       
PG15 -26068.156060  -4208.231039  -4683.041845   -217.819082  5  5  4  81       
PG16  10336.069745  10799.955843 -22160.055625   -182.253053  2  7  2  86       
PG17   2829.338869 -14637.309821  22405.191787    295.314185  1  3  6  87       
PG18  -9248.479986  14755.999657 -20058.866119    245.235778  9 10  8  92       
PG19  -5806.826145 -15483.613403  20495.246866   -132.561172  5  4  4  77       
PG20 -15286.660392  21284.939760  -3560.445049    527.295943  7  8  6  77       
PG21   4964.001230  24406.982686  -8917.050379     23.203662  4  7  4  66       
PG22  17199.315172   1232.028437  20377.041560   -772.296813  2  4  5  99       
PG24 -18042.284046  -5978.645919  18494.556664    -15.612288  5  5  3  74       
PG25 -19621.277949  15007.638593   9169.138359     22.885230  5  5  6  56       
PG26    180.895665  20510.715871 -16784.463967    242.641057  3  7  8  91       
PG27  18767.187637  12386.508710 -14542.090969   -344.871196  2  4  4  58       
PG28  10333.993330 -22143.987566  11165.344144    699.923166  3  6  4  95       
PG29 -22638.359633   4329.610937 -13279.840192   -149.445611  4  6  7  93       
PG30   2058.277114 -22678.465383 -13439.560158   -261.241806  2  5  3  97       
PG31   5943.247241  25171.875226   4811.419487    -55.351034  3  5  4  38       
PG32  -1131.948506  15320.758148  21756.413020    316.337949  2  5  4  94       
*  2020  7 13 16  0  0.00000000
PG01  17271.384423   6651.783253  18947.009994     24.979985  5  6  4  92       
PG02 -13966.529885 -22550.832958  -1112.527500   -486.679936  4  3  5  68       
PG03  18467.953775  -4708.504801  18386.599837   -238.559426  7  5  6  78       
PG04  26315.822639     31.510883  -3717.093934   -114.266959  7  3  5  78       
PG05  -8131.556970 -14684.081166 -20683.728475    -16.586908  5  4  6  96       
PG06  -4871.241194 -24330.086669   9462.884755   -302.521657  4  3  4  80       
PG07  10524.500375 -12171.378477 -20729.279134   -326.371355  4  3  3 101       
PG08  24681.669224   6596.369845  -7725.642656    -40.826668  5  4  4  97       
PG09  20894.313816  -8808.612706 -13893.910779   -252.956239  2  6  4  87       
PG10 -10501.565284  23465.614992   6234.882120   -398.542383  4  6  4  75       
PG11  23014.996649  10451.120201   7103.989647   -222.231634  6  5  5  90       
PG12 -18460.144252   3429.487347  18488.644797     94.211043  4  5  5  90       
PG13 -18771.775687 -13232.915676 -13545.084309     26.406784  3  5  5  73       
PG14   4670.531393  15743.427385  21262.847328      1.058173  5  4  5 102       
PG15 -25422.277316  -4512.735053  -7338.724111   -217.816647  5  5  4  71       
PG16   8691.694258  12642.589882 -21847.915380   -182.257325  3  7  3  96       
PG17   5251.832210 -14237.983544  22217.488584    295.319549  1  3  6  92       
PG18 -10235.622177  12625.023391 -21014.417654    245.244319  8 10  8  97       
PG19  -3395.894387 -15045.362712  21329.859355   -132.556556  4  4  5  90       
PG20 -15319.922342  20631.053554  -6300.279416    527.295719  6  8  6  85       
PG21   4162.612662  23414.127517 -11403.676334     23.207732  4  7  4  66       
PG22  16076.512362   3289.416672  21074.034362   -772.294203  2  4  5  86       
PG24 -18855.143526  -7878.283954  16956.878359    -15.613204  5  5  4  66       
PG25 -19091.074409  13870.161639  11693.431646     22.888925  4  5  6  95       
PG26  -1005.342624  21903.482268 -14862.987256    242.647225  3  7  8  92       
PG27  17021.889601  12336.346805 -16579.013499   -344.879789  3  4  4  89       
PG28  11147.354032 -22826.226553   8586.908741    699.919747  4  6  4  82       
PG29 -23962.244786   3948.651003 -10848.057565   -149.453547  3  6  7  92       
PG30   2926.427237 -21221.657572 -15511.784016   -261.248785  2  4  3  98       
PG31   5397.443514  24616.754827   7566.083360    -55.353337  3  5  4  68       
PG32  -3586.289647  15075.298076  21647.890589    316.343554  2  5  4 101       
*  2020  7 13 16 15  0.00000000
PG01  18154.598193   8562.859058  17333.340820     24.983827  4  5  4  84       
PG02 -13766.884310 -22714.260954   1738.611351   -486.685011  4  3  6  63       
PG03  17404.801241  -2780.899528  19768.626941   -238.569868  7  5  6  64       
PG04  26562.249187    303.369842   -881.331612   -114.271157  8  3  5  58       
PG05  -6889.247279 -16605.281018 -19630.631564    -16.587689  6  4  6  87       
PG06  -4142.880652 -23335.988990  11992.713661   -302.526268  5  4  4  65       
PG07  11730.036657 -10003.569621 -21271.149860   -326.378736  4  3  3  98       
PG08  23651.740124   6769.172943 -10329.070013    -40.827323  4  4  4  92       
PG09  22342.490785  -8557.669352 -11601.602850   -252.962071  2  6  3  84       
PG10 -11002.996987  23797.017290   3425.383862   -398.551974  4  7  4  72       
PG11  23375.733202  11202.161972   4436.840118   -222.222183  6  5  5  60       
PG12 -17231.334550   1552.394305  19872.105539     94.206924  5  5  5  88       
PG13 -17117.904256 -13130.232937 -15677.441329     26.409585  3  5  4 104       
PG14   2294.094377  15506.861691  21811.591773      1.060665  5  4  5 102       
PG15 -24504.427850  -4864.099411  -9872.046851   -217.814540  4  5  4  86       
PG16   7182.588922  14532.359613 -21165.573038   -182.261732  3  8  4 101       
PG17   7653.004952 -13980.966295  21662.002401    295.324764  2  4  6  81       
PG18 -11372.234590  10470.585310 -21608.622984    245.252838  8 10  7  98       
PG19   -889.870254 -14728.725465  21787.438502   -132.551940  4  5  5  78       
PG20 -15255.926620  19704.251670  -8930.432700    527.295582  6  8  6  82       
PG21   3162.756404  22228.364705 -13689.804286     23.211363  3  7  4  74       
PG22  15027.592889   5447.976296  21414.434306   -772.292011  2  3  5  97       
PG24 -19660.049080  -9569.691391  15127.176099    -15.615192  5  5  4  65       
PG25 -18472.253533  12471.703757  14011.299523     22.892643  4  5  6 112       
PG26  -2004.726317  23153.683525 -12683.683937    242.653386  3  8  8  84       
PG27  15062.723735  12375.190443 -18337.357543   -344.888437  4  5  3  97       
PG28  11744.847094 -23317.127047   5864.887646    699.916570  4  6  4  74       
PG29 -25021.189691   3673.536567  -8230.371505   -149.461185  3  6  7  93       
PG30   3957.735139 -19610.699217 -17313.690514   -261.255712  3  5  4  82       
PG31   4689.937060  23813.656403  10186.834594    -55.355573  3  5  4  58       
PG32  -6018.538845  14957.961711  21169.484396    316.349244  2  5  4  98       
*  2020  7 13 16 30  0.00000000
PG01  19037.991613  10246.509595  15420.045112     24.987673  4  4  4  76       
PG02 -13395.518302 -22624.037631   4560.080342   -486.690246  4  3  6  60       
PG03  16378.906157   -679.635669  20807.593706   -238.580352  7  4  6  90       
PG04  26500.833323    559.159578   1969.569702   -114.275304  7  3  6  54       
PG05  -5807.269805 -18466.458729 -18241.965547    -16.588115  6  5  6  84       
PG06  -3217.617623 -22148.953583  14316.199885   -302.530898  5  5  5  69       
PG07  13060.105099  -7867.319521 -21434.803359   -326.386893  4  4  2 100       
PG08  22348.685858   7009.364382 -12757.131583    -40.828438  4  4  4  98       
PG09  23531.908239  -8369.924826  -9110.294934   -252.967892  3  6  3  88       
PG10 -11333.000074  23869.769091    556.137095   -398.561630  5  8  4  33       
PG11  23508.759091  11770.121108   1690.985582   -222.212760  6  5  5  45       
PG12 -16031.175208   -505.055376  20905.325079     94.202661  5  5  5  68       
PG13 -15237.095879 -13092.854254 -17543.269816     26.412521  4  5  5  82       
PG14   -133.615379  15394.439813  21997.433607      1.063542  5  4  5 115       
PG15 -23335.048930  -5292.554908 -12241.130240   -217.812098  4  6  5  84       
PG16   5830.655024  16425.094849 -20123.115146   -182.266124  3  8  4  92       
PG17   9984.714514 -13863.135765  20747.450372    295.329916  1  4  6  77       
PG18 -12643.719203   8339.248051 -21831.371478    245.261443  7  9  7  96       
PG19   1660.842869 -14546.886548  21859.538434   -132.547214  4  6  6  79       
PG20 -15131.648829  18506.883691 -11405.355438    527.295951  5  8  6  84       
PG21   1954.448440  20888.767426 -15733.144406     23.215753  3  7  4  75       
PG22  14076.960499   7669.241628  21393.012255   -772.289742  1  3  5  83       
PG24 -20419.331147 -11035.126382  13037.941674    -15.616671  5  6  5  84       
PG25 -17806.427453  10821.818188  16081.571983     22.896379  4  5  7 109       
PG26  -2825.577052  24220.358461 -10284.025190    242.659499  3  8  7  66       
PG27  12927.306200  12527.980861 -19787.264445   -344.897074  4  5  2  86       
PG28  12145.291556 -23580.977417   3044.197503    699.913387  5  6  4  89       
PG29 -25789.669658   3471.277100  -5471.587901   -149.468676  2  6  6  90       
PG30   5156.137787 -17888.828119 -18814.192461   -261.262597  3  5  4  90       
PG31   3799.939575  22796.441238  12627.487717    -55.357886  3  4  4  80       
PG32  -8380.888474  14963.852327  20328.871195    316.354905  3  5  4  84       
*  2020  7 13 16 45  0.00000000
PG01  19880.248629  11684.221683  13241.228896     24.991541  4  4  3  70       
PG02 -12827.441593 -22308.455355   7304.213818   -486.695409  4  3  7  67       
PG03  15424.377464   1560.672970  21485.654888   -238.590814  7  4  6  82       
PG04  26132.755319    835.970022   4786.646633   -114.279508  7  4  6  73       
PG05  -4888.362049 -20221.795221 -16540.765002    -16.588704  6  5  6  55       
PG06  -2084.863781 -20811.179291  16393.544506   -302.535482  5  5  5  48       
PG07  14490.598478  -5806.790262 -21218.796425   -326.394648  5  4  2  98       
PG08  20799.495602   7347.880986 -14968.350012    -40.829433  4  4  4  94       
PG09  24440.927026  -8212.290718  -6462.645200   -252.973695  3  6  4  92       
PG10 -11522.426206  23661.880912  -2322.815396   -398.571095  5  8  5  57       
PG11  23392.052472  12179.842226  -1084.736912   -222.203305  6  4  5  64       
PG12 -14897.216809  -2709.177493  21570.150169     94.198475  6  5  6  69       
PG13 -13163.799297 -13148.899648 -19110.953938     26.415612  4  5  4 105       
PG14  -2565.962561  15410.919154  21816.844948      1.065809  5  4  5 109       
PG15 -21941.097050  -5824.243766 -14406.895352   -217.809807  3  6  5  84       
PG16   4649.984328  18273.894707 -18736.798930   -182.270445  3  7  5  83       
PG17  12200.403579 -13873.296872  19488.317133    295.335103  1  4  6  90       
PG18 -14027.803592   6274.828067 -21678.932921    245.269959  6  9  7 100       
PG19   4203.993606 -14504.608111  21544.709520   -132.542596  4  6  6  86       
PG20 -14984.034100  17049.701086 -13682.369483    527.295332  5  8  6  89       
PG21    536.221758  19437.782390 -17495.166176     23.220051  3  7  4  72       
PG22  13242.367983   9911.252943  21010.546288   -772.287341  1  3  5  77       
PG24 -21094.184301 -12264.973319  10725.847338    -15.617939  5  6  5  86       
PG25 -17134.166802   8938.971384  17867.505675     22.900076  4  5  6 102       
PG26  -3483.635961  25066.538010  -7705.460090    242.665703  4  9  7  73       
PG27  10658.280142  12812.869991 -20903.879567   -344.905695  4  6  1  96       
PG28  12374.117344 -23587.570409    171.977696    699.909921  5  6  4  87       
PG29 -26250.441240   3305.133811  -2618.961766   -149.476465     6  6  82       
PG30   6517.657475 -16100.735747 -19987.572947   -261.269494  3  5  4  81       
PG31   2713.906863  21604.252025  14845.245138    -55.360063  3  4  4  74       
PG32 -10627.453387  15080.309754  19139.919108    316.360577  3  5  4  84       
*  2020  7 13 17  0  0.00000000
PG01  20638.847422  12866.380535  10835.291607     24.995387  3  4  3  62       
PG02 -12044.053468 -21801.357981   9925.336045   -486.700282  4  4  7  81       
PG03  14569.473790   3899.539243  21791.289537   -238.601241  7  3  6  90       
PG04  25467.944876   1169.890722   7521.527739   -114.283744  7  4  6  46       
PG05  -4127.301954 -21826.825118 -14555.514130    -16.589416  6  6  6  80       
PG06   -742.411210 -19367.614634  18189.231013   -302.540085  5  6  5  98       
PG07  15990.885052  -3861.290585 -20628.583487   -326.402623  5  4  2 105       
PG08  19037.990058   7810.374728 -16924.787835    -40.830457  4  4  4  96       
PG09  25056.011003  -8048.975757  -3704.032886   -252.979522  3  5  4  64       
PG10 -11606.377628  23159.511111  -5161.145896   -398.580763  5  9  5  81       
PG11  23010.663787  12460.887453  -3841.486321   -222.193917  5  4  5  66       
PG12 -13861.373839  -5019.796498  21855.078900     94.194072  6  5  6  76       
PG13 -10938.131375 -13320.352669 -20353.896007     26.418827  4  5  4  93       
PG14  -4956.027268  15553.172294  21272.201077      1.068702  5  4  5 108       
PG15 -20355.103709  -6480.095189 -16333.626142   -217.807434  3  6  4  98       
PG16   3646.414074  20030.787433 -17028.887361   -182.274759  3  7  6  89       
PG17  14256.646868 -13992.626719  17904.686402    295.340105  2  4  6  93       
PG18 -15495.288379   4316.873182 -21154.014478    245.278449  6  8  7 106       
PG19   6687.367828 -14598.041080  20848.538449   -132.538013  4  7  6  90       
PG20 -14848.415039  15351.563833 -15722.407743    527.295372  4  8  6  80       
PG21  -1084.452448  17919.594326 -18941.998904     23.223963  4  7  5  87       
PG22  12534.343950  12129.961332  20273.781570   -772.284876  1  3  4  87       
PG24 -21646.203721 -13257.852008   8231.068911    -15.617760  5  6  6  44       
PG25 -16493.307925   6850.015765  19337.495292     22.903793  4  5  5  98       
PG26  -4001.258545  25660.686675  -4992.692260    242.672032  5 10  7  74       
PG27   8301.891534  13240.417835 -21667.771819   -344.914305  4  6    101       
PG28  12462.310615 -23313.500845  -2703.118197    699.906856  5  6  4  92       
PG29 -26395.159947   3136.221379    278.601826   -149.483999     6  6  85       
PG30   8030.391886 -14290.910185 -20813.919254   -261.276394  3  4  5  81       
PG31   1426.270725  20279.934462  16801.488643    -55.362481  3  3  4  98       
PG32 -12715.845543  15287.426869  17622.490118    316.366201  3  5  3  77       
*  2020  7 13 17 15  0.00000000
PG01  21271.749580  13792.375483   8244.206546     24.999246  3  4  3  54       
PG02 -11033.923261 -21140.708364  12380.433353   -486.705654  4  4  7  51       
PG03  13835.546698   6291.988325  21719.488452   -238.611694  6  2  6  85       
PG04  24524.714820   1594.419317  10127.259431   -114.287886  7  4  7  76       
PG05  -3511.247167 -23240.056132 -12319.711782    -16.590097  6  7  6  56       
PG06    803.296754 -17864.250104  19672.619899   -302.544652  5  6  5  83       
PG07  17524.975920  -2063.933296 -19676.296781   -326.410236  5  4  2  85       
PG08  17103.659629   8416.055763 -18592.691732    -40.831114  4  5  3  89       
PG09  25372.164611  -7843.042297   -881.789438   -252.985345  4  5  4  58       
PG10 -11622.642677  22357.623972  -7909.163363   -398.590422  5  9  6  79       
PG11  22357.316702  12646.115185  -6531.327083   -222.184272  5  4  5  79       
PG12 -12948.713487  -7391.651854  21755.462017     94.189562  6  6  7  85       
PG13  -8604.519605 -13622.124281 -21250.947849     26.421697  5  5  4  79       
PG14  -7258.153102  15810.284920  20371.786317      1.071188  4  5  5 105       
PG15 -18614.052245  -7274.897069 -17989.482569   -217.804980  4  6  5  83       
PG16   2817.399482  21648.467108 -15027.376758   -182.279415  3  7  6  96       
PG17  16114.601893 -14195.407283  16021.998309    295.345134  2  3  6  94       
PG18 -17011.071887   2499.312981 -20265.708489    245.286950  6  8  7  95       
PG19   9060.674833 -14814.904736  19783.540336   -132.533416  4  7  6  89       
PG20 -14757.013421  13438.839078 -17490.677223    527.295366  4  8  6  87       
PG21  -2891.117579  16378.386131 -20045.271911     23.228043  4  7  5  91       
PG22  11955.899737  14280.711785  19195.304066   -772.282489  2  5  4  79       
PG24 -22038.900477 -14020.417912   5596.571224    -15.618703  5  6  6  65       
PG25 -15917.383960   4589.321217  20465.678756     22.907460  4  5  4  97       
PG26  -4406.342521  25977.948255  -2192.887899    242.678285  4  9  6  43       
PG27   5906.431275  13813.076453 -22065.280450   -344.922950  4  6     95       
PG28  12445.129186 -22743.249039  -5531.696926    699.903463  5  6  3  93       
PG29 -26224.669623   2925.197875   3171.377820   -149.491293     6  6  84       
PG30   9674.823639 -12502.006616 -21279.444798   -261.283295  4  4  5  64       
PG31    -60.159800  18868.331429  18462.473723    -55.364725  3  3  4  81       
PG32 -14608.626488  15558.859586  15802.139815    316.371848  3  5  4  78       
*  2020  7 13 17 30  0.00000000
PG01  21739.061545  14470.365179   5512.762968     25.003114  2  4  3  49       
PG02  -9793.295065 -20367.052209  14629.747645   -486.711106  4  5  7  95       
PG03  13236.270573   8690.119010  21271.822694   -238.622144  6  3  6  62       
PG04  23329.085384   2138.971909  12559.107081   -114.292039  7  4  7  61       
PG05  -3020.377951 -24424.498506  -9871.341838    -16.591040  6  7  7  95       
PG06   2537.230323 -16346.387497  20818.457130   -302.549230  4  6  5  93       
PG07  19052.903888   -440.570929 -18380.397056   -326.418002  5  4  2  89       
PG08  15040.293418   9176.780411 -19943.077969    -40.832282  5  5  2  92       
PG09  25393.054278  -7558.015613   1955.607089   -252.991155  4  5  4  89       
PG10 -11610.025421  21260.308179 -10518.728586   -398.600040  4  9  6  86       
PG11  21432.703091  12770.162112  -9108.080791   -222.174689  5  5  5  88       
PG12 -12176.538970  -9776.011367  21273.564101     94.185423  6  6  7  88       
PG13  -6210.189506 -14061.393624 -21786.757691     26.424787  5  5  4 100       
PG14  -9429.460672  16163.948296  19129.721944      1.073766  4  4  4  98       
PG15 -16758.110275  -8216.594311 -19346.962275   -217.802853  4  6  5 112       
PG16   2152.215975  23082.042822 -12765.613798   -182.283971  3  6  6  91       
PG17  17741.313458 -14450.024899  13870.730389    295.350300  2  2  6  91       
PG18 -18535.412799    849.332779 -19029.332322    245.295465  6  7  7  84       
PG19  11277.354795 -15135.026452  18368.905510   -132.528880  3  7  6  92       
PG20 -14737.584589  11344.518271 -18957.234789    527.295177  4  8  6  90       
PG21  -4858.677861  14856.570322 -20782.860540     23.232291  4  7  5  91       
PG22  11502.525223  16319.751905  17793.330822   -772.280344  3  5  4  61       
PG24 -22239.139475 -14566.867800   2867.369262    -15.620243  5  6  6  67       
PG25 -15434.247027   2197.601398  21232.421404     22.911218  4  5  4 101       
PG26  -4731.031049  26001.143807    645.169740    242.684601  4  9  5  70       
PG27   3520.597462  14524.982355 -22088.782616   -344.931632  4  7  2  88       
PG28  12360.628535 -21869.999815  -8264.458454    699.900547  5  5  3  98       
PG29 -25748.951591   2633.977523   6009.668667   -149.499125  1  6  6  71       
PG30  11424.435225 -10773.309563 -21376.695231   -261.290174  4  4  5  84       
PG31  -1734.141845  17414.522934  19799.912921    -55.367009  3  2  4  93       
PG32 -16274.581831  15862.901698  13709.716613    316.377421  3  5  3  81       
*  2020  7 13 17 45  0.00000000
PG01  22004.606161  14916.719061   2687.784770     25.006976  2  4  3  85       
PG02  -8326.308832 -19521.935761  16637.291500   -486.716281  4  5  7 102       
PG03  12777.188090  11044.779113  20456.393275   -238.632655  5  3  5  52       
PG04  21913.825099   2827.553259  14775.317914   -114.296231  7  4  8  60       
PG05  -2628.822140 -25349.044270  -7252.254626    -16.591846  5  7  7  95       
PG06   4436.170688 -14856.952455  21607.289170   -302.553814  5  6  5  88       
PG07  20532.251743    990.954527 -16765.211204   -326.425977  5  3  2  91       
PG08  12894.448017  10096.420982 -20952.248836    -40.833473  5  6  1  91       
PG09  25130.808242  -7159.483443   4759.361040   -252.996990  4  4  4  74       
PG10 -11606.638541  19880.740661 -12944.142684   -398.609684  4  8  5  68       
PG11  20245.469867  12867.894202 -11528.104799   -222.165252  5  6  5  95       
PG12 -11553.803841 -12122.423813  20418.485091     94.181068  6  7  7 102       
PG13  -3803.551878 -14637.250390 -21952.027839     26.428033  4  6  4  50       
PG14 -11431.274375  16589.136470  17565.813151      1.076274  4  4  4  53       
PG15 -14829.260301  -9305.837141 -20383.308238   -217.800447  4  6  5  90       
PG16   1632.490900  24290.732492 -10281.801236   -182.288152  4  5  6  84       
PG17  19110.824848 -14720.206511  11486.000400    295.355650  3  2  6  94       
PG18 -20025.382596   -613.486729 -17466.163260    245.304069  6  7  7  94       
PG19  13296.231529 -15531.217414  16630.108133   -132.524276  3  6  6  81       
PG20 -14812.256614   9107.089817 -20097.467538    527.294965  4  8  6  93       
PG21  -6954.137649  13393.073807 -21139.504689     23.236317  4  7  5  86       
PG22  11162.472540  18205.713055  16091.419872   -772.278114  3  6  4  68       
PG24 -22218.448439 -14918.175219     89.777313    -15.621321  6  6  6  56       
PG25 -15064.939964   -279.515377  21624.668094     22.914932  5  5  4  80       
PG26  -5010.243790  25721.479892   3471.962398    242.690785  4  8  4  43       
PG27   1191.835429  15362.068833 -21736.875321   -344.940188  4  7  3  82       
PG28  12248.049099 -20696.153867 -10853.075751    699.897420  4  5  3  88       
PG29 -24986.734602   2227.399759   8744.655069   -149.506950  2  6  5  64       
PG30  13246.603096  -9139.346453 -21104.637506   -261.297109  4  4  5  75       
PG31  -3576.285326  15962.085869  20791.438486    -55.369101  3  2  4  90       
PG32 -17689.767750  16163.785242  11380.864524    316.383037  3  5  3  82       
*  2020  7 13 18  0  0.00000000
PG01  22037.347500  15155.163179   -182.660581     25.010937  2  5  4  82       
PG02  -6644.939665 -18646.332674  18371.287306   -486.721469  4  6  7  85       
PG03  12455.587339  13307.289328  19287.664522   -238.643103  4  4  5  61       
PG04  20317.245044   3677.638580  16737.832976   -114.300368  6  5  8  81       
PG05  -2305.828924 -25989.640545  -4507.467387    -16.592517  5  7  7  64       
PG06   6469.424510 -13434.914212  22025.778855   -302.558387  4  6  4  83       
PG07  21919.764089   2221.227053 -14860.375024   -326.433831  5  3  3  90       
PG08  10713.811605  11170.544500 -21602.230235    -40.834923  5  6     96       
PG09  24605.501712  -6616.623236   7481.197566   -253.002812  4  5  5  90       
PG10 -11648.230542  18240.796075 -15142.989271   -398.619343  4  7  5  77       
PG11  18811.908308  12972.890026 -13750.986825   -222.155534  5  6  5  88       
PG12 -11080.878816 -14380.537813  19205.946469     94.176957  6  7  7  70       
PG13  -1432.548374 -15340.652811 -21743.679268     26.430690  5  6  4  79       
PG14 -13230.411803  17055.048902  15705.312181      1.078940  4  4  3  86       
PG15 -12869.873954 -10535.795239 -21080.859514   -217.797968  5  5  5  98       
PG16   1233.051129  25239.432774  -7618.394693   -182.292673  4  5  6  88       
PG17  20205.053328 -14966.453908   8907.089692    295.360954  3  3  6  98       
PG18 -21436.452327  -1877.732207 -15603.072950    245.312595  6  6  7  96       
PG19  15082.942091 -15970.444990  14598.387850   -132.519696  2  6  6 101       
PG20 -14996.607632   6769.213266 -20892.472146    527.294920  4  8  6  93       
PG21  -9137.712000  12021.759687 -21107.269433     23.240465  4  6  5  90       
PG22  10917.316936  19901.011794  14118.103131   -772.275398  4  6  4  65       
PG24 -21954.152371 -15101.088955  -2689.342874    -15.622095  6  6  6  64       
PG25 -14822.864395  -2793.109756  21636.156419     22.918649  5  5  4  86       
PG26  -5280.095876  25138.937142   6238.137043    242.696895  4  8  4  62       
PG27  -1035.284878  16302.498866 -21014.465553   -344.948843  4  7  3  84       
PG28  12146.124704 -19233.497662 -13251.106008    699.894174  4  4  3  95       
PG29 -23964.779610   1674.789361  11329.235527   -149.514250  3  6  5  79       
PG30  15103.733823  -7628.705007 -20468.633212   -261.303986  5  4  4  72       
PG31  -5559.666497  14551.444829  21420.938614    -55.371087  3  1  4  75       
PG32 -18838.287561  16423.157658   8855.435576    316.388633  3  5  4  92       
*  2020  7 13 18 15  0.00000000
PG01  21812.619257  15215.668076  -3050.050603     25.014794  2  6  4  73       
PG02  -4768.665724 -17779.131713  19804.534232   -486.726604  4  6  7 100       
PG03  12260.713275  15431.148521  17786.185843   -238.653568  3  5  4  56       
PG04  18581.792581   4699.310564  18412.936402   -114.304510  6  5  8  81       
PG05  -2017.147549 -26330.207991  -1684.394168    -16.593196  5  7  6  81       
PG06   8599.827997 -12113.872028  22066.918102   -302.563005  5  6  3  77       
PG07  23172.976331   3249.331387 -12700.200096   -326.441735  5  3  3  83       
PG08   8545.523642  12386.416374 -21881.121121    -40.835996  5  7    102       
PG09  23844.346476  -5903.596998  10074.195969   -253.008674  5  5  5  83       
PG10 -11766.616997  16370.317436 -17076.911779   -398.629015  4  6  5  88       
PG11  17155.367709  13116.014806 -15740.148805   -222.145825  5  7  5  84       
PG12 -10749.677018 -16501.912005  17657.950009     94.172378  6  8  7  83       
PG13    856.984420 -16154.704002 -21164.920068     26.433821  5  6  4  78       
PG14 -14800.288216  17526.289767  13578.595095      1.081870  4  4  3  75       
PG15 -10921.277208 -11892.245535 -21427.341787   -217.795807  5  5  5  96       
PG16    923.059238  25900.098575  -4821.396352   -182.296841  4  5  6  65       
PG17  21014.393807 -15147.628940   6176.887001    295.365865  4  4  5  87       
PG18 -22724.153117  -2940.402263 -13472.067588    245.321052  6  6  7  92       
PG19  16611.085448 -16415.249538  12310.119268   -132.515504  2  6  6  76       
PG20 -15299.014523   4376.247752 -21329.329942    527.295193  5  7  6 100       
PG21 -11364.264952  10770.066140 -20685.822718     23.244472  4  6  4  91       
PG22  10742.774691  21373.122037  11906.446060   -772.273438  4  7  4  50       
PG24 -21430.295206 -15146.934806  -5423.325131    -15.622355  6  6  7  64       
PG25 -14713.278141  -5292.720500  21267.488426     22.922394  4  5  5  76       
PG26  -5576.269839  24262.322103   8895.405308    242.703058  4  7  4  67       
PG27  -3120.594556  17317.407790 -19932.762933   -344.957460  4  7  4  89       
PG28  12091.379396 -17503.010296 -15414.913675    699.891019  4  4  3  98       
PG29 -22716.865951    951.346295  13718.840190   -149.521951  3  6  5  57       
PG30  16954.596255  -6263.098035 -19480.299760   -261.310882  5  4  4  83       
PG31  -7650.738719  13218.379391  21678.765523    -55.373488  3  2  4  76       
PG32 -19712.766219  16601.679252   6176.820036    316.394209  3  4  4  75       
*  2020  7 13 18 30  0.00000000
PG01  21313.115440  15133.124253  -5866.183139     25.018664  2  6  4  47       
PG02  -2723.882573 -16955.732378  20914.707582   -486.731703  4  6  6 108       
PG03  12174.302932  17373.654692  15978.208612   -238.663997  3  5  4  54       
PG04  16752.498235   5894.685503  19771.831218   -114.308671  5  5  9  60       
PG05  -1726.557704 -26363.264672   1167.982054    -16.593844  5  7  6  97       
PG06  10785.002376 -10920.861159  21730.134993   -302.567636  5  6  3  86       
PG07  24251.796825   4082.595429 -10322.983581   -326.449693  4  3  4  70       
PG08   6434.513102  13723.333065 -21783.346267    -40.838146  5  7  2 102       
PG09  22880.615572  -5000.758404  12493.603380   -253.014531  4  4  5  88       
PG10 -11988.280931  14306.077743 -18712.309155   -398.638634  5  5  5  96       
PG11  15305.424511  13324.136644 -17463.356940   -222.136594  5  7  5  84       
PG12 -10544.128033 -18441.743132  15802.320051     94.168355  6  8  7  99       
PG13   3022.872595 -17055.237969 -20225.215632     26.436867  4  6  4  77       
PG14 -16121.793190  17964.246050  11220.750521      1.084459  4  4  2  63       
PG15  -9022.354579 -13353.933347 -21416.093843   -217.793534  5  5  5  87       
PG16    667.397489  26252.870804  -1939.555205   -182.301254  5  5  6  76       
PG17  21538.022396 -15222.635411   3341.254105    295.370948  4  4  5  78       
PG18 -23845.746987  -3806.825433 -11109.741409    245.329573  6  6  6  63       
PG19  17863.045724 -16825.343239   9806.086859   -132.510864  2  6  6  85       
PG20 -15720.295005   1974.691944 -21401.276526    527.294796  4  7  5  90       
PG21 -13585.011894   9657.933270 -19882.512667     23.248429  4  6  4  95       
PG22  10609.749140  22595.672460   9493.538328   -772.271020  5  7  4  68       
PG24 -20638.318543 -15090.266594  -8066.424546    -15.623895  6  5  6  72       
PG25 -14733.139857  -7728.145588  20526.062525     22.926205  4  6  6  86       
PG26  -5932.407808  23108.979696  11397.422956    242.709183  5  6  5  54       
PG27  -5029.696670  18371.933403 -18509.169969   -344.966089  4  7  4  87       
PG28  12116.484781 -15534.300320 -17304.582000    699.887682  3  4  3  93       
PG29 -21282.517182     39.310154  15872.204686   -149.529633  4  6  5  82       
PG30  18755.796589  -5056.708720 -18157.264988   -261.317788  5  4  4  69       
PG31  -9810.499192  11992.744641  21561.817118    -55.375814  3  3  4  69       
PG32 -20314.502018  16660.678753   3391.204751    316.399806  3  4  4  82       
*  2020  7 13 18 45  0.00000000
PG01  20529.611394  14945.856668  -8583.929191     25.022508  3  7  5  66       
PG02   -543.088202 -16206.790250  21684.595204   -486.736933  4  6  6  98       
PG03  12171.421111  19097.379792  13895.206709   -238.674460  3  6  3  51       
PG04  14875.334927   7257.651333  20791.132188   -114.312821  5  6  9  67       
PG05  -1397.491043 -26090.226848   3999.980084    -16.594848  5  6  6  88       
PG06  12978.813336  -9875.422641  21021.294362   -302.572244  5  6  2  72       
PG07  25119.983054   4736.021170  -7770.278811   -326.457702  4  3  4  82       
PG08   4421.918607  15153.275342 -21309.804907    -40.839193  5  7  3  98       
PG09  21752.344109  -3895.623892  14697.614243   -253.020363  5  4  5  91       
PG10 -12333.200001  12090.475546 -20020.935524   -398.648322  5  3  5  98       
PG11  13296.845215  13619.028081 -18893.138018   -222.126827  5  7  4  81       
PG12 -10440.976500 -20160.443518  13672.142796     94.163791  6  9  7  91       
PG13   5028.026783 -18011.695324 -18940.159400     26.440150  5  6  4  87       
PG14 -17183.902936  18328.618106   8671.079965      1.086727  4  4  2  48       
PG15  -7208.239849 -14893.198087 -21046.225497   -217.791220  5  5  5  82       
PG16    428.246467  26286.899819    976.512400   -182.305679  5  4  6  65       
PG17  21783.881013 -15152.137296    448.316907    295.376369  5  4  5 107       
PG18 -24761.844112  -4490.255584  -8556.652524    245.338101  6  6  6  93       
PG19  18830.460690 -17159.321639   7130.684936   -132.506433  3  6  6  96       
PG20 -16253.653607   -389.405118 -21107.766715    527.295161  4  7  5  96       
PG21 -15749.405700   8697.074376 -18712.236379     23.252790  3  6  4  87       
PG22  10485.567867  23549.329266   6919.920347   -772.268783  5  7  4  77       
PG24 -19577.476068 -14967.416281 -10574.518296    -15.624496  6  5  6  70       
PG25 -14871.303224 -10051.220778  19425.871160     22.929996  4  6  6  94       
PG26  -6378.590448  21704.177916  13700.630688    242.715267  5  5  5  77       
PG27  -6735.128819  19426.499786 -16767.066236   -344.974778  3  7  4  90       
PG28  12248.751689 -13364.682062 -18884.786783    699.884633  3  4  3  81       
PG29 -19705.515022  -1071.147443  17752.090151   -149.537156  4  6  5  85       
PG30  20463.338603  -4015.838064 -16522.822409   -261.324648  5  5  4  74       
PG31 -11995.861187  10897.451143  21073.497105    -55.377923  2  3  4  83       
PG32 -20653.287331  16563.801457    546.771907    316.405403  3  4  4  69       
*  2020  7 13 19  0  0.00000000
PG01  19461.393150  14694.033731 -11157.955357     25.026419  3  7  5  69       
PG02   1736.131831 -15557.148166  22102.275213   -486.741813  4  6  6 111       
PG03  12221.561794  20571.442779  11573.310721   -238.684899  4  6  3  58       
PG04  12995.552027   8773.928536  21453.267500   -114.316989  5  6  9  83       
PG05   -994.678332 -25521.371004   6762.117121    -16.595711  6  6  6  83       
PG06  15132.979539  -8988.971132  19952.592494   -302.576856  5  6  2  91       
PG07  25746.459564   5231.435834  -5086.143027   -326.465113  4  3  3  72       
PG08   2543.651848  16641.861147 -20467.909160    -40.839986  5  7  4  97       
PG09  20500.856197  -2583.568388  16648.101545   -253.026185  4  4  5  90       
PG10 -12813.948035   9770.018429 -20980.392122   -398.657991  5  2  5 103       
PG11  11168.386529  14016.486992 -20007.104519   -222.117449  5  8  4  93       
PG12 -10410.867849 -21625.007155  11305.117946     94.159305  6  9  6  91       
PG13   6841.675185 -18988.257977 -17331.244148     26.442975  5  6  4  83       
PG14 -17983.999871  18579.048877   5972.511055      1.089480  3  3  2  95       
PG15  -5509.139124 -16476.846300 -20322.701969   -217.789008  5  6  5  71       
PG16    166.794631  26000.823287   3875.264437   -182.310025  5  4  6  46       
PG17  21768.335120 -14900.248613  -2452.311889    295.381352  5  4  4 102       
PG18 -25437.904558  -5011.161023  -5856.631382    245.346551  6  6  6  96       
PG19  19514.322124 -17376.415129   4331.063431   -132.501667  3  6  6  98       
PG20 -16884.930362  -2672.002949 -20454.437171    527.294636  4  6  4  95       
PG21 -17807.114594   7890.629461 -17197.102355     23.256952  4  5  3 100       
PG22  10335.367058  24222.431312   4228.951291   -772.266442  5  7  4  55       
PG24 -18254.971354 -14814.995395 -12905.775070    -15.625107  7  5  6 101       
PG25 -15109.047759 -12217.503575  17987.173280     22.933764  4  6  6 111       
PG26  -6939.965310  20080.190132  15765.038692    242.721367  5  5  6  78       
PG27  -8217.269901  20438.310481 -14735.484359   -344.983524  3  6  5  90       
PG28  12508.827813 -11037.918559 -20125.604113    699.881530  3  4  4  88       
PG29 -18032.258306  -2381.338815  19325.936401   -149.544691  4  6  5 107       
PG30  22034.208902  -3138.864153 -14605.495720   -261.331573  5  5  3  71       
PG31 -14161.174761   9947.738540  20223.560852    -55.380062  2  4  4  80       
PG32 -20746.903410  16278.583753  -2307.147562    316.410964  2  4  4  73       
*  2020  7 13 19 15  0.00000000
PG01  18116.383199  14418.028450 -13545.409120     25.030266  4  8  6  77       
PG02   4072.285231 -15024.983324  22161.238530   -486.747130  4  6  5  94       
PG03  12289.970438  21772.533663   9052.667078   -238.695327  5  7  3  65       
PG04  11156.047650  10421.452523  21746.782566   -114.321113  4  6  9  68       
PG05   -485.754495 -24675.455360   9406.012894    -16.596546  6  6  6  83       
PG06  17198.769863  -8264.483794  18542.347990   -302.581498  5  6  2  90       
PG07  26106.433650   5596.403613  -2316.376704   -326.473132  4  4  3  77       
PG08    829.161245  18149.564917 -19271.507871    -40.842081  5  8  5  99       
PG09  19169.174960  -1068.216897  18311.286370   -253.032000  4  4  5  86       
PG10 -13435.106458   7393.656729 -21574.502839   -398.667698  4  2  4 110       
PG11   8961.479346  14525.701384 -20788.192676   -222.108010  5  8  4  98       
PG12 -10419.672831 -22810.113687   8742.839252     94.154932  6  9  6  83       
PG13   8440.361017 -19945.202193 -15425.535020     26.446088  5  7  4  92       
PG14 -18527.880717  18676.791944   3170.927343      1.092177  3  3  2  95       
PG15  -3949.328986 -18067.246399 -19256.349276   -217.786692  5  6  5  97       
PG16   -154.992851  25402.871911   6705.215989   -182.314547  5  4  6  52       
PG17  21515.508792 -14436.128099  -5310.369387    295.386692  5  4  4  91       
PG18 -25845.566880  -5396.235330  -3056.033290    245.355061  6  6  5  94       
PG19  19924.710765 -17438.207671   1456.240501   -132.497071  4  6  6  72       
PG20 -17593.139893  -4832.541186 -19452.970452    527.294889  4  6  4 111       
PG21 -19709.994101   7233.217309 -15365.899023     23.261035  3  5  3 100       
PG22  10123.573300  24611.352694   1466.125199   -772.264146  6  7  4  53       
PG24 -16685.815844 -14668.400713 -15021.287221    -15.626176  6  5  5  62       
PG25 -15420.919201 -14187.796311  16236.053511     22.937570  4  7  6  85       
PG26  -7635.580696  18275.112977  17554.938982    242.727388  5  4  5  75       
PG27  -9464.952033  21362.997063 -12448.677798   -344.992219  3  6  5  85       
PG28  12909.666720  -8602.675920 -21003.223371    699.878143  3  5  4  85       
PG29 -16310.030102  -3883.808995  20566.436226   -149.552152  5  6  5  81       
PG30  23427.927029  -2416.510943 -12438.522213   -261.338461  5  5  3  67       
PG31 -16259.834957   9150.764229  19027.856237    -55.382347  2  4  4  75       
PG32 -20620.307582  15777.889941  -5120.950107    316.416541  2  5  4  73       
*  2020  7 13 19 30  0.00000000
PG01  16510.960949  14156.789739 -15706.561232     25.034052  5  8  6  65       
PG02   6421.282429 -14621.194228  21860.458617   -486.752464  4  6  4  96       
PG03  12339.134315  22685.651300   6376.734359   -238.705764  5  7  4  66       
PG04   9395.841129  12171.063842  21666.540729   -114.325293  4  7  9  71       
PG05    157.245422 -23579.013452  11885.281961    -16.597404  6  5  6  78       
PG06  19128.725808  -7696.521143  16814.692262   -302.586054  5  6  3  82       
PG07  26182.273995   5862.944932    492.233193   -326.480914  5  4  3  89       
PG08   -699.554025  19633.158963 -17740.693517    -40.843404  5  7  5  97       
PG09  17800.377366    638.484970  19658.333406   -253.037781  4  4  6 102       
PG10 -14193.007671   5011.035385 -21793.567857   -398.677380  4  2  4 113       
PG11   6718.844571  15148.873296 -21224.818777   -222.098413  5  8  4  99       
PG12 -10429.993934 -23698.931492   6030.021071     94.150656  6  9  6  81       
PG13   9808.665666 -20840.420706 -13255.246940     26.449127  5  7  4  93       
PG14 -18829.445503  18586.354385    314.420946      1.094855  3  2  2 104       
PG15  -2546.368036 -19623.611324 -17863.775111   -217.784308  5  7  5  56       
PG16   -572.622318  24510.592393   9415.939373   -182.318425  5  4  7  71       
PG17  21056.314283 -13735.412212  -8075.826055    295.391891  5  4  3  95       
PG18 -25963.752461  -5677.168571   -202.947432    245.363491  6  6  5 100       
PG19  20080.183828 -17310.253394  -1443.797608   -132.492121  5  5  5  94       
PG20 -18351.278116  -6835.270819 -18120.865296    527.294933  4  6  4 106       
PG21 -21413.956514   6711.379810 -13253.391335     23.266218  3  5  2  87       
PG22   9815.428750  24720.577090  -1321.657203   -772.261837  6  6  4  61       
PG24 -14892.412858 -14560.376428 -16885.660294    -15.627425  6  4  5  83       
PG25 -15775.840079 -15929.450491  14203.882095     22.941357  4  7  6 100       
PG26  -8477.472148  16331.468504  19039.531620    242.733484  5  4  5  68       
PG27 -10475.748968  22156.361240  -9945.582826   -345.000962  3  6  4  84       
PG28  13455.823117  -6110.750406 -21500.537974    699.875385  4  6  5  84       
PG29 -14585.239954  -5562.428899  21452.020085   -149.559736  5  7  6  77       
PG30  24608.002478  -1832.412637 -10059.265526   -261.345389  4  5  3  68       
PG31 -18245.915201   8505.515701  17507.969914    -55.384437  2  4  5  53       
PG32 -20304.543997  15041.152113  -7845.648180    316.422123  3  4  4  84       
*  2020  7 13 19 45  0.00000000
PG01  14669.485920  13946.280674 -17605.400092     25.037939  5  8  6  79       
PG02   8737.834472 -14349.045091  21204.409522   -486.757451  4  6  4 105       
PG03  12330.382027  23304.529001   3591.529681   -238.716217  6  7  5  66       
PG04   7748.703820  13987.480802  21213.817244   -114.329442  4  7  8  84       
PG05    956.562477 -22265.346494  14156.394495    -16.598106  6  5  6  97       
PG06  20878.344551  -7271.578423  14799.164470   -302.590708  5  6  3  72       
PG07  25964.127150   6066.114630   3292.655832   -326.489193  5  5  3  73       
PG08  -2028.638606  21047.322666 -15901.492183    -40.845516  5  7  5 102       
PG09  16435.957965   2516.525952  20665.861252   -253.043560  3  4  6 100       
PG10 -15075.818339   2670.734207 -21634.492992   -398.687053  3  2  4 108       
PG11   4483.088670  15881.108024 -21310.959332   -222.089015  5  8  4  92       
PG12 -10402.791025 -24283.593999   3213.687965     94.146140  6  9  6  78       
PG13  10939.628563 -21631.057527 -10857.230644     26.452184  4  7  4  88       
PG14 -18910.072155  18277.048557  -2547.522655      1.097083  3  2  3  90       
PG15  -1310.554262 -21103.427723 -16167.199854   -217.781952  5  7  4  75       
PG16  -1117.414178  23350.194756  11959.055956   -182.323032  5  4  7  77       
PG17  20427.206608 -12781.423286 -10699.800599    295.396726  5  3  3 101       
PG18 -25779.502949  -5889.226763   2653.624407    245.372001  6  6  5  77       
PG19  20006.846835 -16963.527941  -4318.990241   -132.488193  5  5  4  91       
PG20 -19127.364418  -8650.397970 -16481.118842    527.294789  4  6  4 101       
PG21 -22880.648768   6304.390472 -10899.475137     23.269662  3  4  2  90       
PG22   9378.503028  24562.478099  -4086.852054   -772.259713  6  6  4  75       
PG24 -12903.882116 -14519.682828 -18467.554843    -15.629748  6  4  5 104       
PG25 -16138.440965 -17417.405173  11926.691133     22.945180  5  8  6 100       
PG26  -9470.037747  14294.647834  20193.453400    242.739578  5  4  4  87       
PG27 -11255.924424  22776.142798  -7269.179991   -345.009649  4  6  4  82       
PG28  14143.114860  -3615.143612 -21607.589286    699.871878  4  6  5  92       
PG29 -12901.709408  -7392.831035  21967.241949   -149.567827  5  7  6  97       
PG30  25543.244940  -1363.948976  -7508.568699   -261.352302  4  5  3  64       
PG31 -20075.764674   8003.042654  15690.790240    -55.387108  2  4  5  77       
PG32 -19835.420733  14055.361380 -10433.753469    316.427698  3  4  4  94       
*  2020  7 13 20  0  0.00000000
PG01  12623.541146  13818.037638 -19210.173530     25.041857  6  8  6  51       
PG02  10976.897085 -14204.078763  20203.031965   -486.762667  4  5  3 101       
PG03  12225.529809  23631.734093    744.838507   -238.726668  6  7  5  40       
PG04   6242.000436  15830.518194  20396.284594   -114.333555  4  7  8  81       
PG05   1927.618663 -20773.254359  16179.486174    -16.598913  5  4  6  96       
PG06  22407.659509  -6968.753690  12530.217077   -302.595373  5  5  3  93       
PG07  25450.256472   6242.492864   6038.336836   -326.497026  5  5  2  89       
PG08  -3152.754137  22346.357377 -13785.439217    -40.846598  4  7  5  94       
PG09  15114.265424   4538.401195  21316.357893   -253.049303  3  4  6 101       
PG10 -16063.956363    418.566207 -21100.795342   -398.696858  2  1  3 113       
PG11   2295.325456  16710.566439 -21046.160717   -222.079362  5  8  4  93       
PG12 -10299.060581 -24565.336912    342.343859     94.141383  5  9  5  38       
PG13  11834.845743 -22275.193837  -8272.373289     26.455021  4  7  3  95       
PG14 -18797.694263  17724.387675  -5364.895161      1.099975  3  2  3 100       
PG15   -244.653321 -22463.983391 -14194.193048   -217.779578  5  7  4  86       
PG16  -1815.013992  21955.548842  14289.193238   -182.327379  4  4  6  82       
PG17  19668.706658 -11566.096074 -13135.487400    295.401995  5  2  3  83       
PG18 -25288.518273  -6069.694886   5464.605592    245.380479  6  6  5  87       
PG19  19737.153267 -16375.660122  -7120.072207   -132.483418  5  4  4  99       
PG20 -19885.679172 -10255.000406 -14561.827164    527.294706  4  6  3 104       
PG21 -24078.862727   5985.379710  -8348.224552     23.273591  3  4  2  91       
PG22   8784.134414  24156.810326  -6782.061104   -772.257331  6  5  4  66       
PG24 -10755.147518 -14569.918049 -19740.175515    -15.630791  6  4  5  95       
PG25 -16470.555388 -18634.924249   9444.483459     22.948964  6  8  5 103       
PG26 -10609.726043  12211.259342  20997.200160    242.745637  5  4  3  95       
PG27 -11820.037205  23183.742482  -4465.763385   -345.018366  4  6  5  73       
PG28  14958.674603  -1168.071492 -21321.843827    699.868749  4  6  5  93       
PG29 -11299.067509  -9343.172409  22103.058775   -149.575087  6  7  6  72       
PG30  26208.880200   -983.317096  -4830.058770   -261.359256  4  5  3  59       
PG31 -21709.511696   7626.993393  13607.998304    -55.389359  3  4  5  69       
PG32 -19252.006132  12815.768605 -12840.136601    316.433239  3  4  4  98       
*  2020  7 13 20 15  0.00000000
PG01  10410.922958  13797.900140 -20493.873604     25.045664  6  8  6  82       
PG02  13095.117203 -14174.302587  18871.645761   -486.767832  5  5  3 109       
PG03  11988.510985  23678.440029  -2114.598633   -238.737102  6  7  6  72       
PG04   4895.785090  17656.506305  19227.888897   -114.337708  4  8  8  90       
PG05   3078.197257 -19145.556512  17919.098882    -16.599528  5  4  6 103       
PG06  23682.658973  -6760.706929  10046.639467   -302.600016  5  4  3  66       
PG07  24647.097704   6428.643211   8683.889976   -326.504914  5  5  3  91       
PG08  -4075.113726  23485.939382 -11429.045949    -40.848425  4  6  5  99       
PG09  13869.073022   6669.980478  21598.493397   -253.055093  3  5  6 104       
PG10 -17130.821806  -1703.999898 -20202.488620   -398.706557  1  2  3 107       
PG11    193.868131  17618.870437 -20435.483381   -222.070037  5  8  4 107       
PG12 -10081.502594 -24554.297310  -2534.863741     94.137297  5  8  5  61       
PG13  12504.241074 -22733.520394  -5544.921453     26.457937  4  7  3  67       
PG14 -18525.612792  16911.263795  -8088.075650      1.102251  3  2  3 110       
PG15    656.085908 -23663.939033 -11977.311857   -217.777016  5  7  4  76       
PG16  -2684.139255  20366.871651  16364.881296   -182.331680  4  4  6  92       
PG17  18823.748350 -10090.575491 -15339.075070    295.406999  5  3  3  72       
PG18 -24495.374147  -6256.244022   8181.684702    245.388954  7  6  5  76       
PG19  19308.484798 -15531.899885  -9799.404652   -132.478596  5  4  4  78       
PG20 -20588.149877 -11633.685458 -12395.711058    527.294869  4  5  3 106       
PG21 -24985.619300   5722.714174  -5646.870341     23.277860  3  4  2  63       
PG22   8008.744267  23529.926883  -9360.834177   -772.255117  5  5  4  84       
PG24  -8485.818508 -14728.534617 -20681.702338    -15.629642  6  3  5 102       
PG25 -16732.816585 -19574.010528   6800.490609     22.952757  6  8  5  97       
PG26 -11885.047353  10127.447485  21437.436677    242.751801  5  4  1  92       
PG27 -12190.214210  23345.828648  -1584.129291   -345.027094  4  6  5  80       
PG28  15881.394260   1181.001355 -20648.290134    699.865914  4  6  6  87       
PG29  -9811.318803 -11375.196393  21856.997963   -149.582825  6  7  6  84       
PG30  26587.431789   -658.797467  -2069.414331   -261.366180  4  5  3  55       
PG31 -23112.420297   7354.429551  11295.498398    -55.391429  4  4  5  31       
PG32 -18595.005007  11326.264592 -15022.845441    316.438837  3  4  4 112       
*  2020  7 13 20 30  0.00000000
PG01   8074.411281  13904.955513 -21434.660049     25.049519  6  7  6  88       
PG02  15052.237468 -14240.644609  17230.805658   -486.772898  4  5  3 104       
PG03  11586.926181  23463.881906  -4937.909044   -238.747512  6  7  7  67       
PG04   3722.186596  19419.856533  17728.618883   -114.341870  4  8  7  83       
PG05   4407.933956 -17427.463424  19344.835552    -16.599953  5  3  5 105       
PG06  24676.489214  -6614.873554   7390.908326   -302.604694  4  4  4  79       
PG07  23569.034454   6659.591529  11185.755406   -326.512781  5  5  2  94       
PG08  -4807.174119  24424.840577  -8873.165752    -40.849292  4  5  5  53       
PG09  12728.339044   8871.639979  21507.323778   -253.060920  2  4  6  99       
PG10 -18243.809713  -3661.233167 -18955.853924   -398.716192  2  2  3 113       
PG11  -1786.967708  18581.744526 -19489.384949   -222.060508  5  7  5  89       
PG12  -9716.111569 -24268.988339  -5368.970268     94.132828  4  8  5  70       
PG13  12965.516637 -22970.931244  -2721.736249     26.461095  4  7  2  60       
PG14 -18131.085037  15828.853607 -10668.761751      1.104757  4  3  4 100       
PG15   1403.622153 -24664.886165  -9553.639786   -217.774631  6  8  4  84       
PG16  -3735.618308  18629.162076  18149.364458   -182.335866  4  5  6  92       
PG17  17935.915498  -8365.450947 -17270.632634    295.412056  6  3  3  77       
PG18 -23413.410196  -6485.286214  10758.143620    245.397402  8  5  6  86       
PG19  18761.571588 -14425.790304 -12311.754201   -132.474121  5  4  4  84       
PG20 -21195.834414 -12778.967415 -10019.574458    527.294712  4  5  3 108       
PG21 -25586.887786   5481.556862  -2844.747349     23.281997  3  4  2  70       
PG22   7034.971948  22713.749312 -11778.472530   -772.252569  5  5  4  69       
PG24  -6138.902135 -15006.086609 -21275.658876    -15.630420  6  2  5 104       
PG25 -16886.292213 -20235.487721   4040.395938     22.956546  7  8  4 102       
PG26 -13276.905857   8087.248599  21507.190814    242.757989  5  4     90       
PG27 -12395.116845  23235.759463   1325.301114   -345.035809  3  6  4  50       
PG28  16882.744880   3387.210414 -19599.348974    699.862635  4  6  6  95       
PG29  -8465.639767 -13445.553406  21233.209142   -149.590469  6  7  6  91       
PG30  26669.337386   -356.164838    726.392644   -261.373066  4  5  3  81       
PG31 -24256.053758   7156.884165   8792.798849    -55.394015  5  3  5  49       
PG32 -17905.080628   9599.422917 -16943.864895    316.444453  3  3  4 103       
*  2020  7 13 20 45  0.00000000
PG01   5660.361609  14150.736030 -22016.217874     25.053340  5  7  6  93       
PG02  16812.414213 -14377.670387  15306.096468   -486.778033  4  5  4 105       
PG03  10993.455374  23014.517998  -7676.907238   -238.757902  6  7  7  59       
PG04   2725.106543  21074.714072  15924.170738   -114.346029  5  8  7  77       
PG05   5908.140713 -15664.865470  20431.914751    -16.600860  5  3  5 103       
PG06  25370.396346  -6494.885966   4608.474733   -302.609222  4  3  4  73       
PG07  22237.905296   6967.376787  13502.820825   -326.520844  5  5  2 101       
PG08  -5367.996253  25126.546711  -6162.270554    -40.850467  4  5  5  73       
PG09  11713.205598  11099.614398  21044.381985   -253.066715  2  4  6 102       
PG10 -19365.562096  -5424.298445 -17383.103812   -398.725870  3  1  3 119       
PG11  -3617.913424  19569.870297 -18223.545627   -222.050606  5  7  5  90       
PG12  -9173.632595 -23735.474807  -8111.998607     94.128515  4  7  5  76       
PG13  13243.301426 -22957.975490    148.507850     26.463998  3  7  2  98       
PG14 -17653.745510  14477.207296 -13060.900620      1.107577  4  3  4 104       
PG15   2016.523662 -25432.830709  -6964.226326   -217.772375  5  8  4  74       
PG16  -4971.764133  16790.451530  19611.306902   -182.339946  4  5  6  87       
PG17  17047.641605  -6410.607791 -18894.938724    295.417169  6  3  4  79       
PG18 -22064.292474  -6790.381193  13149.659533    245.405929  8  5  7 100       
PG19  18138.816032 -13059.523571 -14615.010064   -132.469748  6  3  4  65       
PG20 -21670.446760 -13691.352370  -7473.703277    527.294403  5  4  3  94       
PG21 -25877.922607   5225.529490      7.753219     23.286192  3  3  2  79       
PG22   5852.582994  21744.526147 -13992.819137   -772.250566  5  4  4  80       
PG24  -3759.388869 -15405.736115 -21511.211704    -15.631207  6  2  6 102       
PG25 -16894.093688 -20628.754320   1211.538113     22.960332  7  8  3  95       
PG26 -14759.237034   6131.047425  21205.931201    242.764139  5  5  2  99       
PG27 -12468.640200  22834.758671   4211.407390   -345.044524  3  6  5  64       
PG28  17927.934676   5411.936541 -18194.598538    699.859279  4  7  6  92       
PG29  -7281.450673 -15507.329873  20242.398783   -149.598184  6  7  6  96       
PG30  26453.278788    -40.190433   3509.869443   -261.379982  4  4  3  82       
PG31 -25119.206782   7001.620688   6142.353550    -55.396085  5  3  5  54       
PG32 -17221.190717   7656.202558 -18569.802466    316.450061  4  3  4 101       
*  2020  7 13 21  0  0.00000000
PG01   3217.165789  14538.698212 -22228.044362     25.057125  5  6  5  89       
PG02  18345.405257 -14554.543053  13127.862668   -486.783305  3  5  4  99       
PG03  10187.078489  22362.930628 -10284.898021   -238.768314  6  7  7  28       
PG04   1900.241664  22576.634486  13845.513836   -114.350170  5  8  7  73       
PG05   7561.969852 -13902.609662  21161.613353    -16.601476  5  2  4  87       
PG06  25754.370820  -6362.148781   1746.998960   -302.613881  4  3  4  56       
PG07  20682.261958   7379.721646  15597.002760   -326.528595  4  5  3  94       
PG08  -5783.298970  25560.706493  -3343.651568    -40.851782  4  5  5  80       
PG09  10837.274952  13307.517495  20217.654065   -253.072485  2  4  5  91       
PG10 -20455.407765  -6972.137744 -15511.949154   -398.735488  4  3  2  98       
PG11  -5275.617074  20549.924949 -16658.638281   -222.041018  5  7  5  88       
PG12  -8430.829934 -22986.285145 -10717.730460     94.124166  5  7  5  68       
PG13  13368.029713 -22672.108408   3016.167076     26.467135  2  7  2  92       
PG14 -17133.922775  12865.488277 -15221.596717      1.109830  4  3  4 100       
PG15   2519.097636 -25939.541783  -4253.431090   -217.770156  6  8  4  78       
PG16  -6386.109821  14899.947309  20725.374778   -182.344155  4  5  7  84       
PG17  16198.450068  -4254.693428 -20182.229161    295.422362  6  4  4  76       
PG18 -20477.266620  -7200.757195  15315.067069    245.414454  9  5  7  84       
PG19  17482.584768 -11443.973302 -16670.831210   -132.465001  6  3  4  68       
PG20 -21975.869250 -14379.128834  -4801.212835    527.294187  5  4  4  93       
PG21 -25863.219689   4918.398376   2860.195245     23.290491  3  3  3  47       
PG22   4459.110953  20661.425325 -15965.021068   -772.248363  5  3  4  76       
PG24  -1392.759999 -15923.039674 -21383.395348    -15.632261  6  2  6 123       
PG25 -16722.899717 -20771.225406  -1637.890992     22.964052  7  8  2 101       
PG26 -16299.923103   4294.193044  20539.530149    242.770337  5  5  3  76       
PG27 -12448.396839  22132.792310   7023.323804   -345.053249  2  6  4  68       
PG28  18977.350182   7224.171988 -16460.324222    699.856237  4  7  6  92       
PG29  -6269.799118 -17511.726533  18901.648320   -149.605847  6  7  5  61       
PG30  25946.214701    323.821161   6233.778751   -261.386896  4  4  3  78       
PG31 -25688.576646   6853.044753   3388.873793    -55.398461  6  3  5  52       
PG32 -16579.005104   5525.321671 -19872.485614    316.455637  4  3  5  94       
*  2020  7 13 21 15  0.00000000
PG01    793.633541  15064.005307 -22065.660456     25.060935  5  6  5  88       
PG02  19627.585681 -14736.201575  10730.867167   -486.788237  2  5  4  85       
PG03   9154.058676  21546.509034 -12717.451148   -238.778739  6  7  7  72       
PG04   1235.429532  23884.219807  11528.364182   -114.354319  6  8  6  77       
PG05   9344.911415 -12182.834740  21521.588685    -16.602267  5  2  4  89       
PG06  25827.469480  -6177.507316  -1144.454940   -302.618485  4  3  4  22       
PG07  18936.405059   7918.866060  17433.785646   -326.536624  4  5  3  92       
PG08  -6084.243901  25704.351256   -466.560365    -40.853049  3  5  5  87       
PG09  10106.191511  15447.972324  19041.440742   -253.078236  2  4  5  91       
PG10 -21470.932346  -8292.045308 -13375.079528   -398.745080  5  4  3  95       
PG11  -6743.306679  21485.770226 -14820.044610   -222.031503  4  6  5  81       
PG12  -7471.523657 -22059.103722 -13142.435017     94.119857  5  6  5  85       
PG13  13374.591746 -22098.690290   5831.500349     26.470053  3  7  2  90       
PG14 -16610.922867  11011.846508 -17111.972464      1.112866  4  3  4 111       
PG15   2940.275572 -26163.707795  -1468.179396   -217.767924  6  8  3  74       
PG16  -7963.515389  13006.149748  21472.681980   -182.348176  4  5  7  78       
PG17  15423.312661  -1934.213705 -21108.839503    295.427339  6  4  5  85       
PG18 -18688.129818  -7740.003806  17217.067503    245.422918  9  6  8  92       
PG19  16833.532674  -9598.407407 -18445.217884   -132.460210  7  3  5  82       
PG20 -22079.596014 -14857.872630  -2047.352407    527.294831  5  5  4  72       
PG21 -25556.112525   4525.709335   5663.047091     23.294431  4  3  3  69       
PG22   2860.202895  19505.013524 -17660.248547   -772.245917  5  3  4  72       
PG24    916.531962 -16546.026383 -20893.256716    -15.632250  6  3  6  99       
PG25 -16344.338566 -20687.489332  -4459.641338     22.967832  6  7  2  84       
PG26 -17861.948575   2605.825659  19520.115655    242.776415  5  5  4  74       
PG27 -12374.047540  21129.106009   9711.399796   -345.061942  2  6  5  78       
PG28  19988.211196   8801.546470 -14428.909906    699.852872  4  7  6  70       
PG29  -5433.079131 -19409.821062  17234.118642   -149.613520  6  7  5  71       
PG30  25163.116167    768.517835   8851.907540   -261.393818  4  4  3  89       
PG31 -25959.152968   6674.216449    578.619340    -55.400734  6  2  5  52       
PG32 -16009.469046   3242.327430 -20829.459137    316.461179  4  3  5 106       
*  2020  7 13 21 30  0.00000000
PG01  -1562.649908  15713.624429 -21530.741266     25.064779  4  6  5  79       
PG02  20642.752761 -14884.724202   8153.874142   -486.793672     5  4  89       
PG03   7888.651427  20605.964634 -14933.136037   -238.789194  5  6  7  72       
PG04    711.304074  24960.651003   9012.574063   -114.358476  6  8  5  59       
PG05  11225.602574 -10543.432072  21506.074796    -16.602780  4  1  4  97       
PG06  25597.802145  -5902.945016  -4016.251841   -302.623040  4  3  5  47       
PG07  17039.229967   8600.601896  18982.716466   -326.544261  4  5  3  89       
PG08  -6306.001290  25542.834163   2418.691649    -40.854929  3  5  5  50       
PG09   9517.545413  17474.287992  17536.106786   -253.084067  2  4  5  79       
PG10 -22369.616933  -9379.918978 -11009.568775   -398.754781  6  4  2 112       
PG11  -8011.225930  22339.753965 -12737.517957   -222.021989  4  5  5  73       
PG12  -6287.359051 -20995.294060 -15345.546813     94.115524  6  6  5  86       
PG13  13300.809214 -21231.690744   8545.552886     26.473062  2  6  2  83       
PG14 -16121.353339   8942.924438 -18697.957963      1.115301  4  2  4 115       
PG15   3312.294522 -26091.847267   1342.860052   -217.765545  6  8  4  61       
PG16  -9680.638285  11155.024167  21841.091632   -182.352514  5  5  7  92       
PG17  14751.200526    507.706830 -21657.721623    295.432230  6  5  5  82       
PG18 -16737.960525  -8424.988184  18822.872756    245.431458  9  6  8  98       
PG19  16229.019420  -7549.896900 -19909.003622   -132.455715  7  4  5  80       
PG20 -21954.054557 -15149.684620    741.224146    527.294366  6  5  5  86       
PG21 -24978.042850   4016.304915   8368.549517     23.298435  4  2  3  47       
PG22   1069.649557  18315.680912 -19048.354964   -772.243467  5  3  4  80       
PG24   3126.556294 -17255.569679 -20047.912996    -15.632989  6  3  6 108       
PG25 -15736.180290 -20408.215513  -7206.181518     22.971611  6  7  3 103       
PG26 -19404.749310   1087.956531  18165.818211    242.782558  6  5  5  91       
PG27 -12285.549008  19832.396984  12228.144149   -345.070633  2  6  5  73       
PG28  20916.360241  10130.971121 -12138.093835    699.849768  4  7  6  89       
PG29  -4765.096517 -21154.346438  15268.646065   -149.621010  6  7  5  64       
PG30  24126.415053   1323.064845  11319.818281   -261.400711  4  3  3  81       
PG31 -25934.315330   6428.408483  -2241.323058    -55.402904  7  2  4  60       
PG32 -15537.569954    848.399362 -21424.373286    316.466752  4  2  5 105       
*  2020  7 13 21 45  0.00000000
PG01  -3806.932757  16466.739513 -20631.160354     25.068464  5  6  5  88       
PG02  21382.685629 -14960.836198   5439.151572   -486.798470  2  5  4  98       
PG03   6393.513012  19583.735006 -16894.205920   -238.799605  5  6  7  90       
PG04    302.235280  25775.057396   6341.448030   -114.362618  6  8  5  45       
PG05  13166.914882  -9016.693776  21115.950824    -16.603475  4  2  4 104       
PG06  25082.182372  -5503.244080  -6819.031899   -302.627634  5  3  5  56       
PG07  15032.920639   9433.540441  20217.852528   -326.552221  3  5  4  93       
PG08  -6486.156099  25070.449622   5261.656006    -40.855938  2  5  4  47       
PG09   9061.100963  19342.117911  15727.722727   -253.089894  2  4  5  83       
PG10 -23110.482353 -10240.182982  -8456.217884   -398.764611  6  5  2  85       
PG11  -9076.827350  23074.083036 -10444.792658   -222.012166  4  5  5  76       
PG12  -4878.283522 -19838.308287 -17290.286055     94.111220  6  6  5  68       
PG13  13185.795708 -20074.067600  11111.034248     26.476157  2  6  3  95       
PG14 -15697.561604   6693.011706 -19950.987221      1.117957  4  3  3 117       
PG15   3669.224843 -25718.930128   4130.160904   -217.763382  6  7  3  77       
PG16 -11506.743473   9388.304460  21825.370406   -182.356617  6  5  7  91       
PG17  14203.894044   3022.850392 -21818.817033    295.437686  6  5  5  83       
PG18 -14671.654290  -9265.037474  20104.773046    245.440048  9  6  8 104       
PG19  15701.674120  -5332.446065 -21038.265481   -132.451229  7  4  6  80       
PG20 -21577.756575 -15282.189204   3517.212284    527.294525  6  5  5  75       
PG21 -24157.552086   3363.667598  10931.489131     23.302631  4  3  4  84       
PG22   -890.906490  17132.073553 -20104.462439   -772.241080  5  3  4  84       
PG24   5199.316378 -18026.044612 -18860.517313    -15.633324  6  3  6  86       
PG25 -14883.298130 -19968.857311  -9831.447630     22.975374  6  6  4 101       
PG26 -20885.701768   -245.167062  16500.419712    242.788836  7  5  6  81       
PG27 -12221.393045  18260.610904  14529.129942   -345.079324  2  6  5  59       
PG28  21718.102295  11208.878701  -9630.116758    699.846618  5  6  5  54       
PG29  -4251.477284 -22701.415717  13039.236972   -149.628934  6  7  4  65       
PG30  22865.186055   2011.842079  13595.572383   -261.407637  4  3  2  87       
PG31 -25625.637607   6080.654886  -5023.765993    -55.405010  7  2  4  75       
PG32 -15181.356416  -1611.065682 -21647.255979    316.472427  4  2  5 103       
*  2020  7 13 22  0  0.00000000
PG01  -5898.814457  17295.470581 -19380.942570     25.072174  4  6  5  89       
PG02  21847.431171 -14925.513427   2631.890578   -486.803736  3  6  4  97       
PG03   4679.792729  18522.336612 -18567.221533   -238.810128  5  6  7  81       
PG04    -22.483668  26303.669710   3560.996823   -114.366799  7  8  5  39       
PG05  15127.273884  -7628.200846  20358.682613    -16.604451  5  3  4 102       
PG06  24305.454882  -4947.544539  -9504.556418   -302.632238  6  3  5  46       
PG07  12961.533748  10418.638009  21118.159476   -326.559917  3  5  4  98       
PG08  -6663.020707  24290.707152   8012.672077    -40.856254  2  5  4  77       
PG09   8719.340198  21011.035127  13647.605487   -253.095706  3  4  5  84       
PG10 -23655.676965 -10885.389630  -5758.847587   -398.774145  7  6  2 107       
PG11  -9944.714591  23652.223800  -7979.139464   -222.002745  3  4  5  83       
PG12  -3252.716190 -18632.040898 -18944.215826     94.106796  6  6  5  99       
PG13  13068.267867 -18637.802504  13483.173146     26.479245  2  6  3  94       
PG14 -15366.257111   4302.881429 -20848.580668      1.120424  3  4  4 120       
PG15   4045.403873 -25048.676094   6844.270243   -217.760975  6  7  4  69       
PG16 -13404.814283   7741.997301  21427.197543   -182.360856  7  6  8  93       
PG17  13795.106388   5559.652218 -21589.274384    295.442232  6  6  6  87       
PG18 -12536.321480 -10261.420032  21040.618285    245.448643  9  6  7 100       
PG19  15278.157067  -2985.878147 -21814.651419   -132.446893  7  4  6  87       
PG20 -20936.234814 -15287.330101   6233.425407    527.294577  6  5  6  94       
PG21 -23129.047324   2547.044421  13309.870432     23.306291  4  3  4  99       
PG22  -2992.578148  15989.596669 -20809.458330   -772.238588  5  4  4  90       
PG24   7102.028383 -18826.251910 -17350.127051    -15.634352  6  3  6  84       
PG25 -13778.367315 -19408.199823 -12291.555921     22.979128  5  5  4  92       
PG26 -22261.694626  -1387.391333  14552.912993    242.794944  7  5  6  83       
PG27 -12216.912533  16440.370548  16573.838214   -345.087971  3  7  4  85       
PG28  22352.010817  12041.059396  -6950.792800    699.843405  5  6  5  75       
PG29  -3870.402413 -24012.125880  10584.470332   -149.636499  7  6  4  60       
PG30  21414.092126   2853.322327  15640.416083   -261.414562  4  3  2  79       
PG31 -25052.407355   5599.235793  -7722.145381    -55.407209  7  2  4  64       
PG32 -14951.247669  -4088.030162 -21494.665226    316.478055  4  2  5  98       
*  2020  7 13 22 15  0.00000000
PG01  -7803.616281  18165.878804 -17800.120648     25.075978  3  6  4  88       
PG02  22045.295265 -14741.626499   -220.459037   -486.808811  4  5  4  95       
PG03   2766.905076  17462.727964 -19923.605411   -238.820634  5  5  7  95       
PG04   -297.248464  26530.711598    719.142127   -114.370967  7  8  4  27       
PG05  17062.156527  -6395.993264  19248.141756    -16.605283  4  3  4 106       
PG06  23299.524539  -4210.740597 -12026.538810   -302.636834  6  3  5  53       
PG07  10869.518858  11548.997465  21667.855911   -326.567856  4  5  4 107       
PG08  -6873.924430  23216.248658  10623.773995    -40.857270  2  5  3  71       
PG09   8468.299371  22445.963663  11331.766484   -253.101534  3  3  4  63       
PG10 -23971.949044 -11335.518998  -2963.553022   -398.783773  8  7  3 101       
PG11 -10626.332599  24040.284370  -5380.866520   -221.992929  3  4  5  88       
PG12  -1427.405956 -17419.185806 -20279.731461     94.102689  6  6  5  77       
PG13  12984.875532 -16943.589178  15620.531345     26.482120  3  6  3  92       
PG14 -15147.378997   1818.356264 -21374.797127      1.123057  4  4  4 117       
PG15   4473.841415 -24093.510147   9436.763630   -217.758580  6  7  4  65       
PG16 -15332.912945   6245.145116  20655.034823   -182.365011  8  6  8  92       
PG17  13529.960779   8065.091476 -20973.503949    295.447378  6  6  6  87       
PG18 -10379.608097 -11407.146529  21614.204740    245.457242  8  6  7 100       
PG19  14978.159834   -554.518076 -22225.624581   -132.442277  7  5  7  69       
PG20 -20022.730043 -15200.007360   8843.567857    527.294221  6  4  6  78       
PG21 -21931.399852   1552.320729  15465.484706     23.310750  5  3  4  70       
PG22  -5200.136797  14919.050297 -21150.389395   -772.236338  5  4  4  89       
PG24   8808.216482 -19620.579708 -15541.470760    -15.635013  6  3  6  91       
PG25 -12422.279068 -18766.806507 -14545.472145     22.982898  5  4  5 105       
PG26 -23490.722728  -2340.671301  12356.981479    242.801102  8  5  6 102       
PG27 -12302.726762  14406.059718  18326.419996   -345.096602  3  7  4  86       
PG28  22780.620734  12642.111290  -4148.534257    699.840596  5  6  4  82       
PG29  -3593.639178 -25053.978160   7946.819143   -149.643910  7  6  4  60       
PG30  19812.131555   3859.172769  17419.419338   -261.421513  4  3  1  97       
PG31 -24240.877710   4957.046191 -10291.235071    -55.409311  7  3  3  83       
PG32 -14849.659423  -6533.491266 -20969.720624    316.483758  4  2  5  96       
*  2020  7 13 22 30  0.00000000
PG01  -9493.551903  19039.225943 -15914.491614     25.079771  2  5  4  92       
PG02  21992.527814 -14375.564565  -3068.934631   -486.813821  5  6  4  81       
PG03    681.989595  16442.744477 -20940.118726   -238.831155  6  5  7  89       
PG04   -558.609546  26448.994609  -2135.113846   -114.375091  7  8  4  72       
PG05  18925.705303  -5330.051787  17804.308899    -16.605379  5  3  4  93       
PG06  22102.123429  -3274.658884 -14341.446208   -302.641464  7  3  6  76       
PG07   8800.222922  12809.955693  21856.700203   -326.575716  4  5  4 105       
PG08  -7153.550851  21868.413329  13049.560147    -40.858078  2  5  3  65       
PG09   8278.664548  23618.410445   8820.277466   -253.107372  3  3  4  85       
PG10 -24031.949975 -11617.006401   -117.932597   -398.793304  9  7  4  51       
PG11 -11139.411886  24208.332087  -2692.765801   -221.983533  3  3  5  78       
PG12    573.015756 -16239.654799 -21274.478171     94.098224  6  6  5  71       
PG13  12968.619054 -15020.184705  17485.759592     26.485085  3  6  2  92       
PG14 -15053.259640   -711.334556 -21520.542675      1.125437  5  4  5 116       
PG15   4984.666395 -22874.170179  11861.200284   -217.756426  6  7  4  62       
PG16 -17245.730484   4918.892787  19523.867329   -182.369346  9  6  8  69       
PG17  13404.844377  10486.643493 -19983.067828    295.452494  6  6  6  78       
PG18  -8248.003875 -12687.099717  21815.560058    245.465815  8  6  7 101       
PG19  14813.676338   1914.280440 -22264.624824   -132.437727  7  5  7  76       
PG20 -18838.600759 -15056.605624  11303.001528    527.294016  5  3  6  90       
PG21 -20606.435349    372.622860  17364.378271     23.314898  4  4  4  68       
PG22  -7473.178371  13945.454365 -21120.742241   -772.233136  4  5  4  82       
PG24  10298.579901 -20370.363759 -13464.611106    -15.634685  6  2  6  79       
PG25 -10824.257573 -18085.420790 -16555.631637     22.986648  5  4  4 114       
PG26 -24533.443348  -3114.775042   9950.409185    242.807234  8  4  6  66       
PG27 -12503.392275  12198.601198  19756.358950   -345.105263  4  7  3  92       
PG28  22971.938084  13034.542278  -1273.360572    699.837305  5  5  4  87       
PG29  -3387.827480 -25802.059532   5171.903419   -149.651575  7  5  4  71       
PG30  18101.232089   5033.614165  18902.058649   -261.428469  4  3  1 102       
PG31 -23223.277815   4132.800361 -12687.845224    -55.411599  7  3  3  84       
PG32 -14870.958783  -8899.188929 -20082.015406    316.489349  4  3  5 105       
*  2020  7 13 22 45  0.00000000
PG01 -10948.650691  19873.446306 -13755.270329     25.083602  2  6  4  85       
PG02  21712.701018 -13798.773991  -5863.881742   -486.818985  6  6  4  63       
PG03  -1540.922460  15495.663487 -21599.253585   -238.841662  6  5  7  81       
PG04   -843.652267  26060.193020  -4952.539189   -114.379237  7  8  5  60       
PG05  20672.394312  -4432.107818  16052.870435    -16.606323  5  4  5  98       
PG06  20755.362869  -2128.971460 -16409.257562   -302.646044  7  3  6  61       
PG07   6794.428840  14179.458570  21680.214130   -326.583540  5  5  4  98       
PG08  -7532.391449  20276.469210  15248.007081    -40.859226  2  6  2  89       
PG09   8117.082275  24507.450393   6156.565937   -253.113196  3  2  4  70       
PG10 -23815.321345 -11761.536738   2729.697188   -398.802916  9  7  5  79       
PG11 -11507.180937  24131.599858     40.494304   -221.973925  4  4  5  57       
PG12   2716.771300 -15129.112854 -21911.693456     94.093635  7  6  5  74       
PG13  13047.418658 -12903.448165  19046.279532     26.487850  4  6  2  96       
PG14 -15088.120587  -3235.336116 -21283.728596      1.128003  5  4  5 120       
PG15   5603.684007 -21418.978023  14074.052987   -217.754028  6  6  5  73       
PG16 -19096.259619   3775.888559  18054.827737   -182.373383  9  5  8  79       
PG17  13407.643484  12774.207370 -18636.410427    295.457790  6  6  6  87       
PG18  -6185.202424 -14078.488887  21641.121431    245.474390  7  6  7 103       
PG19  14788.568163   4371.711819 -21931.148085   -132.432917  7  6  7  82       
PG20 -17393.437897 -14893.468137  13569.494893    527.293550  5  2  6  71       
PG21 -19197.373712   -991.359266  18977.225712     23.318766  4  4  4  82       
PG22  -9767.508114  13087.113089 -20720.601127   -772.230852  3  5  5  84       
PG24  11561.594162 -21035.397814 -11154.503329    -15.635632  6  2  6  75       
PG25  -9001.677630 -17403.379379 -18288.504919     22.990409  5  5  4  86       
PG26 -25354.636956  -3726.691433   7374.431703    242.813283  8  3  6  95       
PG27 -12836.315824   9863.980998  20839.020040   -345.113943  4  7  3 105       
PG28  22900.708034  13247.574507   1624.080724    699.834208  5  5  4  80       
PG29  -3215.969552 -26239.939536   2307.688701   -149.659393  7  5  5  42       
PG30  16324.743111   6373.063169  20062.735100   -261.435408  4  3  1  97       
PG31 -22036.615638   3112.028874 -14871.497464    -55.413856  7  4  4  95       
PG32 -15001.747578 -11139.279688 -18847.412941    316.495005  4  2  5  73       
*  2020  7 13 23  0  0.00000000
PG01 -12157.393959  20624.779728 -11358.639305     25.087400  4  6  4  72       
PG02  21235.792709 -12989.145681  -8555.839678   -486.824175  6  6  5  79       
PG03  -3862.004808  14648.953310 -21889.534660   -238.852181  6  5  7  87       
PG04  -1188.355364  25374.787503  -7684.528242   -114.383418  7  9  5  54       
PG05  22258.681457  -3695.784257  14024.719560    -16.606952  6  4  5 102       
PG06  19304.125744   -771.806355 -18194.164543   -302.650652  7  3  6  82       
PG07   4888.978037  15628.716297  21139.837164   -326.591343  5  5  4  95       
PG08  -8035.378506  18476.544367  17181.211542    -40.860036  4  6  1  89       
PG09   7947.632888  25100.427011   3386.653305   -253.119061  4  2  3  91       
PG10 -23309.527416 -11804.652561   5531.089689   -398.812481  9  7  6  77       
PG11 -11757.368827  23791.536476   2773.028225   -221.964439  4  5  4  85       
PG12   4965.936461 -14117.681647 -22180.471201     94.089239  7  6  5  80       
PG13  13242.894746 -10635.104085  20274.877171     26.490587  4  6  2  92       
PG14 -15247.921550  -5703.009402 -20669.275835      1.130504  6  4  6 106       
PG15   6351.109063 -19762.801195  16035.586882   -217.751669  6  6  5  59       
PG16 -20837.521541   2820.034573  16274.718841   -182.377758 10  5  9  84       
PG17  13518.346354  14881.925030 -16958.439408    295.462985  6  6  6  84       
PG18  -4230.576243 -15551.612457  21093.803450    245.483053  6  6  7 108       
PG19  14898.437743   6769.145081 -21230.744301   -132.428464  7  6  7  80       
PG20 -15704.877256 -14745.373629  15603.942837    527.293630  4  2  6  40       
PG21 -17747.273340  -2531.328606  20279.615724     23.322711  4  5  4  76       
PG22 -12036.689536  12354.958979 -19956.677040   -772.228617  3  5  5  95       
PG24  12593.817954 -21575.538010  -8650.451147    -15.635790  6  2  6 102       
PG25  -6979.590479 -16757.092847 -19715.104258     22.994155  5  6  3  91       
PG26 -25924.518856  -4199.766577   4673.039168    242.819430  9  3  7  48       
PG27 -13310.973899   7451.581766  21556.073352   -345.122501  4  7  3 105       
PG28  22549.396880  13315.712956   4493.457069    699.830788  4  5  5  85       
PG29  -3039.063440 -26360.248000   -596.354959   -149.667135  7  5  5  97       
PG30  14525.880884   7866.073281  20881.219343   -261.442381  4  3  2  97       
PG31 -20721.314002   1887.831422 -16805.069561    -55.416195  7  5  4  86       
PG32 -15221.460253 -13211.911762 -17287.733848    316.500626  3  3  5  77       
*  2020  7 13 23 15  0.00000000
PG01 -13117.033915  21249.505837  -8765.196196     25.091197  5  6  4  66       
PG02  20596.999976 -11932.186263 -11096.476348   -486.829354  7  6  5  83       
PG03  -6236.956628  13923.253499 -21805.725067   -238.862677  7  6  8  92       
PG04  -1625.992689  24411.679541 -10283.947198   -114.387574  6  9  5  96       
PG05  23644.582809  -3107.056955  11755.374069    -16.607734  6  4  6  91       
PG06  17794.361053    789.969968 -19665.202431   -302.655216  7  3  6  90       
PG07   3115.525990  17123.122765  20243.004467   -326.599120  5  5  4 102       
PG08  -8680.752056  16510.302705  18816.046621    -40.861542  5  7    101       
PG09   7733.407744  25393.342145    558.349857   -253.124911  4  2  3  69       
PG10 -22510.403854 -11784.228728   8238.848080   -398.822055 10  6  6  80       
PG11 -11921.028152  23176.658993   5458.440490   -221.954763  6  6  4  73       
PG12   7277.669132 -13228.856900 -22075.944582     94.084884  7  6  6  82       
PG13  13569.409338  -8261.279673  21150.195455     26.493927  5  6     96       
PG14 -15520.566460  -8065.754260 -19688.968471      1.133119  6  4  6 120       
PG15   7240.533969 -17945.747952  17710.662238   -217.749444  5  6  5  79       
PG16 -22424.277895   2046.587611  14215.450215   -182.382131 11  5  9  97       
PG17  13709.982626  16769.814225 -14979.972161    295.467962  7  6  6  90       
PG18  -2417.825079 -17070.900102  20182.954067    245.491571  6  7  8 102       
PG19  15130.813012   9059.744254 -20174.934532   -132.424128  7  6  8  94       
PG20 -13798.113334 -14644.073950  17371.045513    527.293462  5  2  6  72       
PG21 -16297.530335  -4231.606798  21252.258290     23.327036  4  5  5  72       
PG22 -14233.695364  11752.205102 -18842.205266   -772.226671  4  5  6 100       
PG24  13399.887880 -21952.339145  -5995.464972    -15.637101  7  2  6  78       
PG25  -4789.974651 -16178.646384 -20811.426957     22.997975  5  6  3  91       
PG26 -26219.854095  -4562.603620   1892.242262    242.825550  9  3  7  55       
PG27 -13928.469161   5012.395786  21895.786125   -345.131127  5  7  3  97       
PG28  21908.858865  13277.146409   7285.638167    699.827499  3  5  5 101       
PG29  -2817.815091 -26164.911862  -3490.117885   -149.674750  6  5  5  70       
PG30  12746.183998   9493.579287  21343.015753   -261.449273  5  3  3 102       
PG31 -19319.726536    461.356319 -18455.402025    -55.418436  7  5  4 102       
PG32 -15503.250139 -15080.641453 -15430.341744    316.506293  3  3  6  97       
*  2020  7 13 23 30  0.00000000
PG01 -13833.576421  21705.713488  -6019.303128     25.095120  6  7  4  75       
PG02  19835.322020 -10621.913319 -13439.552164   -486.834479  8  7  6  84       
PG03  -8618.498901  13331.625222 -21348.932484   -238.873205  7  6  8  93       
PG04  -2185.641488  23197.491471 -12705.954077   -114.391771  6  9  6  74       
PG05  24795.109400  -2645.014027   9284.324182    -16.608385  6  4  6  92       
PG06  16271.346631   2540.811172 -20796.799202   -302.659822  7  3  5  82       
PG07   1499.477122  18623.413394  19003.141233   -326.606901  4  5  4  94       
PG08  -9479.205163  14423.419417  20124.720683    -40.862562  6  7     69       
PG09   7438.127767  25390.920847  -2279.578610   -253.130777  4  2  4  83       
PG10 -21422.403904 -11738.870628  10807.187146   -398.831640 10  6  6  66       
PG11 -12031.216179  22283.169773   8050.574998   -221.945517  7  6  4  59       
PG12   9605.625005 -12478.678253 -21599.385062     94.080453  7  6  6  63       
PG13  14033.407975  -5830.874204  21657.115876     26.496779  5  6     96       
PG14 -15886.453953 -10278.736442 -18361.163580      1.135469  6  4  7 119       
PG15   8278.179189 -16011.651453  19069.438325   -217.746999  5  6  5  86       
PG16 -23814.662447   1442.596745  11913.405274   -182.386448 11  5  9  68       
PG17  13949.853248  18405.148342 -12737.066819    295.473317  7  6  7  63       
PG18   -773.849494 -18596.194894  18924.198967    245.500174  5  7  8 108       
PG19  15465.637229  11200.027316 -18781.047915   -132.419760  7  6  7  75       
PG20 -11705.129320 -14616.948918  18839.934253    527.293242  6  3  6  65       
PG21 -14886.477867  -6069.612334  21881.122086     23.330942  4  6  5  87       
PG22 -16312.593161  11274.321066 -17396.712140   -772.224060  4  6  7 101       
PG24  13992.195528 -22130.657052  -3235.530505    -15.637741  7  1  7  96       
PG25  -2470.737483 -15694.569493 -21558.831378     23.001778  6  7  4  85       
PG26 -26224.835547  -4847.768821   -920.687654    242.831684  9  3  7  73       
PG27 -14681.438998   2597.191990  21853.180022   -345.139735  6  7  4  71       
PG28  20978.673211  13172.051628   9953.512680    699.824573  2  5  6 104       
PG29  -2514.361085 -25665.042878  -6323.723619   -149.682182  6  6  5  56       
PG30  11024.036405  11229.439084  21439.638618   -261.456191  5  4  4  90       
PG31 -17874.584938  -1158.013938 -19793.858513    -55.420621  7  5  5  80       
PG32 -15815.126906 -16715.637959 -13307.637311    316.511793  3  3  6 106       
*  2020  7 13 23 45  0.00000000
PG01 -14321.421517  21955.035159  -3168.345171     25.098928  7  8  5  74       
PG02  18991.964433  -9061.423430 -15541.888384   -486.839711  8  7  6  86       
PG03 -10957.991902  12879.100864 -20526.612681   -238.883694  7  6  9  87       
PG04  -2890.856365  21765.579362 -14908.778246   -114.395914  6 10  6  82       
PG05  25681.513229  -2282.879183   6654.324243    -16.609199  6  4  6  95       
PG06  14777.987546   4456.890321 -21569.232362   -302.664432  7  3  6  91       
PG07     59.141342  20087.026631  17439.565959   -326.614981  4  4  3  92       
PG08 -10433.339725  12263.918364  21085.230431    -40.864252  7  7  2  78       
PG09   7027.739335  25106.350068  -5078.257339   -253.136684  5  3  4  75       
PG10 -20058.533846 -11706.295182  13192.667219   -398.841249  9  6  6  83       
PG11 -12121.579355  21115.307102  10504.297679   -221.936141  8  7  5  67       
PG12  11901.511814 -11875.182219 -20758.214914     94.075802  7  6  7  57       
PG13  14633.088822  -3393.825854  21787.021715     26.499762  6  7     98       
PG14 -16319.344113 -12302.447270 -16710.369167      1.138081  6  3  7 116       
PG15   9462.460769 -14006.409295  20087.958824   -217.744575  5  6  5  79       
PG16 -24971.672589    987.652111   9408.754780   -182.391082 12  5 10  77       
PG17  14200.992469  19763.529318 -10270.259693    295.478243  8  6  7  83       
PG18    682.107179 -20084.226410  17339.176622    245.508733  5  7  9  96       
PG19  15876.047806  13151.310060 -17071.979010   -132.415238  8  6  7  89       
PG20  -9463.668905 -14685.831407  19984.732741    527.293235  7  3  6  76       
PG21 -13548.125305  -8016.568115  22157.510505     23.335202  5  6  5  68       
PG22 -18230.196349  10909.334148 -15645.655228   -772.221583  5  6  7  80       
PG24  14390.254518 -22080.150371   -418.799185    -15.638821  7  2  7 108       
PG25    -64.500973 -15324.817953 -21944.341695     23.005579  6  8  6  81       
PG26 -25931.693882  -5090.353271  -3717.993265    242.837774  9  4  8  55       
PG27 -15554.315919    254.711899  21430.054465   -345.148353  6  7  5  71       
PG28  19767.151011  13040.870888  12452.724022    699.821160  4  5  6  85       
PG29  -2093.933844 -24880.481736  -9048.393824   -149.689996  6  7  5  54       
PG30   9393.313602  13041.255757  21168.793992   -261.463093  6  4  5  87       
PG31 -16427.432190  -2952.782170 -20796.831425    -55.422760  7  6  5  88       
PG32 -16121.298659 -18094.632592 -10956.471625    316.517372  3  3  6 100       
EOF
