#cP2020  7 12  0  0  0.00000000      96 ORBIT IGb14 HLM  IGS
## 2114      0.00000000   900.00000000 59042 0.0000000000000
+   31   G01G02G03G04G05G06G07G08G09G10G11G12G13G14G15G16G17
+        G18G19G20G21G22G24G25G26G27G28G29G30G31G32  0  0  0
+          0  0  0  0  0  0  0  0  0  0  0  0  0  0  0  0  0
+          0  0  0  0  0  0  0  0  0  0  0  0  0  0  0  0  0
+          0  0  0  0  0  0  0  0  0  0  0  0  0  0  0  0  0
++         2  2  2  2  2  2  2  2  1  2  2  2  2  2  2  2  2
++         2  2  2  2  2  2  2  2  2  2  2  1  2  1  0  0  0
++         0  0  0  0  0  0  0  0  0  0  0  0  0  0  0  0  0
++         0  0  0  0  0  0  0  0  0  0  0  0  0  0  0  0  0
++         0  0  0  0  0  0  0  0  0  0  0  0  0  0  0  0  0
%c G  cc GPS ccc cccc cccc cccc cccc ccccc ccccc ccccc ccccc
%c cc cc ccc ccc cccc cccc cccc cccc ccccc ccccc ccccc ccccc
%f  1.2500000  1.025000000  0.00000000000  0.000000000000000
%f  0.0000000  0.000000000  0.00000000000  0.000000000000000
%i    0    0    0    0      0      0      0      0         0
%i    0    0    0    0      0      0      0      0         0
/* FINAL ORBIT COMBINATION FROM WEIGHTED AVERAGE OF:        
/* cod emr esa gfz grg jpl mit ngs sio                      
/* REFERENCED TO IGS TIME (IGST) AND TO WEIGHTED MEAN POLE: 
/* PCV:IGS14_2114 OL/AL:FES2004  NONE     Y  ORB:CMB CLK:CMB
*  2020  7 12  0  0  0.00000000
PG01 -14480.368575  21987.008613  -1837.693086     24.347171  4  5  7  79       
PG02  18590.961593  -8250.600741 -16419.711929   -485.858627  8  8  8  97       
PG03 -12033.648111  12704.781892 -20020.565988   -236.884331  7  6  6  82       
PG04  -3260.155911  21055.891011 -15824.346453   -113.600194 10  8  8  90       
PG05  25992.330627  -2138.703266   5413.854663    -16.474520  9  6  6  63       
PG06  14139.069230   5343.193735 -21792.654224   -301.777431  8  9  7  96       
PG07   -528.756571  20725.357476  16631.898400   -325.118228  8  8  5  85       
PG08 -10921.462235  11263.816882  21404.227401    -40.647015  6  6  7  94       
PG09   6789.858188  24888.838349  -6330.809910   -252.020597  5  5  4  65       
PG10 -19355.151916 -11704.366913  14203.252619   -396.997755  8  7  9  90       
PG11 -12172.356146  20486.831523  11570.587738   -223.763998  7  4  8  89       
PG12  12917.120570 -11650.989171 -20260.586589     94.913383  9  6  8  64       
PG13  14946.893528  -2301.261978  21721.333392     25.928384  6  7  5  64       
PG14 -16530.132329 -13148.684515 -15862.539243      0.648938  8  7  3 102       
PG15  10055.363542 -13073.503290  20436.552367   -218.190052  5  5  7  71       
PG16 -25424.695928    796.519674   8179.863841   -181.568500  7  6  6  97       
PG17  14301.589274  20297.825405  -9069.299936    294.499315  7  7  5  94       
PG18   1291.990535 -20743.884451  16507.620520    243.873813 11  9  9  66       
PG19  16077.856540  13973.952338 -16192.821290   -133.288125  8  8  8 100       
PG20  -8416.142553 -14752.011486  20389.488011    527.307618  6  7  9  81       
PG21 -12678.242116  -9385.238486  22150.503057     22.547480  5  3  5  87       
PG22 -19067.231156  10756.802704 -14733.190762   -772.663835  9  4  6 102       
PG24  14508.754079 -21978.694717    857.015553    -15.524683  8  3  6  71       
PG25   1080.546290 -15194.636690 -21998.425264     22.284430  8  5  8  56       
PG26 -25703.029316  -5190.338088  -4961.010818    241.662871 10  7  8  47       
PG27 -15984.446059   -773.872433  21114.268531   -343.494703 10  6  7  67       
PG28  19129.549601  12981.904399  13520.083582    700.444688  8  5  7  96       
PG29  -1829.086460 -24425.187067 -10271.878440   -148.212824  6  6  8  96       
PG30   8705.212097  13864.986071  20928.522044   -260.137679  6  7  4  98       
PG31 -15791.371770  -3799.425310 -21131.637324    -54.993752  6  6  7  83       
PG32 -16241.955656 -18647.205123  -9806.272990    315.444294  3  8  4  83       
*  2020  7 12  0 15  0.00000000
PG01 -14676.137160  21876.593882   1077.135211     24.351182  4  4  7  60       
PG02  17702.133187  -6349.593602 -18100.981388   -485.863651  8  8  7  99       
PG03 -14224.284599  12446.596707 -18688.480246   -236.894988  7  6  5  85       
PG04  -4205.224500  19378.097745 -17642.225935   -113.604393 10  7  8  48       
PG05  26457.741177  -1864.880300   2633.855860    -16.475485  9  6  5  52       
PG06  12757.397598   7441.738015 -22024.210032   -301.782159  7  8  5  89       
PG07  -1696.962025  22056.787526  14644.188070   -325.125956  8  7  5  91       
PG08 -12089.643679   9085.116967  21830.710774    -40.647149  6  6  6 109       
PG09   6158.986332  24232.734842  -8986.587906   -252.026407  5  5  3  81       
PG10 -17630.140212 -11752.335359  16251.861731   -397.007454  7  6  9  65       
PG11 -12291.521767  18943.015070  13745.503870   -223.754297  7  4  7  96       
PG12  15080.135660 -11258.278642 -18915.168566     94.908899  8  6  8  93       
PG13  15723.976271     58.199431  21301.506134     25.931226  6  7  4  83       
PG14 -17002.792211 -14840.603151 -13797.206260      0.651587  8  7  3  98       
PG15  11433.738935 -11046.681194  20929.154537   -218.187337  5  6  6  72       
PG16 -26185.080116    509.642655   5456.794087   -181.572901  7  6  6  85       
PG17  14497.330687  21226.575254  -6355.518737    294.504233  7  6  5  96       
PG18   2456.462012 -22096.623669  14496.787061    243.882408 10  8  9  76       
PG19  16538.483063  15593.381174 -14076.056325   -133.283428  7  7  8  92       
PG20  -6035.286852 -14985.935743  21029.147314    527.307647  6  6  9  71       
PG21 -11493.468992 -11421.920741  21853.241329     22.551525  5  3  4 101       
PG22 -20679.376879  10520.295128 -12591.445364   -772.661638  8  4  6  91       
PG24  14672.178507 -21555.068741   3668.054421    -15.525948  7  3  5  75       
PG25   3530.604499 -15011.239674 -21842.792639     22.288150  8  5  7  87       
PG26 -24980.733157  -5435.296969  -7651.560854    241.668931  9  6  8  75       
PG27 -16988.588255  -2931.559470  20154.459607   -343.503347  9  5  6  77       
PG28  17540.980674  12881.709209  15702.155977    700.441247  7  5  7 100       
PG29  -1185.092695 -23274.602318 -12752.633605   -148.220785  6  6  7  93       
PG30   7255.809864  15719.666315  20134.234685   -260.144628  6  6  4  91       
PG31 -14409.971195  -5802.255187 -21618.376938    -54.995921  5  6  7  64       
PG32 -16470.640901 -19629.307070  -7195.197012    315.449900  3  8  4  75       
*  2020  7 12  0 30  0.00000000
PG01 -14709.151016  21489.944447   3972.988542     24.355241  4  4  6  45       
PG02  16831.437047  -4245.055184 -19454.117919   -485.868937  7  8  6 100       
PG03 -16257.819782  12305.630391 -17035.531717   -236.905461  7  6  4  93       
PG04  -5323.913945  17584.725515 -19155.866076   -113.608643 10  7  7  85       
PG05  26620.655979  -1608.564493   -191.017774    -16.476330  8  6  4  48       
PG06  11490.708497   9617.539005 -21874.996130   -301.786732  6  8  5 100       
PG07  -2677.621929  23242.969684  12403.629695   -325.134075  8  6  6  82       
PG08 -13384.964657   6950.825532  21881.434828    -40.648008  6  6  5  96       
PG09   5348.002774  23358.489098 -11487.857630   -252.032275  5  5  4  76       
PG10 -15694.404227 -11892.196548  18025.247916   -397.017121  6  6  8  82       
PG11 -12466.808665  17169.072200  15680.484336   -223.744922  7  4  7  95       
PG12  17094.700472 -10997.253474 -17248.706807     94.904604  8  6  8  88       
PG13  16598.206342   2308.380151  20511.666600     25.934348  6  7  4  87       
PG14 -17457.591989 -16276.583716 -11491.478060      0.654168  7  6  3  73       
PG15  12921.877003  -9059.374002  21050.147380   -218.185181  4  6  5  89       
PG16 -26649.366277    296.832715   2641.783656   -181.577501  6  6  6  74       
PG17  14605.805080  21857.519211  -3531.301695    294.509265  8  6  4  92       
PG18   3420.902760 -23302.806634  12235.945712    243.891018 10  7  9  81       
PG19  16986.903393  16956.698973 -11721.797117   -133.278872  7  7  8  93       
PG20  -3614.628107 -15340.505827  21305.251305    527.307270  6  5  8  86       
PG21 -10442.425436 -13471.559670  21206.004927     22.555625  6  3  4  90       
PG22 -22044.959956  10340.118280 -10228.984351   -772.659150  8  4  6 102       
PG24  14713.003457 -20856.412967   6414.289269    -15.525715  7  3  5  87       
PG25   5951.688535 -14959.075076 -21318.742958     22.292041  7  5  7  89       
PG26 -23976.589534  -5724.756808 -10212.259717    241.675035  9  6  7  49       
PG27 -18044.094379  -4915.796792  18846.335352   -343.511924  9  4  6  90       
PG28  15725.841750  12845.464450  17622.269803    700.437969  6  6  6  97       
PG29   -361.125864 -21919.833339 -15014.058865   -148.228582  5  6  7  82       
PG30   5954.855620  17551.728979  18993.274930   -260.151561  5  6  4  93       
PG31 -13113.963897  -7906.706088 -21735.661400    -54.998150  5  6  7  85       
PG32 -16599.109002 -20336.217578  -4461.033919    315.455535  3  7  4  61       
*  2020  7 12  0 45  0.00000000
PG01 -14615.604721  20812.239562   6798.741590     24.359307  5  5  6  50       
PG02  16014.445551  -1970.581671 -20453.412343   -485.873889  7  8  6 103       
PG03 -18093.728956  12260.129595 -15089.747404   -236.915956  7  6  4  96       
PG04  -6613.909848  15721.749647 -20339.226059   -113.612821 10  7  7  81       
PG05  26479.911056  -1333.235462  -3012.658602    -16.477097  8  6  4  77       
PG06  10362.611560  11825.576430 -21347.472174   -301.791459  5  8  4  98       
PG07  -3479.578302  24242.201426   9947.729988   -325.141903  7  6  6  79       
PG08 -14782.500046   4903.867061  21556.313759    -40.649244  6  5  5  76       
PG09   4341.144157  22302.347073 -13791.733517   -252.038172  5  5  4  76       
PG10 -13585.827224 -12147.221680  19493.125484   -397.026786  5  5  7  97       
PG11 -12722.853562  15195.583215  17340.136961   -223.735422  7  4  7 104       
PG12  18918.436507 -10848.426541 -15288.704218     94.899814  7  6  8  82       
PG13  17541.462087   4408.953566  19365.947520     25.937284  6  7  4  93       
PG14 -17855.391878 -17443.902329  -8986.385327      0.656711  7  6  2  79       
PG15  14492.590143  -7151.474170  20798.483484   -218.183050  4  6  5  78       
PG16 -26805.871359    121.092739   -217.604405   -181.582019  6  6  6  64       
PG17  14588.251839  22198.360199   -646.017490    294.514781  8  5  4  77       
PG18   4194.786564 -24321.100147   9764.073138    243.899591 10  6  8  81       
PG19  17382.099655  18050.231226  -9169.214407   -133.274491  7  6  8  87       
PG20  -1201.191871 -15812.734186  21212.311727    527.307267  6  4  7  96       
PG21  -9536.398659 -15491.820449  20219.222296     22.560297  6  3  4 110       
PG22 -23141.085379  10184.997811  -7687.466576   -772.657120  7  4  6 100       
PG24  14666.753881 -19877.710282   9047.038375    -15.526418  6  3  4  43       
PG25   8296.271376 -15031.214803 -20434.189963     22.295819  7  5  7  76       
PG26 -22711.145701  -6090.705972 -12599.587803    241.681120  8  6  7  80       
PG27 -19113.485701  -6696.771785  17213.545204   -343.520539  8  4  5  92       
PG28  13718.432609  12902.339054  19250.015610    700.434406  6  6  5  99       
PG29    656.226227 -20403.166786 -17017.428549   -148.236509  5  6  7  87       
PG30   4813.089141  19316.683196  17524.673241   -260.158443  5  5  5  96       
PG31 -11929.827523 -10072.360484 -21480.126140    -55.000275  5  6  6  84       
PG32 -16590.371474 -20774.930101  -1650.652960    315.461157  2  7  4  76       
*  2020  7 12  1  0  0.00000000
PG01 -14434.850448  19837.717355   9504.304357     24.363403  6  5  6  73       
PG02  15281.496314    433.233831 -21079.810069   -485.879068  7  8  6  87       
PG03 -19697.217650  12282.157855 -12884.257371   -236.926416  6  7  4  80       
PG04  -8064.642025  13835.196749 -21171.978422   -113.617054 10  6  7  83       
PG05  26042.872517  -1003.001462  -5783.175703    -16.477980  7  6  4  63       
PG06   9388.824051  14017.817420 -20450.672289   -301.796192  5  7  4  85       
PG07  -4119.070710  25016.711084   7318.201832   -325.149498  7  5  6  58       
PG08 -16250.777504   2982.178743  20861.690658    -40.650000  7  5  4  81       
PG09   3130.173875  21104.449860 -15858.767015   -252.044073  5  5  4  69       
PG10 -11347.089417 -12533.868576  20630.255040   -397.036388  4  4  7  77       
PG11 -13078.828683  13059.123536  18693.620854   -223.725703  7  4  7  87       
PG12  20514.156263 -10785.633194 -13067.771641     94.895088  7  6  7  84       
PG13  18519.898857   6325.718854  17884.661572     25.940219  6  7  4  74       
PG14 -18156.806991 -18338.734548  -6326.072638      0.659318  7  6  3  81       
PG15  16112.959969  -5357.714313  20179.879886   -218.180505  4  6  5  79       
PG16 -26651.564537    -56.027124  -3073.369270   -181.586185  5  6  6  62       
PG17  14409.153770  22265.554282   2250.415656    294.519659  7  5  4  86       
PG18   4795.216339 -25114.368820   7123.797518    243.908170 10  6  8  54       
PG19  17682.369541  18868.942734  -6461.021685   -133.269888  7  6  7  93       
PG20   1158.822269 -16391.971547  20751.263289    527.306744  5  4  6  76       
PG21  -8779.168692 -17439.449985  18908.384716     22.563964  5  3  4 107       
PG22 -23952.894891  10020.891661  -5011.604388   -772.654768  8  4  6  67       
PG24  14570.334563 -18622.677519  11519.555192    -15.527837  5  3  4  64       
PG25  10518.961539 -15212.973527 -19203.097373     22.299635  7  5  7  74       
PG26 -21212.122436  -6560.961697 -14772.889739    241.687213  7  6  7  78       
PG27 -20155.827132  -8252.665000  15285.167790   -343.529151  8  4  5  90       
PG28  11558.346844  13075.360157  20559.954630    700.431302  5  6  4  94       
PG29   1872.126871 -18770.160762 -18728.494899   -148.244081  5  6  6  76       
PG30   3833.410506  20969.905808  15753.206101   -260.165405  4  5  5  85       
PG31 -10877.155306 -12254.702473 -20854.778163    -55.002524  5  5  6  73       
PG32 -16410.614411 -20960.507617   1187.901780    315.466776  2  7  4  84       
*  2020  7 12  1 15  0.00000000
PG01 -14207.674087  18570.084630  12041.587879     24.367496  6  5  6  78       
PG02  14656.407517   2920.240793 -21321.378470   -485.884323  7  8  5  96       
PG03 -21040.424876  12338.788543 -10456.749464   -236.936899  6  7  4  81       
PG04  -9657.527558  11969.474560 -21639.855569   -113.621247 10  6  7  85       
PG05  25325.123798   -584.155718  -8455.674436    -16.478926  7  6  3  56       
PG06   8576.676846  16144.921369 -19200.053134   -301.800893  5  7  5  80       
PG07  -4618.965859  25534.182684   4560.291637   -325.157067  7  5  6  57       
PG08 -17752.917464   1217.450531  19810.177870    -40.651373  6  5  4  62       
PG09   1714.892982  19807.285092 -17653.611786   -252.049954  4  5  4  75       
PG10  -9024.221283 -13061.030589  21416.875148   -397.046026  4  4  6  71       
PG11 -13547.480569  10801.042629  19715.335814   -223.716268  7  5  6  82       
PG12  21851.172221 -10777.129501 -10623.143618     94.890711  6  6  7  74       
PG13  19495.272205   8031.713665  16093.911235     25.943175  6  7  5  87       
PG14 -18323.843280 -18966.049301  -3556.970989      0.661896  6  6  3  86       
PG15  17745.565559  -3706.492877  19206.619205   -218.178378  4  6  5  95       
PG16 -26192.123307   -272.801827  -5877.817551   -181.590464  4  6  7  51       
PG17  14037.731229  22083.463575   5108.401946    294.524989  7  5  4  86       
PG18   5246.058562 -25651.105667   4360.658521    243.916732  9  5  8  81       
PG19  17847.016641  19416.522695  -3642.822791   -133.265195  7  6  7  81       
PG20   3421.643794 -17060.260972  19929.494002    527.307283  5  4  5  73       
PG21  -8166.979288 -19271.668376  17293.870690     22.568750  5  3  4  90       
PG22 -24474.005963   9812.517646  -2248.325640   -772.652477  8  4  6  79       
PG24  14460.393881 -17103.787148  13787.935448    -15.528238  5  4  3  65       
PG25  12578.045969 -15482.470211 -17645.322829     22.303378  7  5  7  73       
PG26 -19513.457152  -7157.930547 -16695.044945    241.693267  6  5  6  74       
PG27 -21128.325550  -9570.237878  13095.145613   -343.537792  7  4  4  93       
PG28   9289.130802  13380.531930  21531.889583    700.427929  5  6  4 102       
PG29   3283.110856 -17067.940613 -20118.061503   -148.252032  5  6  6  60       
PG30   3010.917272  22468.272552  13709.005154   -260.172354  4  4  5  88       
PG31  -9967.958257 -14406.639310 -19869.039665    -55.004784  5  5  5  81       
PG32 -16030.629177 -20915.353179   4006.217164    315.472404  2  7  4  85       
*  2020  7 12  1 30  0.00000000
PG01 -13974.510843  17022.549231  14365.440781     24.371576  6  6  6  75       
PG02  14155.486560   5440.425920 -21173.599079   -485.889304  7  8  5  97       
PG03 -22103.371530  12393.506313  -7848.839356   -236.947313  7  7  5  57       
PG04 -11366.531929  10165.776917 -21734.890328   -113.625389 10  5  7  91       
PG05  24349.859975    -46.643020 -10985.011234    -16.479645  7  6  4  61       
PG06   7924.958285  18158.005545 -17617.227003   -301.805623  5  7  5  82       
PG07  -5007.705466  25769.102719   1722.007658   -325.164976  7  5  6  52       
PG08 -19247.983725   -365.882308  18420.396135    -40.652727  6  5  4  48       
PG09    103.340532  18454.064556 -19145.616229   -252.055813  4  5  4  82       
PG10  -6665.032729 -13729.576815  21839.054043   -397.055788  4  4  5  88       
PG11 -14134.428527   8466.031946  20385.526673   -223.706557  7  5  6  89       
PG12  22906.380313 -10786.923793  -7996.106154     94.886380  6  5  6  71       
PG13  20426.440827   9508.038402  14025.098198     25.946094  6  7  5  76       
PG14 -18321.466029 -19339.172143   -726.958112      0.664343  6  5  4  59       
PG15  19349.891368  -2218.979120  17897.221502   -218.176009  4  6  5  84       
PG16 -25441.686133   -565.724657  -8584.288083   -181.594874  4  6  7  71       
PG17  13449.236122  21683.232488   7879.499319    294.530706  7  5  4  80       
PG18   5576.814702 -25906.657311   1522.315932    243.925409 10  6  8  62       
PG19  17838.031996  19705.149205   -762.396149   -133.260335  7  5  7  83       
PG20   5547.446169 -17792.996274  18760.756779    527.307445  5  5  5  87       
PG21  -7688.765244 -20947.559080  15400.727942     22.572674  5  3  5  70       
PG22 -24706.621629   9524.928267    554.095484   -772.649784  8  4  6  73       
PG24  14371.703598 -15341.937322  15811.969170    -15.529164  5  4  2  73       
PG25  14436.913812 -15811.478472 -15786.366091     22.307131  8  6  7  67       
PG26 -17654.122788  -7897.575281 -18333.086971    241.699372  6  5  6  85       
PG27 -21987.995323 -10645.087035  10681.651750   -343.546485  7  5  4  62       
PG28   6956.830474  13826.223693  22151.062413    700.424758  5  5  4  94       
PG29   4877.041524 -15343.450654 -21162.468189   -148.259665  5  6  5  88       
PG30   2333.253791  23771.752820  11427.064421   -260.179290  3  3  5  71       
PG31  -9206.264961 -16480.150171 -18538.679322    -55.006714  5  5  5  84       
PG32 -15427.071626 -20668.215172   6756.315513    315.477996  2  6  4  69       
*  2020  7 12  1 45  0.00000000
PG01 -13773.677142  15217.469608  16434.532429     24.375661  6  6  5  83       
PG02  13786.881342   7941.784892 -20639.472328   -485.894308  6  8  5  88       
PG03 -22874.615823  12407.763384  -5105.365370   -236.957722  7  7  5  69       
PG04 -13159.026746   8460.625070 -21455.546861   -113.629576  9  5  7  81       
PG05  23147.013490    634.617052 -13328.514030    -16.480165  6  6  4  83       
PG06   7424.101788  20010.402702 -15729.584530   -301.810278  6  7  5  87       
PG07  -5318.009221  25703.866996  -1146.739033   -325.172744  7  5  5  83       
PG08 -20692.491782  -1751.359785  16716.619789    -40.653353  6  5  4  78       
PG09  -1688.324120  17087.090276 -20309.334303   -252.061576  3  4  4  77       
PG10  -4317.474374 -14532.203140  21888.954760   -397.065412  4  4  4  71       
PG11 -14837.761406   6100.537080  20690.780135   -223.697001  6  5  6  90       
PG12  23665.073294 -10776.294288  -5231.341464     94.881620  5  5  6  49       
PG13  21270.988685  10744.362790  11714.343499     25.949059  6  7  5  67       
PG14 -18119.041661 -19479.043596   2115.476811      0.666955  6  5  4  58       
PG15  20883.853006   -908.527776  16276.001217   -218.173763  5  6  5  66       
PG16 -24422.314138   -967.977148 -11147.849941   -181.599052  4  6  6  31       
PG17  12626.001817  21101.438151  10517.198131    294.535709  7  5  4  86       
PG18   5821.274516 -25864.195944  -1342.278882    243.934003 10  6  8  70       
PG19  17621.703382  19754.936471   2131.076866   -133.256227  7  5  6  85       
PG20   7501.712886 -18559.861414  17264.960948    527.307224  4  5  4  64       
PG21  -7326.632354 -22429.417040  13258.409696     22.576599  5  4  5  84       
PG22 -24661.310742   9125.067503   3346.919512   -772.647600  8  5  6  60       
PG24  14335.625163 -13365.782749  17555.915812    -15.529990  5  4  2  63       
PG25  16065.306914 -16166.539157 -13657.019841     22.310921  8  6  6  53       
PG26 -15676.764792  -8788.627905 -19658.762321    241.705506  5  5  6  77       
PG27 -22693.326757 -11481.562185   8086.402402   -343.555133  6  5  4  71       
PG28   4608.475239  14412.840798  22408.284255    700.421272  4  5  5  82       
PG29   6633.405702 -13641.728598 -21843.980335   -148.267596  6  6  5  91       
PG30   1781.261221  24844.904826   8946.652059   -260.186212  3  3  6  70       
PG31  -8588.040500 -18428.000730 -16885.625834    -55.009166  5  5  4  99       
PG32 -14583.503209 -20252.966448   9391.445807    315.483618  3  6  4  51       
*  2020  7 12  2  0  0.00000000
PG01 -13639.695815  13185.633764  18212.159573     24.379756  6  6  5  84       
PG02  13550.305468  10372.283090 -19729.430825   -485.899798  6  8  4  74       
PG03 -23351.588596  12342.630180  -2273.619396   -236.968150  7  6  5  48       
PG04 -14996.911052   6884.601019 -20806.740162   -113.633717  9  5  7  75       
PG05  21752.144724   1478.598228 -15446.659555    -16.480830  6  5  4  86       
PG06   7056.709416  21659.342077 -13569.813712   -301.814972  6  6  5  49       
PG07  -5585.382384  25329.593533  -3995.064651   -325.180540  6  5  5  65       
PG08 -22042.017057  -2930.907719  14728.336226    -40.654579  6  5  4  31       
PG09  -3636.252415  15746.171388 -21124.947073   -252.067473  3  4  4  81       
PG10  -2027.990321 -15453.602776  21565.007645   -397.075061  5  3  4  80       
PG11 -15647.958732   3751.079278  20624.393606   -223.687474  6  6  6  92       
PG12  24121.448240 -10705.436895  -2376.196901     94.877370  5  5  6  71       
PG13  21986.901688  11739.098363   9201.830994     25.952089  6  6  5  67       
PG14 -17691.600782 -19413.208861   4922.049481      0.669301  6  5  5  66       
PG15  22305.376108    219.580684  14372.525727   -218.171472  5  6  5  52       
PG16 -23163.183258  -1508.027910 -13525.968226   -181.603157  3  6  6  70       
PG17  11558.216148  20378.571785  12977.638232    294.541048  7  5  3  77       
PG18   6016.004651 -25515.400061  -4183.733722    243.942603 10  7  8  73       
PG19  17170.089286  19593.079988   4987.829828   -133.251496  7  5  6  66       
PG20   9256.399173 -19326.015414  15467.845102    527.306882  4  6  4  80       
PG21  -7056.580042 -23684.013929  10900.460820     22.580551  5  4  5  40       
PG22 -24356.471975   8583.246283   6081.815883   -772.645655  7  5  6  60       
PG24  14378.729122 -11210.754466  18989.182991    -15.529200  5  4  2  67       
PG25  17440.347462 -16510.297989 -11292.922935     22.314702  8  6  6  55       
PG26 -13626.205321  -9832.080165 -20649.019851    241.711644  5  4  5  77       
PG27 -23205.894831 -12092.357274   5353.928807   -343.563805  6  6  4  76       
PG28   2290.547308  15132.783358  22300.002304    700.417931  4  5  5  83       
PG29   8523.934908 -12004.268144 -22151.077263   -148.275431  6  5  4  94       
PG30   1329.904382  25658.210924   6310.635646   -260.193155  2  3  6  53       
PG31  -8101.433822 -20205.457174 -14937.660646    -55.011451  4  4  4  95       
PG32 -13491.175723 -19707.204352  11866.850165    315.489271  3  6  4  62       
*  2020  7 12  2 15  0.00000000
PG01 -13601.787717  10965.196910  19666.955528     24.383829  5  6  5  45       
PG02  13437.148650  12681.812652 -18461.065687   -485.904640  6  7  4  73       
PG03 -23540.593755  12160.475426    597.473074   -236.978605  7  6  6  62       
PG04 -16837.953109   5461.320960 -19799.744297   -113.637878  9  4  7  89       
PG05  20205.138663   2497.267838 -17303.699581    -16.481778  6  5  3  71       
PG06   6798.390096  23067.488128 -11175.324088   -301.819654  6  6  6  55       
PG07  -5846.488708  24646.598642  -6772.093401   -325.188265  6  5  5  70       
PG08 -23252.842460  -3904.926708  12489.728492    -40.655334  5  6  4  74       
PG09  -5709.634665  14467.151785 -21578.588970   -252.073363  3  4  3  71       
PG10    160.077026 -16470.953460  20871.984943   -397.084717  5  3  3  75       
PG11 -16548.147483   1462.558345  20186.598757   -223.677769  6  7  5  82       
PG12  24278.783498 -10535.180553    520.112192     94.872862  5  5  6  77       
PG13  22534.232989  12499.233867   6531.087722     25.955149  6  6  5  85       
PG14 -17020.879137 -19174.583657   7645.465626      0.671915  6  4  5  39       
PG15  23573.963764   1168.072718  12220.993367   -218.169161  5  6  5  67       
PG16 -21699.536300  -2208.407721 -15679.132838   -181.607752  3  6  6  67       
PG17  10244.396055  19557.411164  15220.258224    294.546293  7  5  3  79       
PG18   6198.732455 -24860.817451  -6953.073217    243.951169 10  7  8  74       
PG19  16462.297517  19252.726891   7758.363635   -133.247094  7  5  6  80       
PG20  10790.841626 -20053.476586  13400.535614    527.306934  4  6  4  72       
PG21  -6849.450262 -24683.740219   8364.148594     22.585206  5  4  5  80       
PG22 -23817.507558   7874.477977   8711.712866   -772.643293  7  5  6  76       
PG24  14521.627065  -8917.810683  20086.892620    -15.528928  6  4  3  84       
PG25  18547.299876 -16803.021326  -8734.017889     22.318505  8  6  5  82       
PG26 -11547.869004 -11020.972981 -21286.422295    241.717773  4  4  5  47       
PG27 -23491.849435 -12497.796024   2530.821391   -343.572538  6  6  3  51       
PG28     47.484601  15970.689905  21828.307402    700.414688  4  5  5  74       
PG29  10513.528986 -10467.531418 -22078.635962   -148.283419  6  5  4  79       
PG30    949.439893  26189.198360   3564.732351   -260.200103  3  3  6  67       
PG31  -7727.349524 -21771.930948 -12727.989754    -55.013836  5  4  4 101       
PG32 -12149.530980 -19070.724745  14140.494876    315.494993  3  6  4  50       
*  2020  7 12  2 30  0.00000000
PG01 -13682.595384   8600.322919  20773.484023     24.387912  5  6  5  79       
PG02  13430.963005  14824.054473 -16858.678590   -485.909797  6  7  4  64       
PG03 -23456.472158  11826.608832   3458.209219   -236.989051  7  6  6  59       
PG04 -18637.301030   4206.687444 -18451.991421   -113.642053  9  4  7  81       
PG05  18548.755266   3694.951751 -18868.228843    -16.482320  5  5  3  88       
PG06   6618.878680  24204.276932  -8587.586780   -301.824325  6  6  5  91       
PG07  -6137.457967  23664.507523  -9427.964547   -325.195952  6  5  4  70       
PG08 -24283.584089  -4682.059797  10039.090351    -40.655811  5  6  4  32       
PG09  -7871.697587  13280.603997 -21662.574263   -252.079229  3  3  3  79       
PG10   2207.970411 -17554.706801  19820.973096   -397.094376  6  3  4  71       
PG11 -17514.689453   -723.387619  19384.627131   -223.668300  5  7  5  74       
PG12  24149.272434 -10228.702751   3407.353583     94.868479  4  5  6  84       
PG13  22876.692264  13039.843724   3748.215378     25.958051  5  6  5  64       
PG14 -16096.102863 -18800.047186  10240.164965      0.674512  5  4  5  38       
PG15  24652.190935   1947.299370   9859.549139   -218.166948  6  5  5  69       
PG16 -20071.431486  -3084.702249 -17571.445817   -181.611858  2  6  5  86       
PG17   8691.553781  18681.345318  17208.373078    294.550999  7  5  3  84       
PG18   6406.688917 -23909.896371  -9602.587948    243.959780 10  8  9  88       
PG19  15485.513822  18771.610358  10394.319347   -133.242398  8  5  6  80       
PG20  12092.378011 -20702.650834  11098.998088    527.306866  4  7  4  73       
PG21  -6672.079405 -25407.585048   5690.032612     22.589041  6  5  5  41       
PG22 -23075.743935   6979.622260  11191.607428   -772.641174  7  6  6  82       
PG24  14778.065373  -6531.972847  20830.322000    -15.529905  6  4  3  73       
PG25  19380.032867 -17004.234619  -6023.916787     22.322475  8  6  4  62       
PG26  -9486.188048 -12340.495663 -21559.472050    241.723901  5  3  5  72       
PG27 -23523.234008 -12724.843380   -335.041818   -343.581252  5  5  3  83       
PG28  -2079.737034  16903.955603  21000.884992    700.411241  3  5  6  83       
PG29  12561.447023  -9061.666941 -21628.008069   -148.291106  6  5  4  90       
PG30    606.779564  26423.298738    756.697676   -260.207045  3  3  5  40       
PG31  -7440.326121 -23092.486058 -10294.697855    -55.016287  5  5  3  93       
PG32 -10566.397129 -18383.927284  16173.755948    315.500637  4  6  4  38       
*  2020  7 12  2 45  0.00000000
PG01 -13897.193464   6139.588146  21512.703682     24.392031  5  6  4  61       
PG02  13508.296498  16758.160584 -14952.679337   -485.914911  6  6  4  57       
PG03 -23121.940817  11310.820360   6258.985669   -236.999516  6  6  6  47       
PG04 -20349.104227   3128.447993 -16786.765433   -113.646220  8  5  8  21       
PG05  16827.085933   5067.987234 -20113.687988    -16.483010  5  4  3  72       
PG06   6483.390784  25046.998251  -5851.402822   -301.828988  6  6  5  61       
PG07  -6492.202750  22401.987273 -11914.838872   -325.203924  6  5  3  67       
PG08 -25096.735434  -5278.650613   7418.183508    -40.656635  5  6  4  43       
PG09 -10080.933732  12210.738303 -21375.520757   -252.085111  3  3  3  69       
PG10   4082.832806 -18669.653678  18429.239590   -397.104052  6  4  5  67       
PG11 -18518.077457  -2769.891031  18232.610711   -223.658534  5  8  4  70       
PG12  23753.515235  -9753.175985   6235.168411     94.863824  3  5  6  63       
PG13  22983.098141  13383.292199    901.087405     25.961114  5  5  4  30       
PG14 -14914.494690 -18328.917306  12663.016140      0.677063  5  5  5  47       
PG15  25507.069768   2574.563085   7329.555933   -218.164733  6  5  5  74       
PG16 -18322.330068  -4144.796827 -19171.162863   -181.615957  2  6  5  70       
PG17   6915.055305  17792.711650  18909.678162    294.556247  8  6  2  63       
PG18   6674.976134 -22680.683859 -12086.659899    243.968378 10  8  9  81       
PG19  14235.733946  18190.497673  12849.355352   -133.237540  8  6  5  85       
PG20  13156.651310 -21233.942117   8603.391939    527.306536  4  7  4  90       
PG21  -6488.622836 -25841.917064   2921.468595     22.592990  6  5  5  71       
PG22 -22167.145630   5886.294578  13479.321281   -772.638657  6  6  6  51       
PG24  15154.317618  -4100.710045  21207.211674    -15.531123  6  4  3  84       
PG25  19941.158020 -17074.421230  -3209.182431     22.326373  8  7  3  74       
PG26  -7483.045983 -13768.394487 -21462.844049    241.730058  5  3  5  73       
PG27 -23279.086769 -12805.883243  -3195.271359   -343.589993  5  6  3  65       
PG28  -4054.899099  17903.507581  19830.910841    700.407652  3  5  6  65       
PG29  14622.720499  -7809.480852 -20806.989553   -148.298925  6  5  4  86       
PG30    266.994281  26354.409723  -2064.531554   -260.214045  2  3  5  47       
PG31  -7209.689082 -24139.144492  -7680.091866    -55.018524  5  5  3  66       
PG32  -8757.874332 -17686.211384  17932.049854    315.506291  4  5  4  61       
*  2020  7 12  3  0  0.00000000
PG01 -14252.427085   3634.216538  21872.293469     24.396078  5  6  4  57       
PG02  13639.827588  18450.184052 -12778.854278   -485.919950  6  6  4  83       
PG03 -22566.632458  10588.753611   8951.179093   -237.010000  6  6  6  67       
PG04 -21928.183421   2226.075998 -14832.795859   -113.650390  8  5  8  61       
PG05  15083.971557   6604.676971 -21018.795431    -16.483536  4  3  3  75       
PG06   6354.159009  25581.581396  -3014.113599   -301.833695  6  6  5  65       
PG07  -6940.820720  20886.108135 -14187.876022   -325.211855  6  5  3  70       
PG08 -25660.073937  -5717.914569   4671.546832    -40.657487  5  6  4  45       
PG09 -12292.516723  11274.567755 -20722.369214   -252.090987  3  4  2  89       
PG10   5758.802664 -19776.228629  16719.992697   -397.113647  7  4  5  67       
PG11 -19524.102581  -4646.162679  16751.316714   -223.648948  5  8  4  69       
PG12  23119.683806  -9081.276664   8953.983755     94.859482  3  5  6  52       
PG13  22828.639041  13558.167209  -1961.473882     25.963826  4  5  4  57       
PG14 -13481.488119 -17801.364981  14873.956729      0.679601  4  5  5  60       
PG15  26111.237086   3073.188198   4674.838053   -218.162397  6  5  4  71       
PG16 -16497.570534  -5388.399954 -20451.184605   -181.620350  2  6  5  98       
PG17   4938.181728  16931.202816  20296.679269    294.561614  7  6  3  56       
PG18   7035.023629 -21199.203129 -14362.549620    243.976928 10  9  9  75       
PG19  12718.162997  17551.510785  15080.011021   -133.233108  8  6  5  82       
PG20  13987.585270 -21609.379141   5957.340987    527.306464  5  8  4  74       
PG21  -6262.014358 -25981.032847    104.041876     22.597196  6  6  5  55       
PG22 -21130.875590   4589.508715  15536.191593   -772.636684  5  6  6  72       
PG24  15648.898445  -1672.240636  21211.936213    -15.530465  6  4  4  81       
PG25  20241.833453 -16976.714624   -338.534424     22.330282  7  7  3  87       
PG26  -5576.318666 -15275.678636 -20997.519536    241.736309  5  4  5  83       
PG27 -22746.287230 -12777.310012  -6001.736983   -343.598686  5  5  3  72       
PG28  -5847.673342  18934.813394  18336.891634    700.404180  3  5  6  86       
PG29  16649.735435  -6725.699392 -19629.684085   -148.307009  6  4  4  82       
PG30   -105.102790  25985.134560  -4849.722672   -260.220954  3  3  5  22       
PG31  -7000.933933 -24891.932237  -4929.944708    -55.020650  5  5  3  70       
PG32  -6747.913595 -17014.422403  19385.400927    315.511898  4  5  4  44       
*  2020  7 12  3 15  0.00000000
PG01 -14746.603944   1136.221740  21846.834016     24.400116  5  6  4  37       
PG02  13791.741578  19874.198970 -10377.534660   -485.925159  6  5  4  67       
PG03 -21825.872786   9643.057116  11488.013469   -237.020464  6  6  6  54       
PG04 -23331.685155   1490.977270 -12623.759196   -113.654545  8  5  7  85       
PG05  13361.438995   8285.547174 -21567.902462    -16.483912  4  2  3  84       
PG06   6192.089022  25803.054915   -124.768269   -301.838352  5  6  5  66       
PG07  -7508.155887  19151.357191 -16206.154107   -325.219537  6  5  3  64       
PG08 -25947.879124  -6028.855683   1845.767597    -40.658703  5  6  5  55       
PG09 -14459.849292  10481.360128 -19714.298486   -252.096870  4  4  2  83       
PG10   7217.845247 -20832.006132  14722.034221   -397.123340  7  5  5  76       
PG11 -20495.240424  -6328.538372  14967.722541   -223.639492  5  8  4  81       
PG12  22282.389007  -8192.491940  11515.928684     94.855342  3  5  6  58       
PG13  22395.895710  13597.987475  -4790.526013     25.966986  4  5  3  35       
PG14 -11810.646786 -17256.825140  16836.574036      0.682038  4  5  5  61       
PG15  26443.924085   3471.377755   1940.912334   -218.160083  6  4  3  63       
PG16 -14642.780640  -6806.863708 -21389.492750   -181.624309  2  6  4  82       
PG17   2791.413399  16132.396486  21347.049148    294.567024  7  5  2  65       
PG18   7513.194132 -19498.534465 -16391.131366    243.985542 10  9  9  80       
PG19  10947.258631  16896.385417  17046.537612   -133.228403  8  6  5  89       
PG20  14597.032595 -21794.191256   3207.135272    527.306616  5  8  4  99       
PG21  -5955.515681 -25827.444271  -2715.071949     22.601292  6  6  5  58       
PG22 -20007.759699   3092.031091  17327.687091   -772.634344  5  6  6  63       
PG24  16252.607104    706.177734  20845.538297    -15.530583  6  4  3  60       
PG25  20301.234494 -16678.514905   2538.007063     22.334121  7  7  4  88       
PG26  -3798.568450 -16827.600156 -20170.815657    241.742500  6  5  5  70       
PG27 -21920.120037 -12677.986873  -8707.323528   -343.607359  4  5  3  58       
PG28  -7434.556494  19959.092395  16542.449354    700.400695  4  5  6  61       
PG29  18593.924041  -5816.549682 -18116.262562   -148.314740  6  4  5  81       
PG30   -543.358762  25326.688304  -7550.242700   -260.227934  3  4  4  17       
PG31  -6777.283390 -25339.618418  -2092.654012    -55.023146  5  5  3  53       
PG32  -4567.603503 -16401.405682  20508.937529    315.517546  4  5  4  45       
*  2020  7 12  3 30  0.00000000
PG01 -15369.549547  -1303.465182  21437.844366     24.404155  5  6  4  56       
PG02  13927.279725  21013.070917  -7792.695702   -485.930189  6  5  3  65       
PG03 -20939.243721   8464.266038  13825.396832   -237.030979  5  6  6  29       
PG04 -24520.657404    907.013064 -10197.696466   -113.658706  8  6  7  55       
PG05  11698.212325  10083.902219 -21751.266355    -16.484561  4     4  85       
PG06   5958.469417  25715.663105   2766.736157   -301.843003  5  5  4  29       
PG07  -8212.585631  17238.346126 -17933.504313   -325.227216  6  5  3  59       
PG08 -25941.918440  -6244.970252  -1011.275208    -40.659806  5  6  5  82       
PG09 -16536.186187   9832.397004 -18368.537754   -252.102721  5  4  2  69       
PG10   8450.285149 -21793.333170  12469.307467   -397.132962  7  6  5  89       
PG11 -21392.192884  -7801.217060  12914.443296   -223.629776  5  8  4  88       
PG12  21281.292846  -7074.166995  13875.733633     94.851358  3  5  6  44       
PG13  21675.588301  13539.734601  -7537.827411     25.969879  3  5  3  55       
PG14  -9923.295920 -16732.459479  18518.623639      0.684576  4  5  5  28       
PG15  26491.677937   3800.905369   -825.779653   -218.157742  6  4  3  57       
PG16 -12802.280965  -8383.310236 -21969.525823   -181.629037  3  6  4  81       
PG17    511.464575  15426.455684  22043.911590    294.571862  7  5  2  48       
PG18   8129.593436 -17617.635465 -18137.563587    243.994101 10  9  9  75       
PG19   8946.408879  16264.739365  18713.676491   -133.223930  8  7  4  62       
PG20  15004.110853 -21758.268494    400.881269    527.306397  6  8  5  86       
PG21  -5534.304119 -25391.882605  -5487.819102     22.605279  6  7  5  50       
PG22 -18838.715278   1404.436920  18823.942506   -772.632063  5  6  5  60       
PG24  16948.894146   2989.899770  20115.630413    -15.531153  5  5  3  51       
PG25  20145.707467 -16152.961705   5370.024146     22.337912  6  7  4  77       
PG26  -2175.942507 -18384.873633 -18996.307229    241.748746  6  6  5  79       
PG27 -20804.538225 -12547.627394 -11266.663661   -343.616064  4  5  3  67       
PG28  -8799.575799  20934.694018  14476.047352    700.397164  4  6  6  57       
PG29  20407.502297  -5079.673851 -16292.622655   -148.322261  6  5  5  78       
PG30  -1078.735353  24398.473615 -10118.944969   -260.234863  3  4  4  64       
PG31  -6501.353430 -25480.112778    781.666029    -55.025125  5  6  2  78       
PG32  -2254.190075 -15874.722231  21283.309888    315.523202  4  5  4  31       
*  2020  7 12  3 45  0.00000000
PG01 -16103.018706  -3636.804763  20653.677968     24.408168  5  6  4           
PG02  14008.387217  21858.857052  -5071.016985   -485.935361  6  5  3  66       
PG03 -19948.989790   7051.377508  15922.710825   -237.041473  5  6  6  84       
PG04 -25461.485979    451.318212  -7596.357114   -113.662865  8  5  7  65       
PG05  10128.353012  11966.657853 -21565.236725    -16.485062  4     4  88       
PG06   5616.667388  25332.636030   5610.526118   -301.847661  5  5  4  75       
PG07  -9065.089569  15192.270069 -19339.236180   -325.234969  6  5  3  78       
PG08 -25632.165294  -6402.785897  -3851.185353    -40.660851  5  6  5  65       
PG09 -18476.271181   9321.048672 -16708.078729   -252.108531  5  5  2  88       
PG10   9455.016196 -22617.035754  10000.344938   -397.142603  6  6  5  94       
PG11 -22175.514304  -9056.658776  10629.030175   -223.620434  5  8  4  81       
PG12  20159.520136  -5722.245218  15991.592243     94.846376  3  5  6  62       
PG13  20667.021651  13422.267485 -10156.638001     25.972868  3  5  2  41       
PG14  -7847.881809 -16261.723558  19892.483622      0.687210  5  5  5  48       
PG15  26248.815070   4095.694643  -3578.626765   -218.155271  6  4  3  78       
PG16 -11017.534766 -10093.063960 -22180.488624   -181.632628  4  6  4  93       
PG17  -1859.896697  14837.041025  22376.054258    294.577058  6  5  1  52       
PG18   8897.130801 -15599.946453 -19571.883470    244.002699  9  9  9  62       
PG19   6747.250872  15692.422216  20051.364720   -133.219476  8  7  4  70       
PG20  15234.254468 -21477.445583  -2412.381032    527.306116  6  8  5  89       
PG21  -4967.040821 -24693.005308  -8166.048946     22.608938  6  7  6  62       
PG22 -17663.203125   -455.130331  20000.206390   -772.629785  4  6  5  71       
PG24  17714.531085   5138.420196  19036.171859    -15.532175  5  4  3  83       
PG25  19807.636517 -15380.199471   8107.632422     22.341656  5  7  5  91       
PG26   -727.319269 -19905.091501 -17493.638713    241.754937  6  6  5  71       
PG27 -19412.118155 -12425.158737 -13636.839826   -343.624704  4  5  3  86       
PG28  -9934.739848  21818.601613  12170.655219    700.394123  4  7  6  75       
PG29  22045.188159  -4504.379089 -14189.953690   -148.330302  5  5  5  57       
PG30  -1737.879070  23227.342946 -12511.027924   -260.241796  3  4  3  82       
PG31  -6136.857135 -25320.501647   3642.138627    -55.027576  6  6  3  72       
PG32    150.135491 -15455.574121  21695.023221    315.528862  4  5  4  66       
*  2020  7 12  4  0  0.00000000
PG01 -16921.440930  -5820.321902  19509.285641     24.412141  5  6  4  49       
PG02  13997.385546  22412.833393  -2260.932867   -485.940396  6  5  3  78       
PG03 -18898.331412   5412.095275  17743.537271   -237.052003  5  5  6  94       
PG04 -26127.136783     95.381705  -4864.480555   -113.667051  8  5  6  52       
PG05   8680.079088  13895.425134 -21012.350833    -16.485634  4  2  5  93       
PG06   5133.743122  24675.623357   8357.618193   -301.852298  5  5  4  70       
PG07 -10068.642511  13061.186784 -20398.733313   -325.242647  7  6  4  89       
PG08 -25017.223225  -6540.290131  -6625.831444    -40.661256  5  5  5  80       
PG09 -20237.926786   8933.161674 -14761.292072   -252.114300  5  5  3  88       
PG10  10239.377213 -23262.132741   7357.622814   -397.152344  6  7  5  84       
PG11 -22807.247237 -10095.628207   8153.162781   -223.610308  6  8  5  77       
PG12  18961.933793  -4141.666234  17825.964902     94.842745  3  5  5  59       
PG13  19378.213795  13284.680020 -12602.487544     25.975700  2  5  2  68       
PG14  -5619.083396 -15873.086168  20935.542935      0.689873  5  5  5  29       
PG15  25717.595962   4390.340436  -6271.581237   -218.152673  5  4  2  88       
PG16  -9325.698520 -11904.379338 -22017.588982   -181.637408  4  6  4  87       
PG17  -4277.203017  14380.469046  22338.071265    294.582738  6  4  1  73       
PG18   9820.866471 -13491.834949 -20669.515735    244.011323  9  8  8  79       
PG19   4388.652564  15210.016969  21035.348855   -133.214586  7  7  4  76       
PG20  15318.023120 -20934.557408  -5183.574939    527.306188  6  8  6  80       
PG21  -4227.357314 -23756.801507 -10702.356829     22.613269  6  7  6  76       
PG22 -16517.760247  -2461.483886  20837.199182   -772.627501  4  6  5  73       
PG24  18520.550528   7116.718968  17627.131543    -15.533266  5  4  3  82       
PG25  19324.066607 -14348.378369  10702.420101     22.345325  4  6  5  77       
PG26    536.261895 -21344.282304 -15688.226376    241.761093  7  7  5  78       
PG27 -17763.708734 -12347.124836 -15778.048310   -343.633365  4  4  3  68       
PG28 -10840.215573  22568.015645   9663.349210    700.390621  4  7  6  93       
PG29  23465.835712  -4072.213614 -11844.213505   -148.337697  5  5  5  72       
PG30  -2541.866471  21846.577168 -14684.847876   -260.248723  3  4  2  78       
PG31  -5650.272528 -24876.718746   6438.100920    -55.029669  6  6  3  80       
PG32   2599.637866 -15157.980327  21736.680558    315.534550  4  4  4  79       
*  2020  7 12  4 15  0.00000000
PG01 -17792.963526  -7816.577159  18025.856439     24.416202  5  7  4   6       
PG02  13858.598111  22685.163713    588.301554   -485.945711  6  5  3  93       
PG03 -17829.752676   3562.732795  19256.307328   -237.062499  5  5  6  77       
PG04 -26498.156481   -193.652982  -2049.027756   -113.671227  9  5  6  73       
PG05   7374.807699  15827.807995 -20101.334216    -16.486313  3  3  5  81       
PG06   4481.919432  23773.815527  10960.765578   -301.856922  4  5  3  90       
PG07 -11217.957622  10894.193843 -21093.904453   -325.250689  7  6  4  83       
PG08 -24104.440401  -6695.306448  -9288.126362    -40.661295  5  5  5  75       
PG09 -21783.536844   8647.744078 -12561.453699   -252.120188  5  6  3  75       
PG10  10818.695480 -23691.488509   4586.831865   -397.161999  6  8  5  70       
PG11 -23252.493833 -10926.887515   5531.761871   -223.601186  6  8  5  67       
PG12  17733.344975  -2346.401165  19346.304064     94.837980  4  5  5  71       
PG13  17825.704592  13164.664411 -14833.900826     25.978786  2  5  2  55       
PG14  -3276.707392 -15588.943377  21630.522652      0.692580  5  5  5  71       
PG15  24908.121031   4718.626165  -8859.861620   -218.150514  5  4  2  65       
PG16  -7758.325648 -13779.444046 -21482.194971   -181.641694  5  7  4  80       
PG17  -6692.771300  14065.143157  21930.436037    294.587875  6  3  1  62       
PG18  10897.671618 -11340.939113 -21411.687507    244.019883  9  8  8  85       
PG19   1915.394919  14841.558920  21647.689448   -133.210401  7  7  4  60       
PG20  15289.716984 -20120.223286  -7864.478441    527.305754  6  8  6  84       
PG21  -3295.195802 -22615.703820 -13050.975898     22.617230  6  7  6  72       
PG22 -15434.666149  -4583.180744  21321.379942   -772.624994  4  6  5  75       
PG24  19333.414066   8896.374877  15914.049188    -15.533544  5  5  3  82       
PG25  18735.137695 -13054.344402  13108.373097     22.349132  3  5  5  73       
PG26   1611.863254 -22658.552653 -13610.852796    241.767263  7  8  4  69       
PG27 -15887.787533 -12346.186192 -17654.218725   -343.642006  4  4  2  85       
PG28 -11524.219527  23141.965863   6994.845041    700.387218  5  7  5  83       
PG29  24633.923520  -3757.846308  -9295.525265   -148.345886  5  6  5  66       
PG30  -3505.176255  20294.622567 -16602.668701   -260.255669  3  5  2  81       
PG31  -5012.401653 -24172.863901   9120.078675    -55.032239  6  6  2  73       
PG32   5046.577065 -14988.234912  21407.130505    315.540220  4  4  4  57       
*  2020  7 12  4 30  0.00000000
PG01 -18680.744657  -9595.381837  16230.349869     24.420227  5  7  5  79       
PG02  13559.864384  22694.239000   3427.507497   -485.950582  6  5  4  83       
PG03 -16783.332211   1527.777838  20434.860585   -237.073014  5  5  6  79       
PG04 -26563.393460   -451.518932    801.624012   -113.675423  9  5  5  81       
PG05   6226.458039  17718.869158 -18847.003765    -16.487149  4  3  6  78       
PG06   3639.849176  22662.787785  13375.269468   -301.861564  4  6  3  91       
PG07 -12499.588583   8739.585269 -21413.480581   -325.258482  7  7  4  84       
PG08 -22909.709498  -6903.877893 -11792.793751    -40.662458  5  5  5  75       
PG09 -23081.365998   8437.922306 -10146.188026   -252.126135  4  6  3  81       
PG10  11215.513314 -23873.337140   1736.077006   -397.171656  6  8  5  91       
PG11 -23480.853818 -11566.559254   2812.050844   -223.591558  6  7  6  87       
PG12  16516.732906   -359.120335  20525.683141     94.833832  4  4  5  51       
PG13  16034.052909  13096.941490 -16813.069863     25.981773  2  5  2  74       
PG14   -864.404578 -15424.763239  21965.728786      0.695270  5  6  5  53       
PG15  23837.956366   5112.089540 -11300.619586   -218.148166  4  4  2  64       
PG16  -6340.272239 -15675.627579 -20581.905477   -181.646158  5  7  4  75       
PG17  -9058.267029  13891.275537  21159.504463    294.593047  5  3  2  60       
PG18  12116.213874  -9194.473618 -21785.742806    244.028446  9  7  7  87       
PG19   -623.393856  14603.528626  21877.141217   -133.205609  7  6  4  72       
PG20  15185.857026 -19033.329388 -10408.591476    527.305597  6  7  7  88       
PG21  -2157.939068 -21307.427338 -15168.700154     22.621486  6  7  6  88       
PG22 -14440.789605  -6783.539862  21445.121525   -772.622693  4  5  4  50       
PG24  20116.357273  10456.409343  13927.508927    -15.535218  5  5  4  67       
PG25  18082.394505 -11503.985174  15282.763487     22.352833  2  4  6  73       
PG26   2504.590833 -23805.749101 -11297.158266    241.773572  8  8  3  76       
PG27 -13819.546011 -12449.769598 -19233.582460   -343.650603  4  4  2  73       
PG28 -12002.619716  23502.898802   4208.960461    700.383786  5  8  5  83       
PG29  25520.840767  -3530.216260  -6587.503485   -148.353716  4  6  5  72       
PG30  -4634.930171  18613.638107 -18231.333313   -260.262672  3  5  2  78       
PG31  -4199.752929 -23240.198942  11640.734627    -55.034519  6  6  2  50       
PG32   7442.830511 -14944.669398  20711.516162    315.545878  4  4  4  64       
*  2020  7 12  4 45  0.00000000
PG01 -19544.439684 -11134.714391  14154.934623     24.424202  5  7  4  62       
PG02  13073.886862  22465.728138   6208.425735   -485.956134  6  5  4  91       
PG03 -15795.183825   -660.864527  21258.903441   -237.083538  6  4  5  73       
PG04 -26320.411693   -715.245656   3638.509509   -113.679601  9  5  4  63       
PG05   5241.042853  19522.712161 -17270.071414    -16.487585  4  3  6  50       
PG06   2593.631308  21383.113179  15559.741447   -301.866184  4  6  3  88       
PG07 -13892.382157   6643.068584 -21353.154671   -325.266485  7  7  5  92       
PG08 -21456.958990  -7198.718053 -14097.111163    -40.663540  4  5  5  94       
PG09 -24106.665927   8272.132940  -7556.836567   -252.132013  4  6  4  73       
PG10  11458.526664 -23782.614838  -1144.979835   -397.181430  6  9  6  90       
PG11 -23467.668473 -12037.195486     42.594517   -223.582206  6  7  6  67       
PG12  15351.549410   1789.495156  21343.313186     94.829474  4  4  5  72       
PG13  14035.041985  13111.816425 -18506.464352     25.984865  2  5  2  59       
PG14   1571.749774 -15388.489886  21935.235200      0.697617  5  6  5  66       
PG15  22531.506439   5598.685937 -13553.565783   -218.145776  4  4  2  91       
PG16  -5088.848303 -17546.935743 -19330.527116   -181.650313  5  7  4  84       
PG17 -11326.298077  13850.909794  20037.447636    294.598081  5  2  2  92       
PG18  13457.269028  -7097.562619 -21785.351925    244.037033  8  7  6  88       
PG19  -3175.988528  14504.164324  21719.397069   -133.201187  7  6  4  79       
PG20  15043.593371 -17681.191185 -12771.961380    527.305949  6  7  7  77       
PG21   -811.269673 -19873.570516 -17015.815785     22.625297  6  7  6 105       
PG22 -13556.655562  -9021.852884  21206.794943   -772.620226  4  5  4  68       
PG24  20830.855746  11783.834174  11702.540029    -15.534467  5  5  4  87       
PG25  17407.042972  -9712.212616  17186.978933     22.356528     4  5  72       
PG26   3227.216143 -24747.074203  -8787.036165    241.779859  8  9  2  78       
PG27 -11599.734979 -12678.916237 -20489.183781   -343.659195  5  4  1  82       
PG28 -12298.253306  23618.184774   1352.006230    700.380280  5  7  5  98       
PG29  26105.922102  -3353.908207  -3766.519703   -148.361347  4  6  5  76       
PG30  -5930.433230  16847.912370 -19542.843863   -260.269586  3  5  2  71       
PG31  -3195.686956 -22115.864777  13955.766880    -55.036900  6  6  3  45       
PG32   9741.538242 -15017.730218  19661.222451    315.551438  4  4  4  62       
*  2020  7 12  5  0  0.00000000
PG01 -20341.818068 -12421.309214  11836.350014     24.428111  5  7  4  81       
PG02  12379.365473  22031.388983   8884.493748   -485.961168  6  6  4  94       
PG03 -14896.068857  -2964.920659  21714.358472   -237.094054  6  4  5  84       
PG04 -25775.581894  -1021.529505   6412.912858   -113.683773  9  5  4  52       
PG05   4416.566636  21194.121969 -15396.847842    -16.488539  4  4  6  56       
PG06   1337.536527  19978.799186  17476.804225   -301.870763  3  6  3  83       
PG07 -15368.256211   4646.118240 -20915.566515   -325.274195  7  7  5  94       
PG08 -19777.352880  -7607.787420 -16161.619454    -40.665199  4  5  5  90       
PG09 -24842.525998   8115.503916  -4837.761599   -252.137896  4  6  4  54       
PG10  11581.277121 -23402.044270  -4006.016759   -397.191109  5  9  6  95       
PG11 -23195.021406 -12366.601809  -2727.657549   -223.572616  6  7  6  88       
PG12  14272.179765   4061.770672  21784.934694     94.825069  5  5  6  75       
PG13  11866.622860  13233.913217 -19885.372541     25.987871  1  5  2  82       
PG14   3984.764303 -15480.227777  21538.994692      0.700335  4  6  5  74       
PG15  21019.158392   6201.594200 -15581.550985   -218.143679  4  4  2  67       
PG16  -4013.250901 -19345.622660 -17747.950998   -181.654678  5  6  4  85       
PG17 -13451.985802  13928.245344  18582.112892    294.603032  5  1  3  88       
PG18  14894.346903  -5091.663178 -21410.612757    244.045591  8  6  6  88       
PG19  -5689.928865  14543.125169  21177.188011   -133.196509  6  6  4  88       
PG20  14899.107136 -16079.391571 -14913.950594    527.305642  6  7  7  76       
PG21    740.294157 -18358.026795 -18557.013126     22.629579  6  7  6  76       
PG22 -12795.763549 -11254.742818  20610.764491   -772.618033  4  4  3  65       
PG24  21438.153298  12873.889382   9277.959643    -15.533835  5  6  4  86       
PG25  16748.227690  -7702.580201  18787.271858     22.360225     3  4  44       
PG26   3799.490609 -25448.591742  -6123.941880    241.786084  8  9  2  96       
PG27  -9273.309520 -13047.370277 -21399.327221   -343.667794  5  4    101       
PG28 -12439.975332  23461.487837  -1527.894016    700.376942  4  7  5  78       
PG29  26377.191414  -3190.701125   -880.919361   -148.369296  3  6  6  63       
PG30  -7383.030948  15042.214513 -20514.840195   -260.276529  4  5  2  97       
PG31  -1991.277173 -20841.376085  16024.735742    -55.039100  6  6  2  58       
PG32  11898.710262 -15190.370567  18273.720378    315.557096  4  4  4  77       
*  2020  7 12  5 15  0.00000000
PG01 -21030.445037 -13450.902835   9315.206555     24.432127  5  7  5  57       
PG02  11461.885277  21427.694646  11411.548935   -485.966633  6  6  5 101       
PG03 -14110.234912  -5341.047200  21793.598874   -237.104523  6  4  5  55       
PG04 -24943.846746  -1405.118088   9077.199702   -113.687915  9  5  4  69       
PG05   3743.237552  22690.203202 -13258.847115    -16.489095  4  5  6  69       
PG06   -125.585054  18495.609007  19093.719518   -301.875387  3  6  3  83       
PG07 -16893.263837   2784.532721 -20110.140164   -325.282082  6  7  5  81       
PG08 -17908.226324  -8153.049080 -17950.787955    -40.667074  4  5  5  83       
PG09 -25280.435486   7931.372033  -2035.595842   -252.143774  4  6  4  84       
PG10  11620.649723 -22722.924188  -6796.970350   -397.200802  5  9  6  76       
PG11 -22652.460125 -12586.474282  -5450.298496   -223.563346  6  6  5  74       
PG12  13306.624535   6414.342146  21843.075412     94.820963  5  5  6  65       
PG13   9571.634923  13481.134639 -20926.365703     25.990983  2  5  2  79       
PG14   6328.278694 -15692.218434  20782.875986      0.703059  4  7  5  88       
PG15  19336.229049   6938.204278 -17351.099488   -218.141412  4  4  2  67       
PG16  -3114.306623 -21023.904149 -15859.923805   -181.659195  5  6  4  93       
PG17 -15394.461073  14100.255445  16816.811388    294.608289  5  2  3  92       
PG18  16394.607457  -3213.138796 -20668.042902    244.054156  8  6  6  62       
PG19  -8113.915208  14711.520912  20260.235276   -133.191970  6  6  4  74       
PG20  14786.070296 -14251.303562 -16797.932713    527.305430  5  6  7  44       
PG21   2483.226797 -16805.268840 -19762.247851     22.633679  6  7  6  87       
PG22 -12164.179866 -13437.621665  19667.295734   -772.615894  4  4  3  56       
PG24  21900.792936  13729.969344   6695.672090    -15.533716  5  6  4  84       
PG25  16141.404325  -5506.548611  20055.409272     22.363909     3  4  67       
PG26   4247.178720 -25882.559858  -3354.127419    241.792417  8  9  2  85       
PG27  -6887.919540 -13560.942463 -21947.954876   -343.676428  5  4  1  82       
PG28 -12461.463959  23013.943351  -4381.551973    700.373368  4  7  4  78       
PG29  26331.785530  -3001.230416   2019.797578   -148.377185  3  5  6  86       
PG30  -8976.288114  13240.145499 -21130.968755   -260.283515  3  6  2  91       
PG31   -585.850099 -19460.959449  17811.800177    -55.041451  6  5  2  79       
PG32  13874.735587 -15438.744151  16572.308124    315.562762  4  4  3  84       
*  2020  7 12  5 30  0.00000000
PG01 -21569.361905 -14228.136311   6635.241837     24.436103  5  7  5  58       
PG02  10314.534585  20694.332535  13748.453886   -485.971981  5  6  5 100       
PG03 -13454.526120  -7742.328589  21495.564641   -237.115060  6  4  4  69       
PG04 -23848.169394  -1897.271581  11585.630175   -113.692079  9  5  4 100       
PG05   3203.988374  23971.953657 -10892.295026    -16.489545  4  5  6  83       
PG06  -1784.229341  16979.332451  20382.933379   -301.880012  3  5  3  97       
PG07 -18428.892556   1087.250944 -18952.785996   -325.289936  6  7  4  86       
PG08 -15891.794381  -8849.451854 -19433.625024    -40.667452  4  5  4  95       
PG09 -25420.535272   7682.878217    801.549804   -252.149644  4  6  4  71       
PG10  11615.237836 -21745.589666  -9468.955927   -397.210475  5  9  7  83       
PG11 -21837.416523 -12730.912920  -8078.341213   -223.553914  6  6  5  74       
PG12  12475.457080   8799.692497  21517.168969     94.816702  5  6  6  78       
PG13   7196.350339  13863.886025 -21611.680282     25.994067  2  5  3  90       
PG14   8558.097691 -16009.113002  19678.623949      0.705533  4  7  4  82       
PG15  17521.751238   7819.319880 -18832.892104   -218.138779  4  5  2  70       
PG16  -2384.540320 -22535.710068 -13697.709265   -181.663753  5  6  4  85       
PG17 -17118.234125  14337.581644  14770.030147    294.613346  5  2  3  98       
PG18  17920.032027  -1492.036809 -19570.463076    244.062745  8  6  6  68       
PG19 -10399.657505  14992.307011  18985.055495   -133.187238  6  6  4  95       
PG20  14734.224729 -12227.319257 -18391.905340    527.305545  5  6  7  65       
PG21   4395.212803 -15258.578270 -20607.517830     22.637542  6  7  6  87       
PG22 -11660.416281 -15526.195088  18392.378962   -772.613376  4  5  3  27       
PG24  22184.093167  14363.247188   3999.938478    -15.534331  5  6  4  62       
PG25  15616.876890  -3162.429881  20969.207042     22.367606     3  4  73       
PG26   4600.847769 -26028.536696   -525.815986    241.798719  8  9  4  83       
PG27  -4492.297919 -14217.174390 -22124.947156   -343.685062  5  5  1  84       
PG28 -12399.818451  22265.090969  -7159.524821    700.370225  4  6  4  88       
PG29  25976.040917  -2746.699537   4885.818947   -148.384937  3  5  6  93       
PG30 -10686.480280  11482.555014 -21381.136930   -260.290470  4  6  2  90       
PG31   1012.815150 -18019.806752  19286.348546    -55.043677  6  5  1  56       
PG32  15635.735366 -15733.176763  14585.750501    315.568408  4  4  3  61       
*  2020  7 12  5 45  0.00000000
PG01 -21920.701274 -14766.125652   3842.547080     24.440126  5  7  5  47       
PG02   8938.241468  19872.634113  15857.642864   -485.977043  5  7  5  77       
PG03 -12937.798816 -10119.914081  20825.759590   -237.125570  5  5  4  59       
PG04 -22518.686513  -2524.360766  13895.139047   -113.696225  8  5  5  56       
PG05   2775.289704  25005.711828  -8337.545898    -16.490263  4  6  6  75       
PG06  -3618.499118  15474.072743  21322.530956   -301.884643  3  5  3  84       
PG07 -19933.539041   -424.530184 -17465.482706   -325.297822  6  7  4  74       
PG08 -13773.679721  -9704.181337 -20584.223714    -40.668301  4  5  3  75       
PG09 -25271.548650   7334.578688   3624.907442   -252.155461  4  5  4  82       
PG10  11603.642541 -20479.522073 -11975.169406   -397.220230  6  9  6  66       
PG11 -20755.318559 -12834.877553 -10567.027957   -223.544378  6  6  5  62       
PG12  11791.098887  11167.855863  20813.533178     94.812654  5  6  7  86       
PG13   4788.895287  14384.591830 -21929.512633     25.997284  2  5  3  77       
PG14  10633.659638 -16408.534715  18243.740094      0.708015  3  7  4  79       
PG15  15617.140498   8848.602509 -20002.196179   -218.136575  5  5  2  61       
PG16  -1808.575027 -23838.408860 -11297.638264   -181.667934  5  6  4  81       
PG17 -18594.389697  14605.678272  12475.066611    294.618664  5  3  3  87       
PG18  19428.804968     48.884509 -18136.774118    244.071400  7  6  7  54       
PG19 -12503.599879  15361.027478  17374.624290   -133.182864  5  5  4  84       
PG20  14768.135566 -10043.817860 -19669.010575    527.305534  5  6  7  70       
PG21   6445.760101 -13758.301466 -21075.521935     22.642046  6  7  6  83       
PG22 -11275.598196 -17477.960994  16807.471006   -772.611776  4  5  2  36       
PG24  22257.515894  14792.017810   1236.629387    -15.535147  5  6  3  67       
PG25  15198.562263   -714.054538  21512.936027     22.371285     4  5  63       
PG26   4894.462792 -25874.212246   2311.667217    241.804935  7  8  5  78       
PG27  -2134.602541 -15005.319273 -21926.340542   -343.693663  6  6  2  87       
PG28 -12293.996482  21213.516685  -9812.977472    700.366665  4  5  5  79       
PG29  25325.239140  -2390.574686   7667.871635   -148.392466  3  5  6  89       
PG30 -12483.376610   9806.085856 -21261.650529   -260.297430  4  6  2  76       
PG31   2788.633007 -16562.317954  20423.512190    -55.045963  6  5  1  83       
PG32  17154.707442 -16039.380543  12347.820084    315.574066  4  4  4  69       
*  2020  7 12  6  0  0.00000000
PG01 -22051.177875 -15085.723946    984.778553     24.444140  5  7  5  62       
PG02   7341.826670  19003.991764  17705.591177   -485.982382  4  7  5  87       
PG03 -12560.663955 -12424.730005  19796.130821   -237.136025  5  6  4  74       
PG04 -20991.598457  -3306.656341  15966.070042   -113.700345  8  5  6  52       
PG05   2428.226927  25764.420533  -5638.414928    -16.490725  3  6  5  70       
PG06  -5600.689898  14020.614440  21896.594283   -301.889233  3  4  3  79       
PG07 -21364.094655  -1737.910081 -15675.756822   -325.305752  5  6  4  81       
PG08 -11601.312348 -10716.210081 -21382.232552    -40.669434  4  5  2  85       
PG09 -24850.393149   6854.009164   6385.888528   -252.161333  4  5  5  93       
PG10  11622.777225 -18943.102737 -14271.750846   -397.229846  6  8  7  73       
PG11 -19419.398727 -12932.650706 -12874.559866   -223.534974  6  6  5  70       
PG12  11257.440482  13468.218379  19745.210785     94.808054  5  7  7  51       
PG13   2397.605269  15037.523424 -21874.222153     26.000331  3  6  3  45       
PG14  12519.388107 -16861.915844  16501.280391      0.710573  3  7  4  88       
PG15  13664.786576  10022.275800 -20839.239912   -218.134153  5  5  2  62       
PG16  -1363.854921 -24894.435695  -8700.548653   -181.672383  5  6  4  38       
PG17 -19801.562979  14866.171705   9969.584125    294.623558  5  4  4  79       
PG18  20876.852920   1394.842898 -16391.631475    244.079946  7  6  7  75       
PG19 -14388.448766  15786.872105  15457.907860   -133.178701  5  5  4  63       
PG20  14906.166048  -7741.915366 -20607.956499    527.305424  5  6  7  59       
PG21   8597.193899 -12340.215307 -21156.169264     22.645891  6  7  6  86       
PG22 -10993.915442 -19253.649267  14939.158661   -772.608995  4  5  2  53       
PG24  22095.877719  15040.789286  -1547.527816    -15.536269  5  5  3  56       
PG25  14903.033730   1790.781498  21677.591481     22.375063     4  5  52       
PG26   5163.843926 -25415.931318   5108.790066    241.811145  7  8  6  47       
PG27    139.228844 -15906.644397 -21354.456047   -343.702313  5  6  3  82       
PG28 -12183.147066  19867.165914 -12294.583088    700.363058  4  4  5  76       
PG29  24403.019935  -1900.196493  10318.067439   -148.400219  3  5  6  81       
PG30 -14331.281283   8241.901476 -20775.234713   -260.304379  4  6  2  97       
PG31   4717.692961 -15130.406065  21204.554498    -55.048367  6  4     68       
PG32  18412.416924 -16319.865849   9896.745272    315.579742  4  4  4  79       
*  2020  7 12  6 15  0.00000000
PG01 -21933.402300 -15214.509190  -1889.633297     24.448189  5  7  5  72       
PG02   5541.779964  18128.316026  19263.210747   -485.987642  4  6  5 101       
PG03 -12315.564373 -14609.200437  18424.834448   -237.146493  5  6  4  60       
PG04 -19307.838983  -4257.356700  17762.852140   -113.704465  8  5  7  48       
PG05   2129.801197  26228.654658  -2841.435448    -16.491426  3  6  5  89       
PG06  -7696.178098  12654.934083  22095.458382   -301.893898  3  4  3  94       
PG07 -22677.575256  -2848.498798 -13616.078524   -325.313650  5  6  4  88       
PG08  -9422.259913 -11876.167575 -21813.241901    -40.670321  5  5  1  87       
PG09 -24181.487549   6213.140721   9036.921065   -252.167199  4  5  5  65       
PG10  11706.248003 -17163.019567 -16318.590525   -397.239682  6  8  7  68       
PG11 -17850.216796 -13056.368168 -14962.737992   -223.525312  6  6  5  91       
PG12  10869.820262  15651.340913  18331.679182     94.803784  4  7  7  93       
PG13     69.374227  15808.945519 -21446.439386     26.003416  3  6  4  51       
PG14  14185.877580 -17335.584220  14479.567678      0.713188  3  6  4  74       
PG15  11706.616434  11329.101344 -21329.527867   -218.131866  5  5  2  66       
PG16  -1021.669536 -25672.756573  -5951.119173   -181.676624  5  6  4  88       
PG17 -20726.657491  15078.390620   7295.087709    294.628546  5  4  4  82       
PG18  22219.482928   2539.407817 -14365.022691    244.088493  7  6  7  67       
PG19 -16024.442147  16234.000788  13269.276024   -133.173872  5  5  4  79       
PG20  15159.711375  -5366.046159 -21193.335450    527.305224  5  5  6  67       
PG21  10805.994638 -11034.084839 -20846.911936     22.650568  6  7  5  61       
PG22 -10793.339334 -20818.551878  12818.747321   -772.606969  4  6  1  57       
PG24  21680.363247  15139.160247  -4305.696756    -15.536290  5  5  3  55       
PG25  14738.882330   4302.024106  21461.021483     22.378749     5  6  86       
PG26   5445.049531 -24658.885081   7816.715691    241.817301  7  7  6  60       
PG27   2287.051066 -16895.049162 -20417.932452   -343.710967  5  7  3  87       
PG28 -12104.903588  18243.300724 -14559.443927    700.359945  4  4  5  78       
PG29  23240.483489  -1248.245480  12790.728974   -148.407929  4  6  6  86       
PG30 -16190.290865   6814.644120 -19930.941032   -260.311310  3  6  2  77       
PG31   6769.052086 -13761.932467  21617.132094    -55.050443  5  3  2  52       
PG32  19397.996412 -16535.497152   7274.572594    315.585338  4  4  4  77       
*  2020  7 12  6 30  0.00000000
PG01 -21546.972759 -15185.540361  -4732.265666     24.452247  5  7  6  91       
PG02   3561.774924  17282.582214  20506.176220   -485.992784  4  6  5  93       
PG03 -12187.181616 -16628.909743  16735.893565   -237.156844  4  7  4  59       
PG04 -17511.575364  -5381.892195  19254.606674   -113.708592  8  5  7  33       
PG05   1844.404825  26387.369309      4.947044    -16.492482  3  6  4  67       
PG06  -9864.577645  11406.909412  21915.862589   -301.898533  3  4  3  81       
PG07 -23832.729961  -3760.293959 -11323.192749   -325.321535  5  6  4  80       
PG08  -7282.550727 -13166.539053 -21869.077037    -40.671618  5  6  2  80       
PG09 -23295.780134   5389.669741  11532.273052   -252.173045  4  5  5  70       
PG10  11882.877361 -15173.350731 -18080.060037   -397.249341  7  7  6  43       
PG11 -16074.924452 -13234.671715 -16797.511375   -223.515638  6  7  4  86       
PG12  10615.357889  17670.729326  16598.438847     94.799401  4  7  7  81       
PG13  -2151.942326  16677.577214 -20653.076614     26.006233  3  6  4  70       
PG14  15610.868201 -17792.065126  12211.816588      0.715800  3  6  4  65       
PG15   9782.676655  12750.629009 -21464.094038   -218.129304  5  5  2  55       
PG16   -748.443806 -26150.104385  -3097.105536   -181.681220  5  6  5  61       
PG17 -21365.273226  15201.015757   4496.320878    294.633911  5  4  4  66       
PG18  23413.056842   3484.551458 -12091.754924    244.097091  7  6  7  66       
PG19 -17390.309717  16663.076304  10847.813234   -133.169560  4  5  3  42       
PG20  15532.718323  -2962.432182 -21415.837059    527.305430  5  5  6  50       
PG21  13024.422468  -9862.487413 -20152.881609     22.654424  6  7  5  73       
PG22 -10646.580546 -22143.696031  10481.778840   -772.604730  4  6  1  62       
PG24  20999.306812  15120.527023  -6991.665857    -15.536969  4  5  2  72       
PG25  14706.420097   6769.150081  20867.914375     22.382588     6  7  76       
PG26   5772.751809 -23616.962533  10388.192585    241.823360  6  7  7  63       
PG27   4271.952532 -17937.981098 -19131.659053   -343.719570  5  7  3  69       
PG28 -12093.707425  16368.087976 -16566.010652    700.356580  4  4  5  78       
PG29  21875.015657   -414.003384  15043.181214   -148.415604  4  7  6  87       
PG30 -18017.717168   5541.661159 -18743.945367   -260.318260  3  6  2  71       
PG31   8905.801804 -12489.333224  21655.428475    -55.052899  5  4  2  83       
PG32  20109.230373 -16647.132810   4526.452711    315.590947  4  4  4  78       
*  2020  7 12  6 45  0.00000000
PG01 -20879.309050 -15035.931019  -7495.466315     24.456275  5  7  6  91       
PG02   1431.943838  16499.510460  21415.186287   -485.997866  3  6  4  92       
PG03 -12153.154079 -18444.143266  14758.756273   -237.167320  4  7  4  17       
PG04 -15648.596081  -6677.533380  20415.675193   -113.712705  7  5  8  50       
PG05   1535.413244  26238.335063   2851.230015    -16.493095  3  6  3  75       
PG06 -12061.121192  10299.275199  21360.995534   -301.903182  3  4  4  79       
PG07 -24791.567504  -4485.236262  -8837.403902   -325.329257  5  6  4  81       
PG08  -5225.052938 -14562.189842 -21547.990013    -40.672823  5  6  2  84       
PG09 -22229.535166   4368.090556  13828.847608   -252.178882  5  5  4  72       
PG10  12175.432060 -13014.363222 -19525.652920   -397.259039  7  6  6  72       
PG11 -14126.307441 -13491.530639 -18349.431075   -223.506101  7  7  4  57       
PG12  10473.623848  19484.481392  14576.493060     94.795296  4  7  7  77       
PG13  -4227.011508  17615.352264 -19507.239358     26.009369  4  6  4  60       
PG14  16779.970241 -18191.555595   9735.670018      0.718385  3  6  4  48       
PG15   7929.783123  14261.716455 -21239.688240   -218.127003  5  5  2  83       
PG16   -507.245574 -26311.930634   -188.490822   -181.685288  4  5  6  80       
PG17 -21721.822190  15193.791094   1620.586149    294.638949  5  4  4  49       
PG18  24416.638002   4240.374015  -9610.860961    244.105670  7  6  7  43       
PG19 -18473.888325  17032.938630   8236.546509   -133.164869  4  4  3  51       
PG20  16021.505826   -577.498479 -21272.356076    527.305271  5  5  6  54       
PG21  15202.352750  -8839.965043 -19086.818747     22.658458  5  7  5  51       
PG22 -10522.253994 -23206.818074   7967.483221   -772.602161  4  6  2  80       
PG24  20048.717607  15020.669023  -9560.560290    -15.537370  5  4  2  56       
PG25  14797.733789   9142.963646  19909.649284     22.386377  2  6  7  68       
PG26   6178.672130 -22312.267671  12778.413665    241.829460  6  6  7  67       
PG27   6063.509186 -18997.620740 -17516.603644   -343.728240  5  7  3  59       
PG28 -12179.235695  14275.820962 -18276.974922    700.353254  4  5  5  78       
PG29  20348.880644    615.639944  17036.494641   -148.423368  4  7  6  90       
PG30 -19769.619515   4432.526058 -17235.243356   -260.325189  3  6  3  78       
PG31  11086.361936 -11338.487153  21320.163759    -55.055093  5  3  3  51       
PG32  20552.510284 -16617.284230   1699.861633    315.596592  4  3  5  72       
*  2020  7 12  7  0  0.00000000
PG01 -19926.202629 -14805.294473 -10133.089174     24.460379  5  8  6  75       
PG02   -812.059797  15806.417596  21976.164698   -486.003092  2  6  4  87       
PG03 -12185.076144 -20021.247805  12527.763211   -237.177808  3  8  4  51       
PG04 -13764.647520  -8133.319096  21226.059375   -113.716828  7  5  8  70       
PG05   1166.829765  25788.239258   5647.742020    -16.493905  3  6  4  89       
PG06 -14238.213912   9346.864242  20440.433813   -301.907779  3  4  4  68       
PG07 -25520.744882  -5042.471030  -6201.831212   -325.337321  5  6  4  81       
PG08  -3287.972361 -16031.199379 -20854.743633    -40.674777  5  6  3  86       
PG09 -21022.924138   3140.507552  15886.935468   -252.184740  5  5  4  77       
PG10  12599.607290 -10731.076042 -20630.521991   -397.268766  7  6  6  77       
PG11 -12041.646812 -13845.269844 -19594.011768   -223.496419  7  7  4  79       
PG12  10417.612890  21056.746115  12301.733526     94.790580  4  8  7  59       
PG13  -6122.339492  18588.452175 -18028.038276     26.012091  4  6  4           
PG14  17687.106377 -18493.520207   7092.647698      0.720716  3  5  4  74       
PG15   6180.284673  15831.304063 -20658.891027   -218.124563  5  5  2  71       
PG16   -259.450802 -26153.026463   2723.433840   -181.689835  4  5  7  61       
PG17 -21809.318839  15019.233272  -1283.005683    294.644248  5  4  4  72       
PG18  25193.547163   4824.514558  -6964.933529    244.114243  7  7  7  95       
PG19 -19272.372763  17302.349007   5481.610674   -133.160262  3  5  3  58       
PG20  16614.890167   1743.705264 -20765.996708    527.305551  5  5  5  62       
PG21  17289.233705  -7972.549239 -17668.793751     22.663028  5  7  5  67       
PG22 -10386.209436 -23993.102191   5318.169415   -772.600030  4  7  3  48       
PG24  18832.532146  14876.263769 -11969.525134    -15.537378  4  4  2  78       
PG25  14997.082246  11377.326904  18604.017465     22.390185  3  7  7  63       
PG26   6690.140647 -20774.322187  14945.826148    241.835458  5  5  7  54       
PG27   7638.801180 -20032.295255 -15599.532957   -343.736926  5  7  4  68       
PG28 -12385.006177  12007.794377 -19660.107667    700.350035  4  5  5  84       
PG29  18707.634918   1845.474759  18736.166618   -148.431462  4  7  6  82       
PG30 -21402.386958   3488.868624 -15431.251368   -260.332167  3  6  3  78       
PG31  13265.947396 -10327.864921  20618.486889    -55.057112  4  4  4  39       
PG32  20742.460182 -16411.728175  -1156.229392    315.602247  4  3  5  56       
*  2020  7 12  7 15  0.00000000
PG01 -18692.066745 -14534.117488 -12601.195419     24.464396  6  8  6  76       
PG02  -3130.178984  15224.273461  22180.404803   -486.008319  3  6  3  92       
PG03 -12249.737372 -21333.761033  10081.535391   -237.188285  3  8  5  70       
PG04 -11903.782980  -9730.308091  21671.765625   -113.720977  7  5  8  50       
PG05    704.915935  25052.445771   8345.545995    -16.494727  3  6  4  76       
PG06 -16347.101522   8556.161302  19169.975780   -301.912436  3  4  4  69       
PG07 -25992.770755  -5457.352882  -3461.649984   -325.345258  5  6  4  79       
PG08  -1503.527993 -17535.976638 -19800.582417    -40.676007  5  7  3  90       
PG09 -19718.476182   1707.153522  17670.911144   -252.190589  5  5  4  72       
PG10  13163.307723  -8371.647255 -21375.903450   -397.278457  6  6  6  70       
PG11  -9861.444776 -14307.832934 -20512.004508   -223.486939  7  7  4  70       
PG12  10414.977232  22358.940374   9814.248069     94.786499  5  8  7  96       
PG13  -7811.370586  19558.575410 -16240.302150     26.015305  4  5  4  72       
PG14  18334.648865 -18658.350834   4327.509542      0.723197  4  5  4  50       
PG15   4560.984867  17423.423034 -19730.151846   -218.122320  5  6  3  66       
PG16     33.502320 -25677.780346   5587.038507   -181.694404  4  5  7  36       
PG17 -21648.844574  14644.272997  -4164.349592    294.649317  4  5  4  58       
PG18  25712.768017   5261.270868  -4199.398926    244.122816  7  7  7  58       
PG19 -19792.198129  17431.730618   2631.371937   -133.155855  3  4  3  82       
PG20  17294.606930   3959.018882 -19905.976684    527.305087  5  4  5  54       
PG21  19236.069647  -7257.681830 -15925.729520     22.666941  5  6  5  50       
PG22 -10202.980235 -24495.655584   2578.561411   -772.597575  4  7  4  49       
PG24  17362.587107  14723.384419 -14178.373615    -15.537868  4  3  2  72       
PG25  15281.615825  13430.755275  16974.825299     22.393963  4  8  7  51       
PG26   7328.839329 -19038.986675  16852.875553    241.841531  5  5  7  59       
PG27   8983.149539 -20998.070616 -13412.624590   -343.745643  5  7  4  85       
PG28 -12727.227860   9610.870285 -20689.014330    700.346776  3  5  4  90       
PG29  16998.423284   3271.584120  20112.728529   -148.439039  4  8  6  89       
PG30 -22874.310029   2704.517165 -13363.322297   -260.339092  2  6  3  75       
PG31  15398.147845  -9467.985932  19563.758795    -55.059486  4  4  4  69       
PG32  20701.245573 -16001.006918  -3992.220071    315.607859  4  3  5  50       
*  2020  7 12  7 30  0.00000000
PG01 -17189.880791 -14262.120591 -14858.713908     24.468435  6  8  6  86       
PG02  -5479.215136  14766.988069  22024.660479   -486.013392  3  5  2  92       
PG03 -12310.551871 -22363.268413   7462.294209   -237.198676  4  8  5  89       
PG04 -10106.786827 -11442.145508  21745.048544   -113.725070  6  6  8  46       
PG05    119.739884  24054.420038  10897.338665    -16.495322  2  6  3  61       
PG06 -18339.590029   7925.185957  17571.373352   -301.917057  3  4  4  62       
PG07 -26186.984957  -5760.238026   -663.331954   -325.353212  5  6  3  81       
PG08    103.141588 -19034.617012 -18403.087330    -40.677827  5  7  4  79       
PG09 -18359.447715     76.592377  19149.859935   -252.196380  5  5  4  57       
PG10  13866.253176  -5985.650901 -21749.420920   -397.288231  6  5  6  70       
PG11  -7628.062776 -14884.299275 -21089.585571   -223.477266  7  7  4  86       
PG12  10429.465783  23370.679051   7157.567309     94.781911  5  8  7  89       
PG13  -9275.326763  20484.396796 -14174.194001     26.018355  4  5  4  47       
PG14  18733.239314 -18649.027755   1487.538894      0.725782  5  4  4  36       
PG15   3092.262201  18998.406148 -18467.744913   -218.119903  5  6  3  52       
PG16    408.345275 -24900.055132   8351.350808   -181.698504  4  4  8  51       
PG17 -21268.698124  14041.761457  -6973.212675    294.654261  4  5  4  65       
PG18  25950.148282   5580.462729  -1361.742008    244.131348  6  8  6  57       
PG19 -20048.565673  17384.834760   -264.469450   -133.151321  3  4  3  67       
PG20  18036.011130   6030.566703 -18707.435448    527.305417  4  4  5  50       
PG21  20997.332237  -6684.532763 -13890.744800     22.671375  4  6  5  60       
PG22  -9937.297749 -24715.700589   -204.913190   -772.595844  5  7  5  73       
PG24  15658.314708  14596.032481 -16150.194913    -15.538156  4  4  3  62       
PG25  15622.383273  15267.816379  15051.392224     22.397759  5  8  7  55       
PG26   8109.779507 -17147.144888  18466.669016    241.847634  5  5  7  54       
PG27  10090.539653 -21850.463445 -10992.971796   -343.754378  5  7  4  42       
PG28 -13213.956811   7135.789833 -21343.778871    700.343288  3  5  3  84       
PG29  15268.222851   4881.297940  21142.267427   -148.446782  4  7  6  90       
PG30 -24147.082910   2065.943321 -11067.186306   -260.346062  2  6  3  77       
PG31  17436.558251  -8761.196876  18175.236530    -55.061776  3  5  5  54       
PG32  20457.591757 -15361.754729  -6758.766771    315.613496  4  3  5  63       
*  2020  7 12  7 45  0.00000000
PG01 -15440.832974 -14026.662456 -16868.055643     24.472455  6  8  6  89       
PG02  -7814.195031  14440.949856  21511.185076   -486.018460  3  5  2  95       
PG03 -12329.121146 -23099.956990   4715.126297   -237.209141  5  8  5  67       
PG04  -8409.733748 -13235.923572  21444.548987   -113.729187  6  6  8  55       
PG05   -613.422417  22824.840300  13258.326481    -16.495899  1  6  3  67       
PG06 -20169.752797   7443.708085  15671.966091   -301.921704  3  4  4  59       
PG07 -26090.284983  -5985.113983   2146.104180   -325.360988  5  7  3  75       
PG08   1514.795928 -20482.450213 -16685.913279    -40.679021  5  7  4  84       
PG09 -16988.174741  -1734.403362  20298.124103   -252.202229  5  5  4  71       
PG10  14699.922660  -3622.313435 -21745.265800   -397.297950  5  5  6  41       
PG11  -5384.319856 -15572.664853 -21318.466924   -223.467600  7  7  4  91       
PG12  10422.508771  24080.387404   4377.867468     94.777327  5  8  7  98       
PG13 -10503.754509  21323.163443 -11864.733874     26.021373  4  5  3  60       
PG14  18901.290571 -18432.716726  -1378.246261      0.728170  5  4  4  81       
PG15   1787.423742  20514.262827 -16891.637313   -218.117489  5  6  3  73       
PG16    898.274521 -23842.684342  10967.054404   -181.702879  4  4  8  55       
PG17 -20703.256967  13191.776879  -9660.138484    294.659631  3  6  4  81       
PG18  25889.350066   5816.083012   1499.304521    244.139837  6  8  6  26       
PG19 -20064.638507  17130.266541  -3155.777661   -133.146646  3  4  3  79       
PG20  18809.027079   7925.983602 -17191.151842    527.304982  4  4  5  62       
PG21  22532.707676  -6234.693637 -11602.346054     22.675998  4  5  5  70       
PG22  -9555.615557 -24662.473862  -2984.873741   -772.593189  5  7  5  74       
PG24  13746.171587  14524.756824 -17851.916321    -15.539913  4  3  3  43       
PG25  15985.580301  16860.280648  12867.958634     22.401522  5  8  7  51       
PG26   9040.554789 -15143.205076  19759.545422    241.853729  4  4  6  65       
PG27  10963.709897 -22546.206935  -8381.985199   -343.763097  5  6  4  54       
PG28 -13844.604182   4635.300724 -21611.470519    700.340171  2  6  3  87       
PG29  13562.102886   6653.491939  21806.852324   -148.454415  5  7  6  85       
PG30 -25187.180335   1552.989217  -8582.327290   -260.353015     6  3  82       
PG31  19336.398400  -8201.773118  16477.669344    -55.064042  2  5  5  64       
PG32  20045.549833 -14477.795608  -9407.670107    315.619051  5  3  5  50       
*  2020  7 12  8  0  0.00000000
PG01 -13473.674990 -13861.243646 -18595.677483     24.476451  7  8  6  67       
PG02 -10089.801343  14244.828733  20647.718667   -486.023512  4  4  1  92       
PG03 -12266.869170 -23542.847256   1887.206395   -237.219621  5  8  6  79       
PG04  -6842.738017 -15073.304478  20775.324066   -113.733326  6  7  8  62       
PG05  -1512.892462  21400.429735  15387.058468    -16.497104  2  6  3  79       
PG06 -21795.560940   7093.787225  13504.223168   -301.926423  3  4  4  54       
PG07 -25697.580090  -6168.119754   4919.823077   -325.368882  5  6  3  73       
PG08   2722.599818 -21833.720048 -14678.410894    -40.680563  5  7  4  36       
PG09 -15644.472102  -3701.297101  21095.757953   -252.208011  5  6  4  22       
PG10  15647.836346  -1328.780016 -21364.253303   -397.307643  4  5  5  79       
PG11  -3172.098500 -16363.888068 -21195.933986   -223.458388  7  7  4  72       
PG12  10354.883000  24485.577785   1523.146071     94.772989  5  8  7  77       
PG13 -11494.756319  22032.367443  -9351.233565     26.024291  4  5  3  55       
PG14  18864.182984 -17982.236222  -4219.942939      0.730890  6  5  4  55       
PG15    652.320469  21928.172886 -15027.264345   -218.115147  5  6  3  70       
PG16   1531.386127 -22536.605507  13387.463264   -181.707144  4  4  8  70       
PG17 -19991.588096  12082.671462 -12177.371797    294.664582  2  6  4  96       
PG18  25522.512701   6004.789067   4334.592919    244.148396  6  8  6  57       
PG19 -19870.446153  16642.811887  -5992.862723   -133.142364  3  4  3  79       
PG20  19579.310946   9619.429169 -15383.177410    527.305415  4  4  5  84       
PG21  23808.599228  -5883.205440  -9103.501779     22.679643  3  6  5  71       
PG22  -9027.586143 -24352.833082  -5713.766587   -772.591310  5  7  6  88       
PG24  11658.820618  14535.407131 -19254.814759    -15.540486  3  4  4  73       
PG25  16333.985590  18187.983513  10463.019853     22.405339  6  8  7  89       
PG26  10120.898409 -13073.479393  20709.542458    241.859842  3  4  5  55       
PG27  11613.896603 -23045.000912  -5624.698498   -343.771815  6  6  4  47       
PG28 -14609.826773   2162.182456 -21486.491284    700.336754  1  5  3  90       
PG29  11921.568183   8559.221586  22094.856907   -148.462210  5  7  6  84       
PG30 -25967.058947   1139.846434  -5951.306207   -260.359962     6  3  74       
PG31  21056.061803  -7776.332116  14500.818118    -55.066248  2  5  5  50       
PG32  19503.059395 -13340.966179 -11892.746332    315.624656  5  3  5  68       
*  2020  7 12  8 15  0.00000000
PG01 -11323.811434 -13794.161328 -20012.590670     24.480492  7  7  5  86       
PG02 -12261.823510  14169.651093  19447.422480   -486.028622  3  4  2  89       
PG03 -12086.686272 -23699.696647   -973.008282   -237.230115  6  8  6  77       
PG04  -5428.940423 -16911.863392  19748.768153   -113.737487  5  7  8  58       
PG05  -2589.652156  19822.556349  17246.197192    -16.497455  1  5  2  68       
PG06 -23180.375805   6850.614999  11105.200147   -301.931157  3  4  4  67       
PG07 -25011.963316  -6346.010870   7611.876861   -325.376520  6  7  3  75       
PG08   3726.297135 -23043.330340 -12415.136806    -40.682041  5  6  4  65       
PG09 -14364.142245  -5792.538884  21528.883161   -252.213848  5  5  4  68       
PG10  16686.161142    851.521507 -20613.756477   -397.317376  2  5  5  85       
PG11  -1031.003096 -17242.193580 -20724.815998   -223.448921  7  7  4  70       
PG12  10188.391650  24592.786280  -1357.613513     94.768633  5  8  6  72       
PG13 -12254.895825  22571.431733  -6676.650302     26.027177  4  4  2  65       
PG14  18653.180438 -17277.331546  -6987.659241      0.733228  6  4  4  74       
PG15   -314.755628  23198.047196 -12905.208060   -218.112830  5  6  2  45       
PG16   2329.320203 -21019.665607  15569.445476   -181.711341  4  4  8  84       
PG17 -19175.858997  10711.807283 -14479.783425    294.669383  2  5  3  82       
PG18  24850.602200   6184.293152   7095.401266    244.156905  6  8  5  64       
PG19 -19501.547274  15904.517418  -8727.328820   -133.137601  3  4  3  62       
PG20  20309.581809  11092.355062 -13314.392039    527.305142  4  4  5  65       
PG21  24799.320657  -5599.862173  -6440.636739     22.683881  2  6  5  58       
PG22  -8327.433135 -23810.582349  -8344.663583   -772.588994  5  7  6  66       
PG24   9434.092936  14648.065655 -20334.972572    -15.541307  3  3  5  79       
PG25  16628.523978  19239.371774   7878.602614     22.409126  6  8  6  77       
PG26  11342.561162 -10984.506597  21300.753354    241.866005  2  4  5  49       
PG27  12060.240611 -23311.174576  -2768.988406   -343.780564  6  5  4  75       
PG28 -15491.811585   -232.740946 -20970.747888    700.333711  1  5  2  90       
PG29  10383.050434  10562.667873  22001.172250   -148.469723  5  7  6  81       
PG30 -26466.139860    796.247461  -3219.042631   -260.366965     6  3  80       
PG31  22558.538853  -7464.537049  12278.909569    -55.068459  3  5  5  61       
PG32  18870.365719 -11951.628695 -14170.664471    315.630221  5  3  5  93       
*  2020  7 12  8 30  0.00000000
PG01  -9032.154892 -13847.361615 -21094.809808     24.484502  7  7  5  75       
PG02 -14288.584707  14199.147096  17928.758042   -486.033850  3  4  2  89       
PG03 -11754.518643 -23586.580632  -3816.598714   -237.240462  7  8  6  47       
PG04  -4183.771572 -18706.600889  18382.425657   -113.741595  5  7  7  44       
PG05  -3846.704677  18135.657706  18803.210427    -16.498414  2  5  2  72       
PG06 -24294.247282   6683.628310   8515.918757   -301.935790  3  3  4  91       
PG07 -24044.600998  -6554.623393  10177.877615   -325.384310  6  6  3  76       
PG08   4534.042153 -24068.587409  -9935.259531    -40.682890  5  6  4  69       
PG09 -13177.651852  -7970.594282  21589.937529   -252.219629  5  5  4  47       
PG10  17784.612670   2880.356166 -19507.523031   -397.326903  2  5  5  75       
PG11   1002.886863 -18185.620020 -19913.393678   -223.439135  7  6  4  81       
PG12   9887.493789  24417.177887  -4215.273913     94.764128  5  8  6  63       
PG13 -12798.777882  22903.343847  -3886.868340     26.030241  3  4     59       
PG14  18304.104448 -16305.698067  -9632.439407      0.736116  6  4  5  53       
PG15  -1122.882091  24284.098570 -10560.776491   -218.110302  5  6  2  41       
PG16   3306.176310 -19335.149511  17474.271584   -181.715360  4  4  8  74       
PG17 -18299.610659   9085.941117 -16525.772280    294.674465  2  5  3  84       
PG18  23883.433433   6391.714532   9734.268110    244.165448  6  7  4  71       
PG19 -18997.507621  14905.486062 -11312.875715   -133.133137  3  4  2  79       
PG20  20961.071468  12333.999655 -11019.989162    527.305013  5  3  5  78       
PG21  25487.935497  -5350.720011  -3662.584486     22.688045  2  6  5  72       
PG22  -7435.164827 -23065.538317 -10832.066880   -772.586518  5  6  6  71       
PG24   7113.764618  14876.195676 -21073.672416    -15.541306  3  3  5  74       
PG25  16829.893502  20011.719905   5159.500360     22.412863  7  8  6  59       
PG26  12689.512808  -8921.384610  21523.568914    241.872135  1  4  4  68       
PG27  12328.875039 -23315.192107    135.277746   -343.789322  6  4  4  62       
PG28 -16464.945388  -2502.508444 -20073.638692    700.330304  2  5  2  91       
PG29   8976.606484  12622.359400  21527.305082   -148.477531  5  7  6  77       
PG30 -26671.537632    488.823078   -432.065898   -260.373914  1  7  2  72       
PG31  23812.665122  -7240.059223   9850.036366    -55.070731  4  5  5  65       
PG32  18188.355532 -10318.851852 -16201.731716    315.635834  5  3  5  95       
*  2020  7 12  8 45  0.00000000
PG01  -6643.785175 -14035.529914 -21823.737863     24.488558  7  6  5  83       
PG02 -16132.300316  14310.363380  16115.307395   -486.038843  3  4  3  75       
PG03 -11240.842886 -23227.169331  -6595.006457   -237.250973  7  8  6  45       
PG04  -3114.519699 -20411.567415  16699.698110   -113.745748  5  8  7  46       
PG05  -5278.760748  16385.555194  20030.968134    -16.499012  3  5     91       
PG06 -25114.968740   6557.850859   5780.679118   -301.940361  3  3  4  42       
PG07 -22814.348121  -6827.389231  12575.634186   -325.392211  5  6  3  69       
PG08   5161.893132 -24870.868487  -7281.870905    -40.684643  5  5  5  96       
PG09 -12109.028129 -10193.212402  21277.812279   -252.225422  5  5  4  57       
PG10  18907.615076   4725.941889 -18065.382024   -397.336576  3  5  6  84       
PG11   2898.130418 -19166.790761 -18775.247908   -223.429792  7  6  4  87       
PG12   9420.822446  23981.840918  -7001.358648     94.759618  5  7  6  68       
PG13 -13148.317612  22996.173203  -1029.919303     26.033396  3  4     68       
PG14  17855.816533 -15063.704466 -12107.197576      0.738476  6  4  5  81       
PG15  -1788.024292  25150.363108  -8033.483208   -218.108007  4  6  2  73       
PG16   4467.748385 -17530.095534  19068.364894   -181.719622  4  4  8  67       
PG17 -17405.963149   7221.232327 -18278.120428    294.679542  2  5  4  80       
PG18  22639.363658   6661.957490  12205.806697    244.173996  6  6  5  82       
PG19 -18400.255347  13644.363357 -13706.042010   -133.128277  3  4  2  68       
PG20  21495.039414  13341.593850  -8538.898130    527.304760  5  3  5  61       
PG21  25866.717775  -5099.734602   -819.534824     22.692029  2  6  5  31       
PG22  -6337.579167 -22152.369041 -13132.706324   -772.584657  5  6  6  83       
PG24   4742.188759  15226.038408 -21457.725743    -15.542988  3  2  5  86       
PG25  16900.192424  20511.015183   2352.482931     22.416646  7  8  6  63       
PG26  14138.456687  -6926.178109  21374.803031    241.878279     4  4  35       
PG27  12451.728091 -23034.936183   3037.150260   -343.798063  6  3  5  61       
PG28 -17496.839995  -4605.760457 -18811.853983    700.326579  3  4  2  82       
PG29   7724.874325  14692.624213  20681.359227   -148.485194  5  7  6  83       
PG30 -26578.510321    182.573622   2362.252865   -260.380869  1  7  2  31       
PG31  24794.153085  -7071.759715   7255.513742    -55.072681  5  5  5  58       
PG32  17496.879033  -8460.250845 -17950.610746    315.641434  5  3  5  88       
*  2020  7 12  9  0  0.00000000
PG01  -4206.457484 -14365.452348 -22186.482528     24.492546  6  5  5  67       
PG02 -17760.323761  14474.527013  14035.529766   -486.043766  2  4  3  79       
PG03 -10521.969780 -22651.728813  -9260.844817   -237.261502  7  8  5  71       
PG04  -2220.219553 -21981.537842  14729.449886   -113.749940  5  8  6  48       
PG05  -6872.263851  14617.727226  20908.231940    -16.499461  3  4     91       
PG06 -25628.848301   6435.411682   2946.314965   -301.945041  4  4  3  42       
PG07 -21347.105874  -7193.952057  14765.750213   -325.400110  5  6  3  58       
PG08   5632.987277 -25417.147582  -4501.215811    -40.686841  5  5  5  48       
PG09 -11175.017914 -12414.884447  20597.875089   -252.231274  4  5  5  45       
PG10  20015.670577   6363.948407 -16312.849278   -397.346241  5  5  6  82       
PG11   4628.871671 -20153.881147 -17329.052258   -223.420219  6  6  4  80       
PG12   8762.535860  23316.802135  -9668.838263     94.755468  5  7  6 109       
PG13 -13331.724844  22824.411046   1844.846047     26.036218  2  4     79       
PG14  17348.569359 -13556.778322 -14367.637925      0.741345  6  3  5  51       
PG15  -2332.273093  25766.111183  -5366.429516   -218.105521  5  6  1  83       
PG16   5811.112621 -15653.472106  20323.934676   -181.723493  5  4  7  81       
PG17 -16535.829938   5142.864297 -19704.776408    294.684845  3  5  3  78       
PG18  21144.668619   7026.178535  14467.484835    244.182552  7  6  5  84       
PG19 -17752.378199  12128.501765 -15866.881414   -133.123700  3  4  3  77       
PG20  21874.297355  14120.272112  -5913.151791    527.304841  5  3  5  72       
PG21  25937.230171  -4810.447397   2037.990936     22.695985  2  5  5  56       
PG22  -5029.017288 -21109.247369 -15206.314996   -772.582243  6  5  6  80       
PG24   2364.828957  15696.282428 -21479.729167    -15.543570  3  2  6  66       
PG25  16804.484397  20751.522916   -494.504813     22.420424  7  8  6  22       
PG26  15659.634949  -5036.462183  20857.702463    241.884466  2  4  4  53       
PG27  12465.087869 -22456.712606   5885.542081   -343.806805  5  2  5  61       
PG28 -18549.665159  -6508.227527 -17208.996006    700.323479  4  4  2  82       
PG29   6642.327580  16725.215586  19477.900010   -148.492994  5  7  6  98       
PG30 -26190.615517   -157.601511   5116.476739   -260.387764  2  6  1  95       
PG31  25486.373957  -6925.044237   4539.202536    -55.075040  6  4  5  71       
PG32  16833.126378  -6401.492295 -19386.954237    315.647069  5  3  5  87       
*  2020  7 12  9 15  0.00000000
PG01  -1769.009652 -14835.672931 -22176.099046     24.496510  6  4  5  84       
PG02 -19146.237013  14658.138759  11722.449559   -486.049065  2  5  4  59       
PG03  -9581.128193 -21895.886126 -11768.686375   -237.271917  7  7  5  88       
PG04  -1491.866504 -23373.671918  12505.518617   -113.754101  5  8  6  40       
PG05  -8605.753272  12875.612182  21420.027208    -16.500385  4  4     96       
PG06 -25831.166680   6277.182560     61.403528   -301.949721  4  4  3  86       
PG07 -19674.945094  -7678.929096  16712.180894   -325.407844  5  6  3  63       
PG08   5976.429845 -25681.315501  -1641.855393    -40.688109  5  5  5  60       
PG09 -10384.542346 -14588.436584  19561.878206   -252.237062  4  4  4  45       
PG10  21066.883415   7778.200532 -14280.641815   -397.355922  5  5  7  59       
PG11   6175.590183 -21111.750411 -15598.311103   -223.410414  6  5  4  73       
PG12   7893.453947  22457.803321 -12172.877511     94.750862  6  7  6  67       
PG13 -13382.242162  22370.078227   4687.620246     26.039299  3  4     65       
PG14  16822.294961 -11799.430468 -16373.137524      0.743642  6  3  5  81       
PG15  -2782.825379  26107.088802  -2605.594837   -218.103117  5  5  1  74       
PG16   7324.584912 -13754.295444  21219.477537   -181.727843  5  4  7  71       
PG17 -15726.219173   2884.287659 -20779.542750    294.689739  4  5  4  90       
PG18  19432.624653   7510.402781  16480.357041    244.191129  7  6  6  82       
PG19 -17095.427028  10373.802477 -17759.565449   -133.119408  4  4  3  95       
PG20  22064.687484  14682.693051  -3187.207633    527.304880  5  3  4  56       
PG21  25710.034241  -4447.644746   4860.109436     22.700130  3  5  5  76       
PG22  -3511.831571 -19976.369056 -17016.367668   -772.579780  6  5  5  79       
PG24     26.744329  16278.021135 -21138.242749    -15.543489  4  3  6  51       
PG25  16512.244072  20755.054485  -3333.142228     22.424193  7  8  6  64       
PG26  17217.890632  -3284.056729  19981.843847    241.890597  3  4  5  57       
PG27  12407.987534 -21575.930360   8630.189390   -343.815490  5  1  5  82       
PG28 -19581.725125  -8183.901805 -15295.032744    700.319895  5  3  3  73       
PG29   5734.857511  18671.048867  17937.703624   -148.500855  5  7  6  82       
PG30 -25519.567815   -565.373418   7783.876176   -260.394798  2  6     73       
PG31  25880.865397  -6763.340451   1746.807843    -55.077316  6  3  4  69       
PG32  16230.124504  -4175.483546 -20485.943871    315.652701  5  3  5  85       
*  2020  7 12  9 30  0.00000000
PG01    620.277401 -15436.461944 -21791.754292     24.500460  6  4  5  71       
PG02 -20270.745539  14824.265891   9213.270412   -486.054157  3  5  4  68       
PG03  -8409.288516 -20999.205614 -14075.815127   -237.282423  7  6  5  76       
PG04   -912.947509 -24549.096674  10066.138145   -113.758290  5  8  5  84       
PG05 -10450.549481  11199.010201  21557.891039    -16.500934  4  4  2  87       
PG06 -25726.303452   6044.471313  -2824.557350   -301.954376  5  4  3  88       
PG07 -17835.025750  -8300.859013  18382.746244   -325.415648  4  5  3  64       
PG08   6225.942572 -25645.238909   1246.218884    -40.689186  4  5  5  67       
PG09  -9738.468144 -16666.695500  18187.753145   -252.242837  3  4  5  60       
PG10  22018.577951   8961.063352 -12004.112624   -397.365671  6  6  7  64       
PG11   7525.631736 -22003.202102 -13611.044232   -223.400726  6  4  3  85       
PG12   6801.940829  21444.887358 -14471.534904     94.746868  6  6  5  82       
PG13 -13336.685174  21623.554459   7449.019991     26.042236  3  3     53       
PG14  16314.903109  -9814.910290 -18087.567894      0.746456  6  3  5  67       
PG15  -3170.742861  26156.534234    200.955579   -218.100839  5  5  2  54       
PG16   8988.047111 -11879.769763  21740.137012   -181.732030  6  4  8  64       
PG17 -15008.698092    486.111699 -21482.645631    294.694794  4  5  4 102       
PG18  17542.331523   8134.343751  18209.736321    244.199737  7  5  6  88       
PG19 -16468.287690   8404.245658 -19352.908020   -133.114813  4  4  4  73       
PG20  22036.460292  15048.384062   -407.231282    527.304686  6  4  5  62       
PG21  25204.063136  -3978.920296   7598.468147     22.704274  3  4  5  71       
PG22  -1796.544523 -18794.392038 -18530.766475   -772.577333  6  4  5  66       
PG24  -2228.921049  16955.004268 -20437.884180    -15.542266  4  3  6  62       
PG25  15998.631499  20549.970843  -6115.518187     22.427906  7  7  6  68       
PG26  18773.943329  -1693.997830  18762.922979    241.896803  5  5  5  78       
PG27  12320.478076 -20397.425045  11222.605248   -343.824180  4     5  82       
PG28 -20549.203064  -9615.841296 -13105.606212    700.317172  6  3  3  85       
PG29   4999.698630  20481.981906  16087.395684   -148.508549  5  7  5  96       
PG30 -24584.803780  -1071.509301  10319.188799   -260.401763  2  6     75       
PG31  25977.550346  -6549.643894  -1074.838195    -55.079532  6  3  3  65       
PG32  15715.414846  -1821.278895 -21228.723514    315.658345  5  3  5  73       
*  2020  7 12  9 45  0.00000000
PG01   2915.309254 -16150.100944 -21038.806773     24.504416  6  3  5  64       
PG02 -21122.341314  14933.996811   6548.910559   -486.059436  3  5  5  60       
PG03  -7005.694772 -20003.630626 -16142.932195   -237.292975  6  6  5  78       
PG04   -460.268184 -25474.349538   7453.283445   -113.762446  5  8  4  54       
PG05 -12371.732771   9622.648007  21319.992808    -16.501488  5  4  2  54       
PG06 -25327.526136   5700.705534  -5661.991493   -301.959056  6  4  3  57       
PG07 -15868.348276  -9071.370398  19749.598559   -325.423494  4  5  3  67       
PG08   6418.327188 -25299.514048   4112.501428    -40.690769  4  5  5  68       
PG09  -9229.703970 -18604.162053  16499.295640   -252.248656  3  4  5  58       
PG10  22828.948192   9913.499341  -9522.617743   -397.375437  6  6  7  69       
PG11   8673.501892 -22790.333107 -11399.418050   -223.391364  6  4  3  59       
PG12   5484.503976  20320.847430 -16526.407361     94.742331  6  6  5  32       
PG13 -13233.842349  20584.093329  10080.968533     26.045400  4  3  2  79       
PG14  15860.664098  -7634.501148 -19480.032076      0.749078  6  3  5  33       
PG15  -3529.535558  25905.921920   3003.932707   -218.098549  4  5  1  71       
PG16  10773.624442 -10073.529033  21877.916530   -181.736267  6  4  8  45       
PG17 -14408.090600  -2005.312256 -21801.167786    294.699771  5  5  5  82       
PG18  15517.320703   8910.473136  19625.793983    244.208332  7  5  6  82       
PG19 -15905.679125   6251.130610 -20620.809031   -133.110228  5  4  4  81       
PG20  21765.501105  15242.834169   2379.648450    527.304585  6  4  4  74       
PG21  24445.699631  -3376.080831  10207.046888     22.708431  3  4  5  62       
PG22     98.313256 -17602.857977 -19722.458202   -772.575319  6  4  4  75       
PG24  -4362.390180  17704.179556 -19389.332998    -15.542397  4  3  6  54       
PG25  15245.551168  20169.962554  -8794.892189     22.431626  7  7  6  34       
PG26  20285.827629   -283.782417  17222.443011    241.903006  6  5  6  49       
PG27  12241.861774 -18935.409197  13617.003314   -343.832861  4     5  73       
PG28 -21407.990558 -10796.576680 -10681.221224    700.313725  6  3  3  87       
PG29   4425.700332  22112.569706  13958.985303   -148.516399  6  7  5  74       
PG30 -23412.770816  -1702.508933  12679.355569   -260.408737  2  6     50       
PG31  25784.661881  -6248.077257  -3878.501587    -55.081741  6  3  2  63       
PG32  15309.964731    617.253236 -21602.718863    315.663937  5  2  5  76       
*  2020  7 12 10  0  0.00000000
PG01   5073.739894 -16951.479303 -19928.797219     24.508354  6  3  5  58       
PG02 -21697.702784  14948.012055   3773.455951   -486.064633  4  5  5  53       
PG03  -5378.085378 -18951.849435 -17934.804936   -237.303489  6  5  5  70       
PG04   -105.043637 -26122.626072   4711.948553   -113.766659  5  8  3  37       
PG05 -14329.374039   8174.963379  20711.127112    -16.501877  5  4  3  66       
PG06 -24656.449256   5213.041329  -8402.092133   -301.963701  6  4  3  58       
PG07 -13818.377335  -9994.598864  20789.641364   -325.431248  3  4  4  61       
PG08   6591.807818 -24643.883655   6906.899063    -40.691621  3  4  5  76       
PG09  -8843.617410 -20358.628052  14525.746606   -252.254494  2  3  4  59       
PG10  23458.676029  10644.799870  -6878.827988   -397.385083  7  6  7  77       
PG11   9620.911271 -23435.928377  -8999.323027   -223.381645  5  3  3  65       
PG12   3946.090835  19129.596504 -18303.213906     94.738008  6  6  5  60       
PG13 -13112.798162  19259.999686  12537.562093     26.048393  4  3  2  81       
PG14  15488.747681  -5296.481981 -20525.495911      0.751556  6  4  5  66       
PG15  -3893.626084  25355.395541   5753.738868   -218.096426  4  4  1  53       
PG16  12646.680881  -8374.052823  21631.745765   -181.740526  7  4  8  54       
PG17 -13941.467926  -4539.556108 -21729.330117    294.704770  6  5  5  87       
PG18  13404.002129   9843.377423  20704.077041    244.216970  6  4  6  69       
PG19 -15436.829411   3952.056591 -21542.615486   -133.105614  6  4  5  81       
PG20  21234.359627  15296.368203   5126.103335    527.304659  7  4  5  33       
PG21  23467.611031  -2616.347076  12642.859367     22.712389  3  3  5  69       
PG22   2146.684837 -16438.659205 -20569.968195   -772.572752  6  3  4  70       
PG24  -6338.593015  18496.510115 -18009.239439    -15.543946  4  3  6  65       
PG25  14242.460174  19652.654008 -11326.422437     22.435362  6  6  7  47       
PG26  21710.438084    937.088555  15387.309665    241.909220  6  5  6  79       
PG27  12208.961806 -17213.049538  15771.169115   -343.841541  3     4  90       
PG28 -22115.517456 -11728.111517  -8066.344201    700.310596  6  3  4  76       
PG29   3993.933222  23521.724815  11589.303139   -148.524121  6  6  5  90       
PG30 -22035.966036  -2479.402738  14824.223433   -260.415726  1  6     44       
PG31  25318.378580  -5825.408029  -6617.272291    -55.084097  7  3  2  84       
PG32  15027.355140   3092.948639 -21601.838553    315.669613  5  2  5  77       
*  2020  7 12 10 15  0.00000000
PG01   7058.408900 -17808.986230 -18479.344760     24.512301  6  2  5  73       
PG02 -22001.807601  14828.219028    933.529493   -486.069890  4  5  4  83       
PG03  -3542.593958 -17885.646679 -19420.850082   -237.313948  6  5  5  66       
PG04    185.789695 -26474.783575   1889.369890   -113.770825  5  8  2  27       
PG05 -16279.966562   6877.155868  19742.582137    -16.502747  5  4  4  60       
PG06 -23742.183218   4553.834075 -10997.660760   -301.968342  7  3  3  89       
PG07 -11729.582459 -11066.873688  21484.896557   -325.438793  3  4  4  67       
PG08   6784.321296 -23687.299946   9580.647715    -40.693075  3  4  5  89       
PG09  -8558.755412 -21892.673426  12301.276858   -252.260318  2  3  4  67       
PG10  23872.457670  11172.005543  -4117.997713   -397.394612  7  7  7  63       
PG11  10376.568306 -23904.856280  -6449.896850   -223.372249  5  3  3  58       
PG12   2200.074386  17914.515952 -19772.313384     94.733909  6  6  4  69       
PG13 -13011.247152  17668.459637  14775.902549     26.051460  5  3  3  88       
PG14  15221.983415  -2844.797252 -21205.295200      0.753947  7  4  5  67       
PG15  -4296.758310  24513.864551   8401.415827   -218.094005  4  4  2  74       
PG16  14567.086021  -6813.319042  21007.404971   -181.744270  7  3  8  93       
PG17 -13617.478685  -7063.956849 -21268.612540    294.710167  6  5  5 100       
PG18  11250.008684  10929.427287  21425.934142    244.225602  6  4  6  71       
PG19 -15084.374332   1549.683002 -22103.399576   -133.101076  6  4  5  95       
PG20  20433.043410  15242.843329   7785.378193    527.304610  7  4  6  76       
PG21  22307.397729  -1683.313234  14866.551624     22.716919  4  3  6  86       
PG22   4315.774024 -15334.613633 -21057.837002   -772.570243  5  3  3  48       
PG24  -8128.342796  19298.042723 -16320.033383    -15.545509  4  4  6  84       
PG25  12986.899401  19038.084315 -13667.853331     22.439129  5  6  7  68       
PG26  23005.121305   1967.254844  13289.342556    241.915430  7  4  6  88       
PG27  12254.502120 -15261.687955  17647.257709   -343.850133  3     4  95       
PG28 -22632.500347 -12421.527035  -5308.443134    700.307108  6  3  3  83       
PG29   3678.605494  24674.218622   9019.353740   -148.532206  6  6  5  89       
PG30 -20491.760052  -3416.756545  16717.204851   -260.422685     5     57       
PG31  24602.184117  -5252.471219  -9245.283544    -55.086271  6  4     77       
PG32  14873.275864   5556.990483 -21226.554493    315.675257  5  2  5  79       
*  2020  7 12 10 30  0.00000000
PG01   8838.599541 -18685.671268 -16713.944325     24.516304  6  2  5  59       
PG02 -22047.742586  14539.391662  -1922.422486   -486.074858  5  5  4  66       
PG03  -1523.333287 -16844.302005 -20575.642530   -237.324402  6  4  5  78       
PG04    448.092799 -26520.061172   -965.791472   -113.775012  5  8     39       
PG05 -18178.000042   5742.538605  18431.889210    -16.503480  5  5  4  75       
PG06 -22620.204846   3701.913189 -13403.922645   -301.973010  7  3  3  61       
PG07  -9645.942964 -12276.687288  21822.815662   -325.446952  4  3  4  62       
PG08   7031.826469 -22447.631643  12087.199442    -40.694230  3  3  5  91       
PG09  -8347.838937 -23174.985769   9864.385190   -252.266196  1  3  4  69       
PG10  24040.382187  11519.040938  -1287.202854   -397.404298  8  7  7  56       
PG11  10955.722620 -24165.418216  -3792.992971   -223.362368  4  2  2  80       
PG12    267.929601  16716.841958 -20909.151978     94.729288  7  5  4  53       
PG13 -12963.867459  15835.027621  16756.879030     26.054493  5  3  3  87       
PG14  15075.897835   -327.491434 -21507.504351      0.756624  7  4  5  74       
PG15  -4770.418750  23398.752958  10899.602916   -218.091740  4  3  2  60       
PG16  16490.696441  -5415.744044  20017.315800   -181.748713  8  3  8  70       
PG17 -13436.048425  -9525.554128 -20427.710412    294.715010  7  5  5  78       
PG18   9102.501680  12156.773593  21778.842443    244.234254  4  4  6  55       
PG19 -14863.514684   -909.685974 -22294.153878   -133.096399  7  4  5  95       
PG20  19359.544195  15118.215660  10312.061463    527.303947  6  4  6  63       
PG21  21006.114334   -567.641115  16842.898781     22.720616  4  2  6  71       
PG22   6567.110159 -14318.206815 -21176.947539   -772.568017  4  3  3  81       
PG24  -9709.301835  20071.191822 -14349.630186    -15.545768  4  3  6  69       
PG25  11484.731406  18367.120312 -15780.155998     22.442866  4  5  7  75       
PG26  24129.254893   2813.327888  10964.712602    241.921614  8  3  6  85       
PG27  12405.666772 -13119.738941  19212.498850   -343.858778  3     3  77       
PG28 -22924.535146 -12896.221333  -2456.999497    700.303978  6  3  3  62       
PG29   3448.252364  25541.965033   6293.594210   -148.539703  7  5  5  46       
PG30 -18821.048316  -4521.920849  18325.884981   -260.429634  1  5  2  52       
PG31  23665.973669  -4505.447150 -11718.417820    -55.088568  6  4     73       
PG32  14845.346199   7960.612161 -20483.861857    315.680869  5  2  5  76       
*  2020  7 12 10 45  0.00000000
PG01  10391.068006 -19540.635560 -14661.662033     24.520211  5  2  4  86       
PG02 -21856.205708  14050.751537  -4744.921938   -486.079888  5  5  4  86       
PG03    648.323030 -15863.095784 -21379.342264   -237.334934  6  4  4  83       
PG04    718.931755 -26256.487957  -3804.294095   -113.779246  5  8     85       
PG05 -19977.613304   4776.213106  16802.461796    -16.504216  4  5  4  76       
PG06 -21330.992331   2643.610090 -15579.304724   -301.977643  8  3  3  97       
PG07  -7609.466392 -13604.952628  21796.530185   -325.454647  4  3  4  66       
PG08   7366.702386 -20951.028174  14383.061052    -40.695590  3  2  5  96       
PG09  -8178.991795 -24181.451328   7257.221014   -252.272065     2  4  69       
PG10  23939.112252  11715.599190   1565.439837   -397.413888  8  7  8  69       
PG11  11379.469825 -24190.605890  -1072.594851   -223.352771  4  3  2  77       
PG12  -1821.387004  15574.146478 -21694.636879     94.724984  7  5  4  83       
PG13 -13000.820421  13792.789241  18445.881916     26.057401  4  2  3  75       
PG14  15058.070888   2205.024494 -21427.156713      0.759011  7  4  4  80       
PG15  -5342.340456  22035.404933  13203.480288   -218.089325  3  2  2  67       
PG16  18370.987244  -4197.446484  18680.210317   -181.752837  8  2  8  98       
PG17 -13388.460793 -11873.038076 -19222.328725    294.720484  7  4  5  92       
PG18   7006.502170  13505.671234  21756.629530    244.242858  4  5  6  73       
PG19 -14781.459462  -3377.642194 -22111.904180   -133.091938  7  4  5  85       
PG20  18020.075323  14959.029781  12662.842855    527.303879  6  3  6  69       
PG21  19606.721714    732.523702  18541.204935     22.725067  4  2  5  83       
PG22   8857.850831 -13410.554261 -20924.732808   -772.565415  4  4  3  67       
PG24 -11066.695935  20776.194581 -12131.031961    -15.546623  4  3  6  99       
PG25   9750.078729  17679.858395 -17628.116358     22.446596  4  5  7  87       
PG26  25045.754240   3489.417964   8453.316005    241.927752  8  3  5  78       
PG27  12682.899563 -10831.310517  20439.793729   -343.867414  4     2  92       
PG28 -22963.470366 -13178.828712    437.478868    700.300722  6  2  4  78       
PG29   3267.150731  26105.036625   3459.152680   -148.547559  7  4  4  70       
PG30 -17066.778868  -5794.553865  19622.567642   -260.436599  1  5  2  69       
PG31  22544.937837  -3566.948902 -13994.992511    -55.090623  6  4  2  81       
PG32  14933.265950  10256.792971 -19387.121694    315.686501  5  2  4  75       
*  2020  7 12 11  0  0.00000000
PG01  11700.800681 -20330.606159 -12356.726923     24.524196  5  2  4  78       
PG02 -21454.706754  13337.424493  -7484.320194   -486.085324  6  5  4  91       
PG03   2934.735491 -14971.977866 -21818.032907   -237.345468  6  4  4  57       
PG04   1034.937216 -25690.962925  -6577.171904   -113.783425  5  8  1  66       
PG05 -21634.259950   3975.075480  14883.134215    -16.504929  5  5  4  60       
PG06 -19918.476660   1373.497816 -17486.161923   -301.982309  8  3  4  96       
PG07  -5658.770533 -15025.545037  21405.035237   -325.462522  5  2  4  67       
PG08   7816.300927 -19230.968465  16428.567179    -40.697264  4  2  4  79       
PG09  -8017.154410 -24895.975578   4524.844223   -252.277917  1  3  4  60       
PG10  23552.824951  11795.820290   4391.560887   -397.423457  9  7  8  79       
PG11  11673.836521 -23959.220584   1665.822641   -223.343240  4  3  1  79       
PG12  -4032.332773  14518.965957 -22115.432891     94.720698  7  5  4  82       
PG13 -13146.437910  11581.232105  19813.434078     26.060463  4  2  3  76       
PG14  15167.838970   4701.799342 -20966.311859      0.761487  7  4  4  79       
PG15  -6035.157036  20456.168100  15271.671486   -218.087079  3     3  67       
PG16  20160.765384  -3165.856418  17020.692209   -181.757126  8  2  8  87       
PG17 -13457.814021 -14058.622100 -17674.822061    294.725312  7  4  5  78       
PG18   5003.311992  14949.119292  21359.586201    244.251528  4  5  6  64       
PG19 -14837.172536  -5805.286416 -21559.740607   -133.087431  7  4  6  85       
PG20  16429.008549  14800.887490  14797.246630    527.303880  5  2  7  45       
PG21  18152.525846   2211.415885  19935.613365     22.729043  4  1  5  85       
PG22  11142.271808 -12625.628439 -20305.256909   -772.563098  3  4  2  52       
PG24 -12193.744964  21372.683843  -9701.825201    -15.546850  5  3  6  69       
PG25   7804.966186  17014.071373 -19180.865933     22.450337  3  5  6  80       
PG26  25722.451616   4016.378440   5798.095675    241.933936  8  3  5  99       
PG27  13098.993689  -8444.607545  21308.190853   -343.876013  5        73       
PG28 -22728.510688 -13301.876836   3324.418263    700.297282  5  2  3  68       
PG29   3096.902402  26352.374061    565.001199   -148.555213  6  4  4  66       
PG30 -15272.410079  -7226.438103  20584.751584   -260.443616  2  5  2  60       
PG31  21278.262162  -2426.879887 -16036.418189    -55.092933  6  4  3  42       
PG32  15119.288154  12401.880813 -17955.791418    315.692134  5  2  4  89       
*  2020  7 12 11 15  0.00000000
PG01  12761.465118 -21011.636779  -9838.019448     24.528131  5  2  3  69       
PG02 -20876.486395  12381.706972 -10091.715068   -486.090319  6  4  4  74       
PG03   5293.234477 -14194.449478 -21883.966392   -237.355984  7  3  4  82       
PG04   1430.680572 -24839.003274  -9236.585925   -113.787518  5  8  2  70       
PG05 -23106.321927   3328.149013  12707.611930    -16.505509  5  5  4  60       
PG06 -18428.369003   -105.188279 -19091.438740   -301.986972  8  3  3  86       
PG07  -3827.778533 -16506.115878  20653.299745   -325.470296  4  2  3  70       
PG08   8401.712313 -17327.034706  18188.572889    -40.698943  4  2  4  81       
PG09  -7825.626076 -25311.002261   1714.436002   -252.283724  2  2  3  73       
PG10  22873.879607  11796.813729   7143.322557   -397.433238  9  6  8  69       
PG11  11868.672348 -23456.811117   4375.981660   -223.333688  3  3  2  74       
PG12  -6323.918399  13577.625941 -22164.179005     94.716355  8  5  4  86       
PG13 -13418.151450   9244.869155  20835.726068     26.063619  3  2  3  54       
PG14  15396.355418   7113.181839 -20133.970273      0.764202  7  3  4  74       
PG15  -6865.268618  18699.191071  17067.079898   -218.084669  3     2  80       
PG16  21813.895571  -2319.676086  15068.705745   -181.761696  9     8  93       
PG17 -13619.828568 -16039.760050 -15813.693448    294.730316  7  3  4  70       
PG18   3129.085090  16453.793738  20594.467759    244.260215  5  5  6  89       
PG19 -15021.430501  -8144.857850 -20646.767724   -133.082733  7  4  6  97       
PG20  14608.509403  14676.953547  16678.328773    527.303665  5     6  43       
PG21  16685.655309   3855.787603  21005.335543     22.733098  4     5  85       
PG22  13373.384805 -11969.784028 -19329.165221   -772.560820  4  4  2  79       
PG24 -13091.787181  21821.319060  -7103.578359    -15.547764  5  3  6  69       
PG25   5678.680275  16403.754520 -20412.351048     22.454115  3  5  6  85       
PG26  26133.297278   4420.798095   3044.321126    241.940085  8  4  4  73       
PG27  13658.507668  -6010.185149  21803.232522   -343.884648  5  2     82       
PG28 -22207.015514 -13302.247819   6154.091425    700.293843  4  2  4  51       
PG29   2898.122637  26282.161774  -2338.901537   -148.563155  6  4  4  28       
PG30 -13480.354881  -8801.599752  21195.529082   -260.450585  3  4  2  62       
PG31  19907.686632  -1083.029140 -17807.822015    -55.095269  5  5  4  75       
PG32  15378.992239  14357.079811 -16215.050484    315.697730  5  2  3  79       
*  2020  7 12 11 30  0.00000000
PG01  13575.530973 -21540.871208  -7148.459775     24.532053  4  2  2  71       
PG02 -20159.187041  11174.079830 -12519.905732   -486.095449  7  4  4  74       
PG03   7677.552102 -13546.700681 -21575.709308   -237.366470  6  3  4  65       
PG04   1937.131074 -23724.170686 -11736.656620   -113.791705  5  7  3  40       
PG05 -24356.609286   2817.225307  10313.846366    -16.506337  5  5  5  76       
PG06 -16906.428599  -1780.467063 -20367.253806   -301.991649  8  4  3  88       
PG07  -2144.574758 -18009.156333  19552.296037   -325.477936  4  1  3  53       
PG08   9136.792253 -15283.462303  19633.053323    -40.699837  4  2  3  88       
PG09  -7567.674398 -25427.711738  -1125.524825   -252.289581  3  2  3  83       
PG10  21903.189480  11757.080993   9774.189260   -397.442898  9  6  8  58       
PG11  11996.383856 -22676.391026   7011.534583   -223.324177  3  4  2  60       
PG12  -8651.052490  12769.303270 -21839.622166     94.711877  8  4  4  75       
PG13 -13825.707113   6831.669286  21495.044207     26.066580  4  3  3  75       
PG14  15727.002566   9392.595999 -18945.840855      0.766624  7  3  4  93       
PG15  -7841.972257  16806.985951  18557.635241   -218.082496  3  2  2  86       
PG16  23286.971670  -1649.184534  12858.928657   -181.765786  9  1  7  72       
PG17 -13843.965612 -17780.636005 -13672.969668    294.735702  6  3  4  63       
PG18   1413.603896  17981.237417  19474.383361    244.268859  6  4  7  72       
PG19 -15317.189464 -10351.324764 -19387.974245   -133.078100  7  3  6  82       
PG20  12587.881307  14616.555742  18273.326152    527.303720  4     6  54       
PG21  15245.624362   5645.304374  21734.807866     22.737730  5     4  83       
PG22  15504.617418 -11441.602328 -18013.503025   -772.558365  4  4  2  66       
PG24 -13770.086625  22085.410625  -4381.146100    -15.549696  5  2  6  69       
PG25   3406.867864  15877.821433 -21301.736367     22.457886  4  5  6  65       
PG26  26259.339236   4733.781182    238.837951    241.946253  8  4  3  65       
PG27  14357.529047  -3579.125465  21917.167309   -343.893288  5  2     68       
PG28 -21394.971880 -13219.513383   8878.464729    700.290438  3  2  5  56       
PG29   2632.166845  25901.856180  -5202.481761   -148.570563  6  5  4  83       
PG30 -11730.469008 -10496.729328  21443.899405   -260.457528  3  4  2  54       
PG31  18475.974812    458.619945 -19278.628386    -55.097567  5  5  5  65       
PG32  15682.324679  16089.746854 -14195.330294    315.703350  5  2  3  71       
*  2020  7 12 11 45  0.00000000
PG01  14154.049497 -21878.300500  -4334.301871     24.536024  4  2  2  45       
PG02 -19343.322434   9713.914441 -14724.362461   -486.100568  7  4  4  86       
PG03  10039.397946 -13037.036618 -20898.187606   -237.376964  6  4  5  58       
PG04   2580.255078 -22377.197836 -14034.261767   -113.795875  5  7  4  64       
PG05 -25353.690013   2417.784472   7743.347926    -16.507100  6  5  5  40       
PG06 -15396.738339  -3631.870611 -21291.396421   -301.996304  7  4  2  97       
PG07   -630.465575 -19493.280234  18118.941335   -325.485838  3     3  59       
PG08  10027.488044 -13147.525689  20737.600670    -40.700711  5  1  2  88       
PG09  -7208.148180 -25255.892119  -3946.104852   -252.295495  4  2  4  72       
PG10  20650.284797  11714.896442  12239.674026   -397.452516  9  6  8  67       
PG11  12090.552487 -21618.901105   9526.834419   -223.314700  4  4  2  66       
PG12 -10966.045252  12105.359903 -21146.665613     94.707370  8  4  4  90       
PG13 -14370.698260   4391.358032  21780.083018     26.069555  4  3  2  70       
PG14  16136.133372  11498.177420 -17423.971265      0.769446  7  3  4  75       
PG15  -8966.897077  14824.818229  19716.929066   -218.080042  3  3  3  82       
PG16  24540.871223  -1136.865067  10430.105174   -181.770185  9  1  7  89       
PG17 -14094.802581 -19253.367194 -11291.473858    294.740689  6  3  4  74       
PG18   -120.692275  19489.261927  18018.574894    244.277501  6  4  6  67       
PG19 -15700.248598 -12383.881607 -17804.022897   -133.073641  7  3  6  75       
PG20  10402.639683  14643.933967  19554.245740    527.303772  4     6  79       
PG21  13868.023005   7553.178485  22113.784699     22.741176  5     4  85       
PG22  17491.486389 -11032.061989 -16381.405445   -772.555930  5  4  2  42       
PG24 -14245.325713  22132.470912  -1581.890316    -15.550870  5  2  6  62       
PG25   1030.404683  15458.995367 -21833.738763     22.461669  4  5  5  63       
PG26  26089.446639   4989.562159  -2570.702095    241.952335  8  4  2  60       
PG27  15183.791903  -1201.212838  21649.027862   -343.901897  6  2  1  90       
PG28 -20297.135730 -13094.214917  11451.968170    700.287256  3  2  5  63       
PG29   2262.827011  25227.866431  -7976.420554   -148.578476  6  5  4   4       
PG30 -10058.639811 -12281.890982  21324.990468   -260.464468  3  4  2  46       
PG31  17025.346069   2183.882546 -20423.088400    -55.099685  4  4  5  67       
PG32  15994.864195  17574.449223 -11931.758796    315.708984  4  3  2  62       
*  2020  7 12 12  0  0.00000000
PG01  14516.093752 -21988.442689  -1444.342690     24.539997  4  2  1  66       
PG02 -18470.605430   8009.826832 -16664.184304   -486.105748  7  4  4  88       
PG03  12330.120770 -12665.615251 -19862.627607   -237.387510  6  4  5  89       
PG04   3379.812922 -20834.849154 -16089.785516   -113.800002  5  7  5  72       
PG05 -26073.001452   2100.154777   5040.451128    -16.508028  6  5  5  39       
PG06 -13940.055164  -5631.037473 -21847.725472   -302.001012  7  5  2  93       
PG07    700.715850 -20914.685846  16375.943931   -325.493625  3     3  68       
PG08  11071.488079 -10967.825249  21483.811556    -40.702727  5  2     88       
PG09  -6715.030191 -24813.489477  -6698.763335   -252.301413  5  2  4  62       
PG10  19133.065363  11706.706145  14498.051681   -397.462163  8  5  7  63       
PG11  12184.485651 -20293.390751  11877.732123   -223.305058  5  4  4  72       
PG12 -13220.219596  11588.973556 -20096.329359     94.703045  8  3  4  79       
PG13 -15046.434877   1973.656295  21686.136233     26.072754  5  3  1  67       
PG14  16594.106121  13394.204185 -15596.254925      0.771864  6  2  4  68       
PG15 -10233.769861  12798.994803  20524.722131   -218.077633  3  4  3  63       
PG16  25542.137572   -758.323185   7824.334775   -181.774564  9  2  7  79       
PG17 -14333.601647 -20438.875388  -8712.018352    294.745762  6  4  3  64       
PG18  -1459.389593  20933.507623  16252.088783    244.286066  7  3  7  48       
PG19 -16140.188680 -14207.300796 -15920.961029   -133.068928  7  2  6  87       
PG20   8093.347810  14777.188286  20498.382268    527.303421  4     6  62       
PG21  12583.369699   9547.013803  22137.375456     22.745535  6  2  4  60       
PG22  19293.195242 -10725.028924 -14461.665095   -772.553633  4  4  2  70       
PG24 -14540.798699  21935.626217   1245.168665    -15.551429  5  2  5  75       
PG25  -1405.928364  15162.935521 -21998.887510     22.465478  4  5  5  84       
PG26  25620.751148   5224.007534  -5336.619489    241.958452  7  5  1  62       
PG27  16117.138950   1076.818954  21004.576955   -343.910519  6  2  2  88       
PG28 -18926.848806 -12966.156785  13832.180455    700.283994  4  2  5  62       
PG29   1757.930978  24284.901345 -10613.006461   -148.586370  6  6  4  55       
PG30  -8495.529242 -14121.496996  20840.182806   -260.471410  2  4  2  70       
PG31  15595.926745   4070.672298 -21220.749237    -55.101833  3  4  5  62       
PG32  16279.260376  18793.745338  -9463.531365    315.714593  4  2  1  73       
*  2020  7 12 12 15  0.00000000
PG01  14687.876010 -21841.874347   1470.940827     24.543989  4     1  66       
PG02 -17582.203891   6079.650038 -18303.014701   -486.110588  7  4  4  84       
PG03  14502.394615 -12424.507885 -18486.392572   -237.398022  5  4  6  81       
PG04   4348.401156 -19138.560235 -17867.805243   -113.804209  5  6  5  74       
PG05 -26497.704064   1830.863850   2251.545714    -16.509120  6  5  5  91       
PG06 -12572.299733  -7742.618875 -22026.462865   -302.005751  7  5  3  91       
PG07   1843.028553 -22228.748063  14351.547602   -325.501265  3     3  65       
PG08  12258.205756  -8792.543435  21859.560708    -40.704469  5  2     82       
PG09  -6060.868899 -24125.855900  -9336.188565   -252.307272  5  2  4  76       
PG10  17377.251792  11765.603348  16511.029836   -397.471828  7  6  7  57       
PG11  12309.755283 -18716.900720  14022.387564   -223.295093  6  4  4  68       
PG12 -15365.573649  11215.080695 -18705.620703     94.698708  7  4  4  90       
PG13 -15838.154168   -373.472640  21215.163471     26.075535  6  4  2  72       
PG14  17066.563485  15052.266839 -13495.831533      0.774500  6  2  4  30       
PG15 -11628.520982  10775.125514  20967.311181   -218.075218  4  4  2  61       
PG16  26264.142543   -483.453139   5086.331234   -181.779040  9  2  6  78       
PG17 -14520.000561 -21327.398429  -5980.541617    294.751080  6  3  2  80       
PG18  -2596.466809  22269.101590  14205.346069    244.294705  7  2  6  70       
PG19 -16601.554618 -15793.091433 -13769.852751   -133.064148  7  1  5  67       
PG20   5704.255823  15027.469228  21088.753140    527.303320  5     5  70       
PG21  11416.156568  11589.831669  21806.032131     22.749720  6  3  3  76       
PG22  20874.090502 -10498.044347 -12288.187260   -772.551046  4  4  2  65       
PG24 -14685.335092  21474.827709   4050.253991    -15.553212  6  2  5  75       
PG25  -3854.916515  14997.630381 -21793.706731     22.469228  5  5  5  70       
PG26  24858.790778   5473.060967  -8011.983075    241.964516  7  5  2  72       
PG27  17130.304759   3212.898670  19996.127946   -343.919113  6  2  3  97       
PG28 -17305.550007 -12872.776098  15980.425546    700.281140  5  2  5  56       
PG29   1090.781873  23105.009120 -13066.955763   -148.593719  6  6  4  66       
PG30  -7065.519620 -15975.513765  19997.131132   -260.478340  2  4  2  74       
PG31  14224.276803   6089.602885 -21656.854111    -55.103993  2  4  5  64       
PG32  16496.788603  19738.661765  -6833.220300    315.720197  4  3     32       
*  2020  7 12 12 30  0.00000000
PG01  14701.573199 -21416.547215   4360.310869     24.547976  5     2  80       
PG02 -16717.001967   3950.012423 -19609.883530   -486.115636  7  4  4  89       
PG03  16511.866158 -12298.081706 -16792.715585   -237.408484  3  4  6  53       
PG04   5490.778136 -17332.908883 -19337.704057   -113.808377  6  6  6  30       
PG05 -26619.248628   1574.127368   -575.712763    -16.509709  6  5  5  99       
PG06 -11323.244548  -9925.464039 -21824.375423   -302.010524  6  5  3 104       
PG07   2798.543024 -23391.684970  12079.169314   -325.509308  3  1  3  71       
PG08  13569.095247  -6667.737988  21859.159408    -40.705736  6  2     85       
PG09  -5224.033311 -23224.725804 -11813.108794   -252.313146  6  2  5  40       
PG10  15415.554812  11919.936476  18244.369192   -397.481343  6  6  7  58       
PG11  12494.782029 -16914.040636  15922.077926   -223.285711  6  4  5  84       
PG12 -17356.435950  10970.636937 -16997.313171     94.693981  7  4  3  96       
PG13 -16723.562941  -2605.498336  20375.732493     26.078428  6  4  2  84       
PG14  17515.897913  16452.135016 -11160.399975      0.777061  5  2  3  71       
PG15 -13129.724306   8796.434012  21037.747777   -218.073023  5  4  1  61       
PG16  26687.992278   -277.803964   2262.665148   -181.783389  9  2  6  69       
PG17 -14613.752400 -21918.630346  -3145.212878    294.756166  5  3  2  67       
PG18  -3534.333296  23452.349435  11913.617938    244.303254  6  1  6  61       
PG19 -17045.242466 -17120.422809 -11386.333794   -133.059932  7  3  4  70       
PG20   3281.792642  15398.444916  21314.440299    527.303585  4  1  5  78       
PG21  10384.111176  13641.244386  21125.492141     22.754095  6  3  2  80       
PG22  22204.916924 -10323.376824  -9899.345460   -772.549231  3  4  2  45       
PG24 -14711.994864  20737.806705   6783.767777    -15.554326  6  2  4  75       
PG25  -6268.480212  14963.081777 -21220.815934     22.473063  5  5  5  85       
PG26  23817.351303   5771.189549 -10551.373404    241.970600  6  5  3  82       
PG27  18189.983875   5171.027545  18642.248457   -343.927723  6  2  3  93       
PG28 -15462.009696 -12847.645331  17862.280303    700.277419  5  2  4  50       
PG29    241.381601  21726.348242 -15296.186243   -148.601826  6  6  3  65       
PG30  -5785.903903 -17800.856144  18809.680048   -260.485248  2  4  2  42       
PG31  12942.047363   8204.875352 -21722.663231    -55.106387  2  4  6  82       
PG32  16608.960487  20408.851470  -4086.035826    315.725825  3  3     23       
*  2020  7 12 12 45  0.00000000
PG01  14593.904965 -20698.830390   7172.724836     24.551998  5     3  76       
PG02 -15909.947446   1655.529328 -20559.944325   -486.120891  7  4  4  83       
PG03  18318.700976 -12263.691376 -14810.331104   -237.418949  2  5  6  56       
PG04   6803.499818 -15463.977233 -20474.198322   -113.812577  6  6  6  62       
PG05 -26437.639115   1293.417129  -3393.199995    -16.510703  7  5  5  75       
PG06 -10215.452032 -12134.039698 -21244.841249   -302.015353  6  5  4  94       
PG07   3577.147537 -24362.236780   9596.927446   -325.517093  4  2  2  74       
PG08  14978.283559  -4635.737389  21483.399595    -40.706204  6  3  2  85       
PG09  -4189.742257 -22146.961186 -14087.063906   -252.319031  5  3  5  82       
PG10  13286.591873  12192.101006  19668.445095   -397.491036  6  6  6  64       
PG11  12763.524678 -14916.266775  17541.984642   -223.276125  6  4  5  80       
PG12 -19151.053665  10835.188932 -14999.633010     94.689397  7  4  2  93       
PG13 -17673.688703  -4682.854905  19182.839793     26.081681  7  4  3  72       
PG14  17902.839108  17582.292676  -8631.463631      0.779594  5  2  2  56       
PG15 -14709.349093   6902.190316  20735.907182   -218.070851  6  4  2  67       
PG16  26803.149117   -104.090639   -598.998337   -181.787851  8  3  5  56       
PG17 -14576.441650 -22221.494873   -255.526727    294.761449  5  4  2  39       
PG18  -4283.537101  24442.395200   9416.415721    244.311842  5  2  6  81       
PG19 -17430.043746 -18176.777553  -8810.090981   -133.055172  7  3  4  88       
PG20    872.967203  15886.069376  21170.829890    527.303454  4  2  4  75       
PG21   9497.693254  15658.740286  20106.679582     22.758086  6  4  3  82       
PG22  23263.821138 -10169.292940  -7337.252856   -772.546626  3  4  2  41       
PG24 -14656.588463  19720.729641   9397.238434    -15.555300  6  2  4  75       
PG25  -8599.287958  15051.294039 -20288.944538     22.476895  6  5  6  67       
PG26  22518.011018   6149.889023 -12911.622984    241.976706  6  5  4  75       
PG27  19258.136965   6922.435852  16967.358257   -343.936336  6  3  3  88       
PG28 -13431.323082 -12919.155952  19447.995430    700.273966  5  2  4  68       
PG29   -802.608934  20191.738131 -17262.531520   -148.609796  6  6  3  64       
PG30  -4666.353527 -19552.919129  17297.672091   -260.492170  2  4  2  70       
PG31  11774.821402  10375.424301 -21415.686186    -55.108653  2  4  6  62       
PG32  16579.127680  20812.430542  -1269.051665    315.731440  3  4     24       
*  2020  7 12 13  0  0.00000000
PG01  14404.521100 -19684.229060   9858.306729     24.556008  6  2  3  70       
PG02 -15190.564589   -762.364043 -21135.077635   -486.126087  7  4  4  82       
PG03  19888.969423 -12292.654794 -12573.009273   -237.429403  2  5  6  82       
PG04   8274.880360 -13577.668447 -21257.771171   -113.816697  6  5  6  77       
PG05 -25961.384827    953.048575  -6153.115479    -16.511688  7  5  5  51       
PG06  -9263.504344 -14320.029351 -20297.798692   -302.020054  6  4  4 109       
PG07   4196.040218 -25103.291181   6947.060666   -325.524777  4  2  2  74       
PG08  16453.491360  -2733.698354  20739.486645    -40.707252  6  3  2  88       
PG09  -2950.828419 -20933.115162 -16119.125009   -252.324925  5  3  5  78       
PG10  11033.589156  12597.560313  20758.742583   -397.500690  5  6  6  90       
PG11  13134.333362 -12760.878695  18851.937752   -223.266687  6  4  5  90       
PG12 -20713.055102  10781.740665 -12745.853421     94.685023  6  4  2  71       
PG13 -18654.003916  -6572.269872  17657.614791     26.084409  7  4  3  80       
PG14  18188.096451  18440.128855  -5953.528181      0.781915  5  2  2  83       
PG15 -16333.787900   5126.330234  20068.410373   -218.068432  6  4  3  62       
PG16  26607.753016     76.207000  -3450.656464   -181.792228  8  3  5  55       
PG17 -14373.108105 -22253.572151   2638.592017    294.766801  4  4  3  77       
PG18  -4862.154994  25202.784777   6756.805941    244.320394  5  3  5  67       
PG19 -17714.293386 -18958.307674  -6084.269176   -133.050684  6  4  3  76       
PG20  -1476.259941  16478.664839  20659.742078    527.303443  4  2  3  70       
PG21   8759.839156  17599.042489  18765.566247     22.762215  6  5  3  90       
PG22  24037.064355 -10001.492006  -4646.966920   -772.544562  4  4  2  58       
PG24 -14556.083616  18428.520842  11844.256631    -15.556065  6  2  4  58       
PG25 -10802.356494  15246.572526 -19012.856472     22.480701  7  5  6  61       
PG26  20989.405092   6636.303607 -15052.523363    241.982777  5  5  4  64       
PG27  20293.479900   8446.446254  15001.233773   -343.944955  7  3  3  88       
PG28 -11253.704479 -13109.422378  20712.833704    700.270682  5  2  4  63       
PG29  -2045.209715  18547.046196 -18932.384338   -148.617538  6  6  3  54       
PG30  -3708.686705 -21187.189491  15486.648109   -260.499102  1  4  2  62       
PG31  10741.184831  12556.285722 -20739.816566    -55.110935  2  4  6  44       
PG32  16374.017969  20965.502581   1569.591758    315.737047  3  4     71       
*  2020  7 12 13 15  0.00000000
PG01  14174.265055 -18377.744112  12369.310386     24.559948  6  3  3  73       
PG02 -14581.705671  -3256.890681 -21324.335796   -486.131274  6  4  5 107       
PG03  21195.818262 -12351.476844 -10118.998883   -237.439848  3  5  5  62       
PG04   9885.279450 -11718.043079 -21675.004805   -113.820874  6  5  6  82       
PG05 -25207.146666    519.728219  -8808.759289    -16.512167  7  5  4  82       
PG06  -8473.555162 -16434.050523 -18999.578255   -302.024787  6  4  4 105       
PG07   4678.918452 -25583.387689   4175.241227   -325.532543  4  3  2  74       
PG08  17957.204453   -992.377808  19640.865591    -40.708450  6  3  2  88       
PG09  -1508.207893 -19625.869746 -17874.550325   -252.330800  4  3  5  81       
PG10   8702.914776  13144.132810  21496.277547   -397.510245  3  6  6  81       
PG11  13619.020988 -10489.766743  19827.095116   -223.256967  6  4  5  90       
PG12 -22012.730755  10777.885953 -10273.798072     94.680449  6  4  2  93       
PG13 -19625.777092  -8247.839661  15826.915333     26.087165  7  4  4  86       
PG14  18333.989442  19031.785391  -3173.271431      0.784399  5  2  2  50       
PG15 -17965.112698   3496.316630  19048.406910   -218.066207  7  4  3  79       
PG16  26108.636504    301.216098  -6244.711777   -181.796540  7  3  5  63       
PG17 -13973.716894 -22040.211557   5487.655610    294.771621  3  3  3  74       
PG18  -5294.888973  25702.871851   3980.662538    244.329005  6  5  5  70       
PG19 -17857.562505 -19469.876296  -3254.809942   -133.046441  6  4  2  47       
PG20  -3722.571368  17157.318389  19789.445302    527.303506  4  3  3  93       
PG21   8165.961201  19419.502027  17122.991999     22.766341  5  4  3  90       
PG22  24519.417659  -9784.643817  -1875.646142   -772.542370  5  4  3  83       
PG24 -14446.967030  16874.835839  14081.376215    -15.556672  6  2  4  78       
PG25 -12836.580862  15526.125212 -17413.181411     22.484457  7  5  6  92       
PG26  19266.235744   7252.012129 -16937.489228    241.988872  5  5  5  69       
PG27  21253.094999   9731.016721  12778.432693   -343.953583  7  3  3  80       
PG28  -8973.128147 -13433.436452  21637.330499    700.267357  5  1  3  75       
PG29  -3481.786635  16839.473841 -20277.258728   -148.625488  6  6  3  72       
PG30  -2906.948723 -22660.875744  13407.442072   -260.506052  2  3  2  61       
PG31   9852.067927  14700.139430 -19705.360451    -55.112998  2  4  6  68       
PG32  15965.145780  20891.391428   4381.493618    315.742681  3  4  2  50       
*  2020  7 12 13 30  0.00000000
PG01  13943.387173 -16793.852565  14661.050255     24.563985  6  4  4  92       
PG02 -14098.603465  -5777.655193 -21124.210427   -486.136381  6  4  5  98       
PG03  22220.381745 -12403.274929  -7490.386826   -237.450259  4  5  5  64       
PG04  11607.705483  -9925.739171 -21718.806225   -113.825042  6  4  6  83       
PG05 -24199.093291    -35.996224 -11315.282748    -16.513374  6  5  4  86       
PG06  -7843.220978 -18427.423375 -17372.620064   -302.029491  6  4  4 111       
PG07   5054.890805 -25778.035154   1329.790538   -325.540335  4  3  2  73       
PG08  19448.049034    564.837344  18206.947058    -40.709040  6  3  3  80       
PG09    128.962541 -18268.408208 -19323.367097   -252.336510  3  4  5  93       
PG10   6342.495287  13831.573672  21867.936984   -397.519966  3  6  6  69       
PG11  14222.200194  -8147.955402  20448.533466   -223.247588  6  4  5  89       
PG12 -23028.082303  10787.168368  -7625.257179     94.676170  6  4  4  58       
PG13 -20547.595701  -9691.811932  13722.824161     26.090245  7  4  4  77       
PG14  18306.002253  19371.676815   -338.703303      0.787271  5  2  3  49       
PG15 -19562.502565   2032.284946  17695.230301   -218.064197  7  4  4  63       
PG16  25321.037338    607.071139  -8934.693695   -181.800761  7  4  5  29       
PG17 -13354.421791 -21613.374275   8243.438232    294.776810  2  3  4  58       
PG18  -5611.905266  25919.011447   1135.869593    244.337554  7  6  5  75       
PG19 -17822.333857 -19724.778578   -369.727761   -133.041448  5  4  2  55       
PG20  -5826.790809  17896.580518  18574.551444    527.303446  4  4  3  68       
PG21   7704.203306  21079.485091  15204.442493     22.770889  5  5  4  60       
PG22  24714.227260  -9483.964852    928.321855   -772.540014  5  4  3  67       
PG24 -14363.631894  15081.683787  16068.956941    -15.556601  7  2  4  86       
PG25 -14666.137865  15860.950148 -15516.149998     22.488302  7  6  6  91       
PG26  17388.063546   8012.026477 -18534.169974    241.994952  5  6  4  59       
PG27  22094.100709  10772.948849  10337.652460   -343.962227  7  4  4  80       
PG28  -6635.863731 -13898.493537  22207.481988    700.264238  4  2  3  88       
PG29  -5099.054105  15115.807332 -21274.262586   -148.633164  6  6  3  58       
PG30  -2247.803542 -23934.492923  11095.674710   -260.512990  2  3  2  89       
PG31   9110.388018  16758.970688 -18328.951711    -55.115248  3  4  6  70       
PG32  15330.044456  20619.613387   7118.796068    315.748286  3  5  2  70       
*  2020  7 12 13 45  0.00000000
PG01  13749.784750 -14956.105802  16692.775556     24.567966  6  5  4  79       
PG02 -13748.271694  -8272.532873 -20538.711444   -486.141548  6  4  5  94       
PG03  22952.395405 -12409.351548  -4732.383703   -237.460704  5  6  5  72       
PG04  13408.711464  -8236.536659 -21388.522953   -113.829172  6  4  6  93       
PG05 -22967.992619   -738.436000 -13630.403424    -16.514233  6  4  3  64       
PG06  -7361.815874 -20253.921767 -15445.081742   -302.034198  6  4  4  80       
PG07   5357.150080 -25670.781424  -1539.190643   -325.548151  4  4  2  43       
PG08  20882.317062   1922.609771  16462.740316    -40.710480  6  3  3  78       
PG09   1943.446260 -16902.784452 -20440.870679   -252.342377  3  4  5  86       
PG10   4000.172248  14651.469240  21866.731829   -397.529471  2  5  5  85       
PG11  14940.922944  -5781.999203  20703.729055   -223.237863  6  4  5  80       
PG12 -23745.596073  10770.620058  -4845.321422     94.671665  6  4  5  57       
PG13 -21376.999601 -10895.047203  11382.057795     26.093152  7  4  4  59       
PG14  18074.204034  19481.709698   2501.667648      0.789653  6  2  4  20       
PG15 -21083.780539    746.501465  16033.940563   -218.061657  7  4  4  75       
PG16  24268.022574   1026.398233 -11475.952533   -181.804896  6  4  4  59       
PG17 -12498.579354 -21010.257455  10859.746826    294.782024  2  4  4  71       
PG18  -5847.461975  25835.494439  -1728.511144    244.346073  8  7  6  59       
PG19 -17575.596354 -19744.146740   2521.668457   -133.037025  5  4  2  67       
PG20  -7755.224369  18665.440503  17035.790943    527.303533  5  4  3  96       
PG21   7355.948438  22541.713602  13039.780799     22.775169  4  4  4  57       
PG22  24633.151181  -9066.767766   3716.201532   -772.537709  5  4  4  70       
PG24 -14336.861317  13078.713652  17771.927452    -15.556985  7  1  4  96       
PG25 -16261.709254  16216.980722 -13353.231535     22.492015  7  6  5  87       
PG26  15397.923180   8924.041062 -19814.999523    242.001050  6  6  4  90       
PG27  22775.315503  11577.760408   7721.036506   -343.970881  6  5  4  72       
PG28  -4288.955212 -14503.902563  22414.866255    700.260825  3  3  4  74       
PG29  -6875.414729  13420.700275 -21906.473850   -148.640920  6  6  3  59       
PG30  -1711.223546 -24973.339285   8591.152777   -260.519938  3  3  3  71       
PG31   8511.013319  18685.788731 -16633.348969    -55.117506  3  4  6  70       
PG32  14453.274757  20184.629253   9734.972732    315.753919  3  5  3  67       
*  2020  7 12 14  0  0.00000000
PG01  13627.345591 -12896.360156  18428.464960     24.571979  6  5  4  78       
PG02 -13529.282128 -10689.635384 -19579.254743   -486.146510  5  4  4  98       
PG03  23390.487006 -12330.852747  -1892.547183   -237.471174  6  6  5  86       
PG04  15249.549188  -6680.120885 -20689.947268   -113.833301  7  4  6  86       
PG05 -21550.073447  -1605.658806 -15715.075917    -16.514939  6  4  1  92       
PG06  -7010.920094 -21871.438419 -13250.343725   -302.038899  5  3  4 106       
PG07   5621.458696 -25253.982447  -4380.760561   -325.556108  4  4  3  69       
PG08  22215.583411   3074.018943  14438.401774    -40.712201  6  3  4  69       
PG09   3910.399485 -15568.351515 -21208.033440   -252.348298  3  4  5  83       
PG10   1722.058526  15587.451207  21491.956385   -397.539136  2  4  5  95       
PG11  15764.646926  -3438.297415  20586.907753   -223.228389  6  4  5  78       
PG12 -24160.706584  10688.422544  -1981.641234     94.666850  6  4  5  53       
PG13 -22072.160049 -11857.145173   8845.300537     26.096348  6  5  4  55       
PG14  17614.484011  19390.239032   5299.646968      0.792202  6  2  4  71       
PG15 -22486.994726   -356.851794  14094.770760   -218.059488  7  4  5  70       
PG16  22979.646609   1586.934992 -13826.320629   -181.809056  5  5  4  77       
PG17 -11397.482555 -20271.757300  13293.129346    294.787511  3  4  4  82       
PG18  -6038.379811  25445.186535  -4563.092878    244.354617  8  7  6  70       
PG19 -17090.295903 -19556.056060   5369.598636   -133.032538  4  4  2  94       
PG20  -9480.790340  19428.541576  15199.669664    527.303047  5  5  4  88       
PG21   7096.567237  23773.518361  10662.928423     22.779244  4  4  4  76       
PG22  24295.582448  -8503.921351   6439.781387   -772.535342  5  4  4  55       
PG24 -14392.473542  10902.194286  19160.449428    -15.557407  7  2  4  88       
PG25 -17601.475861  16556.450207 -10960.674268     22.495828  7  6  5  94       
PG26  13340.813583   9987.963250 -20757.675526    242.007177  6  6  4  65       
PG27  23258.853807  12159.233346   4973.441647   -343.979541  6  5  4  75       
PG28  -1978.692162 -15240.983966  22256.701903    700.257460  3  3  4  88       
PG29  -8781.622760  11795.052796 -22163.215128   -148.648908  6  6  3  78       
PG30  -1271.451912 -25748.805236   5937.183252   -260.526931  4  3  2  84       
PG31   8041.055488  20436.335364 -14647.111565    -55.119797  4  4  6  44       
PG32  13327.172531  19624.424119  12185.591018    315.759538  3  5  3  67       
*  2020  7 12 14 15  0.00000000
PG01  13604.467420 -10653.671421  19837.521175     24.576008  5  5  4  79       
PG02 -13431.926801 -12979.260211 -18264.364190   -486.151494  5  4  4 100       
PG03  23542.131613 -12130.447095    980.043665   -237.481580  6  6  6  45       
PG04  17087.537280  -5279.092070 -19635.209345   -113.837492  7  4  6  94       
PG05 -19985.699291  -2648.623378 -17534.110542    -16.515485  6  4     73       
PG06  -6765.259327 -23243.499141 -10826.421106   -302.043596  5  4  4  95       
PG07   5884.508398 -24529.229749  -7144.122293   -325.563814  4  4  2  81       
PG08  23404.354010   4020.606151  12168.707842    -40.712904  6  4  4  53       
PG09   5998.137832 -14300.308698 -21611.817708   -252.354171  3  4  5  89       
PG10   -449.045108  16615.726187  20749.249181   -397.548806  3  3  6  84       
PG11  16675.537863  -1161.400283  20099.247881   -223.218775  6  5  5  82       
PG12 -24277.927071  10501.626089    916.378475     94.662613  6  4  6  52       
PG13 -22593.538353 -12586.234586   6156.477306     26.099134  6  4  4  80       
PG14  16909.559327  19130.807377   8008.134350      0.794718  6  2  5  64       
PG15 -23731.979349  -1281.565965  11912.495475   -218.057402  7  4  5  85       
PG16  21491.873662   2310.332583 -15946.735854   -181.813480  5  5  3  80       
PG17 -10050.794055 -19440.831497  15503.514545    294.792838  2  4  4  95       
PG18  -6222.416519  24749.846834  -7319.021230    244.363206  8  8  7  56       
PG19 -16346.583084 -19194.360670   8124.667526   -133.027836  3  4  2 101       
PG20 -10983.891150  20147.588337  13098.012250    527.303035  5  5  4  69       
PG21   6896.390613  24747.964570   8111.490419     22.783223  4  4  5  66       
PG22  23727.786408  -7771.163103   9052.219432   -772.533126  5  4  4  37       
PG24 -14550.187098   8593.732359  20210.467165    -15.557555  7     4  70       
PG25 -18671.840832  16839.427411  -8378.950315     22.499647  6  6  5  91       
PG26  11262.117409  11195.744885 -21345.559572    242.013310  6  6  4  72       
PG27  23511.595806  12538.659904   2141.679403   -343.988237  6  5  5  60       
PG28    250.879186 -16093.351583  21735.847798    700.254206  2  4  4  74       
PG29 -10781.745895  10274.548447 -22040.223290   -148.656504  6  6  4  84       
PG30   -898.200550 -26239.460763   3179.814184   -260.533937  4  3  2  81       
PG31   7680.484949  21970.714808 -12404.154818    -55.122194  4  4  5  53       
PG32  11952.308218  18978.968699  14429.037580    315.765169  3  5  4  83       
*  2020  7 12 14 30  0.00000000
PG01  13702.817453  -8272.900366  20895.348069     24.580038  5  6  3  89       
PG02 -13438.753361 -15095.733142 -16619.201634   -486.156500  4  4  4  97       
PG03  23423.270927 -11773.958284   3835.648319   -237.492015  6  6  6  36       
PG04  18877.590502  -4048.257952 -18242.561598   -113.841675  7  4  6  97       
PG05 -18317.902833  -3870.582475 -19056.732762    -16.516526  6  4     83       
PG06  -6593.859240 -24340.567013  -8215.292967   -302.048273  4  4  4  72       
PG07   6182.224555 -23507.409735  -9779.632400   -325.571678  4  4  3  92       
PG08  24407.683887   4772.099173   9692.461583    -40.714292  6  4  4           
PG09   8169.167769 -13128.422010 -21645.388420   -252.360086  4  5  4  90       
PG10  -2475.113689  17705.904526  19650.551021   -397.558441  3  2  6  76       
PG11  17649.100442   1007.617658  19248.923804   -223.208918  6  5  5  45       
PG12 -24110.636155  10173.859820   3798.435665     94.658090  5  5  7  51       
PG13 -22905.459936 -13098.438539   3361.979560     26.101718  5  4  4  79       
PG14  15949.723386  18740.718460  10581.861312      0.797466  6  2  5   8       
PG15 -24781.834794  -2038.981796   9525.739425   -218.054829  7  4  5  82       
PG16  19845.302124   3211.180461 -17801.823105   -181.817461  4  6  3  76       
PG17  -8466.670493 -18560.822140  17454.779739    294.797736  2  4  4  93       
PG18  -6436.609264  23760.113640  -9948.821088    244.371810  8  8  7  61       
PG19 -15332.803999 -18697.299553  10738.739056   -133.023174  3  5  3 100       
PG20 -12252.991180  20782.890106  10767.399628    527.302989  5  6  4  84       
PG21   6721.882301  25444.810964   5426.319122     22.787174  4  4  4   2       
PG22  22961.790691  -6850.213861  11508.846649   -772.530734  4  4  4  55       
PG24 -14822.753610   6198.783691  20904.130731    -15.557673  7  1  4  80       
PG25 -19467.849221  17025.466988  -5652.109776     22.503533  7  6  5  82       
PG26   9206.007923  12531.524203 -21567.990613    242.019466  6  5  4  76       
PG27  23506.478960  12743.819677   -726.256826   -343.996961  6  5  5  64       
PG28   2359.359490 -17037.467114  20860.746451    700.250993  2  4  5  85       
PG29 -12834.388844   8888.403564 -21539.712116   -148.664522  6  6  4  82       
PG30   -558.036215 -26431.875883    367.016132   -260.540912  4  3  2  67       
PG31   7403.049154  23254.876935  -9943.188396    -55.124191  3  5  5  51       
PG32  10337.641378  18288.619867  16427.197017    315.770757  3  5  4  74       
*  2020  7 12 14 45  0.00000000
PG01  13936.385180  -5803.089410  21583.796840     24.584058  4  6  2  84       
PG02 -13525.442263 -16999.060495 -14674.945553   -486.161787  4  4  4  77       
PG03  23057.610544 -11231.885670   6624.743053   -237.502422  6  6  6  50       
PG04  20573.851550  -2994.235767 -16536.058322   -113.845864  7  4  6  80       
PG05 -16590.833885  -5266.776149 -20257.076797    -16.516978  6  4  1  94       
PG06  -6461.428783 -25141.085821  -5462.161841   -302.052946  3  4  4  90       
PG07   6548.090120 -22208.385095 -12239.805140   -325.579437  3  3  3  88       
PG08  25188.705833   5345.829850   7051.842845    -40.716882  6  5  5  40       
PG09  10381.444173 -12075.965900 -21308.222727   -252.365905  4  5  4  81       
PG10  -4324.186022  18822.100756  18213.957275   -397.568086  4  3  6  93       
PG11  18655.113863   3032.642992  18050.984010   -223.199568  6  5  5  64       
PG12 -23680.523833   9672.963349   6614.225481     94.653897  5  5  7  67       
PG13 -22977.543656 -13417.039489    509.858822     26.104742  5  5  4  69       
PG14  14733.312766  18259.500688  12978.078945      0.800004  5  3  6  38       
PG15 -25604.271459  -2647.279414   6976.243931   -218.052657  7  4  5  94       
PG16  18083.734106   4296.287198 -19360.429408   -181.821739  3  6  2  72       
PG17  -6661.579905 -17673.799010  19115.244875    294.803189  2  4  4  79       
PG18  -6715.650399  22495.158264 -12407.217755    244.380385  8  9  7  64       
PG19 -14046.188989 -18105.923691  13165.812730   -133.018489  2  5  3  82       
PG20 -13284.876285  21294.977589   8248.511257    527.303087  6  6  4  82       
PG21   6536.980178  25851.266076   2651.011336     22.791275  4  4  4  23       
PG22  22034.075188  -5729.653038  13767.914975   -772.528647  3  3  4  79       
PG24 -15215.393230   3765.022129  21230.085106    -15.558286  7  2  4  84       
PG25 -19993.281824  17075.311298  -2827.051216     22.507470  7  6  5  87       
PG26   7213.902647  13972.076147 -21420.504567    242.025596  5  5  5  92       
PG27  23223.566516  12807.729053  -3581.967749   -344.005682  5  5  5  51       
PG28   4311.271673 -18043.448820  19645.312236    700.247605  2  5  5  74       
PG29 -14894.132430   7658.375577 -20670.327699   -148.672287  5  5  4  89       
PG30   -215.899066 -26321.139250  -2452.179845   -260.547890  5  3  2  81       
PG31   7177.460201  24261.890225  -7307.045319    -55.126644  3  5  5  70       
PG32   8500.364426  17592.519962  18146.074592    315.776401  3  5  4  92       
*  2020  7 12 15  0  0.00000000
PG01  14310.867524  -3295.680521  21891.472187     24.588042  4  6  2  67       
PG02 -13661.977854 -18656.320169 -12468.044300   -486.166941  4  4  4  87       
PG03  22475.621894 -10480.750960   9298.900761   -237.512869  6  6  6  74       
PG04  22131.362727  -2115.377714 -14545.136470   -113.850067  7  4  5  85       
PG05 -14848.176636  -6824.427196 -21114.607349    -16.517349  5  4  2  87       
PG06  -6329.916766 -25632.222415  -2614.657264   -302.057636  3  4  5  84       
PG07   7011.565377 -20660.306693 -14480.283604   -325.587284  3  3  3  82       
PG08  25716.014175   5765.868609   4291.711752    -40.718041  6  5  5  70       
PG09  12589.806858 -11158.925702 -20606.115231   -252.371810  4  4  3  81       
PG10  -5971.426319  19924.267159  16463.462962   -397.577560  5  4  7  89       
PG11  19658.832155   4883.799082  16527.063843   -223.189629  6  5  5  61       
PG12 -23016.713703   8972.471726   9314.354402     94.649318  4  5  7  64       
PG13 -22785.932655 -13571.379342  -2350.997794     26.107469  4  4  4  23       
PG14  13266.881146  17727.317768  15157.190063      0.802362  5  3  6  66       
PG15 -26172.769786  -3130.517095   4308.107888   -218.050222  7  4  4  39       
PG16  16252.638267   5564.242983 -20596.108133   -181.826049  3  6  1  89       
PG17  -4659.824254 -16818.980091  20458.092601    294.808151  2  4  4  90       
PG18  -7090.360572  20982.020489 -14651.917890    244.388959  8  9  8  80       
PG19 -12493.204717 -17462.404328  15362.883943   -133.013642  2  5  3  97       
PG20 -14084.584144  21646.226579   5585.385328    527.302760  6  7  4  87       
PG21   6304.567871  25962.508738   -168.665143     22.795625  4  5  4  77       
PG22  20984.116046  -4405.523406  15791.278561   -772.526017  2  3  4  63       
PG24 -15725.553571   1340.635356  21183.622033    -15.559027  7  2  3  81       
PG25 -20260.413585  16952.576414     47.281371     22.511354  7  7  5  87       
PG26   5323.022142  15487.557515 -20904.954036    242.031787  5  5  6  85       
PG27  22650.856921  12767.211389  -6377.417321   -344.014391  5  5  5  73       
PG28   6077.168807 -19076.109578  18108.764405    700.244861  3  5  5  68       
PG29 -16913.133989   6598.066892 -19446.997767   -148.679982  5  5  4  95       
PG30    163.308245 -25911.052203  -5228.570189   -260.554882  5  3  2  94       
PG31   6968.805449  24972.948118  -4541.913027    -55.128831  3  5  5  57       
PG32   6465.440892  16927.054249  19556.354483    315.782029  2  5  4  91       
*  2020  7 12 15 15  0.00000000
PG01  14823.409978   -802.650694  21813.894030     24.592094  4  6  2  88       
PG02 -13814.052298 -20042.736344 -10039.373359   -486.172036  4  3  4  74       
PG03  21713.287778  -9504.215893  11811.655151   -237.523295  6  6  6  77       
PG04  23507.713346  -1402.021546 -12304.104987   -113.854141  7  4  5  90       
PG05 -13131.593052  -8523.040273 -21614.463865    -16.518432  5  4  3  94       
PG06  -6160.179385 -25810.279757    278.001544   -302.062334  3  3  5  88       
PG07   7596.676308 -18898.582564 -16460.749267   -325.595300  3  2  3  92       
PG08  25964.853717   6061.909738   1458.875583    -40.719872  6  5  5  33       
PG09  14747.542262 -10385.490413 -19551.079047   -252.377678  5  4  2  81       
PG10  -7399.916569  20969.712114  14428.601009   -397.587193  5  5  7  88       
PG11  20622.395473   6538.453299  14704.939699   -223.180306  6  5  5  77       
PG12 -22154.592632   8052.889998  11851.255184     94.645080  4  5  7  55       
PG13 -22314.281231 -13595.539508  -5171.696017     26.110831  4  5  4  52       
PG14  11565.078785  17183.383442  17083.321665      0.804871  5  3  6  92       
PG15 -26467.517810  -3517.462697   1567.018252   -218.047804  7  4  4  27       
PG16  14397.557566   7005.280801 -21487.547421   -181.830336  4  6     67       
PG17  -2492.788036 -16031.281755  21461.714961    294.812888  1  4  4  94       
PG18  -7586.319111  19254.651745 -16644.336646    244.397573  8 10  8  76       
PG19 -10689.547949 -16808.289154  17290.768899   -133.009328  1  5  4  95       
PG20 -14665.008478  21802.421782   2824.612435    527.302479  6  7  4  71       
PG21   5988.030949  25781.944844  -2985.417927     22.799498  4  6  4  82       
PG22  19852.841811  -2881.645608  17544.999379   -772.524197  2  3  4  82       
PG24 -16342.998237  -1027.381174  20766.695568    -15.559375  6  2  3  64       
PG25 -20289.440350  16625.353164   2920.761996     22.515126  7  7  5  96       
PG26   3565.109294  17042.522032 -20029.523240    242.038018  5  6  6  72       
PG27  21784.807551  12661.341498  -9065.685948   -344.023056  4  4  5  67       
PG28   7634.539288 -20096.193273  16275.403638    700.241321  4  5  5  73       
PG29 -18842.828926   5712.549796 -17890.677589   -148.688162  5  5  4  88       
PG30    613.126327 -25213.989077  -7913.674316   -260.561811  5  4  2 105       
PG31   6740.123677  25378.062884  -1696.481700    -55.131304  3  5  5  56       
PG32   4264.854382  16324.423784  20633.885831    315.787668  1  5  4 100       
*  2020  7 12 15 30  0.00000000
PG01  15462.710914   1625.356295  21353.514904     24.596069  4  6  2  85       
PG02 -13944.632461 -21142.400750  -7433.327485   -486.177201  4  3  5  93       
PG03  20810.641067  -8293.924705  14119.332165   -237.533650  6  6  6  54       
PG04  24664.599777   -837.055421  -9851.551689   -113.858299  8  4  4  67       
PG05 -11479.248606 -10334.995683 -21747.722137    -16.518872  5  4  4  95       
PG06  -5913.692196 -25680.765492   3165.868170   -302.066984  3  3  5  91       
PG07   8320.837095 -16964.547928 -18145.743016   -325.603034  3  2  4  80       
PG08  25918.071068   6267.949704  -1398.670914    -40.720407  6  4  5  81       
PG09  16808.011871  -9755.854463 -18161.144272   -252.383515  5  4  1  79       
PG10  -8601.146156  21914.746555  12143.976215   -397.596822  5  6  7  72       
PG11  21506.387659   7981.910461  12617.937951   -223.170542  6  5  5  65       
PG12 -21134.392154   6902.701102  14180.082302     94.640741  4  5  7  68       
PG13 -21554.462019 -13526.853441  -7904.153371     26.113820  4  5  4  80       
PG14   9650.245764  16664.435504  18724.834822      0.807377  4  3  6  88       
PG15 -26476.097251  -3840.267078  -1200.516681   -218.045435  6  3  4  43       
PG16  12562.515859   8601.444192 -22018.937443   -181.834459  3  7     58       
PG17   -197.941725 -15340.045502  22109.987809    294.818039  2  4  4  76       
PG18  -8222.705325  17352.703296 -18350.258523    244.406099  8 10  8  61       
PG19  -8659.773924 -16182.777484  18914.874118   -133.004576  2  5  4  73       
PG20 -15046.194114  21734.196170     14.480106    527.302750  6  7  4  73       
PG21   5552.845271  25321.179036  -5751.149003     22.803534  3  6  3  71       
PG22  18681.061621  -1169.634050  18999.870368   -772.521923  2  3  4  83       
PG24 -17050.216549  -3294.862628  19987.806091    -15.559727  6  3  3  14       
PG25 -20107.591991  16067.655648   5742.990406     22.518942  7  7  6  88       
PG26   1965.359225  18597.169673 -18808.634762    242.044425  5  6  6  63       
PG27  20630.556180  12529.821292 -11601.699469   -344.031721  3  4  5  64       
PG28   8968.478991 -21061.772755  14174.329915    700.238017  5  6  5  66       
PG29 -20635.669484   4998.325796 -16027.996562   -148.696046  4  5  4  74       
PG30   1164.005551 -24250.428565 -10460.618542   -260.568777  5  3  2  79       
PG31   6454.080676  25476.414179   1178.971537    -55.133461  2  5  4  79       
PG32   1936.594818  15811.386770  21360.089533    315.793306  1  5  4  98       
*  2020  7 12 15 45  0.00000000
PG01  16209.480017   3940.824628  20519.597438     24.600071  4  5  3  94       
PG02 -14015.615561 -21948.622178  -4696.878135   -486.182279  4  3  6  92       
PG03  19810.154794  -6850.036232  16181.832061   -237.544131  6  5  6  64       
PG04  25569.238392   -396.774038  -7229.677955   -113.862461  8  4  3  80       
PG05  -9924.473989 -12226.418529 -21511.568551    -16.519272  5  4  5  76       
PG06  -5554.238532 -25258.114643   5999.140640   -302.071569  4  3  5  70       
PG07   9193.961138 -14903.895109 -19505.373789   -325.610639  2  2  4  83       
PG08  25566.794049   6420.807929  -4232.521601    -40.721916  5  4  6  81       
PG09  18726.286382  -9262.335567 -16460.056907   -252.389401  5  4  1  75       
PG10  -9575.176540  22716.395497   9648.699738   -397.606443  6  7  7  74       
PG11  22271.468139   9207.763141  10304.217600   -223.160633  6  5  5  65       
PG12 -19999.577589   5519.061096  16259.566999     94.636305  3  5  7  64       
PG13 -20506.968625 -13404.309658 -10501.896028     26.116634  4  5  5  93       
PG14   7551.736044  16203.320961  20054.770013      0.810035  4  3  6  42       
PG15 -26193.899314  -4133.032403  -3947.919952   -218.043182  6  3  3  68       
PG16  10788.478151  10327.059938 -22180.270544   -181.838779  4  7     81       
PG17   2182.364381 -14767.981657  22392.474114    294.823561  2  4  4  62       
PG18  -9011.395923  15320.106464 -19740.420853    244.414668  7 10  8  73       
PG19  -6436.567714 -15621.086585  20205.890667   -132.999974  2  5  4  80       
PG20 -15254.352968  21418.286608  -2795.913203    527.302517  6  8  3  83       
PG21   4968.139240  24599.688298  -8417.742376     22.807363  2  6  4  61       
PG22  17507.924816    711.382874  20131.851441   -772.519552  2  3  4  88       
PG24 -17823.132456  -5421.980707  18861.760940    -15.560578  6  3  3  32       
PG25 -19747.963629  15260.654001   8464.225535     22.522680  6  6  6  71       
PG26    541.602732  20108.784827 -17262.746353    242.050613  5  6  7  63       
PG27  19201.833902  12411.345053 -13942.926365   -344.040376  3  4  5  60       
PG28  10072.105705 -21929.767318  11839.098761    700.234953  5  6  5  50       
PG29 -22246.835358   4443.620277 -13890.810924   -148.703881  4  5  4  82       
PG30   1841.896913 -23048.174822 -12824.989620   -260.575714  4  3  2  96       
PG31   6074.672544  25276.334598   4033.541107    -55.135696  2  5  4  59       
PG32   -476.582033  15408.215612  21722.279538    315.798993     5  4  95       
*  2020  7 12 16  0  0.00000000
PG01  17037.226475   6101.015564  19327.960099     24.604050  4  5  3  83       
PG02 -13989.499310 -22463.904171  -1878.624559   -486.187283  4  3  6  90       
PG03  18755.048038  -5181.423050  17963.346484   -237.554608  6  5  6  82       
PG04  26195.577421    -51.991949  -4483.572728   -113.866623  8  3  2  83       
PG05  -8494.612240 -14158.294062 -20909.382764    -16.519786  5  5  6  93       
PG06  -5049.507600 -24565.078594   8729.026265   -302.076094  4  4  5  84       
PG07  10217.900715 -12764.934020 -20515.895262   -325.618658  2  2  4  75       
PG08  24910.814478   6558.544777  -6994.641264    -40.723108  5  4  6  75       
PG09  20460.724292  -8889.803869 -14476.882698   -252.395267  5  4     78       
PG10 -10330.471252  23334.107561   6985.731538   -397.616094  6  7  8  73       
PG11  22880.003270  10217.887059   7805.950252   -223.151191  6  5  5  63       
PG12 -18795.110189   3908.148551  18052.811261     94.632015  3  5  7  63       
PG13 -19181.000397 -13266.906553 -12920.821827     26.119676  4  5  5  89       
PG14   5304.997535  15827.739573  21051.226410      0.812668  4  3  7 101       
PG15 -25624.261376  -4430.329708  -6629.275234   -218.040817  6  3  4  68       
PG16   9111.918739  12149.504169 -21967.567793   -181.843380  4  7  2  79       
PG17   4602.274787 -14330.363201  22304.557114    294.828756  3  4  4  90       
PG18  -9956.353676  13203.499751 -20791.010319    244.423273  7  9  8  84       
PG19  -4059.682785 -15152.979164  21140.394113   -132.995483  2  5  4  81       
PG20 -15320.642788  20838.554434  -5557.555333    527.302442  6  8  3  74       
PG21   4208.167406  23644.194677 -10937.912233     22.811455  2  7  4  41       
PG22  16369.468642   2735.324531  20922.415426   -772.517079  2  3  4  95       
PG24 -18632.078627  -7374.559781  17409.322459    -15.561187  6  3  3  58       
PG25 -19248.109822  14193.635888  11036.324019     22.526398  5  6  6  66       
PG26   -696.223042  21533.309658 -15418.038095    242.056787  5  7  7  60       
PG27  17520.573463  12342.012510 -16050.036159   -344.049016  3  4  5  65       
PG28  10946.697676 -22657.532884   9307.312599    700.231489  6  6  5  78       
PG29 -23635.851740   4029.000767 -11515.669465   -148.711696  3  5  4  90       
PG30   2667.025592 -21641.300098 -14965.639783   -260.582742  4  3  3  95       
PG31   5568.882814  24794.930864   6816.670723    -55.138011  2  5  4  81       
PG32  -2928.577424  15127.909268  21713.893133    315.804643  1  4  4  89       
*  2020  7 12 16 15  0.00000000
PG01  17913.339041   8069.406996  17800.602516     24.608032  4  5  3  61       
PG02 -13830.996107 -22699.567437    972.136441   -486.192610  5  3  6  86       
PG03  17687.575519  -3305.528649  19432.996360   -237.565102  6  5  6  76       
PG04  26525.261436    230.629927  -1660.438296   -113.870790  8  3  1  67       
PG05  -7210.094740 -16087.790966 -19950.725273    -16.520255  5  4  6  94       
PG06  -4372.539469 -23631.805594  11308.584147   -302.080745  4  4  5  69       
PG07  11386.239109 -10596.761631 -21160.136274   -325.626323  2  3  3  79       
PG08  23958.659992   6718.835138  -9638.143893    -40.724200  4  4  6  84       
PG09  21974.435480  -8616.405907 -12245.521723   -252.401119  5  4  1  85       
PG10 -10883.394868  23731.394016   4201.140756   -397.625734  7  8  8  75       
PG11  23297.623585  11022.087572   5168.424279   -223.141583  6  5  5  62       
PG12 -17565.654199   2085.149595  19528.000968     94.627401  3  5  6  73       
PG13 -17594.227783 -13152.021297 -15119.918738     26.122802  4  5  5  65       
PG14   2950.440453  15559.187397  21697.673878      0.815169  4  4  7  86       
PG15 -24778.325437  -4765.719759  -9200.025186   -218.038470  5  2  4  63       
PG16   7563.549336  14030.240425 -21383.025036   -181.847875  4  7  3  77       
PG17   7013.926245 -14034.495190  21847.503796    294.833869  3  4  4  71       
PG18 -11053.331019  11050.563380 -21484.064570    244.431831  6  9  7  81       
PG19  -1574.586257 -14801.516380  21701.333000   -132.991013  2  5  4  89       
PG20 -15279.760314  19986.729929  -8222.409609    527.302562  6  8  3  82       
PG21   3253.630809  22487.746184 -13266.098597     22.815686  2  7  4  57       
PG22  15297.306215   4869.978257  21358.802579   -772.514709  2  3  4  85       
PG24 -19442.991766  -9125.155484  15656.756313    -15.561262  6  4  4  53       
PG25 -18648.458098  12864.651896  13413.661665     22.530175  4  5  7  65       
PG26  -1746.293705  22826.992602 -13305.992395    242.062994  5  8  7  49       
PG27  15616.226955  12353.846033 -17887.512345   -344.057623  3  5  4  78       
PG28  11601.545401 -23204.474012   6620.144055    700.228307  6  7  5  81       
PG29 -24768.053655   3728.294990  -8943.200354   -148.719376  3  5  4  73       
PG30   3652.897727 -20068.852337 -16845.426535   -260.589705  4  3  3  73       
PG31   4908.221108  24057.356020   9479.125891    -55.140154  3  5  4  78       
PG32  -5371.503632  14975.691507  21334.625602    315.810282  1  4  4  90       
*  2020  7 12 16 30  0.00000000
PG01  18800.408842   9816.870274  15965.224122     24.612013  4  4  4  54       
PG02 -13508.527687 -22675.047683   3806.301258   -486.197631  5  4  7  92       
PG03  16647.369395  -1247.887584  20565.378160   -237.575587  6  5  6  84       
PG04  26548.311723    487.096657   1191.218894   -113.874911  8  3  3  71       
PG05  -6083.781953 -17969.746258 -18651.227120    -16.520859  5  4  6  77       
PG06  -3502.960514 -22494.649911  13693.530592   -302.085390  5  5  5  78       
PG07  12684.441580  -8447.422136 -21427.776449   -325.634230  2  3  3  63       
PG08  22727.351403   6937.357686 -12118.056610    -40.725718  3  4  6  79       
PG09  23236.574464  -8414.555736  -9804.141001   -252.406969  5  4  2  76       
PG10 -11257.398288  23877.330396   1343.296598   -397.635377  7  8  8  82       
PG11  23494.638819  11637.420316   2439.101582   -223.132200  6  5  5  65       
PG12 -16353.803909     73.876005  20659.020330     94.623288  4  4  6  77       
PG13 -15772.248297 -13093.853932 -17061.929095     26.126002  4  5  5  93       
PG14    532.132453  15412.135349  21983.196356      0.817890  4  4  7  88       
PG15 -23674.628275  -5170.329264 -11617.632942   -218.036107  5  3  4  78       
PG16   6167.255398  15926.098356 -20435.071363   -181.852023  3  7  3  76       
PG17   9369.018994 -13879.476939  21028.458612    294.838965  3  4  4  69       
PG18 -12289.900064   8908.325035 -21807.772696    244.440378  6  8  7  93       
PG19    969.135823 -14582.091832  21878.391184   -132.986587  3  6  5  77       
PG20 -15168.407893  18862.851655 -10744.277399    527.302090  6  8  3  61       
PG21   2092.780163  21168.528154 -15359.392223     22.819329  2  7  4  71       
PG22  14317.500745   7078.045885  21434.183567   -772.512408  2  3  4  69       
PG24 -20218.777612 -10653.859201  13635.294191    -15.561956  6  4  4  79       
PG25 -17990.607357  11280.813176  15554.015254     22.533897  4  4  7  75       
PG26  -2614.795507  23948.047832 -10962.871696    242.069145  5  8  6  66       
PG27  13524.816353  12473.464670 -19424.213434   -344.066261  3  5  3  75       
PG28  12053.514163 -23533.623701   3821.788792    700.225248  6  6  5  65       
PG29 -25615.841020   3509.773479  -6217.428516   -148.727358  2  5  4  70       
PG30   4805.580943 -18373.380806 -18431.872235   -260.596636  3  3  4  71       
PG31   4070.076279  23095.764025  11973.936716    -55.142374  3  5  4  83       
PG32  -7757.312683  14948.815493  20590.465607    315.815925  1  4  4  86       
*  2020  7 12 16 45  0.00000000
PG01  19657.737246  11322.543602  13854.651446     24.615958  4  4  3  72       
PG02 -12995.545770 -22416.910852   6575.794492   -486.202764  5  4  7 102       
PG03  15669.899480    958.672721  21341.008226   -237.586084  5  5  6  91       
PG04  26263.496741    754.488726   4022.418599   -113.879114  8  3  4  55       
PG05  -5120.595820 -19758.258767 -17032.380042    -16.521448  5  4  5  82       
PG06  -2427.961463 -21194.757015  15842.993682   -302.090006  5  6  5  87       
PG07  14090.354273  -6362.138279 -21315.464498   -325.641859  2  4  3  62       
PG08  21241.853176   7246.259588 -14392.058869    -40.726490  3  5  5  66       
PG09  24223.414168  -8252.155324  -7194.533696   -252.412880  5  4  3  71       
PG10 -11481.920956  23747.858174  -1537.995283   -397.645067  7  9  8  72       
PG11  23447.251565  12087.223977   -333.344587   -223.122193  5  4  4  76       
PG12 -15198.405465  -2093.970012  21425.952198     94.618883  5  4  6  74       
PG13 -13747.754166 -13122.004491 -18713.950938     26.129077  5  5  5  90       
PG14  -1903.635938  15393.470464  21902.665071      0.820228  4  5  7  99       
PG15 -22338.441493  -5671.531079 -13842.202078   -218.033595  5  3  4  98       
PG16   4939.283296  17790.752311 -19138.333020   -181.856221  3  7  4  73       
PG17  11620.410542 -13856.265621  19860.366632    294.844273  3  4  4  93       
PG18 -13645.807867   6821.501431 -21756.670093    244.448944  5  7  7 106       
PG19   3519.548255 -14501.790111  21668.212721   -132.981455  3  6  5  96       
PG20 -15023.697067  17475.384419 -13079.616550    527.302367  5  8  3  95       
PG21    722.242261  19728.441369 -17178.465303     22.823563  2  7  4  69       
PG22  13449.664649   9318.377129  21147.731803   -772.509895  1  3  4  85       
PG24 -20920.789021 -11948.803871  11380.525696    -15.562346  6  5  5  37       
PG25 -17315.582841   9458.224772  17419.382392     22.537620  4  3  6  68       
PG26  -3315.503864  24858.259878  -8429.101330    242.075350  5  8  6  36       
PG27  11287.749169  12720.962706 -20633.875765   -344.074896  4  5  3  70       
PG28  12326.323907 -23613.134983    958.846683    700.222061  6  6  4  81       
PG29 -26159.676513   3337.551470  -3385.034131   -148.734846  2  4  4  91       
PG30   6123.287376 -16599.340047 -19697.730839   -260.603620  3  3  5  66       
PG31   3038.825594  21947.992623  14257.287651    -55.144482  3  4  4  79       
PG32 -10039.440034  15036.684037  19493.628692    315.821596  2  4  4  80       
*  2020  7 12 17  0  0.00000000
PG01  20442.965505  12574.374960  11506.190324     24.619909  3  3  3  63       
PG02 -12271.634877 -21957.635891   9234.336570   -486.207829  5  4  7 101       
PG03  14785.112990   3275.116951  21746.657127   -237.596540  5  5  5  90       
PG04  25678.378697   1069.330613   6784.544213   -113.883289  8  2  5  35       
PG05  -4317.460470 -21408.333067 -15121.226659    -16.522091  6  4  5  61       
PG06  -1142.980512 -19776.480492  17720.204550   -302.094619  5  6  5  86       
PG07  15575.024004  -4381.688868 -20826.782292   -325.649631  3  4  3  84       
PG08  19534.235443   7672.754181 -16421.186483    -40.727702  3  5  5  96       
PG09  24919.159061  -8093.997530  -4461.414811   -252.418665  5  4  3  85       
PG10 -11591.053037  23326.831362  -4392.393890   -397.654727  7  9  9  72       
PG11  23138.522012  12399.915360  -3099.983754   -223.112350  5  4  4  60       
PG12 -14133.044293  -4379.854942  21815.452047     94.614845  5  4  6  73       
PG13 -11559.442885 -13260.235693 -20047.968798     26.132091  5  5  5  89       
PG14  -4309.868013  15502.219514  21456.839658      0.823127  3  5  7 102       
PG15 -20800.887038  -6291.772548 -15837.051425   -218.031358  5  4  4  95       
PG16   3887.713626  19576.350306 -17513.496348   -181.861077  3  7  5  66       
PG17  13723.679612 -13948.041020  18361.824815    294.849646  3  4  4  84       
PG18 -15093.643325   4830.938710 -21331.725025    244.457484  5  6  6 105       
PG19   6024.237897 -14559.099232  21074.481891   -132.977120  3  6  5  94       
PG20 -14881.554565  15841.013358 -15188.300031    527.302396  5  7  3  98       
PG21   -852.481931  18211.497190 -18688.479903     22.827793  3  7  5  80       
PG22  12706.313701  11547.344560  20504.606785   -772.507494  1  2  4  87       
PG24 -21510.358040 -13006.358909   8931.734278    -15.564234  6  6  5  74       
PG25 -16662.122164   7421.554360  18976.718422     22.541314  4  2  6  94       
PG26  -3869.057403  25524.468719  -5748.567451    242.081730  5  9  6  55       
PG27   8950.439452  13109.033891 -21495.551746   -344.083531  4  6  2  67       
PG28  12449.562994 -23417.627824  -1920.367850    700.218635  6  5  4  84       
PG29 -26388.787825   3173.156303   -494.563977   -148.742480  2  4  4 101       
PG30   7596.275171 -14791.436885 -20621.451630   -260.610497  3  3  5  75       
PG31   1806.653076  20656.032378  16289.332890    -55.146874  3  4  3  81       
PG32 -12174.402112  15221.283250  18062.387627    315.827239  2  5  4  73       
*  2020  7 12 17 15  0.00000000
PG01  21113.760133  13569.321452   8960.919468     24.623952  3  4  3  68       
PG02 -11323.364669 -21334.220376  11738.136684   -486.213147  5  5  7  76       
PG03  14016.307330   5657.530643  21775.568515   -237.607026  4  5  5  90       
PG04  24809.034732   1465.982048   9430.173100   -113.887480  8  3  6  65       
PG05  -3663.556711 -22877.512582 -12949.951869    -16.522762  5  5  5  71       
PG06    347.934379 -18285.692414  19293.114331   -302.099251  4  6  5  74       
PG07  17103.797804  -2540.998314 -19972.062980   -325.657612  2  4  2  78       
PG08  17642.576440   8237.904914 -18170.490025    -40.728106  3  6  4  91       
PG09  25316.466209  -7903.297694  -1651.664479   -252.424638  4  4  3 104       
PG10 -11622.011303  22606.762905  -7169.942755   -397.664442  6  9  9  80       
PG11  22559.049665  12607.605736  -5812.550055   -223.102893  5  5  4  88       
PG12 -13184.761601  -6739.753216  21820.987028     94.610612  5  5  6  78       
PG13  -9250.710848 -13525.466839 -21041.307228     26.135105  5  4  5  88       
PG14  -6640.409321  15729.566097  20652.394827      0.825689  3  6  6  95       
PG15 -19097.860118  -7047.590567 -17569.241745   -218.029116  5  4  5  95       
PG16   3012.246763  21235.236319 -15587.064426   -181.865451  3  6  5  86       
PG17  15638.608010 -14130.862122  16556.859525    294.854466  3  4  4  82       
PG18 -16599.790132   2972.210634 -20540.315925    244.466019  4  5  6  99       
PG19   8432.207578 -14743.990355  20107.855283   -132.972615  3  6  5  86       
PG20 -14775.194992  13984.124842 -17034.301198    527.301714  4  7  3  90       
PG21  -2616.886799  16662.092879 -19859.942466     22.831668  3  7  5  78       
PG22  12092.497253  13720.310651  19515.850621   -772.505054  1  3  4  86       
PG24 -21950.322735 -13831.014171   6331.191660    -15.564041  6  6  6  72       
PG25 -16065.066029   5203.252598  20198.571641     22.545084  4  1  5  52       
PG26  -4301.955249  25919.874780  -2967.842516    242.088026  5  9  5  69       
PG27   6560.781192  13642.374720 -21993.977102   -344.092149  4  6     75       
PG28  12457.462804 -22929.336240  -4766.582948    700.215137  6  5  4  70       
PG29 -26301.546867   2977.200018   2404.391785   -148.750316  2  4  4  93       
PG30   9207.071056 -12992.986842 -21187.532553   -260.617428  3  4  5  51       
PG31    374.043733  19264.348788  18034.919037    -55.149143  3  3  3  88       
PG32 -14123.287573  15477.915524  16320.799688    315.832896  2  5  3  74       
*  2020  7 12 17 30  0.00000000
PG01  21629.488104  14313.205701   6262.941459     24.627940  4  3  3  81       
PG02 -10144.870443 -20586.666745  14046.507472   -486.218442  5  5  8  85       
PG03  13379.279654   8058.640034  21427.559423   -237.617517  4  5  4  86       
PG04  23679.463591   1975.114560  11913.885864   -113.891637  8  3  6  67       
PG05  -3140.883967 -24127.439541 -10555.378428    -16.523586  5  5  4 103       
PG06   2032.097385 -16768.052441  20534.927366   -302.103865  5  6  4  76       
PG07  18637.649840   -867.992045 -18768.075635   -325.665516  2  4  2  74       
PG08  15609.643790   8955.642705 -19609.637211    -40.729233  4  6  3  90       
PG09  25416.653695  -7643.294743   1186.468972   -252.430501  4  4  4  65       
PG10 -11613.490980  21589.238000  -9821.988873   -397.674113  6  9  9  64       
PG11  21707.352092  12744.602624  -8424.311136   -223.093535  4  5  4  80       
PG12 -12373.053098  -9125.710498  21442.935456     94.606189  6  5  7  68       
PG13  -6868.177773 -13927.036088 -21677.001285     26.138104  5  5  5  77       
PG14  -8851.475829  16059.163306  19501.869870      0.827973  3  6  6  74       
PG15 -17268.796788  -7948.845661 -19010.051660   -218.026625  5  4  5  97       
PG16   2304.316048  22721.702767 -13391.003735   -181.869589  2  6  5  15       
PG17  17330.529580 -14374.597089  14474.628266    294.859598  3  4  4  91       
PG18 -18125.629354   1274.427363 -19396.100251    244.474561  4  4  6  91       
PG19  10695.712695 -15038.361481  18785.747405   -132.967907  3  6  5  73       
PG20 -14733.720643  11935.997511 -18586.294455    527.301384  4  6  4  92       
PG21  -4547.722523  15123.240943 -20669.470708     22.835849  3  7  5  79       
PG22  11605.715950  15793.134758  18198.200382   -772.503132  2  4  3  87       
PG24 -22206.491705 -14434.964323   3623.424397    -15.565587  6  5  6  68       
PG25 -15553.922708   2842.457129  21063.601088     22.548783  5     5  66       
PG26  -4645.316992  26025.109520   -135.352852    242.094301  5  9  4  41       
PG27   4167.526779  14317.391141 -22119.860690   -344.100747  4  7     62       
PG28  12387.470830 -22139.004149  -7530.387231    700.211679  6  4  3  76       
PG29 -25905.510655   2711.092572   5262.043904   -148.758178  2  5  4  94       
PG30  10931.003440 -11244.345002 -21386.758508   -260.624260  3  4  5  80       
PG31  -1250.064543  17818.129785  19464.200242    -55.151229  4  3  3  55       
PG32 -15853.085153  15776.206197  14298.332646    315.838560  3  6  4  66       
*  2020  7 12 17 45  0.00000000
PG01  21952.818574  14820.242809   3458.606409     24.631920  4  4  3  66       
PG02  -8738.151159 -19756.407012  16122.401020   -486.223663  5  6  8  84       
PG03  12881.785452  10429.463045  20709.001497   -237.627984  3  5  4  91       
PG04  22320.700664   2622.332552  14193.040987   -113.895846  7  3  7  78       
PG05  -2725.111308 -25125.280809  -7978.371833    -16.524431  5  6  4  96       
PG06   3888.491461 -15267.301966  21424.542815   -302.108511  5  5  3  91       
PG07  20134.675231    617.242322 -17237.592107   -325.673169  2  4  2  83       
PG08  13481.401568   9832.056030 -20713.449016    -40.729842  4  6  2  79       
PG09  25229.587701  -7278.859649   4004.193060   -252.436363  4  4  4  79       
PG10 -11603.961659  20284.975417 -12302.080485   -397.683863  6  9  8  81       
PG11  20589.934852  12845.862841 -10890.867649   -223.083950  4  6  3  71       
PG12 -11709.190178 -11487.565390  20688.546112     94.601958  6  6  7  79       
PG13  -4460.095536 -14466.258637 -21944.078981     26.141160  5  5  5  65       
PG14 -10903.109509  16467.734759  18023.538042      0.830436  3  6  5  83       
PG15 -15355.327787  -8998.200448 -20135.400253   -218.024355  6  4  5 104       
PG16   1747.531838  23993.706039 -10962.279448   -181.874190  2  6  5  74       
PG17  18771.498152 -14644.099017  12149.043671    294.864916  3  5  5 101       
PG18 -19628.945659   -240.700541 -17918.777363    244.483112  5  5  6  96       
PG19  12771.963145 -15416.825258  17131.975749   -132.963685  3  6  5  95       
PG20 -14780.902609   9733.737678 -19818.162490    527.301616  4  6  4  96       
PG21  -6613.650509  13634.833602 -21100.439279     22.839800  4  7  5  91       
PG22  11236.128554  17723.666835  16573.819225   -772.500369  3  4  3  95       
PG24 -22248.993240 -14837.415429    854.465173    -15.566143  6  6  6 102       
PG25 -15151.667400    383.626567  21556.964794     22.552496  5  2  4  30       
PG26  -4933.455219  25829.026677   2699.495159    242.100493  4  8  3  69       
PG27   1818.627245  15122.223111 -21870.090422   -344.109378  4  7  1  62       
PG28  12278.670239 -21046.484528 -10163.098160    700.208441  6  3  3  86       
PG29 -25217.121396   2338.729166   8029.255400   -148.765844  3  5  4  98       
PG30  12737.023016  -9581.472434 -21216.322673   -260.631164  3  4  5  72       
PG31  -3048.474194  16361.532812  20553.134927    -55.153515  3  3  3  88       
PG32 -17337.796374  16081.347382  12029.393020    315.844174  3  6  3  69       
*  2020  7 12 18  0  0.00000000
PG01  22051.192659  15112.263052    595.722315     24.635956  3  4  3  74       
PG02  -7113.084319 -18884.721990  17932.868080   -486.228840  5  6  7  88       
PG03  12523.325754  12721.026601  19632.685019   -237.638569  3  5  4  88       
PG04  20769.675355   3426.992577  16228.501930   -113.900034  7  4  7  78       
PG05  -2386.687451 -25844.962345  -5263.161847    -16.525152  5  6  3  93       
PG06   5888.397547 -13823.648157  21946.898574   -302.113097  5  5  2  89       
PG07  21551.685610   1902.963172 -15408.853932   -325.681076  2  4  3  82       
PG08  11305.397037  10864.983604 -21462.359573    -40.730947  4  6  1  82       
PG09  24773.251827  -6778.048446   6753.008424   -252.442236  4  4  4  78       
PG10 -11629.978116  18713.532910 -14566.823852   -397.693549  6  9  8  88       
PG11  19221.059881  12945.461087 -13170.871281   -223.074152  4  6  3  78       
PG12 -11195.889293 -13774.757647  19571.760667     94.597587  6  6  7  75       
PG13  -2074.699130 -15136.297810 -21837.751633     26.143961  5  6  5  75       
PG14 -12760.510132  16925.947269  16241.192867      0.833221  3  7  5  93       
PG15 -13399.863423 -10190.860384 -20926.213579   -218.021850  6  3  5  97       
PG16   1318.446456  25014.476422  -8342.280800   -181.878538  3  6  5  72       
PG17  19941.230705 -14900.591012   9618.318284    294.869748  4  5  5  92       
PG18 -21065.483506  -1559.508090 -16133.749569    244.491712  4  5  6 100       
PG19  14624.619738 -15847.805496  15176.275495   -132.958994  3  6  5 102       
PG20 -14934.189120   7419.002884 -20709.403796    527.301865  4  5  4 101       
PG21  -8776.276649  12232.026277 -21143.473036     22.844033  4  7  4  83       
PG22  10967.039748  19473.175321  14669.949583   -772.498468  3  5  3  91       
PG24 -22053.461764 -15063.644632  -1928.899793    -15.565594  6  5  6  98       
PG25 -14873.826632  -2125.037338  21670.570514     22.556220  4  3  5  35       
PG26  -5202.318882  25329.180819   5487.212223    242.106637  4  8  2  90       
PG27   -440.406490  16037.090689 -21247.849062   -344.118019  3  7  2  65       
PG28  12170.103414 -19661.005233 -12617.666475    700.205097  6  3  2  89       
PG29 -24261.076361   1828.085886  10658.385590   -148.773487  4  5  4  53       
PG30  14588.776609  -8034.692807 -20679.831503   -260.638030  3  4  5  91       
PG31  -4996.254045  14936.003801  21283.857282    -55.155976  3  3  3  91       
PG32 -18559.288753  16355.532612   9552.762122    315.849776  3  6  4  74       
*  2020  7 12 18 15  0.00000000
PG01  21898.109511  15217.665573  -2277.235251     24.639996  3  5  4  67       
PG02  -5287.165858 -18011.207797  19449.444028   -486.233810  4  6  7  88       
PG03  12295.269261  14886.083379  18217.569883   -237.649052  3  5  3  93       
PG04  19067.854499   4401.266833  17985.304643   -113.904196  7  4  8  80       
PG05  -2092.168594 -26268.161297  -2456.590419    -16.525687  5  6  2  83       
PG06   7996.322080 -12472.298832  22093.212958   -302.117731  5  5  2 100       
PG07  22845.839895   2985.942581 -13314.958129   -325.689110  2  4  3  92       
PG08   9129.086250  12043.928802 -21842.790386    -40.731580  4  6  1  72       
PG09  24073.014459  -6113.538816   9385.545003   -252.448107  4  4  5  92       
PG10 -11724.576435  16902.668003 -16576.680085   -397.703217  6  8  8  95       
PG11  17622.231339  13075.134021 -15226.653474   -223.064724  4  7  3  82       
PG12 -10827.339708 -15938.148100  18112.906202     94.593369  5  7  7  68       
PG13    241.440352 -15922.354903 -21359.508799     26.146994  6  6  5  85       
PG14 -14395.194724  17399.528959  14183.848717      0.835680  3  7  4 104       
PG15 -11444.156425 -11514.586882 -21368.731919   -218.019701  6  3  4 105       
PG16    987.616402  25753.955121  -5576.141451   -181.882596  2  6  5  57       
PG17  20827.787725 -15103.215724   6924.429648    294.875291  4  6  5  95       
PG18 -22390.593889  -2676.708062 -14071.687044    244.500267  5  6  6  89       
PG19  16225.024119 -16294.893433  12953.697694   -132.954308  3  6  5  99       
PG20 -15203.977224   5036.564717 -21245.436583    527.301393  4  5  4 112       
PG21 -10991.523406  10943.821482 -20796.761637     22.847810  4  7  4 103       
PG22  10775.651299  21007.658762  12518.492076   -772.496154  4  5  3  94       
PG24 -21602.021195 -15143.851484  -4679.877116    -15.567228  6  5  6  72       
PG25 -14727.884570  -4633.312194  21403.185229     22.559972  4  4  6  79       
PG26  -5487.871427  24531.972430   8179.127759    242.112788  4  7  3  77       
PG27  -2568.061562  17034.953979 -20262.634008   -344.126682  3  7  3  70       
PG28  12099.064932 -18001.076302 -14849.598179    700.201846  6  4  2  72       
PG29 -23069.390820   1152.660972  13104.112229   -148.781210  4  5  4  71       
PG30  16445.890465  -6627.685416 -19787.196391   -260.644929  3  5  5  94       
PG31  -7061.571985  13578.735376  21644.920713    -55.157884  3  3  3  92       
PG32 -19507.854571  16559.527726   6910.947506    315.855423  3  7  4  65       
*  2020  7 12 18 30  0.00000000
PG01  21474.185012  15170.146654  -5111.902981     24.643956  3  6  4  40       
PG02  -3284.991016 -17172.338028  20648.465971   -486.239141  4  6  7  94       
PG03  12181.302317  16880.761620  16488.429738   -237.659526  3  6  3  94       
PG04  17259.723641   5549.487559  19433.254422   -113.908393  6  4  8 104       
PG05  -1805.713224 -26385.013305    392.701868    -16.526309  5  6  3  85       
PG06  10171.187429 -11242.203048  21861.121301   -302.122343  5  4  2  95       
PG07  23976.245313   3871.298054 -10993.180854   -325.696844  2  4  3  79       
PG08   6998.160948  13350.303182 -21847.430112    -40.731640  4  7  2  82       
PG09  23160.621796  -5263.893374  11856.382489   -252.453942  4  4  4  94       
PG10 -11915.822120  14887.380242 -18296.684720   -397.712911  6  7  7  89       
PG11  15821.427727  13262.953323 -17024.760839   -223.055138  4  7  3  75       
PG12 -10589.584178 -17931.776164  16338.268021     94.588857  5  8  7  80       
PG13   2445.000576 -16802.172196 -20517.115441     26.149848  5  6  5  97       
PG14 -15785.940328  17850.597400  11885.353696      0.838487  3  7  4  93       
PG15  -9527.890738 -12949.984689 -21454.754056   -218.017265  6  4  4 102       
PG16    720.924628  26189.995198  -2711.963407   -181.887024  2  6  4  61       
PG17  21427.960198 -15210.696908   4112.506667    294.880395  5  6  5  86       
PG18 -23560.908720  -3595.397645 -11768.003844    244.508770  5  6  5  54       
PG19  17553.113913 -16718.403782  10503.907907   -132.949694  4  6  5  97       
PG20 -15593.172968   2632.767132 -21417.797341    527.301341  4  4  4 106       
PG21 -13211.281129   9791.926522 -20066.176416     22.852400  4  7  4 107       
PG22  10634.049940  22298.994469  10155.514223   -772.494094  4  5  3  92       
PG24 -20884.032781 -15111.845438  -7352.397492    -15.568045  6  5  6  79       
PG25 -14713.033293  -7090.749447  20760.403977     22.563729  4  6  6  73       
PG26  -5824.470686  23452.452884  10728.276806    242.118906  4  6  3  74       
PG27  -4528.241832  18082.467752 -18930.175940   -344.135337  4  7  3  45       
PG28  12099.435042 -16094.027563 -16817.871747    700.198480  6  4  2  80       
PG29 -21680.189279    292.704737  15324.217407   -148.789129  4  5  5  80       
PG30  18265.411620  -5376.750706 -18554.417019   -260.651843  3  5  4  78       
PG31  -9206.795980  12321.323647  21631.414078    -55.160253  3  4  3  79       
PG32 -20182.451238  16654.317108   4149.459535    315.861045  4  7  4  52       
*  2020  7 12 18 45  0.00000000
PG01  20767.948535  15007.252606  -7860.789544     24.647953  3  7  4  69       
PG02  -1137.498756 -16400.164881  21511.325678   -486.244037  4  6  6  99       
PG03  12158.186810  18666.084896  14475.397344   -237.669979  4  6  3  99       
PG04  15391.164078   6867.798281  20547.442280   -113.912547  6  5  8  91       
PG05  -1490.685137 -26194.503278   3235.136423    -16.527204  5  6  4  86       
PG06  12367.740218 -10155.044228  21254.706145   -302.126951  5  4  2  95       
PG07  24905.468051   4572.005934  -8484.257077   -325.704750  3  4  3  70       
PG08   4954.940233  14757.994147 -21475.412130    -40.732846  5  7  2  79       
PG09  22072.954896  -4214.599241  14122.840504   -252.459798  4  4  4 101       
PG10 -12225.570165  12708.674472 -19697.074939   -397.722608  6  7  7  95       
PG11  13852.116828  13532.173221 -18536.396595   -223.045640  5  8  3  77       
PG12 -10461.232148 -19714.484775  14279.555591     94.584534  5  8  6  76       
PG13   4497.372411 -17746.832233 -19324.509865     26.152968  5  6  5  90       
PG14 -16919.471677  18239.153641   9383.914049      0.840651  3  7  3  95       
PG15  -7687.344035 -14471.057067 -21181.814278   -218.015051  6  5  4  82       
PG16    481.112854  26309.271309    200.042828   -181.891557  2  5  4  62       
PG17  21747.341701 -15183.054098   1230.140215    294.885319  5  6  5  90       
PG18 -24535.978852  -4326.740169  -9262.253690    244.517331  5  5  5  77       
PG19  18597.989492 -17077.062784   7870.404430   -132.944978  4  7  5 100       
PG20 -16097.053764    253.939301 -21224.234336    527.301600  4  4  3 107       
PG21 -15385.261462   8789.945018 -18965.179486     22.856352  4  6  3  95       
PG22  10510.397122  23325.882671   7620.693655   -772.491852  4  6  3 106       
PG24 -19896.583593 -15003.618490  -9901.824066    -15.567422  6  4  6  84       
PG25 -14820.273529  -9448.466220  19754.482604     22.567474  3  6  7  72       
PG26  -6243.317545  22113.797036  13090.253334    242.125016  4  6  4  74       
PG27  -6291.492289  19141.200089 -17272.252249   -344.144023  3  7  4  61       
PG28  12200.127373 -13975.181404 -18485.824944    700.195140  6  5  2  81       
PG29 -20136.270916   -763.811007  17280.323213   -148.796865  4  6  5  77       
PG30  20003.350636  -4290.373173 -17003.263231   -260.658764  3  5  4  51       
PG31 -11389.815248  11188.672893  21244.954743    -55.162384  3  4  4  79       
PG32 -20590.611614  16602.760419   1316.024859    315.866650  3  7  4  78       
*  2020  7 12 19  0  0.00000000
PG01  19776.353027  14768.811818 -10478.006927     24.651911  4  8  4  60       
PG02   1118.992136 -15721.196894  22024.662766   -486.249035  4  6  5  97       
PG03  12196.794164  20209.304341  12213.420808   -237.680423  5  7  3  98       
PG04  13507.787472   8344.126128  21308.672253   -113.916761  6  5  8  91       
PG05  -1111.300233 -25704.520358   6021.087945    -16.527961  5  6  4 103       
PG06  14538.124500  -9224.522955  20284.421210   -302.131496  5  4  2  87       
PG07  25600.899182   5108.125408  -5831.633116   -325.712373  3  4  3  83       
PG08   3036.889165  16234.239138 -20732.383406    -40.733998  5  7  3  78       
PG09  20850.598464  -2958.841961  16145.724264   -252.465632  4  3  4  81       
PG10 -12668.487612  10412.096321 -20753.811954   -397.732307  6  6  6  99       
PG11  11752.095723  13900.289029 -19737.769930   -223.035958  5  8  3  82       
PG12 -10414.471503 -21251.349621  11973.276546     94.580620  5  9  6  52       
PG13   6365.949459 -18721.825498 -17801.602074     26.156047  5  7  5  51       
PG14 -17790.862971  18524.690257   6721.530912      0.843307  2  7  3  87       
PG15  -5954.170362 -16046.013866 -20553.287212   -218.012475  6  6  4  66       
PG16    229.462820  26107.853550   3108.485368   -181.895880  2  5  3  69       
PG17  21800.074581 -14983.306737  -1673.376616    294.890532  5  6  5  69       
PG18 -25279.813027  -4889.334921  -6597.455452    244.525844  6  5  4  89       
PG19  19358.114639 -17329.756089   5099.676663   -132.940468  5  7  5  73       
PG20 -16703.434924  -2055.177418 -20668.697982    527.301835  4  3  3 104       
PG21 -17462.962834   7942.944415 -17514.525220     22.860978  4  6  3  88       
PG22  10370.278401  24074.551176   4956.701210   -772.489423  5  6  4  98       
PG24 -18644.700855 -14855.854672 -12285.631134    -15.566539  6  3  6  76       
PG25 -15032.856925 -11660.861500  18404.042602     22.571264  3  7  7  86       
PG26  -6771.037386  20546.465131  15224.011998    242.131094  4  5  5  87       
PG27  -7835.979863  20169.073483 -15316.392654   -344.152695  3  7  4  71       
PG28  12423.723499 -11686.682972 -19821.983464    700.191880  6  5  2  78       
PG29 -18483.504057  -2020.523252  18938.563927   -148.804437  4  6  5  63       
PG30  21616.265984  -3369.094624 -15160.863656   -260.665658  3  5  4  86       
PG31 -13565.526099  10198.185698  20493.565174    -55.164627  3  4  4  66       
PG32 -20748.025698  16371.193506  -1540.249473    315.872256  4  7  4  67       
*  2020  7 12 19 15  0.00000000
PG01  18504.983765  14495.303207 -12919.966366     24.655881  4  8  5  63       
PG02   3443.922482 -15155.485062  22180.501860   -486.254304  4  6  5  95       
PG03  12263.373146  21484.993664   9741.641644   -237.690823  6  8  3  94       
PG04  11653.291436   9958.477239  21703.792516   -113.920874  6  5  9 102       
PG05   -634.249684 -24931.571440   8701.788351    -16.528891  6  6  5  46       
PG06  16633.560734  -8455.955641  18966.910820   -302.136142  5  5  3  97       
PG07  26035.929520   5505.771319  -3080.707001   -325.720187  4  5  3  11       
PG08   1275.322701  17740.776471 -19630.459791    -40.734487  5  7  4  83       
PG09  19536.276679  -1497.981981  17890.012117   -252.471390  4  2  4  88       
PG10 -13251.377597   8046.100230 -21448.989051   -397.742017  6  6  5 106       
PG11   9562.201799  14378.333818 -20610.357119   -223.026377  5  8  3  91       
PG12 -10416.333233 -22514.859004   9460.034997     94.575678  6  9  6  87       
PG13   8025.194032 -19688.348456 -15973.973418     26.158913  5  7  5  66       
PG14 -18403.632231  18667.855057   3943.352375      0.845781  2  7  3  80       
PG15  -4354.346648 -17638.309073 -19578.415179   -218.010405  6  7  4  64       
PG16    -72.443336  25591.414750   5961.765102   -181.900538  2  5  3  72       
PG17  21608.271036 -14579.101216  -4547.870290    294.895700  5  6  5  61       
PG18 -25762.258725  -5308.299976  -3819.359517    244.534366  6  5  4  64       
PG19  19841.149510 -17437.263410   2240.324648   -132.936023  5  7  4  63       
PG20 -17393.131049  -4252.930462 -19761.231479    527.301630  4  3  3 104       
PG21 -19395.651041   7247.420585 -15741.764610     22.864620  4  5  3  93       
PG22  10178.164167  24539.193344   2208.530231   -772.487681  5  6  4  87       
PG24 -17141.286417 -14704.429294 -14464.047120    -15.567722  5  2  5  94       
PG25 -15327.046477 -13687.188541  16733.659244     22.575050  3  8  7  64       
PG26  -7428.452481  18787.088684  17092.601839    242.137177  4  5  5  97       
PG27  -9148.189080  21121.976936 -13095.476383   -344.161426  3  7  4  73       
PG28  12785.361897  -9276.027866 -20800.802606    700.188563  6  5  2  90       
PG29 -16769.111395  -3472.335591  20270.182391   -148.812536  4  7  5  88       
PG30  23062.829705  -2605.698765 -13059.210503   -260.672571  3  4  3  65       
PG31 -15687.422286   9359.263568  19391.441791    -55.167241  3  4  5  86       
PG32 -20677.808456  15930.908588  -4369.745837    315.877885  4  6  4  73       
*  2020  7 12 19 30  0.00000000
PG01  16967.961290  14226.219140 -15146.032859     24.659860  5  8  5  58       
PG02   5793.771204 -14715.942933  21976.336427   -486.259498  4  6  4  86       
PG03  12321.000593  22475.866880   7102.706654   -237.701276  6  8  4  74       
PG04   9867.898668  11683.544921  21725.924679   -113.925004  5  6  9  90       
PG05    -30.232009 -23900.161931  11230.224182    -16.529754  5  6  5  90       
PG06  18606.067659  -7846.203363  17324.727839   -302.140800  4  5  3  84       
PG07  26190.896005   5795.881163   -278.069596   -325.728346  4  5  3  68       
PG08   -305.652836  19235.231347 -18188.064806    -40.735748  5  7  4  65       
PG09  18173.216708    158.286545  19325.472280   -252.477248  4  3  3  70       
PG10 -13972.830709   5660.316703 -21771.118894   -397.751702  6  6  5  99       
PG11   7324.942500  14970.430937 -21141.079406   -223.016856  5  8  3  84       
PG12 -10430.154205 -23485.802157   6783.771191     94.571505  6  9  6  68       
PG13   9457.438484 -20604.784884 -13872.479740     26.162178  5  6  5  69       
PG14 -18769.517454  18632.107367   1096.946362      0.848519  2  6  3  78       
PG15  -2907.322719 -19207.876272 -18272.252511   -218.008021  6  7  4  92       
PG16   -460.959031  24775.056095   8709.073765   -181.904393  2  5  3  81       
PG17  21201.122738 -13944.193996  -7343.159179    294.901047  5  6  4  70       
PG18 -25960.171833  -5614.103952   -975.667206    244.542881  6  6  3  79       
PG19  20063.429839 -17363.909362   -657.839553   -132.931486  6  7  4  67       
PG20 -18140.692244  -6302.130701 -18517.766269    527.301672  4  3  4  99       
PG21 -21138.257628   6691.658104 -13680.572784     22.869794  4  5  3  79       
PG22   9898.928644  24722.121100   -577.220589   -772.485315  5  6  5  73       
PG24 -15406.774759 -14582.950513 -16400.656380    -15.568616  6  2  5  65       
PG25 -15673.158825 -15492.923126  14773.346573     22.578831  3  8  7  88       
PG26  -8229.595117  16877.126339  18663.817474    242.143285  4  5  5  99       
PG27 -10223.300898  21955.489134 -10647.222612   -344.170169  3  7  4  79       
PG28  13291.939457  -6794.344294 -21403.293997    700.185284  6  5  2  91       
PG29 -15039.912151  -5105.418608  21252.039503   -148.820252  4  7  5  83       
PG30  24305.315568  -1985.696332 -10734.590753   -260.679518  3  4  3  64       
PG31 -17709.227671   8673.130099  17958.626276    -55.169195  3  3  5 104       
PG32 -20409.481534  15259.452859  -7123.223040    315.883443  4  6  4  51       
*  2020  7 12 19 45  0.00000000
PG01  15187.543968  13998.480101 -17119.133029     24.663920  6  8  5  48       
PG02   8123.433374 -14407.920009  21415.160758   -486.264710  5  6  3  89       
PG03  12331.157585  23173.289676   4342.026394   -237.711684  7  8  5  84       
PG04   8186.939040  13485.608270  21374.587198   -113.929147  5  7  8  96       
PG05    724.670424 -22641.866692  13562.007849    -16.530628  5  5  5  89       
PG06  20410.162580  -7383.932865  15385.954586   -302.145473  4  5  3  90       
PG07  26053.771837   6012.826602   2529.242742   -325.736212  5  5  4  59       
PG08  -1689.917026  20672.685312 -16429.651256    -40.736729  5  7  4  72       
PG09  16803.503630   1992.102508  20427.197261   -252.483076  4  3  3  95       
PG10 -14823.215507   3303.788713 -21715.296883   -397.761385  6  6  4 107       
PG11   5083.091872  15673.611003 -21322.403276   -223.007262  5  8  3  91       
PG12 -10417.176677 -24153.836544   3990.959597     94.567057  6  9  5  65       
PG13  10653.390136 -21428.315888 -11532.761826     26.165067  5  6  5  81       
PG14 -18907.935805  18385.301238  -1768.497180      0.850959  2  6  3  70       
PG15  -1625.409016 -20712.522602 -16655.521401   -218.005636  7  7  4  76       
PG16   -968.682939  23682.753403  11301.390644   -181.909033  2  5  4  79       
PG17  20613.725896 -13059.726431 -10009.961728    294.906416  5  6  4  61       
PG18 -25858.329995  -5841.192231   1884.783718    244.551408  6  6  2  80       
PG19  20049.120606 -17079.065418  -3544.689049   -132.926890  6  6  4  79       
PG20 -18915.385475  -8171.251841 -16959.827773    527.301864  3  4  4 107       
PG21 -22651.104898   6256.462634 -11369.928074     22.873860  3  4  3  85       
PG22   9499.371032  24633.624460  -3353.102277   -772.483003  5  6  5  70       
PG24 -13468.526677 -14521.394005 -18062.954674    -15.569648  5  2  5  81       
PG25 -16036.841404 -17050.877455  12557.954457     22.582624  4  8  6  76       
PG26  -9181.000822  14861.344793  19910.755591    242.149506  3  5  4 104       
PG27 -11065.234687  22626.646357  -8013.578616   -344.178862  3  6  5  84       
PG28  13941.670306  -4294.501547 -21617.511783    700.181888  5  5  2 102       
PG29 -13340.589281  -6897.554638  21867.027161   -148.828148  4  7  5  85       
PG30  25310.954678  -1488.088909  -8226.954592   -260.686420  2  4  3  75       
PG31 -19586.509472   8132.976204  16220.590390    -55.171610  3  2  6  94       
PG32 -19977.708701  14341.691552  -9752.702800    315.889036  4  6  5  79       
*  2020  7 12 20  0  0.00000000
PG01  13193.445123  13844.955970 -18806.311610     24.667891  6  8  5  22       
PG02  10387.656048 -14229.041330  20505.450182   -486.269488  5  5  2  87       
PG03  12255.369405  23577.467263   1506.993450   -237.722157  7  8  5  99       
PG04   6639.628671  15325.687831  20655.710503   -113.933310  5  7  8 105       
PG05   1647.828965 -21194.127543  15656.203171    -16.531354  5  5  5  98       
PG06  22004.476307  -7050.199278  13183.732513   -302.150065  4  5  4  78       
PG07  25620.582327   6192.922856   5294.475272   -325.743985  5  5  4  59       
PG08  -2869.798196  22007.368964 -14385.307531    -40.738052  5  6  4  74       
PG09  15466.490948   3977.925204  21176.045903   -252.488893  3  3  3  96       
PG10 -15785.005802   1023.247415 -21283.240343   -397.771097  5  6  4 102       
PG11   2878.300887  16477.893356 -21152.368731   -222.997524  6  8  3  86       
PG12 -10338.219455 -24517.718125   1129.782137     94.562569  6  9  5  71       
PG13  11612.318636 -22116.598199  -8994.668623     26.168140  5  6  4  77       
PG14 -18845.139855  17901.129994  -4603.023182      0.853623  3  6  2  86       
PG15   -513.429225 -22109.434717 -14754.374372   -218.003137  7  8  4 107       
PG16  -1622.917871  22346.444163  13692.451581   -181.913478  1  5  4  82       
PG17  19885.661843 -11915.232492 -12500.822492    294.910839  5  6  3  92       
PG18 -25450.054282  -6026.461130   4712.853773    244.559902  6  7  2  45       
PG19  19829.084689 -16558.445993  -6370.659986   -132.922216  6  6  3  79       
PG20 -19682.382962  -9835.412668 -15114.157648    527.301289  4  4  5  97       
PG21 -23901.378439   5916.221881  -8853.177005     22.877546  3  4  2  82       
PG22   8949.681384  24291.539476  -6071.598714   -772.480824  5  6  5  84       
PG24 -11359.979204 -14544.878369 -19422.853287    -15.569758  5  2  5  88       
PG25 -16380.529182 -18342.021140  10126.493892     22.586380  5  8  6  72       
PG26 -10281.308980  12786.186570  20812.267196    242.155644  3  4  3 103       
PG27 -11686.346430  23095.684821  -5240.013131   -344.187607  3  6  5  95       
PG28  14724.029928  -1829.128153 -21438.876999    700.178543  4  5  3 104       
PG29 -11712.049069  -8818.815142  22104.376664   -148.835493  5  7  5 100       
PG30  26053.109127  -1086.379656  -5579.232282   -260.693360  2  3  3  87       
PG31 -21278.213019   7724.414972  14207.745727    -55.173972  3  2  6  81       
PG32 -19420.835319  13170.590715 -12212.337574    315.894634  4  6  5  81       
*  2020  7 12 20 15  0.00000000
PG01  11021.888626  13793.144934 -20179.232153     24.671824  7  8  5  67       
PG02  12542.488521 -14169.319464  19261.088211   -486.274887  4  5  3  79       
PG03  12056.845741  23697.303935  -1353.825975   -237.732586  8  9  6  86       
PG04   5248.092526  17160.914916  19581.543112   -113.937453  5  8  8  92       
PG05   2749.170061 -19598.825756  17476.086569    -16.532028  4  4  5  81       
PG06  23353.222073  -6819.328106  10755.707742   -302.154738  3  4  4  80       
PG07  24895.538071   6372.890410   7971.854924   -325.751975  5  5  4  71       
PG08  -3846.200927  23194.411525 -12090.253235    -40.739482  5  6  4  81       
PG09  14197.328858   6083.324777  21558.984643   -252.494756  3  4  3  92       
PG10 -16833.428558  -1138.505507 -20483.206220   -397.780747  5  6  4  99       
PG11    749.766317  17366.624068 -20634.550856   -222.988216  6  7  3  84       
PG12 -10155.354589 -24585.191936  -1750.707658     94.557950  6  9  5  86       
PG13  12341.916397 -22629.446780  -6301.600532     26.171049  5  6  3  80       
PG14 -18613.098085  17160.369356  -7356.812595      0.856109  3  5  2  53       
PG15    431.343305 -23356.744203 -12600.059513   -218.001256  7  8  4 105       
PG16  -2444.348256  20804.792659  15839.664099   -181.917645     5  5  80       
PG17  19059.385578 -10509.329311 -14771.035281    294.915923  5  6  3  79       
PG18 -24737.514861  -6207.639403   7459.942621    244.568394  6  6  3  81       
PG19  19439.517026 -15785.151679  -9087.594271   -132.917659  6  6  3  63       
PG20 -20404.112549 -11277.108370 -13012.259330    527.301841  4  5  5  64       
PG21 -24864.284661   5640.235310  -6177.022894     22.881516  2  4  2  57       
PG22   8224.794543  23720.537239  -8685.926689   -772.478415  5  6  5  79       
PG24  -9119.580064 -14672.624448 -20457.126749    -15.569849  5  3  5  93       
PG25 -16665.020202 -19355.983691   7521.407036     22.590122  6  8  5  87       
PG26 -11521.185226  10698.090166  21353.298825    242.161819  2  4  2  60       
PG27 -12106.790356  23327.686019  -2374.725597   -344.196373  3  5  5  86       
PG28  15620.093249    551.369928 -20870.324615    700.175293  4  4  3  82       
PG29 -10189.937009 -10832.545844  21959.856412   -148.843650  5  7  5  95       
PG30  26512.221541   -749.790508  -2836.610821   -260.700265  2  3  3  66       
PG31 -22748.063617   7426.222969  11954.889809    -55.176196  4  2  6  69       
PG32 -18779.290672  11747.686312 -14459.241731    315.900274  4  6  5  81       
*  2020  7 12 20 30  0.00000000
PG01   8714.434991  13864.055897 -21214.617581     24.675797  7  7  5  68       
PG02  14546.702624 -14211.538258  17701.237973   -486.279851  4  4  3  72       
PG03  11702.058174  23549.941948  -4191.513715   -237.743052  8  9  6  87       
PG04   4026.667882  18946.062855  18170.449764   -113.941635  5  8  8  95       
PG05   4030.579071 -17900.687795  18989.826731    -16.532800  4  4  4  68       
PG06  24427.463012  -6660.062713   8143.400853   -302.159413  3  5  4  94       
PG07  23890.886260   6588.323000  10517.258111   -325.759501  5  5  4  63       
PG08  -4628.390844  24191.577353  -9584.231589    -40.740560  5  5  4  33       
PG09  13025.667842   8270.046154  21569.321397   -252.500558  3  4  3  93       
PG10 -17937.403575  -3144.047050 -19329.792410   -397.790529  4  6  4 104       
PG11  -1267.000159  18317.055348 -19777.959203   -222.978541  6  7  4  89       
PG12  -9833.525171 -24372.553347  -4601.414960     94.553745  6  8  5  87       
PG13  12857.835161 -22930.456419  -3499.781974     26.174195  4  6  3  76       
PG14 -18248.139610  16151.862435  -9981.109867      0.858831  3  5  2  76       
PG15   1218.956184 -24415.095263 -10228.486223   -217.998617  7  8  4  78       
PG16  -3445.995894  19101.685980  17704.943913   -181.922164     5  5  90       
PG17  18178.485418  -8850.052271 -16779.540370    294.921404  5  6  3  72       
PG18 -23731.708466  -6421.640082  10078.821803    244.576890  7  6  4  90       
PG19  18920.402202 -14750.424073 -11649.533771   -132.913152  6  6  3  48       
PG20 -21041.719666 -12486.666367 -10689.874165    527.301551  4  5  5  86       
PG21 -25523.850386   5394.241203  -3390.476330     22.885943  1  4  3  67       
PG22   7305.578347  22951.157351 -11150.840448   -772.476191  4  6  5  69       
PG24  -6789.542024 -14917.136116 -21147.798908    -15.569592  5  3  5  96       
PG25 -16851.106329 -20091.226020   4787.798158     22.593875  7  8  5  83       
PG26 -12883.566655   8641.829145  21525.118618    242.167943  2  4  2  78       
PG27 -12353.565586  23294.055728    532.214851   -344.205120  2  5  5  77       
PG28  16603.254921   2800.698871 -19922.264901    700.172283  3  3  4  92       
PG29  -8803.367891 -12896.622553  21435.854719   -148.851084  6  7  5  98       
PG30  26676.506941   -444.638425    -45.781775   -260.707211  2  3  3  75       
PG31 -23965.787361   7211.335307   9500.599593    -55.178452  5  2  6  80       
PG32 -18093.917877  10083.219154 -16454.268716    315.905866  4  6  5  97       
*  2020  7 12 20 45  0.00000000
PG01   6316.617325  14071.333846 -21894.626139     24.679779  7  6  5  53       
PG02  16363.138509 -14331.900550  15850.154143   -486.285038  4  4  4  83       
PG03  11162.194880  23159.999238  -6957.621238   -237.753480  8  9  6  80       
PG04   2981.515294  20635.182049  16446.604338   -113.945759  5  8  7  87       
PG05   5485.632201 -16145.589846  20171.067691    -16.533589  3  4  4  81       
PG06  25206.130118  -6536.933533   5391.510494   -302.164103  2  4  5  76       
PG07  22626.489595   6872.213843  12888.842363   -325.767545  5  5  4  70       
PG08  -5233.443455  24960.918891  -6910.808986    -40.742286  5  5  4  69       
PG09  11974.588358  10495.306022  21206.827471   -252.506373  3  4  3  87       
PG10 -19060.734940  -4962.559718 -17843.630075   -397.800170  3  6  5  72       
PG11  -3141.264782  19301.144731 -18596.878670   -222.968943  6  6  4  92       
PG12  -9342.043755 -23903.902233  -7374.015290     94.549437  7  8  5  86       
PG13  13182.914388 -22988.498316   -637.474327     26.177410  4  6  2  71       
PG14 -17789.414886  14873.198829 -12429.156213      0.861269  3  5  2  76       
PG15   1866.257238 -25249.154596  -7679.691419   -217.996435  7  8  4  77       
PG16  -4632.500620  17284.526590  19255.450655   -181.926047     5  6  92       
PG17  17285.885242  -6954.810872 -18489.771391    294.926136  6  5  3  87       
PG18 -22452.107989  -6702.946903  12524.445132    244.585428  7  6  5  74       
PG19  18313.858047 -13454.088856 -14013.455009   -132.908755  7  6  3  94       
PG20 -21556.586931 -13462.411882  -8186.395787    527.301434  4  5  5  39       
PG21 -25873.342311   5142.063270   -543.803932     22.890138  1  4  3  46       
PG22   6179.807099  22018.619238 -13423.426994   -772.474102  5  5  4  82       
PG24  -4414.458658 -15283.633285 -21482.461854    -15.569812  6  3  5  95       
PG25 -16901.195495 -20554.881573   1972.641017     22.597606  7  8  5  72       
PG26 -14344.217849   6658.934908  21325.425863    242.174169  1  3  3  71       
PG27 -12459.283467  22973.772637   3429.783808   -344.213866  1  5  5  67       
PG28  17640.299812   4878.385866 -18612.358536    700.168849  3  2  4  92       
PG29  -7573.919712 -14964.929728  20541.345643   -148.858943  6  7  5  93       
PG30  26542.363022   -135.818047   2745.828456   -260.714155  3  3  3  53       
PG31 -24908.110278   7048.053984   6886.582878    -55.180583  5  3  6  71       
PG32 -17404.299307   8195.928995 -18162.718037    315.911479  4  6  5  94       
*  2020  7 12 21  0  0.00000000
PG01   3876.432758  14420.660144 -22207.158062     24.683689  7  5  5  78       
PG02  17959.931915 -14500.924598  13736.930668   -486.290155  3  4  5  84       
PG03  10414.437532  22558.536510  -9604.978343   -237.763883  8  8  6  87       
PG04   2110.551927  22183.276410  14439.582131   -113.949985  5  8  7  82       
PG05   7099.668069 -14378.830887  20999.402877    -16.533839  3  3  4  63       
PG06  25676.751781  -6411.796643   2547.161558   -302.168747  2  4  5  67       
PG07  21129.150256   7253.588950  15047.638818   -325.774997  5  5  4  67       
PG08  -5685.378045  25470.278101  -4116.594767    -40.743613  5  4  4  72       
PG09  11059.798430  12713.273115  20477.744987   -252.512214  3  4  3  93       
PG10 -20163.505051  -6570.791851 -16050.976002   -397.809835  2  6  5  90       
PG11  -4847.993159  20286.546681 -17110.654491   -222.959044  6  5  4  89       
PG12  -8655.916911 -23210.122933 -10021.735918     94.544920  7  8  5  83       
PG13  13346.129609 -22779.031421   2235.857848     26.180291  3  6  1  83       
PG14 -17277.234106  13331.051996 -14657.106086      0.863743  4  4  3  69       
PG15   2396.095628 -25829.002763  -4997.208951   -217.994260  7  8  4  70       
PG16  -5999.757147  15402.396438  20464.204306   -181.930009     5  6  84       
PG17  16422.066002  -4849.958191 -19870.427175    294.931257  6  5  2  95       
PG18 -20925.997125  -7082.098304  14754.722904    244.593938  8  7  6  89       
PG19  17662.429915 -11904.676087 -16139.935856   -132.904019  7  6  3  78       
PG20 -21911.855630 -14210.538708  -5544.230811    527.301615  5  5  5  70       
PG21 -25915.304425   4847.297725   2312.492227     22.894157  2  4  3  88       
PG22   4842.878463  20961.454299 -15463.877514   -772.471493  5  5  4  73       
PG24  -2039.828184 -15769.760087 -21454.521919    -15.570105  6  3  5 107       
PG25 -16780.864015 -20762.279971   -876.022996     22.601343  8  8  5  68       
PG26 -15872.573520   4786.263446  20758.345076    242.180296  2  3  4  76       
PG27 -12460.704265  22354.351159   6266.949999   -344.222593     5  4  81       
PG28  18692.773225   6751.228106 -16965.112930    700.166091  3     4 102       
PG29  -6514.930690 -16989.004915  19291.737919   -148.866627  6  7  5  91       
PG30  26114.485128    211.665256   5490.834880   -260.721122  3  3  4  71       
PG31 -25559.503702   6901.422692   4156.997446    -55.182644  6  3  6  81       
PG32 -16747.145598   6112.515337 -19554.957615    315.917051  4  6  6  89       
*  2020  7 12 21 15  0.00000000
PG01   1442.740083  14909.451229 -22146.088009     24.687601  6  4  5  80       
PG02  19311.580479 -14684.566258  11395.179096   -486.295328  3  4  5  67       
PG03   9443.012373  21781.794022 -12088.476605   -237.774394  8  8  6  71       
PG04   1403.709721  23547.956893  12183.857805   -113.954161  5  9  6  82       
PG05   8850.195862 -12643.445092  21460.730660    -16.534334  3  2  4  96       
PG06  25835.866631  -6245.482745   -340.890291   -302.173390  2  4  5  73       
PG07  19431.703504   7756.292118  16958.103130   -325.783052  5  4  5  81       
PG08  -6014.011159  25694.574019  -1250.396727    -40.744229  5  5  4  63       
PG09  10289.130389  14876.674700  19394.679461   -252.518015  3  4  3  79       
PG10 -21203.615061  -7953.718547 -13983.215480   -397.819459  2  6  6  84       
PG11  -6368.572031  21237.764204 -15343.423035   -222.949797  6  5  4  86       
PG12  -7756.949114 -22327.631797 -12500.097029     94.540564  7  7  5  90       
PG13  13381.300417 -22285.174747   5070.412722     26.183300  3  6  2  80       
PG14 -16751.352437  11541.153339 -16624.903070      0.866505  4  4  4  90       
PG15   2836.269974 -26131.348129  -2227.348207   -217.991687  7  8  3  73       
PG16  -7534.922365  13504.172994  21310.568185   -181.934271     5  7  65       
PG17  15623.384678  -2569.984625 -20896.144671    294.936424  6  5  3  83       
PG18 -19187.515075  -7584.328321  16731.246607    244.602503  8  7  6  69       
PG19  17007.399890 -10119.218800 -17993.747918   -132.899526  7  6  4  76       
PG20 -22073.893376 -14744.690930  -2808.114275    527.301305  5  5  4  81       
PG21 -25661.229842   4474.965150   5128.637606     22.898251  3  4  3  81       
PG22   3298.241073  19820.010066 -17236.219663   -772.469475  5  4  4  39       
PG24    289.464063 -16365.582476 -21063.366789    -15.570308  6  4  5  91       
PG25 -16460.282001 -20736.177301  -3709.882895     22.605061  8  8  6  67       
PG26 -17432.832590   3054.759704  19834.307895    242.186473  3  3  5  82       
PG27 -12397.102901  21432.474442   8993.636263   -344.231356     4  4  80       
PG28  19718.585033   8394.416674 -15011.314757    700.162687  4     4  73       
PG29  -5631.126715 -18919.785416  17708.609303   -148.874400  6  7  4  69       
PG30  25405.682878    631.169282   8142.665843   -260.728063  3  3  4  74       
PG31 -25912.652920   6734.716829   1357.747031    -55.184858  6  4  6  86       
PG32 -16154.813541   3866.786272 -20606.949092    315.922699  5  5  6  93       
*  2020  7 12 21 30  0.00000000
PG01   -936.381774  15526.869851 -21711.418042     24.691495  6  4  5  50       
PG02  20399.809328 -14845.536069   8862.632289   -486.300416  3  4  6  67       
PG03   8239.976087  20869.746574 -14365.815907   -237.784863  8  7  6  73       
PG04    843.508304  24691.008398   9718.217050   -113.958360  5  9  6  71       
PG05  10707.622623 -10978.622159  21547.485174    -16.534849  3  2  4 100       
PG06  25689.103296  -5999.493081  -3223.085034   -302.177902  3  5  5  69       
PG07  17571.911928   8397.961109  18588.622565   -325.790866  5  4  5  87       
PG08  -6253.576433  25616.822649   1637.670032    -40.745575  4  4  4  78       
PG09   9662.356145  16938.467081  17976.379318   -252.523810  3  4  4  90       
PG10 -22138.410983  -9104.882387 -11676.287101   -397.829243  3  6  6  79       
PG11  -7691.308644  22117.423726 -13323.789128   -222.940458  5  4  4  76       
PG12  -6634.588074 -21296.941301 -14767.604167     94.536528  8  7  5 114       
PG13  13325.608038 -21498.495624   7816.933279     26.186140  3  6  2  64       
PG14 -16249.275553   9527.897495 -18297.091260      0.869107  4  3  4  93       
PG15   3218.260426 -26140.509105    581.608426   -217.989379  7  8  4  65       
PG16  -9216.790061  11636.678631  21780.589249   -181.938555  3  4  7  90       
PG17  14920.566285   -156.364724 -21548.051244    294.941346  6  4  3  78       
PG18 -17276.447484  -8228.417705  18419.951649    244.611030  8  7  6  93       
PG19  16387.172508  -8122.742353 -19544.370321   -132.894780  7  6  4  93       
PG20 -22013.654114 -15085.271440    -24.388669    527.301205  5  5  4  60       
PG21 -25130.899006   3993.058549   7856.469891     22.902287  3  3  3  87       
PG22   1557.510677  18634.883533 -18708.994971   -772.466964  5  3  4  79       
PG24   2530.651367 -17053.879958 -20314.447714    -15.570601  6  4  5  94       
PG25 -15915.461132 -20505.726944  -6481.140751     22.608777  8  8  6  75       
PG26 -18985.259299   1488.464504  18569.828067    242.192714  5  4  5  81       
PG27 -12308.531981  20214.267582  11561.670474   -344.240034  1  4  4  91       
PG28  20673.770675   9792.287844 -12787.320269    700.159443  4  2  4  80       
PG29  -4918.593522 -20709.389276  15819.330808   -148.882230  6  7  4  82       
PG30  24436.405952   1152.952676  10656.320147   -260.735029  3  3  4  85       
PG31 -25968.635670   6510.994555  -1464.237454    -55.187095  7  5  5  80       
PG32 -15654.012534   1498.529571 -21300.666121    315.928347  5  5  6  91       
*  2020  7 12 21 45  0.00000000
PG01  -3215.257532  16254.152871 -20909.345802     24.695384  6  4  5  76       
PG02  21214.200164 -14944.772435   6180.668884   -486.305749  3  5  6  61       
PG03   6805.707008  19864.531580 -16398.203155   -237.795249  7  7  6  48       
PG04    405.920251  25579.809364   7085.091663   -113.962570  5  9  5  74       
PG05  12636.268899  -9418.298897  21258.739458    -16.535225  4  1  4  99       
PG06  25250.923169  -5637.676716  -6049.902216   -302.182625  4  5  5  68       
PG07  15591.196831   9189.228649  19911.976948   -325.798764  5  4  5  79       
PG08  -6441.167765  25228.846462   4497.101867    -40.747271  4  5  4  73       
PG09   9171.327675  18853.505325  16247.406330   -252.529574  4  4  4  80       
PG10 -22926.332637 -10026.405686  -9170.041547   -397.838700  4  6  6  75       
PG11  -8811.691026  22887.632904 -11084.449987   -222.930715  5  2  4  89       
PG12  -5286.483445 -20161.094910 -16786.384874     94.531913  8  6  5 106       
PG13  13217.980844 -20419.479750  10427.588597     26.189078  3  5  3  72       
PG14 -15804.659610   7323.590299 -19643.539101      0.871471  5  3  5 100       
PG15   3575.792501 -25849.117870   3380.275827   -217.986915  8  8  4  54       
PG16 -11016.513203   9842.941710  21867.191479   -181.942607  4  4  8  67       
PG17  14337.437815   2343.896832 -21814.177979    294.946397  6  4  4  72       
PG18 -15236.809578  -9025.800604  19791.706626    244.619643  8  7  6  91       
PG19  15835.794084  -5947.467332 -20766.422218   -132.890264  7  5  5  78       
PG20 -21707.880244 -15258.502683   2759.744193    527.301419  6  5  4  59       
PG21 -24351.428266   3373.928891  10450.231253     22.906708  4  3  3  67       
PG22   -359.735217  17445.345177 -19855.865838   -772.464578  4  3  3  66       
PG24   4644.525437 -17810.726105 -19219.270970    -15.572025  6  5  5  70       
PG25 -15129.281767 -20105.233007  -9143.268867     22.612507  8  7  6  83       
PG26 -20487.639645    103.798881  16987.176388    242.198891  6  4  6  60       
PG27 -12234.055753  18715.196729  13925.703432   -344.248702  2  3  4  93       
PG28  21514.325638  10938.674465 -10334.229964    700.156395  5  2  5  64       
PG29  -4365.094161 -22312.861209  13656.587485   -148.890313  7  7  4  95       
PG30  23233.996807   1802.830716  12989.099159   -260.741982  3  3  4  79       
PG31 -25736.806714   6194.653606  -4261.723651    -55.189506  7  5  5  49       
PG32 -15264.751093   -947.848553 -21624.398277    315.933956  5  4  6  89       
*  2020  7 12 22  0  0.00000000
PG01  -5352.163801  17065.249046 -19752.242596     24.699277  5  4  4  66       
PG02  21752.553611 -14943.024478   3393.755160   -486.310939  4  5  6  71       
PG03   5149.083179  18808.809488 -18150.993084   -237.805799  6  7  6  60       
PG04     61.494848  26188.548832   4329.829231   -113.966748  6  9  4  76       
PG05  14595.630098  -7989.977415  20600.181246    -16.535872  5  2  4  99       
PG06  24544.035156  -5127.823890  -8772.708326   -302.187275  5  5  6  57       
PG07  13533.247922  10133.175332  20905.750695   -325.806747  5  4  5  82       
PG08  -6615.070521  24531.643886   7277.932953    -40.748398  3  5  4  83       
PG09   8800.436565  20580.147390  14237.702979   -252.535418  4  3  4  85       
PG10 -23528.522843 -10728.678426  -6507.546706   -397.848336  5  6  6  45       
PG11  -9732.398981  23511.378106  -8661.765327   -222.921088  5  2  4  82       
PG12  -3718.741231 -18964.030226 -18522.763635     94.527746  8  6  5 109       
PG13  13097.412219 -19057.661469  12856.836716     26.192199  3  5  3  83       
PG14 -15445.876730   4967.367775 -20640.054740      0.873935  5  2  5  92       
PG15   3943.289974 -25258.508986   6119.086964   -217.984513  8  7  4  68       
PG16 -12898.638685   8160.640783  21570.223025   -181.947068  5  4  8  91       
PG17  13889.962385   4879.958865 -21689.720058    294.951614  6  4  4  75       
PG18 -13115.275466  -9979.962283  20822.818879    244.628293  8  6  6  93       
PG19  15381.656518  -3631.757928 -21640.012671   -132.885636  7  5  5  74       
PG20 -21140.101974 -15295.273909   5496.988757    527.301010  6  5  5  85       
PG21 -23356.081132   2595.460956  12867.260085     22.910541  4  3  4  74       
PG22  -2426.481251  16287.816885 -20656.137234   -772.461975  4  2  4  67       
PG24   6596.756832 -18606.342025 -17795.293280    -15.572200  5  5  5  63       
PG25 -14092.265088 -19572.734758 -11651.732847     22.616269  7  6  6 100       
PG26 -21896.836361  -1090.850505  15113.963838    242.205001  7  5  6  51       
PG27 -12210.030462  16959.596420  16044.071313   -344.257384  3  2  4  95       
PG28  22198.028862  11836.851079  -7696.977486    700.153161  6  2  5  80       
PG29  -3950.718617 -23689.815300  11257.804442   -148.897834  7  7  4  96       
PG30  21831.697692   2600.999302  15101.304045   -260.748964  3  2  4  85       
PG31 -25234.394238   5752.938986  -6987.903081    -55.191624  7  5  4  71       
PG32 -14999.564660  -3424.862346 -21572.935977    315.939584  5  3  6  94       
*  2020  7 12 22 15  0.00000000
PG01  -7310.745053  17927.749262 -18258.536449     24.703168  5  4  4  76       
PG02  22020.961674 -14802.490992    548.803000   -486.316145  4  5  6  81       
PG03   3287.340197  17744.118029 -19594.261954   -237.816330  6  6  6  39       
PG04   -223.303714  26499.193406   1499.910009   -113.970940  6  9  3  77       
PG05  16541.831257  -6713.815040  19583.964780    -16.536378  5  3  5 105       
PG06  23598.503925  -4443.113051 -11344.593292   -302.191922  6  5  6  51       
PG07  11442.556234  11225.054354  21552.692527   -325.814403  5  3  5  84       
PG08  -6813.050266  23535.403720   9931.649087    -40.750001  3  4  4  72       
PG09   8527.373701  22081.730420  11982.064800   -252.541239  5  3  4  86       
PG10 -23910.336873 -11229.737865  -3734.351500   -397.857949  6  6  6  74       
PG11 -10463.062563  23953.916259  -6095.273128   -222.911451  5  2  4  84       
PG12  -1945.866774 -17748.929326 -19947.770220     94.523498  8  6  5  94       
PG13  13001.278702 -17431.406419  15062.251400     26.194972  3  5  3  67       
PG14 -15194.810124   2503.830361 -21268.875044      0.876764  6  2  5  94       
PG15   4354.281203 -24378.769095   8749.243735   -217.982148  8  7  5  60       
PG16 -14822.406474   6620.793221  20896.362235   -181.951264  6  4  8  64       
PG17  13585.617859   7399.003407 -21177.135546    294.956684  6  4  5  94       
PG18 -10959.513569 -11086.152213  21495.447461    244.636875  8  6  5  90       
PG19  15046.429050  -1218.855443 -22151.007464   -132.881177  7  5  6  87       
PG20 -20301.395829 -15229.816948   8140.728571    527.300935  6  5  6  75       
PG21 -22182.899455   1642.004562  15068.579581     22.914741  5  4  4  72       
PG22  -4609.100464  15194.466058 -21095.179397   -772.459959  4  2  4  57       
PG24   8359.045145 -19406.196494 -16065.716809    -15.573065  5  5  5  76       
PG25 -12803.065474 -18948.475078 -13964.673139     22.619980  7  5  6  87       
PG26 -23170.382743  -2095.232942  12982.642163    242.211159  7  5  6  74       
PG27 -12268.504772  14979.844204  17879.581803   -344.266058  3     3  81       
PG28  22686.174076  12499.086649  -4923.363962    700.150121  6  3  5  72       
PG29  -3648.839197 -24805.910352   8664.488677   -148.905468  8  6  3  90       
PG30  20267.448041   3561.071269  16956.888592   -260.755853  4  3  4  87       
PG31 -24485.823092   5157.348647  -9597.109041    -55.193968  7  6  4  61       
PG32 -14863.054019  -5883.601627 -21147.634515    315.945237  5  3  6  88       
*  2020  7 12 22 30  0.00000000
PG01  -9061.243428  18804.080754 -16452.495880     24.707257  4  4  3  68       
PG02  22033.576097 -14488.455978  -2305.554512   -486.321547  5  6  5  68       
PG03   1245.613497  16709.281851 -20703.305826   -237.826875  5  6  6  65       
PG04   -484.596345  26502.166128  -1355.875318   -113.975142  6  8  3  47       
PG05  18429.215641  -5602.019080  18228.444794    -16.537286  5  3  5  86       
PG06  22450.585102  -3563.354380 -13721.181635   -302.196537  6  5  6  66       
PG07   9362.917970  12452.300257  21841.018655   -325.822211  5  3  5  94       
PG08  -7070.670129  22259.164487  12412.069214    -40.751634  3  4  4  79       
PG09   8324.158340  23327.862010   9519.527492   -252.547148  5  2  4  71       
PG10 -24042.696775 -11554.366837   -897.720652   -397.867519  7  6  6  65       
PG11 -11019.772187  24184.114624  -3427.150796   -222.902130  5  3  4  76       
PG12      9.600294 -16556.614804 -21037.577281     94.519418  8  6  6 104       
PG13  12963.726872 -15567.352956  17005.295488     26.197965  4  5  4  48       
PG14 -15065.932638    -18.549715 -21519.014481      0.879235  6  3  5  83       
PG15   4839.827640 -23228.438526  11223.674582   -217.979985  8  7  5  32       
PG16 -16743.254990   5246.736910  19858.891575   -181.955592  8  4  9  79       
PG17  13423.147672   9848.179732 -20286.079672    294.961575  6  5  6  74       
PG18  -8816.491789 -12331.424686  21797.916164    244.645532  7  6  6  87       
PG19  14844.253005   1244.557187 -22291.213072   -132.876783  7  5  6  72       
PG20 -19190.872482 -15098.259037  10645.795757    527.301339  6  5  6  77       
PG21 -20873.213537    505.038370  17019.384937     22.919046  5  4  4  69       
PG22  -6868.453615  14191.974397 -21164.739607   -772.457616  4  2  4  58       
PG24   9910.052599 -20172.316259 -14059.180712    -15.572365  4  5  5  88       
PG25 -11268.668163 -18273.308645 -16043.538842     22.623720  7  5  5  65       
PG26 -24268.055127  -2917.022167  10629.931950    242.217326  8  6  6  84       
PG27 -12435.808499  12815.217323  19400.205361   -344.274680  3     3  92       
PG28  22945.135861  12945.837090  -2063.068419    700.146551  6  3  5  76       
PG29  -3427.333150 -25634.100378   5921.498943   -148.913300  8  5  3  89       
PG30  18582.515783   4689.361773  18524.058435   -260.762764  4  2  4  79       
PG31 -23521.788577   4384.887677 -12045.520186    -55.196020  7  6  4  48       
PG32 -14851.750685  -8275.437585 -20356.358020    315.950924  6  2  6  92       
*  2020  7 12 22 45  0.00000000
PG01 -10581.493418  19652.926178 -14363.911371     24.711146  3  4  3  73       
PG02  21812.068924 -13970.856811  -5119.764736   -486.326597  6  6  5  84       
PG03   -943.818800  15738.937016 -21459.056073   -237.837337  4  6  6  84       
PG04   -759.486372  26196.710454  -4188.272389   -113.979358  6  9  2           
PG05  20212.003115  -4658.566545  16557.801219    -16.538110  5  3  5  89       
PG06  21141.331544  -2475.980179 -15861.404020   -302.201181  6  4  6  59       
PG07   7335.958705  13794.825638  21764.654353   -325.829973  5  3  5  84       
PG08  -7419.706262  20730.133862  14676.176112    -40.752606  4  4  4  81       
PG09   8158.395175  24295.476655   6892.680253   -252.552985  5  1  4  76       
PG10 -23903.241648 -11732.947411   1954.147786   -397.877209  8  6  6  67       
PG11 -11424.352250  24175.691925   -701.622157   -222.892413  5  4  4  69       
PG12   2117.745547 -15424.047888 -21773.863664     94.514886  8  6  6 101       
PG13  13014.195054 -13499.532960  18652.024486     26.201012  4  5  4  86       
PG14 -15065.709229  -2549.179159 -21386.464732      0.881700  6  4  5 103       
PG15   5427.044231 -21833.871624  13497.973775   -217.977584  7  7  5  70       
PG16 -18614.467665   4053.439461  18477.351465   -181.959746  8  5  9  88       
PG17  13392.693521  12176.547008 -19033.177625    294.966318  6  5  6  65       
PG18  -6730.817263 -13695.006446  21724.920929    244.654190  7  6  6  99       
PG19  14781.225388   3709.909254 -22058.478326   -132.872186  7  4  6  86       
PG20 -17815.873433 -14937.106112  12969.225990    527.300815  6  5  6  71       
PG21 -19470.089432   -816.445126  18689.434287     22.923084  5  4  4  56       
PG22  -9161.220176  13300.533467 -20863.133387   -772.454812  4  2  4  85       
PG24  11236.081334 -20864.760566 -11809.348107    -15.572722  3  5  5  69       
PG25  -9504.287228 -17587.106568 -17853.668351     22.627453  7  5  5  81       
PG26 -25153.365355  -3571.303279   8096.188747    242.223416  8  6  6  90       
PG27 -12731.389142  10510.480271  20579.656150   -344.283242  3     2  90       
PG28  22947.708729  13204.625190    833.337105    700.143573  6  3  5  68       
PG29  -3250.023386 -26155.611666   3076.257305   -148.921055  8  5  3  90       
PG30  16820.012202   5984.450778  19775.807869   -260.769727  4  2  3  96       
PG31 -22378.112571   3419.126320 -14291.842836    -55.198391  7  6  4  65       
PG32 -14954.312213 -10553.712383 -19213.306597    315.956560  6  2  6  93       
*  2020  7 12 23  0  0.00000000
PG01 -11857.639382  20430.818549 -12027.673098     24.715034  4  4  2  32       
PG02  21384.793633 -13225.718932  -7844.224998   -486.331736  6  7  5  84       
PG03  -3242.565413  14862.225631 -21848.405727   -237.847870  4  5  6  85       
PG04  -1084.417465  25590.924790  -6948.419257   -113.983513  6  8  3  57       
PG05  21845.952520  -3879.255362  14601.565122    -16.538780  5  4  6  95       
PG06  19715.023919  -1176.741994 -17728.215350   -302.205813  7  5  6  63       
PG07   5399.728007  15225.601071  21323.407907   -325.837921  5  2  4  90       
PG08  -7886.726192  18982.697474  16684.879399    -40.753082  4  4  4  79       
PG09   7994.709003  24969.616869   4146.918135   -252.558872  5     5  72       
PG10 -23477.232921 -11800.114829   4772.910672   -397.886797  8  6  6  65       
PG11 -11703.418140  23908.315440   2035.688095   -222.882890  5  5  3  61       
PG12   4342.210530 -14382.981207 -22144.100218     94.510416  8  6  6  82       
PG13  13176.130658 -11268.206023  19973.705480     26.204304  4  5  4  66       
PG14 -15192.348507  -5037.176481 -20874.241013      0.884095  7  4  5  76       
PG15   6137.778743 -20228.278806  15531.296532   -217.974916  7  6  5  57       
PG16 -20388.891993   3047.154390  16777.088315   -181.964265  9  5  9  64       
PG17  13476.301115  14336.930628 -17441.644579    294.971645  6  5  7  80       
PG18  -4743.174315 -15148.978144  21277.627686    244.662797  7  6  7 100       
PG19  14855.187609   6128.360699 -21456.714450   -132.867591  7  4  7  86       
PG20 -16191.866336 -14781.713188  15070.987519    527.300527  5  5  6  78       
PG21 -18016.768963  -2315.834509  20053.350704     22.927297  5  5  4  59       
PG22 -11441.409047  12533.110127 -20195.308267   -772.452677  4  1  4  53       
PG24  12331.463111 -21443.205749  -9354.389706    -15.572789  3  6  6  84       
PG25  -7532.968786 -16927.213519 -19364.812145     22.631209  7  5  4  84       
PG26 -25794.918310  -4079.780431   5424.718126    242.229551  9  7  6  77       
PG27 -13166.944190   8114.263505  21397.850693   -344.291901  3     2  82       
PG28  22674.170767  13308.666993   3715.342632    700.140113  6  4  5  77       
PG29  -3078.279614 -26360.608758    177.917124   -148.928653  8  5  3 100       
PG30  15023.344434   7437.040952  20690.385838   -260.776685  5  2  3  90       
PG31 -21094.421007   2251.023229 -16297.964866    -55.200507  7  6  4  49       
PG32 -15152.037066 -12675.347103 -17738.732231    315.962152  6  3  7  74       
*  2020  7 12 23 15  0.00000000
PG01 -12884.542911  21093.854363  -9483.245705     24.718916  4  4  2  52       
PG02  20785.668393 -12236.391585 -10430.205932   -486.336882  6  7  5  55       
PG03  -5607.386746  14101.709789 -21864.441294   -237.858387  4  5  5  55       
PG04  -1493.557118  24701.465946  -9588.696370   -113.987681  6  8  4  11       
PG05  23289.963293  -3252.080287  12394.057909    -16.539611  6  4  6  79       
PG06  18217.485899    329.914473 -19289.246348   -302.210434  7  5  6  52       
PG07   3587.413810  16711.504468  20523.070225   -325.845747  5  2  4  74       
PG08  -8491.887258  17057.159026  18403.696198    -40.754404  5  5  3  72       
PG09   7796.299798  25343.909457   1329.647318   -252.564771  5     5  73       
PG10 -22758.182865 -11793.263101   7510.862939   -397.896429  8  7  7  96       
PG11 -11887.244573  23368.511136   4738.449219   -222.873491  5  5  3  66       
PG12   6641.362712 -13458.813570 -22141.755203     94.505963  9  6  6  54       
PG13  13465.955924  -8918.453025  20947.338336     26.207367  5  5  4  48       
PG14 -15435.911906  -7433.207860 -19992.276232      0.886813  7  4  5  39       
PG15   6987.510785 -18450.488969  17287.184688   -217.972729  7  6  5  27       
PG16 -22020.661976   2225.428756  14788.712428   -181.968225 10  5  9  82       
PG17  13648.772540  16287.612613 -15540.766748    294.976729  6  5  7  56       
PG18  -2888.920463 -16659.244204  20463.658549    244.671422  7  7  8  81       
PG19  15055.825673   8452.429665 -20495.834170   -132.863219  7  3  7  41       
PG20 -14342.039614 -14664.799670  16914.672449    527.300753  6  5  6  70       
PG21 -16555.153879  -3979.066399  21090.843848     22.931415  6  5  4  39       
PG22 -13661.988567  11895.013774 -19172.776426   -772.450266  4  1  5  73       
PG24  13198.640601 -21868.579173  -6736.368125    -15.572963  4  6  6  75       
PG25  -5384.913777 -16327.011119 -20551.593420     22.634971  7  6  4  62       
PG26 -26167.585066  -4469.737544   2661.050757    242.235676  9  7  6  55       
PG27 -13745.883545   5677.302022  21841.236263   -344.300499  4  2  2  65       
PG28  22113.038617  13295.311532   6533.404486    700.136701  5  5  6  76       
PG29  -2872.715962 -26248.524064  -2723.497040   -148.936472  8  5  3  83       
PG30  13234.662346   9030.118823  21251.683182   -260.783632  5  2  3  78       
PG31 -19712.687882    879.482574 -18029.573664    -55.202475  7  6  4  67       
PG32 -15419.676114 -14602.306630 -15958.550996    315.967785  6  3  7  66       
*  2020  7 12 23 30  0.00000000
PG01 -13665.857857  21599.460302  -6774.043477     24.722796  5  4  2  39       
PG02  20052.816671 -10994.523055 -12830.809784   -486.342120  7  8  5  42       
PG03  -7991.649202  13472.546090 -21506.575750   -237.868938  4  4  5  77       
PG04  -2017.269700  23552.932884 -12063.555072   -113.991880  6  8  5  32       
PG05  24507.555266  -2757.914015   9973.756891    -16.540311  6  4  6 100       
PG06  16694.349041   2030.813197 -20517.376503   -302.215077  7  5  5  61       
PG07   1926.223807  18214.416826  19375.432814   -325.853588  5  3  4  71       
PG08  -9248.002500  14998.264290  19803.337379    -40.754877  6  5  2  75       
PG09   7526.556371  25420.719454  -1510.542077   -252.570644  5  1  5  75       
PG10 -21748.184643 -11750.958323  10121.705315   -397.906017  9  7  7  96       
PG11 -12008.481078  22550.348077   7360.363136   -222.863842  5  6  3  43       
PG12   8969.664649 -12669.687461 -21766.416514     94.501435  9  6  7  81       
PG13  13892.324590  -6498.585153  21556.068468     26.210152  6  5  5  74       
PG14 -15778.772345  -9691.247761 -18757.169096      0.889131  6  5  5  85       
PG15   7984.521515 -16543.484701  18734.299360   -217.970456  7  6  5  67       
PG16 -23466.857377   1577.452533  12547.481993   -181.972640 11  5  9  78       
PG17  13878.822916  17993.785785 -13365.261542    294.981834  6  6  8  69       
PG18  -1196.894365 -18186.754395  19296.966133    244.680030  7  7  8  88       
PG19  15365.078230  10637.573552 -19191.610482   -132.858269  7  3  7  82       
PG20 -12296.608108 -14615.066679  18468.138364    527.300262  6  5  6  56       
PG21 -15124.380508  -5785.049010  21786.860172     22.935363  6  5  4  47       
PG22 -15776.569596  11383.784519 -17813.415960   -772.447622  4  2  5  73       
PG24  13847.931230 -22104.677500  -4000.530043    -15.572313  4  6  6  74       
PG25  -3096.543694 -15814.637602 -21393.902506     22.638741  7  6  5  81       
PG26 -26253.449387  -4772.792797   -147.811438    242.241814 10  7  6  81       
PG27 -14463.141443   3250.607454  21902.984943   -344.309079  5  3  3  83       
PG28  21261.495166  13204.364342   9239.782529    700.133599  5  5  6  83       
PG29  -2594.917588 -25828.039212  -5577.961713   -148.944266  8  5  4  96       
PG30  11493.357305  10739.416100  21449.533804   -260.790584  5  2  3  91       
PG31 -18275.696065   -688.378023 -19456.730194    -55.204795  7  6  5  40       
PG32 -15726.506367 -16302.866477 -13903.860826    315.973413  6  3  7  73       
*  2020  7 12 23 45  0.00000000
PG01 -14213.763422  21908.144148  -3946.712380     24.726672  6  5  3  29       
PG02  19227.013934  -9500.721512 -15001.940182   -486.347167  7  8  5  69       
PG03 -10346.915889  12981.952626 -20780.579554   -237.879447  4  4  5  74       
PG04  -2680.739583  22176.954682 -14330.309626   -113.996052  6  9  6  60       
PG05  25468.171414  -2371.462512   7382.600923    -16.541473  7  5  6 100       
PG06  15189.334696   3904.353801 -21391.217537   -302.219740  6  5  5  78       
PG07    436.477460  19692.532070  17898.216658   -325.861462  6  3  4  71       
PG08 -10159.909577  12853.569534  20860.190003    -40.755600  6  5  2  72       
PG09   7150.664766  25210.976955  -4324.720483   -252.576513  5  1  5  71       
PG10 -20457.932799 -11711.318492  12561.286790   -397.915614  9  7  7  97       
PG11 -12100.757888  21455.864114   9855.939125   -222.854446  5  6  3  75       
PG12  11279.195493 -12025.862125 -21023.828131     94.497056  8  7  7  60       
PG13  14455.699765  -4058.432006  21789.482987     26.212901  6  5  5  86       
PG14 -16196.398281 -11770.190907 -17191.796721      0.891782  6  5  5  73       
PG15   9129.372468 -14552.774050  19847.040076   -217.968190  7  6  5  81       
PG16 -24689.038207   1084.727134  10092.629345   -181.976768 11  6 10  79       
PG17  14130.485956  19428.714117 -10954.538019    294.987037  7  6  9  62       
PG18    311.518576 -19688.930475  17797.597759    244.688578  7  7  8  84       
PG19  15757.838990  12643.669353 -17565.455671   -132.853712  7  3  7  77       
PG20 -10091.852457 -14655.970556  19704.088411    527.300233  7  6  6  81       
PG21 -13759.525730  -7706.320613  22131.670219     22.939813  7  6  5  64       
PG22 -17741.072601  10989.407550 -16141.144116   -772.445426  5  2  6  62       
PG24  14296.977573 -22119.702536  -1194.516761    -15.572146  5  6  6  60       
PG25   -709.340813 -15411.908673 -21877.221097     22.642535  7  7  6  81       
PG26 -26042.493757  -5023.494689  -2954.167009    242.247953 10  7  7  76       
PG27 -15305.341811    883.648831  21583.053188   -344.317711  5  3  4  91       
PG28  20125.485847  13076.365431  11789.298863    700.130252  5  5  6  84       
PG29  -2209.127912 -25116.719975  -8336.323038   -148.952075  8  5  4  77       
PG30   9834.669121  12534.157068  21279.923151   -260.797539  6  2  3  82       
PG31 -16825.468772  -2437.262568 -20554.390675    -55.207181  7  7  5  77       
PG32 -16037.622764 -17752.634940 -11610.375502    315.979050  6  4  8  79       
EOF
