#cP2020  7  5  0  0  0.00000000      96 ORBIT IGb14 HLM  IGS
## 2113      0.00000000   900.00000000 59035 0.0000000000000
+   31   G01G02G03G04G05G06G07G08G09G10G11G12G13G14G15G16G17
+        G18G19G20G21G22G24G25G26G27G28G29G30G31G32  0  0  0
+          0  0  0  0  0  0  0  0  0  0  0  0  0  0  0  0  0
+          0  0  0  0  0  0  0  0  0  0  0  0  0  0  0  0  0
+          0  0  0  0  0  0  0  0  0  0  0  0  0  0  0  0  0
++         2  2  2  2  2  2  2  2  1  2  2  2  1  1  2  2  2
++         2  2  2  2  2  2  3  2  2  2  2  1  2  2  0  0  0
++         0  0  0  0  0  0  0  0  0  0  0  0  0  0  0  0  0
++         0  0  0  0  0  0  0  0  0  0  0  0  0  0  0  0  0
++         0  0  0  0  0  0  0  0  0  0  0  0  0  0  0  0  0
%c G  cc GPS ccc cccc cccc cccc cccc ccccc ccccc ccccc ccccc
%c cc cc ccc ccc cccc cccc cccc cccc ccccc ccccc ccccc ccccc
%f  1.2500000  1.025000000  0.00000000000  0.000000000000000
%f  0.0000000  0.000000000  0.00000000000  0.000000000000000
%i    0    0    0    0      0      0      0      0         0
%i    0    0    0    0      0      0      0      0         0
/* FINAL ORBIT COMBINATION FROM WEIGHTED AVERAGE OF:        
/* cod emr esa gfz grg jpl mit ngs sio                      
/* REFERENCED TO IGS TIME (IGST) AND TO WEIGHTED MEAN POLE: 
/* PCV:IGS14_2114 OL/AL:FES2004  NONE     Y  ORB:CMB CLK:CMB
*  2020  7  5  0  0  0.00000000
PG01 -13578.256118  21512.748869  -7229.348798     21.351556  7  6  7 100       
PG02  20194.424988 -11165.459316 -12470.476344   -482.378903  7  9  9 115       
PG03  -7739.590371  13516.744459 -21571.096852   -229.803033  9  4  8 103       
PG04  -1897.586642  23790.239525 -11609.099689   -110.779527 11  8 10  77       
PG05  24318.472310  -2818.791798  10403.109436    -16.002643  8  7  6  93       
PG06  17041.940641   1582.532766 -20270.388180   -298.580533 11  9 12  93       
PG07   2247.390383  17919.853460  19625.293558   -319.829666  3  7  6  73       
PG08  -9117.800089  15354.345278  19585.376400    -39.870038  6  8  4 105       
PG09   7564.779736  25432.757655  -1021.081561   -248.058497  6  5  5  81       
PG10 -21952.984850 -11757.743338   9660.062486   -390.480080  9  6  6 106       
PG11 -12022.777922  22688.618355   6925.747794   -230.195815  9  6  9  96       
PG12   8538.488446 -12802.064551 -21865.741223     97.858728  7  7  5  81       
PG13  13801.893651  -6966.254311  21466.834767     23.935314  6  7  4  63       
PG14 -15716.070414  -9274.218209 -19011.158472     -1.060399  6  6  4  69       
PG15   7827.146965 -16866.210631  18510.724457   -219.756440  7  5  8  69       
PG16 -23300.136516   1569.668903  12846.093709   -178.690724 11  5  9 101       
PG17  13813.693008  17766.862526 -13719.980342    290.985213  9  9  8 109       
PG18  -1430.386435 -17944.036142  19508.743755    238.005450  7 10  9  79       
PG19  15300.933932  10283.451134 -19437.123396   -136.362569  8  9  8 115       
PG20 -12703.874610 -14613.158490  18196.893232    527.352689  6  8  8  92       
PG21 -14200.236978  -7252.824558  21988.749421     19.761660  6  8 10 124       
PG22 -15550.493291  11387.447686 -18007.671585   -774.163852 10  5  5  98       
PG24  13712.640198 -22087.493629  -4556.196048    -15.234109  7  5  7  86       
PG25  -3375.682564 -15884.208548 -21302.264958     19.794304  7  9  9  83       
PG26 -26263.897183  -4695.706214    402.659763    237.505447 11 10  7  90       
PG27 -14324.840246   3688.061794  21918.757678   -337.650663  8  6  6  92       
PG28  21441.100153  13218.290654   8759.510223    702.614066  7  8 10  81       
PG29  -2661.854651 -25928.715448  -5055.774687   -142.992232  7  3  8 116       
PG30  11869.335168  10349.952006  21439.465279   -255.449790  5  5  4  82       
PG31 -18586.870304   -293.068751 -19177.605484    -53.498674  5  8  7  87       
PG32 -15654.949277 -16075.130069 -14241.030373    311.602051  5  7  4  87       
*  2020  7  5  0 15  0.00000000
PG01 -14163.881476  21855.792016  -4418.112754     21.356389  7  5  7  92       
PG02  19377.676451  -9711.830826 -14680.210986   -482.384041  7  9  9 106       
PG03 -10099.506839  13000.155844 -20890.946881   -229.813663  9  4  7  99       
PG04  -2534.135218  22455.148171 -13917.887821   -110.783786 11  8 10  56       
PG05  25324.665915  -2415.267309   7838.227906    -16.003650  7  7  6  83       
PG06  15534.364431   3423.833459 -21225.700447   -298.585267 10  8 11  85       
PG07    724.141361  19407.594589  18210.305362   -319.837483  4  7  5  88       
PG08 -10001.651996  13220.444081  20702.488307    -39.871674  7  8  4 106       
PG09   7209.068167  25271.302202  -3842.785092   -248.064445  6  5  5  71       
PG10 -20712.339789 -11715.061791  12133.852800   -390.489965  9  6  6  53       
PG11 -12116.482863  21639.749353   9445.738493   -230.186081  8  6  8  92       
PG12  10855.545512 -12131.989088 -21189.448044     97.854270  6  8  4  75       
PG13  14341.139740  -4526.689675  21771.357498     23.938634  7  7  3  82       
PG14 -16122.381423 -11389.134636 -17505.729513     -1.057993  6  6  4  57       
PG15   8945.373590 -14885.711725  19681.198719   -219.754282  6  6  7  70       
PG16 -24551.176965   1054.747059  10415.744156   -178.695005 11  5  9  94       
PG17  14061.945353  19245.828537 -11343.288237    290.990418  9  8  8 104       
PG18    110.810595 -19450.976292  18061.466930    238.014322  7  9  9  69       
PG19  15679.916236  12322.951653 -17864.258542   -136.357968  8  8  8 109       
PG20 -10526.388684 -14636.215188  19495.093770    527.352795  5  8  8  85       
PG21 -12794.273275  -9158.348508  22171.484947     19.765617  5  7  9 118       
PG22 -17535.459832  10971.607995 -16374.504655   -774.161594  9  5  5  82       
PG24  14199.905120 -22149.736832  -1760.192203    -15.234437  7  4  7  72       
PG25  -1000.404045 -15458.584068 -21835.684913     19.797955  7  9  9  66       
PG26 -26111.699464  -4953.369870  -2408.399356    237.511642 11  9  6  69       
PG27 -15145.819846   1306.809253  21667.647986   -337.659333  8  5  6  78       
PG28  20355.983570  13093.818549  11341.105832    702.611193  7  7  9  89       
PG29  -2298.381575 -25269.791737  -7835.144262   -143.000196  7  4  8 101       
PG30  10193.455686  12132.618609  21347.215454   -255.456755  5  5  3  82       
PG31 -17139.529421  -2007.854945 -20348.146267    -53.500588  5  8  7  93       
PG32 -15964.953209 -17566.062283 -11982.823360    311.607806  5  7  4  94       
*  2020  7  5  0 30  0.00000000
PG01 -14532.102624  21972.737847  -1529.611831     21.361231  6  5  7  90       
PG02  18502.754897  -8014.101524 -16626.101292   -482.389365  7  9  9 101       
PG03 -12388.405689  12622.010167 -19852.841041   -229.824303  8  4  6  94       
PG04  -3326.282547  20922.749789 -15986.603395   -110.787981 11  7  9  56       
PG05  26053.912926  -2094.838272   5139.322053    -16.004327  7  7  6  95       
PG06  14076.852236   5415.513837 -21814.331345   -298.590186  9  7 10  90       
PG07   -616.745965  20835.029691  16484.189028   -319.845495  4  7  5  75       
PG08 -11038.983584  11040.917488  21461.835255    -39.872034  7  8  4 101       
PG09   6721.058293  24838.459912  -6598.343610   -248.070332  6  5  4  52       
PG10 -19206.423602 -11704.816510  14402.323659   -390.499662  8  6  5  91       
PG11 -12208.509600  20322.422912  11802.724864   -230.176471  8  6  8  94       
PG12  13114.000400 -11609.569444 -20155.089363     97.849977  5  8  4  71       
PG13  15011.574265  -2107.228191  21697.026895     23.941473  7  6  2  65       
PG14 -16579.004449 -13296.179580 -15692.963074     -1.055237  6  6  4  54       
PG15  10205.737004 -12859.869764  20500.819203   -219.751817  6  6  6  62       
PG16 -25549.780273    674.282587   7808.704056   -178.699497 10  5  8  89       
PG17  14299.417771  20437.893638  -8767.711935    290.995459  8  8  7  91       
PG18   1456.582317 -20895.587832  16302.808564    238.023265  7  9  9  62       
PG19  16117.034770  14154.529855 -15991.276918   -136.353359  8  8  8 108       
PG20  -8222.656335 -14764.397789  20457.567828    527.352861  5  8  7  87       
PG21 -11492.890842 -11134.092602  21998.449373     19.769720  4  7  8 112       
PG22 -19335.464309  10658.833160 -14453.803630   -774.159642  9  4  5  94       
PG24  14505.967903 -21969.384971   1066.744220    -15.234936  7  4  6  72       
PG25   1435.271362 -15155.613705 -22002.229092     19.801557  7  8  9  59       
PG26 -25660.540976  -5187.839354  -5178.587748    237.517771 10  9  6  79       
PG27 -16074.912078   -976.575811  21039.842168   -337.668039  7  5  6  78       
PG28  18997.571099  12964.905458  13731.223316    702.607731  7  7  9  77       
PG29  -1800.786879 -24340.521957 -10479.607313   -143.007684  7  4  8 106       
PG30   8624.412999  13972.320904  20888.712704   -255.463782  4  5  3  85       
PG31 -15710.768316  -3886.151728 -21173.237229    -53.502761  5  8  6  94       
PG32 -16248.022911 -18791.927631  -9519.070653    311.613575  4  7  4  82       
*  2020  7  5  0 45  0.00000000
PG01 -14708.909061  21833.938199   1385.710396     21.366102  6  5  7  88       
PG02  17610.894672  -6089.848523 -18271.682904   -482.394577  7  9  8  97       
PG03 -14558.947159  12374.480916 -18474.189298   -229.834782  7  5  4 100       
PG04  -4286.989182  19234.262358 -17779.593782   -110.792193 11  7  9  11       
PG05  26489.063197  -1824.156084   2352.716184    -16.005130  7  7  5  90       
PG06  12705.707641   7522.684282 -22025.943401   -298.595076  8  7  9  79       
PG07  -1768.904320  22157.522880  14474.888018   -319.853308  5  6  5  79       
PG08 -12219.532416   8863.996046  21851.060135    -39.872699  7  8  4 102       
PG09   6073.107753  24159.300622  -9240.392500   -248.076315  6  5  3  77       
PG10 -17460.627721 -11760.277991  16427.016640   -390.509361  7  5  4  96       
PG11 -12330.528485  18753.386972  13954.768247   -230.166978  8  7  8 101       
PG12  15265.769122 -11230.103349 -18779.399334     97.845292  5  8  4  49       
PG13  15798.820364    244.056022  21245.454840     23.944285  7  6  2  71       
PG14 -17051.789655 -14966.573616 -13605.744417     -1.052741  6  6  5  86       
PG15  11594.471731 -10834.337386  20955.665409   -219.749649  5  6  6  54       
PG16 -26269.260343    398.210758   5069.704744   -178.703739 10  6  8  73       
PG17  14485.785582  21333.036671  -6039.129527    291.000786  8  8  7  88       
PG18   2600.628331 -22233.002343  14263.052345    238.032108  7  8  8  79       
PG19  16577.008993  15749.415469 -13849.067648   -136.348936  8  8  7 101       
PG20  -5836.773875 -15009.225394  21067.024972    527.352511  4  7  7  80       
PG21 -10318.439679 -13141.895162  21473.017800     19.774401  3  7  7 123       
PG22 -20914.800154  10426.765490 -12279.494829   -774.157358  9  4  5  76       
PG24  14659.370369 -21525.951747   3874.852951    -15.235185  7  4  6  67       
PG25   3884.142501 -14983.441424 -21798.396170     19.805257  8  8  9  71       
PG26 -24915.503436  -5435.109726  -7860.902698    237.523890  9  9  6  77       
PG27 -17085.150438  -3119.784341  20047.366718   -337.676743  7  5  6  91       
PG28  17386.963489  12869.138945  15891.002925    702.604885  7  6  8  65       
PG29  -1142.074736 -23172.605529 -12943.746612   -143.015633  7  5  8 103       
PG30   7187.016723  15829.253429  20071.163699   -255.470780  4  5  3  78       
PG31 -14337.419793  -5899.026371 -21637.666401    -53.505029  4  7  6  92       
PG32 -16465.477255 -19743.504028  -6892.271708    311.619360  4  7  4  77       
*  2020  7  5  1  0  0.00000000
PG01 -14726.301303  21417.079497   4276.622903     21.370936  6  5  6  94       
PG02  16741.097538  -3965.461969 -19585.864193   -482.399580  7  9  8  83       
PG03 -16566.750718  12242.031328 -16778.270352   -229.845401  7  5  4 100       
PG04  -5421.406620  17434.124297 -19265.980734   -110.796394 11  6  8  90       
PG05  26621.238946  -1567.500217   -473.969430    -16.005922  7  7  5  76       
PG06  11451.173752   9704.556871 -21856.734025   -298.599958  8  6  9  92       
PG07  -2733.981400  23331.192183  12215.542852   -319.861065  5  6  5  52       
PG08 -13525.059050   6735.851498  21864.239006    -39.873286  7  8  5 105       
PG09   5243.346491  23265.319269 -11723.577207   -248.082265  6  5  3  84       
PG10 -15507.375421 -11910.030142  18173.500898   -390.518931  6  6  3  88       
PG11 -12511.113543  16956.983375  15863.023021   -230.157454  8  7  8  87       
PG12  17265.024576 -10980.886673 -17084.892065     97.840915  6  8  5  35       
PG13  16680.939429   2482.439946  20424.866918     23.947018  7  6  2  63       
PG14 -17503.264239 -16379.678584 -11281.553743     -1.050235  6  6  4  89       
PG15  13090.437721  -8852.443792  21038.564122   -219.747337  5  6  5  64       
PG16 -26690.658532    192.104810   2245.329755   -178.708349 10  6  7  54       
PG17  14580.788330  21930.692314  -3205.668631    291.006157  8  7  7  85       
PG18   3545.083025 -23419.473690  11977.344979    238.041002  7  8  8  97       
PG19  17020.852783  17086.466706 -11473.110786   -136.344399  8  8  7 108       
PG20  -3415.094859 -15374.754938  21312.223808    527.352734  4  7  6  91       
PG21  -9286.310755 -15140.605931  20603.800634     19.778367  3  6  6 121       
PG22 -22244.146054  10247.757510  -9889.969790   -774.155280  9  3  5  93       
PG24  14692.966042 -20806.684586   6614.493350    -15.235856  7  3  5  79       
PG25   6298.115411 -14942.224527 -21226.780539     19.808910  9  8  9  65       
PG26 -23889.935726  -5729.781517 -10409.809981    237.530058  8  8  7  48       
PG27 -18143.476188  -5086.521662  18708.518344   -337.685467  6  4  6  86       
PG28  15552.634115  12840.303118  17785.817677    702.601652  7  6  8  72       
PG29   -301.891631 -21803.914989 -15185.304649   -143.023464  6  6  8  89       
PG30   5899.029218  17660.464441  18907.975643   -255.477738  4  5  3  77       
PG31 -13051.491163  -8011.063631 -21732.217835    -53.507421  4  7  6  91       
PG32 -16578.822609 -20420.193007  -4147.580939    311.625131  4  7  4  90       
*  2020  7  5  1 15  0.00000000
PG01 -14620.876311  20708.235105   7092.062634     21.375799  6  5  6  91       
PG02  15928.475518  -1675.346681 -20543.666038   -482.404974  7  9  7  67       
PG03 -18371.942903  12202.103101 -14793.862186   -229.855977  6  5  3  89       
PG04  -6726.497307  15568.361321 -20420.192683   -110.800605 11  6  8  43       
PG05  26450.110149  -1288.344057  -3292.615364    -16.006781  7  7  5  93       
PG06  10336.351456  11915.849916 -21309.511798   -298.604847  7  5  8  83       
PG07  -3521.462751  24314.589749   9744.025161   -319.868785  5  6  5  67       
PG08 -14929.967116   4698.986989  21501.929512    -39.875274  7  8  5 104       
PG09   4216.715441  22193.190002 -14005.326458   -248.088184  6  5  3  61       
PG10 -13385.048651 -12176.753112  19611.937325   -390.528629  5  5  3  91       
PG11 -12774.426356  14964.436483  17492.525421   -230.147733  8  7  7  92       
PG12  19069.789815 -10841.771690 -15099.552651     97.836390  7  8  5  82       
PG13  17629.267457   4568.091521  19249.929444     23.949852  7  5  3  68       
PG14 -17894.214883 -17523.549128  -8761.714589     -1.047765  5  6  4  82       
PG15  14665.860356  -6953.622490  20749.163191   -219.744986  5  6  4  82       
PG16 -26803.368683     18.686283   -616.747524   -178.712671  9  6  7  84       
PG17  14545.947122  22239.534709   -316.801181    291.011325  8  7  6  82       
PG18   4300.234277 -24414.039498   9485.088664    238.049835  7  8  8  86       
PG19  17407.413682  18152.834924  -8902.959538   -136.339792  8  8  7 106       
PG20  -1004.634627 -15857.333860  21188.216755    527.352380  5  7  6  69       
PG21  -8404.515950 -17087.400894  19404.523137     19.782556  3  6  6 109       
PG22 -23301.572719  10090.139988  -7327.356114   -774.153070  8  2  5  79       
PG24  14642.448537 -19807.238279   9237.091761    -15.236415  6  2  5  81       
PG25   8629.816607 -15024.117320 -20296.087481     19.812597  9  8  9  62       
PG26 -22605.014007  -6103.560731 -12781.985804    237.536094  8  8  6  76       
PG27 -19212.034984  -6847.676304  17047.466109   -337.694134  6  4  5  89       
PG28  13529.431756  12907.053001  19385.697931    702.598679  7  5  8  70       
PG29    732.499492 -20277.057462 -17165.900382   -143.031476  6  6  8  67       
PG30   4770.614908  19421.380855  17418.571707   -255.484759  4  5  3  83       
PG31 -11878.991058 -10181.495860 -21453.911299    -53.509481  4  7  6  92       
PG32 -16551.357134 -20829.866018  -1332.033984    311.631011  3  7  4  55       
*  2020  7  5  1 30  0.00000000
PG01 -14432.220184  19702.595615   9782.105823     21.380702  7  5  6  83       
PG02  15202.757133    739.236131 -21126.828020   -482.410128  7  9  7  87       
PG03 -19940.545260  12226.089617 -12554.775337   -229.866535  6  5  3  87       
PG04  -8190.978923  13682.904615 -21222.403533   -110.804832 11  5  7  53       
PG05  25983.859276   -950.942640  -6055.395945    -16.007516  7  7  5  90       
PG06   9376.406834  14108.376466 -20393.655359   -298.609764  7  5  8  77       
PG07  -4148.180060  25070.331937   7102.362347   -319.876661  5  5  4  90       
PG08 -16402.213473   2790.787067  20771.107741    -39.876731  7  8  5  96       
PG09   2985.741482  20983.336540 -16046.573935   -248.094229  6  5  3  43       
PG10 -11136.698484 -12576.233284  20717.576472   -390.538380  5  5  3  70       
PG11 -13139.061601  12812.859371  18812.940332   -230.138275  8  7  7  91       
PG12  20643.408231 -10786.020886 -12856.435752     97.831942  7  8  5  74       
PG13  18609.526510   6467.409496  17741.459714     23.952791  7  5  4  61       
PG14 -18185.328395 -18395.140177  -6090.593755     -1.045405  5  6  5  76       
PG15  16287.347844  -5172.023476  20093.858402   -219.742595  5  6  4  85       
PG16 -26605.461787   -160.576289  -3468.520802   -178.716899  9  6  6  73       
PG17  14346.191750  22276.913697   2577.551900    291.016680  8  6  6  78       
PG18   4883.923686 -25180.088291   6829.258492    238.058698  8  8  7  87       
PG19  17695.018059  18944.333019  -6181.649703   -136.335108  7  7  7  97       
PG20   1348.557847 -16445.666377  20696.485372    527.352630  5  7  6  81       
PG21  -7673.518064 -18939.159247  17893.864717     19.787563  4  5  5 110       
PG22 -24073.259084   9919.654750  -4636.721688   -774.151013  8  1  5  55       
PG24  14544.762940 -18532.017823  11696.078972    -15.236489  6  2  4  76       
PG25  10834.194801 -15213.564314 -19021.058416     19.816268 10  8  9  71       
PG26 -21089.020206  -6583.870608 -14937.026078    237.542245  7  7  6  82       
PG27 -20249.659003  -8382.197077  15093.759568   -337.702862  5  4  5  89       
PG28  11357.382323  13091.807781  20665.673023    702.595577  7  5  7  65       
PG29   1965.543310 -18637.769754 -18851.675908   -143.039366  6  6  8  63       
PG30   3804.089034  21067.416890  15628.098739   -255.491710  4  4  3  69       
PG31 -10838.983707 -12365.557572 -20806.144864    -53.511765  4  7  6  81       
PG32 -16349.709184 -20988.398086   1506.248674    311.636800  4  7  4  52       
*  2020  7  5  1 45  0.00000000
PG01 -14201.174523  18404.840919  12298.931830     21.385591  7  5  6  88       
PG02  14587.030537   3231.639666 -21324.256185   -482.415313  7  9  6  97       
PG03 -21245.648414  12280.557591 -10099.294810   -229.877117  6  6  4  87       
PG04  -9795.595495  11821.925348 -21658.870614   -110.809112 11  5  7  27       
PG05  25238.839771   -521.882692  -8715.556927    -16.008214  7  7  5  84       
PG06   8578.098856  16232.755455 -19124.955070   -298.614605  6  4  7  90       
PG07  -4637.515793  25566.611901   4336.056390   -319.884585  6  5  4  75       
PG08 -17904.470725   1042.280243  19684.998211    -39.877873  6  7  5  86       
PG09   1551.018976  19678.374476 -17812.416724   -248.100176  6  4  4  62       
PG10  -8808.584698 -13116.638112  21471.182836   -390.547970  5  5  3  58       
PG11 -13617.108968  10544.009137  19799.243445   -230.128865  7  7  7  90       
PG12  21955.834688 -10781.428641 -10393.173206     97.827614  7  8  5  73       
PG13  19583.165495   8154.112260  15926.027030     23.955550  7  5  5  60       
PG14 -18338.823583 -19000.171156  -3314.772296     -1.042863  5  6  5  87       
PG15  17917.138677  -3535.365194  19085.581003   -219.740282  5  7  3  65       
PG16 -26103.704171   -383.838819  -6262.393732   -178.720929  9  6  6  73       
PG17  13951.335673  22067.976201   5427.888501    291.021894  8  6  6  81       
PG18   5320.652399 -25686.771245   4055.656792    238.067511  8  8  7 101       
PG19  17843.163563  19465.489885  -3355.040498   -136.330600  7  7  7  98       
PG20   3600.997585 -17121.194315  19844.960457    527.352530  4  6  6  77       
PG21  -7086.316497 -20653.862830  16095.256638     19.791019  4  4  6  97       
PG22 -24553.891335   9700.991287  -1865.231051   -774.148825  8  1  5  83       
PG24  14436.468017 -16994.172330  13947.794113    -15.236895  6  1  4  77       
PG25  12870.053606 -15487.896840 -17422.302760     19.819964 10  8  8  81       
PG26 -19376.364619  -7192.627104 -16838.113229    237.548369  7  6  6  87       
PG27 -21213.473955  -9677.650586  12881.756362   -337.711580  5  4  4  89       
PG28   9080.335120  13409.893503  21606.034993    702.592187  7  5  7  64       
PG29   3393.040083 -16933.209163 -20213.862919   -143.046703  6  7  7  76       
PG30   2993.978103  22555.605012  13567.029207   -255.498707  4  4  3  71       
PG31  -9942.911246 -14516.018098 -19798.731929    -53.513798  4  7  6  92       
PG32 -15945.251847 -20918.909116   4318.867903    311.642547  4  7  4  35       
*  2020  7  5  2  0  0.00000000
PG01 -13968.049971  16829.133461  14597.755125     21.390463  7  6  6  92       
PG02  14096.786198   5751.549577 -21132.293592   -482.420207  7  9  5  76       
PG03 -22268.325846  12328.671008  -7469.538507   -229.887724  6  6  4  98       
PG04 -11513.705111  10026.249697 -21722.166308   -110.813309 10  5  6  50       
PG05  24238.943476     28.462395 -11228.167496    -16.008800  6  6  5  70       
PG06   7939.645817  18240.179074 -17525.339918   -298.619500  6  4  6  66       
PG07  -5018.328657  25778.528654   1493.304440   -319.892298  5  5  3  76       
PG08 -19395.495503   -522.842137  18262.803204    -39.878693  6  7  6  71       
PG09    -78.620387  18321.485716 -19272.700195   -248.106116  6  4  4  52       
PG10  -6448.596345 -13798.084481  21859.378532   -390.557718  6  4  4  70       
PG11 -14213.479119   8202.835959  20432.315681   -230.118971  7  8  6  57       
PG12  22984.696694 -10791.672455  -7751.393879     97.823256  8  8  5  75       
PG13  20508.875589   9610.035284  13835.454114     23.958307  7  4  5  70       
PG14 -18320.010271 -19352.661450   -482.205821     -1.040343  4  6  4 112       
PG15  19514.522828  -2064.069179  17743.457410   -219.738040  5  6  3  88       
PG16 -25313.273260   -687.281022  -8951.901336   -178.725419  8  7  5  82       
PG17  13337.345816  21644.516136   8185.950971    291.027125  8  5  5  83       
PG18   5640.428169 -25910.203404   1212.117639    238.076373  9  9  7  80       
PG19  17814.196751  19729.283996   -471.092570   -136.325531  7  7  6  97       
PG20   5713.267610 -17858.780713  18647.923296    527.352298  4  6  6  77       
PG21  -6628.788451 -22191.977386  14036.635295     19.795151  4  4  6 101       
PG22 -24746.731995   9399.362631    938.726677   -774.146857  8  2  5  73       
PG24  14352.120094 -15215.237598  15952.331754    -15.236152  5  1  3  87       
PG25  14701.458639 -15818.216088 -15526.033677     19.823661 10  8  8  67       
PG26 -17506.387519  -7945.224459 -18452.630960    237.554485  7  6  6  72       
PG27 -22060.567325 -10730.444455  10449.983114   -337.720360  4  5  4  94       
PG28   6744.501557  13868.956731  22192.529789    702.589376  8  5  6  69       
PG29   5002.130642 -15210.205698 -21229.260419   -143.054593  5  7  7  32       
PG30   2327.392134  23846.185673  11270.661638   -255.505693  3  4  3  77       
PG31  -9194.215574 -16584.837361 -18447.825522    -53.516081  3  7  5  53       
PG32 -15315.340815 -20650.743726   7057.949465    311.648289  4  7  4  84       
*  2020  7  5  2 15  0.00000000
PG01 -13770.863957  14998.729098  16637.701296     21.395346  6  6  5  93       
PG02  13739.306601   8246.869814 -20554.802380   -482.425545  7  9  5  85       
PG03 -22998.250538  12331.762622  -4710.741887   -229.898295  6  6  5  88       
PG04 -13312.161745   8331.915195 -21411.299802   -110.817465 10  5  6  85       
PG05  23014.702241    724.625797 -13550.837077    -16.009731  5  6  5  78       
PG06   7450.935496  20084.167554 -15622.494344   -298.624384  6  3  6  82       
PG07  -5323.637826  25689.171278  -1375.866682   -319.899918  6  5  3  60       
PG08 -20831.649044  -1888.917378  16529.338848    -39.879380  5  7  5 102       
PG09  -1886.255762  16954.787386 -20402.520406   -248.112062  6  3  5  28       
PG10  -4104.609916 -14612.519138  21874.899816   -390.567486  6  4  4  47       
PG11 -14925.531249   5835.882310  20699.427554   -230.109695  7  7  6  87       
PG12  23716.081481 -10777.845505  -4976.060857     97.818542  8  8  5  64       
PG13  21344.219297  10825.608968  11506.230233     23.961416  6  3  5  74       
PG14 -18098.716818 -19474.163873   2358.609468     -1.037700  4  6  4  98       
PG15  21037.374516   -770.706365  16092.355643   -219.735725  5  6  3  75       
PG16 -24257.184534  -1103.589150 -11492.403801   -178.729437  7  7  4  79       
PG17  12487.364378  21043.604424  10805.498007    291.032504  8  5  5  76       
PG18   5877.399433 -25834.407468  -1652.324214    238.085246  9  9  7  91       
PG19  17574.912278  19756.560540   2420.909109   -136.321374  7  6  6 102       
PG20   7651.369075 -18627.671714  17125.786987    527.351976  4  6  6  68       
PG21  -6280.279437 -23517.774523  11750.146959     19.799180  4  4  6 107       
PG22 -24663.360362   8982.055309   3726.419027   -774.144414  8  2  5  81       
PG24  14322.748909 -13224.441120  17674.310513    -15.236230  5     3  55       
PG25  16298.965193 -16170.534708 -13363.706208     19.827360  9  7  6  88       
PG26 -15521.982699  -8849.769974 -19752.717799    237.560656  7  5  5  93       
PG27 -22749.653606 -11545.714544   7840.443511   -337.729107  4  5  4  94       
PG28   4396.935260  14468.661840  22416.481209    702.585790  8  5  6  63       
PG29   6771.618634 -13513.542340 -21880.616763   -143.062510  5  7  7  61       
PG30   1784.696280  24904.092856   8778.526191   -255.512651  3  3  3  69       
PG31  -8588.280508 -18524.882946 -16775.724543    -53.518221  4  7  5  23       
PG32 -14444.329829 -20218.229638   9676.932947    311.654035  4  6  4  88       
*  2020  7  5  2 30  0.00000000
PG01 -13643.679420  12945.219544  18382.604101     21.400263  6  6  5  94       
PG02  13513.432170  10665.687322 -19603.054399   -482.430814  7  8  4  86       
PG03 -23433.988823  12250.991874  -1870.480462   -229.908882  7  6  5  90       
PG04 -15152.457255   6768.923502 -20731.727322   -110.821665 10  4  6  76       
PG05  21602.157958   1584.936093 -15644.388257    -16.010459  5  6  5  29       
PG06   7094.070272  21722.242884 -13449.371876   -298.629263  5  3  5  92       
PG07  -5589.116522  25290.405085  -4220.535529   -319.907937  6  5  2  48       
PG08 -22168.511870  -3048.691183  14514.586240    -39.880458  4  7  5  89       
PG09  -3847.337588  15617.757385 -21182.636615   -248.118015  6  3  5  57       
PG10  -1822.844645 -15543.918765  21516.760514   -390.577297  7  3  5  54       
PG11 -15743.026910   3489.598370  20594.593208   -230.100011  6  8  6  68       
PG12  24145.014448 -10700.114023  -2114.733557     97.814116  7  8  4  82       
PG13  22047.308323  11800.001662   8978.848731     23.964052  5  2  5  84       
PG14 -17650.534790 -19392.733248   5159.450670     -1.035533  4  5  5  99       
PG15  22443.731735    340.230491  14162.335230   -219.733370  6  7  4  93       
PG16 -22965.452142  -1660.573800 -13841.747323   -178.733606  7  7  4  88       
PG17  11392.451028  20306.056290  13243.014197    291.037983  8  5  5  83       
PG18   6068.330581 -25451.963267  -4488.285084    238.094145  9 10  8  84       
PG19  17098.010771  19575.148504   5271.177658   -136.316719  7  6  6 102       
PG20   9387.862653 -19392.700349  15304.759504    527.352029  4  5  6  78       
PG21  -6014.430527 -24600.553326   9271.798955     19.803599  4  4  6 106       
PG22 -24323.099278   8419.890533   6449.642009   -774.142384  8  3  5  87       
PG24  14374.491611 -11057.698741  19083.543907    -15.235477  5     3  59       
PG25  17640.617519 -16507.138549 -10971.557826     19.831083  9  7  5 112       
PG26 -13468.092589  -9906.598459 -20715.750539    237.566830  7  5  4  89       
PG27 -23242.674191 -12136.886875   5097.887036   -337.737803  4  5  4  83       
PG28   2084.002316  15200.676267  22274.852211    702.582589  8  5  6  73       
PG29   8672.617489 -11884.328500 -22156.910731   -143.070095  5  7  7  67       
PG30   1340.457071  25700.275469   6133.704492   -255.519669  3  3  3  55       
PG31  -8112.702594 -20291.641837 -14810.559069    -53.520275  4  7  5  80       
PG32 -13324.326349 -19659.262358  12131.334777    311.659858  4  6  4  78       
*  2020  7  5  2 45  0.00000000
PG01 -13615.117063  10707.437463  19801.702925     21.405136  6  6  5  96       
PG02  13409.712398  12958.222802 -18295.436008   -482.435870  7  8  3  90       
PG03 -23582.958265  12049.023876   1002.156564   -229.919469  7  6  5  71       
PG04 -16992.079635   5360.236943 -19695.251174   -110.825876 10  4  5 105       
PG05  20041.542944   2620.641772 -17473.477898    -16.011041  4  5  5  45       
PG06   6844.225084  23117.456100 -11043.614507   -298.634123  5  3  4  92       
PG07  -5851.456454  24583.317946  -6989.869723   -319.915999  5  4  3  62       
PG08 -23362.531789  -4003.375293  12253.166587    -39.881993  4  7  5 101       
PG09  -5930.442752  14345.776195 -21599.787980   -248.123970  5  2  5  92       
PG10    353.724496 -16568.805803  20790.317138   -390.587066  6  3  5   5       
PG11 -16648.419772   1208.646361  20118.777351   -230.090546  5  8  6  82       
PG12  24275.604986 -10519.436157    783.235363     97.809823  7  8  4  72       
PG13  22578.464307  12540.926025   6297.082639     23.967129  5  2  5  62       
PG14 -16957.838323 -19141.675459   7873.149974     -1.032882  3  5  4 104       
PG15  23693.358206   1272.228130  11988.018459   -219.730972  6  6  4  73       
PG16 -21474.013556  -2379.969457 -15960.887288   -178.738038  6  7  3  65       
PG17  10052.025262  19474.796162  15458.351291    291.043022  8  5  5  80       
PG18   6250.978790 -24764.337606  -7246.889444    238.103049  9 10  9  86       
PG19  16363.355677  19218.706090   8030.279960   -136.311901  7  6  6  95       
PG20  10902.754270 -20115.685145  13216.393039    527.352113  5  5  7  79       
PG21  -5800.223037 -25415.721270   6641.051793     19.807541  5  4  6  97       
PG22 -23752.155707   7688.538735   9061.565263   -774.140395  7  4  5  94       
PG24  14527.443627  -8756.346241  20155.597488    -15.236154  5     3  58       
PG25  18712.677767 -16788.120608  -8390.053545     19.834884  9  6  4  89       
PG26 -11390.129669 -11108.087024 -21324.749198    237.573039  7  4  4  71       
PG27 -23506.273585 -12524.936495   2269.051181   -337.746654  4  5  4  50       
PG28   -150.110702  16048.940098  21770.247282    702.579735  8  6  6  71       
PG29  10669.497370 -10358.527925 -22053.527954   -143.078223  4  7  7  91       
PG30    964.626884  26212.800412   3382.075272   -255.526670  3  3  3  55       
PG31  -7747.885615 -21844.858026 -12585.854791    -53.522730  4  7  5  70       
PG32 -11955.659846 -19013.769755  14379.474646    311.665633  3  6  4  93       
*  2020  7  5  3  0  0.00000000
PG01 -13707.105768   8330.070822  20870.223137     21.410015  5  5  4  76       
PG02  13410.930698  15078.676672 -16656.980689   -482.441159  6  7  2  74       
PG03 -23461.049657  11691.662539   3857.426720   -229.930067  7  6  5  63       
PG04 -18786.035275   4121.056529 -18319.809751   -110.830114 10  4  5  94       
PG05  18375.818811   3835.303102 -19007.159246    -16.012059  3  5  5  61       
PG06   6670.783581  24239.708563  -8446.888622   -298.639016  5  3  3  44       
PG07  -6146.672988  23578.299471  -9634.133865   -319.923759  5  4  2  42       
PG08 -24372.644088  -4762.384454   9783.749789    -39.883698  3  7  5  79       
PG09  -8098.295966  13168.839893 -21646.910111   -248.129900  5  2  5  56       
PG10   2386.836651 -17657.064397  19707.231462   -390.596798  6  2  5  62       
PG11 -17617.474551   -965.730608  19279.942965   -230.080883  4  8  5  84       
PG12  24120.848532 -10199.274718   3667.555750     97.805295  6  7  4  77       
PG13  22901.798062  13064.119999   3507.212624     23.970074  4  2  5  64       
PG14 -16010.545422 -18758.128393  10454.334546     -1.030252  3  5  4  90       
PG15  24749.226693   2036.341158   9607.901190   -219.728835  6  6  4  54       
PG16 -19823.455625  -3276.456336 -17814.469389   -178.742094  6  7  2  75       
PG17   8473.999958  18593.181273  17415.297604    291.048388  8  5  5  78       
PG18   6462.436573 -23781.881680  -9880.617006    238.111945  8 10  9  75       
PG19  15358.975092  18725.334429  10650.011351   -136.307350  7  6  6 101       
PG20  12184.088414 -20756.967708  10897.027166    527.351609  5  5  7  79       
PG21  -5603.214212 -25945.695689   3900.346807     19.811273  5  5  6 106       
PG22 -22982.513519   6769.636806  11517.535045   -774.138061  7  4  5  62       
PG24  14794.774777  -6365.660789  20872.220133    -15.236332  5     3  54       
PG25  19510.051408 -16973.030653  -5663.240036     19.838688  9  6  2  80       
PG26  -9332.382140 -12438.780127 -21568.695701    237.579224  7  5  5  65       
PG27 -23513.099511 -12737.375678   -598.110883   -337.755418  4  5  4  53       
PG28  -2264.805303  16990.208940  20910.858391    702.576465  8  6  6  64       
PG29  12721.096192  -8965.696152 -21572.330621   -143.085996  5  7  6  75       
PG30    623.919884  26427.691288    571.499635   -255.533651  2  2  2  67       
PG31  -7467.939855 -23150.027988 -10139.980075    -53.524735  4  7  5  88       
PG32 -10347.045547 -18322.114087  16383.155393    311.671498  4  6  4  72       
*  2020  7  5  3 15  0.00000000
PG01 -13933.924613   5862.046293  21569.825787     21.414893  5  5  4  72       
PG02  13492.972160  16986.886800 -14718.750057   -482.446429  6  7  2  78       
PG03 -23091.926676  11149.372118   6645.812786   -229.940630  6  6  6  78       
PG04 -20488.476721   3058.408207 -16629.162522   -110.834320 10  4  5  82       
PG05  16649.126631   5224.473650 -20219.378410    -16.012456  3  4  5  65       
PG06   6538.706732  25066.815852  -5704.149971   -298.643855  5  3  2  96       
PG07  -6508.426018  22294.742391 -12105.694512   -319.931551  5  4  2  18       
PG08 -25161.804550  -5342.765553   7148.406174    -39.884719  4  7  5  68       
PG09 -10309.018931  12110.492590 -21323.248571   -248.135871  5  3  5  62       
PG10   4244.241599 -18773.029365  18285.327532   -390.606522  6  3  6  67       
PG11 -18620.191668  -2997.200794  18092.933467   -230.071592  4  8  5  76       
PG12  23702.087193  -9707.234435   6487.893432     97.800877  6  7  4  96       
PG13  22986.646927  13392.526074    657.221775     23.973002  3  2  6  61       
PG14 -14806.598787 -18281.530085  12860.116898     -1.027921  3  4  4  87       
PG15  25578.868280   2650.492701   7063.620944   -219.726518  6  6  5  70       
PG16 -18057.585297  -4356.938063 -19371.364377   -178.746295  6  7  1  55       
PG17   6674.607877  17703.343862  19082.073843    291.053434  8  4  5  35       
PG18   6737.505447 -22523.496272 -12344.124674    238.120825  8 11  9  87       
PG19  14081.762853  18136.010206  13084.273000   -136.302546  7  6  5  97       
PG20  13228.224204 -21277.026929   8387.136176    527.351429  6  5  7  81       
PG21  -5386.930100 -26180.589733   1094.564606     19.815696  5  5  6  92       
PG22 -22050.625798   5651.666488  13775.821588   -774.136099  7  5  5  67       
PG24  15182.146402  -3933.236007  21221.641641    -15.237119  4  2  4  48       
PG25  20036.386855 -17022.577491  -2838.015959     19.842517  9  7  2  81       
PG26  -7336.463156 -13875.823501 -21442.759184    237.585404  7  6  5  62       
PG27 -23242.881844 -12807.012582  -3455.206196   -337.764217  4  5  4  41       
PG28  -4224.353313  17994.852049  19710.355792    702.573363  8  6  6  65       
PG29  14782.148990  -7727.974532 -20721.619931   -143.093825  5  7  7  89       
PG30    283.324126  26339.467127  -2249.038287   -255.540673  2  2  2  58       
PG31  -7241.853443 -24179.689955  -7515.482892    -53.527116  4  7  5  77       
PG32  -8515.437494 -17623.491001  18108.287130    311.677295  4  5  5  68       
*  2020  7  5  3 30  0.00000000
PG01 -14301.576156   3354.751531  21888.917480     21.419747  5  5  4  72       
PG02  13625.986656  18649.726767 -12517.089180   -482.451559  6  6  2  77       
PG03 -22506.029921  10398.625375   9318.902558   -229.951207  6  5  6  82       
PG04 -22054.373446   2171.052118 -14652.475756   -110.838510 10  5  4  87       
PG05  14905.204091   6775.683773 -21089.399113    -16.012772  4  4  5  76       
PG06   6410.078982  25585.273150  -2862.851538   -298.648717  5  3  2  96       
PG07  -6966.432631  20760.373540 -14359.993644   -319.939339  4  4  2  63       
PG08 -25698.379587  -5768.342575   4391.911328    -39.884369  4  7  5  84       
PG09 -12517.560424  11187.018151 -20634.368007   -248.141794  5  3  4  79       
PG10   5900.772075 -19876.810135  16548.341591   -390.616225  6  3  6  41       
PG11 -19621.998243  -4855.628412  16579.189373   -230.062021  4  8  4  98       
PG12  23048.145372  -9016.555397   9194.784276     97.796578  5  7  4  97       
PG13  22808.816152  13555.203699  -2204.028325     23.975783  1  2  5  57       
PG14 -13352.154083 -17752.031166  15050.729943     -1.025250  3  4  4  94       
PG15  26155.539701   3138.522688   4399.198915   -219.724063  5  6  5  87       
PG16 -16221.893019  -5620.100827 -20605.151916   -178.750584  6  7  2  61       
PG17   4677.932806  16844.608923  20431.754994    291.058946  8  4  5  33       
PG18   7107.164747 -21015.977952 -14595.028835    238.129707  8 11 10  83       
PG19  12537.843876  17492.896865  15289.933898   -136.298199  7  6  5  84       
PG20  14039.782650 -21638.103713   5730.593675    527.351641  6  5  8  88       
PG21  -5114.374354 -26118.650720  -1729.588877     19.819726  5  6  6  92       
PG22 -20995.960560   4330.562797  15798.299630   -774.134203  6  6  4  82       
PG24  15687.451212  -1507.279864  21198.733132    -15.238178  4  3  4  54       
PG25  20303.839459 -16900.316510     36.671271     19.846295  9  7  3  84       
PG26  -5439.862117 -15389.694045 -20948.421810    237.591628  7  6  6  83       
PG27 -22683.253948 -12770.528465  -6254.171381   -337.772966  4  5  4  83       
PG28  -5999.013242  19027.881101  18187.723644    702.570433  8  6  6  70       
PG29  16804.881827  -6659.378071 -19515.992288   -143.101520  5  7  7  97       
PG30    -92.311748  25951.357655  -5030.317891   -255.547643  1  2  2  62       
PG31  -7034.890225 -24914.450038  -4758.328733    -53.529366  4  7  5  67       
PG32  -6485.575865 -16954.384908  19525.447109    311.683034  3  5  5  69       
*  2020  7  5  3 45  0.00000000
PG01 -14807.515079    860.172487  21822.815894     21.424611  5  4  4  84       
PG02  13775.786552  20042.189180 -10092.785599   -482.456551  6  6  3  85       
PG03 -21739.324166   9423.023113  11830.252712   -229.961840  6  5  6  97       
PG04 -23441.161513   1449.717124 -12423.816348   -110.842748 10  5  4  70       
PG05  13185.826539   8468.727995 -21602.150107    -16.013790  4  4  5  72       
PG06   6245.770038  25790.692963     27.890769   -298.653620  5  3  2  99       
PG07  -7545.044704  19010.240154 -16356.462089   -319.947164  4  3  2  72       
PG08 -25957.343335  -6068.610846   1561.014009    -39.885973  4  7  5  10       
PG09 -14677.253761  10406.921192 -19592.056973   -248.147704  5  4  4  77       
PG10   7339.148617 -20925.801759  14525.565228   -390.625915  5  4  6  67       
PG11 -20585.152091  -6518.091456  14766.306220   -230.052474  4  8  4  82       
PG12  22194.170987  -8107.398697  11740.549842     97.792282  5  7  4  91       
PG13  22351.578376  13586.019329  -5027.626202     23.978556     2  5  62       
PG14 -11661.473718 -17208.908675  16990.102610     -1.022742  4  4  4  94       
PG15  26459.169716   3529.027075   1660.271025   -219.721996  5  6  5  60       
PG16 -14361.960430  -7056.271175 -21494.548702   -178.754645  6  7  3  44       
PG17   2515.165973  16052.040109  21442.618867    291.063915  8  3  4  63       
PG18   7597.195726 -19293.071831 -16594.634351    238.138600  7 11 10  88       
PG19  10742.581529  16837.601065  17227.658110   -136.293617  7  5  5  90       
PG20  14631.267424 -21805.769277   2973.869791    527.351537  6  6  8  54       
PG21  -4749.604411 -25766.424347  -4524.269700     19.824064  6  6  6  86       
PG22 -19859.457976   2810.032504  17551.053202   -774.131694  6  6  4  85       
PG24  16300.882829    865.093423  20805.030935    -15.238818  4  4  4  32       
PG25  20332.503348 -16574.253256   2910.689191     19.849985  9  8  4  54       
PG26  -3674.653586 -16945.201381 -20093.500100    237.597875  6  7  7  80       
PG27 -21830.289397 -12666.926791  -8948.026419   -337.781697  4  5  5  70       
PG28  -7565.945404  20050.178860  16367.039265    702.567044  7  6  5  77       
PG29  18740.710331  -5765.403239 -17976.091709   -143.109364  5  7  6  85       
PG30   -536.682448  25275.185022  -7723.777448   -255.554655  1  2  2  82       
PG31  -6810.157362 -25343.698518  -1917.054444    -53.531603  4  7  5  95       
PG32  -4289.244433 -16347.138053  20610.367532    311.688832  4  5  5  62       
*  2020  7  5  4  0  0.00000000
PG01 -15440.739942  -1570.975550  21373.770979     21.429483  5  4  4  96       
PG02  13905.409388  21148.116541  -7490.162869   -482.461560  6  5  4  63       
PG03 -20831.838385   8214.138882  14136.219598   -229.972465  6  5  6  85       
PG04 -24610.308944    877.650354  -9981.562642   -110.846956  9  5  3  91       
PG05  11529.328167  10276.247668 -21748.490048    -16.013853  4  4  5  89       
PG06   6007.146001  25687.899068   2918.158961   -298.658445  4  5  3  86       
PG07  -8262.057421  17085.394491 -18059.345855   -319.955035  4  3  3  88       
PG08 -25921.238654  -6277.422594  -1296.322746    -39.887931  4  7  5  78       
PG09 -16741.443326   9770.716481 -18214.130039   -248.153652  5  5  4  99       
PG10   8550.483040 -21876.326686  12251.384111   -390.635626  5  5  6  70       
PG11 -21470.294298  -7969.586975  12687.446915   -230.042762  5  7  4  70       
PG12  21180.226105  -6967.867559  14080.194376     97.787848  5  7  4  80       
PG13  21606.394989  13522.166243  -7765.430303     23.981490     2  5  62       
PG14  -9756.533834 -16689.036495  18646.373059     -1.020342  4  4  4  58       
PG15  26477.055187   3854.037140  -1106.678740   -219.719479  5  6  5  67       
PG16 -12521.866239  -8647.580455 -22023.775444   -178.759029  7  7  4  87       
PG17    223.616301  15355.160829  22098.422328    291.068979  7  3  4  55       
PG18   8227.014832 -17394.267799 -18308.597703    238.147440  7 10  9  66       
PG19   8720.219327  16209.445370  18862.677236   -136.289077  7  5  5  91       
PG20  15022.375381 -21750.372281    165.178240    527.351680  7  7  8  55       
PG21  -4259.319916 -25138.625548  -7241.254342     19.827831  6  7  6  75       
PG22 -18681.958956   1101.574216  19004.897941   -774.129618  6  6  4  92       
PG24  17005.327401   3139.507729  20048.628585    -15.239817  4  4  4  63       
PG25  20149.528978 -16018.295466   5733.628302     19.853729  8  8  6  63       
PG26  -2066.414294 -18502.725971 -18892.058243    237.604109  7  8  7  72       
PG27 -20688.737089 -12535.910990 -11491.604556   -337.790443  4  5  5  77       
PG28  -8909.895201  21019.891231  14277.193781    702.563964  7  7  5  53       
PG29  20541.979040  -5042.969878 -16128.262375   -143.117338  5  7  6  83       
PG30  -1080.486575  24330.915869 -10282.399263   -255.561633  1  2  2  84       
PG31  -6530.277014 -25465.982501    958.143672    -53.533832  4  7  5 100       
PG32  -1964.264393 -15828.686520  21344.344283    311.694721  4  4  5  60       
*  2020  7  5  4 15  0.00000000
PG01 -16182.239504  -3891.045901  20550.846175     21.434306  5  4  4  80       
PG02  13976.771423  21960.560910  -4756.139033   -482.466859  6  5  4  89       
PG03 -19826.056721   6772.053611  16196.740400   -229.983064  6  4  5  89       
PG04 -25528.736832    431.459376  -7367.742499   -110.851231  9  5  2  60       
PG05   9969.257177  12164.590037 -21525.385082    -16.014725  4  4  5  74       
PG06   5657.761860  25290.674218   5758.104373   -298.663309  4  5  3  95       
PG07  -9127.803715  15031.334960 -19438.421341   -319.962884  4  3  3  88       
PG08 -25580.867401  -6431.512956  -4131.697189    -39.889237  4  7  5  66       
PG09 -18665.119235   9271.034288 -16524.130156   -248.159598  5  5  4  91       
PG10   9534.457787 -22685.344531   9764.717061   -390.645515  4  6  6  71       
PG11 -22238.078690  -9203.393907  10380.627469   -230.033244  5  7  4  59       
PG12  20049.682537  -5594.717482  16172.262255     97.783689  5  7  3  65       
PG13  20573.333977  13402.571960 -10370.867333     23.984620  1  2  5  68       
PG14  -7666.361171 -16225.464439  19992.337471     -1.017465  4  3  3  72       
PG15  26204.287625   4147.591560  -3855.071341   -219.716839  4  6  5  50       
PG16 -10742.645102 -10368.434389 -22182.856784   -178.763440  7  8  5  47       
PG17  -2154.490182  14776.891172  22388.606378    291.074979  7  3  4  72       
PG18   9008.761718 -15363.386938 -19707.513102    238.156286  7 10  9  84       
PG19   6503.164762  15643.829443  20165.488118   -136.284217  7  5  5  85       
PG20  15239.026234 -21448.305181  -2646.408180    527.351274  7  7  8  79       
PG21  -3614.402804 -24257.705945  -9832.763102     19.831994  6  7  6  48       
PG22 -17502.664421   -775.797115  20135.816277   -774.127578  5  6  3  81       
PG24  17777.056071   5275.840439  18943.944849    -15.240245  5  5  4  68       
PG25  19787.957877 -15213.490121   8455.735805     19.857341  7  8  6  76       
PG26   -633.391607 -20019.648886 -17364.211519    237.610367  7  8  8  54       
PG27 -19271.948000 -12416.249231 -13842.250771   -337.799186  5  6  4  74       
PG28 -10023.619596  21893.940813  11951.551269    702.561047  7  7  4  82       
PG29  22163.676114  -4480.698856 -14004.106672   -143.125108  5  7  6  73       
PG30  -1750.007587  23145.901585 -12661.565760   -255.568627     2  3  77       
PG31  -6159.090629 -25289.016153   3816.366194    -53.536040  4  7  5 101       
PG32    446.739712 -15419.510564  21714.560230    311.700504  4  4  5  71       
*  2020  7  5  4 30  0.00000000
PG01 -17005.769743  -6057.115132  19369.667755     21.439102  5  3  5 105       
PG02  13952.337843  22481.771877  -1939.278348   -482.472025  5  5  5  90       
PG03 -18765.224785   5105.557553  17976.049070   -229.993693  6  2  5  92       
PG04 -26170.041883     82.213412  -4627.310064   -110.855455  9  5  2  48       
PG05   8533.214556  14094.914883 -20935.994949    -16.015261  4  4  4  98       
PG06   5164.968417  24621.172821   8498.813669   -298.668184  4  6  4  89       
PG07 -10144.575598  12896.273855 -20469.579609   -319.970582  4  4  3  92       
PG08 -24935.684925  -6568.921042  -6897.050953    -39.890526  4  6  5  64       
PG09 -20406.498784   8893.037378 -14550.935705   -248.165554  5  5  3  82       
PG10  10299.170856 -23312.162899   7108.362689   -390.655217  5  7  7  74       
PG11 -22850.803406 -10221.081150   7887.899636   -230.023541  6  6  4  97       
PG12  18847.487405  -3993.721566  17979.635169     97.779339  5  6  4  70       
PG13  19261.170351  13266.254394 -12799.697355     23.987292  3  3  5  75       
PG14  -5426.124561 -15846.153499  21005.832894     -1.014917  4  3  3 105       
PG15  25643.900982   4444.255618  -6538.962689   -219.714664  4  6  5  81       
PG16  -9060.853750 -12186.276419 -21967.847649   -178.767529  7  8  6  98       
PG17  -4573.380761  14332.734092  22308.430988    291.079584  7  3  4  80       
PG18   9946.677505 -13247.012758 -20767.411889    238.165134  7 10  8  88       
PG19   4130.938961  15170.749947  21112.456707   -136.279880  7  5  5  85       
PG20  15312.152635 -20883.038041  -5411.854429    527.351901  6  8  9  90       
PG21  -2791.344849 -23153.118890 -12252.337585     19.835886  6  7  6  68       
PG22 -16357.681954  -2796.107728  20925.302616   -774.125175  5  6  3 104       
PG24  18586.684883   7239.551139  17511.378488    -15.241633  5  5  4  65       
PG25  19285.319388 -14148.989877  11028.854347     19.860968  6  7  7  78       
PG26    614.042294 -21451.919968 -15535.819954    237.616557  7  9  8  74       
PG27 -17601.497091 -12344.184452 -15960.481783   -337.807931  5  6  4  38       
PG28 -10908.038256  22629.615378   9427.543108    702.558096  7  8  4  71       
PG29  23565.058810  -4059.514460 -11639.955444   -143.132687  5  7  6  82       
PG30  -2565.873930  21753.837689 -14819.868368   -255.575613     2  4  90       
PG31  -5663.321949 -24829.326019   6606.988041    -53.538206  4  7  5  67       
PG32   2897.757842 -15132.839126  21714.317628    311.706308  4  4  5  85       
*  2020  7  5  4 45  0.00000000
PG01 -17878.924153  -8032.430213  17852.053573     21.443881  4  2  5 107       
PG02  13796.739056  22722.828942    911.138723   -482.477237  5  5  5 100       
PG03 -17691.639181   3232.010429  19443.312888   -230.004312  7     5 103       
PG04 -26515.473703   -203.239939  -1807.373648   -110.859702  9  5  2  61       
PG05   7241.920199  16024.510837 -19989.663989    -16.016313  4  5  4 104       
PG06   4501.370446  23709.022880  11093.153875   -298.673007  4  6  5  91       
PG07 -11306.397079  10729.309799 -21135.265116   -319.978569  4  4  3 101       
PG08 -23993.884040  -6727.364324  -9545.447407    -39.891704  3  6  5  51       
PG09 -21928.495151   8615.133600 -12328.278056   -248.171477  6  5  3  66       
PG10  10860.649365 -23720.080820   4328.263472   -390.664928  5  8  7  62       
PG11 -23273.970988 -11032.166356   5254.457249   -230.014071  6  6  4 103       
PG12  17618.370373  -2179.671888  19470.249292     97.774983  4  6  4  64       
PG13  17687.167023  13150.689067 -15010.734902     23.990439  3  3  5  91       
PG14  -3076.013022 -15572.909138  21670.052862     -1.012587  5  4  3 110       
PG15  24806.741174   4777.641546  -9113.743043   -219.712492  4  6  5  83       
PG16  -7507.296513 -14062.623492 -21380.979123   -178.771805  7  8  7  57       
PG17  -6985.230753  14030.236543  21859.040170    291.084745  7  4  3  64       
PG18  11036.797417 -11092.827603 -21470.167200    238.173964  7  9  7  81       
PG19   1648.831130  14813.543842  21686.310736   -136.275223  6  5  5  83       
PG20  15276.301818 -20045.878146  -8083.053133    527.351259  6  8  9  82       
PG21  -1773.497370 -21860.295746 -14455.756329     19.840024  7  7  7  58       
PG22 -15278.711976  -4927.241262  21360.617224   -774.123211  5  5  2 107       
PG24  19400.358719   9002.775244  15776.862476    -15.242326  4  5  4  64       
PG25  18682.045661 -12822.703876  13407.343704     19.864554  6  7  7  85       
PG26   1673.626862 -22755.704617 -13438.074520    237.622790  7  9  8  65       
PG27 -15706.513848 -12351.946010 -17810.600977   -337.816660  5  7  3  63       
PG28 -11572.098203  23186.180488   6746.194393    702.554572  6  7  4  89       
PG29  24711.128222  -3753.548348  -9076.258527   -143.140852  4  6  6  83       
PG30  -3542.049442  20193.485096 -16719.852305   -255.582630     2  4  95       
PG31  -5014.126186 -24111.545682   9280.632592    -53.540695  4  7  4  84       
PG32   5340.945079 -14974.139411  21343.174915    311.712111  4  3  5  92       
*  2020  7  5  5  0  0.00000000
PG01 -18764.448526  -9787.594646  16025.534880     21.448689  4  3  5 110       
PG02  13478.269361  22702.948607   3746.006413   -482.482432  5  4  5  98       
PG03 -16644.988718   1176.864677  20573.177307   -230.014781  7     4 100       
PG04 -26554.629611   -460.794158   1043.612023   -110.863933  9  5  3  77       
PG05   6108.542631  17908.275281 -18701.814299    -16.016594  4  5  4 102       
PG06   3646.079120  22590.153460  13496.581596   -298.677837  4  7  5  86       
PG07 -12599.155982   8578.586517 -21424.760084   -319.986694  4  5  3  72       
PG08 -22772.164577  -6942.626349 -12031.836019    -39.893422  3  6  5  72       
PG09 -23200.017831   8409.956832  -9894.176848   -248.177437  6  5  3  88       
PG10  11242.048410 -23877.897739   1472.699697   -390.674711  5  8  7  88       
PG11 -23477.708758 -11653.447960   2527.694628   -230.004341  6  6  4  80       
PG12  16405.067581   -176.013605  20617.714427     97.770845  4  6  4  79       
PG13  15876.545589  13090.248581 -16966.516324     23.993424  3  3  4  97       
PG14   -659.938625 -15420.548009  21973.794466     -1.010209  5  4  3  99       
PG15  23711.066882   5178.982156 -11536.799817   -219.709928  4  6  5  91       
PG16  -6105.958559 -15954.343067 -20430.716707   -178.776094  7  8  7  72       
PG17  -9341.733547  13868.743042  21047.457166    291.090084  7  3  3  43       
PG18  12266.969711  -8947.918019 -21803.797569    238.182784  7  9  6  84       
PG19   -893.689233  14587.910959  21876.506418   -136.270789  6  5  5  88       
PG20  15168.107454 -18936.425629 -10613.688839    527.351048  5  8  8  96       
PG21   -552.079890 -20419.360953 -16401.967294     19.844020  7  8  6  76       
PG22 -14291.919535  -7131.981646  21434.948707   -774.121105  5  5  2  97       
PG24  20181.108081  10545.145280  13771.331739    -15.243778  4  6  4  83       
PG25  18019.770365 -11241.601055  15548.962736     19.868181  7  6  7  86       
PG26   2551.128596 -23889.045111 -11106.980612    237.629051  7  9  8  93       
PG27 -13622.744493 -12466.415872 -19361.261804   -337.825352  6  7  2  71       
PG28 -12032.348997  23526.462344   3951.579917    702.551769  6  7  4  68       
PG29  25573.897280  -3531.310392  -6356.904938   -143.148115  4  6  6  82       
PG30  -4685.095219  18507.205769 -18328.682225   -255.589619     2  5  88       
PG31  -4188.457815 -23167.390114  11790.117916    -53.542781  4  6  5   7       
PG32   7728.248676 -14940.912287  20606.984248    311.717936  4  4  4  84       
*  2020  7  5  5 15  0.00000000
PG01 -19621.742881 -11301.452526  13922.786516     21.453475  3  3  5  90       
PG02  12970.213286  22448.507814   6517.229190   -482.487710  5  4  5  80       
PG03 -15660.813529  -1027.129638  21346.208817   -230.025396  7     4 100       
PG04 -26285.840597   -727.497418   3876.675426   -110.868169  9  5  4  84       
PG05   5138.319587  19700.305048 -17093.739294    -16.017380  4  5  4 102       
PG06   2585.710153  21305.394410  15667.902544   -298.682644  3  7  5  70       
PG07 -14001.084656   6489.518575 -21334.311638   -319.994275  4  5  4  76       
PG08 -21295.195661  -7247.017604 -14313.792354    -39.895393  3  6  4  41       
PG09 -24197.055379   8245.578797  -7290.301564   -248.183428  6  5  3  96       
PG10  11472.565295 -23761.225263  -1408.571867   -390.684475  5  9  7  74       
PG11 -23437.990029 -12108.047950   -243.754513   -229.994736  6  6  4  88       
PG12  15246.637170   1985.875280  21401.819665     97.766445  4  6  5  69       
PG13  13861.667567  13114.772363 -18633.904681     23.996504  4  4  4  99       
PG14   1775.892548 -15396.326141  21911.635302     -1.007310  5  5  3  85       
PG15  22381.899492   5675.806547 -13768.139129   -219.707682  4  6  5  80       
PG16  -4873.189612 -17815.130703 -19131.723953   -178.780573  6  8  8  22       
PG17 -11595.694713  13839.450545  19886.509010    291.095292  7  3  3  71       
PG18  13617.200180  -6857.113732 -21762.664931    238.191605  7  8  5  92       
PG19  -3444.737718  14501.259936  21679.457710   -136.266080  6  5  5  80       
PG20  15024.695153 -17562.708353 -12960.059152    527.351147  3  7  8  93       
PG21    873.109678 -18873.627771 -18054.011014     19.848322  7  7  6  78       
PG22 -13417.030345  -9369.243353  21147.486039   -774.118730  6  4  3  99       
PG24  20890.322354  11854.314578  11530.119201    -15.242591  4  5  4  88       
PG25  17339.582801  -9421.649215  17415.689368     19.871750  7  6  7  92       
PG26   3259.936523 -24813.470667  -8582.746049    237.635392  7  9  7  59       
PG27 -11391.377737 -12707.997243 -20585.973348   -337.834009  6  8  1  67       
PG28 -12312.234681  23618.344873   1090.208507    702.548188  6  7  4  56       
PG29  26133.403532  -3357.081589  -3528.483267   -143.155907  4  5  6  84       
PG30  -5993.732522  16739.372638 -19618.715867   -255.596633     3  5  98       
PG31  -3170.197856 -22034.354713  14091.351624    -53.545150  4  6  5 104       
PG32  10013.051835 -15022.803154  19517.827140    311.723766  5  3  4  72       
*  2020  7  5  5 30  0.00000000
PG01 -20408.487413 -12561.643022  11580.981679     21.458227  2  4  6  95       
PG02  12251.955452  21991.833567   9178.490258   -482.493047  4  4  5  70       
PG03 -14769.143192  -3341.006808  21749.227899   -230.036013  7  3  4 101       
PG04 -25716.233919  -1039.922237   6643.165631   -110.872408  9  5  5  87       
PG05   4328.486544  21355.539897 -15192.297197    -16.018076  4  5  4 113       
PG06   1315.089300  19898.903488  17569.968813   -298.687442  2  7  5  83       
PG07 -15483.563367   4503.159427 -20867.104549   -320.002234  4  5  4  93       
PG08 -19594.788711  -7667.967158 -16352.223315    -39.896672  3  6  4  65       
PG09 -24903.499013   8086.905337  -4561.269257   -248.189453  6  5  3  92       
PG10  11586.111579 -23353.546169  -4265.217640   -390.694250  5  9  7  78       
PG11 -23137.608271 -12424.215168  -3010.970740   -229.985380  6  6  4  83       
PG12  14176.937480   4267.729755  21808.913180     97.762315  3  5  5  49       
PG13  11680.956793  13248.319554 -19984.624442     23.999508  4  4  3  98       
PG14   4184.493972 -15499.648683  21484.038378     -1.004912  5  5  3  85       
PG15  20850.147400   6290.762208 -15770.962413   -219.705001  4  6  5  91       
PG16  -3817.173548 -19597.138775 -17504.725051   -178.785076  6  8  8  71       
PG17 -13702.597802  13925.764657  18394.679094    291.100506  7  3  2  76       
PG18  15060.309003  -4861.423364 -21347.564277    238.200450  7  8  5  95       
PG19  -5951.884511  14552.407376  21098.620625   -136.261468  6  5  5  81       
PG20  14882.086969 -15940.992743 -15081.836931    527.350991  2  7  8  99       
PG21   2493.330856 -17267.930586 -19379.904064     19.852304  7  7  6  68       
PG22 -12666.681354 -11595.443911  20503.401757   -774.116204  6  5  3  94       
PG24  21489.280521  12926.170447   9092.294973    -15.243648  4  6  4  77       
PG25  16680.311936  -7387.389305  18974.457646     19.875362  8  6  7  81       
PG26   3820.351959 -25495.491503  -5909.083470    237.641778  7  9  7 108       
PG27  -9057.673904 -13089.727134 -21463.541688   -337.842697  6  8     52       
PG28 -12441.118557  23436.124549  -1789.663576    702.545141  5  6  5  59       
PG29  26378.427672  -3192.475582   -639.493959   -143.163538  3  5  6  71       
PG30  -7458.723500  14934.718330 -20567.975408   -255.603604     3  6 105       
PG31  -1950.992883 -20754.196245  16144.152827    -53.547392  4  6  5  97       
PG32  12151.773156 -15202.026394  18093.846884    311.729596  5  3  4  83       
*  2020  7  5  5 45  0.00000000
PG01 -21082.326584 -13564.811732   9041.087682     21.463008  2  4  6  88       
PG02  11309.841007  21369.813840  11685.945643   -482.498067  5  4  5  60       
PG03 -13993.367393  -5720.911427  21775.526597   -230.046656  7  5  3 107       
PG04 -24861.470189  -1432.554710   9295.583290   -110.876608  9  5  6  92       
PG05   3668.519145  22831.397554 -13029.505581    -16.019054  4  5  4 104       
PG06   -162.361535  18416.482258  19170.302686   -298.692251  2  7  5  65       
PG07 -17012.205930   2654.778202 -20033.087564   -320.010017  4  5  5  74       
PG08 -17708.809620  -8226.798529 -18112.027187    -39.898654  4  7  3  66       
PG09 -25311.675218   7897.203476  -1753.889504   -248.195407  5  4  3  80       
PG10  11619.796232 -22646.975011  -7047.246584   -390.704119  5 10  7  84       
PG11 -22566.869685 -12633.947781  -5725.670859   -229.975772  6  6  4  80       
PG12  13223.331812   6625.726033  21832.147445     97.757875  3  6  5  68       
PG13   9377.602794  13508.151023 -20995.719225     24.002328  4  5  3 107       
PG14   6519.646479 -15722.072727  20697.382623     -1.002172  5  6  3  95       
PG15  19151.536358   7040.622352 -17512.195081   -219.702972  4  6  4 103       
PG16  -2937.710195 -21252.699251 -15576.260972   -178.789424  6  8  8  72       
PG17 -15622.089491  14103.948119  16595.885964    291.105739  6  3  2 103       
PG18  16562.874776  -2996.626101 -20565.703949    238.209280  7  7  5 104       
PG19  -8364.049315  14731.644206  20144.429392   -136.256964  6  5  5  84       
PG20  14773.669267 -14095.280628 -16942.759803    527.351343  1  6  7  92       
PG21   4290.916010 -15646.862046 -20353.449716     19.856422  7  7  6  78       
PG22 -12046.046978 -13765.969252  19513.748541   -774.114083  6  5  4  95       
PG24  21940.680066  13764.736064   6499.963160    -15.243370  4  6  4  90       
PG25  16076.914048  -5171.160946  20197.793109     19.878927  8  6  7  91       
PG26   4258.599461 -25907.915574  -3132.439312    237.648206  7  9  7  66       
PG27  -6669.444191 -13616.666589 -21978.440641   -337.851343  6  8     74       
PG28 -12453.067315  22961.667756  -4638.786865    702.541991  4  6  5  52       
PG29  26306.889713  -2998.108673   2260.473856   -143.171284  2  5  6  87       
PG30  -9063.073228  13136.689016 -21160.508907   -255.610611     3  6  96       
PG31   -530.771525 -19371.262112  17912.982583    -53.549402  4  6  5 106       
PG32  14105.361481 -15454.089620  16358.977867    311.735407  5  4  5  82       
*  2020  7  5  6  0  0.00000000
PG01 -21602.545431 -14316.479051   6347.118726     21.467812  2  5  6 101       
PG02  10137.764910  20622.387403  13998.840270   -482.503256  4  4  5  72       
PG03 -13349.382889  -8119.615813  21424.967730   -230.057267  6  6  2 113       
PG04 -23745.165242  -1936.265975  11788.391242   -110.880835  8  6  7 113       
PG05   3140.683606  24089.337941 -10642.039897    -16.019672  3  5  4 111       
PG06  -1834.571915  16903.845899  20441.637404   -298.697055  2  6  5  80       
PG07 -18548.175784    972.699726 -18848.665589   -320.018054  4  5  5  87       
PG08 -15679.868168  -8937.737223 -19562.698115    -39.899695  4  7  3  83       
PG09 -25422.566410   7639.700311   1083.631250   -248.201365  5  5  3  86       
PG10  11612.281829 -21642.686864  -9705.929554   -390.713901  5  9  7  87       
PG11 -21723.983725 -12771.498883  -8341.077558   -229.966196  6  7  3  89       
PG12  12405.673392   9012.036591  21471.585023     97.753555  3  6  5  82       
PG13   6998.092479  13903.978129 -21649.926695     24.005356  4  5  3 104       
PG14   8737.428314 -16047.605769  19563.916301     -0.999594  5  6  3  73       
PG15  17325.382885   7935.511057 -18962.964606   -219.700552  5  5  4 100       
PG16  -2226.324836 -22736.077405 -13378.335492   -178.793709  5  8  8  72       
PG17 -17319.333178  14344.043348  14519.186303    291.111023  6  3  2  82       
PG18  18086.429585  -1292.072353 -19430.577364    238.218150  7  6  6  95       
PG19 -10633.341562  15021.166477  18834.085866   -136.252244  5  5  5  66       
PG20  14728.784659 -12056.514647 -18511.235623    527.351472  2  6  7  93       
PG21   6239.681379 -14052.992954 -20954.941789     19.860640  7  7  6  97       
PG22 -11552.752574 -15836.679868  18195.271771   -774.112036  6  6  5 100       
PG24  22210.106800  14381.771813   3797.529987    -15.243949  4  6  4  93       
PG25  15559.033167  -2812.010987  21064.330798     19.882508  9  6  7  89       
PG26   4605.597981 -26030.933659   -301.163986    237.654522  7  9  7  75       
PG27  -4275.432451 -14285.593418 -22121.105405   -337.860016  6  9  1  73       
PG28 -12385.431690  22185.318960  -7407.734073    702.538839  4  6  5  72       
PG29  25925.906848  -2735.313793   5121.587539   -143.179338  2  4  6  82       
PG30 -10782.543324  11385.868602 -21386.637034   -255.617659  2  4  6  88       
PG31   1082.080782 -17930.740078  19367.567711    -53.551676  5  5  5 105       
PG32  15840.628949 -15748.792456  14342.573493    311.741217  5  4  5  75       
*  2020  7  5  6 15  0.00000000
PG01 -21931.674715 -14830.578628   3545.360885     21.472639  3  6  6  85       
PG02   8737.479081  19790.970342  16080.045521   -482.508633  4  5  5  68       
PG03 -12845.049108 -10488.169046  20703.965243   -230.067879  6  7  3 110       
PG04 -22398.019100  -2576.925383  14078.791171   -110.884928  8  6  7 107       
PG05   2720.877216  25096.295488  -8070.640990    -16.020318  2  5  5 105       
PG06  -3681.105639  15404.913261  21362.366915   -298.701848  2  6  4  89       
PG07 -20049.672395   -522.551560 -17336.273244   -320.025973  4  5  6  84       
PG08 -13553.831233  -9807.189577 -20678.864755    -39.900358  4  7  2  84       
PG09 -25245.710487   7279.191693   3902.512878   -248.207334  5  5  3  86       
PG10  11602.081646 -20350.994632 -12194.698460   -390.723858  6  9  7  82       
PG11 -20615.145218 -12871.830960 -10812.720209   -229.956981  6  7  3  85       
PG12  11735.611397  11376.546761  20734.164161     97.749299  3  6  6  77       
PG13   4590.623539  14437.506247 -21935.965633     24.008217  4  5  3 103       
PG14  10797.675114 -16453.293043  18101.630368     -0.997044  5  6  4  64       
PG15  15413.252151   8978.371890 -20099.025406   -219.698315  5  5  4  91       
PG16  -1666.708847 -24005.189218 -10947.949670   -178.798152  5  8  7  56       
PG17 -18766.182797  14611.041668  12198.400176    291.116042  6  3  3  87       
PG18  19588.859443    230.261646 -17961.728593    238.226962  6  6  7 100       
PG19 -12716.768388  15395.851236  17191.208056   -136.247809  5  5  5  88       
PG20  14771.502572  -9861.526048 -19760.854949    527.351119  3  6  6  90       
PG21   8305.729360 -12525.158503 -21171.729105     19.864834  7  7  6 102       
PG22 -11177.076923 -17765.404641  16570.140995   -774.109666  6  7  5  91       
PG24  22267.392302  14796.097290   1030.955858    -15.244503  4  6  4  79       
PG25  15149.795587   -354.331223  21559.203792     19.886147  9  6  6  87       
PG26   4895.541570 -25852.927057   2535.360365    237.660797  7  8  7  67       
PG27  -1923.656067 -15085.012339 -21888.142616   -337.868680  7  9  2  84       
PG28 -12277.271223  21106.513984 -10047.766441    702.535773  3  5  5  79       
PG29  25251.509860  -2367.831856   7894.624029   -143.187037  2  4  6  85       
PG30 -12586.454908   9718.534657 -21243.082942   -255.624618  2  4  5  89       
PG31   2870.892586 -16476.902644  20483.406791    -53.554112  5  5  5  98       
PG32  17331.370300 -16051.463577  12078.936281    311.746984  5  4  4  74       
*  2020  7  5  6 30  0.00000000
PG01 -22036.966294 -15128.690626    683.583318     21.477473  3  6  6  56       
PG02   7118.616399  18916.875336  17896.520107   -482.513967  4  5  5  76       
PG03 -12479.972064 -12777.612944  19625.347624   -230.078445  6  8  4 104       
PG04 -20856.685463  -3374.209312  16127.453364   -110.889124  8  6  8 101       
PG05   2379.729235  25825.922055  -5359.438945    -16.020954  2  5  4  83       
PG06  -5673.767405  13960.182229  21916.898297   -298.706667  2  6  4  95       
PG07 -21473.523052  -1818.778076 -15523.847492   -320.034027  4  5  6  91       
PG08 -11378.213452 -10833.323177 -21440.753136    -39.901677  5  7  1  81       
PG09 -24798.782381   6783.597914   6654.238437   -248.213278  5  5  3  86       
PG10  11625.868466 -18791.070302 -14470.005287   -390.733638  6  9  7 101       
PG11 -19254.314825 -12969.083486 -13099.154698   -229.947354  7  7  3  41       
PG12  11216.244448  13668.661143  19633.527302     97.745076  2  7  5  68       
PG13   2203.457131  15102.290586 -21848.730981     24.011010  3  5  3  96       
PG14  12665.318514 -16910.077466  16334.048831     -0.994513  5  6  4  68       
PG15  13457.545008  10164.698245 -20901.127763   -219.695873  5  5  3  93       
PG16  -1235.481643 -25023.213872  -8326.526343   -178.802637  4  8  7 135       
PG17 -19942.132917  14866.262990   9671.657117    291.121488  6  4  3  94       
PG18  21025.956616   1556.430099 -16184.415933    238.235855  6  6  7  93       
PG19 -14577.739197  15824.342568  15245.347926   -136.243294  5  5  5  74       
PG20  14919.614851  -7551.768180 -20670.804121    527.351400  4  6  6  87       
PG21  10448.615925 -11096.895276 -20998.611790     19.868408  7  7  5  95       
PG22 -10902.435788 -19513.369799  14665.603561   -774.107943  6  7  6  82       
PG24  22087.811222  15032.664369  -1752.997180    -15.245278  4  5  4  79       
PG25  14864.888791   2153.716679  21674.294319     19.889694  9  6  6  74       
PG26   5164.347500 -25370.963904   5327.616469    237.667033  7  7  7  72       
PG27    340.234932 -15995.486708 -21282.450526   -337.877363  7  8  3  76       
PG28 -12167.680241  19734.061292 -12511.736831    702.532502  2  4  5  71       
PG29  24308.028001  -1863.414429  10531.816372   -143.194732  2  5  5  62       
PG30 -14438.747335   8165.401242 -20732.985777   -255.631640  2  4  5  91       
PG31   4811.211420 -15051.418698  21242.151254    -53.556150  5  5  5  93       
PG32  18559.223857 -16324.389963   9606.755655    311.752768  5  4  4  83       
*  2020  7  5  6 45  0.00000000
PG01 -21891.686690 -15239.004670  -2189.751670     21.482187  3  7  7  51       
PG02   5298.439425  18039.776512  19419.697741   -482.519013  4  4  5  78       
PG03 -12245.623001 -14940.698174  18208.108498   -230.089014  5  8  5  93       
PG04 -19162.424985  -4340.652077  17899.187471   -110.893320  8  6  8  94       
PG05   2083.921401  26259.589166  -2555.202908    -16.021639  2  5  4  87       
PG06  -7777.509892  12605.251716  22095.902243   -298.711510  2  6  4  87       
PG07 -22776.813505  -2912.295318 -13444.218122   -320.041833  4  6  6  83       
PG08  -9200.504294 -12005.968445 -21834.564240    -39.902206  5  8  1  84       
PG09 -24106.872983   6125.405307   9291.390407   -248.219209  5  5  3  81       
PG10  11716.865557 -16990.320778 -16492.122009   -390.743509  6  8  7  95       
PG11 -17662.716368 -13095.113712 -15162.594392   -229.937639  7  7  3  62       
PG12  10842.132440  15839.125096  18189.719318     97.740470  3  7  5  60       
PG13   -116.730298  15883.910663 -21389.393569     24.014158  4  5  3  89       
PG14  14311.554633 -17383.906426  14289.933425     -0.991942  4  6  4  70       
PG15  11500.061030  11482.535830 -21355.327561   -219.693459  6  4  3  97       
PG16   -903.250448 -25760.033520  -5559.229415   -178.806908  4  8  7  99       
PG17 -20835.006927  15068.901289   6980.862572    291.126343  6  4  3  76       
PG18  22353.064539   2680.860652 -14129.179140    238.244760  6  5  8  74       
PG19 -16187.305503  16270.399185  13031.392327   -136.238600  5  5  5  44       
PG20  15183.893050  -5171.886447 -21226.174901    527.351353  4  5  5  93       
PG21  12622.835438  -9795.108603 -20438.046972     19.873156  7  7  5  84       
PG22 -10706.129089 -21046.512551  12513.564000   -774.105530  6  7  7  87       
PG24  21653.077650  15121.419453  -4507.512403    -15.245681  4  5  3  82       
PG25  14711.961882   4661.922041  21408.343715     19.893288  9  5  7  70       
PG26   5448.035555 -24590.962597   8026.854068    237.673262  7  7  7  72       
PG27   2474.520689 -16990.284700 -20313.243368   -337.886075  7  8  4  70       
PG28 -12094.080219  18086.065564 -14755.011275    702.529545  2  4  5  95       
PG29  23127.165076  -1195.274753  12987.679089   -143.202299  2  6  5  80       
PG30 -16299.249479   6750.595402 -19865.800636   -255.638612  2  5  5  82       
PG31   6871.617651 -13691.800186  21631.858425    -53.558226  5  5  5  95       
PG32  19514.238968 -16528.383982   6968.461001    311.758543  6  4  4  85       
*  2020  7  5  7  0  0.00000000
PG01 -21476.184849 -15195.055734  -5026.268586     21.487010  3  8  7  92       
PG02   3301.329497  17196.268390  20625.805953   -482.524264  4  4  5  84       
PG03 -12125.784861 -16933.534218  16477.050636   -230.099615  5  8  6 109       
PG04 -17359.593764  -5480.976076  19363.543186   -110.897495  7  6  8 100       
PG05   1797.677531  26387.106748    293.471004    -16.022710  2  6  4  87       
PG06  -9951.606658  11369.545680  21896.458594   -298.716350  2  6  4 108       
PG07 -23918.492417  -3807.781578 -11134.435017   -320.049795  4  6  6  66       
PG08  -7066.493884 -13306.849265 -21852.757466    -39.903614  5  8  2  76       
PG09 -23201.492580   5282.936744  11768.471706   -248.225177  5  5  3  89       
PG10  11903.386749 -14983.443718 -18225.863972   -390.753308  7  8  6  93       
PG11 -15868.079367 -13278.164351 -16969.448152   -229.928165  7  8  3  61       
PG12  10599.661957  17841.787057  16428.765507     97.736347  4  8  5  68       
PG13  -2326.435898  16760.458427 -20565.402074     24.017061  4  5  3  86       
PG14  15714.797884 -17837.050423  12002.900664     -0.989555  4  6  4  66       
PG15   9580.585515  12912.759527 -21453.233123   -219.691196  6  5  2 103       
PG16   -635.930729 -26193.437439  -2694.186739   -178.811180  4  8  6  83       
PG17 -21441.352543  15177.683606   4171.085657    291.131849  5  4  3  82       
PG18  23526.752510   3606.371966 -11831.317539    238.253664  6  5  8  95       
PG19 -17525.087337  16694.443949  10588.863980   -136.233974  5  5  5  65       
PG20  15567.633177  -2768.180749 -21418.168858    527.351370  5  5  5  91       
PG21  14779.555613  -8639.039631 -19500.149734     19.877496  6  7  5  97       
PG22 -10560.325268 -22336.632643  10150.093208   -774.103673  6  8  7 105       
PG24  20952.107609  15095.999137  -7186.450866    -15.246339  4  5  3  96       
PG25  14690.369820   7119.819211  20766.921780     19.896942  9  6  7  82       
PG26   5781.105461 -23527.514943  10585.978382    237.679441  6  5  7  92       
PG27   4442.837655 -18036.321284 -18995.974724   -337.894814  7  8  4  82       
PG28 -12090.549427  16189.481715 -16736.386816    702.526317  3  4  5 107       
PG29  21746.801449   -343.329639  15219.797895   -143.210214  2  6  5  82       
PG30 -18125.112631   5490.904142 -18657.089861   -255.645570  3  5  5  85       
PG31   9014.809581 -12430.043823  21647.117147    -53.560680  5  6  5  90       
PG32  20195.125640 -16624.427603   4209.499703    311.764327  6  4  4  83       
*  2020  7  5  7 15  0.00000000
PG01 -20778.699180 -15034.282722  -7778.439039     21.491824  4  8  6  81       
PG02   1158.038556  16418.562357  21496.120700   -482.529465  4  4  5  85       
PG03 -12097.306798 -18717.110079  14462.331368   -230.110216  4  8  6 112       
PG04 -15494.024693  -6791.727672  20495.330912   -110.901579  7  6  8  83       
PG05   1484.363652  26207.126181   3137.019346    -16.023135  3  6  4  90       
PG06 -12151.046399  10275.286628  21322.095494   -298.721197  3  6  5  88       
PG07 -24860.888645  -4517.808107  -8635.050394   -320.057851  5  6  6  77       
PG08  -5018.661047 -14710.138162 -21494.232153    -39.905165  6  8  3  77       
PG09 -22119.336759   4241.400348  14042.696929   -248.231106  5  5  3  80       
PG10  12207.585922 -12811.202406 -19641.221556   -390.763225  7  7  6  94       
PG11 -13903.663001 -13541.703914 -18490.764615   -229.918756  7  8  3  86       
PG12  10467.745507  19635.231279  14382.142086     97.732200  5  8  5  57       
PG13  -4386.801571  17703.323614 -19390.385761     24.020139  3  5  4  83       
PG14  16861.381367 -18229.589824   9510.950408     -0.987166  4  6  4  82       
PG15   7735.548305  14429.618536 -21192.184833   -219.688872  6  5  2  91       
PG16   -396.277383 -26310.034990    218.370770   -178.815814  4  8  6  94       
PG17 -21766.522827  15152.583851   1289.871202    291.137193  5  4  3  68       
PG18  24506.456122   4343.866075  -9330.287637    238.262485  6  5  8  93       
PG19 -18579.852191  17055.247743   7961.141715   -136.229093  5  5  5  61       
PG20  16066.502147   -387.019331 -21244.196675    527.351188  5  5  4  92       
PG21  16868.519605  -7639.585971 -18202.484996     19.881818  6  6  5  82       
PG22 -10433.248111 -23362.340151   7614.872062   -774.101509  6  8  8  91       
PG24  19981.523316  14992.308037  -9745.061500    -15.246623  4  5  2  83       
PG25  14791.268200   9478.480198  19762.260082     19.900581 10  7  8  89       
PG26   6194.979548 -22203.376009  12960.405947    237.685586  6  5  7  67       
PG27   6215.412852 -19095.365822 -17352.155736   -337.903539  7  8  5  63       
PG28 -12186.263526  14079.303497 -18418.980199    702.523321  3  5  5  90       
PG29  20209.567525    704.817414  17189.569682   -143.217755  3  7  5  78       
PG30 -19872.348611   4395.317485 -17128.212363   -255.652598  2  5  5  91       
PG31  11198.912169 -11291.517851  21289.049797    -53.562737  5  6  5  82       
PG32  20609.174370 -16575.328967   1377.551920    311.770055  6  4  4  78       
*  2020  7  5  7 30  0.00000000
PG01 -19795.878695 -14796.464138 -10400.314105     21.496635  5  8  6  67       
PG02  -1095.268352  15733.358538  22017.161175   -482.534660  3  4  5  82       
PG03 -12131.135069 -20258.628259  12198.919017   -230.120805  4  8  7 105       
PG04 -13611.363296  -8261.233625  21275.053788   -110.905791  6  6  9  94       
PG05   1108.134385  25727.207924   5925.802167    -16.024219  3  6  4  85       
PG06 -14328.096052   9336.756480  20382.722274   -298.726044  3  6  5  86       
PG07 -25571.086667  -5062.078023  -5989.372899   -320.065805  5  6  5  85       
PG08  -3094.685850 -16183.318961 -20764.400586    -39.906152  6  7  3  84       
PG09 -20900.862180   2993.674142  16074.739585   -248.236905  5  5  3  84       
PG10  12644.466931 -10518.970341 -20713.887492   -390.773007  7  7  5  96       
PG11 -11807.103419 -13903.476572 -19702.584583   -229.909195  7  8  3  83       
PG12  10418.821133  21184.217431  12086.154004     97.727199  5  9  5  33       
PG13  -6264.912717  18678.248984 -17883.957598     24.023021  3  5  3  72       
PG14  17745.972684 -18521.018208   6855.906711     -0.984264  4  6  4  78       
PG15   5996.800932  16001.535170 -20575.362630   -219.686361  6  5  3  98       
PG16   -145.565568 -26105.832732   3127.037151   -178.819431  4  7  6  71       
PG17 -21824.431447  14956.527814  -1613.518580    291.142167  5  4  3  74       
PG18  25256.020651   4911.708139  -6669.030166    238.271282  6  6  7  86       
PG19 -19349.728289  17311.675647   5194.620489   -136.224844  6  5  5  60       
PG20  16668.688606   1926.736366 -20707.874219    527.351691  5  6  4  97       
PG21  18840.021825  -6799.010317 -16569.656405     19.885764  6  6  5  80       
PG22 -10290.523991 -24109.764407   4950.574811   -774.099356  6  8  8  97       
PG24  18745.883842  14847.030362 -12140.661999    -15.247761  4  5  2  96       
PG25  14998.049910  11692.232839  18412.957376     19.904253 10  8  8  76       
PG26   6716.574917 -20648.641686  15108.869813    237.691756  6  4  6  55       
PG27   7770.056567 -20125.474208 -15409.065508   -337.912259  7  7  5  65       
PG28 -12404.119891  11797.408148 -19771.059703    702.520188  3  5  4  87       
PG29  18561.243245   1953.191666  18862.879369   -143.225682  3  7  5  60       
PG30 -21497.413512   3464.881422 -15305.919102   -255.659502  2  6  5  80       
PG31  13378.954250 -10294.132268  20565.197256    -53.565220  4  6  5  64       
PG32  20771.847243 -16347.325070  -1478.304212    311.775791  6  4  4  92       
*  2020  7  5  7 45  0.00000000
PG01 -18533.003180 -14522.087947 -12848.221669     21.501394  5  9  6  81       
PG02  -3418.147318  15160.924997  22180.828523   -482.540027  3  4  5  90       
PG03 -12193.578200 -21532.602242   9725.971242   -230.131334  5  8  7  92       
PG04 -11755.421412  -9869.880692  21689.243873   -110.910011  6  7  9  79       
PG05    635.558210  24963.547548   8611.006981    -16.025018  4  5  4  62       
PG06 -16433.974066   8559.871808  19094.457636   -298.730900  4  7  5  70       
PG07 -26022.113276  -5466.411735  -3242.708602   -320.073635  6  6  5  66       
PG08  -1326.145234 -17688.327482 -19675.147507    -39.906546  6  7  3  67       
PG09 -19588.727158   1540.794448  17829.421731   -248.242833  5  5  4  91       
PG10  13221.193485  -8155.105547 -21425.670227   -390.782811  6  6  5  76       
PG11  -9619.130109 -14374.789024 -20586.205231   -229.899555  7  8  3  93       
PG12  10420.107265  22460.872931   9581.236296     97.723124  6  9  4 120       
PG13  -7934.875598  19646.617852 -16071.418581     24.025840  3  5  3  73       
PG14  18371.683180 -18671.904217   4082.773840     -0.981811  4  5  4  45       
PG15   4390.555981  17592.134272 -19611.816057   -219.683971  6  5  3  74       
PG16    154.648600 -25586.444832   5980.206254   -178.823968  4  7  6  51       
PG17 -21636.982671  14557.022957  -4488.924527    291.147509  5  5  3  56       
PG18  25745.088193   5334.818165  -3893.237680    238.280172  7  7  7  83       
PG19 -19842.050133  17424.422384   2337.832222   -136.219917  6  6  4  57       
PG20  17355.349345   4131.237800 -19818.918706    527.351618  5  6  4  83       
PG21  20646.859912  -6111.049502 -14632.708445     19.890686  5  5  4  73       
PG22 -10096.641278 -24572.996642   2202.198511   -774.097241  6  8  8  56       
PG24  17257.635941  14696.128135 -14333.284433    -15.249032  3  4  2  75       
PG25  15287.100516  13720.236279  16743.568268     19.907896 10  8  9  87       
PG26   7367.063691 -18899.647982  16994.157550    237.697903  6  4  6  41       
PG27   9092.871554 -21082.594462 -13199.352990   -337.921052  7  7  5  52       
PG28 -12759.613535   9391.096347 -20766.791418    702.517309  4  6  4  97       
PG29  16849.045206   3397.089569  20210.701187   -143.233180  4  7  5  74       
PG30 -22958.776669   2692.862481 -13221.864022   -255.666472  2  6  5  79       
PG31  15508.454296  -9447.818324  19489.295448    -53.567272  4  6  5  81       
PG32  20706.054700 -15911.565581  -4308.461573    311.781552  6  4  4  82       
*  2020  7  5  8  0  0.00000000
PG01 -17003.897478 -14250.713721 -15081.422684     21.506180  6  8  6  51       
PG02  -5767.150157  14714.410151  21984.491196   -482.545264  3  4  5  74       
PG03 -12247.755653 -22521.677312   7086.147231   -230.141893  5  8  8  61       
PG04  -9966.611365 -11590.708669  21730.696757   -110.914215  6  7  8  86       
PG05     37.154090  23940.368403  11145.546749    -16.025759  4  5  3  70       
PG06 -18420.571134   7942.088601  17479.356107   -298.735745  4  7  5 101       
PG07 -26193.897644  -5761.523842   -441.601944   -320.081552  6  6  5  67       
PG08    262.555733 -19182.929231 -18244.673139    -39.907562  6  7  4  78       
PG09 -18226.157570   -107.872666  19276.333265   -248.248718  5  5  4  96       
PG10  13936.725456  -5769.221022 -21764.786806   -390.792628  5  6  4  86       
PG11  -7382.198973 -14960.052509 -21128.361104   -229.889889  7  8  3  92       
PG12  10435.058318  23445.595252   6911.195979     97.718382  6  9  4  72       
PG13  -9378.631859  20566.927265 -13983.365442     24.029005  2  5  2  55       
PG14  18749.859331 -18645.549038   1239.012857     -0.979436  4  5  4  76       
PG15   2936.528560  19161.471900 -18316.411313   -219.681469  5  5  3 101       
PG16    540.762994 -24766.921510   8727.070256   -178.828387  5  6  6  64       
PG17 -21233.189392  13927.646119  -7286.161685    291.152822  4  5  3  70       
PG18  25950.275230   5643.510238  -1050.574869    238.288978  7  7  6  81       
PG19 -20072.849816  17357.666424   -559.451870   -136.215585  6  5  4  42       
PG20  18101.331873   6189.031833 -18592.949420    527.351533  5  6  5  88       
PG21  22246.167777  -5561.413731 -12428.366921     19.894525  5  5  4  84       
PG22  -9816.468958 -24754.247872   -583.654151   -774.095239  6  8  8  87       
PG24  15536.787880  14573.378681 -16286.280035    -15.249709  3  5  2  77       
PG25  15628.836288  15527.853282  14784.088682     19.911568 10  8  9  89       
PG26   8160.871638 -16997.637527  18583.767453    237.703991  6  4  6  73       
PG27  10178.646530 -21922.286187 -10760.531954   -337.929837  7  6  5  48       
PG28 -13260.023278   6911.383722 -21386.871874    702.514072  4  7  4  87       
PG29  15119.867579   5023.063843  21209.613153   -143.241062  4  7  5  82       
PG30 -24218.415933   2065.213898 -10912.040597   -255.673422  1  6  4  66       
PG31  17541.052567  -8754.330280  18080.953576    -53.569758  4  6  5  75       
PG32  20441.145373 -15245.416882  -7063.670524    311.787308  6  4  4  72       
*  2020  7  5  8 15  0.00000000
PG01 -15230.544904 -14019.384389 -17062.721057     21.510975  6  8  6  78       
PG02  -8097.199947  14399.407910  21431.018394   -482.550356  3  4  4  63       
PG03 -12255.172648 -23217.145470   4324.866446   -230.152480  6  8  8  88       
PG04  -8280.520238 -13390.295152  21398.600446   -110.918417  6  7  8  96       
PG05   -711.225186  22689.003331  13484.932197    -16.026534  4  4  3  78       
PG06 -20242.153973   7472.639436  15565.037134   -298.740581  4  7  5  88       
PG07 -26073.976366  -5981.641658   2366.912509   -320.089581  6  6  4  68       
PG08   1654.972865 -20622.282713 -16497.218928    -39.909242  6  7  4  71       
PG09 -16855.301635  -1934.785255  20390.369379   -248.254634  4  5  4  64       
PG10  14781.794069  -3410.421204 -21726.031912   -390.802576  5  5  3  89       
PG11  -5139.090094 -15656.588939 -21321.327420   -229.880423  7  7  3  67       
PG12  10424.959885  24127.634144   4122.411624     97.714188  6  8  4  90       
PG13 -10586.477990  21396.392504 -11655.205490     24.031791  2  4  2  39       
PG14  18899.556926 -18409.573980  -1626.252899     -0.976896  4  4  4  83       
PG15   1647.314299  20667.424153 -16709.689842   -219.679079  6  5  2 100       
PG16   1045.437530 -23671.197800  11318.616514   -178.832539  5  5  6  65       
PG17 -20648.005721  13049.324686  -9955.926534    291.157673  4  4  3  87       
PG18  25856.095205   5872.124550   1810.135418    238.297754  8  7  5  81       
PG19 -20066.021871  17080.577515  -3447.117885   -136.210956  5  6  4  72       
PG20  18876.143923   8068.270454 -17051.198407    527.351583  5  7  5 104       
PG21  23601.043402  -5128.644300  -9998.149902     19.898519  4  5  4  70       
PG22  -9416.778320 -24663.713277  -3359.530124   -774.093080  6  7  8 106       
PG24  13610.317940  14509.002334 -17966.877993    -15.250191  3  5  3  89       
PG25  15988.978013  17087.768896  12569.353306     19.915265 10  8  9  81       
PG26   9104.955143 -14987.247978  19850.470696    237.710159  5  3  6  74       
PG27  11030.913420 -22601.487779  -8134.373431   -337.938640  7  5  5  70       
PG28 -13903.953641   4411.115135 -21619.021343    702.511047  5  7  4  77       
PG29  13418.545069   6809.253567  21842.214982   -143.248637  4  7  5  70       
PG30 -25243.183871   1561.322263  -8416.154771   -255.680426  1  6  4  67       
PG31  19432.127775  -8207.369659  16365.245054    -53.571871  4  6  5  39       
PG32  20011.648460 -14333.532126  -9695.925196    311.793080  6  4  4  92       
*  2020  7  5  8 30  0.00000000
PG01 -13242.414372 -13861.142595 -18759.022378     21.515763  7  8  5  65       
PG02 -10363.025846  14213.788685  20528.761743   -482.555488  3  4  4  69       
PG03 -12177.359543 -23619.137119   1489.527120   -230.163050  6  8  8  88       
PG04  -6726.678545 -15229.899145  20698.556047   -110.922617  6  7  8  79       
PG05  -1627.221698  21246.701433  15588.098948    -16.027358  4  4  2  86       
PG06 -21856.988318   7133.093499  13384.222503   -298.745448  4  7  5  91       
PG07 -25657.924919  -6163.018565   5136.038671   -320.097540  6  6  4  48       
PG08   2843.098511 -21960.628447 -14462.677826    -39.910832  7  6  4  43       
PG09 -15515.637768  -3914.700280  21152.176014   -248.260509  4  5  5  64       
PG10  15739.214258  -1125.574589 -21310.822756   -390.812316  4  5  1  94       
PG11  -2931.517207 -16454.701544 -21162.951299   -229.870870  7  7  3  74       
PG12  10350.598512  24505.337128   1263.007322     97.709609  6  8  4  70       
PG13 -11557.268081  22092.622820  -9126.583987     24.034915  2  4  1  73       
PG14  18846.711490 -17937.372496  -4463.091977     -0.974580  4  4  3  73       
PG15    528.031425  22067.189852 -14817.633569   -219.676862  5  5  2  84       
PG16   1696.050830 -22331.182672  13708.596384   -178.836997  5  5  6  73       
PG17 -19920.913895  11911.352279 -12450.722442    291.163095  4  4  3  71       
PG18  25455.590342   6057.505492   4639.746770    238.306486  8  7  5  54       
PG19 -19852.201808  16568.620420  -6275.586886   -136.206466  5  6  4  63       
PG20  19645.132234   9743.705382 -15220.137277    527.351704  5  7  6  73       
PG21  24681.899137  -4785.279438  -7387.385688     19.902854  3  5  4  84       
PG22  -8867.710279 -24319.144748  -6077.909485   -774.090872  6  7  8 107       
PG24  11511.337646  14528.428229 -19346.693221    -15.251550  3  5  4  82       
PG25  16330.005453  18380.816805  10138.361176     19.918933 10  7  9  85       
PG26  10198.384519 -12914.883797  20772.769755    237.716320  5  3  6  61       
PG27  11661.660827 -23080.261198  -5366.202991   -337.947474  7  4  5  54       
PG28 -14681.261284   1942.984626 -21458.316251    702.507947  5  7  4  70       
PG29  11786.205474   8726.048061  22097.441315   -143.256351  4  7  6  89       
PG30 -26005.995058   1155.003468  -5776.945402   -255.687419  2  6  4  25       
PG31  21140.339010  -7793.020364  14372.222585    -53.574416  5  6  5  66       
PG32  19455.818687 -13168.642346 -12159.331514    311.798872  6  4  4  98       
*  2020  7  5  8 45  0.00000000
PG01 -11075.524775 -13803.702918 -20141.837003     21.520543  7  7  5  78       
PG02 -12520.613777  14147.802729  19291.483908   -482.560731  3  5  4  77       
PG03 -11977.512254 -23736.484542  -1371.302052   -230.173619  7  8  8  66       
PG04  -5327.570276 -17066.820552  19642.489417   -110.926819  5  7  8  89       
PG05  -2721.063202  19655.207885  17418.170769    -16.027822  4  3  2  81       
PG06 -23228.820166   6898.217826  10974.189055   -298.750320  4  6  4  89       
PG07 -24949.506550  -6342.396636   7819.920969   -320.105491  6  6  5  64       
PG08   3827.502411 -23153.037454 -12176.093631    -39.912319  7  6  5  45       
PG09 -14242.497739  -6015.452240  21548.494873   -248.266569  3  5  5  68       
PG10  16784.518619   1042.309960 -20527.122317   -390.822092  4  5     90       
PG11   -798.793761 -17338.002474 -20656.616128   -229.861548  7  7  3  65       
PG12  10173.939939  24586.055065  -1617.983066     97.705240  6  7  4  81       
PG13 -12298.289933  22615.304520  -6440.731284     24.037797  2  4  1  64       
PG14  18623.031493 -17209.363776  -7221.663951     -0.972074  3  3  3  76       
PG15   -423.753869  23318.854681 -12671.332889   -219.674590  5  5  2  84       
PG16   2513.374982 -20785.525786  15854.439861   -178.841041  5  4  6  72       
PG17 -19094.317578  10512.088596 -14725.782663    291.168385  5  4  3  92       
PG18  24750.648022   6237.385014   7389.630342    238.315263  9  7  5  71       
PG19 -19467.408496  15804.607619  -8996.657815   -136.201703  5  5  3  83       
PG20  20370.825843  11197.433313 -13131.026882    527.351277  5  7  6  96       
PG21  25467.480122  -4499.263511  -4644.176131     19.906759  3  5  4  77       
PG22  -8144.131589 -23745.144033  -8692.005967   -774.088675  6  7  8  95       
PG24   9278.037623  14651.241661 -20402.178003    -15.251584  3  4  4  90       
PG25  16612.731720  19396.487448   7533.545880     19.922599 10  8  9  96       
PG26  11432.248742 -10827.036834  21335.246138    237.722511  5  3  6  67       
PG27  12090.710294 -23323.442884  -2504.113439   -337.956295  7  4  5  74       
PG28 -15573.375568   -442.448790 -20907.344923    702.504991  5  7  4  81       
PG29  10258.776088  10737.060141  21970.764031   -143.264118  4  7  6  83       
PG30 -26486.791752    815.708055  -3039.463588   -255.694492  2  5  3  80       
PG31  22629.038099  -7490.472080  12136.368783    -53.576526  6  6  5  69       
PG32  18814.042391 -11752.034885 -14410.938979    311.804654  6  4  4  76       
*  2020  7  5  9  0  0.00000000
PG01  -8771.278400 -13868.326038 -21187.723093     21.525375  7  7  5  82       
PG02 -14528.628682  14184.455410  17738.231538   -482.565870  4  5  4  88       
PG03 -11622.070745 -23586.264588  -4208.703544   -230.184167  7  8  8  78       
PG04  -4097.922111 -18855.924258  18248.454726   -110.931046  5  8  7  86       
PG05  -3994.955100  17959.174807  18943.141746    -16.028449  4  4  2  64       
PG06 -24328.159473   6737.106825   8376.144982   -298.755169  5  6  5  98       
PG07 -23960.538904  -6555.472577  10374.314515   -320.113331  6  6  4  93       
PG08   4617.129845 -24157.149385  -9677.056815    -39.912828  7  5  5  65       
PG09 -13065.762930  -8199.006570  21572.401317   -248.272439  2  5  5  61       
PG10  17886.884705   3055.541139 -19389.245986   -390.831845  4  5     79       
PG11   1223.402623 -18283.982532 -19811.143615   -229.851635  7  6  3  78       
PG12   9859.751223  24385.717573  -4471.446728     97.700721  6  7  5  72       
PG13 -12824.817027  22927.826197  -3643.738844     24.040808  2  4  1  63       
PG14  18264.653757 -16213.990843  -9853.145780     -0.969385  3  3  3  85       
PG15  -1217.809214  24382.959694 -10306.555147   -219.672149  5  5  2  70       
PG16   3510.528167 -19078.114635  17718.091314   -178.845203  4  5  5  83       
PG17 -18211.804414   8859.304812 -16739.967956    291.173231  5  4  3  65       
PG18  23751.989077   6448.734228  10012.508237    238.324049  9  7  6  78       
PG19 -18951.508016  14779.465040 -11564.302290   -136.197305  5  5  3  71       
PG20  21014.393783  12419.366714 -10819.397076    527.351465  5  6  6  76       
PG21  25945.516552  -4235.525271  -1818.342740     19.911224  3  5  5  84       
PG22  -7226.825977 -22972.199619 -11156.572013   -774.086565  6  6  7  92       
PG24   6952.451063  14890.350947 -21115.012300    -15.251985  3  4  4  75       
PG25  16797.933998  20133.105242   4800.006592     19.926253  9  9  9  96       
PG26  12789.883370  -8768.622274  21528.793231    237.728716  5  3  7  54       
PG27  12344.776354 -23302.131314    401.893359   -337.965055  6  3  5  82       
PG28 -16554.002436  -2698.657283 -19976.177863    702.501835  5  7  4  83       
PG29   8865.702282  12800.372052  21464.279394   -143.272032  4  7  5  83       
PG30 -26673.253769    509.888948   -250.322192   -255.701507  2  6  3  55       
PG31  23867.503854  -7272.999896   9695.993437    -53.578864  6  5  5  85       
PG32  18127.169293 -10093.698256 -16411.518862    311.810410  6  4  4  86       
*  2020  7  5  9 15  0.00000000
PG01  -6375.102483 -14068.934632 -21878.665107     21.530138  6  6  5  70       
PG02 -16349.763734  14300.146881  15893.148770   -482.570957  4  5  4  77       
PG03 -11082.175459 -23193.039878  -6974.232701   -230.194729  7  8  8  90       
PG04  -3044.298987 -20551.270902  16540.332622   -110.935234  5  8  7  54       
PG05  -5442.799692  16204.468486  20136.462297    -16.029071  4  4  3  83       
PG06 -25133.317656   6614.536970   5634.539114   -298.760025  5  6  5 103       
PG07 -22710.487383  -6835.419121  12757.219390   -320.121147  6  6  4  76       
PG08   5228.763294 -24934.829749  -7009.007105    -39.914538  7  5  5  28       
PG09 -12008.784709 -10422.747788  21223.430450   -248.278410     4  5  68       
PG10  19010.316122   4882.983042 -17917.558831   -390.841604  5  5  1  96       
PG11   3104.129257 -19264.801701 -18640.637174   -229.841904  7  6  3  50       
PG12   9377.106014  23928.100082  -7249.004576     97.696321  5  6  5  50       
PG13 -13159.351439  22998.781989   -783.775132     24.043790  2  4  2  40       
PG14  17810.612224 -14948.414947 -12310.665018     -0.966962  3  3  3  52       
PG15  -1870.726212  25224.014187  -7763.213503   -219.669846  5  5  3  68       
PG16   4692.251913 -17256.367724  19266.744259   -178.849289  4  5  5  50       
PG17 -17316.349109   6970.150313 -18456.614474    291.178182  5  4  4  88       
PG18  22478.827903   6726.147513  12463.264933    238.332894  9  6  7  66       
PG19 -18346.561356  13492.687063 -13935.400343   -136.192685  5  5  3  74       
PG20  21537.163317  13407.414876  -8324.464198    527.351573  6  6  6  86       
PG21  26112.995977  -3957.646608   1039.610165     19.915437  4  5  5  85       
PG22  -6103.471153 -22035.500773 -13428.694648   -774.084394  7  5  7  74       
PG24   4579.076008  15251.404980 -21472.427188    -15.253656  3  4  5  91       
PG25  16847.976870  20597.675255   1984.715431     19.929905  9  9  8  93       
PG26  14247.410372  -6781.394846  21350.732695    237.734913  6  4  7  54       
PG27  12456.245440 -22994.946924   3300.818772   -337.973831  6  3  5  81       
PG28 -17590.180521  -4784.863556 -18682.151632    702.498682  5  7  4  76       
PG29   7628.928296  14870.006439  20586.677922   -143.279906  4  7  5  85       
PG30 -26561.227935    202.479200   2543.073139   -255.708551  3  5  3  91       
PG31  24831.957034  -7109.160074   7092.587946    -53.580796  6  5  4  54       
PG32  17434.837783  -8212.126356 -18126.272648    311.816153  6  4  4  79       
*  2020  7  5  9 30  0.00000000
PG01  -3934.944371 -14411.503294 -22202.383028     21.534944  6  5  5  70       
PG02 -17951.972440  14465.561143  13785.226607   -482.576227  4  5  4  83       
PG03 -10334.946574 -22587.828924  -9620.726589   -230.205332  7  7  8  72       
PG04  -2165.021469 -22107.792113  14547.427490   -110.939475  5  8  6  72       
PG05  -7050.254771  14436.442617  20977.516511    -16.029576  4  4  3  58       
PG06 -25631.159274   6492.494917   2796.313836   -298.764964  6  6  4  91       
PG07 -21225.802237  -7211.510947  14929.476004   -320.129098  5  6  5  89       
PG08   5686.168086 -25453.678130  -4218.455834    -39.915939  7  5  5  57       
PG09 -11087.571128 -12640.952987  20507.588814   -248.284329     4  5  55       
PG10  20115.028612   6501.028284 -16138.072450   -390.851370  6  5  2  70       
PG11   4818.107520 -20248.273365 -17164.269321   -229.832347  7  6  3  77       
PG12   8700.718246  23243.814957  -9903.794114     97.692343  5  5  5  40       
PG13 -13330.585265  22803.292470   2089.745791     24.046506  2  4  2  47       
PG14  17301.181381 -13418.869819 -14550.217362     -0.964449  3  2  3  61       
PG15  -2405.131736  25811.892152  -5084.738912   -219.667520  3  5  2  63       
PG16   6054.544314 -15369.398748  20473.456679   -178.853393  5  5  5  65       
PG17 -16448.533570   4870.733096 -19844.307213    291.183801  5  4  4  73       
PG18  20958.216903   7100.322188  14699.722820    238.341762  9  6  8  79       
PG19 -17695.120470  11952.469319 -16070.408573   -136.188116  5  4  4  58       
PG20  21902.143005  14167.370066  -5688.494315    527.351132  6  5  5  91       
PG21  25976.061174  -3629.543870   3879.485821     19.919638  4  5  5  77       
PG22  -4769.359714 -20973.571588 -15468.567444   -774.082142  7  5  6 101       
PG24   2203.402883  15732.484901 -21467.455690    -15.254659  2  4  5  87       
PG25  16728.366747  20805.412020   -864.284473     19.933528  9 10  5  78       
PG26  15774.566269  -4902.505916  20804.815315    237.741127  7  5  8  60       
PG27  12461.721770 -22389.008528   6141.614533   -337.982618  5  3  5  16       
PG28 -18643.639769  -6667.503603 -17049.473345    702.495577  4  7  4  66       
PG29   6562.180053  16897.565677  19353.097053   -143.287179  4  7  5  78       
PG30 -26154.862708   -141.576092   5293.300375   -255.715579  3  5  2  93       
PG31  25506.323371  -6964.155554   4370.146799    -53.583267  7  5  4  66       
PG32  16773.861774  -6133.789153 -19525.456218    311.821931  6  3  4  82       
*  2020  7  5  9 45  0.00000000
PG01  -1499.670941 -14893.746300 -22152.567362     21.539633  6  5  5  64       
PG02 -19309.541112  14646.781820  11447.982964   -482.581695  4  4  4  53       
PG03  -9364.537942 -21806.845336 -12103.087636   -230.215970  7  6  7  69       
PG04  -1450.408024 -23482.945980  12303.970047   -110.943676  5  8  5  62       
PG05  -8795.128989  12698.248320  21451.981335    -16.030368  5  5  4  66       
PG06 -25817.538840   6331.820516    -89.886734   -298.769859  6  6  4  83       
PG07 -19539.023631  -7707.900015  16855.319015   -320.136794  5  5  5  71       
PG08   6018.956073 -25688.324826  -1354.143541    -39.916959  6  5  5  63       
PG09 -10310.271616 -14806.393855  19437.251204   -248.290285     4  5  62       
PG10  21158.985234   7894.273010 -14081.951822   -390.861117  6  6  3  65       
PG11   6346.453459 -21199.010033 -15406.014727   -229.822696  7  5  2  40       
PG12   7812.057022  22369.068174 -12391.212460     97.687962  5  5  6  55       
PG13 -13372.119685  22324.089077   4927.028502     24.049422  3  4  3  25       
PG14  16776.163108 -11640.653485 -16531.544846     -0.961730  3  2  2  70       
PG15  -2848.645122  26123.053324  -2317.361111   -219.665193  3  5  3  68       
PG16   7584.663682 -13466.132107  21317.632858   -178.857635  5  5  5  81       
PG17 -15644.862259   2595.323996 -20877.555168    291.188610  6  4  4  74       
PG18  19224.099899   7596.693282  16683.368541    238.350632  9  6  8  71       
PG19 -17038.536870  10175.519910 -17933.954446   -136.183593  5  4  4  74       
PG20  22075.494810  14712.504035  -2956.120648    527.351066  7  5  4  75       
PG21  25549.556195  -3217.088743   6652.315549     19.923645  5  5  5  68       
PG22  -3227.830935 -19826.775981 -17240.223214   -774.079870  7  4  5  82       
PG24   -129.602340  16324.084675 -21099.105041    -15.256645  2  4  5  75       
PG25  16409.180332  20778.974449  -3698.677132     19.937121  8  9  4  73       
PG26  17335.784001  -3163.255479  19901.109497    237.747330  8  5  8  63       
PG27  12400.399477 -21480.581695   8874.143399   -337.991391  5  3  4  69       
PG28 -19672.397365  -8321.366912 -15108.660427    702.492873  3  6  4  60       
PG29   5670.577811  18833.976036  17784.858937   -143.294730  4  7  5  71       
PG30 -25466.444189   -555.791090   7953.694091   -255.722624  2  5  2  55       
PG31  25882.721080  -6801.320154   1574.465219    -53.585255  7  4  3  54       
PG32  16176.744519  -3892.290751 -20584.907336    311.827745  6  3  4  70       
*  2020  7  5 10  0  0.00000000
PG01    882.573216 -15505.117720 -21729.034679     21.544393  6  4  5  80       
PG02 -20403.961798  14806.604015   8919.068158   -482.586904  5  4  4  67       
PG03  -8162.926178 -20890.054534 -14379.030374   -230.226595  7  5  7  67       
PG04   -883.332676 -24638.288968   9848.533243   -110.947892  5  8  5  85       
PG05 -10648.097100  11029.249621  21552.061303    -16.031210  5  5  5  53       
PG06 -25697.405418   6093.901534  -2974.540720   -298.774710  7  6  4  37       
PG07 -17687.685350  -8342.580166  18502.887575   -320.144853  4  5  5  66       
PG08   6261.213675 -25621.461744   1533.849688    -39.917767  6  5  5  67       
PG09  -9676.979522 -16872.005220  18030.944344   -248.296254     4  5  63       
PG10  22099.520066   9055.872379 -11784.943483   -390.870850  7  6  3  55       
PG11   7677.186884 -22079.694009 -13394.329733   -229.813096  6  5  2  44       
PG12   6700.204422  21344.230224 -14669.610999     97.683573  5  4  6  67       
PG13 -13320.991135  21552.316606   7678.777417     24.052480  3  3  3  55       
PG14  16273.190289  -9637.751341 -18218.950745     -0.959444  3  2  2  75       
PG15  -3232.617800  26141.534328    490.691792   -219.663011  2  4  3  63       
PG16   9261.499692 -11593.451205  21785.362534   -178.861711  5  5  5  69       
PG17 -14936.248473    185.213013 -21537.346388    291.193194  6  3  5  84       
PG18  17316.110371   8234.276962  18380.017561    238.359450  8  6  8  57       
PG19 -16415.344389   8186.560996 -19495.352401   -136.179102  5  3  5  83       
PG20  22027.901241  15062.890143   -173.623984    527.350596  8  5  4  67       
PG21  24856.257069  -2689.603885   9311.192463     19.927539  5  5  5  78       
PG22  -1490.391178 -18635.750940 -18712.211683   -774.077923  7  3  5  52       
PG24  -2377.006267  17009.385848 -20372.444348    -15.255793  2  4  5  75       
PG25  15866.316248  20547.440571  -6470.656494     19.940776  8  9  7  63       
PG26  18891.484546  -1588.084568  18655.782482    237.753581  9  4  9  42       
PG27  12312.328883 -20275.368476  11450.130779   -338.000135  5  3  4  74       
PG28 -20632.514271  -9730.365696 -12895.836891    702.489668  3  6  3  48       
PG29   4950.593447  20631.268840  15909.097859   -143.302966  5  7  4  60       
PG30 -24515.940319  -1070.670641  10479.104479   -255.729642  2  5  2  60       
PG31  25961.658807  -6583.667450  -1247.578583    -53.587545  7  4  2  84       
PG32  15670.379216  -1527.248621 -21286.466402    311.833555  6  3  4  75       
*  2020  7  5 10 15  0.00000000
PG01   3165.991833 -16227.128259 -20937.798358     21.549087  5  4  5  84       
PG02 -21224.569716  14906.003710   6239.791162   -482.592241  4  4  4  60       
PG03  -6730.405323 -19879.602799 -16409.780303   -230.237271  7  4  6  91       
PG04   -440.076276 -25540.903426   7223.371106   -110.952095  5  8  4  67       
PG05 -12573.704760   9463.607923  21276.595802    -16.031620  6  4  5  86       
PG06 -25284.570179   5742.354585  -5808.091240   -298.779564  7  5  4  66       
PG07 -15713.053425  -9126.574987  19844.689519   -320.152559  4  5  5  56       
PG08   6449.950904 -25244.564396   4395.022090    -39.918611  5  4  5  90       
PG09  -9179.859737 -18792.555387  16313.021286   -248.302156     4  5  68       
PG10  22894.987602   9987.567695  -9286.737077   -390.880364  7  6  3  53       
PG11   8805.501937 -22852.432796 -11161.778373   -229.803274  6  4  2  56       
PG12   5362.427731  20212.275289 -16700.934526     97.679406  5  4  5  76       
PG13 -13216.062529  20488.019112  10297.078042     24.055563  3  3  4  18       
PG14  15826.121290  -7442.101116 -19582.028090     -0.956691  3  2  3  57       
PG15  -3590.702827  25859.662831   3290.061782   -219.660703  1  4  3  67       
PG16  11056.292319  -9794.457890  21869.613205   -178.865482  6  5  5  90       
PG17 -14346.740666  -2312.736721 -21811.564481    291.199063  7  3  5  82       
PG18  15278.160208   9024.768238  19760.405452    238.368340  8  6  8  82       
PG19 -15859.773286   6017.543109 -20729.039053   -136.174709  6  4  5  64       
PG20  21735.777032  15244.476097   2611.814636    527.351010  8  5  3  65       
PG21  23925.834029  -2021.179042  11812.007712     19.931715  5  4  5  85       
PG22    423.487265 -17439.829542 -19858.206592   -774.075669  7  2  4  90       
PG24  -4499.353367  17764.821705 -19298.601847    -15.256196  2  4  5  77       
PG25  15082.526669  20145.064034  -9133.683779     19.944388  7  8  8  77       
PG26  20399.526944   -193.843490  17090.781092    237.759809 10  4  9  82       
PG27  12236.650357 -18788.423402  13824.084383   -338.008877  5  3  4  78       
PG28 -21479.929132 -10887.904865 -10451.912502    702.486486  3  6  3  84       
PG29   4390.353441  22244.329169  13758.284002   -143.310371  5  6  4  59       
PG30 -23330.270385  -1712.356453  12826.632131   -255.736705  2  4  2  82       
PG31  25751.939601  -6275.449088  -4048.748703    -53.589797  7  4  3  77       
PG32  15274.988179    917.060880 -21618.283022    311.839337  5  3  5  78       
*  2020  7  5 10 30  0.00000000
PG01   5308.689457 -17033.972612 -19791.049247     21.553856  5  4  4  59       
PG02 -21768.914687  14905.718468   3454.563226   -482.597681  5  4  5  80       
PG03  -5075.768414 -18818.177901 -18160.714783   -230.247906  7  3  5  91       
PG04    -91.438066 -26164.625195   4473.691652   -110.956372  5  8  4  35       
PG05 -14531.620722   8029.091094  20631.039136    -16.032072  6  3  5  62       
PG06 -24601.144874   5244.626899  -8541.793993   -298.784428  8  5  4  93       
PG07 -13658.740624 -10063.376431  20858.016735   -320.160273  2  4  5  48       
PG08   6623.435845 -24558.274910   7179.376383    -39.920713  5  4  5  86       
PG09  -8803.595708 -20526.253425  14313.232499   -248.308088     4  5  74       
PG10  23506.375214  10699.388734  -6630.272580   -390.890097  7  6  2  60       
PG11   9733.788652 -23480.156086  -8744.604509   -229.793854  5  4  2  68       
PG12   3804.447917  19017.146062 -18451.298971     97.674795  5  4  5  63       
PG13 -13096.343677  19140.287007  12736.260737     24.058668  4  3  4  43       
PG14  15463.596607  -5092.527260 -20596.280733     -0.954099  4  2  3  68       
PG15  -3957.311283  25278.457754   6031.180393   -219.658476  1  3  3  61       
PG16  12933.663615  -8106.914488  21570.276302   -178.869544  6  5  6  77       
PG17 -13892.547420  -4847.776451 -21695.252501    291.204312  7  3  6  78       
PG18  13156.872772   9971.928789  20800.695590    238.377212  6  6  8  76       
PG19 -15400.446787   3706.603691 -21614.926109   -136.170004  6  3  6  57       
PG20  21182.280114  15287.941115   5352.879281    527.350891  8  5  4  80       
PG21  22793.598964  -1191.765095  14114.084367     19.935989  5  4  6  76       
PG22   2486.886153 -16275.517001 -20657.527327   -774.073357  7  2  3  83       
PG24  -6461.994855  18560.915635 -17894.666387    -15.256753  2  4  5  73       
PG25  14048.194460  19609.860715 -11643.210686     19.947945  6  7  9  41       
PG26  21816.760108   1010.639767  15233.420104    237.766052 10  3  9  53       
PG27  12209.871209 -17043.697367  15954.159489   -338.017577  5  3  4  81       
PG28 -22172.284925 -11796.845367  -7821.674652    702.483228  3  5  3  84       
PG29   3970.274893  23632.543869  11369.652268   -143.318345  5  6  3  49       
PG30 -21942.326626  -2501.438451  14956.328666   -255.743766  2  4  2  57       
PG31  25270.276047  -5843.667572  -6782.177038    -53.592231  7  4  3  44       
PG32  15003.342099   3393.236343 -21575.003711    311.845127  5  3  5  55       
*  2020  7  5 10 45  0.00000000
PG01   7274.093488 -17893.450179 -18307.041309     21.558635  5  3  4  34       
PG02 -22042.843159  14767.886041    610.257475   -482.602655  5  4  5  79       
PG03  -3216.168760 -17747.362815 -19601.936713   -230.258549  7  2  5  80       
PG04    195.936048 -26491.023355   1646.876375   -110.960608  5  8  3  73       
PG05 -16478.084469   6746.152638  19627.316658    -16.032793  5  3  5  81       
PG06 -23676.671826   4573.456208 -11128.555344   -298.789291  8  5  4  77       
PG07 -11569.241616 -11148.654539  21525.308349   -320.168170  2  4  5  45       
PG08   6819.483893 -23572.430365   9838.334069    -39.921920  5  4  5  61       
PG09  -8526.137469 -22036.231032  12066.201590   -248.314035     4  5  49       
PG10  23898.818476  11209.046769  -3861.005612   -390.899783  8  6  3  74       
PG11  10471.401955 -23928.009098  -6182.249525   -229.784285  5  3  3  51       
PG12   2040.396792  17802.103139 -19891.502796     97.670552  5  4  5  46       
PG13 -12999.308652  17527.056822  14953.729328     24.061452  4  3  3  57       
PG14  15207.822161  -2633.388187 -21243.618944     -0.951644  4  2  3  78       
PG15  -4366.019722  24407.691255   8665.218724   -219.656109  2  2  3  42       
PG16  14852.914397  -6561.929787  20894.072389   -178.874115  6  5  6  82       
PG17 -13581.405786  -7367.127640 -21190.715383    291.209170  7  3  6  86       
PG18  10999.920101  11071.289590  21482.894345    238.386079  5  6  8  75       
PG19 -15059.303795   1296.809099 -22138.670493   -136.165486  7  3  6  74       
PG20  20358.083400  15227.379215   8002.892307    527.350291  8  5  5  89       
PG21  21499.095415   -188.015621  16180.708913     19.939629  5  4  6  79       
PG22   4666.263996 -15175.082114 -21095.561361   -774.071339  7  1  2  61       
PG24  -8236.250130  19363.367982 -16183.488706    -15.257605  3  4  5  64       
PG25  12761.830879  18982.078345 -13957.361108     19.951657  6  7 10  51       
PG26  23100.616847   2024.678365  13115.887451    237.772292 11  2  9  70       
PG27  12264.259426 -15073.227632  17802.948885   -338.026296  5  4  3  67       
PG28 -22670.666811 -12469.073841  -5052.824043    702.480172  3  5  4  42       
PG29   3664.008624  24761.284589   8784.546731   -143.326164  5  5  3  76       
PG30 -20389.783476  -3451.975933  16831.853620   -255.750759  2  4  3  81       
PG31  24540.630941  -5259.490447  -9402.081964    -53.594301  7  4  3  50       
PG32  14860.289090   5852.403231 -21157.838758    311.850947  5  3  5  66       
*  2020  7  5 11  0  0.00000000
PG01   9032.191729 -18768.150969 -16509.878017     21.563403  4  2  3  71       
PG02 -22060.276234  14457.681485  -2244.514048   -482.607916  5  4  5  60       
PG03  -1176.665460 -16706.044122 -20708.772668   -230.269221  7  2  4  95       
PG04    458.060752 -26510.093654  -1208.340031   -110.964851  5  8  4  49       
PG05 -18367.490047   5627.314546  18283.563058    -16.033392  5  2  5  79       
PG06 -22546.977980   3708.131110 -13523.746449   -298.794123  8  5  4  85       
PG07  -9488.436430 -12370.250859  21834.457515   -320.175952  2  4  5  65       
PG08   7073.772862 -22305.735943  12325.618181    -39.923141  5  4  5  82       
PG09  -8319.720381 -23291.841579   9610.815445   -248.319950     5  4  69       
PG10  24042.963699  11541.044786  -1026.143046   -390.909537  8  6  3  71       
PG11  11034.181888 -24164.695801  -3516.815318   -229.774618  5  3  3  87       
PG12     92.465758  16608.117502 -20997.467907     97.666008  5  4  4  75       
PG13 -12959.278551  15674.569326  16910.737256     24.064613  4  2  4  87       
PG14  15073.633605   -112.993689 -21512.715488     -0.948943  5  2  3  81       
PG15  -4847.997273  23265.602855  11145.044826   -219.653627  2  1  4  53       
PG16  16769.527765  -5182.937734  19854.324361   -178.878130  7  5  6  86       
PG17 -13412.321207  -9817.924502 -20307.457856    291.214507  7  3  6  96       
PG18   8854.327834  12310.180861  21795.166387    238.395081  3  7  7  77       
PG19 -14850.783136  -1165.274312 -22291.861821   -136.160896  7  3  6  91       
PG20  19261.877069  15098.856862  10516.584712    527.350618  8  5  6  91       
PG21  20084.589189    996.142695  17979.564081     19.944302  5  4  6  86       
PG22   6922.552325 -14165.322720 -21164.075618   -774.068650  6        79       
PG24  -9800.354099  20134.355462 -14193.379426    -15.256897  3  4  5  76       
PG25  11230.278707  18302.604869 -16037.565078     19.955259  5  7 10  65       
PG26  24210.689785   2855.531958  10774.676233    237.778478 11  2  8  81       
PG27  12426.422782 -12916.008066  19338.178802   -338.034978  5  3  3  93       
PG28 -22941.177784 -12924.710105  -2194.985067    702.476983  4  5  4  62       
PG29   3439.651254  25603.168081   6047.692996   -143.333493  5  4  2  69       
PG30 -18713.737615  -4570.765797  18421.078326   -255.757783  2  4  2  66       
PG31  23593.306686  -4499.516156 -11864.473258    -53.596617  6  5  5  63       
PG32  14842.610286   8245.918477 -20374.508972    311.856740  5  3  5  44       
*  2020  7  5 11 15  0.00000000
PG01  10560.536238 -19616.867928 -14429.196466     21.568207  4  2  2  44       
PG02 -21842.679636  13944.888860  -5060.200878   -482.613278  5  4  6  76       
PG03   1010.530849 -15728.934633 -21462.188147   -230.279863  7  3  2  79       
PG04    732.012906 -26220.638260  -4042.715205   -110.969128  5  8  3  48       
PG05 -20154.042208   4676.874366  16623.751222    -16.034169  5  2  4  73       
PG06 -21252.796406   2635.501594 -15685.979085   -298.798989  8  4  4  86       
PG07  -7458.111618 -13708.460002  21779.056772   -320.183951  3  4  5  67       
PG08   7418.253512 -20785.097404  14598.085897    -39.924563  5  4  4  86       
PG09  -8152.113575 -24269.726196   6989.540151   -248.325919  2  5  4  83       
PG10  23916.128413  11725.541183   1826.139167   -390.919249  9  6  3  65       
PG11  11443.736631 -24163.725414   -792.472953   -229.765149  4  3  4  93       
PG12  -2009.740736  15472.362599 -21750.606517     97.661751  5  4  3  72       
PG13 -13005.935881  13616.505888  18573.094877     24.067426  4  2  4  91       
PG14  15067.882803   2418.139221 -21399.212827     -0.946494  5  2  3  59       
PG15  -5430.522092  21878.271937  13426.163448   -219.651462  3  1  4  60       
PG16  18636.814502  -3985.003397  18470.610702   -178.882642  7  5  6  65       
PG17 -13375.689237 -12149.157591 -19061.960725    291.219449  7  3  6  70       
PG18   6764.812722  13668.089230  21732.044424    238.404003  4  6  7  74       
PG19 -14781.295629  -3631.129680 -22072.127710   -136.156472  7  2  7  67       
PG20  17900.580382  14938.898223  12850.852539    527.349933  7  4  7  61       
PG21  18593.516196   2359.218620  19483.069500     19.947800  6  3  6  75       
PG22   9212.484274 -13266.557401 -20861.407117   -774.066616  6        57       
PG24 -11140.150236  20833.997728 -11957.702472    -15.257875  4  3  4  56       
PG25   9468.615655  17611.372247 -17849.139604     19.958864  5  7 10  67       
PG26  25110.230375   3517.909397   8249.954071    237.784639 11  4  7  88       
PG27  12716.133287 -10616.587779  20533.295229   -338.043649  6  3  3  81       
PG28 -22956.289502 -13190.999393    701.280417    702.473855  4  4  4  44       
PG29   3261.177494  26139.044933   3206.412053   -143.341552  5  4  3  46       
PG30 -16957.228128  -5856.886495  19696.627923   -255.764792  2  3  2  58       
PG31  22463.814644  -3546.846501 -14127.836378    -53.598754  6  5  5  48       
PG32  14939.205326  10527.060881 -19239.075506    311.862611  5  3  5  59       
*  2020  7  5 11 30  0.00000000
PG01  11844.971205 -20396.186961 -12099.747739     21.573029  4     1  64       
PG02 -21418.233572  13205.341344  -7787.182873   -482.618371  6  4  6  65       
PG03   3307.085061 -14845.265622 -21849.113532   -230.290523  6  3  1  64       
PG04   1054.290578 -25630.316673  -6807.354757   -110.973417  5  8  4  83       
PG05 -21793.419203   3890.943600  14677.222100    -16.035218  5  2  4  73       
PG06 -19838.207836   1350.698830 -17577.829297   -298.803759  8  4  4  66       
PG07  -5516.549241 -15136.595009  21358.576022   -320.191545  3  4  5  46       
PG08   7879.720505 -19044.641619  16616.494153    -39.926448  5  4  3  39       
PG09  -7988.048088 -24954.606049   4247.675475   -248.331867  3  5  3  46       
PG10  23503.218418  11797.011524   4647.484516   -390.928955  9  6  3  54       
PG11  11726.507837 -23904.516673   1945.181440   -229.755343  4  3  4  94       
PG12  -4230.124300  14426.858801 -22138.110780     97.657415  6  4  3  64       
PG13 -13163.031643  11392.836401  19911.792928     24.070399  3  2  3  72       
PG14  15189.172390   4909.116373 -20905.777115     -0.943953  5  2  3  47       
PG15  -6135.654315  20278.671082  15467.612369   -219.649037  4  2  4  71       
PG16  20407.631699  -2974.475757  16768.313044   -178.886553  7  5  6  72       
PG17 -13453.790770 -14313.533445 -17477.304058    291.224658  6  3  6  89       
PG18   4772.216412  15117.329274  21294.529398    238.412927  5  6  6  76       
PG19 -14849.000645  -6051.906040 -21483.157530   -136.151801  7  2  7  77       
PG20  16289.252284  14782.954569  14965.487832    527.350130  6  4  7  55       
PG21  17068.940961   3892.142000  20668.638266     19.952313  6  3  5  80       
PG22  11490.103577 -12491.886651 -20192.526093   -774.064551  6        63       
PG24 -12249.497594  21421.937338  -9514.365014    -15.258637  4  2  4  58       
PG25   7499.762761  16945.811771 -19361.811663     19.962475  4  8 10  61       
PG26  25767.515763   4033.190607   5584.880676    237.790801 11  5  6  68       
PG27  13145.445493  -8223.457958  21367.928471   -338.052305  6  3  3  47       
PG28 -22695.919447 -13300.948115   3585.430486    702.470718  4  4  5  80       
PG29   3090.035274  26358.678710    309.790343   -143.349318  4  3  3  68       
PG30 -15163.690692  -7301.536677  20636.353024   -255.771884  2  3  2  52       
PG31  21191.563021  -2391.926671 -16153.788930    -53.600957  5  4  5  65       
PG32  15131.597782  12652.641814 -17771.658277    311.868331  5  3  5  60       
*  2020  7  5 11 45  0.00000000
PG01  12880.051477 -21062.197224  -9560.874287     21.577823  3     1  57       
PG02 -20820.723616  12222.164173 -10376.693247   -482.623380  6  5  6  67       
PG03   5669.800489 -14077.697917 -21862.675398   -230.301153  6  3     88       
PG04   1459.194416 -24755.365541  -9454.562599   -110.977576  5  8  4  47       
PG05 -23244.377459   3257.811119  12478.127486    -16.035716  6  2  4  22       
PG06 -18348.962127   -142.465615 -19166.495627   -298.808678  8  4  4  81       
PG07  -3697.233126 -16621.823228  20578.466412   -320.199381  4  4  4  54       
PG08   8478.601323 -17124.466625  18346.183512    -39.926968  5  4  3  49       
PG09  -7790.767712 -25339.770826   1432.561749   -248.337841  4  5  2  43       
PG10  22797.369207  11792.759516   7390.139842   -390.938651  9  5  4  75       
PG11  11912.645893 -23373.316757   4649.820317   -229.745954  4  4  4  82       
PG12  -6527.252585  13497.317839 -22153.162240     97.652927  6  4  2  68       
PG13 -13447.338322   9048.424184  20903.529013     24.073474  3  3  3  69       
PG14  15427.947797   7310.503346 -20041.999888     -0.941436  5  2  3  77       
PG15  -6979.126500  18505.438330  17232.790007   -219.647041  4  2  4  68       
PG16  22036.105520  -2148.991992  14778.073673   -178.891136  8  5  6  85       
PG17 -13621.634820 -16269.170398 -15582.651042    291.229908  6  3  5  79       
PG18   2912.095553  16624.004380  20490.079086    238.421887  6  6  6  72       
PG19 -15043.893963  -8380.046246 -20534.645210   -136.147394  7  2  7  90       
PG20  14450.700900  14663.915684  16823.872340    527.349947  5  4  7  72       
PG21  15552.074921   5578.516186  21518.858250     19.956437  5  2  5  77       
PG22  13708.393623 -11846.755626 -19168.967911   -774.062170  6  1     77       
PG24 -13130.370272  21858.972765  -6905.207760    -15.259489  4  2  4  78       
PG25   5353.811995  16339.414706 -20550.179087     19.966121  3  8  9  79       
PG26  26157.033683   4428.399364   2824.884733    237.796977 11  6  6  84       
PG27  13718.143682  -5787.295278  21828.227747   -338.060980  6  2  3  66       
PG28 -22148.200310 -13291.769731   6407.850497    702.467702  4  4  4  77       
PG29   2886.840046  26261.089822  -2592.178560   -143.357197  3  3  3  67       
PG30 -13375.402464  -8888.177065  21223.723058   -255.778894  3  3     60       
PG31  19818.408107  -1033.120958 -17907.701834    -53.603223  5  4  6  79       
PG32  15394.737972  14584.474649 -15998.050470    311.874109  5  3  5  34       
*  2020  7  5 12  0  0.00000000
PG01  13669.129226 -21572.257237  -6855.887625     21.582658  2     2  72       
PG02 -20088.187457  10986.758579 -12781.777071   -482.628854  6  5  6  84       
PG03   8052.071820 -13441.493266 -21502.328887   -230.311807  5  2     47       
PG04   1977.295421 -23619.998084 -11938.670613   -110.981795  6  8  5  63       
PG05 -24470.236895   2758.612616  10064.798740    -16.036493  6  3  3  89       
PG06 -16830.744466  -1831.438647 -20424.379700   -298.813536  8  4  4  88       
PG07  -2027.719831 -18126.250098  19450.182895   -320.207522  4  4  4  64       
PG08   9228.010945 -15069.173326  19757.668116    -39.928192  5  4  1  71       
PG09  -7523.640914 -25427.245473  -1407.246210   -248.343790  5  5  2  65       
PG10  21800.289574  11751.333095  10007.724229   -390.948348  9  4  4  64       
PG11  12034.730625 -22563.895839   7275.122638   -229.736413  4  5  4  61       
PG12  -8855.720532  12702.228269 -21795.058321     97.648441  6  4  3  83       
PG13 -13867.891828   6631.443410  21531.126250     24.076284  3  3  3  41       
PG14  15766.939392   9576.090832 -18824.153296     -0.939134  6  3  4  47       
PG15  -7969.502928  16601.420327  18690.190768   -219.644665  5  3  4  21       
PG16  23479.291490  -1497.823657  12535.179208   -178.895198  8  4  6  94       
PG17 -13848.106954 -17981.060004 -13412.610455    291.235149  5  4  5  55       
PG18   1213.522266  18149.220542  19332.484874    238.430821  7  5  6  40       
PG19 -15348.203778 -10570.870793 -19242.151664   -136.142753  7     6  80       
PG20  12414.803163  14610.720476  18393.622063    527.349951  4  3  7  58       
PG21  14080.898542   7395.120000  22021.606901     19.960586  6  2  5  84       
PG22  15820.960386 -11328.837761 -17808.633590   -774.059999  6        66       
PG24 -13792.639616  22108.679573  -4175.302568    -15.261487  5  2  3  75       
PG25   3067.096212  15820.448377 -21394.105307     19.969713  2  8  9  65       
PG26  26260.442640   4734.967336     16.911181    237.803134 11  7  6  88       
PG27  14429.538015  -3359.135408  21907.061536   -338.069607  7  2  3  70       
PG28 -21309.922387 -13203.211195   9120.693952    702.464221  4  3  5  72       
PG29   2613.100951  25854.551730  -5449.464829   -143.364958  2  4  4  75       
PG30 -11631.975255 -10592.973138  21448.133910   -255.785866  3  3     48       
PG31  18387.118795    522.999496 -19359.277254    -53.605452  4  4  6  33       
PG32  15698.069081  16290.647710 -13949.238369    311.879911  5  3  5  51       
*  2020  7  5 12 15  0.00000000
PG01  14224.098682 -21886.747600  -4031.352698     21.587474  2     3  54       
PG02 -19261.365889   9499.472512 -14958.261792   -482.634080  6  5  6  80       
PG03  10405.475089 -12943.977955 -20773.888002   -230.322464  5  2  2  46       
PG04   2634.049848 -22255.506433 -14216.832681   -110.986003  6  8  5  27       
PG05 -25440.191459   2368.275606   7479.055046    -16.037349  7  3  3  75       
PG06 -15327.453610  -3695.206961 -21329.578154   -298.818340  8  4  4  84       
PG07   -528.718182 -19608.219016  17991.118005   -320.215336  5  4  4  43       
PG08  10133.108347 -12926.239087  20827.122235    -39.928914  6  4  1  55       
PG09  -7151.770044 -25227.629910  -4222.823063   -248.349744  6  4  1  80       
PG10  20522.295849  11710.904359  12455.973044   -390.958046  9  4  3  40       
PG11  12126.380451 -21477.983932   9775.548213   -229.726816  5  4  5  64       
PG12 -11167.666356  12052.215251 -21069.253232     97.643932  5  4  4  72       
PG13 -14425.553318   4191.672350  21783.835744     24.079225  4  4  2  40       
PG14  16181.931379  11664.514794 -17274.809215     -0.936222  6  3  4  70       
PG15  -9107.646628  14612.049732  19814.027506   -219.642168  4  4  4  67       
PG16  24698.710667  -1002.542305  10078.886590   -178.899479  9  4  5  71       
PG17 -14097.368318 -19422.236063 -11006.498954    291.240185  5  3  5  65       
PG18   -301.859035  19650.506778  17841.638461    238.439705  7  5  6  45       
PG19 -15737.081781 -12584.063187 -17626.887329   -136.137911  7     6  69       
PG20  10217.556747  14647.121171  19647.170732    527.349949  4  3  7  74       
PG21  12688.925816   9312.636168  22170.107584     19.964663  6  2  4  78       
PG22  17783.700142 -10928.244664 -16135.462277   -774.057619  6  1  1  46       
PG24 -14253.542372  22138.953068  -1372.167689    -15.262344  4  2  2  59       
PG25    681.032891  15410.872703 -21879.043979     19.973376  1  8  8  71       
PG26  26067.273064   4987.336866  -2791.350043    237.809257 10  7  5  71       
PG27  15266.614260   -988.551758  21604.083311   -338.078269  7  2  4  70       
PG28 -20186.644324 -13075.830766  11678.645126    702.461232  4  3  5  71       
PG29   2232.910549  25156.240821  -8212.870035   -143.372692  2  3  4  62       
PG30  -9968.953427 -12385.525217  21305.123176   -255.792874  3  4     72       
PG31  16939.808121   2261.671368 -20483.074822    -53.607649  4  4  6  64       
PG32  16006.812719  17746.553892 -11660.837104    311.885635  5  3  5  72       
*  2020  7  5 12 30  0.00000000
PG01  14564.802539 -21970.738909  -1136.288598     21.592275  2     2  60       
PG02 -18382.018776   7769.915188 -16865.712345   -482.639406  7  5  6  92       
PG03  12681.436184 -12584.320038 -19689.451942   -230.333066  4  2  3  51       
PG04   3448.616139 -20699.101828 -16249.768784   -110.990251  5  8  6  42       
PG05 -26130.397233   2056.699514   4765.465124    -16.038513  7  3  3  69       
PG06 -13879.559243  -5704.911733 -21866.276409   -298.823175  7  4  4  89       
PG07    786.584061 -21023.786387  16224.439706   -320.223166  5  4  4  69       
PG08  11190.778064 -10744.298902  21536.756761    -39.931044  6  4  2  48       
PG09  -6643.534433 -24759.619245  -6965.719582   -248.355720  6  4  2  76       
PG10  18982.036037  11707.672945  14693.447740   -390.967789  8  4  2  36       
PG11  12220.799551 -20125.424228  12107.137849   -229.717137  5  4  5  81       
PG12 -13414.390129  11549.699014 -19987.310827     97.639543  5  4  5  78       
PG13 -15112.908434   1778.730697  21657.517328     24.081937  4  5  1  54       
PG14  16642.819815  13540.665887 -15422.336400     -0.933798  6  3  4  56       
PG15 -10386.518323  12583.628204  20584.724461   -219.640143  4  4  3  54       
PG16  25661.707137   -637.970879   7451.706848   -178.903921  9  3  4  90       
PG17 -14330.440291 -20574.608301  -8407.526317    291.245324  5  3  4  62       
PG18  -1620.482369  21083.387622  16043.192122    238.448604  7  4  6  52       
PG19 -16179.566674 -14385.005288 -15715.415401   -136.133464  7     6  92       
PG20   7899.896997  14790.650562  20562.280621    527.349667  4  3  6  49       
PG21  11404.144081  11296.578477  21962.934356     19.968975  6  2  3  64       
PG22  19556.383262 -10628.053422 -14178.982589   -774.055630  6  2  2  74       
PG24 -14536.851498  21923.406764   1455.085657    -15.262785  4  3  2  50       
PG25  -1759.219516  15125.495881 -21996.289489     19.977078  1  8  7  55       
PG26  25575.344600   5221.455341  -5552.242857    237.815336 10  7  5  92       
PG27  16208.526579   1278.087241  20925.665872   -338.086935  7  2  3  54       
PG28 -18792.480651 -12949.295159  14039.596190    702.458131  3  3  4  56       
PG29   1714.531650  24191.554809 -10834.876055   -143.380193  2  3  4  48       
PG30  -8416.569859 -14229.861656  20796.487292   -255.799874  3  4     33       
PG31  15516.387760   4160.260769 -21258.977204    -53.609919  4  4  6  26       
PG32  16283.422050  18935.640098  -9172.454030    311.891422  4  4  4  59       
*  2020  7  5 12 45  0.00000000
PG01  14718.118005 -21795.504490   1778.701315     21.597070  3  2  3  59       
PG02 -17491.176924   5816.887394 -18468.340532   -482.644336  7  5  6  62       
PG03  14832.915948 -12353.630002 -18267.226942   -230.343723  4     3  55       
PG04   4432.920790 -18992.537849 -18002.445921   -110.994474  6  8  6  34       
PG05 -26524.799768   1790.122333   1970.576161    -16.039200  7  3  4  78       
PG06 -12522.602676  -7824.774493 -22025.036439   -298.828113  7  3  4  84       
PG07   1912.914872 -22328.322625  14178.826977   -320.231114  6  4  4  58       
PG08  12389.646491  -8571.402259  21875.081734    -39.932741  6  5  3  50       
PG09  -5972.006878 -24049.224430  -9588.796964   -248.361700  6  4  2  82       
PG10  17205.913895  11774.351351  16682.202595   -390.977284  8  4  1  34       
PG11  12349.317971 -18524.026448  14228.325680   -229.707425  6  4  5  79       
PG12 -15548.018629  11188.866650 -18566.767327     97.635140  6  4  5  60       
PG13 -15914.507426   -559.668766  21154.695859     24.084953  4  5  1  39       
PG14  17114.910090  15176.833755 -13300.292736     -0.931359  6  4  4  70       
PG15 -11791.315537  10561.590483  20989.268717   -219.637731  4  5  2  65       
PG16  26342.580938   -373.378033   4698.661029   -178.908470  9  3  3  83       
PG17 -14506.903697 -21429.434188  -5661.927521    291.250593  4  3  4  74       
PG18  -2737.193697  22403.047070  13968.118127    238.457431  7  4  6  59       
PG19 -16639.788302 -15945.915320 -13539.276548   -136.128854  6  2  5  46       
PG20   5506.321089  15051.834878  21122.469627    527.350032  3  3  6  34       
PG21  10248.156441  13308.386230  21403.970567     19.973350  6  2  2  68       
PG22  21104.088874 -10405.128588 -11973.753087   -774.053366  6  2  2  58       
PG24 -14671.779785  21442.565251   4256.658470    -15.262035  4  3  2  87       
PG25  -4206.247424  14971.400388 -21743.149222     19.980787  3  8  7  55       
PG26  24790.884892   5473.217568  -8218.920756    237.821474  9  6  5  83       
PG27  17227.408606   3399.214091  19884.710684   -338.095566  7  2  4  61       
PG28 -17149.585960 -12860.758767  16165.235522    702.455098  4  3  5  78       
PG29   1031.819126  22993.127371 -13270.460409   -143.388146  2  3  3  72       
PG30  -6998.708153 -16085.660641  19930.295882   -255.806822  4  4  2  27       
PG31  14153.102029   6188.885826 -21672.585647    -53.611956  4  4  6  55       
PG32  16489.144911  19849.850877  -6526.992148    311.897214  4  4  4  65       
*  2020  7  5 13  0  0.00000000
PG01  14716.754800 -21339.811711   4662.353470     21.601895  5  3  3  83       
PG02 -16627.407813   3667.917318 -19735.837042   -482.649688  6  5  6  71       
PG03  16816.048703 -12235.382581 -16531.244588   -230.354219  3     4  80       
PG04   5591.010280 -17180.570270 -19444.683810   -110.998701  6  8  6  65       
PG05 -26615.672801   1532.619329   -857.876625    -16.040135  7  3  4  46       
PG06 -11285.899673 -10013.299567 -21802.972636   -298.832992  7  3  5  89       
PG07   2853.011241 -23478.182476  11888.098368   -320.239018  6  4  3  66       
PG08  13710.429119  -6453.313495  21837.053605    -39.934903  6  5  3  53       
PG09  -5116.188290 -23128.724772 -12047.034322   -248.367735  6  4  3  80       
PG10  15227.233369  11938.787793  18388.399912   -390.987015  7  4     43       
PG11  12539.983074 -16699.114620  16100.747139   -229.697894  6  5  5  54       
PG12 -17523.157578  10955.961311 -16830.902289     97.630767  6  4  6  66       
PG13 -16807.435481  -2779.384907  20284.493233     24.087803  5  5     44       
PG14  17560.395183  16553.545015 -10946.731607     -0.928901  6  4  4  46       
PG15 -13299.943953   8588.825156  21021.413436   -219.635444  3  5  1  88       
PG16  26723.460194   -173.865456   1866.521322   -178.912849  9  3  3  97       
PG17 -14586.639068 -21987.419178  -2818.065194    291.255685  4  4  4  43       
PG18  -3655.254791  23566.019601  11652.174696    238.466293  6  4  6  75       
PG19 -17078.372104 -17246.746977 -11134.536333   -136.124348  6  2  4  55       
PG20   3083.369810  15433.686010  21317.344429    527.349936  3  2  5  87       
PG21   9235.548463  15306.651593  20502.325022     19.977849  6  3  1  88       
PG22  22398.431803 -10231.203241  -9558.705115   -774.051122  6  3  3  66       
PG24 -14691.659074  20684.797431   6983.001205    -15.262363  3  3  2  81       
PG25  -6611.959709  14947.661966 -21123.033447     19.984421  5  8  7  79       
PG26  23728.345861   5776.914153 -10746.108860    237.827586  8  6  5  82       
PG27  18289.465544   5339.450982  18500.341266   -338.104215  7  3  3  51       
PG28 -15287.365037 -12843.380599  18021.547154    702.452082  4  3  5  56       
PG29    165.421439  21599.578294 -15477.864123   -143.395964  3  3  3  17       
PG30  -5732.112224 -17909.656868  18720.800025   -255.813839  4  4  3           
PG31  12881.196616   8311.323457 -21715.535914    -53.614467  5  4  6  49       
PG32  16585.635887  20489.752557  -3769.906490    311.902980  4  4  4  58       
*  2020  7  5 13 15  0.00000000
PG01  14597.810987 -20590.933327   7463.702872     21.606728  6  4  2  94       
PG02 -15825.176025   1358.411546 -20644.094909   -482.654950  6  5  6  68       
PG03  18591.672033 -12206.145260 -14510.979205   -230.364705  3     3  91       
PG04   6918.714823 -15309.313376 -20551.674854   -111.002917  6  7  7  57       
PG05 -26403.851591   1247.675446  -3671.766976    -16.040577  7  3  5  71       
PG06 -10191.496371 -12224.707408 -21203.811867   -298.837891  7  2  5  79       
PG07   3617.398857 -24432.382223   9390.730991   -320.246955  6  4  3  81       
PG08  15126.591939  -4431.920364  21424.108315    -39.937812  6  5  4  67       
PG09  -4062.012649 -22035.393902 -14298.295652   -248.373756  6  3  4  53       
PG10  13085.093517  12222.777407  19782.865634   -390.996757  6  4     48       
PG11  12816.262058 -14682.776044  17690.023308   -229.688308  6  5  5  70       
PG12 -19298.471545  10829.881947 -14808.417002     97.626086  7  4  6  79       
PG13 -17762.189042  -4841.364091  19062.439022     24.091128  5  6  2  47       
PG14  17939.950104  17660.068189  -8403.442436     -0.926480  6  4  4  66       
PG15 -14883.797566   6704.123831  20681.731376   -219.633255  4  5     46       
PG16  26794.886695     -1.893409   -996.951140   -178.917045  9  3  3  80       
PG17 -14531.535724 -22258.451864     74.475466    291.261021  4  3  4  70       
PG18  -4386.017852  24531.842622   9135.287654    238.475145  5  5  5  65       
PG19 -17453.996050 -18275.815166  -8541.257348   -136.120007  6  3  4  45       
PG20    678.023903  15931.496492  21142.830725    527.349740  4  3  5  64       
PG21   8373.495311  17248.443115  19272.207632     19.981812  6  3     89       
PG22  23418.532447 -10074.172472  -6976.403801   -774.048975  6  3  3  68       
PG24 -14632.448849  19646.946417   9585.761161    -15.263986  2  3  3  76       
PG25  -8929.202737  15045.374824 -20145.458678     19.988151  7  8  7  77       
PG26  22409.924164   6163.743573 -13090.842004    237.833732  7  6  5  42       
PG27  19356.299511   7070.740955  16797.491765   -338.112926  7  3  2  34       
PG28 -13241.445715 -12925.026316  19579.223782    702.448856  5  3  5  88       
PG29   -896.284512  20054.048396 -17419.299376   -143.403724  3  3  3  50       
PG30  -4625.875643 -19657.181442  17188.232767   -255.820822  5  4  3  28       
PG31  11725.774100  10486.172750 -21385.725047    -53.616304  4  3  6  55       
PG32  16536.555236  20864.336337   -948.426554    311.908744  4  4  4  68       
*  2020  7  5 13 30  0.00000000
PG01  14401.144546 -19545.331055  10133.054752     21.611576  6  4  3  63       
PG02 -15113.377449  -1069.548624 -21175.795778   -482.660018  6  5  5  53       
PG03  20126.689088 -12236.587088 -12240.868660   -230.375275  4     3  65       
PG04   8403.637523 -13424.556468 -21304.409488   -111.007118  6  7  7  42       
PG05 -25898.655537    899.771450  -6423.369088    -16.041796  7  3  6  48       
PG06  -9253.419342 -14410.543828 -20237.836016   -298.842798  6  3  5  78       
PG07   4223.857940 -25154.217602   6729.270379   -320.254858  6  4  3  79       
PG08  16605.298393  -2543.810032  20644.083332    -39.939331  6  5  4  65       
PG09  -2803.083516 -20810.049234 -16304.043559   -248.379700  7  3  4  80       
PG10  10823.072812  12641.106231  20841.577684   -391.006425  5  4     48       
PG11  13195.913840 -12512.831339  18966.500290   -229.678499  6  6  6  72       
PG12 -20838.132931  10783.075464 -12533.020558     97.621584  7  5  7  55       
PG13 -18743.821591  -6712.948468  17510.165272     24.093848  5  6  2  61       
PG14  18214.375287  18494.573830  -5715.145484     -0.923936  6  4  4  74       
PG15 -16508.810446   4940.822932  19977.522282   -219.630960  4  5  1  38       
PG16  26556.099669    181.113207  -3843.761825   -178.921484  9  3  3  62       
PG17 -14307.101767 -22260.995392   2965.779332    291.266121  3  3  4  50       
PG18  -4948.284197  25264.606044   6460.858555    238.483974  4  6  5  90       
PG19 -17725.045765 -19030.122476  -5802.899035   -136.115613  5  4  3  34       
PG20  -1663.923745  16532.948955  20601.293106    527.349481  4  3  4  70       
PG21   7661.619873  19090.686974  17732.764764     19.986893  5  3     67       
PG22  24151.691770  -9899.543789  -4272.244868   -774.046904  6  4  4  55       
PG24 -14531.136837  18334.625276  12018.716746    -15.262615  2  3  3  84       
PG25 -11113.356118  15247.986181 -18825.960643     19.991854  8  9  6  62       
PG26  20864.802982   6660.443376 -15213.168804    237.839845  7  5  4  42       
PG27  20386.412409   8573.182759  14806.403324   -338.121585  6  4  2  57       
PG28 -11052.456696 -13127.193862  20813.997481    702.445593  5  4  5  76       
PG29  -2156.561044  18402.576339 -19061.585535   -143.411497  4  3  3  59       
PG30  -3681.232793 -21283.777242  15358.502044   -255.827799  5  4  4  40       
PG31  10704.882946  12668.236949 -20687.439793    -53.618612  4  4  6  65       
PG32  16309.093828  20990.510826   1889.242146    311.914490  4  5  4  65       
*  2020  7  5 13 45  0.00000000
PG01  14167.628240 -18208.977222  12622.945466     21.616538  7  5  3  69       
PG02 -14514.119591  -3568.715532 -21320.834826   -482.664980  6  5  5  76       
PG03  21395.210331 -12292.730308  -9759.744749   -230.385757  5  1  3  72       
PG04  10025.469716 -11570.105594 -21689.999822   -111.011309  6  7  7  54       
PG05 -25117.505954    455.924397  -9066.132401    -16.042100  7  3  6  62       
PG06  -8477.249279 -16521.402924 -18921.707488   -298.847695  6  3  5  79       
PG07   4696.587975 -25612.755021   3949.635299   -320.262942  7  4  2  88       
PG08  18108.602830   -819.064160  19511.033597    -39.939898  6  5  4  35       
PG09  -1341.113954 -19495.481330 -18029.988279   -248.385642  6  2  5  69       
PG10   8487.749271  13200.864517  21546.079704   -391.016138  5  4     57       
PG11  13690.084280 -10231.558946  19905.920842   -229.669109  6  6  6  62       
PG12 -22113.084639  10782.692135 -10042.925289     97.617516  8  5  7  94       
PG13 -19713.311725  -8368.927055  15654.993265     24.096716  5  6  2  66       
PG14  18346.222209  19063.952568  -2928.660313     -0.921631  6  4  4  76       
PG15 -18136.731347   3325.691912  18922.582294   -219.628650  5  5  2  44       
PG16  26015.013041    413.136711  -6626.423228   -178.925559  8  4  3  74       
PG17 -13883.914202 -22021.169299   5806.464317    291.271844  3  3  4  57       
PG18  -5367.372717  25734.338575   3675.011452    238.492814  5  7  5  97       
PG19 -17851.308665 -19515.370132  -2965.649582   -136.110938  5  4  2  66       
PG20  -3899.456682  17218.539310  19701.539072    527.349771  4  3  3  75       
PG21   7092.106854  20791.566111  15907.872774     19.990476  5  3  2  66       
PG22  24593.746582  -9671.982825  -1493.606152   -774.044565  6  4  4  84       
PG24 -14424.100028  16762.162551  14238.674943    -15.263321  2  3  4  80       
PG25 -13123.851753  15531.932571 -17185.913428     19.995561  8  9  6  78       
PG26  19128.142152   7288.091812 -17076.811933    237.846002  6  5  4  79       
PG27  21336.825120   9835.543369  12562.041749   -338.130339  6  4     51       
PG28  -8764.656320 -13464.191988  21706.893213    702.442678  5  4  5  74       
PG29  -3610.003809  16692.380127 -20376.703713   -143.419351  4  4  3  58       
PG30  -2891.662452 -22746.827917  13262.778289   -255.834798  5  3  4  42       
PG31   9828.879456  14810.076432 -19631.378394    -53.620960  4  4  6  46       
PG32  15875.366700  20892.305841   4694.724629    311.920232  4  5  5  53       
*  2020  7  5 14  0  0.00000000
PG01  13937.361969 -16597.296110  14889.068298     21.621372  7  6  2  81       
PG02 -14041.808788  -6088.420806 -21076.566496   -482.670170  6  5  4  95       
PG03  22379.429464 -12337.397389  -7110.181285   -230.396333  6  2  3  89       
PG04  11756.620556  -9786.214383 -21701.896357   -111.015540  7  7  7  60       
PG05 -24085.255649   -112.874473 -11555.429384    -16.042958  7  3  6  99       
PG06  -7860.034915 -18508.696812 -17278.180478   -298.852471  6  2  4  73       
PG07   5065.097684 -25784.130531   1100.325759   -320.270522  7  4  2  95       
PG08  19594.842811    719.684541  18044.947755    -39.940033  6  6  3  35       
PG09    313.946829 -18134.823834 -19446.661823   -248.391543  6  2  5  53       
PG10   6127.109042  13901.056710  21883.813227   -391.025910  4  3     58       
PG11  14302.671188  -7884.220379  20490.005212   -229.659425  6  6  5  71       
PG12 -23102.066328  10791.964551  -7380.255013     97.612855  8  5  7  93       
PG13 -20629.097856  -9792.290831  13529.422135     24.099542  4  6  2  66       
PG14  18301.337759  19383.307384    -92.065935     -0.918989  6  4  3  72       
PG15 -19726.563888   1878.108913  17536.847357   -219.626177  5  5  2  69       
PG16  25187.891542    729.974011  -9298.672982   -178.929631  7  5  3  77       
PG17 -13238.857415 -21571.566420   8548.500417    291.276643  3  3  4  79       
PG18  -5673.935198  25918.176610    825.791723    238.501752  6  8  6  80       
PG19 -17795.644635 -19745.647976    -77.695951   -136.106290  5  4  2  80       
PG20  -5989.821408  17962.300101  18458.703883    527.349792  5  4  3  86       
PG21   6650.071987  22311.896561  13825.886786     19.994429  4  2  2  77       
PG22  24749.094246  -9356.889548   1311.026746   -774.042422  5  5  5  75       
PG24 -14345.497117  14952.197396  16206.308895    -15.262179  3  3  4  93       
PG25 -14925.559829  15867.559455 -15252.252274     19.999260  8  9  6  95       
PG26  17239.852723   8061.125365 -18649.775083    237.852115  6  4  2   8       
PG27  22164.749153  10855.435201  10103.450368   -338.139039  6  5     58       
PG28  -6424.460438 -13942.591970  22244.410571    702.439681  5  4  5   5       
PG29  -5242.573733  14970.109232 -21342.261499   -143.426992  3  4  4  83       
PG30  -2243.302204 -24007.136912  10936.981311   -255.841779  5  3  4  81       
PG31   9100.092784  16863.676643 -18234.558790    -53.623022  4  3  6  57       
PG32  15213.623297  20599.819624   7420.278678    311.925952  4  5  4  75       
*  2020  7  5 14 15  0.00000000
PG01  13747.919813 -14734.723802  16891.140107     21.626233  7  6  2  86       
PG02 -13702.589516  -8576.477227 -20447.860832   -482.675350  6  5  4  81       
PG03  23070.198130 -12331.797794  -4337.769865   -230.406900  6  3  4  99       
PG04  13563.136726  -8108.164133 -21339.994487   -111.019649  7  6  7  66       
PG05 -22833.256826   -830.376890 -13849.266877    -16.043760  6  4  6  84       
PG06  -7390.550265 -20326.403225 -15335.702988   -298.857385  6  3  4  55       
PG07   5362.859989 -25652.596128  -1768.453074   -320.278672  7  5  2  94       
PG08  21020.176036   2057.902428  16271.372199    -39.941655  6  6  3  59       
PG09   2144.104796 -16769.926410 -20529.908533   -248.397456  6  2  5  61       
PG10   3788.900558  14732.525204  21848.361874   -391.035639  3  2     63       
PG11  15029.995077  -5517.444087  20706.919052   -229.649756  5  7  5  78       
PG12 -23792.361283  10771.760662  -4590.371499     97.608317  8  4  7  80       
PG13 -21448.717860 -10974.665368  11170.530877     24.102531  4  5  2  85       
PG14  18050.269591  19475.148390   2746.131199     -0.916574  5  4  4  67       
PG15 -21236.109561    609.550939  15845.925539   -219.623716  5  5  3  86       
PG16  24098.740523   1163.734528 -11816.163600   -178.933919  6  5  2  42       
PG17 -12356.108710 -20949.857356  11145.973657    291.281956  3  3  4  28       
PG18  -5902.565555  25801.270046  -2037.668702    238.510569  7  9  7  77       
PG19 -17525.569613 -19742.809531   2811.560000   -136.101586  4  5  2  73       
PG20  -7901.852119  18732.797874  16894.015558    527.349466  5  4  4  86       
PG21   6314.179455  23616.439864  11519.340475     19.998272  4  2  3  88       
PG22  24630.389980  -8921.939954   4092.941460   -774.040170  5  5  5  94       
PG24 -14325.762309  12934.940257  17886.914191    -15.262202  4  2  4  85       
PG25 -16489.988502  16220.294826 -13057.098656     20.003012  7  8  5  88       
PG26  15243.199866   8986.610188 -19904.887439    237.858173  5  4  2  37       
PG27  22829.246603  11639.158065   7473.051938   -338.147730  5  5     59       
PG28  -4078.918346 -14560.964044  22418.638923    702.436238  5  5  5  64       
PG29  -7031.965228  13280.133926 -21941.861192   -143.434840  4  5  4  68       
PG30  -1715.659534 -25030.393825   8421.173422   -255.848793  5  3  4  77       
PG31   8512.812139  18782.168364 -16520.108221    -53.625598  3  4  6  66       
PG32  14309.229674  20147.950703  10019.580899    311.931752  4  5  5  35       
*  2020  7  5 14 30  0.00000000
PG01  13632.708195 -12653.902833  18593.686117     21.631112  6  7  2  89       
PG02 -13494.162329 -10981.147032 -19446.968625   -482.680292  5  5  3  94       
PG03  23467.275313 -12237.192606  -1490.335129   -230.417451  7  4  4  94       
PG04  15405.876876  -6565.047315 -20610.629418   -111.023805  7  6  7  93       
PG05 -21398.202676  -1713.996206 -15908.952427    -16.044488  6  4  6  85       
PG06  -7049.884548 -21932.722752 -13127.916758   -298.862300  5  2  4  57       
PG07   5625.784146 -25211.261553  -4605.733878   -320.286597  6  4  2  97       
PG08  22340.203200   3189.491199  14220.951338    -39.943552  5  6  3  52       
PG09   4123.822953 -15439.792642 -21261.284862   -248.403359  6  2  6  70       
PG10   1518.994067  15678.193908  21439.601665   -391.045397  3        50       
PG11  15860.798434  -3177.535058  20551.608521   -229.640313  5  7  5  61       
PG12 -24180.230720  10682.253367  -1721.127061     97.603689  8  5  7  82       
PG13 -22130.488494 -11916.407603   8619.306577     24.105241  4  5  1  61       
PG14  17569.482283  19368.328501   5537.807353     -0.913934  5  4  4  72       
PG15 -22623.548661   -476.589005  13880.535203   -219.621424  6  5  4  86       
PG16  22778.433033   1741.479749 -14137.118627   -178.938157  5  6  1  71       
PG17 -11227.840809 -20197.240275  13555.786719    291.286831  3  3  3  69       
PG18  -6090.258136  25377.389660  -4866.004721    238.519402  7 10  7  73       
PG19 -17014.689491 -19535.550177   5652.329186   -136.097152  4  5  2  60       
PG20  -9609.079773  19494.366608  15034.442043    527.349734  5  5  4  91       
PG21   6057.494207  24675.110557   9024.591785     20.003012  4  2  3  87       
PG22  24257.933458  -8338.530887   6804.068094   -774.038194  5  5  5  99       
PG24 -14390.265820  10747.130349  19251.064994    -15.262294  4  2  5  89       
PG25 -17796.249092  16552.037056 -10637.287934     20.006741  6  8  4 107       
PG26  13183.284572  10063.796666 -20820.276886    237.864349  5  4  2           
PG27  23292.816532  12201.218187   4715.912978   -338.156452  5  5  1  75       
PG28  -1774.185435 -15309.901735  22227.310500    702.433495  5  5  5  60       
PG29  -8948.296404  11662.936584 -22165.366457   -143.442412  4  5  4  93       
PG30  -1282.593196 -25788.468760   5758.868285   -255.855771  6  3  4  78       
PG31   8053.602766  20521.533227 -14516.931724    -53.627639  3  5  6  55       
PG32  13155.386607  19574.962997  12448.485370    311.937514  4  5  4  66       
*  2020  7  5 14 45  0.00000000
PG01  13619.506860 -10394.544934  19966.722561     21.635991  6  7  2  82       
PG02 -13405.986653 -13253.083777 -18093.202095   -482.685658  5  4  2  78       
PG03  23579.240009 -12016.571303   1382.896948   -230.427982  7  5  4  99       
PG04  17241.895623  -5178.800617 -19526.460071   -111.028010  7  6  7  81       
PG05 -19820.785526  -2773.966567 -17699.707794    -16.045441  6  5  5  83       
PG06  -6812.340890 -23291.581018 -10693.064349   -298.867194  5  2  3  55       
PG07   5890.567876 -24462.491649  -7360.775673   -320.294266  6  4  2 102       
PG08  23511.615828   4116.801564  11928.893126    -39.944687  5  6  3  30       
PG09   6220.814705 -14179.142015 -21628.362667   -248.409289  6  2  6  54       
PG10   -640.192926  16713.626142  20663.752395   -391.055149  3     2  63       
PG11  16776.580964   -908.783502  20025.986343   -229.630235  6  7  4  71       
PG12 -24271.013176  10484.642566   1177.946516     97.599783  7  5  7  88       
PG13 -22635.158762 -12626.366716   5919.912655     24.108234  4  5  2  73       
PG14  16842.343096  19096.766293   8235.998061     -0.911436  5  3  3  73       
PG15 -23848.995085  -1384.859572  11675.866999   -219.619160  6  5  4  89       
PG16  21263.605574   2484.050329 -16222.950505   -178.942298  5  6  1  66       
PG17  -9854.622640 -19356.796592  15738.290668    291.292251  3  3  3  68       
PG18  -6274.776100  24649.212366  -7610.474700    238.528257  7 10  8  54       
PG19 -16243.925247 -19158.218433   8395.294395   -136.092512  3  5  2  60       
PG20 -11092.579825  20208.528824  12912.225539    527.349634  5  5  5  92       
PG21   5848.549081  25464.038578   6381.409068     20.007072  4  2  3  87       
PG22  23658.773759  -7583.070959   9397.819630   -774.036045  4  5  5  95       
PG24 -14558.198553   8430.734958  20275.154542    -15.262640  5  2  5  87       
PG25 -18831.745969  16822.707807  -8033.802043     20.010498  7  7  4  99       
PG26  11105.459414  11283.976307 -21379.763596    237.870528  5  4  3  61       
PG27  23522.850111  12563.548006   1878.983278   -338.165204  4  4  2  55       
PG28    445.960036 -16172.329456  21673.794955    702.430101  5  5  5  63       
PG29 -10955.094927  10153.665464 -22009.063955   -143.450182  4  5  5  79       
PG30   -913.526946 -26260.481498   2996.267359   -255.862759  5  2  3  72       
PG31   7701.943817  22042.225635 -12259.260039    -53.629868  2  5  6  74       
PG32  11753.557345  18920.938446  14665.744303    311.943258  4  5  4  71       
*  2020  7  5 15  0  0.00000000
PG01  13729.255952  -8002.010406  20986.320170     21.640886  5  7  3  76       
PG02 -13419.854210 -15347.157557 -16412.445756   -482.690813  5  4  2  89       
PG03  23423.069052 -11636.273785   4232.162787   -230.438419  7  5  4  96       
PG04  19025.983867  -3963.523824 -18106.244403   -111.032251  7  5  7  91       
PG05 -18144.220427  -4012.773044 -19191.222494    -16.045897  6  5  5  88       
PG06  -6646.607499 -24373.917213  -8073.314427   -298.871926  4  2  3  56       
PG07   6193.000273 -23417.934087  -9984.072962   -320.302195  6  4  2  91       
PG08  24493.808079   4850.327309   9434.369318    -39.945756  5  6  3  58       
PG09   8397.098752 -13017.150100 -21624.931859   -248.415228  5  3  6  74       
PG10  -2651.145180  17807.879625  19533.325970   -391.064823  4  2  3  69       
PG11  17752.261821   1248.151716  19138.957444   -229.620861  6  7  4  68       
PG12 -24078.879631  10142.861709   4056.499814     97.594811  7  5  7  83       
PG13 -22927.473202 -13121.322157   3118.911414     24.111043  4  5  1  88       
PG14  15859.845990  18698.008156  10795.631622     -0.908566  4  3  4  77       
PG15 -24875.964580  -2127.298528   9270.887869   -219.616731  6  4  4  95       
PG16  19595.360703   3405.120420 -18038.835838   -178.946621  4  6     60       
PG17  -8245.510940 -18471.813582  17657.844472    291.297540  3  3  3  61       
PG18  -6492.994379  23628.273315 -10223.805025    238.537114  7 10  9  58       
PG19 -15202.476308 -18649.401854  10992.486283   -136.087979  3  5  2  57       
PG20 -12341.523395  20835.547482  10564.311879    527.349401  5  6  5  89       
PG21   5652.599496  25966.448134   3632.492259     20.011049  5  3  3 101       
PG22  22865.572390  -6638.068035  11829.888281   -774.033955  4  6  5  95       
PG24 -14841.727699   6031.446896  20941.808454    -15.263437  4  3  5  79       
PG25 -19592.559257  16991.912511  -5291.111955     20.014358  8  6  4  86       
PG26   9053.736652  12630.649390 -21573.166309    237.876747  4  5  5  43       
PG27  23492.903041  12754.460443   -989.677599   -338.173962  3  4  3  61       
PG28   2541.510745 -17124.081324  20767.037765    702.426944  5  6  5  53       
PG29 -13010.542170   8780.905074 -21475.718097   -143.458174  4  5  5  85       
PG30   -574.847595 -26433.600756    181.438037   -255.869796  5  2  4  86       
PG31   7431.167269  23310.643409  -9786.080939    -53.632188  2  6  6  66       
PG32  10113.589345  18226.175088  16633.680888    311.949001  4  5  5  73       
*  2020  7  5 15 15  0.00000000
PG01  13975.140920  -5525.665468  21635.035518     21.645684  5  7  3  73       
PG02 -13510.799851 -17224.081575 -14436.518861   -482.695934  5  4  3  99       
PG03  23023.395434 -11067.492252   7008.040849   -230.448955  7  6  4 110       
PG04  20712.306257  -2925.109666 -16374.510389   -111.036486  7  5  7  82       
PG05 -16412.687467  -5424.873696 -20358.140868    -16.046293  6  5  4  89       
PG06  -6517.154233 -25158.708898  -5314.017934   -298.876780  4  2  4  80       
PG07   6566.290831 -22098.169251 -12428.358073   -320.310247  6  3  3  81       
PG08  25250.393512   5408.094134   6779.860224    -39.947021  5  6  3  51       
PG09  10610.275856 -11976.414145 -21251.099759   -248.421156  4  2  6  79       
PG10  -4482.518579  18924.629952  18066.968881   -391.074537  4  3  4  88       
PG11  18757.143122   3257.710998  17906.278628   -229.611083  6  7  4  87       
PG12 -23626.248600   9625.199396   6864.263137     97.590593  6  5  7  90       
PG13 -22977.585496 -13425.124103    264.455421     24.114077  4  5  1  85       
PG14  14621.052902  18211.685391  13174.212168     -0.906387  4  3  4  49       
PG15 -25672.701950  -2722.696761   6707.604649   -219.614332  6  4  4  75       
PG16  17817.820477   4510.511737 -19554.243669   -178.950837  4  6  1   5       
PG17  -6417.835837 -17584.133532  19283.300821    291.302767  3  3  3  57       
PG18  -6779.282560  22334.586836 -12661.007521    238.546013  7 11  9  31       
PG19 -13888.477744 -18050.339457  13398.159689   -136.083389  3  5  3  72       
PG20 -13353.408800  21336.045640   8031.685734    527.349772  5  7  5  99       
PG21   5433.031099  26173.317355    822.924498     20.015408  5  4  3  83       
PG22  21915.272684  -5492.973075  14058.984618   -774.031817  3  6  4  81       
PG24 -15245.457183   3597.044820  21240.163602    -15.263625  5  3  4  73       
PG25 -20083.499685  17020.644632  -2456.437547     20.018176  9  6  4  87       
PG26   7069.248003  14080.000410 -21396.514325    237.882964  4  6  5  51       
PG27  23183.741279  12807.379795  -3841.675918   -338.182716  3  3  3  46       
PG28   4477.492183 -18134.732261  19521.443557    702.423770  4  6  5  61       
PG29 -15068.928705   7565.708870 -20574.518591   -143.466023  4  5  5  86       
PG30   -231.431065 -26303.539501  -2636.550501   -255.876827  5  2  3  97       
PG31   7209.663366  24300.383903  -7140.461741    -53.634508  2  6  6  56       
PG32   8253.525331  17529.590221  18318.805182    311.954795  4  5  5  71       
*  2020  7  5 15 30  0.00000000
PG01  14362.012873  -3017.088469  21902.201659     21.650533  4  7  4  90       
PG02 -13648.300194 -18851.770728 -12202.415958   -482.701082  5  4  4  85       
PG03  22411.475503 -10287.591883   9662.330292   -230.459489  7  6  3 106       
PG04  22256.072902  -2061.197758 -14361.128649   -111.040701  8  4  6  90       
PG05 -14669.748799  -6996.724480 -21180.476625    -16.046977  6  5  4  95       
PG06  -6385.798484 -25633.693545  -2462.909195   -298.881657  4  2  3  72       
PG07   7039.500537 -20531.992169 -14649.568064   -320.318115  6  3  4  70       
PG08  25750.571780   5814.768302   4010.453887    -39.949201  5  6  4  64       
PG09  12814.979604 -11072.182632 -20513.285989   -248.427059  3  2  5  75       
PG10  -6110.178430  20023.523073  16289.197525   -391.084301  5  4  5  71       
PG11  19756.133340   5090.685610  16350.253270   -229.601200  6  7  3  78       
PG12 -22942.879564   8905.768138   9551.961949     97.586076  6  5  7  88       
PG13 -22762.269285 -13567.572605  -2594.537883     24.117087  4  5  2  68       
PG14  13133.241604  17677.923477  15332.446765     -0.903666  4  3  4  64       
PG15 -26213.320465  -3195.615372   4030.303750   -219.612107  6  4  4  87       
PG16  15976.579321   5797.791920 -20743.412250   -178.954954  4  7  2  64       
PG17  -4396.693365 -16732.585865  20588.418037    291.307872  3  3  3  86       
PG18  -7163.991348  20795.951121 -14880.155312    238.554869  7 11  9  82       
PG19 -12309.317914 -17403.221464  15569.651987   -136.078744  3  4  3  82       
PG20 -14133.963762  21672.627481   5358.625032    527.349436  5  7  6  80       
PG21   5152.878301  26083.787248  -2000.448848     20.019183  5  5  2  83       
PG22  20847.630190  -4144.750630  16047.508569   -774.029606  3  6  4  87       
PG24 -15766.212669   1175.686092  21166.009596    -15.263038  5  4  4  66       
PG25 -20317.827487  16872.965955    421.064532     20.021948  9  6  5  94       
PG26   5188.814301  15601.666816 -20852.159232    237.889209  3  6  6  65       
PG27  22584.124907  12759.398206  -6629.051565   -338.191426  1  3  4  51       
PG28   6225.053597 -19168.655907  17956.704155    702.420779  4  6  6  92       
PG29 -17082.266364   6520.930071 -19320.922004   -143.473651  4  6  5  93       
PG30    151.765779 -25874.724620  -5408.516165   -255.883820  5  2  2  85       
PG31   7002.305374  24993.229899  -4368.774670    -53.636752  2  6  5  49       
PG32   6199.110145  16867.187879  19692.364642    311.960579  4  5  5  91       
*  2020  7  5 15 45  0.00000000
PG01  14886.166328   -528.201722  21784.074130     21.655404  4  7  4  92       
PG02 -13797.697885 -20206.379078  -9751.455233   -482.706015  5  4  4  96       
PG03  21623.905430  -9281.196146  12148.911446   -230.470005  6  6  2 118       
PG04  23615.181239  -1361.453146 -12100.794318   -111.044900  8  4  5  92       
PG05 -12956.797284  -8707.107493 -21643.949316    -16.047739  6  5  3 104       
PG06  -6213.377762 -25795.759394    430.733007   -298.886501  5  3  4  78       
PG07   7636.147434 -18755.354688 -16607.747752   -320.325830  6  2  4  82       
PG08  25970.295960   6100.519816   1173.109733    -39.949781  4  5  4  70       
PG09  14964.446848 -10311.877395 -19424.113202   -248.432992  3  3  5  83       
PG10  -7517.965039  21061.707645  14230.026950   -391.093937  5  5  5  93       
PG11  20711.175518   6725.195457  14499.268644   -229.591407  6  6  3  75       
PG12 -22064.677204   7965.757091  12072.231220     97.582160  6  5  6  86       
PG13 -22265.881529 -13583.081095  -5409.214366     24.120098  4  5  3  87       
PG14  11411.759576  17135.760399  17234.812596     -0.901220  3  3  4  82       
PG15 -26478.715716  -3575.200101   1284.781765   -219.609938  6  4  4  71       
PG16  14117.108289   7256.173145 -21585.769373   -178.959141  4  7  3  60       
PG17  -2214.166689 -15951.554138  21552.198768    291.313072  3  3  3  89       
PG18  -7672.102031  19046.963871 -16843.103619    238.563680  7 11  9  88       
PG19 -10481.596246 -16749.443766  17468.203999   -136.074278  3  4  4  84       
PG20 -14696.722517  21811.433856   2591.890244    527.348991  6  8  6  75       
PG21   4776.404415  25705.294178  -4789.714420     20.023206  4  6  2  84       
PG22  19703.662517  -2598.157597  17762.143652   -774.027509  3  7  4 101       
PG24 -16393.156041  -1185.796610  20721.794186    -15.264628  5  4  4  71       
PG25 -20316.640721  16517.593687   3291.171492     20.025641  9  6  6  89       
PG26   3443.680039  17159.775227 -19948.781581    237.895424  3  7  7  81       
PG27  21691.304454  12649.711605  -9305.029054   -338.200210  1  3  4  17       
PG28   7762.353223 -20186.277780  16097.570012    702.417572  4  6  5  97       
PG29 -19001.996284   5650.875132 -17736.390000   -143.481403  4  6  5 102       
PG30    608.113025 -25160.132755  -8086.058998   -255.890880  5  3  3  91       
PG31   6772.035477  25379.820207  -1519.840497    -53.638949  2  7  5  48       
PG32   3983.010700  16270.647513  20730.821609    311.966341  4  4  5  82       
*  2020  7  5 16  0  0.00000000
PG01  15535.479852   1890.592338  21283.832972     21.660207  4  6  4  94       
PG02 -13921.780962 -21272.981215  -7128.365518   -482.711165  5  4  5  81       
PG03  20701.137750  -8040.991866  14424.571012   -230.480433  6  6  1 109       
PG04  24751.765120   -808.157509  -9632.427230   -111.049090  8  3  4  89       
PG05 -11311.592779 -10527.752533 -21740.237597    -16.048129  6  5  2 103       
PG06  -5961.462254 -25650.991393   3316.948681   -298.891323  5  4  4  98       
PG07   8373.051332 -16810.013092 -18267.862162   -320.333788  5  2  4  93       
PG08  25893.198526   6299.683206  -1684.103227    -39.950861  3  5  4  49       
PG09  17012.149020  -9694.925865 -18002.195405   -248.438924  3  3  5 101       
PG10  -8698.154136  21995.489934  11924.495686   -391.103567  5  6  5  78       
PG11  21582.814690   8147.349259  12387.189898   -229.582347  6  6  3  83       
PG12 -21032.251980   6794.413283  14380.508252     97.577814  5  5  6  74       
PG13 -21481.043596 -13509.177285  -8131.600804     24.123158  4  5  3  88       
PG14   9479.592852  16621.628947  18850.061432     -0.898551  3  3  4  77       
PG15 -26457.225959  -3893.842820  -1482.419969   -219.607578  5  4  4  79       
PG16  12283.164837   8866.717746 -22066.290793   -178.963776  4  7  4  72       
PG17     91.694411 -15269.724147  22159.156541    291.318452  3  4  3  92       
PG18  -8322.091827  17127.787195 -18516.143116    238.572486  6 11  9  91       
PG19  -8430.715497 -16127.888453  19059.723407   -136.069547  3  4  5  89       
PG20 -15062.295930  21723.568152   -220.133998    527.348871  6  9  6  71       
PG21   4270.687650  25053.407591  -7496.655823     20.027183  4  6  3  84       
PG22  18524.078545   -865.723260  19174.368012   -774.025340  3  7  4  83       
PG24 -17108.219844  -3443.525651  19916.497631    -15.264537  5  5  4  72       
PG25 -20107.952735  15929.327159   6103.506999     20.029279  9  6  6  85       
PG26   1858.462414  18714.208608 -18701.289162    237.901647  3  8  7  79       
PG27  20511.214075  12517.992211 -11824.743592   -338.208934  2  4  4  41       
PG28   9075.207947 -21145.486425  13973.562679    702.414402  4  7  6  98       
PG29 -20780.728766   4951.292285 -15848.028378   -143.489275  4  6  5  99       
PG30   1167.781178 -24180.798145 -10622.443428   -255.897905  5  3  3  99       
PG31   6481.545192  25459.973147   1355.990766    -53.641381  2  7  4  42       
PG32   1643.776606  15766.086400  21416.250825    311.972129  4  4  5  99       
*  2020  7  5 16 15  0.00000000
PG01  16289.908909   4192.193823  20411.445628     21.664971  5  6  4  84       
PG02 -13982.442962 -22045.881298  -4380.342213   -482.716473  4  4  5  82       
PG03  19685.857140  -6568.220429  16449.775499   -230.490987  6  6     97       
PG04  25633.591834   -377.089053  -6998.500867   -111.053282  9  3  3  77       
PG05  -9766.939448 -12424.231696 -21467.144625    -16.048792  6  5  2  89       
PG06  -5594.039383 -25214.371649   6145.968202   -298.896171  6  5  3  83       
PG07   9259.470935 -14741.941192 -19600.494863   -320.341691  5  2  4  75       
PG08  25511.242613   6449.265925  -4512.783473    -39.951659  2  4  5  80       
PG09  18913.423203  -9212.909391 -16271.827054   -248.444720  3  3  5  77       
PG10  -9651.590998  22782.047793   9412.091763   -391.113187  5  7  6  72       
PG11  22331.832103   9351.559560  10052.630320   -229.572659  6  5  3  75       
PG12 -19889.294012   5389.706459  16435.883106     97.573446  5  5  6  74       
PG13 -20409.016243 -13384.899877 -10715.399343     24.126125  4  5  3  59       
PG14   7366.667667  16167.954461  20151.659428     -0.896015  3  3  4  70       
PG15 -26145.021057  -4185.743151  -4224.765804   -219.605105  5  4  4  85       
PG16  10515.262946  10602.848016 -22175.790751   -178.967951  4  7  5  85       
PG17   2478.099650 -14709.052816  22399.511302    291.323493  4  4  3  86       
PG18  -9125.059381  15082.709692 -19870.574870    238.581305  6 10  9  97       
PG19  -6190.118475 -15573.302592  20315.470765   -136.064830  4  4  5  97       
PG20 -15257.365715  21386.333790  -3028.326270    527.348915  6  9  7  82       
PG21   3607.151911  24151.364123 -10073.582675     20.031405  4  7  3  91       
PG22  17347.746123   1032.565050  20260.877841   -774.023081  3  7  4  84       
PG24 -17886.838635  -5558.071440  18765.384431    -15.265377  5  5  4  82       
PG25 -19725.492109  15090.251566   8808.476843     20.032911  9  6  7  89       
PG26    450.357093  20222.058264 -17130.605312    237.907907  4  8  8  82       
PG27  19058.356258  12402.756058 -14145.934697   -338.217621  3  4  4  68       
PG28  10157.483233 -22003.160001  11618.625328    702.411303  4  7  6  98       
PG29 -22373.949463   4409.695053 -13688.132451   -143.497011  3  6  4 101       
PG30   1856.343490 -22965.012153 -12973.448876   -255.904890  5  2  3  80       
PG31   6094.978271  25242.646315   4207.800482    -53.643623  3  7  4  59       
PG32   -775.421563  15373.042281  21736.650732    311.977886  4  3  5  86       
*  2020  7  5 16 30  0.00000000
PG01  17122.305117   6334.435545  19183.399287     21.669752  4  5  4  99       
PG02 -13942.349841 -22528.551618  -1556.100044   -482.721634  4  4  6  81       
PG03  18621.280454  -4872.834248  18189.377481   -230.501524  6  6  2 102       
PG04  26235.253650    -38.656022  -4244.311657   -111.057476  9  2  3  79       
PG05  -8349.553005 -14357.096927 -20828.671431    -16.049147  6  5  2 103       
PG06  -5079.103792 -24509.147473   8869.076285   -298.900958  6  6  4  82       
PG07  10296.572217 -12599.580355 -20582.413039   -320.349244  4  2  4  84       
PG08  24825.074846   6587.359549  -7264.979180    -39.952622     4  5  68       
PG09  20627.041714  -8850.021712 -14262.577544   -248.450675  3  4  4  72       
PG10 -10387.489760  23381.136410   6736.087471   -391.122915  5  7  6  73       
PG11  22920.871375  10340.502654   7538.121958   -229.562948  6  5  3  81       
PG12 -18680.826391   3758.645616  18201.885985     97.569151  4  6  5  36       
PG13 -19059.756185 -13249.152512 -13116.747185     24.128924  4  5  3  94       
PG14   5108.910713  15801.914825  21118.160815     -0.893451  3  4  4  92       
PG15 -25546.212161  -4485.424610  -6896.452053   -219.602743  5  5  4  88       
PG16   8849.257636  12431.147499 -21911.138008   -178.972325  4  7  6  76       
PG17   4898.908248 -14283.990311  22269.314822    291.329131  4  4  3  91       
PG18 -10084.144490  12958.561226 -20883.197391    238.590055  6 10  9 102       
PG19  -3800.195008 -15114.844895  21212.649217   -136.060034  4  4  5  98       
PG20 -15313.445520  20784.232818  -5783.725413    527.348934  6 10  7  80       
PG21   2762.978000  23029.300362 -12474.212467     20.034683  4  7  4  99       
PG22  16210.254414   3069.855784  21003.920522   -774.020945  3  7  4 102       
PG24 -18698.942386  -7495.751475  17289.643418    -15.265452  5  5  3  81       
PG25 -19207.271514  13990.664368  11358.206734     20.036516  9  5  7  83       
PG26   -771.366402  21639.206380 -15263.347631    237.914082  4  8  8  79       
PG27  17355.382928  12339.783607 -16229.600440   -338.226346  4  5  4  83       
PG28  11011.205770 -22716.761094   9070.708043    702.408132  4  7  6 141       
PG29 -23741.627582   4006.008022 -11293.645678   -143.504997  3  6  4 108       
PG30   2693.564975 -21547.247168 -15098.170746   -255.911921  5  2  3  83       
PG31   5579.582189  24745.532432   6985.079800    -53.645672  3  7  4  82       
PG32  -3228.231249  15103.714897  21686.163199    311.983704  4  3  5 101       
*  2020  7  5 16 45  0.00000000
PG01  17999.522768   8281.497736  17622.314332     21.674525  4  4  3  92       
PG02 -13766.543895 -22733.218898   1295.052845   -482.726694  4  3  6  83       
PG03  17549.449142  -2973.311260  19613.240740   -230.512085  6  6  3 103       
PG04  26539.108418    240.760888  -1417.201170   -111.061779  9  2  3  68       
PG05  -7079.160716 -16283.221412 -19834.994797    -16.049603  7  5  1  84       
PG06  -4390.090270 -23565.893015  11439.452879   -298.905786  6  6  4  72       
PG07  11477.250412 -10432.005282 -21196.985469   -320.357259  4  3  4  87       
PG08  23844.066475   6751.512416  -9893.965287    -39.953422     4  5  67       
PG09  22116.661097  -8583.819960 -12008.797091   -248.456589  4  4  4  80       
PG10 -10922.902820  23756.717389   3942.793097   -391.132635  5  8  6  67       
PG11  23315.983499  11124.731312   4889.213696   -229.553323  6  5  4  58       
PG12 -17451.410252   1917.230198  19647.192022     97.564595  4  5  5  43       
PG13 -17451.653717 -13139.077277 -15294.930869     24.131883  5  4  4  99       
PG14   2747.100872  15544.403751  21733.514174     -0.890899  3  4  4 104       
PG15 -24672.683877  -4826.259149  -9453.101771   -219.600666  5  5  4  95       
PG16   7315.095631  14312.431088 -21275.390468   -178.976684  4  7  7  94       
PG17   7306.136781 -14000.979940  21770.506370    291.334109  4  4  4  91       
PG18 -11194.264528  10803.041377 -21536.697983    238.598880  6  9  9 106       
PG19  -1306.900150 -14774.863957  21734.880892   -136.055328  4  4  6  99       
PG20 -15265.461179  19909.685497  -8438.418051    527.348778  5 10  7  73       
PG21   1722.330018  21723.199418 -14654.588743     20.039056  4  7  4  87       
PG22  15142.622364   5213.281884  21391.536379   -774.018775  2  7  4  99       
PG24 -19510.167262  -9229.688495  15515.929172    -15.265105  5  6  3  76       
PG25 -18593.983138  12629.680947  13707.460015     20.040153  8  6  8  76       
PG26  -1805.557619  22921.978612 -13131.399761    237.920312  4  9  7  68       
PG27  15432.387794  12360.649457 -18040.605703   -338.235082  4  6  4  79       
PG28  11646.388695 -23245.948509   6371.284768    702.405096  3  7  6  96       
PG29 -24849.665244   3713.510020  -8705.539799   -143.512609  3  5  4 114       
PG30   3692.427995 -19966.849078 -16959.755128   -255.918911  5  2  4  79       
PG31   4907.236131  23994.307807   9638.701320    -53.647927  3  6  3  82       
PG32  -5666.682282  14962.496052  21265.197097    311.989548  4  3  6  94       
*  2020  7  5 17  0  0.00000000
PG01  18883.762527  10005.055424  15756.452808     21.679305  4  3  3  98       
PG02 -13423.922068 -22680.130328   4124.099214   -482.732008  4  2  6  75       
PG03  16509.582422   -896.134182  20696.772183   -230.522688  6  6  4 108       
PG04  26535.933404    497.309927   1434.255458   -111.066019  9  2  4  56       
PG05  -5967.869238 -18157.297758 -18502.346996    -16.050256  7  5  1 103       
PG06  -3507.093721 -22421.302325  13812.976252   -298.910542  6  6  4  88       
PG07  12786.310541  -8287.087319 -21434.445391   -320.365167  4  3  4  95       
PG08  22586.040418   6977.123796 -12355.005158    -39.955789     4  5  76       
PG09  23352.095693  -8386.239508  -9549.041444   -248.462552  4  4  4  85       
PG10 -11281.878851  23878.444510   1080.742413   -391.142350  4  8  6  72       
PG11  23488.023419  11721.964985   2153.525291   -229.543692  6  4  4  55       
PG12 -16243.376851   -109.965165  20746.225769     97.560328  4  5  5  29       
PG13 -15610.962421 -13088.508629 -17213.045546     24.135069  4  5  3 105       
PG14    325.551371  15409.231774  21987.299982     -0.888437  3  5  4 102       
PG15 -23543.659657  -5239.051834 -11852.422227   -219.598003  5  5  4 100       
PG16   5935.779826  16203.051442 -20277.841223   -178.980867  4  7  7  81       
PG17   9651.535529 -13858.252216  20910.898439    291.339321  4  3  4  90       
PG18 -12442.177813   8663.025598 -21819.942320    238.607692  6  8  8 115       
PG19   1239.861703 -14567.962510  21872.555584   -136.050828  5  5  6  99       
PG20 -15150.209634  18763.442810 -10946.397994    527.349168  5 10  7  82       
PG21    477.334211  20273.580344 -16574.013850     20.042672  4  8  5  96       
PG22  14170.198395   7425.031303  21417.709084   -774.016378  2  6  5 105       
PG24 -20283.231766 -10740.592119  13475.818973    -15.266203  6  6  3  81       
PG25 -17927.287171  11015.489631  15814.512620     20.043738  8  6  8  83       
PG26  -2659.056448  24028.802255 -10771.381286    237.926568  4  9  7  84       
PG27  13325.934214  12491.413453 -19548.238043   -338.243794  5  6  4  90       
PG28  12080.567671 -23554.151761   3564.799578    702.401958  3  7  6  88       
PG29 -25671.132886   3500.038580  -5968.126005   -143.520264  2  5  3 105       
PG30   4858.434076 -18266.551999 -18526.052432   -255.925907  4  3  4  78       
PG31   4055.788901  23021.565881  12121.859561    -53.650285  3  6  3  86       
PG32  -8042.819747  14945.807434  20480.452201    311.995370  4  3  6  99       
*  2020  7  5 17 15  0.00000000
PG01  19734.093983  11485.119171  13619.137402     21.684119  4  3  3  96       
PG02 -12888.535311 -22396.542262   6883.139836   -482.737268  4     6  86       
PG03  15536.556864   1325.045108  21421.350594   -230.533264  5  6  4 113       
PG04  26225.267568    768.072125   4261.081026   -111.070231  9  2  5  52       
PG05  -5019.826283 -19933.439341 -16852.795789    -16.050844  7  5  2  89       
PG06  -2417.828917 -21116.761840  15948.974575   -298.915330  5  6  4  73       
PG07  14200.994148  -6209.735425 -21291.996197   -320.372898  4  4  4  89       
PG08  21076.692838   7295.919232 -14606.086453    -39.956614  2  5  5  73       
PG09  24310.367355  -8224.833862  -6925.424137   -248.468518  4  4  3  79       
PG10 -11494.341244  23722.944192  -1800.174935   -391.152040  4  9  6  64       
PG11  23413.840209  12156.096857   -620.214345   -229.533852  6  5  4  61       
PG12 -15095.161216  -2290.557222  21479.650318     97.556292  4  4  5  46       
PG13 -13570.942936 -13126.565182 -18838.590668     24.137928  5  5  3 103       
PG14  -2109.333700  15402.591956  21874.897800     -0.886006  3  5  4 114       
PG15 -22185.019330  -5750.733944 -14054.820554   -219.595789  5  5  5 103       
PG16   4726.589454  18056.399818 -18933.969102   -178.985302  4  7  7  88       
PG17  11888.181836 -13845.920742  19704.091697    291.344441  4  3  4  95       
PG18 -13806.871471   6582.913689 -21728.157944    238.616513  6  8  8 119       
PG19   3788.020758 -14500.389948  21623.040762   -136.046074  5  5  6 111       
PG20 -15004.760372  17354.676941 -13264.380240    527.349063  4 10  7  98       
PG21   -971.246251  18723.973835 -18195.969633     20.046792  4  8  5 103       
PG22  13311.788969   9663.599169  21082.425759   -774.014168  2  6  5 105       
PG24 -20979.421350 -12017.240372  11205.200102    -15.267725  6  6  3  76       
PG25 -17248.065612   9165.241427  17641.963155     20.047312  8  6  8  77       
PG26  -3346.245646  24921.804175  -8224.023376    237.932949  5  9  6  85       
PG27  11077.851587  12751.520317 -20726.704862   -338.252475  5  7  3  92       
PG28  12338.055297 -23610.052118    698.041267    702.398698  3  7  6  84       
PG29 -26187.243439   3329.409546  -3128.307878   -143.528245  2  5  3 107       
PG30   6189.209841 -16490.875949 -19770.177465   -255.932863  5  3  5  77       
PG31   3010.149042  21865.482685  14390.956950    -53.652275  3  6  4 102       
PG32 -10310.345339  15042.254376  19344.840961    312.001188  4  3  6  98       
*  2020  7  5 17 30  0.00000000
PG01  20508.093398  12710.543553  11248.097195     21.688913  4  2  3  99       
PG02 -12140.666330 -21915.482321   9526.152327   -482.742354  4  1  6  69       
PG03  14659.572649   3650.522991  21774.644581   -230.543850  5  6  4 110       
PG04  25615.429440   1089.429833   7014.733611   -111.074476  9  3  6  73       
PG05  -4231.191688 -21566.826277 -14913.924444    -16.051540  7  5  2  89       
PG06  -1118.293200 -19696.758436  17810.913602   -298.919995  5  6  4  88       
PG07  15691.823965  -4240.289143 -20773.763524   -320.380928  4  4  3  97       
PG08  19348.728731   7734.564224 -16608.620830    -39.957816  3  6  5 100       
PG09  24976.491078  -8064.192090  -4182.906350   -248.474439  4  4  3  98       
PG10 -11594.731037  23274.836356  -4649.616922   -391.161753  4  9  6  63       
PG11  23077.214666  12455.968936  -3383.117943   -229.524492  5  6  4  63       
PG12 -14039.807661  -4585.441191  21834.729166     97.551932  4  4  5  65       
PG13 -11370.752848 -13276.431379 -20143.994510     24.140675  5  5  3 100       
PG14  -4510.580666  15522.809220  21397.581124     -0.883648  3  5  4 102       
PG15 -20628.394951  -6383.208094 -16023.974016   -219.593583  5  5  5 116       
PG16   3694.590224  19824.550803 -17265.287365   -178.989608  4  7  7  83       
PG17  13972.038042 -13946.378757  18169.317719    291.349692  4  3  3  95       
PG18 -15260.258933   4603.083299 -21263.009155    238.625316  6  7  7 114       
PG19   6285.219461 -14569.790950  20990.745954   -136.041330  5  6  6 108       
PG20 -14864.864795  15700.748297 -15352.554030    527.348746  3 10  6 104       
PG21  -2613.686813  17119.241469 -19488.995369     20.050442  4  7  5 108       
PG22  12579.045054  11885.175774  20391.648510   -774.011870  2  6  5  95       
PG24 -21560.122302 -13056.649893   8743.602330    -15.267887  6  6  3  65       
PG25 -16594.716023   7104.576184  19157.457389     20.050907  8  5  8  94       
PG26  -3888.300589  25568.284083  -5533.460353    237.939399  5  9  6 101       
PG27   8733.841130  13152.948291 -21555.565492   -338.261167  5  7  3 100       
PG28  12448.931351 -23388.913741  -2180.552728    702.395110  3  6  6 104       
PG29 -26388.027664   3162.997326   -234.787920   -143.535550  2  5  3 105       
PG30   7674.432025 -14684.472395 -20670.965996   -255.939838  4  4  5  88       
PG31   1763.081115  20568.272864  16406.414179    -53.654505  3  5  4 103       
PG32 -12426.206131  15233.091987  17877.306989    312.006975  4  4  5  89       
*  2020  7  5 17 45  0.00000000
PG01  21163.530586  13679.191723   8684.756603     21.693736  4  2  4  84       
PG02 -11167.654311 -21274.340494  12009.674843   -482.747745  5  3  6  71       
PG03  13901.058835   6035.899006  21750.814587   -230.554438  5  6  4 104       
PG04  24723.210164   1495.463514   9647.935557   -111.078691  8  3  7  68       
PG05  -3590.422283 -23015.334501 -12718.413083    -16.052269  7  5  2  90       
PG06    386.892913 -18207.185094  19367.009487   -298.924822  5  6  4 100       
PG07  17223.724327  -2413.128517 -19890.602379   -320.388625  4  4  3  93       
PG08  17440.741334   8313.468993 -18328.097024    -39.959263  4  6  4  88       
PG09  25343.966097  -7867.479269  -1368.535592   -248.480369  4  4  2  90       
PG10 -11620.468911  22527.451538  -7417.709717   -391.171536  3  9  6  67       
PG11  22469.511666  12653.974776  -6087.055946   -229.514835  5  7  4  66       
PG12 -13103.709843  -6950.153334  21805.552598     97.547564  4  4  6  80       
PG13  -9054.123607 -13554.373952 -21107.060867     24.143626  5  6  3  90       
PG14  -6832.194729  15760.383670  20562.537512     -0.881006  3  6  3 110       
PG15 -18910.077426  -7152.383418 -17727.351947   -219.591016  5  4  5 116       
PG16   2838.459375  21459.992970 -15299.085383   -178.994018  4  7  7  97       
PG17  15863.421770 -14134.986016  16331.207677    291.354827  4  3  3  98       
PG18 -16768.160297   2758.506983 -20432.562557    238.634135  6  6  7 116       
PG19   8680.704666 -14765.321890  19987.038901   -136.036984  5  6  6 110       
PG20 -14763.437517  13826.660888 -17175.261507    527.348983  2  9  6 108       
PG21  -4431.359238  15503.807914 -20427.489666     20.054991  4  7  6 112       
PG22  11976.126409  14045.120555  19357.199648   -774.009674  3  6  5 101       
PG24 -21988.345792 -13863.935672   6133.489966    -15.269173  6  6  3  96       
PG25 -16001.558526   4866.803372  20334.308774     20.054520  8  5  9  86       
PG26  -4312.164877  25942.002600  -2746.449701    237.945818  6  9  5  59       
PG27   6341.938637  13699.639393 -22020.091797   -338.269894  5  8  4 105       
PG28  12447.796806 -22873.710070  -5021.659353    702.391965  2  6  6 108       
PG29 -26272.684169   2961.414916   2662.759540   -143.543412  2  5  3 101       
PG30   9296.073224 -12890.484039 -21213.320578   -255.946835  4  4  5  71       
PG31    315.675953  19174.503704  18133.386753    -53.656675  3  4  4 103       
PG32 -14352.070771  15492.988362  16102.540580    312.012775  4  4  5  90       
*  2020  7  5 18  0  0.00000000
PG01  21660.039196  14397.758005   5973.483443     21.698569  4  4  4  83       
PG02  -9964.446395 -20513.347018  14293.411536   -482.752943  4  4  6  83       
PG03  13275.859982   8433.614588  21350.596300   -230.564999  4  6  4  93       
PG04  23573.253689   2016.439165  12115.480201   -111.082928  8  4  7  44       
PG05  -3078.863013 -24241.085623 -10303.524586    -16.052480  7  5  3  93       
PG06   2084.479806 -16693.609606  20590.757358   -298.929602  4  6  4  87       
PG07  18757.364207   -755.553660 -18659.772062   -320.396660  4  5  3  94       
PG08  15395.874638   9045.830806 -19734.676955    -39.960787  4  7  4  85       
PG09  25414.953079  -7598.040461   1469.354492   -248.486306  4  5  3  81       
PG10 -11610.299180  21483.212620 -10055.965504   -391.181311  3  9  6  67       
PG11  21590.028794  12784.554239  -8685.517730   -229.505245  5  7  5  58       
PG12 -12305.637348  -9336.451942  21393.124352     97.543171  4  5  5  70       
PG13  -6667.872754 -13969.029570 -21711.332195     24.146399  5  6  3  86       
PG14  -9030.683528  16098.329173  19382.811218     -0.878453  3  6  3  94       
PG15 -17069.771615  -8067.432491 -19136.686738   -219.588815  5  4  5 106       
PG16   2148.639647  22917.381623 -13068.059863   -178.998348  4  7  7  88       
PG17  17528.337922 -14381.026556  14219.484932    291.359617  4  3  3  90       
PG18 -18291.528082   1077.584848 -19251.144238    238.642922  5  5  7 101       
PG19  10927.154366 -15068.130036  18630.015502   -136.032208  5  6  5 101       
PG20 -14729.169618  11764.230249 -18701.590950    527.348839  2  9  6  99       
PG21  -6397.185437  13919.884769 -20992.402342     20.059026  4  7  6 100       
PG22  11499.653924  16099.469754  17996.563249   -774.007674  2  6  5 100       
PG24 -22230.185249 -14451.872566   3419.527041    -15.269175  6  6  3  86       
PG25 -15497.424371   2491.771319  21151.999744     20.058151  8  5  9  99       
PG26  -4649.292321  26024.230850     88.464562    237.952174  6  9  5  60       
PG27   3950.887267  14387.234803 -22111.550774   -338.278596  5  8  4  98       
PG28  12372.330262 -22055.994393  -7775.892962    702.389099  2  6  6 100       
PG29 -25849.589889   2686.228733   5514.535494   -143.551028  2  6  3  92       
PG30  11028.956872 -11148.983653 -21388.441204   -255.953829  4  4  4  88       
PG31  -1322.522288  17729.339780  19542.373119    -53.658999  3  4  4  96       
PG32 -16055.636497  15791.058020  14050.593221    312.018590  4  4  6  95       
*  2020  7  5 18 15  0.00000000
PG01  21960.707561  14881.263252   3160.811186     21.703283  4  5  5  76       
PG02  -8533.866321 -19673.994694  16340.759603   -482.757972  4  5  6  60       
PG03  12790.734803  10794.615003  20581.265325   -230.575579  3  6  4  98       
PG04  22197.147984   2677.445196  14375.002833   -111.087122  8  4  8  90       
PG05  -2671.624800 -25211.856810  -7710.500343    -16.053684  7  5  3  92       
PG06   3952.917191 -15199.572650  21461.367909   -298.934334  4  5  4  93       
PG07  20250.661893    713.027382 -17104.494779   -320.404511  4  5  3  94       
PG08  13260.316633   9936.952309 -20803.724647    -39.961010  4  7  4  90       
PG09  25200.129892  -7221.005890   4281.969990   -248.492267  5  5  2  86       
PG10 -11602.584236  20153.663568 -12518.177377   -391.191149  3  8  6  83       
PG11  20446.036717  12882.646008 -11134.402082   -229.495684  5  8  5  79       
PG12 -11656.087828 -11694.050405  20605.308268     97.539050  5  6  6  76       
PG13  -4260.305530 -14520.990285 -21946.364294     24.149320  5  6  3  89       
PG14 -11066.503515  16512.799160  17877.165378     -0.875851  3  6  3 109       
PG15 -15149.241817  -9130.294665 -20228.391276   -219.586635  5  4  5 113       
PG16   1607.823816  24155.246104 -10609.834566   -179.002651  5  7  6  97       
PG17  18939.624673 -14648.908754  11868.579650    291.365022  5  4  2  91       
PG18 -19787.871493   -418.763478 -17739.091290    238.651780  5  5  7 114       
PG19  12982.362072 -15452.173960  16944.129992   -136.027511  5  6  5  93       
PG20 -14785.327403   9550.999144 -19905.875985    527.348847  3  9  5 107       
PG21  -8476.480824  12405.769937 -21171.783954     20.063308  4  7  5 106       
PG22  11138.950498  18006.424640  16332.606043   -774.005432  2  6  5  97       
PG24 -22256.154433 -14840.181157    647.828092    -15.270147  6  6  3  86       
PG25 -15104.486001     24.472778  21596.552257     20.061764  7  6  9  97       
PG26  -4934.205958  25804.517276   2921.828569    237.958489  5  8  4  65       
PG27   1608.477394  15203.128886 -21827.402708   -338.287296  5  8  4 103       
PG28  12261.695695 -20936.469890 -10394.677623    702.385710  2  6  6  76       
PG29 -25135.969697   2301.641602   8271.469317   -143.558878  3  6  4  75       
PG30  12841.597581  -9495.552670 -21193.939026   -255.960782  5  5  4  90       
PG31  -3133.733935  16276.792404  20609.703765    -53.661255  3  3  4 106       
PG32 -17511.715899  16092.127924  11756.394902    312.024382  4  5  5  91       
*  2020  7  5 18 30  0.00000000
PG01  22033.532266  15152.249181    294.649259     21.708045  5  6  5  70       
PG02  -6886.600490 -18797.461336  18119.260053   -482.763159  4  6  6  72       
PG03  12444.184799  13070.069340  19456.485313   -230.586137  3  6  4  90       
PG04  20632.262164   3497.231801  16387.703035   -111.091343  8  4  8  87       
PG05  -2338.717892 -25902.293906  -4983.873493    -16.054065  7  5  2  79       
PG06   5963.003883 -13764.979897  21964.105942   -298.939179  5  5  4  71       
PG07  21660.385961   1981.578813 -15253.415855   -320.412528  4  6  3  94       
PG08  11081.677745  10983.864749 -21516.258028    -39.962713  5  8  4 109       
PG09  24718.230753  -6704.834672   7020.894353   -248.498174  5  5  2  86       
PG10 -11633.620378  18559.142661 -14761.271434   -391.200823  3  8  6  84       
PG11  19052.519776  12982.161716 -13392.725383   -229.485995  5  8  5  81       
PG12 -11156.988975 -13972.430039  19456.638611     97.534575  5  6  6  83       
PG13  -1879.563859 -15202.702819 -21807.908488     24.152331  5  6  3  89       
PG14 -12905.378116  16973.982064  16069.860812     -0.873214  3  6  4  92       
PG15 -13190.892695 -10335.443019 -20983.919992   -219.583972  5  4  5  92       
PG16   1191.758190  25137.582983  -7966.370481   -179.006861  5  8  5  66       
PG17  20077.870183 -14899.570271   9317.164123    291.370084  5  5  2  95       
PG18 -21212.824827  -1717.713803 -15922.401978    238.660586  5  6  7  81       
PG19  14810.708831 -15885.348277  14959.696048   -136.022967  5  6  4 104       
PG20 -14948.781815   7228.945508 -20768.094694    527.348898  3  8  5 106       
PG21 -10628.158704  10994.306621 -20961.164701     20.067266  4  7  5 107       
PG22  10876.561202  19727.767903  14393.220909   -774.003397  3  6  5  98       
PG24 -22042.359348 -15054.569496  -2134.794171    -15.270796  7  6  3  92       
PG25 -14837.377343  -2486.553737  21660.760156     20.065381  7  6  9 106       
PG26  -5202.932909  25281.139386   5704.177100    237.964732  5  7  4  77       
PG27   -640.087157  16126.844485 -21171.408614   -338.296005  5  8  4 103       
PG28  12154.859893 -19525.223448 -12831.153913    702.382707  3  6  6  84       
PG29 -24157.236881   1776.078099  10886.063209   -143.566687  3  6  4  60       
PG30  14697.291830  -7960.053628 -20633.833962   -255.967742  4  6  3  98       
PG31  -5092.493109  14858.046030  21317.904726    -53.663587  3  3  4 109       
PG32 -18703.060006  16358.188803   9259.180012    312.030088  4  5  5  83       
*  2020  7  5 18 45  0.00000000
PG01  21852.683444  15239.707807  -2576.506207     21.712810  5  7  5  83       
PG02  -5040.910447 -17923.084643  19600.975808   -482.768562  4  6  6  80       
PG03  12226.617495  15213.081666  17996.043977   -230.596718  2  6  4  92       
PG04  18920.373985   4487.298096  18119.006455   -111.095554  7  4  9  83       
PG05  -2046.398510 -26294.877521  -2170.709645    -16.054862  7  5  2  93       
PG06   8078.833868 -12424.648786  22090.526451   -298.943975  4  5  4  87       
PG07  22943.786036   3047.576704 -13139.984413   -320.420602  4  6  3 104       
PG08   8907.314042  12175.274137 -21859.314207    -39.963776  4  8  4  99       
PG09  23995.285755  -6022.736378   9638.923408   -248.504094  5  5  2  94       
PG10 -11736.045227  16728.112881 -16746.097285   -391.210603  4  7  6  92       
PG11  17431.636744  13114.540989 -15423.240129   -229.476215  5  8  5  88       
PG12 -10801.759099 -16122.657772  17968.001309     97.530165  6  7  6  84       
PG13    428.017276 -15998.686507 -21297.998093     24.155408  6  7  2  74       
PG14 -14519.439388  17447.239375  13990.348838     -0.870562  3  6  3  82       
PG15 -11236.332699 -11669.924252 -21390.070271   -219.581970  6  5  5  97       
PG16    870.339729  25835.267776  -5183.271735   -179.011483  5  8  4  76       
PG17  20932.062759 -15092.042126   6607.608465    291.375823  6  5  1 100       
PG18 -22521.800101  -2814.836716 -13832.290480    238.669368  5  5  7  96       
PG19  16384.363100 -16330.862430  12712.273119   -136.018335  5  6  4 104       
PG20 -15229.303742   4843.034256 -21274.164894    527.348481  4  8  5 106       
PG21 -12806.245793   9711.580715 -20363.740984     20.071678  3  6  5 100       
PG22  10689.034033  21230.158200  12210.896644   -774.001232  3  6  5  92       
PG24 -21571.464218 -15125.569784  -4881.574316    -15.271603  7  6  3  86       
PG25 -14702.639460  -4990.958892  21344.280222     20.069038  7  7  9 101       
PG26  -5491.379462  24461.220726   8386.934994    237.970910  5  6  3  95       
PG27  -2753.736669  17130.720828 -20153.641119   -338.304707  4  8  5  80       
PG28  12088.885609 -17841.599281 -15041.101377    702.379411  4  6  5 101       
PG29 -22946.028925   1083.609909  13313.213439   -143.574167  4  5  4  71       
PG30  16555.414591  -6565.641967 -19718.439297   -255.974632  5  6  3  97       
PG31  -7166.501390  13509.928450  21655.932913    -53.665719  3  3  5 109       
PG32 -19620.883872  16549.976424   6601.829682    312.035867  4  5  5  76       
*  2020  7  5 19  0  0.00000000
PG01  21399.538972  15177.790221  -5404.350216     21.717551  5  7  5  87       
PG02  -3022.088410 -17086.937366  20762.801571   -482.773672  4  6  6 105       
PG03  12120.835588  17180.327338  16225.483480   -230.607268  2  6  5  94       
PG04  17106.140137   5651.262778  19539.155050   -111.099768  7  4  9 109       
PG05  -1758.677068 -26380.600592    680.212509    -16.055673  7  5  3  90       
PG06  10259.002590 -11207.064376  21838.605469   -298.948800  4  5  4  98       
PG07  24060.188708   3916.813709 -10801.773392   -320.428429  5  6  3  83       
PG08   6782.657789  13491.836582 -21826.219525    -39.964570  4  8  4 109       
PG09  23063.589468  -5153.914177  12090.883166   -248.510040  5  5  2 101       
PG10 -11937.402917  14696.176851 -18438.139804   -391.220466  4  6  5  96       
PG11  15611.931325  13307.440113 -17192.960219   -229.466798  5  8  5 102       
PG12 -10575.719438 -18099.134813  16166.196558     97.525851  7  7  5  90       
PG13   2619.486039 -16886.063310 -20424.936871     24.158490  6  7  2  90       
PG14 -15888.149346  17894.450060  11672.876258     -0.867953  3  6  3  77       
PG15  -9324.968019 -13113.672627 -21439.220413   -219.579278  6  5  5  81       
PG16    608.967843  26227.223121  -2308.996537   -179.015940  5  8  4  94       
PG17  21499.944817 -15185.118684   3785.357912    291.380678  6  5     85       
PG18 -23671.660799  -3714.070797 -11504.653588    238.678157  5  5  6  83       
PG19  17684.161668 -16748.812621  10241.955281   -136.013628  6  6  3 112       
PG20 -15629.149403   2439.669508 -21416.134074    527.348781  4  8  5 113       
PG21 -14961.639705   8575.924440 -19390.356336     20.076113  3  6  5 106       
PG22  10547.933665  22486.256675   9822.218108   -773.999152  3  6  5 104       
PG24 -20833.419734 -15087.214953  -7546.523975    -15.271395  7  6  4  71       
PG25 -14698.511817  -7438.380677  20653.583018     20.072669  7  8  9 105       
PG26  -5833.713518  23360.507699  10923.302268    237.977095  5  5  3  82       
PG27  -4696.938666  18180.893764 -18790.393706   -338.313440  4  7  4 106       
PG28  12097.271966 -15913.702564 -16983.853973    702.376199  4  6  4 109       
PG29 -21540.974938    205.164664  15510.993924   -143.581976  5  5  5  65       
PG30  18372.870090  -5328.052488 -18464.138452   -255.981598  5  6  3  95       
PG31  -9317.746723  12263.583545  21619.284348    -53.667913  3  3  4 111       
PG32 -20265.071981  16628.621406   3830.140554    312.041613  4  5  5  86       
*  2020  7  5 19 15  0.00000000
PG01  20663.453942  15004.345237  -8141.525878     21.722324  5  8  5  93       
PG02   -861.679012 -16320.545459  21586.710131   -482.778875  5  6  6  96       
PG03  12102.830587  18933.551968  14175.633409   -230.617814  3  5  4  95       
PG04  15235.467629   6984.543254  20623.716075   -111.103962  7  5  9 106       
PG05  -1438.928490 -26159.326822   3519.266052    -16.056295  8  5  3 102       
PG06  12458.027814 -10133.390510  21212.764449   -298.953418  5  5  5  96       
PG07  24972.498386   4602.887450  -8279.756958   -320.436129  5  6  3  80       
PG08   4749.618846  14906.756594 -21416.756684    -39.965502  5  8  4 108       
PG09  21960.437948  -4084.579892  14334.415884   -248.515957  5  4  1  93       
PG10 -12258.926259  12504.817055 -19808.137276   -391.230256  4  6  5 106       
PG11  13627.329478  13583.598911 -18673.592619   -229.457060  5  9  5  96       
PG12 -10456.836494 -19861.206609  14083.395843     97.521367  8  7  5  75       
PG13   4656.724469 -17835.381973 -19203.188133     24.161551  6  7  2  79       
PG14 -16998.963113  18275.516515   9156.001858     -0.865815  3  6  4  77       
PG15  -7492.674784 -14640.090705 -21129.499746   -219.576876  6  6  5  90       
PG16    370.099363  26301.289090    606.013647   -179.020160  5  8  4  90       
PG17  21788.050170 -15139.074075    898.234959    291.385983  6  5     84       
PG18 -24622.352717  -4427.371619  -8979.458188    238.686912  5  6  6  82       
PG19  18700.139672 -17097.878502   7592.582036   -136.009082  6  6  3 110       
PG20 -16142.948524     65.106396 -21192.264384    527.348443  5  7  5 115       
PG21 -17044.024017   7597.278171 -18059.273405     20.080140  3  6  4 111       
PG22  10421.052430  23475.644601   7267.301478   -773.996892  4  6  5 104       
PG24 -19825.930442 -14975.604354 -10085.138267    -15.272217  7  5  4  78       
PG25 -14815.073801  -9780.231157  19601.768598     20.076287  7  9 10 110       
PG26  -6260.821311  22002.815133  13269.104059    237.983218  4  4  4  96       
PG27  -6440.901997  19238.536673 -17103.984343   -338.322150  4  7  4  93       
PG28  12208.415841 -13777.539528 -18623.182697    702.372869  5  6  4 104       
PG29 -19985.241594   -870.530100  17441.388154   -143.589799  5  5  6  74       
PG30  20105.639701  -4255.184520 -16893.060814   -255.988612  4  6  3  80       
PG31 -11503.838724  11143.395094  21209.979530    -53.670018  3  3  4 106       
PG32 -20644.053212  16557.302451    992.032021    312.047350  4  5  4  92       
*  2020  7  5 19 30  0.00000000
PG01  19642.241621  14759.342747 -10742.352400     21.727082  6  8  5  87       
PG02   1403.504126 -15649.786307  22059.939396   -482.783962  5  6  5 107       
PG03  12142.847780  20440.876488  11882.056146   -230.628342  4  6  5 100       
PG04  13353.848298   8474.356414  21354.001347   -111.108133  6  5  9 105       
PG05  -1051.539758 -25639.812027   6296.869532    -16.057370  7  5  4  93       
PG06  14627.931545  -9216.772741  20223.788500   -298.958348  5  5  5 105       
PG07  25648.549385   5126.402347  -5617.561961   -320.444133  5  6  3  84       
PG08   2845.118783  16386.689557 -20637.222596    -39.966970  4  8  4 107       
PG09  20726.682671  -2808.699974  16330.720247   -248.521861  5  4  2 110       
PG10 -12714.585449  10199.913454 -20832.593685   -391.239946  4  5  5 107       
PG11  11515.966137  13959.921438 -19841.877521   -229.447903  5  9  5 108       
PG12 -10416.759253 -21374.571734  11756.508415     97.516959  8  8  5  84       
PG13   6507.719720 -18811.707509 -17653.164260     24.164463  6  7  2  79       
PG14 -17847.703921  18549.979509   6482.025450     -0.863027  3  5  4  73       
PG15  -5770.595760 -16216.881108 -20464.885920   -219.574784  6  7  5  73       
PG16    114.944248  26054.752704   3510.269570   -179.024483  5  8  5  92       
PG17  21811.414911 -14917.360940  -2004.327897    291.391226  6  5  1  84       
PG18 -25338.429474  -4974.050798  -6300.059623    238.695724  5  6  5  76       
PG19  19431.693686 -17337.072214   4810.891715   -136.004407  6  6  2  92       
PG20 -16757.896320  -2236.118032 -20607.014773    527.348460  5  7  5 111       
PG21 -19003.846731   6776.942605 -16395.744050     20.084643  3  5  4 110       
PG22  10273.775570  24185.497968   4589.170061   -773.994808  4  6  6  95       
PG24 -18554.647142 -14827.410426 -12455.072144    -15.273236  7  5  5 103       
PG25 -15034.725809 -11971.399263  18208.255658     20.079947  8  9 10 104       
PG26  -6798.902034  20419.163486  15383.587564    237.989364  3  4  3 102       
PG27  -7964.533156  20261.319497 -15122.451099   -338.330890  4  6  4  96       
PG28  12444.266618 -11475.817899 -19928.117452    702.369844  6  7  4  86       
PG29 -18324.913278  -2146.306224  19070.956195   -143.597025  5  5  6  78       
PG30  21710.367151  -3346.997894 -15032.664945   -255.995553  4  6  3  92       
PG31 -13679.504449  10166.198354  20436.432832    -53.672225  3  3  5 107       
PG32 -20774.348221  16302.836753  -1863.294157    312.053099  4  5  4  88       
*  2020  7  5 19 45  0.00000000
PG01  18342.352172  14483.239150 -13163.517191     21.731862  6  8  5  69       
PG02   3732.533814 -15093.998158  22175.123786   -482.789356  4  6  5  86       
PG03  12206.679136  21677.859732   9384.415689   -230.638905  5  6  5  94       
PG04  11504.719821  10100.041963  21717.389804   -111.112341  6  6  9  96       
PG05   -563.527126 -24839.384159   8964.391278    -16.057723  7  4  4  81       
PG06  16719.923666  -8461.958426  18888.640227   -298.963341  5  5  5  87       
PG07  26062.263563   5513.923734  -2860.708214   -320.452314  6  6  3  73       
PG08   1099.815653  17892.917342 -19500.372214    -39.968251  4  7  4 103       
PG09  19405.157277  -1328.441697  18045.232133   -248.527752  5  4  2 100       
PG10 -13310.441161   7830.099558 -21494.175980   -391.249684  4  6  4 109       
PG11   9318.887399  14446.796727 -20679.840951   -229.438153  5  8  5  96       
PG12 -10422.104702 -22612.437014   9226.473598     97.512661  9  8  4 116       
PG13   8147.607767 -19775.937113 -15800.917624     24.167343  6  7  3  79       
PG14 -18438.629317  18678.683299   3696.332635     -0.860425  2  5  4  64       
PG15  -4184.104971 -17807.105106 -19455.224022   -219.572202  6  7  4  73       
PG16   -194.768695  25494.507741   6352.213589   -179.029008  5  8  5  98       
PG17  21592.964070 -14488.224846  -4872.116193    291.396404  6  5  2  83       
PG18 -25790.414178  -5379.831215  -3512.462200    238.704490  5  7  5  41       
PG19  19887.378015 -17427.466896   1945.638534   -136.000063  6  6  1  92       
PG20 -17454.239044  -4422.677153 -19670.923767    527.348571  5  6  5 113       
PG21 -20794.264483   6107.731247 -14431.394698     20.088985  3  5  4  94       
PG22  10070.551790  24610.992789   1833.077076   -773.992878  5  7  6  91       
PG24 -17033.079340 -14678.379283 -14616.780644    -15.274429  7  5  5  98       
PG25 -15332.984920 -13971.802284  16498.355641     20.083634  8  9 10  94       
PG26  -7468.257972  18646.643365  17230.149642    237.995537  3  4  3 104       
PG27  -9255.104084  21205.033577 -12879.139281   -338.339591  5  6  4  68       
PG28  12819.241144  -9056.449341 -20873.679447    702.366861  6  7  4  89       
PG29 -16607.268792  -3616.244098  20371.424477   -143.605291  6  5  6  90       
PG30  23145.920710  -2595.719857 -12915.238611   -256.002544  4  6  4  90       
PG31 -15798.184215   9340.803482  19313.214773    -53.674391  3  4  5 101       
PG32 -20679.805440  15837.142980  -4686.226241    312.058835  4  5  4  84       
*  2020  7  5 20  0  0.00000000
PG01  16778.745616  14215.342928 -15364.726106     21.736626  6  8  5  82       
PG02   6081.659898 -14665.325756  21930.372521   -482.794375  5  6  5  91       
PG03  12257.132368  22628.279758   6725.781975   -230.649425  6  6  5  87       
PG04   9727.915623  11833.696917  21707.547822   -111.116513  6  6  9 103       
PG05     53.944307 -23783.292148  11475.045101    -16.058905  7  3  3  81       
PG06  18686.124180  -7865.247501  17230.172351   -298.967916  5  5  5  83       
PG07  26194.576870   5796.730077    -55.850357   -320.460164  6  6  4  78       
PG08   -462.929087  19382.754493 -18025.245626    -39.969118  4  7  4  96       
PG09  18039.038125    345.699478  19448.233416   -248.533668  5  3  2 103       
PG10 -14044.326599   5445.024031 -21781.990174   -391.259424  4  5  4 109       
PG11   7078.675956  15047.676397 -21174.964868   -229.428708  5  8  5  98       
PG12 -10435.936119 -23556.377755   6537.495967     97.508295  9  7  4  79       
PG13   9559.449280 -20686.294711 -13677.735323     24.170383  6  7  3  95       
PG14 -18784.178873  18625.427516    846.661094     -0.858042  3  5  4   9       
PG15  -2751.979459 -19370.435617 -18116.161920   -219.570134  6  7  5  78       
PG16   -595.032075  24636.831870   9081.219461   -179.032803  4  7  5 102       
PG17  21162.589112 -13826.167701  -7655.010432    291.401617  6  5  1  84       
PG18 -25955.944859  -5675.655378   -664.534135    238.713279  6  7  4  42       
PG19  20084.349680 -17333.834589   -953.306136   -135.995492  6  5  1  98       
PG20 -18206.032239  -6457.816411 -18400.397503    527.348591  5  6  6 108       
PG21 -22372.958023   5574.510610 -12203.452865     20.092928  3  5  4  90       
PG22   9776.415633  24755.423869   -954.217109   -773.990677  5  6  6  93       
PG24 -15282.231795 -14561.877696 -16534.117609    -15.274198  7  5  5 103       
PG25 -15679.557484 -15747.726778  14502.745601     20.087300  8  9  9 101       
PG26  -8282.329134  16727.054254  18776.980789    238.001686  3  4  3 107       
PG27 -10308.600747  22025.321683 -10412.182102   -338.348359  5  5  4  79       
PG28  13339.456003  -6570.812326 -21441.496266    702.363456  6  8  4 100       
PG29 -14879.021252  -5265.705621  21320.187349   -143.613184  6  6  6  91       
PG30  24374.873791  -1986.351289 -10577.325882   -256.009545  4  6  4  87       
PG31 -17813.665199   8667.841962  17860.717464    -53.676482  4  4  5 107       
PG32 -20390.554778  15138.516672  -7427.630058    312.064605  4  5  4  68       
*  2020  7  5 20 15  0.00000000
PG01  14974.465366  13992.237454 -17309.306657     21.741264  7  8  5  96       
PG02   8405.695283 -14368.320878  21329.296105   -482.799643  5  6  4  89       
PG03  12255.618101  23284.606233   3951.883487   -230.659938  7  7  6  77       
PG04   8058.262657  13641.097962  21324.543400   -111.120723  5  7  9  94       
PG05    824.202704 -22503.747912  13784.757662    -16.059594  7  3  3  48       
PG06  20481.259613  -7414.775074  15276.743668   -298.972747  4  4  5  85       
PG07  26034.107804   6009.413965   2749.968136   -320.468098  6  6  4  68       
PG08  -1827.798673  20811.132357 -16236.877965    -39.970356  4  7  4  97       
PG09  16670.202520   2195.098013  20515.377445   -248.539566  4  3  3  94       
PG10 -14905.869042   3093.587922 -21691.733402   -391.269173  4  6  3 110       
PG11   4838.047714  15758.916961 -21320.280353   -229.419095  5  8  5  83       
PG12 -10419.372278 -24196.874876   3736.240487     97.503907  9  7  4  98       
PG13  10734.706798 -21499.948915 -11319.641658     24.173287  6  7  4  95       
PG14 -18904.405742  18358.540113  -2017.702869     -0.855450  3  4  4  64       
PG15  -1485.811772 -20864.564443 -16468.996468   -219.567668  7  7  4  94       
PG16  -1117.883601  23506.785760  11648.587000   -179.037216  4  7  6 102       
PG17  20555.944644 -12913.196250 -10303.896869    291.406606  6  5  2 100       
PG18 -25820.659478  -5896.293364   2194.809970    238.722054  7  7  2  69       
PG19  20047.491715 -17026.129251  -3835.848892   -135.990897  6  5  1  99       
PG20 -18982.141247  -8310.535961 -16817.408533    527.348557  5  6  6 104       
PG21 -23703.733886   5155.094252  -9753.847486     20.096898  3  5  5  72       
PG22   9358.505248  24630.029689  -3725.204582   -773.988723  6  6  6 102       
PG24 -13329.978042 -14507.537071 -18174.887710    -15.273434  7  5  6  98       
PG25 -16039.640523 -17272.909980  12256.855166     20.090997  9  8  9  83       
PG26  -9247.010785  14705.373221  19997.613556    238.007856  3  4  3  72       
PG27 -11129.733635  22679.446396  -7763.879617   -338.357168  5  5  4  82       
PG28  14002.320482  -4071.848491 -21620.274379    702.360508  7  8  4  98       
PG29 -13184.589472  -7071.711419  21900.710831   -143.620727  6  6  6  91       
PG30  25364.849270  -1497.449679  -8059.092163   -256.016490  4  6  4  83       
PG31 -19681.691195   8139.934639  16104.734320    -53.678893  4  5  5 109       
PG32 -19941.720060  14192.664962 -10039.733934    312.070359  4  5  3  87       
*  2020  7  5 20 30  0.00000000
PG01  12959.928163  13846.315625 -18964.759451     21.745990  7  8  6  96       
PG02  10659.455432 -14199.809991  20380.980950   -482.804641  4  6  3  98       
PG03  12163.793140  23648.148174   1110.321393   -230.670474  7  7  6  76       
PG04   6524.380510  15482.877344  20574.851911   -111.124896  5  8  8 114       
PG05   1763.930989 -21038.699226  15852.988084    -16.060000  6  3  3  85       
PG06  22064.269957  -7091.114580  13061.744192   -298.977578  4  4  5  94       
PG07  25577.550481   6188.385365   5510.040249   -320.475898  6  6  4  47       
PG08  -2987.952121  22132.300220 -14165.894298    -39.971048  4  6  4  79       
PG09  15337.648643   4193.515741  21228.121287   -248.545480  4  3  4 105       
PG10 -15876.847229    822.227487 -21225.721977   -391.278922  4  6  3 103       
PG11   2638.466368  16569.886057 -21114.389447   -229.409448  5  7  5  86       
PG12 -10333.262264 -24533.514070    871.004271     97.499403  9  6  4  82       
PG13  11673.403124 -22174.693639  -8766.814020     24.176334  6  6  4  97       
PG14 -18826.107290  17852.305924  -4846.785620     -0.853110  3  4  4  74       
PG15   -389.689669 -22246.716570 -14540.425730   -219.565142  7  7  4 111       
PG16  -1789.888112  22137.256561  14008.505187   -179.041435  4  6  6 114       
PG17  19813.005795 -11739.797696 -12771.593859    291.411958  6  5  2 101       
PG18 -25378.786190  -6078.804561   5016.445386    238.730832  8  7  3  42       
PG19  19808.256401 -16480.758926  -6652.548185   -135.986317  6  5  2 105       
PG20 -19747.445238  -9956.552992 -14949.111672    527.348666  5  6  7  93       
PG21 -24757.841678   4821.438512  -7128.219907     20.101455  3  5  5  75       
PG22   8787.518092  24253.526499  -6432.416321   -773.986359  6  6  6  87       
PG24 -11210.192019 -14540.041757 -19511.346749    -15.273680  7  5  6 103       
PG25 -16375.395881 -18529.324645   9800.183840     20.094649  8  8  8  80       
PG26 -10360.280158  12628.115783  20871.366110    238.014047  3  5  4 113       
PG27 -11731.604520  23128.026318  -4979.983736   -338.365990  5  5  4  75       
PG28  14796.516550  -1612.076620 -21406.108255    702.357250  7  8  4 113       
PG29 -11564.468092  -9003.649236  22102.830749   -143.628578  6  6  6 105       
PG30  26089.678557  -1102.156374  -5403.638303   -256.023468  4  6  5  84       
PG31 -21361.489749   7742.168094  14075.965497    -53.681156  5  5  5  97       
PG32 -19371.941510  12993.457043 -12476.992924    312.076072  4  5  3  94       
*  2020  7  5 20 45  0.00000000
PG01  10771.955127  13804.476924 -20303.253394     21.750746  6  7  6 110       
PG02  12799.207773 -14149.034587  19099.910641   -482.809943  4  6  3  90       
PG03  11945.196263  23728.873768  -1750.241307   -230.681009  8  7  6  50       
PG04   5147.727615  17315.908093  19471.252876   -111.129128  5  8  8 108       
PG05   2882.296480 -19430.382979  17643.481239    -16.060743  6  3  3 106       
PG06  23399.765813  -6868.178281  10623.036686   -298.982375  3  4  5  67       
PG07  24829.784686   6370.331599   8178.693331   -320.484032  6  6  4  69       
PG08  -3945.118622  23301.576586 -11847.994408    -39.972279  4  6  4  85       
PG09  14076.038983   6307.919880  21574.056509   -248.551324  3  3  4 104       
PG10 -16931.867225  -1326.690447 -20392.798362   -391.288671  4  5  3 104       
PG11    518.820464  17463.324026 -20561.420775   -229.400058  5  7  6  99       
PG12 -10139.859813 -24574.845641  -2009.119347     97.494827  9  5  4  99       
PG13  12383.952663 -22670.627172  -6062.919683     24.179490  6  6  4  86       
PG14 -18581.683148  17088.188566  -7590.830209     -0.850707  3  3  4  62       
PG15    539.838986 -23475.218402 -12362.203553   -219.562776  7  7  4 103       
PG16  -2630.846344  20567.685228  16118.957711   -179.045926  4  6  6 106       
PG17  18976.439921 -10305.593527 -15013.772784    291.417271  6  5  2 109       
PG18 -24633.415745  -6260.913045   7751.878122    238.739600  8  7  4  77       
PG19  19403.279795 -15681.601270  -9355.451510   -135.981751  6  5  2 102       
PG20 -20464.199204 -11379.010718 -12827.383675    527.348721  5  6  7  99       
PG21 -25514.954675   4541.073904  -4374.883891     20.104996  4  5  5  39       
PG22   8039.048078  23651.365506  -9029.224048   -773.984452  6  6  5  75       
PG24  -8961.666759 -14678.104475 -20520.645155    -15.273327  7  5  6 107       
PG25 -16647.535876 -19507.643219   7175.565105     20.098311  8  8  7  82       
PG26 -11612.145601  10541.654697  21383.674371    238.020257  3  5  5  87       
PG27 -12135.038021  23336.668751  -2108.900336   -338.374775  5  5  4  73       
PG28  15702.372710    758.384965 -20802.611155    702.354033  7  8  4  97       
PG29 -10053.760020 -11024.287351  21922.939229   -143.636075  6  6  6 111       
PG30  26530.333844   -769.427131  -2656.275162   -256.030476  4  6  5  69       
PG31 -22817.162655   7452.855438  11809.460452    -53.683273  5  5  4  93       
PG32 -18721.767798  11543.358337 -14696.914388    312.081827  4  5  4  87       
*  2020  7  5 21  0  0.00000000
PG01   8452.576726  13887.032218 -21302.060250     21.755497  6  7  6  97       
PG02  14784.086635 -14198.062854  17505.831102   -482.815187  3  5  3 103       
PG03  11566.813816  23544.911288  -4580.902190   -230.691613  8  7  6  80       
PG04   3941.931022  19094.846249  18032.618910   -111.133269  5  8  8 115       
PG05   4180.386021 -17723.717946  19124.937793    -16.061327  6  4  3 102       
PG06  24459.280765  -6714.380644   8002.322976   -298.987227  3  4  5  68       
PG07  23803.704413   6590.687916  10711.954524   -320.491832  6  5  5 103       
PG08  -4709.349223  24277.080465  -9323.335274    -39.973214  4  6  4  84       
PG09  12914.424260   8499.570989  21547.132081   -248.557190  2  3  4 109       
PG10 -18039.326849  -3316.299438 -19208.122408   -391.298400  5  5  4  89       
PG11  -1485.795718  18415.945096 -19670.923427   -229.390243  5  6  6  85       
PG12  -9804.433009 -24337.916458  -4855.069924     97.490800  9  5  5 111       
PG13  12882.669910 -22951.764490  -3254.382858     24.182467  5  5  4  83       
PG14 -18207.761764  16055.789641 -10201.224971     -0.847963  3  3  4  72       
PG15   1313.507975 -24511.062328  -9970.694463   -219.560576  7  7  4 103       
PG16  -3652.788637  18842.532354  17942.546491   -179.050020  4  6  6  77       
PG17  18089.856803  -8619.634712 -16989.850358    291.422700  6  6  3  48       
PG18 -23596.445077  -6479.359883  10354.076118    238.748384  9  7  6 112       
PG19  18872.825981 -14620.728149 -11898.882813   -135.977119  6  5  2  97       
PG20 -21093.503153 -12568.910246 -10488.294039    527.348451  5  6  7  82       
PG21 -25963.781604   4278.697145  -1543.771867     20.108995  4  5  6  76       
PG22   7094.750723  22854.737703 -11470.644875   -773.982048  6  5  5  81       
PG24  -6626.855995 -14933.665938 -21185.209385    -15.273685  7  4  6 107       
PG25 -16816.956696 -20207.370421   4428.393470     20.101993  8  8  6 101       
PG26 -12984.918116   8490.563167  21526.308876    238.026461  4  6  6 109       
PG27 -12367.600896  23277.429860    799.177383   -338.383541  5  6  4  89       
PG28  16692.618095   2993.695525 -19820.859902    702.350984  7  8  4  89       
PG29  -8680.928500 -13091.054682  21364.055625   -143.643876  6  6  6 109       
PG30  26675.600598   -465.418132    136.230035   -256.037485  4  5  5  75       
PG31 -24018.892188   7244.548211   9344.008642    -53.685570  6  5  4  98       
PG32 -18031.982852   9853.529278 -16660.827718    312.087625  4  5  4  86       
*  2020  7  5 21 15  0.00000000
PG01   6047.651719  14106.855133 -21943.924036     21.760229  6  6  6  89       
PG02  16577.429105 -14322.464135  15623.555712   -482.820303  3  5  3  23       
PG03  11000.515508  23121.751991  -7333.340134   -230.702227  8  7  6  37       
PG04   2912.425331  20773.771497  16283.599793   -111.137493  5  9  7  98       
PG05   5650.970920 -15964.603191  20271.586214    -16.061700  6  4  3  85       
PG06  25222.271498  -6594.020229   5244.444703   -298.992053  3  3  4  34       
PG07  22519.775008   6882.170438  13068.179858   -320.499842  5  5  5  86       
PG08  -5298.433981  25021.372289  -6635.821903    -39.975164  4  6  4  76       
PG09  11875.197780  10725.339452  21147.765016   -248.563086  3  3  5  98       
PG10 -19162.627761  -5116.437593 -17692.854349   -391.308150  6  5  5  87       
PG11  -3345.160008  19399.255982 -18457.702567   -229.380678  5  6  6  70       
PG12  -9296.749304 -23847.497359  -7618.629213     97.486130  9  4  5  55       
PG13  13192.971932 -22987.519043   -389.593282     24.185243  5  4  5  49       
PG14 -17743.648164  14753.498483 -12631.435997     -0.845540  3  2  3  59       
PG15   1948.783889 -25319.407370  -7406.329146   -219.558535  7  7  4  77       
PG16  -4859.298403  17009.549584  19447.211540   -179.054199  5  6  6 109       
PG17  17196.009494  -6700.316216 -18663.827871    291.427685  6  6  4 105       
PG18 -22288.193692  -6768.296592  12778.276573    238.757263  9  7  7 111       
PG19  18259.123869 -13298.817189 -14240.169547   -135.972786  6  5  3 109       
PG20 -21596.824311 -13525.251379  -7971.514616    527.348414  6  5  6  92       
PG21 -26102.297934   3997.845069   1314.598687     20.112662  4  5  6  68       
PG22   5943.288087  21899.361082 -13714.134847   -773.980135  6  5  5  84       
PG24  -4250.480688 -15311.348844 -21493.055712    -15.273769  7  4  6 111       
PG25 -16846.355970 -20636.646287   1605.829813     20.105626  8  9  5  77       
PG26 -14453.792272   6516.046910  21297.475184    238.032669  5  6  7 100       
PG27 -12462.346037  22930.038993   3693.187186   -338.392315  4  6  4  94       
PG28  17733.483054   5053.980729 -18479.153712    702.347768  7  7  5  99       
PG29  -7466.817553 -15157.538621  20435.780062   -143.651676  6  7  6  97       
PG30  26522.467049   -154.974471   2926.424311   -256.044500  4  5  5  59       
PG31 -24943.923050   7085.258387   6721.488812    -53.687575  6  5  4 100       
PG32 -17341.935442   7943.583576 -18334.582225    312.093386  4  5  4  84       
*  2020  7  5 21 30  0.00000000
PG01   3605.346300  14468.811177 -22217.360493     21.764964  6  6  6  93       
PG02  18147.987904 -14492.230161  13482.705618   -482.825556  2  5  4  80       
PG03  10224.306158  22491.186761  -9960.621520   -230.712813  8  7  6  61       
PG04   2056.414613  22307.863547  14254.206389   -111.141756  6  9  7  75       
PG05   7278.611738 -14198.192068  21063.644652    -16.062486  5  4  4  88       
PG06  25676.827423  -6468.827268   2396.629246   -298.996876  4  3  5  33       
PG07  21005.336984   7273.420038  15208.644045   -320.507796  5  5  5  96       
PG08  -5737.006934  25502.936912  -3832.319896    -39.977406  5  6  4  86       
PG09  10973.321080  12939.199965  20382.836427   -248.568961  3  3  5 106       
PG10 -20261.585279  -6704.581787 -15873.738753   -391.317859  6  5  5  92       
PG11  -5034.825998  20380.564081 -16941.599341   -229.371078  5  5  6  80       
PG12  -8592.382026 -23135.039756 -10253.199217     97.482214  8  4  5  87       
PG13  13344.304038 -22753.994338   2481.930598     24.188310  4  3  4  42       
PG14 -17229.655355  13188.797810 -14837.920745     -0.842794  3  2  3  78       
PG15   2469.041080 -25870.955212  -4712.963619   -219.556147  7  7  5  92       
PG16  -6245.194497  15117.932591  20606.829238   -179.058130  5  6  6 105       
PG17  16335.022806  -4574.905501 -20005.052707    291.432672  5  6  4  94       
PG18 -20736.707065  -7157.782490  14982.755581    238.766047  9  7  7  95       
PG19  17604.661154 -11725.240518 -16340.301139   -135.968040  6  5  4  96       
PG20 -21937.516497 -14254.878661  -5319.676128    527.348647  6  5  6 103       
PG21 -25937.604204   3662.572832   4150.109881     20.117344  4  5  6  78       
PG22   4581.012619  20824.094258 -15720.356595   -773.977553  6  4  5  45       
PG24  -1878.047504 -15808.188523 -21438.030605    -15.273818  7  4  6 103       
PG25 -16701.773499 -20811.733953  -1244.000752     20.109283  8  9  5  83       
PG26 -15987.711285   4654.524954  20701.799063    238.038864  7  6  8 101       
PG27 -12456.330883  22282.832673   6522.148101   -338.401111  4  5  5  92       
PG28  18786.094213   6906.754983 -16802.595242    702.344344  6  7  5  71       
PG29  -6423.979015 -17175.142792  19154.129953   -143.659420  6  7  6  66       
PG30  26076.217737    196.835037   5666.945450   -256.051508  4  4  5  59       
PG31 -25577.288581   6939.843293   3986.186636    -53.689903  7  5  3  95       
PG32 -16687.939440   5841.014964 -19689.158961    312.099150  4  5  4  94       
*  2020  7  5 21 45  0.00000000
PG01   1174.524684  14969.487247 -22116.881629     21.769648  5  6  6  98       
PG02  19470.979052 -14672.919293  11117.380014   -482.830626  3  5  4  59       
PG03   9223.346267  21690.017884 -12417.979639   -230.723394  7  6  6  86       
PG04   1363.158661  23655.049949  11979.300883   -111.145990  6  9  6  71       
PG05   9040.098425 -12467.212529  21487.663594    -16.063341  5  5  4  79       
PG06  25820.062298  -6299.617622   -492.307358   -299.001703  5  4  4  64       
PG07  19293.681637   7787.801391  17098.088547   -320.515591  5  4  5  94       
PG08  -6055.374725  25697.447070   -961.805515    -39.978595  5  6  4  93       
PG09  10215.851001  15093.846369  19265.572820   -248.574923  3  3  5 101       
PG10 -21293.979262  -8066.480110 -13782.599965   -391.327541  6  5  6  78       
PG11  -6536.824714  21324.142431 -15147.216609   -229.361506  5  5  6  72       
PG12  -7673.792341 -22237.404017 -12714.539134     97.477750  8  4  5  70       
PG13  13370.829278 -22235.032269   5310.409171     24.191109  4  3  4  86       
PG14 -16705.389027  11378.205084 -16780.999002     -0.840134  3  2  3  77       
PG15   2902.486801 -26143.143077  -1937.148505   -219.553638  6  6  5  77       
PG16  -7796.584624  13216.436301  21401.675602   -179.062686  5  6  6 106       
PG17  15542.727494  -2278.697648 -20988.878476    291.437829  5  6  5 106       
PG18 -18976.773231  -7672.444770  16929.546812    238.774898  9  6  8 109       
PG19  16950.499401  -9917.832869 -18164.512885   -135.963519  7  5  5 111       
PG20 -22082.281024 -14772.039267  -2577.680037    527.348288  6  5  5  75       
PG21 -25485.435649   3239.064101   6913.956256     20.121103  4  5  6  94       
PG22   3012.358239  19669.428403 -17453.905607   -773.975666  6  4  5  95       
PG24    445.669917 -16413.653793 -21019.971704    -15.275081  6  4  6 110       
PG25 -16353.998778 -20756.217508  -4072.805622     20.112905  8  9  6  77       
PG26 -17550.480310   2936.412103  19750.199907    238.045075  8  6  9 105       
PG27 -12388.970915  21333.355502   9236.121220   -338.409895  4  5  5 103       
PG28  19808.096948   8528.013512 -14822.509438    702.341374  5  7  5  95       
PG29  -5556.332259 -19094.840477  17541.262132   -143.667209  6  7  6  95       
PG30  25350.228764    623.194141   8311.293630   -256.058539  4  4  5  76       
PG31 -25912.258961   6771.501926   1184.089746    -53.692114  7  5  2  85       
PG32 -16101.809540   3580.315173 -20701.184320    312.104943  4  5  5  89       
*  2020  7  5 22  0  0.00000000
PG01  -1196.893896  15597.234668 -21643.140085     21.774350  5  6  6  81       
PG02  20528.924849 -14826.992077   8565.751174   -482.835724  4  5  4  71       
PG03   7990.703188  20758.595341 -14663.555688   -230.734008  7  6  5  45       
PG04    814.572376  24777.561810   9498.001548   -111.150224  6  9  5  44       
PG05  10905.206995 -10810.401881  21536.743443    -16.063834  5  5  5  91       
PG06  25658.172221  -6047.989484  -3372.787827   -299.006515  6  3  4  89       
PG07  17422.929969   8442.396292  18705.225651   -320.523619  5  4  5  98       
PG08  -6288.116716  25588.754535   1925.529002    -39.979398  5  6  4  84       
PG09   9601.786337  17142.364297  17815.314658   -248.580831  4  3  6  85       
PG10 -22217.185042  -9196.462866 -11455.760515   -391.337190  7  5  6  77       
PG11  -7840.142081  22192.514326 -13103.591167   -229.351964  5  5  6  30       
PG12  -6531.149644 -21195.409153 -14961.452899     97.473565  8  4  5  62       
PG13  13309.932522 -21422.974073   8046.683900     24.194073  4  3  4  64       
PG14 -16208.059155   9346.845563 -18425.657311     -0.837709  4  3  3  70       
PG15   3280.874613 -26121.099785    872.681516   -219.551091  6  6  5  91       
PG16  -9491.284538  11351.533675  21818.746031   -179.066535  6  6  7  98       
PG17  14849.175198    146.172244 -21597.202357    291.443223  5  6  5  95       
PG18 -17048.689872  -8330.353910  18585.096845    238.783763  8  6  8 102       
PG19  16334.671379  -7902.352522 -19682.791182   -135.959128  7  6  5 106       
PG20 -22002.515495 -15097.669391    208.025348    527.348270  7  5  5  90       
PG21 -24769.360939   2697.109473   9559.469508     20.125455  4  5  6 103       
PG22   1249.917945  18475.915481 -18883.979412   -773.973253  6  4  5  70       
PG24   2678.133590 -17109.961900 -20244.783411    -15.275809  6  4  5  80       
PG25 -15779.795433 -20499.944873  -6832.904670     20.116521  8  9  6  81       
PG26 -19102.082846   1385.147268  18459.657741    238.051284  9  6  9 101       
PG27 -12300.297050  20088.599373  11787.158316   -338.418661  5  5  5 103       
PG28  20755.427413   9902.948416 -12575.722223    702.338244  5  7  5  95       
PG29  -4859.169527 -20868.955476  15625.085421   -143.675018  6  7  6  89       
PG30  24365.473031   1154.083270  10814.587654   -256.065493  4  4  4  69       
PG31 -25950.498689   6543.328366  -1637.831505    -53.694434  7  4  1  76       
PG32 -15609.591324   1201.818546 -21353.335739    312.110660  5  5  5  95       
*  2020  7  5 22 15  0.00000000
PG01  -3463.554612  16332.528734 -20802.987984     21.779029  5  6  6  83       
PG02  21312.256882 -14915.298514   5869.579728   -482.841194  4  5  4  90       
PG03   6527.804704  19739.233165 -16659.090504   -230.744534  6  5  5  81       
PG04    386.114869  25643.337152   6853.011873   -111.154448  6  9  5  80       
PG05  12837.740709  -9261.118614  21210.624481    -16.064648  5  5  6  92       
PG06  25206.156933  -5677.997185  -6195.317889   -299.011276  6  3  5 100       
PG07  15434.751862   9247.224411  20003.196145   -320.531711  5  4  5  99       
PG08  -6472.514475  25169.567446   4779.195650    -39.979899  5  6  4 104       
PG09   9122.239573  19039.896748  16057.176347   -248.586745  5  3  6  81       
PG10 -22989.821459 -10097.424970  -8933.394561   -391.346876  7  6  5  54       
PG11  -8940.956045  22947.816948 -10843.812468   -229.342374  5  5  6  58       
PG12  -5162.863273 -20052.258410 -16956.420318     97.469075  7  5  4  68       
PG13  13200.598049 -20319.100881  10643.097223     24.197197  4  3  4  52       
PG14 -15770.892518   7127.670002 -19742.263976     -0.835183  4  2  2  91       
PG15   3638.054921 -25798.319106   3667.084210   -219.548946  5  5  5  88       
PG16 -11299.581206   9565.695652  21851.928029   -179.070688  6  6  7 108       
PG17  14277.402044   2652.211594 -21818.861732    291.448455  5  6  6 107       
PG18 -14996.828766  -9142.158807  19920.845756    238.792558  8  6  8  97       
PG19  15790.717106  -5711.658744 -20870.297588   -135.954463  7  5  6 100       
PG20 -21675.500609 -15258.435352   2990.195207    527.348306  8  5  5  93       
PG21 -23819.717855   2011.400049  12042.845032     20.129447  4  5  6 110       
PG22   -685.800553  17282.594689 -19984.974145   -773.970922  6  5  5  78       
PG24   4780.473564 -17872.681411 -19124.421277    -15.275774  6  4  5  99       
PG25 -14962.900486 -20077.758581  -9477.983522     20.120146  7  9  7  60       
PG26 -20600.148036     16.501637  16852.880812    238.057508 10  6  9 109       
PG27 -12229.190892  18564.868202  14130.215370   -338.427349  5  5  5  97       
PG28  21584.150387  11026.263224 -10103.726007    702.335090  4  7  5 116       
PG29  -4319.506030 -22452.900948  13438.770612   -143.682568  7  7  6  78       
PG30  23149.753913   1814.945600  13134.295574   -256.072416  4  4  4  84       
PG31 -25701.930237   6219.866994  -4432.349786    -53.696652  7  4     76       
PG32 -15230.536174  -1249.680186 -21634.632422    312.116439  5  4  5  86       
*  2020  7  5 22 30  0.00000000
PG01  -5584.205073  17148.637089 -19609.444993     21.783719  5  6  6  84       
PG02  21819.649417 -14898.669786   3073.646996   -482.846172  5  5  5  74       
PG03   4844.577855  18674.565516 -18370.557049   -230.755163  6  5  5  87       
PG04     47.933480  26227.217306   4089.885396   -111.158761  6  9  5  96       
PG05  14796.812125  -7846.185678  20515.649854    -16.065121  5  5  6  69       
PG06  24487.214153  -5157.736977  -8911.333380   -299.016054  7  3  5  95       
PG07  13372.967061  10204.717988  20969.977766   -320.539704  5  4  5  97       
PG08  -6646.875897  24441.785621   7549.336423    -39.981809  6  6  4 108       
PG09   8760.926239  20745.237925  14021.603875   -248.592659  5  3  6  89       
PG10 -23573.353572 -10780.484985  -6258.828710   -391.356642  8  6  5  76       
PG11  -9842.623789  23553.200512  -8404.587374   -229.332889  6  5  6  64       
PG12  -3575.808814 -18851.898488 -18666.166069     97.465051  6  5  4  75       
PG13  13081.725460 -18933.733469  13054.352540     24.200146  4  4  4  63       
PG14 -15421.716673   4760.346810 -20707.173933     -0.832568  5  3  2  96       
PG15   4008.420751 -25177.015074   6396.534684   -219.546530  5  5  5  69       
PG16 -13185.303060   7895.862570  21502.028239   -179.074980  7  7  7 108       
PG17  13842.497832   5188.285116 -21649.876704    291.453463  6  6  6 109       
PG18 -12868.052343 -10110.516031  20913.722861    238.801377  7  7  8  81       
PG19  15346.408730  -3384.638355 -21707.710468   -135.949875  7  6  6 103       
PG20 -21085.380597 -15285.564395   5721.555215    527.348078  8  5  6 111       
PG21 -22672.340215   1162.594934  14323.765882     20.133551  4  5  6 115       
PG22  -2766.936629  16125.480426 -20736.993735   -773.968727  5  5  4  89       
PG24   6718.796720 -18671.606369 -17676.779973    -15.275948  6  4  5  93       
PG25 -13894.765217 -19528.063530 -11963.811661     20.123774  7  8  7  97       
PG26 -22001.511743  -1161.810590  14957.882021    238.063583 10  6 10  96       
PG27 -12211.673267  16787.272034  16224.008716   -338.436008  5  4  5 109       
PG28  22252.278466  11902.081447  -7451.762095    702.331494  3  7  5  91       
PG29  -3916.760276 -23806.808372  11020.166850   -143.690524  7  6  6  86       
PG30  21736.695440   2625.524806  15230.929838   -256.079404  5  4  3  67       
PG31 -25184.310321   5768.614723  -7152.705737    -53.699055  7  4     52       
PG32 -14976.361047  -3726.479529 -21540.606758    312.122264  5  4  5  91       
*  2020  7  5 22 45  0.00000000
PG01  -7523.095385  18012.578252 -18081.570743     21.788434  4  6  5  61       
PG02  22058.060882 -14739.560168    225.103334   -482.851598  6  5  5  91       
PG03   2959.267416  17605.904147 -19768.724507   -230.765806  5  5  5  74       
PG04   -233.782161  26511.889585   1256.238899   -111.162994  6  9  5 110       
PG05  16738.312944  -6585.009154  19464.605313    -16.065905  5  5  7  45       
PG06  23531.829255  -4460.782599 -11474.035835   -299.020916  7  4  5 102       
PG07  11282.073178  11309.469830  21588.740915   -320.547287  5  4  5 102       
PG08  -6848.823767  23416.480225  10187.634483    -39.982734  6  6  4  95       
PG09   8494.951843  22222.293499  11743.838313   -248.598589  5  3  6  88       
PG10 -23933.590349 -11264.337831  -3477.802599   -391.366216  8  7  4  71       
PG11 -10555.416453  23974.217480  -5825.750428   -229.323199  6  5  6  89       
PG12  -1785.242855 -17637.371342 -20062.161740     97.460408  6  5  4  74       
PG13  12990.451935 -17285.984591  15238.336642     24.203194  4  4  4  71       
PG14 -15181.778717   2289.874134 -21303.205979     -0.829818  6  3  2  80       
PG15   4425.313716 -24268.136833   9012.377841   -219.544415  4  4  6  57       
PG16 -15107.147912   6372.166830  20776.659498   -179.079001  8  7  8  99       
PG17  13551.023403   7701.487284 -21093.530422    291.459010  6  6  6  90       
PG18 -10710.042804 -11229.836304  21546.548874    238.810328  7  7  7  72       
PG19  15022.706929   -964.921661 -22181.483832   -135.945193  7  5  7 105       
PG20 -20223.899802 -15213.507847   8355.574964    527.347947  8  5  7  70       
PG21 -21367.133611    138.133551  16365.924548     20.137654  4  6  6 105       
PG22  -4959.138092  15036.173766 -21126.258205   -773.966402  4  6  4  38       
PG24   8465.321417 -19471.874598 -15925.480530    -15.276711  6  4  5  84       
PG25 -12575.013974 -18891.285101 -14248.918148     20.127360  6  8  7  61       
PG26 -23263.811573  -2150.207921  12807.473540    238.069802 11  6  9  83       
PG27 -12279.319350  14788.871048  18031.793167   -338.444692  5  5  4 106       
PG28  22721.491923  12543.464682  -4667.851166    702.328347  3  7  6  59       
PG29  -3623.736919 -24896.983095   8411.135253   -143.698114  7  6  6 104       
PG30  20164.525636   3598.918200  17068.697408   -256.086389  5  4  3  78       
PG31 -24422.534416   5161.417552  -9753.325127    -53.701350  8  4  2  84       
PG32 -14850.821090  -6179.634258 -21073.354843    312.128044  5  4  6  83       
*  2020  7  5 23  0  0.00000000
PG01  -9251.186705  18886.340700 -16244.237542     21.793194  5  6  5  67       
PG02  22042.470158 -14403.679020  -2627.265601   -482.856765  7  6  6  95       
PG03    897.940072  16571.658684 -20829.645816   -230.776447  5  6  4  60       
PG04   -495.289292  26488.539197  -1599.072232   -111.167238  6  9  6  80       
PG05  18616.511571  -5489.004191  18076.442066    -16.066908  4  5  7  30       
PG06  22376.594407  -3567.413906 -13839.202094   -299.025785  7  4  5  94       
PG07   9205.748676  12548.266103  21848.147353   -320.555067  6  4  5  94       
PG08  -7113.619789  22113.519341  12648.191156    -39.983500  6  6  4  93       
PG09   8295.864535  23441.350746   9263.295177   -248.604495  5  4  6  88       
PG10 -24042.022460 -11574.329096   -637.701424   -391.375918  8  7  5  54       
PG11 -11096.006212  24180.155292  -3149.719427   -229.313689  7  6  6  76       
PG12    185.589476 -16449.216952 -21121.056866     97.456248  6  5  4  89       
PG13  12960.549137 -15403.171568  17156.887346     24.206338  4  5  3  68       
PG14 -15064.851523   -235.029130 -21519.978897     -0.827586  6  3  3  92       
PG15   4919.459140 -23091.035520  11467.784885   -219.541943  4  4  6  71       
PG16 -17020.209325   5016.953734  19689.997363   -179.083124  8  7  8  87       
PG17  13400.802058  10139.090057 -20160.284944    291.463724  6  6  6  69       
PG18  -8569.607713 -12486.359023  21808.337333    238.819187  6  7  7  41       
PG19  14832.982974   1500.565943 -22284.023582   -135.940789  7  5  7  89       
PG20 -19090.866341 -15078.485640  10847.237066    527.347800  8  5  7  58       
PG21 -19946.558040  -1067.224659  18137.446584     20.141665  3  6  6  90       
PG22  -7222.691253  14040.655405 -21145.399456   -773.964041  4  6  4  65       
PG24   9999.292118 -20235.292865 -13899.553993    -15.276242  6  4  5  82       
PG25 -11011.607118 -18208.273604 -16295.218797     20.130995  6  9  7  26       
PG26 -24347.055633  -2957.004626  10438.689654    238.076059 12  6  9  52       
PG27 -12457.867939  12609.505582  19522.043789   -338.453332  6  5  4 105       
PG28  22958.687137  12971.574148  -1801.802529    702.325186  4  7  6  75       
PG29  -3407.872455 -25697.129799   5656.812237   -143.706124  7  6  6  93       
PG30  18474.697103   4740.881412  18616.095628   -256.093396  5  4  2  80       
PG31 -23447.693836   4375.712275 -12190.521322    -53.703652  8  5  3  59       
PG32 -14849.610065  -8560.662079 -20241.467168    312.133846  5  4  6  88       
*  2020  7  5 23 15  0.00000000
PG01 -10747.119930  19728.322292 -14127.800478     21.797864  5  7  5  58       
PG02  21795.305205 -13861.548485  -5433.849110   -482.861865  7  6  6 100       
PG03  -1306.308173  15605.878848 -21535.061384   -230.787106  5  6  4  71       
PG04   -773.683944  26157.184644  -4426.801848   -111.171475  6  9  6  79       
PG05  20385.714120  -4561.346954  16375.891530    -16.067778  5  5  7  43       
PG06  21062.801929  -2465.589417 -15965.953669   -299.030599  7  4  5  89       
PG07   7185.380414  13900.407172  21742.586686   -320.563087  6  4  5  94       
PG08  -7472.593248  20560.855959  14888.350378    -39.985617  7  6  4  89       
PG09   8130.931167  24380.109593   6622.871240   -248.610310  5  4  6  95       
PG10 -23876.951876 -11741.288443   2213.227750   -391.385741  9  7  5  61       
PG11 -11486.718333  24145.266086   -420.896826   -229.304152  7  6  6  94       
PG12   2306.139739 -15323.983110 -21825.035451     97.451871  5  5  5 102       
PG13  13020.960488 -13319.910901  18776.490149     24.209235  4  5  3  59       
PG14 -15076.666650  -2763.683895 -21354.097807     -0.824956  6  3  3  86       
PG15   5517.499913 -21672.791602  13718.688695   -219.539679  3  4  6  82       
PG16 -18877.635804   3844.133083  18262.418480   -179.087702  9  7  8  71       
PG17  13381.092710  12450.480035 -18867.536289    291.468876  6  6  6  84       
PG18  -6491.026888 -13858.552999  21694.489810    238.828193  6  7  7  43       
PG19  14782.531461   3963.165791 -22013.781662   -135.936230  8  5  7  86       
PG20 -17694.323196 -14916.966010  13153.790752    527.347839  7  4  8  68       
PG21 -18454.073817  -2451.139812  19611.222787     20.145778  3  6  6  93       
PG22  -9513.876907  13158.311200 -20793.635267   -773.961835  3  6  4  56       
PG24  11307.634845 -20921.822270 -11633.020531    -15.277936  6  4  5  92       
PG25  -9220.704317 -17518.711761 -18068.589587     20.134625  6  9  7  24       
PG26 -25215.106582  -3597.873531   7892.148429    238.082223 12  6  9  61       
PG27 -12766.083398  10294.362114  20669.026193   -338.462027  6  5  4 100       
PG28  22937.292714  13214.524346   1095.769569    702.321956  5  7  6  83       
PG29  -3232.693664 -26189.300442   2804.816318   -143.713718  7  6  6 105       
PG30  16710.394899   6049.411976  19846.445043   -256.100428  6  4  2  71       
PG31 -22295.917690   3395.569037 -14423.176098    -53.705694  8  5  3  67       
PG32 -14960.590096 -10823.227071 -19059.843009    312.139547  5  4  6  75       
*  2020  7  5 23 30  0.00000000
PG01 -11997.903318  20494.940085 -11767.663779     21.802470  6  7  5  72       
PG02  21345.573673 -13089.920675  -8145.088354   -482.866677  8  7  7  88       
PG03  -3614.413006  14736.973266 -21872.712740   -230.797755  5  7  4  77       
PG04  -1105.259133  25526.683200  -7178.168905   -111.175727  6  9  7  79       
PG05  22001.923152  -3797.057839  14392.982586    -16.068563  5  5  8  56       
PG06  19634.865583  -1151.623326 -17817.472046   -299.035401  7  4  5 108       
PG07   5258.665825  15338.310969  21272.344583   -320.570831  6  4  4  96       
PG08  -7951.738416  18793.508962  16869.453991    -39.987313  7  6  3 100       
PG09   7964.585642  25024.435090   3868.191696   -248.616268  5  4  5  86       
PG10 -23424.373105 -11800.167691   5026.664491   -391.395450  9  7  5  38       
PG11 -11754.568844  23849.848140   2314.981291   -229.294461  7  7  5 106       
PG12   4539.510142 -14292.894428 -22162.094838     97.447495  5  6  5 111       
PG13  13194.538926 -11076.929989  20068.889107     24.212154  4  6  2  55       
PG14 -15214.697633  -5245.286650 -20809.187124     -0.822383  6  4  3  88       
PG15   6240.695589 -20047.227355  15724.672281   -219.537412  3  5  6  87       
PG16 -20632.353935   2858.879077  16520.035299   -179.091746  9  7  8  72       
PG17  13473.134062  14589.000483 -17239.217979    291.474386  6  6  7 102       
PG18  -4514.503958 -15317.828894  21206.881207    238.837123  6  7  7  79       
PG19  14868.389049   6374.107204 -21375.268750   -135.931921  8  5  7  57       
PG20 -16050.417465 -14764.137206  15235.478457    527.347607  7  4  8  79       
PG21 -16932.603830  -4003.707537  20765.158110     20.149925  3  6  7  76       
PG22 -11786.499071  12401.232186 -20076.815089   -773.959671  3  6  4  54       
PG24  12385.323024 -21491.169108  -9164.365399    -15.277207  6  4  5  67       
PG25  -7226.234197 -16859.581091 -19539.381620     20.138249  5  9  6  42       
PG26 -25837.026385  -4095.031783   5211.363112    238.088407 12  7  9  64       
PG27 -13214.917102   7892.336334  21453.243725   -338.470717  7  5  4 105       
PG28  22638.306431  13305.988951   3974.397654    702.318684  6  7  7  90       
PG29  -3059.430406 -26364.528270    -95.586783   -143.721468  6  6  6  93       
PG30  14914.986095   7514.629434  20738.350737   -256.107379  6  5  2  84       
PG31 -21007.039208   2212.496633 -16413.391660    -53.707870  8  5  4  66       
PG32 -15164.339043 -12924.734786 -17549.394296    312.145420  5  4  6  65       
*  2020  7  5 23 45  0.00000000
PG01 -12999.287044  21142.352039  -9203.744468     21.807124  6  7  5  72       
PG02  20727.718477 -12072.989006 -10712.405275   -482.871750  9  8  7 106       
PG03  -5982.632981  13986.653197 -21836.560905   -230.808419  4  7  4  82       
PG04  -1523.894258  24614.405966  -9805.705903   -111.179965  6  9  7  79       
PG05  23424.429686  -3183.407865  12162.473488    -16.069380  6  5  8  65       
PG06  18138.630503    369.461237 -19361.646813   -299.040228  7  5  5 101       
PG07   3458.339022  16828.384316  20443.695939   -320.578750  7  4  4  93       
PG08  -8570.537067  16852.280157  18557.513468    -39.988147  7  7  3 100       
PG09   7759.991829  25368.802915   1046.811694   -248.622234  5  4  5  65       
PG10 -22678.575166 -11788.535478   7754.997462   -391.405152  9  6  6  75       
PG11 -11930.116515  23281.136401   5011.545170   -229.284902  7  7  6 104       
PG12   6843.643459 -13380.727335 -22126.243999     97.442990  5  6  6 116       
PG13  13497.037138  -8719.642881  21011.599116     24.215311  5  7  2  45       
PG14 -15468.300715  -7630.741189 -19895.771720     -0.819784  7  4  4  81       
PG15   7103.846622 -18253.644545  17449.785179   -219.535161  3  5  6  60       
PG16 -22238.786547   2057.681203  14494.142884   -179.096340  9  7  8 114       
PG17  13651.031531  16513.619363 -15305.267413    291.479657  6  6  7  94       
PG18  -2674.781925 -16829.536695  20353.833283    238.845999  7  7  8  79       
PG19  15079.464667   8686.132682 -20378.986089   -135.927173  8  5  7  83       
PG20 -14182.969384 -14652.429089  17056.223521    527.347742  8  4  8  86       
PG21 -15423.060754  -5707.740191  21582.346186     20.154016  4  7  7  89       
PG22 -13993.525185  11773.819522 -19007.334421   -773.957273  4  7  5  44       
PG24  13235.433729 -21904.420068  -6535.916047    -15.279172  7  5  5  86       
PG25  -5059.185784 -16263.740615 -20682.873430     20.141885  6 10  6  72       
PG26 -26188.232812  -4476.182557   2442.014352    238.094575 12  7  9  81       
PG27 -13807.001388   5454.262625  21861.753872   -338.479374  7  5  5 109       
PG28  22051.020908  13283.626270   6784.660176    702.315314  7  7  7  77       
PG29  -2848.718449 -26223.124003  -2994.345219   -143.729112  5  7  7  96       
PG30  13130.467948   9118.958954  21276.084291   -256.114381  7  5  3  88       
PG31 -19623.132025    825.979714 -18127.106264    -53.709996  8  6  5  68       
PG32 -15434.991272 -14827.778169 -15736.646742    312.151210  6  4  7  90       
EOF
