#cP2020  7  9  0  0  0.00000000      96 ORBIT IGb14 HLM  IGS
## 2113 345600.00000000   900.00000000 59039 0.0000000000000
+   31   G01G02G03G04G05G06G07G08G09G10G11G12G13G14G15G16G17
+        G18G19G20G21G22G24G25G26G27G28G29G30G31G32  0  0  0
+          0  0  0  0  0  0  0  0  0  0  0  0  0  0  0  0  0
+          0  0  0  0  0  0  0  0  0  0  0  0  0  0  0  0  0
+          0  0  0  0  0  0  0  0  0  0  0  0  0  0  0  0  0
++         2  2  3  2  2  2  2  2  2  4  2  2  2  2  2  2  2
++         3  2  2  2  2  2  2  2  2  2  0  1  2  2  0  0  0
++         0  0  0  0  0  0  0  0  0  0  0  0  0  0  0  0  0
++         0  0  0  0  0  0  0  0  0  0  0  0  0  0  0  0  0
++         0  0  0  0  0  0  0  0  0  0  0  0  0  0  0  0  0
%c G  cc GPS ccc cccc cccc cccc cccc ccccc ccccc ccccc ccccc
%c cc cc ccc ccc cccc cccc cccc cccc ccccc ccccc ccccc ccccc
%f  1.2500000  1.025000000  0.00000000000  0.000000000000000
%f  0.0000000  0.000000000  0.00000000000  0.000000000000000
%i    0    0    0    0      0      0      0      0         0
%i    0    0    0    0      0      0      0      0         0
/* FINAL ORBIT COMBINATION FROM WEIGHTED AVERAGE OF:        
/* cod emr esa gfz grg jpl mit ngs sio                      
/* REFERENCED TO IGS TIME (IGST) AND TO WEIGHTED MEAN POLE: 
/* PCV:IGS14_2114 OL/AL:FES2004  NONE     Y  ORB:CMB CLK:CMB
*  2020  7  9  0  0  0.00000000
PG01 -14188.756052  21883.362301  -4183.020349     23.130236  4  6  7  98       
PG02  19302.853679  -9606.842149 -14841.436826   -484.370241  8  6  5  82       
PG03 -10219.916242  12990.668216 -20838.459968   -233.858025 11  9 10  70       
PG04  -2607.822439  22315.041799 -14127.744025   -112.394740 10  9 10  62       
PG05  25396.656756  -2392.746781   7613.134037    -16.270162  9  7  6  99       
PG06  15362.689362   3664.087425 -21309.873547   -300.421047  9  9  8 102       
PG07    578.780298  19552.084296  18053.548488   -322.855969  5  6  2  86       
PG08 -10079.778032  13035.825725  20783.796927    -40.325158  8  4  6 101       
PG09   7179.329049  25242.021718  -4086.255542   -250.329105  6  7  6  52       
PG10 -20588.258872 -11712.204504  12345.949128   -394.210917 11 13 14 121       
PG11 -12108.245481  21548.664754   9652.170508   -226.520524  6  6  7  95       
PG12  11063.877453 -12079.306840 -21109.362091     96.176846  8  7  5  82       
PG13  14398.392480  -4287.961660  21783.148262     25.072001  5  5  7 108       
PG14 -16158.007143 -11585.309595 -17347.954230     -0.086235 10  9  6 106       
PG15   9038.500171 -14715.509589  19768.019825   -218.862362  7  5  6  98       
PG16 -24619.720852   1069.935260  10257.130249   -180.332332 10  8  6  78       
PG17  14096.137197  19338.710241 -11148.491539    292.991008  8  9  7  80       
PG18    210.006989 -19570.268526  17930.227085    241.380640 10 10 10 112       
PG19  15718.528300  12485.031385 -17715.453790   -134.604353  9  8  8  47       
PG20 -10312.653279 -14644.861393  19600.051479    527.327703  6  6  9 104       
PG21 -13288.798191  -8437.800634  22160.058310     21.356643  7  7  6  61       
PG22 -17635.754035  10980.835152 -16261.627129   -773.319074  9  5  5  94       
PG24  14250.501068 -22135.457540  -1475.692831    -15.390483  9  2  7  88       
PG25   -859.071838 -15435.157233 -21856.733785     21.207564  7  6  7  89       
PG26 -26078.946410  -4988.188816  -2678.707632    239.883826  8  7  7  93       
PG27 -15224.617022   1094.046417  21627.396337   -340.994295  9  7  7  85       
PG28  20243.474459  13084.634563  11563.328773    701.370530  8  6  8  89       
PG29  -2209.749069 -25179.279252  -8146.083595 999999.999999
PG30  10013.767671  12335.255280  21313.920567   -258.132969  6  5  4  99       
PG31 -16982.433404  -2225.822593 -20453.013440    -54.351998  6  7  8 103       
PG32 -15999.540460 -17663.682515 -11794.239637    313.810202  7  6  7  89       
*  2020  7  9  0 15  0.00000000
PG01 -14540.214653  21980.425471  -1290.551631     23.134584  2  4  6  86       
PG02  18426.856269  -7889.937049 -16765.024150   -484.375365  8  6  5  86       
PG03 -12503.488400  12625.100233 -19778.792411   -233.868646  9  8  9  76       
PG04  -3414.883661  20765.373328 -16171.877486   -112.398965 10  8  9  58       
PG05  26101.642747  -2078.194402   4904.836981    -16.271098  8  7  5  87       
PG06  13910.445394   5668.544224 -21856.330588   -300.425807  8  8  7  88       
PG07   -744.508332  20970.414410  16298.629214   -322.863781  4  6  2  88       
PG08 -11130.679291  10854.902819  21511.592079    -40.325974  8  4  6 105       
PG09   6678.705872  24786.533912  -6834.136744   -250.335001  6  6  5  90       
PG10 -19059.701759 -11706.355189  14594.177344   -394.220777 10 12 14 119       
PG11 -12202.446049  20209.522102  11993.356225   -226.510991  7  6  7  87       
PG12  13314.515445 -11569.766682 -20043.582825     96.172599  8  7  5  76       
PG13  15079.944654  -1872.617282  21672.606674     25.075169  5  5  6  97       
PG14 -16617.459477 -13471.216398 -15507.415761     -0.083691 10  9  5 106       
PG15  10311.370462 -12688.198619  20556.945352   -218.860182  6  6  6  88       
PG16 -25602.109562    698.393747   7640.665792   -180.336651  9  8  6  81       
PG17  14332.184223  20507.526167  -8559.060907    292.996455  8  8  7  72       
PG18   1538.731291 -21008.856888  16147.830681    241.389402 10 10 10 106       
PG19  16159.870681  14297.145182 -15817.988457   -134.599779  8  7  8  88       
PG20  -7999.191747 -14783.153489  20530.034148    527.327740  6  6  8 104       
PG21 -12003.076580 -10428.305633  22068.264314     21.360654  6  6  5  87       
PG22 -19423.268802  10677.270877 -14323.751701   -773.316917  9  5  4  81       
PG24  14539.905080 -21929.048599   1351.359308    -15.391027  8     6  62       
PG25   1579.293801 -15144.344978 -21998.361496     21.211314  7  6  7  81       
PG26 -25598.862488  -5222.442471  -5442.188252    239.889923  8  7  7  92       
PG27 -16162.360336  -1178.309150  20965.814653   -341.002944  8  7  6  89       
PG28  18861.452750  12957.289971  13934.171841    701.367699  7  6  8  94       
PG29  -1696.557407 -24220.033860 -10772.346184 999999.999999
PG30   8455.981808  14177.161845  20817.111163   -258.139934  6  4  4  98       
PG31 -15556.012816  -4118.502733 -21239.520266    -54.354145  6  6  8 104       
PG32 -16280.081268 -18867.604515  -9315.571230    313.815866  6  5  7  72       
*  2020  7  9  0 30  0.00000000
PG01 -14702.851457  21819.524840   1624.546305     23.138975  3  3  6  96       
PG02  17537.268165  -5948.252559 -18385.701581   -484.380434  7  6  6 100       
PG03 -14665.631636  12389.210573 -18379.855096   -233.879168  8  7  8  60       
PG04  -4391.356102  19063.672352 -17937.089130   -112.403157 10  8  9  66       
PG05  26511.407577  -1810.340612   2112.853143    -16.272019  8  7  5  98       
PG06  12548.124101   7784.274838 -22025.027772   -300.430589  7  8  6  96       
PG07  -1878.886712  22279.539848  14263.563286   -322.871670  4  5  2  92       
PG08 -12323.557087   8680.736681  21868.483330    -40.327872  8  4  5 108       
PG09   6015.885575  24087.231655  -9464.458693   -250.340935  6  6  5  86       
PG10 -17293.871171 -11768.995887  16595.372535   -394.230469  9 12 13 121       
PG11 -12329.379177  18620.472708  14126.205309   -226.501462  7  6  7 102       
PG12  15454.237951 -11202.332897 -18638.283159     96.167762  7  7  5  95       
PG13  15876.615775    470.121047  21185.300188     25.077935  5  5  5  81       
PG14 -17089.738757 -15118.096779 -13395.768635     -0.081212  9  8  4  76       
PG15  11711.154217 -10665.108353  20980.167218   -218.857664  5  6  5  78       
PG16 -26303.809001    428.706238   4895.110713   -180.341140  8  7  6  77       
PG17  14513.708802  21379.052147  -5820.319739    293.001615  8  7  6  97       
PG18   2665.698802 -22336.510515  14086.986864    241.398111 10  9 10 111       
PG19  16620.788179  15870.403692 -13654.172121   -134.595018  8  7  8  81       
PG20  -5607.825595 -15038.796158  21105.674583    527.327446  6  6  7 103       
PG21 -10840.599222 -12457.289347  21622.845769     21.364888  6  6  5 104       
PG22 -20987.908329  10452.402872 -12134.579732   -773.314494  9  5  4  89       
PG24  14679.664633 -21458.025427   4154.563191    -15.391679  8     6  92       
PG25   4027.426620 -14984.559618 -21769.616435     21.215053  7  6  6  92       
PG26 -24825.868838  -5472.799298  -8113.323059    239.896048  8  7  7  92       
PG27 -17178.507017  -3306.907523  19940.955992   -341.011552  8  7  6 100       
PG28  17229.527680  12866.263200  16071.400758    701.364067  7  6  7  78       
PG29  -1019.906737 -23025.912386 -13213.249706 999999.999999
PG30   7031.994526  16031.984138  19962.411508   -258.146862  6  4  3  89       
PG31 -14188.544250  -6142.233974 -21664.109891    -54.356289  6  6  7 102       
PG32 -16491.721338 -19796.857014  -6677.361603    313.821507  5  5  7  97       
*  2020  7  9  0 45  0.00000000
PG01 -14709.108687  21379.020557   4511.024061     23.143340  3  3  5  95       
PG02  16672.813645  -3808.867374 -19672.828280   -484.385318  7  6  6  90       
PG03 -16662.229373  12266.924264 -16665.274874   -233.889696  7  7  8  43       
PG04  -5541.638875  17254.612417 -19392.981856   -112.407306 10  8  9  53       
PG05  26617.808017  -1553.327428   -715.119895    -16.272488  7  7  5 107       
PG06  11305.268277   9969.956396 -21812.906103   -300.435269  6  8  6  93       
PG07  -2826.759585  23435.750769  11981.971093   -322.879448  4  5  3  66       
PG08 -13639.492106   6559.240710  21849.106881    -40.328557  8  4  5  91       
PG09   5169.552211  23176.128279 -11932.073124   -250.346855  6  6  4  78       
PG10 -15323.771494 -11928.232295  18315.489989   -394.240132  8 11 12 113       
PG11 -12517.277881  16806.485437  16012.174735   -226.492092  7  6  7  90       
PG12  17437.506446 -10963.610603 -16916.484227     96.163385  7  7  5  75       
PG13  16765.795547   2695.919099  20330.079659     25.080923  6  5  4  70       
PG14 -17537.131634 -16506.104968 -11050.896806     -0.078731  9  7  4  68       
PG15  13216.085594  -8689.296493  21031.094903   -218.855477  5  7  4  61       
PG16 -26706.428736    226.197282   2067.135880   -180.345707  8  7  6  72       
PG17  14600.523491  21953.491572  -2980.537566    293.006905  8  7  6  75       
PG18   3593.743463 -23509.650221  11783.209875    241.406838 10  9  9  99       
PG19  17062.037063  17184.370258 -11259.858140   -134.590634  8  6  7  85       
PG20  -3185.042254 -15415.135900  21316.310229    527.327601  6  5  7 100       
PG21  -9817.533851 -14483.824946  20831.229662     21.368886  6  6  5 103       
PG22 -22300.843552  10278.232561  -9732.759402   -773.312220  9  5  4  83       
PG24  14702.973161 -20710.441321   6884.347415    -15.390648  7     5  71       
PG25   6437.238140 -14955.347121 -21173.506316     21.218806  7  7  6  90       
PG26 -23774.077898  -5773.640384 -10646.762946    239.902167  7  6  6  91       
PG27 -18239.501855  -5256.059798  18571.667818   -341.020233  8  6  5  66       
PG28  15376.783566  12844.925193  17940.791187    701.361066  7  6  7  84       
PG29   -160.209115 -21635.383250 -15426.941380 999999.999999
PG30   5758.823304  17856.548842  18763.871820   -258.153808  5  3  4  73       
PG31 -12911.471432  -8261.006051 -21718.235104    -54.358421  7  6  7 104       
PG32 -16596.039333 -20451.557675  -3924.949445    313.827114  5  4  6  76       
*  2020  7  9  1  0  0.00000000
PG01 -14595.893879  20645.733650   7317.879155     23.147761  5  3  5  88       
PG02  15868.197540  -1506.793258 -20601.926306   -484.390499  7  6  6  76       
PG03 -18453.775108  12235.204858 -14664.150940   -233.900200  7  8  8  25       
PG04  -6861.920592  15384.297867 -20514.512307   -112.411494 10  7  8  50       
PG05  26421.259116  -1270.628825  -3530.954299    -16.273272  7  7  5  97       
PG06  10204.181175  12179.933040 -21223.518741   -300.439980  6  7  5  85       
PG07  -3598.334473  24397.929738   9492.152552   -322.887413  4  5  3  80       
PG08 -15052.276155   4532.524532  21454.579034    -40.330493  7  5  5  73       
PG09   4125.282599  22090.298353 -14194.680501   -250.352792  5  6  3  71       
PG10 -13188.259827 -12206.167412  19725.123727   -394.249804  7 11 12 101       
PG11 -12789.853631  14799.333995  17616.666357   -226.482152  7  6  6  80       
PG12  19222.770018 -10832.827224 -14906.645044     96.158854  7  7  5  69       
PG13  17718.239779   4765.469813  19122.213643     25.083760  6  5  4  47       
PG14 -17920.335696 -17624.124780  -8514.453696     -0.076161  8  7  4  93       
PG15  14797.840437  -6799.793706  20709.959238   -218.853273  5  7  4  76       
PG16 -26799.963306     53.452453   -795.545209   -180.349941  8  7  6  60       
PG17  14554.361849  22240.255197    -89.257714    293.012250  7  6  6  98       
PG18   4333.813727 -24487.617409   9276.217907    241.415544 10  9  9  98       
PG19  17442.348027  18226.946295  -8674.923942   -134.586006  8  6  7  85       
PG20   -777.840657 -15907.801893  21157.590434    527.327401  6  5  6  82       
PG21  -8942.703472 -16465.159918  19705.988678     21.373150  6  5  5  97       
PG22 -23340.698619  10122.839611  -7160.626429   -773.309817 10  5  4 101       
PG24  14645.712541 -19682.803640   9492.302153    -15.390546  7     5  79       
PG25   8761.481170 -15048.263206 -20219.147252     21.222563  8  7  6  68       
PG26 -22465.371423  -6156.316097 -12999.438872    239.908254  6  6  6  88       
PG27 -19307.120998  -6997.352804  16882.629159   -341.028933  8  6  4  78       
PG28  13338.579747  12921.410293  19512.810094    701.357957  7  6  6  85       
PG29    894.419778 -20091.485622 -17375.524172 999999.999999
PG30   4645.849991  19606.221568  17241.532375   -258.160780  5  2  4  90       
PG31 -11750.132650 -10433.587679 -21399.603821    -54.360506  6  6  7  89       
PG32 -16556.538366 -20840.269224  -1105.491459    313.832803  5  5  6  99       
*  2020  7  9  1 15  0.00000000
PG01 -14402.959443  19615.647149   9995.327391     23.152137  5  5  5  88       
PG02  15152.628732    916.210284 -21155.275668   -484.395567  7  6  6  84       
PG03 -20006.746704  12265.046543 -12410.582558   -233.910711  8  9  8  89       
PG04  -8340.154398  13498.580191 -21282.420303   -112.415665 10  7  8  87       
PG05  25930.671726   -926.637779  -6286.884067    -16.274792  6  7  5 104       
PG06   9259.166423  14365.820233 -20266.976762   -300.444784  5  7  5  76       
PG07  -4211.100512  25129.173194   6836.501361   -322.895226  4  5  4  76       
PG08 -16529.346193   2637.460723  20692.423618    -40.330948  7  5  5  86       
PG09   2876.296634  20870.433923 -16213.546775   -250.358653  5  6  3  83       
PG10 -10930.739171 -12617.933620  20799.998370   -394.259470  7 10 11 102       
PG11 -13165.158905  12636.580290  18909.768779   -226.472902  7  6  5  78       
PG12  20773.921343 -10782.711543 -12642.252753     96.154448  7  7  6  78       
PG13  18699.205588   6645.811727  17583.087904     25.086756  7  5  3  66       
PG14 -18200.102609 -18469.944730  -5831.058344     -0.073510  7  6  4  62       
PG15  16422.576299  -5030.234388  20023.726945   -218.850916  4  7  4  71       
PG16 -26583.095153   -128.079119  -3644.932637   -180.354385  8  7  6  84       
PG17  14340.495529  22257.370030   2803.596744    293.017743  7  6  6  87       
PG18   4904.346958 -25234.230512   6609.244626    241.424241  9  8  9  94       
PG19  17720.077883  18994.712514  -5942.674338   -134.581470  7  5  7  96       
PG20   1567.897072 -16504.801605  20631.601441    527.327300  5  5  5  88       
PG21  -8217.387549 -18358.086726  18264.689471     21.377778  6  5  5  98       
PG22 -24094.245063   9951.824466  -4463.405006   -773.307630 10  5  4 109       
PG24  14544.856934 -18380.383045  11932.114196    -15.389980  7     4  56       
PG25  10955.347912 -15247.189605 -18921.682652     21.226304  8  7  7  57       
PG26 -20928.653771  -6647.771456 -15131.267531    239.914384  6  6  6  93       
PG27 -20339.968134  -8510.498250  14903.851092   -341.037626  7  5  4  67       
PG28  11155.336606  13117.530821  20762.950245    701.354818  7  6  5  68       
PG29   2147.518233 -18440.209818 -19025.694721 999999.999999
PG30   3694.600601  21236.520318  15421.119995   -258.167707  5  3  4  78       
PG31 -10722.841002 -12614.901407 -20712.310509    -54.362543  6  6  7  99       
PG32 -16340.176638 -20979.507546   1732.835402    313.838435  4  5  6 106       
*  2020  7  9  1 30  0.00000000
PG01 -14171.161941  18294.246729  12495.764790     23.156576  6  6  5  96       
PG02  14548.586036   3413.129235 -21322.349408   -484.400933  7  6  6  75       
PG03 -21294.763329  12322.711728  -9943.105940   -233.921249  9  9  8  58       
PG04  -9956.359510  11641.396846 -21683.556772   -112.419876 10  6  8  71       
PG05  25163.084632   -488.210428  -8936.280880    -16.274994  6  7  5  90       
PG06   8476.090749  16478.224933 -18959.777850   -300.449588  5  6  5  57       
PG07  -4689.005430  25598.289046   4060.813957   -322.903033  4  5  4  77       
PG08 -18032.966970    904.468326  19576.393118    -40.332209  7  5  5  78       
PG09   1423.911983  19559.277811 -17954.155913   -250.364612  5  6  3  93       
PG10  -8597.685050 -13170.992575  21521.386752   -394.269099  8 10 10 100       
PG11 -13654.670538  10360.310438  19866.932836   -226.462908  6  6  5  82       
PG12  22061.568782 -10780.637528 -10161.322196     96.149916  7  7  6  70       
PG13  19669.811154   8311.392116  15739.796595     25.089598  7  5  2  61       
PG14 -18338.866292 -19050.090567  -3047.464395     -0.071223  7  6  4  70       
PG15  18052.197990  -3407.731577  18985.876699   -218.848645  5  8  3  69       
PG16 -26063.191043   -356.456503  -6433.481752   -180.358617  8  6  6  82       
PG17  13929.194428  22030.576439   5648.588257    293.023093  7  5  5  96       
PG18   5330.351951 -25719.181050   3828.288618    241.432963 10  9  9 101       
PG19  17854.903143  19492.955201  -3109.176698   -134.576663  7  5  7  80       
PG20   3808.997549 -17186.930497  19746.875621    527.327145  5  5  5  89       
PG21  -7635.378688 -20120.339641  16529.699767     21.382159  6  4  6 101       
PG22 -24556.777469   9729.850131  -1688.362079   -773.305415 10  5  4 105       
PG24  14436.834313 -16817.172955  14160.466110    -15.390485  6     4  82       
PG25  12977.994703 -15528.952775 -17302.108538     21.230045  8  7  7  71       
PG26 -19198.852228  -7269.339841 -17005.813647    239.920529  6  6  6  99       
PG27 -21295.089935  -9783.860460  12670.097882   -341.046331  7  5  3  87       
PG28   8871.170334  13447.943384  21671.987236    701.351826  7  7  5  82       
PG29   3593.962106 -16728.780348 -20349.299921 999999.999999
PG30   2898.837327  22704.744894  13333.639102   -258.174697  4  3  4  89       
PG31  -9840.236263 -14757.571231 -19666.861224    -54.364713  6  6  7 109       
PG32 -15918.769506 -20892.959550   4541.640475    313.844086  4  5  6  95       
*  2020  7  9  1 45  0.00000000
PG01 -13940.674968  16696.481668  14774.695759     23.160985  6  6  6  95       
PG02  14070.887989   5933.429704 -21100.070443   -484.405989  7  6  6  51       
PG03 -22299.479288  12371.167271  -7304.048220   -233.931786 10 10  9  38       
PG04 -11683.237846   9853.196537 -21711.104926   -112.424135 10  5  8  77       
PG05  24143.007451     73.889701 -11434.403389    -16.275835  6  6  5  89       
PG06   7852.286584  18468.514831 -17324.520565   -300.454358  5  6  4  59       
PG07  -5061.356448  25781.104695   1213.501242   -322.911212  4  5  4  94       
PG08 -19521.615002   -643.444003  18126.189803    -40.333364  7  5  4  65       
PG09   -222.314049  18199.994491 -19386.787986   -250.370441  4  6  3  76       
PG10  -6237.057916 -13864.730736  21876.446306   -394.278770  8  9 10  89       
PG11 -14262.640750   8015.669058  20469.557651   -226.453551  6  6  5  92       
PG12  23064.074352 -10789.993707  -7505.808170     96.145501  7  7  6  19       
PG13  20588.564686   9744.835580  13624.634859     25.092318  7  5  2  54       
PG14 -18302.292461 -19379.330976   -211.720046     -0.068522  6  6  4  79       
PG15  19645.791661  -1952.037755  17616.048483   -218.846330  5  8  4  65       
PG16 -25255.996723   -667.650685  -9114.823075   -180.362823  7  6  6  68       
PG17  13296.977621  21592.157631   8397.586839    293.027921  7  5  5  93       
PG18   5642.236117 -25919.214771    981.314139    241.441716 10  9  9 112       
PG19  17809.493189  19735.371554   -222.533956   -134.572382  7  4  6  91       
PG20   5906.488697 -17928.482806  18518.281570    527.327181  5  5  5  70       
PG21  -7183.295114 -21711.977267  14527.951833     21.385809  5  4  6  89       
PG22 -24732.158853   9422.218507   1116.065643   -773.303294 10  6  4  89       
PG24  14355.916580 -15015.498369  16137.876402    -15.390567  6     4  63       
PG25  14793.936987 -15864.227244 -15387.002672     21.233810  8  7  7  44       
PG26 -17315.700041  -8035.750782 -18590.899351    239.926643  5  6  5  99       
PG27 -22129.646947 -10814.649145  10220.242645   -341.055010  6  5  3  61       
PG28   6532.424530  13919.587580  22226.164435    701.348375  7  7  5  88       
PG29   5219.986118 -15003.907561 -21323.803791 999999.999999
PG30   2244.961628  23971.558682  11014.861804   -258.181651  4  3  5  74       
PG31  -9104.938904 -16813.587229 -18280.085259    -54.367033  6  6  7  78       
PG32 -15270.210692 -20610.442491   7273.122270    313.849770  5  5  6  91       
*  2020  7  9  2  0  0.00000000
PG01 -13749.232811  14846.343997  16791.603421     23.165447  6  7  6 105       
PG02  13726.112676   8424.953595 -20492.879405   -484.411071  7  6  5  63       
PG03 -23011.178634  12371.664173  -4538.808352   -233.942307 11 10  9           
PG04 -13487.082111   8169.511346 -21364.691303   -112.428325 10  5  8  94       
PG05  22901.500363    783.700124 -13739.110474    -16.276398  6  6  4  87       
PG06   7376.798101  20290.567714 -15389.509166   -300.459079  5  5  4  44       
PG07  -5361.484274  25661.524781  -1655.284373   -322.918810  4  6  4  86       
PG08 -20951.509933  -1991.342812  16367.094311    -40.335619  7  5  4  98       
PG09  -2044.760746  16834.540984 -20487.014023   -250.376368  4  5  4 100       
PG10  -3896.658321 -14690.368161  21858.467715   -394.288469  9  9  9  95       
PG11 -14985.752374   5649.249120  20705.465037   -226.443772  6  6  4  93       
PG12  23768.314179 -10771.729091  -4720.935676     96.141256  6  7  6  71       
PG13  21413.001099  10937.391027  11274.504332     25.095521  7  5  2  65       
PG14 -18060.691425 -19479.884236   2627.664784     -0.066107  5  5  4  73       
PG15  21161.164873   -675.019270  15939.581060   -218.843982  5  8  4  40       
PG16 -24185.044087  -1094.035475 -11644.454263   -180.367131  7  6  6  75       
PG17  12427.613169  20979.553686  11004.537514    293.033362  7  5  5  78       
PG18   5874.423967 -25819.051760  -1882.582482    241.450403 10  9  9  98       
PG19  17551.099382  19743.459560   2667.896654   -134.567864  7  4  6  72       
PG20   7826.933033 -18698.237812  16966.794205    527.327146  4  5  5  79       
PG21  -6841.143270 -23096.709808  12290.658462     21.389929  5  3  6  98       
PG22 -24632.538044   8996.416190   3901.152709   -773.300852 10  6  4  84       
PG24  14332.708332 -13005.289372  17829.459193    -15.390908  5  2  4  70       
PG25  16374.261019 -16218.694916 -13208.156082     21.237538  8  7  7  70       
PG26 -15322.345810  -8954.390187 -19859.151430    239.932778  5  5  5  79       
PG27 -22802.575740 -11608.776588   7596.571342   -341.063668  6  5  3  66       
PG28   4186.147609  14531.409054  22417.311070    701.345338  7  7  4  78       
PG29   7003.541661 -13310.074511 -21932.657909 999999.999999
PG30   1712.714715  25002.460002   8504.723972   -258.188630  3  3  5  61       
PG31  -8511.525743 -18736.024766 -16574.928342    -54.369006  5  6  7  97       
PG32 -14379.467487 -20166.645515   9880.855769    313.855456  5  5  6  78       
*  2020  7  9  2 15  0.00000000
PG01 -13630.481377  12776.081274  18510.739320     23.169886  6  7  6  94       
PG02  13512.395223  10835.885840 -19512.611134   -484.416180  7  6  5  86       
PG03 -23429.045749  12285.399235  -1695.076599   -233.952925 11 10  9  35       
PG04 -15328.940397   6619.730177 -20650.385256   -112.432513  9  4  8  65       
PG05  21475.025672   1658.967274 -15811.529872    -16.277275  5  6  4  90       
PG06   7030.960497  21902.432660 -13188.256079   -300.463877  5  5  4  74       
PG07  -5625.221896  25232.286422  -4494.589624   -322.926742  5  6  3  79       
PG08 -22278.234760  -3132.721576  14329.510048    -40.336353  6  5  4  49       
PG09  -4018.231451  15502.099834 -21236.100365   -250.382276  4  5  4  96       
PG10  -1622.484573 -15631.187140  21467.029914   -394.298198 10  8  9  83       
PG11 -15813.101776   3307.404023  20569.242240   -226.434339  6  6  4  75       
PG12  24170.127758 -10686.018424  -1854.455894     96.136509  6  7  7  63       
PG13  22101.361379  11889.043089   8730.244316     25.098333  6  6  2  53       
PG14 -17590.243621 -19380.363850   5422.529947     -0.063394  5  5  4  93       
PG15  22556.427742    419.542442  13986.954393   -218.841658  5  8  4  75       
PG16 -22880.793904  -1663.016986 -13980.398851   -180.371313  6  7  5  74       
PG17  11312.836128  20233.817733  13426.164770    293.038940  7  5  5 103       
PG18   6063.821671 -25412.009571  -4714.025811    241.459119 10 10  9  99       
PG19  17052.997458  19545.609884   5512.329154   -134.563190  7  4  6  78       
PG20   9543.547422 -19460.684081  15119.146822    527.327259  5  5  5  90       
PG21  -6583.118564 -24243.130215   9852.976655     21.393966  5  2  7 109       
PG22 -24277.754944   8423.567149   6618.755498   -773.298723 10  6  5 107       
PG24  14392.799831 -10823.049963  19205.584437    -15.390619  5  2  4  74       
PG25  17697.603841 -16554.421195 -10802.107156     21.241278  8  7  6  77       
PG26 -13263.839418 -10024.842606 -20788.477619    239.938963  5  5  5  81       
PG27 -23276.180238 -12180.391062   4844.048561   -341.072369  5  5  3  64       
PG28   1878.564694  15274.370448  22242.898025    701.342356  7  7  4  60       
PG29   8914.977255 -11687.923888 -22165.570373 999999.999999
PG30   1276.149462  25769.083555   5846.636653   -258.195589  3  4  5  87       
PG31  -8046.834309 -20480.751326 -14580.124795    -54.371366  5  6  7  98       
PG32 -13239.313434 -19599.701755  12320.552883    313.861144  5  5  6  96       
*  2020  7  9  2 30  0.00000000
PG01 -13612.508447  10525.075372  19901.812061     23.174300  6  7  6  88       
PG02  13419.610322  13116.700337 -18178.185994   -484.421544  7  5  5  70       
PG03 -23561.099629  12075.193128   1177.994024   -233.963427 12 11  9  32       
PG04 -17165.992522   5226.120004 -19580.587373   -112.436712  9  4  8  59       
PG05  19904.113700   2710.293204 -17616.674344    -16.278028  5  6  4  87       
PG06   6789.289026  23267.838164 -10758.891186   -300.468637  6  5  5  73       
PG07  -5889.260598  24495.371424  -7253.647511   -322.934397  5  6  3  73       
PG08 -23458.384057  -4069.529981  12048.432373    -40.337513  6  5  3  95       
PG09  -6110.733766  14237.633470 -21621.316766   -250.388156  4  4  4  78       
PG10    542.846545 -16663.075726  20708.056304   -394.307895 10  8  8  76       
PG11 -16726.517768   1034.554943  20062.436513   -226.424713  5  6  3  70       
PG12  24274.433246 -10493.983013   1044.161996     96.132146  6  6  7  61       
PG13  22614.248710  12608.287364   6035.902330     25.101216  6  6  2  70       
PG14 -16873.996209 -19114.509191   8125.843370     -0.061053  5  5  3  45       
PG15  23791.550982   1335.823933  11793.154958   -218.839215  6  8  4  35       
PG16 -21379.545021  -2395.847961 -16083.827067   -180.375368  5  7  4  72       
PG17   9952.765463  19397.974753  15622.608289    293.044264  7  5  4 102       
PG18   6248.188511 -24700.305134  -7464.218278    241.467886 10 10 10  90       
PG19  16295.723906  19175.929194   8261.406391   -134.558428  7  4  6  95       
PG20  11037.063217 -20177.433736  13007.369940    527.327014  5  5  5  84       
PG21  -6378.625657 -25125.809017   7253.613594     21.398283  6  1  7 103       
PG22 -23694.461974   7679.734824   9222.155207   -773.296756 10  6  6  88       
PG24  14555.642032  -8510.566716  20242.423041    -15.390888  4  2  4  69       
PG25  18750.860150 -16831.399257  -8209.580547     21.245073  7  8  6  37       
PG26 -11185.549602 -11238.735215 -21362.463590    239.945207  5  5  5  74       
PG27 -23517.594351 -12551.109639   2009.557801   -341.081064  5  4  3  95       
PG28   -346.408505  16131.745957  21706.034974    701.339032  6  7  4  71       
PG29  10918.015658 -10172.805666 -22018.669816 999999.999999
PG30    904.836243  26250.278494   3086.724660   -258.202592  3  4  5  70       
PG31  -7690.589489 -22008.052140 -12329.749077    -54.373458  5  6  6  99       
PG32 -11850.771680 -18949.644994  14550.785440    313.866861  5  5  6  88       
*  2020  7  9  2 45  0.00000000
PG01 -13716.617031   8138.435068  20940.557697     23.178718  5  7  5  77       
PG02  13429.926681  15221.994046 -16515.130187   -484.426531  7  5  4  70       
PG03 -23423.792851  11707.118002   4030.649501   -233.973936 11 10  9  41       
PG04 -18953.085133   4003.131701 -18173.809195   -112.440926  9  4  7  42       
PG05  18231.891676   3940.551993 -19123.998210    -16.278989  5  5  4  76       
PG06   6620.641892  24357.488364  -8143.488995   -300.473394  6  5  4  85       
PG07  -6189.453680  23462.049642  -9882.886112   -322.942249  4  6  3  77       
PG08 -24451.179104  -4811.883189   9562.852005    -40.338174  5  5  3  63       
PG09  -8284.522984  13070.614393 -21636.144007   -250.394116  3  4  4  89       
PG10   2561.556713 -17755.369514  19593.768039   -394.317564 10  8  8  75       
PG11 -17701.208344  -1128.430903  19193.589823   -226.415106  5  7  3  74       
PG12  24094.998639 -10159.399226   3924.590455     96.127502  5  6  6  63       
PG13  22916.197260  13111.581927   3237.958365     25.104477  6  5  2  51       
PG14 -15902.599018 -18719.753057  10692.436592     -0.058529  4  5  3  75       
PG15  24829.840171   2085.521520   9396.982137   -218.837053  6  8  4  64       
PG16 -19722.147874  -3306.667035 -17919.634314   -180.379827  5  7  4  71       
PG17   8356.011867  18515.344136  17557.986538    293.049324  7  5  4  90       
PG18   6464.479602 -23695.023738 -10085.785800    241.476671  9 10 10 117       
PG19  15268.053015  18672.835886  10867.075216   -134.554005  7  5  5  97       
PG20  12296.291032 -20808.770130  10668.224757    527.326940  4  5  5  83       
PG21  -6193.492686 -25726.214213   4534.369426     21.402215  5  2  7  92       
PG22 -22915.000789   6747.023579  11666.857844   -773.294379 10  6  6  90       
PG24  14833.690876  -6113.413197  20922.365195    -15.390742  3  3  3  48       
PG25  19529.583843 -17009.205544  -5474.835588     21.248933  7  8  6  37       
PG26  -9131.571380 -12579.892372 -21570.682874    239.951385  5  5  5  84       
PG27 -23500.064015 -12748.983670   -858.871806   -341.089776  5  4  3  79       
PG28  -2448.564428  17079.687797  20815.411249    701.336143  6  7  5  78       
PG29  12970.990543  -8793.539834 -21494.562596 999999.999999
PG30    565.254981  26432.918063    273.006345   -258.209532  3  4  5  88       
PG31  -7416.332113 -23284.106868  -9862.650620    -54.375508  5  6  6 112       
PG32 -10223.252796 -18256.808734  16533.660829    313.872618  5  5  5  91       
*  2020  7  9  3  0  0.00000000
PG01 -13956.394202   5665.363189  21609.178596     23.183125  5  7  5  47       
PG02  13518.701133  17112.126575 -14554.946093   -484.431845  7  4  4  85       
PG03 -23041.289720  11152.009070   6813.413752   -233.984548 11 11 10  84       
PG04 -20644.366636   2957.016079 -16454.348407   -112.445116  9  5  7  89       
PG05  16502.528708   5344.597300 -20307.887708    -16.279217  5  5  4  85       
PG06   6489.610189  25150.096985  -5387.326335   -300.478205  6  5  4  67       
PG07  -6559.143128  22152.544514 -12334.931768   -322.950194  4  6  3  83       
PG08 -25219.990791  -5377.464906   6915.102392    -40.339366  5  5  3  91       
PG09 -10497.369552  12023.978751 -21280.378328   -250.399887  3  4  4  98       
PG10   4401.984829 -18871.963528  18142.531473   -394.327341 11  8  8  62       
PG11 -18706.710416  -3145.717054  17978.107764   -226.405551  5  6  4  58       
PG12  23653.872569  -9650.325324   6736.539501     96.123281  5  5  6  75       
PG13  22977.093732  13422.499903    384.517305     25.107096  5  5  3  69       
PG14 -14674.758330 -18235.681714  13079.690081     -0.056141  5  4  3  76       
PG15  25639.271391   2687.127981   6840.313335   -218.834482  6  8  4  41       
PG16 -17952.565947  -4401.795919 -19456.972984   -180.383729  5  7  3  59       
PG17   6539.479114  17627.885728  19200.886640    293.054408  7  5  3  83       
PG18   6747.225245 -22415.756475 -12533.596972    241.485378  9 11 10  97       
PG19  13967.669748  18077.479667  13283.462787   -134.549580  7  5  5  95       
PG20  13318.366516 -21315.266118   8142.541883    527.326833  5  5  5  78       
PG21  -5991.346556 -26033.420153   1739.611971     21.406188  5  3  7  74       
PG22 -21976.082109   5614.438662  13911.337934   -773.292177  9  6  7  99       
PG24  15231.855327  -3679.314561  21234.304435    -15.391215  3  3  3  55       
PG25  20038.062663 -17048.702968  -2644.931505     21.252800  8  8  6  86       
PG26  -7143.182653 -14024.798286 -21408.912733    239.957584  5  5  5  92       
PG27 -23204.004333 -12807.238734  -3712.841424   -341.098476  5  4  4  72       
PG28  -4392.672354  18088.045916  19585.181646    701.332812  5  7  5  79       
PG29  15028.296130  -7571.440182 -20602.282838 999999.999999
PG30    222.317376  26312.406347  -2545.469457   -258.216439  3  4  4  62       
PG31  -7192.615442 -24282.253884  -7221.779613    -54.377781  6  6  6  80       
PG32  -8374.381855 -17560.227258  18235.441137    313.878314  6  5  5  87       
*  2020  7  9  3 15  0.00000000
PG01 -14337.113841   3157.368746  21896.641981     23.187555  5  7  5  54       
PG02  13655.663624  18754.595095 -12334.358893   -484.437196  7  4  3  61       
PG03 -22444.451099  10386.798720   9477.967922   -233.995061 11 10 10  37       
PG04 -22194.959147   2085.763760 -14451.865397   -112.449312  9  5  7  49       
PG05  14759.652734   6909.272454 -21148.079126    -16.280103  5  4  4  78       
PG06   6358.079118  25633.119076  -2538.084631   -300.482937  6  5  4  71       
PG07  -7027.585214  20595.329908 -14565.578018   -322.957982  4  5  3  71       
PG08 -25733.714994  -5790.648807   4150.160933    -40.340979  4  5  3  85       
PG09 -12704.003004  11113.342328 -20560.131425   -250.405731  2  4  4  81       
PG10   6039.637312 -19972.655235  16378.598412   -394.336972 11  8  8  78       
PG11 -19708.101896  -4987.761539  16437.963242   -226.396123  5  6  4  41       
PG12  22980.492324  -8940.578547   9430.671637     96.118645  4  4  6  64       
PG13  22773.398239  13570.618906  -2475.516055     25.110130  5  5  3  63       
PG14 -13197.397445 -17702.444660  15248.162729     -0.053522  5  4  3  66       
PG15  26193.641046   3164.960317   4167.344347   -218.832055  6  8  4  36       
PG16 -16116.333530  -5679.319574 -20669.733042   -180.388267  5  7  2  75       
PG17   4527.871418  16774.626019  20524.780297    293.060007  7  5  3  71       
PG18   7127.010738 -20889.920433 -14765.541406    241.494118  9 11 10  93       
PG19  12401.504499  17432.045373  15467.735844   -134.544805  7  5  5  76       
PG20  14108.666841 -21659.406581   5474.478646    527.326953  6  6  5  67       
PG21  -5735.109029 -26044.573165  -1084.320282     21.410359  6  4  7  90       
PG22 -20917.322946   4278.474275  15917.714844   -773.289954  9  7  7  95       
PG24  15747.269420  -1256.441864  21173.784368    -15.392319  3  3  3  65       
PG25  20289.057185 -16913.724284    231.080154     21.256772  8  8  6  78       
PG26  -5257.408285 -15543.353773 -20879.249954    239.963777  5  6  6  85       
PG27 -22617.796160 -12762.837747  -6504.351088   -341.107191  5  5  4  88       
PG28  -6149.577924  19121.415819  18034.797005    701.329577  5  6  6  62       
PG29  17041.995215  -6519.635256 -19357.136481 999999.999999
PG30   -159.042760  25892.859964  -5319.511805   -258.223381  4  5  4  66       
PG31  -6984.422755 -24983.986171  -4453.415261    -54.380005  6  6  5  88       
PG32  -6329.520649 -16896.098013  19627.097356    313.884043  6  4  5  94       
*  2020  7  9  3 30  0.00000000
PG01 -14855.496036    666.400629  21798.833941     23.191989  5  7  5  71       
PG02  13806.331431  20125.090409  -9894.469083   -484.442240  7  5  2  85       
PG03 -21669.565587   9395.618496  11978.012830   -234.005660 10  9 10  55       
PG04 -23562.603349   1379.369984 -12200.868714   -112.453467  9  5  7  53       
PG05  13044.796364   8613.724070 -21629.999130    -16.280660  5  3  4  78       
PG06   6186.897980  25803.152746    354.988228   -300.487650  6  5  4  91       
PG07  -7618.547666  18826.085700 -16534.691785   -322.965667  4  5  3  59       
PG08 -25967.950788  -6081.372544   1314.914115    -40.342254  4  5  3  78       
PG09 -14857.678326  10346.508034 -19487.726266   -250.411617  2  4  4  86       
PG10   7457.967401 -21014.669949  14331.739656   -394.346641 11  8  8  64       
PG11 -20667.421684  -6632.309433  14601.242124   -226.386187  5  6  4  73       
PG12  22110.500919  -8010.999012  11959.516626     96.114437  4  4  6  36       
PG13  22289.119438  13590.192626  -5293.265374     25.113131  4  4  4  70       
PG14 -11485.523032 -17159.171044  17162.161499     -0.051192  5  4  2  72       
PG15  26473.491635   3547.982489   1423.819930   -218.830099  6  7  4  67       
PG16 -14258.961587  -7128.965872 -21536.966508   -180.392388  6  7  2  61       
PG17   2352.928191  15990.216651  21508.366416    293.065494  7  5  3  66       
PG18   7629.116283 -19151.788238 -16743.253646    241.502819  9 11 11  95       
PG19  10585.708772  16778.008145  17380.923524   -134.540276  7  6  5  78       
PG20  14680.401553 -21807.148303   2710.710585    527.326937  6  6  6  68       
PG21  -5388.566155 -25765.087019  -3889.788406     21.414318  6  4  6 104       
PG22 -19779.699527   2743.410608  17652.352913   -773.287713  8  7  7  84       
PG24  16369.393864   1108.292677  20743.009138    -15.392930  3  4  4  48       
PG25  20303.208630 -16572.666452   3103.022585     21.260518  7  8  6  58       
PG26  -3505.746857 -17099.901729 -19990.121733    239.970071  6  6  6  91       
PG27 -21738.296010 -12654.920936  -9186.551882   -341.115862  5  5  4  59       
PG28  -7697.098474  20140.383201  16188.778298    701.326493  4  6  6  92       
PG29  18963.525166  -5642.711376 -17780.442002 999999.999999
PG30   -612.276468  25186.956019  -8000.682829   -258.230314  4  5  4  69       
PG31  -6754.748251 -25379.633369  -1606.311852    -54.382143  6  6  5  92       
PG32  -4121.001866 -16296.362362  20684.790943    313.889746  6  4  4  91       
*  2020  7  9  3 45  0.00000000
PG01 -15499.829525  -1757.018446  21318.569260     23.196376  5  7  5  67       
PG02  13933.582385  21208.198145  -7279.841760   -484.447517  7  5  2  85       
PG03 -20756.877205   8170.623345  14270.097452   -234.016195  9  9 10  75       
PG04 -24709.213225    820.412896  -9740.118436   -112.457736  9  5  6  39       
PG05  11395.927695  10430.009668 -21745.022137    -16.280897  5  2  4  89       
PG06   5937.592351  25665.996234   3241.940694   -300.492397  6  5  5  82       
PG07  -8349.143473  16886.356622 -18207.030027   -322.973697  5  5  3  66       
PG08 -25905.939102  -6283.807089  -1542.603352    -40.344614  4  5  3  62       
PG09 -16911.806111   9723.283027 -18081.490397   -250.417486  1  5  4  87       
PG10   8648.850472 -21954.311621  12036.774441   -394.356274 10  9  8  47       
PG11 -21545.232371  -8065.069670  12501.544525   -226.376662  5  5  4  72       
PG12  21084.318129  -6850.444523  14278.365779     96.110090  4  3  5  65       
PG13  21516.508622  13518.657349  -8020.701126     25.115929  4  4  4  70       
PG14  -9561.805845 -16642.447796  18790.248425     -0.048728  5  4  2  84       
PG15  26466.785025   3868.472691  -1343.732291   -218.827521  5  7  4  40       
PG16 -12424.345766  -8732.292068 -22043.250375   -180.396733  6  7  2  61       
PG17     52.415341  15303.671801  22135.841548    293.070399  7  4  3  80       
PG18   8272.370275 -17241.264756 -18432.770277    241.511537  9 11 10  87       
PG19   8545.265391  16154.411164  18988.683734   -134.535729  7  6  5  77       
PG20  15053.895289 -21729.352825   -100.425477    527.326505  7  6  6  79       
PG21  -4917.956941 -25208.548375  -6628.595079     21.418535  6  5  6  70       
PG22 -18603.975832   1021.312174  19086.378791   -773.285397  7  7  7  48       
PG24  17080.438215   3370.870068  19950.722583    -15.393201  3  4  4  65       
PG25  20108.134382 -15999.928558   5920.503986     21.264245  7  7  6  61       
PG26  -1913.109970 -18654.485239 -18756.188271    239.976326  6  6  7  85       
PG27 -20571.043208 -12523.179728 -11714.473506   -341.124542  5  6  4  17       
PG28  -9020.684102  21102.928391  14076.431924    701.323434  4  6  6  66       
PG29  20745.437780  -4936.690537 -15899.171843 999999.999999
PG30  -1167.689810  24215.451636 -10542.180713   -258.237270  4  5  3  69       
PG31  -6466.274894 -25468.697662   1269.218699    -54.384482  6  7  4  93       
PG32  -1787.102253 -15787.457527  21390.275774    313.895489  6  4  4  94       
*  2020  7  9  4  0  0.00000000
PG01 -16250.447307  -4065.580690  20465.461707     23.200738  6  7  5  38       
PG02  13999.312809  21997.727829  -4537.563060   -484.452374  7  6  2  84       
PG03 -19748.968276   6712.503749  16314.396894   -234.026767  8  7 10  76       
PG04 -25602.281145    384.921863  -7111.957822   -112.461879  9  6  6   6       
PG05   9846.119658  12323.979510 -21490.640056    -16.281656  5  2  5  82       
PG06   5574.050448  25236.359327   6072.989068   -300.497143  6  6  5  80       
PG07  -9228.955147  14821.973842 -19552.943141   -322.981415  5  5  3  76       
PG08 -25539.227991  -6434.871091  -4373.985260    -40.346293  4  5  3  65       
PG09 -18821.585438   9235.611952 -16365.449856   -250.423383     5  4  85       
PG10   9612.733705 -22748.675766   9533.000711   -394.365886 10  9  8  48       
PG11 -22302.253490  -9280.047640  10177.261026   -226.366919  5  4  4  49       
PG12  19945.521966  -5456.470821  16346.124835     96.105587  4  3  5  34       
PG13  20456.448449  13395.031620 -10611.436347     25.118880  4  3  4  72       
PG14  -7455.893295 -16184.911113  20105.682978     -0.045909  5  3  2  66       
PG15  26169.304826   4160.588120  -4088.753410   -218.825197  5  7  4  52       
PG16 -10653.231381 -10463.175870 -22178.982033   -180.400923  6  7  3  83       
PG17  -2331.091029  14737.324458  22397.099280    293.075979  7  4  2  77       
PG18   9068.260706 -15202.458378 -19805.109171    241.520264  8 10 10  83       
PG19   6313.242441  15596.238118  20261.993191   -134.530893  7  6  4  76       
PG20  15255.592975 -21403.033278  -2909.818133    527.326535  7  7  7 100       
PG21  -4293.521577 -24396.321187  -9252.793255     21.422728  6  6  6  91       
PG22 -17429.166992   -868.268955  20196.111387   -773.283417  6  7  7  93       
PG24  17856.081090   5491.663991  18811.964330    -15.395423  3  4  4  70       
PG25  19737.243714 -15177.130410   8633.852264     21.267964  7  7  6  71       
PG26   -497.016635 -20164.292567 -17198.135432    239.982501  6  7  7  77       
PG27 -19130.158490 -12406.222969 -14045.719681   -341.133244  4  7  4  62       
PG28 -10113.820071  21965.948330  11731.503233    701.319920  4  6  6  64       
PG29  22343.107610  -4389.343433 -13745.500056 999999.999999
PG30  -1851.040638  23006.394271 -12899.691679   -258.244219  4  5  3  75       
PG31  -6083.077346 -25259.826357   4122.266312    -54.386712  6  6  4  83       
PG32    629.208706 -15389.286531  21731.214255    313.901240  7  3  4  93       
*  2020  7  9  4 15  0.00000000
PG01 -17080.530337  -6216.832945  19255.663142     23.204949  6  7  5  62       
PG02  13966.106065  22496.670747  -1716.291915   -484.457906  6  6  2  88       
PG03 -18689.062220   5030.663961  18075.424314   -234.037307  8  6 10  65       
PG04 -26216.079584     43.501195  -4361.584781   -112.466077  9  6  5  54       
PG05   8422.407051  14256.402990 -20870.540243    -16.282221  5  2  5  88       
PG06   5064.117033  24537.241785   8799.381760   -300.501821  6  6  5  92       
PG07 -10259.488922  12681.310317 -20548.945756   -322.989140  5  6  3  84       
PG08 -24868.040304  -6572.645256  -7131.236252    -40.347113  4  5  4  51       
PG09 -20545.578197   8868.020972 -14368.928213   -250.429249     5  4  90       
PG10  10358.450962 -23357.357312   6863.533748   -394.375510 10 10  8  48       
PG11 -22900.990374 -10279.522703   7670.747722   -226.357702  6  4  4  69       
PG12  18739.106327  -3835.664763  18126.104740     96.101646  5  2  4  49       
PG13  19118.523466  13258.270431 -13021.488068     25.121975  4  2  5  27       
PG14  -5203.479358 -15813.998324  21086.798358     -0.043306  5  4  2  73       
PG15  25584.779531   4458.881648  -6765.381095   -218.823102  5  6  4  72       
PG16  -8981.789511 -12288.598977 -21940.600642   -180.404999  6  7  4  90       
PG17  -4751.587115  14306.034430  22287.859511    293.080992  6  3  3  71       
PG18  10020.339269 -13082.102095 -20836.761357    241.528985  8 10 10  77       
PG19   3929.715950  15132.950230  21177.742212   -134.526770  6  6  4  71       
PG20  15316.829783 -20812.364264  -5668.478557    527.326294  7  7  8  79       
PG21  -3490.945707 -23356.849750 -11715.551771     21.426586  6  6  6  87       
PG22 -16291.093994  -2898.870695  20963.401649   -773.281320  4  7  7  44       
PG24  18666.453989   7436.748338  17347.713747    -15.395449  3  4  4  80       
PG25  19228.319368 -14094.056814  11195.053376     21.271693  6  6  6  69       
PG26    732.923905 -21585.235044 -15342.357794    239.988749  6  7  7  57       
PG27 -17437.938499 -12339.993650 -16141.124419   -341.141935  4  7  4  67       
PG28 -10978.152624  22686.849061   9191.765001    701.316958  4  6  6  91       
PG29  23716.344293  -3980.825356 -11356.263029 999999.999999
PG30  -2682.320069  21594.055019 -15032.192896   -258.251168  4  5  3  61       
PG31  -5572.276101 -24770.420385   6902.300716    -54.389107  6  6  4  82       
PG32   3081.699875 -15114.445302  21701.402173    313.906965  7  3  3  81       
*  2020  7  9  4 30  0.00000000
PG01 -17957.200809  -8174.603898  17711.482918     23.209256  6  7  6  54       
PG02  13798.841562  22716.804012   1134.668107   -484.463225  6  6  3  90       
PG03 -17619.314285   3143.058202  19522.662695   -234.047846  8  6 10  45       
PG04 -26532.613607   -237.335079  -1536.275700   -112.470282  9  6  5  63       
PG05   7144.874386  16184.300925 -19894.588157    -16.282774  5  2  5  71       
PG06   4381.032241  23599.004396  11374.240841   -300.506529  6  7  5  80       
PG07 -11433.981951  10513.448561 -21178.140843   -322.997058  5  7  3  72       
PG08 -23901.329951  -6734.745272  -9767.549576    -40.348857  4  6  4  44       
PG09 -22047.165558   8598.355511 -12126.056693   -250.435150     5  5  82       
PG10  10902.707150 -23744.084936   4074.563259   -394.385291  9 10  8  28       
PG11 -23307.285311 -11073.677605   5027.427075   -226.347918  6  4  5  57       
PG12  17509.686933  -2003.612617  19586.730704     96.097027  5  3  4           
PG13  17520.771419  13145.636247 -15209.993774     25.124786  4  2  5  41       
PG14  -2845.164433 -15550.901451  21717.310450     -0.040958  6  4  1  83       
PG15  24724.727750   4796.824331  -9329.146221   -218.820502  4  6  5  71       
PG16  -7440.356145 -14169.701051 -21330.727559   -180.409469  6  7  5 112       
PG17  -7161.144227  14016.673061  21809.728031    293.086191  6  2  3  66       
PG18  11123.941300 -10927.885068 -21510.087619    241.537680  8 10  9  69       
PG19   1440.401521  14787.251856  21719.217128   -134.521753  6  6  4  87       
PG20  15272.417816 -19949.414149  -8328.428895    527.326442  7  7  9  72       
PG21  -2492.635752 -22124.672403 -13972.063186     21.430461  6  6  6  96       
PG22 -15221.081517  -5037.955277  21375.880909   -773.279006  3  6  7  65       
PG24  19477.344395   9178.965508  15584.434665    -15.396294  3  4  5  72       
PG25  18621.922022 -12749.283406  13558.671116     21.275370  6  5  5  49       
PG26   1775.218401 -22873.597618 -13220.534653    239.994914  7  8  7  86       
PG27 -15524.160582 -12356.292277 -17965.362526   -341.150635  4  7  3  56       
PG28 -11623.327755  23225.157706   6498.537712    701.313761  4  6  6  85       
PG29  24830.847901  -3684.610460  -8772.341499 999999.999999
PG30  -3674.768837  20017.628738 -16902.689645   -258.258138  4  6  3  74       
PG31  -4905.570647 -24025.894660   9560.143453    -54.391232  6  6  4  80       
PG32   5522.437779 -14967.737005  21300.897693    313.912717  7  3  3  72       
*  2020  7  9  4 45  0.00000000
PG01 -18842.855405  -9910.166260  15860.901413     23.213606  6  7  6  61       
PG02  13466.181142  22677.972236   3966.256358   -484.468342  6  7  3  83       
PG03 -16579.158682   1075.690644  20631.104224   -234.058300  8  7 10  61       
PG04 -26542.287827   -493.669802   1315.425095   -112.474482  9  6  5  97       
PG05   6026.010053  18062.437041 -18578.712046    -16.283441  5  3  5  78       
PG06   3504.659157  22458.170121  13753.366140   -300.511222  6  7  5  93       
PG07 -12737.568171   8366.342518 -21430.488875   -323.004782  5  7  3  92       
PG08 -22656.523857  -6956.713379 -12238.069909    -40.350747  3  6  4  75       
PG09 -23295.831525   8398.783518  -9675.202676   -250.440976     6  4  72       
PG10  11269.249984 -23878.215055   1214.541556   -394.394926  9 11  9  42       
PG11 -23491.723298 -11679.903670   2294.843057   -226.338519  6  5  5  40       
PG12  16299.730728     15.498364  20702.151687     96.093028  5  4  4  58       
PG13  15689.125850  13091.147881 -17139.873233     25.127868  4  2  5  54       
PG14   -425.143828 -15409.757161  21986.558134     -0.038344  6  4  2  67       
PG15  23608.035829   5205.385697 -11737.632441   -218.818214  4  5  5  78       
PG16  -6052.382320 -16063.072215 -20358.218701   -180.413850  6  6  5  80       
PG17  -9511.482785  13867.901444  20970.186267    293.091376  6  1  4  76       
PG18  12366.232387  -8786.758592 -21813.613664    241.546401  8  9  8  51       
PG19  -1104.951073  14574.139608  21876.455825   -134.517167  6  6  4  88       
PG20  15159.108840 -18814.571324 -10843.563354    527.326329  7  6  9  85       
PG21  -1288.761826 -20739.171497 -15980.473851     21.434408  7  6  6  79       
PG22 -14244.844493  -7247.967707  21427.117767   -773.276696  4  6  6  60       
PG24  20251.566366  10698.719348  13553.535052    -15.398250  3  5  5  83       
PG25  17959.683619 -11150.453233  15682.725718     21.278999  5  4  5  57       
PG26   2636.374411 -23987.697742 -10869.103960    240.001048  6  8  7 100       
PG27 -13425.121797 -12481.459405 -19487.507954   -341.159277  4  7  2  70       
PG28 -12066.540772  23544.099740   3696.139236    701.310667  4  6  5  67       
PG29  25659.452006  -3468.688609  -6037.973305 999999.999999
PG30  -4834.168618  18319.754351 -18478.871858   -258.265099  4  6  3  73       
PG31  -4060.584840 -23058.622222  12048.909462    -54.393366  6  6  4  98       
PG32   7903.417495 -14945.993449  20536.050912    313.918436  7  3  4  81       
*  2020  7  9  5  0  0.00000000
PG01 -19696.680506 -11403.093879  13736.993113     23.217942  6  7  7  84       
PG02  12941.878961  22407.089259   6730.486104   -484.473595  6  7  4  91       
PG03 -15603.778055  -1138.201323  21381.687076   -234.068841  8  8 10  46       
PG04 -26244.262538   -762.589061   4144.536401   -112.478644  9  6  5  55       
PG05   5070.353205  19844.915328 -16944.688041    -16.283940  5  3  5  72       
PG06   2422.452618  21156.003032  15895.988191   -300.515906  6  7  4  86       
PG07 -14147.791197   6285.053897 -21302.919715   -323.012726  5  7  3  84       
PG08 -21158.957712  -7270.488290 -14500.630867    -40.351803  3  6  3  77       
PG09 -24268.224739   8237.025930  -7058.325272   -250.446867     6  5  80       
PG10  11487.760387 -23736.023232  -1666.682059   -394.404589  8 11  9  70       
PG11 -23430.833798 -12121.820452   -478.300985   -226.329006  5  5  4  63       
PG12  15147.883433   2189.630680  21452.735125     96.088760  5  4  4  63       
PG13  13656.571538  13124.164846 -18778.427060     25.130633  4  1  5  78       
PG14   2010.231354 -15397.100449  21889.673362     -0.035860  6  5  2  87       
PG15  22260.286472   5711.720260 -13951.094079   -218.815871  4  4  5  58       
PG16  -4833.637533 -17922.242738 -19038.121884   -180.418000  6  6  6  77       
PG17 -11755.566060  13850.250296  19782.510352    293.097167  6     4  67       
PG18  13726.579894  -6703.281096 -21742.219440    241.555037  8  8  7  74       
PG19  -3654.334867  14500.277921  21646.465248   -134.512282  6  6  4  73       
PG20  15013.996671 -17416.648674 -13170.464514    527.326308  6  6  9  80       
PG21    121.989935 -19243.099421 -17702.811171     21.438630  7  6  6  92       
PG22 -13381.601528  -9487.578558  21116.684471   -773.274349  4  5  6  78       
PG24  20950.441864  11984.468664  11290.756457    -15.399694  4  5  5  89       
PG25  17282.561595  -9314.188481  17529.509003     21.282638  4  4  5  67       
PG26   3330.466014 -24889.486736  -8328.641663    240.007271  6  8  6  72       
PG27 -11182.444773 -12735.264735 -20681.533663   -341.167939  4  8     81       
PG28 -12331.803687  23612.085519    831.262821    701.307420  3  5  5  81       
PG29  26183.106847  -3296.978999  -3200.007653 999999.999999
PG30  -6158.436642  16544.915804 -19733.677451   -258.272096  3  6  3  80       
PG31  -3021.966434 -21906.608497  14324.894924    -54.395732  6  6  4 107       
PG32  10178.205216 -15038.212303  19419.431460    313.924182  7  3  4  77       
*  2020  7  9  5 15  0.00000000
PG01 -20476.285870 -12641.787477  11377.275514     23.222282  6  7  7  77       
PG02  12205.871618  21936.910419   9381.207644   -484.478656  5  7  4 100       
PG03 -14722.756039  -3459.248221  21761.621807   -234.079371  8  9 10  47       
PG04 -25646.485656  -1080.550545   6902.477596   -112.482840  9  7  6  22       
PG05   4274.449522  21486.824955 -15019.825306    -16.284668  5  4  5  59       
PG06   1130.132059  19736.920934  17765.457614   -300.520608  5  7  4  63       
PG07 -15635.436566   4310.137593 -20799.290612   -323.020681  5  8  3  74       
PG08 -19441.024502  -7703.010821 -16516.456804    -40.351656  3  6  3  73       
PG09 -24948.957856   8077.767177  -4320.267929   -250.452746  1  6  5  65       
PG10  11592.505038 -23301.738252  -4518.763627   -394.414249  8 12 10  72       
PG11 -23108.041684 -12428.060583  -3243.094931   -226.319463  5  6  4  21       
PG12  14087.465823   4479.969541  21825.434815     96.084309  5  4  5  72       
PG13  11462.044418  13268.159484 -20097.864409     25.133704  5  2  5  63       
PG14   4413.973262 -15511.601328  21427.679049     -0.033066  6  5  2  72       
PG15  20712.864193   6338.004135 -15933.028740   -218.813810  4  3  5  65       
PG16  -3791.701194 -19699.319929 -17391.532766   -180.422240  5  6  6  74       
PG17 -13849.161307  13946.500766  18265.618139    293.102583  6  1  4  29       
PG18  15177.235132  -4718.065013 -21297.219986    241.563807  8  8  6  70       
PG19  -6155.360269  14563.729640  21033.293691   -134.507851  6  6  4  66       
PG20  14872.924677 -15772.664258 -15269.159256    527.326152  6  6  9  22       
PG21   1732.004714 -17680.934447 -19105.878616     21.442699  7  6  6  63       
PG22 -12643.444812 -11713.065561  20450.134476   -773.272018  5  5  6  93       
PG24  21535.333669  13032.909614   8835.508089    -15.399204  3  6  5  91       
PG25  16629.128550  -7265.638068  19066.315232     21.286274  4  3  4  42       
PG26   3878.395929 -25546.029208  -5643.156570    240.013616  7  7  6  97       
PG27  -8841.690984 -13130.043578 -21526.746679   -341.176488  4  8     83       
PG28 -12448.947419  23404.049552  -2047.715704    701.304114  3  5  4  83       
PG29  26391.564671  -3130.906271   -307.112642 999999.999999
PG30  -7637.539044  14737.788504 -20645.752416   -258.279083  4  6  3  72       
PG31  -1782.194276 -20611.953961  16348.390126    -54.397978  6  6  3  93       
PG32  12303.531450 -15226.007212  17969.652905    313.929896  7  3  5  76       
*  2020  7  9  5 30  0.00000000
PG01 -21139.390745 -13623.656613   8823.000287     23.226616  7  7  8  77       
PG02  11245.116541  21304.630810  11874.796492   -484.483732  5  6  4 107       
PG03 -13958.965805  -5843.290340  21764.601991   -234.089933  8  9  9  38       
PG04 -24765.399488  -1481.777432   9541.898354   -112.487001  9  7  6  44       
PG05   3627.120737  22945.871357 -12836.552522    -16.285557  5  5  6  65       
PG06   -367.967086  18246.803541  19329.859944   -300.525327  5  7  4  87       
PG07 -17165.641700   2476.241609 -19930.198726   -323.028557  5  7  2  82       
PG08 -17541.065175  -8275.018237 -18250.818451    -40.353240  3  7  3  85       
PG09 -25331.113532   7884.191502  -1507.999241   -250.458651  2  6  5  71       
PG10  11620.805247 -22568.274218  -7291.784829   -394.423969  7 12 10  54       
PG11 -22514.333987 -12630.879096  -5951.340892   -226.309865  5  7  4  60       
PG12  13145.201807   6842.273636  21814.023614     96.079989  5  5  5  84       
PG13   9149.116534  13539.722166 -21075.753110     25.136798  5  3  5  78       
PG14   6740.005767 -15744.095247  20607.512422     -0.030366  6  5  3  91       
PG15  19001.869834   7100.460105 -17650.701689   -218.811382  4  2  5  62       
PG16  -2925.767686 -21346.714719 -15445.344151   -180.427093  5  5  6  92       
PG17 -15752.316020  14132.356371  16443.842298    293.107376  6  3  4  54       
PG18  16684.300050  -2866.384291 -20486.336945    241.572475  8  7  6  47       
PG19  -8557.148276  14754.054180  20047.955015   -134.503245  6  6  4  52       
PG20  14768.962600 -13907.309651 -17103.800885    527.326002  6  6  9  66       
PG21   3524.701734 -16097.132694 -20162.085929     21.446828  7  6  6  90       
PG22 -12034.986993 -13879.784285  19438.893412   -773.269558  6  5  5  93       
PG24  21969.170718  13848.847382   6230.159946    -15.399607  3  6  5  96       
PG25  16033.970860  -5037.678285  20266.069092     21.289926  3  2  4  69       
PG26   4306.882099 -25930.799799  -2859.313146    240.019958  7  7  6  90       
PG27  -6450.828761 -13670.113669 -22008.151930   -341.185148  4  8  1  75       
PG28 -12452.386277  22902.587557  -4891.497978    701.300987  3  4  4  80       
PG29  26283.740379  -2931.078393   2591.051195 999999.999999
PG30  -9253.725103  12941.597589 -21199.800334   -258.286025  4  6  3  81       
PG31   -342.060455 -19219.172322  18084.399111    -54.400013  6  5  3  90       
PG32  14240.774769 -15484.356120  16211.094169    313.935627  7  3  5  89       
*  2020  7  9  5 45  0.00000000
PG01 -21645.496574 -14354.959160   6118.402729     23.230969  7  7  8  53       
PG02  10054.157825  20550.367306  14170.763289   -484.489045  5  6  5  78       
PG03 -13327.737699  -8242.907170  21390.896242   -234.100501  8  9  9  22       
PG04 -23625.333786  -1996.740294  12017.486617   -112.491128  8  7  7  38       
PG05   3110.041032  24183.931184 -10431.908784    -16.285835  6  5  6  41       
PG06  -2058.876376  16731.261547  20562.546494   -300.529946  5  7  3  76       
PG07 -18699.230801    810.974743 -18712.660828   -323.036394  5  7  2  75       
PG08 -15502.040336  -9000.074128 -19673.632027    -40.354623  3  7  2  65       
PG09 -25416.437055   7619.585761   1330.185778   -250.464558  3  6  6  41       
PG10  11611.384748 -21537.628382  -9937.171449   -394.433711  7 12 10  47       
PG11 -21648.623273 -12764.651548  -8556.418241   -226.300231  5  7  4  90       
PG12  12340.230870   9228.447112  21419.186486     96.075534  5  5  6  87       
PG13   6764.514044  13947.836309 -21695.386451     25.139662  5  4  4  56       
PG14   8944.690327 -16077.908937  19441.971059     -0.027911  6  5  3  60       
PG15  17166.881636   8008.603091 -19075.619355   -218.809010  4  2  5  67       
PG16  -2226.779721 -22818.894451 -13231.885071   -180.431366  5  4  6  64       
PG17 -17430.698542  14377.387102  14346.627444    293.112907  6  4  4  75       
PG18  18208.941442  -1176.994990 -19323.561619    241.581195  7  6  6  50       
PG19 -10812.162318  15052.769112  18708.206517   -134.498666  6  5  3  74       
PG20  14731.012869 -11852.129494 -18643.266172    527.325700  6  6  9  69       
PG21   5474.891173 -14534.352558 -20850.180559     21.450824  6  5  6  53       
PG22 -11553.295880 -15943.675675  18100.066113   -773.267508  7  6  5  89       
PG24  22217.908908  14444.768952   3519.308615    -15.399521  3  6  5  80       
PG25  15526.264936  -2669.799469  21107.835289     21.293690  3  2  5  37       
PG26   4647.208782 -26024.743554    -25.596995    240.026274  6  7  6  90       
PG27  -4058.608869 -14351.496273 -22116.738410   -341.193790  5  7  3  58       
PG28 -12379.682824  22098.840001  -7650.683579    701.298016  3  4  4  70       
PG29  25867.732847  -2659.001489   5444.677682 999999.999999
PG30 -10982.071307  11196.552955 -21386.816782   -258.293042  3  6  3  68       
PG31   1289.190308 -17773.436723  19503.251356    -54.402139  6  5  4  77       
PG32  15957.279252 -15782.621552  14173.519805    313.941324  6  3  5  56       
*  2020  7  9  6  0  0.00000000
PG01 -21957.483216 -14850.312445   3309.924657     23.235312  8  7  8  59       
PG02   8635.409441  19715.582097  16232.285187   -484.494144  5  6  5  82       
PG03 -12836.337448 -10609.074074  20647.321287   -234.110930  8  8  9  38       
PG04 -22257.608517  -2650.786081  14286.741316   -112.495320  8  7  8  46       
PG05   2698.601339  25168.470250  -7846.944111    -16.286745  5  5  6  52       
PG06  -3921.311888  15233.932897  21442.573479   -300.534607  4  6  3  90       
PG07 -20194.213984   -665.918715 -17169.675976   -323.044371  5  7  2  73       
PG08 -13370.030233  -9883.872672 -20759.991619    -40.355665  3  7  2  72       
PG09 -25215.207526   7248.946452   4145.490792   -250.470568  3  6  6  71       
PG10  11602.664689 -20220.926443 -12408.589831   -394.443466  7 12 10  33       
PG11 -20517.802478 -12864.326718 -11014.078495   -226.290864  5  7  4  69       
PG12  11683.444515  11588.266820  20648.473483     96.071306  5  5  6  79       
PG13   4356.522139  14493.450332 -21946.061723     25.142624  5  5  4  64       
PG14  10988.276945 -16489.474033  17949.578686     -0.025531  5  5  4  68       
PG15  15249.604618   9064.731079 -20183.949382   -218.806682  5  2  5  59       
PG16  -1677.892429 -24074.094519 -10788.448406   -180.435462  5  4  5  77       
PG17 -18856.755162  14646.217585  12008.149377    293.118003  6  5  4  60       
PG18  19708.806280    328.786845 -17828.912147    241.589892  7  6  7  78       
PG19 -12877.901617  15434.154450  17038.186618   -134.494076  5  6  3  61       
PG20  14782.600298  -9644.447055 -19861.658680    527.325781  6  6  9  66       
PG21   7549.524092 -13031.734231 -21155.847197     21.455147  7  5  6  75       
PG22 -11188.118010 -17862.757289  16456.162664   -773.265489  7  7  5 103       
PG24  22251.874540  14840.139185    749.028275    -15.399576  3  6  6  79       
PG25  15128.591677   -206.725798  21577.197960     21.297319  2  2  6  75       
PG26   4933.792398 -25817.055255   2808.560424    240.032505  6  7  6  88       
PG27  -1712.904534 -15161.955550 -21849.681214   -341.202417  5  7  3  72       
PG28 -12269.961572  20993.077033 -10276.640413    701.294592  3  4  4  73       
PG29  25160.505187  -2278.764924   8204.668063 999999.999999
PG30 -12791.311817   9538.421935 -21204.206786   -258.299971  3  6  3  60       
PG31   3094.066261 -16318.828112  20581.094731    -54.404276  6  4  4  53       
PG32  17427.454222 -16085.805782  11891.602816    313.947017  6  3  5  47       
*  2020  7  9  6 15  0.00000000
PG01 -22043.070559 -15131.901730    445.424681     23.239682  8  8  9  62       
PG02   6999.155614  18841.503596  18026.660706   -484.499077  5  6  5  62       
PG03 -12483.773703 -12892.881242  19547.098130   -234.121429  7  7  8  81       
PG04 -20699.380756  -3462.967499  16310.696975   -112.499501  8  7  8  70       
PG05   2363.030893  25873.767501  -5126.037041    -16.287253  5  5  6  41       
PG06  -5926.313696  13794.870995  21955.043284   -300.539218  4  6  3  66       
PG07 -21607.385383  -1943.053013 -15329.689034   -323.052368  5  6  3  75       
PG08 -11192.617259 -10923.846667 -21490.624912    -40.357348  3  7  2  81       
PG09 -24745.791779   6740.528245   6889.455713   -250.476447  4  6  6  96       
PG10  11631.076724 -18638.112055 -14662.801459   -394.453221  8 12 10  55       
PG11 -19136.499113 -12963.897947 -13283.158256   -226.281550  5  7  3  68       
PG12  11177.171709  13871.192713  19516.116173     96.066958  5  6  6  75       
PG13   1973.334716  15169.363038 -21823.266407     25.145563  5  5  4  66       
PG14  12836.229131 -16949.211349  16154.367739     -0.022983  5  5  4  76       
PG15  13292.453194  10263.679052 -20956.884427   -218.804226  5  2  4  67       
PG16  -1255.257434 -25075.920271  -8156.708773   -180.439656  5  4  5  85       
PG17 -20010.640101  14899.922364   9466.855024    293.123173  6  6  5  74       
PG18  21139.584085   1637.715743 -16028.089044    241.598537  7  5  8  46       
PG19 -14718.385585  15866.363506  15067.922791   -134.489597  5  6  3  79       
PG20  14940.890748  -7326.079948 -20738.712141    527.325845  6  6  8  67       
PG21   9708.812594 -11623.318460 -21072.145523     21.459529  6  4  5  68       
PG22 -10922.382418 -19598.545738  14534.746777   -773.262828  8  7  5  92       
PG24  22046.943307  15060.451426  -2033.881771    -15.400397  3  6  5  95       
PG25  14856.038552   2303.172959  21666.502205     21.301006  2  2  6  72       
PG26   5202.620652 -25305.644850   5593.679702    240.038693  6  6  6  74       
PG27    540.924825 -16081.359318 -21210.453199   -341.211067  5  7  4  55       
PG28 -12162.229438  19594.948621 -12722.410412    701.291372  3  5  4  76       
PG29  24187.235264  -1758.630783  10823.475799 999999.999999
PG30 -14644.920678   7997.293992 -20655.786056   -258.306970  2  6  3  81       
PG31   5047.366386 -14896.658040  21300.263058    -54.406589  6  4  4  85       
PG32  18633.612381 -16355.994053   9404.355641    313.952677  6  3  6  70       
*  2020  7  9  6 30  0.00000000
PG01 -21876.094124 -15228.421756  -2426.611577     23.244055  9  8  9  67       
PG02   5163.276931  17967.597227  19525.691662   -484.504236  5  6  5  73       
PG03 -12260.940426 -15047.247973  18109.595601   -234.131940  7  6  8  31       
PG04 -18992.279847  -4445.118439  18054.588179   -112.503657  7  7  8  71       
PG05   2069.734389  26281.894337  -2316.139166    -16.288115  5  5  6  49       
PG06  -8038.182628  12449.085647  22091.343402   -300.543940  5  6  4  59       
PG07 -22895.953725  -3017.554455 -13225.973909   -323.060350  5  5  2  77       
PG08  -9017.210289 -12109.097900 -21852.262844    -40.358084  4  7  2  84       
PG09 -24033.897483   6067.273133   9514.792355   -250.482328  4  6  6  66       
PG10  11729.464525 -16817.292542 -16660.456750   -394.462970  8 11 10  73       
PG11 -17526.548347 -13094.952747 -15326.202619   -226.271894  5  7  3  80       
PG12  10815.222794  16028.186566  18042.714607     96.062599  5  6  6  63       
PG13   -338.591170  15960.427748 -21328.768792     25.148516  5  5  4  55       
PG14  14460.374415 -17422.659170  14085.576091     -0.020297  5  5  4  85       
PG15  11337.114056  11592.845623 -21380.946482   -218.801960  5  3  4  37       
PG16   -929.102436 -25794.771712  -5382.035723   -180.444423  5  4  6  95       
PG17 -20880.880773  15097.582989   6764.922705    293.128311  6  6  5  68       
PG18  22456.656686   2744.932617 -13952.034914    241.607218  7  5  8  65       
PG19 -16305.368883  16312.790675  12832.723807   -134.484900  6  6  3  60       
PG20  15215.974393  -4941.897366 -21260.090096    527.326003  6  6  8  81       
PG21  11907.675741 -10336.684840 -20599.762001     21.463546  6  4  5  61       
PG22 -10732.966440 -21117.360085  12368.010150   -773.260798  8  7  5  86       
PG24  21585.514774  15136.071442  -4782.642975    -15.400277  4  6  5  84       
PG25  14715.625339   4809.610151  21374.954329     21.304739  2  3  7  67       
PG26   5489.629099 -24497.268754   8281.135139    240.044870  6  6  6  73       
PG27   2661.586380 -17082.353079 -20208.840396   -341.219723  5  7  5  55       
PG28 -12093.668713  17923.375316 -14943.631867    701.288402  3  5  5  83       
PG29  22980.360557  -1072.465302  13255.928423 999999.999999
PG30 -16502.401694   6596.583294 -19751.669048   -258.313985  2  6  3  83       
PG31   7117.023664 -13543.932950  21649.515531    -54.408868  6  4  4  83       
PG32  19566.511946 -16553.930908   6754.477054    313.958355  6  4  6  75       
*  2020  7  9  6 45  0.00000000
PG01 -21437.551436 -15173.795265  -5257.850309     23.248432  9  8  9  82       
PG02   3152.718500  17130.134220  20705.996574   -484.509374  5  5  5  67       
PG03 -12151.086234 -17028.566110  16359.967645   -234.142447  7  5  6  66       
PG04 -17180.882944  -5601.211659  19488.442932   -112.507855  7  7  9  64       
PG05   1782.793457  26383.407355    534.041135    -16.288656  5  5  5  37       
PG06 -10215.678600  11225.291377  21849.280215   -300.548635  5  6  4  65       
PG07 -24019.140602  -3894.879545 -10895.955400   -323.068088  5  5  2  58       
PG08  -6889.373408 -13420.656664 -21837.914468    -40.359088  4  7  3  94       
PG09 -23111.553583   5208.063656  11976.203580   -250.488232  4  6  6  76       
PG10  11925.640150 -14793.767534 -18366.810851   -394.472717  9 10 10  71       
PG11 -15716.214166 -13285.353757 -17109.995302   -226.262199  5  7  4  64       
PG12  10583.285731  18013.465030  16254.805176     96.058469  5  7  6  71       
PG13  -2536.116040  16844.069116 -20470.610664     25.151532  6  5  5  70       
PG14  15839.836345 -17871.809744  11777.256004     -0.017754  5  5  4  77       
PG15   9423.137301  13032.493872 -21448.227981   -218.799507  6  4  4  86       
PG16   -665.068221 -26209.028458  -2512.711176   -180.448668  5  5  6  92       
PG17 -21464.748178  15197.954034   3947.643799    293.133409  6  6  4  81       
PG18  23616.772315   3653.954709 -11636.405687    241.615940  7  5  8  66       
PG19 -17619.239559  16733.635711  10372.473398   -134.480534  6  6  2  74       
PG20  15610.438316  -2538.275253 -21417.580149    527.325780  6  6  8  77       
PG21  14097.446702  -9191.880461 -19747.059419     21.467812  6  5  5  49       
PG22 -10591.696454 -22391.459773   9992.276917   -773.258789  9  8  4  86       
PG24  20857.250227  15100.919445  -7451.228020    -15.400219  4  5  5  90       
PG25  14706.074654   7262.178555  20708.581656     21.308448  2  4  7  92       
PG26   5829.082237 -23407.320964  10824.040906    240.051028  6  5  6  82       
PG27   4613.264821 -18131.327564 -18860.856049   -341.228444  5  7  5  92       
PG28 -12097.973844  16006.069117 -16899.455869    701.285138  3  5  5  72       
PG29  21578.353332   -200.955448  15460.012099 999999.999999
PG30 -18320.734347   5352.304842 -18508.048964   -258.320864  2  6  3  59       
PG31   9265.215124 -12292.019044  21624.148953    -54.411146  6  4  4  77       
PG32  20225.579467 -16640.668448   3987.624810    313.964061  5  3  6  65       
*  2020  7  9  7  0  0.00000000
PG01 -20716.385082 -15005.718768  -8000.867820     23.252763 10  9  9  70       
PG02    998.722994  16360.901378  21549.260227   -484.514434  5  5  5  68       
PG03 -12130.590026 -18798.209799  14328.692492   -234.152927  7  5  5  57       
PG04 -15311.089055  -6927.024139  20587.595127   -112.512047  7  7  9  76       
PG05   1465.573350  26177.723310   3374.901278    -16.289437  5  4  5  65       
PG06 -12413.435187  10144.909638  21233.106326   -300.553356  5  5  4  43       
PG07 -24939.686015  -4588.315842  -8380.487791   -323.076108  6  5  2  74       
PG08  -4851.222445 -14832.064823 -21447.039310    -40.360002  4  7  4  75       
PG09 -22015.856965   4148.750154  14231.171375   -250.494127  5  6  5  87       
PG10  12241.154878 -12608.780681 -19752.346428   -394.482505  9  9  9  91       
PG11 -13739.195432 -13558.096082 -18605.994969   -226.252648  5  7  4  56       
PG12  10459.653612  19786.117131  14184.322263     96.053986  5  7  6  59       
PG13  -4580.875694  17791.095175 -19263.000691     25.154489  6  5  5  69       
PG14  16961.709841 -18256.609481   9267.794591     -0.015027  4  4  4  56       
PG15   7586.603579  14556.319532 -21156.565321   -218.797039  6  5  4  87       
PG16   -425.752356 -26305.940170    400.935968   -180.453051  5  6  6  82       
PG17 -21768.311440  15161.178879   1062.728933    293.138644  6  5  4  77       
PG18  24579.680037   4376.340923  -9120.962097    241.624603  7  6  8  81       
PG19 -18649.567479  17087.596392   7730.844640   -134.475926  6  6  3  63       
PG20  16119.241590   -161.508516 -21209.183195    527.325961  6  6  7  86       
PG21  16227.760195  -8200.695092 -18529.917401     21.471812  5  4  5  60       
PG22 -10466.548226 -23399.975858   7447.442893   -773.256531  9  8  4  92       
PG24  19859.550441  14991.039286  -9995.068165    -15.402139  5  5  5  91       
PG25  14817.932842   9612.139694  19680.056746     21.312203  3  5  8  71       
PG26   6252.026084 -22059.292294  13178.102869    240.057092  6  4  7  72       
PG27   6366.836670 -19189.648647 -17188.549248   -341.237123  5  7  5  63       
PG28 -12203.805765  13878.690087 -18553.431174    701.281814  3  5  5  59       
PG29  20024.272694    867.437977  17397.604817 999999.999999
PG30 -20055.918951   4272.648615 -16946.876565   -258.327808  2  6  3  59       
PG31  11449.690172 -11165.556628  21225.986914    -54.413320  6  4  4  74       
PG32  20618.802366 -16579.221539   1151.625947    313.969753  5  4  6  74       
*  2020  7  9  7 15  0.00000000
PG01 -19709.978189 -14764.090278 -10609.880126     23.257177 10  9  9  65       
PG02  -1262.143013  15686.089192  22042.423750   -484.519734  6  5  5  75       
PG03 -12170.010403 -20323.854520  12051.023455   -234.163433  8  6  6  69       
PG04 -13428.453500  -8410.123814  21333.107629   -112.516183  6  7  9  87       
PG05   1082.370217  25673.157653   6156.836855    -16.290251  5  4  5  62       
PG06 -14583.537147   9221.361729  20253.441694   -300.558114  5  5  4  48       
PG07 -25625.207186  -5118.194868  -5723.106915   -323.083878  6  4  1  94       
PG08  -2939.951357 -16310.264254 -20685.610770    -40.361760  5  7  4  90       
PG09 -20787.533481   2882.910595  16240.699673   -250.500026  5  7  5  74       
PG10  12690.334583 -10308.046121 -20793.291072   -394.492299  9  9  9  77       
PG11 -11633.459265 -13930.377052 -19790.679807   -226.243449  6  7  3  67       
PG12  10416.248903  21311.523452  11867.968687     96.049378  5  8  6  61       
PG13  -6440.561662  18766.776269 -17726.108207     25.157686  6  5  5  60       
PG14  17821.449499 -18536.570654   6599.346689     -0.012549  4  4  4  28       
PG15   5858.913612  16132.271169 -20509.639881   -218.794875  6  5  4  77       
PG16   -172.397792 -26082.178581   3307.461249   -180.457648  5  6  6  86       
PG17 -21806.166107  14950.491299  -1840.455695    293.144120  5  5  4  80       
PG18  25309.661933   4931.046218  -6448.891507    241.633260  7  7  8  65       
PG19 -19395.286165  17333.617258   4954.455674   -134.471364  6  6  3  68       
PG20  16729.894377   2143.760161 -20639.099645    527.325906  6  6  7  71       
PG21  18248.527839  -7366.320174 -16971.367492     21.476343  5  5  5  66       
PG22 -10323.004298 -24129.600967   4776.355036   -773.254355  9  8  4 100       
PG24  18597.758895  14843.106602 -12371.730699    -15.402284  5  5  4  87       
PG25  15034.031441  11814.133344  18308.394421     21.315898  3  6  8  74       
PG26   6784.876079 -20483.920020  15302.418095    240.063258  6  3  7  67       
PG27   7900.838894 -20215.107590 -15219.705622   -341.245884  5  6  6  59       
PG28 -12433.436315  11583.661826 -19874.329577    701.278602  4  5  5  71       
PG29  18364.149006   2135.829379  19035.144979 999999.999999
PG30 -21664.561251   3357.864274 -15095.446064   -258.334805  1  5  3  90       
PG31  13625.261462 -10181.661081  20463.252715    -54.415378  5  5  4  58       
PG32  20762.293317 -16336.163674  -1704.361417    313.975427  5  4  5  78       
*  2020  7  9  7 30  0.00000000
PG01 -18424.348162 -14489.376293 -13041.436894     23.261578 10  9 10  84       
PG02  -3589.136471  15125.389741  22177.818874   -484.525056  6  5  5  68       
PG03 -12235.366049 -21580.556268   9566.362349   -234.173946  9  8  8  37       
PG04 -11576.546178 -10030.179108  21712.098927   -112.520356  6  8  9  91       
PG05    600.031470  24886.621684   8831.145713    -16.291229  5  4  5  55       
PG06 -16677.201691   8459.678222  18927.090272   -300.562840  5  5  5  56       
PG07 -26049.364631  -5510.855620  -2969.270557   -323.091679  6  5     86       
PG08  -1186.546597 -17816.760183 -19566.065770    -40.362723  5  7  4  91       
PG09 -19469.368944   1412.311757  17969.998362   -250.505885  5  7  5  85       
PG10  13279.618051  -7940.110392 -21472.019995   -394.502063  9  8  9  51       
PG11  -9439.947707 -14412.905073 -20645.804237   -226.233879  6  7  4  62       
PG12  10419.898323  22562.523830   9346.511227     96.045253  5  8  5  80       
PG13  -8089.976015  19732.152390 -15885.758317     25.160674  5  5  4  74       
PG14  18422.949754 -18672.436002   3817.183242     -0.009914  4  4  4  77       
PG15   4265.743645  17723.598549 -19517.001195   -218.792338  6  5  4  76       
PG16    133.343912 -25544.021373   6155.281599   -180.461765  5  7  6  67       
PG17 -21600.837718  14533.836294  -4711.713387    293.149360  5  5  4  59       
PG18  25776.904266   5343.490571  -3666.071262    241.641948  7  8  8  48       
PG19 -19864.507285  17432.621429   2091.987792   -134.466793  6  5  3  68       
PG20  17422.931246   4336.037086 -19717.616100    527.325997  6  6  6  51       
PG21  20111.903837  -6683.407257 -15101.036687     21.480830  4  4  5  53       
PG22 -10125.519753 -24575.011263   2024.137492   -773.252218 10  8  4 101       
PG24  17085.085105  14692.928840 -14541.560509    -15.402006  5  4  4  87       
PG25  15330.265021  13827.739542  16618.532943     21.319648  4  6  8  62       
PG26   7448.198195 -18718.063113  17160.205670    240.069275  5  2  6  60       
PG27   9202.150710 -21163.539709 -12987.439549   -341.254603  5  6  6  73       
PG28 -12801.649909   9168.686589 -20836.883068    701.275704  3  5  5  80       
PG29  16645.262819   3598.586609  20344.223062 999999.999999
PG30 -23105.436137   2600.456961 -12985.897541   -258.341804  1  5  2  82       
PG31  15745.398019  -9349.434994  19350.334819    -54.417499  5  4  4  69       
PG32  20679.541964 -15883.098714  -4530.719299    313.981113  5  4  5  73       
*  2020  7  9  7 45  0.00000000
PG01 -16874.034659 -14220.976092 -15255.073755     23.265926 10  9  9  72       
PG02  -5938.622387  14691.329673  21953.248988   -484.529831  6  4  4  57       
PG03 -12289.595726 -22551.551441   6917.567572   -234.184475 10  9 10  68       
PG04  -9795.396096 -11759.580430  21717.967790   -112.524542  6  8  9  65       
PG05    -10.518156  23842.987703  11350.924539    -16.292108  5  3  5  62       
PG06 -18646.500518   7856.438792  17276.755275   -300.567555  4  5  5  84       
PG07 -26192.798489  -5797.404253   -165.600042   -323.099704  6  5     83       
PG08    385.258689 -19309.017428 -18107.137797    -40.364018  5  7  5  62       
PG09 -18104.570941   -252.947886  19389.095875   -250.511734  5  7  5  72       
PG10  14007.223473  -5554.616697 -21777.337749   -394.511789  8  7  9  73       
PG11  -7201.205422 -15009.464827 -21158.572817   -226.224100  6  7  4  60       
PG12  10433.803210  23520.291922   6664.018225     96.040795  5  8  4  80       
PG13  -9511.819886  20645.521469 -13773.030653     25.163635  5  5  4  59       
PG14  18778.306680 -18627.832984    968.960813     -0.007692  3  3  4  64       
PG15   2826.206281  19290.097196 -18194.006713   -218.789920  6  5  4  64       
PG16    527.650470 -24707.153781   8893.674507   -180.465947  4  6  6  78       
PG17 -21181.875042  13885.343350  -7500.891714    293.154187  4  4  3  59       
PG18  25958.654910   5644.378985   -820.285838    241.650590  7  8  7  14       
PG19 -20073.982549  17349.155144   -806.713441   -134.462017  6  4  3  50       
PG20  18172.658269   6378.345819 -18460.897064    527.325926  6  6  5  56       
PG21  21774.144819  -6138.518838 -12954.422599     21.484893  4  4  5  44       
PG22  -9839.043097 -24739.002631   -762.528387   -773.249889 10  8  5  98       
PG24  15342.251792  14573.989670 -16468.280289    -15.402885  5  4  4  80       
PG25  15676.648437  15618.833286  14640.813040     21.323433  5  7  8  40       
PG26   8255.732688 -16803.349507  18719.454393    240.075407  5  2  6  93       
PG27  10266.357332 -21990.551193 -10529.679698   -341.263407  5  5  6  70       
PG28 -13314.960143   6685.017821 -21422.404839    701.272611  3  5  5  97       
PG29  14914.384829   5241.352741  21302.085365 999999.999999
PG30 -24340.971817   1985.682972 -10654.646115   -258.348775     5  2  74       
PG31  17763.858373  -8669.803099  17907.455092    -54.419981  4  4  5  71       
PG32  20400.382393 -15197.948001  -7278.257227    313.986773  5  4  5  66       
*  2020  7  9  8  0  0.00000000
PG01 -15081.687706 -13995.640517 -17213.917776     23.270322 11  9  9  86       
PG02  -8265.455834  14388.857279  21372.018359   -484.534987  7  4  3  75       
PG03 -12294.140120 -23228.749048   4150.209606   -234.194794 11 10 11  85       
PG04  -8120.081373 -13564.350809  21350.511956   -112.528780  6  8  8  71       
PG05   -772.909089  22574.145777  13671.938263    -16.292807  4  4  5  70       
PG06 -20446.058088   7400.044046  15330.657573   -300.572293  4  4  5  70       
PG07 -26043.807708  -6012.320435   2640.866345   -323.107425  6  5     73       
PG08   1759.747343 -20742.037365 -16333.572767    -40.365607  6  6  5  95       
PG09 -16735.125247  -2094.620779  20473.368944   -250.517584  5  7  5  79       
PG10  14863.154280  -3200.541553 -21704.635913   -394.521458  8  6  9  76       
PG11  -4959.976420 -15716.747033 -21321.736934   -226.214842  6  7  4  63       
PG12  10419.143782  24174.887764   3867.056383     96.036384  5  8  3  66       
PG13 -10697.184346  21464.053680 -11423.765625     25.166525  5  5  3  68       
PG14  18907.263163 -18370.851999  -1896.079140     -0.005053  3  3  4  70       
PG15   1552.250593  20789.509325 -16561.672728   -218.787422  6  5  4  88       
PG16   1042.845303 -23596.091411  11473.773946   -180.470588  4  6  7  63       
PG17 -20584.660594  12986.588035 -10158.792058    293.159701  4  5  3  53       
PG18  25840.122419   5868.318540   2039.589138    241.659255  7  9  7  61       
PG19 -20048.241905  17052.880352  -3691.534552   -134.457516  6  4  2  45       
PG20  18948.143826   8239.418297 -16890.687216    527.326160  5  6  5  73       
PG21  23197.275500  -5710.942808 -10572.030982     21.488894  3  4  5  71       
PG22  -9430.535956 -24632.333154  -3536.161402   -773.247808 10  8  5  92       
PG24  13396.878403  14516.088460 -18119.544244    -15.402182  5  4  4  79       
PG25  16038.605939  17160.682321  12410.370040     21.327168  5  8  7  71       
PG26   9213.699328 -14784.650852  19953.475303    240.081514  4  2  5  79       
PG27  11097.776219 -22653.287476  -7888.552516   -341.272153  5  4  6  60       
PG28 -13971.185392   4185.562535 -21619.268723    701.269374  3  5  5  74       
PG29  13216.045188   7041.412222  21892.040233 999999.999999
PG30 -25338.599580   1492.323127  -8141.748728   -258.355763     4  2  77       
PG31  19636.302010  -8135.669041  16160.250898    -54.422050  4  5  5  54       
PG32  19959.716792 -14265.999306  -9899.098070    313.992438  5  4  5  78       
*  2020  7  9  8 15  0.00000000
PG01 -13077.371324 -13845.999971 -18885.241394     23.274709 11  9  9  79       
PG02 -10524.419583  14215.196208  20442.909548   -484.540042  6  4  3  46       
PG03 -12210.583688 -23612.898794   1311.787184   -234.205283 12 11 12  98       
PG04  -6579.518408 -15405.311792  20615.938507   -112.532943  6  8  8  96       
PG05  -1704.176111  21117.789127  15753.442803    -16.293346  4  4  4  65       
PG06 -22034.662501   7071.308471  13122.063059   -300.577021  3  5  6  50       
PG07 -25598.754458  -6191.963785   5403.399467   -323.115266  6  5  2  80       
PG08   2929.665159 -22070.055055 -14275.729701    -40.366581  6  6  5  71       
PG09 -15400.210958  -4086.812883  21203.979549   -250.523428  5  7  5  79       
PG10  15829.541314   -924.473876 -21255.926693   -394.531183  8  7  9  87       
PG11  -2757.816635 -16524.442379 -21133.619871   -226.204745  6  6  4  86       
PG12  10336.752089  24525.472867   1003.863382     96.031855  6  8  2  81       
PG13 -11645.723039  22145.471171  -8877.983768     25.169576  5  5  3  83       
PG14  18836.352129 -17875.483032  -4727.969464     -0.002448  4  3  4  79       
PG15    448.328363  22179.034316 -14646.431615   -218.785399  6  5  3  77       
PG16   1705.867749 -22243.245531  13849.536681   -180.474404  4  5  7  92       
PG17 -19848.979280  11827.583517 -12638.095817    293.165065  4  4  2  61       
PG18  25415.081873   6052.286334   4864.422318    241.667893  8  9  7  86       
PG19 -19818.449169  16519.858839  -6512.970190   -134.452974  5  3  2  66       
PG20  19714.414702   9894.667226 -15033.930479    527.326108  5  6  5  71       
PG21  24350.485170  -5373.822548  -7998.411380     21.492877  2  5  4  84       
PG22  -8870.434173 -24273.274344  -6249.265354   -773.245673 10  8  5 105       
PG24  11282.621827  14544.122309 -19467.440260    -15.403413  6  4  4  65       
PG25  16378.436505  18434.750277   9966.455321     21.330894  6  8  7  92       
PG26  10320.410939 -12708.446758  20841.349618    240.087689  4  2  4  96       
PG27  11709.139522 -23112.172715  -5109.671313   -341.280932  5  3  5  65       
PG28 -14759.410568   1722.897298 -21423.226012    701.266259  3  5  5  95       
PG29  11590.899424   8968.388814  22103.758894 999999.999999
PG30 -26071.919989   1093.701686  -5490.219708   -258.362738  1  5  2  85       
PG31  21321.820206  -7732.381134  14139.282541    -54.424400  3  5  5  71       
PG32  19396.046129 -13080.673435 -12347.544170    313.998095  5  5  5  70       
*  2020  7  9  8 30  0.00000000
PG01 -10897.606952 -13799.252430 -20240.960367     23.279066 11  8  9  56       
PG02 -12671.673894  14159.971710  19180.107595   -484.545385  6  4  3  63       
PG03 -12002.292937 -23713.431012  -1549.082402   -234.215795 12 11 13 108       
PG04  -5195.496401 -17239.460838  19526.765294   -112.537165  6  8  8  95       
PG05  -2813.873495  19515.977099  17558.942517    -16.294075  4  4  4  64       
PG06 -23376.728424   6844.351673  10688.726121   -300.581801  3  5  6  78       
PG07 -24862.185711  -6373.034851   8076.278252   -323.123287  6  6  2  86       
PG08   3896.331831 -23248.289897 -11969.070957    -40.367736  6  5  5  70       
PG09 -14134.736306  -6196.788078  21568.210752   -250.529221  5  7  5  72       
PG10  16881.304576   1230.996341 -20439.755229   -394.540895  9  7  9  82       
PG11   -633.767007 -17415.591400 -20598.075455   -226.195134  7  6  4  71       
PG12  10148.787579  24580.185846  -1876.487913     96.027393  6  7     76       
PG13 -12365.497780  22649.729106  -6179.225564     25.172550  5  5  3  70       
PG14  18597.765564 -17122.848212  -7476.920008      0.000150  4  2  4  81       
PG15   -488.655124  23416.895872 -12479.791598   -218.782705  6  5  3  85       
PG16   2536.965941 -20687.669217  15978.652823   -180.478641  3  5  6  94       
PG17 -19017.398211  10407.452538 -14894.286372    293.169930  4  4  2  68       
PG18  24686.163838   6234.007944   7605.667395    241.676474  8  8  6  65       
PG19 -19421.026030  15733.581524  -9222.963207   -134.448436  5  3  1  63       
PG20  20433.812172  11326.906369 -12922.312691    527.326133  6  6  5  57       
PG21  25211.197531  -5095.539525  -5281.129135     21.496908     5  4  61       
PG22  -8133.993672 -23686.884397  -8855.130081   -773.243419 10  7  5 105       
PG24   9038.102925  14677.053599 -20488.935465    -15.403571  6  3  4  86       
PG25  16656.894359  19431.180244   7351.703527     21.334632  6  8  6  54       
PG26  11566.209055 -10621.144174  21368.265377    240.093892  3  2  4  59       
PG27  12120.940594 -23332.548970  -2241.341782   -341.289736  4  3  5  75       
PG28 -15660.342811   -652.711602 -20837.544467    701.263150  3  5  5  83       
PG29  10074.254689  10985.249592  21933.464915 999999.999999
PG30 -26521.643631    758.910121  -2745.306460   -258.369743  2  5  2  89       
PG31  22784.332054  -7438.483521  11879.477419    -54.426805  3  5  5  70       
PG32  18749.867029 -11643.975775 -14580.905814    314.003811  5  5  5  69       
*  2020  7  9  8 45  0.00000000
PG01  -8584.189091 -13876.057058 -21258.071371     23.283410 11  8  9  13       
PG02 -14666.174062  14205.608411  17603.068297   -484.550429  6  4  2  74       
PG03 -11635.988293 -23547.976741  -4383.485403   -234.226310 13 11 13 109       
PG04  -3981.994071 -19021.508164  18101.614499   -112.541298  5  9  7  88       
PG05  -4103.494126  17813.534408  19056.865307    -16.294729  4  4  4  86       
PG06 -24443.556900   6687.753796   8072.257643   -300.586531  3  5  6  71       
PG07 -23846.673190  -6591.044508  10615.456256   -323.131154  6  5  3  91       
PG08   4669.409147 -24234.679763  -9453.549663    -40.368912  6  5  5  79       
PG09 -12968.052444  -8386.044252  21559.694947   -250.535072  5  7  5  68       
PG10  17987.105153   3228.718274 -19270.995864   -394.550564  9  7  9  61       
PG11   1376.871432 -18367.174831 -19724.384758   -226.185597  7  6  4  74       
PG12   9820.350979  24355.689414  -4724.919140     96.022964  5  7     76       
PG13 -12872.500722  22940.632747  -3373.821039     25.175318  4  5  3  78       
PG14  18227.989876 -16102.173883 -10094.245785      0.002829  5  3  4  65       
PG15  -1269.097066  24463.908436 -10097.896907   -218.780481  5  5  3  92       
PG16   3548.671330 -18973.538127  17823.376017   -180.483009  3  5  6  88       
PG17 -18133.521379   8734.742323 -16886.543724    293.175129  4  4  3  53       
PG18  23664.814851   6450.309528  10216.194952    241.685170  9  8  7  64       
PG19 -18896.102647  14685.708022 -11775.695506   -134.444056  5  3  2  72       
PG20  21067.457505  12526.794520 -10591.735161    527.326086  5  5  5  30       
PG21  25765.776377  -4841.275028  -2469.711653     21.501139     5  4  48       
PG22  -7202.467452 -22904.027390 -11308.636134   -773.241147 10  7  5 103       
PG24   6705.654487  14927.100385 -21166.259919    -15.406446  6  2  5  72       
PG25  16834.821039  20148.947111   4611.361708     21.338355  6  8  5  53       
PG26  12933.722165  -8567.418460  21525.738876    240.100060  3  2  4  59       
PG27  12360.466812 -23286.145899    666.301991   -341.298515  4  3  5  74       
PG28 -16647.048434  -2895.191637 -19872.961469    701.260041  3  5  5  81       
PG29   8694.813918  13049.577027  21384.008244 999999.999999
PG30 -26676.273205    454.188129     46.263341   -258.376814  2  5  1 103       
PG31  23993.797775  -7226.719764   9419.521991    -54.428780  4  5  5  57       
PG32  18061.999830  -9966.612997 -16560.274738    314.009491  5  5  5  65       
*  2020  7  9  9  0  0.00000000
PG01  -6182.812842 -14089.672559 -21919.024740     23.287725 11  7  9  59       
PG02 -16471.011170  14327.991446  15736.326702   -484.555470  5  4  2  75       
PG03 -11083.189685 -23141.588142  -7143.032868   -234.236826 13 11 13  89       
PG04  -2944.804732 -20705.514703  16364.901184   -112.545513  5  9  7  84       
PG05  -5566.217609  16056.352476  20221.140422    -16.295777  4  4  4  87       
PG06 -25214.344258   6565.931027   5317.427149   -300.591300  4  5  6  62       
PG07 -22572.381453  -6878.843669  12979.191998   -323.138921  6  5  3  84       
PG08   5266.333918 -24991.528149  -6772.904832    -40.369447  6  4  5  85       
PG09 -11922.895527 -10611.620157  21178.530022   -250.540890  5  6  5  71       
PG10  19110.546891   5038.195930 -17770.539798   -394.560275 10  8 10  74       
PG11   3243.622832 -19350.922570 -18527.094414   -226.175839  6  6  3  78       
PG12   9320.976210  23876.411541  -7493.156933     96.018505  6  6  2  88       
PG13 -13189.869420  22987.326665   -510.100334     25.178210  4  4  3  72       
PG14  17766.259836 -14811.454943 -12533.299940      0.005410  5  2  4  68       
PG15  -1910.162094  25284.982704  -7540.988439   -218.777984  5  5  3  72       
PG16   4745.100577 -17148.432294  19351.251347   -180.487216  3  5  6  68       
PG17 -17240.191027   6827.359530 -18578.587387    293.180400  5  4  4  72       
PG18  22370.930427   6735.507816  12651.101213    241.693862  9  7  7  83       
PG19 -18285.857566  13376.493738 -14128.318910   -134.439596  5  3  2  45       
PG20  21576.772829  13492.988851  -8081.726798    527.325793  6  5  6  37       
PG21  26009.850281  -4574.672559    385.395793     21.505041     5  4  71       
PG22  -6064.065129 -21960.172564 -13567.049324   -773.238957 10  6  6 107       
PG24   4329.932391  15299.180075 -21487.222893    -15.407010  6  1  5  82       
PG25  16874.765370  20595.679968   1792.495807     21.342061  7  8  4  67       
PG26  14398.434057  -6588.640738  21311.719569    240.106250  3  2  5  34       
PG27  12460.555059 -22952.317279   3562.214042   -341.307299  3  3  5  75       
PG28 -17686.038237  -4964.363078 -18547.451100    701.257085  3  4  5  96       
PG29   7473.686876  15115.060569  20464.821962 999999.999999
PG30 -26532.503348    144.409060   2837.051833   -258.383816  2  5  1  99       
PG31  24927.209024  -7065.248067   6801.212012    -54.431081  4  4  4  62       
PG32  17371.915807  -8067.769018 -18251.226612    314.015204  5  5  4  82       
*  2020  7  9  9 15  0.00000000
PG01  -3741.559238 -14445.371883 -22212.027634     23.292056 11  6  8  80       
PG02 -18054.632066  14497.375313  13609.241096   -484.560766  5  4  2  61       
PG03 -10321.481222 -22525.690414  -9780.668184   -234.247365 12 11 13  92       
PG04  -2081.484022 -22246.568635  14346.421455   -112.549700  5  9  6  88       
PG05  -7186.998180  14289.662741  21031.666671    -16.295835  3  4  5  95       
PG06 -25676.901548   6440.678609   2471.409834   -300.595972  5  5  6  53       
PG07 -21066.381837  -7265.261979  15128.640109   -323.146624  5  5  3  84       
PG08   5711.437295 -25486.996573  -3973.877406    -40.371836  6  4  5  75       
PG09 -11014.598412 -12827.582906  20431.281037   -250.546776  5  6  5  96       
PG10  20211.578240   6636.535592 -15964.883280   -394.569976 10  8 10  83       
PG11   4941.749049 -20334.313629 -17025.799129   -226.166633  6  5  3  77       
PG12   8625.946175  23173.514051 -10134.512725     96.014202  6  6  2  79       
PG13 -13346.823441  22765.596133   2362.441759     25.181149  4  4  4  47       
PG14  17252.893200 -13257.776182 -14750.388896      0.007825  5  3  4  80       
PG15  -2434.970005  25850.509504  -4852.767844   -218.775684  5  5  3  70       
PG16   6121.615031 -15261.494434  20535.722738   -180.491392  3  5  6  73       
PG17 -16377.712554   4712.119004 -19939.442872    293.185322  5  4  5  48       
PG18  20832.174117   7119.900833  14868.479866    241.702607  9  7  8  81       
PG19 -17632.811610  11814.894139 -16241.617671   -134.434942  5  4  3  35       
PG20  21925.001569  14232.003501  -5434.802864    527.325875  6  5  5  60       
PG21  25948.259218  -4259.522421   3233.834046     21.509527  2  6  4  83       
PG22  -4714.653643 -20894.017181 -15590.790409   -773.236502 10  6  6 100       
PG24   1956.436782  15790.629030 -21445.455979    -15.408507  6     5  36       
PG25  16742.530109  20787.168140  -1056.811259     21.345716  7  8  4  87       
PG26  15929.537553  -4721.451604  20730.579632    240.112459  4  2  6  43       
PG27  12458.119067 -22318.989370   6395.386023   -341.316062  2  3  4  56       
PG28 -18738.649980  -6827.374870 -16885.812955    701.254115  4  3  6 101       
PG29   6423.706729  17133.150219  19191.762058 999999.999999
PG30 -26095.324893   -205.386282   5579.687263   -258.390880  3  5     90       
PG31  25569.324416  -6919.021164   4068.770840    -54.433325  5  3  4  78       
PG32  16716.131564  -5974.548495 -19624.438122    314.020936  5  5  4  84       
*  2020  7  9  9 30  0.00000000
PG01  -1309.289392 -14940.156305 -22131.272625     23.296373 10  6  8  69       
PG02 -19391.896248  14679.517094  11255.667274   -484.565897  5  4  3  59       
PG03  -9335.547353 -21736.806034 -12251.448614   -234.257900 11 11 12  91       
PG04  -1381.622245 -23602.436186  12080.846634   -112.553853  5  9  6  98       
PG05  -8942.988650  12556.352718  21474.661757    -16.297055  4  3  5  35       
PG06 -25828.056652   6272.822222   -417.009703   -300.600737  6  4  6  47       
PG07 -19361.737164  -7773.899926  17028.400837   -323.154402  5  5  3  59       
PG08   6034.785671 -25696.380215  -1105.362878    -40.372455  6  5  5  39       
PG09 -10250.602672 -14986.638721  19330.867149   -250.552714  4  5  5  90       
PG10  21248.037869   8009.092675 -13885.626837   -394.579630 11  8 10  73       
PG11   6452.961339 -21281.734484 -15244.869981   -226.156487  6  5  3  48       
PG12   7717.385994  22283.630825 -12604.621925     96.009731  6  5  3  65       
PG13 -13377.362726  22258.927271   5194.012647     25.184018  3  4  4  93       
PG14  16727.575405 -11457.269780 -16705.645827      0.010514  6  3  4  63       
PG15  -2871.532047  26137.563289  -2079.671249   -218.773179  5  5  3  86       
PG16   7664.850972 -13361.545348  21356.606071   -180.495452  2  5  6  70       
PG17 -15582.181061   2423.918030 -20944.108011    293.190974  6  5  5  76       
PG18  19083.008248   7628.418423  16830.143696    241.711304  9  7  8  94       
PG19 -16978.139869  10018.347847 -18080.596491   -134.430098  5  4  4  48       
PG20  22078.672798  14757.779573  -2695.778804    527.325940  6  5  5  62       
PG21  25594.643678  -3861.394400   6026.268919     21.513909  3  5  4  75       
PG22  -3158.166878 -19745.984415 -17344.164495   -773.234043  9  5  5  96       
PG24   -370.005975  16391.211942 -21040.577029    -15.409204  6     4  53       
PG25  16408.588613  20746.575560  -3888.256927     21.349379  6  8  3  83       
PG26  17491.038046  -2996.534490  19792.991570    240.118709  6  1  6  53       
PG27  12392.508798 -21383.277787   9115.808188   -341.324832  2  3  4  53       
PG28 -19762.661587  -8459.812854 -14919.097986    701.250890  5  4  6 103       
PG29   5549.078643  19054.807981  17586.832746 999999.999999
PG30 -25377.830851   -628.464876   8227.635694   -258.397899  3  4     78       
PG31  25913.127695  -6751.279445   1268.144898    -54.435256  6  3  3  87       
PG32  16126.735657  -3721.109933 -20656.206394    314.026629  5  5  4  81       
*  2020  7  9  9 45  0.00000000
PG01   1065.997806 -15562.782550 -21677.086477     23.300570 10  5  8  85       
PG02 -20464.930024  14837.002742   8713.557896   -484.571440  4  4  3  93       
PG03  -8117.941682 -20815.100298 -14513.289175   -234.268423 11 11 11  80       
PG04   -827.430637 -24735.123077   9607.131543   -112.558014  5  9  5  87       
PG05 -10804.282263  10895.393181  21542.886667    -16.297406  4  3  5  55       
PG06 -25673.723039   6023.914182  -3298.264331   -300.605476  7  4  6  63       
PG07 -17496.388393  -8422.113670  18647.025686   -323.162414  4  4  3  75       
PG08   6270.790467 -25603.113483   1782.481803    -40.373681  5  5  5  55       
PG09  -9630.289673 -17041.804598  17896.335676   -250.558578  4  5  5  94       
PG10  22177.283174   9149.797761 -11568.896978   -394.589316 11  9 11  39       
PG11   7765.908767 -22155.758882 -13213.129204   -226.147280  6  4  3  70       
PG12   6585.096183  21247.424856 -14862.134055     96.005693  6  4  3  62       
PG13 -13318.778067  21459.281387   7935.404168     25.187122  4  3  5  96       
PG14  16227.667912  -9434.704186 -18363.838592      0.013113  6  3  4  66       
PG15  -3251.473295  26130.871284    729.937499   -218.771245  4  5  3  57       
PG16   9353.116501 -11495.237787  21800.419147   -180.499678  3  5  7  54       
PG17 -14883.984861      4.565823 -21574.097608    293.195549  7  5  5  66       
PG18  17163.473039   8279.485547  18502.283582    241.719991  9  7  8 101       
PG19 -16360.063151   8012.251544 -19614.989886   -134.425963  5  4  4  56       
PG20  22008.955763  15090.982789     88.952015    527.325464  7  5  4  58       
PG21  24970.711300  -3349.152303   8715.246452     21.517723  3  5  5  76       
PG22  -1406.702775 -18556.653940 -18796.034451   -773.231873  9  4  5  91       
PG24  -2606.747387  17083.425324 -20278.268930    -15.410248  6     4  67       
PG25  15849.321201  20503.397898  -6654.100297     21.353067  6  7  4  78       
PG26  19043.062116  -1437.633230  18515.699183    240.124921  7  1  7  35       
PG27  12303.770456 -20151.743559  11675.419201   -341.333560  2  3  4  51       
PG28 -20714.057616  -9846.433725 -12683.893159    701.247740  5  3  6 101       
PG29   4845.373786  20832.289091  15677.802070 999999.999999
PG30 -24400.731991  -1154.942485  10735.957636   -258.404907  3  4     83       
PG31  25959.995464  -6525.103124  -1553.715335    -54.437816  6  2  3  89       
PG32  15630.106736  -1347.523194 -21328.860940    314.032354  5  5  4  61       
*  2020  7  9 10  0  0.00000000
PG01   3338.787346 -16294.106479 -20855.993728     23.304846 10  5  7  72       
PG02 -21263.742453  14930.727269   6024.482345   -484.576339  5  4  3  73       
PG03  -6669.559631 -19802.803369 -16527.657962   -234.279024  9 11 11  94       
PG04   -394.618694 -25612.286140   6967.846652   -112.562267  5  9  5  88       
PG05 -12734.941070   9340.439488  21235.742367    -16.297899  5  4  5  69       
PG06 -25228.631727   5657.908869  -6122.848406   -300.610220  8  4  5  79       
PG07 -15511.879975  -9220.225974  19957.476793   -323.170166  3  4  4  66       
PG08   6456.644250 -25199.463393   4639.157895    -40.374848  5  5  4  30       
PG09  -9145.136804 -18948.076058  16152.527369   -250.564451  4  4  5  96       
PG10  22957.838798  10061.154128  -9054.702431   -394.598998 11  9 11  71       
PG11   8876.426891 -22918.508605 -10963.471488   -226.137720  6  3  2  83       
PG12   5227.098203  20108.018549 -16869.346820     96.001423  6  3  4  63       
PG13 -13210.032357  20367.549945  10538.873190     25.190061  4  3  5 101       
PG14  15786.614288  -7222.716609 -19695.089142      0.015535  6  3  3  65       
PG15  -3608.589487  25823.501905   3526.640424   -218.769016  4  5  3  40       
PG16  11157.134191  -9705.326776  21860.564657   -180.503853  4  5  7  52       
PG17 -14306.554337  -2498.684848 -21817.848282    293.200711  7  5  6  35       
PG18  15117.760499   9084.143200  19856.053444    241.728714  8  6  8  91       
PG19 -15812.375646   5829.149920 -20819.690310   -134.421287  6  5  5  83       
PG20  21692.854561  15258.054617   2872.167381    527.325214  7  6  4  66       
PG21  24105.227090  -2696.294452  11255.952487     21.521505  3  5  5  73       
PG22    519.701342 -17365.186916 -19920.422802   -773.229271  9  3  5  83       
PG24  -4714.752776  17843.089312 -19170.267405    -15.412985  6     4  54       
PG25  15048.028628  20092.204875  -9307.917399     21.356732  6  7  5  89       
PG26  20543.319253    -60.848237  16921.188829    240.131162  8  2  7  31       
PG27  12230.880892 -18640.274862  14029.021830   -341.342248  2  3  4  23       
PG28 -21548.865458 -10981.498285 -10221.491681    701.244696  6  3  5  94       
PG29   4299.868344  22420.883586  13497.714663 999999.999999
PG30 -23191.600142  -1810.444690  13062.039389   -258.411919  2  4     85       
PG31  25719.571089  -6204.968122  -4349.581044    -54.439635  6  2  1  92       
PG32  15245.874212   1101.602583 -21631.060893    314.038025  5  5  4  69       
*  2020  7  9 10 15  0.00000000
PG01   5467.591319 -17107.736192 -19680.689806     23.309120  9  4  7  33       
PG02 -21786.573085  14921.481950   3233.063838   -484.581651  5  4  4  69       
PG03  -4999.797105 -18742.568317 -18260.212885   -234.289621  7 11 10  68       
PG04    -53.528227 -26208.440175   4208.445362   -112.566417  5  9  5  85       
PG05 -14694.267670   7918.661934  20559.239293    -16.298721  5  3  6  57       
PG06 -24515.735780   5142.752162  -8842.164927   -300.614986  8  3  5  74       
PG07 -13451.965244 -10170.990074  20937.537244   -323.177994  2  3  4  76       
PG08   6630.648192 -24486.881863   7414.751072    -40.374697  4  4  4  46       
PG09  -8779.192066 -20664.026234  14129.639000   -250.570297  4  4  5  74       
PG10  23551.002675  10753.911417  -6386.237273   -394.608661 10  9 11  60       
PG11   9787.536828 -23533.051818  -8532.431364   -226.127986  6  3  2  52       
PG12   3649.875133  18909.354882 -18592.778253     95.996831  5  3  4  47       
PG13 -13090.077250  18993.669178  12959.002983     25.192978  5  2  5  83       
PG14  15432.514821  -4860.718245 -20675.483580      0.018102  6  4  3  79       
PG15  -3977.296020  25217.236512   6260.888450   -218.766684  4  4  4  75       
PG16  13041.093524  -8029.127267  21537.367169   -180.508227  5  5  7  65       
PG17 -13865.413717  -5034.841897 -21670.969855    293.205767  7  5  6  62       
PG18  12992.637462  10045.461903  20868.070931    241.737477  8  6  8  90       
PG19 -15363.159310   3507.672996 -21675.093770   -134.416751  7  5  5  89       
PG20  21114.198292  15290.051472   5606.582403    527.325462  7  6  4  72       
PG21  23032.780665  -1882.075950  13606.870413     21.526011  4  5  5  91       
PG22   2593.611492 -16207.808664 -20697.027251   -773.227023  8  1  4  89       
PG24  -6659.915722  18640.211556 -17734.252576    -15.412097  6     4  84       
PG25  13995.688922  19551.216519 -11805.321851     21.360424  5  6  5  77       
PG26  21948.659759   1125.765513  15037.269254    240.137378  8  2  7  88       
PG27  12210.031899 -16873.597555  16135.142175   -341.350886  3  3  4  34       
PG28 -22224.976791 -11868.698596  -7576.978803    701.241505  6  3  5  96       
PG29   3892.213515  23780.550166  11084.310596 999999.999999
PG30 -21783.866907  -2614.937831  15166.289247   -258.418878  2  3     83       
PG31  25209.350858  -5758.250889  -7072.670164    -54.441999  6  2  1  89       
PG32  14986.162077   3578.665578 -21557.973079    314.043721  5  5  4  92       
*  2020  7  9 10 30  0.00000000
PG01   7416.357020 -17970.976452 -18169.918760     23.313430  9  4  6  51       
PG02 -22039.948827  14771.594677    386.332629   -484.586979  6  4  4  63       
PG03  -3126.388822 -17675.826720 -19681.370637   -234.300232  7 10  9  57       
PG04    229.520335 -26505.912875   1376.479025   -112.570621  5  9  4 100       
PG05 -16638.267601   6649.849687  19525.843188    -16.299152  5  3  6  69       
PG06 -23565.309285   4451.822639 -11409.361460   -300.619731  9  3  4  68       
PG07 -11361.136922 -11269.326105  21570.168863   -323.185635  1  3  4  85       
PG08   6830.500522 -23476.002564  10060.843996    -40.375306  4  4  5           
PG09  -8509.847520 -22153.274264  11862.691374   -250.576170  4  4  5  74       
PG10  23922.349746  11246.431996  -3609.143289   -394.618326 10  9 11  63       
PG11  10509.191798 -23964.793606  -5959.696173   -226.118751  6  2  2  52       
PG12   1868.300832  17694.548374 -20003.672078     95.992485  5  3  4  63       
PG13 -12996.173213  17356.387170  15153.527677     25.196173  5  2  5  89       
PG14  15186.933445  -2393.517050 -21287.555201      0.020551  6  4  2  69       
PG15  -4391.033809  24322.601362   8883.953177   -218.764311  4  4  4  57       
PG16  14963.964366  -6497.219647  20837.969595   -180.512116  6  4  7  93       
PG17 -13567.579195  -7551.040039 -21136.334911    293.211163  8  5  6  70       
PG18  10835.777945  11158.271473  21520.825060    241.746226  6  6  8  61       
PG19 -15033.728027   1091.260708 -22167.362519   -134.412289  7  5  6  87       
PG20  20264.388930  15221.314322   8245.622561    527.325398  7  6  5  69       
PG21  21792.388000   -892.380730  15730.336012     21.530346  4  5  5  72       
PG22   4781.040745 -15116.411155 -21111.636249   -773.224847  7     4  65       
PG24  -8414.200272  19440.096466 -15993.639947    -15.411678  6  1  4  70       
PG25  12691.433307  18920.766520 -14104.643602     21.364101  5  5  5  75       
PG26  23216.669069   2122.287256  12896.569258    240.143602  9  2  7  74       
PG27  12273.037878 -14884.434309  17956.811691   -341.359542  3  3  3  72       
PG28 -22703.873362 -12520.693669  -4798.264297    701.238539  6  3  5 102       
PG29   3595.409193  24877.378668   8479.361056 999999.999999
PG30 -20215.614144  -3581.773789  17012.788997   -258.425860  2  3  2  80       
PG31  24453.997738  -5156.629330  -9677.364845    -54.444127  6  2  1  79       
PG32  14855.144521   6034.730692 -21111.329200    314.049412  5  6  3  59       
*  2020  7  9 10 45  0.00000000
PG01   9155.686205 -18846.035390 -16348.251442     23.317709  8  3  6  20       
PG02 -22038.436192  14446.563606  -2467.003003   -484.592407  6  4  5  70       
PG03  -1074.931664 -16641.203356 -20766.799647   -234.310797  8 11  8  75       
PG04    490.722327 -26495.510298  -1479.226542   -112.574799  5  9  4  93       
PG05 -18521.242587   5545.820808  18154.203539    -16.300178  5  3  6  74       
PG06 -22413.774572   3565.167545 -13780.140424   -300.624472  9  2  4  65       
PG07  -9283.130542 -12502.341938  21843.813223   -323.193579  2  3  4  92       
PG08   7091.617055 -22186.283162  12531.395629    -40.375973  4  4  4  43       
PG09  -8308.880331 -23385.766129   9390.912647   -250.582089  4  3  5  83       
PG10  24043.078234  11563.777447   -770.743768   -394.628003 11  9 10  46       
PG11  11057.775648 -24182.812204  -3287.564364   -226.109084  6  2  2  68       
PG12    -94.738563  16504.284324 -21078.432191     95.988408  5  3  3  69       
PG13 -12962.281362  15482.690448  17084.102590     25.198893  5  2  5  82       
PG14  15063.990174    130.283424 -21520.626881      0.023388  6  4  1  67       
PG15  -4880.700887  23158.551471  11348.884013   -218.761907  4  3  4  49       
PG16  16881.012779  -5132.450882  19776.098345   -180.516497  7  4  7  69       
PG17 -13411.330180  -9994.486694 -20224.003925    293.216115  8  5  6  60       
PG18   8694.068575  12409.218592  21802.983533    241.754989  4  6  7  55       
PG19 -14837.836115  -1373.279105 -22288.605072   -134.407688  8  5  6  91       
PG20  19142.877427  15088.017449  10744.192957    527.324988  7  5  5  70       
PG21  20425.986284    279.676672  17592.992424     21.534165  5  4  5  78       
PG22   7042.563876 -14117.333584 -21156.432809   -773.222264  7  1  3  59       
PG24  -9956.564846  20204.662923 -13977.267901    -15.413122  6  2  4  58       
PG25  11142.726823  18241.708546 -16167.559566     21.367795  5  5  5  69       
PG26  24307.238307   2936.706360  10535.963255    240.149789  9  4  7  90       
PG27  12445.934758 -12712.347799  19462.253593   -341.368217  4  3  3  68       
PG28 -22952.184503 -12958.286759  -1935.092321    701.235418  6  3  5  79       
PG29   3377.041993  25684.824179   5727.933242 999999.999999
PG30 -18528.200028  -4716.985062  18569.891542   -258.432811  2  2  2  76       
PG31  23484.406731  -4377.330558 -12119.914419    -54.446269  6  2  2  65       
PG32  14848.929009   8421.236078 -20299.363038    314.055134  5  6  3  80       
*  2020  7  9 11  0  0.00000000
PG01  10663.816809 -19691.453803 -14245.761197     23.322011  8  3  5  78       
PG02 -21804.085827  13916.619992  -5277.362609   -484.597378  6  4  5  86       
PG03   1121.890116 -15673.049274 -21497.829720   -234.321423 10 11  7  89       
PG04    767.183252 -26176.866576  -4309.418442   -112.579010  5  9  5  85       
PG05 -20297.450415   4610.157821  16468.773299    -16.300932  5  2  6  64       
PG06 -21102.302130   2470.484209 -15913.529448   -300.629203  9  1  5  50       
PG07  -7259.450345 -13849.642038  21752.630709   -323.201410  2  3  3  90       
PG08   7445.553129 -20645.308777  14783.568778    -40.377440  5  4  4  73       
PG09  -8143.719494 -24338.818522   6757.048452   -250.587927  4  3  4  92       
PG10  23891.149851  11736.552257   2080.739426   -394.637721 11  9 10  77       
PG11  11455.365601 -24161.094374   -560.349653   -226.099498  6  2  2  73       
PG12  -2209.016777  15375.322545 -21798.982712     95.983814  6  3  4  71       
PG13 -13017.592974  13406.911317  18717.004106     25.201750  5  1  5  99       
PG14  15069.778935   2660.040007 -21371.003933      0.026135  6  4     69       
PG15  -5473.179377  21751.814012  13611.445507   -218.759535  3  3  4  84       
PG16  18745.453849  -3949.264810  18371.709413   -180.520763  7  3  7  72       
PG17 -13386.362352 -12314.401930 -18950.989302    293.221669  8  4  6  75       
PG18   6611.951952  13777.150978  21709.594134    241.763719  3  6  7  84       
PG19 -14781.176617  -3837.328582 -22036.974061   -134.403003  8  5  6  79       
PG20  17757.347971  14926.649964  13059.432638    527.325132  6  4  5  80       
PG21  18976.879224   1633.428598  19166.151155     21.538209  5  4  5  81       
PG22   9334.660852 -13230.372623 -20830.177123   -773.220050  6  2  2  48       
PG24 -11273.628372  20893.924170 -11718.980647    -15.412936  6  2  4  67       
PG25   9365.249274  17553.822225 -17959.670792     21.371473  5  4  5  64       
PG26  25184.052537   3584.397345   7995.935282    240.155848  9  4  6  80       
PG27  12747.829205 -10402.317355  20625.458338   -341.376869  4  3  2  47       
PG28 -22943.015051 -13209.292361    961.942896    701.232465  6  4  5  88       
PG29   3200.737926  26184.664907   2877.598285 999999.999999
PG30 -16764.770513  -6018.857835  19810.755787   -258.439794  2  2  3  89       
PG31  22336.553896  -3404.180978 -14359.116893    -54.448689  5  2  3  91       
PG32  14955.769040  10691.679916 -19136.631103    314.060895  4  6  3  94       
*  2020  7  9 11 15  0.00000000
PG01  11927.325517 -20463.707561 -11897.595793     23.326300  7  2  4  40       
PG02 -21365.578373  13158.154034  -7995.166663   -484.602408  7  4  5  86       
PG03   3425.350122 -14800.148226 -21861.772052   -234.331976 12 11  6  64       
PG04   1095.276626 -25558.463878  -7065.272764   -112.583228  5  9  5  84       
PG05 -21922.765714   3838.274710  14499.330464    -16.301694  6  3  5  51       
PG06 -19675.236677   1163.807083 -17772.598005   -300.633920  9     4  70       
PG07  -5327.967682 -15283.919205  21296.671619   -323.209310  3  2  3  85       
PG08   7918.591391 -18887.786628  16778.489168    -40.379083  5  4  4  58       
PG09  -7978.887569 -24997.885762   4006.611704   -250.593865  5  3  4  91       
PG10  23452.183389  11799.549945   4896.974133   -394.647424 11  9 10  36       
PG11  11728.779504 -23879.624587   2176.267282   -226.090015  5  2  2  86       
PG12  -4437.909595  14339.157988 -22153.050441     95.979547  6  3  4  99       
PG13 -13185.257127  11169.550494  20023.744321     25.204665  5  2  5  71       
PG14  15202.135177   5144.904517 -20842.013596      0.028713  6  4     47       
PG15  -6190.024654  20135.915123  15631.009061   -218.757233  3  3  4  68       
PG16  20510.172746  -2953.380067  16650.529765   -180.524920  7  2  6  81       
PG17 -13474.312770 -14463.867714 -17340.867295    293.226550  7  4  6  57       
PG18   4629.871398  15233.814329  21242.176385    241.772500  4  6  7  83       
PG19 -14861.185154  -6252.079702 -21416.682589   -134.398706  8  5  6  86       
PG20  16123.600648  14772.486798  15151.442467    527.325302  6  3  5  51       
PG21  17488.187105   3160.610034  20426.066995     21.542237  5  4  6  75       
PG22  11611.236574 -12468.064868 -20138.261353   -773.217572  6  2  2  58       
PG24 -12360.047856  21467.575423  -9257.107962    -15.412889  6  1  4  79       
PG25   7382.481899  16894.274763 -19451.021493     21.375151  4  4  5  67       
PG26  25815.941947   4087.316794   5319.892356    240.162079  9  5  6  46       
PG27  13190.045479  -8003.109761  21426.636459   -341.385581  5  3  2  71       
PG28 -22656.995947 -13307.152483   3842.350540    701.229494  5  3  5  66       
PG29   3027.771459  26367.647038    -22.403038 999999.999999
PG30 -14968.710432  -7477.801012  20713.810394   -258.446776  2  1  3  83       
PG31  21050.168270  -2228.420341 -16356.971841    -54.450755  5  2  4  65       
PG32  15156.595550  12803.222152 -17643.722396    314.066546  4  5  3  72       
*  2020  7  9 11 30  0.00000000
PG01  12941.518676 -21118.925019  -9343.446488     23.330578  6  2  4  46       
PG02 -20757.093902  12154.938344 -10571.762585   -484.607773  7  4  5  95       
PG03   5791.957818 -14044.645225 -21852.144318   -234.342536 13 11  5  66       
PG04   1509.030212 -24657.321560  -9699.243918   -112.587450  5  9  5  94       
PG05 -23356.277024   3217.807926  12280.413591    -16.302517  6  3  5  46       
PG06 -18178.409865   -350.128173 -19325.107238   -300.638671  9  1  4  82       
PG07  -3521.641266 -16771.815009  20481.972523   -323.216954  2  2  3  80       
PG08   8530.552237 -16954.274396  18481.921547    -40.380910  5  4  4  38       
PG09  -7777.559879 -25357.020771   1187.085971   -250.599771  5  3  3  82       
PG10  22720.070320  11790.253260   7630.300646   -394.657071 12  9 11  25       
PG11  11908.435895 -23325.285260   4875.936190   -226.080551  5  2  2  66       
PG12  -6739.574666  13420.885337 -22134.366797     95.975233  6  3  4  65       
PG13 -13481.358845   8815.861516  20981.587509     25.207527  5  3  5  78       
PG14  15450.761093   7535.657816 -19943.892541      0.031017  6  5     57       
PG15  -7046.376982  18349.929509  17371.373839   -218.754813  3  3  4  50       
PG16  22129.445027  -2141.819221  14643.509745   -180.529455  8  1  6  80       
PG17 -13649.629669 -16401.507236 -15423.251838    293.232025  7  3  5  72       
PG18   2782.876730  16744.836003  20408.701467    241.781255  6  5  6  69       
PG19 -15067.155252  -8570.160678 -20437.939723   -134.393957  8  5  6  84       
PG20  14265.133585  14658.107033  16983.974757    527.325440  5  2  5  35       
PG21  16001.351596   4845.583153  21354.135579     21.546703  4  3  5  77       
PG22  13825.256032 -11835.272662 -19092.633150   -773.215252  6  3  2           
PG24 -13218.586955  21886.628285  -6633.845864    -15.413780  6  1  4  76       
PG25   5225.014713  16296.191785 -20616.555661     21.378856  4  5  4  60       
PG26  26178.046783   4472.954738   2553.438233    240.168290  9  6  6  53       
PG27  13775.603632  -5565.513207  21852.540900   -341.394195  5  2  2  67       
PG28 -22083.024889 -13289.369318   6656.645050    701.226173  4  4  5  72       
PG29   2818.766805  26233.792210  -2922.021304 999999.999999
PG30 -13182.091068  -9076.518649  21263.138469   -258.453756  3  1  3  50       
PG31  19667.272074   -849.248700 -18079.297145    -54.452972  5  2  4  64       
PG32  15425.843364  14718.140061 -15846.864943    314.072260  4  5  3  65       
*  2020  7  9 11 45  0.00000000
PG01  13710.490024 -21614.654514  -6626.917849     23.334882  5  2  4  54       
PG02 -20016.940898  10899.087824 -12960.384516   -484.612938  7  4  5  59       
PG03   8174.922947 -13421.237952 -21468.796636   -234.353069 14 11  5  83       
PG04   2038.604544 -23498.366429 -12165.891833   -112.591612  5  8  6  73       
PG05 -24561.759308   2729.311323   9850.684362    -16.303085  6  2  5  46       
PG06 -16657.404815  -2057.859669 -20544.080886   -300.643391  8  2  4  73       
PG07  -1867.406436 -18275.025472  19320.570583   -323.224839  2  2  3  89       
PG08   9293.873685 -14889.695260  19864.850859    -40.381978  6  3  3  81       
PG09  -7503.179272 -25419.013219  -1652.902867   -250.605694  6  3  3  88       
PG10  21697.291190  11747.244658  10234.498594   -394.666736 12  8 11  67       
PG11  12027.063096 -22492.529488   7492.378206   -226.071202  5  3  3  90       
PG12  -9068.328592  12638.307982 -21742.786499     95.970908  7  3  4  75       
PG13 -13914.189696   6394.253355  21573.957823     25.210446  5  3  5  89       
PG14  15797.699547   9786.465175 -18693.528691      0.033553  6  4     65       
PG15  -8050.146051  16437.005950  18801.493462   -218.752590  3  3  4  87       
PG16  23560.589844  -1503.278583  12386.202737   -180.533754  8  1  5  44       
PG17 -13880.743891 -18092.924624 -13233.148575    293.237312  7  3  5  42       
PG18   1099.444548  18270.958171  19223.460331    241.789984  6  5  6  72       
PG19 -15380.661066 -10747.213280 -19116.805691   -134.389478  8  5  6  50       
PG20  12212.436819  14612.016595  18525.072706    527.325292  5     5  47       
PG21  14554.740216   6665.813839  21937.022438     21.550595  4  3  5  80       
PG22  15930.428352 -11329.091623 -17711.587926   -773.212779  7  3  2  52       
PG24 -13859.867070  22115.026842  -3894.545520    -15.413494  6  2  4  71       
PG25   2929.598306  15787.387176 -21436.507213     21.382589  3  5  4  54       
PG26  26252.754055   4773.081612   -256.381343    240.174485  8  6  5  67       
PG27  14499.047732  -3140.508196  21896.654986   -341.402823  6  2  2  56       
PG28 -21218.679069 -13195.824846   9357.180307    701.222920  4  3  5  84       
PG29   2535.423850  25792.356618  -5771.270218 999999.999999
PG30 -11444.171733 -10790.482301  21448.775850   -258.460704  3  2  2  79       
PG31  18230.639610    725.916474 -19496.301590    -54.455110  4  2  5  57       
PG32  15732.537761  16405.083013 -13777.438437    314.077910  3  5  3  80       
*  2020  7  9 12  0  0.00000000
PG01  14246.836293 -21911.612407  -3794.804909     23.339172  5  2  4  14       
PG02 -19185.994197   9391.702498 -15117.123140   -484.617994  7  4  6  90       
PG03  10525.752902 -12936.662299 -20717.935351   -234.363570 14 11  7  49       
PG04   2708.924045 -22113.508557 -14422.672088   -112.595814  5  8  6  65       
PG05 -25508.967069   2347.223582   7252.230908    -16.304157  7  3  4  81       
PG06 -15155.839826  -3937.516316 -21408.286498   -300.648156  8  3  4  82       
PG07   -385.276837 -19751.619270  17830.428407   -323.232779  2  2  3  91       
PG08  10212.995690 -12741.700501  20903.959300    -40.383143  6  3  2  63       
PG09  -7121.062520 -25195.200680  -4464.431575   -250.611601  6  4  2  78       
PG10  20394.922154  11708.585944  12665.528175   -394.676385 11  8 11  72       
PG11  12118.300947 -21383.793576   9980.162361   -226.061578  5  4  3  75       
PG12 -11376.174206  12001.323874 -20984.320367     95.966326  7  3  4  92       
PG13 -14483.840572   3954.575120  21790.730149     25.213364  5  4  4  89       
PG14  16218.131959  11856.479882 -17114.068092      0.036112  6  4     44       
PG15  -9201.506094  14442.732938  19896.088200   -218.750350  3  4  4  49       
PG16  24765.494894  -1018.815348   9918.088174   -180.537940  8  2  4  75       
PG17 -14131.485929 -19511.848190 -10810.210385    293.242262  7  4  4  67       
PG18   -399.441740  19769.473339  17706.821852    241.798704  7  4  7  59       
PG19 -15776.273566 -12743.367002 -17474.967315   -134.385002  8  4  6  37       
PG20  10002.021031  14657.429321  19747.647768    527.324940  5     5  43       
PG21  13182.389805   8592.577525  22166.731807     21.554654  5  3  5  72       
PG22  17882.870626 -10939.084238 -16019.433476   -773.210436  7  3  3  67       
PG24 -14301.805481  22121.178687  -1086.921045    -15.414414  6  2  4  69       
PG25    537.972160  15389.296512 -21896.719710     21.386314  3  5  4  85       
PG26  26030.372561   5022.338819  -3061.850880    240.180554  8  6  4  61       
PG27  15346.627333   -777.450478  21559.246004   -341.411464  6  2  2  59       
PG28 -20070.296555 -13067.058044  11898.904838    701.220020  3  3  6  66       
PG29   2142.179038  25061.438431  -8521.120865 999999.999999
PG30  -9790.011560 -12588.688742  21266.916401   -258.467739  4  2  1  85       
PG31  16782.228827   2481.486487 -20583.104814    -54.456939  4  2  5  82       
PG32  16041.596484  17840.080376 -11471.403707    314.083619  3  5  3  66       
*  2020  7  9 12 15  0.00000000
PG01  14571.035506 -21975.340303   -896.287635     23.343522  4  1  3  72       
PG02 -18306.003521   7643.151493 -17001.877895   -484.623177  7  4  6  84       
PG03  12795.924256 -12589.492566 -19612.042838   -234.374061 15 11  7  96       
PG04   3538.515003 -20540.458663 -16430.674769   -112.600011  5  8  6  55       
PG05 -26174.701175   2041.066831   4529.825795    -16.304879  7  3  4  32       
PG06 -13713.738136  -5959.466462 -21902.617587   -300.652936  8  3  4  82       
PG07    912.303495 -21157.526779  16035.262300   -323.240622  2  2  3  92       
PG08  11284.070920 -10558.945658  21581.992864    -40.384234  6  4  2  78       
PG09  -6599.935128 -24704.961428  -7199.125914   -250.617473  7  4  2  79       
PG10  18832.331909  11710.226610  14882.236446   -394.686129 11  8 11  44       
PG11  12215.245265 -20009.624385  12295.506783   -226.051841  6  4  4  76       
PG12 -13614.425449  11511.611789 -19871.079881     95.961612  7  4  4  70       
PG13 -15182.132882   1546.351432  21628.398887     25.216234  6  4  4  83       
PG14  16681.461229  13711.230486 -15234.401296      0.038642  6  4     37       
PG15 -10492.724423  12413.416347  20636.126369   -218.748073  2  5  3  67       
PG16  25711.959126   -662.817689   7281.853302   -180.542293  8  2  3  34       
PG17 -14362.683004 -20640.935528  -8197.917642    293.247388  7  4  4  74       
PG18  -1700.916904  21195.807128  15884.884816    241.807422  7  3  6  56       
PG19 -16222.546694 -14524.558793 -15539.434231   -134.380416  7  4  6  75       
PG20   7675.214753  14811.255311  20629.983355    527.324900  5     5  72       
PG21  11912.922653  10591.866850  22040.622393     21.558754  5  3  4  50       
PG22  19642.682940 -10647.829631 -14046.034074   -773.208470  7  3  3  71       
PG24 -14568.758573  21879.335550   1739.809796    -15.413696  6  2  4  66       
PG25  -1904.491186  15116.152237 -21988.891609     21.390052  4  5  4  55       
PG26  25509.522327   5256.726133  -5815.363975    240.186684  7  6  3  52       
PG27  16296.820310   1477.661038  20847.287928   -341.420094  6  1  2  46       
PG28 -18652.735830 -12942.567245  14240.031133    701.216653  4  3  6  81       
PG29   1607.770980  24067.268266 -11124.354215 999999.999999
PG30  -8249.244409 -14434.677750  20720.018658   -258.474723  4  2     79       
PG31  15361.641663   4394.054397 -21320.195605    -54.459218  4  2  5  70       
PG32  16315.294765  19007.266574  -8968.660755    314.089324  2  5  3  81       
*  2020  7  9 12 30  0.00000000
PG01  14710.507160 -21777.701237   2017.943933     23.347831  5     3  57       
PG02 -17417.844157   5672.971457 -18579.261168   -484.628745  7  5  6  97       
PG03  14938.566350 -12370.265263 -18169.692924   -234.384504 15 10  7  43       
PG04   4538.596506 -18821.333122 -18155.298850   -112.604164  5  8  6  38       
PG05 -26543.611952   1776.827319   1730.152496    -16.305741  7  4  4  53       
PG06 -12366.047477  -8087.274573 -22018.369119   -300.657683  7  4  4  87       
PG07   2020.826873 -22448.149945  13964.267731   -323.248324  3  2  3  79       
PG08  12495.010477  -8389.348470  21888.013743    -40.384676  6  3  2  69       
PG09  -5913.334373 -23974.909856  -9809.993394   -250.623386  7  4  3  75       
PG10  17036.579960  11784.499223  16847.019824   -394.695808 10  8 10  53       
PG11  12348.990287 -18388.505918  14397.090757   -226.042478  6  3  4  77       
PG12 -15735.373224  11162.631700 -18421.131434     95.957265  7  4  4  78       
PG13 -15992.890266   -782.961228  21090.122211     25.219361  6  4  3  95       
PG14  17152.629080  15323.738410 -13088.546539      0.041318  6  3  1  47       
PG15 -11908.330228  10394.344847  21009.163407   -218.745632  2  5  3  84       
PG16  26374.807978   -404.214374   4522.647985   -180.546754  8  3  3  73       
PG17 -14533.864710 -21472.215264  -5442.707110    293.252527  7  4  3  35       
PG18  -2800.540108  22505.187215  13789.029448    241.816125  7  2  6  75       
PG19 -16683.240887 -16063.651537 -13342.156761   -134.375872  7  4  5  62       
PG20   5276.773059  15083.338425  21156.153847    527.325226  5     4  53       
PG21  10768.663193  12625.469840  21561.375860     21.563270  5  3  3  51       
PG22  21175.369818 -10431.765799 -11826.244500   -773.206253  7  3  4  64       
PG24 -14690.401570  21370.762688   4535.834756    -15.414362  6  2  4  46       
PG25  -4350.280443  14974.431142 -21710.742967     21.393807  4  5  5  76       
PG26  24697.224818   5512.042555  -8470.198032    240.192804  6  6  2  50       
PG27  17321.171127   3583.763792  19774.259949   -341.428748  6     3  71       
PG28 -16988.834250 -12859.199823  16342.616067    701.213684  4  3  6  78       
PG29    906.790660  22843.225297 -13536.186942 999999.999999
PG30  -6845.064444 -16287.774479  19816.809273   -258.481723  4  3     93       
PG31  14004.669621   6433.047677 -21693.819148    -54.461442  4  2  5  64       
PG32  16514.835399  19899.298641  -6312.347852    314.095036  1  5  3  73       
*  2020  7  9 12 45  0.00000000
PG01  14698.387799 -21298.149211   4896.617214     23.352145  5  1  4  67       
PG02 -16559.788087   3509.370686 -19819.422831   -484.633930  7  5  6  82       
PG03  16910.093831 -12261.923407 -16415.262955   -234.394946 15  9  7  95       
PG04   5712.460428 -17001.100936 -19566.850246   -112.608344  5  7  7  74       
PG05 -26608.711649   1518.463152  -1098.986315    -16.306721  7  4  4  70       
PG06 -11141.367484 -10278.930168 -21753.400602   -300.662486  7  4  4 101       
PG07   2943.785743 -23580.035765  11651.737415   -323.255999  3  3  2  78       
PG08  13825.859575  -6278.396203  21817.537516    -40.384781  6  4  3           
PG09  -5040.825911 -23037.826917 -12252.227968   -250.629331  7  4  3  85       
PG10  15041.537536  11958.757050  18526.434415   -394.705443  9  8 10  53       
PG11  12547.227697 -16546.380652  16246.860903   -226.032994  6  3  4  63       
PG12 -17693.933193  10939.942350 -16658.258770     95.952723  7  4  5  61       
PG13 -16892.538850  -2989.628201  20185.642269     25.222163  7  4  3  88       
PG14  17593.608413  16675.326030 -10714.948884      0.043717  5  3  1  45       
PG15 -13425.614284   8428.118515  21009.532361   -218.743357  3  5  3  95       
PG16  26736.745689   -207.873601   1687.325460   -180.551121  8  4  2  70       
PG17 -14605.003725 -22007.157094  -2593.072889    293.257936  6  4  3  77       
PG18  -3702.270963  23654.333834  11455.376043    241.824865  7  3  6  57       
PG19 -17118.742965 -17341.310284 -10919.566677   -134.371375  7  4  5  86       
PG20   2853.348837  15475.975772  21316.348791    527.324816  4     4  59       
PG21   9764.977484  14652.184353  20736.922157     21.567220  5  4  2  16       
PG22  22453.050069 -10262.287877  -9399.247433   -773.203823  7  2  4  93       
PG24 -14700.388717  20584.643942   7251.686212    -15.414793  6  2  5  59       
PG25  -6751.327582  14962.596119 -21066.099427     21.397543  5  5  5  71       
PG26  23608.690895   5822.338688 -10981.274363    240.198887  6  6  2  67       
PG27  18385.406195   5506.098915  18359.830059   -341.437342  6     3  57       
PG28 -15108.595475 -12849.684138  18173.052584    701.210561  4  2  6  90       
PG29     20.668114  21428.505788 -15715.275119 999999.999999
PG30  -5593.462717 -18104.511807  18572.180127   -258.488690  4  2     94       
PG31  12741.979595   8561.662695 -21696.283623    -54.463467  4  2  5  69       
PG32  16601.962593  20517.453568  -3548.094628    314.100722  1  5  3  77       
*  2020  7  9 13  0  0.00000000
PG01  14572.068955 -20524.714276   7688.837617     23.356478  6  2  3  76       
PG02 -15765.876366   1188.350208 -20698.764094   -484.639120  7  5  6  88       
PG03  18671.726158 -12240.565935 -14378.545247   -234.405398 15  8  8  80       
PG04   7055.165160 -15125.932974 -20641.053140   -112.612633  5  7  7  60       
PG05 -26371.580536   1229.480492  -3909.465856    -16.307313  7  4  4  71       
PG06 -10060.934953 -12488.302276 -21112.183110   -300.667256  7  4  4  79       
PG07   3692.422365 -24512.550482   9136.569714   -323.264104  4  3  2  84       
PG08  15249.485333  -4267.566659  21372.556428    -40.386615  6  4  3  56       
PG09  -3968.986783 -21931.368016 -14483.973040   -250.635174  7  4  3  72       
PG10  12886.762052  12254.204282  19891.746111   -394.715127  8  8 10  10       
PG11  12832.961897 -14515.873454  17810.812102   -226.023380  6  3  4  72       
PG12 -19449.215867  10821.828130 -14611.632887     95.948266  7  5  5  75       
PG13 -17851.010610  -5035.135603  18931.084504     25.225179  7  5  2  82       
PG14  17965.005680  17756.089896  -8155.715404      0.046393  5  3  1  42       
PG15 -15015.434888   6553.111861  20638.384720   -218.741056  4  5  3  63       
PG16  26788.919630    -36.135949  -1176.319589   -180.555487  8  4  3  66       
PG17 -14538.219510 -22256.377835    301.338573    293.263010  5  4  2  81       
PG18  -4418.116905  24603.106169   8924.159998    241.833538  6  4  4  65       
PG19 -17487.633925 -18346.602511  -8312.042921   -134.366785  7  4  5  94       
PG20    451.884066  15983.741576  21107.093382    527.324908  4  1  3  49       
PG21   8909.852105  16629.132187  19580.324038     21.571697  5  4  2  42       
PG22  23455.406494 -10107.055030  -6807.810081   -773.201432  7  2  3  89       
PG24 -14634.848675  19518.679893   9839.188141    -15.415276  6  2  5  69       
PG25  -9060.623002  15071.144682 -20064.889413     21.401294  6  5  5  52       
PG26  22266.814205   6218.438131 -13305.893409    240.204962  5  6  2  73       
PG27  19450.777786   7217.317030  16629.434947   -341.445962  6  1  2  28       
PG28 -13048.143187 -12941.350359  19702.475254    701.207299  4  3  6  83       
PG29  -1061.355392  19866.661686 -17624.325797 999999.999999
PG30  -4502.746152 -19840.180354  17006.977583   -258.495692  4  2  2  81       
PG31  11597.991485  10738.052317 -21326.176620    -54.465775  5  2  5  57       
PG32  16540.557513  20871.404939   -723.242249    314.106407  1  5  3  79       
*  2020  7  9 13 15  0.00000000
PG01  14371.556276 -19454.656478  10345.060043     23.360831  7  3  4  58       
PG02 -15064.471425  -1247.526402 -21200.512308   -484.644227  7  5  6  83       
PG03  20190.835688 -12276.475077 -12094.262361   -234.415903 15  7  8  83       
PG04   8553.555447 -13241.517509 -21359.465879   -112.616791  6  7  7  77       
PG05 -25842.262332    874.518245  -6653.629761    -16.308139  7  4  4  92       
PG06  -9137.906869 -14666.763560 -20105.728728   -300.672019  7  5  4  90       
PG07   4285.165310 -25209.488083   6461.668146   -323.271883  4  4  2  70       
PG08  16732.547059  -2392.921509  20561.452068    -40.387727  6  4  3  73       
PG09  -2692.116995 -20696.599059 -16467.030134   -250.641089  7  4  4  80       
PG10  10616.164753  12684.962617  20919.412780   -394.724906  8  8  9  68       
PG11  13223.399527 -12335.239166  19059.721670   -226.013665  6  3  4  66       
PG12 -20965.960620  10780.216132 -12315.389801     95.943960  6  5  5  88       
PG13 -18832.912245  -6887.476631  17348.641829     25.227987  7  5  3  86       
PG14  18227.705931  18565.028648  -5455.806480      0.049097  5  2  2  73       
PG15 -16643.291622   4802.134733  19903.585627   -218.738925  5  5  4  63       
PG16  26531.182194    149.576286  -4020.305757   -180.559798  8  4  4  71       
PG17 -14299.377609 -22239.005942   3190.619626    293.268622  5  4  2  70       
PG18  -4967.466272  25316.040528   6239.034178    241.842310  5  5  3  72       
PG19 -17748.349870 -19077.297278  -5563.305403   -134.362214  6  4  4  88       
PG20  -1882.017287  16593.626024  20531.357925    527.325294  3  3  3  54       
PG21   8203.723485  18513.134466  18109.621382     21.575529  5  4  2  42       
PG22  24170.338500  -9931.449978  -4097.477811   -773.199526  7  2  4  88       
PG24 -14530.778409  18179.349701  12252.387610    -15.416175  6  2  5  79       
PG25 -11233.807020  15282.966543 -18723.050675     21.405134  6  5  5  42       
PG26  20701.388068   6726.583038 -15404.435019    240.211084  5  6  3  77       
PG27  20475.580140   8698.284887  14613.768886   -341.454621  6  2  2  58       
PG28 -10848.483768 -13155.077840  20907.083925    701.203997  4  2  6  72       
PG29  -2341.629167  18203.963158 -19230.724418 999999.999999
PG30  -3573.359906 -21450.447871  15147.684264   -258.502623  4  2  2  81       
PG31  10589.993705  12916.727608 -20588.482276    -54.467956  4  3  5  36       
PG32  16298.154858  20978.690286   2113.956260    314.112068  2  5  3  75       
*  2020  7  9 13 30  0.00000000
PG01  14137.718059 -18094.755764  12818.047677     23.365177  7  4  3  52       
PG02 -14477.060816  -3750.663085 -21315.132976   -484.648967  6  5  6  97       
PG03  21442.071798 -12335.383460  -9601.492482   -234.426401 15  6  7  65       
PG04  10186.607915 -11391.407083 -21709.794571   -112.620913  6  6  7  75       
PG05 -25038.855809    420.881890  -9285.062894    -16.308733  6  5  4  81       
PG06  -8376.969381 -16764.921307 -18751.403150   -300.676802  7  5  3  82       
PG07   4746.766851 -25640.545761   3673.236446   -323.279865  5  4  2  88       
PG08  18236.709189   -683.922800  19398.802539    -40.388415  6  4  3  73       
PG09  -1212.652453 -19376.417592 -18167.501876   -250.646994  6  4  4  64       
PG10   8276.518574  13257.410028  21591.491236   -394.734577  8  8  9  47       
PG11  13729.066642 -10047.068320  19969.814045   -226.004441  6  4  4  84       
PG12 -22215.778628  10781.853218  -9808.117966     95.938967  7  6  6  87       
PG13 -19798.911496  -8522.176543  15466.151695     25.231096  7  5  3  83       
PG14  18344.493967  19109.829731  -2662.202528      0.051649  4  2  2  45       
PG15 -18270.617367   3201.343850  18819.471974   -218.736543  6  6  4  89       
PG16  25972.046258    387.131875  -6797.204091   -180.563945  8  5  4  72       
PG17 -13859.524361 -21981.739642   6025.461663    293.274020  4  4  2  63       
PG18  -5376.133802  25763.720313   3446.310937    241.850997  6  6  3  87       
PG19 -17860.876524 -19539.847991  -2719.741369   -134.357668  6  5  4  86       
PG20  -4105.671290  17285.487191  19598.550936    527.324646  2  3  4  64       
PG21   7639.563068  20262.108657  16347.634184     21.580064  4  4  3  60       
PG22  24594.293808  -9700.129213  -1315.723699   -773.196979  7  2  4  73       
PG24 -14424.404412  16581.822074  14448.447146    -15.416249  6  1  5  57       
PG25 -13230.680320  15574.001870 -17062.342863     21.408853  7  5  5  71       
PG26  18948.073782   7367.254632 -17241.014042    240.217188  4  5  3  66       
PG27  21416.776269   9938.567981  12348.195153   -341.463380  5  3  2  46       
PG28  -8554.124180 -13504.497543  21768.390617    701.200711  5  2  5  97       
PG29  -3813.823424  16487.672792 -20507.079375 999999.999999
PG30  -2798.022522 -22892.985873  13025.995863   -258.509643  4  2  2  96       
PG31   9727.535114  15050.125075 -19494.590962    -54.470010  4  3  5  64       
PG32  15847.323427  20863.891909   4915.142771    314.117722  2  5  3  61       
*  2020  7  9 13 45  0.00000000
PG01  13910.497767 -16461.220894  15063.793731     23.369548  7  4  4  86       
PG02 -14017.372073  -6270.192621 -21040.561624   -484.654118  6  5  6 102       
PG03  22408.216458 -12379.932898  -6943.013096   -234.436892 14  6  7  89       
PG04  11926.089182  -9615.460364 -21686.099329   -112.625028  6  6  8  87       
PG05 -23986.820154   -160.030072 -11759.336267    -16.309633  6  5  5  92       
PG06  -7774.287961 -18734.388038 -17072.624436   -300.681582  6  5  3  80       
PG07   5107.168817 -25782.601117    819.977840   -323.287705  5  4  3  83       
PG08  19720.048582    837.485868  17905.090575    -40.389700  6  4  3  48       
PG09    458.736378 -18013.919942 -19556.359234   -250.652897  6  4  4  77       
PG10   5915.859327  13969.818177  21895.962059   -394.744293  8  7  9  65       
PG11  14353.199188  -7696.798275  20523.332964   -225.994795  6  4  3  73       
PG12 -23178.155323  10789.702507  -7132.259018     95.934710  7  6  6  88       
PG13 -20707.284587  -9923.018633  13316.576076     25.234074  7  5  3  71       
PG14  18281.588534  19406.332369    176.935992      0.054314  4  2  2  57       
PG15 -19856.230618   1769.444836  17406.485644   -218.734054  6  6  4  88       
PG16  25128.340257    712.102972  -9460.854593   -180.568272  8  5  4  83       
PG17 -13196.106094 -21517.644081   8757.970438    293.278875  4  4  2  73       
PG18  -5675.156573  25923.924275    594.157329    241.859693  7  8  4  72       
PG19 -17788.414695 -19749.054274    170.329451   -134.352806  5  4  4  38       
PG20  -6180.788285  18032.801283  18324.392828    527.324494  3  4  4  75       
PG21   7203.217948  21836.446640  14321.721579     21.583976  4  4  4  65       
PG22  24732.269371  -9378.598983   1488.926612   -773.194957  7  3  4  94       
PG24 -14349.582283  14749.516783  16388.475027    -15.415119  6  2  5  73       
PG25 -15016.577203  15914.180929 -15110.063654     21.412561  7  6  5  86       
PG26  17047.157183   8154.213534 -18784.081715    240.223310  4  5  3  61       
PG27  22231.671414  10936.577356   9872.093866   -341.472073  5  3  2  66       
PG28  -6211.593318 -13995.469015  22273.395071    701.197913  5  3  6  82       
PG29  -5462.998017  14764.297710 -21431.675572 999999.999999
PG30  -2162.171016 -24129.039927  10678.297799   -258.516618  4  2  3  97       
PG31   9012.122468  17090.282665 -18062.194753    -54.472209  4  3  5  78       
PG32  15166.859278  20557.564158   7632.655503    314.123361  3  5  3  57       
*  2020  7  9 14  0  0.00000000
PG01  13727.167800 -14579.217607  17042.382160     23.373939  7  5  3  72       
PG02 -13690.842480  -8753.887302 -20382.245881   -484.659256  6  5  5 101       
PG03  23080.736575 -12371.268737  -4164.573052   -234.447383 14  7  6  94       
PG04  13737.501288  -7948.438684 -21288.890095   -112.629238  6  5  8  74       
PG05 -22718.021431   -891.459082 -14034.714693    -16.310593  6  5  5  81       
PG06  -7317.800387 -20529.522711 -15098.453155   -300.686368  6  5  3  95       
PG07   5400.137932 -25620.731377  -2047.788306   -323.295553  6  4  3  97       
PG08  21138.601462   2157.502589  16106.320222    -40.390083  6  4  4  55       
PG09   2303.363666 -16650.776909 -20609.924457   -250.658785  5  4  5  90       
PG10   3581.837645  14812.304667  21826.965840   -394.754071  8  6  9  71       
PG11  15091.441688  -5331.088492  20708.999166   -225.985051  6  4  3  62       
PG12 -23841.170149  10764.509043  -4333.427402     95.930095  6  6  7  80       
PG13 -21515.562652 -11082.445907  10937.396036     25.236866  6  5  4  84       
PG14  18010.032418  19477.696144   3013.099273      0.056761  3  1  2  73       
PG15 -21357.885039    517.210567  15690.697044   -218.731832  6  6  5  66       
PG16  24024.578391   1156.271764 -11967.054048   -180.572563  7  5  4  56       
PG17 -12293.932366 -20884.740524  11342.425473    293.284393  4  4  3  67       
PG18  -5899.388219  25782.508206  -2268.242049    241.868313  7  8  6  91       
PG19 -17498.953070 -19727.410071   3057.442742   -134.348192  4  4  4  42       
PG20  -8074.780032  18803.683908  16730.669690    527.324731  4  5  5  65       
PG21   6874.000581  23200.332912  12063.492978     21.588284  3  3  4  69       
PG22  24597.485670  -8934.752146   4267.775560   -773.192508  7  3  4  85       
PG24 -14336.304284  12713.334172  18038.272295    -15.414742  6  2  5  79       
PG25 -16563.548734  16268.615001 -12898.667213     21.416321  7  6  5  88       
PG26  15042.138073   9093.797108 -20006.963699    240.229460  4  5  3  69       
PG27  22879.569147  11699.381744   7228.160004   -341.480840  4  4  2  71       
PG28  -3867.915848 -14625.842652  22414.694104    701.194737  5  4  5  93       
PG29  -7266.006557  13077.886212 -21988.830504 999999.999999
PG30  -1644.700508 -25124.881051   8145.048988   -258.523595  5  2  3  98       
PG31   8437.241260  18990.561327 -16315.063921    -54.474527  4  4  5  61       
PG32  14242.747400  20094.949067  10220.313353    314.129018  3  5  4  80       
*  2020  7  9 14 15  0.00000000
PG01  13620.700683 -12482.033835  18718.764837     23.378350  7  5  3  88       
PG02 -13494.468683 -11150.128719 -19352.996560   -484.664437  5  5  5 106       
PG03  23460.009941 -12270.707534  -1314.104898   -234.457872 14  7  5  89       
PG04  15581.278080  -6418.810765 -20525.110862   -112.633381  6  5  8  92       
PG05 -21269.556246  -1790.224735 -16072.818713    -16.311141  6  5  5 107       
PG06  -6987.840514 -22109.074533 -12863.081330   -300.691118  6  5  2  97       
PG07   5661.723887 -25148.923772  -4879.074870   -323.303534  6  4  3  70       
PG08  22447.991050   3270.775343  14033.550507    -40.391148  6  4  4  72       
PG09   4295.056821 -15325.679802 -21310.262643   -250.664654  5  4  5  89       
PG10   1320.081679  15767.105136  21384.945017   -394.763787  8  4  8  70       
PG11  15931.875667  -2996.127651  20522.333971   -225.975106  6  4  3  70       
PG12 -24201.901359  10666.476432  -1459.656983     95.925862  6  6  7  97       
PG13 -22182.211835 -12001.626328   8369.933791     25.239851  6  5  4  94       
PG14  17506.889003  19353.314384   5798.235776      0.059097  3  2  2  68       
PG15 -22733.851253   -552.673009  13703.235978   -218.729487  6  6  5  87       
PG16  22692.070101   1746.282221 -14274.209970   -180.576542  6  6  3  75       
PG17 -11145.854113 -20124.445772  13735.975552    293.289608  4  4  3  61       
PG18  -6085.947179  25333.985643  -5091.539493    241.876992  8  9  7  83       
PG19 -16966.685967 -19504.157056   5891.820237   -134.343747  4  5  4  60       
PG20  -9761.846492  19562.143359  14844.869501    527.324346  4  5  5  59       
PG21   6625.514878  24322.962093   9608.466386     21.592102  4  3  5  58       
PG22  24210.751995  -8340.303824   6972.821498   -773.190324  7  3  5 107       
PG24 -14409.379588  10510.585359  19368.977947    -15.414675  6  2  5  83       
PG25 -17851.308152  16598.998105 -10465.285409     21.419985  7  7  4 100       
PG26  12978.203484  10184.502154 -20888.325975    240.235621  4  5  3  67       
PG27  23323.348481  12242.198420   4461.664996   -341.489524  3  4  3  84       
PG28  -1569.087098 -15385.509733  22190.529230    701.191623  5  5  6 102       
PG29  -9192.220234  11468.433366 -22169.148061 999999.999999
PG30  -1218.970794 -25853.079452   5470.082451   -258.530594  5  2  3  98       
PG31   7988.705196  20707.344740 -14282.702260    -54.476874  4  4  5  66       
PG32  13068.856641  19514.529545  12634.171907    314.134597  3  5  4  78       
*  2020  7  9 14 30  0.00000000
PG01  13618.328772 -10209.916552  20063.435143     23.382718  7  5  2  79       
PG02 -13417.040747 -13409.843764 -17972.655031   -484.669591  5  5  4 103       
PG03  23555.214234 -12041.412240   1559.108925   -234.468355 14  8  5  96       
PG04  17414.186538  -5047.810890 -19408.013059   -112.637569  7  4  7 103       
PG05 -19682.396056  -2865.906560 -17839.233026    -16.311777  6  6  4 103       
PG06  -6758.067538 -23437.665170 -10405.229630   -300.695869  6  5  2  53       
PG07   5928.603887 -24370.438431  -7623.218626   -323.311206  6  4  3  66       
PG08  23605.074862   4180.387404  11722.355158    -40.391740  5  5  4  69       
PG09   6400.974442 -14072.915619 -21645.476397   -250.670533  4  4  5  70       
PG10   -827.368962  16809.158676  20576.686304   -394.773483  8  3  8  65       
PG11  16855.383939   -735.946237  19965.832841   -225.965857  6  4  3  69       
PG12 -24266.494696  10456.990008   1439.414935     95.921366  6  6  7  89       
PG13 -22668.281243 -12690.182812   5658.616104     25.242501  5  5  4  88       
PG14  16756.204994  19067.519346   8485.525211      0.061803  3  2  2  64       
PG15 -23944.467044  -1445.436524  11479.647879   -218.727267  6  6  4  90       
PG16  21167.800738   2502.482440 -16343.956038   -180.580593  6  6  3  77       
PG17  -9753.138978 -19279.922469  15899.264888    293.294837  4  4  3  87       
PG18  -6272.580420  24581.784989  -7827.080566    241.885813  8 10  8  85       
PG19 -16173.217429 -19114.074395   8624.230562   -134.339353  4  5  4  70       
PG20 -11223.797443  20269.516637  12699.706030    527.324341  5  6  5  64       
PG21   6426.699289  25179.615749   6995.668488     21.596601  4  3  5  58       
PG22  23599.552576  -7572.069293   9557.596791   -773.188264  6  3  5  91       
PG24 -14587.343740   8183.669326  20357.597183    -15.414565  6  2  5  79       
PG25 -18867.898275  16865.169633  -7851.154323     21.423814  7  7  3  86       
PG26  10900.640408  11416.871172 -21412.560324    240.241818  4  5  4  61       
PG27  23530.904817  12587.587450   1619.694471   -341.498228  2  4  3  48       
PG28    641.403760 -16256.734894  21604.775995    701.188415  4  5  6  96       
PG29 -11204.543679   9970.455463 -21969.666865 999999.999999
PG30   -854.040838 -26293.548131   2699.834873   -258.537589  5  3  3  89       
PG31   7645.325984  22201.648364 -11999.882126    -54.478840  4  5  5  71       
PG32  11647.342480  18856.474771  14833.240624    314.140285  3  5  4  62       
*  2020  7  9 14 45  0.00000000
PG01  13740.354914  -7808.629973  21052.981251     23.387071  7  5  1  68       
PG02 -13439.744840 -15488.317068 -16267.592048   -484.674678  5  4  3  96       
PG03  23383.881904 -11650.007981   4405.301011   -234.478877 13  9  6  70       
PG04  19190.879135  -3848.785826 -17956.920686   -112.641740  7  4  7  90       
PG05 -17999.901464  -4120.298961 -19304.054391    -16.312379  6  5  4 101       
PG06  -6596.663276 -24487.051533  -7767.464072   -300.700601  6  5  2  40       
PG07   6236.384986 -23297.800145 -10230.889968   -323.319263  6  3  3 105       
PG08  24569.550725   4897.523945   9212.217855    -40.393283  5  5  4  57       
PG09   8582.682713 -12921.124949 -21609.899562   -250.676393  4  4  5  79       
PG10  -2823.499054  17906.988332  19415.259690   -394.783134  9  4  8  67       
PG11  17836.340320   1409.189733  19048.977916   -225.956259  6  4  3  56       
PG12 -24049.887663  10100.318222   4313.413117     95.917057  6  6  7  78       
PG13 -22938.955071 -13165.602185   2850.193335     25.245713  5  5  4  96       
PG14  15749.708902  18658.131728  11030.107621      0.064547  3  2  2  54       
PG15 -24953.595912  -2173.748434   9059.193562   -218.725017  6  6  4  99       
PG16  19493.122069   3437.996773 -18141.724626   -180.584944  5  6  2  68       
PG17  -8125.537283 -18394.401376  17796.986846    293.300197  4  4  3  81       
PG18  -6496.007285  23538.173134 -10427.747019    241.894523  8 10  9  66       
PG19 -15108.499341 -18596.047318  11206.865531   -134.334508  4  5  4  63       
PG20 -12450.574746  20886.030619  10332.538621    527.323860  5  6  5  63       
PG21   6243.060501  25752.560133   4267.171052     21.601038  4  3  4  33       
PG22  22796.893948  -6613.035181  11977.961036   -773.185969  6  4  5  97       
PG24 -14881.642916   5778.554201  20987.401576    -15.414843  6  3  4  68       
PG25 -19610.050055  17026.780022  -5100.951092     21.427733  7  7  3  91       
PG26   8853.246492  12773.689531 -21570.081728    240.247987  4  5  4  84       
PG27  23476.403800  12764.383807  -1249.626005   -341.506937  2  3  3  52       
PG28   2723.957123 -17214.758341  20666.877300    701.185151  3  6  6  90       
PG29 -13260.684273   8611.786646 -21393.901545 999999.999999
PG30   -516.082229 -26434.312637   -117.480537   -258.544604  5  3  3  97       
PG31   7379.881174  23440.570452  -9506.063599    -54.481346  4  5  5  49       
PG32   9988.742893  18161.035984  16780.151394    314.145961  3  5  4  69       
*  2020  7  9 15  0  0.00000000
PG01  13999.264657  -5327.797353  21670.506452     23.391466  6  5  1  76       
PG02 -13537.099889 -17346.798644 -14270.059861   -484.680048  5  3  3  93       
PG03  22971.137174 -11068.073310   7175.098919   -234.489419 13 10  7  68       
PG04  20865.537614  -2826.854563 -16196.891651   -112.645957  7  3  7  87       
PG05 -16266.260092  -5547.159469 -20442.372491    -16.312962  6  5  4  97       
PG06  -6467.749276 -25237.120110  -4995.445144   -300.705368  5  4  3  74       
PG07   6617.939820 -21952.412466 -12655.093140   -323.326915  6  2  3  57       
PG08  25305.462786   5440.835178   6545.872759    -40.393878  5  5  4  37       
PG09  10797.449818 -11892.289122 -21204.187509   -250.682287  3  4  4  75       
PG10  -4637.568192  19023.847011  17919.851333   -394.792851  9  6  7  76       
PG11  18843.597731   3404.230374  17788.084473   -225.946242  6  4  3  52       
PG12 -23575.194987   9565.222952   7112.123952     95.912501  5  6  7  66       
PG13 -22964.949773 -13452.349457     -7.071351     25.248600  5  5  4  95       
PG14  14487.225267  18164.910418  13389.761369      0.067178  3  3  2  56       
PG15 -25729.940108  -2756.955547   6484.110022   -218.722437  6  6  4  78       
PG16  17712.296981   4558.059710 -19637.272071   -180.589507  4  6  2  62       
PG17  -6281.042658 -17509.535003  19398.363819    293.305723  4  4  4  85       
PG18  -6790.308816  22223.848714 -12848.771307    241.903210  7 11  9  76       
PG19 -13771.460082 -17991.467267  13594.215216   -134.329932  4  5  4  63       
PG20 -13440.453395  21372.424874   7784.698929    527.324408  5  7  4  62       
PG21   6038.064044  26031.729203   1467.558848     21.605370  4  3  5  69       
PG22  21839.962396  -5453.184449  14192.836398   -773.183819  5  4  6  81       
PG24 -15296.125559   3343.128031  21248.194317    -15.415523  6  3  4  73       
PG25 -20083.212303  17044.995225  -2262.048756     21.431623  7  7  3  83       
PG26   6876.797988  14230.489509 -21357.530823    240.254288  4  5  5  59       
PG27  23141.304882  12806.410238  -4097.906436   -341.515642  2  3  4  49       
PG28   4644.110797 -18228.648279  19391.721685    701.182392  3  6  6  97       
PG29 -15314.627029   7412.642372 -20451.776907 999999.999999
PG30   -169.914586 -26271.974114  -2932.741702   -258.551603  5  3  3  93       
PG31   7160.344154  24398.522427  -6844.705966    -54.483413  4  5  5  75       
PG32   8111.763615  17466.952353  18441.769415    314.151666  2  5  5  46       
*  2020  7  9 15 15  0.00000000
PG01  14399.176414  -2819.097887  21905.908306     23.395816  6  5  1  80       
PG02 -13678.177439 -18953.838542 -12017.424429   -484.685116  5  3  2 104       
PG03  22348.644395 -10273.446229   9820.403189   -234.499876 12 10  8  58       
PG04  22393.545054  -1978.892777 -14158.281396   -112.650186  7  3  6 102       
PG05 -14524.904147  -7132.260262 -21234.677809    -16.313132  6  5  3  89       
PG06  -6332.966912 -25676.574479  -2137.123495   -300.710118  5  4  3  73       
PG07   7101.851518 -20363.805787 -14852.128253   -323.334798  6  2  3  87       
PG08  25782.552886   5835.521945   3768.600266    -40.395015  4  5  5  49       
PG09  12999.709834 -11000.984325 -20435.302960   -250.688142  2  4  4  86       
PG10  -6246.126483  20119.088445  16115.489189   -394.802587  9  8  7  77       
PG11  19841.732007   5220.571993  16205.982723   -225.936999  6  4  4  62       
PG12 -22872.774847   8826.411091   9786.411507     95.908329  5  6  7  36       
PG13 -22723.703864 -13580.724638  -2864.228229     25.251614  4  5  5  79       
PG14  12976.794906  17627.959784  15525.524681      0.069367  3  4  3  69       
PG15 -26248.162091  -3220.080156   3798.848610   -218.720392  6  6  4  67       
PG16  15870.947246   5859.635462 -20805.152103   -180.593527  4  6  2  70       
PG17  -4245.361092 -16663.838742  20677.553209    293.310888  4  4  4  85       
PG18  -7185.425894  20667.221030 -15048.508321    241.911906  7 11 10  65       
PG19 -12170.291412 -17342.525077  15743.923376   -134.325465  4  5  4  80       
PG20 -14199.912946  21691.569553   5100.738225    527.323566  5  7  3  78       
PG21   5774.640765  26015.161224  -1356.674394     21.608966  4  4  5  74       
PG22  20768.646431  -4090.046256  16164.874272   -773.181812  5  4  6  83       
PG24 -15826.859665    925.489050  21136.438020    -15.416384  6  3  3  60       
PG25 -20301.245599  16884.172095    616.300051     21.435463  7  7  3  75       
PG26   5007.632989  15756.345587 -20777.875524    240.260492  5  5  5  66       
PG27  22515.120196  12751.020326  -6877.259274   -341.524396  1  2  4  59       
PG28   6373.613611 -19262.377506  17799.466293    701.178880  3  6  6  85       
PG29 -17318.259529   6384.984211 -19159.456453 999999.999999
PG30    219.399802 -25811.845256  -5696.808148   -258.558588  5  4  3  88       
PG31   6951.327901  25058.183905  -4062.483609    -54.486046  4  6  6  50       
PG32   6042.760184  16809.926055  19789.738062    314.157353  2  4  5  51       
*  2020  7  9 15 30  0.00000000
PG01  14935.650116   -334.395803  21756.013052     23.400142  6  5  2  86       
PG02 -13828.041659 -20286.296705  -9551.307603   -484.690361  5  2  2  75       
PG03  21553.308900  -9251.291386  12295.246241   -234.510377 12 10  9  80       
PG04  23733.122122  -1293.841405 -11876.216585   -112.654373  8  3  5  93       
PG05 -12816.964596  -8853.742525 -21667.190969    -16.313819  6  5  3  92       
PG06  -6153.157241 -25803.289991    758.102596   -300.714850  5  4  3  94       
PG07   7711.039611 -18568.549269 -16782.486757   -323.342616  6     3 100       
PG08  25977.408556   6112.179253    927.488024    -40.395962  4  5  5  55       
PG09  15142.641307 -10253.930359 -19316.397777   -250.693990  2  4  4  70       
PG10  -7633.754117  21149.713192  14032.662170   -394.812267  9  9  6  66       
PG11  20792.485341   6837.009079  14331.543065   -225.927362  6  4  4  39       
PG12 -21979.009519   7865.764822  12289.130723     95.903459  4  5  7 104       
PG13 -22200.316548 -13585.508494  -5672.468791     25.254466  4  4  5  58       
PG14  11234.501569  17086.151278  17402.256887      0.072021  3  4  3  66       
PG15 -26489.777475  -3592.618602   1049.305309   -218.717824  6  6  4  53       
PG16  14014.456562   7331.338555 -21625.132447   -180.597818  5  6  2  67       
PG17  -2051.110887 -15891.270977  21613.980244    293.316223  4  3  4 106       
PG18  -7705.825160  18903.402832 -16989.150954    241.920641  7 11 10  82       
PG19 -10322.374562 -16690.465002  17617.603754   -134.320855  5  5  4 104       
PG20 -14743.184879  21810.011615   2327.611176    527.323705  6  8  2  94       
PG21   5416.760976  25709.162784  -4157.803218     21.612903  4  5  4  73       
PG22  19623.982956  -2528.953083  17861.044756   -773.179559  4  4  6  89       
PG24 -16462.279227  -1427.753418  20655.246754    -15.417339  6  4  3  54       
PG25 -20285.786726  16513.435518   3483.836930     21.439231  7  8  3  83       
PG26   3276.404526  17314.934127 -19840.407176    240.266737  5  6  6  77       
PG27  21595.883945  12637.526057  -9541.048740   -341.533105     3  4  69       
PG28   7891.290449 -20276.092117  15915.303064    701.175642  3  7  6  73       
PG29 -19223.085799   5532.209262 -17539.068163 999999.999999
PG30    684.967735 -25067.752423  -8361.415655   -258.565558  5  4  3  84       
PG31   6715.683320  25411.138575  -1208.422078    -54.488082  4  6  6  59       
PG32   3814.934989  16221.223153  20800.950121    314.163047  2  4  5  59       
*  2020  7  9 15 45  0.00000000
PG01  15595.858515   2076.119669  21224.566218     23.404469  6  5  3  60       
PG02 -13949.338457 -21329.994508  -6916.670250   -484.695489  5  2  2  94       
PG03  20625.781775  -7994.884283  14556.615087   -234.520838 11  9 10  73       
PG04  24846.864803   -753.326193  -9389.988039   -112.658571  8  3  4  84       
PG05 -11179.817788 -10682.762726 -21732.108490    -16.314737  6  5  3  97       
PG06  -5890.073678 -25624.322806   3640.252248   -300.719582  5  5  3  90       
PG07   8461.630712 -16608.873357 -18411.653898   -323.350502  6     3  76       
PG08  25874.366337   6305.441491  -1929.332689    -40.397391  4  5  5  73       
PG09  17179.801425  -9649.850595 -17866.592579   -250.699883  2  4  4  59       
PG10  -8793.493315  22072.031751  11706.835704   -394.821923  9  9  6  63       
PG11  21656.342980   8240.365695  12199.059251   -225.917672  6  4  4  43       
PG12 -20934.847069   6673.295926  14576.017291     95.899626  3  5  6  66       
PG13 -21388.201314 -13504.450917  -8383.941730     25.257462  4  4  5  89       
PG14   9284.014824  16575.614039  18989.136693      0.074588  3  4  3  62       
PG15 -26443.792361  -3907.191405  -1717.944027   -218.715519  6  5  4  75       
PG16  12186.383052   8953.661486 -22082.549128   -180.602389  5  6  2  60       
PG17    263.216350 -15219.997869  22192.598747    293.321573  4  3  4  88       
PG18  -8369.384914  16972.956173 -18637.377270    241.929338  7 11 10  64       
PG19  -8253.841179 -16073.871129  19181.597198   -134.316139  5  5  4  93       
PG20 -15091.495273  21699.385566   -486.186311    527.323912  6  8  1  82       
PG21   4931.021515  25128.181289  -6887.619157     21.617224  4  6  4  53       
PG22  18446.587089   -782.998981  19253.142615   -773.177009  4  4  6  99       
PG24 -17183.648926  -3673.098468  19814.247720    -15.418830  6  4  3  34       
PG25 -20065.304440  15908.090348   6290.212356     21.442903  6  7  4  73       
PG26   1707.052517  18865.819949 -18560.628084    240.272889  6  6  6  54       
PG27  20390.317654  12505.567182 -12044.614473   -341.541784  1  4  4  46       
PG28   9183.669342 -21227.534525  13769.165766    701.172659  3  7  6  84       
PG29 -20981.964773   4849.175095 -15618.331892 999999.999999
PG30   1256.549002 -24061.511140 -10880.056110   -258.572501  5  4  3  86       
PG31   6416.184880  25458.160628   1667.026486    -54.490229  4  6  6  58       
PG32   1467.277721  15726.452392  21457.938525    314.168738  2  4  5  67       
*  2020  7  9 16  0  0.00000000
PG01  16359.109118   4365.706926  20322.084617     23.408809  5  5  3  78       
PG02 -14003.959191 -22079.993240  -4160.866417   -484.700975  5  2  2  81       
PG03  19608.828212  -6506.079670  16565.221426   -234.531352 10  9 10  48       
PG04  25703.124768   -332.563193  -6742.373469   -112.662824  8  4  3  85       
PG05  -9645.777570 -12584.409618 -21427.760302    -16.315098  6  5  3  78       
PG06  -5508.059493 -25155.574222   6459.633462   -300.724293  5  5  2  89       
PG07   9362.125957 -14531.064146 -19710.794990   -323.358217  5     3  68       
PG08  25466.137824   6452.479880  -4753.465053    -40.398907  3  5  5  63       
PG09  19066.754547  -9179.648036 -16110.657505   -250.705800  2  4  3  79       
PG10  -9726.952613  22843.380811   9177.869014   -394.831591  9 10  6  43       
PG11  22394.170358   9425.780147   9847.509464   -225.907971  6  4  4  56       
PG12 -19784.161945   5247.780324  16606.533271     95.895043  3  5  6  96       
PG13 -20289.431706 -13376.660677 -10952.544655     25.260340  5  3  5  87       
PG14   7155.867811  16128.345558  20260.095608      0.076949  3  4  2  83       
PG15 -26107.068044  -4198.098249  -4456.392561   -218.713370  6  5  4  89       
PG16  10426.936079  10699.505912 -22168.592396   -180.606529  5  6  2  82       
PG17   2654.497007 -14671.381940  22404.081032    293.326956  4  2  4  84       
PG18  -9186.544448  14920.439940 -19964.918436    241.937991  6 11 10  90       
PG19  -5998.780504 -15527.058221  20407.649821   -134.311493  5  5  4  95       
PG20 -15272.035077  21337.630673  -3291.506392    527.323654  6  9  2  79       
PG21   4288.185569  24294.376033  -9498.245339     21.621409  4  7  4  68       
PG22  17275.124611   1127.295957  20318.205385   -773.174759  4  4  5  75       
PG24 -17965.822799  -5771.629892  18629.321233    -15.419428  6  4  4  72       
PG25 -19673.880832  15050.806080   8985.922100     21.446610  5  7  5  65       
PG26    316.035957  20365.922817 -16960.029033    240.279234  6  7  6  73       
PG27  18913.686843  12393.480912 -14345.962042   -341.550460  2  4  4  86       
PG28  10245.347037 -22073.577881  11395.374820    701.169441  4  7  6  96       
PG29 -22550.807965   4322.558715 -13430.094094 999999.999999
PG30   1959.175266 -22822.096060 -13208.823777   -258.579484  5  4  3  78       
PG31   6017.231181  25209.136774   4512.946788    -54.492549  4  6  6  69       
PG32   -956.713078  15344.567783  21749.180484    314.174456  2  4  5  60       
*  2020  7  9 16 15  0.00000000
PG01  17197.689736   6492.686392  19065.578525     23.413147  5  4  4  67       
PG02 -13954.705180 -22540.502786  -1332.696380   -484.706198  4  3  3  48       
PG03  18545.624731  -4795.444157  18286.203724   -234.541803  9  8 10  64       
PG04  26277.179588     -1.514139  -3978.901701   -112.666997  8  4  2  86       
PG05  -8240.981347 -14518.861069 -20758.674973    -16.315746  6  5  3  66       
PG06  -4975.623898 -24421.124778   9167.705170   -300.729005  6  6  3  77       
PG07  10412.902551 -12383.701945 -20657.306811   -323.366039  5  1  3  80       
PG08  24754.135626   6591.407713  -7497.029064    -40.400732  3  5  5  64       
PG09  20762.633954  -8826.890518 -14078.598830   -250.711669  2  5  3  77       
PG10 -10444.076127  23423.825115   6489.341971   -394.841266  9 11  7  30       
PG11  22968.835717  10396.634459   7319.719687   -225.898501  5  3  5  77       
PG12 -18572.001282   3597.042202  18344.647861     95.890746  4  5  5  75       
PG13 -18914.768071 -13240.958202 -13334.679973     25.263507  5  3  5  81       
PG14   4886.496379  15770.988738  21194.185100      0.079589  3  5  2  75       
PG15 -25484.406099  -4499.832256  -7120.326497   -218.710804  5  5  4  68       
PG16   8771.571320  12535.003928 -21880.517729   -180.611003  5  7  2  86       
PG17   5076.376983 -14259.226195  22244.937755    293.332070  4  3  4  81       
PG18 -10159.749922  12792.815152 -20949.038100    241.946649  6 10  9  82       
PG19  -3598.119895 -15078.636223  21273.493472   -134.306949  5  5  4  91       
PG20 -15316.701724  20709.965004  -6039.446400    527.323198  6  9  4  62       
PG21   3464.611519  23236.888832 -11943.006809     21.624995  5  7  4  67       
PG22  16144.882995   3174.599257  21038.841063   -773.172639  4  4  5  83       
PG24 -18778.260964  -7690.293425  17122.230242    -15.420126  6  5  4  63       
PG25 -19149.765629  13932.520609  11523.244394     21.450262  4  7  6  77       
PG26   -888.142709  21771.108899 -15065.757414    240.285406  6  8  6  64       
PG27  17189.354983  12336.729904 -16406.413407   -341.559159  3  5  4  88       
PG28  11079.076109 -22771.824254   8832.216632    701.166337  4  7  6  96       
PG29 -23890.172309   3931.535459 -11011.777009 999999.999999
PG30   2811.961076 -21384.539294 -15307.210114   -258.586484  5  3  4  61       
PG31   5486.486591  24682.625413   7278.938954    -54.494841  4  6  6  23       
PG32  -3410.481629  15087.132967  21669.309653    314.180176  2  4  5  64       
*  2020  7  9 16 30  0.00000000
PG01  18077.997489   8421.834646  17478.155910     23.417488  5  4  4  72       
PG02 -13766.883686 -22724.439978   1518.517238   -484.711312  4  3  4  70       
PG03  17478.053557  -2882.046754  19689.747438   -234.552324  8  7 10  59       
PG04  26552.148169    273.753829  -1147.071021   -112.671215  9  4  2  89       
PG05  -6984.512250 -16442.740866 -19735.549222    -16.316324  6  5  4  57       
PG06  -4266.854854 -23452.265492  11717.914459   -300.733627  6  6  3  85       
PG07  11606.070149 -10215.823345 -21235.220828   -323.373895  5  2  3  90       
PG08  23748.486864   6759.652267 -10113.437883    -40.402448  3  5  5  75       
PG09  22231.577973  -8568.586443 -11805.157570   -250.717566  3  5  3  88       
PG10 -10962.583946  23777.776527   3687.801956   -394.850964  8 11  8  73       
PG11  23346.745407  11164.138036   4661.456667   -225.888710  5  4  5  77       
PG12 -17342.789623   1737.872055  19759.533883     95.886332  4  5  5  85       
PG13 -17283.365819 -13134.253657 -15489.964408     25.266433  5  3  5  95       
PG14   2517.073113  15523.815790  21775.876256      0.082007  4  5  2  63       
PG15 -24588.356414  -4845.607327  -9665.517016   -218.708537  5  5  5  59       
PG16   7249.755564  14420.606036 -21221.774914   -180.615202  5  7  3  93       
PG17   7480.787048 -13989.297750  21717.568121    293.337338  4  3  4  71       
PG18 -11283.218253  10637.769284 -21572.915574    241.955300  6 10  9  81       
PG19  -1098.220891 -14750.311388  21763.311722   -134.302558  5  5  5  77       
PG20 -15260.665228  19809.577250  -8682.234590    527.323018  6  9  6  49       
PG21   2443.505823  21990.827649 -14177.341385     21.629327  5  7  4  76       
PG22  15086.492066   5325.632572  21403.464273   -773.170374  4  4  5  80       
PG24 -19586.258906  -9402.929124  15320.152506    -15.421647  6  6  5  68       
PG25 -18533.761766  12553.020581  13857.155537     21.453915  4  6  6  90       
PG26  -1905.100108  23037.846244 -12910.178864    240.291591  6  8  6  66       
PG27  15248.050450  12366.444308 -18191.210727   -341.567825  4  6  3  81       
PG28  11695.564238 -23282.215062   6121.454356    701.162846  4  7  6  82       
PG29 -24966.687973   3648.751692  -8404.750675 999999.999999
PG30   3827.155939 -19788.602392 -17138.830636   -258.593431  5  4  4  99       
PG31   4796.392298  23905.071151   9916.087720    -54.496854  4  6  5  45       
PG32  -5845.987344  14957.876140  21219.231932    314.185908  3  4  5  77       
*  2020  7  9 16 45  0.00000000
PG01  18961.900344  10125.507280  15588.522773     23.421861  5  4  4  64       
PG02 -13409.773365 -22652.669659   4343.810308   -484.716410  4  4  4  68       
PG03  16445.062412   -792.915001  20751.611344   -234.562853  7  6 10  74       
PG04  26519.616531    529.557481   1704.464977   -112.675385  9  4  3  92       
PG05  -5887.791766 -18310.627827 -18375.119180    -16.316836  6  5  3  49       
PG06  -3362.613490 -22286.265204  14066.494364   -300.738277  6  7  3  83       
PG07  12925.685321  -8075.088603 -21435.450801   -323.381743  5  3  3  88       
PG08  22467.732807   6992.353518 -12558.157874    -40.403605  3  6  4  74       
PG09  23443.986132  -8376.221403  -9329.227570   -250.723537  3  5  4  89       
PG10 -11307.103420  23875.463932    821.943770   -394.860528  8 12  9  28       
PG11  23499.225224  11746.591510   1920.479023   -225.879350  5  4  5  59       
PG12 -16138.567398   -304.420959  20826.162469     95.882001  5  5  5  65       
PG13 -15422.177307 -13090.010980 -17381.882642     25.269260  6  3  5  66       
PG14     92.175685  15399.952718  21995.290579      0.084935  4  6  2  73       
PG15 -23438.759691  -5265.950070 -12049.874426   -218.706193  5  5  5  62       
PG16   5883.948553  16312.402616 -20202.048135   -180.619710  5  7  3  91       
PG17   9819.522520 -13859.146539  20830.240159    293.342945  4  3  3  72       
PG18 -12543.028186   8502.023787 -21825.926888    241.963963  6  9  8  91       
PG19   1450.753495 -14555.977517  21868.077255   -134.297612  6  5  5  88       
PG20 -15140.818823  18638.009578 -11174.086104    527.323017  6  8  6  64       
PG21   1215.936940  20595.990372 -16159.730541     21.633248  5  8  5  67       
PG22  14124.838986   7542.257398  21406.441051   -773.167753  4  4  5  87       
PG24 -20352.336698 -10891.024358  13255.129742    -15.423478  6  6  6  47       
PG25 -17867.509254  10921.169481  15946.201295     21.457578  3  6  6  91       
PG26  -2742.412602  24124.859612 -10530.337711    240.297748  6  8  5  43       
PG27  13126.871611  12508.129772 -19670.067139   -341.576479  4  6  2  84       
PG28  12112.984669 -23568.599256   3307.767816    701.160184  4  7  5  63       
PG29 -25754.266867   3441.554007  -5653.637457 999999.999999
PG30   5009.475984 -18077.276454 -18672.069287   -258.600418  5  4  5  77       
PG31   3925.481001  22909.708690  12377.897888    -54.499045  4  6  5  75       
PG32  -8215.340891  14952.553893  20406.141402    314.191648  3  4  5  87       
*  2020  7  9 17  0  0.00000000
PG01  19808.272247  11584.452317  13430.395204     23.426125  4  3  4  60       
PG02 -12857.906715 -22352.972233   7095.399687   -484.721489  4  4  5  62       
PG03  15481.155144   1437.821999  21453.550121   -234.573343  7  5 10  66       
PG04  26179.950214    802.994917   4526.730147   -112.679618  9  4  4  91       
PG05  -4954.267911 -20076.663114 -16699.931926    -16.317706  6  5  4  79       
PG06  -2251.463962 -20964.923006  16173.208684   -300.743071  6  7  4  77       
PG07  14348.310169  -6006.034107 -21255.883241   -323.389900  4  4  3  84       
PG08  20938.224246   7320.849210 -14789.441914    -40.404944  4  6  4  87       
PG09  24377.547519  -8217.016072  -6693.201949   -250.729446  3  5  3 104       
PG10 -11508.024301  23694.192589  -2058.262056   -394.870220  7 12 10           
PG11  23403.690633  12168.371294   -854.425190   -225.869762  4  4  5  60       
PG12 -14997.337494  -2496.805793  21525.781127     95.877673  5  5  5  71       
PG13 -13365.070293 -13136.854894 -18978.376600     25.272117  6  3  5  91       
PG14  -2341.666095  15404.870651  21848.360323      0.087628  3  6  2  85       
PG15 -22062.044018  -5787.404216 -14234.060096   -218.703669  5  5  5  80       
PG16   4688.843225  18163.636358 -18837.200133   -180.623929  5  7  4  90       
PG17  12045.835657 -13858.226123  19597.000201    293.347522  5  2  3  58       
PG18 -13917.535042   6429.689316 -21703.819541    241.972602  6  8  7 100       
PG19   3996.633419 -14501.138393  21585.750049   -134.293184  6  5  5  89       
PG20 -14994.178180  17205.217613 -13472.011889    527.322874  5  8  6  84       
PG21   -218.447102  19095.370027 -17852.624822     21.637201  6  8  5  90       
PG22  13278.214573   9782.739299  21048.143294   -773.165795  4  4  4  79       
PG24 -21037.730947 -12144.165047  10963.448587    -15.424890  6  7  6  49       
PG25 -17191.739868   9054.770011  17753.301975     21.461227  3  5  5  94       
PG26  -3415.139208  24994.718796  -7967.324081    240.304118  5  7  5  50       
PG27  10868.063861  12780.587989 -20817.658188   -341.585151  5  7  1 100       
PG28  12356.206242 -23600.203021    438.121746    701.156715  5  6  5  71       
PG29 -26235.045616   3273.427881  -2805.559948 999999.999999
PG30   6355.741841 -16295.171634 -19880.628044   -258.607347  5  4  5  81       
PG31   2859.438595  21735.204242  14621.172939    -54.501299  4  6  5  84       
PG32 -10472.443685  15059.131176  19243.434071    314.197342  3  5  5  79       
*  2020  7  9 17 15  0.00000000
PG01  20574.637860  12788.289726  11041.839470     23.430557  4  4  5  62       
PG02 -12092.127755 -21858.788983   9727.436637   -484.726590  5  4  5  91       
PG03  14615.073017   3770.069749  21783.625669   -234.583881  7  4 10  81       
PG04  25542.281616   1130.313601   7271.263022   -112.683840  8  4  5  84       
PG05  -4179.413605 -21696.196885 -14738.017163    -16.318350  6  6  4  69       
PG06   -930.303099 -19532.962614  18002.031607   -300.747775  6  7  4  86       
PG07  15843.885382  -4048.483538 -20701.314839   -323.397738  4  4  3  80       
PG08  19193.233029   7771.303103 -16769.025578    -40.405443  5  7  3  75       
PG09  25018.001909  -8055.357162  -3942.258021   -250.735321  4  5  4  88       
PG10 -11600.122849  23219.339397  -4902.475187   -394.879910  7 13 11  53       
PG11  23044.560804  12458.686924  -3614.387959   -225.860600  4  5  4  58       
PG12 -13951.589650  -4799.643246  21846.263614     95.873530  5  4  6  57       
PG13 -11151.695936 -13297.372337 -20252.362885     25.275067  6  4  5  75       
PG14  -4737.496402  15536.162184  21336.916337      0.089656  4  6  2  64       
PG15 -20490.302324  -6431.390720 -16182.052661   -218.701365  5  5  6  90       
PG16   3670.897994  19926.354570 -17149.114226   -180.628400  5  6  4  84       
PG17  14115.988323 -13968.314625  18037.510073    293.352684  4  2  3  65       
PG18 -15378.093252   4460.731095 -21208.778580    241.981331  6  8  7  83       
PG19   6487.123955 -14582.687892  20921.329705   -134.288715  5  6  5  91       
PG20 -14856.294663  15529.307410 -15536.565273    527.322569  5  7  7  88       
PG21  -1851.045285  17533.496618 -19223.334002     21.641229  6  7  5  93       
PG22  12557.719434  12003.144446  20334.914655   -773.163490  4  5  4  74       
PG24 -21603.930142 -13160.175133   8484.968220    -15.424522  5  7  7  68       
PG25 -16544.577328   6980.063687  19246.470565     21.464840  4  5  5  75       
PG26  -3945.044058  25615.296413  -5265.558110    240.310478  5  7  4  57       
PG27   8517.610126  13195.089606 -21614.047562   -341.593785  5  7     87       
PG28  12455.761361 -23352.944628  -2438.936441    701.153415  5  5  4  95       
PG29 -26400.026595   3105.590547     90.655868 999999.999999
PG30   7854.836342 -14486.861246 -20743.972096   -258.614278  6  4  5  61       
PG31   1591.868184  20424.094145  16606.815977    -54.503565  4  5  5  84       
PG32 -12574.569789  15258.272863  17750.518370    314.203020  3  5  5  74       
*  2020  7  9 17 30  0.00000000
PG01  21218.860714  13735.646540   8464.556562     23.434865  5  4  5  70       
PG02 -11100.394465 -21207.801122  12196.684625   -484.731811  5  5  6  84       
PG03  13868.718386   6159.138634  21736.402133   -234.594414  8  5 10  69       
PG04  24624.172990   1545.312594   9890.944375   -112.688037  8  5  6  81       
PG05  -3551.038578 -23127.412664 -12522.460519    -16.318851  6  6  4  98       
PG06    595.333922 -18036.331179  19521.751381   -300.752440  5  6  4  82       
PG07  17376.874375  -2236.181574 -19783.245925   -323.405814  5  4  3  86       
PG08  17271.810469   8363.528738 -18462.775751    -40.406625  6  7  3  80       
PG09  25359.604112  -7854.346388  -1123.592016   -250.741113  4  5  4  79       
PG10 -11621.010362  22445.041015  -7660.906715   -394.889659  6 13 11  52       
PG11  22413.884990  12650.171397  -6311.374201   -225.850593  4  6  4  66       
PG12 -13027.064496  -7168.070443  21782.323755     95.869411  5  4  6  80       
PG13  -8826.147963 -13587.152503 -21182.171821     25.277881  7  5  4  56       
PG14  -7049.481901  15783.612209  20468.701014      0.092499  4  7  2  79       
PG15 -18760.183699  -7213.261017 -17861.665620   -218.699127  6  5  6  94       
PG16   2828.185248  21553.142964 -15165.429075   -180.632666  5  6  4  75       
PG17  15990.712811 -14164.224768  16176.810095    293.358037  4  1  3  71       
PG18 -16890.058983   2629.602451 -20349.383356    241.989990  6  7  6  94       
PG19   8871.694608 -14789.058077  19886.759685   -134.283963  6  6  5  88       
PG20 -14759.746438  13635.962633 -17332.513037    527.322758  4  6  6  78       
PG21  -3664.308418  15954.683068 -20244.849198     21.645440  6  7  5  85       
PG22  11966.949081  14158.818362  19278.950151   -773.161291  4  6  3  78       
PG24 -22014.194453 -13944.946289   5862.408944    -15.423443  5  7  7  75       
PG25 -15959.955984   4730.887027  20399.425747     21.468453  4  4  5  82       
PG26  -4359.548146  25961.035208  -2472.003981    240.316868  5  7  3  58       
PG27   6123.683012  13754.831306 -22045.040718   -341.602430  5  7  1  89       
PG28  12446.580819 -22810.539800  -5274.045404    701.149942  5  4  3  92       
PG29 -26249.391908   2898.676733   2985.309354 999999.999999
PG30   9487.982374 -12695.246776 -21247.663663   -258.621256  6  4  6  76       
PG31    124.725701  19021.088776  18300.535180    -54.505568  4  5  4  88       
PG32 -14483.830426  15524.130649  15952.522814    314.208710  3  5  5  68       
*  2020  7  9 17 45  0.00000000
PG01  21700.809163  14433.950660   5743.127138     23.439195  5  5  5  79       
PG02  -9878.306694 -20440.400457  14463.118641   -484.737024  5  5  6  67       
PG03  13256.362383   8557.294084  21313.022118   -234.604960  8  6 10  97       
PG04  23450.968233   2077.841114  12340.801168   -112.692225  8  5  7  67       
PG05  -3049.906263 -24332.867155 -10090.881851    -16.319378  6  6  4 100       
PG06   2311.303104 -16520.468171  20706.488829   -300.757143  5  6  4  85       
PG07  18907.624437   -595.701633 -18519.543094   -323.413692  5  4  4  97       
PG08  15217.432720   9110.054493 -19841.281309    -40.407687  6  7  2  93       
PG09  25405.273151  -7577.407578   1714.383988   -250.747045  4  5  4  80       
PG10 -11609.469653  21374.544383 -10285.235808   -394.899392  5 13 11  70       
PG11  21511.663976  12777.369209  -8899.038249   -225.841484  4  7  4  83       
PG12 -12241.808161  -9553.598033  21335.589323     95.864953  5  5  6  89       
PG13  -6435.461956 -14014.101013 -21751.902443     25.281150  7  5  4  82       
PG14  -9234.430492  16129.563705  19257.303552      0.094979  4  7  2  95       
PG15 -16911.636734  -8141.574537 -19245.013699   -218.696963  6  5  6 104       
PG16   2150.569194  22998.876793 -12919.162972   -180.637181  5  5  5  86       
PG17  17636.530358 -14414.782807  14045.005855    293.363748  5  3  3  88       
PG18 -18414.034509    964.097934 -19140.456102    241.998665  5  6  6  91       
PG19  11103.396766 -15100.728866  18500.685788   -134.279505  6  6  4  86       
PG20 -14732.766867  11557.587073 -18829.420088    527.322432  4  6  6  92       
PG21  -5632.138947  14401.252415 -20896.562981     21.649439  6  7  5 103       
PG22  11501.967590  16205.894384  17898.092215   -773.159267  5  6  3  94       
PG24 -22235.003447 -14511.971202   3140.615233    -15.424316  5  8  7  37       
PG25 -15466.225848   2347.519320  21192.084709     21.472154  5  5  5  91       
PG26  -4690.451905  26013.972280    364.671160    240.323185  4  7  3  84       
PG27   3735.012076  14454.699697 -22102.459930   -341.611075  5  8  2  95       
PG28  12366.535024 -21965.347002  -8017.857854    701.146997  5  3  2  95       
PG29 -25792.477469   2614.452139   5828.672233 999999.999999
PG30  11229.328046 -10960.008357 -21383.580278   -258.628208  6  4  6  94       
PG31  -1531.588449  17571.314680  19673.439561    -54.507921  4  5  4  83       
PG32 -16168.464888  15825.397530  13879.902919    314.214437  3  6  5  92       
*  2020  7  9 18  0  0.00000000
PG01  21983.937626  14898.899153   2924.231862     23.443544  5  6  6  64       
PG02  -8429.350846 -19598.109294  16490.446122   -484.741928  5  5  6  81       
PG03  12784.166441  10915.425466  20521.164072   -234.615471  9  6 10  76       
PG04  22054.858440   2752.451828  14578.773463   -112.696411  8  5  8  24       
PG05  -2650.635102 -25280.885041  -7484.824037    -16.320269  6  6  4  69       
PG06   4195.214677 -15028.610559  21536.123179   -300.761840  5  6  4 102       
PG07  20393.883383    854.335170 -16933.987146   -323.421294  5  4  4  91       
PG08  13076.481451  10015.467638 -20880.375688    -40.408439  6  8  1  81       
PG09  25166.419844  -7189.889474   4522.869678   -250.752937  4  5  4  79       
PG10 -11603.748323  20020.203359 -12729.501612   -394.909160  5 13 11  89       
PG11  20345.863301  12875.187839 -11333.508315   -225.831776  5  7  4  74       
PG12 -11605.555182 -11905.853092  20514.536091     95.860557  5  5  6  93       
PG13  -4028.009246 -14578.053907 -21951.688641     25.283986  7  6  4  67       
PG14 -11253.228065  16549.569529  17722.014554      0.097789  4  7  3  76       
PG15 -14986.547113  -9217.624496 -20308.925411   -218.694369  7  5  6  96       
PG16   1620.213767  24222.421646 -10448.226699   -180.641492  6  5  5  94       
PG17  19026.879965 -14684.047040  11676.876853    293.369216  5  4  3  86       
PG18 -19907.306773   -515.531023 -17602.805105    242.007356  5  6  6  97       
PG19  13140.532640 -15491.076362  16788.075635   -134.274967  5  6  4  77       
PG20 -14798.063056   9332.198711 -20002.139407    527.322424  5  6  6  98       
PG21  -7720.682353  12911.829268 -21164.854546     21.654062  6  7  5 101       
PG22  11151.569540  18102.778683  16215.546163   -773.156687  5  7  3  83       
PG24 -22237.379623 -14881.603929    365.805610    -15.425316  5  8  7  84       
PG25 -15085.003155   -124.729200  21610.924499     21.475824  5  5  5  77       
PG26  -4972.480134  25764.477064   3194.976657    240.329386  4  7  2  80       
PG27   1399.223537  15281.354546 -21784.334342   -341.619760  5  8  3  91       
PG28  12254.831428 -20818.908628 -10621.916686    701.143780  5  3  2  45       
PG29 -25047.407289   2217.488050   8571.839772 999999.999999
PG30  13046.814129  -9316.200808 -21150.016077   -258.635170  6  5  5  77       
PG31  -3358.481825  16118.569017  20702.514866    -54.509919  4  5  4  91       
PG32 -17603.907296  16126.591360  11567.951293    314.220141  3  6  5  81       
*  2020  7  9 18 15  0.00000000
PG01  22036.725796  15153.628172     55.860933     23.447846  5  6  6  73       
PG02  -6764.862368 -18722.005045  18246.551743   -484.747173  4  6  7  90       
PG03  12450.034698  13184.768370  19374.883192   -234.625946  9  7 10  93       
PG04  20473.697061   3587.261299  16566.431516   -112.700626  7  5  8           
PG05  -2322.852056 -25946.752493  -4749.060044    -16.321193  6  6  5  72       
PG06   6217.115395 -13600.198631  21996.619326   -300.766539  5  5  5  84       
PG07  21792.406057   2103.707609 -15055.724407   -323.429398  5  5  4  85       
PG08  10896.614810  11076.065334 -21561.581481    -40.409919  6  8  1  76       
PG09  24662.458622  -6660.601595   7253.514664   -250.758853  4  5  5  72       
PG10 -11639.879826  18403.120307 -14950.950622   -394.918953  5 12 10  82       
PG11  18932.127822  12977.376292 -13574.087744   -225.822411  5  8  4  72       
PG12 -11119.462611 -14174.395062  19334.286084     95.856120  5  6  6  99       
PG13  -1651.843672 -15270.706455 -21777.872470     25.286918  7  6  4  75       
PG14 -13072.142454  17013.311784  15887.597034      0.100475  4  7  3  80       
PG15 -13027.314748 -10435.228475 -21035.298943   -218.691951  7  5  5  90       
PG16   1212.408012  25188.215362  -7794.827151   -180.646046  6  5  5  88       
PG17  20143.014653 -14932.727781   9111.405730    293.374426  5  5  3  87       
PG18 -21325.425186  -1797.165077 -15762.866947    242.015970  5  5  6  70       
PG19  14948.106427 -15927.521745  14779.710080   -134.270166  5  6  4  82       
PG20 -14971.868861   7002.120584 -20831.201410    527.322472  5  6  6  95       
PG21  -9889.485039  11519.779430 -21043.510511     21.657850  6  6  5  92       
PG22  10897.820249  19811.559567  14259.518465   -773.154801  5  7  4  80       
PG24 -21998.041552 -15080.079686  -2415.179497    -15.426425  5  8  7  67       
PG25 -14830.314222  -2637.128575  21649.204785     21.479497  5  5  6  84       
PG26  -5241.708714  25211.671867   5969.497855    240.335569  3  6  3  93       
PG27   -838.788153  16213.632977 -21094.998799   -341.628390  5  8  4  81       
PG28  12150.327267 -19382.153308 -13039.564138    701.140540  5  2  2  75       
PG29 -24040.401059   1676.731665  11167.571669 999999.999999
PG30  14903.287698  -7793.048565 -20551.667141   -258.642112  6  5  5 103       
PG31  -5329.751654  14703.658059  21370.973448    -54.512220  4  5  4  93       
PG32 -18773.586528  16389.519509   9056.216823    314.225824  3  6  5  81       
*  2020  7  9 18 30  0.00000000
PG01  21833.925451  15227.621464  -2813.474869     23.452154  5  7  6  73       
PG02  -4903.715787 -17851.201531  19703.869823   -484.752469  4  6  7 102       
PG03  12243.800946  15318.613230  17894.340425   -234.636433 10  7 10 103       
PG04  18749.610008   4593.062004  18269.631179   -112.704825  7  5  9  66       
PG05  -2032.555284 -26313.659780  -1930.828474    -16.321945  6  6  5  88       
PG06   8340.463800 -12269.442508  22080.252279   -300.771216  4  5  5  98       
PG07  23060.584262   3150.701307 -12918.640387   -323.437387  5  5  4  86       
PG08   8725.088608  12279.829617 -21872.467708    -40.410944  7  8  2  73       
PG09  23920.021695  -5963.222745   9859.252760   -250.764744  5  5  4  77       
PG10 -11750.102313  16552.446713 -16910.820809   -394.928715  6 12 10  82       
PG11  17293.218570  13115.089550 -15583.865992   -225.812687  6  8  3  65       
PG12 -10776.202678 -16310.529784  17816.277604     95.851986  5  7  6 101       
PG13    646.938651 -16075.860586 -21233.081539     25.289892  7  6  4  87       
PG14 -14663.946637  17485.760869  13783.971264      0.102732  4  7  2 100       
PG15 -11075.417686 -11780.792389 -21411.398120   -218.689617  8  4  5  84       
PG16    896.682632  25867.664009  -5004.767244   -180.650524  6  5  5  81       
PG17  20974.628448 -15119.762416   6391.227862    293.379737  6  5  3  70       
PG18 -22623.858414  -2877.088980 -13652.253830    242.024640  4  5  7  52       
PG19  16498.998870 -16372.929497  12511.561095   -134.265740  5  6  4  65       
PG20 -15263.266545   4612.520648 -21303.099196    527.322475  5  6  5 100       
PG21 -12092.971959  10251.877226 -20533.957842     21.661941  6  6  5 100       
PG22  10716.854911  21299.291240  12062.781497   -773.152541  6  7  4  75       
PG24 -21500.347591 -15138.333800  -5155.622025    -15.428245  5  7  7  76       
PG25 -14708.066689  -5139.271242  21307.049185     21.483135  5  6  6  73       
PG26  -5533.937862  24363.516624   8639.796736    240.341723  4  6  4  92       
PG27  -2938.397136  17223.264921 -20045.095694   -341.637063  5  8  4  70       
PG28  12089.824262 -17675.236517 -15226.864709    701.137344  5  2  2  65       
PG29 -22804.780765    966.910443  13571.108103 999999.999999
PG30  16757.816716  -6412.984037 -19599.504261   -258.648996  6  5  5  93       
PG31  -7412.467372  13362.885841  21668.475953    -54.514469  4  5  4  86       
PG32 -19669.426315  16574.868649   6387.840970    314.231531  3  6  5  85       
*  2020  7  9 18 45  0.00000000
PG01  21357.572842  15155.402339  -5635.520781     23.456435  5  8  6  41       
PG02  -2871.759492 -17021.434441  20839.688829   -484.757587  4  6  7 105       
PG03  12147.740505  17273.934431  16105.426177   -234.646898 10  7 10 106       
PG04  16927.453742   5772.720759  19659.096781   -112.709025  7  5  9  73       
PG05  -1743.633508 -26373.352392    920.989875    -16.322795  6  6  5  89       
PG06  10523.361355 -11064.102990  21785.726184   -300.775999  5  4  5  96       
PG07  24158.035783   4001.882050 -10560.674586   -323.445593  5  5  4  86       
PG08   6607.090503  13606.731505 -21806.911181    -40.412518  7  8  3  97       
PG09  22971.905214  -5077.526350  12295.117782   -250.770657  5  5  5  88       
PG10 -11961.440926  14504.371431 -18575.045570   -394.938471  6 11 10  98       
PG11  15458.202271  13315.591013 -17330.236055   -225.803008  6  8  3  93       
PG12 -10560.405752 -18269.048020  15987.817750     95.847589  5  7  6 105       
PG13   2825.766655 -16969.983273 -20326.208222     25.292689  7  7  4  98       
PG14 -16008.817832  17928.537142  11445.811681      0.105366  4  7  3  94       
PG15  -9170.010785 -13233.648217 -21430.084589   -218.687270  8  5  5  86       
PG16    638.177857  26240.290286  -2126.651555   -180.654797  6  6  5  81       
PG17  21520.185097 -15203.991742   3562.002639    293.385113  6  5  3  75       
PG18 -23759.666836  -3759.937168 -11307.213507    242.033323  4  6  6  63       
PG19  17774.819574 -16787.193232  10024.073562   -134.261309  5  6  4  86       
PG20 -15673.800248   2209.857541 -21410.468365    527.322614  6  6  5 103       
PG21 -14282.177572   9127.269950 -19645.293474     21.666314  6  6  5 105       
PG22  10579.908382  22539.106196   9662.168987   -773.150098  6  7  4  82       
PG24 -20734.999240 -15090.665248  -7809.654012    -15.430037  5  7  7  85       
PG25 -14715.867204  -7580.871743  20591.386580     21.486795  5  6  7 104       
PG26  -5883.079142  23236.553763  11159.294457    240.347857  4  5  5  83       
PG27  -4864.633394  18275.878495 -18651.474815   -341.645728  5  8  5  96       
PG28  12106.417118 -15727.011093 -17143.518877    701.134320  5  2  2  79       
PG29 -21379.713763     69.714774  15740.946655 999999.999999
PG30  18567.153122  -5190.963584 -18310.538480   -258.655928  6  5  5  93       
PG31  -9568.113767  12126.750768  21591.226207    -54.516575  4  4  4  94       
PG32 -20292.023779  16643.857888   3608.821281    314.237227  3  6  6  69       
*  2020  7  9 19  0  0.00000000
PG01  20597.733883  14975.060111  -8363.032931     23.460689  5  8  6  69       
PG02   -701.018977 -16263.793168  21636.392656   -484.762927  4  6  6 109       
PG03  12137.384701  19012.877697  14039.287112   -234.657394 10  8  9 110       
PG04  15053.180147   7120.887406  20710.921870   -112.713222  6  5  9  69       
PG05  -1419.482088 -26126.461096   3756.739619    -16.323647  6  6  5 109       
PG06  12719.992863 -10004.531993  21118.186843   -300.780694  5  4  5 102       
PG07  25048.092851   4671.555198  -8023.094447   -323.453142  5  5  4  62       
PG08   4584.150578  15029.356923 -21365.254378    -40.413340  6  8  4  92       
PG09  21855.787682  -3990.373651  14519.026342   -250.776567  5  5  5  94       
PG10 -12294.512011  12300.838423 -19914.862818   -394.948170  6 11  9  94       
PG11  13461.431230  13601.136769 -18785.318228   -225.793645  6  8  3  93       
PG12 -10449.430616 -20009.819382  13881.530694     95.843090  5  8  6 106       
PG13   4847.030948 -17923.056917 -19072.289465     25.295789  7  7  4  88       
PG14 -17094.975299  18301.429621   8912.055320      0.107875  4  6  3  75       
PG15  -7346.606835 -14766.657486 -21089.981809   -218.684988  8  5  4  90       
PG16    399.210295  26294.580857    788.988834   -180.659065  6  6  6  78       
PG17  21786.928885 -15145.877655    671.709869    293.390451  6  5  3  88       
PG18 -24693.126725  -4458.315875  -8768.010765    242.041938  4  6  6  68       
PG19  18766.406371 -17128.940299   7361.370503   -134.256506  5  6  3  89       
PG20 -16197.392842   -159.708433 -21152.161983    527.322507  6  6  5  99       
PG21 -16406.647676   8156.793748 -18394.104804     21.670441  6  5  5 108       
PG22  10454.539242  23511.115850   7098.006923   -773.147924  6  6  4  79       
PG24 -19700.481877 -14973.294352 -10332.961215    -15.432019  5  7  7  94       
PG25 -14843.189037  -9913.549464  19515.757763     21.490504  5  7  7 106       
PG26  -6319.622959  21855.323452  13484.117012    240.353999  4  5  5 100       
PG27  -6589.366294  19332.262661 -16936.987360   -341.654384  5  8  5  80       
PG28  12227.969619 -13574.135609 -18753.741510    701.131000  6  3  2  92       
PG29 -19808.740109  -1025.288367  17639.566266 999999.999999
PG30  20287.287019  -4134.083952 -16707.486500   -258.662814  6  5  5  88       
PG31 -11753.945110  11018.897536  21141.943868    -54.518955  4  4  4  79       
PG32 -20650.497193  16559.889890    767.214309    314.242910  3  6  6  91       
*  2020  7  9 19 15  0.00000000
PG01  19552.959233  14726.666167 -10950.503490     23.465015  6  8  6  36       
PG02   1571.302413 -15603.635632  22081.642950   -484.768118  4  6  6  95       
PG03  12182.603945  20504.049641  11731.765949   -234.667951 11  9  9 102       
PG04  13172.170427   8624.025815  21406.979519   -112.717391  6  6  9  75       
PG05  -1024.650613 -25582.494063   6526.885833    -16.324497  7  5  6  98       
PG06  14882.221976  -9103.007938  20089.128191   -300.785362  5  3  5 102       
PG07  25699.137060   5180.941939  -5349.744940   -323.461054  5  5  3  44       
PG08   2692.689960  16513.834574 -20554.353618    -40.414312  6  8  4  96       
PG09  20612.769874  -2696.434577  16492.513497   -250.782446  5  4  4  84       
PG10 -12762.597811   9988.047061 -20907.317251   -394.957844  6 10  9 100       
PG11  11341.356621  13988.076492 -19926.292507   -225.784129  6  8  3  91       
PG12 -10414.425804 -21499.180069  11534.716891     95.838858  4  8  5 100       
PG13   6679.336200 -18899.691954 -17492.287050     25.298942  7  7  4  88       
PG14 -17919.027632  18564.018531   6225.322938      0.110602  4  6  4  80       
PG15  -5635.886148 -16347.063996 -20395.565854   -218.682592  8  6  4  63       
PG16    140.975701  26028.490462   3690.635000   -180.663585  6  7  6  76       
PG17  21790.568681 -14909.197770  -2230.122736    293.395152  6  4  4  84       
PG18 -25389.243937  -4992.117093  -6078.240659    242.050601  4  7  6  68       
PG19  19473.957042 -17357.282528   4570.402466   -134.251956  6  6  3  65       
PG20 -16820.566118  -2451.879649 -20533.222928    527.322549  6  6  5  94       
PG21 -18416.418884   7342.675989 -16804.085660     21.674587  5  5  5 103       
PG22  10306.004674  24203.065818   4413.485498   -773.145645  7  6  4  80       
PG24 -18403.229663 -14822.866656 -12683.455975    -15.432058  6  6  6  96       
PG25 -15071.877813 -12092.522090  18099.996223     21.494222  6  7  7  99       
PG26  -6869.249710  20251.473342  15573.886252    240.360103  3  5  5  88       
PG27  -8092.236327  20349.843669 -14930.171823   -341.663083  5  7  5  92       
PG28  12475.790363 -11259.846113 -20027.076905    701.127728  6  3  3  67       
PG29 -18138.140526  -2320.047853  19234.085114 999999.999999
PG30  21875.031986  -3241.510074 -14818.344413   -258.669758  6  5  5  79       
PG31 -13924.493724  10055.359813  20329.721921    -54.521225  4  5  3  77       
PG32 -20762.006899  16290.133748  -2087.707992    314.248638  4  6  6  57       
*  2020  7  9 19 30  0.00000000
PG01  18230.436502  14450.637174 -13354.849294     23.469387  6  8  6  50       
PG02   3903.991724 -15059.716673  22168.506042   -484.773242  4  6  6 105       
PG03  12248.915350  21723.561572   9222.765443   -234.678440 11 10  7  85       
PG04  11327.601460  10260.766939  21735.235345   -112.721588  6  6  9  61       
PG05   -526.454351 -24759.488058   9182.918248    -16.325292  7  5  6 109       
PG06  16961.281937  -8363.390286  18716.194620   -300.790079  5  4  5  91       
PG07  26085.735909   5557.112021  -2586.288396   -323.469076  6  4  4  42       
PG08    962.764905  18021.033633 -19387.512969    -40.415826  6  8  5  82       
PG09  19285.792724  -1198.606589  18181.407834   -250.788257  5  4  4  81       
PG10 -13371.028365   7614.796689 -21535.646851   -394.967538  6  9  8 100       
PG11   9139.221482  14486.196335 -20735.643746   -225.774667  6  8  4  81       
PG12 -10421.634546 -22711.062731   8988.639677     95.834284  4  8  5 109       
PG13   8298.521860 -19860.461900 -15612.769404     25.301753  7  7  4  91       
PG14 -18486.009850  18677.342361   3431.256240      0.112943  4  5  5  91       
PG15  -4062.677709 -17937.570866 -19357.177634   -218.680305  8  6  4  87       
PG16   -174.683527  25449.575059   6526.761429   -180.667874  6  7  6  85       
PG17  21554.638464 -14462.650198  -5093.252081    293.400726  5  4  4  95       
PG18 -25819.099039  -5387.551434  -3284.084899    242.059216  5  8  5  36       
PG19  19906.794806 -17433.540274   1700.062114   -134.247497  6  5  3  86       
PG20 -17522.953000  -4625.703440 -19564.757254    527.322640  6  6  5  93       
PG21 -20263.977984   6678.637308 -14905.462569     21.679040  5  4  5  98       
PG22  10098.736793  24610.720268   1653.978548   -773.143624  7  6  5  95       
PG24 -16857.510543 -14674.955943 -14821.913394    -15.432804  6  6  6  87       
PG25 -15376.969343 -14078.142995  16369.794814     21.497935  6  8  7  93       
PG26  -7551.641458  18462.599648  17392.440106    240.366241  3  4  5  86       
PG27  -9361.295135  21284.322179 -12664.831511   -341.671819  5  7  6  84       
PG28  12863.574266  -8832.434456 -20939.121696    701.124550  5  3  3  74       
PG29 -16415.207775  -3807.752337  20496.840356 999999.999999
PG30  23289.581255  -2504.713094 -12675.879319   -258.676701  6  6  5  78       
PG31 -16033.172296   9244.116445  19169.778069    -54.523332  4  5  4  80       
PG32 -20650.966634  15806.975232  -4906.332693    314.254286  4  5  6  93       
*  2020  7  9 19 45  0.00000000
PG01  16645.836934  14186.103456 -15536.058084     23.473734  6  8  6  53       
PG02   6253.126524 -14643.554488  21895.526934   -484.778195  5  6  5 107       
PG03  12298.962531  22655.789523   6555.548670   -234.688939 11 11  7  83       
PG04   9558.906729  12002.571418  21689.957878   -112.725765  5  7  9  85       
PG05    103.517570 -23683.330018  11678.245302    -16.326147  7  5  6 110       
PG06  18909.498187  -7781.105455  17022.882464   -300.794789  5  4  5  85       
PG07  26189.545271   5831.719329    220.552886   -323.476839  6  4  4  69       
PG08   -582.942833  19507.987829 -17884.301340    -40.416451  6  8  5  93       
PG09  17917.994565    491.886512  19556.433500   -250.794078  5  4  4  86       
PG10 -14116.893929   5230.742965 -21789.547818   -394.977275  6  9  8 104       
PG11   6897.681309  15098.319840 -21201.324727   -225.765115  6  8  4  88       
PG12 -10433.887088 -23627.828497   6287.756298     95.829985  5  8  4  91       
PG13   9688.411708 -20763.412257 -13465.497482     25.304890  7  7  4 103       
PG14 -18809.101601  18605.545703    577.777230      0.115942  4  5  5  98       
PG15  -2645.150669 -19497.608802 -17990.950962   -218.677884  8  7  3  89       
PG16   -583.522339  24574.742159   9246.836205   -180.672096  5  7  6  79       
PG17  21109.550432 -13781.301896  -7867.600104    293.406379  5  4  4  81       
PG18 -25960.972143  -5675.937739   -433.523726    242.067868  6  8  4  51       
PG19  20082.784326 -17322.870041  -1199.715471   -134.242621  6  5  3  94       
PG20 -18278.079958  -6644.918831 -18263.713292    527.322236  6  7  6  92       
PG21 -21906.105513   6150.383912 -12734.255310     21.683541  4  3  5  70       
PG22   9797.866654  24737.958842  -1133.681918   -773.141083  7  7  5 102       
PG24 -15085.036291 -14562.618739 -16712.565443    -15.433542  6  6  6  93       
PG25 -15727.781038 -15837.224007  14356.172224     21.501669  6  8  6 104       
PG26  -8379.542224  16530.867367  18908.467888    240.372347  3  4  4  90       
PG27 -10393.324123  22091.409777 -10179.505854   -341.680578  5  6  6  90       
PG28  13396.665888  -6343.493093 -21472.127951    701.121377  5  3  3  86       
PG29 -14686.488195  -5472.898242  21405.878922 999999.999999
PG30  24493.976520  -1908.005859 -10317.049177   -258.683642  5  6  5  76       
PG31 -18033.907623   8584.971055  17683.110399    -54.525519  4  5  5  78       
PG32 -20347.975398  15089.274710  -7639.594138    314.259950  5  5  6  80       
*  2020  7  9 20  0  0.00000000
PG01  14822.863764  13969.339481 -17457.787242     23.478020  6  8  6  68       
PG02   8573.466946 -14359.053249  21266.751550   -484.783485  5  6  5 101       
PG03  12294.109147  23293.823665   3775.988496   -234.699432 11 11  6  77       
PG04   7900.390463  13814.677333  21271.822550   -112.729926  5  7  9  77       
PG05    888.060869 -22386.774505  13969.058353    -16.326909  6  5  6 115       
PG06  20681.978345  -7343.463950  15038.145346   -300.799527  4  4  5  82       
PG07  25999.951717   6039.591341   3023.740862   -323.484975  6  4  3  48       
PG08  -1929.847424  20929.492452 -16070.252521    -40.417777  6  7  5  94       
PG09  16551.071714   2355.721293  20593.727949   -250.799918  5  4  4  94       
PG10 -14989.097173   2884.636204 -21665.315277   -394.986997  6 10  8 102       
PG11   4659.400145  15820.173846 -21316.842759   -225.755943  7  8  4  94       
PG12 -10412.218184 -24240.774101   3478.910429     95.825283  5  8  3 100       
PG13  10841.262297 -21565.687474 -11086.918809     25.307818  7  7  3  92       
PG14 -18909.029988  18317.442039  -2285.721269      0.118036  4  5  5  91       
PG15  -1394.249196 -20984.754778 -16318.651109   -218.675464  8  7  3  83       
PG16  -1117.225844  23429.624215  11802.314501   -180.676715  6  7  6  79       
PG17  20491.370183 -12847.817027 -10504.166712    293.411083  5  5  4  76       
PG18 -25801.204020  -5892.296620   2424.483520    242.076482  7  9  3  65       
PG19  20027.428903 -16995.731936  -4078.847437   -134.238217  6  5  3  67       
PG20 -19054.388339  -8479.120011 -16652.572127    527.322676  6  7  6  90       
PG21 -23305.516346   5736.459102 -10331.403052     21.687521  3  2  4  74       
PG22   9370.739387  24596.579596  -3901.967335   -773.139163  8  7  5 101       
PG24 -13114.311284 -14515.050616 -18323.647846    -15.433325  6  5  6  95       
PG25 -16089.228094 -17344.095453  12094.854688     21.505405  7  8  6  96       
PG26  -9358.104168  14501.466154  20096.048992    240.378489  3  4  4  89       
PG27 -11193.813914  22728.597621  -7516.840531   -341.689312  6  6  6  72       
PG28  14071.686503  -3846.000584 -21615.461546    701.118233  5  4  3  91       
PG29 -12996.061609  -7291.700873  21945.350001 999999.999999
PG30  25456.435162  -1429.352239  -7782.361792   -258.690600  5  6  5  73       
PG31 -19882.744351   8069.752391  15896.068493    -54.527683  4  6  5  76       
PG32 -19888.511798  14123.380290 -10239.858210    314.265645  5  5  6  81       
*  2020  7  9 20 15  0.00000000
PG01  12792.518897  13832.310713 -19087.910364     23.482323  6  8  6  69       
PG02  10819.897545 -14202.393552  20291.697046   -484.788599  5  5  5 102       
PG03  12196.083954  23639.592334    931.779506   -234.709917 10 12  7  86       
PG04   6380.047728  15657.297807  20487.907172   -112.734106  5  8  8  63       
PG05   1843.238766 -20908.195797  16015.146633    -16.327591  6  5  6 110       
PG06  22238.206152  -7030.296182  12795.909388   -300.804396  4  4  5  79       
PG07  25514.438411   6217.226105   5776.644464   -323.492775  6  5  4  63       
PG08  -3071.861133  22239.812767 -13976.450525    -40.418822  6  7  6  89       
PG09  15223.706384   4366.019667  21275.265649   -250.805790  5  4  4  95       
PG10 -15968.740201    622.611551 -21165.860111   -394.996723  6 10  8 107       
PG11   2465.668778  16640.517911 -21081.275398   -225.746307  7  7  4  94       
PG12 -10317.544245 -24550.300492    610.502747     95.820936  5  8  3  96       
PG13  11757.891236 -22225.214736  -8517.575496     25.310492  7  7  4  85       
PG14 -18813.173425  17787.926171  -5109.241730      0.120422  4  4  6  81       
PG15   -313.396468 -22356.253412 -14367.419094   -218.673039  8  7  3  91       
PG16  -1801.905568  22047.598669  14147.598952   -180.680757  5  6  6  74       
PG17  19740.356470 -11653.407981 -12955.956729    293.416248  5  5  4  78       
PG18 -25334.760115  -6073.802680   5240.835393    242.085068  8  9  4  19       
PG19  19772.691487 -16429.141743  -6887.975261   -134.233758  6  5  3  78       
PG20 -19816.455160 -10104.695988 -14758.955769    527.322361  6  7  7  85       
PG21 -24432.223955   5409.404247  -7741.792205     21.691666  3  2  5  75       
PG22   8788.363023  24205.811877  -6603.440217   -773.136705  8  7  6 102       
PG24 -10979.741964 -14556.391251 -19627.894755    -15.432854  7  5  6 100       
PG25 -16423.307939 -18581.367448   9625.589219     21.509185  7  8  5 113       
PG26 -10484.544748  12420.964515  20935.085895    240.384606  2  4  3  86       
PG27 -11776.600232  23156.886453  -4722.864468   -341.698084  6  6  6  69       
PG28  14876.549565  -1392.332762 -21365.895453    701.114861  5  4  4  78       
PG29 -11383.926464  -9232.834355  22105.791592 999999.999999
PG30  26151.487668  -1041.416861  -5115.184170   -258.697498  4  6  6  75       
PG31 -21539.360335   7682.821010  13839.851455    -54.530177  5  6  6  86       
PG32 -19311.442974  12903.853504 -12661.784466    314.271311  6  5  6  77       
*  2020  7  9 20 30  0.00000000
PG01  10592.113341  13801.387009 -20399.007269     23.486662  6  7  6  70       
PG02  12948.875320 -14162.195670  18985.268637   -484.793654  5  5  4 103       
PG03  11968.613770  23703.658306  -1928.374125   -234.720399 10 12  8  73       
PG04   5018.635505  17487.023441  19351.578513   -112.738278  5  8  8  57       
PG05   2977.536476 -19290.124997  17780.644521    -16.328440  6  6  6 110       
PG06  23543.479488  -6814.882493  10334.505626   -300.809111  3  4  5  86       
PG07  24738.667807   6401.251220   8433.734325   -323.500642  7  5  4  59       
PG08  -4011.458763  23394.436575 -11639.005365    -40.420024  6  6  6  91       
PG09  13970.123384   6489.192268  21589.179679   -250.811629  5  4  4  87       
PG10 -17029.827866  -1513.402477 -20300.605073   -395.006451  7 11  8  94       
PG11    355.089311  17541.527987 -20499.220385   -225.736524  7  7  5 102       
PG12 -10112.334179 -24565.742714  -2268.344860     95.816659  5  8  3 105       
PG13  12447.478155 -22702.380182  -5801.433883     25.313778  6  7  4  92       
PG14 -18554.396073  16999.174434  -7843.089251      0.123183  4  3  6  89       
PG15    601.515010 -23570.587471 -12169.418093   -218.670743  8  7  3  89       
PG16  -2656.826936  20468.495219  16240.940915   -180.685016  5  6  5  83       
PG17  18899.320168 -10198.461005 -15178.899611    293.421604  5  5  4  72       
PG18 -24565.475370  -6258.155650   7967.128747    242.093679  8  9  5  82       
PG19  19355.591576 -15607.662715  -9579.298954   -134.228978  6  5  4  71       
PG20 -20526.367219 -11505.514259 -12615.159905    527.322433  6  7  7  83       
PG21 -25264.572864   5137.164699  -5013.224283     21.695566  2  2  5  63       
PG22   8026.734672  23591.553823  -9191.556398   -773.134632  8  7  6 107       
PG24  -8720.536597 -14704.720485 -20602.976101    -15.434463  7  6  6  89       
PG25 -16690.691395 -19540.369277   6991.404797     21.512894  7  9  4 101       
PG26 -11748.126839  10335.628262  21411.625181    240.390764  2  4  3  96       
PG27 -12163.166038  23342.406692  -1846.185002   -341.706851  5  6  6  76       
PG28  15790.869586    967.709314 -20727.723682    701.111804  4  4  4  86       
PG29  -9884.553108 -11258.473060  21884.305327 999999.999999
PG30  26560.884483   -712.813511  -2361.013580   -258.704446  4  6  6  27       
PG31 -22968.440182   7401.857363  11549.944219    -54.532473  5  6  6  96       
PG32 -18657.408211  11433.876429 -14863.148213    314.276964  6  5  6 101       
*  2020  7  9 20 45  0.00000000
PG01   8264.054842  13896.267335 -21368.793045     23.490949  6  7  6  56       
PG02  14919.839454 -14219.953658  17367.620026   -484.798926  5  4  5  77       
PG03  11578.981766  23504.697254  -4755.581371   -234.730848 10 12  8  68       
PG04   3829.030213  19258.376578  17882.271293   -112.742451  5  8  8  52       
PG05   4291.323857 -17577.632019  19234.694291    -16.329150  6  6  6 111       
PG06  24570.138159  -6665.141849   7696.028206   -300.813848  2  5  5  64       
PG07  23686.283568   6626.898499  10951.244528   -323.508500  7  5  4  51       
PG08  -4759.399506  24351.800634  -9098.427295    -40.422099  6  6  6  89       
PG09  12818.832099   8686.048575  21529.974989   -250.817468  5  4  5  84       
PG10 -18140.256355  -3487.096561 -19085.265754   -395.016250  8 12  9  99       
PG11  -1637.632886  18499.417950 -19580.684178   -225.727065  7  7  5  92       
PG12  -9762.210037 -24304.873613  -5108.617094     95.812120  5  8  3 100       
PG13  12927.043731 -22961.632305  -2985.145379     25.316446  6  7  3  96       
PG14 -18169.655087  15941.577347 -10438.801668      0.125869  5  3  6  75       
PG15   1361.839505 -24589.039602  -9761.380137   -218.668565  8  7  3  90       
PG16  -3693.425334  18737.045930  18045.258272   -180.689326  5  6  6  86       
PG17  18011.867383  -8492.800763 -17132.738596    293.426892  6  6  5  91       
PG18 -23505.969957  -6481.933876  10556.488284    242.102311  9  8  6  54       
PG19  18816.636990 -14524.103807 -12107.360447   -134.224104  6  5  4  83       
PG20 -21145.197406 -12673.325625 -10257.618568    527.322664  6  6  7  91       
PG21 -25789.903956   4884.666457  -2195.361549     21.699764  1  3  5  65       
PG22   7067.990978  22785.359862 -11621.469133   -773.132220  8  7  6 105       
PG24  -6379.431872 -14971.281834 -21231.872329    -15.435021  7  6  6  81       
PG25 -16852.356763 -20221.256970   4237.837612     21.516625  8  9  3 108       
PG26 -13130.460491   8289.769680  21518.062985    240.396864  2  4  3  90       
PG27 -12381.634123  23257.859968   1062.884332   -341.715578  5  6  6  84       
PG28  16786.748928   3188.762695 -19712.688853    701.108383  4  5  4  90       
PG29  -8525.661751 -13325.595140  21284.615777 999999.999999
PG30  26674.240357   -409.503758    433.278309   -258.711416  3  6  6  57       
PG31 -24140.860075   7198.897102   9065.503148    -54.534627  5  6  6  68       
PG32 -17967.142829   9725.322345 -16805.605367    314.282662  6  4  6  92       
*  2020  7  9 21  0  0.00000000
PG01   5854.453321  14129.153975 -21980.481619     23.495234  6  7  6  41       
PG02  16696.538233 -14350.731135  15463.953470   -484.804037  4  4  5  57       
PG03  10999.451814  23068.680121  -7501.584491   -234.741314  8 12  9  81       
PG04   2815.896266  20925.458324  16105.162701   -112.746652  5  9  7  62       
PG05   5776.649381 -15816.618976  20352.009750    -16.329768  6  5  6  99       
PG06  25298.534853  -6545.033809   4925.628145   -300.818568  2  5  5  71       
PG07  22378.442599   6926.545834  13287.797691   -323.516299  7  5  5  55       
PG08  -5334.115664  25074.920677  -6398.910379    -40.423219  6  5  5  48       
PG09  11791.602961  10913.131493  21098.629132   -250.823356  5  4  4  84       
PG10 -19263.045238  -5268.961997 -17541.524084   -395.025998  9 12 10  91       
PG11  -3482.752777  19485.276302 -18340.912522   -225.717616  6  6  5  93       
PG12  -9237.417905 -23793.105644  -7862.212197     95.807951  6  7  4  67       
PG13  13220.624779 -22972.949003   -117.249921     25.319466  5  7  4  78       
PG14 -17698.434366  14614.358931 -12850.081489      0.128355  5  2  6  86       
PG15   1985.604318 -25377.184906  -7184.053511   -218.666259  8  7  3  65       
PG16  -4914.654536  16901.146018  19528.848318   -180.693421  5  6  5  84       
PG17  17120.599411  -6555.573045 -18781.864777    293.431717  6  6  5  94       
PG18 -22177.238649  -6778.994344  12964.371114    242.110926  9  8  7  86       
PG19  18198.153671 -13179.903284 -14429.765707   -134.219767  6  6  4  84       
PG20 -21634.528798 -13607.877203  -7726.308463    527.322508  6  6  7  89       
PG21 -26004.837957   4615.484882    661.314660     21.704064     3  5  64       
PG22   5901.335100  21823.213616 -13850.821156   -773.130218  8  6  7  53       
PG24  -4001.288834 -15359.962882 -21503.180963    -15.436354  7  6  5  92       
PG25 -16871.203375 -20632.792080   1412.135626     21.520362  8  9  2  95       
PG26 -14606.112081   6324.191530  21253.233938    240.402944  3  4  4  86       
PG27 -12465.488333  22883.719401   3953.246022   -341.724362  4  6  6  71       
PG28  17829.907006   5231.570007 -18339.724306    701.105421  3  5  4  72       
PG29  -7327.272800 -15387.498376  20317.012586 999999.999999
PG30  26489.393982    -96.292420   3220.217000   -258.718356  3  7  7  63       
PG31 -25034.644682   7041.571901   6428.701288    -54.536760  6  6  7  87       
PG32 -17279.810493   7798.485928 -18455.384235    314.288361  6  5  6  97       
*  2020  7  9 21 15  0.00000000
PG01   3411.590778  14504.206723 -22223.079100     23.499498  6  6  6   2       
PG02  18248.229339 -14524.102071  13304.254651   -484.809369  3  4  5  63       
PG03  10208.505076  22427.791948 -10119.563790   -234.751823  7 11 10  86       
PG04   1975.678301  22443.625419  14050.747292   -112.750840  5  9  6  53       
PG05   7417.374255 -14052.095184  21113.328845    -16.330383  5  5  6  94       
PG06  25717.712103  -6416.120167   2070.753575   -300.823327  3  6  5  68       
PG07  20843.095975   7328.374410  15404.990476   -323.524350  7  5  5  30       
PG08  -5760.791774  25532.857838  -3587.538969    -40.424751  6  5  5  67       
PG09  10902.718384  13124.225162  20302.578331   -250.829204  5  4  5  92       
PG10 -20357.762355  -6837.198779 -15696.603733   -395.035650 10 13 10 108       
PG11  -5156.372368  20466.089707 -16800.165498   -225.708060  6  6  6  93       
PG12  -8514.115861 -23062.425403 -10482.716757     95.803481  6  6  4  95       
PG13  13358.175715 -22713.109082   2752.664684     25.322422  5  7  4  69       
PG14 -17181.068087  13025.849295 -15033.706780      0.130832  5  2  6  68       
PG15   2496.661607 -25906.253736  -4481.554220   -218.663752  7  8  3  94       
PG16  -6314.695482  15010.001729  20665.978035   -180.697607  5  6  6  87       
PG17  16265.346808  -4414.741816 -20096.071466    293.437297  6  6  5  76       
PG18 -20607.929023  -7178.981724  15149.332540    242.119592  9  8  8  92       
PG19  17542.578235 -11585.189005 -16507.837543   -134.215164  6  6  5  83       
PG20 -21957.970645 -14316.730924  -5064.101062    527.322551  6  5  7  77       
PG21 -25915.182041   4293.527205   3506.502741     21.708155  1  3  6  65       
PG22   4523.699983  20744.130887 -15840.509870   -773.127738  8  6  7 111       
PG24  -1631.605612 -15867.054035 -21411.349184    -15.435527  7  6  5  94       
PG25 -16713.583892 -20791.806808  -1437.543439     21.524067  7  8  2 105       
PG26 -16143.494583   4474.785162  20622.385098    240.409135  4  4  5  97       
PG27 -12452.074265  22209.135078   6773.970968   -341.733094  4  6  6  73       
PG28  18881.098379   7064.374049 -16634.519597    701.102249  3  5  5  95       
PG29  -6301.066642 -17395.469919  18998.175951 999999.999999
PG30  26012.471061    261.636483   5952.501438   -258.725305  3  6  7  67       
PG31 -25635.665643   6894.508078   3684.042987    -54.538936  6  5  6  94       
PG32 -16631.411742   5681.483155 -19783.890109    314.294089  6  5  6  89       
*  2020  7  9 21 30  0.00000000
PG01    984.307239  15017.298878 -22091.601851     23.503802  6  6  6  23       
PG02  19550.711481 -14705.312168  10922.957113   -484.814439  3  4  5  78       
PG03   9191.842351  21619.129173 -12564.914776   -234.762337  5 11 10  92       
PG04   1296.917308  23771.132600  11754.318904   -112.754989  5  9  6  42       
PG05   9189.640939 -12326.504391  21505.746370    -16.331235  4  5  6 105       
PG06  25825.758950  -6239.226392   -819.651596   -300.828090  4  6  5  66       
PG07  19114.044538   7855.185032  17267.937170   -323.532296  7  5  5  80       
PG08  -6070.171066  25701.960520   -713.433065    -40.425738  6  5  5  78       
PG09  10158.527297  15271.977786  19155.588916   -250.835029  5  4  4  79       
PG10 -21382.084373  -8178.319615 -13582.758058   -395.045416 11 13 11 121       
PG11  -6641.123196  21405.920119 -14983.438499   -225.698647  6  5  6  94       
PG12  -7575.433699 -22150.104102 -12926.138644     95.799157  6  6  4  66       
PG13  13374.238062 -22166.715845   5574.832708     25.325103  5  6  4  94       
PG14 -16657.024187  11193.391717 -16950.397124      0.133562  5  2  6  96       
PG15   2923.593186 -26154.306476  -1700.628201   -218.661462  7  8  3  86       
PG16  -7879.036281  13112.246229  21437.338612   -180.701756  5  6  6 101       
PG17  15481.515536  -2106.214697 -21051.205338    293.442141  6  6  6  89       
PG18 -18833.335704  -7706.004795  17073.739926    242.128272 10  8  8  99       
PG19  16890.777160  -9758.518624 -18307.193231   -134.210514  7  6  5  88       
PG20 -22082.610771 -14814.795074  -2316.070955    527.322557  7  5  6  73       
PG21 -25535.481826   3884.655438   6291.012442     21.712090  1  4  6  56       
PG22   2940.117012  19588.645119 -17555.410173   -773.126047  7  5  7 106       
PG24    685.001904 -16481.298234 -20956.826425    -15.435807  7  6  4  83       
PG25 -16350.699443 -20722.381561  -4262.927923     21.527767  7  8  3 107       
PG26 -17706.002009   2771.334930  19637.038533    240.415338  6  4  6 108       
PG27 -12380.940907  21232.503142   9475.259320   -341.741880  4  6  6  77       
PG28  19897.751543   8663.977255 -14628.925645    701.099134  3  5  5  91       
PG29  -5450.077786 -19300.545191  17350.888183 999999.999999
PG30  25257.649567    697.200693   8583.774212   -258.732291  3  6  6  70       
PG31 -25938.060305   6720.831124    877.656866    -54.541116  6  5  6  34       
PG32 -16053.333169   3409.344812 -20768.210729    314.299789  6  5  6  99       
*  2020  7  9 21 45  0.00000000
PG01  -1379.642071  15656.087348 -21587.214038     23.508036  5  6  6  54       
PG02  20587.148227 -14856.628444   8358.531121   -484.819444  3  4  5  88       
PG03   7943.114623  20683.225325 -14795.986150   -234.772893  5 10 10  96       
PG04    760.878283  24870.677095   9255.367923   -112.759200  5  9  5  42       
PG05  11062.656084 -10678.172078  21522.921169    -16.331455  3  5  6 101       
PG06  25629.833036  -5976.138875  -3695.977790   -300.832786  5  6  4  85       
PG07  17229.801194   8523.412115  18845.769063   -323.539967  6  5  5  59       
PG08  -6297.138079  25566.829750   2173.149544    -40.426237  6  5  5  75       
PG09   9557.320335  17309.576652  17677.516338   -250.840893  5  4  4  75       
PG10 -22293.431713  -9287.431333 -11236.682157   -395.055134 12 13 12 120       
PG11  -7926.622912  22267.198056 -12920.129765   -225.688869  6  4  6  93       
PG12  -6412.268257 -21097.234071 -15151.589878     95.795039  6  6  4  73       
PG13  13306.429631 -21326.929602   8300.193560     25.328209  4  6  5  94       
PG14 -16163.221654   9142.881769 -18565.610775      0.136121  5  2  6  77       
PG15   3298.407361 -26107.167156   1110.165343   -218.659114  7  8  3  95       
PG16  -9584.917006  11254.104689  21830.356005   -180.705760  5  6  6  98       
PG17  14798.619813    327.370943 -21629.693213    293.447314  6  6  6  79       
PG18 -16894.148755  -8377.532246  18704.422308    242.137032  9  7  9 113       
PG19  16280.453452  -7726.314156 -19798.243017   -134.205913  7  7  6  90       
PG20 -21980.351045 -15123.586499    471.230618    527.322598  7  5  5  51       
PG21 -24888.255216   3358.184412   8967.611426     21.716249  2  4  6  43       
PG22   1163.770192  18397.233648 -18965.039225   -773.123476  7  5  7 113       
PG24   2906.298023 -17184.234590 -20146.130983    -15.436885  7  6  3  90       
PG25 -15759.808246 -20454.770560  -7016.410576     21.531427  7  7  4  99       
PG26 -19253.342172   1236.572169  18314.748134    240.421518  7  4  7  96       
PG27 -12292.092730  19961.671274  12009.387016   -341.750635  4  6  6  84       
PG28  20835.749845  10016.422071 -12360.222114    701.095843  4  5  5  93       
PG29  -4768.734943 -21055.287554  15403.636302 999999.999999
PG30  24246.636529   1239.974142  11069.375241   -258.739303  4  6  7  78       
PG31 -25944.358988   6483.721686  -1943.424594    -54.543431  6  5  6  77       
PG32 -15571.095552   1022.840007 -21391.513124    314.305475  6  5  6  88       
*  2020  7  9 22  0  0.00000000
PG01  -3635.201088  16400.398974 -20717.279271     23.512299  5  5  6  70       
PG02  21348.649183 -14938.836802   5652.992494   -484.825007  3  4  4  86       
PG03   6464.354404  19662.461010 -16774.767893   -234.783402  7  9 11 113       
PG04    342.464907  25710.785417   6596.903852   -112.763361  6  9  4  53       
PG05  12999.754767  -9139.934883  21165.155507    -16.332350  3  5  6  99       
PG06  25145.846401  -5591.272294  -6508.795072   -300.837551  6  7  5  92       
PG07  15232.297327   9342.367848  20112.087239   -323.547904  6  5  5  66       
PG08  -6479.136055  25120.967620   5021.735019    -40.427788  6  5  5  93       
PG09   9089.530036  19192.410369  15893.956081   -250.846746  5  4  4  75       
PG10 -23050.614906 -10168.187696  -8698.861123   -395.064881 14 14 12 122       
PG11  -9009.690416  23012.091072 -10643.654377   -225.679397  6  4  6  87       
PG12  -5023.788143 -19947.146204 -17121.912553     95.790587  6  5  4  79       
PG13  13193.812983 -20195.877149  10881.270841     25.331031  4  6  5  98       
PG14 -15732.455510   6907.953031 -19850.250325      0.138744  5  3  6  92       
PG15   3655.077539 -25759.070818   3901.335308   -218.656996  7  8  4 104       
PG16 -11402.116270   9477.685798  21839.354340   -180.709930  6  5  7  97       
PG17  14239.068819   2838.152205 -21820.926896    293.452679  7  6  6 102       
PG18 -14835.003802  -9203.551438  20013.244517    242.145762  9  7  9 105       
PG19  15744.696787  -5522.015455 -20956.607123   -134.201394  7  7  6  90       
PG20 -21629.076536 -15270.250509   3250.527767    527.322830  7  5  4  11       
PG21 -24002.955147   2688.200273  11491.775303     21.720393  3  5  6  77       
PG22   -784.271708  17208.746826 -20044.147674   -773.121150  6  5  8 117       
PG24   4993.849654 -17950.828736 -18991.824895    -15.437306  7  6  2 101       
PG25 -14925.206275 -20024.118874  -9651.799662     21.535185  6  7  4  98       
PG26 -20743.015005   -114.488368  16678.757778    240.427779  8  4  7 105       
PG27 -12224.226435  18413.769260  14331.615094   -341.759363  5  6  6  84       
PG28  21651.270523  11117.268658  -9870.274301    701.092582  4  5  5  84       
PG29  -4243.244925 -22615.519353  13190.112738 999999.999999
PG30  23007.875793   1914.868547  13367.068793   -258.746284  4  6  6  56       
PG31 -25665.318686   6147.967665  -4731.991129    -54.545666  7  5  6  74       
PG32 -15203.350676  -1432.922943 -21643.324990    314.311159  7  4  6  82       
*  2020  7  9 22 15  0.00000000
PG01  -5741.541029  17222.924456 -19495.321090     23.516555  5  5  6  73       
PG02  21834.579450 -14912.839701   2851.328406   -484.830329  4  4  4  86       
PG03   4766.091571  18599.418065 -18467.519478   -234.794020  9  8 11 100       
PG04     11.385453  26266.988437   3824.714675   -112.767589  6  9  3  61       
PG05  14959.701459  -7738.005753  20439.347543    -16.332960  3  5  7 107       
PG06  24397.826130  -5053.242168  -9209.699600   -300.842262  6  7  5  52       
PG07  13165.475232  10313.742405  21045.365857   -323.555653  6  5  5 100       
PG08  -6654.484936  24367.081789   7782.559024    -40.428340  6  5  5  85       
PG09   8738.247476  20879.653796  13835.792896   -250.852581  5  4  5  84       
PG10 -23615.430092 -10832.419934  -6012.866881   -395.074669 15 14 13 114       
PG11  -9894.310550  23603.903730  -8191.004298   -225.669975  6  4  6  60       
PG12  -3417.632056 -18743.766285 -18804.242114     95.785948  6  6  4  99       
PG13  13075.208453 -18784.719067  13273.029744     25.334213  4  5  5 103       
PG14 -15391.999533   4528.840764 -20781.256368      0.141170  6  3  6  89       
PG15   4027.981417 -25112.990255   6623.386901   -218.654359  7  8  4  97       
PG16 -13294.041746   7819.469366  21465.573819   -180.714406  7  5  7 105       
PG17  13817.263088   5374.771369 -21621.493100    293.458058  7  6  6  81       
PG18 -12702.889166 -10186.023647  20977.595777    242.154546  9  7  9 107       
PG19  15310.726718  -3184.986055 -21763.450112   -134.197068  8  7  7  83       
PG20 -21013.614545 -15286.374233   5974.587641    527.322558  7  5  3  70       
PG21 -22914.715347   1854.656530  13822.335492     21.724744  4  5  6  62       
PG22  -2875.639550  16058.903284 -20773.222629   -773.118917  6  5  8  80       
PG24   6914.320058 -18750.372227 -17512.391902    -15.438402  7  6  2  91       
PG25 -13838.947452 -19469.020326 -12125.034388     21.538840  6  6  5  80       
PG26 -22131.878953  -1274.907999  14757.569295    240.433974  9  4  7 109       
PG27 -12213.027816  16614.670084  16401.039593   -341.768028  5  5  6  88       
PG28  22302.597668  11971.467363  -7204.609850    701.089414  5  5  5  71       
PG29  -3852.304595 -23941.936697  10748.623252 999999.999999
PG30  21575.515742   2740.991362  15437.734016   -258.753219  4  5  6  80       
PG31 -25119.470594   5681.457807  -7441.379163    -54.548007  7  5  6  78       
PG32 -14961.165903  -3910.062122 -21519.696510    314.316836  7  4  6  76       
*  2020  7  9 22 30  0.00000000
PG01  -7663.445890  18090.200294 -17940.887469     23.520743  4  5  6  79       
PG02  22052.575779 -14741.299174      0.839331   -484.835618  5  4  4 101       
PG03   2867.148913  17535.239578 -19845.329180   -234.804609 10  8 12  97       
PG04   -266.475823  26522.738789    986.575762   -112.771807  6  9  3  78       
PG05  16898.173880  -6491.117834  19358.820810    -16.333567  4  5  7 107       
PG06  23416.973463  -4336.280897 -11752.146842   -300.846991  7  7  5  80       
PG07  11073.812072  11431.378804  21629.302393   -323.563003  5  5  6  96       
PG08  -6860.669999  23317.033774  10407.475949    -40.429005  6  4  5  81       
PG09   8480.034212  22335.714182  11538.656678   -250.858453  5  4  5  81       
PG10 -23954.144357 -11299.463102  -3224.615944   -395.084470 16 14 13 113       
PG11 -10591.346454  24008.463488  -5602.253919   -225.660167  6  4  6  75       
PG12  -1609.795529 -17529.969172 -20170.503266     95.781952  6  6  4  94       
PG13  12987.519922 -17113.369597  15433.695166     25.336830  5  5  5 114       
PG14 -15162.449244   2050.970368 -21342.072047      0.144084  6  4  6  90       
PG15   4450.306200 -24180.620936   9227.775582   -218.652101  6  7  4  95       
PG16 -15219.074349   6309.048983  20717.049100   -180.718599  7  5  7  92       
PG17  13539.041898   7884.257756 -21035.240838    293.463131  7  6  6  89       
PG18 -10545.470800 -11318.657867  21580.784179    242.163274  8  7  8 114       
PG19  14998.870865   -759.212220 -22205.732317   -134.192516  8  7  7  84       
PG20 -20126.446806 -15206.636712   8596.993575    527.322105  7  4  2  88       
PG21 -21662.936899    844.217018  15922.024290     21.728926  4  6  6  80       
PG22  -5075.545901  14978.913119 -21138.888993   -773.116103  6  5  8  73       
PG24   8640.583713 -19547.622808 -15732.014354    -15.438026  7  6  1 100       
PG25 -12501.280422 -18829.969921 -14394.857536     21.542519  5  5  5  61       
PG26 -23377.745534  -2245.869716  12584.429614    240.440206  9  4  7 111       
PG27 -12289.601638  14598.103547  18181.361567   -341.776677  6  5  5  91       
PG28  22751.829031  12592.843220  -4411.446407    701.086017  5  4  5  52       
PG29  -3568.111951 -25001.544992   8121.413024 999999.999999
PG30  19988.174410   3730.723062  17246.009485   -258.760190  4  5  6  88       
PG31 -24332.398018   5056.564381 -10026.187696    -54.549851  7  5  6  75       
PG32 -14847.623454  -6359.591723 -21023.241248    314.322575  7  4  7  92       
*  2020  7  9 22 45  0.00000000
PG01  -9372.502179  18963.848222 -16079.315295     23.524988  4  5  6  70       
PG02  22018.257046 -14390.264678  -2849.600713   -484.840569  6  3  4  86       
PG03    794.124299  16508.057116 -20884.596355   -234.815230 11 10 13 101       
PG04   -527.535757  26470.034514  -1868.577781   -112.775999  7  9  5  61       
PG05  18769.369176  -5409.977885  17943.037343    -16.334296  4  5  7  90       
PG06  22240.456705  -3421.441270 -14092.257126   -300.851683  7  6  6  80       
PG07   9000.823476  12681.333163  21853.110453   -323.571260  5  5  6  91       
PG08  -7132.672168  21991.433880  12850.832260    -40.430342  5  4  5  87       
PG09   8285.996701  23531.482542   9042.295138   -250.864342  5  3  5  79       
PG10 -24038.816584 -11595.207087   -381.600241   -395.094367 17 14 13 116       
PG11 -11118.005108  24195.445909  -2920.010973   -225.651072  6  4  6  70       
PG12    375.788673 -16345.989078 -21197.834467     95.777438  6  7  4  74       
PG13  12964.141593 -15209.878068  17325.513376     25.340068  4  5  5  89       
PG14 -15056.856708   -476.669221 -21522.965435      0.146317  6  4  6  80       
PG15   4952.489028 -22982.017884  11667.863064   -218.650049  6  7  4 104       
PG16 -17132.106332   4968.175643  19608.357844   -180.722949  8  4  7  99       
PG17  13401.506045  10313.977893 -20073.184505    293.468181  7  6  7  79       
PG18  -8409.399082 -12587.012997  21812.330004    242.172060  7  7  8 107       
PG19  14821.811499   1708.157958 -22276.378631   -134.187753  8  7  7  85       
PG20 -18968.146616 -15067.345231  11072.912938    527.321903  7  4  2  91       
PG21 -20289.774251   -349.173047  17757.920496     21.732830  4  6  7  88       
PG22  -7343.933078  13994.286518 -21134.197651   -773.113976  6  5  8  66       
PG24  10152.617030 -20304.147350 -13680.246326    -15.438748  7  6  3  77       
PG25 -10920.788857 -18147.766838 -16423.439217     21.546193  5  5  5  70       
PG26 -24440.941950  -3036.411919  10196.747230    240.446438 10  5  7  94       
PG27 -12479.101429  12404.459915  19641.559188   -341.785287  5  5  4  90       
PG28  22966.405512  13003.227829  -1540.700715    701.082921  5  3  5  40       
PG29  -3357.635591 -25768.859272   5353.923434 999999.999999
PG30  18287.546718   4889.049065  18760.882619   -258.767155  4  5  6  92       
PG31 -23335.769838   4251.366224 -12442.978728    -54.552153  7  5  6  86       
PG32 -14857.748230  -8733.129843 -20163.057404    314.328301  8  4  7  84       
*  2020  7  9 23  0  0.00000000
PG01 -10848.044997  19802.031102 -13941.392085     23.529192  4  5  6  63       
PG02  21754.627514 -13830.721213  -5650.359717   -484.845919  7  3  4  91       
PG03  -1419.422183  15551.543996 -21567.429503   -234.825816 11 11 13  92       
PG04   -808.897845  26109.724291  -4691.500604   -112.780226  7  9  6  78       
PG05  20527.667828  -4497.046841  16217.203388    -16.335356  5  5  7  92       
PG06  20909.983723  -2297.539299 -16189.579309   -300.856413  7  6  6  66       
PG07   6987.596444  14042.222777  21711.749881   -323.578830  4  5  6 102       
PG08  -7501.408840  20418.900623  15070.285711    -40.431305  5  5  5  84       
PG09   8123.080005  24445.342026   6389.874949   -250.870219  5  3  5  76       
PG10 -23848.406196 -11750.910549   2467.897192   -395.104152 18 14 14  60       
PG11 -11497.069383  24139.592757   -188.813459   -225.641322  6  5  5  65       
PG12   2507.961121 -15227.941759 -21868.937558     95.773148  6  7  4  58       
PG13  13033.511081 -13109.495014  18915.441126     25.342993  4  5  6 100       
PG14 -15080.195003  -3003.296877 -21321.201545      0.149118  6  5  6 102       
PG15   5560.762095 -21544.894391  13899.850034   -218.647538  5  7  4 104       
PG16 -18986.207285   3810.133891  18160.251980   -180.727083  9  4  8  84       
PG17  13393.222190  12613.568083 -18753.246736    293.473201  7  6  6  60       
PG18  -6338.662270 -13968.925498  21668.152499    242.180827  7  7  8 111       
PG19  14784.124633   4168.384131 -21974.365200   -134.183192  8  6  7  80       
PG20 -17547.522164 -14904.912034  13359.848479    527.322051  7  4  3  88       
PG21 -18838.577816  -1723.995696  19301.801754     21.737096  4  6  7  66       
PG22  -9636.843526  13123.878344 -20758.791402   -773.111362  6  5  8  62       
PG24  11438.126506 -20979.819924 -11391.582226    -15.437858  7  6  4  96       
PG25  -9114.232251 -17461.924731 -18176.946506     21.549879  5  5  5  91       
PG26 -25285.783629  -3662.863753   7635.448614    240.452631 10  6  7  88       
PG27 -12799.616733  10079.334688  20756.447095   -341.793994  6  5  4  87       
PG28  22920.403692  13231.288476   1356.992824    701.079460  5  2  5  72       
PG29  -3184.091600 -26226.822758   2493.993531 999999.999999
PG30  16516.904364   6213.172716  19956.215204   -258.774124  4  4  5  93       
PG31 -22166.162631   3250.668445 -14650.955247    -54.554212  7  5  6  80       
PG32 -14978.764607 -10984.577539 -18954.533142    314.333976  8  4  8  89       
*  2020  7  9 23 15  0.00000000
PG01 -12077.820009  20561.074498 -11562.913913     23.533463  4  6  6  83       
PG02  21291.183656 -13039.991507  -8351.928808   -484.851197  8  4  4  78       
PG03  -3734.047030  14693.648853 -21881.953946   -234.836433 11 13 14 107       
PG04  -1146.710088  25451.481989  -7433.493193   -112.784371  7  9  7  54       
PG05  22129.289532  -3746.651583  14211.778521    -16.335360  5  5  7  85       
PG06  19470.208610   -961.798023 -18007.798851   -300.861112  7  6  6  97       
PG07   5071.401596  15485.855670  21206.088019   -323.586827  4  5  6  94       
PG08  -7992.348801  18635.016416  17027.553965    -40.433473  5  5  5  89       
PG09   7955.529029  25063.894712   3627.224394   -250.876093  5  4  5  70       
PG10 -23369.630450 -11801.824004   5275.590354   -395.113932 19 14 14  87       
PG11 -11755.917984  23821.777891   2545.525558   -225.631880  6  6  5  66       
PG12   4749.312396 -14206.510369 -22172.349376     95.769253  5  7  5  61       
PG13  13217.868316 -10853.459249  20175.747617     25.345932  3  6  6 105       
PG14 -15229.174542  -5478.178537 -20741.060882      0.151489  7  5  6  87       
PG15   6295.868593 -19903.608568  15883.659802   -218.645073  5  7  4 104       
PG16 -20734.349064   2839.466927  16399.186321   -180.731430  9  4  8  91       
PG17  13494.796548  14736.765169 -17099.850781    293.478525  6  6  6  85       
PG18  -4373.049704 -15435.246997  21150.646546    242.189523  7  8  8 116       
PG19  14882.126085   6572.757772 -21304.724710   -134.178526  8  6  8 102       
PG20 -15881.457778 -14754.328405  15418.361642    527.321817  6  3  3  98       
PG21 -17352.347100  -3271.146560  20530.411598     21.741489  4  6  7  65       
PG22 -11907.958723  12379.209791 -20018.942415   -773.108866  6  6  9  73       
PG24  12492.884857 -21534.419577  -8904.922586    -15.439402  7  6  5  72       
PG25  -7106.093944 -16809.145029 -19626.054347     21.553606  5  6  5  83       
PG26 -25881.902598  -4148.006261   4944.285502    240.458834 10  7  7  89       
PG27 -13261.363475   7671.876527  21507.111780   -341.802635  6  5  4  91       
PG28  22595.545750  13311.115363   4231.229660    701.076263  5  2  5  83       
PG29  -3008.568693 -26367.408360   -408.978961 999999.999999
PG30  14719.543068   7692.425878  20811.196641   -258.781111  4  4  5  96       
PG31 -20863.711594   2046.781349 -16612.609567    -54.556491  8  6  6  64       
PG32 -15190.669389 -13071.704281 -17419.041971    314.339676  8  4  8  51       
*  2020  7  9 23 30  0.00000000
PG01 -13058.330164  21197.194829  -8984.140808     23.537747  5  6  6  43       
PG02  20662.748646 -12002.927220 -10905.853990   -484.856553  8  5  5  67       
PG03  -6105.729158  13955.557276 -21822.523968   -234.846974 10 14 15 105       
PG04  -1574.560080  24513.451263 -10047.249094   -112.788577  7  8  7  92       
PG05  23533.876826  -3145.418701  11961.900422    -16.336409  6  5  7  78       
PG06  17967.033772    579.834610 -19515.377321   -300.865849  6  6  6  96       
PG07   3284.433878  16978.126186  20342.985271   -323.594450  3  5  6  85       
PG08  -8624.356772  16681.023585  18689.078457    -40.434722  5  6  5  63       
PG09   7746.459022  25382.379425    802.031557   -250.882069  5  4  6  83       
PG10 -22597.540243 -11785.674420   7993.971442   -395.123644 20 13 14  87       
PG11 -11925.362682  23229.878694   5236.621592   -225.622382  6  6  5  66       
PG12   7057.392334 -13305.841204 -22102.632473     95.764450  5  7  5  79       
PG13  13532.271355  -8487.553886  21084.516708     25.348861  3  6  6  98       
PG14 -15492.416768  -7852.455084 -19793.706567      0.154064  7  6  6  97       
PG15   7172.008640 -18097.879119  17583.747835   -218.642786  4  7  4  98       
PG16 -22331.120846   2052.052314  14356.760332   -180.735576 10  4  8  75       
PG17  13679.788324  16643.057285 -15143.377042    293.483656  6  5  6  76       
PG18  -2546.783664 -16950.864219  20268.647469    242.198311  7  8  7 103       
PG19  15104.029046   8874.225161 -20278.470887   -134.174064  8  6  8  90       
PG20 -13994.455693 -14647.693989  17212.756006    527.321343  7  3  4 106       
PG21 -15872.243856  -4974.188511  21425.649994     21.745662  4  6  7  84       
PG22 -14110.244831  11764.096643 -18927.458217   -773.106802  6  6  9 117       
PG24  13320.756228 -21929.266165  -6262.941582    -15.439616  7  7  6  78       
PG25  -4927.852493 -16221.906424 -20746.393481     21.557295  5  6  5  81       
PG26 -26205.383406  -4519.993186   2169.104089    240.465002 11  7  7  78       
PG27 -13866.209101   5233.008192  21881.215713   -341.811294  6  5  4  67       
PG28  21981.896120  13280.634721   7032.728485    701.072841  6  2  5  77       
PG29  -2791.736807 -26191.880413  -3304.901454 999999.999999
PG30  12937.234207   9308.483092  21310.717105   -258.788055  4  5  5  77       
PG31 -19470.636441    640.028611 -18294.334446    -54.558674  8  6  5  68       
PG32 -15467.095735 -14957.579410 -15583.536058    314.345368  9  4  9  75       
*  2020  7  9 23 45  0.00000000
PG01 -13794.847251  21668.268389  -6249.153585     23.541936  6  6  6  66       
PG02  19908.072333 -10712.828791 -13265.698693   -484.861567  9  6  5  86       
PG03  -8487.355352  13350.921074 -21389.835340   -234.857552 10 15 16 108       
PG04  -2121.970895  23321.573874 -12487.677927   -112.792698  7  8  8 106       
PG05  24705.946276  -2673.008577   9506.738518    -16.337266  7  5  7  78       
PG06  16445.873095   2312.708138 -20686.111433   -300.870595  6  6  6  83       
PG07   1652.728471  18480.151867  19135.297623   -323.602286  3  5  5  95       
PG08  -9408.812894  14602.314951  20026.591904    -40.436268  5  7  4  91       
PG09   7459.472993  25404.765394  -2036.987177   -250.887962  6  4  6  83       
PG10 -21535.794624 -11741.068020  10577.074781   -395.133497 21 13 14 130       
PG11 -12038.340092  22359.415157   7838.265032   -225.612992  7  7  5  80       
PG12   9386.110477 -12542.688746 -21660.482205     95.759949  5  8  6  79       
PG13  13983.909472  -6060.488876  21626.039065     25.351862  4  6  6 108       
PG14 -15850.974095 -10080.881180 -18496.907015      0.156595  7  6  6  84       
PG15   8196.064027 -16171.285140  18969.814139   -218.640438  5  7  4 108       
PG16 -23734.368539   1435.515941  12069.089334   -180.739922 11  6  8 102       
PG17  13915.917892  18299.086505 -12919.502520    293.488880  5  5  6  67       
PG18   -887.372418 -18475.962545  19037.284169    242.207000  7  8  7 115       
PG19  15430.407744  11028.953841 -18912.442772   -134.169554  9  6  8  92       
PG20 -11917.892069 -14612.858085  18711.708910    527.321719  8  3  4 122       
PG21 -14436.209624  -6809.855074  21974.696196     21.749503  4  6  7  96       
PG22 -16197.638062  11274.600650 -17503.456705   -773.104593  6  7  9  63       
PG24  13933.403765 -22128.828716  -3511.364066    -15.440414  7  7  7  85       
PG25  -2617.001394 -15727.219691 -21518.931400     21.561018  5  7  6  40       
PG26 -26239.665711  -4811.073555   -642.912735    240.471106 11  8  7  79       
PG27 -14607.549093   2813.594678  21873.166870   -341.819921  6  6  4  71       
PG28  21078.228981  13179.918580   9714.155187    701.069839  6  2  5  98       
PG29  -2495.571261 -25710.707440  -6143.859143 999999.999999
PG30  11208.738320  11035.874291  21445.653345   -258.795005  4  5  5  99       
PG31 -18029.693237   -961.036826 -19666.988904    -54.560764  8  7  5  29       
PG32 -15776.431677 -16611.796042 -13480.047039    314.351091  9  4  9  40       
EOF
