ID	DOMES	Date	B	L	Helips	Hnorm	ZTD	mZTD	GradN	GradE	mGradN	mGradE
BART	12234M001	2020-07-07 00:00:00.0	54.25069	20.81544	93.226	65.252	2,395.3	1.6	-1.14	1.73	0.2	0.21
BART	12234M001	2020-07-07 00:30:00.0	54.25069	20.81544	93.226	65.252	2,390.5	1.5	-1.07	0.88	0.2	0.21
BART	12234M001	2020-07-07 01:00:00.0	54.25069	20.81544	93.233	65.259	2,382.3	0.9	-1.14	0.42	0.11	0.12
BEDZ	NDNT-BEDZ	2020-07-07 00:00:00.0	50.34453	19.15936	315.219	274.427	2,358.8	1.5	-2.26	1.78	0.18	0.16
BEDZ	NDNT-BEDZ	2020-07-07 00:30:00.0	50.34453	19.15936	315.219	274.427	2,357.8	1.5	-2.06	2.42	0.18	0.19
BEDZ	NDNT-BEDZ	2020-07-07 01:00:00.0	50.34453	19.15936	315.219	274.427	2,352.2	1.1	-2.66	2.22	0.12	0.13
BES1	MUSE-BES1	2020-07-07 00:00:00.0	50.32831	19.12436	310.624	269.724	2,367.4	1.7	-2.25	1.26	0.19	0.21
BES1	MUSE-BES1	2020-07-07 00:30:00.0	50.32831	19.12436	310.624	269.724	2,365.2	1.7	-2.85	2.05	0.2	0.25
BES1	MUSE-BES1	2020-07-07 01:00:00.0	50.32831	19.12436	310.627	269.727	2,355.4	1.5	-2.76	1.68	0.16	0.22
BIA2	NDNT-BIAL	2020-07-07 00:00:00.0	49.39022	20.09875	754.85	713.411	2,290.1	1.7	-2.23	0.88	0.22	0.21
BIA2	NDNT-BIAL	2020-07-07 00:30:00.0	49.39022	20.09875	754.85	713.411	2,287	1.8	-1.74	1.2	0.22	0.24
BIA2	NDNT-BIAL	2020-07-07 01:00:00.0	49.39022	20.09875	754.856	713.417	2,269.6	1.5	-0.97	0.6	0.18	0.2
BILG	12236M001	2020-07-07 00:00:00.0	50.5315	22.71858	242.987	209.298	2,404	1.4	-1.07	2.61	0.17	0.17
BILG	12236M001	2020-07-07 00:30:00.0	50.5315	22.71858	242.987	209.298	2,390.4	1.4	0.11	1.02	0.18	0.2
BILG	12236M001	2020-07-07 01:00:00.0	50.5315	22.71858	242.972	209.283	2,401.2	1.2	-0.83	1.49	0.14	0.14
BOGI	12207M003	2020-07-07 00:00:00.0	52.475	21.03522	139.972	109.164	2,386.6	1.8	-0.9	2.71	0.32	0.24
BOGI	12207M003	2020-07-07 00:30:00.0	52.475	21.03522	139.972	109.164	2,385.1	2	-0.82	3.08	0.31	0.28
BOGI	12207M003	2020-07-07 01:00:00.0	52.475	21.03522	139.979	109.171	2,374	1.4	-2.28	3.24	0.23	0.19
BOGO	12207M002	2020-07-07 00:00:00.0	52.47594	21.03536	149.605	118.799	2,388.6	1.6	-2.01	1.61	0.23	0.21
BOGO	12207M002	2020-07-07 00:30:00.0	52.47594	21.03536	149.605	118.799	2,389.9	2	-1.99	2.15	0.27	0.26
BOGO	12207M002	2020-07-07 01:00:00.0	52.47594	21.03536	149.609	118.803	2,375.4	1.3	-1.54	1.74	0.19	0.16
BOR1	12205M002	2020-07-07 00:00:00.0	52.27694	17.07347	124.416	89.065	2,402.8	1.4	-0.51	0.52	0.27	0.17
BOR1	12205M002	2020-07-07 00:30:00.0	52.27694	17.07347	124.416	89.065	2,398.3	1.4	-0.59	1.2	0.24	0.19
BOR1	12205M002	2020-07-07 01:00:00.0	52.27694	17.07347	124.416	89.065	2,389.7	1.1	-1.03	0.68	0.2	0.14
BPDL	12223M001	2020-07-07 00:00:00.0	52.03528	23.12736	196.359	167.425	2,393.1	1.4	-0.98	1.8	0.21	0.2
BPDL	12223M001	2020-07-07 00:30:00.0	52.03528	23.12736	196.359	167.425	2,384.3	1.4	-0.76	2.19	0.19	0.21
BPDL	12223M001	2020-07-07 01:00:00.0	52.03528	23.12736	196.358	167.424	2,387.5	1	-1.01	0.18	0.13	0.12
BRZE	NDNT-BRZE	2020-07-07 00:00:00.0	49.969	20.59017	327.384	289.024	2,379.9	1.4	-1.4	1.22	0.24	0.18
BRZE	NDNT-BRZE	2020-07-07 00:30:00.0	49.969	20.59017	327.384	289.024	2,383.2	1.4	-0.43	1.18	0.19	0.18
BRZE	NDNT-BRZE	2020-07-07 01:00:00.0	49.969	20.59017	327.376	289.016	2,381.5	1.2	-0.24	0.72	0.17	0.12
BRZG	NDNT-BRZG	2020-07-07 00:00:00.0	50.86219	17.45103	190.687	150.338	2,392.8	1.7	-0.54	0.16	0.2	0.2
BRZG	NDNT-BRZG	2020-07-07 00:30:00.0	50.86219	17.45103	190.687	150.338	2,382.5	1.8	-0.38	0.84	0.24	0.23
BRZG	NDNT-BRZG	2020-07-07 01:00:00.0	50.86219	17.45103	190.688	150.339	2,377.8	1.2	-1.12	1.25	0.16	0.13
BUCU	11401M001	2020-07-07 00:00:00.0	44.46394	26.12575	143.338	108.827	2,473.7	1.6	-1.26	0.38	0.25	0.2
BUCU	11401M001	2020-07-07 00:30:00.0	44.46394	26.12575	143.338	108.827	2,476.8	1.7	-1.78	0	0.24	0.25
BUCU	11401M001	2020-07-07 01:00:00.0	44.46394	26.12575	143.32	108.809	2,476.6	1.6	-0.92	-0.36	0.19	0.14
BUSK	NDNT-BUSK	2020-07-07 00:00:00.0	50.47422	20.71275	311.409	274.013	2,386.8	1.4	-1.81	1.24	0.16	0.16
BUSK	NDNT-BUSK	2020-07-07 00:30:00.0	50.47422	20.71275	311.409	274.013	2,383.4	1.4	-1.9	1.51	0.16	0.18
BUSK	NDNT-BUSK	2020-07-07 01:00:00.0	50.47422	20.71278	311.41	274.014	2,380.2	1.1	-1.81	0.83	0.12	0.11
BUZD	12238M001	2020-07-07 00:00:00.0	50.46622	20.71894	299.277	261.882	2,387	1.7	-1.23	1.37	0.25	0.22
BUZD	12238M001	2020-07-07 00:30:00.0	50.46622	20.71894	299.277	261.882	2,387.9	1.8	-1.74	1.49	0.23	0.25
BUZD	12238M001	2020-07-07 01:00:00.0	50.46622	20.71894	299.277	261.882	2,380.5	1.1	-1.79	0.96	0.15	0.12
BYDG	12224M001	2020-07-07 00:00:00.0	53.13456	17.99364	104.434	73.826	2,387.6	1.3	-1.15	0.82	0.17	0.15
BYDG	12224M001	2020-07-07 00:30:00.0	53.13456	17.99364	104.434	73.826	2,385.1	1.3	-0.94	0	0.18	0.17
BYDG	12224M001	2020-07-07 01:00:00.0	53.13456	17.99364	104.438	73.83	2,382.7	0.9	-1.19	0.13	0.12	0.11
CBKA	12221M001	2020-07-07 00:00:00.0	52.21472	21.06769	125.193	93.945	2,400.5	1.6	-1.16	1.85	0.22	0.22
CBKA	12221M001	2020-07-07 00:30:00.0	52.21472	21.06769	125.193	93.945	2,392.5	1.8	-0.82	0.88	0.24	0.24
CBKA	12221M001	2020-07-07 01:00:00.0	52.21472	21.06769	125.196	93.948	2,387.4	1	-1.66	2.13	0.13	0.11
CCHN	12239M001	2020-07-07 00:00:00.0	52.88281	20.59783	167.631	136.737	2,377.7	1.7	-0.93	1.68	0.23	0.21
CCHN	12239M001	2020-07-07 00:30:00.0	52.88281	20.59783	167.631	136.737	2,382.3	1.7	-0.96	1.36	0.23	0.24
CCHN	12239M001	2020-07-07 01:00:00.0	52.88281	20.59783	167.639	136.745	2,371.1	1.1	-1.3	0.44	0.18	0.15
CES1	MUSE-CES1	2020-07-07 00:00:00.0	50.11128	19.19797	297.889	256.373	2,371	1.5	-2.89	1.13	0.19	0.17
CES1	MUSE-CES1	2020-07-07 00:30:00.0	50.11128	19.19797	297.889	256.373	2,376.6	1.6	-2.73	0.8	0.19	0.19
CES1	MUSE-CES1	2020-07-07 01:00:00.0	50.11128	19.19797	297.888	256.372	2,370.4	1.3	-2.4	1.83	0.16	0.17
CHEL	12240M001	2020-07-07 00:00:00.0	51.13	23.48042	255.545	225.928	2,424	1.4	-0.59	2.31	0.17	0.17
CHEL	12240M001	2020-07-07 00:30:00.0	51.13	23.48042	255.545	225.928	2,408.9	1.5	-1.98	3.54	0.18	0.21
CHEL	12240M001	2020-07-07 01:00:00.0	51.13	23.48042	255.526	225.909	2,389.1	1.3	-1.95	0.66	0.15	0.14
CHNO	12241M001	2020-07-07 00:00:00.0	53.16406	15.41406	105.386	70.631	2,412.2	1.7	-0.37	-1.49	0.23	0.23
CHNO	12241M001	2020-07-07 00:30:00.0	53.16406	15.41406	105.386	70.631	2,399.6	1.5	-0.57	-0.22	0.23	0.2
CHNO	12241M001	2020-07-07 01:00:00.0	53.16406	15.41406	105.387	70.632	2,389.6	1.2	-0.35	-0.57	0.17	0.16
CHOJ	12242M001	2020-07-07 00:00:00.0	53.69519	17.55236	204.047	173.297	2,379.8	1.6	0.22	-1.77	0.22	0.2
CHOJ	12242M001	2020-07-07 00:30:00.0	53.69519	17.55236	204.047	173.297	2,372.1	1.6	0.21	-0.74	0.24	0.22
CHOJ	12242M001	2020-07-07 01:00:00.0	53.69519	17.55236	204.054	173.304	2,358.3	1	-1.07	0.2	0.13	0.13
CLIB	11526M001	2020-07-07 00:00:00.0	50.77169	15.05989	448.431	405.141	2,314.1	1.4	-1.38	0.72	0.19	0.16
CLIB	11526M001	2020-07-07 00:30:00.0	50.77169	15.05989	448.431	405.141	2,315	1.4	-1.18	0.21	0.19	0.14
CLIB	11526M001	2020-07-07 01:00:00.0	50.77169	15.05989	448.433	405.143	2,309.9	1	-0.4	-0.28	0.12	0.12
CNIV	15501M001	2020-07-07 00:00:00.0	51.51894	31.31361	175.924	151.174	2,427.1	1.4	1.03	-3.12	0.18	0.19
CNIV	15501M001	2020-07-07 00:30:00.0	51.51894	31.31361	175.924	151.174	2,430.5	1.5	1.08	-1.78	0.18	0.21
CNIV	15501M001	2020-07-07 01:00:00.0	51.51894	31.31361	175.92	151.17	2,424.4	1.2	0.92	-2.54	0.14	0.15
CPAR	11527M001	2020-07-07 00:00:00.0	50.03956	15.78325	283.341	239.236	2,368.7	1.8	-0.87	-0.01	0.21	0.2
CPAR	11527M001	2020-07-07 00:30:00.0	50.03956	15.78325	283.341	239.236	2,371.3	1.7	-1.31	-0.64	0.2	0.2
CPAR	11527M001	2020-07-07 01:00:00.0	50.03956	15.78325	283.349	239.244	2,353	1.3	-0.46	0.46	0.14	0.15
CRAK	11528M001	2020-07-07 00:00:00.0	50.10239	13.72925	381.952	336.114	2,332.4	1.5	-0.92	0.14	0.25	0.17
CRAK	11528M001	2020-07-07 00:30:00.0	50.10239	13.72925	381.952	336.114	2,334.1	1.4	-1.78	0.47	0.22	0.16
CRAK	11528M001	2020-07-07 01:00:00.0	50.10239	13.72925	381.953	336.115	2,326.4	1.1	-1.52	0.59	0.16	0.13
CZES	NDNT-CZES	2020-07-07 00:00:00.0	50.78419	19.15317	312.083	273.231	2,343.6	1.5	-1.51	2.28	0.18	0.16
CZES	NDNT-CZES	2020-07-07 00:30:00.0	50.78419	19.15317	312.083	273.231	2,349.7	1.5	-1.77	2.94	0.18	0.18
CZES	NDNT-CZES	2020-07-07 01:00:00.0	50.78419	19.15317	312.093	273.241	2,343.9	1.1	-1.42	0.93	0.13	0.13
DAB1	NDNT-DABT	2020-07-07 00:00:00.0	50.17606	20.992	249.903	212.866	2,409	1.3	-0.99	2.1	0.16	0.15
DAB1	NDNT-DABT	2020-07-07 00:30:00.0	50.17606	20.992	249.903	212.866	2,408	1.4	-0.89	1.04	0.17	0.17
DAB1	NDNT-DABT	2020-07-07 01:00:00.0	50.17606	20.992	249.894	212.857	2,405	1.1	-0.91	0.5	0.12	0.11
DEBI	NDNT-DEBI	2020-07-07 00:00:00.0	50.04361	21.41992	258.876	222.7	2,412	1.5	-1.87	0.84	0.18	0.16
DEBI	NDNT-DEBI	2020-07-07 00:30:00.0	50.04361	21.41992	258.876	222.7	2,404.7	1.4	-1.71	0.6	0.17	0.18
DEBI	NDNT-DEBI	2020-07-07 01:00:00.0	50.04361	21.41992	258.872	222.696	2,404.2	1.1	-1.24	0.51	0.13	0.11
DRWP	12243M001	2020-07-07 00:00:00.0	53.52633	15.81747	171.075	136.779	2,389.9	1.5	-0.3	0.62	0.21	0.19
DRWP	12243M001	2020-07-07 00:30:00.0	53.52633	15.81747	171.075	136.779	2,390.2	1.4	1.08	0.71	0.19	0.16
DRWP	12243M001	2020-07-07 01:00:00.0	53.52633	15.81747	171.081	136.785	2,378.8	1	0.08	-0.56	0.11	0.13
DYNW	NDNT-DYNW	2020-07-07 00:00:00.0	49.81286	22.22936	311.686	276.628	2,405.8	1.7	-2.34	1.3	0.21	0.25
DYNW	NDNT-DYNW	2020-07-07 00:30:00.0	49.81286	22.22936	311.686	276.628	2,406.5	1.8	-2.46	1.77	0.23	0.29
DYNW	NDNT-DYNW	2020-07-07 01:00:00.0	49.81286	22.22936	311.665	276.607	2,401.9	1.4	-1.45	0.13	0.15	0.22
DZIA	12244M001	2020-07-07 00:00:00.0	53.23033	20.16739	206.573	176.055	2,365.4	1.3	-0.7	0.93	0.17	0.15
DZIA	12244M001	2020-07-07 00:30:00.0	53.23033	20.16739	206.573	176.055	2,360.3	1.3	-1.29	1.04	0.17	0.17
DZIA	12244M001	2020-07-07 01:00:00.0	53.23033	20.16739	206.572	176.054	2,352.5	0.9	-0.92	0.65	0.12	0.1
ELBL	18991M001	2020-07-07 00:00:00.0	54.15556	19.40036	52.681	23.673	2,413.5	1.4	-2.23	1.14	0.17	0.18
ELBL	18991M001	2020-07-07 00:30:00.0	54.15556	19.40036	52.681	23.673	2,423.4	1.5	-1.57	0.36	0.19	0.2
ELBL	18991M001	2020-07-07 01:00:00.0	54.15556	19.40036	52.692	23.684	2,400.5	0.9	-0.56	-0.01	0.12	0.11
GDA1	12252M002	2020-07-07 00:00:00.0	54.35142	18.64108	63.167	33.935	2,408.3	1.5	0.61	0.37	0.19	0.18
GDA1	12252M002	2020-07-07 00:30:00.0	54.35142	18.64108	63.167	33.935	2,417.1	1.5	0.96	0.59	0.18	0.19
GDA1	12252M002	2020-07-07 01:00:00.0	54.35142	18.64108	63.171	33.939	2,409.5	1	0.3	0.04	0.12	0.13
GIZY	12253M001	2020-07-07 00:00:00.0	54.03578	21.76778	166.815	138.575	2,373.2	1.4	-0.93	0.99	0.17	0.19
GIZY	12253M001	2020-07-07 00:30:00.0	54.03578	21.76778	166.815	138.575	2,378.4	1.5	-1.36	1.75	0.18	0.21
GIZY	12253M001	2020-07-07 01:00:00.0	54.03578	21.76778	166.821	138.581	2,368.2	0.8	-0.68	0.72	0.11	0.11
GLIW	NDNT-GLIW	2020-07-07 00:00:00.0	50.22644	18.60972	284.032	242.456	2,373.3	1.8	-2.17	2.69	0.27	0.21
GLIW	NDNT-GLIW	2020-07-07 00:30:00.0	50.22644	18.60972	284.032	242.456	2,372.1	1.8	-2.56	3.13	0.25	0.24
GLIW	NDNT-GLIW	2020-07-07 01:00:00.0	50.22644	18.60972	284.037	242.461	2,363.7	1.3	-2.39	2.76	0.15	0.16
GLOG	12254M001	2020-07-07 00:00:00.0	51.66525	16.07428	144.424	104.581	2,400.3	1.5	-0.8	-0.02	0.2	0.18
GLOG	12254M001	2020-07-07 00:30:00.0	51.66525	16.07428	144.424	104.581	2,405.2	1.4	-0.47	-0.06	0.2	0.18
GLOG	12254M001	2020-07-07 01:00:00.0	51.66525	16.07428	144.422	104.579	2,396.3	1	-0.14	-0.11	0.13	0.14
GLSV	12356M001	2020-07-07 00:00:00.0	50.36419	30.49675	226.324	200.952	2,428.9	1.3	-1.03	-0.64	0.15	0.17
GLSV	12356M001	2020-07-07 00:30:00.0	50.36419	30.49675	226.324	200.952	2,432.2	1.4	-0.16	-0.92	0.16	0.19
GLSV	12356M001	2020-07-07 01:00:00.0	50.36419	30.49675	226.324	200.952	2,416.8	0.9	0.36	0.02	0.1	0.11
GLUB	NDNT-GLUB	2020-07-07 00:00:00.0	50.20236	17.81056	321.375	279.151	2,345.6	1.7	-0.87	1.41	0.21	0.18
GLUB	NDNT-GLUB	2020-07-07 00:30:00.0	50.20236	17.81056	321.375	279.151	2,343.8	1.6	-0.19	1.24	0.19	0.18
GLUB	NDNT-GLUB	2020-07-07 01:00:00.0	50.20236	17.81056	321.376	279.152	2,341.2	1.2	-0.88	1.99	0.14	0.13
GNIE	12255M001	2020-07-07 00:00:00.0	52.53294	17.58386	172.124	138.862	2,381.2	1.3	-0.99	0.58	0.18	0.16
GNIE	12255M001	2020-07-07 00:30:00.0	52.53294	17.58386	172.124	138.862	2,382.4	1.3	-1.45	0.84	0.19	0.14
GNIE	12255M001	2020-07-07 01:00:00.0	52.53294	17.58386	172.131	138.869	2,370	0.9	-1.57	1.21	0.12	0.13
GOLE	12256M001	2020-07-07 00:00:00.0	53.55872	14.838	68.863	33.686	2,410.1	1.7	-0.24	-0.11	0.24	0.21
GOLE	12256M001	2020-07-07 00:30:00.0	53.55872	14.838	68.863	33.686	2,402	1.6	-0.28	0.01	0.24	0.2
GOLE	12256M001	2020-07-07 01:00:00.0	53.55872	14.838	68.861	33.684	2,394.2	1	-0.24	0.35	0.14	0.12
GOPE	11502M002	2020-07-07 00:00:00.0	49.91369	14.78564	592.725	547.556	2,275.9	2.1	-0.29	-0.09	0.34	0.25
GOPE	11502M002	2020-07-07 00:30:00.0	49.91369	14.78564	592.725	547.556	2,273.7	2.1	-0.48	-0.4	0.32	0.24
GOPE	11502M002	2020-07-07 01:00:00.0	49.91369	14.78564	592.728	547.559	2,263.2	1.4	-0.01	0.26	0.17	0.15
GOR1	NDNT-GORL	2020-07-07 00:00:00.0	49.65586	21.13944	381.24	343.385	2,379.6	1.3	-0.34	0.28	0.17	0.15
GOR1	NDNT-GORL	2020-07-07 00:30:00.0	49.65586	21.13944	381.24	343.385	2,380.7	1.4	-0.84	1.38	0.17	0.17
GOR1	NDNT-GORL	2020-07-07 01:00:00.0	49.65586	21.13944	381.244	343.389	2,373	1.1	-0.74	0.7	0.12	0.11
GRAJ	12245M001	2020-07-07 00:00:00.0	53.65106	22.45231	165.188	136.672	2,379.8	1.6	-2.64	0.69	0.24	0.21
GRAJ	12245M001	2020-07-07 00:30:00.0	53.65106	22.45231	165.188	136.672	2,383	1.6	-2.59	0.93	0.25	0.24
GRAJ	12245M001	2020-07-07 01:00:00.0	53.65106	22.45231	165.193	136.677	2,371.9	1	-1.94	0.52	0.15	0.14
GWWL	12225M001	2020-07-07 00:00:00.0	52.73797	15.20522	127.164	90.875	2,398.3	1.4	-1.54	0.06	0.19	0.17
GWWL	12225M001	2020-07-07 00:30:00.0	52.73797	15.20522	127.164	90.875	2,393.5	1.4	-1.95	0.21	0.2	0.16
GWWL	12225M001	2020-07-07 01:00:00.0	52.73797	15.20522	127.161	90.872	2,381.5	1	-2.05	0.61	0.12	0.13
HAJN	12247M001	2020-07-07 00:00:00.0	52.74097	23.56589	196.625	168.354	2,389.7	1.5	-1.38	4.11	0.25	0.21
HAJN	12247M001	2020-07-07 00:30:00.0	52.74097	23.56589	196.625	168.354	2,401.3	1.4	-1.24	2.71	0.21	0.22
HAJN	12247M001	2020-07-07 01:00:00.0	52.74097	23.56589	196.627	168.356	2,390.3	1.1	-0.34	1.36	0.14	0.14
HOZD	12248M001	2020-07-07 00:00:00.0	50.18886	23.36225	298.867	266.996	2,437.8	1.6	-1.31	2.94	0.23	0.21
HOZD	12248M001	2020-07-07 00:30:00.0	50.18886	23.36225	298.867	266.996	2,428.3	1.7	-2.06	3.55	0.25	0.24
HOZD	12248M001	2020-07-07 01:00:00.0	50.18886	23.36225	298.862	266.991	2,415.8	1.4	-2.47	3.19	0.16	0.17
HRUB	12249M001	2020-07-07 00:00:00.0	50.80469	23.88628	234.454	204.526	2,455.4	1.8	-1.24	-2.34	0.29	0.25
HRUB	12249M001	2020-07-07 00:30:00.0	50.80469	23.88628	234.454	204.526	2,444.5	1.7	0	-1.23	0.25	0.25
HRUB	12249M001	2020-07-07 01:00:00.0	50.80469	23.88628	234.428	204.5	2,430.4	1.4	-3	0.57	0.18	0.15
IGEO	15101M001	2020-07-07 00:00:00.0	47.03036	28.84353	105.889	74.65	2,482.1	1.4	-0.07	1.64	0.16	0.17
IGEO	15101M001	2020-07-07 00:30:00.0	47.03036	28.84353	105.889	74.65	2,485.6	1.5	1	-0.68	0.19	0.21
IGEO	15101M001	2020-07-07 01:00:00.0	47.03036	28.84353	105.881	74.642	2,473.2	1.3	1.27	0.61	0.16	0.14
ILAW	12250M001	2020-07-07 00:00:00.0	53.58714	19.56797	162.811	133.327	2,378.7	1.2	-1.08	1.23	0.13	0.12
ILAW	12250M001	2020-07-07 00:30:00.0	53.58714	19.56797	162.811	133.327	2,373.8	1.2	-0.76	1	0.14	0.13
ILAW	12250M001	2020-07-07 01:00:00.0	53.58714	19.56797	162.817	133.333	2,367.4	0.8	-0.73	0.25	0.08	0.09
JAR1	NDNT-JARO	2020-07-07 00:00:00.0	50.01719	22.67853	268.95	235.111	2,424.2	1.1	-1.46	1.19	0.13	0.12
JAR1	NDNT-JARO	2020-07-07 00:30:00.0	50.01719	22.67853	268.95	235.111	2,402.3	1.2	-1.52	1.52	0.13	0.14
JAR1	NDNT-JARO	2020-07-07 01:00:00.0	50.01719	22.67853	268.932	235.093	2,414.7	1.1	-1.76	0.48	0.11	0.1
JAST	NDNT-JAST	2020-07-07 00:00:00.0	49.95256	18.61192	342.804	300.531	2,360.9	1.4	-1.77	1.15	0.16	0.14
JAST	NDNT-JAST	2020-07-07 00:30:00.0	49.95256	18.61192	342.804	300.531	2,363.2	1.4	-2.44	0.97	0.15	0.14
JAST	NDNT-JAST	2020-07-07 01:00:00.0	49.95256	18.61192	342.81	300.537	2,357.7	1.2	-2.08	1.81	0.14	0.12
JEDR	NDNT-JEDR	2020-07-07 00:00:00.0	50.64175	20.30078	297.604	259.865	2,377.2	1.3	-1.87	1.45	0.16	0.15
JEDR	NDNT-JEDR	2020-07-07 00:30:00.0	50.64175	20.30078	297.604	259.865	2,372.4	1.3	-2.21	2.55	0.17	0.16
JEDR	NDNT-JEDR	2020-07-07 01:00:00.0	50.64175	20.30078	297.606	259.867	2,363.5	0.9	-2.57	1.55	0.1	0.09
JLGR	12251M001	2020-07-07 00:00:00.0	50.91947	15.73325	408.195	365.343	2,327.6	1.5	-0.74	0.34	0.25	0.18
JLGR	12251M001	2020-07-07 00:30:00.0	50.91947	15.73325	408.195	365.343	2,324.7	1.4	-0.79	0.26	0.22	0.15
JLGR	12251M001	2020-07-07 01:00:00.0	50.91947	15.73325	408.192	365.34	2,317	1.1	-0.23	0.06	0.16	0.13
JOZ2	12204M002	2020-07-07 00:00:00.0	52.09783	21.03236	152.509	120.87	2,394.3	1.6	-0.91	1.81	0.22	0.22
JOZ2	12204M002	2020-07-07 00:30:00.0	52.09783	21.03236	152.509	120.87	2,388	1.8	-1.42	1.56	0.25	0.24
JOZ2	12204M002	2020-07-07 01:00:00.0	52.09783	21.03236	152.518	120.879	2,379.7	1	-1.2	1.85	0.14	0.12
JOZE	12204M001	2020-07-07 00:00:00.0	52.09728	21.03156	141.612	109.971	2,401.8	1.7	-0.91	1.56	0.27	0.23
JOZE	12204M001	2020-07-07 00:30:00.0	52.09728	21.03156	141.612	109.971	2,396.9	1.9	-0.98	1.2	0.31	0.28
JOZE	12204M001	2020-07-07 01:00:00.0	52.09728	21.03156	141.62	109.979	2,385.3	1.3	-1.62	1.78	0.24	0.17
KALI	12257M001	2020-07-07 00:00:00.0	51.75389	18.09517	147.738	111.74	2,387.7	1.7	-0.92	0.98	0.24	0.19
KALI	12257M001	2020-07-07 00:30:00.0	51.75389	18.09517	147.738	111.74	2,391.1	1.6	-0.81	0.3	0.21	0.18
KALI	12257M001	2020-07-07 01:00:00.0	51.75389	18.09517	147.742	111.744	2,380.8	1.2	-2.01	1.57	0.15	0.13
KAM1	12258M001	2020-07-07 00:00:00.0	53.96306	14.77739	57.763	22.813	2,401.7	1.7	-0.69	0.58	0.25	0.22
KAM1	12258M001	2020-07-07 00:30:00.0	53.96306	14.77739	57.763	22.813	2,410.8	1.7	0.04	0.87	0.25	0.22
KAM1	12258M001	2020-07-07 01:00:00.0	53.96306	14.77739	57.765	22.815	2,402.6	1.1	0.3	0.81	0.15	0.13
KATO	12219S001	2020-07-07 00:00:00.0	50.25328	19.03564	332.88	291.615	2,354.4	1.5	-2.37	1.28	0.18	0.16
KATO	12219S001	2020-07-07 00:30:00.0	50.25328	19.03564	332.88	291.615	2,356.2	1.5	-2.62	1.37	0.17	0.18
KATO	12219S001	2020-07-07 01:00:00.0	50.25328	19.03564	332.88	291.615	2,348.3	1.1	-2.59	1.42	0.12	0.11
KAZ1	NDNT-KAZA	2020-07-07 00:00:00.0	50.30422	20.45164	261.172	222.969	2,399	1.2	-1.54	1.1	0.14	0.13
KAZ1	NDNT-KAZA	2020-07-07 00:30:00.0	50.30422	20.45164	261.172	222.969	2,401.2	1.2	-1.34	1.3	0.14	0.14
KAZ1	NDNT-KAZA	2020-07-07 01:00:00.0	50.30422	20.45164	261.173	222.97	2,393.3	1.1	-1.93	1.06	0.12	0.12
KEPN	12259M001	2020-07-07 00:00:00.0	51.28017	17.98358	220.288	181.801	2,370	1.7	0.09	0.87	0.21	0.18
KEPN	12259M001	2020-07-07 00:30:00.0	51.28017	17.98358	220.288	181.801	2,366.5	1.6	-0.31	0.47	0.21	0.18
KEPN	12259M001	2020-07-07 01:00:00.0	51.28017	17.98358	220.293	181.806	2,358.5	1.1	-0.88	1.84	0.13	0.12
KES1	MUSE-KES1	2020-07-07 00:00:00.0	50.27158	19.02614	339.93	298.718	2,355.4	1.9	-2.79	0.91	0.22	0.26
KES1	MUSE-KES1	2020-07-07 00:30:00.0	50.27158	19.02614	339.93	298.718	2,357.6	1.7	-2.67	0.83	0.2	0.22
KES1	MUSE-KES1	2020-07-07 01:00:00.0	50.27158	19.02614	339.928	298.716	2,349.2	1.3	-2.85	1.4	0.18	0.16
KILE	NDNT-KIEL	2020-07-07 00:00:00.0	50.90847	20.66397	364.632	328.071	2,360.6	1.3	-1.59	1.47	0.17	0.15
KILE	NDNT-KIEL	2020-07-07 00:30:00.0	50.90847	20.66397	364.632	328.071	2,357.4	1.4	-1.05	2.25	0.18	0.16
KILE	NDNT-KIEL	2020-07-07 01:00:00.0	50.90847	20.66397	364.632	328.071	2,346.4	1.1	-1.37	1.61	0.12	0.13
KLCE	12260M001	2020-07-07 00:00:00.0	50.87575	20.62967	333.558	296.866	2,362.5	1.3	-1.57	1.6	0.17	0.15
KLCE	12260M001	2020-07-07 00:30:00.0	50.87575	20.62967	333.558	296.866	2,363	1.4	-1.77	2.01	0.18	0.16
KLCE	12260M001	2020-07-07 01:00:00.0	50.87575	20.62967	333.559	296.867	2,353.8	1.1	-1.86	1.57	0.12	0.13
KLDZ	12261M001	2020-07-07 00:00:00.0	50.43558	16.65189	359.554	316.314	2,339.7	1.7	-0.62	0.55	0.2	0.19
KLDZ	12261M001	2020-07-07 00:30:00.0	50.43558	16.65189	359.554	316.314	2,336.2	1.6	-0.87	-0.03	0.2	0.18
KLDZ	12261M001	2020-07-07 01:00:00.0	50.43558	16.65189	359.557	316.317	2,330.7	1.3	-0.43	0.75	0.14	0.13
KLOB	12219M001	2020-07-07 00:00:00.0	50.90553	18.93689	301.638	262.934	2,337.8	1.5	-1.22	1.07	0.2	0.17
KLOB	12219M001	2020-07-07 00:30:00.0	50.90553	18.93689	301.638	262.934	2,338.4	1.5	-1.24	0.09	0.19	0.18
KLOB	12219M001	2020-07-07 01:00:00.0	50.90553	18.93689	301.636	262.932	2,344.2	1.1	-1.4	0.82	0.13	0.12
KLUC	NDNT-KLUC	2020-07-07 00:00:00.0	50.96822	18.21419	232.952	193.524	2,368.1	1.6	-0.8	-0.06	0.2	0.18
KLUC	NDNT-KLUC	2020-07-07 00:30:00.0	50.96822	18.21419	232.952	193.524	2,369.9	1.6	-0.78	0.85	0.19	0.17
KLUC	NDNT-KLUC	2020-07-07 01:00:00.0	50.96822	18.21419	232.953	193.525	2,365.1	1.1	-1.52	1.67	0.12	0.12
KOLB	NDNT-KOLA	2020-07-07 00:00:00.0	50.24403	21.78331	250.597	215.148	2,395.5	1.5	0.75	1.5	0.19	0.17
KOLB	NDNT-KOLA	2020-07-07 00:30:00.0	50.24403	21.78331	250.597	215.148	2,395.7	1.5	0.43	2.23	0.2	0.19
KOLB	NDNT-KOLA	2020-07-07 01:00:00.0	50.24403	21.78331	250.575	215.126	2,406.1	1.2	-0.36	0.19	0.14	0.14
KONI	12262M001	2020-07-07 00:00:00.0	52.22811	18.25397	157.114	123.972	2,385.8	1.4	-0.68	-0.11	0.18	0.16
KONI	12262M001	2020-07-07 00:30:00.0	52.22811	18.25397	157.114	123.972	2,384.4	1.4	-0.96	0.51	0.19	0.14
KONI	12262M001	2020-07-07 01:00:00.0	52.22811	18.25397	157.116	123.974	2,375.9	1.2	-1.08	0.91	0.16	0.15
KOSC	12263M001	2020-07-07 00:00:00.0	54.12256	17.98158	211.135	180.963	2,378.2	1.5	0.34	-1.18	0.2	0.18
KOSC	12263M001	2020-07-07 00:30:00.0	54.12256	17.98158	211.135	180.963	2,380.6	1.5	0.75	-0.31	0.19	0.19
KOSC	12263M001	2020-07-07 01:00:00.0	54.12256	17.98158	211.138	180.966	2,365.1	0.9	0.5	0.17	0.12	0.11
KOSZ	12264M001	2020-07-07 00:00:00.0	54.20339	16.19772	123.186	90.115	2,385.7	1.4	0.4	1.99	0.23	0.17
KOSZ	12264M001	2020-07-07 00:30:00.0	54.20339	16.19772	123.186	90.115	2,369.4	1.4	-0.3	0.81	0.21	0.16
KOSZ	12264M001	2020-07-07 01:00:00.0	54.20339	16.19772	123.185	90.114	2,376.9	1	-0.65	0.98	0.13	0.12
KRA1	12218M002	2020-07-07 00:00:00.0	50.06611	19.92047	267.125	227.041	2,391.8	1.5	-1.59	1.05	0.21	0.17
KRA1	12218M002	2020-07-07 00:30:00.0	50.06611	19.92047	267.125	227.041	2,394.5	1.5	-1.64	0.91	0.19	0.19
KRA1	12218M002	2020-07-07 01:00:00.0	50.06611	19.92047	267.126	227.042	2,388.6	1.4	-2.03	1.05	0.16	0.15
KRA2	NDNT-KRAK	2020-07-07 00:00:00.0	50.01092	19.90192	294.999	254.736	2,383.6	1.4	-1.1	1.35	0.17	0.15
KRA2	NDNT-KRAK	2020-07-07 00:30:00.0	50.01092	19.90192	294.999	254.736	2,388.5	1.4	-0.99	2.11	0.17	0.16
KRA2	NDNT-KRAK	2020-07-07 01:00:00.0	50.01092	19.90192	295.003	254.74	2,387.8	1.2	-1.79	1.1	0.13	0.12
KRAP	NDNT-KRAP	2020-07-07 00:00:00.0	50.49031	17.95681	221.314	180.337	2,370.6	1.7	0.88	0.11	0.24	0.19
KRAP	NDNT-KRAP	2020-07-07 00:30:00.0	50.49031	17.95681	221.314	180.337	2,381.1	1.7	1.24	2.63	0.2	0.2
KRAP	NDNT-KRAP	2020-07-07 01:00:00.0	50.49031	17.95681	221.317	180.34	2,368.4	1.2	-0.46	1.2	0.15	0.13
KRAW	12218M001	2020-07-07 00:00:00.0	50.06614	19.92047	267.13	227.046	2,385.3	1.5	-1.92	0.95	0.24	0.18
KRAW	12218M001	2020-07-07 00:30:00.0	50.06614	19.92047	267.13	227.046	2,390	1.6	-1.67	0.86	0.21	0.21
KRAW	12218M001	2020-07-07 01:00:00.0	50.06614	19.92047	267.131	227.047	2,384.9	1.4	-2.05	1.43	0.17	0.15
KROS	12265M001	2020-07-07 00:00:00.0	49.67875	21.77464	347.531	311.126	2,393.3	1.4	-1	0.26	0.18	0.17
KROS	12265M001	2020-07-07 00:30:00.0	49.67875	21.77464	347.531	311.126	2,393.4	1.5	-0.85	-0.15	0.18	0.2
KROT	12266M001	2020-07-07 00:00:00.0	51.69219	17.43719	186.241	148.443	2,381.7	1.7	-0.48	1.28	0.24	0.19
KROT	12266M001	2020-07-07 00:30:00.0	51.69219	17.43719	186.241	148.443	2,383.8	1.7	-0.46	0.51	0.22	0.19
KUTN	12267M001	2020-07-07 00:00:00.0	52.22606	19.37497	159.845	127.716	2,383.1	1.3	-0.58	0.49	0.2	0.16
KUTN	12267M001	2020-07-07 00:30:00.0	52.22606	19.37497	159.845	127.716	2,382.2	1.4	-0.61	1.15	0.19	0.16
LAN1	NDNT-LANC	2020-07-07 00:00:00.0	50.06586	22.22919	287.434	252.675	2,393.7	1.3	-1.78	1.17	0.15	0.16
LAN1	NDNT-LANC	2020-07-07 00:30:00.0	50.06586	22.22919	287.434	252.675	2,394.1	1.4	-1.3	1.01	0.16	0.19
LEGP	12268M001	2020-07-07 00:00:00.0	51.2	16.15497	181.335	139.952	2,391.6	1.4	-1.26	0.08	0.19	0.17
LEGP	12268M001	2020-07-07 00:30:00.0	51.2	16.15497	181.335	139.952	2,389.7	1.4	-1.7	-0.29	0.19	0.15
LELO	12269M001	2020-07-07 00:00:00.0	50.68289	19.62889	306.305	267.823	2,348.1	1.4	-2.41	1.89	0.17	0.15
LELO	12269M001	2020-07-07 00:30:00.0	50.68289	19.62889	306.305	267.823	2,349.6	1.4	-2.31	1.55	0.17	0.19
LES1	MUSE-LES1	2020-07-07 00:00:00.0	51.52717	16.14506	163.397	123.202	2,397.6	1.5	-1.02	0.27	0.24	0.18
LES1	MUSE-LES1	2020-07-07 00:30:00.0	51.52717	16.14506	163.397	123.202	2,395.4	1.5	-1.18	0.26	0.23	0.19
LODZ	12226M001	2020-07-07 00:00:00.0	51.77872	19.45953	259.429	225.93	2,345.6	1.4	-1.13	1.32	0.18	0.16
LODZ	12226M001	2020-07-07 00:30:00.0	51.77872	19.45953	259.429	225.93	2,350.6	1.4	-1.57	1.11	0.18	0.19
LOMZ	12271M001	2020-07-07 00:00:00.0	53.174	22.08036	185.347	156.354	2,372.2	1.4	-1.51	1.89	0.16	0.18
LOMZ	12271M001	2020-07-07 00:30:00.0	53.174	22.08036	185.347	156.354	2,367.9	1.5	-1.73	1.56	0.18	0.21
LUBL	12272M001	2020-07-07 00:00:00.0	51.25086	22.55472	242.208	210.398	2,378.3	1.4	-1.12	0.21	0.2	0.17
LUBL	12272M001	2020-07-07 00:30:00.0	51.25086	22.55472	242.208	210.398	2,387.5	1.5	-1.32	-0.27	0.19	0.2
MET3	10503M010	2020-07-07 00:00:00.0	60.21744	24.3945	79.188	60.421	2,377.8	1.7	0.14	0.85	0.27	0.2
MET3	10503M010	2020-07-07 00:30:00.0	60.21744	24.3945	79.188	60.421	2,384.6	1.7	-0.34	1.25	0.29	0.22
MIEL	18967M001	2020-07-07 00:00:00.0	50.29119	21.438	224.55	188.525	2,409.3	1.4	-1.92	1.24	0.19	0.17
MIEL	18967M001	2020-07-07 00:30:00.0	50.29119	21.438	224.55	188.525	2,414.6	1.6	-1.15	0.25	0.2	0.22
MIEW	NDNT-MIEW	2020-07-07 00:00:00.0	50.36228	20.04022	336.602	297.606	2,361.2	1.4	-0.73	1.91	0.18	0.16
MIEW	NDNT-MIEW	2020-07-07 00:30:00.0	50.36228	20.04022	336.602	297.606	2,360.7	1.4	-1.62	2.28	0.18	0.16
MIKL	12335M001	2020-07-07 00:00:00.0	46.97278	31.97283	93.955	68.564	2,448.8	1.6	0.39	1.79	0.18	0.18
MIKL	12335M001	2020-07-07 00:30:00.0	46.97278	31.97283	93.955	68.564	2,445.5	1.6	-0.19	1.8	0.22	0.23
MIMA	12273M001	2020-07-07 00:00:00.0	52.18131	21.55925	200.725	170.134	2,374.7	1.6	-1.05	1.39	0.22	0.22
MIMA	12273M001	2020-07-07 00:30:00.0	52.18131	21.55925	200.725	170.134	2,381.4	1.8	-1.08	2.12	0.25	0.25
MLCN	12274M001	2020-07-07 00:00:00.0	50.06589	21.97169	272.003	236.834	2,393.1	1.4	-2.19	0.03	0.17	0.19
MLCN	12274M001	2020-07-07 00:30:00.0	50.06589	21.97169	272.003	236.834	2,400.7	1.6	-1.88	0.14	0.19	0.22
MSZA	NDNT-MSZA	2020-07-07 00:00:00.0	49.67928	20.07031	440.906	400.332	2,371.2	1.7	-0.73	0.79	0.28	0.21
MSZA	NDNT-MSZA	2020-07-07 00:30:00.0	49.67928	20.07031	440.906	400.332	2,366.3	1.8	-1.54	0.68	0.26	0.22
MYSZ	12275M001	2020-07-07 00:00:00.0	53.38653	21.34358	169.312	139.447	2,367.4	1.4	-1.16	0.81	0.16	0.18
MYSZ	12275M001	2020-07-07 00:30:00.0	53.38653	21.34358	169.312	139.447	2,375.4	1.5	-0.57	0.31	0.17	0.2
NODW	12276M001	2020-07-07 00:00:00.0	52.43108	20.71058	125.694	94.457	2,392.6	1.3	-1.15	1.38	0.18	0.15
NODW	12276M001	2020-07-07 00:30:00.0	52.43108	20.71058	125.694	94.457	2,394.7	1.6	-1.4	1.54	0.22	0.2
NTML	12277M001	2020-07-07 00:00:00.0	52.32081	16.11803	126.627	89.82	2,393.5	1.4	-1	0.68	0.18	0.16
NTML	12277M001	2020-07-07 00:30:00.0	52.32081	16.11803	126.627	89.82	2,395.9	1.4	-0.28	-0.84	0.19	0.15
NWSA	NDNT-NWSA	2020-07-07 00:00:00.0	49.63017	20.70711	338.709	299.649	2,388.4	1.4	-0.97	1.2	0.24	0.18
NWSA	NDNT-NWSA	2020-07-07 00:30:00.0	49.63017	20.70711	338.709	299.649	2,389.3	1.4	-0.91	1.33	0.19	0.18
NWSC	12231M001	2020-07-07 00:00:00.0	49.61844	20.69003	334.754	295.601	2,389.4	1.4	-0.59	2.04	0.26	0.19
NWSC	12231M001	2020-07-07 00:30:00.0	49.61844	20.69003	334.754	295.601	2,386.3	1.4	-0.44	1.08	0.21	0.19
NWT1	12232M002	2020-07-07 00:00:00.0	49.47819	20.03444	654.914	613.658	2,310.6	1.7	-0.9	0.63	0.22	0.21
NWT1	12232M002	2020-07-07 00:30:00.0	49.47819	20.03444	654.914	613.658	2,308.9	1.8	-0.93	0.38	0.22	0.24
NYSA	12278M001	2020-07-07 00:00:00.0	50.47769	17.33375	250.598	208.668	2,370.7	1.7	-0.91	0.89	0.21	0.19
NYSA	12278M001	2020-07-07 00:30:00.0	50.47769	17.33375	250.598	208.668	2,373.2	1.6	-1.19	0.54	0.19	0.18
NYSN	NDNT-NYSN	2020-07-07 00:00:00.0	50.45656	17.34097	241.562	199.56	2,373.4	1.8	-0.72	0.56	0.26	0.2
NYSN	NDNT-NYSN	2020-07-07 00:30:00.0	50.45656	17.34097	241.562	199.56	2,376.5	1.8	-1.08	0.84	0.22	0.22
OPLE	12283M001	2020-07-07 00:00:00.0	50.66761	17.91936	225.902	185.451	2,370.2	1.6	-0.08	-0.12	0.2	0.18
OPLE	12283M001	2020-07-07 00:30:00.0	50.66761	17.91936	225.902	185.451	2,378.2	1.6	-0.94	0.46	0.19	0.19
OPNT	12203M003	2020-07-07 00:00:00.0	53.76369	20.51817	171.846	142.077	2,370.6	1.6	-0.87	1.23	0.19	0.21
OPNT	12203M003	2020-07-07 00:30:00.0	53.76369	20.51817	171.846	142.077	2,373	1.7	-1.08	1.83	0.21	0.24
OSMZ	12285M001	2020-07-07 00:00:00.0	52.80078	21.89169	166.286	137.091	2,384	1.8	-1.51	2.72	0.23	0.25
OSMZ	12285M001	2020-07-07 00:30:00.0	52.80078	21.89169	166.286	137.091	2,391.1	1.9	-1.34	2.64	0.25	0.29
OST3	NDNT-OSTR	2020-07-07 00:00:00.0	50.94231	21.38969	237.669	202.379	2,394.8	1.3	-1.08	1.03	0.2	0.17
OST3	NDNT-OSTR	2020-07-07 00:30:00.0	50.94231	21.38969	237.669	202.379	2,402	1.5	-1.38	2.41	0.19	0.22
PAJE	NDNT-PAJE	2020-07-07 00:00:00.0	51.14675	19.00064	287.438	250.096	2,351	1.4	-1.11	-0.06	0.17	0.17
PAJE	NDNT-PAJE	2020-07-07 00:30:00.0	51.14675	19.00064	287.438	250.096	2,350.2	1.5	-0.84	0.83	0.21	0.2
PES1	MUSE-PES1	2020-07-07 00:00:00.0	50.2915	18.99467	362.263	321.09	2,396.9	3.6	0.51	3.24	0.82	0.55
PES1	MUSE-PES1	2020-07-07 00:30:00.0	50.2915	18.99467	362.263	321.09	2,387	3.6	0.64	2.84	0.87	0.61
PITR	12287M001	2020-07-07 00:00:00.0	51.40167	19.69094	254.761	219.734	2,353.6	1.4	-1.52	0.94	0.23	0.17
PITR	12287M001	2020-07-07 00:30:00.0	51.40167	19.69094	254.761	219.734	2,353.3	1.4	-0.92	0.42	0.22	0.17
POLV	12336M001	2020-07-07 00:00:00.0	49.60261	34.54294	178.426	160.159	2,404.5	1.5	0.53	0.48	0.17	0.21
POLV	12336M001	2020-07-07 00:30:00.0	49.60261	34.54294	178.426	160.159	2,404.7	1.6	0.7	0.21	0.19	0.25
POZN	12206M001	2020-07-07 00:00:00.0	52.43006	16.93494	171.555	136.752	2,378.7	1.3	-1.58	1.15	0.17	0.16
POZN	12206M001	2020-07-07 00:30:00.0	52.43006	16.93494	171.555	136.752	2,380.8	1.4	-1.51	1	0.18	0.18
PPIL	12286M001	2020-07-07 00:00:00.0	53.15697	16.73828	121.74	88.194	2,395.2	1.2	-0.39	-0.05	0.14	0.13
PPIL	12286M001	2020-07-07 00:30:00.0	53.15697	16.73828	121.74	88.194	2,400.5	1.2	-0.79	0.82	0.15	0.12
PROS	12233M001	2020-07-07 00:00:00.0	50.19175	20.2885	279.922	241.122	2,390.8	1.4	-1.28	1.78	0.18	0.16
PROS	12233M001	2020-07-07 00:30:00.0	50.19175	20.2885	279.922	241.122	2,393.7	1.4	-1.25	1.42	0.17	0.18
RACI	NDNT-RACI	2020-07-07 00:00:00.0	50.07761	18.21494	242.648	200.446	2,376.6	1.7	-2.55	2.13	0.2	0.18
RACI	NDNT-RACI	2020-07-07 00:30:00.0	50.07761	18.21494	242.648	200.446	2,371	1.6	-2.17	1.95	0.19	0.17
REDZ	12227M001	2020-07-07 00:00:00.0	54.47239	17.11753	108.284	76.798	2,409	1.4	0.04	1.64	0.23	0.17
REDZ	12227M001	2020-07-07 00:30:00.0	54.47239	17.11753	108.284	76.798	2,405.9	1.4	-0.4	1.42	0.22	0.19
RIGA	12302M002	2020-07-07 00:00:00.0	56.94861	24.05878	34.807	14.2	2,382.8	2	-0.98	2.7	0.26	0.3
RIGA	12302M002	2020-07-07 00:30:00.0	56.94861	24.05878	34.807	14.2	2,381.7	1.7	-1.07	2.42	0.23	0.27
RWM1	12281M002	2020-07-07 00:00:00.0	51.76431	20.25047	187.969	154.624	2,373.6	1.1	-1.15	1.92	0.15	0.12
RWM1	12281M002	2020-07-07 00:30:00.0	51.76431	20.25047	187.969	154.624	2,369.6	1.2	-1.29	0.98	0.15	0.13
RYKI	12282M001	2020-07-07 00:00:00.0	51.62447	21.92722	204.093	171.96	2,389.7	1.9	-1.67	-0.1	0.35	0.27
RYKI	12282M001	2020-07-07 00:30:00.0	51.62447	21.92722	204.093	171.96	2,397.2	2.1	-0.99	0.49	0.35	0.31
RYMA	NDNT-RYMA	2020-07-07 00:00:00.0	49.57553	21.86561	399.437	362.759	2,387.1	1.4	-3.14	0.43	0.18	0.16
RYMA	NDNT-RYMA	2020-07-07 00:30:00.0	49.57553	21.86561	399.437	362.759	2,392.6	1.5	-2.79	0.2	0.19	0.19
SIDZ	12288M001	2020-07-07 00:00:00.0	51.573	18.71758	190.03	154.419	2,367	2	0.35	1.47	0.28	0.29
SIDZ	12288M001	2020-07-07 00:30:00.0	51.573	18.71758	190.03	154.419	2,363.9	2.8	0.23	1.19	0.37	0.37
SIED	12289M001	2020-07-07 00:00:00.0	52.15744	22.29422	201.976	172.456	2,393.2	1.4	-1.35	0.22	0.21	0.17
SIED	12289M001	2020-07-07 00:30:00.0	52.15744	22.29422	201.976	172.456	2,404.8	1.4	-0.87	0.2	0.19	0.2
SIPC	12290M001	2020-07-07 00:00:00.0	52.85697	19.66269	163.152	132.546	2,374.7	1.3	-1.04	1.91	0.19	0.15
SIPC	12290M001	2020-07-07 00:30:00.0	52.85697	19.66269	163.152	132.546	2,376.3	1.3	-1	1.36	0.18	0.15
SMLA	15503M001	2020-07-07 00:00:00.0	49.20164	31.86631	183.061	159.569	2,466.1	1.9	-3.4	1.52	0.28	0.28
SMLA	15503M001	2020-07-07 00:30:00.0	49.20164	31.86631	183.061	159.569	2,475.7	1.7	-3.98	1.34	0.26	0.3
SOKL	12292M001	2020-07-07 00:00:00.0	53.40856	23.49575	222.222	194.351	2,380.6	1.6	-2.21	2.88	0.24	0.21
SOKL	12292M001	2020-07-07 00:30:00.0	53.40856	23.49575	222.222	194.351	2,370.6	1.6	-1.88	3.01	0.24	0.24
STA3	NDNT-STAS	2020-07-07 00:00:00.0	50.56283	21.18192	257.522	221.171	2,396.7	1.3	-0.87	0.8	0.18	0.16
STA3	NDNT-STAS	2020-07-07 00:30:00.0	50.56283	21.18192	257.522	221.171	2,405.8	1.4	-1	1.47	0.17	0.17
STAL	NDNT-STAL	2020-07-07 00:00:00.0	50.56822	22.04811	210.539	175.489	2,409	1.3	-0.23	0.04	0.16	0.16
STAL	NDNT-STAL	2020-07-07 00:30:00.0	50.56822	22.04811	210.539	175.489	2,414.9	1.4	-0.99	0.73	0.18	0.19
STRG	18994M001	2020-07-07 00:00:00.0	53.96631	18.53	136.264	106.856	2,385.8	1.4	-0.3	-0.18	0.16	0.16
STRG	18994M001	2020-07-07 00:30:00.0	53.96631	18.53	136.264	106.856	2,387.8	1.4	-0.01	-0.65	0.17	0.18
STRW	NDNT-STRW	2020-07-07 00:00:00.0	49.86972	21.78831	286.859	251.108	2,411.4	1.4	-1.25	-0.67	0.19	0.18
STRW	NDNT-STRW	2020-07-07 00:30:00.0	49.86972	21.78831	286.859	251.108	2,406.8	1.5	-0.4	1.27	0.19	0.22
SULD	10113M001	2020-07-07 00:00:00.0	56.84175	9.74217	120.733	81.954	2,371.7	1.8	-0.25	-0.41	0.28	0.23
SULD	10113M001	2020-07-07 00:30:00.0	56.84175	9.74217	120.733	81.954	2,383.6	1.8	-0.66	-0.72	0.28	0.23
SWIB	12293M001	2020-07-07 00:00:00.0	52.24792	15.53631	131.998	93.689	2,395.3	1.6	-0.4	0.26	0.21	0.2
SWIB	12293M001	2020-07-07 00:30:00.0	52.24792	15.53631	131.998	93.689	2,404.1	1.4	-0.55	0.73	0.2	0.16
SWKI	12228M001	2020-07-07 00:00:00.0	54.09861	22.92822	215.92	188.525	2,357.5	1.4	-0.6	2.35	0.16	0.18
SWKI	12228M001	2020-07-07 00:30:00.0	54.09861	22.92822	215.92	188.525	2,355.1	1.4	-0.43	1.2	0.16	0.19
SZE2	12294M001	2020-07-07 00:00:00.0	53.70019	16.70139	193.745	160.995	2,370.5	1.4	-0.16	0.62	0.21	0.17
SZE2	12294M001	2020-07-07 00:30:00.0	53.70019	16.70139	193.745	160.995	2,368.1	1.3	-0.2	0.75	0.2	0.15
TABG	12295M001	2020-07-07 00:00:00.0	50.57097	21.67119	214.738	179.201	2,402.2	1.4	-0.73	1.04	0.21	0.17
TABG	12295M001	2020-07-07 00:30:00.0	50.57097	21.67119	214.738	179.201	2,412.6	1.5	-1.34	-0.3	0.21	0.21
TAR1	12296M002	2020-07-07 00:00:00.0	50.45164	18.85814	352.073	311.362	2,340.7	1.6	-1.25	1.71	0.23	0.19
TAR1	12296M002	2020-07-07 00:30:00.0	50.45164	18.85814	352.073	311.362	2,339	1.7	-0.85	1.02	0.25	0.23
TORU	12202M001	2020-07-07 00:00:00.0	53.01839	18.63494	118.383	88.523	2,387.2	1.3	-1.22	0.9	0.17	0.15
TORU	12202M001	2020-07-07 00:30:00.0	53.01839	18.63494	118.383	88.523	2,389.7	1.3	-1.45	1.55	0.17	0.14
TRNW	12230M001	2020-07-07 00:00:00.0	50.01608	20.98414	277.089	239.864	2,397.6	1.3	-0.56	1.84	0.17	0.15
TRNW	12230M001	2020-07-07 00:30:00.0	50.01608	20.98414	277.089	239.864	2,404.3	1.4	-1.13	1	0.17	0.17
TRZ1	NDNT-TRZE	2020-07-07 00:00:00.0	50.16033	19.46908	373.726	332.797	2,355.3	1.4	-2.53	1.36	0.18	0.16
TRZ1	NDNT-TRZE	2020-07-07 00:30:00.0	50.16033	19.46908	373.726	332.797	2,355.7	1.4	-2.03	1.66	0.17	0.16
TUBO	11503M001	2020-07-07 00:00:00.0	49.20589	16.59283	324.592	279.85	2,337.5	1.8	-1.09	2.11	0.23	0.2
TUBO	11503M001	2020-07-07 00:30:00.0	49.20589	16.59283	324.592	279.85	2,338	1.7	-0.15	1.21	0.2	0.18
USDL	12229M001	2020-07-07 00:00:00.0	49.43292	22.58578	529.748	494.142	2,365.3	1.5	-0.92	-0.18	0.25	0.2
USDL	12229M001	2020-07-07 00:30:00.0	49.43292	22.58578	529.748	494.142	2,363.1	1.6	-0.21	-0.47	0.2	0.23
VLNS	10801M001	2020-07-07 00:00:00.0	54.65314	25.29867	240.912	215.945	2,404.3	1.4	-2.01	3.21	0.16	0.16
VLNS	10801M001	2020-07-07 00:30:00.0	54.65314	25.29867	240.912	215.945	2,394.6	1.4	-1.58	3.46	0.16	0.16
WADO	NDNT-WADO	2020-07-07 00:00:00.0	49.88408	19.48592	330.005	288.491	2,373.6	1.7	-1.07	2.07	0.25	0.21
WADO	NDNT-WADO	2020-07-07 00:30:00.0	49.88408	19.48592	330.005	288.491	2,362.6	1.7	-1.48	2.76	0.23	0.24
WARN	14277M002	2020-07-07 00:00:00.0	54.16978	12.10142	50.811	12.672	2,411.9	1.7	-1.18	-0.05	0.2	0.2
WARN	14277M002	2020-07-07 00:30:00.0	54.16978	12.10142	50.811	12.672	2,406.8	1.6	-0.63	0.39	0.22	0.19
WAT1	12297M001	2020-07-07 00:00:00.0	52.25383	20.90383	151.661	120.314	2,391.4	1.7	-1.03	2.16	0.26	0.23
WAT1	12297M001	2020-07-07 00:30:00.0	52.25383	20.90383	151.661	120.314	2,392.3	1.9	-1.39	1.6	0.27	0.26
WIEL	18968M001	2020-07-07 00:00:00.0	51.21936	18.57175	233.944	196.071	2,358.9	1.9	-0.47	1.38	0.37	0.26
WIEL	18968M001	2020-07-07 00:30:00.0	51.21936	18.57175	233.944	196.071	2,369.5	2	-0.38	1.35	0.4	0.29
WLAD	12222M001	2020-07-07 00:00:00.0	54.79675	18.41875	34.756	5.876	2,431	1.4	0.03	0.9	0.18	0.17
WLAD	12222M001	2020-07-07 00:30:00.0	54.79675	18.41875	34.756	5.876	2,428.8	1.5	-0.32	0.55	0.2	0.2
WLDW	12299M001	2020-07-07 00:00:00.0	51.54528	23.55719	210.958	182.303	2,426.2	1.5	-0.31	2.46	0.26	0.19
WLDW	12299M001	2020-07-07 00:30:00.0	51.54528	23.55719	210.958	182.303	2,421.5	1.6	-1.54	2.13	0.24	0.22
WLOC	18999M001	2020-07-07 00:00:00.0	52.65872	19.06694	107.559	76.667	2,394.8	1.3	-0.33	1.2	0.2	0.15
WLOC	18999M001	2020-07-07 00:30:00.0	52.65872	19.06694	107.559	76.667	2,396.8	1.3	-0.24	0.6	0.19	0.16
WLOS	NDNT-WLOS	2020-07-07 00:00:00.0	50.84944	19.97483	294.431	257.08	2,347.6	1.2	-1.63	3.13	0.14	0.13
WLOS	NDNT-WLOS	2020-07-07 00:30:00.0	50.84944	19.97483	294.431	257.08	2,348.6	1.2	-2.19	1.21	0.14	0.13
WOD1	18998M001	2020-07-07 00:00:00.0	50.00017	18.45844	298.998	256.747	2,367.8	1.6	-1.35	2.06	0.2	0.17
WOD1	18998M001	2020-07-07 00:30:00.0	50.00017	18.45844	298.998	256.747	2,364.2	1.6	-1.41	1.12	0.18	0.17
WRKI	18997M001	2020-07-07 00:00:00.0	52.70556	16.37108	95.272	60.762	2,402.7	1.5	-0.86	-0.06	0.25	0.18
WRKI	18997M001	2020-07-07 00:30:00.0	52.70556	16.37108	95.272	60.762	2,407.8	1.4	-1.46	-0.19	0.22	0.17
WROC	12217M001	2020-07-07 00:00:00.0	51.11325	17.06206	180.811	140.535	2,385.2	2.2	-1.34	0.97	0.29	0.28
WROC	12217M001	2020-07-07 00:30:00.0	51.11325	17.06206	180.811	140.535	2,387.2	1.9	-1.21	1.63	0.23	0.25
WROE	MUSE-WROE	2020-07-07 00:00:00.0	51.11325	17.06206	180.718	140.442	2,381.9	1.8	-1.19	0.87	0.21	0.21
WROE	MUSE-WROE	2020-07-07 00:30:00.0	51.11325	17.06206	180.718	140.442	2,384.5	1.7	-1.34	1.03	0.2	0.21
ZAWA	NDNT-ZAWA	2020-07-07 00:00:00.0	50.60956	18.48086	264.424	224.01	2,354.8	1.7	-1.35	0.95	0.26	0.19
ZAWA	NDNT-ZAWA	2020-07-07 00:30:00.0	50.60956	18.48086	264.424	224.01	2,355.6	1.6	-0.31	1.2	0.22	0.17
ZAWI	NDNT-ZAWI	2020-07-07 00:00:00.0	50.49467	19.41042	382.923	343.181	2,335.9	1.4	-2.7	1.07	0.17	0.16
ZAWI	NDNT-ZAWI	2020-07-07 00:30:00.0	50.49467	19.41042	382.923	343.181	2,336.4	1.4	-2.48	1.85	0.17	0.16
ZIGR	18995M001	2020-07-07 00:00:00.0	51.94031	15.51431	225.634	186.017	2,371.9	1.4	-1.54	0.48	0.19	0.18
ZIGR	18995M001	2020-07-07 00:30:00.0	51.94031	15.51431	225.634	186.017	2,372.8	1.4	-1.7	-0.07	0.19	0.15
ZIM2	14001M008	2020-07-07 00:00:00.0	46.87708	7.46503	956.447	907.61	2,166	1.7	-1.65	-0.12	0.32	0.22
ZIM2	14001M008	2020-07-07 00:30:00.0	46.87708	7.46503	956.447	907.61	2,164.6	1.8	-1.92	-0.22	0.28	0.2
ZYWE	NDNT-ZYWE	2020-07-07 00:00:00.0	49.68817	19.19736	405.809	363.699	2,368	1.5	-1.27	1.81	0.19	0.17
ZYWE	NDNT-ZYWE	2020-07-07 00:30:00.0	49.68817	19.19736	405.809	363.699	2,368.2	1.6	-0.9	1.56	0.19	0.17
ZYWI	12220S001	2020-07-07 00:00:00.0	49.68669	19.20594	412.788	370.686	2,361.7	1.6	-1.28	2.17	0.19	0.17
ZYWI	12220S001	2020-07-07 00:30:00.0	49.68669	19.20594	412.788	370.686	2,365.7	1.6	-1.43	0.93	0.19	0.18
BART	12234M001	2020-07-07 01:30:00.0	54.25069	20.81544	93.233	65.259	2,384.2	1.2	-0.8	0.77	0.14	0.17
BART	12234M001	2020-07-07 02:00:00.0	54.25069	20.81544	93.232	65.258	2,387.4	1.2	-1.03	0.66	0.17	0.16
BART	12234M001	2020-07-07 02:30:00.0	54.25069	20.81544	93.232	65.258	2,391.4	1.3	-1.27	0.25	0.22	0.18
BART	12234M001	2020-07-07 03:00:00.0	54.25069	20.81544	93.232	65.258	2,393.6	1.4	-0.03	0.25	0.19	0.16
BART	12234M001	2020-07-07 03:30:00.0	54.25069	20.81544	93.232	65.258	2,399.9	1.3	0.1	0.59	0.15	0.2
BART	12234M001	2020-07-07 04:00:00.0	54.25069	20.81544	93.236	65.262	2,399.8	1.4	-0.09	-0.03	0.18	0.17
BEDZ	NDNT-BEDZ	2020-07-07 01:30:00.0	50.34453	19.15936	315.219	274.427	2,355.3	1.4	-2.39	1.46	0.17	0.17
BEDZ	NDNT-BEDZ	2020-07-07 02:00:00.0	50.34453	19.15936	315.214	274.422	2,359.3	1.2	-2.06	1.57	0.17	0.15
BEDZ	NDNT-BEDZ	2020-07-07 02:30:00.0	50.34453	19.15936	315.214	274.422	2,361	1.3	-2.1	1.44	0.22	0.14
BEDZ	NDNT-BEDZ	2020-07-07 03:00:00.0	50.34453	19.15936	315.211	274.419	2,359	1.3	-1.15	2.05	0.2	0.15
BEDZ	NDNT-BEDZ	2020-07-07 03:30:00.0	50.34453	19.15936	315.211	274.419	2,358.3	1.2	-1.03	1.41	0.14	0.14
BES1	MUSE-BES1	2020-07-07 01:30:00.0	50.32831	19.12436	310.627	269.727	2,356.1	1.7	-2.67	1.98	0.22	0.26
BES1	MUSE-BES1	2020-07-07 02:00:00.0	50.32831	19.12436	310.623	269.723	2,366.3	1.4	-1.67	1.44	0.21	0.21
BES1	MUSE-BES1	2020-07-07 02:30:00.0	50.32831	19.12436	310.623	269.723	2,370	1.7	-1.45	1.44	0.29	0.28
BES1	MUSE-BES1	2020-07-07 03:00:00.0	50.32831	19.12436	310.629	269.729	2,361.1	1.5	-0.9	0.89	0.23	0.23
BES1	MUSE-BES1	2020-07-07 03:30:00.0	50.32831	19.12436	310.629	269.729	2,358.2	1.5	-1.28	-0.37	0.2	0.25
BIA2	NDNT-BIAL	2020-07-07 01:30:00.0	49.39022	20.09875	754.856	713.417	2,268	2.2	-1.03	0.62	0.29	0.3
BIA2	NDNT-BIAL	2020-07-07 02:00:00.0	49.39022	20.09875	754.858	713.419	2,281	1.7	-1.04	0.02	0.28	0.23
BIA2	NDNT-BIAL	2020-07-07 02:30:00.0	49.39022	20.09875	754.858	713.419	2,277.4	1.6	-0.57	0.09	0.33	0.2
BIA2	NDNT-BIAL	2020-07-07 03:00:00.0	49.39022	20.09875	754.864	713.425	2,264.7	1.3	-1.12	-0.18	0.22	0.16
BIA2	NDNT-BIAL	2020-07-07 03:30:00.0	49.39022	20.09875	754.864	713.425	2,267.6	1.2	-1.5	0.2	0.15	0.16
BILG	12236M001	2020-07-07 01:30:00.0	50.5315	22.71858	242.972	209.283	2,392.2	1.5	-1.25	0.36	0.19	0.17
BILG	12236M001	2020-07-07 02:00:00.0	50.5315	22.71858	242.988	209.299	2,401.7	1.6	-1.15	0.68	0.21	0.18
BILG	12236M001	2020-07-07 02:30:00.0	50.5315	22.71858	242.988	209.299	2,403.1	1.6	-0.84	1.45	0.26	0.17
BILG	12236M001	2020-07-07 03:00:00.0	50.5315	22.71858	242.99	209.301	2,398.7	1.4	-1.79	0.16	0.2	0.16
BILG	12236M001	2020-07-07 03:30:00.0	50.5315	22.71858	242.99	209.301	2,394.4	1.3	-1	0.21	0.14	0.14
BOGI	12207M003	2020-07-07 01:30:00.0	52.475	21.03522	139.979	109.171	2,365.4	1.8	-3.1	2.44	0.27	0.24
BOGI	12207M003	2020-07-07 02:00:00.0	52.475	21.03522	139.976	109.168	2,374.1	1.9	-2.5	1.71	0.35	0.3
BOGO	12207M002	2020-07-07 01:30:00.0	52.47594	21.03536	149.609	118.803	2,377.2	1.6	-1.3	1.35	0.22	0.22
BOGO	12207M002	2020-07-07 02:00:00.0	52.47594	21.03536	149.606	118.8	2,385.4	1.7	-0.91	0.99	0.27	0.28
BOR1	12205M002	2020-07-07 01:30:00.0	52.27694	17.07347	124.416	89.065	2,389.5	1.7	-1.47	1.07	0.23	0.21
BOR1	12205M002	2020-07-07 02:00:00.0	52.27694	17.07347	124.415	89.064	2,386.3	2.1	-0.96	0.03	0.36	0.31
BPDL	12223M001	2020-07-07 01:30:00.0	52.03528	23.12736	196.358	167.424	2,396.1	1.3	-0.93	0.68	0.18	0.18
BPDL	12223M001	2020-07-07 02:00:00.0	52.03528	23.12736	196.358	167.424	2,406.5	1.9	-0.33	0.62	0.3	0.3
BRZE	NDNT-BRZE	2020-07-07 01:30:00.0	49.969	20.59017	327.376	289.016	2,382.7	1.4	-0.64	0.44	0.19	0.17
BRZE	NDNT-BRZE	2020-07-07 02:00:00.0	49.969	20.59017	327.389	289.029	2,390	1.4	-0.28	0.16	0.22	0.17
BRZE	NDNT-BRZE	2020-07-07 02:30:00.0	49.969	20.59017	327.389	289.029	2,382.8	1.4	-0.1	0.37	0.25	0.14
BRZE	NDNT-BRZE	2020-07-07 03:00:00.0	49.969	20.59017	327.393	289.033	2,377.4	1.3	-1.28	0.31	0.21	0.14
BRZE	NDNT-BRZE	2020-07-07 03:30:00.0	49.969	20.59017	327.393	289.033	2,378.3	1.2	-1.09	0.31	0.16	0.15
BRZG	NDNT-BRZG	2020-07-07 01:30:00.0	50.86219	17.45103	190.688	150.339	2,376	1.5	-1.01	1.4	0.19	0.18
BRZG	NDNT-BRZG	2020-07-07 02:00:00.0	50.86219	17.45103	190.682	150.333	2,383.9	1.4	-0.75	0.74	0.23	0.17
BRZG	NDNT-BRZG	2020-07-07 02:30:00.0	50.86219	17.45103	190.682	150.333	2,382	1.4	-1.05	0.29	0.25	0.15
BRZG	NDNT-BRZG	2020-07-07 03:00:00.0	50.86219	17.45103	190.679	150.33	2,379	1.4	-0.89	0.54	0.22	0.16
BRZG	NDNT-BRZG	2020-07-07 03:30:00.0	50.86219	17.45103	190.679	150.33	2,382.5	1.3	-1.37	0.26	0.18	0.18
BUCU	11401M001	2020-07-07 01:30:00.0	44.46394	26.12575	143.32	108.809	2,473.2	1.8	-1.23	-0.01	0.29	0.22
BUCU	11401M001	2020-07-07 02:00:00.0	44.46394	26.12575	143.333	108.822	2,467.6	2.2	-0.86	-0.63	0.39	0.33
BUSK	NDNT-BUSK	2020-07-07 01:30:00.0	50.47422	20.71278	311.41	274.014	2,383.9	1.3	-1.37	0.31	0.16	0.16
BUSK	NDNT-BUSK	2020-07-07 02:00:00.0	50.47422	20.71278	311.414	274.018	2,381.9	1.3	-1.94	2.13	0.16	0.18
BUSK	NDNT-BUSK	2020-07-07 02:30:00.0	50.47422	20.71278	311.414	274.018	2,377	1.3	-2.24	1.81	0.23	0.18
BUSK	NDNT-BUSK	2020-07-07 03:00:00.0	50.47422	20.71275	311.411	274.015	2,374.7	1.3	-1.36	1.5	0.2	0.14
BUSK	NDNT-BUSK	2020-07-07 03:30:00.0	50.47422	20.71275	311.411	274.015	2,374.5	1.1	-1.44	0.95	0.14	0.14
BUZD	12238M001	2020-07-07 01:30:00.0	50.46622	20.71894	299.277	261.882	2,382.1	1.4	-2.04	1.18	0.18	0.17
BUZD	12238M001	2020-07-07 02:00:00.0	50.46622	20.71894	299.279	261.884	2,388.7	1.6	-1.55	1.41	0.24	0.22
BUZD	12238M001	2020-07-07 02:30:00.0	50.46622	20.71894	299.279	261.884	2,377.6	1.6	-0.9	1.99	0.31	0.21
BUZD	12238M001	2020-07-07 03:00:00.0	50.46622	20.71894	299.279	261.884	2,376	1.3	-1.25	1.72	0.21	0.16
BUZD	12238M001	2020-07-07 03:30:00.0	50.46622	20.71894	299.279	261.884	2,375.9	1.2	-1.53	0.67	0.15	0.16
BYDG	12224M001	2020-07-07 01:30:00.0	53.13456	17.99364	104.438	73.83	2,383.1	1.2	-1.06	0.5	0.15	0.16
BYDG	12224M001	2020-07-07 02:00:00.0	53.13456	17.99364	104.435	73.827	2,388.7	1.5	-0.6	0.42	0.25	0.25
CBKA	12221M001	2020-07-07 01:30:00.0	52.21472	21.06769	125.196	93.948	2,385.5	1.2	-0.99	1.98	0.15	0.15
CBKA	12221M001	2020-07-07 02:00:00.0	52.21472	21.06769	125.195	93.947	2,395.5	1.4	-0.97	1.15	0.19	0.18
CBKA	12221M001	2020-07-07 02:30:00.0	52.21472	21.06769	125.195	93.947	2,403.7	1.4	-0.77	0.78	0.23	0.17
CBKA	12221M001	2020-07-07 03:00:00.0	52.21472	21.06769	125.189	93.941	2,404	1.3	-1.1	1.76	0.18	0.14
CBKA	12221M001	2020-07-07 03:30:00.0	52.21472	21.06769	125.189	93.941	2,406.6	1.2	-1.33	1.5	0.13	0.15
CCHN	12239M001	2020-07-07 01:30:00.0	52.88281	20.59783	167.639	136.745	2,370.2	1.6	-1.26	0.06	0.24	0.23
CCHN	12239M001	2020-07-07 02:00:00.0	52.88281	20.59783	167.646	136.752	2,371	1.5	-1.09	0.69	0.23	0.2
CCHN	12239M001	2020-07-07 02:30:00.0	52.88281	20.59783	167.646	136.752	2,367.3	1.4	-1.2	0.79	0.28	0.17
CCHN	12239M001	2020-07-07 03:00:00.0	52.88281	20.59783	167.642	136.748	2,366.8	1.3	-1.2	0.32	0.18	0.14
CCHN	12239M001	2020-07-07 03:30:00.0	52.88281	20.59783	167.642	136.748	2,372.1	1.2	-0.77	0.42	0.13	0.15
CES1	MUSE-CES1	2020-07-07 01:30:00.0	50.11128	19.19797	297.888	256.372	2,373.4	1.6	-2.09	2.01	0.22	0.23
CES1	MUSE-CES1	2020-07-07 02:00:00.0	50.11128	19.19797	297.888	256.372	2,368.5	1.3	-1.94	0.92	0.18	0.17
CES1	MUSE-CES1	2020-07-07 02:30:00.0	50.11128	19.19797	297.888	256.372	2,373.5	1.3	-2.54	2.38	0.25	0.16
CES1	MUSE-CES1	2020-07-07 03:00:00.0	50.11128	19.19797	297.886	256.37	2,366.5	1.6	-0.98	2.54	0.25	0.18
CES1	MUSE-CES1	2020-07-07 03:30:00.0	50.11128	19.19797	297.886	256.37	2,364.6	1.6	-1.44	2.49	0.22	0.2
CHEL	12240M001	2020-07-07 01:30:00.0	51.13	23.48042	255.526	225.909	2,394.5	1.5	-1.19	0.64	0.18	0.17
CHEL	12240M001	2020-07-07 02:00:00.0	51.13	23.48042	255.538	225.921	2,383.9	1.6	-0.5	-1.77	0.23	0.18
CHEL	12240M001	2020-07-07 02:30:00.0	51.13	23.48042	255.538	225.921	2,390.9	1.7	-0.89	-1.23	0.27	0.18
CHEL	12240M001	2020-07-07 03:00:00.0	51.13	23.48042	255.544	225.927	2,388.7	1.4	-1.17	-1.18	0.21	0.16
CHEL	12240M001	2020-07-07 03:30:00.0	51.13	23.48042	255.544	225.927	2,391.3	1.3	-0.84	-1.01	0.15	0.14
CHNO	12241M001	2020-07-07 01:30:00.0	53.16406	15.41406	105.387	70.632	2,390.5	1.5	-0.79	-0.65	0.25	0.23
CHNO	12241M001	2020-07-07 02:00:00.0	53.16406	15.41406	105.387	70.632	2,391	1.5	-0.1	-0.42	0.25	0.19
CHNO	12241M001	2020-07-07 02:30:00.0	53.16406	15.41406	105.387	70.632	2,393.8	1.8	0.05	0.06	0.3	0.21
CHNO	12241M001	2020-07-07 03:00:00.0	53.16406	15.41406	105.387	70.632	2,396.1	1.5	-0.02	-0.2	0.19	0.19
CHNO	12241M001	2020-07-07 03:30:00.0	53.16406	15.41406	105.387	70.632	2,393.7	1.3	-0.12	-0.06	0.14	0.18
CHOJ	12242M001	2020-07-07 01:30:00.0	53.69519	17.55236	204.054	173.304	2,361.7	1.4	-0.3	0.07	0.2	0.2
CHOJ	12242M001	2020-07-07 02:00:00.0	53.69519	17.55236	204.054	173.304	2,357.4	1.4	-0.25	-0.01	0.24	0.19
CHOJ	12242M001	2020-07-07 02:30:00.0	53.69519	17.55236	204.054	173.304	2,361.4	1.5	-0.57	-0.14	0.28	0.17
CHOJ	12242M001	2020-07-07 03:00:00.0	53.69519	17.55236	204.053	173.303	2,358.5	1.3	-0.17	0.06	0.21	0.17
CHOJ	12242M001	2020-07-07 03:30:00.0	53.69519	17.55236	204.053	173.303	2,351.9	1.4	-0.14	0.09	0.16	0.21
CLIB	11526M001	2020-07-07 01:30:00.0	50.77169	15.05989	448.433	405.143	2,308.8	1.3	-0.29	-0.39	0.18	0.18
CLIB	11526M001	2020-07-07 02:00:00.0	50.77169	15.05989	448.434	405.144	2,302.7	1.6	-0.51	-0.71	0.29	0.26
CLIB	11526M001	2020-07-07 03:00:00.0	50.77169	15.05989	448.44	405.15	2,302	1.9	-0.31	0.18	0.24	0.23
CLIB	11526M001	2020-07-07 03:30:00.0	50.77169	15.05989	448.44	405.15	2,306.7	1.4	-0.36	-0.04	0.17	0.18
CNIV	15501M001	2020-07-07 01:30:00.0	51.51894	31.31361	175.92	151.17	2,430.8	1.4	0.67	-1.09	0.2	0.17
CNIV	15501M001	2020-07-07 02:00:00.0	51.51894	31.31361	175.923	151.173	2,432.6	2	0.46	-0.49	0.28	0.26
CNIV	15501M001	2020-07-07 03:00:00.0	51.51894	31.31361	175.92	151.17	2,452.4	1.7	-1.24	-0.4	0.25	0.22
CNIV	15501M001	2020-07-07 03:30:00.0	51.51894	31.31361	175.92	151.17	2,451.6	1.5	-1.33	-0.14	0.18	0.2
CPAR	11527M001	2020-07-07 01:30:00.0	50.03956	15.78325	283.349	239.244	2,353.9	1.6	-0.27	0.01	0.19	0.2
CPAR	11527M001	2020-07-07 02:00:00.0	50.03956	15.78325	283.345	239.24	2,357.8	1.6	-0.55	-0.14	0.28	0.26
CRAK	11528M001	2020-07-07 01:30:00.0	50.10239	13.72925	381.953	336.115	2,323	1.4	-1.29	0.95	0.21	0.2
CRAK	11528M001	2020-07-07 02:00:00.0	50.10239	13.72925	381.951	336.113	2,323.1	1.7	-1.86	0.63	0.31	0.27
CRAK	11528M001	2020-07-07 03:00:00.0	50.10239	13.72925	381.955	336.117	2,325	2.3	-0.51	0.21	0.31	0.28
CRAK	11528M001	2020-07-07 03:30:00.0	50.10239	13.72925	381.955	336.117	2,325.5	1.8	-0.58	0.02	0.23	0.23
CZES	NDNT-CZES	2020-07-07 01:30:00.0	50.78419	19.15317	312.093	273.241	2,350	1.3	-1.22	1.23	0.16	0.17
CZES	NDNT-CZES	2020-07-07 02:00:00.0	50.78419	19.15317	312.093	273.241	2,359.4	1.3	-1.41	0.91	0.17	0.16
CZES	NDNT-CZES	2020-07-07 02:30:00.0	50.78419	19.15317	312.093	273.241	2,354.2	1.3	-1.84	0.98	0.23	0.14
CZES	NDNT-CZES	2020-07-07 03:00:00.0	50.78419	19.15317	312.094	273.242	2,350	1.3	-1.61	1.21	0.2	0.14
CZES	NDNT-CZES	2020-07-07 03:30:00.0	50.78419	19.15317	312.094	273.242	2,353.4	1.2	-1.15	1.48	0.15	0.13
DAB1	NDNT-DABT	2020-07-07 01:30:00.0	50.17606	20.992	249.894	212.857	2,407.7	1.3	-0.52	-0.17	0.16	0.16
DAB1	NDNT-DABT	2020-07-07 02:00:00.0	50.17606	20.992	249.901	212.864	2,402.2	1.3	0.19	-0.72	0.17	0.16
DAB1	NDNT-DABT	2020-07-07 02:30:00.0	50.17606	20.992	249.901	212.864	2,406.5	1.3	0	-0.27	0.23	0.14
DAB1	NDNT-DABT	2020-07-07 03:00:00.0	50.17606	20.992	249.9	212.863	2,405.4	1.2	-0.9	0.83	0.19	0.13
DAB1	NDNT-DABT	2020-07-07 03:30:00.0	50.17606	20.992	249.9	212.863	2,401.8	1.1	-1.34	1.29	0.14	0.14
DEBI	NDNT-DEBI	2020-07-07 01:30:00.0	50.04361	21.41992	258.872	222.696	2,403.8	1.3	-0.81	1.4	0.16	0.17
DEBI	NDNT-DEBI	2020-07-07 02:00:00.0	50.04361	21.41992	258.867	222.691	2,409	1.3	-2.35	2.59	0.17	0.16
DEBI	NDNT-DEBI	2020-07-07 02:30:00.0	50.04361	21.41992	258.867	222.691	2,412.9	1.3	-2.02	0.91	0.23	0.14
DEBI	NDNT-DEBI	2020-07-07 03:00:00.0	50.04361	21.41992	258.874	222.698	2,408.8	1.2	-2.88	0.44	0.19	0.13
DEBI	NDNT-DEBI	2020-07-07 03:30:00.0	50.04361	21.41992	258.874	222.698	2,411.8	1.1	-1.8	1.23	0.14	0.14
DRWP	12243M001	2020-07-07 01:30:00.0	53.52633	15.81747	171.081	136.785	2,388.7	1.3	-0.27	-2.29	0.19	0.19
DRWP	12243M001	2020-07-07 02:00:00.0	53.52633	15.81747	171.083	136.787	2,383.1	1.3	1.73	-0.34	0.21	0.16
DRWP	12243M001	2020-07-07 02:30:00.0	53.52633	15.81747	171.083	136.787	2,379.9	1.3	2.29	-0.21	0.24	0.15
DRWP	12243M001	2020-07-07 03:00:00.0	53.52633	15.81747	171.097	136.801	2,381.8	1.4	2.13	0.01	0.19	0.16
DRWP	12243M001	2020-07-07 03:30:00.0	53.52633	15.81747	171.097	136.801	2,375.6	1.3	1.53	-0.96	0.15	0.17
DYNW	NDNT-DYNW	2020-07-07 01:30:00.0	49.81286	22.22936	311.665	276.607	2,407.9	1.7	-1.37	-0.38	0.22	0.22
DYNW	NDNT-DYNW	2020-07-07 02:00:00.0	49.81286	22.22936	311.666	276.608	2,414.4	1.9	-2.01	1.15	0.3	0.24
DYNW	NDNT-DYNW	2020-07-07 02:30:00.0	49.81286	22.22936	311.666	276.608	2,408.8	1.8	-1.69	0.69	0.35	0.24
DYNW	NDNT-DYNW	2020-07-07 03:00:00.0	49.81286	22.22936	311.668	276.61	2,404.1	1.6	-0.44	1.07	0.25	0.21
DYNW	NDNT-DYNW	2020-07-07 03:30:00.0	49.81286	22.22936	311.668	276.61	2,401.9	1.8	-0.51	0.66	0.25	0.25
DZIA	12244M001	2020-07-07 01:30:00.0	53.23033	20.16739	206.572	176.054	2,353.2	1.1	-0.75	1.35	0.15	0.16
DZIA	12244M001	2020-07-07 02:00:00.0	53.23033	20.16739	206.578	176.06	2,354.4	1.1	-0.61	-0.18	0.15	0.15
DZIA	12244M001	2020-07-07 02:30:00.0	53.23033	20.16739	206.578	176.06	2,364.9	1.1	-0.12	0.19	0.18	0.12
DZIA	12244M001	2020-07-07 03:00:00.0	53.23033	20.16739	206.574	176.056	2,360.7	1.1	0.06	0.98	0.15	0.12
DZIA	12244M001	2020-07-07 03:30:00.0	53.23033	20.16739	206.574	176.056	2,354.9	1.1	-0.09	1.36	0.11	0.12
ELBL	18991M001	2020-07-07 01:30:00.0	54.15556	19.40036	52.692	23.684	2,407.3	1.1	0.33	-0.25	0.15	0.16
ELBL	18991M001	2020-07-07 02:00:00.0	54.15556	19.40036	52.694	23.686	2,411.2	1.2	-0.82	0.24	0.17	0.15
ELBL	18991M001	2020-07-07 02:30:00.0	54.15556	19.40036	52.694	23.686	2,417.2	1.1	-0.67	0.14	0.21	0.12
ELBL	18991M001	2020-07-07 03:00:00.0	54.15556	19.40036	52.695	23.687	2,422.4	1.3	0.46	1.07	0.19	0.15
ELBL	18991M001	2020-07-07 03:30:00.0	54.15556	19.40036	52.695	23.687	2,414.9	1.2	0.21	0.84	0.14	0.16
GDA1	12252M002	2020-07-07 01:30:00.0	54.35142	18.64108	63.171	33.939	2,417.3	1.3	0.09	-0.07	0.21	0.18
GDA1	12252M002	2020-07-07 02:00:00.0	54.35142	18.64108	63.17	33.938	2,417.8	1.3	-0.54	1.09	0.21	0.16
GDA1	12252M002	2020-07-07 02:30:00.0	54.35142	18.64108	63.17	33.938	2,408.6	1.3	-0.33	1.99	0.23	0.15
GDA1	12252M002	2020-07-07 03:00:00.0	54.35142	18.64108	63.169	33.937	2,391.4	1.3	-0.32	1.73	0.19	0.15
GDA1	12252M002	2020-07-07 03:30:00.0	54.35142	18.64108	63.169	33.937	2,386.8	1.3	-0.32	0.57	0.14	0.16
GIZY	12253M001	2020-07-07 01:30:00.0	54.03578	21.76778	166.821	138.581	2,363.5	1.1	-0.82	0.92	0.15	0.16
GIZY	12253M001	2020-07-07 02:00:00.0	54.03578	21.76778	166.822	138.582	2,365.8	1.3	-0.37	0.54	0.2	0.16
GIZY	12253M001	2020-07-07 02:30:00.0	54.03578	21.76778	166.822	138.582	2,369.4	1.2	-0.44	0.63	0.24	0.14
GIZY	12253M001	2020-07-07 03:00:00.0	54.03578	21.76778	166.822	138.582	2,370.7	1.3	-0.57	1.38	0.18	0.14
GIZY	12253M001	2020-07-07 03:30:00.0	54.03578	21.76778	166.822	138.582	2,372.2	1.2	-0.45	1.19	0.14	0.16
GLIW	NDNT-GLIW	2020-07-07 01:30:00.0	50.22644	18.60972	284.037	242.461	2,367.1	1.6	-2.13	2.52	0.21	0.19
GLIW	NDNT-GLIW	2020-07-07 02:00:00.0	50.22644	18.60972	284.035	242.459	2,368.8	1.5	-1.96	2.97	0.26	0.2
GLIW	NDNT-GLIW	2020-07-07 02:30:00.0	50.22644	18.60972	284.035	242.459	2,370.7	1.7	-1.91	3.36	0.33	0.25
GLIW	NDNT-GLIW	2020-07-07 03:00:00.0	50.22644	18.60972	284.035	242.459	2,363.9	1.6	-0.55	2.99	0.24	0.22
GLIW	NDNT-GLIW	2020-07-07 03:30:00.0	50.22644	18.60972	284.035	242.459	2,367.7	1.5	-0.99	1.94	0.21	0.26
GLOG	12254M001	2020-07-07 01:30:00.0	51.66525	16.07428	144.422	104.579	2,391.8	1.3	-0.22	-0.21	0.18	0.19
GLOG	12254M001	2020-07-07 02:00:00.0	51.66525	16.07428	144.422	104.579	2,390.1	1.3	-0.37	-0.67	0.21	0.17
GLOG	12254M001	2020-07-07 02:30:00.0	51.66525	16.07428	144.422	104.579	2,391.1	1.4	-0.4	-0.47	0.26	0.16
GLOG	12254M001	2020-07-07 03:00:00.0	51.66525	16.07428	144.424	104.581	2,385.4	1.4	-1.07	-0.19	0.22	0.17
GLOG	12254M001	2020-07-07 03:30:00.0	51.66525	16.07428	144.424	104.581	2,383	1.4	-1.03	0.66	0.17	0.2
GLSV	12356M001	2020-07-07 01:30:00.0	50.36419	30.49675	226.324	200.952	2,423.4	1.1	0.01	-0.21	0.13	0.13
GLSV	12356M001	2020-07-07 02:00:00.0	50.36419	30.49675	226.326	200.954	2,432.2	1.6	0.07	-0.87	0.24	0.21
GLUB	NDNT-GLUB	2020-07-07 01:30:00.0	50.20236	17.81056	321.376	279.152	2,336.6	1.5	-1.08	2.59	0.19	0.18
GLUB	NDNT-GLUB	2020-07-07 02:00:00.0	50.20236	17.81056	321.373	279.149	2,348.5	1.3	-0.94	1	0.22	0.16
GLUB	NDNT-GLUB	2020-07-07 02:30:00.0	50.20236	17.81056	321.373	279.149	2,345.4	1.4	-1.41	0.89	0.27	0.14
GLUB	NDNT-GLUB	2020-07-07 03:00:00.0	50.20236	17.81056	321.368	279.144	2,350	1.4	-0.6	1.26	0.22	0.18
GLUB	NDNT-GLUB	2020-07-07 03:30:00.0	50.20236	17.81056	321.368	279.144	2,344.9	1.3	-0.69	1.4	0.17	0.17
GNIE	12255M001	2020-07-07 01:30:00.0	52.53294	17.58386	172.131	138.869	2,366.4	1.2	-1.16	1.5	0.16	0.17
GNIE	12255M001	2020-07-07 02:00:00.0	52.53294	17.58386	172.125	138.863	2,372.9	1.1	-1.19	0.55	0.15	0.15
GNIE	12255M001	2020-07-07 02:30:00.0	52.53294	17.58386	172.125	138.863	2,372.5	1.2	-1.06	-0.01	0.21	0.13
GNIE	12255M001	2020-07-07 03:00:00.0	52.53294	17.58386	172.13	138.868	2,376.7	1.3	-0.94	0.1	0.19	0.14
GNIE	12255M001	2020-07-07 03:30:00.0	52.53294	17.58386	172.13	138.868	2,378.6	1.2	-0.95	-0.17	0.14	0.16
GOLE	12256M001	2020-07-07 01:30:00.0	53.55872	14.838	68.861	33.684	2,394.7	1.3	-0.35	-0.46	0.16	0.18
GOLE	12256M001	2020-07-07 02:00:00.0	53.55872	14.838	68.862	33.685	2,401.2	1.3	-1.02	-0.2	0.18	0.17
GOLE	12256M001	2020-07-07 02:30:00.0	53.55872	14.838	68.862	33.685	2,403.6	1.4	-1.1	0.23	0.23	0.16
GOLE	12256M001	2020-07-07 03:00:00.0	53.55872	14.838	68.868	33.691	2,401.2	1.4	-0.52	0.67	0.18	0.16
GOLE	12256M001	2020-07-07 03:30:00.0	53.55872	14.838	68.868	33.691	2,397.7	1.2	-1.04	0.26	0.14	0.16
GOPE	11502M002	2020-07-07 01:30:00.0	49.91369	14.78564	592.728	547.559	2,263.5	1.7	-0.75	0.56	0.21	0.21
GOPE	11502M002	2020-07-07 02:00:00.0	49.91369	14.78564	592.722	547.553	2,264.5	1.7	-0.31	-1.05	0.31	0.28
GOR1	NDNT-GORL	2020-07-07 01:30:00.0	49.65586	21.13944	381.244	343.389	2,370.9	1.3	-1.21	2.23	0.16	0.17
GOR1	NDNT-GORL	2020-07-07 02:00:00.0	49.65586	21.13944	381.244	343.389	2,367.6	1.3	-0.57	-0.22	0.18	0.17
GOR1	NDNT-GORL	2020-07-07 02:30:00.0	49.65586	21.13944	381.244	343.389	2,374.2	1.3	-0.89	-0.18	0.24	0.14
GOR1	NDNT-GORL	2020-07-07 03:00:00.0	49.65586	21.13944	381.245	343.39	2,377.3	1.2	-1.2	-0.16	0.2	0.14
GOR1	NDNT-GORL	2020-07-07 03:30:00.0	49.65586	21.13944	381.245	343.39	2,384.9	1.2	-1.35	0.85	0.14	0.15
GRAJ	12245M001	2020-07-07 01:30:00.0	53.65106	22.45231	165.193	136.677	2,368.5	1.4	-2.15	0.47	0.25	0.21
GRAJ	12245M001	2020-07-07 02:00:00.0	53.65106	22.45231	165.189	136.673	2,370.6	1.4	-2.26	0.55	0.26	0.19
GRAJ	12245M001	2020-07-07 02:30:00.0	53.65106	22.45231	165.189	136.673	2,369.9	1.4	-2.23	0.27	0.29	0.18
GRAJ	12245M001	2020-07-07 03:00:00.0	53.65106	22.45231	165.179	136.663	2,378	1.4	-1.66	0.37	0.21	0.19
GRAJ	12245M001	2020-07-07 03:30:00.0	53.65106	22.45231	165.179	136.663	2,379.7	1.4	-1.39	0.88	0.18	0.22
GWWL	12225M001	2020-07-07 01:30:00.0	52.73797	15.20522	127.161	90.872	2,378.5	1.2	-2.21	1.18	0.16	0.17
GWWL	12225M001	2020-07-07 02:00:00.0	52.73797	15.20522	127.161	90.872	2,376.5	1.7	-1.89	0.71	0.31	0.26
HAJN	12247M001	2020-07-07 01:30:00.0	52.74097	23.56589	196.627	168.356	2,395.4	1.4	-0.48	1.88	0.2	0.2
HAJN	12247M001	2020-07-07 02:00:00.0	52.74097	23.56589	196.631	168.36	2,394.4	1.3	-1.32	0.76	0.23	0.17
HAJN	12247M001	2020-07-07 02:30:00.0	52.74097	23.56589	196.631	168.36	2,398.4	1.3	-1.02	0.76	0.25	0.16
HAJN	12247M001	2020-07-07 03:00:00.0	52.74097	23.56589	196.627	168.356	2,395.3	1.4	-1.65	0.68	0.2	0.17
HAJN	12247M001	2020-07-07 03:30:00.0	52.74097	23.56589	196.627	168.356	2,396.5	1.3	-1.47	1.21	0.14	0.19
HOZD	12248M001	2020-07-07 01:30:00.0	50.18886	23.36225	298.862	266.991	2,403.9	1.6	-3.38	2.31	0.21	0.19
HOZD	12248M001	2020-07-07 02:00:00.0	50.18886	23.36225	298.865	266.994	2,397.5	1.7	-3.58	3.1	0.26	0.21
HOZD	12248M001	2020-07-07 02:30:00.0	50.18886	23.36225	298.865	266.994	2,389.1	1.8	-2.47	1.18	0.3	0.19
HOZD	12248M001	2020-07-07 03:00:00.0	50.18886	23.36225	298.871	267	2,385.3	1.5	-1.83	-0.75	0.23	0.18
HOZD	12248M001	2020-07-07 03:30:00.0	50.18886	23.36225	298.871	267	2,386.7	1.5	-1.75	-0.71	0.18	0.21
HRUB	12249M001	2020-07-07 01:30:00.0	50.80469	23.88628	234.428	204.5	2,414	1.8	-2.62	2.07	0.22	0.22
HRUB	12249M001	2020-07-07 02:00:00.0	50.80469	23.88628	234.446	204.518	2,415.7	1.8	-4.09	3.86	0.28	0.22
HRUB	12249M001	2020-07-07 02:30:00.0	50.80469	23.88628	234.446	204.518	2,412.4	1.9	-5.15	1.29	0.32	0.23
HRUB	12249M001	2020-07-07 03:00:00.0	50.80469	23.88628	234.467	204.539	2,390.7	1.6	-4.11	-0.3	0.24	0.21
HRUB	12249M001	2020-07-07 03:30:00.0	50.80469	23.88628	234.467	204.539	2,389.2	1.5	-3.34	-1.52	0.22	0.23
IGEO	15101M001	2020-07-07 01:30:00.0	47.03036	28.84353	105.881	74.642	2,472.5	1.5	0.44	-0.87	0.21	0.17
IGEO	15101M001	2020-07-07 02:00:00.0	47.03036	28.84353	105.883	74.644	2,480.2	1.8	1.29	-0.79	0.23	0.23
IGEO	15101M001	2020-07-07 03:00:00.0	47.03036	28.84353	105.886	74.647	2,473.6	1.9	0.97	-1.35	0.26	0.24
IGEO	15101M001	2020-07-07 03:30:00.0	47.03036	28.84353	105.886	74.647	2,472.8	1.6	1.56	-0.93	0.22	0.19
ILAW	12250M001	2020-07-07 01:30:00.0	53.58714	19.56797	162.817	133.333	2,369.5	0.9	-1.58	1.39	0.1	0.12
ILAW	12250M001	2020-07-07 02:00:00.0	53.58714	19.56797	162.814	133.33	2,373.8	1	-0.76	1.52	0.13	0.13
ILAW	12250M001	2020-07-07 02:30:00.0	53.58714	19.56797	162.814	133.33	2,373	1	-0.66	1.19	0.16	0.11
ILAW	12250M001	2020-07-07 03:00:00.0	53.58714	19.56797	162.813	133.329	2,376	1.3	0.21	-0.06	0.18	0.14
ILAW	12250M001	2020-07-07 03:30:00.0	53.58714	19.56797	162.813	133.329	2,378.6	1.2	0.11	0.43	0.13	0.15
JAR1	NDNT-JARO	2020-07-07 01:30:00.0	50.01719	22.67853	268.932	235.093	2,414.2	1.2	-3.13	0.76	0.14	0.14
JAR1	NDNT-JARO	2020-07-07 02:00:00.0	50.01719	22.67853	268.933	235.094	2,430	1.3	-1.81	0.35	0.15	0.15
JAR1	NDNT-JARO	2020-07-07 02:30:00.0	50.01719	22.67853	268.933	235.094	2,425.3	1.3	-2.65	0.8	0.2	0.14
JAR1	NDNT-JARO	2020-07-07 03:00:00.0	50.01719	22.67853	268.94	235.101	2,411.2	1.3	-1.64	1.48	0.19	0.13
JAR1	NDNT-JARO	2020-07-07 03:30:00.0	50.01719	22.67853	268.94	235.101	2,412.5	1.2	-0.77	1.2	0.13	0.13
JAST	NDNT-JAST	2020-07-07 01:30:00.0	49.95256	18.61192	342.81	300.537	2,357.1	1.4	-2.5	2.08	0.17	0.18
JAST	NDNT-JAST	2020-07-07 02:00:00.0	49.95256	18.61192	342.808	300.535	2,345.9	1.2	-2.23	3.17	0.18	0.16
JAST	NDNT-JAST	2020-07-07 02:30:00.0	49.95256	18.61192	342.808	300.535	2,349.4	1.3	-1.78	2.39	0.24	0.14
JAST	NDNT-JAST	2020-07-07 03:00:00.0	49.95256	18.61192	342.804	300.531	2,348.2	1.4	-1.44	1.56	0.21	0.15
JAST	NDNT-JAST	2020-07-07 03:30:00.0	49.95256	18.61192	342.804	300.531	2,350.6	1.2	-1.44	1.39	0.15	0.15
JEDR	NDNT-JEDR	2020-07-07 01:30:00.0	50.64175	20.30078	297.606	259.867	2,365.4	1.1	-2.35	2.02	0.13	0.13
JEDR	NDNT-JEDR	2020-07-07 02:00:00.0	50.64175	20.30078	297.607	259.868	2,369	1.2	-2.25	1.69	0.16	0.16
JEDR	NDNT-JEDR	2020-07-07 02:30:00.0	50.64175	20.30078	297.607	259.868	2,372.6	1.3	-2.17	1.81	0.23	0.17
JEDR	NDNT-JEDR	2020-07-07 03:00:00.0	50.64175	20.30078	297.609	259.87	2,371.1	1.1	-0.79	1.1	0.16	0.12
JEDR	NDNT-JEDR	2020-07-07 03:30:00.0	50.64175	20.30078	297.609	259.87	2,372.1	1	-1.61	0.42	0.1	0.1
JLGR	12251M001	2020-07-07 01:30:00.0	50.91947	15.73325	408.192	365.34	2,320.2	1.4	-0.39	-0.26	0.2	0.21
JLGR	12251M001	2020-07-07 02:00:00.0	50.91947	15.73325	408.192	365.34	2,318.2	1.4	-0.74	0.01	0.25	0.18
JLGR	12251M001	2020-07-07 02:30:00.0	50.91947	15.73325	408.192	365.34	2,317.1	1.5	-1.1	0.01	0.28	0.2
JLGR	12251M001	2020-07-07 03:00:00.0	50.91947	15.73325	408.195	365.343	2,310.9	1.8	-0.82	0.29	0.29	0.25
JLGR	12251M001	2020-07-07 03:30:00.0	50.91947	15.73325	408.195	365.343	2,311.2	1.8	-0.73	0.33	0.26	0.26
JOZ2	12204M002	2020-07-07 01:30:00.0	52.09783	21.03236	152.518	120.879	2,378.3	1.2	-1.3	1.95	0.16	0.16
JOZ2	12204M002	2020-07-07 02:00:00.0	52.09783	21.03236	152.516	120.877	2,387.2	1.7	-0.91	1.26	0.29	0.27
JOZE	12204M001	2020-07-07 01:30:00.0	52.09728	21.03156	141.62	109.979	2,386.3	1.8	-1.94	1.6	0.3	0.25
JOZE	12204M001	2020-07-07 02:00:00.0	52.09728	21.03156	141.618	109.977	2,392.5	1.9	-1.88	1.32	0.36	0.31
KALI	12257M001	2020-07-07 01:30:00.0	51.75389	18.09517	147.742	111.744	2,377.5	1.5	-2.16	1.23	0.23	0.19
KALI	12257M001	2020-07-07 02:00:00.0	51.75389	18.09517	147.738	111.74	2,384.5	1.2	-0.69	0.31	0.2	0.16
KALI	12257M001	2020-07-07 02:30:00.0	51.75389	18.09517	147.738	111.74	2,389	1.2	-0.54	1.07	0.24	0.13
KALI	12257M001	2020-07-07 03:00:00.0	51.75389	18.09517	147.734	111.736	2,391.8	1.3	-0.54	1.3	0.19	0.15
KALI	12257M001	2020-07-07 03:30:00.0	51.75389	18.09517	147.734	111.736	2,391.4	1.2	-0.85	0.52	0.14	0.17
KAM1	12258M001	2020-07-07 01:30:00.0	53.96306	14.77739	57.765	22.815	2,402.8	1.4	-0.41	0.42	0.18	0.18
KAM1	12258M001	2020-07-07 02:00:00.0	53.96306	14.77739	57.757	22.807	2,401.7	1.4	0.33	0.45	0.19	0.18
KAM1	12258M001	2020-07-07 02:30:00.0	53.96306	14.77739	57.757	22.807	2,405.7	1.4	-0.28	0.49	0.24	0.16
KAM1	12258M001	2020-07-07 03:00:00.0	53.96306	14.77739	57.759	22.809	2,395.7	1.4	-0.45	0.75	0.19	0.16
KAM1	12258M001	2020-07-07 03:30:00.0	53.96306	14.77739	57.759	22.809	2,393.2	1.3	-0.33	0.17	0.14	0.16
KATO	12219S001	2020-07-07 01:30:00.0	50.25328	19.03564	332.88	291.615	2,349.5	1.3	-2.92	1.56	0.16	0.16
KATO	12219S001	2020-07-07 02:00:00.0	50.25328	19.03564	332.878	291.613	2,355.5	2	-2.65	1.17	0.32	0.31
KAZ1	NDNT-KAZA	2020-07-07 01:30:00.0	50.30422	20.45164	261.173	222.97	2,394.5	1.3	-1.49	1.05	0.16	0.16
KAZ1	NDNT-KAZA	2020-07-07 02:00:00.0	50.30422	20.45164	261.178	222.975	2,390.4	1.2	-2.11	1.61	0.16	0.17
KAZ1	NDNT-KAZA	2020-07-07 02:30:00.0	50.30422	20.45164	261.178	222.975	2,389.2	1.3	-2.47	0.88	0.23	0.17
KAZ1	NDNT-KAZA	2020-07-07 03:00:00.0	50.30422	20.45164	261.176	222.973	2,387	1.2	-2.14	1.15	0.19	0.14
KAZ1	NDNT-KAZA	2020-07-07 03:30:00.0	50.30422	20.45164	261.176	222.973	2,389.7	1.1	-1.49	1.19	0.14	0.14
KEPN	12259M001	2020-07-07 01:30:00.0	51.28017	17.98358	220.293	181.806	2,360.8	1.4	-1.21	1.86	0.17	0.17
KEPN	12259M001	2020-07-07 02:00:00.0	51.28017	17.98358	220.29	181.803	2,363	1.4	-1.01	0.82	0.2	0.16
KEPN	12259M001	2020-07-07 02:30:00.0	51.28017	17.98358	220.29	181.803	2,366.8	1.3	-0.72	0.9	0.24	0.14
KEPN	12259M001	2020-07-07 03:00:00.0	51.28017	17.98358	220.288	181.801	2,366.8	1.4	-0.81	1.15	0.2	0.16
KEPN	12259M001	2020-07-07 03:30:00.0	51.28017	17.98358	220.288	181.801	2,367.9	1.3	-0.61	1.09	0.15	0.17
KES1	MUSE-KES1	2020-07-07 01:30:00.0	50.27158	19.02614	339.928	298.716	2,348.3	1.7	-2.71	1.64	0.25	0.24
KES1	MUSE-KES1	2020-07-07 02:00:00.0	50.27158	19.02614	339.93	298.718	2,353	1.8	-1.92	1.54	0.27	0.26
KES1	MUSE-KES1	2020-07-07 02:30:00.0	50.27158	19.02614	339.93	298.718	2,358.5	2	-1.7	1.75	0.34	0.31
KES1	MUSE-KES1	2020-07-07 03:00:00.0	50.27158	19.02614	339.931	298.719	2,352.6	1.4	-1.83	1.5	0.22	0.17
KES1	MUSE-KES1	2020-07-07 03:30:00.0	50.27158	19.02614	339.931	298.719	2,346.1	1.3	-0.71	1.25	0.16	0.18
KILE	NDNT-KIEL	2020-07-07 01:30:00.0	50.90847	20.66397	364.632	328.071	2,349.7	1.4	-1.54	1.78	0.18	0.18
KILE	NDNT-KIEL	2020-07-07 02:00:00.0	50.90847	20.66397	364.634	328.073	2,351.9	1.2	-2.01	2.37	0.18	0.16
KILE	NDNT-KIEL	2020-07-07 02:30:00.0	50.90847	20.66397	364.634	328.073	2,346.2	1.3	-1.45	1.73	0.23	0.15
KILE	NDNT-KIEL	2020-07-07 03:00:00.0	50.90847	20.66397	364.632	328.071	2,350	1.3	-1.69	0.48	0.19	0.15
KILE	NDNT-KIEL	2020-07-07 03:30:00.0	50.90847	20.66397	364.632	328.071	2,351.5	1.1	-1.08	1.57	0.14	0.16
KLCE	12260M001	2020-07-07 01:30:00.0	50.87575	20.62967	333.559	296.867	2,354.6	1.4	-2.19	1.75	0.18	0.18
KLCE	12260M001	2020-07-07 02:00:00.0	50.87575	20.62967	333.56	296.868	2,352.3	1.2	-1.76	2.2	0.17	0.16
KLCE	12260M001	2020-07-07 02:30:00.0	50.87575	20.62967	333.56	296.868	2,355.4	1.3	-1.63	1.69	0.23	0.15
KLCE	12260M001	2020-07-07 03:00:00.0	50.87575	20.62967	333.559	296.867	2,359.6	1.3	-1.55	1.18	0.19	0.15
KLCE	12260M001	2020-07-07 03:30:00.0	50.87575	20.62967	333.559	296.867	2,360.7	1.1	-1.36	1.54	0.14	0.16
KLDZ	12261M001	2020-07-07 01:30:00.0	50.43558	16.65189	359.557	316.317	2,325.8	1.5	-0.71	0.24	0.18	0.18
KLDZ	12261M001	2020-07-07 02:00:00.0	50.43558	16.65189	359.555	316.315	2,325.5	1.4	-0.76	0.23	0.23	0.18
KLDZ	12261M001	2020-07-07 02:30:00.0	50.43558	16.65189	359.555	316.315	2,324.9	1.4	-0.13	0.43	0.27	0.15
KLDZ	12261M001	2020-07-07 03:00:00.0	50.43558	16.65189	359.556	316.316	2,330.7	1.4	0.01	0.89	0.21	0.17
KLDZ	12261M001	2020-07-07 03:30:00.0	50.43558	16.65189	359.556	316.316	2,328.3	1.3	-0.57	0.5	0.16	0.16
KLOB	12219M001	2020-07-07 01:30:00.0	50.90553	18.93689	301.636	262.932	2,345.1	1.3	-1.82	1.51	0.16	0.17
KLOB	12219M001	2020-07-07 02:00:00.0	50.90553	18.93689	301.631	262.927	2,348.1	1.3	-1.6	1.9	0.17	0.16
KLOB	12219M001	2020-07-07 02:30:00.0	50.90553	18.93689	301.631	262.927	2,351.5	1.3	-1.24	1.36	0.23	0.14
KLOB	12219M001	2020-07-07 03:00:00.0	50.90553	18.93689	301.632	262.928	2,350.9	1.4	-0.87	2.02	0.2	0.16
KLOB	12219M001	2020-07-07 03:30:00.0	50.90553	18.93689	301.632	262.928	2,348.3	1.3	-1.07	1.42	0.17	0.17
KLUC	NDNT-KLUC	2020-07-07 01:30:00.0	50.96822	18.21419	232.953	193.525	2,364.4	1.3	-1.39	1.72	0.16	0.17
KLUC	NDNT-KLUC	2020-07-07 02:00:00.0	50.96822	18.21419	232.951	193.523	2,368.3	1.3	-0.74	0.91	0.17	0.16
KLUC	NDNT-KLUC	2020-07-07 02:30:00.0	50.96822	18.21419	232.951	193.523	2,371.3	1.3	-0.83	0.72	0.23	0.14
KLUC	NDNT-KLUC	2020-07-07 03:00:00.0	50.96822	18.21419	232.946	193.518	2,371	1.3	-0.52	0.59	0.2	0.15
KLUC	NDNT-KLUC	2020-07-07 03:30:00.0	50.96822	18.21419	232.946	193.518	2,371.2	1.2	-0.77	0.89	0.14	0.14
KOLB	NDNT-KOLA	2020-07-07 01:30:00.0	50.24403	21.78331	250.575	215.126	2,409.1	1.6	-0.72	0.65	0.19	0.19
KOLB	NDNT-KOLA	2020-07-07 02:00:00.0	50.24403	21.78331	250.585	215.136	2,406.6	1.4	-1.41	2.17	0.2	0.17
KOLB	NDNT-KOLA	2020-07-07 02:30:00.0	50.24403	21.78331	250.585	215.136	2,406.9	1.4	-2.3	1.58	0.25	0.15
KOLB	NDNT-KOLA	2020-07-07 03:00:00.0	50.24403	21.78331	250.58	215.131	2,402.5	1.3	-0.49	0.43	0.2	0.13
KOLB	NDNT-KOLA	2020-07-07 03:30:00.0	50.24403	21.78331	250.58	215.131	2,409.1	1.1	-1.71	-1.13	0.14	0.14
KONI	12262M001	2020-07-07 01:30:00.0	52.22811	18.25397	157.116	123.974	2,378.6	1.5	-1	1.24	0.21	0.21
KONI	12262M001	2020-07-07 02:00:00.0	52.22811	18.25397	157.115	123.973	2,377.5	1	-0.15	0.69	0.12	0.12
KONI	12262M001	2020-07-07 02:30:00.0	52.22811	18.25397	157.115	123.973	2,380.4	1	-1.19	1.86	0.17	0.1
KONI	12262M001	2020-07-07 03:00:00.0	52.22811	18.25397	157.118	123.976	2,383.7	1.2	-0.93	1.06	0.18	0.14
KONI	12262M001	2020-07-07 03:30:00.0	52.22811	18.25397	157.118	123.976	2,380.4	1.1	-0.14	-0.08	0.13	0.15
KOSC	12263M001	2020-07-07 01:30:00.0	54.12256	17.98158	211.138	180.966	2,358.9	1.3	-0.67	0.04	0.2	0.18
KOSC	12263M001	2020-07-07 02:00:00.0	54.12256	17.98158	211.134	180.962	2,356	1.3	0.07	1.17	0.21	0.15
KOSC	12263M001	2020-07-07 02:30:00.0	54.12256	17.98158	211.134	180.962	2,347.2	1.2	-0.02	1.17	0.23	0.13
KOSC	12263M001	2020-07-07 03:00:00.0	54.12256	17.98158	211.13	180.958	2,345.1	1.4	0.38	0.04	0.19	0.16
KOSC	12263M001	2020-07-07 03:30:00.0	54.12256	17.98158	211.13	180.958	2,348.9	1.3	0.24	0.27	0.15	0.18
KOSZ	12264M001	2020-07-07 01:30:00.0	54.20339	16.19772	123.185	90.114	2,371.1	1.3	-0.83	0.93	0.2	0.19
KOSZ	12264M001	2020-07-07 02:00:00.0	54.20339	16.19772	123.179	90.108	2,385.4	1.4	0.26	0.12	0.2	0.18
KOSZ	12264M001	2020-07-07 02:30:00.0	54.20339	16.19772	123.179	90.108	2,391.7	1.4	-0.81	0.91	0.27	0.17
KOSZ	12264M001	2020-07-07 03:00:00.0	54.20339	16.19772	123.18	90.109	2,386.1	1.3	-1.4	0.91	0.18	0.16
KOSZ	12264M001	2020-07-07 03:30:00.0	54.20339	16.19772	123.18	90.109	2,378.4	1.2	-0.7	1.59	0.13	0.15
KRA1	12218M002	2020-07-07 01:30:00.0	50.06611	19.92047	267.126	227.042	2,388.9	1.7	-2	1.64	0.21	0.2
KRA1	12218M002	2020-07-07 02:00:00.0	50.06611	19.92047	267.123	227.039	2,390.9	1.9	-1.83	1.23	0.32	0.28
KRA2	NDNT-KRAK	2020-07-07 01:30:00.0	50.01092	19.90192	295.003	254.74	2,389.6	1.4	-1.25	0.56	0.16	0.16
KRA2	NDNT-KRAK	2020-07-07 02:00:00.0	50.01092	19.90192	294.999	254.736	2,388.1	1.2	-1.3	0.26	0.16	0.14
KRA2	NDNT-KRAK	2020-07-07 02:30:00.0	50.01092	19.90192	294.999	254.736	2,388.3	1.2	-2.57	1.16	0.21	0.13
KRA2	NDNT-KRAK	2020-07-07 03:00:00.0	50.01092	19.90192	294.993	254.73	2,387.8	1.2	-1.66	2.08	0.18	0.13
KRA2	NDNT-KRAK	2020-07-07 03:30:00.0	50.01092	19.90192	294.993	254.73	2,391.1	1.1	-1.71	0.97	0.12	0.12
KRAP	NDNT-KRAP	2020-07-07 01:30:00.0	50.49031	17.95681	221.317	180.34	2,376.8	1.5	-0.99	1.02	0.22	0.23
KRAP	NDNT-KRAP	2020-07-07 02:00:00.0	50.49031	17.95681	221.311	180.334	2,387.7	1.4	-1.97	0.3	0.24	0.17
KRAP	NDNT-KRAP	2020-07-07 02:30:00.0	50.49031	17.95681	221.311	180.334	2,376	1.4	-2.15	0.89	0.29	0.15
KRAP	NDNT-KRAP	2020-07-07 03:00:00.0	50.49031	17.95681	221.306	180.329	2,386.4	1.4	-2.89	1.09	0.23	0.16
KRAP	NDNT-KRAP	2020-07-07 03:30:00.0	50.49031	17.95681	221.306	180.329	2,385	1.3	-2.13	1.63	0.17	0.15
KRAW	12218M001	2020-07-07 01:30:00.0	50.06614	19.92047	267.131	227.047	2,383.9	1.7	-1.95	1.62	0.22	0.21
KRAW	12218M001	2020-07-07 02:00:00.0	50.06614	19.92047	267.128	227.044	2,386.6	1.9	-2.07	1.34	0.33	0.29
KROS	12265M001	2020-07-07 01:00:00.0	49.67875	21.77464	347.515	311.11	2,397.1	1.3	-1.61	0.75	0.14	0.13
KROS	12265M001	2020-07-07 01:30:00.0	49.67875	21.77464	347.515	311.11	2,393.3	1.5	-2.46	0.72	0.17	0.17
KROS	12265M001	2020-07-07 02:00:00.0	49.67875	21.77464	347.533	311.128	2,387.8	1.4	-1.65	1.1	0.18	0.17
KROS	12265M001	2020-07-07 02:30:00.0	49.67875	21.77464	347.533	311.128	2,385	1.4	-0.27	2.21	0.23	0.15
KROS	12265M001	2020-07-07 03:00:00.0	49.67875	21.77464	347.528	311.123	2,390.4	1.4	-0.54	0.34	0.2	0.15
KROS	12265M001	2020-07-07 03:30:00.0	49.67875	21.77464	347.528	311.123	2,388.8	1.3	-0.78	0.4	0.14	0.14
KROT	12266M001	2020-07-07 01:00:00.0	51.69219	17.43719	186.25	148.452	2,373.4	1.3	0.16	0.52	0.19	0.16
KROT	12266M001	2020-07-07 01:30:00.0	51.69219	17.43719	186.25	148.452	2,374.3	1.7	-0.54	0.8	0.25	0.22
KROT	12266M001	2020-07-07 02:00:00.0	51.69219	17.43719	186.249	148.451	2,377.8	1.3	-0.27	0.54	0.23	0.16
KROT	12266M001	2020-07-07 02:30:00.0	51.69219	17.43719	186.249	148.451	2,378.2	1.3	-0.23	0.51	0.26	0.14
KROT	12266M001	2020-07-07 03:00:00.0	51.69219	17.43719	186.249	148.451	2,374	1.3	0.22	-0.5	0.2	0.16
KROT	12266M001	2020-07-07 03:30:00.0	51.69219	17.43719	186.249	148.451	2,374.2	1.3	-0.21	-0.58	0.17	0.2
KUTN	12267M001	2020-07-07 01:00:00.0	52.22606	19.37497	159.85	127.721	2,374.5	1.2	-0.84	0.96	0.17	0.14
KUTN	12267M001	2020-07-07 01:30:00.0	52.22606	19.37497	159.85	127.721	2,375.7	1.5	-0.53	0.61	0.21	0.21
KUTN	12267M001	2020-07-07 02:00:00.0	52.22606	19.37497	159.849	127.72	2,380.4	1.3	-0.59	0.08	0.21	0.2
KUTN	12267M001	2020-07-07 02:30:00.0	52.22606	19.37497	159.849	127.72	2,383.1	1.5	-0.63	0.43	0.28	0.18
KUTN	12267M001	2020-07-07 03:00:00.0	52.22606	19.37497	159.846	127.717	2,387.7	1.4	-0.48	0.42	0.21	0.16
KUTN	12267M001	2020-07-07 03:30:00.0	52.22606	19.37497	159.846	127.717	2,388.8	1.2	-0.54	0.29	0.14	0.16
LAN1	NDNT-LANC	2020-07-07 01:00:00.0	50.06586	22.22919	287.417	252.658	2,398.2	1.2	-1.62	-0.49	0.13	0.12
LAN1	NDNT-LANC	2020-07-07 01:30:00.0	50.06586	22.22919	287.417	252.658	2,404.8	1.4	-0.8	-0.54	0.17	0.16
LAN1	NDNT-LANC	2020-07-07 02:00:00.0	50.06586	22.22919	287.424	252.665	2,405.9	1.3	-1.41	0.54	0.17	0.16
LAN1	NDNT-LANC	2020-07-07 02:30:00.0	50.06586	22.22919	287.424	252.665	2,406.2	1.3	-0.57	0.29	0.22	0.14
LAN1	NDNT-LANC	2020-07-07 03:00:00.0	50.06586	22.22919	287.428	252.669	2,399.5	1.4	-0.69	0.44	0.19	0.14
LAN1	NDNT-LANC	2020-07-07 03:30:00.0	50.06586	22.22919	287.428	252.669	2,402.8	1.3	-0.56	0.88	0.14	0.15
LEGP	12268M001	2020-07-07 01:00:00.0	51.2	16.15497	181.336	139.953	2,379.5	1	-1.33	-0.09	0.13	0.13
LEGP	12268M001	2020-07-07 01:30:00.0	51.2	16.15497	181.336	139.953	2,377.1	1.3	-0.78	0.14	0.17	0.19
LEGP	12268M001	2020-07-07 02:00:00.0	51.2	16.15497	181.337	139.954	2,377.1	1.3	-0.93	0.2	0.19	0.18
LEGP	12268M001	2020-07-07 02:30:00.0	51.2	16.15497	181.337	139.954	2,380.5	1.4	-1.09	0.22	0.26	0.19
LEGP	12268M001	2020-07-07 03:00:00.0	51.2	16.15497	181.338	139.955	2,382.2	1.6	-0.9	0.32	0.24	0.2
LEGP	12268M001	2020-07-07 03:30:00.0	51.2	16.15497	181.338	139.955	2,383.9	1.5	-0.53	0.32	0.21	0.21
LELO	12269M001	2020-07-07 01:00:00.0	50.68289	19.62889	306.299	267.817	2,345.4	1.1	-2.35	1.7	0.13	0.12
LELO	12269M001	2020-07-07 01:30:00.0	50.68289	19.62889	306.299	267.817	2,346	1.3	-2.52	1.34	0.17	0.17
LELO	12269M001	2020-07-07 02:00:00.0	50.68289	19.62889	306.301	267.819	2,352.6	1.2	-1.89	0.47	0.18	0.16
LELO	12269M001	2020-07-07 02:30:00.0	50.68289	19.62889	306.301	267.819	2,357.7	1.2	-2.06	0.62	0.23	0.13
LELO	12269M001	2020-07-07 03:00:00.0	50.68289	19.62889	306.301	267.819	2,360.9	1.2	-2.34	1.66	0.19	0.15
LELO	12269M001	2020-07-07 03:30:00.0	50.68289	19.62889	306.301	267.819	2,359.4	1.1	-1.84	2.37	0.13	0.14
LES1	MUSE-LES1	2020-07-07 01:00:00.0	51.52717	16.14506	163.394	123.199	2,388.1	1.1	-0.26	-0.7	0.14	0.14
LES1	MUSE-LES1	2020-07-07 01:30:00.0	51.52717	16.14506	163.394	123.199	2,388.7	1.4	-0.36	-0.89	0.23	0.21
LES1	MUSE-LES1	2020-07-07 02:00:00.0	51.52717	16.14506	163.4	123.205	2,385.1	1.4	-0.21	-0.49	0.24	0.18
LES1	MUSE-LES1	2020-07-07 02:30:00.0	51.52717	16.14506	163.4	123.205	2,385.3	1.4	0.24	-1	0.27	0.19
LES1	MUSE-LES1	2020-07-07 03:00:00.0	51.52717	16.14506	163.405	123.21	2,383	1.4	-0.72	-0.74	0.23	0.18
LES1	MUSE-LES1	2020-07-07 03:30:00.0	51.52717	16.14506	163.405	123.21	2,382.6	1.5	-0.94	-0.53	0.21	0.22
LODZ	12226M001	2020-07-07 01:00:00.0	51.77872	19.45953	259.429	225.93	2,342.8	1	-1.75	1.1	0.12	0.11
LODZ	12226M001	2020-07-07 01:30:00.0	51.77872	19.45953	259.429	225.93	2,343.1	1.3	-1.89	0.63	0.16	0.16
LODZ	12226M001	2020-07-07 02:00:00.0	51.77872	19.45953	259.428	225.929	2,349.7	1.6	-1.42	0.73	0.26	0.25
LOMZ	12271M001	2020-07-07 01:00:00.0	53.174	22.08036	185.348	156.355	2,367.7	0.8	-1.14	1.19	0.11	0.11
LOMZ	12271M001	2020-07-07 01:30:00.0	53.174	22.08036	185.348	156.355	2,364.1	1.1	-1.56	1.38	0.14	0.16
LOMZ	12271M001	2020-07-07 02:00:00.0	53.174	22.08036	185.347	156.354	2,366.2	1.2	-0.66	1.15	0.19	0.16
LOMZ	12271M001	2020-07-07 02:30:00.0	53.174	22.08036	185.347	156.354	2,374.7	1.2	-0.5	0.6	0.23	0.15
LOMZ	12271M001	2020-07-07 03:00:00.0	53.174	22.08036	185.344	156.351	2,380.2	1.3	-0.6	0.53	0.18	0.16
LOMZ	12271M001	2020-07-07 03:30:00.0	53.174	22.08036	185.344	156.351	2,382.3	1.2	-0.8	0.43	0.13	0.16
LUBL	12272M001	2020-07-07 01:00:00.0	51.25086	22.55472	242.196	210.386	2,387.3	1.1	-1.24	-0.28	0.13	0.13
LUBL	12272M001	2020-07-07 01:30:00.0	51.25086	22.55472	242.196	210.386	2,386.2	1.4	-1.65	0.04	0.17	0.16
LUBL	12272M001	2020-07-07 02:00:00.0	51.25086	22.55472	242.203	210.393	2,386.6	1.4	-1.19	0.7	0.21	0.17
LUBL	12272M001	2020-07-07 02:30:00.0	51.25086	22.55472	242.203	210.393	2,401	1.4	-1.31	0.44	0.24	0.14
LUBL	12272M001	2020-07-07 03:00:00.0	51.25086	22.55472	242.203	210.393	2,396.2	1.3	-1.12	1.3	0.2	0.15
LUBL	12272M001	2020-07-07 03:30:00.0	51.25086	22.55472	242.203	210.393	2,387.7	1.3	-1.34	0.21	0.16	0.17
MET3	10503M010	2020-07-07 01:00:00.0	60.21744	24.3945	79.197	60.43	2,378.8	1.2	-0.43	-0.03	0.16	0.12
MET3	10503M010	2020-07-07 01:30:00.0	60.21744	24.3945	79.197	60.43	2,378.6	1.4	-0.72	0.09	0.21	0.19
MET3	10503M010	2020-07-07 02:00:00.0	60.21744	24.3945	79.191	60.424	2,392.9	2	-0.08	1.32	0.32	0.28
MIEL	18967M001	2020-07-07 01:00:00.0	50.29119	21.438	224.539	188.514	2,410.7	1.1	-1.29	0.31	0.13	0.12
MIEL	18967M001	2020-07-07 01:30:00.0	50.29119	21.438	224.539	188.514	2,411.4	1.4	-1.29	1.08	0.18	0.17
MIEL	18967M001	2020-07-07 02:00:00.0	50.29119	21.438	224.541	188.516	2,410.1	1.4	-1.07	0.41	0.19	0.17
MIEL	18967M001	2020-07-07 02:30:00.0	50.29119	21.438	224.541	188.516	2,416.4	1.4	-1.59	0.5	0.24	0.14
MIEL	18967M001	2020-07-07 03:00:00.0	50.29119	21.438	224.542	188.517	2,413.3	1.3	-1.6	0.04	0.2	0.15
MIEL	18967M001	2020-07-07 03:30:00.0	50.29119	21.438	224.542	188.517	2,415.8	1.2	-1.21	0.39	0.14	0.15
MIEW	NDNT-MIEW	2020-07-07 01:00:00.0	50.36228	20.04022	336.592	297.596	2,360.9	1.1	-3.16	1.96	0.13	0.12
MIEW	NDNT-MIEW	2020-07-07 01:30:00.0	50.36228	20.04022	336.592	297.596	2,355.8	1.3	-2.91	1.6	0.16	0.17
MIEW	NDNT-MIEW	2020-07-07 02:00:00.0	50.36228	20.04022	336.593	297.597	2,360.6	1.2	-2.29	0.85	0.16	0.16
MIEW	NDNT-MIEW	2020-07-07 02:30:00.0	50.36228	20.04022	336.593	297.597	2,360.2	1.2	-1.64	0.61	0.23	0.14
MIEW	NDNT-MIEW	2020-07-07 03:00:00.0	50.36228	20.04022	336.59	297.594	2,360.5	1.3	-2.18	0.34	0.2	0.14
MIEW	NDNT-MIEW	2020-07-07 03:30:00.0	50.36228	20.04022	336.59	297.594	2,363.2	1.2	-1.65	1.11	0.14	0.13
MIKL	12335M001	2020-07-07 01:00:00.0	46.97278	31.97283	93.956	68.565	2,439.2	1.3	0.91	1.11	0.15	0.14
MIKL	12335M001	2020-07-07 01:30:00.0	46.97278	31.97283	93.956	68.565	2,442.4	1.5	0.09	1.27	0.19	0.17
MIKL	12335M001	2020-07-07 02:00:00.0	46.97278	31.97283	93.952	68.561	2,446.1	1.7	-0.59	1.49	0.24	0.23
MIMA	12273M001	2020-07-07 01:00:00.0	52.18131	21.55925	200.734	170.143	2,373.3	1.2	-1.49	1.81	0.16	0.15
MIMA	12273M001	2020-07-07 01:30:00.0	52.18131	21.55925	200.734	170.143	2,371.1	1.5	-1.77	2.31	0.2	0.2
MIMA	12273M001	2020-07-07 02:00:00.0	52.18131	21.55925	200.739	170.148	2,370.4	1.4	-0.78	0.66	0.19	0.18
MIMA	12273M001	2020-07-07 02:30:00.0	52.18131	21.55925	200.739	170.148	2,374.7	1.4	-1.11	0.97	0.25	0.18
MIMA	12273M001	2020-07-07 03:00:00.0	52.18131	21.55925	200.734	170.143	2,383.5	1.3	-1.47	0.72	0.18	0.14
MIMA	12273M001	2020-07-07 03:30:00.0	52.18131	21.55925	200.734	170.143	2,381.9	1.2	-1.02	0.87	0.13	0.15
MLCN	12274M001	2020-07-07 01:00:00.0	50.06589	21.97169	271.988	236.819	2,402.6	1.3	-1.52	-0.02	0.13	0.14
MLCN	12274M001	2020-07-07 01:30:00.0	50.06589	21.97169	271.988	236.819	2,404.5	1.5	-1.29	0.3	0.17	0.17
MLCN	12274M001	2020-07-07 02:00:00.0	50.06589	21.97169	271.99	236.821	2,407.5	1.7	-0.92	-0.49	0.23	0.22
MLCN	12274M001	2020-07-07 02:30:00.0	50.06589	21.97169	271.99	236.821	2,406.3	1.7	-1.28	0.12	0.3	0.2
MLCN	12274M001	2020-07-07 03:00:00.0	50.06589	21.97169	271.998	236.829	2,400.9	1.5	-0.86	1.03	0.21	0.19
MLCN	12274M001	2020-07-07 03:30:00.0	50.06589	21.97169	271.998	236.829	2,396.4	1.5	-1.15	0.72	0.17	0.21
MSZA	NDNT-MSZA	2020-07-07 01:00:00.0	49.67928	20.07031	440.902	400.328	2,366.2	1.4	-1.57	1.23	0.2	0.16
MSZA	NDNT-MSZA	2020-07-07 01:30:00.0	49.67928	20.07031	440.902	400.328	2,366.5	1.8	-1.22	1.3	0.23	0.23
MSZA	NDNT-MSZA	2020-07-07 02:00:00.0	49.67928	20.07031	440.908	400.334	2,360.7	1.6	-1.45	1.34	0.26	0.19
MSZA	NDNT-MSZA	2020-07-07 02:30:00.0	49.67928	20.07031	440.908	400.334	2,353.9	1.6	-1.64	1.43	0.31	0.22
MSZA	NDNT-MSZA	2020-07-07 03:00:00.0	49.67928	20.07031	440.904	400.33	2,357.7	1.5	-1.28	1.07	0.24	0.18
MSZA	NDNT-MSZA	2020-07-07 03:30:00.0	49.67928	20.07031	440.904	400.33	2,357.4	1.3	-1.38	0.72	0.18	0.17
MYSZ	12275M001	2020-07-07 01:00:00.0	53.38653	21.34358	169.317	139.452	2,368.6	0.8	-0.73	0.46	0.11	0.11
MYSZ	12275M001	2020-07-07 01:30:00.0	53.38653	21.34358	169.317	139.452	2,371.7	1.1	-0.41	0.1	0.14	0.16
MYSZ	12275M001	2020-07-07 02:00:00.0	53.38653	21.34358	169.315	139.45	2,377.8	1.2	-0.44	0.29	0.2	0.16
MYSZ	12275M001	2020-07-07 02:30:00.0	53.38653	21.34358	169.315	139.45	2,369.1	1.2	-0.6	1.49	0.24	0.14
MYSZ	12275M001	2020-07-07 03:00:00.0	53.38653	21.34358	169.313	139.448	2,368.7	1.3	-1.31	0.82	0.18	0.14
MYSZ	12275M001	2020-07-07 03:30:00.0	53.38653	21.34358	169.313	139.448	2,371.1	1.2	-1.33	0.54	0.13	0.16
NODW	12276M001	2020-07-07 01:00:00.0	52.43108	20.71058	125.7	94.463	2,382.9	1	-1.02	1	0.14	0.11
NODW	12276M001	2020-07-07 01:30:00.0	52.43108	20.71058	125.7	94.463	2,384.9	1.3	-0.74	1.44	0.16	0.15
NODW	12276M001	2020-07-07 02:00:00.0	52.43108	20.71058	125.696	94.459	2,388.5	1.4	-0.8	1.51	0.19	0.18
NODW	12276M001	2020-07-07 02:30:00.0	52.43108	20.71058	125.696	94.459	2,390.8	1.4	-1.2	1	0.23	0.17
NODW	12276M001	2020-07-07 03:00:00.0	52.43108	20.71058	125.694	94.457	2,394	1.3	-1.58	1.02	0.18	0.14
NODW	12276M001	2020-07-07 03:30:00.0	52.43108	20.71058	125.694	94.457	2,398.9	1.2	-1.63	1.23	0.13	0.15
NTML	12277M001	2020-07-07 01:00:00.0	52.32081	16.11803	126.625	89.818	2,402.1	1	-0.1	-0.73	0.12	0.12
NTML	12277M001	2020-07-07 01:30:00.0	52.32081	16.11803	126.625	89.818	2,405.1	1.2	0.01	-1.04	0.16	0.17
NTML	12277M001	2020-07-07 02:00:00.0	52.32081	16.11803	126.621	89.814	2,400.3	1.3	-0.69	-0.11	0.18	0.16
NTML	12277M001	2020-07-07 02:30:00.0	52.32081	16.11803	126.621	89.814	2,393.4	1.3	-0.46	-0.18	0.23	0.15
NTML	12277M001	2020-07-07 03:00:00.0	52.32081	16.11803	126.62	89.813	2,383.3	1.3	-1.22	-0.24	0.19	0.16
NTML	12277M001	2020-07-07 03:30:00.0	52.32081	16.11803	126.62	89.813	2,378.2	1.2	-0.8	0.05	0.14	0.16
NWSA	NDNT-NWSA	2020-07-07 01:00:00.0	49.63017	20.70711	338.706	299.646	2,383.8	1.2	-0.56	0.26	0.16	0.12
NWSA	NDNT-NWSA	2020-07-07 01:30:00.0	49.63017	20.70711	338.706	299.646	2,387	1.4	-0.72	-0.09	0.19	0.17
NWSA	NDNT-NWSA	2020-07-07 02:00:00.0	49.63017	20.70711	338.71	299.65	2,379.6	1.4	-1.45	0.39	0.22	0.17
NWSA	NDNT-NWSA	2020-07-07 02:30:00.0	49.63017	20.70711	338.71	299.65	2,379.4	1.4	-1.2	-0.34	0.26	0.15
NWSA	NDNT-NWSA	2020-07-07 03:00:00.0	49.63017	20.70711	338.709	299.649	2,379.3	1.3	-1.19	0.08	0.21	0.14
NWSA	NDNT-NWSA	2020-07-07 03:30:00.0	49.63017	20.70711	338.709	299.649	2,385.2	1.2	-0.99	0.99	0.15	0.14
NWSC	12231M001	2020-07-07 01:00:00.0	49.61844	20.69003	334.751	295.598	2,376.8	1.2	-1.01	0.4	0.17	0.12
NWSC	12231M001	2020-07-07 01:30:00.0	49.61844	20.69003	334.751	295.598	2,378.7	1.5	-0.82	0.52	0.21	0.18
NWSC	12231M001	2020-07-07 02:00:00.0	49.61844	20.69003	334.751	295.598	2,381.4	1.5	-1.04	-0.15	0.24	0.17
NWSC	12231M001	2020-07-07 02:30:00.0	49.61844	20.69003	334.751	295.598	2,382.2	1.4	-0.76	-0.54	0.28	0.15
NWSC	12231M001	2020-07-07 03:00:00.0	49.61844	20.69003	334.748	295.595	2,381.6	1.3	-0.88	0.12	0.22	0.15
NWSC	12231M001	2020-07-07 03:30:00.0	49.61844	20.69003	334.748	295.595	2,387.2	1.2	-1.21	0.66	0.16	0.15
NWT1	12232M002	2020-07-07 01:00:00.0	49.47819	20.03444	654.916	613.66	2,299.5	1.5	0.11	0.52	0.18	0.2
NWT1	12232M002	2020-07-07 01:30:00.0	49.47819	20.03444	654.916	613.66	2,302.6	2.2	-0.11	0.34	0.29	0.3
NWT1	12232M002	2020-07-07 02:00:00.0	49.47819	20.03444	654.915	613.659	2,298.7	1.7	-0.77	1.79	0.29	0.23
NWT1	12232M002	2020-07-07 02:30:00.0	49.47819	20.03444	654.915	613.659	2,298.4	1.6	-0.22	1.52	0.33	0.2
NWT1	12232M002	2020-07-07 03:00:00.0	49.47819	20.03444	654.924	613.668	2,295.6	1.3	-1.57	0.55	0.21	0.15
NWT1	12232M002	2020-07-07 03:30:00.0	49.47819	20.03444	654.924	613.668	2,294.2	1.2	-1.15	-0.05	0.15	0.15
NYSA	12278M001	2020-07-07 01:00:00.0	50.47769	17.33375	250.602	208.672	2,362.5	1.2	-1.34	1.44	0.14	0.13
NYSA	12278M001	2020-07-07 01:30:00.0	50.47769	17.33375	250.602	208.672	2,359.4	1.5	-0.6	1.56	0.18	0.18
NYSA	12278M001	2020-07-07 02:00:00.0	50.47769	17.33375	250.602	208.672	2,365.9	1.4	-0.41	0.69	0.2	0.17
NYSA	12278M001	2020-07-07 02:30:00.0	50.47769	17.33375	250.602	208.672	2,362.1	1.4	-0.55	0.99	0.25	0.15
NYSA	12278M001	2020-07-07 03:00:00.0	50.47769	17.33375	250.603	208.673	2,358.1	1.4	-0.74	0.32	0.2	0.16
NYSA	12278M001	2020-07-07 03:30:00.0	50.47769	17.33375	250.603	208.673	2,358	1.2	-0.64	0.15	0.15	0.15
NYSN	NDNT-NYSN	2020-07-07 01:00:00.0	50.45656	17.34097	241.564	199.562	2,367.2	1.3	-0.8	1.6	0.16	0.15
NYSN	NDNT-NYSN	2020-07-07 01:30:00.0	50.45656	17.34097	241.564	199.562	2,365.7	1.7	-0.57	1.28	0.22	0.21
NYSN	NDNT-NYSN	2020-07-07 02:00:00.0	50.45656	17.34097	241.562	199.56	2,369.7	1.5	-0.85	0.87	0.25	0.18
NYSN	NDNT-NYSN	2020-07-07 02:30:00.0	50.45656	17.34097	241.562	199.56	2,368	1.6	-1.02	1.09	0.29	0.17
NYSN	NDNT-NYSN	2020-07-07 03:00:00.0	50.45656	17.34097	241.56	199.558	2,365.1	1.5	-0.74	0.68	0.23	0.2
NYSN	NDNT-NYSN	2020-07-07 03:30:00.0	50.45656	17.34097	241.56	199.558	2,364.1	1.4	-0.65	0.86	0.19	0.21
OPLE	12283M001	2020-07-07 01:00:00.0	50.66761	17.91936	225.91	185.459	2,368.1	1.1	-1.07	1.25	0.12	0.12
OPLE	12283M001	2020-07-07 01:30:00.0	50.66761	17.91936	225.91	185.459	2,366.8	1.4	-1.5	1.19	0.16	0.17
OPLE	12283M001	2020-07-07 02:00:00.0	50.66761	17.91936	225.906	185.455	2,372.9	1.3	-1.45	0.96	0.17	0.16
OPLE	12283M001	2020-07-07 02:30:00.0	50.66761	17.91936	225.906	185.455	2,375	1.3	-1.12	1.11	0.23	0.14
OPLE	12283M001	2020-07-07 03:00:00.0	50.66761	17.91936	225.906	185.455	2,373.3	1.3	-1.54	1.16	0.2	0.15
OPLE	12283M001	2020-07-07 03:30:00.0	50.66761	17.91936	225.906	185.455	2,374.6	1.2	-1.07	0.76	0.16	0.14
OPNT	12203M003	2020-07-07 01:00:00.0	53.76369	20.51817	171.851	142.082	2,361.6	1.1	-1.01	1.69	0.13	0.15
OPNT	12203M003	2020-07-07 01:30:00.0	53.76369	20.51817	171.851	142.082	2,358.7	1.3	-0.79	1.53	0.21	0.2
OPNT	12203M003	2020-07-07 02:00:00.0	53.76369	20.51817	171.852	142.083	2,364.1	1.5	-0.84	0.5	0.26	0.19
OPNT	12203M003	2020-07-07 02:30:00.0	53.76369	20.51817	171.852	142.083	2,365.3	1.6	-0.99	0.27	0.3	0.19
OPNT	12203M003	2020-07-07 03:00:00.0	53.76369	20.51817	171.848	142.079	2,374.7	1.6	-0.42	0.12	0.29	0.23
OPNT	12203M003	2020-07-07 03:30:00.0	53.76369	20.51817	171.848	142.079	2,375.7	1.6	-0.08	0.3	0.25	0.28
OSMZ	12285M001	2020-07-07 01:00:00.0	52.80078	21.89169	166.315	137.12	2,387.1	0.9	-1.37	1.7	0.12	0.12
OSMZ	12285M001	2020-07-07 01:30:00.0	52.80078	21.89169	166.315	137.12	2,382	1.3	-0.58	0.89	0.17	0.2
OSMZ	12285M001	2020-07-07 02:00:00.0	52.80078	21.89169	166.296	137.101	2,383.5	1.3	-1.6	1.47	0.2	0.19
OSMZ	12285M001	2020-07-07 02:30:00.0	52.80078	21.89169	166.296	137.101	2,385.1	1.4	-1.64	1.06	0.26	0.17
OSMZ	12285M001	2020-07-07 03:00:00.0	52.80078	21.89169	166.307	137.112	2,394	1.4	-1.71	0.22	0.21	0.17
OSMZ	12285M001	2020-07-07 03:30:00.0	52.80078	21.89169	166.307	137.112	2,389.2	1.3	-1.37	-0.02	0.15	0.18
OST3	NDNT-OSTR	2020-07-07 01:00:00.0	50.94231	21.38969	237.658	202.368	2,392.9	1.1	-0.88	0.64	0.13	0.12
OST3	NDNT-OSTR	2020-07-07 01:30:00.0	50.94231	21.38969	237.658	202.368	2,391	1.3	-0.99	0.2	0.16	0.17
OST3	NDNT-OSTR	2020-07-07 02:00:00.0	50.94231	21.38969	237.663	202.373	2,396.3	1.4	-0.96	-0.08	0.19	0.16
OST3	NDNT-OSTR	2020-07-07 02:30:00.0	50.94231	21.38969	237.663	202.373	2,395.2	1.4	-0.55	-0.06	0.24	0.15
OST3	NDNT-OSTR	2020-07-07 03:00:00.0	50.94231	21.38969	237.663	202.373	2,387.3	1.3	-1.28	0.4	0.19	0.14
OST3	NDNT-OSTR	2020-07-07 03:30:00.0	50.94231	21.38969	237.663	202.373	2,392.3	1.1	-1.33	1.49	0.13	0.13
PAJE	NDNT-PAJE	2020-07-07 01:00:00.0	51.14675	19.00064	287.432	250.09	2,353	1.2	0.08	0.78	0.17	0.14
PAJE	NDNT-PAJE	2020-07-07 01:30:00.0	51.14675	19.00064	287.432	250.09	2,353.2	1.5	0	0.26	0.22	0.2
PAJE	NDNT-PAJE	2020-07-07 02:00:00.0	51.14675	19.00064	287.431	250.089	2,356.2	1.4	-0.72	0.92	0.23	0.17
PAJE	NDNT-PAJE	2020-07-07 02:30:00.0	51.14675	19.00064	287.431	250.089	2,363.6	1.4	-0.53	0.6	0.25	0.15
PAJE	NDNT-PAJE	2020-07-07 03:00:00.0	51.14675	19.00064	287.425	250.083	2,366.7	1.5	0.48	1.61	0.22	0.19
PAJE	NDNT-PAJE	2020-07-07 03:30:00.0	51.14675	19.00064	287.425	250.083	2,363.2	1.3	-0.52	2.29	0.17	0.18
PES1	MUSE-PES1	2020-07-07 01:00:00.0	50.2915	18.99467	362.301	321.128	2,371.3	3.3	-1.46	2.81	0.65	0.53
PES1	MUSE-PES1	2020-07-07 01:30:00.0	50.2915	18.99467	362.301	321.128	2,362.1	3.5	-1.58	2.76	0.7	0.57
PES1	MUSE-PES1	2020-07-07 02:00:00.0	50.2915	18.99467	362.309	321.136	2,358	3	-0.59	0.03	0.55	0.44
PES1	MUSE-PES1	2020-07-07 02:30:00.0	50.2915	18.99467	362.309	321.136	2,355.5	3.2	-0.89	0.38	0.56	0.52
PES1	MUSE-PES1	2020-07-07 03:00:00.0	50.2915	18.99467	362.306	321.133	2,357.6	3	1.08	0.14	0.52	0.46
PES1	MUSE-PES1	2020-07-07 03:30:00.0	50.2915	18.99467	362.306	321.133	2,362.8	3.5	-0.29	-0.85	0.54	0.54
PITR	12287M001	2020-07-07 01:00:00.0	51.40167	19.69094	254.76	219.733	2,352.5	1.1	-1.4	0.85	0.13	0.13
PITR	12287M001	2020-07-07 01:30:00.0	51.40167	19.69094	254.76	219.733	2,353.3	1.4	-1.65	-0.17	0.18	0.18
PITR	12287M001	2020-07-07 02:00:00.0	51.40167	19.69094	254.758	219.731	2,360.2	1.3	-1.8	0.79	0.19	0.15
PITR	12287M001	2020-07-07 02:30:00.0	51.40167	19.69094	254.758	219.731	2,358.1	1.2	-2.23	0.95	0.24	0.15
PITR	12287M001	2020-07-07 03:00:00.0	51.40167	19.69094	254.758	219.731	2,365.7	1.3	-2.13	1.18	0.19	0.15
PITR	12287M001	2020-07-07 03:30:00.0	51.40167	19.69094	254.758	219.731	2,371.4	1.2	-1.23	1.72	0.14	0.15
POLV	12336M001	2020-07-07 01:00:00.0	49.60261	34.54294	178.429	160.162	2,394.6	1.2	0.71	-1.21	0.14	0.16
POLV	12336M001	2020-07-07 01:30:00.0	49.60261	34.54294	178.429	160.162	2,400.9	1.4	0.73	-1.24	0.18	0.18
POLV	12336M001	2020-07-07 02:00:00.0	49.60261	34.54294	178.429	160.162	2,396.1	1.7	0.72	-2.35	0.26	0.24
POZN	12206M001	2020-07-07 01:00:00.0	52.43006	16.93494	171.555	136.752	2,372.2	1	-1.49	0.22	0.12	0.13
POZN	12206M001	2020-07-07 01:30:00.0	52.43006	16.93494	171.555	136.752	2,370.5	1.2	-0.68	0.07	0.15	0.18
POZN	12206M001	2020-07-07 02:00:00.0	52.43006	16.93494	171.557	136.754	2,379.1	1.3	-0.66	-0.02	0.2	0.17
POZN	12206M001	2020-07-07 02:30:00.0	52.43006	16.93494	171.557	136.754	2,383.1	1.3	-1.1	-0.32	0.24	0.15
POZN	12206M001	2020-07-07 03:00:00.0	52.43006	16.93494	171.563	136.76	2,378	1.4	-1.69	0.1	0.19	0.18
POZN	12206M001	2020-07-07 03:30:00.0	52.43006	16.93494	171.563	136.76	2,373.7	1.2	-1.58	-0.11	0.15	0.18
PPIL	12286M001	2020-07-07 01:00:00.0	53.15697	16.73828	121.742	88.196	2,395.2	0.8	-1.27	0.3	0.09	0.1
PPIL	12286M001	2020-07-07 01:30:00.0	53.15697	16.73828	121.742	88.196	2,395.2	1	-0.83	0.48	0.12	0.13
PPIL	12286M001	2020-07-07 02:00:00.0	53.15697	16.73828	121.742	88.196	2,389.2	1.1	-0.97	0.31	0.15	0.13
PPIL	12286M001	2020-07-07 02:30:00.0	53.15697	16.73828	121.742	88.196	2,386.5	1.1	-0.73	0.15	0.18	0.11
PPIL	12286M001	2020-07-07 03:00:00.0	53.15697	16.73828	121.743	88.197	2,380.4	1.1	-0.47	0.3	0.15	0.12
PPIL	12286M001	2020-07-07 03:30:00.0	53.15697	16.73828	121.743	88.197	2,378.8	1.1	-0.37	0.72	0.11	0.13
PROS	12233M001	2020-07-07 01:00:00.0	50.19175	20.2885	279.916	241.116	2,384.5	1.1	-1.44	1.43	0.12	0.12
PROS	12233M001	2020-07-07 01:30:00.0	50.19175	20.2885	279.916	241.116	2,388.8	1.3	-1.56	1.19	0.16	0.16
PROS	12233M001	2020-07-07 02:00:00.0	50.19175	20.2885	279.918	241.118	2,388	1.4	-2.76	1.69	0.19	0.21
PROS	12233M001	2020-07-07 02:30:00.0	50.19175	20.2885	279.918	241.118	2,386.1	1.8	-2.76	1.41	0.3	0.25
PROS	12233M001	2020-07-07 03:00:00.0	50.19175	20.2885	279.92	241.12	2,385.5	1.5	-2.11	1.18	0.25	0.18
PROS	12233M001	2020-07-07 03:30:00.0	50.19175	20.2885	279.92	241.12	2,384.4	1.3	-2.28	0.97	0.17	0.18
RACI	NDNT-RACI	2020-07-07 01:00:00.0	50.07761	18.21494	242.643	200.441	2,367	1.2	-2.58	3.23	0.14	0.13
RACI	NDNT-RACI	2020-07-07 01:30:00.0	50.07761	18.21494	242.643	200.441	2,362.9	1.5	-2.52	3.8	0.17	0.18
RACI	NDNT-RACI	2020-07-07 02:00:00.0	50.07761	18.21494	242.639	200.437	2,371	1.3	-1.84	2.38	0.2	0.16
RACI	NDNT-RACI	2020-07-07 02:30:00.0	50.07761	18.21494	242.639	200.437	2,370.9	1.3	-1.91	1.77	0.25	0.14
RACI	NDNT-RACI	2020-07-07 03:00:00.0	50.07761	18.21494	242.634	200.432	2,370.3	1.4	-1.4	0.89	0.21	0.17
RACI	NDNT-RACI	2020-07-07 03:30:00.0	50.07761	18.21494	242.634	200.432	2,368.5	1.3	-0.53	1.25	0.17	0.17
REDZ	12227M001	2020-07-07 01:00:00.0	54.47239	17.11753	108.286	76.8	2,386.3	1	-1.6	2.22	0.14	0.13
REDZ	12227M001	2020-07-07 01:30:00.0	54.47239	17.11753	108.286	76.8	2,365.8	1.3	-1.85	1.61	0.21	0.19
REDZ	12227M001	2020-07-07 02:00:00.0	54.47239	17.11753	108.279	76.793	2,371.1	1.7	-0.33	1	0.29	0.27
RIGA	12302M002	2020-07-07 01:00:00.0	56.94861	24.05878	34.817	14.21	2,375.2	1.1	-1.46	1.03	0.16	0.17
RIGA	12302M002	2020-07-07 01:30:00.0	56.94861	24.05878	34.817	14.21	2,379.9	1.4	-1	1.3	0.21	0.2
RIGA	12302M002	2020-07-07 02:00:00.0	56.94861	24.05878	34.807	14.2	2,388.9	2	-0.44	2.21	0.3	0.3
RWM1	12281M002	2020-07-07 01:00:00.0	51.76431	20.25047	187.97	154.625	2,361.6	1	-1.83	1.34	0.12	0.11
RWM1	12281M002	2020-07-07 01:30:00.0	51.76431	20.25047	187.97	154.625	2,364.6	1.3	-1.83	1.94	0.16	0.17
RWM1	12281M002	2020-07-07 02:00:00.0	51.76431	20.25047	187.969	154.624	2,376.5	1.3	-1.43	1.13	0.19	0.17
RWM1	12281M002	2020-07-07 02:30:00.0	51.76431	20.25047	187.969	154.624	2,383.5	1.2	-1.95	1.55	0.23	0.13
RWM1	12281M002	2020-07-07 03:00:00.0	51.76431	20.25047	187.97	154.625	2,382.6	1.2	-1.36	0.86	0.19	0.13
RWM1	12281M002	2020-07-07 03:30:00.0	51.76431	20.25047	187.97	154.625	2,392.1	1.1	-1.58	0.5	0.13	0.14
RYKI	12282M001	2020-07-07 01:00:00.0	51.62447	21.92722	204.098	171.965	2,383.6	1.3	-0.88	1.07	0.23	0.16
RYKI	12282M001	2020-07-07 01:30:00.0	51.62447	21.92722	204.098	171.965	2,390	1.7	-0.27	0.22	0.28	0.23
RYKI	12282M001	2020-07-07 02:00:00.0	51.62447	21.92722	204.093	171.96	2,394.3	1.5	-1.75	1.03	0.25	0.19
RYKI	12282M001	2020-07-07 02:30:00.0	51.62447	21.92722	204.093	171.96	2,391.8	1.6	-0.82	0.76	0.3	0.21
RYKI	12282M001	2020-07-07 03:00:00.0	51.62447	21.92722	204.085	171.952	2,395.6	1.5	-0.6	0.39	0.21	0.17
RYKI	12282M001	2020-07-07 03:30:00.0	51.62447	21.92722	204.085	171.952	2,394.4	1.3	-0.56	0.79	0.16	0.17
RYMA	NDNT-RYMA	2020-07-07 01:00:00.0	49.57553	21.86561	399.427	362.749	2,386.9	1.3	-2.21	1.51	0.14	0.13
RYMA	NDNT-RYMA	2020-07-07 01:30:00.0	49.57553	21.86561	399.427	362.749	2,385.7	1.5	-1.65	1.24	0.17	0.17
RYMA	NDNT-RYMA	2020-07-07 02:00:00.0	49.57553	21.86561	399.448	362.77	2,383.7	1.3	-1.38	0.8	0.17	0.17
RYMA	NDNT-RYMA	2020-07-07 02:30:00.0	49.57553	21.86561	399.448	362.77	2,372.6	1.3	-1.82	1.93	0.23	0.15
RYMA	NDNT-RYMA	2020-07-07 03:00:00.0	49.57553	21.86561	399.439	362.761	2,381.7	1.3	-1.19	1.12	0.19	0.14
RYMA	NDNT-RYMA	2020-07-07 03:30:00.0	49.57553	21.86561	399.439	362.761	2,376.1	1.3	-0.59	1.21	0.13	0.14
SIDZ	12288M001	2020-07-07 01:00:00.0	51.573	18.71758	190.03	154.419	2,366.8	1.2	-1.9	0.91	0.16	0.16
SIDZ	12288M001	2020-07-07 01:30:00.0	51.573	18.71758	190.03	154.419	2,367	1.4	-2.23	1.17	0.2	0.21
SIDZ	12288M001	2020-07-07 02:00:00.0	51.573	18.71758	190.02	154.409	2,377.7	1.5	-0.78	1.37	0.24	0.17
SIDZ	12288M001	2020-07-07 02:30:00.0	51.573	18.71758	190.02	154.409	2,380.9	1.5	-0.96	1.81	0.27	0.17
SIDZ	12288M001	2020-07-07 03:00:00.0	51.573	18.71758	190.023	154.412	2,381.6	1.3	-1.03	1.54	0.2	0.15
SIDZ	12288M001	2020-07-07 03:30:00.0	51.573	18.71758	190.023	154.412	2,380.1	1.3	-0.56	1.26	0.17	0.19
SIED	12289M001	2020-07-07 01:00:00.0	52.15744	22.29422	201.988	172.468	2,389.5	1	-1.63	1.31	0.13	0.12
SIED	12289M001	2020-07-07 01:30:00.0	52.15744	22.29422	201.988	172.468	2,380.2	1.3	-1.55	2.38	0.18	0.18
SIED	12289M001	2020-07-07 02:00:00.0	52.15744	22.29422	201.984	172.464	2,375.4	1.4	-0.54	0.85	0.23	0.18
SIED	12289M001	2020-07-07 02:30:00.0	52.15744	22.29422	201.984	172.464	2,377.9	1.4	-0.72	1.05	0.26	0.17
SIED	12289M001	2020-07-07 03:00:00.0	52.15744	22.29422	201.975	172.455	2,377.2	1.4	-1.09	0.47	0.19	0.16
SIED	12289M001	2020-07-07 03:30:00.0	52.15744	22.29422	201.975	172.455	2,381.7	1.2	-1.5	-0.72	0.14	0.17
SIPC	12290M001	2020-07-07 01:00:00.0	52.85697	19.66269	163.159	132.553	2,366	0.9	-1.19	0.71	0.1	0.09
SIPC	12290M001	2020-07-07 01:30:00.0	52.85697	19.66269	163.159	132.553	2,368.8	1	-0.99	0.61	0.12	0.13
SIPC	12290M001	2020-07-07 02:00:00.0	52.85697	19.66269	163.16	132.554	2,374.3	1.1	-1.04	0.63	0.14	0.13
SIPC	12290M001	2020-07-07 02:30:00.0	52.85697	19.66269	163.16	132.554	2,376.3	1.1	-1.5	0.79	0.17	0.12
SIPC	12290M001	2020-07-07 03:00:00.0	52.85697	19.66269	163.161	132.555	2,375	1.2	-1.96	1.09	0.18	0.14
SIPC	12290M001	2020-07-07 03:30:00.0	52.85697	19.66269	163.161	132.555	2,378.4	1.1	-1.52	0.5	0.13	0.14
SMID	10114M001	2020-07-07 03:00:00.0	55.64064	9.55931	122.832	82.576	2,388.8	2.3	-0.31	-0.27	0.28	0.3
SMID	10114M001	2020-07-07 03:30:00.0	55.64064	9.55931	122.832	82.576	2,393.1	1.9	-0.15	-0.35	0.22	0.27
SMLA	15503M001	2020-07-07 01:00:00.0	49.20164	31.86631	183.049	159.557	2,502.1	1.3	-1.62	1.44	0.16	0.16
SMLA	15503M001	2020-07-07 01:30:00.0	49.20164	31.86631	183.049	159.557	2,478	1.4	0.71	0.82	0.19	0.17
SMLA	15503M001	2020-07-07 02:00:00.0	49.20164	31.86631	183.04	159.548	2,480.1	1.8	1.13	0.8	0.27	0.25
SMLA	15503M001	2020-07-07 03:00:00.0	49.20164	31.86631	183.064	159.572	2,455.2	1.9	-0.18	1.87	0.26	0.25
SMLA	15503M001	2020-07-07 03:30:00.0	49.20164	31.86631	183.064	159.572	2,455.7	1.6	-1.47	1.63	0.19	0.22
SOKL	12292M001	2020-07-07 01:00:00.0	53.40856	23.49575	222.228	194.357	2,363.3	1	-1.47	0.92	0.15	0.14
SOKL	12292M001	2020-07-07 01:30:00.0	53.40856	23.49575	222.228	194.357	2,364.8	1.3	-0.86	1	0.24	0.21
SOKL	12292M001	2020-07-07 02:00:00.0	53.40856	23.49575	222.223	194.352	2,372	1.4	-1.61	1.49	0.25	0.19
SOKL	12292M001	2020-07-07 02:30:00.0	53.40856	23.49575	222.223	194.352	2,369.6	1.6	-2.12	0.79	0.3	0.21
SOKL	12292M001	2020-07-07 03:00:00.0	53.40856	23.49575	222.231	194.36	2,363.9	1.5	-1.08	0	0.23	0.2
SOKL	12292M001	2020-07-07 03:30:00.0	53.40856	23.49575	222.231	194.36	2,365.1	1.4	-0.84	0.98	0.19	0.23
STA3	NDNT-STAS	2020-07-07 01:00:00.0	50.56283	21.18192	257.514	221.163	2,396.7	1.1	-1.84	1.42	0.12	0.11
STA3	NDNT-STAS	2020-07-07 01:30:00.0	50.56283	21.18192	257.514	221.163	2,396.1	1.3	-1.06	0.47	0.15	0.16
STA3	NDNT-STAS	2020-07-07 02:00:00.0	50.56283	21.18192	257.525	221.174	2,401.6	1.1	-0.8	-0.36	0.14	0.13
STA3	NDNT-STAS	2020-07-07 02:30:00.0	50.56283	21.18192	257.525	221.174	2,396.3	1.1	-0.74	-0.31	0.18	0.12
STA3	NDNT-STAS	2020-07-07 03:00:00.0	50.56283	21.18192	257.527	221.176	2,394.1	1.2	-1.14	0.8	0.19	0.13
STA3	NDNT-STAS	2020-07-07 03:30:00.0	50.56283	21.18192	257.527	221.176	2,390.1	1.1	-0.89	2.01	0.13	0.13
STAL	NDNT-STAL	2020-07-07 01:00:00.0	50.56822	22.04811	210.531	175.481	2,418.5	1.1	-1.19	-0.58	0.12	0.11
STAL	NDNT-STAL	2020-07-07 01:30:00.0	50.56822	22.04811	210.531	175.481	2,407	1.3	-0.74	-0.06	0.16	0.16
STAL	NDNT-STAL	2020-07-07 02:00:00.0	50.56822	22.04811	210.538	175.488	2,415.4	1.4	-0.85	-0.01	0.18	0.16
STAL	NDNT-STAL	2020-07-07 02:30:00.0	50.56822	22.04811	210.538	175.488	2,412.5	1.3	-0.85	0.9	0.23	0.14
STAL	NDNT-STAL	2020-07-07 03:00:00.0	50.56822	22.04811	210.538	175.488	2,412.4	1.2	0.31	0.9	0.16	0.12
STAL	NDNT-STAL	2020-07-07 03:30:00.0	50.56822	22.04811	210.538	175.488	2,413.7	1.1	-0.1	0.78	0.13	0.12
STRG	18994M001	2020-07-07 01:00:00.0	53.96631	18.53	136.27	106.862	2,382.8	0.9	0.22	-0.07	0.11	0.11
STRG	18994M001	2020-07-07 01:30:00.0	53.96631	18.53	136.27	106.862	2,382.9	1.2	0.13	-0.11	0.16	0.17
STRG	18994M001	2020-07-07 02:00:00.0	53.96631	18.53	136.266	106.858	2,383.4	1.2	-0.85	1	0.17	0.15
STRG	18994M001	2020-07-07 02:30:00.0	53.96631	18.53	136.266	106.858	2,377.5	1.1	-1.06	1.03	0.22	0.12
STRG	18994M001	2020-07-07 03:00:00.0	53.96631	18.53	136.264	106.856	2,370.8	1.3	-0.51	0.9	0.18	0.15
STRG	18994M001	2020-07-07 03:30:00.0	53.96631	18.53	136.264	106.856	2,370.2	1.2	-0.71	0.34	0.14	0.16
STRW	NDNT-STRW	2020-07-07 01:00:00.0	49.86972	21.78831	286.837	251.086	2,413.6	1.3	-1.7	0.87	0.15	0.13
STRW	NDNT-STRW	2020-07-07 01:30:00.0	49.86972	21.78831	286.837	251.086	2,412.4	1.5	-1.82	0.84	0.18	0.17
STRW	NDNT-STRW	2020-07-07 02:00:00.0	49.86972	21.78831	286.861	251.11	2,407.7	1.4	-1.65	0.71	0.2	0.18
STRW	NDNT-STRW	2020-07-07 02:30:00.0	49.86972	21.78831	286.861	251.11	2,405.2	1.4	-2.11	1.48	0.25	0.15
STRW	NDNT-STRW	2020-07-07 03:00:00.0	49.86972	21.78831	286.858	251.107	2,407	1.4	-1.52	0.32	0.2	0.16
STRW	NDNT-STRW	2020-07-07 03:30:00.0	49.86972	21.78831	286.858	251.107	2,404.7	1.3	-1.39	0.27	0.15	0.14
SULD	10113M001	2020-07-07 01:00:00.0	56.84175	9.74217	120.739	81.96	2,380.2	1.2	-1.06	-0.22	0.14	0.13
SULD	10113M001	2020-07-07 01:30:00.0	56.84175	9.74217	120.739	81.96	2,384.4	1.4	-0.82	-0.54	0.17	0.19
SULD	10113M001	2020-07-07 02:00:00.0	56.84175	9.74217	120.737	81.958	2,384.7	1.8	-0.88	-0.11	0.28	0.27
SULD	10113M001	2020-07-07 03:00:00.0	56.84175	9.74217	120.739	81.96	2,385.9	1.9	-0.42	-0.43	0.24	0.25
SULD	10113M001	2020-07-07 03:30:00.0	56.84175	9.74217	120.739	81.96	2,389.5	1.7	-0.46	-0.23	0.17	0.22
SWIB	12293M001	2020-07-07 01:00:00.0	52.24792	15.53631	131.993	93.684	2,404.2	1	-0.65	0.63	0.13	0.13
SWIB	12293M001	2020-07-07 01:30:00.0	52.24792	15.53631	131.993	93.684	2,402.9	1.3	-0.75	0.81	0.17	0.19
SWIB	12293M001	2020-07-07 02:00:00.0	52.24792	15.53631	131.993	93.684	2,402.2	1.3	-1.1	0.52	0.19	0.18
SWIB	12293M001	2020-07-07 02:30:00.0	52.24792	15.53631	131.993	93.684	2,398.9	1.4	-1.51	0.77	0.24	0.19
SWIB	12293M001	2020-07-07 03:00:00.0	52.24792	15.53631	131.996	93.687	2,383.7	1.4	-0.97	0.35	0.2	0.17
SWIB	12293M001	2020-07-07 03:30:00.0	52.24792	15.53631	131.996	93.687	2,390.1	1.3	-0.52	-0.05	0.16	0.17
SWKI	12228M001	2020-07-07 01:00:00.0	54.09861	22.92822	215.924	188.529	2,354.7	0.8	-1	0.78	0.11	0.1
SWKI	12228M001	2020-07-07 01:30:00.0	54.09861	22.92822	215.924	188.529	2,360.1	1.1	-1.51	1.17	0.13	0.15
SWKI	12228M001	2020-07-07 02:00:00.0	54.09861	22.92822	215.92	188.525	2,361.4	1.4	-1.09	1.15	0.28	0.22
SZE2	12294M001	2020-07-07 01:00:00.0	53.70019	16.70139	193.746	160.996	2,358.3	0.9	0.11	0.72	0.12	0.12
SZE2	12294M001	2020-07-07 01:30:00.0	53.70019	16.70139	193.746	160.996	2,363.4	1.2	-0.06	0.86	0.16	0.17
SZE2	12294M001	2020-07-07 02:00:00.0	53.70019	16.70139	193.743	160.993	2,370	1.3	-0.32	0.34	0.21	0.16
SZE2	12294M001	2020-07-07 02:30:00.0	53.70019	16.70139	193.743	160.993	2,364.8	1.3	-0.5	-0.05	0.24	0.15
SZE2	12294M001	2020-07-07 03:00:00.0	53.70019	16.70139	193.747	160.997	2,360.6	1.3	-0.61	0.32	0.18	0.15
SZE2	12294M001	2020-07-07 03:30:00.0	53.70019	16.70139	193.747	160.997	2,350.6	1.2	-0.33	0.61	0.13	0.15
TABG	12295M001	2020-07-07 01:00:00.0	50.57097	21.67119	214.73	179.193	2,403.9	1.1	-1.04	0.72	0.13	0.12
TABG	12295M001	2020-07-07 01:30:00.0	50.57097	21.67119	214.73	179.193	2,408.7	1.3	-1.05	0.03	0.16	0.16
TABG	12295M001	2020-07-07 02:00:00.0	50.57097	21.67119	214.733	179.196	2,409.3	1.4	-1.32	0.06	0.21	0.16
TABG	12295M001	2020-07-07 02:30:00.0	50.57097	21.67119	214.733	179.196	2,413.6	1.4	-1.49	0.69	0.24	0.14
TABG	12295M001	2020-07-07 03:00:00.0	50.57097	21.67119	214.736	179.199	2,409.4	1.3	-0.99	-0.12	0.2	0.15
TABG	12295M001	2020-07-07 03:30:00.0	50.57097	21.67119	214.736	179.199	2,403.5	1.2	-1.2	-1.05	0.15	0.16
TAR1	12296M002	2020-07-07 01:00:00.0	50.45164	18.85814	352.073	311.362	2,329.5	1.2	-2.16	1.3	0.18	0.12
TAR1	12296M002	2020-07-07 01:30:00.0	50.45164	18.85814	352.073	311.362	2,332.7	1.5	-1.59	1.72	0.21	0.19
TAR1	12296M002	2020-07-07 02:00:00.0	50.45164	18.85814	352.065	311.354	2,349.1	1.4	-0.69	1.51	0.24	0.17
TAR1	12296M002	2020-07-07 02:30:00.0	50.45164	18.85814	352.065	311.354	2,350.7	1.5	-0.63	2.79	0.27	0.19
TAR1	12296M002	2020-07-07 03:00:00.0	50.45164	18.85814	352.067	311.356	2,344	1.4	-0.47	1.55	0.22	0.16
TAR1	12296M002	2020-07-07 03:30:00.0	50.45164	18.85814	352.067	311.356	2,344.5	1.3	-0.56	1.22	0.19	0.16
TORU	12202M001	2020-07-07 01:00:00.0	53.01839	18.63494	118.386	88.526	2,379.9	0.9	-1.04	0.61	0.12	0.11
TORU	12202M001	2020-07-07 01:30:00.0	53.01839	18.63494	118.386	88.526	2,377.6	1.2	-1.68	1.23	0.15	0.16
TORU	12202M001	2020-07-07 02:00:00.0	53.01839	18.63494	118.385	88.525	2,380.8	1.1	-1.46	0.75	0.15	0.15
TORU	12202M001	2020-07-07 02:30:00.0	53.01839	18.63494	118.385	88.525	2,383.5	1.1	-1.13	0.32	0.19	0.13
TORU	12202M001	2020-07-07 03:00:00.0	53.01839	18.63494	118.386	88.526	2,386.3	1.1	0.51	-0.29	0.15	0.11
TORU	12202M001	2020-07-07 03:30:00.0	53.01839	18.63494	118.386	88.526	2,392.1	1	0.41	0.34	0.1	0.12
TRNW	12230M001	2020-07-07 01:00:00.0	50.01608	20.98414	277.077	239.852	2,395.6	1.1	-1.04	0.56	0.12	0.11
TRNW	12230M001	2020-07-07 01:30:00.0	50.01608	20.98414	277.077	239.852	2,395.4	1.3	-0.5	-0.11	0.16	0.16
TRNW	12230M001	2020-07-07 02:00:00.0	50.01608	20.98414	277.08	239.855	2,400.5	1.3	-0.27	-0.63	0.17	0.16
TRNW	12230M001	2020-07-07 02:30:00.0	50.01608	20.98414	277.08	239.855	2,397	1.3	-0.79	-0.23	0.23	0.14
TRNW	12230M001	2020-07-07 03:00:00.0	50.01608	20.98414	277.079	239.854	2,402	1.2	-1.46	0.58	0.19	0.13
TRNW	12230M001	2020-07-07 03:30:00.0	50.01608	20.98414	277.079	239.854	2,398	1.1	-1.49	1.23	0.14	0.14
TRZ1	NDNT-TRZE	2020-07-07 01:00:00.0	50.16033	19.46908	373.728	332.799	2,356.3	1.1	-2.11	1.34	0.13	0.11
TRZ1	NDNT-TRZE	2020-07-07 01:30:00.0	50.16033	19.46908	373.728	332.799	2,354.3	1.3	-1.54	1.15	0.16	0.17
TRZ1	NDNT-TRZE	2020-07-07 02:00:00.0	50.16033	19.46908	373.729	332.8	2,354.1	1.2	-2.32	1.3	0.17	0.16
TRZ1	NDNT-TRZE	2020-07-07 02:30:00.0	50.16033	19.46908	373.729	332.8	2,348.6	1.3	-3.11	0.71	0.24	0.14
TRZ1	NDNT-TRZE	2020-07-07 03:00:00.0	50.16033	19.46908	373.724	332.795	2,350.6	1.2	-3.09	2.79	0.18	0.13
TRZ1	NDNT-TRZE	2020-07-07 03:30:00.0	50.16033	19.46908	373.724	332.795	2,344.8	1.1	-1.6	3.15	0.12	0.12
TUBO	11503M001	2020-07-07 01:00:00.0	49.20589	16.59283	324.595	279.853	2,327	1.3	-0.24	1.46	0.14	0.14
TUBO	11503M001	2020-07-07 01:30:00.0	49.20589	16.59283	324.595	279.853	2,331.3	1.6	-1	1.58	0.2	0.2
TUBO	11503M001	2020-07-07 02:00:00.0	49.20589	16.59283	324.59	279.848	2,340.5	1.7	-0.41	0.1	0.31	0.27
TUBO	11503M001	2020-07-07 03:00:00.0	49.20589	16.59283	324.588	279.846	2,335.5	2	-0.12	-0.16	0.26	0.25
TUBO	11503M001	2020-07-07 03:30:00.0	49.20589	16.59283	324.588	279.846	2,338	1.4	-0.26	-0.16	0.19	0.2
USDL	12229M001	2020-07-07 01:00:00.0	49.43292	22.58578	529.742	494.136	2,350.6	1.3	-0.75	-1.27	0.18	0.14
USDL	12229M001	2020-07-07 01:30:00.0	49.43292	22.58578	529.742	494.136	2,360.4	1.6	-0.63	-1.72	0.23	0.18
USDL	12229M001	2020-07-07 02:00:00.0	49.43292	22.58578	529.753	494.147	2,359.2	2.1	-0.23	-1.89	0.34	0.3
VLNS	10801M001	2020-07-07 01:00:00.0	54.65314	25.29867	240.913	215.946	2,377.3	0.8	-1.89	3.85	0.11	0.1
VLNS	10801M001	2020-07-07 01:30:00.0	54.65314	25.29867	240.913	215.946	2,365.6	1	-1.45	4.24	0.13	0.15
VLNS	10801M001	2020-07-07 02:00:00.0	54.65314	25.29867	240.911	215.944	2,359.5	1.7	-0.97	3.77	0.26	0.25
WADO	NDNT-WADO	2020-07-07 01:00:00.0	49.88408	19.48592	329.993	288.479	2,370.8	1.5	-1.63	2.56	0.17	0.19
WADO	NDNT-WADO	2020-07-07 01:30:00.0	49.88408	19.48592	329.993	288.479	2,370.9	1.8	-1.99	2.15	0.27	0.23
WADO	NDNT-WADO	2020-07-07 02:00:00.0	49.88408	19.48592	329.989	288.475	2,379.4	1.7	-1.28	0.57	0.29	0.22
WADO	NDNT-WADO	2020-07-07 02:30:00.0	49.88408	19.48592	329.989	288.475	2,385.2	1.9	-2.01	0.53	0.34	0.22
WADO	NDNT-WADO	2020-07-07 03:00:00.0	49.88408	19.48592	329.991	288.477	2,374.9	1.7	-2.28	1.04	0.27	0.22
WADO	NDNT-WADO	2020-07-07 03:30:00.0	49.88408	19.48592	329.991	288.477	2,369.5	1.6	-2.33	2.14	0.24	0.24
WARN	14277M002	2020-07-07 01:00:00.0	54.16978	12.10142	50.815	12.676	2,400.4	1	0.06	-0.38	0.11	0.11
WARN	14277M002	2020-07-07 01:30:00.0	54.16978	12.10142	50.815	12.676	2,401.5	1.2	0.17	0.3	0.14	0.17
WARN	14277M002	2020-07-07 02:00:00.0	54.16978	12.10142	50.813	12.674	2,403.9	1.6	-0.51	0.28	0.24	0.25
WAT1	12297M001	2020-07-07 01:00:00.0	52.25383	20.90383	151.662	120.315	2,383.6	1.3	-0.94	1.67	0.18	0.17
WAT1	12297M001	2020-07-07 01:30:00.0	52.25383	20.90383	151.662	120.315	2,379.2	1.6	-1.14	1.55	0.23	0.24
WAT1	12297M001	2020-07-07 02:00:00.0	52.25383	20.90383	151.659	120.312	2,389.8	1.4	-1.14	1.13	0.22	0.19
WAT1	12297M001	2020-07-07 02:30:00.0	52.25383	20.90383	151.659	120.312	2,390.4	1.5	-1.43	1.2	0.28	0.18
WAT1	12297M001	2020-07-07 03:00:00.0	52.25383	20.90383	151.653	120.306	2,400.2	1.4	-1.27	1.12	0.21	0.18
WAT1	12297M001	2020-07-07 03:30:00.0	52.25383	20.90383	151.653	120.306	2,398.4	1.4	-1.02	0.67	0.2	0.19
WIEL	18968M001	2020-07-07 01:00:00.0	51.21936	18.57175	233.931	196.058	2,359.5	1.2	-1.38	1.88	0.19	0.14
WIEL	18968M001	2020-07-07 01:30:00.0	51.21936	18.57175	233.931	196.058	2,360.5	1.5	-0.61	0.7	0.25	0.23
WIEL	18968M001	2020-07-07 02:00:00.0	51.21936	18.57175	233.93	196.057	2,366.4	1.5	-0.99	2.19	0.26	0.19
WIEL	18968M001	2020-07-07 02:30:00.0	51.21936	18.57175	233.93	196.057	2,367.4	1.5	-1.01	2.54	0.29	0.22
WIEL	18968M001	2020-07-07 03:00:00.0	51.21936	18.57175	233.925	196.052	2,370.1	1.5	-0.84	1.12	0.23	0.23
WIEL	18968M001	2020-07-07 03:30:00.0	51.21936	18.57175	233.925	196.052	2,371.6	1.5	-0.46	1.96	0.21	0.27
WLAD	12222M001	2020-07-07 01:00:00.0	54.79675	18.41875	34.761	5.881	2,422	0.9	-1.07	-0.42	0.13	0.12
WLAD	12222M001	2020-07-07 01:30:00.0	54.79675	18.41875	34.761	5.881	2,424.6	1.2	-0.89	-0.19	0.2	0.18
WLAD	12222M001	2020-07-07 02:00:00.0	54.79675	18.41875	34.761	5.881	2,413	1.2	-1.29	1.27	0.2	0.15
WLAD	12222M001	2020-07-07 02:30:00.0	54.79675	18.41875	34.761	5.881	2,404.3	1.2	-0.31	1.06	0.23	0.12
WLAD	12222M001	2020-07-07 03:00:00.0	54.79675	18.41875	34.759	5.879	2,396.5	1.3	0.34	0.53	0.19	0.15
WLAD	12222M001	2020-07-07 03:30:00.0	54.79675	18.41875	34.759	5.879	2,392.6	1.3	0.13	0.23	0.14	0.16
WLDW	12299M001	2020-07-07 01:00:00.0	51.54528	23.55719	210.951	182.296	2,395.6	1.4	-1.77	0.04	0.17	0.15
WLDW	12299M001	2020-07-07 01:30:00.0	51.54528	23.55719	210.951	182.296	2,391.4	1.6	-1.9	0.5	0.2	0.17
WLDW	12299M001	2020-07-07 02:00:00.0	51.54528	23.55719	210.967	182.312	2,391.3	1.7	-0.36	-1.85	0.25	0.19
WLDW	12299M001	2020-07-07 02:30:00.0	51.54528	23.55719	210.967	182.312	2,400.7	1.7	0.23	-0.66	0.28	0.18
WLDW	12299M001	2020-07-07 03:00:00.0	51.54528	23.55719	210.969	182.314	2,396.3	1.5	-0.5	-0.68	0.22	0.17
WLDW	12299M001	2020-07-07 03:30:00.0	51.54528	23.55719	210.969	182.314	2,400.5	1.4	-0.8	-1.41	0.18	0.15
WLOC	18999M001	2020-07-07 01:00:00.0	52.65872	19.06694	107.564	76.672	2,389	1	-1.09	1.15	0.13	0.11
WLOC	18999M001	2020-07-07 01:30:00.0	52.65872	19.06694	107.564	76.672	2,388	1.2	-0.89	1.27	0.17	0.16
WLOC	18999M001	2020-07-07 02:00:00.0	52.65872	19.06694	107.563	76.671	2,393.8	1.2	-1.31	0.71	0.17	0.15
WLOC	18999M001	2020-07-07 02:30:00.0	52.65872	19.06694	107.563	76.671	2,396.3	1.2	-1.5	0.79	0.22	0.13
WLOC	18999M001	2020-07-07 03:00:00.0	52.65872	19.06694	107.562	76.67	2,399.8	1.2	-0.92	1.3	0.19	0.14
WLOC	18999M001	2020-07-07 03:30:00.0	52.65872	19.06694	107.562	76.67	2,396.6	1.2	-1	1.51	0.13	0.15
WLOS	NDNT-WLOS	2020-07-07 01:00:00.0	50.84944	19.97483	294.426	257.075	2,343.9	0.9	-2.27	2.14	0.1	0.09
WLOS	NDNT-WLOS	2020-07-07 01:30:00.0	50.84944	19.97483	294.426	257.075	2,351.5	1.1	-2.06	1.85	0.14	0.13
WLOS	NDNT-WLOS	2020-07-07 02:00:00.0	50.84944	19.97483	294.43	257.079	2,358.8	1.2	-1.23	0.86	0.17	0.15
WLOS	NDNT-WLOS	2020-07-07 02:30:00.0	50.84944	19.97483	294.43	257.079	2,369.9	1.2	-1.06	0.71	0.22	0.13
WLOS	NDNT-WLOS	2020-07-07 03:00:00.0	50.84944	19.97483	294.43	257.079	2,366.8	1.2	-0.97	0.14	0.18	0.13
WLOS	NDNT-WLOS	2020-07-07 03:30:00.0	50.84944	19.97483	294.43	257.079	2,368.5	1.1	-1.67	1.27	0.12	0.12
WOD1	18998M001	2020-07-07 01:00:00.0	50.00017	18.45844	298.996	256.745	2,364.8	1.2	-2.43	2.67	0.14	0.13
WOD1	18998M001	2020-07-07 01:30:00.0	50.00017	18.45844	298.996	256.745	2,361.2	1.5	-2.55	2.3	0.18	0.18
WOD1	18998M001	2020-07-07 02:00:00.0	50.00017	18.45844	298.994	256.743	2,365.7	1.3	-1.59	3.01	0.21	0.16
WOD1	18998M001	2020-07-07 02:30:00.0	50.00017	18.45844	298.994	256.743	2,359	1.3	0.46	2.28	0.25	0.14
WOD1	18998M001	2020-07-07 03:00:00.0	50.00017	18.45844	298.992	256.741	2,365.3	1.4	-1.04	1.92	0.21	0.15
WOD1	18998M001	2020-07-07 03:30:00.0	50.00017	18.45844	298.992	256.741	2,361	1.3	-0.92	1.34	0.17	0.16
WRKI	18997M001	2020-07-07 01:00:00.0	52.70556	16.37108	95.265	60.755	2,411.9	1	-1.01	-0.13	0.12	0.13
WRKI	18997M001	2020-07-07 01:30:00.0	52.70556	16.37108	95.265	60.755	2,408.1	1.2	-1.5	0	0.17	0.19
WRKI	18997M001	2020-07-07 02:00:00.0	52.70556	16.37108	95.265	60.755	2,410.8	1.4	-1.01	-0.2	0.22	0.17
WRKI	18997M001	2020-07-07 02:30:00.0	52.70556	16.37108	95.265	60.755	2,398.8	1.4	0.32	0.06	0.26	0.16
WRKI	18997M001	2020-07-07 03:00:00.0	52.70556	16.37108	95.271	60.761	2,389.9	1.4	-0.22	-0.32	0.2	0.16
WRKI	18997M001	2020-07-07 03:30:00.0	52.70556	16.37108	95.271	60.761	2,392.4	1.3	-0.13	-0.32	0.15	0.17
WROC	12217M001	2020-07-07 01:00:00.0	51.11325	17.06206	180.822	140.546	2,376.9	1.2	-0.98	1.09	0.14	0.13
WROC	12217M001	2020-07-07 01:30:00.0	51.11325	17.06206	180.822	140.546	2,371.2	1.5	-1.58	1.23	0.19	0.19
WROC	12217M001	2020-07-07 02:00:00.0	51.11325	17.06206	180.809	140.533	2,375.6	1.8	-1.36	1.47	0.24	0.28
WROE	MUSE-WROE	2020-07-07 01:00:00.0	51.11325	17.06206	180.725	140.449	2,377	1.1	-1.21	1.05	0.13	0.12
WROE	MUSE-WROE	2020-07-07 01:30:00.0	51.11325	17.06206	180.725	140.449	2,370	1.4	-1.74	1.05	0.18	0.19
WROE	MUSE-WROE	2020-07-07 02:00:00.0	51.11325	17.06206	180.717	140.441	2,377.3	1.3	-1.8	0.54	0.18	0.16
WROE	MUSE-WROE	2020-07-07 02:30:00.0	51.11325	17.06206	180.717	140.441	2,382.2	1.3	-1.67	0.18	0.23	0.14
WROE	MUSE-WROE	2020-07-07 03:00:00.0	51.11325	17.06206	180.719	140.443	2,379.4	1.4	-1.4	-0.06	0.21	0.16
WROE	MUSE-WROE	2020-07-07 03:30:00.0	51.11325	17.06206	180.719	140.443	2,381.3	1.4	-1.34	0.02	0.19	0.17
ZAWA	NDNT-ZAWA	2020-07-07 01:00:00.0	50.60956	18.48086	264.427	224.013	2,360	1.2	-1.14	1.38	0.16	0.12
ZAWA	NDNT-ZAWA	2020-07-07 01:30:00.0	50.60956	18.48086	264.427	224.013	2,361	1.5	-1.4	1.78	0.19	0.18
ZAWA	NDNT-ZAWA	2020-07-07 02:00:00.0	50.60956	18.48086	264.424	224.01	2,364.2	1.4	-1.39	1.94	0.23	0.16
ZAWA	NDNT-ZAWA	2020-07-07 02:30:00.0	50.60956	18.48086	264.424	224.01	2,364.8	1.4	-1.54	1.56	0.26	0.15
ZAWA	NDNT-ZAWA	2020-07-07 03:00:00.0	50.60956	18.48086	264.419	224.005	2,365.6	1.4	-0.87	0.93	0.24	0.17
ZAWA	NDNT-ZAWA	2020-07-07 03:30:00.0	50.60956	18.48086	264.419	224.005	2,360.8	1.3	-0.85	1.33	0.17	0.15
ZAWI	NDNT-ZAWI	2020-07-07 01:00:00.0	50.49467	19.41042	382.924	343.182	2,328.9	1.1	-2.59	1.3	0.11	0.1
ZAWI	NDNT-ZAWI	2020-07-07 01:30:00.0	50.49467	19.41042	382.924	343.182	2,330.1	1.2	-2.19	1.42	0.14	0.14
ZAWI	NDNT-ZAWI	2020-07-07 02:00:00.0	50.49467	19.41042	382.924	343.182	2,336.6	1	-1.64	0.71	0.12	0.11
ZAWI	NDNT-ZAWI	2020-07-07 02:30:00.0	50.49467	19.41042	382.924	343.182	2,343.4	1	-1.87	0.44	0.16	0.1
ZAWI	NDNT-ZAWI	2020-07-07 03:00:00.0	50.49467	19.41042	382.92	343.178	2,341.6	1.1	-1.97	2.16	0.15	0.11
ZAWI	NDNT-ZAWI	2020-07-07 03:30:00.0	50.49467	19.41042	382.92	343.178	2,338.2	1	-1.32	2.56	0.1	0.1
ZIGR	18995M001	2020-07-07 01:00:00.0	51.94031	15.51431	225.631	186.014	2,374.7	1	-0.99	-0.31	0.12	0.13
ZIGR	18995M001	2020-07-07 01:30:00.0	51.94031	15.51431	225.631	186.014	2,374.7	1.2	-0.68	-0.56	0.17	0.19
ZIGR	18995M001	2020-07-07 02:00:00.0	51.94031	15.51431	225.632	186.015	2,369.3	1.3	-0.63	-0.21	0.18	0.17
ZIGR	18995M001	2020-07-07 02:30:00.0	51.94031	15.51431	225.632	186.015	2,368	1.3	-0.23	-0.59	0.23	0.15
ZIGR	18995M001	2020-07-07 03:00:00.0	51.94031	15.51431	225.634	186.017	2,360.4	1.3	-0.24	-0.78	0.19	0.16
ZIGR	18995M001	2020-07-07 03:30:00.0	51.94031	15.51431	225.634	186.017	2,355.8	1.3	-1.36	-1.1	0.15	0.16
ZIM2	14001M008	2020-07-07 01:00:00.0	46.87708	7.46503	956.448	907.611	2,159.9	1.4	-0.16	0.02	0.19	0.18
ZIM2	14001M008	2020-07-07 01:30:00.0	46.87708	7.46503	956.448	907.611	2,159.7	1.8	0.1	-0.09	0.26	0.27
ZIM2	14001M008	2020-07-07 02:00:00.0	46.87708	7.46503	956.447	907.61	2,161.8	2.2	-0.33	-0.77	0.35	0.32
ZYWE	NDNT-ZYWE	2020-07-07 01:00:00.0	49.68817	19.19736	405.807	363.697	2,363	1.2	-1.83	2.09	0.14	0.13
ZYWE	NDNT-ZYWE	2020-07-07 01:30:00.0	49.68817	19.19736	405.807	363.697	2,360.5	1.4	-1.45	2.03	0.18	0.19
ZYWE	NDNT-ZYWE	2020-07-07 02:00:00.0	49.68817	19.19736	405.804	363.694	2,366.5	1.4	-1.38	0.87	0.19	0.18
ZYWE	NDNT-ZYWE	2020-07-07 02:30:00.0	49.68817	19.19736	405.804	363.694	2,360.3	1.3	-0.88	1.04	0.26	0.15
ZYWE	NDNT-ZYWE	2020-07-07 03:00:00.0	49.68817	19.19736	405.805	363.695	2,350.9	1.4	-1.35	2.65	0.21	0.15
ZYWE	NDNT-ZYWE	2020-07-07 03:30:00.0	49.68817	19.19736	405.805	363.695	2,349.2	1.3	-1.85	3.53	0.16	0.15
ZYWI	12220S001	2020-07-07 01:00:00.0	49.68669	19.20594	412.784	370.682	2,357.1	1.2	-1.66	2.19	0.14	0.13
ZYWI	12220S001	2020-07-07 01:30:00.0	49.68669	19.20594	412.784	370.682	2,354.7	1.5	-1.91	2.18	0.19	0.19
ZYWI	12220S001	2020-07-07 02:00:00.0	49.68669	19.20594	412.782	370.68	2,359.3	1.7	-1.58	1.05	0.29	0.27
BART	12234M001	2020-07-07 04:30:00.0	54.25069	20.81544	93.236	65.262	2,407.8	1.7	0.39	-0.46	0.2	0.26
BART	12234M001	2020-07-07 05:00:00.0	54.25069	20.81544	93.239	65.265	2,407.3	1.2	-0.47	0.91	0.17	0.2
BART	12234M001	2020-07-07 05:30:00.0	54.25069	20.81544	93.239	65.265	2,405.1	1.4	-0.32	0.87	0.2	0.22
BART	12234M001	2020-07-07 06:00:00.0	54.25069	20.81544	93.234	65.26	2,396.4	1.2	-0.62	0.99	0.17	0.15
BART	12234M001	2020-07-07 06:30:00.0	54.25069	20.81544	93.234	65.26	2,390.7	1.2	-0.54	0.88	0.15	0.15
BART	12234M001	2020-07-07 07:00:00.0	54.25069	20.81544	93.237	65.263	2,392	1	-0.25	0.64	0.14	0.12
BART	12234M001	2020-07-07 07:30:00.0	54.25069	20.81544	93.237	65.263	2,391.8	1	0	0.15	0.14	0.14
BART	12234M001	2020-07-07 08:00:00.0	54.25069	20.81544	93.239	65.265	2,391.6	1.2	-0.43	0.46	0.18	0.17
BART	12234M001	2020-07-07 08:30:00.0	54.25069	20.81544	93.239	65.265	2,392.7	1.3	-1.38	-0.14	0.16	0.2
BART	12234M001	2020-07-07 09:00:00.0	54.25069	20.81544	93.242	65.268	2,391.7	1.1	-1.53	0.55	0.14	0.15
BEDZ	NDNT-BEDZ	2020-07-07 04:00:00.0	50.34453	19.15936	315.21	274.418	2,354.3	1.2	-1.41	1.06	0.13	0.14
BEDZ	NDNT-BEDZ	2020-07-07 04:30:00.0	50.34453	19.15936	315.21	274.418	2,353.4	1.3	-1.43	1.66	0.14	0.21
BEDZ	NDNT-BEDZ	2020-07-07 05:00:00.0	50.34453	19.15936	315.209	274.417	2,354	1.1	-1.13	1.28	0.14	0.17
BEDZ	NDNT-BEDZ	2020-07-07 05:30:00.0	50.34453	19.15936	315.209	274.417	2,351	1.4	-1.71	1.61	0.19	0.18
BEDZ	NDNT-BEDZ	2020-07-07 06:00:00.0	50.34453	19.15936	315.215	274.423	2,343.4	1.2	-0.79	0.7	0.17	0.15
BEDZ	NDNT-BEDZ	2020-07-07 06:30:00.0	50.34453	19.15936	315.215	274.423	2,346.9	1.2	-0.71	1.02	0.17	0.17
BEDZ	NDNT-BEDZ	2020-07-07 07:00:00.0	50.34453	19.15936	315.215	274.423	2,347	1.1	-0.53	0.38	0.12	0.12
BEDZ	NDNT-BEDZ	2020-07-07 07:30:00.0	50.34453	19.15936	315.215	274.423	2,348.1	1.1	-0.63	0.25	0.17	0.14
BEDZ	NDNT-BEDZ	2020-07-07 08:00:00.0	50.34453	19.15936	315.211	274.419	2,344.4	1.1	-0.11	0.35	0.16	0.14
BEDZ	NDNT-BEDZ	2020-07-07 08:30:00.0	50.34453	19.15936	315.211	274.419	2,346.4	1	-0.38	0.06	0.12	0.14
BEDZ	NDNT-BEDZ	2020-07-07 09:00:00.0	50.34453	19.15936	315.215	274.423	2,347.1	1.1	0.1	-0.72	0.13	0.14
BES1	MUSE-BES1	2020-07-07 04:00:00.0	50.32831	19.12436	310.626	269.726	2,352.5	1.3	-1.67	0.75	0.15	0.18
BES1	MUSE-BES1	2020-07-07 04:30:00.0	50.32831	19.12436	310.626	269.726	2,350.8	1.5	-1.5	0.92	0.18	0.26
BES1	MUSE-BES1	2020-07-07 05:00:00.0	50.32831	19.12436	310.627	269.727	2,352.2	1.2	-1.02	0.77	0.17	0.23
BES1	MUSE-BES1	2020-07-07 05:30:00.0	50.32831	19.12436	310.627	269.727	2,349.3	1.5	-0.94	0.39	0.25	0.3
BES1	MUSE-BES1	2020-07-07 06:00:00.0	50.32831	19.12436	310.633	269.733	2,343.3	1.5	-0.73	0.11	0.23	0.25
BES1	MUSE-BES1	2020-07-07 06:30:00.0	50.32831	19.12436	310.633	269.733	2,341.9	1.7	-0.72	0.08	0.24	0.27
BES1	MUSE-BES1	2020-07-07 07:00:00.0	50.32831	19.12436	310.634	269.734	2,342.3	1.2	-0.84	0.17	0.15	0.17
BES1	MUSE-BES1	2020-07-07 07:30:00.0	50.32831	19.12436	310.634	269.734	2,343	1.3	-0.92	0.11	0.19	0.21
BES1	MUSE-BES1	2020-07-07 08:00:00.0	50.32831	19.12436	310.63	269.73	2,345.6	1.2	-0.5	-1.03	0.18	0.19
BES1	MUSE-BES1	2020-07-07 08:30:00.0	50.32831	19.12436	310.63	269.73	2,346.9	1.2	-0.49	-0.73	0.15	0.19
BES1	MUSE-BES1	2020-07-07 09:00:00.0	50.32831	19.12436	310.627	269.727	2,346.9	1.6	-0.92	-0.81	0.22	0.21
BIA2	NDNT-BIAL	2020-07-07 04:00:00.0	49.39022	20.09875	754.861	713.422	2,263.5	1.2	-0.81	-0.01	0.13	0.15
BIA2	NDNT-BIAL	2020-07-07 04:30:00.0	49.39022	20.09875	754.861	713.422	2,262.8	1.3	-1.13	0.31	0.15	0.23
BIA2	NDNT-BIAL	2020-07-07 05:00:00.0	49.39022	20.09875	754.866	713.427	2,261.8	1.3	-1.35	0.77	0.16	0.2
BIA2	NDNT-BIAL	2020-07-07 05:30:00.0	49.39022	20.09875	754.866	713.427	2,253.3	1.5	-1.56	1.09	0.24	0.25
BIA2	NDNT-BIAL	2020-07-07 06:00:00.0	49.39022	20.09875	754.872	713.433	2,246.1	1.3	-2.64	3.81	0.19	0.15
BIA2	NDNT-BIAL	2020-07-07 06:30:00.0	49.39022	20.09875	754.872	713.433	2,229	1.3	-1.71	1.82	0.19	0.18
BIA2	NDNT-BIAL	2020-07-07 07:00:00.0	49.39022	20.09875	754.867	713.428	2,224.9	1.1	-0.48	0.45	0.13	0.12
BIA2	NDNT-BIAL	2020-07-07 07:30:00.0	49.39022	20.09875	754.867	713.428	2,223.6	1.2	-0.48	0.31	0.17	0.14
BIA2	NDNT-BIAL	2020-07-07 08:00:00.0	49.39022	20.09875	754.866	713.427	2,216.6	1.3	0.16	0.64	0.2	0.18
BIA2	NDNT-BIAL	2020-07-07 08:30:00.0	49.39022	20.09875	754.866	713.427	2,220.8	1.4	-0.22	-0.14	0.17	0.2
BIA2	NDNT-BIAL	2020-07-07 09:00:00.0	49.39022	20.09875	754.866	713.427	2,215	1.3	-0.43	0.13	0.16	0.17
BILG	12236M001	2020-07-07 04:00:00.0	50.5315	22.71858	242.996	209.307	2,393.6	1.3	-1.84	-0.44	0.14	0.15
BILG	12236M001	2020-07-07 04:30:00.0	50.5315	22.71858	242.996	209.307	2,408.5	1.4	-2.05	-0.43	0.16	0.24
BILG	12236M001	2020-07-07 05:00:00.0	50.5315	22.71858	242.992	209.303	2,408.3	1.3	-1.49	0.7	0.15	0.18
BILG	12236M001	2020-07-07 05:30:00.0	50.5315	22.71858	242.992	209.303	2,405.1	1.5	-1.19	-0.24	0.2	0.21
BILG	12236M001	2020-07-07 06:00:00.0	50.5315	22.71858	243.001	209.312	2,402.6	1.3	-1.22	0.73	0.17	0.15
BILG	12236M001	2020-07-07 06:30:00.0	50.5315	22.71858	243.001	209.312	2,393.6	1.3	-1.89	-0.49	0.16	0.17
BILG	12236M001	2020-07-07 07:00:00.0	50.5315	22.71858	242.986	209.297	2,397.6	1	-1.35	0.22	0.11	0.09
BILG	12236M001	2020-07-07 07:30:00.0	50.5315	22.71858	242.986	209.297	2,400.2	1.1	-1.04	0.26	0.15	0.13
BILG	12236M001	2020-07-07 08:00:00.0	50.5315	22.71858	242.985	209.296	2,400.7	1.2	-1.16	0.1	0.17	0.17
BILG	12236M001	2020-07-07 08:30:00.0	50.5315	22.71858	242.985	209.296	2,396.9	1.3	-0.46	0.74	0.14	0.19
BILG	12236M001	2020-07-07 09:00:00.0	50.5315	22.71858	242.987	209.298	2,395.7	1.2	0.31	-0.56	0.14	0.14
BOGI	12207M003	2020-07-07 04:00:00.0	52.475	21.03522	139.978	109.17	2,403.2	1.7	-2.84	1.09	0.33	0.32
BOGI	12207M003	2020-07-07 04:30:00.0	52.475	21.03522	139.978	109.17	2,394.2	1.8	-2.11	1.86	0.27	0.35
BOGI	12207M003	2020-07-07 05:00:00.0	52.475	21.03522	139.971	109.163	2,402.1	1.4	-1.46	2.06	0.2	0.24
BOGI	12207M003	2020-07-07 05:30:00.0	52.475	21.03522	139.971	109.163	2,398.5	1.7	-2.43	1.92	0.26	0.29
BOGI	12207M003	2020-07-07 06:00:00.0	52.475	21.03522	139.989	109.181	2,383.6	1.4	-0.73	1.45	0.2	0.18
BOGI	12207M003	2020-07-07 06:30:00.0	52.475	21.03522	139.989	109.181	2,383.7	1.4	0.26	0.93	0.21	0.22
BOGI	12207M003	2020-07-07 07:00:00.0	52.475	21.03522	139.977	109.169	2,387.4	1.2	0.35	1.78	0.19	0.16
BOGI	12207M003	2020-07-07 07:30:00.0	52.475	21.03522	139.977	109.169	2,376.7	1.3	-0.67	1.27	0.19	0.2
BOGI	12207M003	2020-07-07 08:00:00.0	52.475	21.03522	139.976	109.168	2,380.7	1.2	0.02	1.29	0.18	0.17
BOGI	12207M003	2020-07-07 08:30:00.0	52.475	21.03522	139.976	109.168	2,376.8	1.2	0.13	0.8	0.17	0.18
BOGI	12207M003	2020-07-07 09:00:00.0	52.475	21.03522	139.971	109.163	2,385.1	1.2	-0.66	0.18	0.17	0.17
BOGO	12207M002	2020-07-07 04:00:00.0	52.47594	21.03536	149.621	118.815	2,378.4	1.7	-2.23	1.24	0.28	0.28
BOGO	12207M002	2020-07-07 04:30:00.0	52.47594	21.03536	149.621	118.815	2,385.8	1.7	-1.88	0.53	0.22	0.31
BOGO	12207M002	2020-07-07 05:00:00.0	52.47594	21.03536	149.635	118.829	2,388.9	1.4	-2.15	2.05	0.2	0.24
BOGO	12207M002	2020-07-07 05:30:00.0	52.47594	21.03536	149.635	118.829	2,385.8	1.7	-2.3	1.87	0.25	0.28
BOGO	12207M002	2020-07-07 06:00:00.0	52.47594	21.03536	149.634	118.828	2,388.3	1.9	-1.4	2.3	0.32	0.31
BOGO	12207M002	2020-07-07 07:00:00.0	52.47594	21.03536	149.628	118.822	2,379.8	1.9	-1.35	2.26	0.27	0.22
BOGO	12207M002	2020-07-07 07:30:00.0	52.47594	21.03536	149.628	118.822	2,380.7	1.4	-1.85	2.65	0.23	0.22
BOGO	12207M002	2020-07-07 08:00:00.0	52.47594	21.03536	149.619	118.813	2,374.6	1.3	-1.24	0.96	0.19	0.18
BOGO	12207M002	2020-07-07 08:30:00.0	52.47594	21.03536	149.619	118.813	2,374.5	1.3	-0.86	0.92	0.18	0.19
BOGO	12207M002	2020-07-07 09:00:00.0	52.47594	21.03536	149.619	118.813	2,382.8	1.3	-0.51	0.36	0.18	0.18
BOR1	12205M002	2020-07-07 04:00:00.0	52.27697	17.07347	124.419	89.068	2,386.1	1.8	-1.78	1.33	0.3	0.3
BOR1	12205M002	2020-07-07 04:30:00.0	52.27697	17.07347	124.419	89.068	2,380.1	1.7	-1.85	0.98	0.22	0.33
BOR1	12205M002	2020-07-07 05:00:00.0	52.27697	17.07347	124.412	89.061	2,381	1.3	-0.28	0.2	0.17	0.2
BOR1	12205M002	2020-07-07 05:30:00.0	52.27697	17.07347	124.412	89.061	2,382.2	1.6	-0.59	0.3	0.22	0.21
BOR1	12205M002	2020-07-07 06:00:00.0	52.27697	17.07347	124.409	89.058	2,387.5	1.3	-0.76	-0.15	0.2	0.18
BOR1	12205M002	2020-07-07 06:30:00.0	52.27697	17.07347	124.409	89.058	2,382.8	1.4	-0.82	0.08	0.19	0.2
BOR1	12205M002	2020-07-07 07:00:00.0	52.27694	17.07347	124.412	89.061	2,386.7	1.1	-1.01	-0.2	0.16	0.13
BOR1	12205M002	2020-07-07 07:30:00.0	52.27694	17.07347	124.412	89.061	2,389	1.2	-0.54	-0.06	0.21	0.15
BOR1	12205M002	2020-07-07 08:00:00.0	52.27694	17.07347	124.417	89.066	2,388.4	1.2	-0.65	0.11	0.18	0.18
BOR1	12205M002	2020-07-07 08:30:00.0	52.27694	17.07347	124.417	89.066	2,386.9	1.3	-0.77	0.59	0.17	0.19
BOR1	12205M002	2020-07-07 09:00:00.0	52.27694	17.07347	124.417	89.066	2,388	1.3	-0.9	0.26	0.18	0.18
BPDL	12223M001	2020-07-07 04:00:00.0	52.03528	23.12736	196.359	167.425	2,400.2	1.6	-1.35	0.96	0.28	0.3
BPDL	12223M001	2020-07-07 04:30:00.0	52.03528	23.12736	196.359	167.425	2,396.7	1.7	-1.68	1.32	0.22	0.33
BPDL	12223M001	2020-07-07 05:00:00.0	52.03528	23.12736	196.363	167.429	2,395	1.5	-0.32	0.81	0.19	0.23
BPDL	12223M001	2020-07-07 05:30:00.0	52.03528	23.12736	196.363	167.429	2,387.7	1.7	-0.37	0.99	0.24	0.24
BPDL	12223M001	2020-07-07 06:00:00.0	52.03528	23.12736	196.369	167.435	2,393.9	1.9	0.08	-0.79	0.31	0.28
BPDL	12223M001	2020-07-07 07:00:00.0	52.03528	23.12736	196.368	167.434	2,401.5	1.6	-0.35	0.61	0.24	0.19
BPDL	12223M001	2020-07-07 07:30:00.0	52.03528	23.12736	196.368	167.434	2,406.3	1.3	-0.78	1.36	0.21	0.19
BRZE	NDNT-BRZE	2020-07-07 04:00:00.0	49.969	20.59017	327.396	289.036	2,378.3	1.2	-1.18	0.05	0.13	0.15
BRZE	NDNT-BRZE	2020-07-07 04:30:00.0	49.969	20.59017	327.396	289.036	2,378	1.3	-1.34	-0.03	0.15	0.24
BRZE	NDNT-BRZE	2020-07-07 05:00:00.0	49.969	20.59017	327.403	289.043	2,380.7	1.2	-0.95	0.08	0.15	0.17
BRZE	NDNT-BRZE	2020-07-07 05:30:00.0	49.969	20.59017	327.403	289.043	2,378.1	1.5	-1.56	0.6	0.2	0.19
BRZE	NDNT-BRZE	2020-07-07 06:00:00.0	49.969	20.59017	327.4	289.04	2,370.1	1.3	-0.16	0.91	0.18	0.15
BRZE	NDNT-BRZE	2020-07-07 06:30:00.0	49.969	20.59017	327.4	289.04	2,364.8	1.3	-0.65	1.42	0.19	0.18
BRZE	NDNT-BRZE	2020-07-07 07:00:00.0	49.969	20.59017	327.388	289.028	2,355.7	1	-0.84	3.02	0.14	0.13
BRZE	NDNT-BRZE	2020-07-07 07:30:00.0	49.969	20.59017	327.388	289.028	2,351.6	1.3	-0.79	1.66	0.19	0.18
BRZE	NDNT-BRZE	2020-07-07 08:00:00.0	49.969	20.59017	327.385	289.025	2,341.3	1.3	-0.86	1.18	0.2	0.18
BRZE	NDNT-BRZE	2020-07-07 08:30:00.0	49.969	20.59017	327.385	289.025	2,342.4	1.2	-0.25	1.58	0.16	0.17
BRZE	NDNT-BRZE	2020-07-07 09:00:00.0	49.969	20.59017	327.383	289.023	2,347.7	1.1	0.28	0.67	0.14	0.15
BRZG	NDNT-BRZG	2020-07-07 04:00:00.0	50.86219	17.45103	190.676	150.327	2,384.7	1.3	-0.64	-0.07	0.17	0.16
BRZG	NDNT-BRZG	2020-07-07 04:30:00.0	50.86219	17.45103	190.676	150.327	2,385.5	1.5	-0.76	0.09	0.17	0.26
BRZG	NDNT-BRZG	2020-07-07 05:00:00.0	50.86219	17.45103	190.676	150.327	2,388.1	1.2	-0.67	0.76	0.16	0.21
BRZG	NDNT-BRZG	2020-07-07 05:30:00.0	50.86219	17.45103	190.676	150.327	2,384.4	1.5	-1.15	0.96	0.22	0.24
BRZG	NDNT-BRZG	2020-07-07 06:00:00.0	50.86219	17.45103	190.679	150.33	2,383.3	1.4	-0.77	0.28	0.19	0.18
BRZG	NDNT-BRZG	2020-07-07 06:30:00.0	50.86219	17.45103	190.679	150.33	2,381	1.4	-1.04	0.8	0.19	0.21
BRZG	NDNT-BRZG	2020-07-07 07:00:00.0	50.86219	17.45103	190.688	150.339	2,380.3	1.2	-0.51	0.08	0.17	0.16
BRZG	NDNT-BRZG	2020-07-07 07:30:00.0	50.86219	17.45103	190.688	150.339	2,379.4	1.4	-0.61	0.17	0.18	0.19
BRZG	NDNT-BRZG	2020-07-07 08:00:00.0	50.86219	17.45103	190.689	150.34	2,378.9	1.2	0	-1.35	0.18	0.18
BRZG	NDNT-BRZG	2020-07-07 08:30:00.0	50.86219	17.45103	190.689	150.34	2,380.8	1.5	-0.05	-1.29	0.15	0.22
BRZG	NDNT-BRZG	2020-07-07 09:00:00.0	50.86219	17.45103	190.692	150.343	2,382.1	1.2	0.36	0.02	0.17	0.17
BUCU	11401M001	2020-07-07 04:00:00.0	44.46394	26.12575	143.335	108.824	2,467.1	1.7	-0.19	-3.21	0.25	0.29
BUCU	11401M001	2020-07-07 04:30:00.0	44.46394	26.12575	143.335	108.824	2,470.8	1.8	-0.47	-2.69	0.23	0.31
BUCU	11401M001	2020-07-07 05:00:00.0	44.46394	26.12575	143.325	108.814	2,474	1.6	-0.98	-1.55	0.2	0.17
BUCU	11401M001	2020-07-07 05:30:00.0	44.46394	26.12575	143.325	108.814	2,475	1.8	-1.01	-1.87	0.29	0.23
BUCU	11401M001	2020-07-07 06:00:00.0	44.46394	26.12575	143.329	108.818	2,480.2	1.6	-2.85	-1.99	0.23	0.12
BUCU	11401M001	2020-07-07 06:30:00.0	44.46394	26.12575	143.329	108.818	2,485.2	1.6	-3.14	-1.69	0.24	0.17
BUCU	11401M001	2020-07-07 07:00:00.0	44.46394	26.12575	143.335	108.824	2,484.6	1.1	-1.18	-1.83	0.17	0.11
BUCU	11401M001	2020-07-07 07:30:00.0	44.46394	26.12575	143.335	108.824	2,493.9	1.4	-0.86	-0.91	0.2	0.13
BUCU	11401M001	2020-07-07 08:00:00.0	44.46394	26.12575	143.343	108.832	2,499	1.3	-1.12	-1.07	0.21	0.17
BUCU	11401M001	2020-07-07 08:30:00.0	44.46394	26.12575	143.343	108.832	2,495.6	1.4	-1.61	-1.48	0.2	0.21
BUCU	11401M001	2020-07-07 09:00:00.0	44.46394	26.12575	143.345	108.834	2,505.8	1.4	-0.77	-1.07	0.19	0.17
BUSK	NDNT-BUSK	2020-07-07 04:00:00.0	50.47422	20.71275	311.413	274.017	2,369.9	1.1	-0.89	0.81	0.11	0.12
BUSK	NDNT-BUSK	2020-07-07 04:30:00.0	50.47422	20.71275	311.413	274.017	2,367.2	1.3	-1	0.7	0.14	0.21
BUSK	NDNT-BUSK	2020-07-07 05:00:00.0	50.47422	20.71275	311.421	274.025	2,374	1.2	-0.83	-0.27	0.18	0.22
BUSK	NDNT-BUSK	2020-07-07 05:30:00.0	50.47422	20.71275	311.421	274.025	2,369.3	1.5	-0.98	0.57	0.24	0.27
BUSK	NDNT-BUSK	2020-07-07 06:00:00.0	50.47422	20.71275	311.421	274.025	2,356.4	1.3	-0.79	2.64	0.19	0.19
BUSK	NDNT-BUSK	2020-07-07 06:30:00.0	50.47422	20.71275	311.421	274.025	2,361.2	1.3	-1.03	2.07	0.17	0.19
BUSK	NDNT-BUSK	2020-07-07 07:00:00.0	50.47422	20.71275	311.413	274.017	2,357.9	1.2	-0.64	2.32	0.16	0.16
BUSK	NDNT-BUSK	2020-07-07 07:30:00.0	50.47422	20.71275	311.413	274.017	2,354.8	1.4	-1.11	2.1	0.21	0.18
BUSK	NDNT-BUSK	2020-07-07 08:00:00.0	50.47422	20.71275	311.415	274.019	2,343	1.3	0.19	0.81	0.2	0.18
BUSK	NDNT-BUSK	2020-07-07 08:30:00.0	50.47422	20.71275	311.415	274.019	2,344.9	1.5	0.1	0.82	0.18	0.23
BUSK	NDNT-BUSK	2020-07-07 09:00:00.0	50.47422	20.71275	311.416	274.02	2,349.9	1.2	0.54	0.52	0.15	0.17
BUZD	12238M001	2020-07-07 04:00:00.0	50.46622	20.71894	299.281	261.886	2,366.6	1.4	-1.66	0.74	0.16	0.19
BUZD	12238M001	2020-07-07 04:30:00.0	50.46622	20.71894	299.281	261.886	2,367.3	1.6	-1.64	0.45	0.2	0.29
BUZD	12238M001	2020-07-07 05:00:00.0	50.46622	20.71894	299.289	261.894	2,370.7	1.3	-1.26	0.29	0.19	0.23
BUZD	12238M001	2020-07-07 05:30:00.0	50.46622	20.71894	299.289	261.894	2,369.2	1.6	-1.29	0.67	0.25	0.29
BUZD	12238M001	2020-07-07 06:00:00.0	50.46622	20.71894	299.294	261.899	2,358.7	1.4	-1.04	2.01	0.2	0.21
BUZD	12238M001	2020-07-07 06:30:00.0	50.46622	20.71894	299.294	261.899	2,356.7	1.3	-1.67	1.9	0.18	0.19
BUZD	12238M001	2020-07-07 07:00:00.0	50.46622	20.71894	299.286	261.891	2,357.1	1.3	-0.99	2.86	0.17	0.16
BUZD	12238M001	2020-07-07 07:30:00.0	50.46622	20.71894	299.286	261.891	2,350.5	1.4	-0.85	2.56	0.21	0.2
BUZD	12238M001	2020-07-07 08:00:00.0	50.46622	20.71894	299.284	261.889	2,343.8	1.4	-1.31	0.85	0.2	0.2
BUZD	12238M001	2020-07-07 08:30:00.0	50.46622	20.71894	299.284	261.889	2,344.4	1.6	-0.41	0.74	0.18	0.24
BUZD	12238M001	2020-07-07 09:00:00.0	50.46622	20.71894	299.281	261.886	2,352.2	1.2	-0.03	0.18	0.16	0.17
BYDG	12224M001	2020-07-07 04:00:00.0	53.13456	17.99364	104.435	73.827	2,386.8	1.5	-0.66	0.99	0.25	0.25
BYDG	12224M001	2020-07-07 04:30:00.0	53.13456	17.99364	104.435	73.827	2,386.6	1.5	-0.16	0.34	0.18	0.28
BYDG	12224M001	2020-07-07 05:00:00.0	53.13456	17.99364	104.433	73.825	2,385.2	1.2	-0.86	0.02	0.15	0.18
BYDG	12224M001	2020-07-07 05:30:00.0	53.13456	17.99364	104.433	73.825	2,385.8	1.4	-0.4	0.16	0.19	0.18
BYDG	12224M001	2020-07-07 07:00:00.0	53.13456	17.99364	104.427	73.819	2,395.9	1.4	-0.48	0.32	0.22	0.15
BYDG	12224M001	2020-07-07 07:30:00.0	53.13456	17.99364	104.427	73.819	2,387.6	1.1	-0.62	0.15	0.16	0.14
BYDG	12224M001	2020-07-07 09:00:00.0	53.13456	17.99364	104.428	73.82	2,385.9	1.6	-0.98	0.57	0.23	0.26
CBKA	12221M001	2020-07-07 04:00:00.0	52.21472	21.06769	125.192	93.944	2,404.2	1.3	-1.29	0.84	0.16	0.18
CBKA	12221M001	2020-07-07 04:30:00.0	52.21472	21.06769	125.192	93.944	2,401	1.6	-1.67	1.56	0.19	0.26
CBKA	12221M001	2020-07-07 05:00:00.0	52.21472	21.06769	125.193	93.945	2,401.2	1.4	-1.45	0.9	0.18	0.21
CBKA	12221M001	2020-07-07 05:30:00.0	52.21472	21.06769	125.193	93.945	2,403.4	1.6	-1.57	1.2	0.22	0.23
CBKA	12221M001	2020-07-07 06:00:00.0	52.21472	21.06769	125.19	93.942	2,400.5	1.3	-1.13	1.38	0.19	0.17
CBKA	12221M001	2020-07-07 06:30:00.0	52.21472	21.06769	125.19	93.942	2,396.8	1.3	-1.58	2.45	0.18	0.18
CBKA	12221M001	2020-07-07 07:00:00.0	52.21472	21.06769	125.193	93.945	2,397.1	1	-0.79	2.06	0.14	0.11
CBKA	12221M001	2020-07-07 07:30:00.0	52.21472	21.06769	125.193	93.945	2,393.7	1	0.09	0.8	0.16	0.14
CBKA	12221M001	2020-07-07 08:00:00.0	52.21472	21.06769	125.19	93.942	2,389.1	1.1	-1.04	1.26	0.17	0.16
CBKA	12221M001	2020-07-07 08:30:00.0	52.21472	21.06769	125.19	93.942	2,385.3	1.1	-0.61	0.6	0.14	0.16
CBKA	12221M001	2020-07-07 09:00:00.0	52.21472	21.06769	125.189	93.941	2,394.8	1.1	-0.2	-0.28	0.14	0.14
CCHN	12239M001	2020-07-07 04:00:00.0	52.88281	20.59783	167.643	136.749	2,374.6	1.2	-1.73	0.75	0.14	0.15
CCHN	12239M001	2020-07-07 04:30:00.0	52.88281	20.59783	167.643	136.749	2,372	1.4	-2.34	1.03	0.17	0.24
CCHN	12239M001	2020-07-07 05:00:00.0	52.88281	20.59783	167.64	136.746	2,376.8	1.3	-1.15	0.7	0.17	0.18
CCHN	12239M001	2020-07-07 05:30:00.0	52.88281	20.59783	167.64	136.746	2,374.4	1.4	-0.5	0.38	0.19	0.17
CCHN	12239M001	2020-07-07 06:00:00.0	52.88281	20.59783	167.632	136.738	2,374.5	1.3	-0.71	0.99	0.19	0.17
CCHN	12239M001	2020-07-07 06:30:00.0	52.88281	20.59783	167.632	136.738	2,370.2	1.3	-1.23	0.96	0.18	0.18
CCHN	12239M001	2020-07-07 07:00:00.0	52.88281	20.59783	167.635	136.741	2,374.1	1	-0.09	1.12	0.14	0.11
CCHN	12239M001	2020-07-07 07:30:00.0	52.88281	20.59783	167.635	136.741	2,372.7	1.1	-0.75	1.27	0.16	0.15
CCHN	12239M001	2020-07-07 08:00:00.0	52.88281	20.59783	167.634	136.74	2,369.9	1.2	-1.24	-0.69	0.17	0.18
CCHN	12239M001	2020-07-07 08:30:00.0	52.88281	20.59783	167.634	136.74	2,371.5	1.3	-1.4	-0.69	0.15	0.2
CCHN	12239M001	2020-07-07 09:00:00.0	52.88281	20.59783	167.629	136.735	2,369.6	1.1	-1.13	0.35	0.16	0.15
CES1	MUSE-CES1	2020-07-07 04:00:00.0	50.11128	19.19797	297.881	256.365	2,359.4	1.3	-1.66	1	0.16	0.17
CES1	MUSE-CES1	2020-07-07 04:30:00.0	50.11128	19.19797	297.881	256.365	2,362.2	1.4	-1.79	1.59	0.15	0.27
CES1	MUSE-CES1	2020-07-07 05:00:00.0	50.11128	19.19797	297.883	256.367	2,354.2	1.4	-2.02	2.41	0.21	0.28
CES1	MUSE-CES1	2020-07-07 05:30:00.0	50.11128	19.19797	297.883	256.367	2,346.8	1.9	-2.31	2.11	0.31	0.37
CES1	MUSE-CES1	2020-07-07 06:00:00.0	50.11128	19.19797	297.891	256.375	2,344.7	3.2	-2.64	1.75	0.42	0.46
CFRM	11525M001	2020-07-07 08:00:00.0	49.68481	18.35319	373.662	330.839	2,330	1.2	-1.11	-0.37	0.18	0.16
CFRM	11525M001	2020-07-07 08:30:00.0	49.68481	18.35319	373.662	330.839	2,331.6	1.1	-0.9	-0.33	0.14	0.15
CFRM	11525M001	2020-07-07 09:00:00.0	49.68481	18.35319	373.668	330.845	2,329.5	2.1	-0.62	-0.5	0.24	0.27
CHEL	12240M001	2020-07-07 04:00:00.0	51.13	23.48042	255.55	225.933	2,385.3	1.2	-1.55	-0.24	0.13	0.13
CHEL	12240M001	2020-07-07 04:30:00.0	51.13	23.48042	255.55	225.933	2,394.8	1.4	-0.8	0.45	0.15	0.23
CHEL	12240M001	2020-07-07 05:00:00.0	51.13	23.48042	255.546	225.929	2,402.7	1.3	-0.7	-1.24	0.15	0.18
CHEL	12240M001	2020-07-07 05:30:00.0	51.13	23.48042	255.546	225.929	2,403.1	1.5	-0.73	-0.57	0.2	0.2
CHEL	12240M001	2020-07-07 06:00:00.0	51.13	23.48042	255.548	225.931	2,405.3	1.3	-1.04	0.34	0.17	0.15
CHEL	12240M001	2020-07-07 06:30:00.0	51.13	23.48042	255.548	225.931	2,408.7	1.3	-1.29	0.47	0.16	0.16
CHEL	12240M001	2020-07-07 07:00:00.0	51.13	23.48042	255.54	225.923	2,409.6	1	-0.8	0.13	0.11	0.09
CHEL	12240M001	2020-07-07 07:30:00.0	51.13	23.48042	255.54	225.923	2,400.7	1.1	-0.57	0.36	0.15	0.14
CHEL	12240M001	2020-07-07 08:00:00.0	51.13	23.48042	255.541	225.924	2,398.5	1.2	-0.78	-0.65	0.17	0.16
CHEL	12240M001	2020-07-07 08:30:00.0	51.13	23.48042	255.541	225.924	2,401.9	1.2	-0.29	-0.85	0.14	0.16
CHEL	12240M001	2020-07-07 09:00:00.0	51.13	23.48042	255.536	225.919	2,403.5	1.3	-0.11	-0.44	0.14	0.15
CHNO	12241M001	2020-07-07 04:00:00.0	53.16406	15.41406	105.386	70.631	2,390.3	1.3	-0.83	-0.52	0.16	0.17
CHNO	12241M001	2020-07-07 04:30:00.0	53.16406	15.41406	105.386	70.631	2,389.8	1.5	-1.1	-0.68	0.19	0.25
CHNO	12241M001	2020-07-07 05:00:00.0	53.16406	15.41406	105.391	70.636	2,385.3	1.3	-1.1	0	0.18	0.22
CHNO	12241M001	2020-07-07 05:30:00.0	53.16406	15.41406	105.391	70.636	2,388.8	1.6	-0.77	0.25	0.23	0.28
CHNO	12241M001	2020-07-07 06:00:00.0	53.16406	15.41406	105.389	70.634	2,389.3	1.4	-0.42	-0.67	0.19	0.18
CHNO	12241M001	2020-07-07 06:30:00.0	53.16406	15.41406	105.389	70.634	2,388.4	1.4	-0.62	-0.84	0.2	0.22
CHNO	12241M001	2020-07-07 07:00:00.0	53.16406	15.41406	105.391	70.636	2,391	1.4	-0.49	-1.12	0.2	0.22
CHNO	12241M001	2020-07-07 07:30:00.0	53.16406	15.41406	105.391	70.636	2,392.5	1.4	-0.7	-0.89	0.19	0.21
CHNO	12241M001	2020-07-07 08:00:00.0	53.16406	15.41406	105.394	70.639	2,381.6	1.3	0.26	-0.55	0.18	0.19
CHNO	12241M001	2020-07-07 08:30:00.0	53.16406	15.41406	105.394	70.639	2,381.3	1.3	-0.12	0.03	0.17	0.22
CHNO	12241M001	2020-07-07 09:00:00.0	53.16406	15.41406	105.392	70.637	2,388.6	1.4	-0.33	-0.45	0.19	0.2
CHOJ	12242M001	2020-07-07 04:00:00.0	53.69519	17.55236	204.06	173.31	2,350.2	1.4	-0.61	-0.14	0.19	0.18
CHOJ	12242M001	2020-07-07 04:30:00.0	53.69519	17.55236	204.06	173.31	2,350	1.7	-0.42	-0.26	0.2	0.3
CHOJ	12242M001	2020-07-07 05:00:00.0	53.69519	17.55236	204.063	173.313	2,346.9	1.2	-0.54	-0.3	0.19	0.25
CHOJ	12242M001	2020-07-07 05:30:00.0	53.69519	17.55236	204.063	173.313	2,352.8	1.4	-0.99	0.22	0.24	0.31
CHOJ	12242M001	2020-07-07 06:00:00.0	53.69519	17.55236	204.065	173.315	2,349.3	1.5	-0.57	0.16	0.2	0.24
CHOJ	12242M001	2020-07-07 06:30:00.0	53.69519	17.55236	204.065	173.315	2,350.7	1.4	-0.32	-0.24	0.18	0.22
CHOJ	12242M001	2020-07-07 07:00:00.0	53.69519	17.55236	204.062	173.312	2,351.4	1	-0.39	0.16	0.15	0.14
CHOJ	12242M001	2020-07-07 07:30:00.0	53.69519	17.55236	204.062	173.312	2,352	1.2	-0.81	-0.36	0.19	0.19
CHOJ	12242M001	2020-07-07 08:00:00.0	53.69519	17.55236	204.066	173.316	2,348.5	1.6	0.39	-0.53	0.22	0.24
CHOJ	12242M001	2020-07-07 08:30:00.0	53.69519	17.55236	204.066	173.316	2,353.2	1.8	-0.03	-0.27	0.19	0.27
CHOJ	12242M001	2020-07-07 09:00:00.0	53.69519	17.55236	204.064	173.314	2,357.7	1.3	0.16	0.58	0.18	0.18
CLIB	11526M001	2020-07-07 04:00:00.0	50.77169	15.05989	448.436	405.146	2,299.2	1.3	-0.54	-0.4	0.15	0.15
CLIB	11526M001	2020-07-07 04:30:00.0	50.77169	15.05989	448.436	405.146	2,298.6	1.4	-0.41	-0.53	0.17	0.24
CLIB	11526M001	2020-07-07 05:00:00.0	50.77169	15.05989	448.431	405.141	2,303.8	1.9	-0.16	-0.93	0.28	0.36
CLIB	11526M001	2020-07-07 06:00:00.0	50.77169	15.05989	448.433	405.143	2,299.1	1.9	-0.9	-0.82	0.27	0.31
CLIB	11526M001	2020-07-07 06:30:00.0	50.77169	15.05989	448.433	405.143	2,295.7	1.6	-1.04	-0.07	0.23	0.28
CLIB	11526M001	2020-07-07 07:00:00.0	50.77169	15.05989	448.425	405.135	2,307.2	1.1	-0.4	-0.26	0.14	0.14
CLIB	11526M001	2020-07-07 07:30:00.0	50.77169	15.05989	448.425	405.135	2,305.2	1.1	-0.65	-0.18	0.18	0.15
CLIB	11526M001	2020-07-07 08:00:00.0	50.77169	15.05989	448.422	405.132	2,301.3	1.4	-0.46	0.37	0.19	0.17
CLIB	11526M001	2020-07-07 08:30:00.0	50.77169	15.05989	448.422	405.132	2,301.8	1.4	-0.45	0.41	0.16	0.19
CLIB	11526M001	2020-07-07 09:00:00.0	50.77169	15.05989	448.419	405.129	2,304.1	1.3	-0.44	-0.49	0.15	0.17
CNIV	15501M001	2020-07-07 04:00:00.0	51.51894	31.31361	175.925	151.175	2,444.6	1.3	-1.96	0.91	0.12	0.15
CNIV	15501M001	2020-07-07 04:30:00.0	51.51894	31.31361	175.925	151.175	2,442.7	1.5	-1.22	0.26	0.14	0.22
CNIV	15501M001	2020-07-07 05:00:00.0	51.51894	31.31361	175.938	151.188	2,443.9	1.6	-0.8	-1.67	0.21	0.22
CNIV	15501M001	2020-07-07 05:30:00.0	51.51894	31.31361	175.938	151.188	2,455.4	1.7	-1.84	-2.46	0.26	0.26
CNIV	15501M001	2020-07-07 06:00:00.0	51.51894	31.31361	175.937	151.187	2,457.6	1.4	-1.53	-1.44	0.18	0.18
CNIV	15501M001	2020-07-07 06:30:00.0	51.51894	31.31361	175.937	151.187	2,449.7	1.4	-1.57	-1.6	0.18	0.16
CNIV	15501M001	2020-07-07 07:00:00.0	51.51894	31.31361	175.936	151.186	2,457.2	1.2	-0.91	-0.15	0.15	0.13
CNIV	15501M001	2020-07-07 07:30:00.0	51.51894	31.31361	175.936	151.186	2,465.2	1.4	-0.11	-0.32	0.16	0.16
CNIV	15501M001	2020-07-07 08:00:00.0	51.51894	31.31361	175.936	151.186	2,463.1	1.3	-1.81	-0.93	0.18	0.19
CNIV	15501M001	2020-07-07 08:30:00.0	51.51894	31.31361	175.936	151.186	2,471.8	1.4	-2.34	0.37	0.19	0.23
CNIV	15501M001	2020-07-07 09:00:00.0	51.51894	31.31361	175.947	151.197	2,472.4	1.5	-0.58	0.52	0.21	0.21
CPAR	11527M001	2020-07-07 04:00:00.0	50.03956	15.78325	283.336	239.231	2,358.3	1.8	-0.76	-1.68	0.26	0.29
CPAR	11527M001	2020-07-07 04:30:00.0	50.03956	15.78325	283.336	239.231	2,360.5	1.7	-0.63	-1.98	0.19	0.31
CPAR	11527M001	2020-07-07 05:00:00.0	50.03956	15.78325	283.336	239.231	2,353.8	1.2	-0.97	0.38	0.15	0.18
CPAR	11527M001	2020-07-07 05:30:00.0	50.03956	15.78325	283.336	239.231	2,359.8	1.5	-0.89	-0.03	0.21	0.2
CPAR	11527M001	2020-07-07 06:00:00.0	50.03956	15.78325	283.348	239.243	2,350.3	1.4	-0.98	0.78	0.2	0.17
CPAR	11527M001	2020-07-07 06:30:00.0	50.03956	15.78325	283.348	239.243	2,348.6	1.4	-1.17	0.16	0.19	0.2
CPAR	11527M001	2020-07-07 07:00:00.0	50.03956	15.78325	283.345	239.24	2,357.7	1	-0.55	-0.08	0.13	0.12
CPAR	11527M001	2020-07-07 07:30:00.0	50.03956	15.78325	283.345	239.24	2,356.3	1.1	-1.04	0.22	0.18	0.14
CPAR	11527M001	2020-07-07 08:00:00.0	50.03956	15.78325	283.341	239.236	2,360.6	1.2	-0.69	-0.93	0.17	0.14
CPAR	11527M001	2020-07-07 08:30:00.0	50.03956	15.78325	283.341	239.236	2,359.9	1.2	-0.81	-0.96	0.13	0.15
CPAR	11527M001	2020-07-07 09:00:00.0	50.03956	15.78325	283.345	239.24	2,361.7	1.2	-0.84	-1.11	0.15	0.16
CRAK	11528M001	2020-07-07 04:00:00.0	50.10239	13.72925	381.953	336.115	2,324.5	1.3	-0.57	-0.2	0.15	0.15
CRAK	11528M001	2020-07-07 04:30:00.0	50.10239	13.72925	381.953	336.115	2,323.8	1.4	-0.35	-0.38	0.18	0.24
CRAK	11528M001	2020-07-07 05:00:00.0	50.10239	13.72925	381.947	336.109	2,328.3	2	-0.1	-0.8	0.29	0.36
CRAK	11528M001	2020-07-07 06:00:00.0	50.10239	13.72925	381.941	336.103	2,329.8	2	-0.76	0.01	0.27	0.31
CRAK	11528M001	2020-07-07 06:30:00.0	50.10239	13.72925	381.941	336.103	2,327.4	1.7	-0.55	-0.05	0.23	0.29
CRAK	11528M001	2020-07-07 07:00:00.0	50.10239	13.72925	381.939	336.101	2,329.9	1.2	-0.45	0.02	0.16	0.16
CRAK	11528M001	2020-07-07 07:30:00.0	50.10239	13.72925	381.939	336.101	2,329.5	1.2	-0.66	0.03	0.2	0.16
CRAK	11528M001	2020-07-07 08:00:00.0	50.10239	13.72925	381.948	336.11	2,324.7	1.5	-0.01	0.73	0.2	0.19
CRAK	11528M001	2020-07-07 08:30:00.0	50.10239	13.72925	381.948	336.11	2,324.1	1.6	-0.41	0.25	0.2	0.21
CRAK	11528M001	2020-07-07 09:00:00.0	50.10239	13.72925	381.943	336.105	2,334.5	1.3	-0.43	-0.48	0.16	0.18
CZES	NDNT-CZES	2020-07-07 04:00:00.0	50.78419	19.15317	312.101	273.249	2,346.8	1.2	-0.52	2.03	0.14	0.14
CZES	NDNT-CZES	2020-07-07 04:30:00.0	50.78419	19.15317	312.101	273.249	2,350.2	1.3	-0.65	2.56	0.14	0.22
CZES	NDNT-CZES	2020-07-07 05:00:00.0	50.78419	19.15317	312.108	273.256	2,346.4	1.2	-0.75	2.16	0.15	0.18
CZES	NDNT-CZES	2020-07-07 05:30:00.0	50.78419	19.15317	312.108	273.256	2,339.8	1.4	0.04	1.15	0.2	0.19
CZES	NDNT-CZES	2020-07-07 06:00:00.0	50.78419	19.15317	312.105	273.253	2,341.5	1.4	-1.26	1.35	0.19	0.17
CZES	NDNT-CZES	2020-07-07 06:30:00.0	50.78419	19.15317	312.105	273.253	2,342.1	1.4	0.4	1.75	0.18	0.19
CZES	NDNT-CZES	2020-07-07 07:00:00.0	50.78419	19.15317	312.105	273.253	2,347.8	1.2	-0.25	0.19	0.15	0.14
CZES	NDNT-CZES	2020-07-07 07:30:00.0	50.78419	19.15317	312.105	273.253	2,345.6	1.3	-0.34	0.7	0.18	0.16
CZES	NDNT-CZES	2020-07-07 08:00:00.0	50.78419	19.15317	312.106	273.254	2,343.6	1.1	0.15	0.74	0.16	0.14
CZES	NDNT-CZES	2020-07-07 08:30:00.0	50.78419	19.15317	312.106	273.254	2,342.2	1	-0.58	-0.23	0.12	0.14
CZES	NDNT-CZES	2020-07-07 09:00:00.0	50.78419	19.15317	312.108	273.256	2,339.8	1.1	0.33	-1.01	0.15	0.15
DAB1	NDNT-DABT	2020-07-07 04:00:00.0	50.17606	20.992	249.894	212.857	2,398.8	1.1	-1.34	1.48	0.12	0.13
DAB1	NDNT-DABT	2020-07-07 04:30:00.0	50.17606	20.992	249.894	212.857	2,398.2	1.3	-0.97	1.48	0.14	0.21
DAB1	NDNT-DABT	2020-07-07 05:00:00.0	50.17606	20.992	249.895	212.858	2,397.8	1.2	-1.85	1.32	0.15	0.17
DAB1	NDNT-DABT	2020-07-07 05:30:00.0	50.17606	20.992	249.895	212.858	2,405.9	1.4	-1.91	1.37	0.19	0.18
DAB1	NDNT-DABT	2020-07-07 06:00:00.0	50.17606	20.992	249.894	212.857	2,400.4	1.3	-1.59	1.62	0.17	0.14
DAB1	NDNT-DABT	2020-07-07 06:30:00.0	50.17606	20.992	249.894	212.857	2,399.3	1.3	-1.61	3.11	0.17	0.17
DAB1	NDNT-DABT	2020-07-07 07:00:00.0	50.17606	20.992	249.887	212.85	2,391.7	1	-0.97	2.54	0.12	0.11
DAB1	NDNT-DABT	2020-07-07 07:30:00.0	50.17606	20.992	249.887	212.85	2,389.7	1.1	-0.86	3.71	0.16	0.13
DAB1	NDNT-DABT	2020-07-07 08:00:00.0	50.17606	20.992	249.882	212.845	2,383.1	1.2	-0.12	4.09	0.19	0.17
DAB1	NDNT-DABT	2020-07-07 08:30:00.0	50.17606	20.992	249.882	212.845	2,374.9	1.2	-0.64	2.14	0.15	0.16
DEBI	NDNT-DEBI	2020-07-07 04:00:00.0	50.04361	21.41992	258.869	222.693	2,409.1	1.2	-1.99	1.05	0.13	0.13
DEBI	NDNT-DEBI	2020-07-07 04:30:00.0	50.04361	21.41992	258.869	222.693	2,410.2	1.3	-1.2	0.69	0.14	0.23
DEBI	NDNT-DEBI	2020-07-07 05:00:00.0	50.04361	21.41992	258.869	222.693	2,408.8	1.2	-1.94	2.2	0.15	0.17
DEBI	NDNT-DEBI	2020-07-07 05:30:00.0	50.04361	21.41992	258.869	222.693	2,406	1.4	-1.54	2.26	0.2	0.18
DEBI	NDNT-DEBI	2020-07-07 06:00:00.0	50.04361	21.41992	258.876	222.7	2,409.2	1.3	-1.47	0.19	0.17	0.14
DEBI	NDNT-DEBI	2020-07-07 06:30:00.0	50.04361	21.41992	258.876	222.7	2,414.6	1.3	-0.89	1.26	0.17	0.17
DEBI	NDNT-DEBI	2020-07-07 07:00:00.0	50.04361	21.41992	258.874	222.698	2,406.7	1	-0.4	1.43	0.12	0.11
DEBI	NDNT-DEBI	2020-07-07 07:30:00.0	50.04361	21.41992	258.874	222.698	2,404	1.1	-1.1	1.02	0.16	0.14
DEBI	NDNT-DEBI	2020-07-07 08:00:00.0	50.04361	21.41992	258.878	222.702	2,404	1.3	0.29	1.29	0.2	0.2
DEBI	NDNT-DEBI	2020-07-07 08:30:00.0	50.04361	21.41992	258.878	222.702	2,395.2	1.3	-0.42	3.5	0.19	0.21
DRWP	12243M001	2020-07-07 04:00:00.0	53.52633	15.81747	171.103	136.807	2,364.7	1.3	-0.39	-0.17	0.15	0.16
DRWP	12243M001	2020-07-07 04:30:00.0	53.52633	15.81747	171.103	136.807	2,357.4	1.5	-1.17	-0.3	0.16	0.23
DRWP	12243M001	2020-07-07 05:00:00.0	53.52633	15.81747	171.1	136.804	2,354.7	1.3	-1.32	-1.02	0.16	0.21
DRWP	12243M001	2020-07-07 05:30:00.0	53.52633	15.81747	171.1	136.804	2,358.4	1.6	-0.72	-2	0.23	0.27
DRWP	12243M001	2020-07-07 06:00:00.0	53.52633	15.81747	171.111	136.815	2,344.4	1.4	0.59	0.54	0.19	0.21
DRWP	12243M001	2020-07-07 06:30:00.0	53.52633	15.81747	171.111	136.815	2,344.8	1.5	0.02	0.6	0.22	0.22
DRWP	12243M001	2020-07-07 07:00:00.0	53.52633	15.81747	171.108	136.812	2,359.2	1.2	0.52	0.49	0.18	0.16
DRWP	12243M001	2020-07-07 07:30:00.0	53.52633	15.81747	171.108	136.812	2,363.7	1.2	0.42	0.54	0.17	0.19
DRWP	12243M001	2020-07-07 08:00:00.0	53.52633	15.81747	171.092	136.796	2,354.9	1.2	-0.66	-1.01	0.17	0.18
DRWP	12243M001	2020-07-07 08:30:00.0	53.52633	15.81747	171.092	136.796	2,356.9	1.2	-1.18	-0.06	0.16	0.19
DYNW	NDNT-DYNW	2020-07-07 04:00:00.0	49.81286	22.22936	311.669	276.611	2,401.7	1.3	-2.17	1.42	0.16	0.17
DYNW	NDNT-DYNW	2020-07-07 04:30:00.0	49.81286	22.22936	311.669	276.611	2,394.6	1.6	-1.04	1.32	0.18	0.27
DYNW	NDNT-DYNW	2020-07-07 05:00:00.0	49.81286	22.22936	311.66	276.602	2,402.2	1.4	-0.48	0.19	0.2	0.25
DYNW	NDNT-DYNW	2020-07-07 05:30:00.0	49.81286	22.22936	311.66	276.602	2,405.1	1.6	-0.49	-0.11	0.27	0.32
DYNW	NDNT-DYNW	2020-07-07 06:00:00.0	49.81286	22.22936	311.664	276.606	2,394.9	1.4	0.42	0.76	0.2	0.19
DYNW	NDNT-DYNW	2020-07-07 06:30:00.0	49.81286	22.22936	311.664	276.606	2,406	1.4	0.41	1.61	0.19	0.23
DYNW	NDNT-DYNW	2020-07-07 07:00:00.0	49.81286	22.22936	311.661	276.603	2,403.7	1.2	0.25	0.75	0.15	0.16
DYNW	NDNT-DYNW	2020-07-07 07:30:00.0	49.81286	22.22936	311.661	276.603	2,398.9	1.4	-0.47	0.19	0.22	0.21
DYNW	NDNT-DYNW	2020-07-07 08:00:00.0	49.81286	22.22936	311.662	276.604	2,399	1.5	1.18	0.16	0.25	0.27
DYNW	NDNT-DYNW	2020-07-07 08:30:00.0	49.81286	22.22936	311.662	276.604	2,396.4	1.9	1.26	0.09	0.3	0.31
DZIA	12244M001	2020-07-07 04:00:00.0	53.23033	20.16739	206.575	176.057	2,356	1.1	-1.67	0.61	0.11	0.11
DZIA	12244M001	2020-07-07 04:30:00.0	53.23033	20.16739	206.575	176.057	2,363	1.2	-0.7	-0.44	0.13	0.18
DZIA	12244M001	2020-07-07 05:00:00.0	53.23033	20.16739	206.579	176.061	2,362	1.1	-0.19	0.85	0.14	0.16
DZIA	12244M001	2020-07-07 05:30:00.0	53.23033	20.16739	206.579	176.061	2,365.5	1.3	-0.34	1.58	0.17	0.16
DZIA	12244M001	2020-07-07 06:00:00.0	53.23033	20.16739	206.58	176.062	2,360.8	1.5	0.17	1.56	0.23	0.24
DZIA	12244M001	2020-07-07 06:30:00.0	53.23033	20.16739	206.58	176.062	2,358.4	2.1	-0.05	1.26	0.31	0.31
ELBL	18991M001	2020-07-07 04:00:00.0	54.15556	19.40036	52.7	23.692	2,401.1	1.3	-0.86	1.41	0.16	0.16
ELBL	18991M001	2020-07-07 04:30:00.0	54.15556	19.40036	52.7	23.692	2,393.2	1.6	-0.88	1.52	0.18	0.24
ELBL	18991M001	2020-07-07 05:00:00.0	54.15556	19.40036	52.706	23.698	2,394.3	1.2	-0.74	0.43	0.15	0.19
ELBL	18991M001	2020-07-07 05:30:00.0	54.15556	19.40036	52.706	23.698	2,398	1.4	-2.39	1.39	0.2	0.22
ELBL	18991M001	2020-07-07 06:00:00.0	54.15556	19.40036	52.697	23.689	2,404	1.3	-2.6	0.89	0.19	0.18
ELBL	18991M001	2020-07-07 06:30:00.0	54.15556	19.40036	52.697	23.689	2,402.6	1.4	-1.24	0.54	0.18	0.19
ELBL	18991M001	2020-07-07 07:00:00.0	54.15556	19.40036	52.692	23.684	2,407.5	1	0.24	0.14	0.14	0.12
ELBL	18991M001	2020-07-07 07:30:00.0	54.15556	19.40036	52.692	23.684	2,405.1	1.1	-0.28	0.82	0.18	0.17
ELBL	18991M001	2020-07-07 08:00:00.0	54.15556	19.40036	52.684	23.676	2,394.9	1.2	-0.97	0.77	0.17	0.17
ELBL	18991M001	2020-07-07 08:30:00.0	54.15556	19.40036	52.684	23.676	2,398.2	1.2	0.21	-0.53	0.14	0.17
GDA1	12252M002	2020-07-07 04:00:00.0	54.35142	18.64108	63.175	33.943	2,385.1	1.4	-1.51	0.56	0.16	0.17
GDA1	12252M002	2020-07-07 04:30:00.0	54.35142	18.64108	63.175	33.943	2,387.1	1.5	-1.8	0.09	0.17	0.23
GDA1	12252M002	2020-07-07 05:00:00.0	54.35142	18.64108	63.174	33.942	2,397.8	1.2	-1.5	0.12	0.15	0.18
GDA1	12252M002	2020-07-07 05:30:00.0	54.35142	18.64108	63.174	33.942	2,395.7	1.3	-0.85	0.11	0.19	0.19
GDA1	12252M002	2020-07-07 06:00:00.0	54.35142	18.64108	63.176	33.944	2,392.4	1.4	-0.91	0.53	0.19	0.18
GDA1	12252M002	2020-07-07 06:30:00.0	54.35142	18.64108	63.176	33.944	2,387.9	1.4	-1.49	0.74	0.18	0.19
GDA1	12252M002	2020-07-07 07:00:00.0	54.35142	18.64108	63.173	33.941	2,393.9	1	-1.79	0.94	0.16	0.13
GDA1	12252M002	2020-07-07 07:30:00.0	54.35142	18.64108	63.173	33.941	2,391.1	1.1	-2.52	1.28	0.17	0.17
GDA1	12252M002	2020-07-07 08:00:00.0	54.35142	18.64108	63.171	33.939	2,389.2	1.2	-0.95	-0.47	0.17	0.18
GDA1	12252M002	2020-07-07 08:30:00.0	54.35142	18.64108	63.171	33.939	2,392.7	1.3	-0.86	-0.48	0.17	0.19
GIZY	12253M001	2020-07-07 04:00:00.0	54.03578	21.76778	166.827	138.587	2,364.3	1.3	-1.3	0.6	0.15	0.15
GIZY	12253M001	2020-07-07 04:30:00.0	54.03578	21.76778	166.827	138.587	2,367	1.5	-0.98	0.83	0.17	0.23
GIZY	12253M001	2020-07-07 05:00:00.0	54.03578	21.76778	166.83	138.59	2,372.6	1.3	-0.85	0.37	0.17	0.19
GIZY	12253M001	2020-07-07 05:30:00.0	54.03578	21.76778	166.83	138.59	2,378.6	1.5	-0.74	0.54	0.2	0.2
GIZY	12253M001	2020-07-07 06:00:00.0	54.03578	21.76778	166.823	138.583	2,388.4	1.3	-0.93	0.88	0.19	0.17
GIZY	12253M001	2020-07-07 06:30:00.0	54.03578	21.76778	166.823	138.583	2,385.1	1.4	-1.12	0.66	0.18	0.18
GIZY	12253M001	2020-07-07 07:00:00.0	54.03578	21.76778	166.824	138.584	2,383.3	1.2	-0.2	1.24	0.16	0.14
GIZY	12253M001	2020-07-07 07:30:00.0	54.03578	21.76778	166.824	138.584	2,382.1	1.2	0.04	1.22	0.18	0.16
GIZY	12253M001	2020-07-07 08:00:00.0	54.03578	21.76778	166.822	138.582	2,372.8	1.2	-0.45	1.72	0.17	0.18
GIZY	12253M001	2020-07-07 08:30:00.0	54.03578	21.76778	166.822	138.582	2,368.2	1.3	-0.95	1.01	0.16	0.2
GLIW	NDNT-GLIW	2020-07-07 04:00:00.0	50.22644	18.60972	284.038	242.462	2,370.8	1.3	-0.22	1.34	0.17	0.2
GLIW	NDNT-GLIW	2020-07-07 04:30:00.0	50.22644	18.60972	284.038	242.462	2,367.3	1.5	-0.33	1.04	0.17	0.28
GLIW	NDNT-GLIW	2020-07-07 05:00:00.0	50.22644	18.60972	284.026	242.45	2,360	1.3	0.48	0.39	0.17	0.2
GLIW	NDNT-GLIW	2020-07-07 05:30:00.0	50.22644	18.60972	284.026	242.45	2,354.4	1.5	0.54	0.32	0.2	0.2
GLIW	NDNT-GLIW	2020-07-07 06:00:00.0	50.22644	18.60972	284.016	242.44	2,361.9	1.5	-0.55	0.14	0.22	0.22
GLIW	NDNT-GLIW	2020-07-07 06:30:00.0	50.22644	18.60972	284.016	242.44	2,362.7	1.6	-1.65	0.05	0.22	0.27
GLIW	NDNT-GLIW	2020-07-07 07:00:00.0	50.22644	18.60972	284.022	242.446	2,357.9	1.5	-0.6	0.54	0.2	0.21
GLIW	NDNT-GLIW	2020-07-07 07:30:00.0	50.22644	18.60972	284.022	242.446	2,361.2	1.7	-0.41	0.61	0.23	0.28
GLIW	NDNT-GLIW	2020-07-07 08:00:00.0	50.22644	18.60972	284.024	242.448	2,359.2	1.4	-0.15	-0.75	0.23	0.26
GLIW	NDNT-GLIW	2020-07-07 08:30:00.0	50.22644	18.60972	284.024	242.448	2,360	1.7	-0.12	-0.27	0.26	0.27
GLOG	12254M001	2020-07-07 04:00:00.0	51.66525	16.07428	144.42	104.577	2,379.4	1.3	0.04	-0.64	0.16	0.16
GLOG	12254M001	2020-07-07 04:30:00.0	51.66525	16.07428	144.42	104.577	2,383.4	1.4	-0.2	-0.64	0.17	0.25
GLOG	12254M001	2020-07-07 05:00:00.0	51.66525	16.07428	144.418	104.575	2,387.3	1.4	-0.91	-1.24	0.19	0.23
GLOG	12254M001	2020-07-07 05:30:00.0	51.66525	16.07428	144.418	104.575	2,386.1	1.6	-1.25	-1.57	0.22	0.25
GLOG	12254M001	2020-07-07 06:00:00.0	51.66525	16.07428	144.413	104.57	2,387.1	1.4	-1.21	-0.59	0.2	0.22
GLOG	12254M001	2020-07-07 06:30:00.0	51.66525	16.07428	144.413	104.57	2,387.5	1.3	-1.11	-0.13	0.19	0.22
GLOG	12254M001	2020-07-07 07:00:00.0	51.66525	16.07428	144.414	104.571	2,393.1	1.1	-1.07	0.04	0.16	0.15
GLOG	12254M001	2020-07-07 07:30:00.0	51.66525	16.07428	144.414	104.571	2,393.1	1.1	-1.65	-0.16	0.19	0.17
GLOG	12254M001	2020-07-07 08:00:00.0	51.66525	16.07428	144.421	104.578	2,385.4	1.4	-0.34	-0.14	0.2	0.19
GLOG	12254M001	2020-07-07 08:30:00.0	51.66525	16.07428	144.421	104.578	2,385.4	1.4	-0.43	0.25	0.17	0.19
GLSV	12356M001	2020-07-07 05:00:00.0	50.36419	30.49672	226.322	200.95	2,453.7	1.9	-3.42	-1.65	0.28	0.38
GLSV	12356M001	2020-07-07 05:30:00.0	50.36419	30.49672	226.322	200.95	2,466	1.8	-3.69	-1.84	0.32	0.35
GLUB	NDNT-GLUB	2020-07-07 04:00:00.0	50.20236	17.81056	321.363	279.139	2,346.1	1.3	-0.36	0.21	0.14	0.16
GLUB	NDNT-GLUB	2020-07-07 04:30:00.0	50.20236	17.81056	321.363	279.139	2,347.7	1.4	0.1	-1.1	0.15	0.24
GLUB	NDNT-GLUB	2020-07-07 05:00:00.0	50.20236	17.81056	321.36	279.136	2,353.4	1.2	-0.42	0.37	0.15	0.19
GLUB	NDNT-GLUB	2020-07-07 05:30:00.0	50.20236	17.81056	321.36	279.136	2,353.1	1.4	-0.19	0.09	0.22	0.24
GLUB	NDNT-GLUB	2020-07-07 06:00:00.0	50.20236	17.81056	321.364	279.14	2,350.3	1.4	0.03	-0.72	0.2	0.2
GLUB	NDNT-GLUB	2020-07-07 06:30:00.0	50.20236	17.81056	321.364	279.14	2,353.1	1.4	-0.57	-0.25	0.19	0.21
GLUB	NDNT-GLUB	2020-07-07 07:00:00.0	50.20236	17.81056	321.364	279.14	2,350	1.2	-0.4	0.52	0.15	0.15
GLUB	NDNT-GLUB	2020-07-07 07:30:00.0	50.20236	17.81056	321.364	279.14	2,349.5	1.4	-0.04	0.72	0.2	0.18
GLUB	NDNT-GLUB	2020-07-07 08:00:00.0	50.20236	17.81056	321.361	279.137	2,343.6	1.2	0.2	0.29	0.18	0.16
GLUB	NDNT-GLUB	2020-07-07 08:30:00.0	50.20236	17.81056	321.361	279.137	2,341.2	1.2	0.03	0.51	0.16	0.16
GNIE	12255M001	2020-07-07 04:00:00.0	52.53294	17.58386	172.128	138.866	2,374.1	1.2	-0.27	0.57	0.14	0.14
GNIE	12255M001	2020-07-07 04:30:00.0	52.53294	17.58386	172.128	138.866	2,367.3	1.2	-0.87	1	0.13	0.22
GNIE	12255M001	2020-07-07 05:00:00.0	52.53294	17.58386	172.128	138.866	2,365.8	1.3	-0.49	0.38	0.17	0.2
GNIE	12255M001	2020-07-07 05:30:00.0	52.53294	17.58386	172.128	138.866	2,367.9	1.5	-1.04	0.49	0.22	0.24
GNIE	12255M001	2020-07-07 06:00:00.0	52.53294	17.58386	172.131	138.869	2,363.7	1.1	-0.2	-0.67	0.14	0.13
GNIE	12255M001	2020-07-07 06:30:00.0	52.53294	17.58386	172.131	138.869	2,370.9	1.1	-0.36	-0.23	0.14	0.14
GNIE	12255M001	2020-07-07 07:00:00.0	52.53294	17.58386	172.123	138.861	2,369.4	1	-0.69	-0.08	0.15	0.13
GNIE	12255M001	2020-07-07 07:30:00.0	52.53294	17.58386	172.123	138.861	2,371.6	1	-0.96	0.46	0.16	0.14
GNIE	12255M001	2020-07-07 08:00:00.0	52.53294	17.58386	172.131	138.869	2,370.5	1.2	-0.32	-0.46	0.17	0.16
GNIE	12255M001	2020-07-07 08:30:00.0	52.53294	17.58386	172.131	138.869	2,370	1.2	-0.62	-0.07	0.16	0.16
GOLE	12256M001	2020-07-07 04:00:00.0	53.55872	14.838	68.867	33.69	2,395.1	1.3	-1.03	-0.48	0.15	0.16
GOLE	12256M001	2020-07-07 04:30:00.0	53.55872	14.838	68.867	33.69	2,392.4	1.5	-0.79	-0.45	0.18	0.24
GOLE	12256M001	2020-07-07 05:00:00.0	53.55872	14.838	68.87	33.693	2,395.8	1.3	-1.12	-0.53	0.17	0.22
GOLE	12256M001	2020-07-07 05:30:00.0	53.55872	14.838	68.87	33.693	2,396.3	1.5	-1.21	-0.27	0.23	0.28
GOLE	12256M001	2020-07-07 06:00:00.0	53.55872	14.838	68.865	33.688	2,390.8	1.3	-1.02	-0.39	0.18	0.18
GOLE	12256M001	2020-07-07 06:30:00.0	53.55872	14.838	68.865	33.688	2,391.6	1.4	-0.01	-0.81	0.19	0.21
GOLE	12256M001	2020-07-07 07:00:00.0	53.55872	14.838	68.87	33.693	2,393.3	1.2	-0.02	-0.32	0.18	0.16
GOLE	12256M001	2020-07-07 07:30:00.0	53.55872	14.838	68.87	33.693	2,398.1	1.3	-0.04	-0.27	0.18	0.17
GOLE	12256M001	2020-07-07 08:00:00.0	53.55872	14.838	68.869	33.692	2,395.8	1.2	-0.11	0.05	0.17	0.17
GOLE	12256M001	2020-07-07 08:30:00.0	53.55872	14.838	68.869	33.692	2,395.1	1.2	-0.52	0.07	0.14	0.17
GOPE	11502M002	2020-07-07 04:00:00.0	49.91369	14.78564	592.714	547.545	2,262	1.9	-0.83	-1.74	0.29	0.3
GOPE	11502M002	2020-07-07 04:30:00.0	49.91369	14.78564	592.714	547.545	2,259.8	1.7	-0.78	-1.69	0.2	0.32
GOPE	11502M002	2020-07-07 05:00:00.0	49.91369	14.78564	592.717	547.548	2,259.2	1.3	-0.52	-0.87	0.16	0.22
GOPE	11502M002	2020-07-07 05:30:00.0	49.91369	14.78564	592.717	547.548	2,260.4	1.5	-0.67	-1.12	0.22	0.24
GOPE	11502M002	2020-07-07 06:00:00.0	49.91369	14.78564	592.719	547.55	2,254.2	1.4	-0.7	-0.03	0.2	0.18
GOPE	11502M002	2020-07-07 06:30:00.0	49.91369	14.78564	592.719	547.55	2,257.3	1.4	-0.41	-0.43	0.19	0.21
GOPE	11502M002	2020-07-07 07:00:00.0	49.91369	14.78564	592.72	547.551	2,262.5	1	-0.45	-0.24	0.13	0.13
GOPE	11502M002	2020-07-07 07:30:00.0	49.91369	14.78564	592.72	547.551	2,267.7	1.1	-0.31	-0.36	0.18	0.14
GOPE	11502M002	2020-07-07 08:00:00.0	49.91369	14.78564	592.716	547.547	2,267.3	1.2	-0.8	-0.53	0.18	0.15
GOPE	11502M002	2020-07-07 08:30:00.0	49.91369	14.78564	592.716	547.547	2,267	1.2	-0.72	-0.56	0.14	0.17
GOR1	NDNT-GORL	2020-07-07 04:00:00.0	49.65586	21.13944	381.247	343.392	2,377.8	1.1	-0.97	1.25	0.13	0.13
GOR1	NDNT-GORL	2020-07-07 04:30:00.0	49.65586	21.13944	381.247	343.392	2,378.3	1.3	-0.86	0.74	0.14	0.22
GOR1	NDNT-GORL	2020-07-07 05:00:00.0	49.65586	21.13944	381.25	343.395	2,371.8	1.2	-0.87	0.94	0.15	0.17
GOR1	NDNT-GORL	2020-07-07 05:30:00.0	49.65586	21.13944	381.25	343.395	2,371.4	1.5	-0.7	0.32	0.2	0.18
GOR1	NDNT-GORL	2020-07-07 06:00:00.0	49.65586	21.13944	381.253	343.398	2,372.6	1.3	-0.99	0.7	0.18	0.14
GOR1	NDNT-GORL	2020-07-07 06:30:00.0	49.65586	21.13944	381.253	343.398	2,369.4	1.3	-0.71	0.88	0.17	0.17
GOR1	NDNT-GORL	2020-07-07 07:00:00.0	49.65586	21.13944	381.255	343.4	2,369	1	-0.88	1.52	0.12	0.11
GOR1	NDNT-GORL	2020-07-07 07:30:00.0	49.65586	21.13944	381.255	343.4	2,364.6	1.1	-0.43	2.19	0.16	0.14
GOR1	NDNT-GORL	2020-07-07 08:00:00.0	49.65586	21.13944	381.254	343.399	2,362.4	1.3	-0.91	3.09	0.19	0.18
GOR1	NDNT-GORL	2020-07-07 08:30:00.0	49.65586	21.13944	381.254	343.399	2,354.2	1.2	-0.64	3.78	0.16	0.17
GRAJ	12245M001	2020-07-07 04:00:00.0	53.65106	22.45231	165.177	136.661	2,377.3	1.3	-1.26	0.68	0.17	0.18
GRAJ	12245M001	2020-07-07 04:30:00.0	53.65106	22.45231	165.177	136.661	2,378.2	1.6	-0.61	1.4	0.23	0.29
GRAJ	12245M001	2020-07-07 05:00:00.0	53.65106	22.45231	165.175	136.659	2,378.4	1.4	-1.13	1.88	0.2	0.23
GRAJ	12245M001	2020-07-07 05:30:00.0	53.65106	22.45231	165.175	136.659	2,375.2	1.6	-1.66	1.58	0.25	0.28
GRAJ	12245M001	2020-07-07 06:00:00.0	53.65106	22.45231	165.169	136.653	2,377.4	1.4	-1.25	1.18	0.2	0.19
GRAJ	12245M001	2020-07-07 06:30:00.0	53.65106	22.45231	165.169	136.653	2,384.5	1.4	-0.72	1.78	0.2	0.2
GRAJ	12245M001	2020-07-07 07:00:00.0	53.65106	22.45231	165.176	136.66	2,384.2	1.3	-0.11	2.5	0.21	0.17
GRAJ	12245M001	2020-07-07 07:30:00.0	53.65106	22.45231	165.176	136.66	2,394.2	1.3	-0.3	1.86	0.22	0.19
GRAJ	12245M001	2020-07-07 08:00:00.0	53.65106	22.45231	165.181	136.665	2,390.3	1.2	0.54	2.03	0.19	0.19
GRAJ	12245M001	2020-07-07 08:30:00.0	53.65106	22.45231	165.181	136.665	2,386.7	1.4	0.35	2.36	0.19	0.24
GWWL	12225M001	2020-07-07 04:00:00.0	52.73797	15.20522	127.158	90.869	2,383.6	1.6	-1.03	-1.24	0.29	0.26
GWWL	12225M001	2020-07-07 04:30:00.0	52.73797	15.20522	127.158	90.869	2,384.1	1.5	-0.78	-0.69	0.19	0.31
GWWL	12225M001	2020-07-07 05:00:00.0	52.73797	15.20522	127.161	90.872	2,381.8	1.4	-0.44	0.17	0.18	0.23
GWWL	12225M001	2020-07-07 05:30:00.0	52.73797	15.20522	127.161	90.872	2,378.5	1.6	-0.19	0.36	0.23	0.27
GWWL	12225M001	2020-07-07 06:00:00.0	52.73797	15.20522	127.159	90.87	2,378.3	2.1	-1.27	0.83	0.31	0.34
GWWL	12225M001	2020-07-07 07:00:00.0	52.73797	15.20522	127.155	90.866	2,383.5	1.5	-0.5	0.15	0.2	0.2
GWWL	12225M001	2020-07-07 07:30:00.0	52.73797	15.20522	127.155	90.866	2,383.5	1.3	-0.53	-0.42	0.2	0.16
HAJN	12247M001	2020-07-07 04:00:00.0	52.74097	23.56589	196.628	168.357	2,393.6	1.3	-0.87	0.72	0.16	0.18
HAJN	12247M001	2020-07-07 04:30:00.0	52.74097	23.56589	196.628	168.357	2,389.2	1.5	-1.14	1.12	0.17	0.25
HAJN	12247M001	2020-07-07 05:00:00.0	52.74097	23.56589	196.622	168.351	2,385.3	1.5	-0.94	2.44	0.19	0.23
HAJN	12247M001	2020-07-07 05:30:00.0	52.74097	23.56589	196.622	168.351	2,388.9	1.7	-1.01	1.58	0.22	0.24
HAJN	12247M001	2020-07-07 06:00:00.0	52.74097	23.56589	196.61	168.339	2,388.4	1.5	-0.25	1.28	0.2	0.21
HAJN	12247M001	2020-07-07 06:30:00.0	52.74097	23.56589	196.61	168.339	2,390.7	1.4	-1.16	0.04	0.2	0.2
HAJN	12247M001	2020-07-07 07:00:00.0	52.74097	23.56589	196.616	168.345	2,398.7	1.1	-0.93	0.4	0.18	0.13
HAJN	12247M001	2020-07-07 07:30:00.0	52.74097	23.56589	196.616	168.345	2,401.5	1.2	-1.68	1.5	0.2	0.15
HAJN	12247M001	2020-07-07 08:00:00.0	52.74097	23.56589	196.611	168.34	2,396.9	1.2	-1.28	3.18	0.19	0.17
HAJN	12247M001	2020-07-07 08:30:00.0	52.74097	23.56589	196.611	168.34	2,395.8	1.3	0.1	2.78	0.19	0.18
HOZD	12248M001	2020-07-07 04:00:00.0	50.18886	23.36225	298.857	266.986	2,389	1.3	-2.31	-2.47	0.14	0.16
HOZD	12248M001	2020-07-07 04:30:00.0	50.18886	23.36225	298.857	266.986	2,398.6	1.5	-1.53	-1.29	0.18	0.28
HOZD	12248M001	2020-07-07 05:00:00.0	50.18886	23.36225	298.849	266.978	2,401.7	1.3	-1.78	-0.54	0.16	0.19
HOZD	12248M001	2020-07-07 05:30:00.0	50.18886	23.36225	298.849	266.978	2,396.2	1.6	-1.21	-0.16	0.2	0.2
HOZD	12248M001	2020-07-07 06:00:00.0	50.18886	23.36225	298.857	266.986	2,399.5	1.3	-0.08	-1.81	0.18	0.15
HOZD	12248M001	2020-07-07 06:30:00.0	50.18886	23.36225	298.857	266.986	2,412.1	1.3	-0.99	-2.6	0.18	0.18
HOZD	12248M001	2020-07-07 07:00:00.0	50.18886	23.36225	298.858	266.987	2,400.5	1	-1.48	-0.29	0.14	0.1
HOZD	12248M001	2020-07-07 07:30:00.0	50.18886	23.36225	298.858	266.987	2,393.2	1.2	-0.72	-1.78	0.17	0.16
HOZD	12248M001	2020-07-07 08:00:00.0	50.18886	23.36225	298.859	266.988	2,404.1	1.2	-1.29	-0.71	0.18	0.17
HOZD	12248M001	2020-07-07 08:30:00.0	50.18886	23.36225	298.859	266.988	2,403.1	1.2	-0.14	-0.72	0.14	0.17
HRUB	12249M001	2020-07-07 04:00:00.0	50.80469	23.88628	234.455	204.527	2,391	1.4	-1.21	-2.53	0.16	0.18
HRUB	12249M001	2020-07-07 04:30:00.0	50.80469	23.88628	234.455	204.527	2,388.8	1.7	-0.78	-0.89	0.23	0.28
HRUB	12249M001	2020-07-07 05:00:00.0	50.80469	23.88628	234.455	204.527	2,388.6	1.4	-0.47	-3.09	0.16	0.2
HRUB	12249M001	2020-07-07 05:30:00.0	50.80469	23.88628	234.455	204.527	2,398	1.6	-0.23	-1.55	0.21	0.22
HRUB	12249M001	2020-07-07 06:00:00.0	50.80469	23.88628	234.448	204.52	2,408	1.4	-0.44	-1.24	0.19	0.18
HRUB	12249M001	2020-07-07 06:30:00.0	50.80469	23.88628	234.448	204.52	2,420.3	1.4	-1.64	1.88	0.2	0.19
HRUB	12249M001	2020-07-07 07:00:00.0	50.80469	23.88628	234.45	204.522	2,429.9	1.2	0.06	0.68	0.18	0.15
HRUB	12249M001	2020-07-07 07:30:00.0	50.80469	23.88628	234.45	204.522	2,422.7	1.2	-0.29	0.43	0.18	0.15
HRUB	12249M001	2020-07-07 08:00:00.0	50.80469	23.88628	234.447	204.519	2,428.2	1.3	1.21	-0.27	0.2	0.19
HRUB	12249M001	2020-07-07 08:30:00.0	50.80469	23.88628	234.447	204.519	2,433.9	1.6	0.97	0.64	0.25	0.25
IGEO	15101M001	2020-07-07 04:00:00.0	47.03036	28.84353	105.874	74.635	2,468.3	1.3	1.37	-1.97	0.14	0.14
IGEO	15101M001	2020-07-07 04:30:00.0	47.03036	28.84353	105.874	74.635	2,471.6	1.5	0.64	-2.43	0.16	0.23
IGEO	15101M001	2020-07-07 05:00:00.0	47.03036	28.84353	105.85	74.611	2,484.8	1.4	-0.28	-0.32	0.19	0.19
IGEO	15101M001	2020-07-07 05:30:00.0	47.03036	28.84353	105.85	74.611	2,480.9	1.6	0	-0.56	0.26	0.23
IGEO	15101M001	2020-07-07 06:00:00.0	47.03036	28.84353	105.863	74.624	2,494.1	1.4	0.41	-2.16	0.18	0.13
IGEO	15101M001	2020-07-07 06:30:00.0	47.03036	28.84353	105.863	74.624	2,493.4	1.4	1.39	-1.86	0.2	0.16
IGEO	15101M001	2020-07-07 07:00:00.0	47.03036	28.84353	105.863	74.624	2,494	1.1	1.1	-1.29	0.14	0.11
IGEO	15101M001	2020-07-07 07:30:00.0	47.03036	28.84353	105.863	74.624	2,490.9	1.3	1.24	-1.63	0.17	0.14
IGEO	15101M001	2020-07-07 08:00:00.0	47.03036	28.84353	105.864	74.625	2,486.8	1.2	1.47	-2.3	0.19	0.18
IGEO	15101M001	2020-07-07 08:30:00.0	47.03036	28.84353	105.864	74.625	2,486	1.4	0.02	-1.82	0.2	0.23
ILAW	12250M001	2020-07-07 04:00:00.0	53.58714	19.56797	162.814	133.33	2,376.8	1.3	-0.54	0.15	0.14	0.15
ILAW	12250M001	2020-07-07 04:30:00.0	53.58714	19.56797	162.814	133.33	2,365.9	1.5	-1	0.96	0.17	0.23
ILAW	12250M001	2020-07-07 05:00:00.0	53.58714	19.56797	162.817	133.333	2,367.1	1.1	-0.78	0.97	0.15	0.18
ILAW	12250M001	2020-07-07 05:30:00.0	53.58714	19.56797	162.817	133.333	2,366.2	1.3	-0.82	0.87	0.19	0.2
ILAW	12250M001	2020-07-07 06:00:00.0	53.58714	19.56797	162.814	133.33	2,364.6	1.1	-0.95	0.96	0.13	0.12
ILAW	12250M001	2020-07-07 06:30:00.0	53.58714	19.56797	162.814	133.33	2,374.9	1.1	-1.15	-0.02	0.13	0.13
ILAW	12250M001	2020-07-07 07:00:00.0	53.58714	19.56797	162.815	133.331	2,377.2	0.9	-0.79	0.38	0.12	0.1
ILAW	12250M001	2020-07-07 07:30:00.0	53.58714	19.56797	162.815	133.331	2,375	0.9	-0.33	0.84	0.12	0.11
ILAW	12250M001	2020-07-07 08:00:00.0	53.58714	19.56797	162.816	133.332	2,370	1.1	-0.22	-0.13	0.16	0.16
ILAW	12250M001	2020-07-07 08:30:00.0	53.58714	19.56797	162.816	133.332	2,371.9	1.1	-0.94	0	0.14	0.15
JAR1	NDNT-JARO	2020-07-07 04:00:00.0	50.01719	22.67853	268.947	235.108	2,405.9	1.2	-1.19	0.57	0.11	0.11
JAR1	NDNT-JARO	2020-07-07 04:30:00.0	50.01719	22.67853	268.947	235.108	2,409.5	1.3	-1.48	1.21	0.13	0.19
JAR1	NDNT-JARO	2020-07-07 05:00:00.0	50.01719	22.67853	268.953	235.114	2,411.8	1.1	-0.45	-0.43	0.12	0.14
JAR1	NDNT-JARO	2020-07-07 05:30:00.0	50.01719	22.67853	268.953	235.114	2,415	1.3	-0.45	1.38	0.16	0.15
JAR1	NDNT-JARO	2020-07-07 06:00:00.0	50.01719	22.67853	268.956	235.117	2,418.4	1.1	-0.32	1.45	0.14	0.11
JAR1	NDNT-JARO	2020-07-07 06:30:00.0	50.01719	22.67853	268.956	235.117	2,419.8	1.1	-0.77	0.11	0.14	0.14
JAR1	NDNT-JARO	2020-07-07 07:00:00.0	50.01719	22.67853	268.953	235.114	2,410.5	0.9	-0.86	0.38	0.09	0.08
JAR1	NDNT-JARO	2020-07-07 07:30:00.0	50.01719	22.67853	268.953	235.114	2,409	1	-0.24	-0.23	0.12	0.1
JAR1	NDNT-JARO	2020-07-07 08:00:00.0	50.01719	22.67853	268.951	235.112	2,408.3	0.9	0.44	-0.64	0.14	0.13
JAR1	NDNT-JARO	2020-07-07 08:30:00.0	50.01719	22.67853	268.951	235.112	2,409.3	0.9	-0.39	-0.1	0.11	0.12
JAST	NDNT-JAST	2020-07-07 04:00:00.0	49.95256	18.61192	342.804	300.531	2,342.7	1.2	-1.18	1.06	0.13	0.15
JAST	NDNT-JAST	2020-07-07 04:30:00.0	49.95256	18.61192	342.804	300.531	2,344.1	1.3	-1.01	1.06	0.14	0.21
JAST	NDNT-JAST	2020-07-07 05:00:00.0	49.95256	18.61192	342.796	300.523	2,345.6	1.1	-0.99	1.62	0.14	0.17
JAST	NDNT-JAST	2020-07-07 05:30:00.0	49.95256	18.61192	342.796	300.523	2,342.5	1.4	-0.66	0.73	0.19	0.18
JAST	NDNT-JAST	2020-07-07 06:00:00.0	49.95256	18.61192	342.79	300.517	2,343.1	1.4	-0.74	1.24	0.18	0.16
JAST	NDNT-JAST	2020-07-07 06:30:00.0	49.95256	18.61192	342.79	300.517	2,340.3	1.4	-1.46	1.67	0.18	0.18
JAST	NDNT-JAST	2020-07-07 07:00:00.0	49.95256	18.61192	342.799	300.526	2,344.7	1	-0.57	0.54	0.12	0.11
JAST	NDNT-JAST	2020-07-07 07:30:00.0	49.95256	18.61192	342.799	300.526	2,336	1.1	-1.2	0.53	0.15	0.14
JAST	NDNT-JAST	2020-07-07 08:00:00.0	49.95256	18.61192	342.795	300.522	2,341.1	1.1	-0.16	0.07	0.16	0.14
JAST	NDNT-JAST	2020-07-07 08:30:00.0	49.95256	18.61192	342.795	300.522	2,343.5	1.1	-0.79	0.57	0.13	0.14
JEDR	NDNT-JEDR	2020-07-07 04:00:00.0	50.64175	20.30078	297.61	259.871	2,371.6	1	-1.1	-0.06	0.1	0.1
JEDR	NDNT-JEDR	2020-07-07 04:30:00.0	50.64175	20.30078	297.61	259.871	2,372.6	1.1	-1.21	0.82	0.11	0.18
JEDR	NDNT-JEDR	2020-07-07 05:00:00.0	50.64175	20.30078	297.613	259.874	2,365.9	1.1	-1.45	3.41	0.12	0.15
JEDR	NDNT-JEDR	2020-07-07 05:30:00.0	50.64175	20.30078	297.613	259.874	2,361.9	1.3	-0.45	1.36	0.16	0.15
JEDR	NDNT-JEDR	2020-07-07 06:00:00.0	50.64175	20.30078	297.62	259.881	2,362.8	1.1	-1.61	2.33	0.14	0.13
JEDR	NDNT-JEDR	2020-07-07 06:30:00.0	50.64175	20.30078	297.62	259.881	2,353	1.1	-2.12	0.82	0.14	0.14
JEDR	NDNT-JEDR	2020-07-07 07:00:00.0	50.64175	20.30078	297.615	259.876	2,344.7	1.1	-1.62	0.12	0.12	0.12
JEDR	NDNT-JEDR	2020-07-07 07:30:00.0	50.64175	20.30078	297.615	259.876	2,355.9	1.2	0.03	0.91	0.16	0.14
JEDR	NDNT-JEDR	2020-07-07 08:00:00.0	50.64175	20.30078	297.62	259.881	2,336.4	1	-0.2	0.78	0.15	0.14
JEDR	NDNT-JEDR	2020-07-07 08:30:00.0	50.64175	20.30078	297.62	259.881	2,341.4	1	-0.3	0.31	0.12	0.13
JLGR	12251M001	2020-07-07 04:00:00.0	50.91947	15.73325	408.193	365.341	2,311.8	1.3	-0.29	-0.42	0.16	0.16
JLGR	12251M001	2020-07-07 04:30:00.0	50.91947	15.73325	408.193	365.341	2,311.2	1.4	-0.56	0	0.18	0.26
JLGR	12251M001	2020-07-07 05:00:00.0	50.91947	15.73325	408.191	365.339	2,312.5	1.4	-0.18	-0.1	0.18	0.21
JLGR	12251M001	2020-07-07 05:30:00.0	50.91947	15.73325	408.191	365.339	2,312.9	1.6	-0.13	-0.09	0.23	0.25
JLGR	12251M001	2020-07-07 06:00:00.0	50.91947	15.73325	408.188	365.336	2,315.5	1.3	-0.36	-0.38	0.18	0.17
JLGR	12251M001	2020-07-07 06:30:00.0	50.91947	15.73325	408.188	365.336	2,315.3	1.3	-0.72	-0.53	0.18	0.2
JLGR	12251M001	2020-07-07 07:00:00.0	50.91947	15.73325	408.187	365.335	2,319	1	-0.5	-0.16	0.14	0.14
JLGR	12251M001	2020-07-07 07:30:00.0	50.91947	15.73325	408.187	365.335	2,319.2	1.1	-0.55	-0.1	0.19	0.17
JLGR	12251M001	2020-07-07 08:00:00.0	50.91947	15.73325	408.192	365.34	2,315.4	1.4	-0.23	-0.09	0.2	0.2
JLGR	12251M001	2020-07-07 08:30:00.0	50.91947	15.73325	408.192	365.34	2,314.5	1.6	-0.39	-0.12	0.17	0.22
JOZ2	12204M002	2020-07-07 04:00:00.0	52.09783	21.03236	152.52	120.881	2,397.6	1.7	-0.69	1.66	0.29	0.29
JOZ2	12204M002	2020-07-07 04:30:00.0	52.09783	21.03236	152.52	120.881	2,397.8	1.7	-0.98	1.53	0.23	0.32
JOZ2	12204M002	2020-07-07 05:00:00.0	52.09783	21.03236	152.524	120.885	2,396.9	1.5	-1.17	0.92	0.21	0.24
JOZ2	12204M002	2020-07-07 05:30:00.0	52.09783	21.03236	152.524	120.885	2,398.4	1.7	-1.35	1.13	0.23	0.24
JOZ2	12204M002	2020-07-07 06:00:00.0	52.09783	21.03236	152.519	120.88	2,396.6	1.4	-1.62	1.97	0.2	0.17
JOZ2	12204M002	2020-07-07 06:30:00.0	52.09783	21.03236	152.519	120.88	2,392.2	1.4	-1.66	2.1	0.19	0.19
JOZ2	12204M002	2020-07-07 07:00:00.0	52.09783	21.03236	152.524	120.885	2,390.7	1.2	-1.07	1.36	0.18	0.18
JOZ2	12204M002	2020-07-07 08:00:00.0	52.09783	21.03236	152.524	120.885	2,382.8	1.6	-1.18	1.07	0.23	0.22
JOZ2	12204M002	2020-07-07 08:30:00.0	52.09783	21.03236	152.524	120.885	2,382.5	1.5	-0.89	1.21	0.2	0.21
JOZE	12204M001	2020-07-07 04:00:00.0	52.09728	21.03156	141.617	109.976	2,403.3	1.7	-0.4	2.07	0.32	0.31
JOZE	12204M001	2020-07-07 04:30:00.0	52.09728	21.03156	141.617	109.976	2,404.1	1.8	-0.97	2.01	0.24	0.35
JOZE	12204M001	2020-07-07 05:00:00.0	52.09728	21.03156	141.628	109.987	2,402.5	1.6	-1.05	0.75	0.24	0.27
JOZE	12204M001	2020-07-07 05:30:00.0	52.09728	21.03156	141.628	109.987	2,407.2	1.7	-0.8	0.27	0.28	0.31
JOZE	12204M001	2020-07-07 06:00:00.0	52.09728	21.03156	141.624	109.983	2,400.2	1.4	-1.9	2	0.2	0.17
JOZE	12204M001	2020-07-07 06:30:00.0	52.09728	21.03156	141.624	109.983	2,398.7	1.4	-1.53	2.47	0.2	0.19
JOZE	12204M001	2020-07-07 07:00:00.0	52.09728	21.03156	141.617	109.976	2,398.7	1	-0.73	2.04	0.16	0.12
JOZE	12204M001	2020-07-07 07:30:00.0	52.09728	21.03156	141.617	109.976	2,396.9	1.1	0.09	1.65	0.17	0.14
JOZE	12204M001	2020-07-07 08:00:00.0	52.09728	21.03156	141.619	109.978	2,392.2	1.2	-0.99	0.53	0.18	0.17
JOZE	12204M001	2020-07-07 08:30:00.0	52.09728	21.03156	141.619	109.978	2,390.6	1.4	-1.57	0.78	0.17	0.23
KALI	12257M001	2020-07-07 04:00:00.0	51.75389	18.09517	147.732	111.734	2,392.6	1.2	-1.08	0.49	0.14	0.15
KALI	12257M001	2020-07-07 04:30:00.0	51.75389	18.09517	147.732	111.734	2,391.6	1.3	-0.92	0.29	0.15	0.24
KALI	12257M001	2020-07-07 05:00:00.0	51.75389	18.09517	147.728	111.73	2,394.3	1.3	-1.34	-0.15	0.18	0.21
KALI	12257M001	2020-07-07 05:30:00.0	51.75389	18.09517	147.728	111.73	2,398.8	1.4	-1.09	-0.17	0.23	0.26
KALI	12257M001	2020-07-07 06:00:00.0	51.75389	18.09517	147.73	111.732	2,394.3	1.2	-1.51	0.78	0.19	0.17
KALI	12257M001	2020-07-07 06:30:00.0	51.75389	18.09517	147.73	111.732	2,393.5	1.3	-2.17	1	0.24	0.21
KALI	12257M001	2020-07-07 07:00:00.0	51.75389	18.09517	147.73	111.732	2,379.4	1.2	-0.65	-0.27	0.21	0.17
KALI	12257M001	2020-07-07 07:30:00.0	51.75389	18.09517	147.73	111.732	2,373.7	1.3	-0.37	-0.08	0.22	0.2
KALI	12257M001	2020-07-07 08:00:00.0	51.75389	18.09517	147.733	111.735	2,382.3	1.2	-1.53	-1.01	0.19	0.18
KALI	12257M001	2020-07-07 08:30:00.0	51.75389	18.09517	147.733	111.735	2,379.4	1.4	-1.35	-1.33	0.2	0.22
KAM1	12258M001	2020-07-07 04:00:00.0	53.96306	14.77739	57.754	22.804	2,396.8	1.3	0.23	-0.06	0.15	0.16
KAM1	12258M001	2020-07-07 04:30:00.0	53.96306	14.77739	57.754	22.804	2,395.7	1.5	0.29	0.13	0.17	0.24
KAM1	12258M001	2020-07-07 05:00:00.0	53.96306	14.77739	57.753	22.803	2,388	1.3	-0.1	0.58	0.18	0.23
KAM1	12258M001	2020-07-07 05:30:00.0	53.96306	14.77739	57.753	22.803	2,397.5	1.6	0.21	0.44	0.23	0.29
KAM1	12258M001	2020-07-07 06:00:00.0	53.96306	14.77739	57.749	22.799	2,401.2	1.3	-0.08	-0.49	0.18	0.18
KAM1	12258M001	2020-07-07 06:30:00.0	53.96306	14.77739	57.749	22.799	2,402.8	1.4	-0.18	-0.24	0.19	0.21
KAM1	12258M001	2020-07-07 07:00:00.0	53.96306	14.77739	57.754	22.804	2,404.2	1.3	-0.04	-0.41	0.18	0.17
KAM1	12258M001	2020-07-07 07:30:00.0	53.96306	14.77739	57.754	22.804	2,407.2	1.3	0.19	0.51	0.18	0.18
KAM1	12258M001	2020-07-07 08:00:00.0	53.96306	14.77739	57.756	22.806	2,402.9	1.2	0.17	0.95	0.17	0.17
KAM1	12258M001	2020-07-07 08:30:00.0	53.96306	14.77739	57.756	22.806	2,405.5	1.3	0.23	0.41	0.14	0.18
KATO	12219S001	2020-07-07 04:00:00.0	50.25328	19.03564	332.872	291.607	2,345.5	1.9	-1.55	0.98	0.29	0.32
KATO	12219S001	2020-07-07 04:30:00.0	50.25328	19.03564	332.872	291.607	2,343.4	1.9	-1.57	0.88	0.25	0.36
KATO	12219S001	2020-07-07 05:00:00.0	50.25328	19.03564	332.864	291.599	2,348.1	1.2	-0.93	0.89	0.15	0.18
KATO	12219S001	2020-07-07 05:30:00.0	50.25328	19.03564	332.864	291.599	2,348.1	1.5	-1.19	1.25	0.2	0.19
KATO	12219S001	2020-07-07 06:00:00.0	50.25328	19.03564	332.875	291.61	2,339.5	2.2	-1.35	0.85	0.37	0.44
KATO	12219S001	2020-07-07 07:00:00.0	50.25328	19.03564	332.866	291.601	2,341.7	1.3	-0.53	0.17	0.19	0.15
KATO	12219S001	2020-07-07 07:30:00.0	50.25328	19.03564	332.866	291.601	2,339.8	1.2	-0.67	0.23	0.18	0.15
KAZ1	NDNT-KAZA	2020-07-07 04:00:00.0	50.30422	20.45164	261.175	222.972	2,383.7	1.1	-1.17	0.68	0.12	0.13
KAZ1	NDNT-KAZA	2020-07-07 04:30:00.0	50.30422	20.45164	261.175	222.972	2,383.9	1.3	-1.11	0.61	0.14	0.21
KAZ1	NDNT-KAZA	2020-07-07 05:00:00.0	50.30422	20.45164	261.182	222.979	2,384.6	1.2	-1.63	0.89	0.14	0.17
KAZ1	NDNT-KAZA	2020-07-07 05:30:00.0	50.30422	20.45164	261.182	222.979	2,386.3	1.4	-2.25	2.24	0.19	0.18
KAZ1	NDNT-KAZA	2020-07-07 06:00:00.0	50.30422	20.45164	261.177	222.974	2,371.9	1.3	-1.63	2.38	0.17	0.15
KAZ1	NDNT-KAZA	2020-07-07 06:30:00.0	50.30422	20.45164	261.177	222.974	2,371.6	1.3	-1.02	2.51	0.17	0.17
KAZ1	NDNT-KAZA	2020-07-07 07:00:00.0	50.30422	20.45164	261.167	222.964	2,370.8	1	-0.28	1.91	0.12	0.11
KAZ1	NDNT-KAZA	2020-07-07 07:30:00.0	50.30422	20.45164	261.167	222.964	2,369.6	1.1	-0.5	0.97	0.16	0.14
KAZ1	NDNT-KAZA	2020-07-07 08:00:00.0	50.30422	20.45164	261.17	222.967	2,359.6	1.3	0.01	0.4	0.2	0.17
KAZ1	NDNT-KAZA	2020-07-07 08:30:00.0	50.30422	20.45164	261.17	222.967	2,357.6	1.2	-0.65	0.51	0.17	0.18
KEPN	12259M001	2020-07-07 04:00:00.0	51.28017	17.98358	220.289	181.802	2,368.9	1.3	-0.88	0.67	0.14	0.16
KEPN	12259M001	2020-07-07 04:30:00.0	51.28017	17.98358	220.289	181.802	2,366.9	1.4	-0.84	0.11	0.16	0.24
KEPN	12259M001	2020-07-07 05:00:00.0	51.28017	17.98358	220.29	181.803	2,376.3	1.2	-0.76	0.53	0.15	0.19
KEPN	12259M001	2020-07-07 05:30:00.0	51.28017	17.98358	220.29	181.803	2,374.6	1.4	-1.51	0.67	0.2	0.21
KEPN	12259M001	2020-07-07 06:00:00.0	51.28017	17.98358	220.286	181.799	2,369.4	1.4	-1.21	1	0.18	0.18
KEPN	12259M001	2020-07-07 06:30:00.0	51.28017	17.98358	220.286	181.799	2,370.1	1.4	-0.73	0.8	0.18	0.19
KEPN	12259M001	2020-07-07 07:00:00.0	51.28017	17.98358	220.288	181.801	2,365.9	1.2	-0.38	0.49	0.15	0.16
KEPN	12259M001	2020-07-07 07:30:00.0	51.28017	17.98358	220.288	181.801	2,362.2	1.3	-0.45	0.26	0.19	0.18
KEPN	12259M001	2020-07-07 08:00:00.0	51.28017	17.98358	220.285	181.798	2,358	1.2	-0.78	-0.48	0.18	0.15
KEPN	12259M001	2020-07-07 08:30:00.0	51.28017	17.98358	220.285	181.798	2,357.4	1.1	-0.37	0.01	0.13	0.15
KES1	MUSE-KES1	2020-07-07 04:00:00.0	50.27158	19.02614	339.929	298.717	2,341.8	1.4	-1.33	1.19	0.17	0.2
KES1	MUSE-KES1	2020-07-07 04:30:00.0	50.27158	19.02614	339.929	298.717	2,339.3	1.4	-1.73	0.81	0.16	0.26
KES1	MUSE-KES1	2020-07-07 05:00:00.0	50.27158	19.02614	339.932	298.72	2,339.7	1.2	-1.15	1.32	0.2	0.26
KES1	MUSE-KES1	2020-07-07 05:30:00.0	50.27158	19.02614	339.932	298.72	2,335.9	1.6	-1.02	1.74	0.27	0.35
KES1	MUSE-KES1	2020-07-07 06:00:00.0	50.27158	19.02614	339.934	298.722	2,336.5	1.5	-2.17	0.41	0.22	0.26
KES1	MUSE-KES1	2020-07-07 06:30:00.0	50.27158	19.02614	339.934	298.722	2,337.4	1.3	-1.79	0.63	0.18	0.23
KES1	MUSE-KES1	2020-07-07 07:00:00.0	50.27158	19.02614	339.936	298.724	2,335.9	1.1	-0.86	0.85	0.13	0.18
KES1	MUSE-KES1	2020-07-07 07:30:00.0	50.27158	19.02614	339.936	298.724	2,338.2	1.4	-0.79	0.62	0.21	0.21
KES1	MUSE-KES1	2020-07-07 08:00:00.0	50.27158	19.02614	339.933	298.721	2,332.4	1.4	-0.38	-0.62	0.21	0.26
KES1	MUSE-KES1	2020-07-07 08:30:00.0	50.27158	19.02614	339.933	298.721	2,333.9	1.3	-0.7	-0.47	0.21	0.28
KILE	NDNT-KIEL	2020-07-07 04:00:00.0	50.90847	20.66397	364.631	328.07	2,351.4	1.2	-1.31	0.42	0.13	0.15
KILE	NDNT-KIEL	2020-07-07 04:30:00.0	50.90847	20.66397	364.631	328.07	2,348.8	1.4	-1.47	0.01	0.18	0.24
KILE	NDNT-KIEL	2020-07-07 05:00:00.0	50.90847	20.66397	364.645	328.084	2,352.2	1.2	-1.12	0.72	0.16	0.18
KILE	NDNT-KIEL	2020-07-07 05:30:00.0	50.90847	20.66397	364.645	328.084	2,350.4	1.5	-1.53	1.87	0.2	0.19
KILE	NDNT-KIEL	2020-07-07 06:00:00.0	50.90847	20.66397	364.653	328.092	2,344	1.5	-1.23	2.39	0.22	0.19
KILE	NDNT-KIEL	2020-07-07 06:30:00.0	50.90847	20.66397	364.653	328.092	2,339.2	1.6	-0.8	2.45	0.24	0.22
KILE	NDNT-KIEL	2020-07-07 07:00:00.0	50.90847	20.66397	364.655	328.094	2,336.3	1	-0.22	2	0.13	0.11
KILE	NDNT-KIEL	2020-07-07 07:30:00.0	50.90847	20.66397	364.655	328.094	2,336.9	1.2	-0.71	0.79	0.18	0.16
KILE	NDNT-KIEL	2020-07-07 08:00:00.0	50.90847	20.66397	364.652	328.091	2,326.5	1.1	0.71	0.59	0.17	0.17
KILE	NDNT-KIEL	2020-07-07 08:30:00.0	50.90847	20.66397	364.652	328.091	2,329.2	1.1	0.07	0.37	0.14	0.15
KLCE	12260M001	2020-07-07 04:00:00.0	50.87575	20.62967	333.561	296.869	2,356.4	1.2	-1.54	0.42	0.13	0.15
KLCE	12260M001	2020-07-07 04:30:00.0	50.87575	20.62967	333.561	296.869	2,356.9	1.4	-1.49	-0.01	0.18	0.24
KLCE	12260M001	2020-07-07 05:00:00.0	50.87575	20.62967	333.566	296.874	2,356.4	1.2	-1.47	0.84	0.16	0.18
KLCE	12260M001	2020-07-07 05:30:00.0	50.87575	20.62967	333.566	296.874	2,354.8	1.5	-1.77	1.54	0.2	0.19
KLCE	12260M001	2020-07-07 06:00:00.0	50.87575	20.62967	333.562	296.87	2,347	1.2	-1.42	2.62	0.17	0.15
KLCE	12260M001	2020-07-07 06:30:00.0	50.87575	20.62967	333.562	296.87	2,345.1	1.2	-1.16	2.99	0.18	0.17
KLCE	12260M001	2020-07-07 07:00:00.0	50.87575	20.62967	333.566	296.874	2,339.5	1	-1.14	1.96	0.13	0.11
KLCE	12260M001	2020-07-07 07:30:00.0	50.87575	20.62967	333.566	296.874	2,339.7	1.2	-0.68	1.82	0.18	0.16
KLCE	12260M001	2020-07-07 08:00:00.0	50.87575	20.62967	333.565	296.873	2,331.2	1.1	-1.11	0.31	0.17	0.16
KLCE	12260M001	2020-07-07 08:30:00.0	50.87575	20.62967	333.565	296.873	2,330.2	1.1	-0.62	0.08	0.14	0.15
KLDZ	12261M001	2020-07-07 04:00:00.0	50.43558	16.65189	359.553	316.313	2,321.8	1.3	-1.06	0.02	0.15	0.16
KLDZ	12261M001	2020-07-07 04:30:00.0	50.43558	16.65189	359.553	316.313	2,327.4	1.4	-1.18	-0.28	0.16	0.25
KLDZ	12261M001	2020-07-07 05:00:00.0	50.43558	16.65189	359.55	316.31	2,331.9	1.3	-1.02	-0.36	0.17	0.22
KLDZ	12261M001	2020-07-07 05:30:00.0	50.43558	16.65189	359.55	316.31	2,335.2	1.5	-0.83	0.13	0.23	0.27
KLDZ	12261M001	2020-07-07 06:00:00.0	50.43558	16.65189	359.544	316.304	2,330.4	1.4	-1.16	0.5	0.19	0.18
KLDZ	12261M001	2020-07-07 06:30:00.0	50.43558	16.65189	359.544	316.304	2,326.6	1.4	-1.78	0.32	0.18	0.21
KLDZ	12261M001	2020-07-07 07:00:00.0	50.43558	16.65189	359.551	316.311	2,331	1.3	-0.27	0.06	0.15	0.17
KLDZ	12261M001	2020-07-07 07:30:00.0	50.43558	16.65189	359.551	316.311	2,329.2	1.4	-0.89	0.33	0.19	0.19
KLDZ	12261M001	2020-07-07 08:00:00.0	50.43558	16.65189	359.544	316.304	2,327.5	1.3	-0.82	-1.06	0.18	0.18
KLDZ	12261M001	2020-07-07 08:30:00.0	50.43558	16.65189	359.544	316.304	2,329.8	1.4	-0.59	-0.78	0.15	0.19
KLOB	12219M001	2020-07-07 04:00:00.0	50.90553	18.93689	301.63	262.926	2,349	1.2	-0.95	1.06	0.14	0.14
KLOB	12219M001	2020-07-07 04:30:00.0	50.90553	18.93689	301.63	262.926	2,345.4	1.4	-0.98	0.84	0.15	0.24
KLOB	12219M001	2020-07-07 05:00:00.0	50.90553	18.93689	301.635	262.931	2,339.7	1.2	-1.46	1.7	0.16	0.2
KLOB	12219M001	2020-07-07 05:30:00.0	50.90553	18.93689	301.635	262.931	2,342.9	1.4	-0.98	1.27	0.22	0.24
KLOB	12219M001	2020-07-07 06:00:00.0	50.90553	18.93689	301.632	262.928	2,343.3	1.4	-0.87	0.63	0.19	0.17
KLOB	12219M001	2020-07-07 06:30:00.0	50.90553	18.93689	301.632	262.928	2,344.3	1.4	-0.89	0.09	0.18	0.19
KLOB	12219M001	2020-07-07 07:00:00.0	50.90553	18.93689	301.638	262.934	2,343	1.2	-0.98	0.25	0.15	0.14
KLOB	12219M001	2020-07-07 07:30:00.0	50.90553	18.93689	301.638	262.934	2,347	1.3	-0.59	0.77	0.18	0.16
KLOB	12219M001	2020-07-07 08:00:00.0	50.90553	18.93689	301.635	262.931	2,342.5	1.1	-0.9	-0.32	0.17	0.17
KLOB	12219M001	2020-07-07 08:30:00.0	50.90553	18.93689	301.635	262.931	2,340.5	1.2	-0.81	-0.1	0.14	0.18
KLUC	NDNT-KLUC	2020-07-07 04:00:00.0	50.96822	18.21419	232.945	193.517	2,370.1	1.2	-0.99	0.75	0.13	0.14
KLUC	NDNT-KLUC	2020-07-07 04:30:00.0	50.96822	18.21419	232.945	193.517	2,370	1.3	-0.71	1.07	0.14	0.21
KLUC	NDNT-KLUC	2020-07-07 05:00:00.0	50.96822	18.21419	232.946	193.518	2,372.7	1.2	-1.08	0.98	0.15	0.18
KLUC	NDNT-KLUC	2020-07-07 05:30:00.0	50.96822	18.21419	232.946	193.518	2,374.8	1.4	-0.99	0.74	0.2	0.2
KLUC	NDNT-KLUC	2020-07-07 06:00:00.0	50.96822	18.21419	232.947	193.519	2,372.8	1.4	-0.21	0.3	0.18	0.17
KLUC	NDNT-KLUC	2020-07-07 06:30:00.0	50.96822	18.21419	232.947	193.519	2,370.8	1.4	-0.11	0.77	0.18	0.19
KLUC	NDNT-KLUC	2020-07-07 07:00:00.0	50.96822	18.21419	232.952	193.524	2,370.1	1.2	-0.12	0.56	0.14	0.14
KLUC	NDNT-KLUC	2020-07-07 07:30:00.0	50.96822	18.21419	232.952	193.524	2,368.2	1.3	-0.22	0.47	0.18	0.16
KLUC	NDNT-KLUC	2020-07-07 08:00:00.0	50.96822	18.21419	232.95	193.522	2,360.1	1.1	0.76	0.04	0.16	0.14
KLUC	NDNT-KLUC	2020-07-07 08:30:00.0	50.96822	18.21419	232.95	193.522	2,359.6	1.1	0.2	0.16	0.13	0.14
KOLB	NDNT-KOLA	2020-07-07 04:00:00.0	50.24403	21.78331	250.592	215.143	2,405.1	1.2	-0.96	-0.57	0.12	0.14
KOLB	NDNT-KOLA	2020-07-07 04:30:00.0	50.24403	21.78331	250.592	215.143	2,405.5	1.4	-0.99	0.52	0.14	0.22
KOLB	NDNT-KOLA	2020-07-07 05:00:00.0	50.24403	21.78331	250.582	215.133	2,403.4	1.2	-0.62	0.63	0.16	0.19
KOLB	NDNT-KOLA	2020-07-07 05:30:00.0	50.24403	21.78331	250.582	215.133	2,406.3	1.5	-0.25	0.28	0.22	0.24
KOLB	NDNT-KOLA	2020-07-07 06:00:00.0	50.24403	21.78331	250.594	215.145	2,400.3	1.3	0.22	1.69	0.19	0.2
KOLB	NDNT-KOLA	2020-07-07 06:30:00.0	50.24403	21.78331	250.594	215.145	2,398.5	1.3	-1.47	1.12	0.2	0.19
KOLB	NDNT-KOLA	2020-07-07 07:00:00.0	50.24403	21.78331	250.593	215.144	2,401.4	1	-0.67	0.46	0.11	0.1
KOLB	NDNT-KOLA	2020-07-07 07:30:00.0	50.24403	21.78331	250.593	215.144	2,400.7	1.1	-0.87	0.42	0.16	0.13
KOLB	NDNT-KOLA	2020-07-07 08:00:00.0	50.24403	21.78331	250.597	215.148	2,397.7	1.2	-0.68	1.07	0.17	0.16
KOLB	NDNT-KOLA	2020-07-07 08:30:00.0	50.24403	21.78331	250.597	215.148	2,397.6	1.2	-0.14	0.67	0.13	0.17
KONI	12262M001	2020-07-07 04:00:00.0	52.22811	18.25397	157.116	123.974	2,380.2	1.2	-0.91	-0.21	0.14	0.14
KONI	12262M001	2020-07-07 04:30:00.0	52.22811	18.25397	157.116	123.974	2,381.3	1.3	-1.05	0.06	0.14	0.22
KONI	12262M001	2020-07-07 05:00:00.0	52.22811	18.25397	157.118	123.976	2,383.5	1	-1.15	0.53	0.13	0.16
KONI	12262M001	2020-07-07 05:30:00.0	52.22811	18.25397	157.118	123.976	2,374.2	1.2	-0.41	1.21	0.17	0.19
KONI	12262M001	2020-07-07 06:00:00.0	52.22811	18.25397	157.118	123.976	2,378.1	1.2	-1.4	0.36	0.16	0.14
KONI	12262M001	2020-07-07 06:30:00.0	52.22811	18.25397	157.118	123.976	2,376.1	1.2	-0.81	0.65	0.15	0.16
KONI	12262M001	2020-07-07 07:00:00.0	52.22811	18.25397	157.121	123.979	2,372.8	1.1	-0.51	-0.03	0.18	0.15
KONI	12262M001	2020-07-07 07:30:00.0	52.22811	18.25397	157.121	123.979	2,372.2	1.1	-0.32	-0.34	0.19	0.16
KONI	12262M001	2020-07-07 08:00:00.0	52.22811	18.25397	157.116	123.974	2,380.5	1.2	0.8	-0.87	0.18	0.17
KONI	12262M001	2020-07-07 08:30:00.0	52.22811	18.25397	157.116	123.974	2,377.1	1.2	0.5	-1.05	0.16	0.18
KOSC	12263M001	2020-07-07 04:00:00.0	54.12256	17.98158	211.129	180.957	2,355.7	1.5	-0.19	-0.72	0.2	0.2
KOSC	12263M001	2020-07-07 04:30:00.0	54.12256	17.98158	211.129	180.957	2,358.9	1.6	-0.42	-0.81	0.19	0.26
KOSC	12263M001	2020-07-07 05:00:00.0	54.12256	17.98158	211.129	180.957	2,352.1	1.2	-0.67	0.63	0.16	0.2
KOSC	12263M001	2020-07-07 05:30:00.0	54.12256	17.98158	211.129	180.957	2,347.8	1.4	-0.11	1.05	0.21	0.24
KOSC	12263M001	2020-07-07 06:00:00.0	54.12256	17.98158	211.123	180.951	2,344.2	1.4	-0.51	0.4	0.19	0.2
KOSC	12263M001	2020-07-07 06:30:00.0	54.12256	17.98158	211.123	180.951	2,349.7	1.4	-0.51	0.99	0.18	0.21
KOSC	12263M001	2020-07-07 07:00:00.0	54.12256	17.98158	211.13	180.958	2,347.6	1	-0.68	1.1	0.15	0.13
KOSC	12263M001	2020-07-07 07:30:00.0	54.12256	17.98158	211.13	180.958	2,343	1.2	-0.15	0.41	0.17	0.18
KOSC	12263M001	2020-07-07 08:00:00.0	54.12256	17.98158	211.132	180.96	2,345.5	1.2	0.06	-0.8	0.17	0.17
KOSC	12263M001	2020-07-07 08:30:00.0	54.12256	17.98158	211.132	180.96	2,345.4	1.3	-0.15	-0.23	0.15	0.18
KOSZ	12264M001	2020-07-07 04:00:00.0	54.20339	16.19772	123.175	90.104	2,371.6	1.3	-0.47	-0.06	0.14	0.16
KOSZ	12264M001	2020-07-07 04:30:00.0	54.20339	16.19772	123.175	90.104	2,373.3	1.5	-0.2	0.32	0.18	0.26
KOSZ	12264M001	2020-07-07 05:00:00.0	54.20339	16.19772	123.176	90.105	2,372.8	1.2	-1.01	0.21	0.16	0.2
KOSZ	12264M001	2020-07-07 05:30:00.0	54.20339	16.19772	123.176	90.105	2,362.7	1.5	-1.37	0.14	0.21	0.23
KOSZ	12264M001	2020-07-07 06:00:00.0	54.20339	16.19772	123.176	90.105	2,369.9	1.3	-1.61	0.07	0.18	0.17
KOSZ	12264M001	2020-07-07 06:30:00.0	54.20339	16.19772	123.176	90.105	2,373.5	1.4	-2.32	-0.5	0.22	0.21
KOSZ	12264M001	2020-07-07 07:00:00.0	54.20339	16.19772	123.183	90.112	2,368.8	1.3	-1.25	-0.28	0.19	0.16
KOSZ	12264M001	2020-07-07 07:30:00.0	54.20339	16.19772	123.183	90.112	2,365.8	1.3	-0.33	0.17	0.18	0.16
KOSZ	12264M001	2020-07-07 08:00:00.0	54.20339	16.19772	123.183	90.112	2,371.9	1.1	-0.67	-0.53	0.16	0.15
KOSZ	12264M001	2020-07-07 08:30:00.0	54.20339	16.19772	123.183	90.112	2,380.2	1.1	-0.23	-0.83	0.15	0.15
KRA1	12218M002	2020-07-07 05:00:00.0	50.06611	19.92047	267.132	227.048	2,374.8	1.8	-1.73	1.61	0.32	0.34
KRA1	12218M002	2020-07-07 05:30:00.0	50.06611	19.92047	267.132	227.048	2,375.4	1.7	-2.26	1.82	0.3	0.31
KRA1	12218M002	2020-07-07 06:00:00.0	50.06611	19.92047	267.118	227.034	2,375.6	1.4	-1.57	2.18	0.21	0.17
KRA1	12218M002	2020-07-07 06:30:00.0	50.06611	19.92047	267.118	227.034	2,370.6	1.4	-1.78	1.38	0.19	0.19
KRA1	12218M002	2020-07-07 07:00:00.0	50.06611	19.92047	267.119	227.035	2,364.1	1.1	-0.82	0.44	0.13	0.12
KRA1	12218M002	2020-07-07 07:30:00.0	50.06611	19.92047	267.119	227.035	2,365.5	1.3	-0.45	0.64	0.19	0.16
KRA1	12218M002	2020-07-07 08:00:00.0	50.06611	19.92047	267.124	227.04	2,357.3	1.4	-0.8	-0.42	0.2	0.19
KRA1	12218M002	2020-07-07 08:30:00.0	50.06611	19.92047	267.124	227.04	2,354.7	1.4	-0.81	-0.42	0.18	0.21
KRA2	NDNT-KRAK	2020-07-07 04:00:00.0	50.01092	19.90192	294.998	254.735	2,388.2	1.2	-1.78	0.87	0.13	0.14
KRA2	NDNT-KRAK	2020-07-07 04:30:00.0	50.01092	19.90192	294.998	254.735	2,384.2	1.4	-1.33	2.36	0.15	0.23
KRA2	NDNT-KRAK	2020-07-07 05:00:00.0	50.01092	19.90192	294.997	254.734	2,374.7	1.2	-0.92	0.79	0.15	0.17
KRA2	NDNT-KRAK	2020-07-07 05:30:00.0	50.01092	19.90192	294.997	254.734	2,375	1.4	-1.49	2.08	0.19	0.18
KRA2	NDNT-KRAK	2020-07-07 06:00:00.0	50.01092	19.90192	294.988	254.725	2,360	1.3	0.49	2.07	0.18	0.14
KRA2	NDNT-KRAK	2020-07-07 06:30:00.0	50.01092	19.90192	294.988	254.725	2,359.3	1.2	-0.77	0.26	0.17	0.17
KRA2	NDNT-KRAK	2020-07-07 07:00:00.0	50.01092	19.90192	294.991	254.728	2,358.9	1	-0.85	0.28	0.13	0.12
KRA2	NDNT-KRAK	2020-07-07 07:30:00.0	50.01092	19.90192	294.991	254.728	2,356.6	1.1	0.31	0.45	0.17	0.14
KRA2	NDNT-KRAK	2020-07-07 08:00:00.0	50.01092	19.90192	294.999	254.736	2,347.2	1	-1.21	-0.14	0.15	0.13
KRA2	NDNT-KRAK	2020-07-07 08:30:00.0	50.01092	19.90192	294.999	254.736	2,349.7	1	-0.45	0.16	0.12	0.13
KRAP	NDNT-KRAP	2020-07-07 04:00:00.0	50.49031	17.95681	221.306	180.329	2,371.9	1.3	-2.1	1.05	0.16	0.16
KRAP	NDNT-KRAP	2020-07-07 04:30:00.0	50.49031	17.95681	221.306	180.329	2,386.3	1.4	-0.08	0.17	0.17	0.25
KRAP	NDNT-KRAP	2020-07-07 05:00:00.0	50.49031	17.95681	221.317	180.34	2,369.8	1.2	0.3	-1.37	0.17	0.21
KRAP	NDNT-KRAP	2020-07-07 05:30:00.0	50.49031	17.95681	221.317	180.34	2,383.5	1.5	1.49	-0.78	0.25	0.26
KRAP	NDNT-KRAP	2020-07-07 06:00:00.0	50.49031	17.95681	221.33	180.353	2,385.6	1.5	-1.81	1.45	0.22	0.21
KRAP	NDNT-KRAP	2020-07-07 06:30:00.0	50.49031	17.95681	221.33	180.353	2,391	1.4	-0.88	0.88	0.19	0.21
KRAP	NDNT-KRAP	2020-07-07 07:00:00.0	50.49031	17.95681	221.336	180.359	2,373.4	1.2	-0.68	0.84	0.16	0.15
KRAP	NDNT-KRAP	2020-07-07 07:30:00.0	50.49031	17.95681	221.336	180.359	2,373.8	1.3	-0.21	-0.95	0.18	0.17
KRAP	NDNT-KRAP	2020-07-07 08:00:00.0	50.49031	17.95681	221.34	180.363	2,370.1	1.2	-0.52	-0.79	0.17	0.17
KRAP	NDNT-KRAP	2020-07-07 08:30:00.0	50.49031	17.95681	221.34	180.363	2,368.4	1.3	-0.64	-1.65	0.14	0.19
KRAW	12218M001	2020-07-07 04:00:00.0	50.06614	19.92047	267.131	227.047	2,386	1.5	-1.66	1.44	0.24	0.25
KRAW	12218M001	2020-07-07 04:30:00.0	50.06614	19.92047	267.131	227.047	2,377.5	1.6	-2.14	2.31	0.19	0.29
KRAW	12218M001	2020-07-07 05:00:00.0	50.06614	19.92047	267.126	227.042	2,373.3	1.2	-1.74	1.68	0.16	0.2
KRAW	12218M001	2020-07-07 05:30:00.0	50.06614	19.92047	267.126	227.042	2,373.1	1.6	-2.18	2	0.23	0.25
KRAW	12218M001	2020-07-07 06:00:00.0	50.06614	19.92047	267.121	227.037	2,367.6	1.3	-2	2.25	0.2	0.16
KRAW	12218M001	2020-07-07 06:30:00.0	50.06614	19.92047	267.121	227.037	2,364.6	1.3	-1.44	1.19	0.18	0.18
KRAW	12218M001	2020-07-07 07:00:00.0	50.06614	19.92047	267.121	227.037	2,360.7	1.1	-0.93	0.64	0.13	0.12
KRAW	12218M001	2020-07-07 07:30:00.0	50.06614	19.92047	267.121	227.037	2,364.2	1.2	-0.72	0.92	0.19	0.16
KRAW	12218M001	2020-07-07 08:00:00.0	50.06614	19.92047	267.125	227.041	2,352.9	1.3	-0.82	-0.62	0.2	0.19
KRAW	12218M001	2020-07-07 08:30:00.0	50.06614	19.92047	267.125	227.041	2,354.8	1.4	-1.11	-0.69	0.18	0.2
KROS	12265M001	2020-07-07 04:00:00.0	49.67875	21.77464	347.529	311.124	2,385	1.4	-1.02	0.19	0.14	0.16
KROS	12265M001	2020-07-07 04:30:00.0	49.67875	21.77464	347.529	311.124	2,384.4	1.6	-1.14	-0.53	0.17	0.25
KROS	12265M001	2020-07-07 05:00:00.0	49.67875	21.77464	347.529	311.124	2,388.6	1.3	-1.25	0.02	0.15	0.18
KROS	12265M001	2020-07-07 05:30:00.0	49.67875	21.77464	347.529	311.124	2,388.3	1.5	-0.83	0.27	0.2	0.2
KROS	12265M001	2020-07-07 06:00:00.0	49.67875	21.77464	347.535	311.13	2,386.4	1.3	-2.37	0.92	0.17	0.14
KROS	12265M001	2020-07-07 06:30:00.0	49.67875	21.77464	347.535	311.13	2,386.1	1.3	-1.7	0.71	0.16	0.17
KROS	12265M001	2020-07-07 07:00:00.0	49.67875	21.77464	347.534	311.129	2,381.6	1	-0.82	-0.02	0.11	0.1
KROS	12265M001	2020-07-07 07:30:00.0	49.67875	21.77464	347.534	311.129	2,381.5	1.2	-0.58	-0.02	0.16	0.16
KROS	12265M001	2020-07-07 08:00:00.0	49.67875	21.77464	347.543	311.138	2,384.3	1.2	-1.57	-0.66	0.17	0.17
KROS	12265M001	2020-07-07 08:30:00.0	49.67875	21.77464	347.543	311.138	2,379.5	1.3	-0.79	-0.34	0.13	0.18
KROT	12266M001	2020-07-07 04:00:00.0	51.69219	17.43719	186.251	148.453	2,376.3	1.2	-0.57	-0.68	0.16	0.16
KROT	12266M001	2020-07-07 04:30:00.0	51.69219	17.43719	186.251	148.453	2,373.4	1.4	-0.68	-0.65	0.17	0.24
KROT	12266M001	2020-07-07 05:00:00.0	51.69219	17.43719	186.249	148.451	2,381.4	1.3	-0.08	-0.01	0.17	0.21
KROT	12266M001	2020-07-07 05:30:00.0	51.69219	17.43719	186.249	148.451	2,382.2	1.5	0.14	-0.12	0.23	0.26
KROT	12266M001	2020-07-07 06:00:00.0	51.69219	17.43719	186.247	148.449	2,371.2	1.6	-0.53	-0.09	0.23	0.25
KROT	12266M001	2020-07-07 06:30:00.0	51.69219	17.43719	186.247	148.449	2,368.6	1.5	-0.64	-0.24	0.22	0.25
KROT	12266M001	2020-07-07 07:00:00.0	51.69219	17.43719	186.243	148.445	2,375.5	1.1	-0.28	0.36	0.17	0.14
KROT	12266M001	2020-07-07 07:30:00.0	51.69219	17.43719	186.243	148.445	2,373.7	1.1	-0.02	-0.07	0.2	0.16
KROT	12266M001	2020-07-07 08:00:00.0	51.69219	17.43719	186.247	148.449	2,370.1	1.2	-0.2	0.59	0.18	0.18
KROT	12266M001	2020-07-07 08:30:00.0	51.69219	17.43719	186.247	148.449	2,372.5	1.2	0.14	0.78	0.18	0.18
KUTN	12267M001	2020-07-07 04:00:00.0	52.22606	19.37497	159.849	127.72	2,385.7	1.4	-0.97	0.21	0.17	0.17
KUTN	12267M001	2020-07-07 04:30:00.0	52.22606	19.37497	159.849	127.72	2,379.4	1.6	-1.32	0.79	0.18	0.27
KUTN	12267M001	2020-07-07 05:00:00.0	52.22606	19.37497	159.847	127.718	2,381	1.2	-1.35	1.77	0.16	0.19
KUTN	12267M001	2020-07-07 05:30:00.0	52.22606	19.37497	159.847	127.718	2,381.2	1.4	-1.3	1.41	0.21	0.22
KUTN	12267M001	2020-07-07 06:00:00.0	52.22606	19.37497	159.845	127.716	2,383.9	1.2	-0.86	0.02	0.17	0.15
KUTN	12267M001	2020-07-07 06:30:00.0	52.22606	19.37497	159.845	127.716	2,384.7	1.2	-0.83	0.25	0.16	0.16
KUTN	12267M001	2020-07-07 07:00:00.0	52.22606	19.37497	159.848	127.719	2,381.6	1.2	-0.46	0.38	0.18	0.16
KUTN	12267M001	2020-07-07 07:30:00.0	52.22606	19.37497	159.848	127.719	2,377.9	1.3	-0.29	0.15	0.21	0.19
KUTN	12267M001	2020-07-07 08:00:00.0	52.22606	19.37497	159.845	127.716	2,369.8	1.1	-0.52	-0.67	0.17	0.16
KUTN	12267M001	2020-07-07 08:30:00.0	52.22606	19.37497	159.845	127.716	2,372.6	1.1	-0.87	0.01	0.14	0.17
LAN1	NDNT-LANC	2020-07-07 04:00:00.0	50.06586	22.22919	287.434	252.675	2,394.7	1.2	-1.08	1.54	0.11	0.12
LAN1	NDNT-LANC	2020-07-07 04:30:00.0	50.06586	22.22919	287.434	252.675	2,391.8	1.4	-1.46	0.23	0.14	0.21
LAN1	NDNT-LANC	2020-07-07 05:00:00.0	50.06586	22.22919	287.42	252.661	2,401.9	1.3	-1.15	0.95	0.16	0.19
LAN1	NDNT-LANC	2020-07-07 05:30:00.0	50.06586	22.22919	287.42	252.661	2,400.1	1.5	-0.29	0.1	0.23	0.24
LAN1	NDNT-LANC	2020-07-07 06:00:00.0	50.06586	22.22919	287.425	252.666	2,396.1	1.3	-0.51	0.3	0.17	0.15
LAN1	NDNT-LANC	2020-07-07 06:30:00.0	50.06586	22.22919	287.425	252.666	2,396.8	1.3	-1.07	0.21	0.16	0.17
LAN1	NDNT-LANC	2020-07-07 07:00:00.0	50.06586	22.22919	287.426	252.667	2,391.6	1	-0.73	0.33	0.11	0.1
LAN1	NDNT-LANC	2020-07-07 07:30:00.0	50.06586	22.22919	287.426	252.667	2,395.4	1.1	-0.43	-0.17	0.15	0.13
LAN1	NDNT-LANC	2020-07-07 08:00:00.0	50.06586	22.22919	287.423	252.664	2,392.6	1.2	-0.78	0.16	0.17	0.16
LAN1	NDNT-LANC	2020-07-07 08:30:00.0	50.06586	22.22919	287.423	252.664	2,397.9	1.2	-0.06	-0.5	0.13	0.16
LEGP	12268M001	2020-07-07 04:00:00.0	51.2	16.15497	181.334	139.951	2,378.1	1.3	-0.92	-0.26	0.16	0.16
LEGP	12268M001	2020-07-07 04:30:00.0	51.2	16.15497	181.334	139.951	2,376.3	1.4	-0.91	-0.2	0.18	0.25
LEGP	12268M001	2020-07-07 05:00:00.0	51.2	16.15497	181.337	139.954	2,374.4	1.4	-0.18	-1.1	0.18	0.21
LEGP	12268M001	2020-07-07 05:30:00.0	51.2	16.15497	181.337	139.954	2,376.5	1.6	0.22	-0.37	0.22	0.24
LEGP	12268M001	2020-07-07 06:00:00.0	51.2	16.15497	181.333	139.95	2,382.9	1.3	-0.47	-0.11	0.18	0.17
LEGP	12268M001	2020-07-07 06:30:00.0	51.2	16.15497	181.333	139.95	2,385.1	1.3	-0.52	0.36	0.18	0.19
LEGP	12268M001	2020-07-07 07:00:00.0	51.2	16.15497	181.334	139.951	2,386	1	-0.59	0.18	0.13	0.13
LEGP	12268M001	2020-07-07 07:30:00.0	51.2	16.15497	181.334	139.951	2,382.7	1.1	-0.68	-0.08	0.18	0.16
LEGP	12268M001	2020-07-07 08:00:00.0	51.2	16.15497	181.339	139.956	2,376.2	1.3	-0.71	0.13	0.2	0.18
LEGP	12268M001	2020-07-07 08:30:00.0	51.2	16.15497	181.339	139.956	2,377.4	1.4	-0.95	0.26	0.17	0.2
LELO	12269M001	2020-07-07 04:00:00.0	50.68289	19.62889	306.301	267.819	2,352	1.2	-1.75	2.52	0.14	0.14
LELO	12269M001	2020-07-07 04:30:00.0	50.68289	19.62889	306.301	267.819	2,351.2	1.2	-1.64	1.53	0.14	0.22
LELO	12269M001	2020-07-07 05:00:00.0	50.68289	19.62889	306.296	267.814	2,354.7	1.1	-0.88	1.21	0.15	0.18
LELO	12269M001	2020-07-07 05:30:00.0	50.68289	19.62889	306.296	267.814	2,352.2	1.4	-1.18	0.88	0.2	0.19
LELO	12269M001	2020-07-07 06:00:00.0	50.68289	19.62889	306.297	267.815	2,346.5	1.2	-1.12	1.23	0.17	0.15
LELO	12269M001	2020-07-07 06:30:00.0	50.68289	19.62889	306.297	267.815	2,341.5	1.2	-1	1.17	0.17	0.17
LELO	12269M001	2020-07-07 07:00:00.0	50.68289	19.62889	306.299	267.817	2,343.9	1.1	-0.45	0.69	0.12	0.12
LELO	12269M001	2020-07-07 07:30:00.0	50.68289	19.62889	306.299	267.817	2,343.2	1.1	-0.84	0.55	0.16	0.14
LELO	12269M001	2020-07-07 08:00:00.0	50.68289	19.62889	306.297	267.815	2,343.7	1.1	-0.04	-0.86	0.16	0.15
LELO	12269M001	2020-07-07 08:30:00.0	50.68289	19.62889	306.297	267.815	2,345.5	1.1	-0.2	-1.03	0.13	0.17
LES1	MUSE-LES1	2020-07-07 04:00:00.0	51.52717	16.14506	163.403	123.208	2,373.1	1.3	-0.07	0.18	0.17	0.17
LES1	MUSE-LES1	2020-07-07 04:30:00.0	51.52717	16.14506	163.403	123.208	2,372.7	1.5	0.16	0.16	0.18	0.26
LES1	MUSE-LES1	2020-07-07 05:00:00.0	51.52717	16.14506	163.403	123.208	2,381.1	1.4	0.15	-0.25	0.19	0.23
LES1	MUSE-LES1	2020-07-07 05:30:00.0	51.52717	16.14506	163.403	123.208	2,384.1	1.6	-0.17	0.34	0.23	0.27
LES1	MUSE-LES1	2020-07-07 06:00:00.0	51.52717	16.14506	163.401	123.206	2,379.3	1.4	0.31	0.27	0.21	0.23
LES1	MUSE-LES1	2020-07-07 06:30:00.0	51.52717	16.14506	163.401	123.206	2,380.8	1.3	-0.7	-0.12	0.19	0.22
LES1	MUSE-LES1	2020-07-07 07:00:00.0	51.52717	16.14506	163.39	123.195	2,383.6	1.1	-0.95	-0.35	0.18	0.16
LES1	MUSE-LES1	2020-07-07 07:30:00.0	51.52717	16.14506	163.39	123.195	2,385.9	1.2	-1.12	-0.07	0.2	0.18
LES1	MUSE-LES1	2020-07-07 08:00:00.0	51.52717	16.14506	163.403	123.208	2,386.4	1.4	-1.8	-0.67	0.21	0.2
LES1	MUSE-LES1	2020-07-07 08:30:00.0	51.52717	16.14506	163.403	123.208	2,384.4	1.5	-0.71	-0.05	0.22	0.22
LODZ	12226M001	2020-07-07 04:00:00.0	51.77872	19.45953	259.427	225.928	2,357.3	1.5	0.28	0.57	0.27	0.24
LODZ	12226M001	2020-07-07 04:30:00.0	51.77872	19.45953	259.427	225.928	2,361.2	1.5	0.12	0.57	0.19	0.28
LODZ	12226M001	2020-07-07 05:00:00.0	51.77872	19.45953	259.427	225.928	2,356.9	1.3	-0.55	0.64	0.16	0.19
LODZ	12226M001	2020-07-07 05:30:00.0	51.77872	19.45953	259.427	225.928	2,357	1.5	-0.81	0.56	0.21	0.21
LODZ	12226M001	2020-07-07 06:00:00.0	51.77872	19.45953	259.426	225.927	2,355.3	2.3	0	-0.47	0.4	0.44
LODZ	12226M001	2020-07-07 07:00:00.0	51.77872	19.45953	259.425	225.926	2,357.2	1.5	0.08	-0.33	0.25	0.17
LODZ	12226M001	2020-07-07 07:30:00.0	51.77872	19.45953	259.425	225.926	2,357.3	1.3	0.2	-0.56	0.2	0.19
LOMZ	12271M001	2020-07-07 04:00:00.0	53.174	22.08036	185.349	156.356	2,375.3	1.3	-1.29	0.83	0.14	0.15
LOMZ	12271M001	2020-07-07 04:30:00.0	53.174	22.08036	185.349	156.356	2,374.1	1.5	-1.42	0.81	0.17	0.24
LOMZ	12271M001	2020-07-07 05:00:00.0	53.174	22.08036	185.348	156.355	2,366.3	1.3	-1.3	0.82	0.16	0.19
LOMZ	12271M001	2020-07-07 05:30:00.0	53.174	22.08036	185.348	156.355	2,372	1.5	-1.5	0.59	0.2	0.18
LOMZ	12271M001	2020-07-07 06:00:00.0	53.174	22.08036	185.344	156.351	2,372.5	1.3	-1.67	1.25	0.19	0.17
LOMZ	12271M001	2020-07-07 06:30:00.0	53.174	22.08036	185.344	156.351	2,374.9	1.3	-1.41	1.7	0.19	0.18
LOMZ	12271M001	2020-07-07 07:00:00.0	53.174	22.08036	185.346	156.353	2,379.2	1.1	-0.72	1.91	0.17	0.14
LOMZ	12271M001	2020-07-07 07:30:00.0	53.174	22.08036	185.346	156.353	2,378.8	1.2	-0.62	2.13	0.18	0.16
LOMZ	12271M001	2020-07-07 08:00:00.0	53.174	22.08036	185.348	156.355	2,373.8	1.2	-0.58	2.47	0.18	0.18
LOMZ	12271M001	2020-07-07 08:30:00.0	53.174	22.08036	185.348	156.355	2,368.5	1.3	-0.66	3.19	0.16	0.2
LUBL	12272M001	2020-07-07 04:00:00.0	51.25086	22.55472	242.195	210.385	2,384.9	1.2	-1.53	-0.15	0.14	0.15
LUBL	12272M001	2020-07-07 04:30:00.0	51.25086	22.55472	242.195	210.385	2,382	1.4	-1.24	-0.72	0.17	0.27
LUBL	12272M001	2020-07-07 05:00:00.0	51.25086	22.55472	242.193	210.383	2,390.6	1.3	-1.02	-0.54	0.17	0.2
LUBL	12272M001	2020-07-07 05:30:00.0	51.25086	22.55472	242.193	210.383	2,397.3	1.5	-0.85	0.12	0.21	0.24
LUBL	12272M001	2020-07-07 06:00:00.0	51.25086	22.55472	242.189	210.379	2,398	1.3	-1.41	0.56	0.19	0.18
LUBL	12272M001	2020-07-07 06:30:00.0	51.25086	22.55472	242.189	210.379	2,393.4	1.4	-1.55	-0.68	0.18	0.19
LUBL	12272M001	2020-07-07 07:00:00.0	51.25086	22.55472	242.189	210.379	2,392.9	1	-1.14	0.51	0.13	0.11
LUBL	12272M001	2020-07-07 07:30:00.0	51.25086	22.55472	242.189	210.379	2,399.6	1.2	-0.66	0.39	0.16	0.16
LUBL	12272M001	2020-07-07 08:00:00.0	51.25086	22.55472	242.186	210.376	2,400.5	1.5	-0.24	0.73	0.21	0.22
LUBL	12272M001	2020-07-07 08:30:00.0	51.25086	22.55472	242.186	210.376	2,402.3	1.5	-0.44	0.6	0.19	0.24
MET3	10503M010	2020-07-07 04:00:00.0	60.21744	24.3945	79.198	60.431	2,389.4	2.3	-0.59	0.54	0.38	0.31
MET3	10503M010	2020-07-07 04:30:00.0	60.21744	24.3945	79.198	60.431	2,386.9	2.6	-0.93	0.39	0.34	0.34
MET3	10503M010	2020-07-07 05:00:00.0	60.21744	24.3945	79.199	60.432	2,387.2	2.2	-0.97	1.17	0.28	0.26
MET3	10503M010	2020-07-07 05:30:00.0	60.21744	24.3945	79.199	60.432	2,387.8	2.3	-1.25	1.3	0.3	0.31
MET3	10503M010	2020-07-07 06:00:00.0	60.21744	24.3945	79.213	60.446	2,393.4	1.6	-1.76	-0.14	0.21	0.18
MET3	10503M010	2020-07-07 06:30:00.0	60.21744	24.3945	79.213	60.446	2,395.6	1.7	-1.68	0.67	0.22	0.18
MET3	10503M010	2020-07-07 07:00:00.0	60.21744	24.3945	79.202	60.435	2,397.9	1.2	-0.35	1.61	0.21	0.12
MET3	10503M010	2020-07-07 07:30:00.0	60.21744	24.3945	79.202	60.435	2,396.2	1.4	0.01	0.76	0.19	0.14
MET3	10503M010	2020-07-07 08:00:00.0	60.21744	24.3945	79.2	60.433	2,389.9	1.4	-0.16	0.9	0.2	0.17
MET3	10503M010	2020-07-07 08:30:00.0	60.21744	24.3945	79.2	60.433	2,387.4	1.5	-0.33	0.46	0.21	0.19
MIEL	18967M001	2020-07-07 04:00:00.0	50.29119	21.438	224.542	188.517	2,413.4	1.2	-1.27	0.58	0.14	0.15
MIEL	18967M001	2020-07-07 04:30:00.0	50.29119	21.438	224.542	188.517	2,411.4	1.4	-1.52	1.04	0.19	0.25
MIEL	18967M001	2020-07-07 05:00:00.0	50.29119	21.438	224.543	188.518	2,411.6	1.2	-1.35	0.9	0.17	0.21
MIEL	18967M001	2020-07-07 05:30:00.0	50.29119	21.438	224.543	188.518	2,407.6	1.5	-1.03	0.48	0.25	0.28
MIEL	18967M001	2020-07-07 06:00:00.0	50.29119	21.438	224.543	188.518	2,404.6	1.3	-1.57	0.69	0.18	0.16
MIEL	18967M001	2020-07-07 06:30:00.0	50.29119	21.438	224.543	188.518	2,405.8	1.3	-1.52	1.1	0.18	0.18
MIEL	18967M001	2020-07-07 07:00:00.0	50.29119	21.438	224.541	188.516	2,406.7	1	-1.18	1.26	0.13	0.13
MIEL	18967M001	2020-07-07 07:30:00.0	50.29119	21.438	224.541	188.516	2,406.3	1.6	-0.82	1.31	0.23	0.23
MIEL	18967M001	2020-07-07 08:00:00.0	50.29119	21.438	224.549	188.524	2,403.5	1.4	-1.17	-0.09	0.22	0.22
MIEL	18967M001	2020-07-07 08:30:00.0	50.29119	21.438	224.549	188.524	2,402.3	1.5	-0.9	0.94	0.18	0.23
MIEW	NDNT-MIEW	2020-07-07 04:00:00.0	50.36228	20.04022	336.596	297.6	2,360	1.1	-1.43	0.83	0.14	0.13
MIEW	NDNT-MIEW	2020-07-07 04:30:00.0	50.36228	20.04022	336.596	297.6	2,357.2	1.2	-1.77	3.07	0.13	0.22
MIEW	NDNT-MIEW	2020-07-07 05:00:00.0	50.36228	20.04022	336.588	297.592	2,353.3	1.3	-1.19	1.77	0.17	0.18
MIEW	NDNT-MIEW	2020-07-07 05:30:00.0	50.36228	20.04022	336.588	297.592	2,348.6	1.4	-1.22	1.63	0.2	0.18
MIEW	NDNT-MIEW	2020-07-07 06:00:00.0	50.36228	20.04022	336.594	297.598	2,340.5	1.2	-0.72	1.55	0.18	0.14
MIEW	NDNT-MIEW	2020-07-07 06:30:00.0	50.36228	20.04022	336.594	297.598	2,343.1	1.2	0.08	1.17	0.17	0.17
MIEW	NDNT-MIEW	2020-07-07 07:00:00.0	50.36228	20.04022	336.598	297.602	2,344	1.1	-0.39	1.02	0.13	0.12
MIEW	NDNT-MIEW	2020-07-07 07:30:00.0	50.36228	20.04022	336.598	297.602	2,338.7	1.1	-0.81	1.15	0.17	0.14
MIEW	NDNT-MIEW	2020-07-07 08:00:00.0	50.36228	20.04022	336.591	297.595	2,335.9	1.1	-0.3	0.3	0.18	0.15
MIEW	NDNT-MIEW	2020-07-07 08:30:00.0	50.36228	20.04022	336.591	297.595	2,335.8	1.1	0.17	-0.39	0.16	0.16
MIKL	12335M001	2020-07-07 04:00:00.0	46.97278	31.97283	93.961	68.57	2,426.3	1.7	-0.17	-1.08	0.21	0.27
MIKL	12335M001	2020-07-07 04:30:00.0	46.97278	31.97283	93.961	68.57	2,421.2	1.6	0.3	-1.21	0.18	0.28
MIKL	12335M001	2020-07-07 05:00:00.0	46.97278	31.97283	93.944	68.553	2,423	1.4	0.33	-0.7	0.15	0.19
MIKL	12335M001	2020-07-07 05:30:00.0	46.97278	31.97283	93.944	68.553	2,430.5	1.6	0.49	-1.13	0.25	0.23
MIKL	12335M001	2020-07-07 06:00:00.0	46.97278	31.97283	93.942	68.551	2,437.3	1.4	0.18	-1.03	0.18	0.14
MIKL	12335M001	2020-07-07 06:30:00.0	46.97278	31.97283	93.942	68.551	2,435.5	1.4	0.84	-1.32	0.19	0.14
MIKL	12335M001	2020-07-07 07:00:00.0	46.97278	31.97283	93.945	68.554	2,430.1	1.1	1.76	-1.12	0.15	0.12
MIKL	12335M001	2020-07-07 07:30:00.0	46.97278	31.97283	93.945	68.554	2,438.7	1.3	1.12	-0.75	0.17	0.13
MIKL	12335M001	2020-07-07 08:00:00.0	46.97278	31.97283	93.945	68.554	2,435	1.3	0.88	-0.12	0.19	0.18
MIKL	12335M001	2020-07-07 08:30:00.0	46.97278	31.97283	93.945	68.554	2,430.4	1.3	-0.13	-0.87	0.2	0.21
MIMA	12273M001	2020-07-07 04:00:00.0	52.18131	21.55925	200.737	170.146	2,378.6	1.4	-1.12	0.17	0.16	0.18
MIMA	12273M001	2020-07-07 04:30:00.0	52.18131	21.55925	200.737	170.146	2,375.6	1.6	-1.14	-0.25	0.2	0.27
MIMA	12273M001	2020-07-07 05:00:00.0	52.18131	21.55925	200.739	170.148	2,382.2	1.4	-1.18	0.36	0.19	0.23
MIMA	12273M001	2020-07-07 05:30:00.0	52.18131	21.55925	200.739	170.148	2,381.6	1.6	-0.77	0.29	0.24	0.26
MIMA	12273M001	2020-07-07 06:00:00.0	52.18131	21.55925	200.734	170.143	2,383.9	1.3	-1.4	1.38	0.19	0.17
MIMA	12273M001	2020-07-07 06:30:00.0	52.18131	21.55925	200.734	170.143	2,384	1.3	-1.35	0.84	0.19	0.19
MIMA	12273M001	2020-07-07 07:00:00.0	52.18131	21.55925	200.73	170.139	2,380.5	1	-1.11	2.28	0.14	0.11
MIMA	12273M001	2020-07-07 07:30:00.0	52.18131	21.55925	200.73	170.139	2,378.8	1.1	-0.9	2.56	0.16	0.14
MIMA	12273M001	2020-07-07 08:00:00.0	52.18131	21.55925	200.73	170.139	2,374.7	1.1	-1.03	2.46	0.17	0.17
MIMA	12273M001	2020-07-07 08:30:00.0	52.18131	21.55925	200.73	170.139	2,367.6	1.1	-1.17	1.79	0.14	0.17
MLCN	12274M001	2020-07-07 04:00:00.0	50.06589	21.97169	271.993	236.824	2,397.2	1.3	-1.44	0.65	0.14	0.16
MLCN	12274M001	2020-07-07 04:30:00.0	50.06589	21.97169	271.993	236.824	2,394.9	1.5	-1.24	0.14	0.18	0.28
MLCN	12274M001	2020-07-07 05:00:00.0	50.06589	21.97169	271.992	236.823	2,399.7	1.3	-0.7	-1.39	0.17	0.22
MLCN	12274M001	2020-07-07 05:30:00.0	50.06589	21.97169	271.992	236.823	2,405.6	1.6	-1.22	-0.54	0.25	0.29
MLCN	12274M001	2020-07-07 06:00:00.0	50.06589	21.97169	271.996	236.827	2,403.9	1.3	-1.81	0.54	0.18	0.16
MLCN	12274M001	2020-07-07 06:30:00.0	50.06589	21.97169	271.996	236.827	2,397.7	1.3	-1.54	0.58	0.17	0.19
MLCN	12274M001	2020-07-07 07:00:00.0	50.06589	21.97169	271.989	236.82	2,398.7	1.1	-0.84	0.21	0.11	0.15
MLCN	12274M001	2020-07-07 07:30:00.0	50.06589	21.97169	271.989	236.82	2,400.4	1.4	-1.01	0.36	0.18	0.2
MLCN	12274M001	2020-07-07 08:00:00.0	50.06589	21.97169	271.994	236.825	2,396.2	1.2	-0.99	0.71	0.17	0.17
MLCN	12274M001	2020-07-07 08:30:00.0	50.06589	21.97169	271.994	236.825	2,397.9	1.3	-0.15	0.55	0.14	0.19
MSZA	NDNT-MSZA	2020-07-07 04:00:00.0	49.67928	20.07031	440.915	400.341	2,361.4	1.3	-1.58	0.11	0.14	0.15
MSZA	NDNT-MSZA	2020-07-07 04:30:00.0	49.67928	20.07031	440.915	400.341	2,356.9	1.5	-1.27	0.37	0.17	0.24
MSZA	NDNT-MSZA	2020-07-07 05:00:00.0	49.67928	20.07031	440.91	400.336	2,349.5	1.3	-2.08	2.71	0.15	0.19
MSZA	NDNT-MSZA	2020-07-07 05:30:00.0	49.67928	20.07031	440.91	400.336	2,341.7	1.5	-2.02	3.33	0.2	0.2
MSZA	NDNT-MSZA	2020-07-07 06:00:00.0	49.67928	20.07031	440.905	400.331	2,337.6	1.3	-1.95	3.34	0.2	0.15
MSZA	NDNT-MSZA	2020-07-07 06:30:00.0	49.67928	20.07031	440.905	400.331	2,321.3	1.4	-1.6	2.06	0.24	0.19
MSZA	NDNT-MSZA	2020-07-07 07:00:00.0	49.67928	20.07031	440.91	400.336	2,317.9	1.1	-0.61	0.8	0.15	0.13
MSZA	NDNT-MSZA	2020-07-07 07:30:00.0	49.67928	20.07031	440.91	400.336	2,321.1	1.3	-0.97	0.14	0.2	0.15
MSZA	NDNT-MSZA	2020-07-07 08:00:00.0	49.67928	20.07031	440.906	400.332	2,312.3	1.3	0.28	0.38	0.19	0.17
MSZA	NDNT-MSZA	2020-07-07 08:30:00.0	49.67928	20.07031	440.906	400.332	2,304.7	1.2	0.11	0.64	0.16	0.17
MYSZ	12275M001	2020-07-07 04:00:00.0	53.38653	21.34358	169.317	139.452	2,369.4	1.3	-1.91	0.6	0.14	0.15
MYSZ	12275M001	2020-07-07 04:30:00.0	53.38653	21.34358	169.317	139.452	2,372.6	1.5	-1.45	0.07	0.17	0.23
MYSZ	12275M001	2020-07-07 05:00:00.0	53.38653	21.34358	169.317	139.452	2,372.3	1.1	-1.29	1.26	0.13	0.15
MYSZ	12275M001	2020-07-07 05:30:00.0	53.38653	21.34358	169.317	139.452	2,377.7	1.2	-1.25	1.25	0.15	0.14
MYSZ	12275M001	2020-07-07 06:00:00.0	53.38653	21.34358	169.314	139.449	2,377.1	1.3	-0.86	0.59	0.19	0.17
MYSZ	12275M001	2020-07-07 06:30:00.0	53.38653	21.34358	169.314	139.449	2,377.3	1.3	-0.72	0.36	0.18	0.18
MYSZ	12275M001	2020-07-07 07:00:00.0	53.38653	21.34358	169.319	139.454	2,382.7	1.1	0.07	1.08	0.16	0.14
MYSZ	12275M001	2020-07-07 07:30:00.0	53.38653	21.34358	169.319	139.454	2,376.2	1.2	0.07	1.37	0.17	0.16
MYSZ	12275M001	2020-07-07 08:00:00.0	53.38653	21.34358	169.319	139.454	2,367.7	1.2	-0.6	0.28	0.17	0.17
MYSZ	12275M001	2020-07-07 08:30:00.0	53.38653	21.34358	169.319	139.454	2,367.3	1.3	-0.32	0.61	0.15	0.19
NODW	12276M001	2020-07-07 04:00:00.0	52.43108	20.71058	125.698	94.461	2,399.2	1.1	-1.15	0.54	0.12	0.13
NODW	12276M001	2020-07-07 04:30:00.0	52.43108	20.71058	125.698	94.461	2,400.2	1.3	-1.12	0.92	0.15	0.21
NODW	12276M001	2020-07-07 05:00:00.0	52.43108	20.71058	125.702	94.465	2,399	1.1	-1.41	1.16	0.14	0.16
NODW	12276M001	2020-07-07 05:30:00.0	52.43108	20.71058	125.702	94.465	2,397.3	1.3	-1.09	1.08	0.16	0.16
NODW	12276M001	2020-07-07 06:00:00.0	52.43108	20.71058	125.698	94.461	2,392.7	1.1	-1.64	1.45	0.15	0.12
NODW	12276M001	2020-07-07 06:30:00.0	52.43108	20.71058	125.698	94.461	2,388.2	1.1	-1.65	1.5	0.14	0.14
NODW	12276M001	2020-07-07 07:00:00.0	52.43108	20.71058	125.697	94.46	2,386.8	0.9	-1.14	1.72	0.11	0.09
NODW	12276M001	2020-07-07 07:30:00.0	52.43108	20.71058	125.697	94.46	2,387.2	0.9	-0.55	0.74	0.13	0.12
NODW	12276M001	2020-07-07 08:00:00.0	52.43108	20.71058	125.697	94.46	2,384.9	1.1	-0.41	0.25	0.17	0.17
NODW	12276M001	2020-07-07 08:30:00.0	52.43108	20.71058	125.697	94.46	2,386.8	1.1	-1.09	0.43	0.14	0.16
NTML	12277M001	2020-07-07 04:00:00.0	52.32081	16.11803	126.612	89.805	2,378.8	1.3	-0.57	-0.35	0.15	0.16
NTML	12277M001	2020-07-07 04:30:00.0	52.32081	16.11803	126.612	89.805	2,384.5	1.4	-0.56	-0.5	0.17	0.27
NTML	12277M001	2020-07-07 05:00:00.0	52.32081	16.11803	126.613	89.806	2,379.3	1.3	-0.53	-0.61	0.17	0.21
NTML	12277M001	2020-07-07 05:30:00.0	52.32081	16.11803	126.613	89.806	2,384.7	1.5	-0.79	-0.85	0.21	0.23
NTML	12277M001	2020-07-07 06:00:00.0	52.32081	16.11803	126.617	89.81	2,382.7	1.3	-1.11	-0.49	0.18	0.18
NTML	12277M001	2020-07-07 06:30:00.0	52.32081	16.11803	126.617	89.81	2,388.2	1.3	-0.64	-1.09	0.18	0.2
NTML	12277M001	2020-07-07 07:00:00.0	52.32081	16.11803	126.621	89.814	2,384.1	1	-0.42	0.15	0.16	0.13
NTML	12277M001	2020-07-07 07:30:00.0	52.32081	16.11803	126.621	89.814	2,385.8	1	-0.94	0.08	0.16	0.14
NTML	12277M001	2020-07-07 08:00:00.0	52.32081	16.11803	126.628	89.821	2,378	1.4	-0.56	1.15	0.19	0.19
NTML	12277M001	2020-07-07 08:30:00.0	52.32081	16.11803	126.628	89.821	2,377.2	1.4	-0.23	0.24	0.17	0.2
NWSA	NDNT-NWSA	2020-07-07 04:00:00.0	49.63017	20.70711	338.709	299.649	2,384.1	1.2	-1.16	0.39	0.13	0.15
NWSA	NDNT-NWSA	2020-07-07 04:30:00.0	49.63017	20.70711	338.709	299.649	2,383.4	1.3	-1.36	0.12	0.14	0.22
NWSA	NDNT-NWSA	2020-07-07 05:00:00.0	49.63017	20.70711	338.712	299.652	2,381.5	1.2	-1.43	0.81	0.15	0.17
NWSA	NDNT-NWSA	2020-07-07 05:30:00.0	49.63017	20.70711	338.712	299.652	2,383.7	1.5	-1	0.7	0.2	0.19
NWSA	NDNT-NWSA	2020-07-07 06:00:00.0	49.63017	20.70711	338.704	299.644	2,376.7	1.3	-1.27	1.33	0.18	0.14
NWSA	NDNT-NWSA	2020-07-07 06:30:00.0	49.63017	20.70711	338.704	299.644	2,383.4	1.3	-1.71	2.18	0.18	0.17
NWSA	NDNT-NWSA	2020-07-07 07:00:00.0	49.63017	20.70711	338.705	299.645	2,364.2	1	-0.94	3.5	0.13	0.12
NWSA	NDNT-NWSA	2020-07-07 07:30:00.0	49.63017	20.70711	338.705	299.645	2,360.4	1.2	-0.69	3.96	0.18	0.16
NWSA	NDNT-NWSA	2020-07-07 08:00:00.0	49.63017	20.70711	338.703	299.643	2,340.9	1.3	-0.28	0.83	0.2	0.17
NWSA	NDNT-NWSA	2020-07-07 08:30:00.0	49.63017	20.70711	338.703	299.643	2,342.1	1.2	-0.3	0.41	0.16	0.17
NWSC	12231M001	2020-07-07 04:00:00.0	49.61844	20.69003	334.752	295.599	2,380.8	1.2	-1.03	0.64	0.15	0.16
NWSC	12231M001	2020-07-07 04:30:00.0	49.61844	20.69003	334.752	295.599	2,388.1	1.4	-0.75	-0.09	0.17	0.27
NWSC	12231M001	2020-07-07 05:00:00.0	49.61844	20.69003	334.753	295.6	2,381	1.2	-1.26	0.25	0.15	0.18
NWSC	12231M001	2020-07-07 05:30:00.0	49.61844	20.69003	334.753	295.6	2,381.8	1.5	-0.84	1.27	0.21	0.2
NWSC	12231M001	2020-07-07 06:00:00.0	49.61844	20.69003	334.75	295.597	2,368.2	1.3	-0.18	1	0.18	0.14
NWSC	12231M001	2020-07-07 06:30:00.0	49.61844	20.69003	334.75	295.597	2,375	1.3	-1.42	2.19	0.18	0.18
NWSC	12231M001	2020-07-07 07:00:00.0	49.61844	20.69003	334.754	295.601	2,367.1	1	-0.12	3.64	0.14	0.12
NWSC	12231M001	2020-07-07 07:30:00.0	49.61844	20.69003	334.754	295.601	2,362.2	1.3	-0.8	4.06	0.21	0.17
NWSC	12231M001	2020-07-07 08:00:00.0	49.61844	20.69003	334.755	295.602	2,339.2	1.3	-0.7	1.12	0.2	0.18
NWSC	12231M001	2020-07-07 08:30:00.0	49.61844	20.69003	334.755	295.602	2,341.1	1.3	-0.31	0.15	0.17	0.19
NWT1	12232M002	2020-07-07 04:00:00.0	49.47819	20.03444	654.924	613.668	2,293.5	1.2	-1.13	-0.16	0.13	0.15
NWT1	12232M002	2020-07-07 04:30:00.0	49.47819	20.03444	654.924	613.668	2,286.9	1.3	-1.66	0.55	0.15	0.23
NWT1	12232M002	2020-07-07 05:00:00.0	49.47819	20.03444	654.926	613.67	2,286.9	1.2	-1.15	-0.01	0.15	0.17
NWT1	12232M002	2020-07-07 05:30:00.0	49.47819	20.03444	654.926	613.67	2,272.1	1.5	-1.05	1.48	0.2	0.19
NWT1	12232M002	2020-07-07 06:00:00.0	49.47819	20.03444	654.93	613.674	2,264.5	1.3	-2.2	3.52	0.18	0.15
NWT1	12232M002	2020-07-07 06:30:00.0	49.47819	20.03444	654.93	613.674	2,256.6	1.3	-1.49	1.36	0.18	0.18
NWT1	12232M002	2020-07-07 07:00:00.0	49.47819	20.03444	654.922	613.666	2,252.3	1.1	-0.66	0.93	0.13	0.12
NWT1	12232M002	2020-07-07 07:30:00.0	49.47819	20.03444	654.922	613.666	2,252.9	1.2	-0.45	1.05	0.17	0.14
NWT1	12232M002	2020-07-07 08:00:00.0	49.47819	20.03444	654.92	613.664	2,248.7	1.3	-0.95	-0.06	0.2	0.18
NWT1	12232M002	2020-07-07 08:30:00.0	49.47819	20.03444	654.92	613.664	2,247.7	1.4	-0.04	-0.33	0.17	0.21
NYSA	12278M001	2020-07-07 04:00:00.0	50.47769	17.33375	250.608	208.678	2,358.6	1.3	-0.42	-0.03	0.15	0.16
NYSA	12278M001	2020-07-07 04:30:00.0	50.47769	17.33375	250.608	208.678	2,364.4	1.4	-1.16	0.31	0.16	0.24
NYSA	12278M001	2020-07-07 05:00:00.0	50.47769	17.33375	250.609	208.679	2,371.3	1.2	-1.09	0.34	0.16	0.21
NYSA	12278M001	2020-07-07 05:30:00.0	50.47769	17.33375	250.609	208.679	2,370	1.5	-1.14	0.67	0.22	0.25
NYSA	12278M001	2020-07-07 06:00:00.0	50.47769	17.33375	250.608	208.678	2,365.4	1.4	-1.22	0.53	0.19	0.18
NYSA	12278M001	2020-07-07 06:30:00.0	50.47769	17.33375	250.608	208.678	2,363	1.4	-1.4	0.25	0.18	0.2
NYSA	12278M001	2020-07-07 07:00:00.0	50.47769	17.33375	250.608	208.678	2,362.3	1.3	-1.09	-0.01	0.15	0.16
NYSA	12278M001	2020-07-07 07:30:00.0	50.47769	17.33375	250.608	208.678	2,360.3	1.4	-0.92	0.22	0.19	0.19
NYSA	12278M001	2020-07-07 08:00:00.0	50.47769	17.33375	250.604	208.674	2,353.8	1.3	-0.66	-0.53	0.18	0.18
NYSA	12278M001	2020-07-07 08:30:00.0	50.47769	17.33375	250.604	208.674	2,357.8	1.2	-0.68	-0.58	0.15	0.18
NYSN	NDNT-NYSN	2020-07-07 04:00:00.0	50.45656	17.34097	241.559	199.557	2,368.5	1.4	-0.14	-0.24	0.18	0.24
NYSN	NDNT-NYSN	2020-07-07 04:30:00.0	50.45656	17.34097	241.559	199.557	2,374.4	1.5	-0.28	0	0.18	0.31
NYSN	NDNT-NYSN	2020-07-07 05:00:00.0	50.45656	17.34097	241.559	199.557	2,373.3	1.3	-0.63	1.12	0.17	0.22
NYSN	NDNT-NYSN	2020-07-07 05:30:00.0	50.45656	17.34097	241.559	199.557	2,373	1.5	-0.14	0.68	0.23	0.25
NYSN	NDNT-NYSN	2020-07-07 06:00:00.0	50.45656	17.34097	241.556	199.554	2,372.3	1.4	-0.86	0.37	0.2	0.2
NYSN	NDNT-NYSN	2020-07-07 06:30:00.0	50.45656	17.34097	241.556	199.554	2,373.8	1.4	-0.94	0.2	0.2	0.22
NYSN	NDNT-NYSN	2020-07-07 07:00:00.0	50.45656	17.34097	241.563	199.561	2,367.1	1.4	-0.45	0.31	0.21	0.19
NYSN	NDNT-NYSN	2020-07-07 07:30:00.0	50.45656	17.34097	241.563	199.561	2,367.1	1.5	-0.62	-0.21	0.22	0.21
NYSN	NDNT-NYSN	2020-07-07 08:00:00.0	50.45656	17.34097	241.559	199.557	2,363.6	1.4	0.36	-0.7	0.19	0.2
NYSN	NDNT-NYSN	2020-07-07 08:30:00.0	50.45656	17.34097	241.559	199.557	2,362.7	1.6	0.09	-0.5	0.18	0.24
OPLE	12283M001	2020-07-07 04:00:00.0	50.66761	17.91936	225.905	185.454	2,371.9	1.3	-0.98	0.42	0.15	0.15
OPLE	12283M001	2020-07-07 04:30:00.0	50.66761	17.91936	225.905	185.454	2,371.7	1.4	-1.24	0.14	0.17	0.25
OPLE	12283M001	2020-07-07 05:00:00.0	50.66761	17.91936	225.904	185.453	2,374.6	1.2	-0.58	0.14	0.16	0.21
OPLE	12283M001	2020-07-07 05:30:00.0	50.66761	17.91936	225.904	185.453	2,375.3	1.5	-0.59	-0.03	0.23	0.26
OPLE	12283M001	2020-07-07 06:00:00.0	50.66761	17.91936	225.9	185.449	2,375.9	1.4	-1.29	0.22	0.19	0.17
OPLE	12283M001	2020-07-07 06:30:00.0	50.66761	17.91936	225.9	185.449	2,371.1	1.4	-1.46	0.56	0.18	0.2
OPLE	12283M001	2020-07-07 07:00:00.0	50.66761	17.91936	225.905	185.454	2,368.1	1.2	-0.91	0.33	0.15	0.15
OPLE	12283M001	2020-07-07 07:30:00.0	50.66761	17.91936	225.905	185.454	2,364.8	1.3	-0.87	0.8	0.18	0.16
OPLE	12283M001	2020-07-07 08:00:00.0	50.66761	17.91936	225.899	185.448	2,363.8	1.2	-0.79	0	0.17	0.17
OPLE	12283M001	2020-07-07 08:30:00.0	50.66761	17.91936	225.899	185.448	2,362.1	1.2	-0.74	-0.4	0.14	0.18
OPNT	12203M003	2020-07-07 04:00:00.0	53.76369	20.51817	171.851	142.082	2,369.4	1.5	-0.08	0.18	0.23	0.2
OPNT	12203M003	2020-07-07 04:30:00.0	53.76369	20.51817	171.851	142.082	2,375.8	1.8	0.2	-0.05	0.28	0.33
OPNT	12203M003	2020-07-07 05:00:00.0	53.76369	20.51817	171.853	142.084	2,380.1	1.3	0.18	-0.07	0.24	0.28
OPNT	12203M003	2020-07-07 05:30:00.0	53.76369	20.51817	171.853	142.084	2,378.9	1.5	0.24	-0.6	0.27	0.32
OPNT	12203M003	2020-07-07 06:00:00.0	53.76369	20.51817	171.85	142.081	2,376.3	1.5	-0.42	0.06	0.22	0.31
OPNT	12203M003	2020-07-07 06:30:00.0	53.76369	20.51817	171.85	142.081	2,370.9	1.5	-0.89	-0.07	0.19	0.38
OPNT	12203M003	2020-07-07 07:00:00.0	53.76369	20.51817	171.845	142.076	2,369	1.6	-0.46	-0.14	0.2	0.3
OPNT	12203M003	2020-07-07 07:30:00.0	53.76369	20.51817	171.845	142.076	2,371.4	1.9	-0.24	-0.17	0.22	0.35
OPNT	12203M003	2020-07-07 08:00:00.0	53.76369	20.51817	171.842	142.073	2,369.9	1.4	-1	-0.2	0.26	0.25
OPNT	12203M003	2020-07-07 08:30:00.0	53.76369	20.51817	171.842	142.073	2,373.5	1.7	-1.41	0.01	0.32	0.29
OSMZ	12285M001	2020-07-07 04:00:00.0	52.80078	21.89169	166.302	137.107	2,388.9	1.3	0.68	0.59	0.15	0.16
OSMZ	12285M001	2020-07-07 04:30:00.0	52.80078	21.89169	166.302	137.107	2,395.3	1.6	-0.61	1.11	0.19	0.26
OSMZ	12285M001	2020-07-07 05:00:00.0	52.80078	21.89169	166.303	137.108	2,389.7	1.4	-0.16	-0.02	0.2	0.23
OSMZ	12285M001	2020-07-07 05:30:00.0	52.80078	21.89169	166.303	137.108	2,388.2	1.6	-0.26	-1.19	0.24	0.26
OSMZ	12285M001	2020-07-07 06:00:00.0	52.80078	21.89169	166.282	137.087	2,384.5	1.3	-0.42	1.29	0.2	0.18
OSMZ	12285M001	2020-07-07 06:30:00.0	52.80078	21.89169	166.282	137.087	2,388.2	1.4	-0.43	1.87	0.19	0.19
OSMZ	12285M001	2020-07-07 07:00:00.0	52.80078	21.89169	166.319	137.124	2,382.2	1.2	-0.37	1.57	0.17	0.14
OSMZ	12285M001	2020-07-07 07:30:00.0	52.80078	21.89169	166.319	137.124	2,380.7	1.3	-0.24	1.79	0.18	0.18
OSMZ	12285M001	2020-07-07 08:00:00.0	52.80078	21.89169	166.327	137.132	2,370.3	1.2	-1.39	4.7	0.18	0.18
OSMZ	12285M001	2020-07-07 08:30:00.0	52.80078	21.89169	166.327	137.132	2,364.6	1.4	-0.25	4.48	0.16	0.21
OST3	NDNT-OSTR	2020-07-07 04:00:00.0	50.94231	21.38969	237.656	202.366	2,391.5	1.2	-1.75	2.28	0.13	0.14
OST3	NDNT-OSTR	2020-07-07 04:30:00.0	50.94231	21.38969	237.656	202.366	2,387	1.3	-1.57	1.26	0.15	0.23
OST3	NDNT-OSTR	2020-07-07 05:00:00.0	50.94231	21.38969	237.662	202.372	2,389.5	1.2	-1.15	1.04	0.15	0.18
OST3	NDNT-OSTR	2020-07-07 05:30:00.0	50.94231	21.38969	237.662	202.372	2,393.6	1.4	-2.1	1.12	0.21	0.21
OST3	NDNT-OSTR	2020-07-07 06:00:00.0	50.94231	21.38969	237.665	202.375	2,389	1.3	-0.84	0.95	0.17	0.15
OST3	NDNT-OSTR	2020-07-07 06:30:00.0	50.94231	21.38969	237.665	202.375	2,393.7	1.3	-0.87	1.48	0.17	0.17
OST3	NDNT-OSTR	2020-07-07 07:00:00.0	50.94231	21.38969	237.664	202.374	2,388.3	1	-0.78	2.55	0.12	0.12
OST3	NDNT-OSTR	2020-07-07 07:30:00.0	50.94231	21.38969	237.664	202.374	2,386.7	1.1	-0.96	2.63	0.16	0.14
OST3	NDNT-OSTR	2020-07-07 08:00:00.0	50.94231	21.38969	237.656	202.366	2,383.8	1.3	-0.32	2.67	0.2	0.17
OST3	NDNT-OSTR	2020-07-07 08:30:00.0	50.94231	21.38969	237.656	202.366	2,374.8	1.2	-0.55	2.19	0.16	0.18
PAJE	NDNT-PAJE	2020-07-07 04:00:00.0	51.14675	19.00064	287.429	250.087	2,357.7	1.3	-0.13	1.37	0.17	0.17
PAJE	NDNT-PAJE	2020-07-07 04:30:00.0	51.14675	19.00064	287.429	250.087	2,356.7	1.5	-0.42	1.14	0.18	0.27
PAJE	NDNT-PAJE	2020-07-07 05:00:00.0	51.14675	19.00064	287.439	250.097	2,352.5	1.2	-0.16	-0.3	0.15	0.19
PAJE	NDNT-PAJE	2020-07-07 05:30:00.0	51.14675	19.00064	287.439	250.097	2,351.4	1.4	-0.42	0.8	0.19	0.2
PAJE	NDNT-PAJE	2020-07-07 06:00:00.0	51.14675	19.00064	287.447	250.105	2,352.5	1.3	-0.61	0.88	0.18	0.16
PAJE	NDNT-PAJE	2020-07-07 06:30:00.0	51.14675	19.00064	287.447	250.105	2,357.7	1.3	-0.72	0.15	0.22	0.19
PAJE	NDNT-PAJE	2020-07-07 07:00:00.0	51.14675	19.00064	287.452	250.11	2,352.9	1.1	-0.18	-0.67	0.17	0.13
PAJE	NDNT-PAJE	2020-07-07 07:30:00.0	51.14675	19.00064	287.452	250.11	2,358.6	1.3	-0.3	-0.33	0.19	0.18
PAJE	NDNT-PAJE	2020-07-07 08:00:00.0	51.14675	19.00064	287.45	250.108	2,347.8	1.2	-0.03	0.1	0.17	0.18
PAJE	NDNT-PAJE	2020-07-07 08:30:00.0	51.14675	19.00064	287.45	250.108	2,347.9	1.3	-0.13	-0.03	0.14	0.2
PES1	MUSE-PES1	2020-07-07 04:00:00.0	50.2915	18.99467	362.289	321.116	2,365.4	2.9	-0.68	0.64	0.53	0.5
PES1	MUSE-PES1	2020-07-07 04:30:00.0	50.2915	18.99467	362.289	321.116	2,367.4	3.1	-0.48	0.69	0.58	0.56
PES1	MUSE-PES1	2020-07-07 05:00:00.0	50.2915	18.99467	362.286	321.113	2,362.5	2.1	0.16	2.54	0.35	0.37
PES1	MUSE-PES1	2020-07-07 05:30:00.0	50.2915	18.99467	362.286	321.113	2,359.1	2.2	0.88	2.54	0.37	0.47
PES1	MUSE-PES1	2020-07-07 06:00:00.0	50.2915	18.99467	362.286	321.113	2,347.9	2.1	1.44	2.67	0.34	0.4
PES1	MUSE-PES1	2020-07-07 06:30:00.0	50.2915	18.99467	362.286	321.113	2,353.9	2	0.75	3.71	0.34	0.43
PES1	MUSE-PES1	2020-07-07 07:00:00.0	50.2915	18.99467	362.28	321.107	2,349.4	2.8	1.49	4.34	0.41	0.5
PES1	MUSE-PES1	2020-07-07 07:30:00.0	50.2915	18.99467	362.28	321.107	2,347.8	2.7	1.4	4.3	0.44	0.55
PES1	MUSE-PES1	2020-07-07 08:00:00.0	50.2915	18.99467	362.292	321.119	2,358	2.3	2.28	0.42	0.44	0.52
PES1	MUSE-PES1	2020-07-07 08:30:00.0	50.2915	18.99467	362.292	321.119	2,353.1	2.6	2.61	-0.2	0.5	0.54
PITR	12287M001	2020-07-07 04:00:00.0	51.40167	19.69094	254.76	219.733	2,363.2	1.2	-1.45	2.4	0.13	0.15
PITR	12287M001	2020-07-07 04:30:00.0	51.40167	19.69094	254.76	219.733	2,363.6	1.3	-1.21	1.35	0.14	0.23
PITR	12287M001	2020-07-07 05:00:00.0	51.40167	19.69094	254.761	219.734	2,361.5	1.2	-0.96	1.1	0.16	0.19
PITR	12287M001	2020-07-07 05:30:00.0	51.40167	19.69094	254.761	219.734	2,359.8	1.4	-0.78	0.97	0.21	0.21
PITR	12287M001	2020-07-07 06:00:00.0	51.40167	19.69094	254.757	219.73	2,353.5	1.2	-1.23	1.29	0.18	0.16
PITR	12287M001	2020-07-07 06:30:00.0	51.40167	19.69094	254.757	219.73	2,356.4	1.2	-0.37	1.13	0.17	0.16
PITR	12287M001	2020-07-07 07:00:00.0	51.40167	19.69094	254.76	219.733	2,355.8	1	-0.1	0.34	0.14	0.13
PITR	12287M001	2020-07-07 07:30:00.0	51.40167	19.69094	254.76	219.733	2,357.8	1.2	-0.46	0.45	0.18	0.19
PITR	12287M001	2020-07-07 08:00:00.0	51.40167	19.69094	254.761	219.734	2,356.9	1.1	0.43	-0.51	0.18	0.17
PITR	12287M001	2020-07-07 08:30:00.0	51.40167	19.69094	254.761	219.734	2,359.4	1.1	0.18	-0.04	0.14	0.16
POLV	12336M001	2020-07-07 04:00:00.0	49.60261	34.54294	178.446	160.179	2,410	1.7	-2.77	0.13	0.22	0.29
POLV	12336M001	2020-07-07 04:30:00.0	49.60261	34.54294	178.446	160.179	2,396	1.8	-1.41	0.21	0.19	0.31
POLV	12336M001	2020-07-07 05:00:00.0	49.60261	34.54294	178.423	160.156	2,405.4	1.6	0.12	-1.26	0.15	0.23
POLV	12336M001	2020-07-07 05:30:00.0	49.60261	34.54294	178.423	160.156	2,408.5	1.8	-0.73	-1.71	0.24	0.26
POLV	12336M001	2020-07-07 06:00:00.0	49.60261	34.54294	178.419	160.152	2,405.5	1.6	1.12	-2.16	0.17	0.19
POLV	12336M001	2020-07-07 06:30:00.0	49.60261	34.54294	178.419	160.152	2,407.7	1.5	-0.37	-1.98	0.18	0.17
POLV	12336M001	2020-07-07 07:00:00.0	49.60261	34.54294	178.427	160.16	2,412.5	1.3	-0.39	-0.92	0.15	0.16
POLV	12336M001	2020-07-07 07:30:00.0	49.60261	34.54294	178.427	160.16	2,421.4	1.4	0.07	-0.25	0.16	0.18
POLV	12336M001	2020-07-07 08:00:00.0	49.60261	34.54294	178.425	160.158	2,407.9	1.4	0.93	0.61	0.18	0.2
POLV	12336M001	2020-07-07 08:30:00.0	49.60261	34.54294	178.425	160.158	2,412.8	1.4	0.3	-0.29	0.2	0.21
POZN	12206M001	2020-07-07 04:00:00.0	52.43006	16.93494	171.562	136.759	2,359	1.4	-1.66	0.26	0.18	0.19
POZN	12206M001	2020-07-07 04:30:00.0	52.43006	16.93494	171.562	136.759	2,355.8	1.6	-1.44	0.41	0.19	0.28
POZN	12206M001	2020-07-07 05:00:00.0	52.43006	16.93494	171.558	136.755	2,360.3	1.3	-0.85	-0.44	0.16	0.19
POZN	12206M001	2020-07-07 05:30:00.0	52.43006	16.93494	171.558	136.755	2,361.6	1.5	-0.62	-0.42	0.2	0.21
POZN	12206M001	2020-07-07 06:00:00.0	52.43006	16.93494	171.558	136.755	2,365.6	1.2	-0.91	0.16	0.18	0.17
POZN	12206M001	2020-07-07 06:30:00.0	52.43006	16.93494	171.558	136.755	2,367.3	1.3	-1.15	0.22	0.18	0.19
POZN	12206M001	2020-07-07 07:00:00.0	52.43006	16.93494	171.556	136.753	2,369.1	1	-0.81	-0.68	0.14	0.12
POZN	12206M001	2020-07-07 07:30:00.0	52.43006	16.93494	171.556	136.753	2,376.4	1	-0.59	-0.71	0.16	0.14
POZN	12206M001	2020-07-07 08:00:00.0	52.43006	16.93494	171.557	136.754	2,370.7	1.1	-0.92	0.48	0.15	0.15
POZN	12206M001	2020-07-07 08:30:00.0	52.43006	16.93494	171.557	136.754	2,366.8	1.2	-0.79	0.2	0.15	0.16
PPIL	12286M001	2020-07-07 04:00:00.0	53.15697	16.73828	121.744	88.198	2,370	1.1	-0.17	-0.07	0.13	0.13
PPIL	12286M001	2020-07-07 04:30:00.0	53.15697	16.73828	121.744	88.198	2,372.7	1.2	-0.51	-0.59	0.13	0.2
PPIL	12286M001	2020-07-07 05:00:00.0	53.15697	16.73828	121.744	88.198	2,376.8	1.3	-0.55	-0.02	0.18	0.22
PPIL	12286M001	2020-07-07 05:30:00.0	53.15697	16.73828	121.744	88.198	2,375.4	1.6	-0.29	-0.11	0.25	0.27
PPIL	12286M001	2020-07-07 06:00:00.0	53.15697	16.73828	121.74	88.194	2,375.9	1.7	-0.72	-0.34	0.26	0.26
PPIL	12286M001	2020-07-07 06:30:00.0	53.15697	16.73828	121.74	88.194	2,373.6	1.6	-0.85	-0.4	0.24	0.26
PPIL	12286M001	2020-07-07 07:00:00.0	53.15697	16.73828	121.744	88.198	2,374.9	1.3	-0.94	0.03	0.2	0.17
PPIL	12286M001	2020-07-07 07:30:00.0	53.15697	16.73828	121.744	88.198	2,373.7	1.4	-1.11	0.08	0.21	0.2
PPIL	12286M001	2020-07-07 08:00:00.0	53.15697	16.73828	121.744	88.198	2,371.1	1.2	-0.52	-0.08	0.17	0.17
PPIL	12286M001	2020-07-07 08:30:00.0	53.15697	16.73828	121.744	88.198	2,372.5	1.1	-0.51	-0.14	0.14	0.15
PROS	12233M001	2020-07-07 04:00:00.0	50.19175	20.2885	279.924	241.124	2,380	1.4	-1.64	0.39	0.17	0.19
PROS	12233M001	2020-07-07 04:30:00.0	50.19175	20.2885	279.924	241.124	2,379.3	1.4	-1.66	0.42	0.16	0.25
PROS	12233M001	2020-07-07 05:00:00.0	50.19175	20.2885	279.926	241.126	2,379.3	1.4	-1.45	1.89	0.19	0.23
PROS	12233M001	2020-07-07 05:30:00.0	50.19175	20.2885	279.926	241.126	2,377.2	1.8	-1.48	1.56	0.26	0.26
PROS	12233M001	2020-07-07 06:00:00.0	50.19175	20.2885	279.921	241.121	2,371.9	1.3	-2.89	1.91	0.18	0.15
PROS	12233M001	2020-07-07 06:30:00.0	50.19175	20.2885	279.921	241.121	2,361.4	1.3	-1.59	2.2	0.17	0.18
PROS	12233M001	2020-07-07 07:00:00.0	50.19175	20.2885	279.922	241.122	2,357.9	1.1	-0.62	0.58	0.13	0.13
PROS	12233M001	2020-07-07 07:30:00.0	50.19175	20.2885	279.922	241.122	2,355.7	1.4	-0.78	0.49	0.22	0.18
PROS	12233M001	2020-07-07 08:00:00.0	50.19175	20.2885	279.924	241.124	2,354.8	1.6	-0.37	0.28	0.25	0.21
PROS	12233M001	2020-07-07 08:30:00.0	50.19175	20.2885	279.924	241.124	2,354.9	1.4	-0.39	0.15	0.2	0.2
RACI	NDNT-RACI	2020-07-07 04:00:00.0	50.07761	18.21494	242.636	200.434	2,371.3	1.2	-0.57	1.08	0.14	0.16
RACI	NDNT-RACI	2020-07-07 04:30:00.0	50.07761	18.21494	242.636	200.434	2,371.2	1.3	-0.79	1.03	0.14	0.21
RACI	NDNT-RACI	2020-07-07 05:00:00.0	50.07761	18.21494	242.628	200.426	2,373.4	1.2	-0.37	0.46	0.15	0.19
RACI	NDNT-RACI	2020-07-07 05:30:00.0	50.07761	18.21494	242.628	200.426	2,376.5	1.4	-0.33	0.42	0.21	0.22
RACI	NDNT-RACI	2020-07-07 06:00:00.0	50.07761	18.21494	242.623	200.421	2,367.4	1.4	0.88	0.73	0.19	0.18
RACI	NDNT-RACI	2020-07-07 06:30:00.0	50.07761	18.21494	242.623	200.421	2,372.1	1.4	0.63	0.44	0.18	0.2
RACI	NDNT-RACI	2020-07-07 07:00:00.0	50.07761	18.21494	242.631	200.429	2,372.1	1.2	0.26	0.09	0.14	0.15
RACI	NDNT-RACI	2020-07-07 07:30:00.0	50.07761	18.21494	242.631	200.429	2,372.7	1.3	0.12	0.14	0.19	0.17
RACI	NDNT-RACI	2020-07-07 08:00:00.0	50.07761	18.21494	242.63	200.428	2,365.8	1	0.06	0.55	0.15	0.13
RACI	NDNT-RACI	2020-07-07 08:30:00.0	50.07761	18.21494	242.63	200.428	2,367.5	1	-0.02	-0.32	0.11	0.12
REDZ	12227M001	2020-07-07 04:00:00.0	54.47239	17.11753	108.282	76.796	2,382.2	1.7	0.11	0.21	0.33	0.28
REDZ	12227M001	2020-07-07 04:30:00.0	54.47239	17.11753	108.282	76.796	2,381.2	1.8	-0.04	0.84	0.25	0.35
REDZ	12227M001	2020-07-07 05:00:00.0	54.47239	17.11753	108.283	76.797	2,371.6	1.3	-0.82	-0.24	0.17	0.22
REDZ	12227M001	2020-07-07 05:30:00.0	54.47239	17.11753	108.283	76.797	2,372.5	1.6	-1.06	-0.12	0.22	0.24
REDZ	12227M001	2020-07-07 06:00:00.0	54.47239	17.11753	108.287	76.801	2,360.1	1.9	-1.21	-0.76	0.3	0.31
REDZ	12227M001	2020-07-07 07:00:00.0	54.47239	17.11753	108.286	76.8	2,371.2	1.8	-0.85	-0.59	0.26	0.22
REDZ	12227M001	2020-07-07 07:30:00.0	54.47239	17.11753	108.286	76.8	2,370.9	1.6	-1.1	-0.91	0.24	0.19
RES1	MUSE-RES1	2020-07-07 08:00:00.0	50.06244	18.46686	350.379	308.289	2,329.7	1.4	-0.1	-0.58	0.24	0.2
RES1	MUSE-RES1	2020-07-07 08:30:00.0	50.06244	18.46686	350.379	308.289	2,328.2	1.4	-0.59	-0.26	0.18	0.21
RIGA	12302M002	2020-07-07 04:00:00.0	56.94861	24.05878	34.813	14.206	2,406.2	2	-1.43	0.07	0.34	0.43
RIGA	12302M002	2020-07-07 04:30:00.0	56.94861	24.05878	34.813	14.206	2,407.9	2.3	-1.21	0.01	0.34	0.46
RIGA	12302M002	2020-07-07 05:00:00.0	56.94861	24.05878	34.818	14.211	2,407.3	1.7	-0.99	0.47	0.23	0.24
RIGA	12302M002	2020-07-07 05:30:00.0	56.94861	24.05878	34.818	14.211	2,406.3	1.7	-0.63	0.98	0.24	0.24
RIGA	12302M002	2020-07-07 06:00:00.0	56.94861	24.05878	34.825	14.218	2,406.1	1.3	-0.99	0.35	0.18	0.17
RIGA	12302M002	2020-07-07 06:30:00.0	56.94861	24.05878	34.825	14.218	2,411.9	1.4	-1.5	0.38	0.2	0.2
RIGA	12302M002	2020-07-07 07:00:00.0	56.94861	24.05878	34.818	14.211	2,414.3	1.2	-1.13	0.4	0.21	0.15
RIGA	12302M002	2020-07-07 07:30:00.0	56.94861	24.05878	34.818	14.211	2,416.6	1.4	-0.95	0.3	0.21	0.2
RIGA	12302M002	2020-07-07 08:00:00.0	56.94861	24.05878	34.814	14.207	2,415.2	1.3	-0.8	0.65	0.19	0.19
RIGA	12302M002	2020-07-07 08:30:00.0	56.94861	24.05878	34.814	14.207	2,413.7	1.3	-0.74	0.86	0.18	0.19
RWM1	12281M002	2020-07-07 04:00:00.0	51.76431	20.25047	187.973	154.628	2,388.3	1.1	-1.45	0.03	0.13	0.14
RWM1	12281M002	2020-07-07 04:30:00.0	51.76431	20.25047	187.973	154.628	2,386.3	1.2	-1.43	-0.18	0.14	0.22
RWM1	12281M002	2020-07-07 05:00:00.0	51.76431	20.25047	187.975	154.63	2,381.6	1.2	-1.44	1.69	0.15	0.19
RWM1	12281M002	2020-07-07 05:30:00.0	51.76431	20.25047	187.975	154.63	2,382.3	1.4	-0.74	0.09	0.2	0.2
RWM1	12281M002	2020-07-07 06:00:00.0	51.76431	20.25047	187.973	154.628	2,380.5	1.2	-0.04	-0.1	0.17	0.13
RWM1	12281M002	2020-07-07 06:30:00.0	51.76431	20.25047	187.973	154.628	2,371	1.2	-0.76	1.44	0.16	0.15
RWM1	12281M002	2020-07-07 07:00:00.0	51.76431	20.25047	187.966	154.621	2,370.3	1	-0.79	1.26	0.13	0.12
RWM1	12281M002	2020-07-07 07:30:00.0	51.76431	20.25047	187.966	154.621	2,370	1.2	-0.59	0.77	0.18	0.16
RWM1	12281M002	2020-07-07 08:00:00.0	51.76431	20.25047	187.964	154.619	2,368.5	1.1	-0.85	-0.47	0.17	0.17
RWM1	12281M002	2020-07-07 08:30:00.0	51.76431	20.25047	187.964	154.619	2,370.4	1.1	-1	-0.36	0.15	0.16
RYKI	12282M001	2020-07-07 04:00:00.0	51.62447	21.92722	204.085	171.952	2,390	1.4	-2.13	-0.56	0.19	0.2
RYKI	12282M001	2020-07-07 04:30:00.0	51.62447	21.92722	204.085	171.952	2,399.2	1.8	-3.01	-0.44	0.24	0.3
RYKI	12282M001	2020-07-07 05:00:00.0	51.62447	21.92722	204.078	171.945	2,395.8	1.7	-1.48	0	0.23	0.25
RYKI	12282M001	2020-07-07 05:30:00.0	51.62447	21.92722	204.078	171.945	2,395	1.9	-1.14	0.56	0.27	0.27
RYKI	12282M001	2020-07-07 06:00:00.0	51.62447	21.92722	204.077	171.944	2,397.5	1.4	-1.18	0.89	0.21	0.18
RYKI	12282M001	2020-07-07 06:30:00.0	51.62447	21.92722	204.077	171.944	2,398.4	1.4	-1.25	0.65	0.22	0.2
RYKI	12282M001	2020-07-07 07:00:00.0	51.62447	21.92722	204.09	171.957	2,397.9	1.1	-1.57	0.93	0.18	0.13
RYKI	12282M001	2020-07-07 07:30:00.0	51.62447	21.92722	204.09	171.957	2,404.7	1.2	-1.69	1.89	0.22	0.17
RYKI	12282M001	2020-07-07 08:00:00.0	51.62447	21.92722	204.094	171.961	2,400.2	1.2	-2.19	1.26	0.19	0.19
RYKI	12282M001	2020-07-07 08:30:00.0	51.62447	21.92722	204.094	171.961	2,392.9	1.4	-0.94	1.32	0.17	0.22
RYMA	NDNT-RYMA	2020-07-07 04:00:00.0	49.57553	21.86561	399.439	362.761	2,369.8	1.5	-0.67	1.61	0.17	0.2
RYMA	NDNT-RYMA	2020-07-07 04:30:00.0	49.57553	21.86561	399.439	362.761	2,371.4	1.8	-1.06	1.36	0.21	0.3
RYMA	NDNT-RYMA	2020-07-07 05:00:00.0	49.57553	21.86561	399.446	362.768	2,376.2	1.3	-1.33	-0.35	0.15	0.17
RYMA	NDNT-RYMA	2020-07-07 05:30:00.0	49.57553	21.86561	399.446	362.768	2,380.9	1.5	-2.29	0.16	0.2	0.19
RYMA	NDNT-RYMA	2020-07-07 06:00:00.0	49.57553	21.86561	399.451	362.773	2,372.9	1.3	-1.19	0.77	0.17	0.14
RYMA	NDNT-RYMA	2020-07-07 06:30:00.0	49.57553	21.86561	399.451	362.773	2,374.2	1.3	-0.49	0.63	0.17	0.17
RYMA	NDNT-RYMA	2020-07-07 07:00:00.0	49.57553	21.86561	399.449	362.771	2,371.3	1	-0.49	0.26	0.11	0.1
RYMA	NDNT-RYMA	2020-07-07 07:30:00.0	49.57553	21.86561	399.449	362.771	2,373.4	1.1	-1.39	0.69	0.15	0.13
RYMA	NDNT-RYMA	2020-07-07 08:00:00.0	49.57553	21.86561	399.454	362.776	2,368.5	1.2	-0.19	1.85	0.17	0.16
RYMA	NDNT-RYMA	2020-07-07 08:30:00.0	49.57553	21.86561	399.454	362.776	2,366.1	1.2	-0.1	0.45	0.13	0.17
SIDZ	12288M001	2020-07-07 04:00:00.0	51.573	18.71758	190.019	154.408	2,379.6	1.3	-0.93	0.93	0.16	0.16
SIDZ	12288M001	2020-07-07 04:30:00.0	51.573	18.71758	190.019	154.408	2,377.2	1.6	-1.21	0.82	0.19	0.26
SIDZ	12288M001	2020-07-07 05:00:00.0	51.573	18.71758	190.016	154.405	2,380.7	1.3	-1.04	1.08	0.18	0.22
SIDZ	12288M001	2020-07-07 05:30:00.0	51.573	18.71758	190.016	154.405	2,381.2	1.5	-0.81	0.17	0.24	0.28
SIDZ	12288M001	2020-07-07 06:00:00.0	51.573	18.71758	190.015	154.404	2,380	1.4	-1.51	-0.01	0.19	0.19
SIDZ	12288M001	2020-07-07 06:30:00.0	51.573	18.71758	190.015	154.404	2,382.2	1.4	-1.24	-0.15	0.18	0.2
SIDZ	12288M001	2020-07-07 07:00:00.0	51.573	18.71758	190.016	154.405	2,383.6	1.2	-1.05	0.26	0.22	0.19
SIDZ	12288M001	2020-07-07 07:30:00.0	51.573	18.71758	190.016	154.405	2,377.7	1.4	-1.11	0.37	0.22	0.22
SIDZ	12288M001	2020-07-07 08:00:00.0	51.573	18.71758	190.021	154.41	2,375.8	1.5	-0.6	-0.13	0.22	0.23
SIDZ	12288M001	2020-07-07 08:30:00.0	51.573	18.71758	190.021	154.41	2,368.7	1.6	-0.65	-0.54	0.2	0.26
SIED	12289M001	2020-07-07 04:00:00.0	52.15744	22.29422	201.99	172.47	2,381.7	1.3	-1.53	0.1	0.16	0.18
SIED	12289M001	2020-07-07 04:30:00.0	52.15744	22.29422	201.99	172.47	2,388.3	1.6	-1.46	0.58	0.18	0.26
SIED	12289M001	2020-07-07 05:00:00.0	52.15744	22.29422	201.99	172.47	2,393.8	1.4	-1.44	2.15	0.18	0.21
SIED	12289M001	2020-07-07 05:30:00.0	52.15744	22.29422	201.99	172.47	2,390.1	1.6	-1.5	1.34	0.22	0.22
SIED	12289M001	2020-07-07 06:00:00.0	52.15744	22.29422	201.987	172.467	2,384.7	1.3	-1.83	0.79	0.19	0.16
SIED	12289M001	2020-07-07 06:30:00.0	52.15744	22.29422	201.987	172.467	2,389	1.4	-1.15	0.5	0.21	0.19
SIED	12289M001	2020-07-07 07:00:00.0	52.15744	22.29422	201.995	172.475	2,386.7	1.1	-1.31	0.73	0.17	0.13
SIED	12289M001	2020-07-07 07:30:00.0	52.15744	22.29422	201.995	172.475	2,391.8	1.1	-1.5	1.08	0.18	0.15
SIED	12289M001	2020-07-07 08:00:00.0	52.15744	22.29422	202.002	172.482	2,383.9	1.1	-0.11	0.9	0.18	0.17
SIED	12289M001	2020-07-07 08:30:00.0	52.15744	22.29422	202.002	172.482	2,385.2	1.1	-0.58	1.48	0.15	0.17
SIPC	12290M001	2020-07-07 04:00:00.0	52.85697	19.66269	163.163	132.557	2,371.3	1.1	-1.95	0.72	0.12	0.12
SIPC	12290M001	2020-07-07 04:30:00.0	52.85697	19.66269	163.163	132.557	2,372.4	1.3	0.07	-0.14	0.15	0.2
SIPC	12290M001	2020-07-07 05:00:00.0	52.85697	19.66269	163.159	132.553	2,377.9	1.2	0.24	0.01	0.18	0.2
SIPC	12290M001	2020-07-07 05:30:00.0	52.85697	19.66269	163.159	132.553	2,383.1	1.6	-0.45	0	0.24	0.23
SIPC	12290M001	2020-07-07 06:00:00.0	52.85697	19.66269	163.162	132.556	2,378.9	1.4	-0.3	0.51	0.21	0.18
SIPC	12290M001	2020-07-07 06:30:00.0	52.85697	19.66269	163.162	132.556	2,375.3	1.2	-0.06	-0.13	0.18	0.18
SIPC	12290M001	2020-07-07 07:00:00.0	52.85697	19.66269	163.161	132.555	2,373.5	1	-0.28	0.35	0.15	0.12
SIPC	12290M001	2020-07-07 07:30:00.0	52.85697	19.66269	163.161	132.555	2,371.5	1	0.26	0.16	0.15	0.13
SIPC	12290M001	2020-07-07 08:00:00.0	52.85697	19.66269	163.155	132.549	2,365.8	1.1	0.48	0.35	0.17	0.17
SIPC	12290M001	2020-07-07 08:30:00.0	52.85697	19.66269	163.155	132.549	2,368.8	1.1	-0.56	0	0.14	0.16
SMID	10114M001	2020-07-07 04:00:00.0	55.64064	9.55931	122.825	82.569	2,391.2	1.5	-0.65	-0.21	0.15	0.16
SMID	10114M001	2020-07-07 04:30:00.0	55.64064	9.55931	122.825	82.569	2,392.8	1.8	-0.61	-0.37	0.22	0.27
SMID	10114M001	2020-07-07 05:00:00.0	55.64064	9.55931	122.828	82.572	2,391.7	1.4	-0.46	-0.56	0.16	0.22
SMID	10114M001	2020-07-07 05:30:00.0	55.64064	9.55931	122.828	82.572	2,398.1	1.6	-0.74	-0.5	0.2	0.27
SMID	10114M001	2020-07-07 06:00:00.0	55.64064	9.55931	122.828	82.572	2,400.6	1.4	-0.62	-0.69	0.17	0.22
SMID	10114M001	2020-07-07 06:30:00.0	55.64064	9.55931	122.828	82.572	2,396.5	1.5	-0.39	-0.76	0.18	0.24
SMID	10114M001	2020-07-07 07:00:00.0	55.64064	9.55931	122.827	82.571	2,399.2	1.6	-0.13	-0.37	0.25	0.26
SMID	10114M001	2020-07-07 08:00:00.0	55.64064	9.55931	122.828	82.572	2,400	1.4	-0.17	0.11	0.22	0.2
SMID	10114M001	2020-07-07 08:30:00.0	55.64064	9.55931	122.828	82.572	2,403.9	1.4	-0.22	0.14	0.18	0.19
SMLA	15503M001	2020-07-07 04:00:00.0	49.20164	31.86631	183.08	159.588	2,447.4	1.4	-2.47	1.17	0.13	0.16
SMLA	15503M001	2020-07-07 04:30:00.0	49.20164	31.86631	183.08	159.588	2,451.1	1.5	-1.95	1.42	0.15	0.22
SMLA	15503M001	2020-07-07 05:00:00.0	49.20164	31.86631	183.082	159.59	2,454.2	1.4	-0.7	1.12	0.15	0.2
SMLA	15503M001	2020-07-07 05:30:00.0	49.20164	31.86631	183.082	159.59	2,449.7	1.6	0.05	-0.19	0.23	0.23
SMLA	15503M001	2020-07-07 06:00:00.0	49.20164	31.86631	183.097	159.605	2,443.5	1.4	-0.31	-1.72	0.17	0.16
SMLA	15503M001	2020-07-07 06:30:00.0	49.20164	31.86631	183.097	159.605	2,444.6	1.3	-0.18	-1.35	0.17	0.14
SMLA	15503M001	2020-07-07 07:00:00.0	49.20164	31.86631	183.086	159.594	2,449.7	1.1	0.8	-1.14	0.12	0.12
SMLA	15503M001	2020-07-07 07:30:00.0	49.20164	31.86631	183.086	159.594	2,450.5	1.3	1.08	-1.48	0.15	0.14
SMLA	15503M001	2020-07-07 08:00:00.0	49.20164	31.86631	183.085	159.593	2,448.5	1.2	0.16	-3.07	0.18	0.18
SMLA	15503M001	2020-07-07 08:30:00.0	49.20164	31.86631	183.085	159.593	2,450.7	1.3	0.15	-3.73	0.18	0.19
SOKL	12292M001	2020-07-07 04:00:00.0	53.40856	23.49575	222.227	194.356	2,356.7	1.3	-1.87	1.86	0.17	0.18
SOKL	12292M001	2020-07-07 04:30:00.0	53.40856	23.49575	222.227	194.356	2,359.5	1.6	-1.26	1.23	0.21	0.27
SOKL	12292M001	2020-07-07 05:00:00.0	53.40856	23.49575	222.226	194.355	2,363.4	1.4	-1.48	1.75	0.2	0.23
SOKL	12292M001	2020-07-07 05:30:00.0	53.40856	23.49575	222.226	194.355	2,364.8	1.6	-1.36	1.35	0.25	0.27
SOKL	12292M001	2020-07-07 06:00:00.0	53.40856	23.49575	222.217	194.346	2,373	1.4	-1.5	1.07	0.2	0.18
SOKL	12292M001	2020-07-07 06:30:00.0	53.40856	23.49575	222.217	194.346	2,377.3	1.4	-0.89	2.26	0.2	0.2
SOKL	12292M001	2020-07-07 07:00:00.0	53.40856	23.49575	222.218	194.347	2,375.9	1.3	-0.88	2.51	0.22	0.18
SOKL	12292M001	2020-07-07 07:30:00.0	53.40856	23.49575	222.218	194.347	2,373.6	1.4	-1.3	2.85	0.23	0.2
SOKL	12292M001	2020-07-07 08:00:00.0	53.40856	23.49575	222.224	194.353	2,373.9	1.2	-1.33	1.63	0.19	0.19
SOKL	12292M001	2020-07-07 08:30:00.0	53.40856	23.49575	222.224	194.353	2,375.3	1.4	-0.87	1.83	0.19	0.24
STA3	NDNT-STAS	2020-07-07 04:00:00.0	50.56283	21.18192	257.528	221.177	2,389	1.1	-0.84	2.31	0.12	0.13
STA3	NDNT-STAS	2020-07-07 04:30:00.0	50.56283	21.18192	257.528	221.177	2,386.9	1.3	-1.99	2.54	0.15	0.22
STA3	NDNT-STAS	2020-07-07 05:00:00.0	50.56283	21.18192	257.534	221.183	2,387.9	1.2	-1.62	1.01	0.15	0.17
STA3	NDNT-STAS	2020-07-07 05:30:00.0	50.56283	21.18192	257.534	221.183	2,390	1.4	-2.04	0	0.19	0.19
STA3	NDNT-STAS	2020-07-07 06:00:00.0	50.56283	21.18192	257.535	221.184	2,388.2	1.3	-1.11	0.03	0.17	0.15
STA3	NDNT-STAS	2020-07-07 06:30:00.0	50.56283	21.18192	257.535	221.184	2,384	1.3	-0.32	1.2	0.17	0.17
STA3	NDNT-STAS	2020-07-07 07:00:00.0	50.56283	21.18192	257.522	221.171	2,381.2	1	-0.78	2	0.12	0.11
STA3	NDNT-STAS	2020-07-07 07:30:00.0	50.56283	21.18192	257.522	221.171	2,382.9	1.1	-1.89	2.91	0.16	0.14
STA3	NDNT-STAS	2020-07-07 08:00:00.0	50.56283	21.18192	257.513	221.162	2,372.9	1	-1.61	4.9	0.15	0.13
STA3	NDNT-STAS	2020-07-07 08:30:00.0	50.56283	21.18192	257.513	221.162	2,366.7	0.9	-0.76	2.96	0.11	0.12
STAL	NDNT-STAL	2020-07-07 04:00:00.0	50.56822	22.04811	210.539	175.489	2,413.7	1.1	-0.15	-1.21	0.11	0.11
STAL	NDNT-STAL	2020-07-07 04:30:00.0	50.56822	22.04811	210.539	175.489	2,411.5	1.2	-1.32	-0.92	0.13	0.23
STAL	NDNT-STAL	2020-07-07 05:00:00.0	50.56822	22.04811	210.529	175.479	2,411.1	1.2	-1.13	0.24	0.15	0.18
STAL	NDNT-STAL	2020-07-07 05:30:00.0	50.56822	22.04811	210.529	175.479	2,412.5	1.5	-1.13	-1.1	0.21	0.22
STAL	NDNT-STAL	2020-07-07 06:00:00.0	50.56822	22.04811	210.529	175.479	2,413.2	1.4	-0.37	1.33	0.2	0.21
STAL	NDNT-STAL	2020-07-07 06:30:00.0	50.56822	22.04811	210.529	175.479	2,412.7	1.3	-0.44	1.13	0.19	0.2
STAL	NDNT-STAL	2020-07-07 07:00:00.0	50.56822	22.04811	210.528	175.478	2,416.9	1	-0.48	0.39	0.12	0.1
STAL	NDNT-STAL	2020-07-07 07:30:00.0	50.56822	22.04811	210.528	175.478	2,413.4	1.1	-0.51	0.94	0.16	0.13
STAL	NDNT-STAL	2020-07-07 08:00:00.0	50.56822	22.04811	210.531	175.481	2,406.1	1.1	-1.52	0.78	0.16	0.15
STAL	NDNT-STAL	2020-07-07 08:30:00.0	50.56822	22.04811	210.531	175.481	2,403.7	1	-0.97	2.17	0.13	0.14
STRG	18994M001	2020-07-07 04:00:00.0	53.96631	18.53	136.267	106.859	2,365.4	1.3	-0.83	-0.03	0.15	0.16
STRG	18994M001	2020-07-07 04:30:00.0	53.96631	18.53	136.267	106.859	2,376.3	1.5	-0.54	-0.4	0.17	0.23
STRG	18994M001	2020-07-07 05:00:00.0	53.96631	18.53	136.274	106.866	2,378.5	1.1	-0.85	0.57	0.14	0.17
STRG	18994M001	2020-07-07 05:30:00.0	53.96631	18.53	136.274	106.866	2,378.5	1.3	-1.24	0.57	0.18	0.19
STRG	18994M001	2020-07-07 06:00:00.0	53.96631	18.53	136.268	106.86	2,373.9	1.3	-0.86	0.86	0.18	0.18
STRG	18994M001	2020-07-07 06:30:00.0	53.96631	18.53	136.268	106.86	2,371.7	1.4	-1.11	0.78	0.18	0.19
STRG	18994M001	2020-07-07 07:00:00.0	53.96631	18.53	136.269	106.861	2,379.5	1	-0.72	0.29	0.14	0.12
STRG	18994M001	2020-07-07 07:30:00.0	53.96631	18.53	136.269	106.861	2,378.6	1.1	-0.45	0.98	0.16	0.17
STRG	18994M001	2020-07-07 08:00:00.0	53.96631	18.53	136.274	106.866	2,365.3	1.1	-0.7	-0.2	0.16	0.16
STRG	18994M001	2020-07-07 08:30:00.0	53.96631	18.53	136.274	106.866	2,365.9	1.1	-0.19	-0.65	0.13	0.15
STRW	NDNT-STRW	2020-07-07 04:00:00.0	49.86972	21.78831	286.863	251.112	2,403.6	1.4	-1.01	0.07	0.15	0.16
STRW	NDNT-STRW	2020-07-07 04:30:00.0	49.86972	21.78831	286.863	251.112	2,405.9	1.6	-0.81	0.22	0.18	0.26
STRW	NDNT-STRW	2020-07-07 05:00:00.0	49.86972	21.78831	286.864	251.113	2,404.4	1.3	-1	1.02	0.15	0.18
STRW	NDNT-STRW	2020-07-07 05:30:00.0	49.86972	21.78831	286.864	251.113	2,402.1	1.5	-0.54	0.5	0.2	0.2
STRW	NDNT-STRW	2020-07-07 06:00:00.0	49.86972	21.78831	286.871	251.12	2,399.3	1.3	-0.94	0.62	0.17	0.14
STRW	NDNT-STRW	2020-07-07 06:30:00.0	49.86972	21.78831	286.871	251.12	2,401.8	1.3	-1.05	0.38	0.16	0.18
STRW	NDNT-STRW	2020-07-07 07:00:00.0	49.86972	21.78831	286.861	251.11	2,402.4	1	-0.52	0.41	0.11	0.11
STRW	NDNT-STRW	2020-07-07 07:30:00.0	49.86972	21.78831	286.861	251.11	2,403.1	1.2	-1.39	1.21	0.16	0.17
STRW	NDNT-STRW	2020-07-07 08:00:00.0	49.86972	21.78831	286.868	251.117	2,401	1.2	0.24	-0.4	0.17	0.17
STRW	NDNT-STRW	2020-07-07 08:30:00.0	49.86972	21.78831	286.868	251.117	2,400.2	1.2	0.06	0.26	0.13	0.18
SULD	10113M001	2020-07-07 04:00:00.0	56.84175	9.74217	120.738	81.959	2,388.5	1.5	-0.95	-0.34	0.16	0.16
SULD	10113M001	2020-07-07 04:30:00.0	56.84175	9.74217	120.738	81.959	2,385	1.8	-1.02	-0.11	0.2	0.26
SULD	10113M001	2020-07-07 05:00:00.0	56.84175	9.74217	120.745	81.966	2,389.3	1.4	-0.55	-0.09	0.16	0.23
SULD	10113M001	2020-07-07 05:30:00.0	56.84175	9.74217	120.745	81.966	2,383.6	1.6	-0.95	0.18	0.2	0.29
SULD	10113M001	2020-07-07 06:00:00.0	56.84175	9.74217	120.749	81.97	2,384.3	1.4	-1.19	-0.67	0.16	0.22
SULD	10113M001	2020-07-07 06:30:00.0	56.84175	9.74217	120.749	81.97	2,393.6	1.5	-0.95	-0.66	0.18	0.23
SULD	10113M001	2020-07-07 07:00:00.0	56.84175	9.74217	120.749	81.97	2,391.4	1.4	-0.32	-0.12	0.18	0.19
SULD	10113M001	2020-07-07 07:30:00.0	56.84175	9.74217	120.749	81.97	2,392.9	1.4	-0.36	0.24	0.17	0.17
SULD	10113M001	2020-07-07 08:00:00.0	56.84175	9.74217	120.747	81.968	2,389.3	1.2	-1.36	0.69	0.16	0.16
SULD	10113M001	2020-07-07 08:30:00.0	56.84175	9.74217	120.747	81.968	2,384.6	1.3	-0.99	0.74	0.15	0.18
SWIB	12293M001	2020-07-07 04:00:00.0	52.24792	15.53631	131.994	93.685	2,385.5	1.3	-0.62	-0.84	0.15	0.16
SWIB	12293M001	2020-07-07 04:30:00.0	52.24792	15.53631	131.994	93.685	2,385	1.6	-0.29	-0.97	0.19	0.27
SWIB	12293M001	2020-07-07 05:00:00.0	52.24792	15.53631	131.996	93.687	2,387.4	1.4	-0.23	-0.92	0.17	0.22
SWIB	12293M001	2020-07-07 05:30:00.0	52.24792	15.53631	131.996	93.687	2,385.8	1.6	-0.52	-1.13	0.22	0.25
SWIB	12293M001	2020-07-07 06:00:00.0	52.24792	15.53631	131.999	93.69	2,380.8	1.3	-0.54	-0.84	0.18	0.19
SWIB	12293M001	2020-07-07 06:30:00.0	52.24792	15.53631	131.999	93.69	2,383.9	1.3	-1.08	-0.65	0.17	0.2
SWIB	12293M001	2020-07-07 07:00:00.0	52.24792	15.53631	131.995	93.686	2,380	1	-0.83	0.32	0.13	0.13
SWIB	12293M001	2020-07-07 07:30:00.0	52.24792	15.53631	131.995	93.686	2,381.4	1.1	-0.25	-0.06	0.19	0.15
SWIB	12293M001	2020-07-07 08:00:00.0	52.24792	15.53631	131.999	93.69	2,375.6	1.4	-0.4	-0.32	0.2	0.19
SWIB	12293M001	2020-07-07 08:30:00.0	52.24792	15.53631	131.999	93.69	2,375	1.5	-0.96	0.01	0.17	0.2
SWKI	12228M001	2020-07-07 04:00:00.0	54.09861	22.92822	215.929	188.534	2,357	1.6	-1.62	-0.3	0.25	0.25
SWKI	12228M001	2020-07-07 04:30:00.0	54.09861	22.92822	215.929	188.534	2,349.4	1.7	-1.88	-0.64	0.2	0.28
SWKI	12228M001	2020-07-07 05:00:00.0	54.09861	22.92822	215.934	188.539	2,355	1.4	-1.14	0.12	0.17	0.19
SWKI	12228M001	2020-07-07 05:30:00.0	54.09861	22.92822	215.934	188.539	2,355.2	1.6	-0.33	0.95	0.2	0.19
SWKI	12228M001	2020-07-07 06:00:00.0	54.09861	22.92822	215.938	188.543	2,352.2	1.8	-0.04	0.64	0.29	0.25
SWKI	12228M001	2020-07-07 07:00:00.0	54.09861	22.92822	215.934	188.539	2,368.9	1.4	-0.25	0.87	0.21	0.16
SWKI	12228M001	2020-07-07 07:30:00.0	54.09861	22.92822	215.934	188.539	2,375.7	1.2	-0.19	0.91	0.15	0.17
SZE2	12294M001	2020-07-07 04:00:00.0	53.70019	16.70139	193.747	160.997	2,352.7	1.3	-0.61	-0.28	0.15	0.16
SZE2	12294M001	2020-07-07 04:30:00.0	53.70019	16.70139	193.747	160.997	2,357.8	1.4	-0.77	-0.15	0.16	0.24
SZE2	12294M001	2020-07-07 05:00:00.0	53.70019	16.70139	193.751	161.001	2,357.6	1.1	-0.8	0.19	0.13	0.16
SZE2	12294M001	2020-07-07 05:30:00.0	53.70019	16.70139	193.751	161.001	2,348.4	1.2	-1.01	-0.01	0.16	0.18
SZE2	12294M001	2020-07-07 06:00:00.0	53.70019	16.70139	193.747	160.997	2,349.3	1.3	-0.79	-0.49	0.18	0.17
SZE2	12294M001	2020-07-07 06:30:00.0	53.70019	16.70139	193.747	160.997	2,348.2	1.3	-0.74	-0.53	0.18	0.19
SZE2	12294M001	2020-07-07 07:00:00.0	53.70019	16.70139	193.747	160.997	2,347.3	1	-0.61	-0.25	0.14	0.12
SZE2	12294M001	2020-07-07 07:30:00.0	53.70019	16.70139	193.747	160.997	2,351.1	1.1	-0.53	-0.15	0.14	0.14
SZE2	12294M001	2020-07-07 08:00:00.0	53.70019	16.70139	193.744	160.994	2,356.4	1.1	-0.45	0.02	0.16	0.16
SZE2	12294M001	2020-07-07 08:30:00.0	53.70019	16.70139	193.744	160.994	2,355.5	1.1	-0.12	0.22	0.14	0.15
TABG	12295M001	2020-07-07 04:00:00.0	50.57097	21.67119	214.738	179.201	2,406	1.2	-1.67	-0.02	0.14	0.15
TABG	12295M001	2020-07-07 04:30:00.0	50.57097	21.67119	214.738	179.201	2,407.8	1.4	-1.08	0.54	0.17	0.25
TABG	12295M001	2020-07-07 05:00:00.0	50.57097	21.67119	214.734	179.197	2,411.3	1.2	-1.22	1.06	0.16	0.19
TABG	12295M001	2020-07-07 05:30:00.0	50.57097	21.67119	214.734	179.197	2,409	1.5	-0.83	1.04	0.22	0.24
TABG	12295M001	2020-07-07 06:00:00.0	50.57097	21.67119	214.736	179.199	2,403.9	1.3	-1.59	0.6	0.19	0.2
TABG	12295M001	2020-07-07 06:30:00.0	50.57097	21.67119	214.736	179.199	2,410.9	1.3	-1.01	0.29	0.19	0.19
TABG	12295M001	2020-07-07 07:00:00.0	50.57097	21.67119	214.74	179.203	2,406.7	1	-0.76	0.9	0.14	0.11
TABG	12295M001	2020-07-07 07:30:00.0	50.57097	21.67119	214.74	179.203	2,406.2	1.2	-0.33	1.23	0.18	0.15
TABG	12295M001	2020-07-07 08:00:00.0	50.57097	21.67119	214.746	179.209	2,399.9	1.1	-1.11	1.22	0.18	0.17
TABG	12295M001	2020-07-07 08:30:00.0	50.57097	21.67119	214.746	179.209	2,394.9	1.2	-0.8	2.23	0.14	0.19
TAR1	12296M002	2020-07-07 04:00:00.0	50.45164	18.85814	352.066	311.355	2,338.3	1.3	-0.83	0.52	0.16	0.16
TAR1	12296M002	2020-07-07 04:30:00.0	50.45164	18.85814	352.066	311.355	2,335	1.5	-0.82	0.05	0.18	0.27
TAR1	12296M002	2020-07-07 05:00:00.0	50.45164	18.85814	352.067	311.356	2,332.6	1.3	-1.21	0.78	0.18	0.22
TAR1	12296M002	2020-07-07 05:30:00.0	50.45164	18.85814	352.067	311.356	2,334	1.5	-0.99	0.87	0.24	0.28
TAR1	12296M002	2020-07-07 06:00:00.0	50.45164	18.85814	352.071	311.36	2,328.7	1.3	-1.41	-0.31	0.19	0.19
TAR1	12296M002	2020-07-07 06:30:00.0	50.45164	18.85814	352.071	311.36	2,331.8	1.3	-1.55	-0.23	0.17	0.19
TAR1	12296M002	2020-07-07 07:00:00.0	50.45164	18.85814	352.069	311.358	2,333.7	1.1	-0.23	0.46	0.15	0.15
TAR1	12296M002	2020-07-07 07:30:00.0	50.45164	18.85814	352.069	311.358	2,333.3	1.3	-0.65	0.63	0.2	0.18
TAR1	12296M002	2020-07-07 08:00:00.0	50.45164	18.85814	352.07	311.359	2,334.8	1.2	-0.8	-0.33	0.18	0.18
TAR1	12296M002	2020-07-07 08:30:00.0	50.45164	18.85814	352.07	311.359	2,330.7	1.4	-0.94	-0.46	0.14	0.22
TORU	12202M001	2020-07-07 04:00:00.0	53.01839	18.63494	118.388	88.528	2,390.6	1.1	-0.65	0.25	0.11	0.11
TORU	12202M001	2020-07-07 04:30:00.0	53.01839	18.63494	118.388	88.528	2,386.3	1.2	-1.22	0.05	0.11	0.18
TORU	12202M001	2020-07-07 05:00:00.0	53.01839	18.63494	118.387	88.527	2,378.4	1.1	-0.84	0.29	0.12	0.15
TORU	12202M001	2020-07-07 05:30:00.0	53.01839	18.63494	118.387	88.527	2,377.7	1.2	0.05	-0.28	0.16	0.15
TORU	12202M001	2020-07-07 06:00:00.0	53.01839	18.63494	118.38	88.52	2,383.6	1.1	-1.36	0.31	0.14	0.12
TORU	12202M001	2020-07-07 06:30:00.0	53.01839	18.63494	118.38	88.52	2,381.6	1.1	-0.79	0.75	0.14	0.14
TORU	12202M001	2020-07-07 07:00:00.0	53.01839	18.63494	118.381	88.521	2,385.5	0.8	0.04	0.93	0.11	0.08
TORU	12202M001	2020-07-07 07:30:00.0	53.01839	18.63494	118.381	88.521	2,385	0.8	-0.19	-0.14	0.1	0.09
TORU	12202M001	2020-07-07 08:00:00.0	53.01839	18.63494	118.381	88.521	2,386	0.9	-0.35	-0.58	0.12	0.11
TORU	12202M001	2020-07-07 08:30:00.0	53.01839	18.63494	118.381	88.521	2,380.7	0.9	-0.56	0.39	0.1	0.11
TRNW	12230M001	2020-07-07 04:00:00.0	50.01608	20.98414	277.073	239.848	2,394.7	1.2	-1.26	1.22	0.13	0.13
TRNW	12230M001	2020-07-07 04:30:00.0	50.01608	20.98414	277.073	239.848	2,392.1	1.3	-1.31	1.27	0.15	0.24
TRNW	12230M001	2020-07-07 05:00:00.0	50.01608	20.98414	277.073	239.848	2,394.6	1.2	-1.06	0.13	0.15	0.17
TRNW	12230M001	2020-07-07 05:30:00.0	50.01608	20.98414	277.073	239.848	2,399.8	1.4	-1.67	0.07	0.2	0.19
TRNW	12230M001	2020-07-07 06:00:00.0	50.01608	20.98414	277.077	239.852	2,392.8	1.3	-1.78	1.36	0.17	0.14
TRNW	12230M001	2020-07-07 06:30:00.0	50.01608	20.98414	277.077	239.852	2,391	1.3	-1.73	1.9	0.17	0.17
TRNW	12230M001	2020-07-07 07:00:00.0	50.01608	20.98414	277.08	239.855	2,385.7	1	-1.32	2.08	0.12	0.11
TRNW	12230M001	2020-07-07 07:30:00.0	50.01608	20.98414	277.08	239.855	2,379.1	1.1	-1.39	3.67	0.16	0.13
TRNW	12230M001	2020-07-07 08:00:00.0	50.01608	20.98414	277.074	239.849	2,371	1.2	-0.27	2.96	0.19	0.17
TRNW	12230M001	2020-07-07 08:30:00.0	50.01608	20.98414	277.074	239.849	2,365.5	1.2	-0.7	1.42	0.15	0.17
TRZ1	NDNT-TRZE	2020-07-07 04:00:00.0	50.16033	19.46908	373.724	332.795	2,343.6	1.2	-1.08	2.12	0.13	0.14
TRZ1	NDNT-TRZE	2020-07-07 04:30:00.0	50.16033	19.46908	373.724	332.795	2,340.7	1.3	-1.13	2.33	0.14	0.21
TRZ1	NDNT-TRZE	2020-07-07 05:00:00.0	50.16033	19.46908	373.722	332.793	2,340.5	1.1	-1.14	1.61	0.14	0.17
TRZ1	NDNT-TRZE	2020-07-07 05:30:00.0	50.16033	19.46908	373.722	332.793	2,338.4	1.4	-0.97	2.1	0.19	0.18
TRZ1	NDNT-TRZE	2020-07-07 06:00:00.0	50.16033	19.46908	373.728	332.799	2,335.9	1.3	-1.29	0.96	0.17	0.14
TRZ1	NDNT-TRZE	2020-07-07 06:30:00.0	50.16033	19.46908	373.728	332.799	2,331.4	1.2	-1.25	1.32	0.17	0.17
TRZ1	NDNT-TRZE	2020-07-07 07:00:00.0	50.16033	19.46908	373.725	332.796	2,329.3	1	-0.66	1.1	0.12	0.12
TRZ1	NDNT-TRZE	2020-07-07 07:30:00.0	50.16033	19.46908	373.725	332.796	2,325.1	1.1	-0.34	0.18	0.17	0.14
TRZ1	NDNT-TRZE	2020-07-07 08:00:00.0	50.16033	19.46908	373.723	332.794	2,323.2	1.1	0.29	-0.57	0.17	0.14
TRZ1	NDNT-TRZE	2020-07-07 08:30:00.0	50.16033	19.46908	373.723	332.794	2,322.2	1	-0.44	0.04	0.13	0.14
TUBO	11503M001	2020-07-07 04:00:00.0	49.20589	16.59283	324.586	279.844	2,336	1.3	-0.48	-0.23	0.14	0.15
TUBO	11503M001	2020-07-07 04:30:00.0	49.20589	16.59283	324.586	279.844	2,339.3	1.4	-1.13	-0.45	0.15	0.23
TUBO	11503M001	2020-07-07 05:00:00.0	49.20589	16.59283	324.582	279.84	2,341	1.2	-0.69	-0.31	0.15	0.18
TUBO	11503M001	2020-07-07 05:30:00.0	49.20589	16.59283	324.582	279.84	2,344.5	1.5	-1.14	-0.25	0.21	0.2
TUBO	11503M001	2020-07-07 06:00:00.0	49.20589	16.59283	324.564	279.822	2,347.1	1.7	-1.67	-0.11	0.24	0.21
TUBO	11503M001	2020-07-07 06:30:00.0	49.20589	16.59283	324.564	279.822	2,350.7	1.7	-1.28	-0.38	0.23	0.25
TUBO	11503M001	2020-07-07 07:00:00.0	49.20589	16.59283	324.579	279.837	2,344.1	1.3	-0.73	-0.01	0.15	0.16
TUBO	11503M001	2020-07-07 07:30:00.0	49.20589	16.59283	324.579	279.837	2,345.9	1.4	-1.14	0.25	0.2	0.19
TUBO	11503M001	2020-07-07 08:00:00.0	49.20589	16.59283	324.576	279.834	2,343.8	1.5	-1	-0.45	0.21	0.2
TUBO	11503M001	2020-07-07 08:30:00.0	49.20589	16.59283	324.576	279.834	2,345.7	1.5	-0.83	-0.74	0.17	0.21
USDL	12229M001	2020-07-07 04:00:00.0	49.43292	22.58578	529.763	494.157	2,343.8	1.5	0.72	1.08	0.25	0.27
USDL	12229M001	2020-07-07 04:30:00.0	49.43292	22.58578	529.763	494.157	2,342.2	1.5	0.22	0.67	0.19	0.3
USDL	12229M001	2020-07-07 05:00:00.0	49.43292	22.58578	529.753	494.147	2,336.8	1.3	-0.76	1.39	0.16	0.19
USDL	12229M001	2020-07-07 05:30:00.0	49.43292	22.58578	529.753	494.147	2,338.6	1.6	-1.33	-0.19	0.23	0.23
USDL	12229M001	2020-07-07 06:00:00.0	49.43292	22.58578	529.74	494.134	2,342.6	1.9	-1.88	0.24	0.31	0.27
USDL	12229M001	2020-07-07 07:00:00.0	49.43292	22.58578	529.739	494.133	2,342.3	1.4	-0.58	-0.33	0.19	0.15
USDL	12229M001	2020-07-07 07:30:00.0	49.43292	22.58578	529.739	494.133	2,342.5	1.4	-0.84	0.2	0.21	0.2
VLNS	10801M001	2020-07-07 04:00:00.0	54.65314	25.29867	240.917	215.95	2,345	1.5	-1.32	-0.22	0.2	0.24
VLNS	10801M001	2020-07-07 04:30:00.0	54.65314	25.29867	240.917	215.95	2,344.7	1.6	-1.26	0.25	0.18	0.26
VLNS	10801M001	2020-07-07 05:00:00.0	54.65314	25.29867	240.917	215.95	2,353	1.4	-1.15	1.18	0.14	0.18
VLNS	10801M001	2020-07-07 05:30:00.0	54.65314	25.29867	240.917	215.95	2,350.9	1.6	-1.25	1.36	0.17	0.17
VLNS	10801M001	2020-07-07 06:00:00.0	54.65314	25.29867	240.918	215.951	2,353.7	1.2	-1	0.67	0.16	0.15
VLNS	10801M001	2020-07-07 06:30:00.0	54.65314	25.29867	240.918	215.951	2,358.6	1.2	-1.21	0.2	0.16	0.15
VLNS	10801M001	2020-07-07 07:00:00.0	54.65314	25.29867	240.915	215.948	2,364.8	1.1	-0.2	1.1	0.14	0.12
VLNS	10801M001	2020-07-07 07:30:00.0	54.65314	25.29867	240.915	215.948	2,374.2	1.1	-0.76	2.04	0.13	0.12
VLNS	10801M001	2020-07-07 08:00:00.0	54.65314	25.29867	240.908	215.941	2,363.7	1.2	-0.41	1.83	0.17	0.17
VLNS	10801M001	2020-07-07 08:30:00.0	54.65314	25.29867	240.908	215.941	2,366.9	1.2	-0.63	1.42	0.15	0.15
WADO	NDNT-WADO	2020-07-07 04:00:00.0	49.88408	19.48592	329.981	288.467	2,364.1	1.3	-1.3	2.68	0.17	0.19
WADO	NDNT-WADO	2020-07-07 04:30:00.0	49.88408	19.48592	329.981	288.467	2,364.2	1.5	-0.94	2.32	0.19	0.3
WADO	NDNT-WADO	2020-07-07 05:00:00.0	49.88408	19.48592	329.969	288.455	2,361.3	1.3	-1.22	2.76	0.21	0.26
WADO	NDNT-WADO	2020-07-07 05:30:00.0	49.88408	19.48592	329.969	288.455	2,364	1.6	-1.32	2.88	0.28	0.31
WADO	NDNT-WADO	2020-07-07 06:00:00.0	49.88408	19.48592	329.965	288.451	2,357.2	1.3	0.6	0.04	0.19	0.16
WADO	NDNT-WADO	2020-07-07 06:30:00.0	49.88408	19.48592	329.965	288.451	2,354.6	1.3	0.32	0.92	0.19	0.19
WADO	NDNT-WADO	2020-07-07 07:00:00.0	49.88408	19.48592	329.968	288.454	2,346.1	1.1	-0.68	0.65	0.17	0.15
WADO	NDNT-WADO	2020-07-07 07:30:00.0	49.88408	19.48592	329.968	288.454	2,348.3	1.3	-1.36	0.64	0.18	0.19
WADO	NDNT-WADO	2020-07-07 08:00:00.0	49.88408	19.48592	329.964	288.45	2,348.9	1.4	0.37	0.03	0.2	0.2
WADO	NDNT-WADO	2020-07-07 08:30:00.0	49.88408	19.48592	329.964	288.45	2,339.7	1.6	0.23	0.2	0.18	0.25
WARN	14277M002	2020-07-07 04:00:00.0	54.16978	12.10142	50.822	12.683	2,396.6	1.7	-0.65	0.76	0.29	0.24
WARN	14277M002	2020-07-07 04:30:00.0	54.16978	12.10142	50.822	12.683	2,398.4	1.7	-0.54	-0.04	0.21	0.29
WARN	14277M002	2020-07-07 05:00:00.0	54.16978	12.10142	50.836	12.697	2,407	1.4	0.05	-0.23	0.17	0.24
WARN	14277M002	2020-07-07 05:30:00.0	54.16978	12.10142	50.836	12.697	2,409.2	1.7	0.04	-0.23	0.23	0.31
WARN	14277M002	2020-07-07 06:00:00.0	54.16978	12.10142	50.82	12.681	2,415.3	1.4	-0.36	-0.23	0.18	0.2
WARN	14277M002	2020-07-07 06:30:00.0	54.16978	12.10142	50.82	12.681	2,416.4	1.5	-0.99	0.06	0.18	0.22
WARN	14277M002	2020-07-07 07:00:00.0	54.16978	12.10142	50.812	12.673	2,413.2	1.3	-0.38	1.12	0.16	0.18
WARN	14277M002	2020-07-07 07:30:00.0	54.16978	12.10142	50.812	12.673	2,414.7	1.3	-0.3	0.48	0.17	0.17
WARN	14277M002	2020-07-07 08:00:00.0	54.16978	12.10142	50.813	12.674	2,409.8	1.2	-0.61	0.65	0.16	0.17
WARN	14277M002	2020-07-07 08:30:00.0	54.16978	12.10142	50.813	12.674	2,408.3	1.3	-0.17	0.16	0.14	0.18
WAT1	12297M001	2020-07-07 04:00:00.0	52.25383	20.90383	151.657	120.31	2,402	1.4	-1.04	0.11	0.18	0.19
WAT1	12297M001	2020-07-07 04:30:00.0	52.25383	20.90383	151.657	120.31	2,400.3	1.7	-1.01	0.15	0.22	0.28
WAT1	12297M001	2020-07-07 05:00:00.0	52.25383	20.90383	151.658	120.311	2,399.6	1.4	-1.14	0.22	0.19	0.22
WAT1	12297M001	2020-07-07 05:30:00.0	52.25383	20.90383	151.658	120.311	2,396.1	1.6	-0.91	0.68	0.23	0.23
WAT1	12297M001	2020-07-07 06:00:00.0	52.25383	20.90383	151.656	120.309	2,393.7	1.3	-1.81	1.52	0.19	0.17
WAT1	12297M001	2020-07-07 06:30:00.0	52.25383	20.90383	151.656	120.309	2,394	1.4	-2.3	1.28	0.22	0.2
WAT1	12297M001	2020-07-07 07:00:00.0	52.25383	20.90383	151.658	120.311	2,394.3	1.1	-2.34	0.9	0.17	0.13
WAT1	12297M001	2020-07-07 07:30:00.0	52.25383	20.90383	151.658	120.311	2,390	1.1	-1.28	0.93	0.16	0.16
WAT1	12297M001	2020-07-07 08:00:00.0	52.25383	20.90383	151.655	120.308	2,381.3	1.2	-1.8	0.99	0.18	0.17
WAT1	12297M001	2020-07-07 08:30:00.0	52.25383	20.90383	151.655	120.308	2,386.3	1.2	-1.48	-0.28	0.15	0.18
WIEL	18968M001	2020-07-07 04:00:00.0	51.21936	18.57175	233.925	196.052	2,368.8	1.3	-0.81	1.38	0.18	0.19
WIEL	18968M001	2020-07-07 04:30:00.0	51.21936	18.57175	233.925	196.052	2,370.2	1.5	-0.91	1.21	0.2	0.3
WIEL	18968M001	2020-07-07 05:00:00.0	51.21936	18.57175	233.928	196.055	2,363.6	1.6	-0.87	1.58	0.22	0.25
WIEL	18968M001	2020-07-07 05:30:00.0	51.21936	18.57175	233.928	196.055	2,369.1	1.8	-0.82	0.72	0.26	0.27
WIEL	18968M001	2020-07-07 06:00:00.0	51.21936	18.57175	233.93	196.057	2,371.2	1.3	-0.36	-0.4	0.19	0.16
WIEL	18968M001	2020-07-07 06:30:00.0	51.21936	18.57175	233.93	196.057	2,377.2	1.3	-0.09	0.59	0.23	0.2
WIEL	18968M001	2020-07-07 07:00:00.0	51.21936	18.57175	233.928	196.055	2,368.4	1.2	-0.01	0.45	0.23	0.19
WIEL	18968M001	2020-07-07 07:30:00.0	51.21936	18.57175	233.928	196.055	2,366.7	1.4	0.39	0.18	0.23	0.22
WIEL	18968M001	2020-07-07 08:00:00.0	51.21936	18.57175	233.922	196.049	2,366.7	1.2	-0.18	0.21	0.18	0.17
WIEL	18968M001	2020-07-07 08:30:00.0	51.21936	18.57175	233.922	196.049	2,355.5	1.3	0.41	0.81	0.19	0.19
WLAD	12222M001	2020-07-07 04:00:00.0	54.79675	18.41875	34.758	5.878	2,395	1.4	-0.87	-0.07	0.17	0.16
WLAD	12222M001	2020-07-07 04:30:00.0	54.79675	18.41875	34.758	5.878	2,390.5	1.6	-1.53	0.43	0.2	0.24
WLAD	12222M001	2020-07-07 05:00:00.0	54.79675	18.41875	34.764	5.884	2,390.9	1.2	-1.27	0.21	0.17	0.2
WLAD	12222M001	2020-07-07 05:30:00.0	54.79675	18.41875	34.764	5.884	2,395.1	1.4	-0.91	0.35	0.21	0.23
WLAD	12222M001	2020-07-07 06:00:00.0	54.79675	18.41875	34.763	5.883	2,397.6	1.4	-0.39	0.19	0.19	0.19
WLAD	12222M001	2020-07-07 06:30:00.0	54.79675	18.41875	34.763	5.883	2,392.6	1.4	-1.1	0.35	0.22	0.22
WLAD	12222M001	2020-07-07 07:00:00.0	54.79675	18.41875	34.761	5.881	2,384.6	1.1	-1.29	0.73	0.19	0.15
WLAD	12222M001	2020-07-07 07:30:00.0	54.79675	18.41875	34.761	5.881	2,383	1.1	-0.64	0.33	0.18	0.18
WLAD	12222M001	2020-07-07 08:00:00.0	54.79675	18.41875	34.762	5.882	2,382.9	1.2	-0.07	-0.06	0.17	0.19
WLAD	12222M001	2020-07-07 08:30:00.0	54.79675	18.41875	34.762	5.882	2,386.9	1.3	-0.1	-0.41	0.17	0.19
WLDW	12299M001	2020-07-07 04:00:00.0	51.54528	23.55719	210.979	182.324	2,401.3	1.3	-1.5	0.3	0.14	0.15
WLDW	12299M001	2020-07-07 04:30:00.0	51.54528	23.55719	210.979	182.324	2,408.6	1.5	-0.95	1.19	0.18	0.26
WLDW	12299M001	2020-07-07 05:00:00.0	51.54528	23.55719	210.978	182.323	2,404.8	1.6	-0.36	0.95	0.24	0.28
WLDW	12299M001	2020-07-07 05:30:00.0	51.54528	23.55719	210.978	182.323	2,409.4	1.8	-0.21	1.08	0.28	0.31
WLDW	12299M001	2020-07-07 06:00:00.0	51.54528	23.55719	210.98	182.325	2,415.5	1.4	-1.32	0.53	0.19	0.21
WLDW	12299M001	2020-07-07 06:30:00.0	51.54528	23.55719	210.98	182.325	2,412.9	1.4	-1.46	0.44	0.18	0.19
WLDW	12299M001	2020-07-07 07:00:00.0	51.54528	23.55719	210.973	182.318	2,407.3	1	-1.32	0.77	0.13	0.09
WLDW	12299M001	2020-07-07 07:30:00.0	51.54528	23.55719	210.973	182.318	2,402	1.2	-1.4	0.35	0.18	0.15
WLDW	12299M001	2020-07-07 08:00:00.0	51.54528	23.55719	210.977	182.322	2,397.6	1.2	0.16	-0.95	0.18	0.17
WLDW	12299M001	2020-07-07 08:30:00.0	51.54528	23.55719	210.977	182.322	2,401	1.3	-0.04	-1.37	0.16	0.16
WLOC	18999M001	2020-07-07 04:00:00.0	52.65872	19.06694	107.565	76.673	2,391.5	1.1	-1.28	1.31	0.13	0.13
WLOC	18999M001	2020-07-07 04:30:00.0	52.65872	19.06694	107.565	76.673	2,394.1	1.3	-1	0.42	0.14	0.21
WLOC	18999M001	2020-07-07 05:00:00.0	52.65872	19.06694	107.564	76.672	2,396.6	1.1	-0.76	0.22	0.14	0.17
WLOC	18999M001	2020-07-07 05:30:00.0	52.65872	19.06694	107.564	76.672	2,398.1	1.3	-0.73	0.43	0.18	0.17
WLOC	18999M001	2020-07-07 06:00:00.0	52.65872	19.06694	107.563	76.671	2,395.2	1.2	-0.84	0.9	0.16	0.14
WLOC	18999M001	2020-07-07 06:30:00.0	52.65872	19.06694	107.563	76.671	2,389.3	1.2	-0.95	0.77	0.16	0.16
WLOC	18999M001	2020-07-07 07:00:00.0	52.65872	19.06694	107.564	76.672	2,389.4	1	-0.52	0.64	0.14	0.12
WLOC	18999M001	2020-07-07 07:30:00.0	52.65872	19.06694	107.564	76.672	2,386.7	1	-0.76	0.72	0.15	0.12
WLOC	18999M001	2020-07-07 08:00:00.0	52.65872	19.06694	107.564	76.672	2,382.7	1.1	-0.78	-0.21	0.17	0.16
WLOC	18999M001	2020-07-07 08:30:00.0	52.65872	19.06694	107.564	76.672	2,383.6	1.1	-1.04	-0.3	0.13	0.16
WLOS	NDNT-WLOS	2020-07-07 04:00:00.0	50.84944	19.97483	294.427	257.076	2,364.2	1.1	-1.38	1.43	0.11	0.12
WLOS	NDNT-WLOS	2020-07-07 04:30:00.0	50.84944	19.97483	294.427	257.076	2,358.6	1.2	-1.24	2.69	0.13	0.2
WLOS	NDNT-WLOS	2020-07-07 05:00:00.0	50.84944	19.97483	294.433	257.082	2,359.9	1	-0.62	0.9	0.12	0.15
WLOS	NDNT-WLOS	2020-07-07 05:30:00.0	50.84944	19.97483	294.433	257.082	2,356.9	1.2	-0.68	0.85	0.16	0.15
WLOS	NDNT-WLOS	2020-07-07 06:00:00.0	50.84944	19.97483	294.425	257.074	2,354.7	1.1	-0.19	1.7	0.14	0.11
WLOS	NDNT-WLOS	2020-07-07 06:30:00.0	50.84944	19.97483	294.425	257.074	2,357.8	1.1	-0.6	0.85	0.14	0.13
WLOS	NDNT-WLOS	2020-07-07 07:00:00.0	50.84944	19.97483	294.427	257.076	2,353.2	0.9	0.18	0.85	0.09	0.09
WLOS	NDNT-WLOS	2020-07-07 07:30:00.0	50.84944	19.97483	294.427	257.076	2,349.6	0.9	0.07	0.02	0.12	0.11
WLOS	NDNT-WLOS	2020-07-07 08:00:00.0	50.84944	19.97483	294.42	257.069	2,342.8	0.9	-0.49	1.67	0.13	0.12
WLOS	NDNT-WLOS	2020-07-07 08:30:00.0	50.84944	19.97483	294.42	257.069	2,348.6	0.9	-0.56	0.6	0.1	0.11
WOD1	18998M001	2020-07-07 04:00:00.0	50.00017	18.45844	298.988	256.737	2,352.4	1.3	-1.2	0.63	0.14	0.16
WOD1	18998M001	2020-07-07 04:30:00.0	50.00017	18.45844	298.988	256.737	2,354.1	1.4	-1.31	0.91	0.15	0.23
WOD1	18998M001	2020-07-07 05:00:00.0	50.00017	18.45844	298.982	256.731	2,352.7	1.1	-0.83	0.07	0.14	0.17
WOD1	18998M001	2020-07-07 05:30:00.0	50.00017	18.45844	298.982	256.731	2,353.3	1.4	0.09	0.47	0.19	0.19
WOD1	18998M001	2020-07-07 06:00:00.0	50.00017	18.45844	298.983	256.732	2,353.8	1.4	-1.78	0.28	0.2	0.18
WOD1	18998M001	2020-07-07 06:30:00.0	50.00017	18.45844	298.983	256.732	2,349.4	1.4	-1.47	-0.05	0.19	0.19
WOD1	18998M001	2020-07-07 07:00:00.0	50.00017	18.45844	298.986	256.735	2,350.2	1.2	-0.63	-0.13	0.14	0.14
WOD1	18998M001	2020-07-07 07:30:00.0	50.00017	18.45844	298.986	256.735	2,348.9	1.3	-0.17	-0.11	0.19	0.16
WOD1	18998M001	2020-07-07 08:00:00.0	50.00017	18.45844	298.981	256.73	2,349.5	1.1	-1.07	-0.32	0.17	0.15
WOD1	18998M001	2020-07-07 08:30:00.0	50.00017	18.45844	298.981	256.73	2,350.6	1.1	-1.04	0.12	0.14	0.15
WRKI	18997M001	2020-07-07 04:00:00.0	52.70556	16.37108	95.27	60.76	2,386.1	1.2	-0.52	-0.48	0.15	0.15
WRKI	18997M001	2020-07-07 04:30:00.0	52.70556	16.37108	95.27	60.76	2,384.3	1.4	-0.39	-0.01	0.15	0.23
WRKI	18997M001	2020-07-07 05:00:00.0	52.70556	16.37108	95.272	60.762	2,383.8	1.3	-0.79	0.64	0.18	0.24
WRKI	18997M001	2020-07-07 05:30:00.0	52.70556	16.37108	95.272	60.762	2,383.3	1.6	-0.8	0.09	0.24	0.3
WRKI	18997M001	2020-07-07 06:00:00.0	52.70556	16.37108	95.274	60.764	2,386.8	1.3	-1.54	0.3	0.18	0.18
WRKI	18997M001	2020-07-07 06:30:00.0	52.70556	16.37108	95.274	60.764	2,387.4	1.3	-1.76	-0.33	0.18	0.2
WRKI	18997M001	2020-07-07 07:00:00.0	52.70556	16.37108	95.28	60.77	2,387.4	1.1	-0.96	-0.29	0.18	0.14
WRKI	18997M001	2020-07-07 07:30:00.0	52.70556	16.37108	95.28	60.77	2,390.9	1.1	-0.36	0.58	0.21	0.14
WRKI	18997M001	2020-07-07 08:00:00.0	52.70556	16.37108	95.277	60.767	2,384.6	1.2	-0.94	1.11	0.17	0.18
WRKI	18997M001	2020-07-07 08:30:00.0	52.70556	16.37108	95.277	60.767	2,384.6	1.3	-1	1.06	0.15	0.18
WROC	12217M001	2020-07-07 04:00:00.0	51.11325	17.06206	180.816	140.54	2,380.6	1.6	-0.93	-0.21	0.3	0.26
WROC	12217M001	2020-07-07 04:30:00.0	51.11325	17.06206	180.816	140.54	2,377.4	1.7	-1.15	0.35	0.25	0.3
WROC	12217M001	2020-07-07 05:00:00.0	51.11325	17.06206	180.816	140.54	2,377.9	1.3	-0.61	0.35	0.16	0.21
WROC	12217M001	2020-07-07 05:30:00.0	51.11325	17.06206	180.816	140.54	2,376	1.6	-1.02	-0.44	0.23	0.25
WROC	12217M001	2020-07-07 06:00:00.0	51.11325	17.06206	180.818	140.542	2,375	1.3	-0.45	-0.16	0.19	0.17
WROC	12217M001	2020-07-07 06:30:00.0	51.11325	17.06206	180.818	140.542	2,381.7	1.4	-0.15	-0.18	0.19	0.19
WROC	12217M001	2020-07-07 07:00:00.0	51.11325	17.06206	180.816	140.54	2,380	1.3	-0.08	-0.14	0.18	0.18
WROC	12217M001	2020-07-07 07:30:00.0	51.11325	17.06206	180.816	140.54	2,380.4	1.4	0.06	-0.18	0.22	0.2
WROC	12217M001	2020-07-07 08:00:00.0	51.11325	17.06206	180.812	140.536	2,377.1	1.3	-0.39	-0.4	0.2	0.18
WROC	12217M001	2020-07-07 08:30:00.0	51.11325	17.06206	180.812	140.536	2,378.9	1.4	-0.37	-0.18	0.14	0.2
WROE	MUSE-WROE	2020-07-07 04:00:00.0	51.11325	17.06206	180.719	140.443	2,379.5	1.3	-1.2	-0.38	0.17	0.18
WROE	MUSE-WROE	2020-07-07 04:30:00.0	51.11325	17.06206	180.719	140.443	2,376.5	1.4	-1.01	0.12	0.17	0.25
WROE	MUSE-WROE	2020-07-07 05:00:00.0	51.11325	17.06206	180.719	140.443	2,376.2	1.2	-1.02	0.44	0.16	0.2
WROE	MUSE-WROE	2020-07-07 05:30:00.0	51.11325	17.06206	180.719	140.443	2,377.3	1.5	-1.3	0.45	0.22	0.24
WROE	MUSE-WROE	2020-07-07 06:00:00.0	51.11325	17.06206	180.723	140.447	2,374.7	1.3	-0.42	-0.38	0.18	0.17
WROE	MUSE-WROE	2020-07-07 06:30:00.0	51.11325	17.06206	180.723	140.447	2,376.9	1.3	-0.6	-0.14	0.18	0.19
WROE	MUSE-WROE	2020-07-07 07:00:00.0	51.11325	17.06206	180.724	140.448	2,377	1.3	-0.59	-0.18	0.18	0.18
WROE	MUSE-WROE	2020-07-07 07:30:00.0	51.11325	17.06206	180.724	140.448	2,381.3	1.4	-0.38	-0.07	0.21	0.2
WROE	MUSE-WROE	2020-07-07 08:00:00.0	51.11325	17.06206	180.724	140.448	2,377.8	1.3	-0.46	-0.65	0.2	0.18
WROE	MUSE-WROE	2020-07-07 08:30:00.0	51.11325	17.06206	180.724	140.448	2,378.7	1.4	-0.55	-0.17	0.14	0.2
ZAWA	NDNT-ZAWA	2020-07-07 04:00:00.0	50.60956	18.48086	264.414	224	2,363.8	1.3	-0.7	0.83	0.14	0.15
ZAWA	NDNT-ZAWA	2020-07-07 04:30:00.0	50.60956	18.48086	264.414	224	2,362.4	1.4	-0.78	1.04	0.15	0.23
ZAWA	NDNT-ZAWA	2020-07-07 05:00:00.0	50.60956	18.48086	264.41	223.996	2,364.2	1.2	-0.85	0.73	0.15	0.18
ZAWA	NDNT-ZAWA	2020-07-07 05:30:00.0	50.60956	18.48086	264.41	223.996	2,365.7	1.4	-1	0.58	0.2	0.21
ZAWA	NDNT-ZAWA	2020-07-07 06:00:00.0	50.60956	18.48086	264.409	223.995	2,360.9	1.4	-0.03	-0.49	0.2	0.2
ZAWA	NDNT-ZAWA	2020-07-07 06:30:00.0	50.60956	18.48086	264.409	223.995	2,361.7	1.4	-0.53	-0.28	0.19	0.2
ZAWA	NDNT-ZAWA	2020-07-07 07:00:00.0	50.60956	18.48086	264.419	224.005	2,360.3	1.3	-0.83	0.43	0.16	0.16
ZAWA	NDNT-ZAWA	2020-07-07 07:30:00.0	50.60956	18.48086	264.419	224.005	2,362.1	1.4	-1.46	0.93	0.21	0.18
ZAWA	NDNT-ZAWA	2020-07-07 08:00:00.0	50.60956	18.48086	264.416	224.002	2,353.4	1.1	-0.4	0.1	0.18	0.15
ZAWA	NDNT-ZAWA	2020-07-07 08:30:00.0	50.60956	18.48086	264.416	224.002	2,355.8	1.1	-0.29	-0.08	0.14	0.15
ZAWI	NDNT-ZAWI	2020-07-07 04:00:00.0	50.49467	19.41042	382.92	343.178	2,333.1	1.1	-0.99	1.59	0.09	0.1
ZAWI	NDNT-ZAWI	2020-07-07 04:30:00.0	50.49467	19.41042	382.92	343.178	2,330.2	1.1	-1.81	1.42	0.1	0.16
ZAWI	NDNT-ZAWI	2020-07-07 05:00:00.0	50.49467	19.41042	382.915	343.173	2,332.3	1	-1.17	1.56	0.1	0.13
ZAWI	NDNT-ZAWI	2020-07-07 05:30:00.0	50.49467	19.41042	382.915	343.173	2,328.9	1.1	-0.54	1.46	0.14	0.13
ZAWI	NDNT-ZAWI	2020-07-07 06:00:00.0	50.49467	19.41042	382.914	343.172	2,326.2	1.2	-0.23	0.7	0.15	0.13
ZAWI	NDNT-ZAWI	2020-07-07 06:30:00.0	50.49467	19.41042	382.914	343.172	2,327	1.2	0.01	0.94	0.15	0.15
ZAWI	NDNT-ZAWI	2020-07-07 07:00:00.0	50.49467	19.41042	382.918	343.176	2,324.2	1	-0.26	0.47	0.11	0.11
ZAWI	NDNT-ZAWI	2020-07-07 07:30:00.0	50.49467	19.41042	382.918	343.176	2,325.5	1.1	-0.54	0.34	0.14	0.12
ZAWI	NDNT-ZAWI	2020-07-07 08:00:00.0	50.49467	19.41042	382.917	343.175	2,321.6	0.9	-0.31	-0.17	0.13	0.12
ZAWI	NDNT-ZAWI	2020-07-07 08:30:00.0	50.49467	19.41042	382.917	343.175	2,323.4	0.9	-0.37	-0.5	0.1	0.11
ZIGR	18995M001	2020-07-07 04:00:00.0	51.94031	15.51431	225.627	186.01	2,358.1	1.3	-1.31	-0.57	0.15	0.16
ZIGR	18995M001	2020-07-07 04:30:00.0	51.94031	15.51431	225.627	186.01	2,351.8	1.4	-1.82	-0.85	0.17	0.26
ZIGR	18995M001	2020-07-07 05:00:00.0	51.94031	15.51431	225.625	186.008	2,357.4	1.3	-0.81	-0.98	0.17	0.21
ZIGR	18995M001	2020-07-07 05:30:00.0	51.94031	15.51431	225.625	186.008	2,358.3	1.6	0.05	-1.23	0.21	0.23
ZIGR	18995M001	2020-07-07 06:00:00.0	51.94031	15.51431	225.623	186.006	2,354.6	1.3	-0.61	-0.63	0.18	0.18
ZIGR	18995M001	2020-07-07 06:30:00.0	51.94031	15.51431	225.623	186.006	2,356.7	1.3	-0.62	0.02	0.17	0.2
ZIGR	18995M001	2020-07-07 07:00:00.0	51.94031	15.51431	225.621	186.004	2,362.7	1	-0.85	0.37	0.13	0.13
ZIGR	18995M001	2020-07-07 07:30:00.0	51.94031	15.51431	225.621	186.004	2,358.1	1.1	-0.82	0.11	0.18	0.14
ZIGR	18995M001	2020-07-07 08:00:00.0	51.94031	15.51431	225.624	186.007	2,350	1.3	-0.74	0.18	0.19	0.18
ZIGR	18995M001	2020-07-07 08:30:00.0	51.94031	15.51431	225.624	186.007	2,348.5	1.4	-0.72	-0.01	0.16	0.19
ZIM2	14001M008	2020-07-07 04:00:00.0	46.87708	7.46503	956.426	907.589	2,165.8	2.3	-0.93	-1.46	0.31	0.3
ZIM2	14001M008	2020-07-07 04:30:00.0	46.87708	7.46503	956.426	907.589	2,163.1	2.1	-1.13	-1.37	0.24	0.33
ZIM2	14001M008	2020-07-07 05:00:00.0	46.87708	7.46503	956.439	907.602	2,154.8	1.6	-0.44	-0.15	0.18	0.24
ZIM2	14001M008	2020-07-07 05:30:00.0	46.87708	7.46503	956.439	907.602	2,159.9	1.8	-1.31	-0.13	0.24	0.29
ZIM2	14001M008	2020-07-07 06:00:00.0	46.87708	7.46503	956.448	907.611	2,157.9	1.6	-1.44	0.33	0.22	0.24
ZIM2	14001M008	2020-07-07 06:30:00.0	46.87708	7.46503	956.448	907.611	2,155.9	1.6	-0.9	-0.22	0.19	0.28
ZIM2	14001M008	2020-07-07 07:00:00.0	46.87708	7.46503	956.449	907.612	2,153.5	1.5	-0.5	-0.7	0.18	0.21
ZIM2	14001M008	2020-07-07 07:30:00.0	46.87708	7.46503	956.449	907.612	2,154.6	1.6	-0.65	-0.7	0.24	0.22
ZIM2	14001M008	2020-07-07 08:00:00.0	46.87708	7.46503	956.438	907.601	2,152.8	1.6	-0.83	-1.18	0.17	0.21
ZIM2	14001M008	2020-07-07 08:30:00.0	46.87708	7.46503	956.438	907.601	2,153	1.8	-0.53	-1.4	0.17	0.24
ZYWE	NDNT-ZYWE	2020-07-07 04:00:00.0	49.68817	19.19736	405.802	363.692	2,336.3	1.2	-1.41	2.47	0.15	0.16
ZYWE	NDNT-ZYWE	2020-07-07 04:30:00.0	49.68817	19.19736	405.802	363.692	2,340.5	1.3	-0.97	2.06	0.15	0.22
ZYWE	NDNT-ZYWE	2020-07-07 05:00:00.0	49.68817	19.19736	405.803	363.693	2,338.9	1.1	-0.73	1.9	0.14	0.17
ZYWE	NDNT-ZYWE	2020-07-07 05:30:00.0	49.68817	19.19736	405.803	363.693	2,337.9	1.4	-1.27	0.83	0.2	0.18
ZYWE	NDNT-ZYWE	2020-07-07 06:00:00.0	49.68817	19.19736	405.809	363.699	2,329.2	1.4	-1.24	1.1	0.19	0.16
ZYWE	NDNT-ZYWE	2020-07-07 06:30:00.0	49.68817	19.19736	405.809	363.699	2,328.4	1.4	-1.03	1.36	0.19	0.19
ZYWE	NDNT-ZYWE	2020-07-07 07:00:00.0	49.68817	19.19736	405.813	363.703	2,322.9	1.2	-0.29	0.42	0.16	0.14
ZYWE	NDNT-ZYWE	2020-07-07 07:30:00.0	49.68817	19.19736	405.813	363.703	2,323.4	1.3	0.13	0.1	0.19	0.16
ZYWE	NDNT-ZYWE	2020-07-07 08:00:00.0	49.68817	19.19736	405.804	363.694	2,317.5	1.1	0.56	0.34	0.18	0.15
ZYWE	NDNT-ZYWE	2020-07-07 08:30:00.0	49.68817	19.19736	405.804	363.694	2,320.8	1.1	-0.29	0.39	0.14	0.14
ZYWI	12220S001	2020-07-07 04:00:00.0	49.68669	19.20597	412.778	370.676	2,331.1	1.5	-1.55	2.44	0.25	0.26
ZYWI	12220S001	2020-07-07 04:30:00.0	49.68669	19.20597	412.778	370.676	2,331.9	1.5	-1.17	1.18	0.19	0.29
ZYWI	12220S001	2020-07-07 05:00:00.0	49.68669	19.20597	412.769	370.667	2,332.6	1.2	-0.85	1.19	0.16	0.2
ZYWI	12220S001	2020-07-07 05:30:00.0	49.68669	19.20597	412.769	370.667	2,331.2	1.5	-0.67	1.61	0.24	0.25
ZYWI	12220S001	2020-07-07 06:00:00.0	49.68669	19.20594	412.773	370.671	2,323.3	2	-0.9	0.67	0.33	0.31
ZYWI	12220S001	2020-07-07 07:00:00.0	49.68669	19.20597	412.777	370.675	2,321	1.4	-0.89	0.47	0.24	0.17
ZYWI	12220S001	2020-07-07 07:30:00.0	49.68669	19.20597	412.777	370.675	2,320.4	1.4	-0.98	0.58	0.21	0.17
BART	12234M001	2020-07-07 09:30:00.0	54.25069	20.81544	93.242	65.268	2,391.7	1.2	-0.76	0.39	0.16	0.14
BART	12234M001	2020-07-07 10:00:00.0	54.25069	20.81544	93.235	65.261	2,399.1	1.1	-0.04	0.33	0.14	0.15
BART	12234M001	2020-07-07 10:30:00.0	54.25069	20.81544	93.235	65.261	2,395	1.4	-0.52	0.77	0.18	0.21
BART	12234M001	2020-07-07 11:00:00.0	54.25069	20.81544	93.234	65.26	2,401.1	1.5	-0.24	-0.88	0.26	0.21
BART	12234M001	2020-07-07 11:30:00.0	54.25069	20.81544	93.234	65.26	2,393.6	1.8	-0.15	-0.14	0.31	0.31
BART	12234M001	2020-07-07 12:00:00.0	54.25069	20.81544	93.239	65.265	2,392.8	1.6	-1.19	0.32	0.25	0.22
BART	12234M001	2020-07-07 12:30:00.0	54.25069	20.81544	93.239	65.265	2,393.3	1.4	-1.87	-0.1	0.17	0.19
BART	12234M001	2020-07-07 13:00:00.0	54.25069	20.81544	93.233	65.259	2,394.3	1.1	-1.4	-0.01	0.13	0.15
BART	12234M001	2020-07-07 13:30:00.0	54.25069	20.81544	93.233	65.259	2,388.6	1.3	-1.19	-0.39	0.19	0.2
BART	12234M001	2020-07-07 14:00:00.0	54.25069	20.81544	93.234	65.26	2,386.9	1.2	-1.81	1.12	0.21	0.19
BART	12234M001	2020-07-07 14:30:00.0	54.25069	20.81544	93.234	65.26	2,385.1	1.4	-1.04	1.13	0.29	0.25
BART	12234M001	2020-07-07 15:00:00.0	54.25069	20.81544	93.233	65.259	2,389.4	1.5	0.77	0.03	0.21	0.24
BART	12234M001	2020-07-07 15:30:00.0	54.25069	20.81544	93.233	65.259	2,396.2	1.4	0.45	0.46	0.18	0.29
BART	12234M001	2020-07-07 16:00:00.0	54.25069	20.81544	93.236	65.262	2,391.3	1.5	-1.33	0.73	0.18	0.28
BART	12234M001	2020-07-07 16:30:00.0	54.25069	20.81544	93.236	65.262	2,389.5	1.4	-1.85	0.72	0.18	0.3
BART	12234M001	2020-07-07 17:00:00.0	54.25069	20.81544	93.234	65.26	2,395.7	1.2	-1.31	-0.42	0.17	0.21
BART	12234M001	2020-07-07 17:30:00.0	54.25069	20.81544	93.234	65.26	2,397.9	1.1	-0.74	-0.89	0.14	0.18
BART	12234M001	2020-07-07 18:00:00.0	54.25069	20.81544	93.239	65.265	2,410.3	1.1	-2.01	-1.69	0.17	0.16
BART	12234M001	2020-07-07 18:30:00.0	54.25069	20.81544	93.239	65.265	2,411	1.1	-2.03	-0.38	0.17	0.16
BART	12234M001	2020-07-07 19:00:00.0	54.25069	20.81544	93.239	65.265	2,403	1	-1.32	0.54	0.13	0.12
BEDZ	NDNT-BEDZ	2020-07-07 09:30:00.0	50.34453	19.15936	315.215	274.423	2,347.1	1.2	-0.18	-0.21	0.15	0.16
BEDZ	NDNT-BEDZ	2020-07-07 10:00:00.0	50.34453	19.15936	315.212	274.42	2,345.1	1.1	0.08	0.1	0.13	0.15
BEDZ	NDNT-BEDZ	2020-07-07 10:30:00.0	50.34453	19.15936	315.212	274.42	2,342.9	1.3	0.03	-0.04	0.19	0.17
BEDZ	NDNT-BEDZ	2020-07-07 11:00:00.0	50.34453	19.15936	315.212	274.42	2,344.5	1.3	-0.71	-0.34	0.23	0.15
BEDZ	NDNT-BEDZ	2020-07-07 11:30:00.0	50.34453	19.15936	315.212	274.42	2,339.5	1.6	-0.34	-0.69	0.3	0.2
BEDZ	NDNT-BEDZ	2020-07-07 12:00:00.0	50.34453	19.15936	315.212	274.42	2,345.1	1.4	0.07	-0.05	0.21	0.16
BEDZ	NDNT-BEDZ	2020-07-07 12:30:00.0	50.34453	19.15936	315.212	274.42	2,344.1	1.3	0.04	0.28	0.16	0.19
BEDZ	NDNT-BEDZ	2020-07-07 13:00:00.0	50.34453	19.15936	315.212	274.42	2,349.4	1.3	-0.21	-0.45	0.15	0.17
BEDZ	NDNT-BEDZ	2020-07-07 13:30:00.0	50.34453	19.15936	315.212	274.42	2,347.3	1.3	-0.52	-0.24	0.17	0.19
BEDZ	NDNT-BEDZ	2020-07-07 14:00:00.0	50.34453	19.15936	315.215	274.423	2,339.8	1.2	-1.04	0.07	0.19	0.2
BEDZ	NDNT-BEDZ	2020-07-07 14:30:00.0	50.34453	19.15936	315.215	274.423	2,341.6	1.5	-0.96	0.43	0.29	0.25
BEDZ	NDNT-BEDZ	2020-07-07 15:00:00.0	50.34453	19.15936	315.216	274.424	2,345	1.4	-0.15	0.29	0.21	0.17
BEDZ	NDNT-BEDZ	2020-07-07 15:30:00.0	50.34453	19.15936	315.216	274.424	2,342	1.4	0.01	0.11	0.19	0.22
BEDZ	NDNT-BEDZ	2020-07-07 16:00:00.0	50.34453	19.15936	315.221	274.429	2,340.2	1.2	-0.62	0.31	0.15	0.16
BEDZ	NDNT-BEDZ	2020-07-07 16:30:00.0	50.34453	19.15936	315.221	274.429	2,338.7	1.3	-0.02	0.78	0.17	0.2
BEDZ	NDNT-BEDZ	2020-07-07 17:00:00.0	50.34453	19.15936	315.221	274.429	2,336.4	1.2	0.51	0.1	0.17	0.19
BEDZ	NDNT-BEDZ	2020-07-07 17:30:00.0	50.34453	19.15936	315.221	274.429	2,342	1.1	0.25	0.48	0.14	0.18
BEDZ	NDNT-BEDZ	2020-07-07 18:00:00.0	50.34453	19.15936	315.223	274.431	2,336.4	1.2	-0.15	-0.37	0.15	0.17
BEDZ	NDNT-BEDZ	2020-07-07 18:30:00.0	50.34453	19.15936	315.223	274.431	2,337.9	1.2	-0.38	-0.07	0.18	0.17
BEDZ	NDNT-BEDZ	2020-07-07 19:00:00.0	50.34453	19.15936	315.222	274.43	2,338.1	0.9	-0.76	-0.39	0.12	0.11
BES1	MUSE-BES1	2020-07-07 09:30:00.0	50.32831	19.12436	310.627	269.727	2,347.2	1.6	-0.82	-0.96	0.21	0.23
BES1	MUSE-BES1	2020-07-07 10:00:00.0	50.32831	19.12436	310.62	269.72	2,344.1	1.2	-0.11	-1.11	0.14	0.17
BES1	MUSE-BES1	2020-07-07 10:30:00.0	50.32831	19.12436	310.62	269.72	2,343.5	1.5	0	-0.49	0.21	0.26
BES1	MUSE-BES1	2020-07-07 11:00:00.0	50.32831	19.12436	310.624	269.724	2,344.8	2	-0.34	-0.43	0.3	0.28
BES1	MUSE-BES1	2020-07-07 11:30:00.0	50.32831	19.12436	310.624	269.724	2,348.4	2.1	-0.82	-0.65	0.35	0.36
BES1	MUSE-BES1	2020-07-07 12:00:00.0	50.32831	19.12436	310.627	269.727	2,354.1	1.7	-0.25	-0.27	0.25	0.28
BES1	MUSE-BES1	2020-07-07 12:30:00.0	50.32831	19.12436	310.627	269.727	2,349.4	1.6	0.4	0.35	0.2	0.31
BES1	MUSE-BES1	2020-07-07 13:00:00.0	50.32831	19.12436	310.628	269.728	2,344	1.4	0.17	-0.04	0.17	0.23
BES1	MUSE-BES1	2020-07-07 13:30:00.0	50.32831	19.12436	310.628	269.728	2,345.3	1.5	-0.68	-0.2	0.24	0.28
BES1	MUSE-BES1	2020-07-07 14:00:00.0	50.32831	19.12436	310.626	269.726	2,343.9	1.5	-1.31	0.23	0.26	0.22
BES1	MUSE-BES1	2020-07-07 14:30:00.0	50.32831	19.12436	310.626	269.726	2,342.4	1.8	-1.45	-0.42	0.36	0.27
BES1	MUSE-BES1	2020-07-07 15:00:00.0	50.32831	19.12436	310.622	269.722	2,350.9	1.7	-0.02	-0.09	0.27	0.25
BES1	MUSE-BES1	2020-07-07 15:30:00.0	50.32831	19.12436	310.622	269.722	2,352.4	1.8	1.06	-0.15	0.24	0.35
BES1	MUSE-BES1	2020-07-07 16:00:00.0	50.32831	19.12436	310.629	269.729	2,340.8	1.5	-0.68	1.62	0.21	0.27
BES1	MUSE-BES1	2020-07-07 16:30:00.0	50.32831	19.12436	310.629	269.729	2,335.7	1.6	-0.59	1.01	0.24	0.36
BES1	MUSE-BES1	2020-07-07 17:00:00.0	50.32831	19.12436	310.632	269.732	2,336.6	1.3	-0.97	1.11	0.2	0.25
BES1	MUSE-BES1	2020-07-07 17:30:00.0	50.32831	19.12436	310.632	269.732	2,338.2	1.4	-0.66	1.3	0.19	0.3
BES1	MUSE-BES1	2020-07-07 18:00:00.0	50.32831	19.12436	310.637	269.737	2,334.9	1.3	-0.33	0.59	0.17	0.22
BES1	MUSE-BES1	2020-07-07 18:30:00.0	50.32831	19.12436	310.637	269.737	2,335.7	1.4	-0.28	0.18	0.2	0.21
BES1	MUSE-BES1	2020-07-07 19:00:00.0	50.32831	19.12436	310.639	269.739	2,336.9	1	-0.71	0.01	0.13	0.14
BIA2	NDNT-BIAL	2020-07-07 09:30:00.0	49.39022	20.09875	754.866	713.427	2,216.8	1.4	-0.03	-0.09	0.19	0.19
BIA2	NDNT-BIAL	2020-07-07 10:00:00.0	49.39022	20.09875	754.865	713.426	2,214.8	1.1	-0.31	-0.44	0.14	0.16
BIA2	NDNT-BIAL	2020-07-07 10:30:00.0	49.39022	20.09875	754.865	713.426	2,218.9	1.6	-0.71	-0.97	0.21	0.23
BIA2	NDNT-BIAL	2020-07-07 11:00:00.0	49.39022	20.09875	754.864	713.425	2,216.7	1.3	-0.93	-1.13	0.24	0.14
BIA2	NDNT-BIAL	2020-07-07 11:30:00.0	49.39022	20.09875	754.864	713.425	2,209.1	1.6	-0.02	-1.2	0.3	0.21
BIA2	NDNT-BIAL	2020-07-07 12:00:00.0	49.39022	20.09875	754.865	713.426	2,219.7	1.3	-0.25	0.05	0.2	0.16
BIA2	NDNT-BIAL	2020-07-07 12:30:00.0	49.39022	20.09875	754.865	713.426	2,221.4	1.2	-0.88	-0.36	0.15	0.18
BIA2	NDNT-BIAL	2020-07-07 13:00:00.0	49.39022	20.09875	754.866	713.427	2,222.6	1.2	-1.37	0.12	0.15	0.14
BIA2	NDNT-BIAL	2020-07-07 13:30:00.0	49.39022	20.09875	754.866	713.427	2,222.4	1.4	-0.84	0.07	0.18	0.2
BIA2	NDNT-BIAL	2020-07-07 14:00:00.0	49.39022	20.09875	754.868	713.429	2,217.5	1.2	-0.47	0.22	0.17	0.2
BIA2	NDNT-BIAL	2020-07-07 14:30:00.0	49.39022	20.09875	754.868	713.429	2,218.5	1.7	-1.12	-0.67	0.29	0.28
BIA2	NDNT-BIAL	2020-07-07 15:00:00.0	49.39022	20.09875	754.869	713.43	2,212.8	1.3	-0.02	0.85	0.21	0.17
BIA2	NDNT-BIAL	2020-07-07 15:30:00.0	49.39022	20.09875	754.869	713.43	2,214.2	1.3	0.03	0.73	0.18	0.21
BIA2	NDNT-BIAL	2020-07-07 16:00:00.0	49.39022	20.09875	754.868	713.429	2,214.3	1.1	-1.01	-0.09	0.15	0.16
BIA2	NDNT-BIAL	2020-07-07 16:30:00.0	49.39022	20.09875	754.868	713.429	2,208.6	1.3	-1.36	-0.69	0.16	0.22
BIA2	NDNT-BIAL	2020-07-07 17:00:00.0	49.39022	20.09875	754.866	713.427	2,213.4	1.3	-0.67	-0.46	0.18	0.2
BIA2	NDNT-BIAL	2020-07-07 17:30:00.0	49.39022	20.09875	754.866	713.427	2,216.1	1.2	-0.47	-0.75	0.16	0.22
BIA2	NDNT-BIAL	2020-07-07 18:00:00.0	49.39022	20.09875	754.867	713.428	2,213.4	1.1	-0.62	-0.45	0.15	0.16
BIA2	NDNT-BIAL	2020-07-07 18:30:00.0	49.39022	20.09875	754.867	713.428	2,213.9	1.3	-0.58	-1.09	0.19	0.18
BIA2	NDNT-BIAL	2020-07-07 19:00:00.0	49.39022	20.09875	754.857	713.418	2,213.8	0.9	-0.51	-0.82	0.12	0.11
BILG	12236M001	2020-07-07 09:30:00.0	50.5315	22.71858	242.987	209.298	2,400.8	1.3	-0.37	-0.86	0.16	0.16
BILG	12236M001	2020-07-07 10:00:00.0	50.5315	22.71858	242.99	209.301	2,398.8	1.1	-1.28	-0.36	0.12	0.13
BILG	12236M001	2020-07-07 10:30:00.0	50.5315	22.71858	242.99	209.301	2,400.3	1.4	0.06	0.3	0.18	0.18
BILG	12236M001	2020-07-07 11:00:00.0	50.5315	22.71858	242.983	209.294	2,389.2	1.2	-0.15	2.46	0.24	0.14
BILG	12236M001	2020-07-07 11:30:00.0	50.5315	22.71858	242.983	209.294	2,392.8	1.5	-1.1	2.14	0.28	0.18
BILG	12236M001	2020-07-07 12:00:00.0	50.5315	22.71858	242.975	209.286	2,380.2	1.4	-2.72	2.79	0.21	0.17
BILG	12236M001	2020-07-07 12:30:00.0	50.5315	22.71858	242.975	209.286	2,366.8	1.3	-1.82	2.57	0.16	0.18
BILG	12236M001	2020-07-07 13:00:00.0	50.5315	22.71858	242.975	209.286	2,373.1	1.2	-0.52	0.48	0.15	0.15
BILG	12236M001	2020-07-07 13:30:00.0	50.5315	22.71858	242.975	209.286	2,370.1	1.3	-2.11	0.84	0.19	0.19
BILG	12236M001	2020-07-07 14:00:00.0	50.5315	22.71858	242.982	209.293	2,349.7	1.3	-1.47	0.82	0.2	0.18
BILG	12236M001	2020-07-07 14:30:00.0	50.5315	22.71858	242.982	209.293	2,348.6	1.6	-2.36	2.56	0.28	0.23
BILG	12236M001	2020-07-07 15:00:00.0	50.5315	22.71858	242.977	209.288	2,353.8	1.4	-0.91	0.83	0.2	0.16
BILG	12236M001	2020-07-07 15:30:00.0	50.5315	22.71858	242.977	209.288	2,360.1	1.5	-0.48	1.22	0.18	0.21
BILG	12236M001	2020-07-07 16:00:00.0	50.5315	22.71858	242.984	209.295	2,358.3	1.2	-1.31	0.95	0.16	0.17
BILG	12236M001	2020-07-07 16:30:00.0	50.5315	22.71858	242.984	209.295	2,356.3	1.3	-0.55	1.46	0.15	0.25
BILG	12236M001	2020-07-07 17:00:00.0	50.5315	22.71858	242.981	209.292	2,355.8	1.3	-0.38	0.14	0.17	0.19
BILG	12236M001	2020-07-07 17:30:00.0	50.5315	22.71858	242.981	209.292	2,367.1	1.2	0.69	-0.06	0.14	0.17
BILG	12236M001	2020-07-07 18:00:00.0	50.5315	22.71858	242.97	209.281	2,361.1	1.3	-0.83	0.49	0.18	0.17
BILG	12236M001	2020-07-07 18:30:00.0	50.5315	22.71858	242.97	209.281	2,352.3	1.3	-0.87	0.51	0.19	0.17
BILG	12236M001	2020-07-07 19:00:00.0	50.5315	22.71858	242.969	209.28	2,349.7	1	-0.65	0.42	0.1	0.1
BOGI	12207M003	2020-07-07 09:30:00.0	52.475	21.03522	139.971	109.163	2,390.8	1.2	-0.18	-0.2	0.18	0.17
BOGI	12207M003	2020-07-07 10:00:00.0	52.475	21.03522	139.963	109.155	2,387.3	1.1	-0.77	0.59	0.15	0.16
BOGI	12207M003	2020-07-07 10:30:00.0	52.475	21.03522	139.963	109.155	2,375.7	1.5	0.48	0.45	0.24	0.24
BOGI	12207M003	2020-07-07 11:00:00.0	52.475	21.03522	139.957	109.149	2,373.3	1.4	0.75	2.34	0.28	0.19
BOGI	12207M003	2020-07-07 11:30:00.0	52.475	21.03522	139.957	109.149	2,386.9	1.7	1.02	2.35	0.32	0.26
BOGI	12207M003	2020-07-07 12:00:00.0	52.475	21.03522	139.965	109.157	2,388.1	1.5	-0.41	1.14	0.23	0.23
BOGI	12207M003	2020-07-07 12:30:00.0	52.475	21.03522	139.965	109.157	2,389.1	1.5	0.21	0.79	0.23	0.24
BOGI	12207M003	2020-07-07 13:00:00.0	52.475	21.03522	139.97	109.162	2,384.9	1.3	0.33	1.75	0.2	0.2
BOGI	12207M003	2020-07-07 13:30:00.0	52.475	21.03522	139.97	109.162	2,386.9	1.6	-2.03	2.07	0.25	0.26
BOGI	12207M003	2020-07-07 14:00:00.0	52.475	21.03522	139.968	109.16	2,384.3	1.3	0.06	-0.09	0.23	0.21
BOGI	12207M003	2020-07-07 14:30:00.0	52.475	21.03522	139.968	109.16	2,391.8	1.6	0.92	-0.42	0.32	0.25
BOGI	12207M003	2020-07-07 15:00:00.0	52.475	21.03522	139.981	109.173	2,380.8	1.4	0.67	1.47	0.25	0.18
BOGI	12207M003	2020-07-07 15:30:00.0	52.475	21.03522	139.981	109.173	2,379.8	1.6	0.91	1.19	0.26	0.27
BOGI	12207M003	2020-07-07 16:00:00.0	52.475	21.03522	139.978	109.17	2,375.7	1.3	0.58	1.81	0.19	0.21
BOGI	12207M003	2020-07-07 16:30:00.0	52.475	21.03522	139.978	109.17	2,370.7	1.4	-0.47	1.4	0.22	0.3
BOGI	12207M003	2020-07-07 17:00:00.0	52.475	21.03522	139.971	109.163	2,362.3	1.8	0.27	0.27	0.28	0.37
BOGI	12207M003	2020-07-07 17:30:00.0	52.475	21.03522	139.971	109.163	2,376.2	2.1	0.59	0.94	0.32	0.42
BOGI	12207M003	2020-07-07 18:00:00.0	52.475	21.03522	139.965	109.157	2,375.9	1.5	-0.19	-0.37	0.25	0.26
BOGI	12207M003	2020-07-07 18:30:00.0	52.475	21.03522	139.965	109.157	2,379.2	1.5	0.87	-0.88	0.25	0.27
BOGI	12207M003	2020-07-07 19:00:00.0	52.475	21.03522	139.967	109.159	2,375.4	1.1	0.75	-0.72	0.17	0.15
BOGO	12207M002	2020-07-07 09:30:00.0	52.47594	21.03536	149.619	118.813	2,387.8	1.3	-0.97	0.84	0.2	0.2
BOGO	12207M002	2020-07-07 10:00:00.0	52.47594	21.03536	149.611	118.805	2,385.9	1.2	-0.73	0.58	0.17	0.18
BOGO	12207M002	2020-07-07 10:30:00.0	52.47594	21.03536	149.611	118.805	2,374.4	1.5	-0.55	1.47	0.25	0.25
BOGO	12207M002	2020-07-07 11:00:00.0	52.47594	21.03536	149.612	118.806	2,371	1.5	-0.99	1.5	0.29	0.2
BOGO	12207M002	2020-07-07 11:30:00.0	52.47594	21.03536	149.612	118.806	2,371.1	1.8	-0.99	0.98	0.33	0.27
BOGO	12207M002	2020-07-07 12:00:00.0	52.47594	21.03536	149.613	118.807	2,385.7	1.4	-0.04	-0.92	0.2	0.19
BOGO	12207M002	2020-07-07 12:30:00.0	52.47594	21.03536	149.613	118.807	2,390.2	1.2	-0.38	-0.68	0.16	0.18
BOGO	12207M002	2020-07-07 13:00:00.0	52.47594	21.03536	149.62	118.814	2,383	1.3	-0.66	0.77	0.18	0.19
BOGO	12207M002	2020-07-07 13:30:00.0	52.47594	21.03536	149.62	118.814	2,388.5	1.5	-0.31	0.99	0.21	0.24
BOGO	12207M002	2020-07-07 14:00:00.0	52.47594	21.03536	149.61	118.804	2,374.7	1.3	0.11	0.71	0.21	0.21
BOGO	12207M002	2020-07-07 14:30:00.0	52.47594	21.03536	149.61	118.804	2,374.8	1.6	-0.33	-0.06	0.3	0.25
BOGO	12207M002	2020-07-07 15:00:00.0	52.47594	21.03536	149.607	118.801	2,382.7	1.4	-0.9	-0.42	0.23	0.17
BOGO	12207M002	2020-07-07 15:30:00.0	52.47594	21.03536	149.607	118.801	2,376.1	1.5	-0.74	-0.2	0.23	0.23
BOGO	12207M002	2020-07-07 16:00:00.0	52.47594	21.03536	149.603	118.797	2,377.1	1.2	-0.62	-0.39	0.18	0.19
BOGO	12207M002	2020-07-07 16:30:00.0	52.47594	21.03536	149.603	118.797	2,368.9	1.4	-0.95	-0.76	0.2	0.26
BOGO	12207M002	2020-07-07 17:00:00.0	52.47594	21.03536	149.602	118.796	2,367.6	1.8	-0.94	0.91	0.27	0.35
BOGO	12207M002	2020-07-07 17:30:00.0	52.47594	21.03536	149.602	118.796	2,373.6	2	-0.91	0.75	0.28	0.38
BOGO	12207M002	2020-07-07 18:00:00.0	52.47594	21.03536	149.598	118.792	2,379	1.5	0.38	0.87	0.23	0.23
BOGO	12207M002	2020-07-07 18:30:00.0	52.47594	21.03536	149.598	118.792	2,374.7	1.4	-0.3	0.88	0.22	0.22
BOGO	12207M002	2020-07-07 19:00:00.0	52.47594	21.03536	149.603	118.797	2,380.2	0.9	-0.49	0.14	0.13	0.12
BOR1	12205M002	2020-07-07 09:30:00.0	52.27694	17.07347	124.417	89.066	2,385.7	1.3	-1.36	0.28	0.18	0.17
BOR1	12205M002	2020-07-07 10:00:00.0	52.27694	17.07347	124.417	89.066	2,381.4	1.3	-1.53	0.42	0.19	0.17
BOR1	12205M002	2020-07-07 10:30:00.0	52.27694	17.07347	124.417	89.066	2,382.3	1.6	-1.38	0.47	0.26	0.22
BOR1	12205M002	2020-07-07 11:00:00.0	52.27694	17.07347	124.426	89.075	2,384.4	1.7	-1.57	-0.13	0.32	0.2
BOR1	12205M002	2020-07-07 11:30:00.0	52.27694	17.07347	124.426	89.075	2,383.1	2.2	-1.54	-0.18	0.38	0.29
BOR1	12205M002	2020-07-07 12:00:00.0	52.27694	17.07347	124.431	89.08	2,380.5	1.5	-1.26	-0.5	0.23	0.2
BOR1	12205M002	2020-07-07 12:30:00.0	52.27694	17.07347	124.431	89.08	2,383.9	1.4	-1.04	0.14	0.2	0.17
BOR1	12205M002	2020-07-07 13:00:00.0	52.27694	17.07347	124.433	89.082	2,387.4	1.3	-0.51	0.19	0.19	0.17
BOR1	12205M002	2020-07-07 13:30:00.0	52.27694	17.07347	124.433	89.082	2,387.6	1.5	-0.4	0.48	0.23	0.25
BOR1	12205M002	2020-07-07 14:00:00.0	52.27694	17.07347	124.431	89.08	2,387.9	1.4	0.02	-0.2	0.22	0.21
BOR1	12205M002	2020-07-07 14:30:00.0	52.27694	17.07347	124.431	89.08	2,389.9	1.7	0.35	-0.32	0.34	0.25
BOR1	12205M002	2020-07-07 15:00:00.0	52.27694	17.07347	124.431	89.08	2,390.9	1.4	-0.09	-0.73	0.23	0.19
BOR1	12205M002	2020-07-07 15:30:00.0	52.27694	17.07347	124.431	89.08	2,389.7	1.6	0	-0.87	0.23	0.28
BOR1	12205M002	2020-07-07 16:00:00.0	52.27694	17.07347	124.425	89.074	2,387.4	1.5	-0.74	-1.02	0.21	0.22
BOR1	12205M002	2020-07-07 16:30:00.0	52.27694	17.07347	124.425	89.074	2,387.8	1.7	-0.42	-1.25	0.25	0.3
BOR1	12205M002	2020-07-07 17:00:00.0	52.27694	17.07347	124.425	89.074	2,386.2	1.2	-0.46	-0.54	0.18	0.19
BOR1	12205M002	2020-07-07 17:30:00.0	52.27694	17.07347	124.425	89.074	2,386.4	1.3	-0.3	-0.46	0.18	0.2
BOR1	12205M002	2020-07-07 18:00:00.0	52.27694	17.07347	124.423	89.072	2,384.6	1.3	-0.29	-0.22	0.19	0.2
BOR1	12205M002	2020-07-07 18:30:00.0	52.27694	17.07347	124.423	89.072	2,389.9	1.3	-0.43	-0.54	0.18	0.19
BOR1	12205M002	2020-07-07 19:00:00.0	52.27694	17.07347	124.426	89.075	2,387.7	0.9	-0.79	-0.23	0.12	0.12
BPDL	12223M001	2020-07-07 10:00:00.0	52.03528	23.12736	196.349	167.415	2,409.8	2.3	-0.21	1.44	0.34	0.32
BPDL	12223M001	2020-07-07 13:00:00.0	52.03528	23.12736	196.347	167.413	2,379	1.5	-1.04	1.06	0.2	0.21
BPDL	12223M001	2020-07-07 13:30:00.0	52.03528	23.12736	196.347	167.413	2,379.3	1.6	-0.94	1.12	0.22	0.27
BPDL	12223M001	2020-07-07 15:00:00.0	52.03528	23.12736	196.363	167.429	2,369	1.4	-0.26	-0.03	0.21	0.2
BPDL	12223M001	2020-07-07 15:30:00.0	52.03528	23.12736	196.363	167.429	2,371.5	1.6	-0.86	0.86	0.21	0.29
BPDL	12223M001	2020-07-07 16:00:00.0	52.03528	23.12736	196.363	167.429	2,369.2	1.2	-0.14	1.09	0.15	0.21
BPDL	12223M001	2020-07-07 16:30:00.0	52.03528	23.12736	196.363	167.429	2,363.6	1.4	-0.32	1.99	0.17	0.28
BPDL	12223M001	2020-07-07 17:00:00.0	52.03528	23.12736	196.359	167.425	2,367.6	1.4	-0.7	0.87	0.18	0.2
BPDL	12223M001	2020-07-07 17:30:00.0	52.03528	23.12736	196.359	167.425	2,365	1.3	-0.03	1.08	0.14	0.18
BPDL	12223M001	2020-07-07 18:00:00.0	52.03528	23.12736	196.363	167.429	2,364.7	1.9	0.71	-0.11	0.3	0.33
BPDL	12223M001	2020-07-07 19:00:00.0	52.03528	23.12736	196.368	167.434	2,361.7	1.5	0.19	-1.19	0.21	0.24
BRZE	NDNT-BRZE	2020-07-07 09:30:00.0	49.969	20.59017	327.383	289.023	2,347.2	1.2	0.24	1.18	0.17	0.16
BRZE	NDNT-BRZE	2020-07-07 10:00:00.0	49.969	20.59017	327.393	289.033	2,344.2	1.1	-0.46	-0.15	0.14	0.15
BRZE	NDNT-BRZE	2020-07-07 10:30:00.0	49.969	20.59017	327.393	289.033	2,343.2	1.4	-0.12	-0.13	0.23	0.2
BRZE	NDNT-BRZE	2020-07-07 11:00:00.0	49.969	20.59017	327.387	289.027	2,348.3	1.2	-0.12	-1.19	0.25	0.15
BRZE	NDNT-BRZE	2020-07-07 11:30:00.0	49.969	20.59017	327.387	289.027	2,360.6	1.6	0.07	-2.14	0.31	0.21
BRZE	NDNT-BRZE	2020-07-07 12:00:00.0	49.969	20.59017	327.385	289.025	2,341.6	1.3	-1.2	0.15	0.21	0.16
BRZE	NDNT-BRZE	2020-07-07 12:30:00.0	49.969	20.59017	327.385	289.025	2,353.4	1.2	-0.61	-1.93	0.15	0.18
BRZE	NDNT-BRZE	2020-07-07 13:00:00.0	49.969	20.59017	327.384	289.024	2,352.8	1.2	-0.67	-0.58	0.16	0.15
BRZE	NDNT-BRZE	2020-07-07 13:30:00.0	49.969	20.59017	327.384	289.024	2,349.4	1.3	-0.61	0.06	0.19	0.21
BRZE	NDNT-BRZE	2020-07-07 14:00:00.0	49.969	20.59017	327.385	289.025	2,347.6	1.2	-0.19	-0.28	0.18	0.19
BRZE	NDNT-BRZE	2020-07-07 14:30:00.0	49.969	20.59017	327.385	289.025	2,341.8	1.5	0.81	0.55	0.3	0.24
BRZE	NDNT-BRZE	2020-07-07 15:00:00.0	49.969	20.59017	327.386	289.026	2,343.7	1.4	0.77	-0.08	0.21	0.2
BRZE	NDNT-BRZE	2020-07-07 15:30:00.0	49.969	20.59017	327.386	289.026	2,341.5	1.4	-0.05	0.32	0.18	0.23
BRZE	NDNT-BRZE	2020-07-07 16:00:00.0	49.969	20.59017	327.382	289.022	2,338.1	1.2	-0.44	-0.06	0.14	0.16
BRZE	NDNT-BRZE	2020-07-07 16:30:00.0	49.969	20.59017	327.382	289.022	2,334.8	1.3	-0.39	0.45	0.15	0.2
BRZE	NDNT-BRZE	2020-07-07 17:00:00.0	49.969	20.59017	327.381	289.021	2,330.4	1.2	0.92	-0.21	0.18	0.2
BRZE	NDNT-BRZE	2020-07-07 17:30:00.0	49.969	20.59017	327.381	289.021	2,331.1	1.2	0.34	-0.06	0.16	0.21
BRZE	NDNT-BRZE	2020-07-07 18:00:00.0	49.969	20.59017	327.378	289.018	2,331.2	1.3	0.03	0.11	0.18	0.19
BRZE	NDNT-BRZE	2020-07-07 18:30:00.0	49.969	20.59017	327.378	289.018	2,328.7	1.3	0.3	-0.43	0.19	0.18
BRZE	NDNT-BRZE	2020-07-07 19:00:00.0	49.969	20.59017	327.376	289.016	2,329.8	0.9	-0.25	-0.11	0.13	0.12
BRZG	NDNT-BRZG	2020-07-07 09:30:00.0	50.86219	17.45103	190.692	150.343	2,380.8	1.2	0.11	0.11	0.16	0.15
BRZG	NDNT-BRZG	2020-07-07 10:00:00.0	50.86219	17.45103	190.694	150.345	2,385.1	1.2	-0.09	-0.27	0.15	0.17
BRZG	NDNT-BRZG	2020-07-07 10:30:00.0	50.86219	17.45103	190.694	150.345	2,380.1	1.5	-0.21	0.17	0.2	0.21
BRZG	NDNT-BRZG	2020-07-07 11:00:00.0	50.86219	17.45103	190.695	150.346	2,384.2	1.2	-0.62	-0.86	0.26	0.14
BRZG	NDNT-BRZG	2020-07-07 11:30:00.0	50.86219	17.45103	190.695	150.346	2,390.4	1.7	-0.58	-1.11	0.31	0.24
BRZG	NDNT-BRZG	2020-07-07 12:00:00.0	50.86219	17.45103	190.695	150.346	2,380.3	1.5	-0.19	-0.78	0.22	0.21
BRZG	NDNT-BRZG	2020-07-07 12:30:00.0	50.86219	17.45103	190.695	150.346	2,379.9	1.5	-0.39	-0.46	0.22	0.23
BRZG	NDNT-BRZG	2020-07-07 13:00:00.0	50.86219	17.45103	190.695	150.346	2,379.2	1.3	-0.75	0.11	0.15	0.22
BRZG	NDNT-BRZG	2020-07-07 13:30:00.0	50.86219	17.45103	190.695	150.346	2,383.2	1.5	-0.8	0.15	0.26	0.29
BRZG	NDNT-BRZG	2020-07-07 14:00:00.0	50.86219	17.45103	190.694	150.345	2,377.1	1.3	-0.86	-0.23	0.24	0.21
BRZG	NDNT-BRZG	2020-07-07 14:30:00.0	50.86219	17.45103	190.694	150.345	2,376.3	1.7	-1.03	-0.18	0.35	0.27
BRZG	NDNT-BRZG	2020-07-07 15:00:00.0	50.86219	17.45103	190.693	150.344	2,366.7	1.6	-0.29	0.44	0.29	0.23
BRZG	NDNT-BRZG	2020-07-07 15:30:00.0	50.86219	17.45103	190.693	150.344	2,373.5	1.6	-0.04	0.34	0.28	0.27
BRZG	NDNT-BRZG	2020-07-07 16:00:00.0	50.86219	17.45103	190.69	150.341	2,377.5	1.2	-0.49	0.58	0.18	0.18
BRZG	NDNT-BRZG	2020-07-07 16:30:00.0	50.86219	17.45103	190.69	150.341	2,376.4	1.3	-0.46	0.09	0.17	0.28
BRZG	NDNT-BRZG	2020-07-07 17:00:00.0	50.86219	17.45103	190.694	150.345	2,373.6	1.2	-0.57	0.34	0.17	0.19
BRZG	NDNT-BRZG	2020-07-07 17:30:00.0	50.86219	17.45103	190.694	150.345	2,378.5	1.2	-1.29	0.24	0.18	0.2
BRZG	NDNT-BRZG	2020-07-07 18:00:00.0	50.86219	17.45103	190.695	150.346	2,374	1.3	0.08	0.36	0.19	0.19
BRZG	NDNT-BRZG	2020-07-07 18:30:00.0	50.86219	17.45103	190.695	150.346	2,374.7	1.3	-0.37	0.2	0.18	0.18
BRZG	NDNT-BRZG	2020-07-07 19:00:00.0	50.86219	17.45103	190.692	150.343	2,373.5	0.9	-0.73	-0.23	0.11	0.11
BUCU	11401M001	2020-07-07 09:30:00.0	44.46394	26.12575	143.345	108.834	2,507.2	1.4	-0.13	-1.34	0.2	0.19
BUCU	11401M001	2020-07-07 10:00:00.0	44.46394	26.12575	143.353	108.842	2,494.9	1.3	-0.46	-0.24	0.16	0.14
BUCU	11401M001	2020-07-07 10:30:00.0	44.46394	26.12575	143.353	108.842	2,492.4	1.6	-1.17	-0.25	0.25	0.22
BUCU	11401M001	2020-07-07 11:00:00.0	44.46394	26.12575	143.354	108.843	2,490.1	1.4	-0.36	-1.99	0.28	0.17
BUCU	11401M001	2020-07-07 11:30:00.0	44.46394	26.12575	143.354	108.843	2,495.1	1.6	-0.67	-0.21	0.31	0.21
BUCU	11401M001	2020-07-07 12:00:00.0	44.46394	26.12575	143.344	108.833	2,503.6	1.5	0.02	0.03	0.25	0.19
BUCU	11401M001	2020-07-07 12:30:00.0	44.46394	26.12575	143.344	108.833	2,514.5	1.5	-0.56	3.19	0.21	0.22
BUCU	11401M001	2020-07-07 13:00:00.0	44.46394	26.12575	143.345	108.834	2,511.5	1.4	-0.49	4.33	0.22	0.2
BUCU	11401M001	2020-07-07 13:30:00.0	44.46394	26.12575	143.345	108.834	2,515.2	1.6	-0.25	5.66	0.3	0.28
BUCU	11401M001	2020-07-07 14:00:00.0	44.46394	26.12575	143.339	108.828	2,540	1.4	1.28	2.28	0.26	0.21
BUCU	11401M001	2020-07-07 14:30:00.0	44.46394	26.12575	143.339	108.828	2,522.9	1.8	0.9	1.82	0.34	0.28
BUCU	11401M001	2020-07-07 15:00:00.0	44.46394	26.12575	143.336	108.825	2,506.4	1.6	0.27	-0.3	0.29	0.2
BUCU	11401M001	2020-07-07 15:30:00.0	44.46394	26.12575	143.336	108.825	2,509.6	1.7	-0.99	1.14	0.28	0.23
BUCU	11401M001	2020-07-07 16:00:00.0	44.46394	26.12575	143.335	108.824	2,526.4	1.4	0.45	1.45	0.2	0.18
BUCU	11401M001	2020-07-07 16:30:00.0	44.46394	26.12575	143.335	108.824	2,525	1.6	-1.08	2.2	0.21	0.24
BUCU	11401M001	2020-07-07 17:00:00.0	44.46394	26.12575	143.331	108.82	2,524.2	1.5	-1.59	2.16	0.21	0.18
BUCU	11401M001	2020-07-07 17:30:00.0	44.46394	26.12575	143.331	108.82	2,525.3	1.5	-1.45	2.9	0.22	0.2
BUCU	11401M001	2020-07-07 18:00:00.0	44.46394	26.12575	143.343	108.832	2,512.6	1.4	-3.01	1.75	0.21	0.16
BUCU	11401M001	2020-07-07 18:30:00.0	44.46394	26.12575	143.343	108.832	2,500.7	1.5	-3.42	0.59	0.26	0.19
BUCU	11401M001	2020-07-07 19:00:00.0	44.46394	26.12575	143.338	108.827	2,495.4	1.1	-2.43	-0.08	0.14	0.1
BUSK	NDNT-BUSK	2020-07-07 09:30:00.0	50.47422	20.71275	311.416	274.02	2,349.4	1.2	0.8	1.02	0.17	0.16
BUSK	NDNT-BUSK	2020-07-07 10:00:00.0	50.47422	20.71275	311.413	274.017	2,349	1.1	0.37	-0.12	0.15	0.15
BUSK	NDNT-BUSK	2020-07-07 10:30:00.0	50.47422	20.71275	311.413	274.017	2,345.2	1.4	0.1	0.24	0.2	0.19
BUSK	NDNT-BUSK	2020-07-07 11:00:00.0	50.47422	20.71275	311.413	274.017	2,346.4	1.2	-0.17	-0.34	0.23	0.13
BUSK	NDNT-BUSK	2020-07-07 11:30:00.0	50.47422	20.71275	311.413	274.017	2,348.9	1.5	-0.25	-0.3	0.28	0.19
BUSK	NDNT-BUSK	2020-07-07 12:00:00.0	50.47422	20.71275	311.408	274.012	2,352.9	1.3	-1.27	0.2	0.2	0.16
BUSK	NDNT-BUSK	2020-07-07 12:30:00.0	50.47422	20.71275	311.408	274.012	2,348.2	1.2	-1.38	1.29	0.15	0.18
BUSK	NDNT-BUSK	2020-07-07 13:00:00.0	50.47422	20.71275	311.413	274.017	2,352.6	1.1	-0.01	-0.34	0.16	0.12
BUSK	NDNT-BUSK	2020-07-07 13:30:00.0	50.47422	20.71275	311.413	274.017	2,358.7	1.2	-0.11	-0.39	0.16	0.18
BUSK	NDNT-BUSK	2020-07-07 14:00:00.0	50.47422	20.71275	311.418	274.022	2,343.5	1.1	0.21	-0.03	0.18	0.18
BUSK	NDNT-BUSK	2020-07-07 14:30:00.0	50.47422	20.71275	311.418	274.022	2,342.4	1.3	-0.25	0.37	0.25	0.21
BUSK	NDNT-BUSK	2020-07-07 15:00:00.0	50.47422	20.71275	311.417	274.021	2,339.3	1.2	-0.37	0.5	0.18	0.15
BUSK	NDNT-BUSK	2020-07-07 15:30:00.0	50.47422	20.71275	311.417	274.021	2,337.1	1.3	-0.2	-0.03	0.17	0.2
BUSK	NDNT-BUSK	2020-07-07 16:00:00.0	50.47422	20.71275	311.418	274.022	2,337.8	1.1	-1.15	-0.12	0.13	0.14
BUSK	NDNT-BUSK	2020-07-07 16:30:00.0	50.47422	20.71275	311.418	274.022	2,335.8	1.2	-0.03	-0.41	0.14	0.2
BUSK	NDNT-BUSK	2020-07-07 17:00:00.0	50.47422	20.71275	311.417	274.021	2,332.1	1.2	-0.17	0.68	0.18	0.2
BUSK	NDNT-BUSK	2020-07-07 17:30:00.0	50.47422	20.71275	311.417	274.021	2,335.8	1.2	-0.58	0.45	0.17	0.23
BUSK	NDNT-BUSK	2020-07-07 18:00:00.0	50.47422	20.71275	311.416	274.02	2,328.8	1.2	-0.31	0.19	0.15	0.17
BUSK	NDNT-BUSK	2020-07-07 18:30:00.0	50.47422	20.71275	311.416	274.02	2,332.2	1.2	-0.13	0.23	0.17	0.17
BUSK	NDNT-BUSK	2020-07-07 19:00:00.0	50.47422	20.71275	311.415	274.019	2,333.9	0.9	0.07	-0.22	0.11	0.12
BUZD	12238M001	2020-07-07 09:30:00.0	50.46622	20.71894	299.281	261.886	2,348	1.2	-0.52	0.14	0.17	0.16
BUZD	12238M001	2020-07-07 10:00:00.0	50.46622	20.71894	299.278	261.883	2,346.8	1.1	-0.13	-0.06	0.15	0.16
BUZD	12238M001	2020-07-07 10:30:00.0	50.46622	20.71894	299.278	261.883	2,351.9	1.4	0.07	0.29	0.2	0.2
BUZD	12238M001	2020-07-07 11:00:00.0	50.46622	20.71894	299.275	261.88	2,348.9	1.8	-0.37	-0.58	0.29	0.22
BUZD	12238M001	2020-07-07 11:30:00.0	50.46622	20.71894	299.275	261.88	2,358.8	2.1	-1.12	-0.64	0.37	0.28
BUZD	12238M001	2020-07-07 12:00:00.0	50.46622	20.71894	299.272	261.877	2,358.2	1.4	-2.41	0.21	0.21	0.19
BUZD	12238M001	2020-07-07 12:30:00.0	50.46622	20.71894	299.272	261.877	2,351.5	1.3	-1.99	1.15	0.17	0.19
BUZD	12238M001	2020-07-07 13:00:00.0	50.46622	20.71894	299.276	261.881	2,352.7	1.3	-0.54	-0.55	0.18	0.18
BUZD	12238M001	2020-07-07 13:30:00.0	50.46622	20.71894	299.276	261.881	2,358.4	1.4	-0.37	-0.7	0.23	0.22
BUZD	12238M001	2020-07-07 14:00:00.0	50.46622	20.71894	299.278	261.883	2,345.3	1.5	-0.38	-0.32	0.27	0.24
BUZD	12238M001	2020-07-07 14:30:00.0	50.46622	20.71894	299.278	261.883	2,345	1.9	-0.19	-0.34	0.35	0.29
BUZD	12238M001	2020-07-07 15:00:00.0	50.46622	20.71894	299.277	261.882	2,341.9	1.7	-0.66	0.06	0.29	0.24
BUZD	12238M001	2020-07-07 15:30:00.0	50.46622	20.71894	299.277	261.882	2,340.3	2	-1.03	0.66	0.3	0.32
BUZD	12238M001	2020-07-07 16:00:00.0	50.46622	20.71894	299.275	261.88	2,342.1	1.4	-1.31	0.5	0.19	0.23
BUZD	12238M001	2020-07-07 16:30:00.0	50.46622	20.71894	299.275	261.88	2,339.1	1.6	-0.91	0.55	0.21	0.3
BUZD	12238M001	2020-07-07 17:00:00.0	50.46622	20.71894	299.282	261.887	2,338.9	1.2	-1.43	0.41	0.17	0.2
BUZD	12238M001	2020-07-07 17:30:00.0	50.46622	20.71894	299.282	261.887	2,337.3	1.2	-0.48	-0.22	0.16	0.2
BUZD	12238M001	2020-07-07 18:00:00.0	50.46622	20.71894	299.279	261.884	2,335.9	1.2	-0.26	-0.55	0.18	0.18
BUZD	12238M001	2020-07-07 18:30:00.0	50.46622	20.71894	299.279	261.884	2,330.4	1.2	-0.2	-0.57	0.18	0.18
BUZD	12238M001	2020-07-07 19:00:00.0	50.46622	20.71894	299.278	261.883	2,331.6	0.9	-0.56	-0.22	0.11	0.12
BYDG	12224M001	2020-07-07 09:30:00.0	53.13456	17.99364	104.428	73.82	2,382.1	1.5	-0.54	0.72	0.22	0.22
BYDG	12224M001	2020-07-07 10:00:00.0	53.13456	17.99364	104.434	73.826	2,375.7	1.7	-0.94	0.35	0.24	0.25
BYDG	12224M001	2020-07-07 13:00:00.0	53.13456	17.99364	104.446	73.838	2,398.3	1.2	-0.83	-0.31	0.18	0.14
BYDG	12224M001	2020-07-07 13:30:00.0	53.13456	17.99364	104.446	73.838	2,401.7	1.4	-0.17	-0.29	0.2	0.21
BYDG	12224M001	2020-07-07 14:00:00.0	53.13456	17.99364	104.439	73.831	2,392.2	1.2	0.33	-0.67	0.2	0.19
BYDG	12224M001	2020-07-07 14:30:00.0	53.13456	17.99364	104.439	73.831	2,399.1	1.5	-0.08	0.41	0.28	0.23
BYDG	12224M001	2020-07-07 15:00:00.0	53.13456	17.99364	104.449	73.841	2,395.7	1.3	-0.09	0.71	0.19	0.16
BYDG	12224M001	2020-07-07 15:30:00.0	53.13456	17.99364	104.449	73.841	2,393.9	1.4	0.27	-0.49	0.17	0.23
BYDG	12224M001	2020-07-07 16:00:00.0	53.13456	17.99364	104.442	73.834	2,394.2	1.1	-0.23	-0.37	0.14	0.15
BYDG	12224M001	2020-07-07 16:30:00.0	53.13456	17.99364	104.442	73.834	2,402	1.3	0.67	-0.17	0.17	0.22
BYDG	12224M001	2020-07-07 17:00:00.0	53.13456	17.99364	104.439	73.831	2,398.8	1.1	-0.46	0.21	0.16	0.17
BYDG	12224M001	2020-07-07 17:30:00.0	53.13456	17.99364	104.439	73.831	2,398.6	1	-0.12	-0.04	0.13	0.17
BYDG	12224M001	2020-07-07 18:00:00.0	53.13456	17.99364	104.439	73.831	2,397.5	1.6	0.21	0.11	0.26	0.29
BYDG	12224M001	2020-07-07 19:00:00.0	53.13456	17.99364	104.437	73.829	2,390.6	1.3	-0.74	0.01	0.19	0.19
CBKA	12221M001	2020-07-07 09:30:00.0	52.21472	21.06769	125.189	93.941	2,397.2	1.2	-0.47	0.31	0.16	0.15
CBKA	12221M001	2020-07-07 10:00:00.0	52.21472	21.06769	125.188	93.94	2,393.6	1.1	0.05	0.41	0.14	0.15
CBKA	12221M001	2020-07-07 10:30:00.0	52.21472	21.06769	125.188	93.94	2,396.2	1.3	-0.44	-0.01	0.17	0.19
CBKA	12221M001	2020-07-07 11:00:00.0	52.21472	21.06769	125.185	93.937	2,385.2	1.2	-1.06	0.42	0.24	0.15
CBKA	12221M001	2020-07-07 11:30:00.0	52.21472	21.06769	125.185	93.937	2,384	1.5	-1.53	0.71	0.29	0.2
CBKA	12221M001	2020-07-07 12:00:00.0	52.21472	21.06769	125.19	93.942	2,390.5	1.4	-0.17	0.92	0.2	0.17
CBKA	12221M001	2020-07-07 12:30:00.0	52.21472	21.06769	125.19	93.942	2,383.7	1.2	-1.04	0.54	0.15	0.17
CBKA	12221M001	2020-07-07 13:00:00.0	52.21472	21.06769	125.19	93.942	2,392.3	1.2	-0.13	0.03	0.16	0.16
CBKA	12221M001	2020-07-07 13:30:00.0	52.21472	21.06769	125.19	93.942	2,393.9	1.4	-0.31	0.71	0.19	0.21
CBKA	12221M001	2020-07-07 14:00:00.0	52.21472	21.06769	125.196	93.948	2,386	1.3	-0.88	0.45	0.2	0.2
CBKA	12221M001	2020-07-07 14:30:00.0	52.21472	21.06769	125.196	93.948	2,390.2	1.5	-0.03	-0.29	0.27	0.24
CBKA	12221M001	2020-07-07 15:00:00.0	52.21472	21.06769	125.195	93.947	2,383.2	1.3	-0.21	0.14	0.18	0.17
CBKA	12221M001	2020-07-07 15:30:00.0	52.21472	21.06769	125.195	93.947	2,385.1	1.4	-0.13	0.05	0.19	0.22
CBKA	12221M001	2020-07-07 16:00:00.0	52.21472	21.06769	125.193	93.945	2,381.2	1.2	-0.8	0.34	0.16	0.19
CBKA	12221M001	2020-07-07 16:30:00.0	52.21472	21.06769	125.193	93.945	2,378.8	1.3	-1.01	0.24	0.18	0.25
CBKA	12221M001	2020-07-07 17:00:00.0	52.21472	21.06769	125.193	93.945	2,377	1.1	-0.67	1.35	0.16	0.19
CBKA	12221M001	2020-07-07 17:30:00.0	52.21472	21.06769	125.193	93.945	2,379.1	1.1	-0.57	1.19	0.14	0.18
CBKA	12221M001	2020-07-07 18:00:00.0	52.21472	21.06769	125.193	93.945	2,374.9	1.1	-0.52	0.68	0.16	0.15
CBKA	12221M001	2020-07-07 18:30:00.0	52.21472	21.06769	125.193	93.945	2,381.3	1.1	0.22	0.41	0.16	0.15
CBKA	12221M001	2020-07-07 19:00:00.0	52.21472	21.06769	125.191	93.943	2,378.8	0.9	-0.42	0.15	0.11	0.11
CCHN	12239M001	2020-07-07 09:30:00.0	52.88281	20.59783	167.629	136.735	2,368	1.2	-1.04	-0.22	0.16	0.15
CCHN	12239M001	2020-07-07 10:00:00.0	52.88281	20.59783	167.632	136.738	2,364.7	1.1	-0.86	0.85	0.15	0.16
CCHN	12239M001	2020-07-07 10:30:00.0	52.88281	20.59783	167.632	136.738	2,372.1	1.6	-0.24	1.2	0.19	0.23
CCHN	12239M001	2020-07-07 11:00:00.0	52.88281	20.59783	167.641	136.747	2,366.4	1.2	-1.64	0.62	0.25	0.14
CCHN	12239M001	2020-07-07 11:30:00.0	52.88281	20.59783	167.641	136.747	2,364.4	1.6	-0.95	0.67	0.31	0.21
CCHN	12239M001	2020-07-07 12:00:00.0	52.88281	20.59783	167.635	136.741	2,373	1.4	-1.55	0.52	0.2	0.17
CCHN	12239M001	2020-07-07 12:30:00.0	52.88281	20.59783	167.635	136.741	2,370.4	1.3	-0.42	0.43	0.17	0.16
CCHN	12239M001	2020-07-07 13:00:00.0	52.88281	20.59783	167.64	136.746	2,377.6	1.4	-0.3	0.1	0.2	0.21
CCHN	12239M001	2020-07-07 13:30:00.0	52.88281	20.59783	167.64	136.746	2,376.7	1.7	-0.55	0.27	0.24	0.29
CCHN	12239M001	2020-07-07 14:00:00.0	52.88281	20.59783	167.641	136.747	2,367.9	1.4	-1.65	0.71	0.22	0.22
CCHN	12239M001	2020-07-07 14:30:00.0	52.88281	20.59783	167.641	136.747	2,364	1.7	-1.22	1.61	0.31	0.28
CCHN	12239M001	2020-07-07 15:00:00.0	52.88281	20.59783	167.642	136.748	2,361.8	1.4	0.33	0.85	0.21	0.18
CCHN	12239M001	2020-07-07 15:30:00.0	52.88281	20.59783	167.642	136.748	2,362.5	1.6	0.13	1.17	0.21	0.26
CCHN	12239M001	2020-07-07 16:00:00.0	52.88281	20.59783	167.643	136.749	2,361.1	1.2	-0.1	0.04	0.16	0.2
CCHN	12239M001	2020-07-07 16:30:00.0	52.88281	20.59783	167.643	136.749	2,368.4	1.4	-0.08	-0.53	0.21	0.26
CCHN	12239M001	2020-07-07 17:00:00.0	52.88281	20.59783	167.642	136.748	2,375.7	1.1	0.01	-0.63	0.16	0.18
CCHN	12239M001	2020-07-07 17:30:00.0	52.88281	20.59783	167.642	136.748	2,376.2	1	0.27	-0.23	0.13	0.16
CCHN	12239M001	2020-07-07 18:00:00.0	52.88281	20.59783	167.645	136.751	2,375	1.1	-0.65	0.32	0.17	0.16
CCHN	12239M001	2020-07-07 18:30:00.0	52.88281	20.59783	167.645	136.751	2,376.2	1.2	-0.58	0.36	0.18	0.18
CCHN	12239M001	2020-07-07 19:00:00.0	52.88281	20.59783	167.644	136.75	2,376	1	-0.55	0.3	0.13	0.13
CFRM	11525M001	2020-07-07 12:00:00.0	49.68481	18.35319	373.668	330.845	2,322.9	2.3	-0.88	-0.68	0.39	0.3
CFRM	11525M001	2020-07-07 12:30:00.0	49.68481	18.35319	373.668	330.845	2,325	1.7	-1.22	-0.86	0.23	0.23
CHEL	12240M001	2020-07-07 09:30:00.0	51.13	23.48042	255.536	225.919	2,405.9	1.4	-0.52	-1.11	0.16	0.16
CHEL	12240M001	2020-07-07 10:00:00.0	51.13	23.48042	255.545	225.928	2,401.5	1.1	-0.78	-0.01	0.13	0.13
CHEL	12240M001	2020-07-07 10:30:00.0	51.13	23.48042	255.545	225.928	2,403.6	1.4	-1.01	0.69	0.19	0.17
CHEL	12240M001	2020-07-07 11:00:00.0	51.13	23.48042	255.539	225.922	2,399.8	1.2	-0.72	0.53	0.25	0.14
CHEL	12240M001	2020-07-07 11:30:00.0	51.13	23.48042	255.539	225.922	2,395.3	1.5	-1.1	0.68	0.28	0.19
CHEL	12240M001	2020-07-07 12:00:00.0	51.13	23.48042	255.535	225.918	2,394.7	1.3	-1.66	2.3	0.18	0.18
CHEL	12240M001	2020-07-07 12:30:00.0	51.13	23.48042	255.535	225.918	2,383.7	1.3	-1.71	2.71	0.15	0.18
CHEL	12240M001	2020-07-07 13:00:00.0	51.13	23.48042	255.533	225.916	2,379.8	1.2	-1.25	3.71	0.15	0.15
CHEL	12240M001	2020-07-07 13:30:00.0	51.13	23.48042	255.533	225.916	2,379.4	1.4	-1.43	2.21	0.2	0.18
CHEL	12240M001	2020-07-07 14:00:00.0	51.13	23.48042	255.529	225.912	2,372.2	1.3	-0.59	1.96	0.19	0.17
CHEL	12240M001	2020-07-07 14:30:00.0	51.13	23.48042	255.529	225.912	2,366.5	1.5	-0.44	2.34	0.26	0.21
CHEL	12240M001	2020-07-07 15:00:00.0	51.13	23.48042	255.523	225.906	2,355.1	1.4	-1.2	2.18	0.19	0.16
CHEL	12240M001	2020-07-07 15:30:00.0	51.13	23.48042	255.523	225.906	2,357.6	1.5	-1.04	2.12	0.17	0.2
CHEL	12240M001	2020-07-07 16:00:00.0	51.13	23.48042	255.523	225.906	2,362.4	1.2	-1.43	0.74	0.14	0.14
CHEL	12240M001	2020-07-07 16:30:00.0	51.13	23.48042	255.523	225.906	2,357	1.4	-1.86	1.11	0.16	0.24
CHEL	12240M001	2020-07-07 17:00:00.0	51.13	23.48042	255.52	225.903	2,354.3	1.3	-1.57	0.75	0.17	0.19
CHEL	12240M001	2020-07-07 17:30:00.0	51.13	23.48042	255.52	225.903	2,359.1	1.3	-0.84	1.31	0.14	0.17
CHEL	12240M001	2020-07-07 18:00:00.0	51.13	23.48042	255.526	225.909	2,351	1.3	-0.75	1.76	0.18	0.17
CHEL	12240M001	2020-07-07 18:30:00.0	51.13	23.48042	255.526	225.909	2,344.8	1.4	-0.44	1.46	0.2	0.17
CHEL	12240M001	2020-07-07 19:00:00.0	51.13	23.48042	255.532	225.915	2,343.6	1	-0.17	0.86	0.1	0.1
CHNO	12241M001	2020-07-07 09:30:00.0	53.16406	15.41406	105.392	70.637	2,389.4	1.4	0.1	-0.13	0.18	0.19
CHNO	12241M001	2020-07-07 10:00:00.0	53.16406	15.41406	105.389	70.634	2,391.8	1.3	0.32	-0.39	0.16	0.19
CHNO	12241M001	2020-07-07 10:30:00.0	53.16406	15.41406	105.389	70.634	2,390.1	1.6	-0.2	-0.7	0.19	0.24
CHNO	12241M001	2020-07-07 11:00:00.0	53.16406	15.41406	105.394	70.639	2,399.9	1.8	-0.26	-1.05	0.27	0.2
CHNO	12241M001	2020-07-07 11:30:00.0	53.16406	15.41406	105.394	70.639	2,401.9	2	-0.99	-2.07	0.33	0.3
CHNO	12241M001	2020-07-07 12:00:00.0	53.16406	15.41406	105.4	70.645	2,394.5	1.6	-1.02	-1.39	0.23	0.25
CHNO	12241M001	2020-07-07 12:30:00.0	53.16406	15.41406	105.4	70.645	2,393.4	1.6	0	-1.3	0.23	0.26
CHNO	12241M001	2020-07-07 13:00:00.0	53.16406	15.41406	105.397	70.642	2,402.8	1.3	-0.69	-1.05	0.15	0.21
CHNO	12241M001	2020-07-07 13:30:00.0	53.16406	15.41406	105.397	70.642	2,401	1.6	-1.23	-0.86	0.23	0.27
CHNO	12241M001	2020-07-07 14:00:00.0	53.16406	15.41406	105.394	70.639	2,395.8	1.4	-1.02	-0.43	0.21	0.21
CHNO	12241M001	2020-07-07 14:30:00.0	53.16406	15.41406	105.394	70.639	2,397	1.6	-1.27	-0.34	0.29	0.25
CHNO	12241M001	2020-07-07 15:00:00.0	53.16406	15.41406	105.391	70.636	2,393.8	1.3	-0.81	-0.48	0.19	0.17
CHNO	12241M001	2020-07-07 15:30:00.0	53.16406	15.41406	105.391	70.636	2,395.8	1.6	-0.12	-0.77	0.24	0.28
CHNO	12241M001	2020-07-07 16:00:00.0	53.16406	15.41406	105.391	70.636	2,399.3	1.4	-1.08	-0.99	0.17	0.25
CHNO	12241M001	2020-07-07 16:30:00.0	53.16406	15.41406	105.391	70.636	2,396.9	1.5	-1.11	-0.96	0.2	0.31
CHNO	12241M001	2020-07-07 17:00:00.0	53.16406	15.41406	105.395	70.64	2,395.5	1.3	-0.31	-0.1	0.18	0.23
CHNO	12241M001	2020-07-07 17:30:00.0	53.16406	15.41406	105.395	70.64	2,392	1.4	-0.47	-0.32	0.18	0.26
CHNO	12241M001	2020-07-07 18:00:00.0	53.16406	15.41406	105.392	70.637	2,391.1	1.2	-0.06	-0.88	0.18	0.19
CHNO	12241M001	2020-07-07 18:30:00.0	53.16406	15.41406	105.392	70.637	2,397.6	1.3	-0.07	-0.73	0.18	0.22
CHNO	12241M001	2020-07-07 19:00:00.0	53.16406	15.41406	105.394	70.639	2,394.1	1	-0.49	-0.85	0.14	0.16
CHOJ	12242M001	2020-07-07 09:30:00.0	53.69519	17.55236	204.064	173.314	2,359.7	1.4	-0.57	0.78	0.18	0.17
CHOJ	12242M001	2020-07-07 10:00:00.0	53.69519	17.55236	204.059	173.309	2,356.6	1.2	-1.06	0.51	0.16	0.17
CHOJ	12242M001	2020-07-07 10:30:00.0	53.69519	17.55236	204.059	173.309	2,351.9	1.6	-0.25	0.4	0.2	0.26
CHOJ	12242M001	2020-07-07 11:00:00.0	53.69519	17.55236	204.068	173.318	2,361.7	1.9	0.03	-0.33	0.3	0.22
CHOJ	12242M001	2020-07-07 11:30:00.0	53.69519	17.55236	204.068	173.318	2,362.2	2.1	0.09	-0.56	0.35	0.3
CHOJ	12242M001	2020-07-07 12:00:00.0	53.69519	17.55236	204.066	173.316	2,370.9	1.8	0.28	-1.72	0.26	0.24
CHOJ	12242M001	2020-07-07 12:30:00.0	53.69519	17.55236	204.066	173.316	2,371.4	1.7	0.18	-1.06	0.26	0.24
CHOJ	12242M001	2020-07-07 13:00:00.0	53.69519	17.55236	204.068	173.318	2,373.9	1.2	-0.74	0.48	0.15	0.17
CHOJ	12242M001	2020-07-07 13:30:00.0	53.69519	17.55236	204.068	173.318	2,380.5	1.5	-0.63	0.03	0.21	0.25
CHOJ	12242M001	2020-07-07 14:00:00.0	53.69519	17.55236	204.061	173.311	2,373.1	1.4	-0.64	0.19	0.23	0.21
CHOJ	12242M001	2020-07-07 14:30:00.0	53.69519	17.55236	204.061	173.311	2,369.7	1.6	-0.61	0.27	0.28	0.25
CHOJ	12242M001	2020-07-07 15:00:00.0	53.69519	17.55236	204.063	173.313	2,368	1.6	0.01	0.29	0.28	0.19
CHOJ	12242M001	2020-07-07 15:30:00.0	53.69519	17.55236	204.063	173.313	2,366.8	2.1	-0.25	0.45	0.35	0.32
CHOJ	12242M001	2020-07-07 16:00:00.0	53.69519	17.55236	204.06	173.31	2,368.7	1.7	-0.59	-0.57	0.24	0.23
CHOJ	12242M001	2020-07-07 16:30:00.0	53.69519	17.55236	204.06	173.31	2,369.9	1.5	-0.62	-0.58	0.21	0.23
CHOJ	12242M001	2020-07-07 17:00:00.0	53.69519	17.55236	204.067	173.317	2,368.6	1.4	-0.21	0.47	0.21	0.28
CHOJ	12242M001	2020-07-07 17:30:00.0	53.69519	17.55236	204.067	173.317	2,365.6	1.5	-0.33	0.55	0.22	0.31
CHOJ	12242M001	2020-07-07 18:00:00.0	53.69519	17.55236	204.06	173.31	2,368.9	1.2	-0.19	-0.23	0.2	0.22
CHOJ	12242M001	2020-07-07 18:30:00.0	53.69519	17.55236	204.06	173.31	2,369	1.2	0.03	-0.53	0.18	0.2
CHOJ	12242M001	2020-07-07 19:00:00.0	53.69519	17.55236	204.061	173.311	2,360	1.2	-0.52	-0.16	0.19	0.18
CLIB	11526M001	2020-07-07 09:30:00.0	50.77169	15.05989	448.419	405.129	2,314.3	1.3	-0.31	-0.81	0.17	0.15
CLIB	11526M001	2020-07-07 10:00:00.0	50.77169	15.05989	448.425	405.135	2,309	1.2	-0.62	-0.45	0.14	0.16
CLIB	11526M001	2020-07-07 10:30:00.0	50.77169	15.05989	448.425	405.135	2,310.5	1.4	0.6	0.29	0.2	0.18
CLIB	11526M001	2020-07-07 11:00:00.0	50.77169	15.05989	448.435	405.145	2,308.3	1.3	-0.07	-1.23	0.24	0.13
CLIB	11526M001	2020-07-07 11:30:00.0	50.77169	15.05989	448.435	405.145	2,303.6	1.8	-0.67	-0.56	0.31	0.23
CLIB	11526M001	2020-07-07 12:00:00.0	50.77169	15.05989	448.436	405.146	2,307.8	1.4	-0.98	-0.63	0.2	0.16
CLIB	11526M001	2020-07-07 12:30:00.0	50.77169	15.05989	448.436	405.146	2,303.6	1.3	-0.72	-0.64	0.14	0.16
CLIB	11526M001	2020-07-07 13:00:00.0	50.77169	15.05989	448.439	405.149	2,307	1.1	-0.92	-1.31	0.13	0.13
CLIB	11526M001	2020-07-07 13:30:00.0	50.77169	15.05989	448.439	405.149	2,305.9	1.3	-0.97	-1.34	0.16	0.2
CLIB	11526M001	2020-07-07 14:00:00.0	50.77169	15.05989	448.439	405.149	2,302.1	1.1	-0.23	-0.39	0.17	0.18
CLIB	11526M001	2020-07-07 14:30:00.0	50.77169	15.05989	448.439	405.149	2,304.6	1.4	-0.52	-0.58	0.27	0.23
CLIB	11526M001	2020-07-07 15:00:00.0	50.77169	15.05989	448.434	405.144	2,309.9	1.4	-0.19	-1.41	0.2	0.16
CLIB	11526M001	2020-07-07 15:30:00.0	50.77169	15.05989	448.434	405.144	2,307.8	1.4	-0.35	-0.64	0.19	0.23
CLIB	11526M001	2020-07-07 16:00:00.0	50.77169	15.05989	448.434	405.144	2,308.2	1.2	-0.76	-0.21	0.15	0.14
CLIB	11526M001	2020-07-07 16:30:00.0	50.77169	15.05989	448.434	405.144	2,311.3	1.3	-1.34	-0.78	0.16	0.17
CLIB	11526M001	2020-07-07 17:00:00.0	50.77169	15.05989	448.438	405.148	2,315.9	1.1	-0.55	-0.52	0.15	0.17
CLIB	11526M001	2020-07-07 17:30:00.0	50.77169	15.05989	448.438	405.148	2,314.5	1.1	-0.9	-0.7	0.14	0.19
CLIB	11526M001	2020-07-07 18:00:00.0	50.77169	15.05989	448.433	405.143	2,311.9	1.1	-0.98	0.27	0.15	0.16
CLIB	11526M001	2020-07-07 18:30:00.0	50.77169	15.05989	448.433	405.143	2,311.5	1.2	-0.76	0	0.17	0.18
CLIB	11526M001	2020-07-07 19:00:00.0	50.77169	15.05989	448.431	405.141	2,310.3	0.9	-0.73	0.13	0.1	0.11
CNIV	15501M001	2020-07-07 09:30:00.0	51.51894	31.31361	175.947	151.197	2,474.8	1.5	-0.3	-0.18	0.2	0.21
CNIV	15501M001	2020-07-07 10:00:00.0	51.51894	31.31361	175.94	151.19	2,480.5	1.3	0.71	0.41	0.16	0.15
CNIV	15501M001	2020-07-07 10:30:00.0	51.51894	31.31361	175.94	151.19	2,483.1	1.6	0.83	-0.12	0.23	0.23
CNIV	15501M001	2020-07-07 11:00:00.0	51.51894	31.31361	175.925	151.175	2,496.9	1.5	-0.79	-3.13	0.29	0.22
CNIV	15501M001	2020-07-07 11:30:00.0	51.51894	31.31361	175.925	151.175	2,502.5	1.6	-0.33	-1.21	0.31	0.24
CNIV	15501M001	2020-07-07 12:00:00.0	51.51894	31.31361	175.918	151.168	2,481.4	1.5	-3.14	1.38	0.19	0.23
CNIV	15501M001	2020-07-07 12:30:00.0	51.51894	31.31361	175.918	151.168	2,499.6	1.5	-1.44	0.81	0.16	0.2
CNIV	15501M001	2020-07-07 13:00:00.0	51.51894	31.31361	175.927	151.177	2,512.2	1.2	-0.43	1.32	0.17	0.18
CNIV	15501M001	2020-07-07 13:30:00.0	51.51894	31.31361	175.927	151.177	2,522.7	1.4	-0.57	0.93	0.18	0.2
CNIV	15501M001	2020-07-07 14:00:00.0	51.51894	31.31361	175.937	151.187	2,514.1	1.4	-0.91	2.19	0.22	0.18
CNIV	15501M001	2020-07-07 14:30:00.0	51.51894	31.31361	175.937	151.187	2,501.5	1.7	0.57	1.43	0.29	0.24
CNIV	15501M001	2020-07-07 15:00:00.0	51.51894	31.31361	175.921	151.171	2,505.3	1.5	1.03	-0.54	0.22	0.18
CNIV	15501M001	2020-07-07 15:30:00.0	51.51894	31.31361	175.921	151.171	2,505.1	1.6	0.86	-0.74	0.22	0.23
CNIV	15501M001	2020-07-07 16:00:00.0	51.51894	31.31361	175.938	151.188	2,498.2	1.3	0.29	-0.08	0.16	0.21
CNIV	15501M001	2020-07-07 16:30:00.0	51.51894	31.31361	175.938	151.188	2,495.6	1.5	0.53	0.18	0.16	0.29
CNIV	15501M001	2020-07-07 17:00:00.0	51.51894	31.31361	175.945	151.195	2,483.8	1.2	0.85	-1.43	0.17	0.21
CNIV	15501M001	2020-07-07 17:30:00.0	51.51894	31.31361	175.945	151.195	2,481.6	1.1	0.55	-0.81	0.14	0.18
CNIV	15501M001	2020-07-07 18:00:00.0	51.51894	31.31361	175.942	151.192	2,470	1	1.01	0.26	0.14	0.15
CNIV	15501M001	2020-07-07 18:30:00.0	51.51894	31.31361	175.942	151.192	2,467.5	1.1	0.47	-0.61	0.17	0.14
CNIV	15501M001	2020-07-07 19:00:00.0	51.51894	31.31361	175.948	151.198	2,462.5	1.1	0.19	-1.01	0.13	0.14
CPAR	11527M001	2020-07-07 09:30:00.0	50.03956	15.78325	283.345	239.24	2,361.2	1.2	-1.31	-1.54	0.17	0.15
CPAR	11527M001	2020-07-07 10:00:00.0	50.03956	15.78325	283.346	239.241	2,363.7	1.2	-0.35	-0.36	0.14	0.16
CPAR	11527M001	2020-07-07 10:30:00.0	50.03956	15.78325	283.346	239.241	2,361.7	1.3	-0.15	-0.3	0.19	0.18
CPAR	11527M001	2020-07-07 11:00:00.0	50.03956	15.78325	283.345	239.24	2,360.2	1.3	-1.53	0.05	0.23	0.13
CPAR	11527M001	2020-07-07 11:30:00.0	50.03956	15.78325	283.345	239.24	2,360.1	1.7	-2.04	-0.05	0.3	0.22
CPAR	11527M001	2020-07-07 12:00:00.0	50.03956	15.78325	283.349	239.244	2,359.1	1.4	-1.68	-0.39	0.2	0.15
CPAR	11527M001	2020-07-07 12:30:00.0	50.03956	15.78325	283.349	239.244	2,360.9	1.2	-1.1	-0.53	0.14	0.15
CPAR	11527M001	2020-07-07 13:00:00.0	50.03956	15.78325	283.349	239.244	2,361.1	1.1	-0.08	-0.75	0.13	0.12
CPAR	11527M001	2020-07-07 13:30:00.0	50.03956	15.78325	283.349	239.244	2,360.6	1.3	-0.47	-1.53	0.15	0.2
CPAR	11527M001	2020-07-07 14:00:00.0	50.03956	15.78325	283.344	239.239	2,353.5	1.1	-0.87	0.16	0.17	0.18
CPAR	11527M001	2020-07-07 14:30:00.0	50.03956	15.78325	283.344	239.239	2,351.8	1.4	-1.29	0.01	0.27	0.24
CPAR	11527M001	2020-07-07 15:00:00.0	50.03956	15.78325	283.339	239.234	2,358.1	1.3	-0.89	-1.09	0.2	0.16
CPAR	11527M001	2020-07-07 15:30:00.0	50.03956	15.78325	283.339	239.234	2,360	1.4	-0.97	-1.16	0.19	0.23
CPAR	11527M001	2020-07-07 16:00:00.0	50.03956	15.78325	283.343	239.238	2,363.3	1.2	-0.65	-0.3	0.14	0.15
CPAR	11527M001	2020-07-07 16:30:00.0	50.03956	15.78325	283.343	239.238	2,366.8	1.3	-0.61	0.15	0.16	0.16
CPAR	11527M001	2020-07-07 17:00:00.0	50.03956	15.78325	283.346	239.241	2,366.2	1.1	-0.67	0.31	0.15	0.16
CPAR	11527M001	2020-07-07 17:30:00.0	50.03956	15.78325	283.346	239.241	2,369.7	1.1	-0.84	0.01	0.14	0.17
CPAR	11527M001	2020-07-07 18:00:00.0	50.03956	15.78325	283.342	239.237	2,366.5	1.1	-0.76	0.27	0.15	0.16
CPAR	11527M001	2020-07-07 18:30:00.0	50.03956	15.78325	283.342	239.237	2,361.7	1.2	-0.94	-0.16	0.17	0.17
CPAR	11527M001	2020-07-07 19:00:00.0	50.03956	15.78325	283.351	239.246	2,365.7	0.9	-0.71	-0.3	0.1	0.11
CRAK	11528M001	2020-07-07 09:30:00.0	50.10239	13.72925	381.943	336.105	2,332.7	1.4	0.29	-0.5	0.17	0.18
CRAK	11528M001	2020-07-07 10:00:00.0	50.10239	13.72925	381.946	336.108	2,335.1	1.2	-0.18	-0.94	0.14	0.18
CRAK	11528M001	2020-07-07 10:30:00.0	50.10239	13.72925	381.946	336.108	2,331.9	1.4	-0.43	0.01	0.2	0.2
CRAK	11528M001	2020-07-07 11:00:00.0	50.10239	13.72925	381.95	336.112	2,335.6	1.4	-1.05	-0.41	0.25	0.14
CRAK	11528M001	2020-07-07 11:30:00.0	50.10239	13.72925	381.95	336.112	2,337	1.8	-0.61	-0.81	0.31	0.25
CRAK	11528M001	2020-07-07 12:00:00.0	50.10239	13.72925	381.956	336.118	2,329.5	1.4	-0.47	-0.47	0.21	0.17
CRAK	11528M001	2020-07-07 12:30:00.0	50.10239	13.72925	381.956	336.118	2,326.2	1.3	-0.54	-0.54	0.14	0.17
CRAK	11528M001	2020-07-07 13:00:00.0	50.10239	13.72925	381.955	336.117	2,327.2	1.1	-0.37	-0.53	0.13	0.13
CRAK	11528M001	2020-07-07 13:30:00.0	50.10239	13.72925	381.955	336.117	2,328	1.3	-0.93	-1.08	0.16	0.21
CRAK	11528M001	2020-07-07 14:00:00.0	50.10239	13.72925	381.952	336.114	2,323	1.1	-0.51	-0.16	0.17	0.18
CRAK	11528M001	2020-07-07 14:30:00.0	50.10239	13.72925	381.952	336.114	2,321.9	1.5	-0.5	-0.31	0.27	0.24
CRAK	11528M001	2020-07-07 15:00:00.0	50.10239	13.72925	381.949	336.111	2,322.7	1.4	-0.17	-0.5	0.21	0.17
CRAK	11528M001	2020-07-07 15:30:00.0	50.10239	13.72925	381.949	336.111	2,327	1.5	-0.33	-0.61	0.2	0.24
CRAK	11528M001	2020-07-07 16:00:00.0	50.10239	13.72925	381.952	336.114	2,330	1.2	-0.84	-0.22	0.15	0.14
CRAK	11528M001	2020-07-07 16:30:00.0	50.10239	13.72925	381.952	336.114	2,331.8	1.3	-0.87	0.27	0.16	0.17
CRAK	11528M001	2020-07-07 17:00:00.0	50.10239	13.72925	381.95	336.112	2,330.4	1.1	-1.03	-0.64	0.16	0.18
CRAK	11528M001	2020-07-07 17:30:00.0	50.10239	13.72925	381.95	336.112	2,338.9	1.2	-0.82	-0.08	0.15	0.2
CRAK	11528M001	2020-07-07 18:00:00.0	50.10239	13.72925	381.951	336.113	2,337.2	1.2	-0.95	0.42	0.16	0.19
CRAK	11528M001	2020-07-07 18:30:00.0	50.10239	13.72925	381.951	336.113	2,336.7	1.3	-1.21	0.18	0.17	0.2
CRAK	11528M001	2020-07-07 19:00:00.0	50.10239	13.72925	381.957	336.119	2,336.4	0.9	-1.05	-0.58	0.1	0.11
CZES	NDNT-CZES	2020-07-07 09:30:00.0	50.78419	19.15317	312.108	273.256	2,353.8	1.2	-0.01	-0.44	0.18	0.19
CZES	NDNT-CZES	2020-07-07 10:00:00.0	50.78419	19.15317	312.1	273.248	2,345	1.1	-0.01	0.36	0.15	0.17
CZES	NDNT-CZES	2020-07-07 10:30:00.0	50.78419	19.15317	312.1	273.248	2,336.2	1.3	-0.68	0.16	0.19	0.18
CZES	NDNT-CZES	2020-07-07 11:00:00.0	50.78419	19.15317	312.103	273.251	2,331.4	1.2	-1.39	-0.3	0.25	0.14
CZES	NDNT-CZES	2020-07-07 11:30:00.0	50.78419	19.15317	312.103	273.251	2,327.7	1.6	-1.25	-0.07	0.34	0.21
CZES	NDNT-CZES	2020-07-07 12:00:00.0	50.78419	19.15317	312.094	273.242	2,337.5	1.4	-0.2	-0.79	0.23	0.16
CZES	NDNT-CZES	2020-07-07 12:30:00.0	50.78419	19.15317	312.094	273.242	2,343.5	1.4	0.03	0.58	0.17	0.2
CZES	NDNT-CZES	2020-07-07 13:00:00.0	50.78419	19.15317	312.089	273.237	2,348.5	1.3	-0.3	-0.42	0.18	0.14
CZES	NDNT-CZES	2020-07-07 13:30:00.0	50.78419	19.15317	312.089	273.237	2,352.1	1.4	0.05	-1.19	0.18	0.19
CZES	NDNT-CZES	2020-07-07 14:00:00.0	50.78419	19.15317	312.085	273.233	2,338.7	1.2	-0.43	-0.26	0.19	0.2
CZES	NDNT-CZES	2020-07-07 14:30:00.0	50.78419	19.15317	312.085	273.233	2,347.8	1.5	-0.65	-0.22	0.28	0.24
CZES	NDNT-CZES	2020-07-07 15:00:00.0	50.78419	19.15317	312.092	273.24	2,336.9	1.4	-0.59	0.44	0.21	0.17
CZES	NDNT-CZES	2020-07-07 15:30:00.0	50.78419	19.15317	312.092	273.24	2,343.4	1.4	0.13	-0.31	0.19	0.22
CZES	NDNT-CZES	2020-07-07 16:00:00.0	50.78419	19.15317	312.093	273.241	2,344.5	1.3	0.47	1.17	0.19	0.19
CZES	NDNT-CZES	2020-07-07 16:30:00.0	50.78419	19.15317	312.093	273.241	2,343.8	1.4	0.39	1.73	0.2	0.27
CZES	NDNT-CZES	2020-07-07 17:00:00.0	50.78419	19.15317	312.087	273.235	2,341.3	1.1	-0.9	0.76	0.16	0.18
CZES	NDNT-CZES	2020-07-07 17:30:00.0	50.78419	19.15317	312.087	273.235	2,339.8	1.1	-1	1.2	0.13	0.18
CZES	NDNT-CZES	2020-07-07 18:00:00.0	50.78419	19.15317	312.094	273.242	2,330.4	1.2	-1.08	-0.04	0.17	0.19
CZES	NDNT-CZES	2020-07-07 18:30:00.0	50.78419	19.15317	312.094	273.242	2,332.6	1.2	0.72	0.74	0.18	0.17
CZES	NDNT-CZES	2020-07-07 19:00:00.0	50.78419	19.15317	312.113	273.261	2,335.4	0.9	-0.34	-0.14	0.11	0.11
DAB1	NDNT-DABT	2020-07-07 09:00:00.0	50.17606	20.992	249.892	212.855	2,369.9	1	0.31	0.73	0.12	0.13
DAB1	NDNT-DABT	2020-07-07 09:30:00.0	50.17606	20.992	249.892	212.855	2,372	1.1	1.35	0.46	0.14	0.14
DAB1	NDNT-DABT	2020-07-07 10:00:00.0	50.17606	20.992	249.899	212.862	2,372	1.1	0.35	-0.5	0.14	0.15
DAB1	NDNT-DABT	2020-07-07 10:30:00.0	50.17606	20.992	249.899	212.862	2,371.3	1.4	0.07	-0.52	0.19	0.18
DAB1	NDNT-DABT	2020-07-07 11:00:00.0	50.17606	20.992	249.887	212.85	2,366.2	1.2	-0.6	0.48	0.23	0.13
DAB1	NDNT-DABT	2020-07-07 11:30:00.0	50.17606	20.992	249.887	212.85	2,368.7	1.5	-0.79	0.62	0.29	0.19
DAB1	NDNT-DABT	2020-07-07 12:00:00.0	50.17606	20.992	249.884	212.847	2,371.2	1.3	-1.3	1.6	0.19	0.15
DAB1	NDNT-DABT	2020-07-07 12:30:00.0	50.17606	20.992	249.884	212.847	2,365.6	1.2	-1.25	0.93	0.15	0.17
DAB1	NDNT-DABT	2020-07-07 13:00:00.0	50.17606	20.992	249.887	212.85	2,374.3	1.1	-0.25	-0.36	0.14	0.14
DAB1	NDNT-DABT	2020-07-07 13:30:00.0	50.17606	20.992	249.887	212.85	2,378.5	1.2	-0.14	0.24	0.17	0.18
DAB1	NDNT-DABT	2020-07-07 14:00:00.0	50.17606	20.992	249.892	212.855	2,369.2	1.1	0.12	1.55	0.18	0.18
DAB1	NDNT-DABT	2020-07-07 14:30:00.0	50.17606	20.992	249.892	212.855	2,368.9	1.4	-0.23	0.42	0.28	0.23
DAB1	NDNT-DABT	2020-07-07 15:00:00.0	50.17606	20.992	249.885	212.848	2,359.1	1.3	-0.81	-0.54	0.2	0.16
DAB1	NDNT-DABT	2020-07-07 15:30:00.0	50.17606	20.992	249.885	212.848	2,362.1	1.4	-1.12	-0.5	0.18	0.21
DAB1	NDNT-DABT	2020-07-07 16:00:00.0	50.17606	20.992	249.882	212.845	2,358.3	1.2	-0.68	0.32	0.14	0.16
DAB1	NDNT-DABT	2020-07-07 16:30:00.0	50.17606	20.992	249.882	212.845	2,368	1.2	0.45	0.66	0.15	0.2
DAB1	NDNT-DABT	2020-07-07 17:00:00.0	50.17606	20.992	249.885	212.848	2,358.1	1.2	-0.68	1.15	0.17	0.18
DAB1	NDNT-DABT	2020-07-07 17:30:00.0	50.17606	20.992	249.885	212.848	2,362.4	1.1	-0.53	0.18	0.13	0.17
DAB1	NDNT-DABT	2020-07-07 18:00:00.0	50.17606	20.992	249.874	212.837	2,357.1	1.1	-0.25	1.53	0.15	0.16
DAB1	NDNT-DABT	2020-07-07 18:30:00.0	50.17606	20.992	249.874	212.837	2,357.5	1.2	-1.06	0.79	0.17	0.16
DAB1	NDNT-DABT	2020-07-07 19:00:00.0	50.17606	20.992	249.869	212.832	2,351.6	0.9	-0.12	0.48	0.11	0.11
DEBI	NDNT-DEBI	2020-07-07 09:00:00.0	50.04361	21.41992	258.875	222.699	2,382.9	1.5	-0.31	2.8	0.2	0.24
DEBI	NDNT-DEBI	2020-07-07 09:30:00.0	50.04361	21.41992	258.875	222.699	2,375.7	1.6	0.13	1.3	0.23	0.23
DEBI	NDNT-DEBI	2020-07-07 10:00:00.0	50.04361	21.41992	258.883	222.707	2,367.4	1.1	-0.53	-0.16	0.14	0.15
DEBI	NDNT-DEBI	2020-07-07 10:30:00.0	50.04361	21.41992	258.883	222.707	2,368.4	1.4	-0.39	-0.25	0.19	0.19
DEBI	NDNT-DEBI	2020-07-07 11:00:00.0	50.04361	21.41992	258.874	222.698	2,372.8	1.3	0.09	-0.34	0.23	0.15
DEBI	NDNT-DEBI	2020-07-07 11:30:00.0	50.04361	21.41992	258.874	222.698	2,375.7	1.6	-0.3	-0.87	0.29	0.19
DEBI	NDNT-DEBI	2020-07-07 12:00:00.0	50.04361	21.41992	258.871	222.695	2,365.1	1.3	-0.2	-0.47	0.19	0.15
DEBI	NDNT-DEBI	2020-07-07 12:30:00.0	50.04361	21.41992	258.871	222.695	2,371.3	1.2	-0.11	1.4	0.15	0.18
DEBI	NDNT-DEBI	2020-07-07 13:00:00.0	50.04361	21.41992	258.872	222.696	2,365.4	1.2	-0.94	0.87	0.17	0.17
DEBI	NDNT-DEBI	2020-07-07 13:30:00.0	50.04361	21.41992	258.872	222.696	2,359.6	1.3	-0.3	-0.1	0.18	0.2
DEBI	NDNT-DEBI	2020-07-07 14:00:00.0	50.04361	21.41992	258.873	222.697	2,364.3	1.2	0.16	1.02	0.18	0.2
DEBI	NDNT-DEBI	2020-07-07 14:30:00.0	50.04361	21.41992	258.873	222.697	2,361.1	1.4	0.44	0.84	0.29	0.24
DEBI	NDNT-DEBI	2020-07-07 15:00:00.0	50.04361	21.41992	258.868	222.692	2,372.7	1.3	-1.1	-1.38	0.2	0.17
DEBI	NDNT-DEBI	2020-07-07 15:30:00.0	50.04361	21.41992	258.868	222.692	2,359.3	1.4	-1.06	0.26	0.18	0.22
DEBI	NDNT-DEBI	2020-07-07 16:00:00.0	50.04361	21.41992	258.868	222.692	2,359.6	1.2	-0.46	-0.03	0.14	0.16
DEBI	NDNT-DEBI	2020-07-07 16:30:00.0	50.04361	21.41992	258.868	222.692	2,362.5	1.3	-0.04	0.09	0.15	0.21
DEBI	NDNT-DEBI	2020-07-07 17:00:00.0	50.04361	21.41992	258.863	222.687	2,361.2	1.2	-0.05	1.56	0.17	0.18
DEBI	NDNT-DEBI	2020-07-07 17:30:00.0	50.04361	21.41992	258.863	222.687	2,357.7	1.2	0.01	1.51	0.14	0.17
DEBI	NDNT-DEBI	2020-07-07 18:00:00.0	50.04361	21.41992	258.859	222.683	2,352.6	1.1	-0.29	0.33	0.15	0.16
DEBI	NDNT-DEBI	2020-07-07 18:30:00.0	50.04361	21.41992	258.859	222.683	2,350.4	1.2	-0.53	0.3	0.18	0.16
DEBI	NDNT-DEBI	2020-07-07 19:00:00.0	50.04361	21.41992	258.862	222.686	2,350.1	0.9	-0.39	0.01	0.11	0.11
DRWP	12243M001	2020-07-07 09:00:00.0	53.52633	15.81747	171.086	136.79	2,370.2	1.3	-0.93	-0.75	0.18	0.18
DRWP	12243M001	2020-07-07 09:30:00.0	53.52633	15.81747	171.086	136.79	2,371.2	1.4	-1.48	-1.39	0.18	0.17
DRWP	12243M001	2020-07-07 10:00:00.0	53.52633	15.81747	171.083	136.787	2,367.5	1.2	-1.34	1.33	0.15	0.17
DRWP	12243M001	2020-07-07 10:30:00.0	53.52633	15.81747	171.083	136.787	2,372.3	1.4	-0.87	1.55	0.18	0.22
DRWP	12243M001	2020-07-07 11:00:00.0	53.52633	15.81747	171.1	136.804	2,379.1	1.6	1.47	0.82	0.27	0.2
DRWP	12243M001	2020-07-07 11:30:00.0	53.52633	15.81747	171.1	136.804	2,378	1.9	1.07	2.21	0.32	0.28
DRWP	12243M001	2020-07-07 12:00:00.0	53.52633	15.81747	171.082	136.786	2,389.3	1.5	0.84	0.31	0.22	0.2
DRWP	12243M001	2020-07-07 12:30:00.0	53.52633	15.81747	171.082	136.786	2,383.8	1.4	0.42	-0.32	0.21	0.18
DRWP	12243M001	2020-07-07 13:00:00.0	53.52633	15.81747	171.071	136.775	2,392	1.2	0.05	-1.12	0.15	0.17
DRWP	12243M001	2020-07-07 13:30:00.0	53.52633	15.81747	171.071	136.775	2,389.2	1.4	0.38	-0.6	0.21	0.23
DRWP	12243M001	2020-07-07 14:00:00.0	53.52633	15.81747	171.075	136.779	2,386.1	1.4	-0.81	-0.06	0.22	0.21
DRWP	12243M001	2020-07-07 14:30:00.0	53.52633	15.81747	171.075	136.779	2,384.3	1.6	-1.29	-0.43	0.3	0.26
DRWP	12243M001	2020-07-07 15:00:00.0	53.52633	15.81747	171.083	136.787	2,377.6	1.5	-0.66	-0.08	0.22	0.2
DRWP	12243M001	2020-07-07 15:30:00.0	53.52633	15.81747	171.083	136.787	2,376.4	1.6	-0.28	0.11	0.24	0.28
DRWP	12243M001	2020-07-07 16:00:00.0	53.52633	15.81747	171.089	136.793	2,376.5	1.4	-1.82	-0.66	0.18	0.22
DRWP	12243M001	2020-07-07 16:30:00.0	53.52633	15.81747	171.089	136.793	2,383.5	1.5	-0.87	-0.43	0.22	0.29
DRWP	12243M001	2020-07-07 17:00:00.0	53.52633	15.81747	171.113	136.817	2,369.3	1.3	-0.75	-1.97	0.18	0.21
DRWP	12243M001	2020-07-07 17:30:00.0	53.52633	15.81747	171.113	136.817	2,377.2	1.3	0.02	-1.47	0.18	0.21
DRWP	12243M001	2020-07-07 18:00:00.0	53.52633	15.81747	171.124	136.828	2,375.5	1.2	-1.11	-0.13	0.18	0.18
DRWP	12243M001	2020-07-07 18:30:00.0	53.52633	15.81747	171.124	136.828	2,368.6	1.3	-1.07	-1.37	0.18	0.2
DRWP	12243M001	2020-07-07 19:00:00.0	53.52633	15.81747	171.116	136.82	2,375.8	1	-0.52	-0.61	0.13	0.13
DYNW	NDNT-DYNW	2020-07-07 09:00:00.0	49.81286	22.22936	311.665	276.607	2,402.2	1.5	0.32	0.44	0.23	0.22
DYNW	NDNT-DYNW	2020-07-07 09:30:00.0	49.81286	22.22936	311.665	276.607	2,395.2	1.5	-0.43	0.51	0.21	0.2
DYNW	NDNT-DYNW	2020-07-07 10:00:00.0	49.81286	22.22936	311.691	276.633	2,388.4	1.3	-0.79	-0.52	0.14	0.18
DYNW	NDNT-DYNW	2020-07-07 10:30:00.0	49.81286	22.22936	311.691	276.633	2,389.6	1.6	-0.77	1.02	0.2	0.24
DYNW	NDNT-DYNW	2020-07-07 11:00:00.0	49.81286	22.22936	311.695	276.637	2,379	1.9	-0.4	3.58	0.3	0.24
DYNW	NDNT-DYNW	2020-07-07 11:30:00.0	49.81286	22.22936	311.695	276.637	2,364.6	2.2	-0.14	3.23	0.36	0.29
DYNW	NDNT-DYNW	2020-07-07 12:00:00.0	49.81286	22.22936	311.689	276.631	2,371.7	1.6	-1.45	3.13	0.23	0.25
DYNW	NDNT-DYNW	2020-07-07 12:30:00.0	49.81286	22.22936	311.689	276.631	2,362.1	1.6	-1.52	4.27	0.18	0.26
DYNW	NDNT-DYNW	2020-07-07 13:00:00.0	49.81286	22.22936	311.678	276.62	2,356.9	1.3	-1.25	1.65	0.18	0.21
DYNW	NDNT-DYNW	2020-07-07 13:30:00.0	49.81286	22.22936	311.678	276.62	2,354.8	1.6	-0.89	1.32	0.28	0.3
DYNW	NDNT-DYNW	2020-07-07 14:00:00.0	49.81286	22.22936	311.664	276.606	2,357	1.7	-0.97	1.96	0.34	0.31
DYNW	NDNT-DYNW	2020-07-07 14:30:00.0	49.81286	22.22936	311.664	276.606	2,350.5	2.3	-0.71	2.77	0.43	0.4
DYNW	NDNT-DYNW	2020-07-07 15:00:00.0	49.81286	22.22936	311.671	276.613	2,345	2	0.59	0.98	0.31	0.32
DYNW	NDNT-DYNW	2020-07-07 15:30:00.0	49.81286	22.22936	311.671	276.613	2,354.4	1.9	0.71	0.68	0.27	0.38
DYNW	NDNT-DYNW	2020-07-07 16:00:00.0	49.81286	22.22936	311.668	276.61	2,358.5	1.6	-0.59	2.01	0.23	0.29
DYNW	NDNT-DYNW	2020-07-07 16:30:00.0	49.81286	22.22936	311.668	276.61	2,359.3	1.8	-0.35	2.68	0.27	0.35
DYNW	NDNT-DYNW	2020-07-07 17:00:00.0	49.81286	22.22936	311.657	276.599	2,354.7	1.5	-0.05	1.68	0.23	0.28
DYNW	NDNT-DYNW	2020-07-07 17:30:00.0	49.81286	22.22936	311.657	276.599	2,350.8	1.8	-0.07	1.12	0.27	0.32
DYNW	NDNT-DYNW	2020-07-07 18:00:00.0	49.81286	22.22936	311.649	276.591	2,350	1.6	-0.6	2.45	0.27	0.27
DYNW	NDNT-DYNW	2020-07-07 18:30:00.0	49.81286	22.22936	311.649	276.591	2,354.1	1.6	-1.1	3.24	0.28	0.25
DYNW	NDNT-DYNW	2020-07-07 19:00:00.0	49.81286	22.22936	311.663	276.605	2,349.1	1	-0.26	0.73	0.11	0.15
DZIA	12244M001	2020-07-07 16:00:00.0	53.23033	20.16739	206.59	176.072	2,368	1.1	-1.04	-1.19	0.14	0.17
DZIA	12244M001	2020-07-07 16:30:00.0	53.23033	20.16739	206.59	176.072	2,369.8	1.3	-0.38	-1.03	0.17	0.26
DZIA	12244M001	2020-07-07 17:00:00.0	53.23033	20.16739	206.589	176.071	2,366.2	1.1	0.19	0.51	0.16	0.18
DZIA	12244M001	2020-07-07 17:30:00.0	53.23033	20.16739	206.589	176.071	2,369.7	1	-0.11	-0.58	0.12	0.16
DZIA	12244M001	2020-07-07 18:00:00.0	53.23033	20.16739	206.585	176.067	2,370.2	0.9	-0.72	0.14	0.12	0.13
DZIA	12244M001	2020-07-07 18:30:00.0	53.23033	20.16739	206.585	176.067	2,364.4	0.9	-0.06	0.13	0.13	0.12
DZIA	12244M001	2020-07-07 19:00:00.0	53.23033	20.16739	206.583	176.065	2,363	0.8	-0.07	-0.16	0.1	0.09
ELBL	18991M001	2020-07-07 09:00:00.0	54.15556	19.40036	52.685	23.677	2,393.7	1.1	-0.58	0.88	0.14	0.15
ELBL	18991M001	2020-07-07 09:30:00.0	54.15556	19.40036	52.685	23.677	2,394.6	1.2	-0.86	0.66	0.15	0.14
ELBL	18991M001	2020-07-07 10:00:00.0	54.15556	19.40036	52.687	23.679	2,396.2	1.1	-1.33	1.44	0.14	0.15
ELBL	18991M001	2020-07-07 10:30:00.0	54.15556	19.40036	52.687	23.679	2,392.9	1.3	-0.36	1.94	0.16	0.18
ELBL	18991M001	2020-07-07 11:00:00.0	54.15556	19.40036	52.688	23.68	2,399	1.3	-1.11	-0.13	0.25	0.14
ELBL	18991M001	2020-07-07 11:30:00.0	54.15556	19.40036	52.688	23.68	2,397.1	1.7	-3.07	0.65	0.3	0.22
ELBL	18991M001	2020-07-07 12:00:00.0	54.15556	19.40036	52.698	23.69	2,396.5	1.5	-1.57	0.2	0.25	0.18
ELBL	18991M001	2020-07-07 12:30:00.0	54.15556	19.40036	52.698	23.69	2,401.4	1.4	-1.09	-0.86	0.17	0.18
ELBL	18991M001	2020-07-07 13:00:00.0	54.15556	19.40036	52.701	23.693	2,409.4	1.1	-1.72	-0.14	0.13	0.14
ELBL	18991M001	2020-07-07 13:30:00.0	54.15556	19.40036	52.701	23.693	2,414.6	1.3	-0.29	-1.66	0.19	0.2
ELBL	18991M001	2020-07-07 14:00:00.0	54.15556	19.40036	52.704	23.696	2,408	1.2	-1.12	2.58	0.19	0.18
ELBL	18991M001	2020-07-07 14:30:00.0	54.15556	19.40036	52.704	23.696	2,402.9	1.4	-0.4	1.42	0.26	0.22
ELBL	18991M001	2020-07-07 15:00:00.0	54.15556	19.40036	52.699	23.691	2,407.4	1.3	-0.06	0.52	0.19	0.15
ELBL	18991M001	2020-07-07 15:30:00.0	54.15556	19.40036	52.699	23.691	2,410.7	1.3	0.7	0.59	0.16	0.22
ELBL	18991M001	2020-07-07 16:00:00.0	54.15556	19.40036	52.7	23.692	2,411.6	1.2	-0.23	0	0.15	0.16
ELBL	18991M001	2020-07-07 16:30:00.0	54.15556	19.40036	52.7	23.692	2,409.4	1.3	-0.56	0.15	0.16	0.22
ELBL	18991M001	2020-07-07 17:00:00.0	54.15556	19.40036	52.709	23.701	2,412.7	1.1	0.15	-0.47	0.16	0.2
ELBL	18991M001	2020-07-07 17:30:00.0	54.15556	19.40036	52.709	23.701	2,415.8	1.1	-0.35	-0.15	0.13	0.18
ELBL	18991M001	2020-07-07 18:00:00.0	54.15556	19.40036	52.702	23.694	2,401.2	1.1	-1.2	1.43	0.18	0.17
ELBL	18991M001	2020-07-07 18:30:00.0	54.15556	19.40036	52.702	23.694	2,403.5	1.2	-0.82	0.58	0.18	0.17
ELBL	18991M001	2020-07-07 19:00:00.0	54.15556	19.40036	52.695	23.687	2,405.3	1	-0.53	-0.77	0.13	0.13
GDA1	12252M002	2020-07-07 09:00:00.0	54.35142	18.64108	63.171	33.939	2,394.9	1.1	-1.46	0.01	0.14	0.15
GDA1	12252M002	2020-07-07 09:30:00.0	54.35142	18.64108	63.171	33.939	2,392.5	1.2	-0.5	0.03	0.17	0.17
GDA1	12252M002	2020-07-07 10:00:00.0	54.35142	18.64108	63.167	33.935	2,394.5	1.1	-0.36	0.38	0.15	0.16
GDA1	12252M002	2020-07-07 10:30:00.0	54.35142	18.64108	63.167	33.935	2,392.2	1.4	-0.22	0.04	0.16	0.2
GDA1	12252M002	2020-07-07 11:00:00.0	54.35142	18.64108	63.167	33.935	2,392.9	1.6	-0.65	-0.05	0.25	0.18
GDA1	12252M002	2020-07-07 11:30:00.0	54.35142	18.64108	63.167	33.935	2,402.1	1.8	-0.38	-0.63	0.3	0.25
GDA1	12252M002	2020-07-07 12:00:00.0	54.35142	18.64108	63.171	33.939	2,399.1	1.6	-0.35	-0.22	0.22	0.21
GDA1	12252M002	2020-07-07 12:30:00.0	54.35142	18.64108	63.171	33.939	2,403.4	1.5	-0.21	-0.3	0.21	0.19
GDA1	12252M002	2020-07-07 13:00:00.0	54.35142	18.64108	63.171	33.939	2,411.8	1.1	-0.53	-0.55	0.14	0.15
GDA1	12252M002	2020-07-07 13:30:00.0	54.35142	18.64108	63.171	33.939	2,416.8	1.3	-0.54	0.52	0.2	0.22
GDA1	12252M002	2020-07-07 14:00:00.0	54.35142	18.64108	63.177	33.945	2,408.6	1.2	0.04	0.92	0.21	0.19
GDA1	12252M002	2020-07-07 14:30:00.0	54.35142	18.64108	63.177	33.945	2,408.6	1.5	-0.95	0.86	0.29	0.23
GDA1	12252M002	2020-07-07 15:00:00.0	54.35142	18.64108	63.177	33.945	2,408.4	1.3	-0.28	0.14	0.19	0.2
GDA1	12252M002	2020-07-07 15:30:00.0	54.35142	18.64108	63.177	33.945	2,405.2	1.4	-0.68	0.42	0.17	0.25
GDA1	12252M002	2020-07-07 16:00:00.0	54.35142	18.64108	63.182	33.95	2,403.9	1.2	-1.09	0.66	0.14	0.21
GDA1	12252M002	2020-07-07 16:30:00.0	54.35142	18.64108	63.182	33.95	2,402.7	1.3	-1.08	-0.13	0.17	0.23
GDA1	12252M002	2020-07-07 17:00:00.0	54.35142	18.64108	63.182	33.95	2,400	1.1	-0.81	-0.36	0.15	0.18
GDA1	12252M002	2020-07-07 17:30:00.0	54.35142	18.64108	63.182	33.95	2,404.5	1.1	-0.97	-0.6	0.13	0.18
GDA1	12252M002	2020-07-07 18:00:00.0	54.35142	18.64108	63.183	33.951	2,403.1	1.1	-0.18	0.22	0.17	0.17
GDA1	12252M002	2020-07-07 18:30:00.0	54.35142	18.64108	63.183	33.951	2,403	1.2	-1.13	0.16	0.17	0.18
GDA1	12252M002	2020-07-07 19:00:00.0	54.35142	18.64108	63.179	33.947	2,402.9	1.1	-0.66	0.42	0.13	0.15
GIZY	12253M001	2020-07-07 09:00:00.0	54.03578	21.76778	166.822	138.582	2,366.1	1.1	-0.81	1.22	0.15	0.14
GIZY	12253M001	2020-07-07 09:30:00.0	54.03578	21.76778	166.822	138.582	2,368.5	1.2	-1.02	0.6	0.16	0.14
GIZY	12253M001	2020-07-07 10:00:00.0	54.03578	21.76778	166.817	138.577	2,370.2	1.1	-0.55	0.77	0.13	0.14
GIZY	12253M001	2020-07-07 10:30:00.0	54.03578	21.76778	166.817	138.577	2,377.4	1.3	-0.5	0.84	0.17	0.19
GIZY	12253M001	2020-07-07 11:00:00.0	54.03578	21.76778	166.815	138.575	2,381.4	1.5	-0.93	0.07	0.25	0.19
GIZY	12253M001	2020-07-07 11:30:00.0	54.03578	21.76778	166.815	138.575	2,382.7	1.8	-0.32	0.64	0.3	0.24
GIZY	12253M001	2020-07-07 12:00:00.0	54.03578	21.76778	166.816	138.576	2,386.4	1.5	-0.75	0.72	0.21	0.2
GIZY	12253M001	2020-07-07 12:30:00.0	54.03578	21.76778	166.816	138.576	2,385	1.4	0.06	0.55	0.17	0.19
GIZY	12253M001	2020-07-07 13:00:00.0	54.03578	21.76778	166.813	138.573	2,387.3	1.3	-0.13	1.69	0.18	0.17
GIZY	12253M001	2020-07-07 13:30:00.0	54.03578	21.76778	166.813	138.573	2,382.8	1.6	-0.31	1.75	0.26	0.24
GIZY	12253M001	2020-07-07 14:00:00.0	54.03578	21.76778	166.81	138.57	2,384.2	1.4	0.08	0.08	0.23	0.19
GIZY	12253M001	2020-07-07 14:30:00.0	54.03578	21.76778	166.81	138.57	2,380.8	1.5	0.58	1.19	0.29	0.23
GIZY	12253M001	2020-07-07 15:00:00.0	54.03578	21.76778	166.815	138.575	2,370.2	1.3	0.51	0.49	0.2	0.16
GIZY	12253M001	2020-07-07 15:30:00.0	54.03578	21.76778	166.815	138.575	2,375.9	1.5	0.37	0.31	0.19	0.22
GIZY	12253M001	2020-07-07 16:00:00.0	54.03578	21.76778	166.812	138.572	2,370.1	1.2	-0.86	0.2	0.16	0.18
GIZY	12253M001	2020-07-07 16:30:00.0	54.03578	21.76778	166.812	138.572	2,365.5	1.4	-0.59	-0.07	0.18	0.28
GIZY	12253M001	2020-07-07 17:00:00.0	54.03578	21.76778	166.812	138.572	2,371.4	1.1	-0.73	-0.36	0.16	0.19
GIZY	12253M001	2020-07-07 17:30:00.0	54.03578	21.76778	166.812	138.572	2,368.6	1.1	-0.81	0.35	0.14	0.16
GIZY	12253M001	2020-07-07 18:00:00.0	54.03578	21.76778	166.816	138.576	2,363.6	1.1	-0.16	0.97	0.17	0.16
GIZY	12253M001	2020-07-07 18:30:00.0	54.03578	21.76778	166.816	138.576	2,367.5	1.1	-0.2	-0.06	0.15	0.15
GIZY	12253M001	2020-07-07 19:00:00.0	54.03578	21.76778	166.816	138.576	2,366.9	1	-0.48	-0.49	0.13	0.12
GLIW	NDNT-GLIW	2020-07-07 09:00:00.0	50.22644	18.60972	284.03	242.454	2,359.2	1.5	0.69	0.37	0.26	0.21
GLIW	NDNT-GLIW	2020-07-07 09:30:00.0	50.22644	18.60972	284.03	242.454	2,355.2	1.6	-0.34	0.09	0.28	0.23
GLIW	NDNT-GLIW	2020-07-07 10:00:00.0	50.22644	18.60972	284.032	242.456	2,352	1.4	-0.32	0.42	0.22	0.23
GLIW	NDNT-GLIW	2020-07-07 10:30:00.0	50.22644	18.60972	284.032	242.456	2,356	1.8	-0.09	0.28	0.32	0.3
GLIW	NDNT-GLIW	2020-07-07 11:00:00.0	50.22644	18.60972	284.045	242.469	2,351	2	0.36	-1.6	0.33	0.28
GLIW	NDNT-GLIW	2020-07-07 11:30:00.0	50.22644	18.60972	284.045	242.469	2,354.3	2.1	0.41	-2.1	0.35	0.33
GLIW	NDNT-GLIW	2020-07-07 12:00:00.0	50.22644	18.60972	284.048	242.472	2,357	1.6	-0.61	-0.21	0.24	0.22
GLIW	NDNT-GLIW	2020-07-07 12:30:00.0	50.22644	18.60972	284.048	242.472	2,353.4	1.5	-0.71	-0.28	0.21	0.23
GLIW	NDNT-GLIW	2020-07-07 13:00:00.0	50.22644	18.60972	284.044	242.468	2,358.5	1.3	-0.65	-0.53	0.16	0.2
GLIW	NDNT-GLIW	2020-07-07 13:30:00.0	50.22644	18.60972	284.044	242.468	2,358.6	1.5	-0.87	-0.37	0.25	0.27
GLIW	NDNT-GLIW	2020-07-07 14:00:00.0	50.22644	18.60972	284.04	242.464	2,355.8	1.5	-1.84	0.99	0.28	0.24
GLIW	NDNT-GLIW	2020-07-07 14:30:00.0	50.22644	18.60972	284.04	242.464	2,351.5	1.9	-1.45	1.8	0.37	0.33
GLIW	NDNT-GLIW	2020-07-07 15:00:00.0	50.22644	18.60972	284.046	242.47	2,347.2	1.9	-0.6	0.16	0.33	0.32
GLIW	NDNT-GLIW	2020-07-07 15:30:00.0	50.22644	18.60972	284.046	242.47	2,337.9	2.4	-1.02	-0.33	0.39	0.38
GLIW	NDNT-GLIW	2020-07-07 16:00:00.0	50.22644	18.60972	284.04	242.464	2,353.7	2	0.69	-0.87	0.34	0.37
GLIW	NDNT-GLIW	2020-07-07 16:30:00.0	50.22644	18.60972	284.04	242.464	2,354.5	2	1.1	-1.27	0.34	0.44
GLIW	NDNT-GLIW	2020-07-07 17:00:00.0	50.22644	18.60972	284.046	242.47	2,350.4	1.4	-0.08	0.56	0.21	0.22
GLIW	NDNT-GLIW	2020-07-07 17:30:00.0	50.22644	18.60972	284.046	242.47	2,349.9	1.4	-0.11	0.4	0.23	0.22
GLIW	NDNT-GLIW	2020-07-07 18:00:00.0	50.22644	18.60972	284.027	242.451	2,354.7	1.4	0.76	0.16	0.21	0.22
GLIW	NDNT-GLIW	2020-07-07 18:30:00.0	50.22644	18.60972	284.027	242.451	2,356.1	1.4	0.39	0.37	0.2	0.21
GLIW	NDNT-GLIW	2020-07-07 19:00:00.0	50.22644	18.60972	284.026	242.45	2,351.3	1	-0.35	-0.12	0.12	0.14
GLOG	12254M001	2020-07-07 09:00:00.0	51.66525	16.07428	144.422	104.579	2,380.3	1.3	-1.54	-0.25	0.18	0.18
GLOG	12254M001	2020-07-07 09:30:00.0	51.66525	16.07428	144.422	104.579	2,379.5	1.5	-0.96	-0.42	0.22	0.19
GLOG	12254M001	2020-07-07 10:00:00.0	51.66525	16.07428	144.422	104.579	2,382.6	1.3	-1.29	-0.18	0.19	0.18
GLOG	12254M001	2020-07-07 10:30:00.0	51.66525	16.07428	144.422	104.579	2,381.3	1.6	-1.19	-0.43	0.25	0.24
GLOG	12254M001	2020-07-07 11:00:00.0	51.66525	16.07428	144.43	104.587	2,378.4	1.4	-1.54	-0.54	0.29	0.15
GLOG	12254M001	2020-07-07 11:30:00.0	51.66525	16.07428	144.43	104.587	2,375.5	1.9	-1.18	-0.23	0.34	0.25
GLOG	12254M001	2020-07-07 12:00:00.0	51.66525	16.07428	144.425	104.582	2,378.4	1.6	-1.82	0	0.24	0.21
GLOG	12254M001	2020-07-07 12:30:00.0	51.66525	16.07428	144.425	104.582	2,384.9	1.6	-1.58	-0.31	0.25	0.22
GLOG	12254M001	2020-07-07 13:00:00.0	51.66525	16.07428	144.426	104.583	2,386.7	1.3	-0.18	-1.16	0.16	0.18
GLOG	12254M001	2020-07-07 13:30:00.0	51.66525	16.07428	144.426	104.583	2,384.8	1.5	-0.19	-1.38	0.24	0.26
GLOG	12254M001	2020-07-07 14:00:00.0	51.66525	16.07428	144.426	104.583	2,386.2	1.5	-0.98	-0.78	0.25	0.21
GLOG	12254M001	2020-07-07 14:30:00.0	51.66525	16.07428	144.426	104.583	2,388.9	1.8	-0.68	-0.44	0.35	0.26
GLOG	12254M001	2020-07-07 15:00:00.0	51.66525	16.07428	144.423	104.58	2,391.2	1.4	-0.42	-0.6	0.23	0.19
GLOG	12254M001	2020-07-07 15:30:00.0	51.66525	16.07428	144.423	104.58	2,389.5	1.6	-0.48	-0.76	0.24	0.27
GLOG	12254M001	2020-07-07 16:00:00.0	51.66525	16.07428	144.428	104.585	2,392.6	1.4	-0.7	0.13	0.18	0.2
GLOG	12254M001	2020-07-07 16:30:00.0	51.66525	16.07428	144.428	104.585	2,386.6	1.5	-0.19	-0.1	0.21	0.26
GLOG	12254M001	2020-07-07 17:00:00.0	51.66525	16.07428	144.428	104.585	2,384.6	1.3	-0.78	0.55	0.19	0.24
GLOG	12254M001	2020-07-07 17:30:00.0	51.66525	16.07428	144.428	104.585	2,382.3	1.4	-0.81	-0.11	0.21	0.27
GLOG	12254M001	2020-07-07 18:00:00.0	51.66525	16.07428	144.43	104.587	2,381	1.4	-0.85	-0.26	0.2	0.23
GLOG	12254M001	2020-07-07 18:30:00.0	51.66525	16.07428	144.43	104.587	2,385.6	1.3	-0.24	-0.15	0.19	0.21
GLOG	12254M001	2020-07-07 19:00:00.0	51.66525	16.07428	144.427	104.584	2,388.2	1	-1.19	0.2	0.12	0.13
GLSV	12356M001	2020-07-07 10:00:00.0	50.36419	30.49675	226.352	200.98	2,484.8	1.5	0.35	-0.77	0.24	0.18
GLSV	12356M001	2020-07-07 10:30:00.0	50.36419	30.49675	226.352	200.98	2,478.3	1.7	0.72	0.18	0.23	0.23
GLSV	12356M001	2020-07-07 11:00:00.0	50.36419	30.49675	226.339	200.967	2,470.7	1.4	0.28	0.21	0.27	0.21
GLSV	12356M001	2020-07-07 11:30:00.0	50.36419	30.49675	226.339	200.967	2,466.8	1.5	0.17	-0.58	0.27	0.21
GLSV	12356M001	2020-07-07 12:00:00.0	50.36419	30.49675	226.324	200.952	2,471.3	1.4	0.59	-0.51	0.18	0.21
GLSV	12356M001	2020-07-07 12:30:00.0	50.36419	30.49675	226.324	200.952	2,464.4	1.4	0.88	-0.59	0.15	0.2
GLSV	12356M001	2020-07-07 13:00:00.0	50.36419	30.49675	226.322	200.95	2,469.2	1.4	1.13	0.07	0.17	0.18
GLSV	12356M001	2020-07-07 13:30:00.0	50.36419	30.49675	226.322	200.95	2,468.4	1.5	0.83	0.14	0.2	0.15
GLSV	12356M001	2020-07-07 14:00:00.0	50.36419	30.49675	226.318	200.946	2,473.6	1.3	3.21	-3.18	0.2	0.16
GLSV	12356M001	2020-07-07 14:30:00.0	50.36419	30.49675	226.318	200.946	2,479.8	1.5	3.67	-0.21	0.27	0.19
GLSV	12356M001	2020-07-07 15:00:00.0	50.36419	30.49675	226.31	200.938	2,468.3	1.4	1.56	2.68	0.18	0.16
GLSV	12356M001	2020-07-07 15:30:00.0	50.36419	30.49675	226.31	200.938	2,464.7	1.4	1.18	0.73	0.16	0.17
GLSV	12356M001	2020-07-07 16:00:00.0	50.36419	30.49675	226.308	200.936	2,468.6	1.3	0.18	1.19	0.14	0.19
GLSV	12356M001	2020-07-07 16:30:00.0	50.36419	30.49675	226.308	200.936	2,464.7	1.4	-0.18	0.45	0.15	0.26
GLSV	12356M001	2020-07-07 17:00:00.0	50.36419	30.49675	226.306	200.934	2,460.8	1.2	-0.54	0.49	0.17	0.19
GLSV	12356M001	2020-07-07 17:30:00.0	50.36419	30.49675	226.306	200.934	2,458.2	1.1	-0.7	-0.26	0.14	0.16
GLSV	12356M001	2020-07-07 18:00:00.0	50.36419	30.49675	226.302	200.93	2,461.1	1	-1.06	-0.33	0.14	0.14
GLSV	12356M001	2020-07-07 18:30:00.0	50.36419	30.49675	226.302	200.93	2,454.8	1	-1.27	0.74	0.17	0.13
GLSV	12356M001	2020-07-07 19:00:00.0	50.36419	30.49675	226.294	200.922	2,450.9	1.3	-1.86	0.63	0.22	0.19
GLUB	NDNT-GLUB	2020-07-07 09:00:00.0	50.20236	17.81056	321.373	279.149	2,341.7	1.3	-0.15	-0.03	0.16	0.17
GLUB	NDNT-GLUB	2020-07-07 09:30:00.0	50.20236	17.81056	321.373	279.149	2,338.7	1.3	-0.22	-0.18	0.17	0.17
GLUB	NDNT-GLUB	2020-07-07 10:00:00.0	50.20236	17.81056	321.376	279.152	2,342.3	1.2	0.18	-0.59	0.14	0.16
GLUB	NDNT-GLUB	2020-07-07 10:30:00.0	50.20236	17.81056	321.376	279.152	2,346.4	1.4	-0.19	-0.55	0.22	0.19
GLUB	NDNT-GLUB	2020-07-07 11:00:00.0	50.20236	17.81056	321.379	279.155	2,344.4	1.3	0.24	-0.38	0.26	0.14
GLUB	NDNT-GLUB	2020-07-07 11:30:00.0	50.20236	17.81056	321.379	279.155	2,341.3	1.8	1.11	0	0.31	0.22
GLUB	NDNT-GLUB	2020-07-07 12:00:00.0	50.20236	17.81056	321.379	279.155	2,344.6	1.5	0.36	-0.46	0.23	0.2
GLUB	NDNT-GLUB	2020-07-07 12:30:00.0	50.20236	17.81056	321.379	279.155	2,346.8	1.4	-0.81	-0.74	0.2	0.2
GLUB	NDNT-GLUB	2020-07-07 13:00:00.0	50.20236	17.81056	321.379	279.155	2,353.6	1.3	-0.81	-0.75	0.2	0.16
GLUB	NDNT-GLUB	2020-07-07 13:30:00.0	50.20236	17.81056	321.379	279.155	2,353.4	1.4	-0.91	-0.91	0.19	0.21
GLUB	NDNT-GLUB	2020-07-07 14:00:00.0	50.20236	17.81056	321.378	279.154	2,344.5	1.3	-1.03	0.74	0.21	0.2
GLUB	NDNT-GLUB	2020-07-07 14:30:00.0	50.20236	17.81056	321.378	279.154	2,340.3	1.6	-1.14	0.51	0.32	0.25
GLUB	NDNT-GLUB	2020-07-07 15:00:00.0	50.20236	17.81056	321.377	279.153	2,342.2	1.5	1.03	0.31	0.23	0.19
GLUB	NDNT-GLUB	2020-07-07 15:30:00.0	50.20236	17.81056	321.377	279.153	2,347.1	1.5	0.91	0.31	0.2	0.24
GLUB	NDNT-GLUB	2020-07-07 16:00:00.0	50.20236	17.81056	321.374	279.15	2,348.5	1.7	-0.22	-0.46	0.23	0.28
GLUB	NDNT-GLUB	2020-07-07 16:30:00.0	50.20236	17.81056	321.374	279.15	2,346.5	1.7	-0.56	0.23	0.24	0.33
GLUB	NDNT-GLUB	2020-07-07 17:00:00.0	50.20236	17.81056	321.378	279.154	2,343.3	1.2	-0.7	1.05	0.18	0.2
GLUB	NDNT-GLUB	2020-07-07 17:30:00.0	50.20236	17.81056	321.378	279.154	2,343.6	1.2	-1	0.42	0.15	0.2
GLUB	NDNT-GLUB	2020-07-07 18:00:00.0	50.20236	17.81056	321.372	279.148	2,346.8	1.2	-0.48	-0.42	0.16	0.17
GLUB	NDNT-GLUB	2020-07-07 18:30:00.0	50.20236	17.81056	321.372	279.148	2,346.4	1.3	-0.45	-0.52	0.18	0.19
GLUB	NDNT-GLUB	2020-07-07 19:00:00.0	50.20236	17.81056	321.37	279.146	2,349	1.2	-0.86	-0.48	0.16	0.16
GNIE	12255M001	2020-07-07 09:00:00.0	52.53294	17.58386	172.123	138.861	2,372.7	1.2	-2.28	-0.09	0.16	0.17
GNIE	12255M001	2020-07-07 09:30:00.0	52.53294	17.58386	172.123	138.861	2,369.8	1.3	-1.43	0.37	0.18	0.18
GNIE	12255M001	2020-07-07 10:00:00.0	52.53294	17.58386	172.119	138.857	2,368.9	1.2	-1.04	-0.21	0.15	0.17
GNIE	12255M001	2020-07-07 10:30:00.0	52.53294	17.58386	172.119	138.857	2,376.6	1.4	-1.34	0.68	0.18	0.21
GNIE	12255M001	2020-07-07 11:00:00.0	52.53294	17.58386	172.121	138.859	2,367.2	1.4	-0.36	-0.07	0.25	0.16
GNIE	12255M001	2020-07-07 11:30:00.0	52.53294	17.58386	172.121	138.859	2,370.3	1.7	-1.08	-0.05	0.29	0.23
GNIE	12255M001	2020-07-07 12:00:00.0	52.53294	17.58386	172.127	138.865	2,366.1	1.5	-0.26	-0.32	0.21	0.19
GNIE	12255M001	2020-07-07 12:30:00.0	52.53294	17.58386	172.127	138.865	2,371.3	1.4	-0.5	-0.06	0.2	0.16
GNIE	12255M001	2020-07-07 13:00:00.0	52.53294	17.58386	172.127	138.865	2,376.2	1.2	-0.82	-1.29	0.15	0.16
GNIE	12255M001	2020-07-07 13:30:00.0	52.53294	17.58386	172.127	138.865	2,372.2	1.4	-0.72	-0.51	0.19	0.23
GNIE	12255M001	2020-07-07 14:00:00.0	52.53294	17.58386	172.126	138.864	2,374.9	1.2	0.08	-0.95	0.2	0.2
GNIE	12255M001	2020-07-07 14:30:00.0	52.53294	17.58386	172.126	138.864	2,373.7	1.5	0.33	-1.09	0.29	0.24
GNIE	12255M001	2020-07-07 15:00:00.0	52.53294	17.58386	172.133	138.871	2,369.8	1.4	0.46	-1.17	0.22	0.18
GNIE	12255M001	2020-07-07 15:30:00.0	52.53294	17.58386	172.133	138.871	2,371.1	1.5	0.2	-1.35	0.21	0.27
GNIE	12255M001	2020-07-07 16:00:00.0	52.53294	17.58386	172.126	138.864	2,373.3	1.2	-0.43	-0.85	0.16	0.17
GNIE	12255M001	2020-07-07 16:30:00.0	52.53294	17.58386	172.126	138.864	2,374.2	1.4	-0.25	-0.1	0.19	0.25
GNIE	12255M001	2020-07-07 17:00:00.0	52.53294	17.58386	172.124	138.862	2,375.2	1.1	-0.02	-0.92	0.16	0.2
GNIE	12255M001	2020-07-07 17:30:00.0	52.53294	17.58386	172.124	138.862	2,372.3	1.2	-0.26	-0.4	0.17	0.22
GNIE	12255M001	2020-07-07 18:00:00.0	52.53294	17.58386	172.128	138.866	2,368.1	1.2	0.03	-0.74	0.17	0.17
GNIE	12255M001	2020-07-07 18:30:00.0	52.53294	17.58386	172.128	138.866	2,373.9	1.2	-0.3	-0.31	0.16	0.18
GNIE	12255M001	2020-07-07 19:00:00.0	52.53294	17.58386	172.126	138.864	2,372.5	0.9	-0.59	-0.45	0.12	0.12
GOLE	12256M001	2020-07-07 09:00:00.0	53.55872	14.838	68.87	33.693	2,399.8	1.4	-1.07	0.27	0.18	0.18
GOLE	12256M001	2020-07-07 09:30:00.0	53.55872	14.838	68.87	33.693	2,404	1.5	-0.48	0.07	0.2	0.21
GOLE	12256M001	2020-07-07 10:00:00.0	53.55872	14.838	68.871	33.694	2,411.6	1.4	-0.28	-0.21	0.18	0.19
GOLE	12256M001	2020-07-07 10:30:00.0	53.55872	14.838	68.871	33.694	2,410.3	1.7	-0.74	-0.39	0.21	0.23
GOLE	12256M001	2020-07-07 11:00:00.0	53.55872	14.838	68.874	33.697	2,409.7	1.4	-0.66	0.08	0.25	0.14
GOLE	12256M001	2020-07-07 11:30:00.0	53.55872	14.838	68.874	33.697	2,407.4	1.8	-1.48	-0.48	0.31	0.23
GOLE	12256M001	2020-07-07 12:00:00.0	53.55872	14.838	68.875	33.698	2,413	1.6	-0.02	-0.26	0.23	0.2
GOLE	12256M001	2020-07-07 12:30:00.0	53.55872	14.838	68.875	33.698	2,415.8	1.6	-0.34	-0.04	0.24	0.22
GOLE	12256M001	2020-07-07 13:00:00.0	53.55872	14.838	68.876	33.699	2,415.7	1.1	-0.36	0.11	0.14	0.13
GOLE	12256M001	2020-07-07 13:30:00.0	53.55872	14.838	68.876	33.699	2,416.3	1.4	-0.44	-0.25	0.19	0.23
GOLE	12256M001	2020-07-07 14:00:00.0	53.55872	14.838	68.87	33.693	2,410.7	1.3	-0.26	-0.15	0.2	0.2
GOLE	12256M001	2020-07-07 14:30:00.0	53.55872	14.838	68.87	33.693	2,406.2	1.5	-0.25	-0.91	0.28	0.23
GOLE	12256M001	2020-07-07 15:00:00.0	53.55872	14.838	68.869	33.692	2,406.8	1.3	-0.63	-0.82	0.18	0.16
GOLE	12256M001	2020-07-07 15:30:00.0	53.55872	14.838	68.869	33.692	2,407	1.6	-0.35	-0.49	0.23	0.26
GOLE	12256M001	2020-07-07 16:00:00.0	53.55872	14.838	68.868	33.691	2,404.4	1.3	-0.78	-1.35	0.16	0.19
GOLE	12256M001	2020-07-07 16:30:00.0	53.55872	14.838	68.868	33.691	2,408.3	1.4	-1.24	-1.43	0.19	0.18
GOLE	12256M001	2020-07-07 17:00:00.0	53.55872	14.838	68.871	33.694	2,411.6	1.2	-0.99	-0.47	0.18	0.22
GOLE	12256M001	2020-07-07 17:30:00.0	53.55872	14.838	68.871	33.694	2,411.6	1.4	-0.7	-0.71	0.2	0.26
GOLE	12256M001	2020-07-07 18:00:00.0	53.55872	14.838	68.873	33.696	2,417	1.2	-0.12	-1.6	0.16	0.18
GOLE	12256M001	2020-07-07 18:30:00.0	53.55872	14.838	68.873	33.696	2,418.2	1.2	0.13	-0.83	0.16	0.19
GOLE	12256M001	2020-07-07 19:00:00.0	53.55872	14.838	68.876	33.699	2,419.4	0.9	-1.17	-0.49	0.11	0.11
GOPE	11502M002	2020-07-07 09:00:00.0	49.91369	14.78564	592.722	547.553	2,274	1.3	-0.85	-1.28	0.17	0.17
GOPE	11502M002	2020-07-07 09:30:00.0	49.91369	14.78564	592.722	547.553	2,270.9	1.3	-0.83	-1.06	0.18	0.16
GOPE	11502M002	2020-07-07 10:00:00.0	49.91369	14.78564	592.721	547.552	2,268.2	1.2	-0.55	-0.56	0.16	0.18
GOPE	11502M002	2020-07-07 10:30:00.0	49.91369	14.78564	592.721	547.552	2,269.3	1.4	-0.14	-0.43	0.23	0.19
GOPE	11502M002	2020-07-07 11:00:00.0	49.91369	14.78564	592.722	547.553	2,269.1	1.3	-0.35	-1.06	0.27	0.13
GOPE	11502M002	2020-07-07 11:30:00.0	49.91369	14.78564	592.722	547.553	2,270.4	1.8	-0.36	-0.99	0.32	0.24
GOPE	11502M002	2020-07-07 12:00:00.0	49.91369	14.78564	592.73	547.561	2,271.2	1.4	-0.54	-0.38	0.21	0.16
GOPE	11502M002	2020-07-07 12:30:00.0	49.91369	14.78564	592.73	547.561	2,274.4	1.3	-0.31	-0.76	0.15	0.16
GOPE	11502M002	2020-07-07 13:00:00.0	49.91369	14.78564	592.73	547.561	2,276.5	1.1	-1.12	-0.49	0.14	0.13
GOPE	11502M002	2020-07-07 13:30:00.0	49.91369	14.78564	592.73	547.561	2,273.1	1.4	-0.74	-0.03	0.19	0.22
GOPE	11502M002	2020-07-07 14:00:00.0	49.91369	14.78564	592.731	547.562	2,266.9	1.2	-0.38	-0.07	0.18	0.2
GOPE	11502M002	2020-07-07 14:30:00.0	49.91369	14.78564	592.731	547.562	2,265.3	1.5	-0.62	0.24	0.28	0.24
GOPE	11502M002	2020-07-07 15:00:00.0	49.91369	14.78564	592.727	547.558	2,270.8	1.4	0.08	0.31	0.22	0.17
GOPE	11502M002	2020-07-07 15:30:00.0	49.91369	14.78564	592.727	547.558	2,269.9	1.4	0.12	-0.23	0.2	0.24
GOPE	11502M002	2020-07-07 16:00:00.0	49.91369	14.78564	592.734	547.565	2,270.4	1.2	-0.3	-0.05	0.16	0.15
GOPE	11502M002	2020-07-07 16:30:00.0	49.91369	14.78564	592.734	547.565	2,269.7	1.3	-0.79	0.12	0.16	0.17
GOPE	11502M002	2020-07-07 17:00:00.0	49.91369	14.78564	592.732	547.563	2,270.7	1.1	-1.07	0.32	0.16	0.17
GOPE	11502M002	2020-07-07 17:30:00.0	49.91369	14.78564	592.732	547.563	2,270.4	1.1	-0.8	0.22	0.14	0.19
GOPE	11502M002	2020-07-07 18:00:00.0	49.91369	14.78564	592.729	547.56	2,269.9	1.2	-0.66	0.4	0.17	0.18
GOPE	11502M002	2020-07-07 18:30:00.0	49.91369	14.78564	592.729	547.56	2,273.3	1.3	-0.7	0.54	0.18	0.2
GOPE	11502M002	2020-07-07 19:00:00.0	49.91369	14.78564	592.732	547.563	2,272.8	0.9	-0.76	0.01	0.11	0.11
GOR1	NDNT-GORL	2020-07-07 09:00:00.0	49.65586	21.13944	381.25	343.395	2,339.5	1.3	0.29	2.33	0.16	0.18
GOR1	NDNT-GORL	2020-07-07 09:30:00.0	49.65586	21.13944	381.25	343.395	2,341	1.3	0.25	1.21	0.18	0.18
GOR1	NDNT-GORL	2020-07-07 10:00:00.0	49.65586	21.13944	381.256	343.401	2,332	1.1	0.1	0.51	0.14	0.15
GOR1	NDNT-GORL	2020-07-07 10:30:00.0	49.65586	21.13944	381.256	343.401	2,331.8	1.4	-0.72	-0.52	0.19	0.18
GOR1	NDNT-GORL	2020-07-07 11:00:00.0	49.65586	21.13944	381.246	343.391	2,334.6	1.3	-1.03	-0.27	0.23	0.15
GOR1	NDNT-GORL	2020-07-07 11:30:00.0	49.65586	21.13944	381.246	343.391	2,329.4	1.5	-0.48	0.19	0.29	0.19
GOR1	NDNT-GORL	2020-07-07 12:00:00.0	49.65586	21.13944	381.238	343.383	2,331.9	1.4	-0.47	0.31	0.23	0.15
GOR1	NDNT-GORL	2020-07-07 12:30:00.0	49.65586	21.13944	381.238	343.383	2,327.2	1.2	-1.03	1.43	0.16	0.18
GOR1	NDNT-GORL	2020-07-07 13:00:00.0	49.65586	21.13944	381.24	343.385	2,332.7	1.1	-1.05	0.28	0.15	0.14
GOR1	NDNT-GORL	2020-07-07 13:30:00.0	49.65586	21.13944	381.24	343.385	2,339.3	1.2	-0.48	0.96	0.18	0.18
GOR1	NDNT-GORL	2020-07-07 14:00:00.0	49.65586	21.13944	381.247	343.392	2,326.9	1.2	-0.03	1.12	0.19	0.19
GOR1	NDNT-GORL	2020-07-07 14:30:00.0	49.65586	21.13944	381.247	343.392	2,329.5	1.4	0	0.48	0.29	0.24
GOR1	NDNT-GORL	2020-07-07 15:00:00.0	49.65586	21.13944	381.248	343.393	2,329.1	1.4	0.46	0.84	0.21	0.18
GOR1	NDNT-GORL	2020-07-07 15:30:00.0	49.65586	21.13944	381.248	343.393	2,333.1	1.4	-0.21	0.12	0.18	0.22
GOR1	NDNT-GORL	2020-07-07 16:00:00.0	49.65586	21.13944	381.242	343.387	2,340.3	1.1	-0.17	0.98	0.14	0.15
GOR1	NDNT-GORL	2020-07-07 16:30:00.0	49.65586	21.13944	381.242	343.387	2,334.9	1.3	-0.33	1.25	0.15	0.2
GOR1	NDNT-GORL	2020-07-07 17:00:00.0	49.65586	21.13944	381.247	343.392	2,328.4	1.2	-0.22	1.37	0.17	0.18
GOR1	NDNT-GORL	2020-07-07 17:30:00.0	49.65586	21.13944	381.247	343.392	2,324.3	1.1	-0.14	0.54	0.14	0.17
GOR1	NDNT-GORL	2020-07-07 18:00:00.0	49.65586	21.13944	381.252	343.397	2,319.6	1.1	-0.59	0.86	0.15	0.15
GOR1	NDNT-GORL	2020-07-07 18:30:00.0	49.65586	21.13944	381.252	343.397	2,316	1.2	-0.3	0.78	0.18	0.16
GOR1	NDNT-GORL	2020-07-07 19:00:00.0	49.65586	21.13944	381.246	343.391	2,316.3	0.9	-0.37	0.28	0.11	0.11
GRAJ	12245M001	2020-07-07 09:00:00.0	53.65106	22.45231	165.181	136.665	2,381.3	1.4	-0.54	2.79	0.22	0.22
GRAJ	12245M001	2020-07-07 09:30:00.0	53.65106	22.45231	165.181	136.665	2,381.3	1.5	-0.27	4.13	0.24	0.23
GRAJ	12245M001	2020-07-07 10:00:00.0	53.65106	22.45231	165.189	136.673	2,371.5	1.4	-0.2	2.65	0.22	0.22
GRAJ	12245M001	2020-07-07 10:30:00.0	53.65106	22.45231	165.189	136.673	2,365.1	1.9	0.24	2.78	0.3	0.31
GRAJ	12245M001	2020-07-07 11:00:00.0	53.65106	22.45231	165.195	136.679	2,369.3	1.5	1.22	2.55	0.3	0.21
GRAJ	12245M001	2020-07-07 11:30:00.0	53.65106	22.45231	165.195	136.679	2,366.4	1.9	1.63	2.14	0.34	0.29
GRAJ	12245M001	2020-07-07 12:00:00.0	53.65106	22.45231	165.19	136.674	2,376.2	1.5	0.39	1.33	0.23	0.22
GRAJ	12245M001	2020-07-07 12:30:00.0	53.65106	22.45231	165.19	136.674	2,380.5	1.4	0.25	1.81	0.23	0.21
GRAJ	12245M001	2020-07-07 13:00:00.0	53.65106	22.45231	165.189	136.673	2,379.2	1.4	-0.05	0.29	0.21	0.2
GRAJ	12245M001	2020-07-07 13:30:00.0	53.65106	22.45231	165.189	136.673	2,386.1	1.7	-0.28	-0.06	0.28	0.27
GRAJ	12245M001	2020-07-07 14:00:00.0	53.65106	22.45231	165.19	136.674	2,390.6	1.4	0.35	0.73	0.23	0.21
GRAJ	12245M001	2020-07-07 14:30:00.0	53.65106	22.45231	165.19	136.674	2,380.8	1.7	-0.09	1.21	0.31	0.26
GRAJ	12245M001	2020-07-07 15:00:00.0	53.65106	22.45231	165.191	136.675	2,378.3	1.5	0.17	0.56	0.24	0.21
GRAJ	12245M001	2020-07-07 15:30:00.0	53.65106	22.45231	165.191	136.675	2,378.4	1.6	-0.05	0.21	0.25	0.3
GRAJ	12245M001	2020-07-07 16:00:00.0	53.65106	22.45231	165.182	136.666	2,374.2	1.3	-2.04	-0.04	0.18	0.21
GRAJ	12245M001	2020-07-07 16:30:00.0	53.65106	22.45231	165.182	136.666	2,380.1	1.5	-1.57	0.09	0.21	0.3
GRAJ	12245M001	2020-07-07 17:00:00.0	53.65106	22.45231	165.18	136.664	2,374.9	1.2	-1.02	0.42	0.18	0.22
GRAJ	12245M001	2020-07-07 17:30:00.0	53.65106	22.45231	165.18	136.664	2,373.6	1.2	-0.41	0.55	0.17	0.24
GRAJ	12245M001	2020-07-07 18:00:00.0	53.65106	22.45231	165.178	136.662	2,367.4	1.1	0.03	1.04	0.18	0.16
GRAJ	12245M001	2020-07-07 18:30:00.0	53.65106	22.45231	165.178	136.662	2,368.7	1.2	0.34	0.67	0.18	0.18
GRAJ	12245M001	2020-07-07 19:00:00.0	53.65106	22.45231	165.176	136.66	2,369.7	1.1	0.17	0.18	0.16	0.13
GWWL	12225M001	2020-07-07 09:00:00.0	52.73797	15.20522	127.161	90.872	2,385.9	1.8	-0.21	-0.15	0.23	0.27
GWWL	12225M001	2020-07-07 09:30:00.0	52.73797	15.20522	127.161	90.872	2,387.4	1.6	0.25	0.01	0.24	0.21
GWWL	12225M001	2020-07-07 10:00:00.0	52.73797	15.20522	127.171	90.882	2,384.1	1.8	0.12	-0.49	0.24	0.26
GWWL	12225M001	2020-07-07 13:00:00.0	52.73797	15.20522	127.172	90.883	2,385.4	1.3	-0.84	-0.15	0.2	0.15
GWWL	12225M001	2020-07-07 13:30:00.0	52.73797	15.20522	127.172	90.883	2,392.7	1.6	-0.77	0.19	0.23	0.22
GWWL	12225M001	2020-07-07 14:00:00.0	52.73797	15.20522	127.164	90.875	2,389.2	1.4	-0.72	-0.2	0.21	0.21
GWWL	12225M001	2020-07-07 14:30:00.0	52.73797	15.20522	127.164	90.875	2,389.9	1.7	-0.29	-0.24	0.28	0.25
GWWL	12225M001	2020-07-07 15:00:00.0	52.73797	15.20522	127.164	90.875	2,386.6	1.4	-0.01	-0.29	0.2	0.17
GWWL	12225M001	2020-07-07 15:30:00.0	52.73797	15.20522	127.164	90.875	2,384.7	1.6	-1.18	-0.99	0.22	0.28
GWWL	12225M001	2020-07-07 16:00:00.0	52.73797	15.20522	127.162	90.873	2,387.6	1.3	-0.55	-0.95	0.18	0.19
GWWL	12225M001	2020-07-07 16:30:00.0	52.73797	15.20522	127.162	90.873	2,386.2	1.4	-0.87	-0.98	0.21	0.24
GWWL	12225M001	2020-07-07 17:00:00.0	52.73797	15.20522	127.163	90.874	2,385	1.2	-0.95	-0.21	0.17	0.19
GWWL	12225M001	2020-07-07 17:30:00.0	52.73797	15.20522	127.163	90.874	2,388.1	1.2	-1	-0.34	0.17	0.2
GWWL	12225M001	2020-07-07 18:00:00.0	52.73797	15.20522	127.159	90.87	2,383	1.7	-0.35	0.42	0.28	0.31
GWWL	12225M001	2020-07-07 19:00:00.0	52.73797	15.20522	127.159	90.87	2,387	1.3	-0.47	-1	0.17	0.2
HAJN	12247M001	2020-07-07 09:00:00.0	52.74097	23.56589	196.603	168.332	2,396.2	1.2	0.08	1.61	0.17	0.17
HAJN	12247M001	2020-07-07 09:30:00.0	52.74097	23.56589	196.603	168.332	2,398.6	1.2	0.24	1.09	0.18	0.16
HAJN	12247M001	2020-07-07 10:00:00.0	52.74097	23.56589	196.605	168.334	2,401.8	1.2	0	0.89	0.17	0.17
HAJN	12247M001	2020-07-07 10:30:00.0	52.74097	23.56589	196.605	168.334	2,405	1.6	-0.49	1.81	0.26	0.26
HAJN	12247M001	2020-07-07 11:00:00.0	52.74097	23.56589	196.624	168.353	2,400.6	1.5	-0.91	0.45	0.3	0.2
HAJN	12247M001	2020-07-07 11:30:00.0	52.74097	23.56589	196.624	168.353	2,396.5	1.8	-1.09	0.48	0.33	0.28
HAJN	12247M001	2020-07-07 12:00:00.0	52.74097	23.56589	196.623	168.352	2,397.9	1.9	0.11	4.03	0.29	0.27
HAJN	12247M001	2020-07-07 12:30:00.0	52.74097	23.56589	196.623	168.352	2,396.4	1.8	0.36	4.42	0.27	0.28
HAJN	12247M001	2020-07-07 13:00:00.0	52.74097	23.56589	196.623	168.352	2,392.2	1.4	-0.46	3.94	0.21	0.22
HAJN	12247M001	2020-07-07 13:30:00.0	52.74097	23.56589	196.623	168.352	2,379.7	1.6	-0.27	2.68	0.25	0.27
HAJN	12247M001	2020-07-07 14:00:00.0	52.74097	23.56589	196.623	168.352	2,370.6	1.4	0.44	0.74	0.25	0.22
HAJN	12247M001	2020-07-07 14:30:00.0	52.74097	23.56589	196.623	168.352	2,372.4	1.8	0.71	0.58	0.36	0.26
HAJN	12247M001	2020-07-07 15:00:00.0	52.74097	23.56589	196.627	168.356	2,368	1.4	0.24	1.21	0.19	0.2
HAJN	12247M001	2020-07-07 15:30:00.0	52.74097	23.56589	196.627	168.356	2,359.9	1.4	-0.77	0.9	0.19	0.25
HAJN	12247M001	2020-07-07 16:00:00.0	52.74097	23.56589	196.619	168.348	2,369.6	1.2	0.53	0.22	0.15	0.22
HAJN	12247M001	2020-07-07 16:30:00.0	52.74097	23.56589	196.619	168.348	2,370	1.4	-0.39	0.31	0.17	0.29
HAJN	12247M001	2020-07-07 17:00:00.0	52.74097	23.56589	196.616	168.345	2,365.4	1.4	-0.49	0.93	0.18	0.21
HAJN	12247M001	2020-07-07 17:30:00.0	52.74097	23.56589	196.616	168.345	2,363.6	1.4	-0.62	1.5	0.15	0.2
HAJN	12247M001	2020-07-07 18:00:00.0	52.74097	23.56589	196.628	168.357	2,359.7	1.2	0.09	0.22	0.18	0.19
HAJN	12247M001	2020-07-07 18:30:00.0	52.74097	23.56589	196.628	168.357	2,363.9	1.2	-0.66	0.4	0.17	0.18
HAJN	12247M001	2020-07-07 19:00:00.0	52.74097	23.56589	196.633	168.362	2,364	1.1	-0.11	0.5	0.13	0.13
HOZD	12248M001	2020-07-07 09:00:00.0	50.18886	23.36225	298.847	266.976	2,405	1.3	0.06	-1.37	0.14	0.16
HOZD	12248M001	2020-07-07 09:30:00.0	50.18886	23.36225	298.847	266.976	2,416.3	1.4	0.37	-0.87	0.17	0.16
HOZD	12248M001	2020-07-07 10:00:00.0	50.18886	23.36225	298.874	267.003	2,399	1.2	-1.13	1.08	0.13	0.15
HOZD	12248M001	2020-07-07 10:30:00.0	50.18886	23.36225	298.874	267.003	2,403.3	1.6	-1.37	1.14	0.18	0.22
HOZD	12248M001	2020-07-07 11:00:00.0	50.18886	23.36225	298.862	266.991	2,412.3	1.7	-0.52	-0.49	0.27	0.2
HOZD	12248M001	2020-07-07 11:30:00.0	50.18886	23.36225	298.862	266.991	2,410.9	1.7	-0.14	-1.26	0.31	0.21
HOZD	12248M001	2020-07-07 12:00:00.0	50.18886	23.36225	298.855	266.984	2,388.1	1.4	-3.53	2.02	0.2	0.19
HOZD	12248M001	2020-07-07 12:30:00.0	50.18886	23.36225	298.855	266.984	2,394.7	1.5	-1.81	1.53	0.16	0.23
HOZD	12248M001	2020-07-07 13:00:00.0	50.18886	23.36225	298.856	266.985	2,388.5	1.3	-1.09	4.17	0.16	0.22
HOZD	12248M001	2020-07-07 13:30:00.0	50.18886	23.36225	298.856	266.985	2,373	1.5	-1.68	3.2	0.22	0.22
HOZD	12248M001	2020-07-07 14:00:00.0	50.18886	23.36225	298.862	266.991	2,361.1	1.3	-2.22	1.64	0.22	0.21
HOZD	12248M001	2020-07-07 14:30:00.0	50.18886	23.36225	298.862	266.991	2,354.7	1.6	-0.89	2.8	0.29	0.24
HOZD	12248M001	2020-07-07 15:00:00.0	50.18886	23.36225	298.875	267.004	2,352.1	1.5	-0.88	4.07	0.21	0.2
HOZD	12248M001	2020-07-07 15:30:00.0	50.18886	23.36225	298.875	267.004	2,342.1	1.7	-1.11	3.95	0.2	0.25
HOZD	12248M001	2020-07-07 16:00:00.0	50.18886	23.36225	298.858	266.987	2,352.8	1.4	-0.27	0.81	0.17	0.19
HOZD	12248M001	2020-07-07 16:30:00.0	50.18886	23.36225	298.858	266.987	2,347.8	1.7	-0.12	-0.43	0.23	0.28
HOZD	12248M001	2020-07-07 17:00:00.0	50.18886	23.36225	298.851	266.98	2,343.3	1.4	-0.12	1.04	0.18	0.2
HOZD	12248M001	2020-07-07 17:30:00.0	50.18886	23.36225	298.851	266.98	2,340.2	1.2	-1.57	0.09	0.14	0.18
HOZD	12248M001	2020-07-07 18:00:00.0	50.18886	23.36225	298.854	266.983	2,338.1	1.3	-0.35	-0.56	0.18	0.19
HOZD	12248M001	2020-07-07 18:30:00.0	50.18886	23.36225	298.854	266.983	2,350.8	1.4	-1.33	0.18	0.2	0.19
HOZD	12248M001	2020-07-07 19:00:00.0	50.18886	23.36225	298.845	266.974	2,346.9	1	-0.41	-0.02	0.11	0.11
HRUB	12249M001	2020-07-07 09:00:00.0	50.80469	23.88628	234.448	204.52	2,428.7	1.4	-0.58	0.54	0.18	0.2
HRUB	12249M001	2020-07-07 09:30:00.0	50.80469	23.88628	234.448	204.52	2,432.1	1.4	-0.74	0.16	0.19	0.19
HRUB	12249M001	2020-07-07 10:00:00.0	50.80469	23.88628	234.458	204.53	2,416.7	1.2	0.6	-1.75	0.17	0.19
HRUB	12249M001	2020-07-07 10:30:00.0	50.80469	23.88628	234.458	204.53	2,419.9	1.6	0.68	-0.45	0.28	0.26
HRUB	12249M001	2020-07-07 11:00:00.0	50.80469	23.88628	234.448	204.52	2,421.8	1.4	-0.71	2.61	0.29	0.19
HRUB	12249M001	2020-07-07 11:30:00.0	50.80469	23.88628	234.448	204.52	2,414.4	1.8	-1.38	2.35	0.32	0.28
HRUB	12249M001	2020-07-07 12:00:00.0	50.80469	23.88628	234.439	204.511	2,425.8	1.6	-0.23	1.04	0.23	0.24
HRUB	12249M001	2020-07-07 12:30:00.0	50.80469	23.88628	234.439	204.511	2,418	1.5	0.16	0.52	0.22	0.26
HRUB	12249M001	2020-07-07 13:00:00.0	50.80469	23.88628	234.452	204.524	2,419.8	1.4	-1.3	1.51	0.21	0.23
HRUB	12249M001	2020-07-07 13:30:00.0	50.80469	23.88628	234.452	204.524	2,409.5	1.6	-1.08	1.22	0.28	0.3
HRUB	12249M001	2020-07-07 14:00:00.0	50.80469	23.88628	234.455	204.527	2,388.8	1.4	-2.99	4.35	0.23	0.24
HRUB	12249M001	2020-07-07 14:30:00.0	50.80469	23.88628	234.455	204.527	2,383.2	1.8	-4.07	3.07	0.33	0.32
HRUB	12249M001	2020-07-07 15:00:00.0	50.80469	23.88628	234.457	204.529	2,372.9	1.8	0.11	1.78	0.29	0.29
HRUB	12249M001	2020-07-07 15:30:00.0	50.80469	23.88628	234.457	204.529	2,362.3	1.9	1.44	2.9	0.28	0.36
HRUB	12249M001	2020-07-07 16:00:00.0	50.80469	23.88628	234.451	204.523	2,377.3	1.5	0.05	1.84	0.17	0.27
HRUB	12249M001	2020-07-07 16:30:00.0	50.80469	23.88628	234.451	204.523	2,385.6	1.5	0.12	0.72	0.19	0.3
HRUB	12249M001	2020-07-07 17:00:00.0	50.80469	23.88628	234.442	204.514	2,372.2	1.4	-1.59	1.58	0.19	0.22
HRUB	12249M001	2020-07-07 17:30:00.0	50.80469	23.88628	234.442	204.514	2,372.5	1.5	-1.48	0.55	0.21	0.23
HRUB	12249M001	2020-07-07 18:00:00.0	50.80469	23.88628	234.427	204.499	2,363.4	1.4	-0.46	1.6	0.19	0.19
HRUB	12249M001	2020-07-07 18:30:00.0	50.80469	23.88628	234.427	204.499	2,367.7	1.4	-0.27	1.84	0.21	0.2
HRUB	12249M001	2020-07-07 19:00:00.0	50.80469	23.88628	234.43	204.502	2,375.2	1.1	-0.78	2.43	0.14	0.13
IGEO	15101M001	2020-07-07 09:00:00.0	47.03036	28.84353	105.874	74.635	2,494.8	1.2	0.29	-1.55	0.13	0.14
IGEO	15101M001	2020-07-07 09:30:00.0	47.03036	28.84353	105.874	74.635	2,504.5	1.4	0.03	-1.51	0.18	0.19
IGEO	15101M001	2020-07-07 10:00:00.0	47.03036	28.84353	105.88	74.641	2,501	1.2	0.07	-0.96	0.14	0.14
IGEO	15101M001	2020-07-07 10:30:00.0	47.03036	28.84353	105.88	74.641	2,505.6	1.6	-0.55	-0.97	0.19	0.22
IGEO	15101M001	2020-07-07 11:00:00.0	47.03036	28.84353	105.875	74.636	2,499.2	1.4	-1.4	-1	0.25	0.18
IGEO	15101M001	2020-07-07 11:30:00.0	47.03036	28.84353	105.875	74.636	2,497.5	1.5	-1.9	-1	0.25	0.2
IGEO	15101M001	2020-07-07 12:00:00.0	47.03036	28.84353	105.872	74.633	2,498.9	1.4	-1.99	-0.77	0.18	0.2
IGEO	15101M001	2020-07-07 12:30:00.0	47.03036	28.84353	105.872	74.633	2,504.2	1.3	-1.86	-0.92	0.17	0.2
IGEO	15101M001	2020-07-07 13:00:00.0	47.03036	28.84353	105.88	74.641	2,505.6	1.4	-1.1	-0.45	0.16	0.17
IGEO	15101M001	2020-07-07 13:30:00.0	47.03036	28.84353	105.88	74.641	2,509.4	1.4	-0.3	-0.57	0.23	0.16
IGEO	15101M001	2020-07-07 14:00:00.0	47.03036	28.84353	105.869	74.63	2,508.9	1.3	1.16	-1.49	0.18	0.17
IGEO	15101M001	2020-07-07 14:30:00.0	47.03036	28.84353	105.869	74.63	2,508.2	1.5	0.99	-0.88	0.28	0.22
IGEO	15101M001	2020-07-07 15:00:00.0	47.03036	28.84353	105.863	74.624	2,513.3	1.5	-1.13	0.42	0.22	0.18
IGEO	15101M001	2020-07-07 15:30:00.0	47.03036	28.84353	105.863	74.624	2,523.2	1.6	-1.28	0.72	0.2	0.23
IGEO	15101M001	2020-07-07 16:00:00.0	47.03036	28.84353	105.866	74.627	2,531.8	1.3	-0.46	1.96	0.16	0.22
IGEO	15101M001	2020-07-07 16:30:00.0	47.03036	28.84353	105.866	74.627	2,526.7	1.4	-1.09	2.95	0.17	0.27
IGEO	15101M001	2020-07-07 17:00:00.0	47.03036	28.84353	105.861	74.622	2,532.5	1.3	-0.47	2.33	0.2	0.2
IGEO	15101M001	2020-07-07 17:30:00.0	47.03036	28.84353	105.861	74.622	2,533.4	1.3	0.08	1.9	0.2	0.2
IGEO	15101M001	2020-07-07 18:00:00.0	47.03036	28.84353	105.87	74.631	2,523.6	1	0.88	0.83	0.15	0.13
IGEO	15101M001	2020-07-07 18:30:00.0	47.03036	28.84353	105.87	74.631	2,517.5	1.1	0.98	0.48	0.2	0.13
IGEO	15101M001	2020-07-07 19:00:00.0	47.03036	28.84353	105.864	74.625	2,513.2	1	0.03	0.4	0.13	0.11
ILAW	12250M001	2020-07-07 09:00:00.0	53.58714	19.56797	162.817	133.333	2,369.7	0.9	-0.06	0.28	0.11	0.11
ILAW	12250M001	2020-07-07 09:30:00.0	53.58714	19.56797	162.817	133.333	2,376.1	1	-0.46	0.66	0.13	0.12
ILAW	12250M001	2020-07-07 10:00:00.0	53.58714	19.56797	162.816	133.332	2,362.7	0.9	-0.75	0.87	0.11	0.12
ILAW	12250M001	2020-07-07 10:30:00.0	53.58714	19.56797	162.816	133.332	2,367.8	1.1	-0.38	-0.19	0.13	0.14
ILAW	12250M001	2020-07-07 11:00:00.0	53.58714	19.56797	162.814	133.33	2,365.4	1.3	-0.64	0.65	0.24	0.14
ILAW	12250M001	2020-07-07 11:30:00.0	53.58714	19.56797	162.814	133.33	2,367	1.6	0.39	0.35	0.29	0.21
ILAW	12250M001	2020-07-07 12:00:00.0	53.58714	19.56797	162.82	133.336	2,360.9	1.2	-0.3	-0.29	0.2	0.14
ILAW	12250M001	2020-07-07 12:30:00.0	53.58714	19.56797	162.82	133.336	2,373.7	1.1	-0.35	-1.35	0.13	0.13
ILAW	12250M001	2020-07-07 13:00:00.0	53.58714	19.56797	162.815	133.331	2,377.5	1.1	-1.58	-0.22	0.13	0.14
ILAW	12250M001	2020-07-07 13:30:00.0	53.58714	19.56797	162.815	133.331	2,378	1.2	-0.7	0.59	0.14	0.19
ILAW	12250M001	2020-07-07 14:00:00.0	53.58714	19.56797	162.815	133.331	2,376.4	1.1	-0.91	-0.41	0.18	0.18
ILAW	12250M001	2020-07-07 14:30:00.0	53.58714	19.56797	162.815	133.331	2,377.2	1.3	-0.91	-0.53	0.26	0.22
ILAW	12250M001	2020-07-07 15:00:00.0	53.58714	19.56797	162.816	133.332	2,376.3	1.2	-0.13	0.12	0.16	0.15
ILAW	12250M001	2020-07-07 15:30:00.0	53.58714	19.56797	162.816	133.332	2,374.8	1.2	-0.38	0.09	0.15	0.21
ILAW	12250M001	2020-07-07 16:00:00.0	53.58714	19.56797	162.818	133.334	2,378.4	1.1	-0.67	0.05	0.13	0.16
ILAW	12250M001	2020-07-07 16:30:00.0	53.58714	19.56797	162.818	133.334	2,383.2	1.3	-1.19	0.26	0.16	0.2
ILAW	12250M001	2020-07-07 17:00:00.0	53.58714	19.56797	162.815	133.331	2,385.1	0.9	-1.18	-0.06	0.13	0.15
ILAW	12250M001	2020-07-07 17:30:00.0	53.58714	19.56797	162.815	133.331	2,379.1	0.9	-0.03	0.58	0.1	0.13
ILAW	12250M001	2020-07-07 18:00:00.0	53.58714	19.56797	162.817	133.333	2,376.6	1.2	-0.25	-0.17	0.17	0.2
ILAW	12250M001	2020-07-07 18:30:00.0	53.58714	19.56797	162.817	133.333	2,379.2	1.7	-0.32	-0.1	0.24	0.22
ILAW	12250M001	2020-07-07 19:00:00.0	53.58714	19.56797	162.818	133.334	2,376.4	1.1	-0.12	-0.03	0.15	0.14
JAR1	NDNT-JARO	2020-07-07 09:00:00.0	50.01719	22.67853	268.961	235.122	2,410.8	1.2	0.02	-1.21	0.12	0.14
JAR1	NDNT-JARO	2020-07-07 09:30:00.0	50.01719	22.67853	268.961	235.122	2,409.2	1.3	-0.15	-1.34	0.15	0.16
JAR1	NDNT-JARO	2020-07-07 10:00:00.0	50.01719	22.67853	268.954	235.115	2,402.1	1.1	-0.29	-0.44	0.12	0.13
JAR1	NDNT-JARO	2020-07-07 10:30:00.0	50.01719	22.67853	268.954	235.115	2,401.5	1.4	-0.53	0.19	0.17	0.16
JAR1	NDNT-JARO	2020-07-07 11:00:00.0	50.01719	22.67853	268.942	235.103	2,392.6	1.2	-2.73	0.66	0.23	0.13
JAR1	NDNT-JARO	2020-07-07 11:30:00.0	50.01719	22.67853	268.942	235.103	2,392.7	1.5	-3.46	1.06	0.27	0.18
JAR1	NDNT-JARO	2020-07-07 12:00:00.0	50.01719	22.67853	268.942	235.103	2,378.3	1.1	-2.26	0.82	0.14	0.12
JAR1	NDNT-JARO	2020-07-07 12:30:00.0	50.01719	22.67853	268.942	235.103	2,367.7	1.1	-2.64	1.46	0.11	0.14
JAR1	NDNT-JARO	2020-07-07 13:00:00.0	50.01719	22.67853	268.94	235.101	2,378.7	1	-1.48	1.91	0.11	0.11
JAR1	NDNT-JARO	2020-07-07 13:30:00.0	50.01719	22.67853	268.94	235.101	2,379.6	1.2	-0.67	1.74	0.16	0.14
JAR1	NDNT-JARO	2020-07-07 14:00:00.0	50.01719	22.67853	268.94	235.101	2,368.1	1	-1.29	2.49	0.14	0.14
JAR1	NDNT-JARO	2020-07-07 14:30:00.0	50.01719	22.67853	268.94	235.101	2,362	1.2	-1.37	2.02	0.21	0.18
JAR1	NDNT-JARO	2020-07-07 15:00:00.0	50.01719	22.67853	268.944	235.105	2,361.5	1.2	0.84	1.26	0.14	0.13
JAR1	NDNT-JARO	2020-07-07 15:30:00.0	50.01719	22.67853	268.944	235.105	2,363.6	1.2	-0.22	0.85	0.13	0.15
JAR1	NDNT-JARO	2020-07-07 16:00:00.0	50.01719	22.67853	268.951	235.112	2,366.9	1	-0.26	0.46	0.12	0.11
JAR1	NDNT-JARO	2020-07-07 16:30:00.0	50.01719	22.67853	268.951	235.112	2,373.3	1.1	-0.01	0.02	0.12	0.17
JAR1	NDNT-JARO	2020-07-07 17:00:00.0	50.01719	22.67853	268.943	235.104	2,363.5	1.3	-0.14	1.03	0.17	0.18
JAR1	NDNT-JARO	2020-07-07 17:30:00.0	50.01719	22.67853	268.943	235.104	2,356.8	1.2	-0.52	0.34	0.14	0.16
JAR1	NDNT-JARO	2020-07-07 18:00:00.0	50.01719	22.67853	268.946	235.107	2,356	1.2	-0.08	0.15	0.14	0.16
JAR1	NDNT-JARO	2020-07-07 18:30:00.0	50.01719	22.67853	268.946	235.107	2,356.7	1.3	-0.29	-0.06	0.18	0.16
JAR1	NDNT-JARO	2020-07-07 19:00:00.0	50.01719	22.67853	268.946	235.107	2,354.5	0.9	-0.05	0.02	0.1	0.1
JAST	NDNT-JAST	2020-07-07 09:00:00.0	49.95256	18.61192	342.801	300.528	2,335.4	1.2	-1.26	-0.16	0.15	0.16
JAST	NDNT-JAST	2020-07-07 09:30:00.0	49.95256	18.61192	342.801	300.528	2,338.2	1.3	-0.81	-0.76	0.17	0.17
JAST	NDNT-JAST	2020-07-07 10:00:00.0	49.95256	18.61192	342.801	300.528	2,337.1	1.1	-0.97	-0.09	0.14	0.15
JAST	NDNT-JAST	2020-07-07 10:30:00.0	49.95256	18.61192	342.801	300.528	2,335.3	1.3	-0.97	0.07	0.18	0.17
JAST	NDNT-JAST	2020-07-07 11:00:00.0	49.95256	18.61192	342.808	300.535	2,334.7	1.1	-1.04	-1.22	0.2	0.11
JAST	NDNT-JAST	2020-07-07 11:30:00.0	49.95256	18.61192	342.808	300.535	2,328.1	1.4	-1.84	-1.08	0.26	0.17
JAST	NDNT-JAST	2020-07-07 12:00:00.0	49.95256	18.61192	342.81	300.537	2,332.4	1.4	-0.59	-0.93	0.21	0.16
JAST	NDNT-JAST	2020-07-07 12:30:00.0	49.95256	18.61192	342.81	300.537	2,332.4	1.3	-0.67	-0.78	0.16	0.17
JAST	NDNT-JAST	2020-07-07 13:00:00.0	49.95256	18.61192	342.812	300.539	2,343.3	1.1	-1.14	-0.62	0.14	0.13
JAST	NDNT-JAST	2020-07-07 13:30:00.0	49.95256	18.61192	342.812	300.539	2,340.1	1.3	-1.18	-0.56	0.17	0.19
JAST	NDNT-JAST	2020-07-07 14:00:00.0	49.95256	18.61192	342.816	300.543	2,336.8	1.2	0.35	-1.41	0.19	0.19
JAST	NDNT-JAST	2020-07-07 14:30:00.0	49.95256	18.61192	342.816	300.543	2,339.3	1.5	0.89	-0.28	0.29	0.24
JAST	NDNT-JAST	2020-07-07 15:00:00.0	49.95256	18.61192	342.813	300.54	2,338.9	1.5	-0.03	-0.24	0.24	0.2
JAST	NDNT-JAST	2020-07-07 15:30:00.0	49.95256	18.61192	342.813	300.54	2,337.5	1.5	-0.27	-0.12	0.21	0.24
JAST	NDNT-JAST	2020-07-07 16:00:00.0	49.95256	18.61192	342.806	300.533	2,335.1	1.2	-0.73	-0.14	0.16	0.16
JAST	NDNT-JAST	2020-07-07 16:30:00.0	49.95256	18.61192	342.806	300.533	2,335.5	1.3	-1.11	-1.34	0.16	0.19
JAST	NDNT-JAST	2020-07-07 17:00:00.0	49.95256	18.61192	342.807	300.534	2,336.7	1.2	-0.93	0.84	0.17	0.18
JAST	NDNT-JAST	2020-07-07 17:30:00.0	49.95256	18.61192	342.807	300.534	2,340.1	1.1	-0.78	0.73	0.14	0.18
JAST	NDNT-JAST	2020-07-07 18:00:00.0	49.95256	18.61192	342.803	300.53	2,338.1	1.2	-0.63	0.36	0.15	0.16
JAST	NDNT-JAST	2020-07-07 18:30:00.0	49.95256	18.61192	342.803	300.53	2,341.7	1.3	-0.28	0.61	0.18	0.17
JAST	NDNT-JAST	2020-07-07 19:00:00.0	49.95256	18.61192	342.799	300.526	2,336.7	0.9	-0.54	-0.23	0.11	0.11
JEDR	NDNT-JEDR	2020-07-07 09:00:00.0	50.64175	20.30078	297.617	259.878	2,346.2	1.1	-0.13	-0.24	0.14	0.15
JEDR	NDNT-JEDR	2020-07-07 09:30:00.0	50.64175	20.30078	297.617	259.878	2,339.1	1.2	-1.93	-0.37	0.17	0.16
JEDR	NDNT-JEDR	2020-07-07 10:00:00.0	50.64175	20.30078	297.614	259.875	2,349.1	1.1	-1.3	-0.15	0.14	0.15
JEDR	NDNT-JEDR	2020-07-07 10:30:00.0	50.64175	20.30078	297.614	259.875	2,352.7	1.4	-1.04	0.42	0.19	0.18
JEDR	NDNT-JEDR	2020-07-07 11:00:00.0	50.64175	20.30078	297.605	259.866	2,357.3	1	-0.08	1.12	0.19	0.11
JEDR	NDNT-JEDR	2020-07-07 11:30:00.0	50.64175	20.30078	297.605	259.866	2,353.1	1.3	0.49	0.22	0.25	0.15
JEDR	NDNT-JEDR	2020-07-07 12:00:00.0	50.64175	20.30078	297.611	259.872	2,357.9	1.1	0.68	0.8	0.15	0.12
JEDR	NDNT-JEDR	2020-07-07 12:30:00.0	50.64175	20.30078	297.611	259.872	2,357.7	1.1	0.33	0.31	0.11	0.13
JEDR	NDNT-JEDR	2020-07-07 13:00:00.0	50.64175	20.30078	297.609	259.87	2,356	1	-0.26	0.45	0.13	0.12
JEDR	NDNT-JEDR	2020-07-07 13:30:00.0	50.64175	20.30078	297.609	259.87	2,356	1.2	-0.08	0.47	0.16	0.18
JEDR	NDNT-JEDR	2020-07-07 14:00:00.0	50.64175	20.30078	297.61	259.871	2,338.6	1	-0.52	-0.48	0.14	0.15
JEDR	NDNT-JEDR	2020-07-07 14:30:00.0	50.64175	20.30078	297.61	259.871	2,345.3	1.2	-0.33	-0.24	0.22	0.18
JEDR	NDNT-JEDR	2020-07-07 15:00:00.0	50.64175	20.30078	297.612	259.873	2,339.4	1.2	0.02	0.58	0.18	0.15
JEDR	NDNT-JEDR	2020-07-07 15:30:00.0	50.64175	20.30078	297.612	259.873	2,334.2	1.3	-0.32	0.05	0.17	0.2
JEDR	NDNT-JEDR	2020-07-07 16:00:00.0	50.64175	20.30078	297.617	259.878	2,340.1	1	-0.6	-0.14	0.11	0.11
JEDR	NDNT-JEDR	2020-07-07 16:30:00.0	50.64175	20.30078	297.617	259.878	2,335.2	1.1	-0.81	0.36	0.12	0.16
JEDR	NDNT-JEDR	2020-07-07 17:00:00.0	50.64175	20.30078	297.615	259.876	2,340.8	1	0.29	-0.65	0.14	0.15
JEDR	NDNT-JEDR	2020-07-07 17:30:00.0	50.64175	20.30078	297.615	259.876	2,337.8	0.9	-0.3	-0.19	0.1	0.13
JEDR	NDNT-JEDR	2020-07-07 18:00:00.0	50.64175	20.30078	297.616	259.877	2,339.6	1.1	-0.45	-0.47	0.14	0.16
JEDR	NDNT-JEDR	2020-07-07 18:30:00.0	50.64175	20.30078	297.616	259.877	2,333.5	1.2	-0.91	-0.39	0.17	0.16
JEDR	NDNT-JEDR	2020-07-07 19:00:00.0	50.64175	20.30078	297.609	259.87	2,328.3	0.9	-1	-1.18	0.11	0.12
JLGR	12251M001	2020-07-07 09:00:00.0	50.91947	15.73325	408.187	365.335	2,316.4	1.3	-0.83	-0.18	0.18	0.18
JLGR	12251M001	2020-07-07 09:30:00.0	50.91947	15.73325	408.187	365.335	2,314.5	1.4	-0.67	0.03	0.19	0.18
JLGR	12251M001	2020-07-07 10:00:00.0	50.91947	15.73325	408.185	365.333	2,315.7	1.3	-0.74	-0.15	0.17	0.19
JLGR	12251M001	2020-07-07 10:30:00.0	50.91947	15.73325	408.185	365.333	2,313.5	1.6	-0.83	-0.3	0.25	0.24
JLGR	12251M001	2020-07-07 11:00:00.0	50.91947	15.73325	408.188	365.336	2,310.3	1.3	-0.97	-0.09	0.25	0.14
JLGR	12251M001	2020-07-07 11:30:00.0	50.91947	15.73325	408.188	365.336	2,309.4	1.8	-1.37	0.47	0.31	0.23
JLGR	12251M001	2020-07-07 12:00:00.0	50.91947	15.73325	408.195	365.343	2,309.8	1.5	-1.04	-0.54	0.21	0.19
JLGR	12251M001	2020-07-07 12:30:00.0	50.91947	15.73325	408.195	365.343	2,314	1.3	-1.14	-0.67	0.16	0.18
JLGR	12251M001	2020-07-07 13:00:00.0	50.91947	15.73325	408.197	365.345	2,317.7	1.4	-0.82	-0.99	0.21	0.18
JLGR	12251M001	2020-07-07 13:30:00.0	50.91947	15.73325	408.197	365.345	2,317.9	1.5	-1.21	-0.57	0.23	0.24
JLGR	12251M001	2020-07-07 14:00:00.0	50.91947	15.73325	408.199	365.347	2,309.3	1.2	-0.78	-0.29	0.2	0.2
JLGR	12251M001	2020-07-07 14:30:00.0	50.91947	15.73325	408.199	365.347	2,314.4	1.5	-1.13	-0.49	0.28	0.25
JLGR	12251M001	2020-07-07 15:00:00.0	50.91947	15.73325	408.197	365.345	2,313.5	1.4	-0.5	-0.66	0.21	0.18
JLGR	12251M001	2020-07-07 15:30:00.0	50.91947	15.73325	408.197	365.345	2,313.8	1.5	-0.4	-0.91	0.21	0.27
JLGR	12251M001	2020-07-07 16:00:00.0	50.91947	15.73325	408.208	365.356	2,314.8	1.3	-0.83	-0.24	0.17	0.16
JLGR	12251M001	2020-07-07 16:30:00.0	50.91947	15.73325	408.208	365.356	2,316.4	1.4	-1	-0.35	0.2	0.19
JLGR	12251M001	2020-07-07 17:00:00.0	50.91947	15.73325	408.205	365.353	2,318.6	1.2	-0.76	-0.11	0.17	0.18
JLGR	12251M001	2020-07-07 17:30:00.0	50.91947	15.73325	408.205	365.353	2,320.9	1.1	-1.13	-0.15	0.14	0.2
JLGR	12251M001	2020-07-07 18:00:00.0	50.91947	15.73325	408.203	365.351	2,319.7	1.1	-1.06	-0.15	0.15	0.16
JLGR	12251M001	2020-07-07 18:30:00.0	50.91947	15.73325	408.203	365.351	2,319.5	1.2	-1.25	-0.14	0.17	0.18
JLGR	12251M001	2020-07-07 19:00:00.0	50.91947	15.73325	408.203	365.351	2,323.7	0.9	-0.88	-0.03	0.12	0.12
JOZ2	12204M002	2020-07-07 09:00:00.0	52.09783	21.03236	152.518	120.879	2,387.5	1.1	-0.01	0.56	0.14	0.16
JOZ2	12204M002	2020-07-07 09:30:00.0	52.09783	21.03236	152.518	120.879	2,388.3	1.2	-0.46	0.78	0.17	0.15
JOZ2	12204M002	2020-07-07 10:00:00.0	52.09783	21.03236	152.514	120.875	2,387.2	1.1	-0.43	1.05	0.15	0.15
JOZ2	12204M002	2020-07-07 10:30:00.0	52.09783	21.03236	152.514	120.875	2,384.9	1.4	-0.41	0.81	0.17	0.2
JOZ2	12204M002	2020-07-07 11:00:00.0	52.09783	21.03236	152.511	120.872	2,385	1.2	-0.13	0.41	0.24	0.15
JOZ2	12204M002	2020-07-07 11:30:00.0	52.09783	21.03236	152.511	120.872	2,384.1	1.6	0.3	0.13	0.3	0.21
JOZ2	12204M002	2020-07-07 12:00:00.0	52.09783	21.03236	152.513	120.874	2,379.3	1.4	-0.35	1.67	0.21	0.18
JOZ2	12204M002	2020-07-07 12:30:00.0	52.09783	21.03236	152.513	120.874	2,379.5	1.2	-0.25	1.72	0.15	0.17
JOZ2	12204M002	2020-07-07 13:00:00.0	52.09783	21.03236	152.513	120.874	2,380.7	1.2	-0.16	0.11	0.16	0.17
JOZ2	12204M002	2020-07-07 13:30:00.0	52.09783	21.03236	152.513	120.874	2,388.4	1.4	-0.17	0.68	0.19	0.21
JOZ2	12204M002	2020-07-07 14:00:00.0	52.09783	21.03236	152.513	120.874	2,379.5	1.3	-0.36	0.38	0.2	0.2
JOZ2	12204M002	2020-07-07 14:30:00.0	52.09783	21.03236	152.513	120.874	2,379.5	1.5	-0.57	-0.11	0.28	0.24
JOZ2	12204M002	2020-07-07 15:00:00.0	52.09783	21.03236	152.518	120.879	2,378.2	1.3	-0.12	0.72	0.18	0.17
JOZ2	12204M002	2020-07-07 15:30:00.0	52.09783	21.03236	152.518	120.879	2,377.4	1.4	0.24	0.16	0.19	0.24
JOZ2	12204M002	2020-07-07 16:00:00.0	52.09783	21.03236	152.511	120.872	2,377.2	1.2	-1.08	0.01	0.16	0.19
JOZ2	12204M002	2020-07-07 16:30:00.0	52.09783	21.03236	152.511	120.872	2,377.1	1.3	-0.84	0.11	0.17	0.24
JOZ2	12204M002	2020-07-07 17:00:00.0	52.09783	21.03236	152.51	120.871	2,377.1	1.1	-0.53	0.29	0.16	0.18
JOZ2	12204M002	2020-07-07 17:30:00.0	52.09783	21.03236	152.51	120.871	2,375.2	1	-0.79	0.61	0.12	0.16
JOZ2	12204M002	2020-07-07 18:00:00.0	52.09783	21.03236	152.511	120.872	2,373.7	1.1	-0.3	0.85	0.16	0.16
JOZ2	12204M002	2020-07-07 18:30:00.0	52.09783	21.03236	152.511	120.872	2,370.6	1.1	-0.32	0.42	0.17	0.16
JOZ2	12204M002	2020-07-07 19:00:00.0	52.09783	21.03236	152.513	120.874	2,371.2	0.9	-0.33	-0.36	0.11	0.11
JOZE	12204M001	2020-07-07 09:00:00.0	52.09728	21.03156	141.615	109.974	2,393.7	1.1	-0.27	0.36	0.16	0.17
JOZE	12204M001	2020-07-07 09:30:00.0	52.09728	21.03156	141.615	109.974	2,395.3	1.2	-0.73	1.07	0.18	0.18
JOZE	12204M001	2020-07-07 10:00:00.0	52.09728	21.03156	141.607	109.966	2,396.8	1.1	-0.43	1.21	0.17	0.18
JOZE	12204M001	2020-07-07 10:30:00.0	52.09728	21.03156	141.607	109.966	2,396.2	1.6	-0.28	0.49	0.28	0.24
JOZE	12204M001	2020-07-07 11:00:00.0	52.09728	21.03156	141.608	109.967	2,390.7	1.3	-0.37	0.15	0.28	0.16
JOZE	12204M001	2020-07-07 11:30:00.0	52.09728	21.03156	141.608	109.967	2,389	1.6	-0.07	0.43	0.32	0.23
JOZE	12204M001	2020-07-07 12:00:00.0	52.09728	21.03156	141.613	109.972	2,385.1	1.4	-0.54	1.91	0.22	0.18
JOZE	12204M001	2020-07-07 12:30:00.0	52.09728	21.03156	141.613	109.972	2,382.1	1.3	-0.44	1.87	0.18	0.21
JOZE	12204M001	2020-07-07 13:00:00.0	52.09728	21.03156	141.609	109.968	2,393.1	1.3	-0.23	-0.01	0.21	0.17
JOZE	12204M001	2020-07-07 13:30:00.0	52.09728	21.03156	141.609	109.968	2,394.2	1.5	-0.68	0.1	0.24	0.24
JOZE	12204M001	2020-07-07 14:00:00.0	52.09728	21.03156	141.608	109.967	2,386.2	1.3	-0.68	-0.29	0.23	0.22
JOZE	12204M001	2020-07-07 14:30:00.0	52.09728	21.03156	141.608	109.967	2,389.1	1.6	-0.98	-1.2	0.32	0.27
JOZE	12204M001	2020-07-07 15:00:00.0	52.09728	21.03156	141.614	109.973	2,387.9	1.5	0.34	0.62	0.25	0.18
JOZE	12204M001	2020-07-07 15:30:00.0	52.09728	21.03156	141.614	109.973	2,385	1.6	0.43	-0.27	0.23	0.26
JOZE	12204M001	2020-07-07 16:00:00.0	52.09728	21.03156	141.612	109.971	2,382.2	1.5	-1.22	0.09	0.22	0.26
JOZE	12204M001	2020-07-07 16:30:00.0	52.09728	21.03156	141.612	109.971	2,382.7	1.7	-1.1	0.52	0.24	0.33
JOZE	12204M001	2020-07-07 17:00:00.0	52.09728	21.03156	141.612	109.971	2,382.2	1.2	-1.15	0.53	0.18	0.23
JOZE	12204M001	2020-07-07 17:30:00.0	52.09728	21.03156	141.612	109.971	2,380.7	1.2	-0.61	0.71	0.16	0.24
JOZE	12204M001	2020-07-07 18:00:00.0	52.09728	21.03156	141.617	109.976	2,376.8	1.1	-0.52	0.62	0.17	0.17
JOZE	12204M001	2020-07-07 18:30:00.0	52.09728	21.03156	141.617	109.976	2,376.7	1.2	-0.23	0.2	0.18	0.18
JOZE	12204M001	2020-07-07 19:00:00.0	52.09728	21.03156	141.619	109.978	2,375.8	0.9	-0.61	0	0.14	0.11
KALI	12257M001	2020-07-07 09:00:00.0	51.75389	18.09517	147.728	111.73	2,384.4	1.2	-0.76	-0.18	0.18	0.17
KALI	12257M001	2020-07-07 09:30:00.0	51.75389	18.09517	147.728	111.73	2,382.3	1.2	-0.63	-0.48	0.18	0.16
KALI	12257M001	2020-07-07 10:00:00.0	51.75389	18.09517	147.727	111.729	2,383.3	1.4	-0.68	-0.05	0.22	0.23
KALI	12257M001	2020-07-07 10:30:00.0	51.75389	18.09517	147.727	111.729	2,385.6	1.9	-0.55	0.54	0.3	0.28
KALI	12257M001	2020-07-07 11:00:00.0	51.75389	18.09517	147.724	111.726	2,388	1.5	0.7	0.42	0.28	0.19
KALI	12257M001	2020-07-07 11:30:00.0	51.75389	18.09517	147.724	111.726	2,391.5	1.8	0.98	1.07	0.33	0.28
KALI	12257M001	2020-07-07 12:00:00.0	51.75389	18.09517	147.731	111.733	2,382.3	1.6	-0.27	0.48	0.23	0.2
KALI	12257M001	2020-07-07 12:30:00.0	51.75389	18.09517	147.731	111.733	2,377.7	1.5	-0.85	0.26	0.23	0.21
KALI	12257M001	2020-07-07 13:00:00.0	51.75389	18.09517	147.731	111.733	2,378.7	1.2	0.13	-0.01	0.19	0.16
KALI	12257M001	2020-07-07 13:30:00.0	51.75389	18.09517	147.731	111.733	2,380.4	1.4	0.18	-0.81	0.26	0.24
KALI	12257M001	2020-07-07 14:00:00.0	51.75389	18.09517	147.735	111.737	2,376.2	1.2	0.4	-1.72	0.21	0.2
KALI	12257M001	2020-07-07 14:30:00.0	51.75389	18.09517	147.735	111.737	2,379	1.6	-0.96	-1.44	0.31	0.25
KALI	12257M001	2020-07-07 15:00:00.0	51.75389	18.09517	147.745	111.747	2,378.2	1.8	-0.56	-0.58	0.32	0.24
KALI	12257M001	2020-07-07 15:30:00.0	51.75389	18.09517	147.745	111.747	2,375	2	-0.36	-0.91	0.33	0.34
KALI	12257M001	2020-07-07 16:00:00.0	51.75389	18.09517	147.746	111.748	2,380.7	1.6	-0.52	-0.55	0.24	0.27
KALI	12257M001	2020-07-07 16:30:00.0	51.75389	18.09517	147.746	111.748	2,384.8	1.9	-0.54	-0.54	0.28	0.37
KALI	12257M001	2020-07-07 17:00:00.0	51.75389	18.09517	147.738	111.74	2,383.2	1.2	-0.11	-0.25	0.18	0.22
KALI	12257M001	2020-07-07 17:30:00.0	51.75389	18.09517	147.738	111.74	2,380.2	1.2	-0.13	0.75	0.18	0.25
KALI	12257M001	2020-07-07 18:00:00.0	51.75389	18.09517	147.733	111.735	2,380.1	1.2	0.35	0.01	0.19	0.18
KALI	12257M001	2020-07-07 18:30:00.0	51.75389	18.09517	147.733	111.735	2,377.6	1.3	0.41	-0.48	0.22	0.2
KALI	12257M001	2020-07-07 19:00:00.0	51.75389	18.09517	147.736	111.738	2,375.9	1	-0.64	-0.22	0.14	0.13
KAM1	12258M001	2020-07-07 09:00:00.0	53.96306	14.77739	57.758	22.808	2,407.5	1.4	-0.2	0.06	0.18	0.18
KAM1	12258M001	2020-07-07 09:30:00.0	53.96306	14.77739	57.758	22.808	2,412.3	1.5	-0.11	0.04	0.2	0.2
KAM1	12258M001	2020-07-07 10:00:00.0	53.96306	14.77739	57.757	22.807	2,415.5	1.4	-0.51	-0.45	0.18	0.19
KAM1	12258M001	2020-07-07 10:30:00.0	53.96306	14.77739	57.757	22.807	2,416.6	1.6	-1.02	-0.35	0.21	0.23
KAM1	12258M001	2020-07-07 11:00:00.0	53.96306	14.77739	57.76	22.81	2,418.7	1.4	-1.24	-0.19	0.25	0.15
KAM1	12258M001	2020-07-07 11:30:00.0	53.96306	14.77739	57.76	22.81	2,417.4	1.8	-1.6	0.13	0.31	0.25
KAM1	12258M001	2020-07-07 12:00:00.0	53.96306	14.77739	57.763	22.813	2,418	1.7	-0.66	0.62	0.24	0.21
KAM1	12258M001	2020-07-07 12:30:00.0	53.96306	14.77739	57.763	22.813	2,419.1	1.7	-0.52	0.42	0.26	0.23
KAM1	12258M001	2020-07-07 13:00:00.0	53.96306	14.77739	57.762	22.812	2,421.6	1.2	-0.47	-0.15	0.14	0.15
KAM1	12258M001	2020-07-07 13:30:00.0	53.96306	14.77739	57.762	22.812	2,416.8	1.5	-0.38	0.06	0.22	0.24
KAM1	12258M001	2020-07-07 14:00:00.0	53.96306	14.77739	57.76	22.81	2,409	1.3	0.52	0.36	0.21	0.2
KAM1	12258M001	2020-07-07 14:30:00.0	53.96306	14.77739	57.76	22.81	2,408.5	1.6	0.89	-0.07	0.29	0.23
KAM1	12258M001	2020-07-07 15:00:00.0	53.96306	14.77739	57.761	22.811	2,404.8	1.3	0.39	-0.14	0.19	0.16
KAM1	12258M001	2020-07-07 15:30:00.0	53.96306	14.77739	57.761	22.811	2,409.7	1.6	0.6	-0.41	0.23	0.26
KAM1	12258M001	2020-07-07 16:00:00.0	53.96306	14.77739	57.759	22.809	2,409.5	1.3	-0.19	-1.19	0.19	0.19
KAM1	12258M001	2020-07-07 16:30:00.0	53.96306	14.77739	57.759	22.809	2,411.1	1.5	0.23	-1.63	0.23	0.22
KAM1	12258M001	2020-07-07 17:00:00.0	53.96306	14.77739	57.762	22.812	2,415.9	1.2	-0.03	-1.04	0.17	0.19
KAM1	12258M001	2020-07-07 17:30:00.0	53.96306	14.77739	57.762	22.812	2,422.1	1.3	0.02	-0.92	0.19	0.23
KAM1	12258M001	2020-07-07 18:00:00.0	53.96306	14.77739	57.758	22.808	2,424.4	1.2	0.1	-0.76	0.18	0.19
KAM1	12258M001	2020-07-07 18:30:00.0	53.96306	14.77739	57.758	22.808	2,426.5	1.3	-0.35	-0.12	0.17	0.2
KAM1	12258M001	2020-07-07 19:00:00.0	53.96306	14.77739	57.759	22.809	2,425.4	1	-0.76	-0.61	0.13	0.12
KATO	12219S001	2020-07-07 15:00:00.0	50.25328	19.03564	332.88	291.615	2,335	1.4	-0.65	-0.64	0.23	0.18
KATO	12219S001	2020-07-07 15:30:00.0	50.25328	19.03564	332.88	291.615	2,330.1	1.4	-0.15	0.04	0.2	0.23
KATO	12219S001	2020-07-07 16:00:00.0	50.25328	19.03564	332.878	291.613	2,332.5	1.2	-1.28	-0.16	0.17	0.17
KATO	12219S001	2020-07-07 16:30:00.0	50.25328	19.03564	332.878	291.613	2,327.4	1.4	-1.42	-0.17	0.18	0.26
KATO	12219S001	2020-07-07 17:00:00.0	50.25328	19.03564	332.875	291.61	2,328.5	1.2	-1.04	-0.14	0.17	0.19
KATO	12219S001	2020-07-07 17:30:00.0	50.25328	19.03564	332.875	291.61	2,333.5	1.1	-0.1	0.03	0.14	0.18
KATO	12219S001	2020-07-07 18:00:00.0	50.25328	19.03564	332.883	291.618	2,330.9	1.6	0	-0.55	0.23	0.29
KATO	12219S001	2020-07-07 19:00:00.0	50.25328	19.03564	332.88	291.615	2,333.3	1.2	-0.44	-0.02	0.16	0.18
KAZ1	NDNT-KAZA	2020-07-07 09:00:00.0	50.30422	20.45164	261.175	222.972	2,363.1	1.1	-0.56	0.26	0.14	0.15
KAZ1	NDNT-KAZA	2020-07-07 09:30:00.0	50.30422	20.45164	261.175	222.972	2,361.9	1.2	0.09	0.14	0.17	0.16
KAZ1	NDNT-KAZA	2020-07-07 10:00:00.0	50.30422	20.45164	261.177	222.974	2,359.8	1.1	-0.31	-0.28	0.15	0.16
KAZ1	NDNT-KAZA	2020-07-07 10:30:00.0	50.30422	20.45164	261.177	222.974	2,365.6	1.4	-0.07	-0.39	0.2	0.2
KAZ1	NDNT-KAZA	2020-07-07 11:00:00.0	50.30422	20.45164	261.175	222.972	2,361.3	1.1	-1.49	-0.28	0.23	0.13
KAZ1	NDNT-KAZA	2020-07-07 11:30:00.0	50.30422	20.45164	261.175	222.972	2,361	1.5	-0.94	-0.16	0.29	0.2
KAZ1	NDNT-KAZA	2020-07-07 12:00:00.0	50.30422	20.45164	261.171	222.968	2,362.4	1.3	-1.09	-0.01	0.2	0.16
KAZ1	NDNT-KAZA	2020-07-07 12:30:00.0	50.30422	20.45164	261.171	222.968	2,363.8	1.3	-1.41	-0.11	0.17	0.21
KAZ1	NDNT-KAZA	2020-07-07 13:00:00.0	50.30422	20.45164	261.172	222.969	2,370.9	1.1	-1.69	0.15	0.16	0.14
KAZ1	NDNT-KAZA	2020-07-07 13:30:00.0	50.30422	20.45164	261.172	222.969	2,365.5	1.2	-1.37	0.95	0.17	0.19
KAZ1	NDNT-KAZA	2020-07-07 14:00:00.0	50.30422	20.45164	261.173	222.97	2,360.7	1.1	-0.32	0.7	0.17	0.18
KAZ1	NDNT-KAZA	2020-07-07 14:30:00.0	50.30422	20.45164	261.173	222.97	2,357.4	1.4	-0.6	0.62	0.28	0.23
KAZ1	NDNT-KAZA	2020-07-07 15:00:00.0	50.30422	20.45164	261.177	222.974	2,352.9	1.2	-0.18	0.45	0.19	0.16
KAZ1	NDNT-KAZA	2020-07-07 15:30:00.0	50.30422	20.45164	261.177	222.974	2,352.1	1.3	0.25	0.84	0.17	0.2
KAZ1	NDNT-KAZA	2020-07-07 16:00:00.0	50.30422	20.45164	261.182	222.979	2,343.1	1.5	-0.66	0.34	0.21	0.24
KAZ1	NDNT-KAZA	2020-07-07 16:30:00.0	50.30422	20.45164	261.182	222.979	2,347.6	1.8	-0.82	-0.13	0.24	0.31
KAZ1	NDNT-KAZA	2020-07-07 17:00:00.0	50.30422	20.45164	261.176	222.973	2,346.1	1.3	-1.08	0.15	0.18	0.2
KAZ1	NDNT-KAZA	2020-07-07 17:30:00.0	50.30422	20.45164	261.176	222.973	2,349.1	1.2	-1.06	0.54	0.16	0.2
KAZ1	NDNT-KAZA	2020-07-07 18:00:00.0	50.30422	20.45164	261.175	222.972	2,344.7	1.1	-0.69	-0.22	0.15	0.16
KAZ1	NDNT-KAZA	2020-07-07 18:30:00.0	50.30422	20.45164	261.175	222.972	2,354.6	1.2	-1.02	-0.54	0.18	0.16
KAZ1	NDNT-KAZA	2020-07-07 19:00:00.0	50.30422	20.45164	261.169	222.966	2,350.7	0.9	-0.8	-0.44	0.11	0.12
KEPN	12259M001	2020-07-07 09:00:00.0	51.28017	17.98358	220.29	181.803	2,362.9	1.2	-0.32	-0.7	0.14	0.15
KEPN	12259M001	2020-07-07 09:30:00.0	51.28017	17.98358	220.29	181.803	2,365.2	1.2	-0.25	-0.84	0.16	0.15
KEPN	12259M001	2020-07-07 10:00:00.0	51.28017	17.98358	220.291	181.804	2,360.8	1.2	-0.71	-0.25	0.16	0.17
KEPN	12259M001	2020-07-07 10:30:00.0	51.28017	17.98358	220.291	181.804	2,365.9	1.5	-0.71	-0.36	0.21	0.21
KEPN	12259M001	2020-07-07 11:00:00.0	51.28017	17.98358	220.291	181.804	2,367	1.4	-0.46	-0.8	0.25	0.15
KEPN	12259M001	2020-07-07 11:30:00.0	51.28017	17.98358	220.291	181.804	2,366.1	1.6	-0.7	-0.53	0.31	0.22
KEPN	12259M001	2020-07-07 12:00:00.0	51.28017	17.98358	220.295	181.808	2,363.6	1.4	-1.25	-0.21	0.2	0.17
KEPN	12259M001	2020-07-07 12:30:00.0	51.28017	17.98358	220.295	181.808	2,358	1.3	-0.8	0.15	0.15	0.19
KEPN	12259M001	2020-07-07 13:00:00.0	51.28017	17.98358	220.297	181.81	2,366.3	1.2	-0.71	0.29	0.15	0.17
KEPN	12259M001	2020-07-07 13:30:00.0	51.28017	17.98358	220.297	181.81	2,359.8	1.4	-0.92	-0.31	0.21	0.23
KEPN	12259M001	2020-07-07 14:00:00.0	51.28017	17.98358	220.299	181.812	2,357	1.2	-1.13	-1.12	0.2	0.2
KEPN	12259M001	2020-07-07 14:30:00.0	51.28017	17.98358	220.299	181.812	2,354.5	1.5	-0.51	-0.48	0.3	0.25
KEPN	12259M001	2020-07-07 15:00:00.0	51.28017	17.98358	220.296	181.809	2,351.4	1.3	0.31	0.18	0.21	0.16
KEPN	12259M001	2020-07-07 15:30:00.0	51.28017	17.98358	220.296	181.809	2,357.4	1.4	0.19	-0.42	0.2	0.24
KEPN	12259M001	2020-07-07 16:00:00.0	51.28017	17.98358	220.294	181.807	2,357.6	1.1	-0.47	-0.44	0.16	0.15
KEPN	12259M001	2020-07-07 16:30:00.0	51.28017	17.98358	220.294	181.807	2,358.1	1.2	-0.2	-1.18	0.17	0.2
KEPN	12259M001	2020-07-07 17:00:00.0	51.28017	17.98358	220.299	181.812	2,359.6	1.2	-0.24	0.38	0.16	0.18
KEPN	12259M001	2020-07-07 17:30:00.0	51.28017	17.98358	220.299	181.812	2,359	1.1	-0.53	-0.01	0.13	0.18
KEPN	12259M001	2020-07-07 18:00:00.0	51.28017	17.98358	220.296	181.809	2,357.2	1.1	-0.54	0.26	0.15	0.16
KEPN	12259M001	2020-07-07 18:30:00.0	51.28017	17.98358	220.296	181.809	2,354.1	1.2	-0.7	0.24	0.17	0.17
KEPN	12259M001	2020-07-07 19:00:00.0	51.28017	17.98358	220.291	181.804	2,359.4	0.9	-0.33	-0.39	0.12	0.11
KES1	MUSE-KES1	2020-07-07 09:00:00.0	50.27158	19.02614	339.935	298.723	2,340.2	1.5	-0.12	-0.61	0.21	0.24
KES1	MUSE-KES1	2020-07-07 09:30:00.0	50.27158	19.02614	339.935	298.723	2,335.6	1.5	-0.11	-0.88	0.22	0.25
KES1	MUSE-KES1	2020-07-07 10:00:00.0	50.27158	19.02614	339.936	298.724	2,332.9	1.2	-0.39	0.57	0.18	0.19
KES1	MUSE-KES1	2020-07-07 10:30:00.0	50.27158	19.02614	339.936	298.724	2,329.5	1.6	-0.37	0.17	0.28	0.28
KES1	MUSE-KES1	2020-07-07 11:00:00.0	50.27158	19.02614	339.945	298.733	2,331	2.1	-1.07	-0.39	0.34	0.34
KES1	MUSE-KES1	2020-07-07 11:30:00.0	50.27158	19.02614	339.945	298.733	2,331.8	2.5	-1.2	-0.16	0.44	0.45
KES1	MUSE-KES1	2020-07-07 12:00:00.0	50.27158	19.02614	339.936	298.724	2,330.3	2.1	-0.25	-0.39	0.31	0.29
KES1	MUSE-KES1	2020-07-07 12:30:00.0	50.27158	19.02614	339.936	298.724	2,336.2	1.7	-0.11	-0.6	0.24	0.36
KES1	MUSE-KES1	2020-07-07 13:00:00.0	50.27158	19.02614	339.932	298.72	2,336.3	1.4	0.23	-0.54	0.2	0.22
KES1	MUSE-KES1	2020-07-07 13:30:00.0	50.27158	19.02614	339.932	298.72	2,335.3	1.4	-0.06	-0.94	0.19	0.24
KES1	MUSE-KES1	2020-07-07 14:00:00.0	50.27158	19.02614	339.928	298.716	2,332.7	1.3	-0.8	-0.56	0.2	0.22
KES1	MUSE-KES1	2020-07-07 14:30:00.0	50.27158	19.02614	339.928	298.716	2,336.1	1.6	-1.91	-0.72	0.31	0.28
KES1	MUSE-KES1	2020-07-07 15:00:00.0	50.27158	19.02614	339.934	298.722	2,330.2	1.6	-1.06	-1.74	0.26	0.28
KES1	MUSE-KES1	2020-07-07 15:30:00.0	50.27158	19.02614	339.934	298.722	2,331.3	1.7	-0.73	-2.33	0.25	0.37
KES1	MUSE-KES1	2020-07-07 16:00:00.0	50.27158	19.02614	339.933	298.721	2,331.8	1.6	-1.38	-0.97	0.22	0.3
KES1	MUSE-KES1	2020-07-07 16:30:00.0	50.27158	19.02614	339.933	298.721	2,324.1	1.4	-1.32	-0.34	0.21	0.25
KES1	MUSE-KES1	2020-07-07 17:00:00.0	50.27158	19.02614	339.929	298.717	2,323.9	1.5	-0.74	0.29	0.23	0.33
KES1	MUSE-KES1	2020-07-07 17:30:00.0	50.27158	19.02614	339.929	298.717	2,327.3	1.5	0.47	0.84	0.25	0.36
KES1	MUSE-KES1	2020-07-07 18:00:00.0	50.27158	19.02614	339.938	298.726	2,327.1	1.3	-0.17	0.61	0.22	0.23
KES1	MUSE-KES1	2020-07-07 18:30:00.0	50.27158	19.02614	339.938	298.726	2,331.4	1.4	-0.5	0.87	0.19	0.22
KES1	MUSE-KES1	2020-07-07 19:00:00.0	50.27158	19.02614	339.939	298.727	2,329.4	1	-0.43	0.46	0.15	0.14
KILE	NDNT-KIEL	2020-07-07 09:00:00.0	50.90847	20.66397	364.643	328.082	2,325.6	1.1	0.05	0.38	0.14	0.15
KILE	NDNT-KIEL	2020-07-07 09:30:00.0	50.90847	20.66397	364.643	328.082	2,332.8	1.3	0.71	0.29	0.17	0.17
KILE	NDNT-KIEL	2020-07-07 10:00:00.0	50.90847	20.66397	364.643	328.082	2,333	1.2	1.26	-0.01	0.16	0.17
KILE	NDNT-KIEL	2020-07-07 10:30:00.0	50.90847	20.66397	364.643	328.082	2,336.3	1.6	1.15	-0.46	0.26	0.25
KILE	NDNT-KIEL	2020-07-07 11:00:00.0	50.90847	20.66397	364.637	328.076	2,326.1	1.4	1.33	1.45	0.28	0.18
KILE	NDNT-KIEL	2020-07-07 11:30:00.0	50.90847	20.66397	364.637	328.076	2,331.9	1.7	2.36	1.72	0.32	0.24
KILE	NDNT-KIEL	2020-07-07 12:00:00.0	50.90847	20.66397	364.628	328.067	2,340.3	1.8	1.62	1.61	0.29	0.23
KILE	NDNT-KIEL	2020-07-07 12:30:00.0	50.90847	20.66397	364.628	328.067	2,341	1.6	1.26	2.02	0.25	0.24
KILE	NDNT-KIEL	2020-07-07 13:00:00.0	50.90847	20.66397	364.627	328.066	2,338	1.1	0.99	0.81	0.14	0.17
KILE	NDNT-KIEL	2020-07-07 13:30:00.0	50.90847	20.66397	364.627	328.066	2,333	1.3	0.21	-1	0.2	0.22
KILE	NDNT-KIEL	2020-07-07 14:00:00.0	50.90847	20.66397	364.621	328.06	2,326.2	1.2	0.03	-0.41	0.18	0.19
KILE	NDNT-KIEL	2020-07-07 14:30:00.0	50.90847	20.66397	364.621	328.06	2,324.9	1.6	-0.13	0.22	0.3	0.25
KILE	NDNT-KIEL	2020-07-07 15:00:00.0	50.90847	20.66397	364.616	328.055	2,322.3	1.3	-0.16	0.07	0.21	0.17
KILE	NDNT-KIEL	2020-07-07 15:30:00.0	50.90847	20.66397	364.616	328.055	2,319.6	1.4	0.45	0.5	0.18	0.24
KILE	NDNT-KIEL	2020-07-07 16:00:00.0	50.90847	20.66397	364.622	328.061	2,322.4	1.2	-0.31	0.51	0.17	0.17
KILE	NDNT-KIEL	2020-07-07 16:30:00.0	50.90847	20.66397	364.622	328.061	2,324.5	1.3	0.33	0.43	0.18	0.26
KILE	NDNT-KIEL	2020-07-07 17:00:00.0	50.90847	20.66397	364.624	328.063	2,324.2	1.2	-0.27	1.15	0.17	0.19
KILE	NDNT-KIEL	2020-07-07 17:30:00.0	50.90847	20.66397	364.624	328.063	2,324.6	1.2	-0.1	1.12	0.15	0.18
KILE	NDNT-KIEL	2020-07-07 18:00:00.0	50.90847	20.66397	364.637	328.076	2,318.4	1.2	-0.12	0.27	0.17	0.17
KILE	NDNT-KIEL	2020-07-07 18:30:00.0	50.90847	20.66397	364.637	328.076	2,317.9	1.3	0.67	0.69	0.18	0.18
KILE	NDNT-KIEL	2020-07-07 19:00:00.0	50.90847	20.66397	364.645	328.084	2,313.3	0.9	0.39	0.33	0.13	0.12
KLCE	12260M001	2020-07-07 09:00:00.0	50.87575	20.62967	333.563	296.871	2,337.9	1.1	-0.5	0.65	0.14	0.15
KLCE	12260M001	2020-07-07 09:30:00.0	50.87575	20.62967	333.563	296.871	2,335.3	1.3	-0.48	0.25	0.17	0.17
KLCE	12260M001	2020-07-07 10:00:00.0	50.87575	20.62967	333.56	296.868	2,337.2	1.2	0.06	0.08	0.16	0.17
KLCE	12260M001	2020-07-07 10:30:00.0	50.87575	20.62967	333.56	296.868	2,336.7	1.6	0.36	0.13	0.26	0.25
KLCE	12260M001	2020-07-07 11:00:00.0	50.87575	20.62967	333.558	296.866	2,336.5	1.4	-1.12	0.42	0.28	0.18
KLCE	12260M001	2020-07-07 11:30:00.0	50.87575	20.62967	333.558	296.866	2,333.5	1.7	-1.07	1.19	0.32	0.24
KLCE	12260M001	2020-07-07 12:00:00.0	50.87575	20.62967	333.563	296.871	2,334.2	1.4	-0.88	0.75	0.2	0.17
KLCE	12260M001	2020-07-07 12:30:00.0	50.87575	20.62967	333.563	296.871	2,337.7	1.3	-0.54	0.07	0.17	0.17
KLCE	12260M001	2020-07-07 13:00:00.0	50.87575	20.62967	333.559	296.867	2,343.7	1.1	-0.47	0.19	0.14	0.17
KLCE	12260M001	2020-07-07 13:30:00.0	50.87575	20.62967	333.559	296.867	2,341	1.3	-0.83	0.42	0.2	0.22
KLCE	12260M001	2020-07-07 14:00:00.0	50.87575	20.62967	333.561	296.869	2,330.3	1.2	-0.54	-0.2	0.18	0.19
KLCE	12260M001	2020-07-07 14:30:00.0	50.87575	20.62967	333.561	296.869	2,329.7	1.6	-0.42	-0.74	0.29	0.25
KLCE	12260M001	2020-07-07 15:00:00.0	50.87575	20.62967	333.559	296.867	2,323.4	1.3	-0.67	0.18	0.2	0.17
KLCE	12260M001	2020-07-07 15:30:00.0	50.87575	20.62967	333.559	296.867	2,326.7	1.4	-0.45	0.17	0.18	0.24
KLCE	12260M001	2020-07-07 16:00:00.0	50.87575	20.62967	333.56	296.868	2,324.8	1.2	-0.41	-0.03	0.17	0.17
KLCE	12260M001	2020-07-07 16:30:00.0	50.87575	20.62967	333.56	296.868	2,327.5	1.3	-0.97	0.4	0.18	0.26
KLCE	12260M001	2020-07-07 17:00:00.0	50.87575	20.62967	333.559	296.867	2,328.9	1.2	-0.92	0.22	0.17	0.19
KLCE	12260M001	2020-07-07 17:30:00.0	50.87575	20.62967	333.559	296.867	2,326	1.2	-0.63	0.84	0.15	0.18
KLCE	12260M001	2020-07-07 18:00:00.0	50.87575	20.62967	333.564	296.872	2,322.7	1.2	-0.64	0.19	0.17	0.17
KLCE	12260M001	2020-07-07 18:30:00.0	50.87575	20.62967	333.564	296.872	2,321.7	1.3	-1.06	0.48	0.18	0.18
KLCE	12260M001	2020-07-07 19:00:00.0	50.87575	20.62967	333.561	296.869	2,319.3	0.9	-0.63	0.06	0.13	0.12
KLDZ	12261M001	2020-07-07 09:00:00.0	50.43558	16.65189	359.546	316.306	2,339.4	1.2	-0.8	-0.61	0.15	0.16
KLDZ	12261M001	2020-07-07 09:30:00.0	50.43558	16.65189	359.546	316.306	2,333	1.2	-0.83	-1.09	0.16	0.16
KLDZ	12261M001	2020-07-07 10:00:00.0	50.43558	16.65189	359.553	316.313	2,338.8	1.2	-0.48	-0.64	0.14	0.16
KLDZ	12261M001	2020-07-07 10:30:00.0	50.43558	16.65189	359.553	316.313	2,338.3	1.4	-0.48	-0.47	0.2	0.2
KLDZ	12261M001	2020-07-07 11:00:00.0	50.43558	16.65189	359.561	316.321	2,334.7	1.3	-1.16	-0.16	0.25	0.13
KLDZ	12261M001	2020-07-07 11:30:00.0	50.43558	16.65189	359.561	316.321	2,332.1	1.8	-0.77	-0.42	0.31	0.22
KLDZ	12261M001	2020-07-07 12:00:00.0	50.43558	16.65189	359.557	316.317	2,338.8	1.4	-0.39	-0.68	0.21	0.15
KLDZ	12261M001	2020-07-07 12:30:00.0	50.43558	16.65189	359.557	316.317	2,334.8	1.3	-1.16	-0.97	0.14	0.15
KLDZ	12261M001	2020-07-07 13:00:00.0	50.43558	16.65189	359.555	316.315	2,341.9	1.2	0.01	-0.6	0.14	0.16
KLDZ	12261M001	2020-07-07 13:30:00.0	50.43558	16.65189	359.555	316.315	2,345	1.3	0.25	-0.9	0.18	0.22
KLDZ	12261M001	2020-07-07 14:00:00.0	50.43558	16.65189	359.557	316.317	2,337.5	1.2	-0.81	0.1	0.18	0.2
KLDZ	12261M001	2020-07-07 14:30:00.0	50.43558	16.65189	359.557	316.317	2,330.9	1.6	-1.22	-0.31	0.3	0.25
KLDZ	12261M001	2020-07-07 15:00:00.0	50.43558	16.65189	359.555	316.315	2,337.1	1.4	-1	-1.43	0.23	0.21
KLDZ	12261M001	2020-07-07 15:30:00.0	50.43558	16.65189	359.555	316.315	2,334.6	1.5	-0.89	-1.36	0.2	0.26
KLDZ	12261M001	2020-07-07 16:00:00.0	50.43558	16.65189	359.556	316.316	2,337	1.3	-1.15	-0.56	0.15	0.15
KLDZ	12261M001	2020-07-07 16:30:00.0	50.43558	16.65189	359.556	316.316	2,339	1.4	-1.05	-1.16	0.16	0.17
KLDZ	12261M001	2020-07-07 17:00:00.0	50.43558	16.65189	359.559	316.319	2,342.5	1.1	-1.01	-0.48	0.17	0.19
KLDZ	12261M001	2020-07-07 17:30:00.0	50.43558	16.65189	359.559	316.319	2,339.7	1.2	-0.84	-0.18	0.16	0.22
KLDZ	12261M001	2020-07-07 18:00:00.0	50.43558	16.65189	359.563	316.323	2,339.7	1.1	-0.85	0.38	0.15	0.16
KLDZ	12261M001	2020-07-07 18:30:00.0	50.43558	16.65189	359.563	316.323	2,334.6	1.3	-1.25	0.12	0.17	0.18
KLDZ	12261M001	2020-07-07 19:00:00.0	50.43558	16.65189	359.567	316.327	2,335.6	0.9	-0.93	-0.37	0.11	0.11
KLOB	12219M001	2020-07-07 09:00:00.0	50.90553	18.93689	301.633	262.929	2,343.6	1.1	-0.74	-0.01	0.14	0.16
KLOB	12219M001	2020-07-07 09:30:00.0	50.90553	18.93689	301.633	262.929	2,344.7	1.2	-0.97	-0.17	0.16	0.15
KLOB	12219M001	2020-07-07 10:00:00.0	50.90553	18.93689	301.633	262.929	2,337.6	1.2	-0.63	-0.23	0.16	0.17
KLOB	12219M001	2020-07-07 10:30:00.0	50.90553	18.93689	301.633	262.929	2,338.5	1.5	-0.2	-0.38	0.2	0.21
KLOB	12219M001	2020-07-07 11:00:00.0	50.90553	18.93689	301.636	262.932	2,336	1.3	-1.13	-0.06	0.25	0.14
KLOB	12219M001	2020-07-07 11:30:00.0	50.90553	18.93689	301.636	262.932	2,339.5	1.6	-1.54	0.04	0.3	0.22
KLOB	12219M001	2020-07-07 12:00:00.0	50.90553	18.93689	301.633	262.929	2,342.8	1.3	-1	-0.04	0.19	0.17
KLOB	12219M001	2020-07-07 12:30:00.0	50.90553	18.93689	301.633	262.929	2,340.8	1.2	-0.53	-0.61	0.15	0.18
KLOB	12219M001	2020-07-07 13:00:00.0	50.90553	18.93689	301.632	262.928	2,349.5	1.2	-0.67	-0.52	0.15	0.16
KLOB	12219M001	2020-07-07 13:30:00.0	50.90553	18.93689	301.632	262.928	2,349.1	1.4	-1.2	-0.24	0.2	0.21
KLOB	12219M001	2020-07-07 14:00:00.0	50.90553	18.93689	301.633	262.929	2,344.3	1.2	-0.61	0.05	0.19	0.2
KLOB	12219M001	2020-07-07 14:30:00.0	50.90553	18.93689	301.633	262.929	2,338.9	1.5	-1.11	0.28	0.29	0.25
KLOB	12219M001	2020-07-07 15:00:00.0	50.90553	18.93689	301.634	262.93	2,333.5	1.5	-0.58	-0.52	0.24	0.21
KLOB	12219M001	2020-07-07 15:30:00.0	50.90553	18.93689	301.634	262.93	2,339.2	1.6	-1.33	-0.19	0.23	0.28
KLOB	12219M001	2020-07-07 16:00:00.0	50.90553	18.93689	301.638	262.934	2,333.5	1.3	-0.9	0.68	0.18	0.19
KLOB	12219M001	2020-07-07 16:30:00.0	50.90553	18.93689	301.638	262.934	2,338.2	1.4	-0.33	-0.1	0.19	0.26
KLOB	12219M001	2020-07-07 17:00:00.0	50.90553	18.93689	301.642	262.938	2,340.2	1.2	-0.46	-0.07	0.19	0.24
KLOB	12219M001	2020-07-07 17:30:00.0	50.90553	18.93689	301.642	262.938	2,337.4	1.4	-0.04	-0.26	0.21	0.3
KLOB	12219M001	2020-07-07 18:00:00.0	50.90553	18.93689	301.651	262.947	2,328.4	1.9	-0.27	0.78	0.27	0.29
KLOB	12219M001	2020-07-07 18:30:00.0	50.90553	18.93689	301.651	262.947	2,332.6	1.7	-0.84	0.42	0.25	0.27
KLOB	12219M001	2020-07-07 19:00:00.0	50.90553	18.93689	301.643	262.939	2,331.8	0.9	-0.84	0.16	0.11	0.11
KLUC	NDNT-KLUC	2020-07-07 09:00:00.0	50.96822	18.21419	232.952	193.524	2,360.5	1.1	-0.47	-0.39	0.14	0.15
KLUC	NDNT-KLUC	2020-07-07 09:30:00.0	50.96822	18.21419	232.952	193.524	2,362.7	1.2	-0.14	-0.44	0.16	0.15
KLUC	NDNT-KLUC	2020-07-07 10:00:00.0	50.96822	18.21419	232.955	193.527	2,365.2	1.2	0.02	-0.89	0.15	0.17
KLUC	NDNT-KLUC	2020-07-07 10:30:00.0	50.96822	18.21419	232.955	193.527	2,368.2	1.4	0.02	-0.98	0.2	0.19
KLUC	NDNT-KLUC	2020-07-07 11:00:00.0	50.96822	18.21419	232.955	193.527	2,365.5	1.2	-0.71	-0.26	0.23	0.13
KLUC	NDNT-KLUC	2020-07-07 11:30:00.0	50.96822	18.21419	232.955	193.527	2,368.7	1.6	0.15	-0.28	0.3	0.2
KLUC	NDNT-KLUC	2020-07-07 12:00:00.0	50.96822	18.21419	232.951	193.523	2,372.2	1.4	-0.14	0.27	0.19	0.15
KLUC	NDNT-KLUC	2020-07-07 12:30:00.0	50.96822	18.21419	232.951	193.523	2,368.9	1.3	-0.48	0.25	0.14	0.16
KLUC	NDNT-KLUC	2020-07-07 13:00:00.0	50.96822	18.21419	232.953	193.525	2,371.1	1.2	-0.42	0.31	0.14	0.14
KLUC	NDNT-KLUC	2020-07-07 13:30:00.0	50.96822	18.21419	232.953	193.525	2,373.4	1.3	-0.42	0.23	0.17	0.19
KLUC	NDNT-KLUC	2020-07-07 14:00:00.0	50.96822	18.21419	232.951	193.523	2,365.3	1.2	0.9	-1.18	0.18	0.19
KLUC	NDNT-KLUC	2020-07-07 14:30:00.0	50.96822	18.21419	232.951	193.523	2,366.3	1.5	-0.37	-0.25	0.28	0.24
KLUC	NDNT-KLUC	2020-07-07 15:00:00.0	50.96822	18.21419	232.951	193.523	2,363.2	1.5	0.4	-0.2	0.27	0.19
KLUC	NDNT-KLUC	2020-07-07 15:30:00.0	50.96822	18.21419	232.951	193.523	2,352.7	1.6	1.72	-0.47	0.27	0.26
KLUC	NDNT-KLUC	2020-07-07 16:00:00.0	50.96822	18.21419	232.949	193.521	2,360.8	1.2	-0.26	-1.26	0.15	0.16
KLUC	NDNT-KLUC	2020-07-07 16:30:00.0	50.96822	18.21419	232.949	193.521	2,362.4	1.2	-0.55	-0.34	0.16	0.19
KLUC	NDNT-KLUC	2020-07-07 17:00:00.0	50.96822	18.21419	232.949	193.521	2,358.7	1.1	0.37	0.24	0.16	0.18
KLUC	NDNT-KLUC	2020-07-07 17:30:00.0	50.96822	18.21419	232.949	193.521	2,359.8	1.1	-0.64	0.59	0.14	0.17
KLUC	NDNT-KLUC	2020-07-07 18:00:00.0	50.96822	18.21419	232.948	193.52	2,355.6	1.1	0.05	0.38	0.16	0.16
KLUC	NDNT-KLUC	2020-07-07 18:30:00.0	50.96822	18.21419	232.948	193.52	2,356.7	1.1	-0.49	-0.22	0.17	0.16
KOLB	NDNT-KOLA	2020-07-07 09:00:00.0	50.24403	21.78331	250.604	215.155	2,392.3	1.3	-0.26	3.66	0.14	0.16
KOLB	NDNT-KOLA	2020-07-07 09:30:00.0	50.24403	21.78331	250.604	215.155	2,389.4	1.4	-0.87	4.93	0.17	0.18
KOLB	NDNT-KOLA	2020-07-07 10:00:00.0	50.24403	21.78331	250.608	215.159	2,373	1.2	-0.54	2.01	0.13	0.15
KOLB	NDNT-KOLA	2020-07-07 10:30:00.0	50.24403	21.78331	250.608	215.159	2,370.3	1.4	-1.47	1.64	0.18	0.2
KOLB	NDNT-KOLA	2020-07-07 11:00:00.0	50.24403	21.78331	250.594	215.145	2,370.7	1.3	-1.04	0.79	0.27	0.17
KOLB	NDNT-KOLA	2020-07-07 11:30:00.0	50.24403	21.78331	250.594	215.145	2,367.3	1.6	-1.34	0.92	0.33	0.21
KOLB	NDNT-KOLA	2020-07-07 12:00:00.0	50.24403	21.78331	250.591	215.142	2,367.5	1.4	-2.16	1.07	0.22	0.17
KOLB	NDNT-KOLA	2020-07-07 12:30:00.0	50.24403	21.78331	250.591	215.142	2,366.3	1.4	-0.98	0.82	0.2	0.24
KOLB	NDNT-KOLA	2020-07-07 13:00:00.0	50.24403	21.78331	250.589	215.14	2,369.6	1.3	-1.44	0.69	0.17	0.17
KOLB	NDNT-KOLA	2020-07-07 13:30:00.0	50.24403	21.78331	250.589	215.14	2,374.3	1.4	-0.42	0.05	0.18	0.2
KOLB	NDNT-KOLA	2020-07-07 14:00:00.0	50.24403	21.78331	250.589	215.14	2,366.4	1.2	-0.67	0.8	0.19	0.19
KOLB	NDNT-KOLA	2020-07-07 14:30:00.0	50.24403	21.78331	250.589	215.14	2,360.3	1.5	-1.1	0.91	0.3	0.24
KOLB	NDNT-KOLA	2020-07-07 15:00:00.0	50.24403	21.78331	250.596	215.147	2,361.7	1.4	0.28	0.69	0.22	0.17
KOLB	NDNT-KOLA	2020-07-07 15:30:00.0	50.24403	21.78331	250.596	215.147	2,362.6	1.4	-0.17	0.72	0.18	0.22
KOLB	NDNT-KOLA	2020-07-07 16:00:00.0	50.24403	21.78331	250.6	215.151	2,369.5	1.2	-0.13	1.14	0.15	0.2
KOLB	NDNT-KOLA	2020-07-07 16:30:00.0	50.24403	21.78331	250.6	215.151	2,361.5	1.3	-0.2	0.72	0.17	0.27
KOLB	NDNT-KOLA	2020-07-07 17:00:00.0	50.24403	21.78331	250.59	215.141	2,362.6	1.3	-0.17	0.43	0.18	0.2
KOLB	NDNT-KOLA	2020-07-07 17:30:00.0	50.24403	21.78331	250.59	215.141	2,361.4	1.3	-1.26	1.54	0.16	0.21
KOLB	NDNT-KOLA	2020-07-07 18:00:00.0	50.24403	21.78331	250.593	215.144	2,356.5	1.2	-0.16	1.56	0.16	0.17
KOLB	NDNT-KOLA	2020-07-07 18:30:00.0	50.24403	21.78331	250.593	215.144	2,350.7	1.3	-0.66	1.33	0.19	0.18
KONI	12262M001	2020-07-07 09:00:00.0	52.22811	18.25397	157.109	123.967	2,381.3	1.2	0.24	-0.42	0.16	0.16
KONI	12262M001	2020-07-07 09:30:00.0	52.22811	18.25397	157.109	123.967	2,382.6	1.2	0.27	-0.22	0.17	0.18
KONI	12262M001	2020-07-07 10:00:00.0	52.22811	18.25397	157.105	123.963	2,383.7	1.1	-0.99	0.87	0.14	0.16
KONI	12262M001	2020-07-07 10:30:00.0	52.22811	18.25397	157.105	123.963	2,376.2	1.4	-0.11	-0.01	0.16	0.18
KONI	12262M001	2020-07-07 11:00:00.0	52.22811	18.25397	157.112	123.97	2,373.8	1.2	-0.28	1.08	0.25	0.14
KONI	12262M001	2020-07-07 11:30:00.0	52.22811	18.25397	157.112	123.97	2,370.3	1.6	-0.85	1.82	0.31	0.23
KONI	12262M001	2020-07-07 12:00:00.0	52.22811	18.25397	157.114	123.972	2,377.7	1.5	-0.91	0.57	0.22	0.19
KONI	12262M001	2020-07-07 12:30:00.0	52.22811	18.25397	157.114	123.972	2,372.1	1.5	-1.35	0.66	0.22	0.2
KONI	12262M001	2020-07-07 13:00:00.0	52.22811	18.25397	157.114	123.972	2,374.1	1.1	-0.77	0.31	0.15	0.15
KONI	12262M001	2020-07-07 13:30:00.0	52.22811	18.25397	157.114	123.972	2,374.9	1.4	-1.35	0.74	0.21	0.21
KONI	12262M001	2020-07-07 14:00:00.0	52.22811	18.25397	157.12	123.978	2,367.6	1.2	-0.43	-0.57	0.2	0.19
KONI	12262M001	2020-07-07 14:30:00.0	52.22811	18.25397	157.12	123.978	2,375.3	1.5	-1.05	-0.32	0.29	0.24
KONI	12262M001	2020-07-07 15:00:00.0	52.22811	18.25397	157.123	123.981	2,370.1	1.3	0.05	-0.74	0.22	0.17
KONI	12262M001	2020-07-07 15:30:00.0	52.22811	18.25397	157.123	123.981	2,372.2	1.5	-0.34	-0.07	0.22	0.27
KONI	12262M001	2020-07-07 16:00:00.0	52.22811	18.25397	157.119	123.977	2,378.4	1.1	-0.75	-0.78	0.16	0.17
KONI	12262M001	2020-07-07 16:30:00.0	52.22811	18.25397	157.119	123.977	2,377.4	1.3	-1.06	-0.69	0.19	0.21
KONI	12262M001	2020-07-07 17:00:00.0	52.22811	18.25397	157.113	123.971	2,382.2	1.1	-0.82	0.11	0.17	0.2
KONI	12262M001	2020-07-07 17:30:00.0	52.22811	18.25397	157.113	123.971	2,374.9	1.2	-0.21	-0.17	0.17	0.22
KONI	12262M001	2020-07-07 18:00:00.0	52.22811	18.25397	157.123	123.981	2,375.9	1.2	0.4	-0.87	0.18	0.17
KONI	12262M001	2020-07-07 18:30:00.0	52.22811	18.25397	157.123	123.981	2,377.2	1.2	-0.46	-0.26	0.17	0.18
KOSC	12263M001	2020-07-07 09:00:00.0	54.12256	17.98158	211.132	180.96	2,349.4	1.2	-0.28	-0.07	0.16	0.17
KOSC	12263M001	2020-07-07 09:30:00.0	54.12256	17.98158	211.132	180.96	2,349.8	1.2	-0.25	0.5	0.18	0.18
KOSC	12263M001	2020-07-07 10:00:00.0	54.12256	17.98158	211.132	180.96	2,349.4	1.1	-0.58	0.29	0.15	0.17
KOSC	12263M001	2020-07-07 10:30:00.0	54.12256	17.98158	211.132	180.96	2,355.1	1.3	-0.31	-0.08	0.16	0.2
KOSC	12263M001	2020-07-07 11:00:00.0	54.12256	17.98158	211.13	180.958	2,360.1	1.5	-0.25	-0.84	0.25	0.17
KOSC	12263M001	2020-07-07 11:30:00.0	54.12256	17.98158	211.13	180.958	2,363.8	1.8	-1.05	-1.09	0.3	0.25
KOSC	12263M001	2020-07-07 12:00:00.0	54.12256	17.98158	211.13	180.958	2,368.6	1.6	-0.45	0.14	0.23	0.21
KOSC	12263M001	2020-07-07 12:30:00.0	54.12256	17.98158	211.13	180.958	2,372.2	1.5	0.74	1.34	0.21	0.18
KOSC	12263M001	2020-07-07 13:00:00.0	54.12256	17.98158	211.129	180.957	2,370.3	1.1	0.01	-0.32	0.13	0.15
KOSC	12263M001	2020-07-07 13:30:00.0	54.12256	17.98158	211.129	180.957	2,372.3	1.3	-1.1	-1.07	0.16	0.21
KOSC	12263M001	2020-07-07 14:00:00.0	54.12256	17.98158	211.134	180.962	2,365.5	1.2	0.09	-0.55	0.2	0.2
KOSC	12263M001	2020-07-07 14:30:00.0	54.12256	17.98158	211.134	180.962	2,366.2	1.4	0.26	-0.84	0.26	0.23
KOSC	12263M001	2020-07-07 15:00:00.0	54.12256	17.98158	211.132	180.96	2,366.6	1.3	-1.06	-0.34	0.18	0.19
KOSC	12263M001	2020-07-07 15:30:00.0	54.12256	17.98158	211.132	180.96	2,365.3	1.4	-0.56	-0.79	0.22	0.25
KOSC	12263M001	2020-07-07 16:00:00.0	54.12256	17.98158	211.129	180.957	2,366.5	1.1	-0.51	-0.62	0.15	0.16
KOSC	12263M001	2020-07-07 16:30:00.0	54.12256	17.98158	211.129	180.957	2,368.8	1.3	-0.46	-0.47	0.17	0.22
KOSC	12263M001	2020-07-07 17:00:00.0	54.12256	17.98158	211.128	180.956	2,375.3	1.1	-0.46	0.54	0.17	0.2
KOSC	12263M001	2020-07-07 17:30:00.0	54.12256	17.98158	211.128	180.956	2,371.1	1.1	-0.38	0.91	0.15	0.21
KOSC	12263M001	2020-07-07 18:00:00.0	54.12256	17.98158	211.126	180.954	2,370.4	1.1	-0.25	-0.45	0.17	0.17
KOSC	12263M001	2020-07-07 18:30:00.0	54.12256	17.98158	211.126	180.954	2,365.7	1.2	-0.18	0.85	0.17	0.18
KOSZ	12264M001	2020-07-07 09:00:00.0	54.20339	16.19772	123.179	90.108	2,387.6	1.1	-0.39	0.52	0.14	0.14
KOSZ	12264M001	2020-07-07 09:30:00.0	54.20339	16.19772	123.179	90.108	2,386	1.2	-1.43	-0.96	0.16	0.15
KOSZ	12264M001	2020-07-07 10:00:00.0	54.20339	16.19772	123.166	90.095	2,391.1	1.2	-1.99	-0.41	0.15	0.15
KOSZ	12264M001	2020-07-07 10:30:00.0	54.20339	16.19772	123.166	90.095	2,396.4	1.3	-0.93	0.36	0.17	0.19
KOSZ	12264M001	2020-07-07 11:00:00.0	54.20339	16.19772	123.165	90.094	2,392.3	1.4	-0.09	-0.45	0.27	0.15
KOSZ	12264M001	2020-07-07 11:30:00.0	54.20339	16.19772	123.165	90.094	2,397.5	1.8	-0.4	0.13	0.31	0.23
KOSZ	12264M001	2020-07-07 12:00:00.0	54.20339	16.19772	123.164	90.093	2,406.2	1.6	-1.27	0.41	0.22	0.2
KOSZ	12264M001	2020-07-07 12:30:00.0	54.20339	16.19772	123.164	90.093	2,402.6	1.6	-0.71	0.7	0.22	0.19
KOSZ	12264M001	2020-07-07 13:00:00.0	54.20339	16.19772	123.165	90.094	2,405	1.2	-0.25	-0.83	0.15	0.15
KOSZ	12264M001	2020-07-07 13:30:00.0	54.20339	16.19772	123.165	90.094	2,408.5	1.4	-0.77	-0.93	0.19	0.23
KOSZ	12264M001	2020-07-07 14:00:00.0	54.20339	16.19772	123.161	90.09	2,407	1.4	-0.49	-0.34	0.22	0.21
KOSZ	12264M001	2020-07-07 14:30:00.0	54.20339	16.19772	123.161	90.09	2,401.1	1.5	-0.01	-0.73	0.27	0.23
KOSZ	12264M001	2020-07-07 15:00:00.0	54.20339	16.19772	123.17	90.099	2,400.1	1.4	-0.79	-0.47	0.2	0.17
KOSZ	12264M001	2020-07-07 15:30:00.0	54.20339	16.19772	123.17	90.099	2,395.5	1.6	-1.76	-0.27	0.24	0.27
KOSZ	12264M001	2020-07-07 16:00:00.0	54.20339	16.19772	123.171	90.1	2,390.2	1.3	-0.97	-0.23	0.16	0.19
KOSZ	12264M001	2020-07-07 16:30:00.0	54.20339	16.19772	123.171	90.1	2,390.8	1.5	-0.96	0.37	0.2	0.24
KOSZ	12264M001	2020-07-07 17:00:00.0	54.20339	16.19772	123.179	90.108	2,384.7	1.3	-0.4	-0.33	0.18	0.23
KOSZ	12264M001	2020-07-07 17:30:00.0	54.20339	16.19772	123.179	90.108	2,388	1.3	-0.31	-0.8	0.19	0.25
KOSZ	12264M001	2020-07-07 18:00:00.0	54.20339	16.19772	123.176	90.105	2,391.4	1.2	-0.65	-0.5	0.17	0.18
KOSZ	12264M001	2020-07-07 18:30:00.0	54.20339	16.19772	123.176	90.105	2,393.8	1.3	-0.13	-0.81	0.17	0.19
KRA1	12218M002	2020-07-07 09:00:00.0	50.06611	19.92047	267.116	227.032	2,358.3	1.3	-0.68	-0.59	0.16	0.18
KRA1	12218M002	2020-07-07 09:30:00.0	50.06611	19.92047	267.116	227.032	2,358.4	1.4	-0.88	-0.93	0.19	0.18
KRA1	12218M002	2020-07-07 10:00:00.0	50.06611	19.92047	267.117	227.033	2,360.1	1.1	-0.69	0.02	0.14	0.15
KRA1	12218M002	2020-07-07 10:30:00.0	50.06611	19.92047	267.117	227.033	2,362.9	1.4	-0.62	-0.09	0.21	0.18
KRA1	12218M002	2020-07-07 11:00:00.0	50.06611	19.92047	267.12	227.036	2,362.1	1.3	-0.65	-0.49	0.26	0.15
KRA1	12218M002	2020-07-07 11:30:00.0	50.06611	19.92047	267.12	227.036	2,359.2	1.6	-1.45	-0.63	0.31	0.21
KRA1	12218M002	2020-07-07 12:00:00.0	50.06611	19.92047	267.114	227.03	2,366.8	1.3	-0.48	0.45	0.2	0.16
KRA1	12218M002	2020-07-07 12:30:00.0	50.06611	19.92047	267.114	227.03	2,362.2	1.2	-0.49	0.29	0.15	0.17
KRA1	12218M002	2020-07-07 13:00:00.0	50.06611	19.92047	267.117	227.033	2,365.2	1.2	-0.92	0.4	0.15	0.15
KRA1	12218M002	2020-07-07 13:30:00.0	50.06611	19.92047	267.117	227.033	2,362.1	1.4	-1.09	1.04	0.19	0.2
KRA1	12218M002	2020-07-07 14:00:00.0	50.06611	19.92047	267.118	227.034	2,356.8	1.1	-1.04	0.17	0.18	0.19
KRA1	12218M002	2020-07-07 14:30:00.0	50.06611	19.92047	267.118	227.034	2,352.5	1.5	-1.34	-0.09	0.31	0.24
KRA1	12218M002	2020-07-07 15:00:00.0	50.06611	19.92047	267.116	227.032	2,350.7	1.3	0.21	0.32	0.21	0.16
KRA1	12218M002	2020-07-07 15:30:00.0	50.06611	19.92047	267.116	227.032	2,349.4	1.3	0.73	0.11	0.17	0.2
KRA1	12218M002	2020-07-07 16:00:00.0	50.06611	19.92047	267.115	227.031	2,351.5	1.2	-0.27	-0.42	0.16	0.17
KRA1	12218M002	2020-07-07 16:30:00.0	50.06611	19.92047	267.115	227.031	2,355.3	1.4	-0.81	-0.07	0.18	0.26
KRA1	12218M002	2020-07-07 17:00:00.0	50.06611	19.92047	267.121	227.037	2,355.6	1.2	-0.8	0.38	0.17	0.19
KRA1	12218M002	2020-07-07 17:30:00.0	50.06611	19.92047	267.121	227.037	2,352	1.2	-0.33	0.15	0.16	0.19
KRA1	12218M002	2020-07-07 18:00:00.0	50.06611	19.92047	267.119	227.035	2,357.6	1.2	-0.76	-0.26	0.16	0.17
KRA1	12218M002	2020-07-07 18:30:00.0	50.06611	19.92047	267.119	227.035	2,354.5	1.3	-1.31	0	0.2	0.19
KRA2	NDNT-KRAK	2020-07-07 09:00:00.0	50.01092	19.90192	294.996	254.733	2,354.9	1.2	-0.22	0.11	0.15	0.16
KRA2	NDNT-KRAK	2020-07-07 09:30:00.0	50.01092	19.90192	294.996	254.733	2,350.6	1.3	-0.71	0.24	0.18	0.17
KRA2	NDNT-KRAK	2020-07-07 10:00:00.0	50.01092	19.90192	294.99	254.727	2,354.8	1.1	-0.41	-0.34	0.13	0.15
KRA2	NDNT-KRAK	2020-07-07 10:30:00.0	50.01092	19.90192	294.99	254.727	2,357.4	1.3	-0.86	0.51	0.19	0.17
KRA2	NDNT-KRAK	2020-07-07 11:00:00.0	50.01092	19.90192	294.992	254.729	2,357.9	1.2	0.62	-0.26	0.23	0.13
KRA2	NDNT-KRAK	2020-07-07 11:30:00.0	50.01092	19.90192	294.992	254.729	2,368.9	1.6	0.63	-0.53	0.3	0.2
KRA2	NDNT-KRAK	2020-07-07 12:00:00.0	50.01092	19.90192	294.993	254.73	2,357.7	1.3	-0.97	0.91	0.19	0.14
KRA2	NDNT-KRAK	2020-07-07 12:30:00.0	50.01092	19.90192	294.993	254.73	2,357	1.2	-0.57	0.74	0.14	0.16
KRA2	NDNT-KRAK	2020-07-07 13:00:00.0	50.01092	19.90192	294.987	254.724	2,359	1.1	-0.5	0.21	0.14	0.13
KRA2	NDNT-KRAK	2020-07-07 13:30:00.0	50.01092	19.90192	294.987	254.724	2,364.8	1.3	-0.27	0.59	0.17	0.19
KRA2	NDNT-KRAK	2020-07-07 14:00:00.0	50.01092	19.90192	294.988	254.725	2,348.9	1.1	-0.34	1.11	0.17	0.18
KRA2	NDNT-KRAK	2020-07-07 14:30:00.0	50.01092	19.90192	294.988	254.725	2,348.3	1.4	-0.91	0.6	0.28	0.23
KRA2	NDNT-KRAK	2020-07-07 15:00:00.0	50.01092	19.90192	294.991	254.728	2,345.5	1.2	-0.81	0.28	0.2	0.16
KRA2	NDNT-KRAK	2020-07-07 15:30:00.0	50.01092	19.90192	294.991	254.728	2,339.7	1.2	-0.94	-1.39	0.17	0.2
KRA2	NDNT-KRAK	2020-07-07 16:00:00.0	50.01092	19.90192	294.991	254.728	2,347.7	1.2	-0.58	-0.27	0.15	0.17
KRA2	NDNT-KRAK	2020-07-07 16:30:00.0	50.01092	19.90192	294.991	254.728	2,351.6	1.3	-0.54	0.53	0.17	0.21
KRA2	NDNT-KRAK	2020-07-07 17:00:00.0	50.01092	19.90192	294.995	254.732	2,349.7	1.2	1.07	-1.11	0.17	0.18
KRA2	NDNT-KRAK	2020-07-07 17:30:00.0	50.01092	19.90192	294.995	254.732	2,351.7	1.1	0.01	-0.02	0.14	0.17
KRA2	NDNT-KRAK	2020-07-07 18:00:00.0	50.01092	19.90192	294.991	254.728	2,352	1.2	0.02	0.19	0.16	0.16
KRA2	NDNT-KRAK	2020-07-07 18:30:00.0	50.01092	19.90192	294.991	254.728	2,346.8	1.2	-0.36	-0.53	0.18	0.17
KRAP	NDNT-KRAP	2020-07-07 09:00:00.0	50.49031	17.95681	221.347	180.37	2,374.7	1.2	-0.55	-1.26	0.16	0.16
KRAP	NDNT-KRAP	2020-07-07 09:30:00.0	50.49031	17.95681	221.347	180.37	2,378.3	1.2	-1.22	-1.79	0.16	0.16
KRAP	NDNT-KRAP	2020-07-07 10:00:00.0	50.49031	17.95681	221.325	180.348	2,378.8	1.2	0.61	-2.16	0.16	0.18
KRAP	NDNT-KRAP	2020-07-07 10:30:00.0	50.49031	17.95681	221.325	180.348	2,377.7	1.5	1	-2.88	0.22	0.21
KRAP	NDNT-KRAP	2020-07-07 11:00:00.0	50.49031	17.95681	221.311	180.334	2,373.4	1.2	-0.55	-0.92	0.26	0.13
KRAP	NDNT-KRAP	2020-07-07 11:30:00.0	50.49031	17.95681	221.311	180.334	2,381.2	1.6	-1.3	-0.32	0.31	0.21
KRAP	NDNT-KRAP	2020-07-07 12:00:00.0	50.49031	17.95681	221.314	180.337	2,383.2	1.4	-1.18	0.48	0.22	0.18
KRAP	NDNT-KRAP	2020-07-07 12:30:00.0	50.49031	17.95681	221.314	180.337	2,383.1	1.4	-0.37	0.19	0.19	0.2
KRAP	NDNT-KRAP	2020-07-07 13:00:00.0	50.49031	17.95681	221.319	180.342	2,383.7	1.3	-0.41	-1.2	0.17	0.17
KRAP	NDNT-KRAP	2020-07-07 13:30:00.0	50.49031	17.95681	221.319	180.342	2,390.5	1.4	-1.24	-0.54	0.21	0.23
KRAP	NDNT-KRAP	2020-07-07 14:00:00.0	50.49031	17.95681	221.313	180.336	2,381.3	1.2	-0.05	-0.88	0.2	0.2
KRAP	NDNT-KRAP	2020-07-07 14:30:00.0	50.49031	17.95681	221.313	180.336	2,389	1.6	-1.49	-0.83	0.32	0.27
KRAP	NDNT-KRAP	2020-07-07 15:00:00.0	50.49031	17.95681	221.322	180.345	2,370.5	1.5	-0.91	-0.37	0.29	0.19
KRAP	NDNT-KRAP	2020-07-07 15:30:00.0	50.49031	17.95681	221.322	180.345	2,382.5	1.6	-1.94	0.08	0.28	0.25
KRAP	NDNT-KRAP	2020-07-07 16:00:00.0	50.49031	17.95681	221.326	180.349	2,372.2	1.2	-0.88	1.12	0.18	0.17
KRAP	NDNT-KRAP	2020-07-07 16:30:00.0	50.49031	17.95681	221.326	180.349	2,380.4	1.3	-0.52	0.07	0.17	0.25
KRAP	NDNT-KRAP	2020-07-07 17:00:00.0	50.49031	17.95681	221.33	180.353	2,370	1.2	-1.64	-0.14	0.21	0.23
KRAP	NDNT-KRAP	2020-07-07 17:30:00.0	50.49031	17.95681	221.33	180.353	2,361.3	1.3	-0.05	0.57	0.25	0.27
KRAP	NDNT-KRAP	2020-07-07 18:00:00.0	50.49031	17.95681	221.343	180.366	2,373.8	1.3	0.64	-1.97	0.21	0.21
KRAP	NDNT-KRAP	2020-07-07 18:30:00.0	50.49031	17.95681	221.343	180.366	2,372.2	1.3	0.61	0.06	0.2	0.2
KRAW	12218M001	2020-07-07 09:00:00.0	50.06614	19.92047	267.121	227.037	2,358.2	2	-1.11	-0.6	0.26	0.28
KRAW	12218M001	2020-07-07 10:00:00.0	50.06614	19.92047	267.118	227.034	2,356.3	1.6	-1.13	0.41	0.29	0.24
KRAW	12218M001	2020-07-07 10:30:00.0	50.06614	19.92047	267.118	227.034	2,353.3	1.8	-1.15	0.23	0.32	0.23
KRAW	12218M001	2020-07-07 11:00:00.0	50.06614	19.92047	267.122	227.038	2,354.4	1.5	-1.64	0.07	0.31	0.19
KRAW	12218M001	2020-07-07 11:30:00.0	50.06614	19.92047	267.122	227.038	2,352.3	1.8	-2.89	-0.49	0.35	0.22
KRAW	12218M001	2020-07-07 12:00:00.0	50.06614	19.92047	267.12	227.036	2,360.6	1.4	-0.73	0.5	0.22	0.19
KRAW	12218M001	2020-07-07 12:30:00.0	50.06614	19.92047	267.12	227.036	2,359.5	1.3	-0.74	-0.13	0.18	0.19
KRAW	12218M001	2020-07-07 13:00:00.0	50.06614	19.92047	267.119	227.035	2,361	1.3	-1.5	0.47	0.19	0.16
KRAW	12218M001	2020-07-07 13:30:00.0	50.06614	19.92047	267.119	227.035	2,358	1.4	-1.71	0.8	0.21	0.21
KRAW	12218M001	2020-07-07 14:00:00.0	50.06614	19.92047	267.123	227.039	2,351.3	1.2	-1.91	0.35	0.2	0.19
KRAW	12218M001	2020-07-07 14:30:00.0	50.06614	19.92047	267.123	227.039	2,345	1.5	-2.04	0.9	0.32	0.25
KRAW	12218M001	2020-07-07 15:00:00.0	50.06614	19.92047	267.123	227.039	2,346.3	1.3	-0.09	0.62	0.22	0.16
KRAW	12218M001	2020-07-07 15:30:00.0	50.06614	19.92047	267.123	227.039	2,345.7	1.3	0.48	0.03	0.18	0.22
KRAW	12218M001	2020-07-07 16:00:00.0	50.06614	19.92047	267.123	227.039	2,349.9	1.3	-0.6	-0.32	0.18	0.19
KRAW	12218M001	2020-07-07 16:30:00.0	50.06614	19.92047	267.123	227.039	2,348.3	1.4	-1.21	-0.43	0.18	0.28
KRAW	12218M001	2020-07-07 17:00:00.0	50.06614	19.92047	267.126	227.042	2,350.8	1.2	-1.51	0.59	0.18	0.2
KRAW	12218M001	2020-07-07 17:30:00.0	50.06614	19.92047	267.126	227.042	2,349.5	1.3	-0.98	0.45	0.19	0.22
KRAW	12218M001	2020-07-07 18:00:00.0	50.06614	19.92047	267.128	227.044	2,351.9	1.2	-0.68	-0.36	0.16	0.18
KRAW	12218M001	2020-07-07 18:30:00.0	50.06614	19.92047	267.128	227.044	2,350.5	1.3	-0.42	-0.18	0.2	0.2
KROS	12265M001	2020-07-07 09:00:00.0	49.67875	21.77464	347.547	311.142	2,379.6	1.2	-0.42	-0.29	0.13	0.15
KROS	12265M001	2020-07-07 09:30:00.0	49.67875	21.77464	347.547	311.142	2,377.9	1.3	-0.88	1.51	0.16	0.17
KROS	12265M001	2020-07-07 10:00:00.0	49.67875	21.77464	347.549	311.144	2,359.4	1.1	-0.92	2.94	0.13	0.15
KROS	12265M001	2020-07-07 10:30:00.0	49.67875	21.77464	347.549	311.144	2,348.4	1.4	-0.72	1.95	0.19	0.21
KROS	12265M001	2020-07-07 11:00:00.0	49.67875	21.77464	347.539	311.134	2,350.1	1.3	-1.12	1	0.24	0.16
KROS	12265M001	2020-07-07 11:30:00.0	49.67875	21.77464	347.539	311.134	2,346	1.6	-2.14	0.61	0.29	0.19
KROS	12265M001	2020-07-07 12:00:00.0	49.67875	21.77464	347.535	311.13	2,348.6	1.4	-1.66	0.46	0.2	0.17
KROS	12265M001	2020-07-07 12:30:00.0	49.67875	21.77464	347.535	311.13	2,344.3	1.4	-0.58	0.21	0.18	0.24
KROS	12265M001	2020-07-07 13:00:00.0	49.67875	21.77464	347.533	311.128	2,347.2	1.3	-0.2	1.05	0.18	0.18
KROS	12265M001	2020-07-07 13:30:00.0	49.67875	21.77464	347.533	311.128	2,346.8	1.5	0	0.51	0.23	0.23
KROS	12265M001	2020-07-07 14:00:00.0	49.67875	21.77464	347.531	311.126	2,341.7	1.2	0.89	0.95	0.21	0.2
KROS	12265M001	2020-07-07 14:30:00.0	49.67875	21.77464	347.531	311.126	2,333.4	1.7	1.02	1.47	0.28	0.27
KROS	12265M001	2020-07-07 15:00:00.0	49.67875	21.77464	347.523	311.118	2,334.1	1.4	1.09	0.51	0.21	0.18
KROS	12265M001	2020-07-07 15:30:00.0	49.67875	21.77464	347.523	311.118	2,345.6	1.4	1.41	0.74	0.18	0.22
KROS	12265M001	2020-07-07 16:00:00.0	49.67875	21.77464	347.523	311.118	2,346.8	1.2	0.02	1.09	0.15	0.17
KROS	12265M001	2020-07-07 16:30:00.0	49.67875	21.77464	347.523	311.118	2,339.4	1.4	-0.27	0.88	0.17	0.26
KROS	12265M001	2020-07-07 17:00:00.0	49.67875	21.77464	347.523	311.118	2,341.6	1.3	-0.96	0.79	0.17	0.19
KROS	12265M001	2020-07-07 17:30:00.0	49.67875	21.77464	347.523	311.118	2,339	1.2	-1.42	0.37	0.14	0.17
KROS	12265M001	2020-07-07 18:00:00.0	49.67875	21.77464	347.525	311.12	2,336.4	1.2	-1.91	0.46	0.17	0.16
KROS	12265M001	2020-07-07 18:30:00.0	49.67875	21.77464	347.525	311.12	2,335.7	1.3	-1.64	0.88	0.18	0.16
KROT	12266M001	2020-07-07 09:00:00.0	51.69219	17.43719	186.242	148.444	2,373.6	1.5	-0.13	0.98	0.22	0.22
KROT	12266M001	2020-07-07 09:30:00.0	51.69219	17.43719	186.242	148.444	2,374	1.9	-0.24	1.24	0.28	0.28
KROT	12266M001	2020-07-07 10:00:00.0	51.69219	17.43719	186.24	148.442	2,380.7	1.3	0.28	0.92	0.2	0.2
KROT	12266M001	2020-07-07 10:30:00.0	51.69219	17.43719	186.24	148.442	2,377.5	1.6	0.06	1.01	0.27	0.23
KROT	12266M001	2020-07-07 11:00:00.0	51.69219	17.43719	186.246	148.448	2,369.2	1.7	0.07	0.6	0.33	0.21
KROT	12266M001	2020-07-07 11:30:00.0	51.69219	17.43719	186.246	148.448	2,373.9	2.2	-0.1	0.95	0.38	0.29
KROT	12266M001	2020-07-07 12:00:00.0	51.69219	17.43719	186.247	148.449	2,370	1.4	-0.58	0.25	0.21	0.18
KROT	12266M001	2020-07-07 12:30:00.0	51.69219	17.43719	186.247	148.449	2,370.6	1.3	-0.62	-0.74	0.15	0.18
KROT	12266M001	2020-07-07 13:00:00.0	51.69219	17.43719	186.248	148.45	2,376.1	1.4	0.41	-0.07	0.22	0.19
KROT	12266M001	2020-07-07 13:30:00.0	51.69219	17.43719	186.248	148.45	2,370.5	1.7	0.5	-0.06	0.3	0.31
KROT	12266M001	2020-07-07 14:00:00.0	51.69219	17.43719	186.249	148.451	2,369.2	1.3	-0.75	0	0.22	0.2
KROT	12266M001	2020-07-07 14:30:00.0	51.69219	17.43719	186.249	148.451	2,366.7	1.6	-0.71	-0.24	0.32	0.25
KROT	12266M001	2020-07-07 15:00:00.0	51.69219	17.43719	186.253	148.455	2,370.4	1.5	-1.16	-1.38	0.25	0.19
KROT	12266M001	2020-07-07 15:30:00.0	51.69219	17.43719	186.253	148.455	2,373.3	1.6	-1.51	-1.49	0.26	0.28
KROT	12266M001	2020-07-07 16:00:00.0	51.69219	17.43719	186.248	148.45	2,372.9	1.6	-0.86	-1.8	0.26	0.29
KROT	12266M001	2020-07-07 16:30:00.0	51.69219	17.43719	186.248	148.45	2,370.7	1.8	-0.37	-1.49	0.3	0.34
KROT	12266M001	2020-07-07 17:00:00.0	51.69219	17.43719	186.24	148.442	2,377.1	1.7	-0.59	0.03	0.28	0.34
KROT	12266M001	2020-07-07 17:30:00.0	51.69219	17.43719	186.24	148.442	2,377.8	1.8	-0.75	-0.19	0.31	0.39
KROT	12266M001	2020-07-07 18:00:00.0	51.69219	17.43719	186.24	148.442	2,372.6	1.3	-0.81	-0.04	0.21	0.22
KROT	12266M001	2020-07-07 18:30:00.0	51.69219	17.43719	186.24	148.442	2,371.1	1.3	0.14	-0.09	0.18	0.2
KUTN	12267M001	2020-07-07 09:00:00.0	52.22606	19.37497	159.842	127.713	2,372.4	1.1	-0.58	-0.23	0.15	0.16
KUTN	12267M001	2020-07-07 09:30:00.0	52.22606	19.37497	159.842	127.713	2,373.7	1.2	-0.7	-0.15	0.16	0.16
KUTN	12267M001	2020-07-07 10:00:00.0	52.22606	19.37497	159.845	127.716	2,373.8	1.1	-0.35	-0.67	0.14	0.16
KUTN	12267M001	2020-07-07 10:30:00.0	52.22606	19.37497	159.845	127.716	2,376.4	1.4	-0.18	-0.72	0.2	0.2
KUTN	12267M001	2020-07-07 11:00:00.0	52.22606	19.37497	159.851	127.722	2,374.6	1.2	-0.12	0.47	0.25	0.14
KUTN	12267M001	2020-07-07 11:30:00.0	52.22606	19.37497	159.851	127.722	2,377.2	1.6	-1.02	-0.09	0.3	0.21
KUTN	12267M001	2020-07-07 12:00:00.0	52.22606	19.37497	159.856	127.727	2,374.5	1.5	-1.75	0.6	0.22	0.18
KUTN	12267M001	2020-07-07 12:30:00.0	52.22606	19.37497	159.856	127.727	2,371.8	1.4	-1.12	0.11	0.2	0.17
KUTN	12267M001	2020-07-07 13:00:00.0	52.22606	19.37497	159.859	127.73	2,374.4	1.3	-1.23	0.46	0.19	0.18
KUTN	12267M001	2020-07-07 13:30:00.0	52.22606	19.37497	159.859	127.73	2,373.4	1.6	-1.23	-0.17	0.23	0.24
KUTN	12267M001	2020-07-07 14:00:00.0	52.22606	19.37497	159.858	127.729	2,370.2	1.4	-0.53	0.16	0.23	0.23
KUTN	12267M001	2020-07-07 14:30:00.0	52.22606	19.37497	159.858	127.729	2,369.9	1.7	-0.75	-0.32	0.33	0.27
KUTN	12267M001	2020-07-07 15:00:00.0	52.22606	19.37497	159.857	127.728	2,363.8	1.3	0.11	-0.48	0.2	0.17
KUTN	12267M001	2020-07-07 15:30:00.0	52.22606	19.37497	159.857	127.728	2,371.1	1.4	0.67	-0.23	0.19	0.24
KUTN	12267M001	2020-07-07 16:00:00.0	52.22606	19.37497	159.851	127.722	2,367.5	1.3	-0.45	-0.9	0.18	0.2
KUTN	12267M001	2020-07-07 16:30:00.0	52.22606	19.37497	159.851	127.722	2,367.9	1.6	-0.32	-1.55	0.2	0.27
KUTN	12267M001	2020-07-07 17:00:00.0	52.22606	19.37497	159.846	127.717	2,367.8	1.1	-0.56	-0.04	0.17	0.21
KUTN	12267M001	2020-07-07 17:30:00.0	52.22606	19.37497	159.846	127.717	2,372.6	1.1	-0.72	-0.06	0.15	0.22
KUTN	12267M001	2020-07-07 18:00:00.0	52.22606	19.37497	159.848	127.719	2,373.6	1.1	-0.02	-0.15	0.16	0.16
KUTN	12267M001	2020-07-07 18:30:00.0	52.22606	19.37497	159.848	127.719	2,371.9	1.1	-0.09	0.07	0.17	0.17
LAN1	NDNT-LANC	2020-07-07 09:00:00.0	50.06586	22.22919	287.424	252.665	2,398.5	1.1	0.07	-0.53	0.11	0.13
LAN1	NDNT-LANC	2020-07-07 09:30:00.0	50.06586	22.22919	287.424	252.665	2,400.2	1.2	-0.94	0.15	0.14	0.14
LAN1	NDNT-LANC	2020-07-07 10:00:00.0	50.06586	22.22919	287.434	252.675	2,385.7	1	-0.84	1.5	0.1	0.11
LAN1	NDNT-LANC	2020-07-07 10:30:00.0	50.06586	22.22919	287.434	252.675	2,384.4	1.2	0.22	2.6	0.15	0.14
LAN1	NDNT-LANC	2020-07-07 11:00:00.0	50.06586	22.22919	287.416	252.657	2,384.9	1.1	-0.3	2.96	0.2	0.11
LAN1	NDNT-LANC	2020-07-07 11:30:00.0	50.06586	22.22919	287.416	252.657	2,379.2	1.3	0.16	0.72	0.24	0.15
LAN1	NDNT-LANC	2020-07-07 12:00:00.0	50.06586	22.22919	287.414	252.655	2,369.1	1.3	-0.28	0.88	0.19	0.16
LAN1	NDNT-LANC	2020-07-07 12:30:00.0	50.06586	22.22919	287.414	252.655	2,367.7	1.3	-0.1	0.92	0.14	0.18
LAN1	NDNT-LANC	2020-07-07 13:00:00.0	50.06586	22.22919	287.416	252.657	2,365.7	1.1	-0.36	1.41	0.13	0.14
LAN1	NDNT-LANC	2020-07-07 13:30:00.0	50.06586	22.22919	287.416	252.657	2,366.3	1.3	-0.32	1.11	0.17	0.17
LAN1	NDNT-LANC	2020-07-07 14:00:00.0	50.06586	22.22919	287.416	252.657	2,350.5	1.1	-0.78	0.65	0.17	0.18
LAN1	NDNT-LANC	2020-07-07 14:30:00.0	50.06586	22.22919	287.416	252.657	2,359.5	1.4	0.46	0.11	0.27	0.22
LAN1	NDNT-LANC	2020-07-07 15:00:00.0	50.06586	22.22919	287.421	252.662	2,362.1	1.3	0.3	0.46	0.2	0.16
LAN1	NDNT-LANC	2020-07-07 15:30:00.0	50.06586	22.22919	287.421	252.662	2,361.7	1.3	0.58	0.26	0.17	0.21
LAN1	NDNT-LANC	2020-07-07 16:00:00.0	50.06586	22.22919	287.43	252.671	2,364.1	1.2	-0.31	0.63	0.14	0.14
LAN1	NDNT-LANC	2020-07-07 16:30:00.0	50.06586	22.22919	287.43	252.671	2,350.8	1.3	-0.7	0.11	0.15	0.23
LAN1	NDNT-LANC	2020-07-07 17:00:00.0	50.06586	22.22919	287.428	252.669	2,354.2	1.3	0.21	0.56	0.18	0.19
LAN1	NDNT-LANC	2020-07-07 17:30:00.0	50.06586	22.22919	287.428	252.669	2,351	1.3	-0.05	0.18	0.16	0.2
LAN1	NDNT-LANC	2020-07-07 18:00:00.0	50.06586	22.22919	287.428	252.669	2,351.2	1.2	-0.49	1.02	0.16	0.17
LAN1	NDNT-LANC	2020-07-07 18:30:00.0	50.06586	22.22919	287.428	252.669	2,347.3	1.3	-0.22	-0.11	0.18	0.16
LEGP	12268M001	2020-07-07 09:00:00.0	51.2	16.15497	181.337	139.954	2,386	1.3	-0.79	-0.32	0.17	0.18
LEGP	12268M001	2020-07-07 09:30:00.0	51.2	16.15497	181.337	139.954	2,383.3	1.4	-0.97	-0.16	0.19	0.17
LEGP	12268M001	2020-07-07 10:00:00.0	51.2	16.15497	181.331	139.948	2,380.7	1.3	-1.49	-0.75	0.17	0.18
LEGP	12268M001	2020-07-07 10:30:00.0	51.2	16.15497	181.331	139.948	2,379.1	1.6	-0.8	-0.8	0.22	0.24
LEGP	12268M001	2020-07-07 11:00:00.0	51.2	16.15497	181.336	139.953	2,381.6	1.4	-1.36	-0.32	0.29	0.15
LEGP	12268M001	2020-07-07 11:30:00.0	51.2	16.15497	181.336	139.953	2,378.4	1.9	-1.43	-0.11	0.33	0.26
LEGP	12268M001	2020-07-07 12:00:00.0	51.2	16.15497	181.336	139.953	2,383.5	1.5	-1.21	-0.07	0.21	0.2
LEGP	12268M001	2020-07-07 12:30:00.0	51.2	16.15497	181.336	139.953	2,381.1	1.4	-1.41	-0.38	0.18	0.19
LEGP	12268M001	2020-07-07 13:00:00.0	51.2	16.15497	181.339	139.956	2,378.1	1.2	-0.44	-0.66	0.15	0.19
LEGP	12268M001	2020-07-07 13:30:00.0	51.2	16.15497	181.339	139.956	2,382.4	1.4	-0.03	-0.07	0.22	0.25
LEGP	12268M001	2020-07-07 14:00:00.0	51.2	16.15497	181.339	139.956	2,379.7	1.2	0.7	-1.16	0.2	0.2
LEGP	12268M001	2020-07-07 14:30:00.0	51.2	16.15497	181.339	139.956	2,383	1.5	1.14	-1.64	0.28	0.24
LEGP	12268M001	2020-07-07 15:00:00.0	51.2	16.15497	181.34	139.957	2,384.6	1.4	-0.08	-0.58	0.23	0.17
LEGP	12268M001	2020-07-07 15:30:00.0	51.2	16.15497	181.34	139.957	2,372.8	1.5	-0.93	-0.94	0.24	0.24
LEGP	12268M001	2020-07-07 16:00:00.0	51.2	16.15497	181.347	139.964	2,376.4	1.3	-0.98	-0.06	0.17	0.15
LEGP	12268M001	2020-07-07 16:30:00.0	51.2	16.15497	181.347	139.964	2,375.1	1.4	-0.83	-0.44	0.2	0.17
LEGP	12268M001	2020-07-07 17:00:00.0	51.2	16.15497	181.347	139.964	2,376.2	1.2	-1.03	-0.7	0.17	0.19
LEGP	12268M001	2020-07-07 17:30:00.0	51.2	16.15497	181.347	139.964	2,382.4	1.2	-1.24	-0.77	0.17	0.2
LEGP	12268M001	2020-07-07 18:00:00.0	51.2	16.15497	181.345	139.962	2,381.7	1.2	-1.45	0.07	0.17	0.17
LEGP	12268M001	2020-07-07 18:30:00.0	51.2	16.15497	181.345	139.962	2,383.6	1.2	-0.98	-0.05	0.17	0.18
LELO	12269M001	2020-07-07 09:00:00.0	50.68289	19.62889	306.294	267.812	2,343.5	1.2	-0.69	0.03	0.15	0.16
LELO	12269M001	2020-07-07 09:30:00.0	50.68289	19.62889	306.294	267.812	2,345.6	1.2	-0.78	-0.37	0.16	0.17
LELO	12269M001	2020-07-07 10:00:00.0	50.68289	19.62889	306.297	267.815	2,341.3	1.1	-0.08	-0.24	0.14	0.15
LELO	12269M001	2020-07-07 10:30:00.0	50.68289	19.62889	306.297	267.815	2,343.4	1.3	0.01	-0.57	0.19	0.18
LELO	12269M001	2020-07-07 11:00:00.0	50.68289	19.62889	306.302	267.82	2,339.9	1.2	-0.52	-0.47	0.24	0.14
LELO	12269M001	2020-07-07 11:30:00.0	50.68289	19.62889	306.302	267.82	2,339.5	1.6	-0.42	0.28	0.3	0.21
LELO	12269M001	2020-07-07 12:00:00.0	50.68289	19.62889	306.299	267.817	2,336.9	1.4	-0.38	0.1	0.21	0.18
LELO	12269M001	2020-07-07 12:30:00.0	50.68289	19.62889	306.299	267.817	2,335.9	1.4	-0.54	-0.27	0.17	0.19
LELO	12269M001	2020-07-07 13:00:00.0	50.68289	19.62889	306.299	267.817	2,341	1.2	0.05	-0.17	0.15	0.15
LELO	12269M001	2020-07-07 13:30:00.0	50.68289	19.62889	306.299	267.817	2,344.8	1.3	-0.57	-0.42	0.17	0.19
LELO	12269M001	2020-07-07 14:00:00.0	50.68289	19.62889	306.298	267.816	2,339.6	1.2	-0.95	-0.2	0.19	0.2
LELO	12269M001	2020-07-07 14:30:00.0	50.68289	19.62889	306.298	267.816	2,341.8	1.5	-1.34	-0.25	0.28	0.24
LELO	12269M001	2020-07-07 15:00:00.0	50.68289	19.62889	306.298	267.816	2,336.7	1.4	-0.8	0.31	0.21	0.16
LELO	12269M001	2020-07-07 15:30:00.0	50.68289	19.62889	306.298	267.816	2,339	1.4	-0.21	-0.08	0.18	0.22
LELO	12269M001	2020-07-07 16:00:00.0	50.68289	19.62889	306.301	267.819	2,344.4	1.3	0.02	-0.29	0.17	0.19
LELO	12269M001	2020-07-07 16:30:00.0	50.68289	19.62889	306.301	267.819	2,339.7	1.4	-0.96	0.51	0.17	0.28
LELO	12269M001	2020-07-07 17:00:00.0	50.68289	19.62889	306.304	267.822	2,335.7	1.1	-1.08	0.02	0.16	0.17
LELO	12269M001	2020-07-07 17:30:00.0	50.68289	19.62889	306.304	267.822	2,334.4	1	-0.56	-0.11	0.13	0.16
LELO	12269M001	2020-07-07 18:00:00.0	50.68289	19.62889	306.304	267.822	2,332.2	1.1	-0.65	0.33	0.16	0.15
LELO	12269M001	2020-07-07 18:30:00.0	50.68289	19.62889	306.304	267.822	2,331.8	1.1	-0.64	0.03	0.17	0.16
LES1	MUSE-LES1	2020-07-07 09:00:00.0	51.52717	16.14506	163.4	123.205	2,382.4	1.4	-0.99	0.14	0.2	0.19
LES1	MUSE-LES1	2020-07-07 09:30:00.0	51.52717	16.14506	163.4	123.205	2,379.1	1.6	-1.35	0.33	0.24	0.2
LES1	MUSE-LES1	2020-07-07 10:00:00.0	51.52717	16.14506	163.402	123.207	2,376.1	1.3	-1.5	0.25	0.19	0.18
LES1	MUSE-LES1	2020-07-07 10:30:00.0	51.52717	16.14506	163.402	123.207	2,375.3	1.7	-1.63	0.21	0.27	0.25
LES1	MUSE-LES1	2020-07-07 11:00:00.0	51.52717	16.14506	163.404	123.209	2,369.9	1.4	-0.38	0.62	0.31	0.16
LES1	MUSE-LES1	2020-07-07 11:30:00.0	51.52717	16.14506	163.404	123.209	2,359.1	1.9	0.45	1.33	0.35	0.27
LES1	MUSE-LES1	2020-07-07 12:00:00.0	51.52717	16.14506	163.399	123.204	2,377.8	1.6	-0.16	0.22	0.25	0.21
LES1	MUSE-LES1	2020-07-07 12:30:00.0	51.52717	16.14506	163.399	123.204	2,377.4	1.6	-1.45	0.19	0.27	0.22
LES1	MUSE-LES1	2020-07-07 13:00:00.0	51.52717	16.14506	163.401	123.206	2,377.7	1.3	-0.07	-0.67	0.17	0.2
LES1	MUSE-LES1	2020-07-07 13:30:00.0	51.52717	16.14506	163.401	123.206	2,375	1.7	0.99	-0.46	0.27	0.3
LES1	MUSE-LES1	2020-07-07 14:00:00.0	51.52717	16.14506	163.397	123.202	2,384.4	1.5	-0.09	-1.95	0.27	0.22
LES1	MUSE-LES1	2020-07-07 14:30:00.0	51.52717	16.14506	163.397	123.202	2,384.2	1.8	0.12	-2.16	0.36	0.26
LES1	MUSE-LES1	2020-07-07 15:00:00.0	51.52717	16.14506	163.397	123.202	2,383.7	1.5	-1.33	-1.06	0.24	0.21
LES1	MUSE-LES1	2020-07-07 15:30:00.0	51.52717	16.14506	163.397	123.202	2,388.4	1.6	-1.82	-0.87	0.26	0.28
LES1	MUSE-LES1	2020-07-07 16:00:00.0	51.52717	16.14506	163.405	123.21	2,384	1.4	-1.11	-0.15	0.19	0.21
LES1	MUSE-LES1	2020-07-07 16:30:00.0	51.52717	16.14506	163.405	123.21	2,383.1	1.6	-0.49	-0.45	0.22	0.27
LES1	MUSE-LES1	2020-07-07 17:00:00.0	51.52717	16.14506	163.404	123.209	2,378.3	1.3	-0.42	0.32	0.2	0.25
LES1	MUSE-LES1	2020-07-07 17:30:00.0	51.52717	16.14506	163.404	123.209	2,381.2	1.4	-0.31	-0.04	0.21	0.28
LES1	MUSE-LES1	2020-07-07 18:00:00.0	51.52717	16.14506	163.4	123.205	2,377.3	1.4	-1.04	0.22	0.2	0.23
LES1	MUSE-LES1	2020-07-07 18:30:00.0	51.52717	16.14506	163.4	123.205	2,382	1.4	-1.2	0.31	0.19	0.21
LODZ	12226M001	2020-07-07 09:00:00.0	51.77872	19.45953	259.426	225.927	2,350	1.6	-0.37	-0.16	0.24	0.27
LODZ	12226M001	2020-07-07 09:30:00.0	51.77872	19.45953	259.426	225.927	2,345	1.5	0.02	0.52	0.23	0.21
LODZ	12226M001	2020-07-07 10:00:00.0	51.77872	19.45953	259.432	225.933	2,338.6	1.6	-0.67	-0.53	0.23	0.24
LODZ	12226M001	2020-07-07 13:00:00.0	51.77872	19.45953	259.435	225.936	2,355.7	1.4	-0.97	-0.08	0.21	0.19
LODZ	12226M001	2020-07-07 13:30:00.0	51.77872	19.45953	259.435	225.936	2,355.5	1.7	-1.01	0.17	0.26	0.26
LODZ	12226M001	2020-07-07 14:00:00.0	51.77872	19.45953	259.436	225.937	2,346.8	1.5	0.31	0.53	0.24	0.24
LODZ	12226M001	2020-07-07 14:30:00.0	51.77872	19.45953	259.436	225.937	2,344.9	1.8	0.43	-0.58	0.34	0.29
LODZ	12226M001	2020-07-07 15:00:00.0	51.77872	19.45953	259.434	225.935	2,342.9	1.3	-0.39	-0.39	0.21	0.17
LODZ	12226M001	2020-07-07 15:30:00.0	51.77872	19.45953	259.434	225.935	2,340.6	1.5	0.07	-0.04	0.21	0.26
LODZ	12226M001	2020-07-07 16:00:00.0	51.77872	19.45953	259.433	225.934	2,342.6	1.4	-0.71	-0.28	0.19	0.22
LODZ	12226M001	2020-07-07 16:30:00.0	51.77872	19.45953	259.433	225.934	2,338.5	1.6	-0.86	0.18	0.21	0.31
LODZ	12226M001	2020-07-07 17:00:00.0	51.77872	19.45953	259.43	225.931	2,342.6	1.1	-0.69	0.32	0.16	0.18
LODZ	12226M001	2020-07-07 17:30:00.0	51.77872	19.45953	259.43	225.931	2,339.9	1.1	-0.49	-0.01	0.14	0.17
LODZ	12226M001	2020-07-07 18:00:00.0	51.77872	19.45953	259.429	225.93	2,337.8	1.7	0.18	-0.25	0.28	0.29
LOMZ	12271M001	2020-07-07 09:00:00.0	53.174	22.08036	185.348	156.355	2,368.5	1.8	-0.79	2.82	0.25	0.28
LOMZ	12271M001	2020-07-07 09:30:00.0	53.174	22.08036	185.348	156.355	2,370	2.5	-0.88	2.65	0.34	0.34
LOMZ	12271M001	2020-07-07 10:00:00.0	53.174	22.08036	185.347	156.354	2,372.7	1.6	-0.73	2.05	0.24	0.23
LOMZ	12271M001	2020-07-07 10:30:00.0	53.174	22.08036	185.347	156.354	2,369.6	1.7	-0.71	1.99	0.23	0.27
LOMZ	12271M001	2020-07-07 11:00:00.0	53.174	22.08036	185.346	156.353	2,372	1.4	-0.52	0.64	0.25	0.19
LOMZ	12271M001	2020-07-07 11:30:00.0	53.174	22.08036	185.346	156.353	2,372.5	1.7	0.19	0.27	0.3	0.24
LOMZ	12271M001	2020-07-07 12:00:00.0	53.174	22.08036	185.349	156.356	2,370.5	1.5	-0.88	1.38	0.22	0.21
LOMZ	12271M001	2020-07-07 12:30:00.0	53.174	22.08036	185.349	156.356	2,368.2	1.3	-0.95	0.4	0.17	0.18
LOMZ	12271M001	2020-07-07 13:00:00.0	53.174	22.08036	185.349	156.356	2,380.8	1.2	-0.84	0.32	0.17	0.17
LOMZ	12271M001	2020-07-07 13:30:00.0	53.174	22.08036	185.349	156.356	2,374.4	1.5	-0.85	1.29	0.22	0.23
LOMZ	12271M001	2020-07-07 14:00:00.0	53.174	22.08036	185.348	156.355	2,366	1.3	0.14	0.76	0.22	0.2
LOMZ	12271M001	2020-07-07 14:30:00.0	53.174	22.08036	185.348	156.355	2,367.2	1.5	-0.19	1.12	0.29	0.23
LOMZ	12271M001	2020-07-07 15:00:00.0	53.174	22.08036	185.347	156.354	2,362.6	1.3	0.31	1	0.18	0.16
LOMZ	12271M001	2020-07-07 15:30:00.0	53.174	22.08036	185.347	156.354	2,364.9	1.4	0.87	1.46	0.18	0.22
LOMZ	12271M001	2020-07-07 16:00:00.0	53.174	22.08036	185.345	156.352	2,369.6	1.2	0.24	0.32	0.17	0.19
LOMZ	12271M001	2020-07-07 16:30:00.0	53.174	22.08036	185.345	156.352	2,375.2	1.4	0.33	0.19	0.18	0.28
LOMZ	12271M001	2020-07-07 17:00:00.0	53.174	22.08036	185.343	156.35	2,371	1.1	-0.46	0.62	0.16	0.18
LOMZ	12271M001	2020-07-07 17:30:00.0	53.174	22.08036	185.343	156.35	2,371.4	1	-0.75	-0.01	0.13	0.15
LOMZ	12271M001	2020-07-07 18:00:00.0	53.174	22.08036	185.343	156.35	2,363.4	1.1	-0.95	0.07	0.17	0.15
LOMZ	12271M001	2020-07-07 18:30:00.0	53.174	22.08036	185.343	156.35	2,365.8	1.1	-0.53	0.21	0.16	0.14
LUBL	12272M001	2020-07-07 09:00:00.0	51.25086	22.55472	242.188	210.378	2,400.4	1.4	-0.48	1.56	0.18	0.19
LUBL	12272M001	2020-07-07 09:30:00.0	51.25086	22.55472	242.188	210.378	2,397.4	1.5	-0.64	1.27	0.22	0.21
LUBL	12272M001	2020-07-07 10:00:00.0	51.25086	22.55472	242.202	210.392	2,383.5	1.2	-0.92	1.31	0.17	0.17
LUBL	12272M001	2020-07-07 10:30:00.0	51.25086	22.55472	242.202	210.392	2,385.5	1.5	-0.07	2.15	0.25	0.2
LUBL	12272M001	2020-07-07 11:00:00.0	51.25086	22.55472	242.192	210.382	2,389.3	1.2	-0.15	2.66	0.27	0.15
LUBL	12272M001	2020-07-07 11:30:00.0	51.25086	22.55472	242.192	210.382	2,377.9	1.7	-0.26	2.04	0.31	0.26
LUBL	12272M001	2020-07-07 12:00:00.0	51.25086	22.55472	242.188	210.378	2,373	1.5	-1.57	1.75	0.21	0.21
LUBL	12272M001	2020-07-07 12:30:00.0	51.25086	22.55472	242.188	210.378	2,364.4	1.3	-2	1.41	0.19	0.21
LUBL	12272M001	2020-07-07 13:00:00.0	51.25086	22.55472	242.194	210.384	2,367.5	1.3	0.33	0.12	0.2	0.17
LUBL	12272M001	2020-07-07 13:30:00.0	51.25086	22.55472	242.194	210.384	2,373.7	1.4	-0.38	1.71	0.21	0.23
LUBL	12272M001	2020-07-07 14:00:00.0	51.25086	22.55472	242.195	210.385	2,366.6	1.5	0.27	0.13	0.25	0.24
LUBL	12272M001	2020-07-07 14:30:00.0	51.25086	22.55472	242.195	210.385	2,365.6	1.9	-0.45	0.46	0.36	0.29
LUBL	12272M001	2020-07-07 15:00:00.0	51.25086	22.55472	242.188	210.378	2,358.9	1.7	-0.25	1.03	0.29	0.22
LUBL	12272M001	2020-07-07 15:30:00.0	51.25086	22.55472	242.188	210.378	2,361.6	1.9	-0.41	0.48	0.29	0.28
LUBL	12272M001	2020-07-07 16:00:00.0	51.25086	22.55472	242.193	210.383	2,355.6	1.2	-0.7	0.45	0.17	0.18
LUBL	12272M001	2020-07-07 16:30:00.0	51.25086	22.55472	242.193	210.383	2,358.6	1.4	-0.27	1.32	0.17	0.26
LUBL	12272M001	2020-07-07 17:00:00.0	51.25086	22.55472	242.195	210.385	2,354.4	1.4	-0.56	1.99	0.18	0.2
LUBL	12272M001	2020-07-07 17:30:00.0	51.25086	22.55472	242.195	210.385	2,349.8	1.3	-0.5	2	0.14	0.18
LUBL	12272M001	2020-07-07 18:00:00.0	51.25086	22.55472	242.196	210.386	2,343.1	1.3	-0.75	1.33	0.17	0.19
LUBL	12272M001	2020-07-07 18:30:00.0	51.25086	22.55472	242.196	210.386	2,345.3	1.7	-0.59	1.65	0.26	0.26
MET3	10503M010	2020-07-07 09:00:00.0	60.21744	24.3945	79.203	60.436	2,390.9	1.4	0.62	0.08	0.17	0.15
MET3	10503M010	2020-07-07 09:30:00.0	60.21744	24.3945	79.203	60.436	2,392.1	1.5	1	0.24	0.2	0.14
MET3	10503M010	2020-07-07 10:00:00.0	60.21744	24.3945	79.198	60.431	2,386.1	1.4	1.21	0.37	0.19	0.15
MET3	10503M010	2020-07-07 10:30:00.0	60.21744	24.3945	79.198	60.431	2,384.9	1.7	0.75	0.56	0.29	0.21
MET3	10503M010	2020-07-07 11:00:00.0	60.21744	24.3945	79.198	60.431	2,386.4	1.4	0.35	1.34	0.3	0.16
MET3	10503M010	2020-07-07 11:30:00.0	60.21744	24.3945	79.198	60.431	2,386.4	1.7	0.41	1.57	0.3	0.23
MET3	10503M010	2020-07-07 12:00:00.0	60.21744	24.3945	79.201	60.434	2,394.4	1.6	0.66	1.21	0.19	0.2
MET3	10503M010	2020-07-07 12:30:00.0	60.21744	24.3945	79.201	60.434	2,390.5	1.6	0.9	1.19	0.22	0.21
MET3	10503M010	2020-07-07 13:00:00.0	60.21744	24.3945	79.2	60.433	2,399.8	1.2	1	0.55	0.16	0.13
MET3	10503M010	2020-07-07 13:30:00.0	60.21744	24.3945	79.2	60.433	2,400.3	1.5	0.2	0.47	0.2	0.15
MET3	10503M010	2020-07-07 14:00:00.0	60.21744	24.3945	79.203	60.436	2,389.4	1.4	-0.55	0.49	0.21	0.15
MET3	10503M010	2020-07-07 14:30:00.0	60.21744	24.3945	79.203	60.436	2,391.1	1.5	-0.76	0.31	0.27	0.17
MET3	10503M010	2020-07-07 15:00:00.0	60.21744	24.3945	79.202	60.435	2,393.5	1.4	0.3	0.45	0.18	0.13
MET3	10503M010	2020-07-07 15:30:00.0	60.21744	24.3945	79.202	60.435	2,397.8	1.5	0.21	0.6	0.21	0.22
MET3	10503M010	2020-07-07 16:00:00.0	60.21744	24.3945	79.205	60.438	2,393.5	1.3	0.08	0.89	0.17	0.15
MET3	10503M010	2020-07-07 16:30:00.0	60.21744	24.3945	79.205	60.438	2,396.5	1.6	0.91	0.4	0.22	0.25
MET3	10503M010	2020-07-07 17:00:00.0	60.21744	24.3945	79.196	60.429	2,390.7	1.3	-0.23	1.27	0.2	0.21
MET3	10503M010	2020-07-07 17:30:00.0	60.21744	24.3945	79.196	60.429	2,389.6	1.4	0.06	0.52	0.21	0.21
MET3	10503M010	2020-07-07 18:00:00.0	60.21744	24.3945	79.199	60.432	2,387.5	1.2	0.38	0.34	0.19	0.16
MET3	10503M010	2020-07-07 18:30:00.0	60.21744	24.3945	79.199	60.432	2,386.5	1.2	0.26	0.4	0.19	0.13
MIEL	18967M001	2020-07-07 09:00:00.0	50.29119	21.438	224.538	188.513	2,386.2	1.4	0.06	1.95	0.18	0.19
MIEL	18967M001	2020-07-07 09:30:00.0	50.29119	21.438	224.538	188.513	2,374.4	1.4	-0.28	0.19	0.18	0.2
MIEL	18967M001	2020-07-07 10:00:00.0	50.29119	21.438	224.543	188.518	2,376	1.1	-0.38	0.16	0.14	0.15
MIEL	18967M001	2020-07-07 10:30:00.0	50.29119	21.438	224.543	188.518	2,374.8	1.4	-0.49	0.42	0.19	0.19
MIEL	18967M001	2020-07-07 11:00:00.0	50.29119	21.438	224.545	188.52	2,375.1	1.5	-0.92	1.64	0.28	0.2
MIEL	18967M001	2020-07-07 11:30:00.0	50.29119	21.438	224.545	188.52	2,368.3	2	-0.58	1.53	0.38	0.27
MIEL	18967M001	2020-07-07 12:00:00.0	50.29119	21.438	224.539	188.514	2,382.2	1.5	-0.43	0.77	0.27	0.23
MIEL	18967M001	2020-07-07 12:30:00.0	50.29119	21.438	224.539	188.514	2,376.2	1.4	-0.9	0.33	0.19	0.21
MIEL	18967M001	2020-07-07 13:00:00.0	50.29119	21.438	224.543	188.518	2,375	1.1	-0.1	0.8	0.17	0.12
MIEL	18967M001	2020-07-07 13:30:00.0	50.29119	21.438	224.543	188.518	2,376.7	1.3	0.02	0.22	0.22	0.19
MIEL	18967M001	2020-07-07 14:00:00.0	50.29119	21.438	224.54	188.515	2,364.9	1.3	-0.53	0.65	0.23	0.2
MIEL	18967M001	2020-07-07 14:30:00.0	50.29119	21.438	224.54	188.515	2,371.4	1.5	-0.98	0.33	0.31	0.25
MIEL	18967M001	2020-07-07 15:00:00.0	50.29119	21.438	224.537	188.512	2,368.3	1.5	-1.4	1.01	0.25	0.17
MIEL	18967M001	2020-07-07 15:30:00.0	50.29119	21.438	224.537	188.512	2,372.8	1.7	-0.54	0.43	0.22	0.22
MIEL	18967M001	2020-07-07 16:00:00.0	50.29119	21.438	224.543	188.518	2,369.6	1.2	-0.57	-0.09	0.16	0.18
MIEL	18967M001	2020-07-07 16:30:00.0	50.29119	21.438	224.543	188.518	2,372.3	1.3	-0.31	-0.14	0.17	0.26
MIEL	18967M001	2020-07-07 17:00:00.0	50.29119	21.438	224.538	188.513	2,367.8	1.2	-0.86	0.83	0.18	0.2
MIEL	18967M001	2020-07-07 17:30:00.0	50.29119	21.438	224.538	188.513	2,363.1	1.1	-0.49	0.84	0.15	0.18
MIEL	18967M001	2020-07-07 18:00:00.0	50.29119	21.438	224.54	188.515	2,355.5	1.2	-0.4	0.66	0.18	0.17
MIEL	18967M001	2020-07-07 18:30:00.0	50.29119	21.438	224.54	188.515	2,355.3	1.3	-0.83	0.89	0.2	0.18
MIEW	NDNT-MIEW	2020-07-07 09:00:00.0	50.36228	20.04022	336.587	297.591	2,339.2	1.3	-0.66	0	0.18	0.18
MIEW	NDNT-MIEW	2020-07-07 09:30:00.0	50.36228	20.04022	336.587	297.591	2,340.1	1.4	-0.37	-0.32	0.19	0.2
MIEW	NDNT-MIEW	2020-07-07 10:00:00.0	50.36228	20.04022	336.587	297.591	2,340.6	1.1	0.34	-0.87	0.14	0.15
MIEW	NDNT-MIEW	2020-07-07 10:30:00.0	50.36228	20.04022	336.587	297.591	2,344.3	1.5	0.38	-0.52	0.23	0.2
MIEW	NDNT-MIEW	2020-07-07 11:00:00.0	50.36228	20.04022	336.587	297.591	2,343	1.2	-0.35	0.65	0.24	0.14
MIEW	NDNT-MIEW	2020-07-07 11:30:00.0	50.36228	20.04022	336.587	297.591	2,346.3	1.6	-0.21	-0.56	0.31	0.2
MIEW	NDNT-MIEW	2020-07-07 12:00:00.0	50.36228	20.04022	336.588	297.592	2,343.2	1.3	-0.48	0.13	0.2	0.15
MIEW	NDNT-MIEW	2020-07-07 12:30:00.0	50.36228	20.04022	336.588	297.592	2,342.9	1.2	-0.43	0.74	0.15	0.18
MIEW	NDNT-MIEW	2020-07-07 13:00:00.0	50.36228	20.04022	336.584	297.588	2,342.3	1.1	0.01	-0.01	0.15	0.13
MIEW	NDNT-MIEW	2020-07-07 13:30:00.0	50.36228	20.04022	336.584	297.588	2,339.6	1.4	-0.9	0.37	0.18	0.2
MIEW	NDNT-MIEW	2020-07-07 14:00:00.0	50.36228	20.04022	336.591	297.595	2,329.1	1.1	-0.35	-0.38	0.17	0.18
MIEW	NDNT-MIEW	2020-07-07 14:30:00.0	50.36228	20.04022	336.591	297.595	2,330.6	1.4	-0.34	-0.47	0.27	0.23
MIEW	NDNT-MIEW	2020-07-07 15:00:00.0	50.36228	20.04022	336.591	297.595	2,328.9	1.2	0.01	-0.75	0.19	0.16
MIEW	NDNT-MIEW	2020-07-07 15:30:00.0	50.36228	20.04022	336.591	297.595	2,326.6	1.3	0	-0.4	0.21	0.21
MIEW	NDNT-MIEW	2020-07-07 16:00:00.0	50.36228	20.04022	336.592	297.596	2,330	1.2	-0.35	-0.18	0.16	0.16
MIEW	NDNT-MIEW	2020-07-07 16:30:00.0	50.36228	20.04022	336.592	297.596	2,333.3	1.3	-0.68	-0.51	0.16	0.2
MIEW	NDNT-MIEW	2020-07-07 17:00:00.0	50.36228	20.04022	336.594	297.598	2,329.9	1.1	0.21	-0.4	0.16	0.17
MIEW	NDNT-MIEW	2020-07-07 17:30:00.0	50.36228	20.04022	336.594	297.598	2,329.3	1	0.34	-0.34	0.14	0.16
MIEW	NDNT-MIEW	2020-07-07 18:00:00.0	50.36228	20.04022	336.591	297.595	2,331.5	1.1	0.45	0.73	0.18	0.15
MIEW	NDNT-MIEW	2020-07-07 18:30:00.0	50.36228	20.04022	336.591	297.595	2,321.7	1.1	0.5	0.43	0.17	0.15
MIKL	12335M001	2020-07-07 09:00:00.0	46.97278	31.97283	93.954	68.563	2,438.8	1.3	1.34	-1.72	0.13	0.16
MIKL	12335M001	2020-07-07 09:30:00.0	46.97278	31.97283	93.954	68.563	2,450.7	1.4	2.05	-1.1	0.19	0.2
MIKL	12335M001	2020-07-07 10:00:00.0	46.97278	31.97283	93.956	68.565	2,437.7	1.2	0.83	-1.25	0.14	0.13
MIKL	12335M001	2020-07-07 10:30:00.0	46.97278	31.97283	93.956	68.565	2,442	1.5	0.59	-1.99	0.2	0.22
MIKL	12335M001	2020-07-07 11:00:00.0	46.97278	31.97283	93.95	68.559	2,447.5	1.5	0.63	-1.2	0.25	0.2
MIKL	12335M001	2020-07-07 11:30:00.0	46.97278	31.97283	93.95	68.559	2,450.8	1.6	0.59	-1.09	0.24	0.21
MIKL	12335M001	2020-07-07 12:00:00.0	46.97278	31.97283	93.938	68.547	2,458.2	1.4	0.72	-1.8	0.18	0.21
MIKL	12335M001	2020-07-07 12:30:00.0	46.97278	31.97283	93.938	68.547	2,458.8	1.4	-2.06	-3.04	0.19	0.2
MIKL	12335M001	2020-07-07 13:00:00.0	46.97278	31.97283	93.958	68.567	2,456.1	1.5	-0.31	-1.43	0.17	0.2
MIKL	12335M001	2020-07-07 13:30:00.0	46.97278	31.97283	93.958	68.567	2,456	1.6	0.45	-0.36	0.22	0.21
MIKL	12335M001	2020-07-07 14:00:00.0	46.97278	31.97283	93.946	68.555	2,450.9	1.3	3.09	0.28	0.2	0.17
MIKL	12335M001	2020-07-07 14:30:00.0	46.97278	31.97283	93.946	68.555	2,475.4	1.5	3.08	-1.5	0.24	0.2
MIKL	12335M001	2020-07-07 15:00:00.0	46.97278	31.97283	93.941	68.55	2,461.1	1.5	0.7	-0.86	0.19	0.19
MIKL	12335M001	2020-07-07 15:30:00.0	46.97278	31.97283	93.941	68.55	2,471.4	1.7	2.22	0.13	0.19	0.25
MIKL	12335M001	2020-07-07 16:00:00.0	46.97278	31.97283	93.932	68.541	2,477.2	1.4	0.24	0.81	0.16	0.25
MIKL	12335M001	2020-07-07 16:30:00.0	46.97278	31.97283	93.932	68.541	2,475.8	1.5	1.04	-0.09	0.17	0.3
MIKL	12335M001	2020-07-07 17:00:00.0	46.97278	31.97283	93.929	68.538	2,482.5	1.3	2.39	0.11	0.19	0.19
MIKL	12335M001	2020-07-07 17:30:00.0	46.97278	31.97283	93.929	68.538	2,498.2	1.2	0.38	1.24	0.19	0.18
MIKL	12335M001	2020-07-07 18:00:00.0	46.97278	31.97283	93.945	68.554	2,485.9	1.1	-0.04	0.14	0.15	0.14
MIKL	12335M001	2020-07-07 18:30:00.0	46.97278	31.97283	93.945	68.554	2,492.1	1.1	0.69	-1.85	0.21	0.14
MIMA	12273M001	2020-07-07 09:00:00.0	52.18131	21.55925	200.73	170.139	2,370.9	1.1	-0.68	1.62	0.14	0.15
MIMA	12273M001	2020-07-07 09:30:00.0	52.18131	21.55925	200.73	170.139	2,368.6	1.2	-0.04	1.05	0.16	0.15
MIMA	12273M001	2020-07-07 10:00:00.0	52.18131	21.55925	200.728	170.137	2,371	1.1	-0.5	0.42	0.14	0.15
MIMA	12273M001	2020-07-07 10:30:00.0	52.18131	21.55925	200.728	170.137	2,372.5	1.4	-0.37	0.34	0.18	0.2
MIMA	12273M001	2020-07-07 11:00:00.0	52.18131	21.55925	200.731	170.14	2,375.3	1.2	-0.08	0.39	0.24	0.15
MIMA	12273M001	2020-07-07 11:30:00.0	52.18131	21.55925	200.731	170.14	2,369.2	1.5	-0.77	0.66	0.29	0.2
MIMA	12273M001	2020-07-07 12:00:00.0	52.18131	21.55925	200.727	170.136	2,366.8	1.4	-1.44	1.71	0.21	0.17
MIMA	12273M001	2020-07-07 12:30:00.0	52.18131	21.55925	200.727	170.136	2,364.6	1.2	-1.06	1.69	0.15	0.17
MIMA	12273M001	2020-07-07 13:00:00.0	52.18131	21.55925	200.726	170.135	2,368.1	1.2	-1.01	1.04	0.17	0.16
MIMA	12273M001	2020-07-07 13:30:00.0	52.18131	21.55925	200.726	170.135	2,371.2	1.4	-0.25	1.3	0.2	0.22
MIMA	12273M001	2020-07-07 14:00:00.0	52.18131	21.55925	200.728	170.137	2,366.5	1.3	0.5	1.16	0.22	0.21
MIMA	12273M001	2020-07-07 14:30:00.0	52.18131	21.55925	200.728	170.137	2,360	1.5	-1.14	1.26	0.29	0.24
MIMA	12273M001	2020-07-07 15:00:00.0	52.18131	21.55925	200.732	170.141	2,360.2	1.4	0.21	-0.25	0.2	0.19
MIMA	12273M001	2020-07-07 15:30:00.0	52.18131	21.55925	200.732	170.141	2,361.1	1.6	0.04	-0.11	0.21	0.28
MIMA	12273M001	2020-07-07 16:00:00.0	52.18131	21.55925	200.733	170.142	2,362.7	1.6	-0.55	0.9	0.2	0.27
MIMA	12273M001	2020-07-07 16:30:00.0	52.18131	21.55925	200.733	170.142	2,365.7	1.7	-1.02	0.59	0.22	0.33
MIMA	12273M001	2020-07-07 17:00:00.0	52.18131	21.55925	200.73	170.139	2,362.6	1.2	-1	0.82	0.17	0.19
MIMA	12273M001	2020-07-07 17:30:00.0	52.18131	21.55925	200.73	170.139	2,360.3	1.1	0.29	0.62	0.13	0.16
MIMA	12273M001	2020-07-07 18:00:00.0	52.18131	21.55925	200.723	170.132	2,358.1	1.1	0.39	1.01	0.17	0.16
MIMA	12273M001	2020-07-07 18:30:00.0	52.18131	21.55925	200.723	170.132	2,350.7	1.2	0.04	0.7	0.17	0.16
MLCN	12274M001	2020-07-07 09:00:00.0	50.06589	21.97169	271.998	236.829	2,400.5	1.2	0.1	-0.54	0.12	0.15
MLCN	12274M001	2020-07-07 09:30:00.0	50.06589	21.97169	271.998	236.829	2,399.9	1.4	-0.38	0.67	0.16	0.18
MLCN	12274M001	2020-07-07 10:00:00.0	50.06589	21.97169	272.005	236.836	2,380.6	1.2	-0.88	4.07	0.12	0.15
MLCN	12274M001	2020-07-07 10:30:00.0	50.06589	21.97169	272.005	236.836	2,367.2	1.6	-0.69	4.16	0.19	0.23
MLCN	12274M001	2020-07-07 11:00:00.0	50.06589	21.97169	271.992	236.823	2,367.1	1.4	-0.87	1.99	0.27	0.18
MLCN	12274M001	2020-07-07 11:30:00.0	50.06589	21.97169	271.992	236.823	2,367.4	1.6	-1.54	2.43	0.31	0.23
MLCN	12274M001	2020-07-07 12:00:00.0	50.06589	21.97169	271.99	236.821	2,367.1	1.5	-1.31	0.71	0.21	0.22
MLCN	12274M001	2020-07-07 12:30:00.0	50.06589	21.97169	271.99	236.821	2,367.6	1.4	-1.11	0.05	0.16	0.21
MLCN	12274M001	2020-07-07 13:00:00.0	50.06589	21.97169	271.991	236.822	2,367.8	1.3	-0.95	0.4	0.17	0.18
MLCN	12274M001	2020-07-07 13:30:00.0	50.06589	21.97169	271.991	236.822	2,363.8	1.5	-0.76	0.73	0.22	0.23
MLCN	12274M001	2020-07-07 14:00:00.0	50.06589	21.97169	271.99	236.821	2,363.5	1.5	-0.6	1.06	0.25	0.25
MLCN	12274M001	2020-07-07 14:30:00.0	50.06589	21.97169	271.99	236.821	2,371.6	2	-1.08	0.81	0.35	0.32
MLCN	12274M001	2020-07-07 15:00:00.0	50.06589	21.97169	271.984	236.815	2,364.7	1.4	-0.03	1.6	0.23	0.18
MLCN	12274M001	2020-07-07 15:30:00.0	50.06589	21.97169	271.984	236.815	2,357.5	1.5	0.07	1.34	0.19	0.22
MLCN	12274M001	2020-07-07 16:00:00.0	50.06589	21.97169	271.986	236.817	2,364.6	1.3	-0.14	0.74	0.17	0.18
MLCN	12274M001	2020-07-07 16:30:00.0	50.06589	21.97169	271.986	236.817	2,366.8	1.4	-0.26	1.4	0.18	0.27
MLCN	12274M001	2020-07-07 17:00:00.0	50.06589	21.97169	271.982	236.813	2,359.9	1.4	-1.1	0.56	0.19	0.22
MLCN	12274M001	2020-07-07 17:30:00.0	50.06589	21.97169	271.982	236.813	2,361	1.4	-0.7	0.62	0.17	0.24
MLCN	12274M001	2020-07-07 18:00:00.0	50.06589	21.97169	271.992	236.823	2,355.3	1.3	-1.01	0.28	0.16	0.17
MLCN	12274M001	2020-07-07 18:30:00.0	50.06589	21.97169	271.992	236.823	2,354.3	1.4	-0.92	0.49	0.19	0.18
MSZA	NDNT-MSZA	2020-07-07 09:00:00.0	49.67928	20.07031	440.901	400.327	2,313.6	1.3	0.24	-0.73	0.16	0.17
MSZA	NDNT-MSZA	2020-07-07 09:30:00.0	49.67928	20.07031	440.901	400.327	2,311.1	1.4	0.19	-0.14	0.2	0.19
MSZA	NDNT-MSZA	2020-07-07 10:00:00.0	49.67928	20.07031	440.904	400.33	2,305.6	1.1	0.03	0.43	0.16	0.17
MSZA	NDNT-MSZA	2020-07-07 10:30:00.0	49.67928	20.07031	440.904	400.33	2,306.9	1.4	0.08	-0.69	0.24	0.23
MSZA	NDNT-MSZA	2020-07-07 11:00:00.0	49.67928	20.07031	440.909	400.335	2,307.4	1.2	-0.39	-1.2	0.26	0.14
MSZA	NDNT-MSZA	2020-07-07 11:30:00.0	49.67928	20.07031	440.909	400.335	2,300.5	1.6	1.25	0.07	0.31	0.21
MSZA	NDNT-MSZA	2020-07-07 12:00:00.0	49.67928	20.07031	440.914	400.34	2,309.6	1.3	-0.57	-0.39	0.22	0.15
MSZA	NDNT-MSZA	2020-07-07 12:30:00.0	49.67928	20.07031	440.914	400.34	2,310.1	1.3	-0.03	0.59	0.18	0.18
MSZA	NDNT-MSZA	2020-07-07 13:00:00.0	49.67928	20.07031	440.912	400.338	2,322	1.3	-0.6	0.53	0.2	0.16
MSZA	NDNT-MSZA	2020-07-07 13:30:00.0	49.67928	20.07031	440.912	400.338	2,320.5	1.4	-0.43	0.5	0.21	0.23
MSZA	NDNT-MSZA	2020-07-07 14:00:00.0	49.67928	20.07031	440.92	400.346	2,306.4	1.1	-0.25	0.51	0.18	0.19
MSZA	NDNT-MSZA	2020-07-07 14:30:00.0	49.67928	20.07031	440.92	400.346	2,308	1.4	0.72	0.57	0.29	0.24
MSZA	NDNT-MSZA	2020-07-07 15:00:00.0	49.67928	20.07031	440.908	400.334	2,302.8	1.3	-0.08	0.53	0.2	0.16
MSZA	NDNT-MSZA	2020-07-07 15:30:00.0	49.67928	20.07031	440.908	400.334	2,297.4	1.3	0.18	1.17	0.17	0.21
MSZA	NDNT-MSZA	2020-07-07 16:00:00.0	49.67928	20.07031	440.901	400.327	2,305.8	1.2	-0.61	1.17	0.16	0.18
MSZA	NDNT-MSZA	2020-07-07 16:30:00.0	49.67928	20.07031	440.901	400.327	2,306.1	1.4	-1.8	0.63	0.2	0.25
MSZA	NDNT-MSZA	2020-07-07 17:00:00.0	49.67928	20.07031	440.898	400.324	2,307.8	1.2	-1.7	1.17	0.17	0.19
MSZA	NDNT-MSZA	2020-07-07 17:30:00.0	49.67928	20.07031	440.898	400.324	2,307.2	1.1	-0.79	1.42	0.14	0.18
MSZA	NDNT-MSZA	2020-07-07 18:00:00.0	49.67928	20.07031	440.901	400.327	2,310.7	1.2	-0.14	-0.02	0.16	0.17
MSZA	NDNT-MSZA	2020-07-07 18:30:00.0	49.67928	20.07031	440.901	400.327	2,304.9	1.3	-0.3	0.29	0.19	0.18
MYSZ	12275M001	2020-07-07 09:00:00.0	53.38653	21.34358	169.316	139.451	2,374.9	1.1	-0.37	0.18	0.14	0.14
MYSZ	12275M001	2020-07-07 09:30:00.0	53.38653	21.34358	169.316	139.451	2,369.1	1.2	0.3	-0.19	0.16	0.14
MYSZ	12275M001	2020-07-07 10:00:00.0	53.38653	21.34358	169.31	139.445	2,380.3	1.1	0.39	0.59	0.14	0.14
MYSZ	12275M001	2020-07-07 10:30:00.0	53.38653	21.34358	169.31	139.445	2,375.8	1.3	-0.7	0.15	0.15	0.18
MYSZ	12275M001	2020-07-07 11:00:00.0	53.38653	21.34358	169.309	139.444	2,373.5	1.4	0.52	0.16	0.24	0.17
MYSZ	12275M001	2020-07-07 11:30:00.0	53.38653	21.34358	169.309	139.444	2,377.4	1.6	0.09	1.21	0.29	0.23
MYSZ	12275M001	2020-07-07 12:00:00.0	53.38653	21.34358	169.31	139.445	2,375.3	1.4	0.07	0.31	0.21	0.2
MYSZ	12275M001	2020-07-07 12:30:00.0	53.38653	21.34358	169.31	139.445	2,380.9	1.3	-0.07	1.31	0.16	0.17
MYSZ	12275M001	2020-07-07 13:00:00.0	53.38653	21.34358	169.308	139.443	2,374.2	1	-0.86	0.73	0.13	0.13
MYSZ	12275M001	2020-07-07 13:30:00.0	53.38653	21.34358	169.308	139.443	2,379.4	1.2	-0.24	-0.9	0.15	0.18
MYSZ	12275M001	2020-07-07 14:00:00.0	53.38653	21.34358	169.307	139.442	2,371.5	1.3	0.2	0.34	0.22	0.19
MYSZ	12275M001	2020-07-07 14:30:00.0	53.38653	21.34358	169.307	139.442	2,372.7	1.5	0.29	0.53	0.28	0.23
MYSZ	12275M001	2020-07-07 15:00:00.0	53.38653	21.34358	169.312	139.447	2,369.4	1.3	0.24	0.44	0.18	0.16
MYSZ	12275M001	2020-07-07 15:30:00.0	53.38653	21.34358	169.312	139.447	2,369.5	1.4	-0.17	1.06	0.18	0.22
MYSZ	12275M001	2020-07-07 16:00:00.0	53.38653	21.34358	169.313	139.448	2,370.5	1.1	-0.43	-0.4	0.15	0.17
MYSZ	12275M001	2020-07-07 16:30:00.0	53.38653	21.34358	169.313	139.448	2,367.3	1.4	0.17	-0.35	0.17	0.27
MYSZ	12275M001	2020-07-07 17:00:00.0	53.38653	21.34358	169.313	139.448	2,371	1.1	-0.56	0.34	0.16	0.18
MYSZ	12275M001	2020-07-07 17:30:00.0	53.38653	21.34358	169.313	139.448	2,368.8	1	-0.38	0.17	0.12	0.15
MYSZ	12275M001	2020-07-07 18:00:00.0	53.38653	21.34358	169.321	139.456	2,377	1.1	-0.28	-1.23	0.16	0.15
MYSZ	12275M001	2020-07-07 18:30:00.0	53.38653	21.34358	169.321	139.456	2,374.5	1.1	0.28	-0.73	0.15	0.14
NODW	12276M001	2020-07-07 09:00:00.0	52.43108	20.71058	125.693	94.456	2,389.8	1.1	-0.6	0.67	0.14	0.15
NODW	12276M001	2020-07-07 09:30:00.0	52.43108	20.71058	125.693	94.456	2,384.1	1.2	-0.86	0.79	0.16	0.15
NODW	12276M001	2020-07-07 10:00:00.0	52.43108	20.71058	125.688	94.451	2,382.1	1.1	-0.82	0.76	0.14	0.15
NODW	12276M001	2020-07-07 10:30:00.0	52.43108	20.71058	125.688	94.451	2,383	1.3	-0.85	0.08	0.17	0.2
NODW	12276M001	2020-07-07 11:00:00.0	52.43108	20.71058	125.689	94.452	2,386.7	1.3	-0.86	-0.05	0.24	0.16
NODW	12276M001	2020-07-07 11:30:00.0	52.43108	20.71058	125.689	94.452	2,386.1	1.5	-0.36	0.61	0.29	0.2
NODW	12276M001	2020-07-07 12:00:00.0	52.43108	20.71058	125.691	94.454	2,391.2	1.1	0.04	1.49	0.15	0.12
NODW	12276M001	2020-07-07 12:30:00.0	52.43108	20.71058	125.691	94.454	2,387.3	1.1	-1.16	0.39	0.11	0.13
NODW	12276M001	2020-07-07 13:00:00.0	52.43108	20.71058	125.692	94.455	2,392	1	-0.53	-0.4	0.13	0.13
NODW	12276M001	2020-07-07 13:30:00.0	52.43108	20.71058	125.692	94.455	2,392.5	1.2	-0.55	0.87	0.16	0.19
NODW	12276M001	2020-07-07 14:00:00.0	52.43108	20.71058	125.693	94.456	2,380.5	1.1	-0.7	0.93	0.16	0.16
NODW	12276M001	2020-07-07 14:30:00.0	52.43108	20.71058	125.693	94.456	2,380.5	1.2	-1.34	2.24	0.25	0.2
NODW	12276M001	2020-07-07 15:00:00.0	52.43108	20.71058	125.698	94.461	2,375.7	1.1	0.44	1.35	0.16	0.13
NODW	12276M001	2020-07-07 15:30:00.0	52.43108	20.71058	125.698	94.461	2,375.7	1.2	-0.27	0.68	0.16	0.19
NODW	12276M001	2020-07-07 16:00:00.0	52.43108	20.71058	125.698	94.461	2,382.1	1	-0.42	-0.1	0.12	0.13
NODW	12276M001	2020-07-07 16:30:00.0	52.43108	20.71058	125.698	94.461	2,383.9	1.1	-1.07	0.93	0.13	0.2
NODW	12276M001	2020-07-07 17:00:00.0	52.43108	20.71058	125.698	94.461	2,381.2	1.7	-0.52	1.19	0.24	0.29
NODW	12276M001	2020-07-07 17:30:00.0	52.43108	20.71058	125.698	94.461	2,379.8	1.7	-0.17	0.76	0.23	0.29
NODW	12276M001	2020-07-07 18:00:00.0	52.43108	20.71058	125.701	94.464	2,384.4	1.4	0.27	0.08	0.2	0.21
NODW	12276M001	2020-07-07 18:30:00.0	52.43108	20.71058	125.701	94.464	2,384.5	1.4	-0.03	0.29	0.21	0.2
NTML	12277M001	2020-07-07 09:00:00.0	52.32081	16.11803	126.624	89.817	2,379.9	1.2	-0.45	-0.59	0.16	0.17
NTML	12277M001	2020-07-07 09:30:00.0	52.32081	16.11803	126.624	89.817	2,379.4	1.3	-0.19	-0.3	0.17	0.17
NTML	12277M001	2020-07-07 10:00:00.0	52.32081	16.11803	126.622	89.815	2,381.5	1.2	-0.57	-0.45	0.16	0.17
NTML	12277M001	2020-07-07 10:30:00.0	52.32081	16.11803	126.622	89.815	2,381	1.5	-0.62	-0.96	0.23	0.21
NTML	12277M001	2020-07-07 11:00:00.0	52.32081	16.11803	126.628	89.821	2,385.5	1.4	-0.16	-1.12	0.27	0.15
NTML	12277M001	2020-07-07 11:30:00.0	52.32081	16.11803	126.628	89.821	2,381.2	1.8	0.04	-0.47	0.33	0.23
NTML	12277M001	2020-07-07 12:00:00.0	52.32081	16.11803	126.632	89.825	2,380.9	1.5	-0.44	-0.18	0.22	0.18
NTML	12277M001	2020-07-07 12:30:00.0	52.32081	16.11803	126.632	89.825	2,382.7	1.5	-0.62	-0.72	0.23	0.19
NTML	12277M001	2020-07-07 13:00:00.0	52.32081	16.11803	126.633	89.826	2,389.8	1.2	-0.15	-1.07	0.17	0.16
NTML	12277M001	2020-07-07 13:30:00.0	52.32081	16.11803	126.633	89.826	2,383	1.4	-0.66	-0.7	0.21	0.23
NTML	12277M001	2020-07-07 14:00:00.0	52.32081	16.11803	126.627	89.82	2,387.2	1.3	0.02	-1.44	0.2	0.2
NTML	12277M001	2020-07-07 14:30:00.0	52.32081	16.11803	126.627	89.82	2,392.6	1.6	-0.22	-0.88	0.29	0.24
NTML	12277M001	2020-07-07 15:00:00.0	52.32081	16.11803	126.63	89.823	2,388.6	1.4	0.06	0.11	0.22	0.17
NTML	12277M001	2020-07-07 15:30:00.0	52.32081	16.11803	126.63	89.823	2,386.6	1.5	0.55	0.2	0.22	0.25
NTML	12277M001	2020-07-07 16:00:00.0	52.32081	16.11803	126.62	89.813	2,390.7	1.3	-0.1	-0.17	0.19	0.19
NTML	12277M001	2020-07-07 16:30:00.0	52.32081	16.11803	126.62	89.813	2,391.9	1.4	0.28	-0.51	0.22	0.24
NTML	12277M001	2020-07-07 17:00:00.0	52.32081	16.11803	126.623	89.816	2,385.9	1.2	0	-0.65	0.18	0.19
NTML	12277M001	2020-07-07 17:30:00.0	52.32081	16.11803	126.623	89.816	2,384.4	1.3	-0.38	-0.25	0.18	0.19
NTML	12277M001	2020-07-07 18:00:00.0	52.32081	16.11803	126.62	89.813	2,391.4	1.2	0.14	-1.28	0.17	0.17
NTML	12277M001	2020-07-07 18:30:00.0	52.32081	16.11803	126.62	89.813	2,389.1	1.2	-0.2	-0.22	0.16	0.18
NWSA	NDNT-NWSA	2020-07-07 09:00:00.0	49.63017	20.70711	338.699	299.639	2,343	1.1	0.13	0.36	0.14	0.15
NWSA	NDNT-NWSA	2020-07-07 09:30:00.0	49.63017	20.70711	338.699	299.639	2,346.4	1.2	-0.2	0.86	0.17	0.17
NWSA	NDNT-NWSA	2020-07-07 10:00:00.0	49.63017	20.70711	338.708	299.648	2,340.4	1.1	-0.11	-0.5	0.14	0.16
NWSA	NDNT-NWSA	2020-07-07 10:30:00.0	49.63017	20.70711	338.708	299.648	2,341.7	1.4	0.29	-0.33	0.23	0.22
NWSA	NDNT-NWSA	2020-07-07 11:00:00.0	49.63017	20.70711	338.698	299.638	2,343.4	1.3	-0.6	-0.12	0.25	0.15
NWSA	NDNT-NWSA	2020-07-07 11:30:00.0	49.63017	20.70711	338.698	299.638	2,340.1	1.7	-0.9	-0.19	0.34	0.22
NWSA	NDNT-NWSA	2020-07-07 12:00:00.0	49.63017	20.70711	338.696	299.636	2,342.4	1.4	-0.79	0.74	0.22	0.16
NWSA	NDNT-NWSA	2020-07-07 12:30:00.0	49.63017	20.70711	338.696	299.636	2,341.6	1.3	-1.23	0.15	0.16	0.19
NWSA	NDNT-NWSA	2020-07-07 13:00:00.0	49.63017	20.70711	338.7	299.64	2,350	1.2	-0.3	-0.13	0.17	0.16
NWSA	NDNT-NWSA	2020-07-07 13:30:00.0	49.63017	20.70711	338.7	299.64	2,348.1	1.3	-0.61	0.47	0.19	0.22
NWSA	NDNT-NWSA	2020-07-07 14:00:00.0	49.63017	20.70711	338.703	299.643	2,347.3	1.2	0.43	0.73	0.18	0.19
NWSA	NDNT-NWSA	2020-07-07 14:30:00.0	49.63017	20.70711	338.703	299.643	2,342.6	1.5	-0.91	0.33	0.3	0.25
NWSA	NDNT-NWSA	2020-07-07 15:00:00.0	49.63017	20.70711	338.7	299.64	2,342.5	1.4	-0.31	0.2	0.21	0.19
NWSA	NDNT-NWSA	2020-07-07 15:30:00.0	49.63017	20.70711	338.7	299.64	2,337.8	1.4	-0.09	0.39	0.18	0.22
NWSA	NDNT-NWSA	2020-07-07 16:00:00.0	49.63017	20.70711	338.71	299.65	2,342.5	1.1	-0.44	1.39	0.14	0.15
NWSA	NDNT-NWSA	2020-07-07 16:30:00.0	49.63017	20.70711	338.71	299.65	2,339	1.2	-0.6	0.7	0.15	0.2
NWSA	NDNT-NWSA	2020-07-07 17:00:00.0	49.63017	20.70711	338.706	299.646	2,333.4	1.2	-0.4	-0.12	0.17	0.18
NWSA	NDNT-NWSA	2020-07-07 17:30:00.0	49.63017	20.70711	338.706	299.646	2,333.7	1.1	-1.03	0.11	0.14	0.17
NWSA	NDNT-NWSA	2020-07-07 18:00:00.0	49.63017	20.70711	338.714	299.654	2,323.7	1.3	-0.49	0.76	0.17	0.18
NWSA	NDNT-NWSA	2020-07-07 18:30:00.0	49.63017	20.70711	338.714	299.654	2,328.6	1.3	-0.83	0.43	0.19	0.18
NWSC	12231M001	2020-07-07 09:00:00.0	49.61844	20.69003	334.757	295.604	2,342.3	1.4	0	0.53	0.19	0.2
NWSC	12231M001	2020-07-07 09:30:00.0	49.61844	20.69003	334.757	295.604	2,342.7	1.5	-0.2	1.29	0.21	0.22
NWSC	12231M001	2020-07-07 10:00:00.0	49.61844	20.69003	334.762	295.609	2,343.1	1.2	0.58	0.13	0.14	0.16
NWSC	12231M001	2020-07-07 10:30:00.0	49.61844	20.69003	334.762	295.609	2,335.9	1.5	-0.04	0.31	0.24	0.22
NWSC	12231M001	2020-07-07 11:00:00.0	49.61844	20.69003	334.753	295.6	2,341.1	1.4	0.79	0.02	0.27	0.17
NWSC	12231M001	2020-07-07 11:30:00.0	49.61844	20.69003	334.753	295.6	2,336.8	1.7	0.88	0.31	0.34	0.23
NWSC	12231M001	2020-07-07 12:00:00.0	49.61844	20.69003	334.746	295.593	2,340.8	1.4	-0.27	0.97	0.22	0.17
NWSC	12231M001	2020-07-07 12:30:00.0	49.61844	20.69003	334.746	295.593	2,340.4	1.3	-1.05	0.13	0.17	0.2
NWSC	12231M001	2020-07-07 13:00:00.0	49.61844	20.69003	334.749	295.596	2,346.9	1.3	-0.85	-0.59	0.2	0.17
NWSC	12231M001	2020-07-07 13:30:00.0	49.61844	20.69003	334.749	295.596	2,348.4	1.4	-0.64	-0.57	0.21	0.23
NWSC	12231M001	2020-07-07 14:00:00.0	49.61844	20.69003	334.746	295.593	2,346.5	1.2	0.67	1.67	0.19	0.2
NWSC	12231M001	2020-07-07 14:30:00.0	49.61844	20.69003	334.746	295.593	2,350.9	1.5	-0.55	0.22	0.32	0.26
NWSC	12231M001	2020-07-07 15:00:00.0	49.61844	20.69003	334.745	295.592	2,345	1.4	-0.01	-0.07	0.22	0.19
NWSC	12231M001	2020-07-07 15:30:00.0	49.61844	20.69003	334.745	295.592	2,334.4	1.4	-0.61	0.16	0.19	0.22
NWSC	12231M001	2020-07-07 16:00:00.0	49.61844	20.69003	334.753	295.6	2,339.8	1.1	-0.42	0.85	0.14	0.15
NWSC	12231M001	2020-07-07 16:30:00.0	49.61844	20.69003	334.753	295.6	2,336.7	1.3	-0.97	0.51	0.15	0.2
NWSC	12231M001	2020-07-07 17:00:00.0	49.61844	20.69003	334.756	295.603	2,333.4	1.2	-0.18	0.31	0.17	0.18
NWSC	12231M001	2020-07-07 17:30:00.0	49.61844	20.69003	334.756	295.603	2,332.7	1.1	-1.9	0.26	0.14	0.17
NWSC	12231M001	2020-07-07 18:00:00.0	49.61844	20.69003	334.754	295.601	2,316.4	1.4	-0.19	1.01	0.19	0.22
NWSC	12231M001	2020-07-07 18:30:00.0	49.61844	20.69003	334.754	295.601	2,320.9	1.4	-0.41	0.47	0.21	0.21
NWT1	12232M002	2020-07-07 09:00:00.0	49.47819	20.03444	654.91	613.654	2,245	1.3	-0.48	0.36	0.16	0.17
NWT1	12232M002	2020-07-07 09:30:00.0	49.47819	20.03444	654.91	613.654	2,245.9	1.4	-0.9	-0.13	0.19	0.19
NWT1	12232M002	2020-07-07 10:00:00.0	49.47819	20.03444	654.913	613.657	2,245.9	1.1	-0.53	-1.22	0.15	0.16
NWT1	12232M002	2020-07-07 10:30:00.0	49.47819	20.03444	654.913	613.657	2,249.2	1.7	0.1	-0.93	0.22	0.23
NWT1	12232M002	2020-07-07 11:00:00.0	49.47819	20.03444	654.925	613.669	2,233.8	1.3	0.04	0.14	0.24	0.14
NWT1	12232M002	2020-07-07 11:30:00.0	49.47819	20.03444	654.925	613.669	2,241.1	1.6	-0.83	1.3	0.31	0.21
NWT1	12232M002	2020-07-07 12:00:00.0	49.47819	20.03444	654.918	613.662	2,251.7	1.4	-1.11	0.38	0.21	0.18
NWT1	12232M002	2020-07-07 12:30:00.0	49.47819	20.03444	654.918	613.662	2,249.7	1.2	-0.84	0.51	0.16	0.18
NWT1	12232M002	2020-07-07 13:00:00.0	49.47819	20.03444	654.917	613.661	2,249.2	1.2	-0.02	0.29	0.15	0.14
NWT1	12232M002	2020-07-07 13:30:00.0	49.47819	20.03444	654.917	613.661	2,255.7	1.4	-0.15	0.08	0.18	0.2
NWT1	12232M002	2020-07-07 14:00:00.0	49.47819	20.03444	654.921	613.665	2,244.8	1.2	-0.64	-0.47	0.17	0.2
NWT1	12232M002	2020-07-07 14:30:00.0	49.47819	20.03444	654.921	613.665	2,250.7	1.7	-0.53	-0.62	0.29	0.28
NWT1	12232M002	2020-07-07 15:00:00.0	49.47819	20.03444	654.914	613.658	2,242.8	1.3	-0.46	-1.1	0.21	0.19
NWT1	12232M002	2020-07-07 15:30:00.0	49.47819	20.03444	654.914	613.658	2,243.4	1.3	-0.54	-0.67	0.18	0.23
NWT1	12232M002	2020-07-07 16:00:00.0	49.47819	20.03444	654.914	613.658	2,237.4	1.1	-1.24	-0.35	0.15	0.16
NWT1	12232M002	2020-07-07 16:30:00.0	49.47819	20.03444	654.914	613.658	2,240	1.3	-0.9	0.04	0.16	0.23
NWT1	12232M002	2020-07-07 17:00:00.0	49.47819	20.03444	654.907	613.651	2,243.2	1.3	-2.06	-0.38	0.18	0.2
NWT1	12232M002	2020-07-07 17:30:00.0	49.47819	20.03444	654.907	613.651	2,244.6	1.2	-1.76	-0.1	0.16	0.22
NWT1	12232M002	2020-07-07 18:00:00.0	49.47819	20.03444	654.916	613.66	2,243.6	1.1	-1.31	-1.25	0.15	0.16
NWT1	12232M002	2020-07-07 18:30:00.0	49.47819	20.03444	654.916	613.66	2,247.6	1.3	-1.34	-0.08	0.19	0.18
NYSA	12278M001	2020-07-07 09:00:00.0	50.47769	17.33375	250.599	208.669	2,368.1	1.2	-0.78	-0.54	0.15	0.16
NYSA	12278M001	2020-07-07 09:30:00.0	50.47769	17.33375	250.599	208.669	2,366.9	1.2	-0.42	-0.46	0.16	0.16
NYSA	12278M001	2020-07-07 10:00:00.0	50.47769	17.33375	250.601	208.671	2,365.7	1.2	0.14	-0.5	0.14	0.15
NYSA	12278M001	2020-07-07 10:30:00.0	50.47769	17.33375	250.601	208.671	2,367.7	1.3	-0.05	-0.58	0.2	0.19
NYSA	12278M001	2020-07-07 11:00:00.0	50.47769	17.33375	250.605	208.675	2,364.3	1.3	-0.22	-0.56	0.25	0.13
NYSA	12278M001	2020-07-07 11:30:00.0	50.47769	17.33375	250.605	208.675	2,365.7	1.8	-1.19	-0.7	0.31	0.22
NYSA	12278M001	2020-07-07 12:00:00.0	50.47769	17.33375	250.605	208.675	2,365.1	1.4	-1.34	-0.6	0.2	0.17
NYSA	12278M001	2020-07-07 12:30:00.0	50.47769	17.33375	250.605	208.675	2,369.1	1.3	-1.18	-0.61	0.14	0.16
NYSA	12278M001	2020-07-07 13:00:00.0	50.47769	17.33375	250.607	208.677	2,368.2	1.2	-1.33	-0.85	0.14	0.16
NYSA	12278M001	2020-07-07 13:30:00.0	50.47769	17.33375	250.607	208.677	2,367.8	1.4	-0.16	-1.24	0.19	0.21
NYSA	12278M001	2020-07-07 14:00:00.0	50.47769	17.33375	250.607	208.677	2,367.5	1.2	-1.88	-0.46	0.19	0.2
NYSA	12278M001	2020-07-07 14:30:00.0	50.47769	17.33375	250.607	208.677	2,364.8	1.5	-1.48	-0.69	0.28	0.25
NYSA	12278M001	2020-07-07 15:00:00.0	50.47769	17.33375	250.609	208.679	2,362	1.4	-0.16	-0.95	0.23	0.17
NYSA	12278M001	2020-07-07 15:30:00.0	50.47769	17.33375	250.609	208.679	2,362.4	1.5	-0.53	-0.36	0.2	0.24
NYSA	12278M001	2020-07-07 16:00:00.0	50.47769	17.33375	250.613	208.683	2,361.8	1.3	-1.33	-0.19	0.17	0.17
NYSA	12278M001	2020-07-07 16:30:00.0	50.47769	17.33375	250.613	208.683	2,360.7	1.4	-1.57	-0.6	0.17	0.24
NYSA	12278M001	2020-07-07 17:00:00.0	50.47769	17.33375	250.614	208.684	2,362.3	1.2	-1.17	-1.01	0.17	0.18
NYSA	12278M001	2020-07-07 17:30:00.0	50.47769	17.33375	250.614	208.684	2,364.6	1.1	-0.59	-0.72	0.14	0.18
NYSA	12278M001	2020-07-07 18:00:00.0	50.47769	17.33375	250.613	208.683	2,359.9	1.1	-1.02	-0.15	0.15	0.16
NYSA	12278M001	2020-07-07 18:30:00.0	50.47769	17.33375	250.613	208.683	2,363	1.2	-1.16	-0.8	0.17	0.17
NYSN	NDNT-NYSN	2020-07-07 09:00:00.0	50.45656	17.34097	241.559	199.557	2,373.6	1.3	-0.06	-0.44	0.19	0.19
NYSN	NDNT-NYSN	2020-07-07 09:30:00.0	50.45656	17.34097	241.559	199.557	2,372.9	1.3	0.09	0.13	0.17	0.18
NYSN	NDNT-NYSN	2020-07-07 10:00:00.0	50.45656	17.34097	241.564	199.562	2,372.6	1.2	0.22	-0.82	0.15	0.17
NYSN	NDNT-NYSN	2020-07-07 10:30:00.0	50.45656	17.34097	241.564	199.562	2,370	1.5	0.35	-0.56	0.23	0.23
NYSN	NDNT-NYSN	2020-07-07 11:00:00.0	50.45656	17.34097	241.568	199.566	2,370.8	1.4	-0.28	-0.42	0.27	0.16
NYSN	NDNT-NYSN	2020-07-07 11:30:00.0	50.45656	17.34097	241.568	199.566	2,376.8	1.8	0	-0.96	0.32	0.24
NYSN	NDNT-NYSN	2020-07-07 12:00:00.0	50.45656	17.34097	241.567	199.565	2,371	1.5	-0.91	-1.5	0.23	0.22
NYSN	NDNT-NYSN	2020-07-07 12:30:00.0	50.45656	17.34097	241.567	199.565	2,373.4	1.6	-0.7	-1.28	0.19	0.24
NYSN	NDNT-NYSN	2020-07-07 13:00:00.0	50.45656	17.34097	241.571	199.569	2,371.1	1.3	-1.2	-0.14	0.15	0.23
NYSN	NDNT-NYSN	2020-07-07 13:30:00.0	50.45656	17.34097	241.571	199.569	2,371.5	1.7	-0.97	-0.19	0.29	0.32
NYSN	NDNT-NYSN	2020-07-07 14:00:00.0	50.45656	17.34097	241.574	199.572	2,374.3	1.3	-1.15	-0.22	0.26	0.23
NYSN	NDNT-NYSN	2020-07-07 14:30:00.0	50.45656	17.34097	241.574	199.572	2,372.7	1.7	-0.96	-0.18	0.36	0.28
NYSN	NDNT-NYSN	2020-07-07 15:00:00.0	50.45656	17.34097	241.573	199.571	2,362.9	1.6	-0.96	-0.51	0.25	0.26
NYSN	NDNT-NYSN	2020-07-07 15:30:00.0	50.45656	17.34097	241.573	199.571	2,367.6	1.6	-0.68	-0.3	0.22	0.32
NYSN	NDNT-NYSN	2020-07-07 16:00:00.0	50.45656	17.34097	241.576	199.574	2,363.6	1.4	-1.32	-0.16	0.18	0.22
NYSN	NDNT-NYSN	2020-07-07 16:30:00.0	50.45656	17.34097	241.576	199.574	2,362.1	1.4	-1.48	-0.31	0.18	0.28
NYSN	NDNT-NYSN	2020-07-07 17:00:00.0	50.45656	17.34097	241.58	199.578	2,364.5	1.2	-0.25	-0.46	0.18	0.19
NYSN	NDNT-NYSN	2020-07-07 17:30:00.0	50.45656	17.34097	241.58	199.578	2,367.7	1.3	-0.09	-0.73	0.19	0.19
NYSN	NDNT-NYSN	2020-07-07 18:00:00.0	50.45656	17.34097	241.575	199.573	2,365	1.3	-0.16	-0.14	0.19	0.2
NYSN	NDNT-NYSN	2020-07-07 18:30:00.0	50.45656	17.34097	241.575	199.573	2,366.4	1.3	-0.63	-0.16	0.18	0.19
OPLE	12283M001	2020-07-07 09:00:00.0	50.66761	17.91936	225.903	185.452	2,367.2	1.2	-0.47	-0.62	0.16	0.16
OPLE	12283M001	2020-07-07 09:30:00.0	50.66761	17.91936	225.903	185.452	2,367.5	1.2	-0.27	-0.76	0.16	0.16
OPLE	12283M001	2020-07-07 10:00:00.0	50.66761	17.91936	225.907	185.456	2,371.7	1.2	-0.47	-0.18	0.15	0.17
OPLE	12283M001	2020-07-07 10:30:00.0	50.66761	17.91936	225.907	185.456	2,368.6	1.4	-0.29	-0.19	0.2	0.19
OPLE	12283M001	2020-07-07 11:00:00.0	50.66761	17.91936	225.908	185.457	2,369.4	1.2	-0.88	-0.58	0.25	0.13
OPLE	12283M001	2020-07-07 11:30:00.0	50.66761	17.91936	225.908	185.457	2,371.7	1.6	-0.87	-0.36	0.3	0.21
OPLE	12283M001	2020-07-07 12:00:00.0	50.66761	17.91936	225.911	185.46	2,368.4	1.4	-0.65	0.14	0.21	0.16
OPLE	12283M001	2020-07-07 12:30:00.0	50.66761	17.91936	225.911	185.46	2,367.2	1.4	-0.76	0.33	0.19	0.19
OPLE	12283M001	2020-07-07 13:00:00.0	50.66761	17.91936	225.914	185.463	2,373.7	1.2	-0.73	-0.43	0.14	0.14
OPLE	12283M001	2020-07-07 13:30:00.0	50.66761	17.91936	225.914	185.463	2,372.1	1.3	-1.4	-0.55	0.17	0.19
OPLE	12283M001	2020-07-07 14:00:00.0	50.66761	17.91936	225.914	185.463	2,363.1	1.2	-1.75	0.6	0.18	0.2
OPLE	12283M001	2020-07-07 14:30:00.0	50.66761	17.91936	225.914	185.463	2,355.2	1.5	-0.98	1.33	0.28	0.25
OPLE	12283M001	2020-07-07 15:00:00.0	50.66761	17.91936	225.912	185.461	2,360	1.4	0.4	-0.08	0.26	0.19
OPLE	12283M001	2020-07-07 15:30:00.0	50.66761	17.91936	225.912	185.461	2,362.4	1.5	0.13	0.13	0.27	0.25
OPLE	12283M001	2020-07-07 16:00:00.0	50.66761	17.91936	225.913	185.462	2,362.8	1.1	-1.5	-0.53	0.13	0.12
OPLE	12283M001	2020-07-07 16:30:00.0	50.66761	17.91936	225.913	185.462	2,365.9	1.1	-0.55	0.1	0.13	0.17
OPLE	12283M001	2020-07-07 17:00:00.0	50.66761	17.91936	225.917	185.466	2,363.9	1.2	-0.71	-0.42	0.18	0.2
OPLE	12283M001	2020-07-07 17:30:00.0	50.66761	17.91936	225.917	185.466	2,361.2	1.2	-0.93	0.01	0.22	0.23
OPLE	12283M001	2020-07-07 18:00:00.0	50.66761	17.91936	225.915	185.464	2,360.4	1.2	-0.55	-0.18	0.19	0.19
OPLE	12283M001	2020-07-07 18:30:00.0	50.66761	17.91936	225.915	185.464	2,356.1	1.3	-0.76	-0.04	0.19	0.19
OPNT	12203M003	2020-07-07 09:00:00.0	53.76369	20.51817	171.847	142.078	2,364.3	1.7	-1.17	-0.12	0.3	0.25
OPNT	12203M003	2020-07-07 09:30:00.0	53.76369	20.51817	171.847	142.078	2,368.5	1.5	-1.32	-0.22	0.26	0.23
OPNT	12203M003	2020-07-07 10:00:00.0	53.76369	20.51817	171.844	142.075	2,366.6	1.3	-0.89	0.68	0.22	0.22
OPNT	12203M003	2020-07-07 10:30:00.0	53.76369	20.51817	171.844	142.075	2,375.2	1.7	-1.12	1.37	0.3	0.24
OPNT	12203M003	2020-07-07 11:00:00.0	53.76369	20.51817	171.845	142.076	2,370.2	2	-0.09	1.17	0.34	0.23
OPNT	12203M003	2020-07-07 11:30:00.0	53.76369	20.51817	171.845	142.076	2,360.9	2.3	-0.31	0.81	0.39	0.3
OPNT	12203M003	2020-07-07 12:00:00.0	53.76369	20.51817	171.851	142.082	2,366.7	2	0.38	1.93	0.35	0.32
OPNT	12203M003	2020-07-07 12:30:00.0	53.76369	20.51817	171.851	142.082	2,360.1	2.1	0.62	1.92	0.36	0.43
OPNT	12203M003	2020-07-07 13:00:00.0	53.76369	20.51817	171.848	142.079	2,369.1	1.9	0.44	1.28	0.26	0.39
OPNT	12203M003	2020-07-07 13:30:00.0	53.76369	20.51817	171.848	142.079	2,368.9	2.2	0.62	1.08	0.36	0.44
OPNT	12203M003	2020-07-07 14:00:00.0	53.76369	20.51817	171.853	142.084	2,361.7	1.9	1.51	0.03	0.39	0.33
OPNT	12203M003	2020-07-07 14:30:00.0	53.76369	20.51817	171.853	142.084	2,360.7	2.4	1.75	-0.02	0.45	0.44
OPNT	12203M003	2020-07-07 15:00:00.0	53.76369	20.51817	171.851	142.082	2,364.9	2.2	1.38	0.54	0.38	0.36
OPNT	12203M003	2020-07-07 15:30:00.0	53.76369	20.51817	171.851	142.082	2,373.2	2.5	0.94	0.23	0.42	0.47
OPNT	12203M003	2020-07-07 16:00:00.0	53.76369	20.51817	171.846	142.077	2,380.5	1.9	0.19	-0.81	0.3	0.29
OPNT	12203M003	2020-07-07 16:30:00.0	53.76369	20.51817	171.846	142.077	2,381.7	2	-0.42	-0.91	0.32	0.4
OPNT	12203M003	2020-07-07 17:00:00.0	53.76369	20.51817	171.842	142.073	2,384.2	1.6	0.34	-1.15	0.31	0.36
OPNT	12203M003	2020-07-07 17:30:00.0	53.76369	20.51817	171.842	142.073	2,382.9	1.5	0.65	-0.53	0.35	0.39
OPNT	12203M003	2020-07-07 18:00:00.0	53.76369	20.51817	171.849	142.08	2,381.4	1.4	0.43	-0.87	0.23	0.25
OPNT	12203M003	2020-07-07 18:30:00.0	53.76369	20.51817	171.849	142.08	2,380.9	1.3	-0.14	-0.74	0.2	0.2
OSMZ	12285M001	2020-07-07 09:00:00.0	52.80078	21.89169	166.327	137.132	2,371.6	1.2	-1.44	3.14	0.16	0.16
OSMZ	12285M001	2020-07-07 09:30:00.0	52.80078	21.89169	166.327	137.132	2,373.2	1.2	-0.19	2.51	0.17	0.17
OSMZ	12285M001	2020-07-07 10:00:00.0	52.80078	21.89169	166.326	137.131	2,384.5	1.1	1.02	1.04	0.15	0.17
OSMZ	12285M001	2020-07-07 10:30:00.0	52.80078	21.89169	166.326	137.131	2,377.2	1.6	-0.07	1.96	0.21	0.28
OSMZ	12285M001	2020-07-07 11:00:00.0	52.80078	21.89169	166.332	137.137	2,378	1.4	-0.93	1.26	0.28	0.18
OSMZ	12285M001	2020-07-07 11:30:00.0	52.80078	21.89169	166.332	137.137	2,372.1	1.6	-0.8	-0.72	0.31	0.23
OSMZ	12285M001	2020-07-07 12:00:00.0	52.80078	21.89169	166.318	137.123	2,380.1	1.5	0.08	-0.7	0.21	0.21
OSMZ	12285M001	2020-07-07 12:30:00.0	52.80078	21.89169	166.318	137.123	2,378.3	1.3	0.36	-0.19	0.16	0.19
OSMZ	12285M001	2020-07-07 13:00:00.0	52.80078	21.89169	166.304	137.109	2,384.8	1.3	-0.68	1.6	0.17	0.19
OSMZ	12285M001	2020-07-07 13:30:00.0	52.80078	21.89169	166.304	137.109	2,372.9	1.5	0.2	0.25	0.23	0.25
OSMZ	12285M001	2020-07-07 14:00:00.0	52.80078	21.89169	166.313	137.118	2,382.8	1.4	0.33	-0.38	0.25	0.22
OSMZ	12285M001	2020-07-07 14:30:00.0	52.80078	21.89169	166.313	137.118	2,366.4	1.6	1.9	-1.19	0.33	0.26
OSMZ	12285M001	2020-07-07 15:00:00.0	52.80078	21.89169	166.313	137.118	2,373.8	1.5	-0.2	0.4	0.22	0.23
OSMZ	12285M001	2020-07-07 15:30:00.0	52.80078	21.89169	166.313	137.118	2,366.8	1.6	-0.13	0.37	0.21	0.27
OSMZ	12285M001	2020-07-07 16:00:00.0	52.80078	21.89169	166.312	137.117	2,368.6	1.3	0.05	-0.57	0.18	0.2
OSMZ	12285M001	2020-07-07 16:30:00.0	52.80078	21.89169	166.312	137.117	2,364.5	1.4	1.38	-1.15	0.2	0.3
OSMZ	12285M001	2020-07-07 17:00:00.0	52.80078	21.89169	166.31	137.115	2,379.5	1.1	-0.35	0.49	0.17	0.19
OSMZ	12285M001	2020-07-07 17:30:00.0	52.80078	21.89169	166.31	137.115	2,370.8	1.1	-0.03	0.34	0.13	0.16
OSMZ	12285M001	2020-07-07 18:00:00.0	52.80078	21.89169	166.291	137.096	2,356.5	1.1	-0.56	0.93	0.18	0.16
OSMZ	12285M001	2020-07-07 18:30:00.0	52.80078	21.89169	166.291	137.096	2,367.7	1.1	1.73	0.93	0.18	0.15
OST3	NDNT-OSTR	2020-07-07 09:00:00.0	50.94231	21.38969	237.656	202.366	2,373.8	1.3	-0.06	1.35	0.17	0.18
OST3	NDNT-OSTR	2020-07-07 09:30:00.0	50.94231	21.38969	237.656	202.366	2,374.5	1.4	0.52	0.79	0.2	0.19
OST3	NDNT-OSTR	2020-07-07 10:00:00.0	50.94231	21.38969	237.66	202.37	2,374.4	1.1	-0.75	-0.47	0.14	0.15
OST3	NDNT-OSTR	2020-07-07 10:30:00.0	50.94231	21.38969	237.66	202.37	2,367.1	1.4	-0.96	0.66	0.2	0.2
OST3	NDNT-OSTR	2020-07-07 11:00:00.0	50.94231	21.38969	237.653	202.363	2,369.7	1.2	0.32	0.59	0.24	0.15
OST3	NDNT-OSTR	2020-07-07 11:30:00.0	50.94231	21.38969	237.653	202.363	2,376.5	1.6	1.49	0.37	0.3	0.22
OST3	NDNT-OSTR	2020-07-07 12:00:00.0	50.94231	21.38969	237.646	202.356	2,374.2	1.3	0.82	1.11	0.2	0.16
OST3	NDNT-OSTR	2020-07-07 12:30:00.0	50.94231	21.38969	237.646	202.356	2,376.3	1.3	0.47	0.46	0.15	0.19
OST3	NDNT-OSTR	2020-07-07 13:00:00.0	50.94231	21.38969	237.651	202.361	2,379.6	1.1	0.19	0.01	0.16	0.12
OST3	NDNT-OSTR	2020-07-07 13:30:00.0	50.94231	21.38969	237.651	202.361	2,378.9	1.2	-0.74	-0.44	0.16	0.19
OST3	NDNT-OSTR	2020-07-07 14:00:00.0	50.94231	21.38969	237.651	202.361	2,371.1	1.2	-1.4	-0.04	0.19	0.18
OST3	NDNT-OSTR	2020-07-07 14:30:00.0	50.94231	21.38969	237.651	202.361	2,368.6	1.5	-0.76	0.23	0.3	0.22
OST3	NDNT-OSTR	2020-07-07 15:00:00.0	50.94231	21.38969	237.65	202.36	2,358.5	1.4	-1.11	0.39	0.22	0.16
OST3	NDNT-OSTR	2020-07-07 15:30:00.0	50.94231	21.38969	237.65	202.36	2,358.4	1.4	-0.86	-0.19	0.18	0.19
OST3	NDNT-OSTR	2020-07-07 16:00:00.0	50.94231	21.38969	237.657	202.367	2,361.1	1.1	-0.89	0.8	0.14	0.14
OST3	NDNT-OSTR	2020-07-07 16:30:00.0	50.94231	21.38969	237.657	202.367	2,358.7	1.3	-0.82	0.62	0.15	0.2
OST3	NDNT-OSTR	2020-07-07 17:00:00.0	50.94231	21.38969	237.66	202.37	2,352.4	1.2	0.13	0.44	0.17	0.18
OST3	NDNT-OSTR	2020-07-07 17:30:00.0	50.94231	21.38969	237.66	202.37	2,357.8	1.1	-0.67	0.51	0.13	0.17
OST3	NDNT-OSTR	2020-07-07 18:00:00.0	50.94231	21.38969	237.655	202.365	2,353	1.1	-0.47	0.72	0.15	0.16
OST3	NDNT-OSTR	2020-07-07 18:30:00.0	50.94231	21.38969	237.655	202.365	2,349.7	1.2	-0.6	0.67	0.18	0.17
PAJE	NDNT-PAJE	2020-07-07 09:00:00.0	51.14675	19.00064	287.45	250.108	2,343.5	1.2	-0.6	0.06	0.17	0.16
PAJE	NDNT-PAJE	2020-07-07 09:30:00.0	51.14675	19.00064	287.45	250.108	2,343.5	1.2	-0.53	0.31	0.16	0.15
PAJE	NDNT-PAJE	2020-07-07 10:00:00.0	51.14675	19.00064	287.446	250.104	2,343.2	1.2	0.36	-0.84	0.16	0.17
PAJE	NDNT-PAJE	2020-07-07 10:30:00.0	51.14675	19.00064	287.446	250.104	2,345.8	1.4	-0.03	-0.38	0.2	0.2
PAJE	NDNT-PAJE	2020-07-07 11:00:00.0	51.14675	19.00064	287.445	250.103	2,346.1	1.2	-0.22	-0.56	0.26	0.14
PAJE	NDNT-PAJE	2020-07-07 11:30:00.0	51.14675	19.00064	287.445	250.103	2,349.3	1.6	0.07	-1.02	0.31	0.23
PAJE	NDNT-PAJE	2020-07-07 12:00:00.0	51.14675	19.00064	287.439	250.097	2,347.6	1.3	0.01	-0.15	0.19	0.18
PAJE	NDNT-PAJE	2020-07-07 12:30:00.0	51.14675	19.00064	287.439	250.097	2,354.2	1.2	-0.38	0.87	0.14	0.16
PAJE	NDNT-PAJE	2020-07-07 13:00:00.0	51.14675	19.00064	287.445	250.103	2,346.6	1.3	0.76	-0.48	0.17	0.22
PAJE	NDNT-PAJE	2020-07-07 13:30:00.0	51.14675	19.00064	287.445	250.103	2,348.1	1.6	0.94	0.06	0.29	0.31
PAJE	NDNT-PAJE	2020-07-07 14:00:00.0	51.14675	19.00064	287.444	250.102	2,341.9	1.3	0.21	-1.49	0.26	0.23
PAJE	NDNT-PAJE	2020-07-07 14:30:00.0	51.14675	19.00064	287.444	250.102	2,345.7	1.6	0.3	-0.87	0.34	0.27
PAJE	NDNT-PAJE	2020-07-07 15:00:00.0	51.14675	19.00064	287.444	250.102	2,341.5	1.6	0.49	-1.04	0.24	0.24
PAJE	NDNT-PAJE	2020-07-07 15:30:00.0	51.14675	19.00064	287.444	250.102	2,341	1.6	-0.12	-1.16	0.21	0.26
PAJE	NDNT-PAJE	2020-07-07 16:00:00.0	51.14675	19.00064	287.448	250.106	2,345.8	1.1	0.63	0.77	0.18	0.16
PAJE	NDNT-PAJE	2020-07-07 16:30:00.0	51.14675	19.00064	287.448	250.106	2,345.7	1.4	-0.23	0.47	0.17	0.27
PAJE	NDNT-PAJE	2020-07-07 17:00:00.0	51.14675	19.00064	287.445	250.103	2,343.1	1.2	0.89	0.81	0.18	0.21
PAJE	NDNT-PAJE	2020-07-07 17:30:00.0	51.14675	19.00064	287.445	250.103	2,340.7	1.1	0.02	0.73	0.18	0.21
PAJE	NDNT-PAJE	2020-07-07 18:00:00.0	51.14675	19.00064	287.441	250.099	2,335.8	1.2	-0.03	0.35	0.19	0.19
PAJE	NDNT-PAJE	2020-07-07 18:30:00.0	51.14675	19.00064	287.441	250.099	2,343	1.2	0.13	0.48	0.19	0.17
PES1	MUSE-PES1	2020-07-07 09:00:00.0	50.2915	18.99467	362.313	321.14	2,348.3	2.8	2.29	0.11	0.56	0.45
PES1	MUSE-PES1	2020-07-07 09:30:00.0	50.2915	18.99467	362.313	321.14	2,345	2.9	2.6	0.97	0.6	0.46
PES1	MUSE-PES1	2020-07-07 10:00:00.0	50.2915	18.99467	362.321	321.148	2,334.3	2.8	1.91	0.66	0.52	0.36
PES1	MUSE-PES1	2020-07-07 10:30:00.0	50.2915	18.99467	362.321	321.148	2,333.3	3.2	2.33	0.98	0.6	0.44
PES1	MUSE-PES1	2020-07-07 11:00:00.0	50.2915	18.99467	362.313	321.14	2,337	3.5	0.37	2.28	0.59	0.48
PES1	MUSE-PES1	2020-07-07 11:30:00.0	50.2915	18.99467	362.313	321.14	2,347.7	3.7	-0.36	1.25	0.61	0.54
PES1	MUSE-PES1	2020-07-07 12:00:00.0	50.2915	18.99467	362.311	321.138	2,356.2	3.2	-0.7	0.86	0.61	0.56
PES1	MUSE-PES1	2020-07-07 12:30:00.0	50.2915	18.99467	362.311	321.138	2,343.1	3.4	-0.66	0.85	0.65	0.6
PES1	MUSE-PES1	2020-07-07 13:00:00.0	50.2915	18.99467	362.286	321.113	2,363.1	2.9	2.01	-0.44	0.51	0.5
PES1	MUSE-PES1	2020-07-07 13:30:00.0	50.2915	18.99467	362.286	321.113	2,370.8	2.7	2.07	0.51	0.53	0.55
PES1	MUSE-PES1	2020-07-07 14:00:00.0	50.2915	18.99467	362.297	321.124	2,350.1	2.3	2.29	0.37	0.45	0.34
PES1	MUSE-PES1	2020-07-07 14:30:00.0	50.2915	18.99467	362.297	321.124	2,352.7	2.7	3	1.57	0.5	0.43
PES1	MUSE-PES1	2020-07-07 15:00:00.0	50.2915	18.99467	362.298	321.125	2,354.2	2.8	1.2	0.5	0.52	0.43
PES1	MUSE-PES1	2020-07-07 15:30:00.0	50.2915	18.99467	362.298	321.125	2,362.6	3.1	-0.02	-0.05	0.55	0.54
PES1	MUSE-PES1	2020-07-07 16:00:00.0	50.2915	18.99467	362.291	321.118	2,358.4	2.8	1.05	1.28	0.47	0.55
PES1	MUSE-PES1	2020-07-07 16:30:00.0	50.2915	18.99467	362.291	321.118	2,355	2.6	1.54	1.37	0.46	0.62
PES1	MUSE-PES1	2020-07-07 17:00:00.0	50.2915	18.99467	362.283	321.11	2,352.6	2.4	3.17	-1.81	0.4	0.62
PES1	MUSE-PES1	2020-07-07 17:30:00.0	50.2915	18.99467	362.283	321.11	2,356.1	2.3	3	-1.45	0.41	0.65
PES1	MUSE-PES1	2020-07-07 18:00:00.0	50.2915	18.99467	362.282	321.109	2,346.3	1.9	2.4	1.01	0.34	0.4
PES1	MUSE-PES1	2020-07-07 18:30:00.0	50.2915	18.99467	362.282	321.109	2,344.6	1.8	1.78	0.81	0.32	0.35
PITR	12287M001	2020-07-07 09:00:00.0	51.40167	19.69094	254.754	219.727	2,360.4	1.1	-0.23	0.41	0.14	0.15
PITR	12287M001	2020-07-07 09:30:00.0	51.40167	19.69094	254.754	219.727	2,357.1	1.2	-0.16	0.47	0.16	0.15
PITR	12287M001	2020-07-07 10:00:00.0	51.40167	19.69094	254.753	219.726	2,349.7	1.2	-0.59	0.65	0.16	0.16
PITR	12287M001	2020-07-07 10:30:00.0	51.40167	19.69094	254.753	219.726	2,346.5	1.5	-0.93	-0.1	0.26	0.22
PITR	12287M001	2020-07-07 11:00:00.0	51.40167	19.69094	254.755	219.728	2,344	1.5	-0.86	-0.24	0.27	0.19
PITR	12287M001	2020-07-07 11:30:00.0	51.40167	19.69094	254.755	219.728	2,345.6	1.7	-1.11	-0.28	0.32	0.26
PITR	12287M001	2020-07-07 12:00:00.0	51.40167	19.69094	254.756	219.729	2,353.4	1.4	0.44	0.4	0.21	0.18
PITR	12287M001	2020-07-07 12:30:00.0	51.40167	19.69094	254.756	219.729	2,352.7	1.3	0.12	1.09	0.19	0.2
PITR	12287M001	2020-07-07 13:00:00.0	51.40167	19.69094	254.752	219.725	2,355.1	1.2	-0.17	0.5	0.17	0.17
PITR	12287M001	2020-07-07 13:30:00.0	51.40167	19.69094	254.752	219.725	2,359.2	1.4	-0.61	0.77	0.22	0.24
PITR	12287M001	2020-07-07 14:00:00.0	51.40167	19.69094	254.753	219.726	2,347	1.2	-0.89	1.3	0.22	0.2
PITR	12287M001	2020-07-07 14:30:00.0	51.40167	19.69094	254.753	219.726	2,348.8	1.5	-1.03	1.21	0.32	0.26
PITR	12287M001	2020-07-07 15:00:00.0	51.40167	19.69094	254.755	219.728	2,342.3	1.6	-0.41	0.53	0.25	0.25
PITR	12287M001	2020-07-07 15:30:00.0	51.40167	19.69094	254.755	219.728	2,340.1	1.6	-1.52	0.16	0.25	0.32
PITR	12287M001	2020-07-07 16:00:00.0	51.40167	19.69094	254.755	219.728	2,347.6	1.2	-0.62	1.15	0.15	0.23
PITR	12287M001	2020-07-07 16:30:00.0	51.40167	19.69094	254.755	219.728	2,344.6	1.3	-0.75	1.89	0.17	0.27
PITR	12287M001	2020-07-07 17:00:00.0	51.40167	19.69094	254.759	219.732	2,344	1.1	-0.2	0.4	0.16	0.18
PITR	12287M001	2020-07-07 17:30:00.0	51.40167	19.69094	254.759	219.732	2,344.4	1	-0.74	0.74	0.13	0.17
PITR	12287M001	2020-07-07 18:00:00.0	51.40167	19.69094	254.772	219.745	2,337.8	1.1	-0.97	0.41	0.15	0.17
PITR	12287M001	2020-07-07 18:30:00.0	51.40167	19.69094	254.772	219.745	2,343.1	1.2	-0.7	0.42	0.17	0.19
POLV	12336M001	2020-07-07 09:00:00.0	49.60261	34.54294	178.425	160.158	2,427.7	1.4	-0.52	-2.42	0.12	0.18
POLV	12336M001	2020-07-07 09:30:00.0	49.60261	34.54294	178.425	160.158	2,428.6	1.5	0.1	-2.94	0.18	0.2
POLV	12336M001	2020-07-07 10:00:00.0	49.60261	34.54294	178.422	160.155	2,425.1	1.3	-0.1	-2.92	0.12	0.15
POLV	12336M001	2020-07-07 10:30:00.0	49.60261	34.54294	178.422	160.155	2,434.7	1.7	0.11	-3.12	0.21	0.24
POLV	12336M001	2020-07-07 11:00:00.0	49.60261	34.54294	178.419	160.152	2,427.3	1.6	-1.09	-1.95	0.25	0.23
POLV	12336M001	2020-07-07 11:30:00.0	49.60261	34.54294	178.419	160.152	2,425.6	1.6	-0.5	-2.78	0.25	0.24
POLV	12336M001	2020-07-07 12:00:00.0	49.60261	34.54294	178.42	160.153	2,431.6	1.5	-0.95	-1.87	0.18	0.24
POLV	12336M001	2020-07-07 12:30:00.0	49.60261	34.54294	178.42	160.153	2,434.4	1.5	-2.03	-0.92	0.15	0.21
POLV	12336M001	2020-07-07 13:00:00.0	49.60261	34.54294	178.426	160.159	2,450.9	1.5	-0.57	-1.36	0.17	0.21
POLV	12336M001	2020-07-07 13:30:00.0	49.60261	34.54294	178.426	160.159	2,448.7	1.8	-1.49	0.07	0.2	0.21
POLV	12336M001	2020-07-07 14:00:00.0	49.60261	34.54294	178.429	160.162	2,453.1	1.5	-1.96	-0.79	0.19	0.19
POLV	12336M001	2020-07-07 14:30:00.0	49.60261	34.54294	178.429	160.162	2,469.4	1.8	-3.78	1.84	0.29	0.22
POLV	12336M001	2020-07-07 15:00:00.0	49.60261	34.54294	178.426	160.159	2,489.5	2.2	-5.8	1.84	0.33	0.33
POLV	12336M001	2020-07-07 16:00:00.0	49.60261	34.54294	178.438	160.171	2,430	1.7	-2.38	3.45	0.2	0.29
POLV	12336M001	2020-07-07 16:30:00.0	49.60261	34.54294	178.438	160.171	2,422.6	1.7	-1.59	4.12	0.17	0.35
POLV	12336M001	2020-07-07 17:00:00.0	49.60261	34.54294	178.425	160.158	2,441.8	1.3	0.29	1.97	0.2	0.25
POLV	12336M001	2020-07-07 17:30:00.0	49.60261	34.54294	178.425	160.158	2,457.8	1.4	0.47	1.34	0.21	0.24
POLV	12336M001	2020-07-07 18:00:00.0	49.60261	34.54294	178.409	160.142	2,451.8	1.2	0.9	0.88	0.17	0.18
POLV	12336M001	2020-07-07 18:30:00.0	49.60261	34.54294	178.409	160.142	2,448.4	1.4	-0.73	-2.84	0.28	0.19
POZN	12206M001	2020-07-07 09:00:00.0	52.43006	16.93494	171.554	136.751	2,367.3	1.2	-1.05	-0.34	0.17	0.17
POZN	12206M001	2020-07-07 09:30:00.0	52.43006	16.93494	171.554	136.751	2,366.9	1.3	-0.67	-0.36	0.18	0.17
POZN	12206M001	2020-07-07 10:00:00.0	52.43006	16.93494	171.557	136.754	2,373.6	1.2	-0.85	-0.41	0.15	0.17
POZN	12206M001	2020-07-07 10:30:00.0	52.43006	16.93494	171.557	136.754	2,369.3	1.4	-1.36	0.44	0.17	0.19
POZN	12206M001	2020-07-07 11:00:00.0	52.43006	16.93494	171.557	136.754	2,372.5	1.7	-1.47	-0.57	0.3	0.2
POZN	12206M001	2020-07-07 11:30:00.0	52.43006	16.93494	171.557	136.754	2,370.2	2.2	-0.96	-0.84	0.35	0.29
POZN	12206M001	2020-07-07 12:00:00.0	52.43006	16.93494	171.56	136.757	2,368.8	1.5	-1.42	-0.49	0.22	0.19
POZN	12206M001	2020-07-07 12:30:00.0	52.43006	16.93494	171.56	136.757	2,372.1	1.4	-1.15	-0.48	0.2	0.17
POZN	12206M001	2020-07-07 13:00:00.0	52.43006	16.93494	171.562	136.759	2,377.7	1.3	-1.14	-0.67	0.19	0.16
POZN	12206M001	2020-07-07 13:30:00.0	52.43006	16.93494	171.562	136.759	2,375.6	1.4	-1.01	-0.93	0.22	0.25
POZN	12206M001	2020-07-07 14:00:00.0	52.43006	16.93494	171.564	136.761	2,370.1	1.3	-0.15	-1.17	0.2	0.2
POZN	12206M001	2020-07-07 14:30:00.0	52.43006	16.93494	171.564	136.761	2,373.1	1.5	-0.16	-0.65	0.28	0.24
POZN	12206M001	2020-07-07 15:00:00.0	52.43006	16.93494	171.563	136.76	2,376.9	1.4	-0.16	-0.56	0.22	0.19
POZN	12206M001	2020-07-07 15:30:00.0	52.43006	16.93494	171.563	136.76	2,379.3	1.6	0.42	0.26	0.22	0.28
POZN	12206M001	2020-07-07 16:00:00.0	52.43006	16.93494	171.561	136.758	2,374.9	1.5	-0.28	-0.4	0.21	0.22
POZN	12206M001	2020-07-07 16:30:00.0	52.43006	16.93494	171.561	136.758	2,374.7	1.7	-0.62	-0.59	0.24	0.3
POZN	12206M001	2020-07-07 17:00:00.0	52.43006	16.93494	171.56	136.757	2,373.7	1.2	-0.93	-0.01	0.17	0.18
POZN	12206M001	2020-07-07 17:30:00.0	52.43006	16.93494	171.56	136.757	2,371.3	1.2	-0.37	-0.33	0.17	0.18
POZN	12206M001	2020-07-07 18:00:00.0	52.43006	16.93494	171.558	136.755	2,370.8	1.2	0	-0.27	0.18	0.17
POZN	12206M001	2020-07-07 18:30:00.0	52.43006	16.93494	171.558	136.755	2,373.9	1.2	-0.6	-0.83	0.17	0.18
PPIL	12286M001	2020-07-07 09:00:00.0	53.15697	16.73828	121.743	88.197	2,372.3	1.2	0.14	-0.19	0.15	0.16
PPIL	12286M001	2020-07-07 09:30:00.0	53.15697	16.73828	121.743	88.197	2,374.9	1.4	-0.25	-0.43	0.18	0.17
PPIL	12286M001	2020-07-07 10:00:00.0	53.15697	16.73828	121.739	88.193	2,380.4	1.2	-0.49	-0.18	0.15	0.17
PPIL	12286M001	2020-07-07 10:30:00.0	53.15697	16.73828	121.739	88.193	2,383.7	1.4	-0.35	-0.4	0.18	0.2
PPIL	12286M001	2020-07-07 11:00:00.0	53.15697	16.73828	121.744	88.198	2,381.3	1.2	0.28	-0.91	0.22	0.12
PPIL	12286M001	2020-07-07 11:30:00.0	53.15697	16.73828	121.744	88.198	2,387.7	1.5	-0.55	-0.84	0.27	0.19
PPIL	12286M001	2020-07-07 12:00:00.0	53.15697	16.73828	121.745	88.199	2,389.4	1.5	-0.63	-0.03	0.2	0.18
PPIL	12286M001	2020-07-07 12:30:00.0	53.15697	16.73828	121.745	88.199	2,388.7	1.4	-0.69	0.35	0.2	0.16
PPIL	12286M001	2020-07-07 13:00:00.0	53.15697	16.73828	121.746	88.2	2,389.3	1.1	-0.38	0.38	0.17	0.13
PPIL	12286M001	2020-07-07 13:30:00.0	53.15697	16.73828	121.746	88.2	2,387.8	1.3	-0.18	-0.67	0.16	0.2
PPIL	12286M001	2020-07-07 14:00:00.0	53.15697	16.73828	121.743	88.197	2,388.4	1.3	-0.18	-0.39	0.2	0.2
PPIL	12286M001	2020-07-07 14:30:00.0	53.15697	16.73828	121.743	88.197	2,389.2	1.5	-0.03	-0.46	0.27	0.23
PPIL	12286M001	2020-07-07 15:00:00.0	53.15697	16.73828	121.746	88.2	2,386.1	1.3	-0.02	-0.19	0.18	0.17
PPIL	12286M001	2020-07-07 15:30:00.0	53.15697	16.73828	121.746	88.2	2,385.8	1.5	-0.3	-0.19	0.21	0.25
PPIL	12286M001	2020-07-07 16:00:00.0	53.15697	16.73828	121.742	88.196	2,389.8	1.3	-0.78	-0.58	0.17	0.18
PPIL	12286M001	2020-07-07 16:30:00.0	53.15697	16.73828	121.742	88.196	2,389.9	1.4	-0.3	-0.68	0.2	0.23
PPIL	12286M001	2020-07-07 17:00:00.0	53.15697	16.73828	121.744	88.198	2,389.6	1	-0.93	-0.37	0.13	0.15
PPIL	12286M001	2020-07-07 17:30:00.0	53.15697	16.73828	121.744	88.198	2,387.1	1	-0.58	-0.64	0.13	0.15
PPIL	12286M001	2020-07-07 18:00:00.0	53.15697	16.73828	121.742	88.196	2,390.1	1.2	-0.63	-0.49	0.16	0.17
PPIL	12286M001	2020-07-07 18:30:00.0	53.15697	16.73828	121.742	88.196	2,389.6	1.2	-0.48	-0.25	0.16	0.18
PROS	12233M001	2020-07-07 09:00:00.0	50.19175	20.2885	279.922	241.122	2,353.9	1.4	-0.4	0.39	0.18	0.19
PROS	12233M001	2020-07-07 09:30:00.0	50.19175	20.2885	279.922	241.122	2,357.1	1.9	-0.39	0.22	0.27	0.26
PROS	12233M001	2020-07-07 10:00:00.0	50.19175	20.2885	279.919	241.119	2,354.3	1.5	-1.25	1.32	0.22	0.23
PROS	12233M001	2020-07-07 10:30:00.0	50.19175	20.2885	279.919	241.119	2,356.8	1.6	-0.96	0.69	0.22	0.25
PROS	12233M001	2020-07-07 11:00:00.0	50.19175	20.2885	279.907	241.107	2,360.8	1.8	-0.43	0.73	0.3	0.23
PROS	12233M001	2020-07-07 11:30:00.0	50.19175	20.2885	279.907	241.107	2,361.1	2.5	-0.08	0.26	0.39	0.32
PROS	12233M001	2020-07-07 13:00:00.0	50.19175	20.2885	279.908	241.108	2,370.8	1.2	-0.18	0.66	0.19	0.15
PROS	12233M001	2020-07-07 13:30:00.0	50.19175	20.2885	279.908	241.108	2,366.6	1.4	-0.06	0.64	0.22	0.2
PROS	12233M001	2020-07-07 14:00:00.0	50.19175	20.2885	279.91	241.11	2,356.5	1.2	-0.45	-0.09	0.21	0.19
PROS	12233M001	2020-07-07 14:30:00.0	50.19175	20.2885	279.91	241.11	2,355.6	1.4	-0.29	-0.38	0.3	0.24
PROS	12233M001	2020-07-07 15:00:00.0	50.19175	20.2885	279.914	241.114	2,348.1	1.3	0.35	0.38	0.2	0.16
PROS	12233M001	2020-07-07 15:30:00.0	50.19175	20.2885	279.914	241.114	2,349.8	1.3	-0.38	0.35	0.18	0.21
PROS	12233M001	2020-07-07 16:00:00.0	50.19175	20.2885	279.916	241.116	2,346.5	1.5	-0.49	0.62	0.22	0.25
PROS	12233M001	2020-07-07 16:30:00.0	50.19175	20.2885	279.916	241.116	2,343.2	1.8	-1.26	0.86	0.24	0.31
PROS	12233M001	2020-07-07 17:00:00.0	50.19175	20.2885	279.919	241.119	2,347.7	1.3	-1.23	0.09	0.18	0.2
PROS	12233M001	2020-07-07 17:30:00.0	50.19175	20.2885	279.919	241.119	2,348.4	1.2	-0.99	0.03	0.16	0.21
PROS	12233M001	2020-07-07 18:00:00.0	50.19175	20.2885	279.921	241.121	2,346	1.1	-1.24	0.31	0.15	0.16
PROS	12233M001	2020-07-07 18:30:00.0	50.19175	20.2885	279.921	241.121	2,344.4	1.2	-0.83	0.11	0.18	0.16
RACI	NDNT-RACI	2020-07-07 09:00:00.0	50.07761	18.21494	242.636	200.434	2,363.1	1.2	-0.22	0.34	0.15	0.16
RACI	NDNT-RACI	2020-07-07 09:30:00.0	50.07761	18.21494	242.636	200.434	2,364.7	1.3	0.58	0.42	0.17	0.16
RACI	NDNT-RACI	2020-07-07 10:00:00.0	50.07761	18.21494	242.637	200.435	2,361.1	1.2	-0.1	0.07	0.14	0.15
RACI	NDNT-RACI	2020-07-07 10:30:00.0	50.07761	18.21494	242.637	200.435	2,359.5	1.4	-1.2	-0.22	0.22	0.19
RACI	NDNT-RACI	2020-07-07 11:00:00.0	50.07761	18.21494	242.642	200.44	2,367.2	1.3	-1.26	-1.2	0.25	0.13
RACI	NDNT-RACI	2020-07-07 11:30:00.0	50.07761	18.21494	242.642	200.44	2,365.1	1.7	-1.43	-0.13	0.3	0.22
RACI	NDNT-RACI	2020-07-07 12:00:00.0	50.07761	18.21494	242.646	200.444	2,366.4	1.5	-1.01	-0.2	0.23	0.19
RACI	NDNT-RACI	2020-07-07 12:30:00.0	50.07761	18.21494	242.646	200.444	2,364.1	1.4	-0.92	-0.74	0.18	0.19
RACI	NDNT-RACI	2020-07-07 13:00:00.0	50.07761	18.21494	242.644	200.442	2,372.6	1.2	-1	-0.57	0.16	0.15
RACI	NDNT-RACI	2020-07-07 13:30:00.0	50.07761	18.21494	242.644	200.442	2,368.9	1.3	-1.3	-0.97	0.18	0.21
RACI	NDNT-RACI	2020-07-07 14:00:00.0	50.07761	18.21494	242.641	200.439	2,370.9	1.2	-0.36	-1.21	0.21	0.2
RACI	NDNT-RACI	2020-07-07 14:30:00.0	50.07761	18.21494	242.641	200.439	2,371.1	1.6	1.75	-0.66	0.32	0.25
RACI	NDNT-RACI	2020-07-07 15:00:00.0	50.07761	18.21494	242.641	200.439	2,370.1	1.4	1.58	-0.02	0.23	0.19
RACI	NDNT-RACI	2020-07-07 15:30:00.0	50.07761	18.21494	242.641	200.439	2,366.8	1.5	0.78	0.04	0.2	0.24
RACI	NDNT-RACI	2020-07-07 16:00:00.0	50.07761	18.21494	242.635	200.433	2,366.5	1.7	-0.26	0.12	0.23	0.28
RACI	NDNT-RACI	2020-07-07 16:30:00.0	50.07761	18.21494	242.635	200.433	2,359.6	1.7	-0.3	-0.67	0.24	0.32
RACI	NDNT-RACI	2020-07-07 17:00:00.0	50.07761	18.21494	242.632	200.43	2,366.4	1.2	0.77	0.36	0.18	0.2
RACI	NDNT-RACI	2020-07-07 17:30:00.0	50.07761	18.21494	242.632	200.43	2,367.7	1.1	-0.03	0.09	0.15	0.2
RACI	NDNT-RACI	2020-07-07 18:00:00.0	50.07761	18.21494	242.632	200.43	2,368.9	1.2	-0.48	0.66	0.16	0.17
RACI	NDNT-RACI	2020-07-07 18:30:00.0	50.07761	18.21494	242.632	200.43	2,365.9	1.3	0.32	0.23	0.18	0.19
REDZ	12227M001	2020-07-07 09:00:00.0	54.47239	17.11753	108.273	76.787	2,382.4	1.9	0.07	-1.14	0.28	0.28
REDZ	12227M001	2020-07-07 09:30:00.0	54.47239	17.11753	108.273	76.787	2,389.9	1.8	-0.83	-1.68	0.28	0.23
REDZ	12227M001	2020-07-07 10:00:00.0	54.47239	17.11753	108.27	76.784	2,398.5	2.2	-1.2	-1.8	0.31	0.31
REDZ	12227M001	2020-07-07 13:00:00.0	54.47239	17.11753	108.288	76.802	2,403.8	1.4	-0.5	0	0.18	0.17
REDZ	12227M001	2020-07-07 13:30:00.0	54.47239	17.11753	108.288	76.802	2,399.5	1.5	-1.32	0.43	0.21	0.25
REDZ	12227M001	2020-07-07 14:00:00.0	54.47239	17.11753	108.277	76.791	2,394.2	1.4	-0.22	0.29	0.23	0.21
REDZ	12227M001	2020-07-07 14:30:00.0	54.47239	17.11753	108.277	76.791	2,394.9	1.6	-0.13	-0.58	0.3	0.25
REDZ	12227M001	2020-07-07 15:00:00.0	54.47239	17.11753	108.288	76.802	2,392.7	1.5	-0.07	-0.22	0.21	0.22
REDZ	12227M001	2020-07-07 15:30:00.0	54.47239	17.11753	108.288	76.802	2,390	1.6	-0.35	-0.21	0.23	0.3
REDZ	12227M001	2020-07-07 16:00:00.0	54.47239	17.11753	108.283	76.797	2,393.1	1.3	-1.19	-0.06	0.17	0.18
REDZ	12227M001	2020-07-07 16:30:00.0	54.47239	17.11753	108.283	76.797	2,391.4	1.5	-1.27	-0.5	0.2	0.25
REDZ	12227M001	2020-07-07 17:00:00.0	54.47239	17.11753	108.282	76.796	2,388.8	1.2	-0.67	-0.77	0.17	0.2
REDZ	12227M001	2020-07-07 17:30:00.0	54.47239	17.11753	108.282	76.796	2,390.7	1.3	-0.81	-0.22	0.18	0.21
REDZ	12227M001	2020-07-07 18:00:00.0	54.47239	17.11753	108.271	76.785	2,386.8	1.7	-0.9	0.79	0.27	0.32
RES1	MUSE-RES1	2020-07-07 09:00:00.0	50.06244	18.46686	350.384	308.294	2,329	1.4	-0.72	-0.88	0.18	0.18
RES1	MUSE-RES1	2020-07-07 09:30:00.0	50.06244	18.46686	350.384	308.294	2,329.9	1.6	-0.44	-0.53	0.23	0.19
RES1	MUSE-RES1	2020-07-07 10:00:00.0	50.06244	18.46686	350.383	308.293	2,331.7	1.2	-0.27	-0.47	0.16	0.17
RES1	MUSE-RES1	2020-07-07 10:30:00.0	50.06244	18.46686	350.383	308.293	2,328	1.6	-0.41	-0.51	0.23	0.21
RES1	MUSE-RES1	2020-07-07 11:00:00.0	50.06244	18.46686	350.389	308.299	2,330.3	1.5	-1.1	-0.45	0.3	0.17
RES1	MUSE-RES1	2020-07-07 11:30:00.0	50.06244	18.46686	350.389	308.299	2,333	1.9	-1.21	-0.87	0.38	0.25
RES1	MUSE-RES1	2020-07-07 12:00:00.0	50.06244	18.46686	350.392	308.302	2,332.9	1.7	-0.96	-0.55	0.28	0.27
RES1	MUSE-RES1	2020-07-07 12:30:00.0	50.06244	18.46686	350.392	308.302	2,336	1.6	-0.48	-0.14	0.24	0.24
RES1	MUSE-RES1	2020-07-07 13:00:00.0	50.06244	18.46686	350.393	308.303	2,338.5	1.3	-0.48	-0.76	0.16	0.19
RES1	MUSE-RES1	2020-07-07 13:30:00.0	50.06244	18.46686	350.393	308.303	2,340.7	1.6	-0.63	-0.58	0.21	0.24
RES1	MUSE-RES1	2020-07-07 14:00:00.0	50.06244	18.46686	350.389	308.299	2,339.4	1.6	0.2	-0.11	0.3	0.22
RES1	MUSE-RES1	2020-07-07 14:30:00.0	50.06244	18.46686	350.389	308.299	2,340.3	1.8	-0.05	-0.3	0.38	0.27
RES1	MUSE-RES1	2020-07-07 15:00:00.0	50.06244	18.46686	350.389	308.299	2,339	1.6	0.39	-0.37	0.26	0.23
RES1	MUSE-RES1	2020-07-07 15:30:00.0	50.06244	18.46686	350.389	308.299	2,336.4	1.6	0.17	0.52	0.22	0.33
RES1	MUSE-RES1	2020-07-07 16:00:00.0	50.06244	18.46686	350.381	308.291	2,334	1.5	-0.12	-0.02	0.24	0.24
RES1	MUSE-RES1	2020-07-07 16:30:00.0	50.06244	18.46686	350.381	308.291	2,342.5	1.9	0.11	0.21	0.29	0.27
RES1	MUSE-RES1	2020-07-07 17:00:00.0	50.06244	18.46686	350.388	308.298	2,333.6	1.3	0.04	0.48	0.2	0.21
RES1	MUSE-RES1	2020-07-07 17:30:00.0	50.06244	18.46686	350.388	308.298	2,336.9	1.3	0.04	0.35	0.18	0.23
RES1	MUSE-RES1	2020-07-07 18:00:00.0	50.06244	18.46686	350.383	308.293	2,332.9	1.4	-0.79	0.14	0.2	0.22
RES1	MUSE-RES1	2020-07-07 18:30:00.0	50.06244	18.46686	350.383	308.293	2,334.6	1.5	-0.62	-0.27	0.22	0.23
RIGA	12302M002	2020-07-07 09:00:00.0	56.94861	24.05878	34.818	14.211	2,418.9	1.2	-1.13	1.24	0.17	0.15
RIGA	12302M002	2020-07-07 09:30:00.0	56.94861	24.05878	34.818	14.211	2,417.3	1.3	-0.53	0.84	0.19	0.18
RIGA	12302M002	2020-07-07 10:00:00.0	56.94861	24.05878	34.813	14.206	2,418.1	1.2	-0.79	0.59	0.19	0.18
RIGA	12302M002	2020-07-07 10:30:00.0	56.94861	24.05878	34.813	14.206	2,416.4	1.6	-0.83	1.55	0.22	0.24
RIGA	12302M002	2020-07-07 11:00:00.0	56.94861	24.05878	34.812	14.205	2,415.3	1.3	-0.92	2.16	0.27	0.16
RIGA	12302M002	2020-07-07 11:30:00.0	56.94861	24.05878	34.812	14.205	2,411.6	1.6	-1.25	1.8	0.28	0.21
RIGA	12302M002	2020-07-07 12:00:00.0	56.94861	24.05878	34.818	14.211	2,416.6	1.5	-0.29	1.85	0.21	0.2
RIGA	12302M002	2020-07-07 12:30:00.0	56.94861	24.05878	34.818	14.211	2,410	1.5	-0.36	1.75	0.21	0.2
RIGA	12302M002	2020-07-07 13:00:00.0	56.94861	24.05878	34.819	14.212	2,423.1	1.2	0.17	0.67	0.15	0.16
RIGA	12302M002	2020-07-07 13:30:00.0	56.94861	24.05878	34.819	14.212	2,424	1.4	-0.21	0.47	0.18	0.22
RIGA	12302M002	2020-07-07 14:00:00.0	56.94861	24.05878	34.821	14.214	2,421.1	1.3	0.98	1.04	0.21	0.18
RIGA	12302M002	2020-07-07 14:30:00.0	56.94861	24.05878	34.821	14.214	2,416.9	1.6	1.04	-0.55	0.26	0.24
RIGA	12302M002	2020-07-07 15:00:00.0	56.94861	24.05878	34.822	14.215	2,417.1	1.3	-0.38	0.7	0.18	0.18
RIGA	12302M002	2020-07-07 15:30:00.0	56.94861	24.05878	34.822	14.215	2,409.2	1.4	0.41	0.62	0.19	0.23
RIGA	12302M002	2020-07-07 16:00:00.0	56.94861	24.05878	34.818	14.211	2,419.7	1.2	-0.36	1.26	0.19	0.18
RIGA	12302M002	2020-07-07 16:30:00.0	56.94861	24.05878	34.818	14.211	2,414.6	1.5	-0.3	1.35	0.25	0.25
RIGA	12302M002	2020-07-07 17:00:00.0	56.94861	24.05878	34.813	14.206	2,422.2	1.2	-1.38	1.09	0.17	0.2
RIGA	12302M002	2020-07-07 17:30:00.0	56.94861	24.05878	34.813	14.206	2,422.8	1.4	-1.93	0.97	0.21	0.2
RIGA	12302M002	2020-07-07 18:00:00.0	56.94861	24.05878	34.814	14.207	2,425.1	1.1	-1.7	1.49	0.18	0.16
RIGA	12302M002	2020-07-07 18:30:00.0	56.94861	24.05878	34.814	14.207	2,421.2	1.1	-0.75	1.14	0.16	0.15
RWM1	12281M002	2020-07-07 09:00:00.0	51.76431	20.25047	187.967	154.622	2,380.7	1.1	-0.37	-0.27	0.15	0.16
RWM1	12281M002	2020-07-07 09:30:00.0	51.76431	20.25047	187.967	154.622	2,374.3	1.2	-1.25	0.1	0.16	0.15
RWM1	12281M002	2020-07-07 10:00:00.0	51.76431	20.25047	187.963	154.618	2,363.6	0.9	-0.72	1.45	0.11	0.12
RWM1	12281M002	2020-07-07 10:30:00.0	51.76431	20.25047	187.963	154.618	2,370.5	1.1	-1.07	0.57	0.16	0.15
RWM1	12281M002	2020-07-07 11:00:00.0	51.76431	20.25047	187.964	154.619	2,363.7	1.1	-1.24	0.41	0.21	0.12
RWM1	12281M002	2020-07-07 11:30:00.0	51.76431	20.25047	187.964	154.619	2,365.9	1.3	-3.06	-0.16	0.25	0.16
RWM1	12281M002	2020-07-07 12:00:00.0	51.76431	20.25047	187.966	154.621	2,367.4	1.4	-1.85	0.11	0.2	0.16
RWM1	12281M002	2020-07-07 12:30:00.0	51.76431	20.25047	187.966	154.621	2,363.1	1.2	-0.83	0.58	0.16	0.17
RWM1	12281M002	2020-07-07 13:00:00.0	51.76431	20.25047	187.968	154.623	2,374	1.1	-0.23	-0.48	0.15	0.15
RWM1	12281M002	2020-07-07 13:30:00.0	51.76431	20.25047	187.968	154.623	2,374.2	1.2	-1.04	-0.13	0.18	0.2
RWM1	12281M002	2020-07-07 14:00:00.0	51.76431	20.25047	187.964	154.619	2,366.9	1.1	-0.83	0.13	0.18	0.19
RWM1	12281M002	2020-07-07 14:30:00.0	51.76431	20.25047	187.964	154.619	2,365.1	1.4	-0.26	0.36	0.28	0.23
RWM1	12281M002	2020-07-07 15:00:00.0	51.76431	20.25047	187.964	154.619	2,369.3	1.3	-0.52	-0.21	0.2	0.18
RWM1	12281M002	2020-07-07 15:30:00.0	51.76431	20.25047	187.964	154.619	2,367.3	1.5	-1.01	-0.34	0.19	0.24
RWM1	12281M002	2020-07-07 16:00:00.0	51.76431	20.25047	187.96	154.615	2,371.2	1.1	-0.77	-0.22	0.13	0.14
RWM1	12281M002	2020-07-07 16:30:00.0	51.76431	20.25047	187.96	154.615	2,369.2	1.3	-0.53	-0.45	0.16	0.2
RWM1	12281M002	2020-07-07 17:00:00.0	51.76431	20.25047	187.962	154.617	2,372.2	0.9	-1.27	-0.58	0.13	0.14
RWM1	12281M002	2020-07-07 17:30:00.0	51.76431	20.25047	187.962	154.617	2,369.6	0.9	-1	-0.87	0.1	0.12
RWM1	12281M002	2020-07-07 18:00:00.0	51.76431	20.25047	187.957	154.612	2,365.8	1	-0.69	-0.36	0.13	0.14
RWM1	12281M002	2020-07-07 18:30:00.0	51.76431	20.25047	187.957	154.612	2,359.1	1	-0.87	-0.87	0.13	0.13
RYKI	12282M001	2020-07-07 09:00:00.0	51.62447	21.92722	204.082	171.949	2,386.6	1.2	-0.84	2.37	0.17	0.18
RYKI	12282M001	2020-07-07 09:30:00.0	51.62447	21.92722	204.082	171.949	2,376.9	1.2	-1.4	1.67	0.18	0.17
RYKI	12282M001	2020-07-07 10:00:00.0	51.62447	21.92722	204.082	171.949	2,379.8	1.3	-0.66	1.34	0.22	0.18
RYKI	12282M001	2020-07-07 10:30:00.0	51.62447	21.92722	204.082	171.949	2,375.7	1.9	-0.88	1.57	0.32	0.26
RYKI	12282M001	2020-07-07 11:00:00.0	51.62447	21.92722	204.096	171.963	2,365.1	1.6	-0.11	1.75	0.37	0.22
RYKI	12282M001	2020-07-07 11:30:00.0	51.62447	21.92722	204.096	171.963	2,374.3	1.8	-0.5	2.56	0.42	0.27
RYKI	12282M001	2020-07-07 12:00:00.0	51.62447	21.92722	204.093	171.96	2,377.7	1.5	-1.93	-0.3	0.26	0.2
RYKI	12282M001	2020-07-07 12:30:00.0	51.62447	21.92722	204.093	171.96	2,383.2	1.5	-1.78	-0.1	0.23	0.23
RYKI	12282M001	2020-07-07 13:00:00.0	51.62447	21.92722	204.077	171.944	2,385.1	1.4	-0.38	-0.79	0.23	0.22
RYKI	12282M001	2020-07-07 13:30:00.0	51.62447	21.92722	204.077	171.944	2,384.8	1.6	0.43	-1.37	0.26	0.27
RYKI	12282M001	2020-07-07 14:00:00.0	51.62447	21.92722	204.066	171.933	2,377.1	1.4	1.27	-0.03	0.25	0.22
RYKI	12282M001	2020-07-07 14:30:00.0	51.62447	21.92722	204.066	171.933	2,377.5	1.8	0.85	-0.4	0.34	0.26
RYKI	12282M001	2020-07-07 15:00:00.0	51.62447	21.92722	204.059	171.926	2,360.2	2	-0.97	2.05	0.33	0.26
RYKI	12282M001	2020-07-07 15:30:00.0	51.62447	21.92722	204.059	171.926	2,366.1	2.3	-0.9	2.69	0.34	0.33
RYKI	12282M001	2020-07-07 16:00:00.0	51.62447	21.92722	204.06	171.927	2,364.6	1.6	-0.37	-0.89	0.22	0.28
RYKI	12282M001	2020-07-07 16:30:00.0	51.62447	21.92722	204.06	171.927	2,361.9	1.7	-0.68	-1.04	0.24	0.36
RYKI	12282M001	2020-07-07 17:00:00.0	51.62447	21.92722	204.055	171.922	2,370.9	1.2	-1.28	0.69	0.17	0.21
RYKI	12282M001	2020-07-07 17:30:00.0	51.62447	21.92722	204.055	171.922	2,368.4	1.1	-1.22	0.55	0.14	0.21
RYKI	12282M001	2020-07-07 18:00:00.0	51.62447	21.92722	204.071	171.938	2,366	1.2	-1.09	-0.4	0.18	0.18
RYKI	12282M001	2020-07-07 18:30:00.0	51.62447	21.92722	204.071	171.938	2,357.5	1.3	-0.73	0.09	0.2	0.19
RYMA	NDNT-RYMA	2020-07-07 09:00:00.0	49.57553	21.86561	399.458	362.78	2,366.7	1.2	-0.08	-0.15	0.12	0.15
RYMA	NDNT-RYMA	2020-07-07 09:30:00.0	49.57553	21.86561	399.458	362.78	2,369.5	1.3	0.44	1.31	0.16	0.17
RYMA	NDNT-RYMA	2020-07-07 10:00:00.0	49.57553	21.86561	399.463	362.785	2,352.3	1.1	-0.25	3.34	0.13	0.15
RYMA	NDNT-RYMA	2020-07-07 10:30:00.0	49.57553	21.86561	399.463	362.785	2,346.4	1.4	-0.54	1.99	0.19	0.21
RYMA	NDNT-RYMA	2020-07-07 11:00:00.0	49.57553	21.86561	399.445	362.767	2,340.2	1.2	0.12	1.57	0.23	0.14
RYMA	NDNT-RYMA	2020-07-07 11:30:00.0	49.57553	21.86561	399.445	362.767	2,329.6	1.6	0.89	2.49	0.29	0.19
RYMA	NDNT-RYMA	2020-07-07 12:00:00.0	49.57553	21.86561	399.434	362.756	2,328.6	1.3	-0.05	0.94	0.19	0.16
RYMA	NDNT-RYMA	2020-07-07 12:30:00.0	49.57553	21.86561	399.434	362.756	2,332.6	1.3	-0.71	-0.18	0.18	0.23
RYMA	NDNT-RYMA	2020-07-07 13:00:00.0	49.57553	21.86561	399.439	362.761	2,335.2	1.4	-0.75	1.53	0.2	0.2
RYMA	NDNT-RYMA	2020-07-07 13:30:00.0	49.57553	21.86561	399.439	362.761	2,333.2	1.6	-0.48	1.82	0.23	0.25
RYMA	NDNT-RYMA	2020-07-07 14:00:00.0	49.57553	21.86561	399.439	362.761	2,330.7	1.2	0.17	0.97	0.21	0.21
RYMA	NDNT-RYMA	2020-07-07 14:30:00.0	49.57553	21.86561	399.439	362.761	2,335.6	1.7	0.15	1.03	0.3	0.28
RYMA	NDNT-RYMA	2020-07-07 15:00:00.0	49.57553	21.86561	399.437	362.759	2,326.3	1.4	1.11	1.17	0.22	0.18
RYMA	NDNT-RYMA	2020-07-07 15:30:00.0	49.57553	21.86561	399.437	362.759	2,321.8	1.4	1.12	1.59	0.19	0.22
RYMA	NDNT-RYMA	2020-07-07 16:00:00.0	49.57553	21.86561	399.434	362.756	2,326.1	1.2	0.13	0.76	0.15	0.18
RYMA	NDNT-RYMA	2020-07-07 16:30:00.0	49.57553	21.86561	399.434	362.756	2,328.6	1.4	-0.38	0.9	0.17	0.26
RYMA	NDNT-RYMA	2020-07-07 17:00:00.0	49.57553	21.86561	399.442	362.764	2,326.7	1.3	-0.95	1.22	0.17	0.19
RYMA	NDNT-RYMA	2020-07-07 17:30:00.0	49.57553	21.86561	399.442	362.764	2,327	1.2	-1.11	0.17	0.14	0.17
RYMA	NDNT-RYMA	2020-07-07 18:00:00.0	49.57553	21.86561	399.44	362.762	2,319	1.3	-1.62	0.26	0.17	0.16
RYMA	NDNT-RYMA	2020-07-07 18:30:00.0	49.57553	21.86561	399.44	362.762	2,321.1	1.3	-0.34	0.69	0.19	0.16
SIDZ	12288M001	2020-07-07 09:00:00.0	51.573	18.71758	190.013	154.402	2,366.6	1.6	-0.74	-0.07	0.23	0.23
SIDZ	12288M001	2020-07-07 09:30:00.0	51.573	18.71758	190.013	154.402	2,364.8	1.6	-0.65	-0.32	0.23	0.23
SIDZ	12288M001	2020-07-07 10:00:00.0	51.573	18.71758	190.013	154.402	2,367	1.3	-0.35	0.03	0.18	0.19
SIDZ	12288M001	2020-07-07 10:30:00.0	51.573	18.71758	190.013	154.402	2,368.2	1.6	-0.62	0.01	0.25	0.24
SIDZ	12288M001	2020-07-07 11:00:00.0	51.573	18.71758	190.009	154.398	2,372.1	1.5	0.27	-0.11	0.28	0.17
SIDZ	12288M001	2020-07-07 11:30:00.0	51.573	18.71758	190.009	154.398	2,374.1	1.7	0.31	0.14	0.32	0.24
SIDZ	12288M001	2020-07-07 12:00:00.0	51.573	18.71758	190.015	154.404	2,374.2	1.8	-0.56	-0.74	0.29	0.26
SIDZ	12288M001	2020-07-07 12:30:00.0	51.573	18.71758	190.015	154.404	2,370.1	1.7	-0.41	-0.68	0.26	0.28
SIDZ	12288M001	2020-07-07 13:00:00.0	51.573	18.71758	190.016	154.405	2,372.4	1.4	-0.5	-0.27	0.19	0.22
SIDZ	12288M001	2020-07-07 13:30:00.0	51.573	18.71758	190.016	154.405	2,376.9	1.6	-0.25	-0.41	0.27	0.29
SIDZ	12288M001	2020-07-07 14:00:00.0	51.573	18.71758	190.018	154.407	2,366.2	1.5	-0.88	-0.09	0.26	0.24
SIDZ	12288M001	2020-07-07 14:30:00.0	51.573	18.71758	190.018	154.407	2,361	1.8	-0.52	1.26	0.34	0.29
SIDZ	12288M001	2020-07-07 15:00:00.0	51.573	18.71758	190.019	154.408	2,369	1.5	0.51	-0.14	0.25	0.18
SIDZ	12288M001	2020-07-07 15:30:00.0	51.573	18.71758	190.019	154.408	2,368.8	1.7	0.61	-0.04	0.24	0.28
SIDZ	12288M001	2020-07-07 16:00:00.0	51.573	18.71758	190.023	154.412	2,366.6	1.5	-1.22	0.27	0.23	0.25
SIDZ	12288M001	2020-07-07 16:30:00.0	51.573	18.71758	190.023	154.412	2,367.3	1.8	-1.25	-0.16	0.26	0.36
SIDZ	12288M001	2020-07-07 17:00:00.0	51.573	18.71758	190.018	154.407	2,367.3	1.2	-1.21	-0.22	0.18	0.22
SIDZ	12288M001	2020-07-07 17:30:00.0	51.573	18.71758	190.018	154.407	2,370.3	1.2	-0.1	-0.24	0.16	0.24
SIDZ	12288M001	2020-07-07 18:00:00.0	51.573	18.71758	190.016	154.405	2,367.9	1.2	0.01	-0.04	0.18	0.18
SIDZ	12288M001	2020-07-07 18:30:00.0	51.573	18.71758	190.016	154.405	2,368.4	1.2	-0.46	-0.22	0.18	0.19
SIED	12289M001	2020-07-07 09:00:00.0	52.15744	22.29422	201.998	172.478	2,380.1	1.1	-1.4	1.44	0.15	0.15
SIED	12289M001	2020-07-07 09:30:00.0	52.15744	22.29422	201.998	172.478	2,380.2	1.2	-0.91	1.93	0.17	0.15
SIED	12289M001	2020-07-07 10:00:00.0	52.15744	22.29422	201.989	172.469	2,375.3	1.1	-0.67	2.64	0.15	0.16
SIED	12289M001	2020-07-07 10:30:00.0	52.15744	22.29422	201.989	172.469	2,377.9	1.5	-0.36	2.33	0.2	0.26
SIED	12289M001	2020-07-07 11:00:00.0	52.15744	22.29422	201.989	172.469	2,379.2	1.4	-1.26	0.64	0.26	0.19
SIED	12289M001	2020-07-07 11:30:00.0	52.15744	22.29422	201.989	172.469	2,368.6	1.7	0.13	-0.49	0.32	0.26
SIED	12289M001	2020-07-07 12:00:00.0	52.15744	22.29422	201.984	172.464	2,371.9	1.4	-0.69	-0.27	0.2	0.16
SIED	12289M001	2020-07-07 12:30:00.0	52.15744	22.29422	201.984	172.464	2,376	1.3	-1.72	1.39	0.18	0.18
SIED	12289M001	2020-07-07 13:00:00.0	52.15744	22.29422	201.982	172.462	2,377.4	1.3	-0.2	0.51	0.18	0.19
SIED	12289M001	2020-07-07 13:30:00.0	52.15744	22.29422	201.982	172.462	2,371.8	1.4	-0.07	0.27	0.2	0.25
SIED	12289M001	2020-07-07 14:00:00.0	52.15744	22.29422	201.98	172.46	2,365.3	1.3	-0.77	0.77	0.22	0.22
SIED	12289M001	2020-07-07 14:30:00.0	52.15744	22.29422	201.98	172.46	2,362.5	1.6	-1.02	0.6	0.33	0.25
SIED	12289M001	2020-07-07 15:00:00.0	52.15744	22.29422	201.981	172.461	2,354.7	1.3	-0.77	-0.25	0.21	0.19
SIED	12289M001	2020-07-07 15:30:00.0	52.15744	22.29422	201.981	172.461	2,359.5	1.5	-0.57	-0.76	0.21	0.28
SIED	12289M001	2020-07-07 16:00:00.0	52.15744	22.29422	201.982	172.462	2,361.6	1.2	-0.61	-0.01	0.15	0.2
SIED	12289M001	2020-07-07 16:30:00.0	52.15744	22.29422	201.982	172.462	2,357.7	1.3	-0.63	1.5	0.17	0.27
SIED	12289M001	2020-07-07 17:00:00.0	52.15744	22.29422	201.981	172.461	2,361	1.4	-0.57	0.15	0.18	0.2
SIED	12289M001	2020-07-07 17:30:00.0	52.15744	22.29422	201.981	172.461	2,363.3	1.3	-0.84	1.17	0.17	0.19
SIED	12289M001	2020-07-07 18:00:00.0	52.15744	22.29422	201.995	172.475	2,353.7	1.5	0.04	0.22	0.22	0.22
SIED	12289M001	2020-07-07 18:30:00.0	52.15744	22.29422	201.995	172.475	2,360	1.5	0	0.08	0.24	0.22
SIPC	12290M001	2020-07-07 09:00:00.0	52.85697	19.66269	163.156	132.55	2,370.6	1.1	-0.47	0.25	0.14	0.14
SIPC	12290M001	2020-07-07 09:30:00.0	52.85697	19.66269	163.156	132.55	2,370.4	1.2	-0.73	0.26	0.16	0.15
SIPC	12290M001	2020-07-07 10:00:00.0	52.85697	19.66269	163.158	132.552	2,373.7	1.1	0.28	-0.23	0.14	0.15
SIPC	12290M001	2020-07-07 10:30:00.0	52.85697	19.66269	163.158	132.552	2,371.8	1.3	-0.97	-0.05	0.15	0.17
SIPC	12290M001	2020-07-07 11:00:00.0	52.85697	19.66269	163.159	132.553	2,370.2	1.1	-0.11	-0.03	0.21	0.11
SIPC	12290M001	2020-07-07 11:30:00.0	52.85697	19.66269	163.159	132.553	2,371.5	1.4	-1.02	-0.4	0.26	0.17
SIPC	12290M001	2020-07-07 12:00:00.0	52.85697	19.66269	163.163	132.557	2,365.4	1.2	-1.39	-0.31	0.16	0.13
SIPC	12290M001	2020-07-07 12:30:00.0	52.85697	19.66269	163.163	132.557	2,367.9	1.2	-1.04	0.4	0.14	0.13
SIPC	12290M001	2020-07-07 13:00:00.0	52.85697	19.66269	163.163	132.557	2,366.5	0.9	-0.84	0.1	0.12	0.11
SIPC	12290M001	2020-07-07 13:30:00.0	52.85697	19.66269	163.163	132.557	2,367.8	1	-0.51	0.06	0.13	0.16
SIPC	12290M001	2020-07-07 14:00:00.0	52.85697	19.66269	163.159	132.553	2,371.3	1	-0.76	-0.58	0.15	0.15
SIPC	12290M001	2020-07-07 14:30:00.0	52.85697	19.66269	163.159	132.553	2,367.3	1.2	-1.5	-0.15	0.24	0.18
SIPC	12290M001	2020-07-07 15:00:00.0	52.85697	19.66269	163.164	132.558	2,373.2	1.2	0.16	-0.45	0.18	0.16
SIPC	12290M001	2020-07-07 15:30:00.0	52.85697	19.66269	163.164	132.558	2,370.3	1.3	-0.03	-0.5	0.2	0.23
SIPC	12290M001	2020-07-07 16:00:00.0	52.85697	19.66269	163.154	132.548	2,380.8	1	-0.04	0.53	0.12	0.13
SIPC	12290M001	2020-07-07 16:30:00.0	52.85697	19.66269	163.154	132.548	2,381.6	1.1	-0.05	0.13	0.13	0.17
SIPC	12290M001	2020-07-07 17:00:00.0	52.85697	19.66269	163.152	132.546	2,384.7	1.1	-0.71	0.41	0.16	0.17
SIPC	12290M001	2020-07-07 17:30:00.0	52.85697	19.66269	163.152	132.546	2,386.1	1	-0.42	-0.13	0.12	0.16
SIPC	12290M001	2020-07-07 18:00:00.0	52.85697	19.66269	163.152	132.546	2,381.7	1.1	-0.55	-0.27	0.15	0.16
SIPC	12290M001	2020-07-07 18:30:00.0	52.85697	19.66269	163.152	132.546	2,374.5	1.1	-0.17	-0.15	0.16	0.16
SMID	10114M001	2020-07-07 09:00:00.0	55.64064	9.55931	122.826	82.57	2,411.1	1.8	-0.61	0.39	0.24	0.25
SMID	10114M001	2020-07-07 10:00:00.0	55.64064	9.55931	122.824	82.568	2,407.2	2	-0.01	-0.11	0.27	0.26
SMID	10114M001	2020-07-07 10:30:00.0	55.64064	9.55931	122.824	82.568	2,407.5	1.9	0.51	-0.58	0.24	0.24
SMID	10114M001	2020-07-07 11:00:00.0	55.64064	9.55931	122.836	82.58	2,399.2	1.9	0.31	1.36	0.28	0.2
SMID	10114M001	2020-07-07 11:30:00.0	55.64064	9.55931	122.836	82.58	2,399.8	2.2	0.18	-0.41	0.35	0.32
SMID	10114M001	2020-07-07 12:00:00.0	55.64064	9.55931	122.84	82.584	2,401.8	2.1	0.87	-0.11	0.3	0.27
SMID	10114M001	2020-07-07 12:30:00.0	55.64064	9.55931	122.84	82.584	2,401.1	1.9	0.39	-0.16	0.24	0.24
SMID	10114M001	2020-07-07 13:00:00.0	55.64064	9.55931	122.84	82.584	2,403.1	1.5	-0.46	-0.5	0.19	0.2
SMID	10114M001	2020-07-07 13:30:00.0	55.64064	9.55931	122.84	82.584	2,411.2	1.8	-1.39	-0.9	0.22	0.29
SMID	10114M001	2020-07-07 14:00:00.0	55.64064	9.55931	122.837	82.581	2,405.2	1.8	-1.79	0.13	0.25	0.29
SMID	10114M001	2020-07-07 14:30:00.0	55.64064	9.55931	122.837	82.581	2,403.1	2.1	-1.76	0.21	0.32	0.33
SMID	10114M001	2020-07-07 15:00:00.0	55.64064	9.55931	122.834	82.578	2,406.3	2.8	-1.65	-0.02	0.39	0.38
SMID	10114M001	2020-07-07 16:00:00.0	55.64064	9.55931	122.828	82.572	2,405.1	1.7	-1.21	-0.64	0.2	0.21
SMID	10114M001	2020-07-07 16:30:00.0	55.64064	9.55931	122.828	82.572	2,398	1.6	-1.4	-0.35	0.22	0.26
SMID	10114M001	2020-07-07 17:00:00.0	55.64064	9.55931	122.831	82.575	2,394.1	1.3	-2.25	-0.34	0.17	0.22
SMID	10114M001	2020-07-07 17:30:00.0	55.64064	9.55931	122.831	82.575	2,394.6	1.4	-2.4	-0.7	0.15	0.25
SMID	10114M001	2020-07-07 18:00:00.0	55.64064	9.55931	122.824	82.568	2,391.7	2.2	-1.93	-0.92	0.28	0.38
SMLA	15503M001	2020-07-07 09:00:00.0	49.20164	31.86631	183.084	159.592	2,455.4	1.3	0.68	-2.86	0.12	0.16
SMLA	15503M001	2020-07-07 09:30:00.0	49.20164	31.86631	183.084	159.592	2,456.6	1.4	0.57	-2.87	0.17	0.19
SMLA	15503M001	2020-07-07 10:00:00.0	49.20164	31.86631	183.08	159.588	2,462.9	1.2	0.83	-2.89	0.12	0.12
SMLA	15503M001	2020-07-07 10:30:00.0	49.20164	31.86631	183.08	159.588	2,473.4	1.5	0.22	-2.39	0.19	0.21
SMLA	15503M001	2020-07-07 11:00:00.0	49.20164	31.86631	183.068	159.576	2,474.3	1.4	-0.41	-3.13	0.24	0.2
SMLA	15503M001	2020-07-07 11:30:00.0	49.20164	31.86631	183.068	159.576	2,472.7	1.5	-0.44	-2.12	0.24	0.2
SMLA	15503M001	2020-07-07 12:00:00.0	49.20164	31.86631	183.066	159.574	2,468.4	1.4	0.69	-0.34	0.17	0.21
SMLA	15503M001	2020-07-07 12:30:00.0	49.20164	31.86631	183.066	159.574	2,466.3	1.3	0.42	0.54	0.14	0.19
SMLA	15503M001	2020-07-07 13:00:00.0	49.20164	31.86631	183.068	159.576	2,457.8	1.4	0.19	1.66	0.16	0.18
SMLA	15503M001	2020-07-07 13:30:00.0	49.20164	31.86631	183.068	159.576	2,454.3	1.5	-0.41	1.1	0.19	0.17
SMLA	15503M001	2020-07-07 14:00:00.0	49.20164	31.86631	183.066	159.574	2,443.5	1.3	-0.62	0.82	0.18	0.17
SMLA	15503M001	2020-07-07 14:30:00.0	49.20164	31.86631	183.066	159.574	2,449.6	1.5	-0.2	0.69	0.26	0.19
SMLA	15503M001	2020-07-07 15:00:00.0	49.20164	31.86631	183.066	159.574	2,441.5	1.5	-0.45	0.69	0.19	0.18
SMLA	15503M001	2020-07-07 15:30:00.0	49.20164	31.86631	183.066	159.574	2,446.9	1.5	-1.15	-1.69	0.16	0.21
SMLA	15503M001	2020-07-07 16:00:00.0	49.20164	31.86631	183.068	159.576	2,463.7	1.3	-1.61	1.45	0.14	0.22
SMLA	15503M001	2020-07-07 16:30:00.0	49.20164	31.86631	183.068	159.576	2,462.8	1.4	-1.15	3.31	0.14	0.28
SMLA	15503M001	2020-07-07 17:00:00.0	49.20164	31.86631	183.065	159.573	2,475	1.2	0.4	0.02	0.18	0.2
SMLA	15503M001	2020-07-07 17:30:00.0	49.20164	31.86631	183.065	159.573	2,463.9	1.2	-0.49	0.09	0.17	0.18
SMLA	15503M001	2020-07-07 18:00:00.0	49.20164	31.86631	183.072	159.58	2,464.7	1.1	-1.72	-1.9	0.15	0.14
SMLA	15503M001	2020-07-07 18:30:00.0	49.20164	31.86631	183.072	159.58	2,465.2	1.1	-2.23	-0.64	0.19	0.14
SOKL	12292M001	2020-07-07 09:00:00.0	53.40856	23.49575	222.23	194.359	2,380.4	1.7	-0.93	0.76	0.27	0.27
SOKL	12292M001	2020-07-07 09:30:00.0	53.40856	23.49575	222.23	194.359	2,381.4	1.8	-1.05	0.11	0.3	0.3
SOKL	12292M001	2020-07-07 10:00:00.0	53.40856	23.49575	222.222	194.351	2,392.7	1.4	-0.59	0.26	0.23	0.23
SOKL	12292M001	2020-07-07 10:30:00.0	53.40856	23.49575	222.222	194.351	2,394.7	1.9	-1.21	-0.19	0.31	0.31
SOKL	12292M001	2020-07-07 11:00:00.0	53.40856	23.49575	222.223	194.352	2,380.5	1.5	-2.2	2.41	0.3	0.21
SOKL	12292M001	2020-07-07 11:30:00.0	53.40856	23.49575	222.223	194.352	2,387.4	1.9	-2.44	3.2	0.34	0.3
SOKL	12292M001	2020-07-07 12:00:00.0	53.40856	23.49575	222.233	194.362	2,379.5	1.6	-1.35	3.77	0.23	0.24
SOKL	12292M001	2020-07-07 12:30:00.0	53.40856	23.49575	222.233	194.362	2,367.6	1.5	-0.95	4.11	0.24	0.23
SOKL	12292M001	2020-07-07 13:00:00.0	53.40856	23.49575	222.229	194.358	2,360.6	1.5	-1.12	2.72	0.25	0.24
SOKL	12292M001	2020-07-07 13:30:00.0	53.40856	23.49575	222.229	194.358	2,357.4	1.8	-1.58	2.17	0.32	0.29
SOKL	12292M001	2020-07-07 14:00:00.0	53.40856	23.49575	222.232	194.361	2,346.7	1.4	-0.39	0.85	0.24	0.22
SOKL	12292M001	2020-07-07 14:30:00.0	53.40856	23.49575	222.232	194.361	2,356.4	1.7	-0.46	1.81	0.33	0.27
SOKL	12292M001	2020-07-07 15:00:00.0	53.40856	23.49575	222.236	194.365	2,362	1.5	0.33	-0.21	0.25	0.22
SOKL	12292M001	2020-07-07 15:30:00.0	53.40856	23.49575	222.236	194.365	2,366.6	1.6	1.05	0.05	0.26	0.31
SOKL	12292M001	2020-07-07 16:00:00.0	53.40856	23.49575	222.235	194.364	2,365.4	1.3	0.27	0.67	0.19	0.23
SOKL	12292M001	2020-07-07 16:30:00.0	53.40856	23.49575	222.235	194.364	2,358.1	1.5	-0.47	1.23	0.22	0.31
SOKL	12292M001	2020-07-07 17:00:00.0	53.40856	23.49575	222.218	194.347	2,359.3	1.2	0.12	2.69	0.18	0.23
SOKL	12292M001	2020-07-07 17:30:00.0	53.40856	23.49575	222.218	194.347	2,356.6	1.2	-0.78	2.02	0.17	0.24
SOKL	12292M001	2020-07-07 18:00:00.0	53.40856	23.49575	222.22	194.349	2,353.7	1.1	-0.42	0.85	0.18	0.16
SOKL	12292M001	2020-07-07 18:30:00.0	53.40856	23.49575	222.22	194.349	2,361.7	1.2	-0.09	1.57	0.18	0.17
STA3	NDNT-STAS	2020-07-07 09:00:00.0	50.56283	21.18192	257.514	221.163	2,367.5	1.1	0.06	0.19	0.13	0.14
STA3	NDNT-STAS	2020-07-07 09:30:00.0	50.56283	21.18192	257.514	221.163	2,374.4	1.2	-0.01	0.8	0.15	0.15
STA3	NDNT-STAS	2020-07-07 10:00:00.0	50.56283	21.18192	257.516	221.165	2,367.2	1	0.04	0.4	0.12	0.12
STA3	NDNT-STAS	2020-07-07 10:30:00.0	50.56283	21.18192	257.516	221.165	2,367.2	1.2	-0.66	0.45	0.16	0.15
STA3	NDNT-STAS	2020-07-07 11:00:00.0	50.56283	21.18192	257.511	221.16	2,363.5	1.2	-0.77	0.2	0.23	0.13
STA3	NDNT-STAS	2020-07-07 11:30:00.0	50.56283	21.18192	257.511	221.16	2,360.2	1.5	0.3	1.23	0.29	0.19
STA3	NDNT-STAS	2020-07-07 12:00:00.0	50.56283	21.18192	257.509	221.158	2,367.5	1.3	0.18	0.26	0.2	0.15
STA3	NDNT-STAS	2020-07-07 12:30:00.0	50.56283	21.18192	257.509	221.158	2,372	1.2	-0.89	0.27	0.14	0.17
STA3	NDNT-STAS	2020-07-07 13:00:00.0	50.56283	21.18192	257.511	221.16	2,371.4	1	-1.06	0.7	0.13	0.1
STA3	NDNT-STAS	2020-07-07 13:30:00.0	50.56283	21.18192	257.511	221.16	2,366.8	1.1	-0.54	0.77	0.13	0.15
STA3	NDNT-STAS	2020-07-07 14:00:00.0	50.56283	21.18192	257.516	221.165	2,363.3	1.1	0.33	-0.53	0.18	0.18
STA3	NDNT-STAS	2020-07-07 14:30:00.0	50.56283	21.18192	257.516	221.165	2,367.1	1.4	1.62	0.32	0.28	0.22
STA3	NDNT-STAS	2020-07-07 15:00:00.0	50.56283	21.18192	257.518	221.167	2,359.3	1.1	0.76	0	0.16	0.13
STA3	NDNT-STAS	2020-07-07 15:30:00.0	50.56283	21.18192	257.518	221.167	2,356.6	1.1	0.7	1.14	0.14	0.16
STA3	NDNT-STAS	2020-07-07 16:00:00.0	50.56283	21.18192	257.521	221.17	2,357.8	1.1	-0.85	0.42	0.14	0.14
STA3	NDNT-STAS	2020-07-07 16:30:00.0	50.56283	21.18192	257.521	221.17	2,354.4	1.3	-1.03	0.65	0.15	0.2
STA3	NDNT-STAS	2020-07-07 17:00:00.0	50.56283	21.18192	257.522	221.171	2,349.3	1.2	-0.9	0.56	0.17	0.18
STA3	NDNT-STAS	2020-07-07 17:30:00.0	50.56283	21.18192	257.522	221.171	2,343.6	1.1	-0.25	-0.1	0.13	0.17
STA3	NDNT-STAS	2020-07-07 18:00:00.0	50.56283	21.18192	257.518	221.167	2,347	1.1	-0.88	-0.52	0.14	0.15
STA3	NDNT-STAS	2020-07-07 18:30:00.0	50.56283	21.18192	257.518	221.167	2,344	1.2	0.24	0.31	0.17	0.15
STAL	NDNT-STAL	2020-07-07 09:00:00.0	50.56822	22.04811	210.536	175.486	2,413.5	1.3	-0.84	1.13	0.17	0.18
STAL	NDNT-STAL	2020-07-07 09:30:00.0	50.56822	22.04811	210.536	175.486	2,408.6	1.4	-0.81	3.44	0.2	0.19
STAL	NDNT-STAL	2020-07-07 10:00:00.0	50.56822	22.04811	210.534	175.484	2,395.9	1.1	-0.15	3.71	0.14	0.14
STAL	NDNT-STAL	2020-07-07 10:30:00.0	50.56822	22.04811	210.534	175.484	2,389.7	1.4	-0.73	2.15	0.21	0.18
STAL	NDNT-STAL	2020-07-07 11:00:00.0	50.56822	22.04811	210.524	175.474	2,390.9	1.2	-1.42	0.58	0.25	0.14
STAL	NDNT-STAL	2020-07-07 11:30:00.0	50.56822	22.04811	210.524	175.474	2,391.7	1.5	-2.25	0.45	0.29	0.2
STAL	NDNT-STAL	2020-07-07 12:00:00.0	50.56822	22.04811	210.523	175.473	2,384.3	1.3	-1.56	0.61	0.19	0.15
STAL	NDNT-STAL	2020-07-07 12:30:00.0	50.56822	22.04811	210.523	175.473	2,389	1.2	-0.72	1.35	0.15	0.18
STAL	NDNT-STAL	2020-07-07 13:00:00.0	50.56822	22.04811	210.527	175.477	2,382	1.1	-1.15	0.69	0.14	0.13
STAL	NDNT-STAL	2020-07-07 13:30:00.0	50.56822	22.04811	210.527	175.477	2,383.8	1.3	-0.96	0.31	0.17	0.18
STAL	NDNT-STAL	2020-07-07 14:00:00.0	50.56822	22.04811	210.528	175.478	2,377.6	1.1	-1.08	0.14	0.18	0.17
STAL	NDNT-STAL	2020-07-07 14:30:00.0	50.56822	22.04811	210.528	175.478	2,385.5	1.4	-0.4	1.13	0.27	0.21
STAL	NDNT-STAL	2020-07-07 15:00:00.0	50.56822	22.04811	210.532	175.482	2,378	1.3	0	1.94	0.21	0.15
STAL	NDNT-STAL	2020-07-07 15:30:00.0	50.56822	22.04811	210.532	175.482	2,369.5	1.4	0.88	0.92	0.18	0.18
STAL	NDNT-STAL	2020-07-07 16:00:00.0	50.56822	22.04811	210.543	175.493	2,378.8	1.1	0.58	0.84	0.15	0.14
STAL	NDNT-STAL	2020-07-07 16:30:00.0	50.56822	22.04811	210.543	175.493	2,380.5	1.3	-0.32	0.02	0.15	0.2
STAL	NDNT-STAL	2020-07-07 17:00:00.0	50.56822	22.04811	210.541	175.491	2,373.8	1.1	0.05	-0.52	0.14	0.15
STAL	NDNT-STAL	2020-07-07 17:30:00.0	50.56822	22.04811	210.541	175.491	2,371.5	1.1	-0.22	0.4	0.11	0.13
STAL	NDNT-STAL	2020-07-07 18:00:00.0	50.56822	22.04811	210.544	175.494	2,363.8	1.1	-0.39	0.44	0.12	0.14
STAL	NDNT-STAL	2020-07-07 18:30:00.0	50.56822	22.04811	210.544	175.494	2,360.5	1.1	-1.34	0.15	0.16	0.14
STRG	18994M001	2020-07-07 09:00:00.0	53.96631	18.53	136.272	106.864	2,369.8	1.1	-0.66	0.54	0.13	0.14
STRG	18994M001	2020-07-07 09:30:00.0	53.96631	18.53	136.272	106.864	2,371.2	1.2	-1.15	-0.02	0.16	0.17
STRG	18994M001	2020-07-07 10:00:00.0	53.96631	18.53	136.27	106.862	2,369.4	1.1	0.09	-0.12	0.14	0.16
STRG	18994M001	2020-07-07 10:30:00.0	53.96631	18.53	136.27	106.862	2,371.5	1.3	0.08	-0.57	0.15	0.18
STRG	18994M001	2020-07-07 11:00:00.0	53.96631	18.53	136.269	106.861	2,373.3	1.5	-0.14	0.37	0.24	0.16
STRG	18994M001	2020-07-07 11:30:00.0	53.96631	18.53	136.269	106.861	2,373.3	1.7	0.49	0.12	0.3	0.23
STRG	18994M001	2020-07-07 12:00:00.0	53.96631	18.53	136.273	106.865	2,378	1.5	1.33	-1.26	0.21	0.2
STRG	18994M001	2020-07-07 12:30:00.0	53.96631	18.53	136.273	106.865	2,384.7	1.4	0.25	-0.28	0.21	0.18
STRG	18994M001	2020-07-07 13:00:00.0	53.96631	18.53	136.272	106.864	2,394.8	1.1	-0.55	-0.01	0.13	0.14
STRG	18994M001	2020-07-07 13:30:00.0	53.96631	18.53	136.272	106.864	2,391.9	1.2	-0.33	-0.34	0.15	0.21
STRG	18994M001	2020-07-07 14:00:00.0	53.96631	18.53	136.27	106.862	2,390.4	1.2	-1.02	-0.12	0.19	0.18
STRG	18994M001	2020-07-07 14:30:00.0	53.96631	18.53	136.27	106.862	2,383.9	1.4	-0.26	0.44	0.25	0.22
STRG	18994M001	2020-07-07 15:00:00.0	53.96631	18.53	136.274	106.866	2,385.8	1.2	0.41	-0.46	0.16	0.18
STRG	18994M001	2020-07-07 15:30:00.0	53.96631	18.53	136.274	106.866	2,389.1	1.3	-0.31	-0.64	0.16	0.23
STRG	18994M001	2020-07-07 16:00:00.0	53.96631	18.53	136.274	106.866	2,388.9	1.1	-1.2	-0.4	0.14	0.16
STRG	18994M001	2020-07-07 16:30:00.0	53.96631	18.53	136.274	106.866	2,385.5	1.3	-1.22	-0.41	0.17	0.2
STRG	18994M001	2020-07-07 17:00:00.0	53.96631	18.53	136.275	106.867	2,389.4	1.1	-0.24	-0.17	0.15	0.18
STRG	18994M001	2020-07-07 17:30:00.0	53.96631	18.53	136.275	106.867	2,393.1	1.1	-0.57	-0.38	0.13	0.17
STRG	18994M001	2020-07-07 18:00:00.0	53.96631	18.53	136.271	106.863	2,390.7	1.1	-0.39	-0.41	0.16	0.16
STRG	18994M001	2020-07-07 18:30:00.0	53.96631	18.53	136.271	106.863	2,394.6	1.1	-0.22	0.07	0.16	0.16
STRW	NDNT-STRW	2020-07-07 09:00:00.0	49.86972	21.78831	286.869	251.118	2,395.9	1.2	-0.37	0.49	0.12	0.15
STRW	NDNT-STRW	2020-07-07 09:30:00.0	49.86972	21.78831	286.869	251.118	2,398.8	1.3	-0.41	2.82	0.15	0.17
STRW	NDNT-STRW	2020-07-07 10:00:00.0	49.86972	21.78831	286.867	251.116	2,377.1	1.1	-1	3.59	0.13	0.15
STRW	NDNT-STRW	2020-07-07 10:30:00.0	49.86972	21.78831	286.867	251.116	2,366.5	1.4	-0.72	1.46	0.22	0.21
STRW	NDNT-STRW	2020-07-07 11:00:00.0	49.86972	21.78831	286.861	251.11	2,361.4	1.6	-1.1	1.69	0.26	0.21
STRW	NDNT-STRW	2020-07-07 11:30:00.0	49.86972	21.78831	286.861	251.11	2,363	1.9	-1.05	1.32	0.32	0.3
STRW	NDNT-STRW	2020-07-07 12:00:00.0	49.86972	21.78831	286.856	251.105	2,367.8	1.4	-1.28	1.01	0.21	0.17
STRW	NDNT-STRW	2020-07-07 12:30:00.0	49.86972	21.78831	286.856	251.105	2,364.8	1.3	-1.07	1.68	0.16	0.19
STRW	NDNT-STRW	2020-07-07 13:00:00.0	49.86972	21.78831	286.854	251.103	2,364.2	1.2	0.16	1.47	0.15	0.15
STRW	NDNT-STRW	2020-07-07 13:30:00.0	49.86972	21.78831	286.854	251.103	2,368	1.4	-0.91	2.23	0.19	0.19
STRW	NDNT-STRW	2020-07-07 14:00:00.0	49.86972	21.78831	286.857	251.106	2,363.9	1.3	-1.22	0.52	0.22	0.21
STRW	NDNT-STRW	2020-07-07 14:30:00.0	49.86972	21.78831	286.857	251.106	2,364.7	1.7	-1.33	1.01	0.3	0.28
STRW	NDNT-STRW	2020-07-07 15:00:00.0	49.86972	21.78831	286.859	251.108	2,349.1	1.4	-0.81	0.03	0.23	0.18
STRW	NDNT-STRW	2020-07-07 15:30:00.0	49.86972	21.78831	286.859	251.108	2,350.5	1.4	-0.96	0.57	0.19	0.22
STRW	NDNT-STRW	2020-07-07 16:00:00.0	49.86972	21.78831	286.866	251.115	2,357	1.2	-0.79	0.44	0.16	0.18
STRW	NDNT-STRW	2020-07-07 16:30:00.0	49.86972	21.78831	286.866	251.115	2,364.9	1.4	-0.98	1.74	0.17	0.26
STRW	NDNT-STRW	2020-07-07 17:00:00.0	49.86972	21.78831	286.868	251.117	2,349.3	1.3	-0.37	1.21	0.18	0.2
STRW	NDNT-STRW	2020-07-07 17:30:00.0	49.86972	21.78831	286.868	251.117	2,359.6	1.3	-0.02	1.06	0.16	0.21
STRW	NDNT-STRW	2020-07-07 18:00:00.0	49.86972	21.78831	286.871	251.12	2,350.8	1.3	-0.05	0.31	0.17	0.16
STRW	NDNT-STRW	2020-07-07 18:30:00.0	49.86972	21.78831	286.871	251.12	2,352.2	1.3	-0.46	0.84	0.19	0.16
SULD	10113M001	2020-07-07 09:00:00.0	56.84175	9.74217	120.746	81.967	2,390	1.5	-1.67	0.2	0.19	0.19
SULD	10113M001	2020-07-07 09:30:00.0	56.84175	9.74217	120.746	81.967	2,389.4	1.7	-1.56	0.61	0.2	0.2
SULD	10113M001	2020-07-07 10:00:00.0	56.84175	9.74217	120.744	81.965	2,385.6	1.5	-1.9	0.53	0.18	0.2
SULD	10113M001	2020-07-07 10:30:00.0	56.84175	9.74217	120.744	81.965	2,375.6	1.7	-1.84	0.29	0.23	0.22
SULD	10113M001	2020-07-07 11:00:00.0	56.84175	9.74217	120.74	81.961	2,373.8	1.7	-1.98	0.97	0.25	0.18
SULD	10113M001	2020-07-07 11:30:00.0	56.84175	9.74217	120.74	81.961	2,373.8	1.9	-1.87	0.37	0.3	0.27
SULD	10113M001	2020-07-07 12:00:00.0	56.84175	9.74217	120.742	81.963	2,379.5	1.8	-0.63	0.52	0.22	0.23
SULD	10113M001	2020-07-07 12:30:00.0	56.84175	9.74217	120.742	81.963	2,377.3	1.8	-0.63	0.41	0.21	0.23
SULD	10113M001	2020-07-07 13:00:00.0	56.84175	9.74217	120.737	81.958	2,386.2	1.3	-0.54	-0.46	0.15	0.15
SULD	10113M001	2020-07-07 13:30:00.0	56.84175	9.74217	120.737	81.958	2,389.6	1.5	-0.79	-0.34	0.17	0.2
SULD	10113M001	2020-07-07 14:00:00.0	56.84175	9.74217	120.737	81.958	2,378.1	1.6	-0.45	-0.4	0.21	0.21
SULD	10113M001	2020-07-07 14:30:00.0	56.84175	9.74217	120.737	81.958	2,377	1.8	-0.93	-0.32	0.28	0.24
SULD	10113M001	2020-07-07 15:00:00.0	56.84175	9.74217	120.734	81.955	2,371.9	1.9	-1.37	-0.2	0.24	0.22
SULD	10113M001	2020-07-07 15:30:00.0	56.84175	9.74217	120.734	81.955	2,365.3	2.2	-1.17	0.26	0.28	0.32
SULD	10113M001	2020-07-07 16:00:00.0	56.84175	9.74217	120.73	81.951	2,356.8	1.5	-0.59	-0.52	0.17	0.19
SULD	10113M001	2020-07-07 16:30:00.0	56.84175	9.74217	120.73	81.951	2,354.1	1.6	-0.68	-0.53	0.18	0.23
SULD	10113M001	2020-07-07 17:00:00.0	56.84175	9.74217	120.738	81.959	2,353.2	1.3	-0.98	-0.31	0.16	0.22
SULD	10113M001	2020-07-07 17:30:00.0	56.84175	9.74217	120.738	81.959	2,350.9	1.4	-0.75	-0.16	0.14	0.24
SULD	10113M001	2020-07-07 18:00:00.0	56.84175	9.74217	120.739	81.96	2,355.5	1.6	-0.81	-0.53	0.2	0.25
SULD	10113M001	2020-07-07 18:30:00.0	56.84175	9.74217	120.739	81.96	2,354.2	1.7	-0.85	-0.3	0.2	0.26
SWIB	12293M001	2020-07-07 09:00:00.0	52.24792	15.53631	131.996	93.687	2,383.8	1.3	-1.36	-0.22	0.17	0.18
SWIB	12293M001	2020-07-07 09:30:00.0	52.24792	15.53631	131.996	93.687	2,379.6	1.4	-0.57	-0.4	0.2	0.18
SWIB	12293M001	2020-07-07 10:00:00.0	52.24792	15.53631	131.998	93.689	2,379.3	1.3	-0.98	-0.21	0.17	0.18
SWIB	12293M001	2020-07-07 10:30:00.0	52.24792	15.53631	131.998	93.689	2,383.7	1.5	-1.27	-0.48	0.22	0.23
SWIB	12293M001	2020-07-07 11:00:00.0	52.24792	15.53631	132.002	93.693	2,386	1.4	-0.8	-0.81	0.28	0.15
SWIB	12293M001	2020-07-07 11:30:00.0	52.24792	15.53631	132.002	93.693	2,384.6	1.9	-0.43	-1.03	0.33	0.25
SWIB	12293M001	2020-07-07 12:00:00.0	52.24792	15.53631	132.004	93.695	2,381.9	1.5	-0.36	-0.43	0.23	0.18
SWIB	12293M001	2020-07-07 12:30:00.0	52.24792	15.53631	132.004	93.695	2,383.6	1.5	-0.59	-0.4	0.23	0.21
SWIB	12293M001	2020-07-07 13:00:00.0	52.24792	15.53631	132.006	93.697	2,391.8	1.3	-0.45	-0.35	0.17	0.17
SWIB	12293M001	2020-07-07 13:30:00.0	52.24792	15.53631	132.006	93.697	2,389.1	1.5	0.06	0.03	0.26	0.26
SWIB	12293M001	2020-07-07 14:00:00.0	52.24792	15.53631	132.005	93.696	2,385.4	1.3	0.16	-0.08	0.21	0.21
SWIB	12293M001	2020-07-07 14:30:00.0	52.24792	15.53631	132.005	93.696	2,388.8	1.6	-0.12	-0.04	0.29	0.25
SWIB	12293M001	2020-07-07 15:00:00.0	52.24792	15.53631	132.004	93.695	2,385.8	1.4	-0.09	0.32	0.22	0.19
SWIB	12293M001	2020-07-07 15:30:00.0	52.24792	15.53631	132.004	93.695	2,384.9	1.6	0.04	0.05	0.22	0.28
SWIB	12293M001	2020-07-07 16:00:00.0	52.24792	15.53631	131.999	93.69	2,389.3	1.4	-0.57	-0.5	0.19	0.21
SWIB	12293M001	2020-07-07 16:30:00.0	52.24792	15.53631	131.999	93.69	2,387.4	1.4	-1.06	-0.56	0.21	0.23
SWIB	12293M001	2020-07-07 17:00:00.0	52.24792	15.53631	132.005	93.696	2,389.6	1.3	-0.22	-0.24	0.19	0.23
SWIB	12293M001	2020-07-07 17:30:00.0	52.24792	15.53631	132.005	93.696	2,389.1	1.4	-0.73	-0.16	0.19	0.27
SWIB	12293M001	2020-07-07 18:00:00.0	52.24792	15.53631	132.004	93.695	2,390.2	1.2	-0.33	-0.32	0.17	0.18
SWIB	12293M001	2020-07-07 18:30:00.0	52.24792	15.53631	132.004	93.695	2,391	1.3	-0.27	-0.73	0.17	0.19
SWKI	12228M001	2020-07-07 09:00:00.0	54.09861	22.92822	215.924	188.529	2,380.2	1.6	0.02	2.18	0.2	0.27
SWKI	12228M001	2020-07-07 09:30:00.0	54.09861	22.92822	215.924	188.529	2,374.8	1.5	-1.19	2.06	0.21	0.21
SWKI	12228M001	2020-07-07 10:00:00.0	54.09861	22.92822	215.905	188.51	2,374.6	1.7	-0.93	3.13	0.24	0.23
SWKI	12228M001	2020-07-07 13:00:00.0	54.09861	22.92822	215.924	188.529	2,380.3	1.2	-0.67	0.52	0.16	0.15
SWKI	12228M001	2020-07-07 13:30:00.0	54.09861	22.92822	215.924	188.529	2,378.2	1.3	-0.73	0.23	0.16	0.17
SWKI	12228M001	2020-07-07 14:00:00.0	54.09861	22.92822	215.924	188.529	2,358.6	1.2	-1.34	1.11	0.2	0.16
SWKI	12228M001	2020-07-07 14:30:00.0	54.09861	22.92822	215.924	188.529	2,363.6	1.4	-1.62	1.41	0.26	0.21
SWKI	12228M001	2020-07-07 15:00:00.0	54.09861	22.92822	215.927	188.532	2,357.1	1.2	0.24	1.71	0.15	0.16
SWKI	12228M001	2020-07-07 15:30:00.0	54.09861	22.92822	215.927	188.532	2,349.4	1.3	0.19	1.62	0.15	0.21
SWKI	12228M001	2020-07-07 16:00:00.0	54.09861	22.92822	215.929	188.534	2,353.4	1.1	0.07	0.84	0.13	0.18
SWKI	12228M001	2020-07-07 16:30:00.0	54.09861	22.92822	215.929	188.534	2,353	1.4	-0.3	2.27	0.17	0.27
SWKI	12228M001	2020-07-07 17:00:00.0	54.09861	22.92822	215.92	188.525	2,358.6	1.1	0.15	0.77	0.16	0.18
SWKI	12228M001	2020-07-07 17:30:00.0	54.09861	22.92822	215.92	188.525	2,353.9	1	-0.47	1.08	0.12	0.15
SWKI	12228M001	2020-07-07 18:00:00.0	54.09861	22.92822	215.922	188.527	2,349.8	1.5	0.69	0.09	0.2	0.25
SZE2	12294M001	2020-07-07 09:00:00.0	53.70019	16.70139	193.744	160.994	2,356	1.2	-0.22	-0.33	0.15	0.16
SZE2	12294M001	2020-07-07 09:30:00.0	53.70019	16.70139	193.744	160.994	2,363.3	1.3	-0.51	0.1	0.17	0.17
SZE2	12294M001	2020-07-07 10:00:00.0	53.70019	16.70139	193.74	160.99	2,367.5	1.2	-0.56	-0.51	0.15	0.16
SZE2	12294M001	2020-07-07 10:30:00.0	53.70019	16.70139	193.74	160.99	2,368.8	1.4	-0.81	-0.22	0.17	0.19
SZE2	12294M001	2020-07-07 11:00:00.0	53.70019	16.70139	193.744	160.994	2,378.2	1.4	-0.12	-0.78	0.26	0.15
SZE2	12294M001	2020-07-07 11:30:00.0	53.70019	16.70139	193.744	160.994	2,376.3	1.8	0.24	-0.65	0.31	0.24
SZE2	12294M001	2020-07-07 12:00:00.0	53.70019	16.70139	193.748	160.998	2,377.6	1.4	-0.54	0.61	0.17	0.17
SZE2	12294M001	2020-07-07 12:30:00.0	53.70019	16.70139	193.748	160.998	2,374.4	1.4	-0.24	0.02	0.18	0.15
SZE2	12294M001	2020-07-07 13:00:00.0	53.70019	16.70139	193.749	160.999	2,378.5	1.1	-0.34	0.43	0.14	0.14
SZE2	12294M001	2020-07-07 13:30:00.0	53.70019	16.70139	193.749	160.999	2,371	1.3	-0.71	-0.14	0.17	0.21
SZE2	12294M001	2020-07-07 14:00:00.0	53.70019	16.70139	193.744	160.994	2,369.8	1.3	-0.29	-0.7	0.21	0.2
SZE2	12294M001	2020-07-07 14:30:00.0	53.70019	16.70139	193.744	160.994	2,373.8	1.5	-0.79	0.12	0.27	0.23
SZE2	12294M001	2020-07-07 15:00:00.0	53.70019	16.70139	193.747	160.997	2,369.9	1.4	0.01	0.07	0.19	0.16
SZE2	12294M001	2020-07-07 15:30:00.0	53.70019	16.70139	193.747	160.997	2,373	1.5	0.05	-0.31	0.21	0.25
SZE2	12294M001	2020-07-07 16:00:00.0	53.70019	16.70139	193.748	160.998	2,374.9	1.3	-0.41	-0.71	0.15	0.17
SZE2	12294M001	2020-07-07 16:30:00.0	53.70019	16.70139	193.748	160.998	2,379.7	1.4	-0.68	-0.69	0.19	0.2
SZE2	12294M001	2020-07-07 17:00:00.0	53.70019	16.70139	193.75	161	2,380.7	1.2	-0.24	0.05	0.17	0.19
SZE2	12294M001	2020-07-07 17:30:00.0	53.70019	16.70139	193.75	161	2,373.4	1.2	-0.25	0.45	0.17	0.19
SZE2	12294M001	2020-07-07 18:00:00.0	53.70019	16.70139	193.745	160.995	2,365.5	1.2	-0.57	-0.45	0.17	0.18
SZE2	12294M001	2020-07-07 18:30:00.0	53.70019	16.70139	193.745	160.995	2,366.9	1.2	-0.36	-0.4	0.17	0.19
TABG	12295M001	2020-07-07 09:00:00.0	50.57097	21.67119	214.741	179.204	2,393.2	1.4	-0.87	4.02	0.19	0.2
TABG	12295M001	2020-07-07 09:30:00.0	50.57097	21.67119	214.741	179.204	2,386.5	1.5	-1.16	1.99	0.2	0.21
TABG	12295M001	2020-07-07 10:00:00.0	50.57097	21.67119	214.746	179.209	2,379.2	1.1	-1.11	0.48	0.14	0.15
TABG	12295M001	2020-07-07 10:30:00.0	50.57097	21.67119	214.746	179.209	2,379	1.4	-0.97	-0.39	0.22	0.2
TABG	12295M001	2020-07-07 11:00:00.0	50.57097	21.67119	214.743	179.206	2,377.7	1.4	-1.72	-0.57	0.26	0.18
TABG	12295M001	2020-07-07 11:30:00.0	50.57097	21.67119	214.743	179.206	2,376.2	1.6	-2.92	-0.03	0.3	0.23
TABG	12295M001	2020-07-07 12:00:00.0	50.57097	21.67119	214.741	179.204	2,378.9	1.4	-1.63	0.12	0.22	0.21
TABG	12295M001	2020-07-07 12:30:00.0	50.57097	21.67119	214.741	179.204	2,375	1.4	-0.34	-0.39	0.2	0.22
TABG	12295M001	2020-07-07 13:00:00.0	50.57097	21.67119	214.739	179.202	2,379.4	1.2	-0.53	0.06	0.17	0.16
TABG	12295M001	2020-07-07 13:30:00.0	50.57097	21.67119	214.739	179.202	2,373.4	1.4	0.01	-0.88	0.19	0.2
TABG	12295M001	2020-07-07 14:00:00.0	50.57097	21.67119	214.731	179.194	2,381.9	1.2	-0.4	-0.11	0.2	0.2
TABG	12295M001	2020-07-07 14:30:00.0	50.57097	21.67119	214.731	179.194	2,372.3	1.5	-0.3	-0.32	0.31	0.24
TABG	12295M001	2020-07-07 15:00:00.0	50.57097	21.67119	214.73	179.193	2,373	1.4	0.52	0.92	0.23	0.17
TABG	12295M001	2020-07-07 15:30:00.0	50.57097	21.67119	214.73	179.193	2,375.8	1.5	0.62	1.14	0.19	0.23
TABG	12295M001	2020-07-07 16:00:00.0	50.57097	21.67119	214.729	179.192	2,376.7	1.2	-0.66	1.08	0.15	0.19
TABG	12295M001	2020-07-07 16:30:00.0	50.57097	21.67119	214.729	179.192	2,375.9	1.3	-1.1	1.47	0.17	0.27
TABG	12295M001	2020-07-07 17:00:00.0	50.57097	21.67119	214.729	179.192	2,375.1	1.2	-0.83	0.47	0.18	0.2
TABG	12295M001	2020-07-07 17:30:00.0	50.57097	21.67119	214.729	179.192	2,364.9	1.2	-0.34	1.17	0.18	0.21
TABG	12295M001	2020-07-07 18:00:00.0	50.57097	21.67119	214.732	179.195	2,360.1	1.4	-0.82	0.33	0.21	0.22
TABG	12295M001	2020-07-07 18:30:00.0	50.57097	21.67119	214.732	179.195	2,362.1	1.4	-0.55	0.68	0.2	0.21
TAR1	12296M002	2020-07-07 09:00:00.0	50.45164	18.85814	352.068	311.357	2,332.9	1.5	-0.43	0.38	0.2	0.21
TAR1	12296M002	2020-07-07 09:30:00.0	50.45164	18.85814	352.068	311.357	2,333.1	1.5	0.33	0.08	0.21	0.22
TAR1	12296M002	2020-07-07 10:00:00.0	50.45164	18.85814	352.062	311.351	2,334.4	1.1	0.93	-0.04	0.18	0.18
TAR1	12296M002	2020-07-07 10:30:00.0	50.45164	18.85814	352.062	311.351	2,330.1	1.6	1.24	-0.21	0.32	0.27
TAR1	12296M002	2020-07-07 11:00:00.0	50.45164	18.85814	352.067	311.356	2,326.5	1.5	0.6	-0.11	0.32	0.2
TAR1	12296M002	2020-07-07 11:30:00.0	50.45164	18.85814	352.067	311.356	2,333.7	1.8	0.67	0.03	0.34	0.3
TAR1	12296M002	2020-07-07 12:00:00.0	50.45164	18.85814	352.072	311.361	2,336.1	1.6	0.06	0.19	0.24	0.19
TAR1	12296M002	2020-07-07 12:30:00.0	50.45164	18.85814	352.072	311.361	2,333.5	1.5	-0.13	-0.32	0.21	0.28
TAR1	12296M002	2020-07-07 13:00:00.0	50.45164	18.85814	352.066	311.355	2,336.1	1.5	-0.9	0.56	0.22	0.21
TAR1	12296M002	2020-07-07 13:30:00.0	50.45164	18.85814	352.066	311.355	2,332.7	1.5	-0.69	0.67	0.22	0.24
TAR1	12296M002	2020-07-07 14:00:00.0	50.45164	18.85814	352.07	311.359	2,331.6	1.3	-0.02	-0.58	0.2	0.21
TAR1	12296M002	2020-07-07 14:30:00.0	50.45164	18.85814	352.07	311.359	2,330.2	1.6	-0.26	-0.07	0.31	0.26
TAR1	12296M002	2020-07-07 15:00:00.0	50.45164	18.85814	352.069	311.358	2,325.5	1.6	0.9	1.04	0.26	0.19
TAR1	12296M002	2020-07-07 15:30:00.0	50.45164	18.85814	352.069	311.358	2,328.5	1.6	0.44	0.56	0.24	0.26
TAR1	12296M002	2020-07-07 16:00:00.0	50.45164	18.85814	352.069	311.358	2,327.8	1.3	-0.39	0.07	0.18	0.2
TAR1	12296M002	2020-07-07 16:30:00.0	50.45164	18.85814	352.069	311.358	2,330.4	1.4	0.29	0.12	0.19	0.28
TAR1	12296M002	2020-07-07 17:00:00.0	50.45164	18.85814	352.074	311.363	2,334	1.3	0.54	-0.41	0.19	0.23
TAR1	12296M002	2020-07-07 17:30:00.0	50.45164	18.85814	352.074	311.363	2,328.3	1.3	-0.33	0.46	0.18	0.26
TAR1	12296M002	2020-07-07 18:00:00.0	50.45164	18.85814	352.07	311.359	2,325.7	1.1	-1.13	-0.34	0.17	0.18
TAR1	12296M002	2020-07-07 18:30:00.0	50.45164	18.85814	352.07	311.359	2,325.5	1.2	-1.34	-0.02	0.19	0.18
TORU	12202M001	2020-07-07 09:00:00.0	53.01839	18.63494	118.376	88.516	2,382.6	1	-1.84	-0.33	0.11	0.12
TORU	12202M001	2020-07-07 09:30:00.0	53.01839	18.63494	118.376	88.516	2,388.6	1.1	-1.35	-0.21	0.13	0.13
TORU	12202M001	2020-07-07 10:00:00.0	53.01839	18.63494	118.372	88.512	2,383.7	1	-0.11	0.19	0.12	0.13
TORU	12202M001	2020-07-07 10:30:00.0	53.01839	18.63494	118.372	88.512	2,383.9	1.1	-0.2	-0.15	0.13	0.14
TORU	12202M001	2020-07-07 11:00:00.0	53.01839	18.63494	118.375	88.515	2,383	1.1	-1.76	0.15	0.22	0.12
TORU	12202M001	2020-07-07 11:30:00.0	53.01839	18.63494	118.375	88.515	2,375.2	1.4	-0.99	1.15	0.26	0.18
TORU	12202M001	2020-07-07 12:00:00.0	53.01839	18.63494	118.383	88.523	2,387.9	1.4	-1.02	0.14	0.19	0.16
TORU	12202M001	2020-07-07 12:30:00.0	53.01839	18.63494	118.383	88.523	2,388	1.4	-1.07	0.03	0.19	0.15
TORU	12202M001	2020-07-07 13:00:00.0	53.01839	18.63494	118.383	88.523	2,386.5	1	-0.49	-0.1	0.13	0.11
TORU	12202M001	2020-07-07 13:30:00.0	53.01839	18.63494	118.383	88.523	2,390.4	1.1	-0.38	-0.48	0.14	0.16
TORU	12202M001	2020-07-07 14:00:00.0	53.01839	18.63494	118.381	88.521	2,388	1	-0.28	-0.1	0.16	0.15
TORU	12202M001	2020-07-07 14:30:00.0	53.01839	18.63494	118.381	88.521	2,389.2	1.2	-1.03	0.36	0.23	0.19
TORU	12202M001	2020-07-07 15:00:00.0	53.01839	18.63494	118.385	88.525	2,384.8	1.1	-0.18	0.83	0.16	0.13
TORU	12202M001	2020-07-07 15:30:00.0	53.01839	18.63494	118.385	88.525	2,390.6	1.2	-0.06	0.66	0.14	0.19
TORU	12202M001	2020-07-07 16:00:00.0	53.01839	18.63494	118.386	88.526	2,390.9	1	-0.89	-0.22	0.12	0.13
TORU	12202M001	2020-07-07 16:30:00.0	53.01839	18.63494	118.386	88.526	2,389.5	1.2	-0.98	-1.29	0.15	0.17
TORU	12202M001	2020-07-07 17:00:00.0	53.01839	18.63494	118.384	88.524	2,393.9	1.1	-0.54	-0.28	0.15	0.17
TORU	12202M001	2020-07-07 17:30:00.0	53.01839	18.63494	118.384	88.524	2,395.8	1	-0.57	0.07	0.12	0.16
TORU	12202M001	2020-07-07 18:00:00.0	53.01839	18.63494	118.382	88.522	2,387.1	1	-0.23	0.07	0.13	0.13
TORU	12202M001	2020-07-07 18:30:00.0	53.01839	18.63494	118.382	88.522	2,384.7	1	-0.5	0.63	0.13	0.13
TRNW	12230M001	2020-07-07 09:00:00.0	50.01608	20.98414	277.074	239.849	2,364.7	1.1	-0.34	0.57	0.13	0.15
TRNW	12230M001	2020-07-07 09:30:00.0	50.01608	20.98414	277.074	239.849	2,362.9	1.2	-0.36	-0.06	0.16	0.15
TRNW	12230M001	2020-07-07 10:00:00.0	50.01608	20.98414	277.078	239.853	2,360.3	1.1	-0.53	-0.44	0.14	0.15
TRNW	12230M001	2020-07-07 10:30:00.0	50.01608	20.98414	277.078	239.853	2,360.6	1.4	-0.45	0.02	0.18	0.18
TRNW	12230M001	2020-07-07 11:00:00.0	50.01608	20.98414	277.071	239.846	2,360.4	1.3	-0.38	1.11	0.23	0.15
TRNW	12230M001	2020-07-07 11:30:00.0	50.01608	20.98414	277.071	239.846	2,358.3	1.5	-0.04	0.4	0.29	0.19
TRNW	12230M001	2020-07-07 12:00:00.0	50.01608	20.98414	277.062	239.837	2,364.2	1.3	-0.24	0.36	0.19	0.15
TRNW	12230M001	2020-07-07 12:30:00.0	50.01608	20.98414	277.062	239.837	2,367.2	1.2	-0.71	-0.08	0.15	0.17
TRNW	12230M001	2020-07-07 13:00:00.0	50.01608	20.98414	277.064	239.839	2,365.7	1.1	-0.22	-0.41	0.13	0.13
TRNW	12230M001	2020-07-07 13:30:00.0	50.01608	20.98414	277.064	239.839	2,369.1	1.2	-1	-0.03	0.16	0.17
TRNW	12230M001	2020-07-07 14:00:00.0	50.01608	20.98414	277.068	239.843	2,359	1.2	-0.39	0.82	0.18	0.18
TRNW	12230M001	2020-07-07 14:30:00.0	50.01608	20.98414	277.068	239.843	2,363.7	1.4	-0.41	0.75	0.27	0.22
TRNW	12230M001	2020-07-07 15:00:00.0	50.01608	20.98414	277.067	239.842	2,360.1	1.3	-0.54	-0.01	0.2	0.16
TRNW	12230M001	2020-07-07 15:30:00.0	50.01608	20.98414	277.067	239.842	2,357	1.3	-0.85	-0.4	0.17	0.2
TRNW	12230M001	2020-07-07 16:00:00.0	50.01608	20.98414	277.07	239.845	2,354.8	1.1	-0.63	0.15	0.15	0.15
TRNW	12230M001	2020-07-07 16:30:00.0	50.01608	20.98414	277.07	239.845	2,356.6	1.3	0	0.64	0.15	0.2
TRNW	12230M001	2020-07-07 17:00:00.0	50.01608	20.98414	277.074	239.849	2,346.2	1.2	-0.33	-0.13	0.17	0.18
TRNW	12230M001	2020-07-07 17:30:00.0	50.01608	20.98414	277.074	239.849	2,345.8	1.1	-0.43	0.42	0.13	0.16
TRNW	12230M001	2020-07-07 18:00:00.0	50.01608	20.98414	277.075	239.85	2,344	1.1	-0.49	0.33	0.15	0.15
TRNW	12230M001	2020-07-07 18:30:00.0	50.01608	20.98414	277.075	239.85	2,343.2	1.2	-0.58	0	0.18	0.16
TRZ1	NDNT-TRZE	2020-07-07 09:00:00.0	50.16033	19.46908	373.723	332.794	2,329.7	1.1	-0.09	0.66	0.14	0.15
TRZ1	NDNT-TRZE	2020-07-07 09:30:00.0	50.16033	19.46908	373.723	332.794	2,329.3	1.2	-0.25	0.67	0.16	0.15
TRZ1	NDNT-TRZE	2020-07-07 10:00:00.0	50.16033	19.46908	373.724	332.795	2,328.7	1.1	-0.24	0.54	0.14	0.15
TRZ1	NDNT-TRZE	2020-07-07 10:30:00.0	50.16033	19.46908	373.724	332.795	2,326.8	1.3	0.23	-0.02	0.19	0.18
TRZ1	NDNT-TRZE	2020-07-07 11:00:00.0	50.16033	19.46908	373.728	332.799	2,325.4	1.2	-0.2	0.17	0.23	0.13
TRZ1	NDNT-TRZE	2020-07-07 11:30:00.0	50.16033	19.46908	373.728	332.799	2,320.5	1.6	0.88	0.18	0.3	0.2
TRZ1	NDNT-TRZE	2020-07-07 12:00:00.0	50.16033	19.46908	373.725	332.796	2,331.2	1.4	0.15	0.16	0.2	0.16
TRZ1	NDNT-TRZE	2020-07-07 12:30:00.0	50.16033	19.46908	373.725	332.796	2,326.5	1.3	-0.52	0.05	0.16	0.18
TRZ1	NDNT-TRZE	2020-07-07 13:00:00.0	50.16033	19.46908	373.725	332.796	2,329.9	1.1	0.27	-0.25	0.14	0.14
TRZ1	NDNT-TRZE	2020-07-07 13:30:00.0	50.16033	19.46908	373.725	332.796	2,334.3	1.3	0.02	0.28	0.17	0.19
TRZ1	NDNT-TRZE	2020-07-07 14:00:00.0	50.16033	19.46908	373.728	332.799	2,323.6	1.2	0.37	-0.39	0.18	0.2
TRZ1	NDNT-TRZE	2020-07-07 14:30:00.0	50.16033	19.46908	373.728	332.799	2,325.7	1.5	0.16	-1.15	0.29	0.25
TRZ1	NDNT-TRZE	2020-07-07 15:00:00.0	50.16033	19.46908	373.72	332.791	2,326.3	1.4	-0.34	-1.6	0.21	0.18
TRZ1	NDNT-TRZE	2020-07-07 15:30:00.0	50.16033	19.46908	373.72	332.791	2,322.1	1.4	-0.58	-0.76	0.19	0.22
TRZ1	NDNT-TRZE	2020-07-07 16:00:00.0	50.16033	19.46908	373.723	332.794	2,326.6	1.2	-0.13	-0.22	0.15	0.17
TRZ1	NDNT-TRZE	2020-07-07 16:30:00.0	50.16033	19.46908	373.723	332.794	2,327.5	1.3	-0.02	0.3	0.17	0.23
TRZ1	NDNT-TRZE	2020-07-07 17:00:00.0	50.16033	19.46908	373.73	332.801	2,323.1	1.2	-1.32	0.68	0.17	0.19
TRZ1	NDNT-TRZE	2020-07-07 17:30:00.0	50.16033	19.46908	373.73	332.801	2,325.7	1.1	-0.84	1.12	0.14	0.18
TRZ1	NDNT-TRZE	2020-07-07 18:00:00.0	50.16033	19.46908	373.731	332.802	2,321.3	1.2	0.14	0.65	0.16	0.17
TRZ1	NDNT-TRZE	2020-07-07 18:30:00.0	50.16033	19.46908	373.731	332.802	2,327.3	1.2	-0.25	0.42	0.18	0.17
TUBO	11503M001	2020-07-07 09:00:00.0	49.20589	16.59283	324.59	279.848	2,347	1.3	-0.28	-0.14	0.16	0.16
TUBO	11503M001	2020-07-07 09:30:00.0	49.20589	16.59283	324.59	279.848	2,348.2	1.2	-0.21	-0.55	0.17	0.15
TUBO	11503M001	2020-07-07 10:00:00.0	49.20589	16.59283	324.591	279.849	2,339.8	1.2	-0.74	0.22	0.13	0.16
TUBO	11503M001	2020-07-07 10:30:00.0	49.20589	16.59283	324.591	279.849	2,345.8	1.4	-0.68	-0.43	0.2	0.19
TUBO	11503M001	2020-07-07 11:00:00.0	49.20589	16.59283	324.598	279.856	2,354.2	1.3	-1.21	-0.83	0.26	0.13
TUBO	11503M001	2020-07-07 11:30:00.0	49.20589	16.59283	324.598	279.856	2,343.8	1.8	-1.66	-0.88	0.31	0.23
TUBO	11503M001	2020-07-07 12:00:00.0	49.20589	16.59283	324.6	279.858	2,346.8	1.4	-0.92	-1.45	0.21	0.15
TUBO	11503M001	2020-07-07 12:30:00.0	49.20589	16.59283	324.6	279.858	2,351.2	1.3	-0.67	-0.39	0.15	0.15
TUBO	11503M001	2020-07-07 13:00:00.0	49.20589	16.59283	324.603	279.861	2,348.5	1.5	-0.78	-0.29	0.18	0.23
TUBO	11503M001	2020-07-07 14:00:00.0	49.20589	16.59283	324.6	279.858	2,345.2	1.6	-0.11	-0.6	0.25	0.23
TUBO	11503M001	2020-07-07 14:30:00.0	49.20589	16.59283	324.6	279.858	2,342.4	1.6	0.71	-0.85	0.32	0.26
TUBO	11503M001	2020-07-07 15:00:00.0	49.20589	16.59283	324.6	279.858	2,341.8	2.2	0.67	-1.17	0.41	0.32
TUBO	11503M001	2020-07-07 16:00:00.0	49.20589	16.59283	324.588	279.846	2,346.5	1.4	-0.8	-0.91	0.18	0.21
TUBO	11503M001	2020-07-07 16:30:00.0	49.20589	16.59283	324.588	279.846	2,349.7	1.4	-0.93	-0.1	0.18	0.2
TUBO	11503M001	2020-07-07 17:00:00.0	49.20589	16.59283	324.585	279.843	2,351.5	1.2	-0.4	-0.34	0.16	0.17
TUBO	11503M001	2020-07-07 17:30:00.0	49.20589	16.59283	324.585	279.843	2,351.4	1.2	-0.37	-0.14	0.15	0.17
TUBO	11503M001	2020-07-07 18:00:00.0	49.20589	16.59283	324.58	279.838	2,352.8	1.2	-1.02	0.23	0.16	0.16
TUBO	11503M001	2020-07-07 18:30:00.0	49.20589	16.59283	324.58	279.838	2,355.7	1.4	-0.57	0.23	0.18	0.18
USDL	12229M001	2020-07-07 09:00:00.0	49.43292	22.58578	529.751	494.145	2,340.2	1.6	-0.37	-0.71	0.22	0.3
USDL	12229M001	2020-07-07 09:30:00.0	49.43292	22.58578	529.751	494.145	2,336.3	1.6	-0.41	-1.26	0.22	0.27
USDL	12229M001	2020-07-07 10:00:00.0	49.43292	22.58578	529.767	494.161	2,330.2	1.6	-0.72	-0.51	0.21	0.25
USDL	12229M001	2020-07-07 13:00:00.0	49.43292	22.58578	529.758	494.152	2,306.8	1.4	-0.88	0.78	0.21	0.16
USDL	12229M001	2020-07-07 13:30:00.0	49.43292	22.58578	529.758	494.152	2,314.6	1.5	-0.39	0.74	0.24	0.2
USDL	12229M001	2020-07-07 14:00:00.0	49.43292	22.58578	529.751	494.145	2,297	1.4	-1.7	1.46	0.23	0.22
USDL	12229M001	2020-07-07 14:30:00.0	49.43292	22.58578	529.751	494.145	2,288.8	1.8	-1.27	1.19	0.31	0.28
USDL	12229M001	2020-07-07 15:00:00.0	49.43292	22.58578	529.746	494.14	2,287	1.6	-1.08	0.78	0.25	0.18
USDL	12229M001	2020-07-07 15:30:00.0	49.43292	22.58578	529.746	494.14	2,286.4	1.7	0.02	0.43	0.22	0.22
USDL	12229M001	2020-07-07 16:00:00.0	49.43292	22.58578	529.748	494.142	2,287.4	1.3	-0.14	0.53	0.17	0.19
USDL	12229M001	2020-07-07 16:30:00.0	49.43292	22.58578	529.748	494.142	2,292.6	1.4	0.71	-0.47	0.17	0.28
USDL	12229M001	2020-07-07 17:00:00.0	49.43292	22.58578	529.749	494.143	2,290.2	1.3	-0.72	0.31	0.18	0.2
USDL	12229M001	2020-07-07 17:30:00.0	49.43292	22.58578	529.749	494.143	2,286.8	1.3	-0.64	-0.34	0.16	0.19
USDL	12229M001	2020-07-07 18:00:00.0	49.43292	22.58578	529.758	494.152	2,291.1	1.7	-0.8	-0.46	0.26	0.29
VLNS	10801M001	2020-07-07 09:00:00.0	54.65314	25.29867	240.909	215.942	2,375.4	1.1	-0.7	0.72	0.12	0.13
VLNS	10801M001	2020-07-07 09:30:00.0	54.65314	25.29867	240.909	215.942	2,379.6	1.2	-0.62	0.8	0.16	0.15
VLNS	10801M001	2020-07-07 10:00:00.0	54.65314	25.29867	240.9	215.933	2,388.2	1.1	-0.1	0.63	0.14	0.14
VLNS	10801M001	2020-07-07 10:30:00.0	54.65314	25.29867	240.9	215.933	2,390.3	1.5	0.35	0.62	0.17	0.21
VLNS	10801M001	2020-07-07 11:00:00.0	54.65314	25.29867	240.904	215.937	2,383.7	1.3	0.19	2.38	0.23	0.15
VLNS	10801M001	2020-07-07 11:30:00.0	54.65314	25.29867	240.904	215.937	2,381.6	1.6	0.18	1.91	0.25	0.22
VLNS	10801M001	2020-07-07 12:00:00.0	54.65314	25.29867	240.907	215.94	2,392.6	1.5	-0.34	1.49	0.18	0.17
VLNS	10801M001	2020-07-07 12:30:00.0	54.65314	25.29867	240.907	215.94	2,392	1.4	-0.8	1.78	0.14	0.17
VLNS	10801M001	2020-07-07 13:00:00.0	54.65314	25.29867	240.91	215.943	2,384.9	1	-0.77	1.44	0.13	0.13
VLNS	10801M001	2020-07-07 13:30:00.0	54.65314	25.29867	240.91	215.943	2,387.1	1.1	-0.74	1.76	0.13	0.15
VLNS	10801M001	2020-07-07 14:00:00.0	54.65314	25.29867	240.914	215.947	2,370.2	1.2	0.11	1.16	0.19	0.15
VLNS	10801M001	2020-07-07 14:30:00.0	54.65314	25.29867	240.914	215.947	2,375.7	1.3	0.05	1.36	0.25	0.19
VLNS	10801M001	2020-07-07 15:00:00.0	54.65314	25.29867	240.918	215.951	2,369.4	1.1	-0.91	1.2	0.14	0.15
VLNS	10801M001	2020-07-07 15:30:00.0	54.65314	25.29867	240.918	215.951	2,372.2	1.2	-0.74	2.05	0.12	0.18
VLNS	10801M001	2020-07-07 16:00:00.0	54.65314	25.29867	240.918	215.951	2,364.3	1.1	-0.67	2.52	0.12	0.16
VLNS	10801M001	2020-07-07 16:30:00.0	54.65314	25.29867	240.918	215.951	2,356	1.4	-0.64	1.9	0.16	0.23
VLNS	10801M001	2020-07-07 17:00:00.0	54.65314	25.29867	240.908	215.941	2,363.3	1.1	-0.43	2.34	0.14	0.18
VLNS	10801M001	2020-07-07 17:30:00.0	54.65314	25.29867	240.908	215.941	2,359.1	1	-0.55	1.89	0.11	0.14
VLNS	10801M001	2020-07-07 18:00:00.0	54.65314	25.29867	240.907	215.94	2,356.2	1	-0.33	1.59	0.13	0.14
VLNS	10801M001	2020-07-07 18:30:00.0	54.65314	25.29867	240.907	215.94	2,354.7	1	-0.55	1.36	0.12	0.11
WADO	NDNT-WADO	2020-07-07 09:00:00.0	49.88408	19.48592	329.965	288.451	2,347.8	1.5	-0.1	-0.08	0.21	0.21
WADO	NDNT-WADO	2020-07-07 09:30:00.0	49.88408	19.48592	329.965	288.451	2,351.4	1.4	0.12	0.77	0.21	0.19
WADO	NDNT-WADO	2020-07-07 10:00:00.0	49.88408	19.48592	329.962	288.448	2,346.3	1.1	-0.79	0.68	0.15	0.17
WADO	NDNT-WADO	2020-07-07 10:30:00.0	49.88408	19.48592	329.962	288.448	2,345.8	1.3	-1.06	1.05	0.2	0.19
WADO	NDNT-WADO	2020-07-07 11:00:00.0	49.88408	19.48592	329.972	288.458	2,341.2	1.4	-0.47	-0.74	0.27	0.16
WADO	NDNT-WADO	2020-07-07 11:30:00.0	49.88408	19.48592	329.972	288.458	2,349.8	1.7	0.51	-0.49	0.31	0.23
WADO	NDNT-WADO	2020-07-07 12:00:00.0	49.88408	19.48592	329.979	288.465	2,342.8	1.6	-0.68	1.14	0.24	0.22
WADO	NDNT-WADO	2020-07-07 12:30:00.0	49.88408	19.48592	329.979	288.465	2,339	1.4	-0.23	0.43	0.21	0.23
WADO	NDNT-WADO	2020-07-07 13:00:00.0	49.88408	19.48592	329.976	288.462	2,338.6	1.4	-0.77	1.05	0.18	0.22
WADO	NDNT-WADO	2020-07-07 13:30:00.0	49.88408	19.48592	329.976	288.462	2,334.6	1.7	-1.47	0.15	0.3	0.3
WADO	NDNT-WADO	2020-07-07 14:00:00.0	49.88408	19.48592	329.983	288.469	2,336.9	1.4	-1.13	-0.21	0.28	0.23
WADO	NDNT-WADO	2020-07-07 14:30:00.0	49.88408	19.48592	329.983	288.469	2,334.8	1.8	-0.84	-0.33	0.36	0.31
WADO	NDNT-WADO	2020-07-07 15:00:00.0	49.88408	19.48592	329.989	288.475	2,333.1	1.5	0.02	-0.86	0.23	0.26
WADO	NDNT-WADO	2020-07-07 15:30:00.0	49.88408	19.48592	329.989	288.475	2,334.8	1.5	0.05	-0.46	0.22	0.33
WADO	NDNT-WADO	2020-07-07 16:00:00.0	49.88408	19.48592	329.986	288.472	2,339.6	1.4	0.3	-0.82	0.21	0.26
WADO	NDNT-WADO	2020-07-07 16:30:00.0	49.88408	19.48592	329.986	288.472	2,339.8	1.6	0.17	-1.05	0.23	0.35
WADO	NDNT-WADO	2020-07-07 17:00:00.0	49.88408	19.48592	329.987	288.473	2,345.3	1.3	0.98	-0.47	0.21	0.26
WADO	NDNT-WADO	2020-07-07 17:30:00.0	49.88408	19.48592	329.987	288.473	2,343.9	1.4	0.82	-1.16	0.26	0.3
WADO	NDNT-WADO	2020-07-07 18:00:00.0	49.88408	19.48592	329.972	288.458	2,338.8	1.4	1.15	-0.11	0.21	0.22
WADO	NDNT-WADO	2020-07-07 18:30:00.0	49.88408	19.48592	329.972	288.458	2,337.4	1.4	1.75	0.19	0.2	0.21
WARN	14277M002	2020-07-07 09:00:00.0	54.16978	12.10142	50.809	12.67	2,415.1	1.3	-0.74	-0.12	0.16	0.17
WARN	14277M002	2020-07-07 09:30:00.0	54.16978	12.10142	50.809	12.67	2,413.7	1.4	-0.53	0.77	0.17	0.18
WARN	14277M002	2020-07-07 10:00:00.0	54.16978	12.10142	50.806	12.667	2,407.2	1.4	-0.4	0.41	0.17	0.2
WARN	14277M002	2020-07-07 10:30:00.0	54.16978	12.10142	50.806	12.667	2,408.5	1.6	-0.83	0.13	0.19	0.2
WARN	14277M002	2020-07-07 11:00:00.0	54.16978	12.10142	50.811	12.672	2,409.9	1.5	-0.01	0.17	0.22	0.15
WARN	14277M002	2020-07-07 11:30:00.0	54.16978	12.10142	50.811	12.672	2,419	1.8	-0.48	0.42	0.27	0.24
WARN	14277M002	2020-07-07 12:00:00.0	54.16978	12.10142	50.816	12.677	2,419.7	1.6	-0.93	0.39	0.18	0.2
WARN	14277M002	2020-07-07 12:30:00.0	54.16978	12.10142	50.816	12.677	2,419.5	1.5	-0.64	0.24	0.19	0.18
WARN	14277M002	2020-07-07 13:00:00.0	54.16978	12.10142	50.813	12.674	2,429	1.1	-0.97	-1.36	0.12	0.13
WARN	14277M002	2020-07-07 13:30:00.0	54.16978	12.10142	50.813	12.674	2,435.1	1.3	-0.66	-1.46	0.16	0.21
WARN	14277M002	2020-07-07 14:00:00.0	54.16978	12.10142	50.809	12.67	2,438	1.3	-0.85	-0.3	0.17	0.19
WARN	14277M002	2020-07-07 14:30:00.0	54.16978	12.10142	50.809	12.67	2,441.3	1.5	-0.27	-1.6	0.24	0.21
WARN	14277M002	2020-07-07 15:00:00.0	54.16978	12.10142	50.808	12.669	2,436.9	1.4	-1.26	-0.71	0.17	0.16
WARN	14277M002	2020-07-07 15:30:00.0	54.16978	12.10142	50.808	12.669	2,438.8	1.6	-0.99	-1.3	0.21	0.25
WARN	14277M002	2020-07-07 16:00:00.0	54.16978	12.10142	50.8	12.661	2,460.2	1.3	-1.27	-0.98	0.16	0.18
WARN	14277M002	2020-07-07 16:30:00.0	54.16978	12.10142	50.8	12.661	2,463.6	1.4	-1.47	-0.14	0.19	0.21
WARN	14277M002	2020-07-07 17:00:00.0	54.16978	12.10142	50.809	12.67	2,454.8	1.2	-2.17	-0.18	0.15	0.18
WARN	14277M002	2020-07-07 17:30:00.0	54.16978	12.10142	50.809	12.67	2,450.5	1.2	-2.36	0.32	0.15	0.21
WARN	14277M002	2020-07-07 18:00:00.0	54.16978	12.10142	50.806	12.667	2,435.4	1.2	-1.87	0.6	0.15	0.18
WARN	14277M002	2020-07-07 18:30:00.0	54.16978	12.10142	50.806	12.667	2,432.4	1.3	-1.59	-0.18	0.14	0.19
WAT1	12297M001	2020-07-07 09:00:00.0	52.25383	20.90383	151.654	120.307	2,390.7	1.1	-1.42	0.62	0.15	0.15
WAT1	12297M001	2020-07-07 09:30:00.0	52.25383	20.90383	151.654	120.307	2,387	1.2	-1.5	0.68	0.17	0.17
WAT1	12297M001	2020-07-07 10:00:00.0	52.25383	20.90383	151.653	120.306	2,387.2	1.1	-0.79	0.44	0.15	0.17
WAT1	12297M001	2020-07-07 10:30:00.0	52.25383	20.90383	151.653	120.306	2,384.3	1.4	-0.63	0.18	0.21	0.25
WAT1	12297M001	2020-07-07 11:00:00.0	52.25383	20.90383	151.657	120.31	2,381.8	1.2	-0.38	0.57	0.26	0.15
WAT1	12297M001	2020-07-07 11:30:00.0	52.25383	20.90383	151.657	120.31	2,381.7	1.6	0.11	0.19	0.3	0.22
WAT1	12297M001	2020-07-07 12:00:00.0	52.25383	20.90383	151.657	120.31	2,385.7	1.4	-0.27	0.49	0.22	0.21
WAT1	12297M001	2020-07-07 12:30:00.0	52.25383	20.90383	151.657	120.31	2,379.3	1.3	-1.53	-0.56	0.18	0.2
WAT1	12297M001	2020-07-07 13:00:00.0	52.25383	20.90383	151.657	120.31	2,389.1	1.3	-1.08	-0.34	0.18	0.2
WAT1	12297M001	2020-07-07 13:30:00.0	52.25383	20.90383	151.657	120.31	2,388.3	1.5	-0.54	-0.08	0.23	0.25
WAT1	12297M001	2020-07-07 14:00:00.0	52.25383	20.90383	151.656	120.309	2,380.9	1.4	-0.37	0.03	0.23	0.21
WAT1	12297M001	2020-07-07 14:30:00.0	52.25383	20.90383	151.656	120.309	2,389.4	1.6	-0.9	-0.57	0.29	0.26
WAT1	12297M001	2020-07-07 15:00:00.0	52.25383	20.90383	151.654	120.307	2,387	1.4	0.14	-1.38	0.25	0.18
WAT1	12297M001	2020-07-07 15:30:00.0	52.25383	20.90383	151.654	120.307	2,385.8	1.6	1.05	-0.46	0.28	0.23
WAT1	12297M001	2020-07-07 16:00:00.0	52.25383	20.90383	151.65	120.303	2,380.4	1.2	0.1	-0.59	0.18	0.19
WAT1	12297M001	2020-07-07 16:30:00.0	52.25383	20.90383	151.65	120.303	2,382.8	1.5	0.22	-1.4	0.2	0.3
WAT1	12297M001	2020-07-07 17:00:00.0	52.25383	20.90383	151.653	120.306	2,379	1.2	-1.27	0.31	0.19	0.22
WAT1	12297M001	2020-07-07 17:30:00.0	52.25383	20.90383	151.653	120.306	2,375.3	1.1	-1.11	0.28	0.21	0.22
WAT1	12297M001	2020-07-07 18:00:00.0	52.25383	20.90383	151.652	120.305	2,373.5	1.2	-0.16	0.36	0.19	0.18
WAT1	12297M001	2020-07-07 18:30:00.0	52.25383	20.90383	151.652	120.305	2,378.8	1.2	-0.39	0.09	0.19	0.19
WIEL	18968M001	2020-07-07 09:00:00.0	51.21936	18.57175	233.931	196.058	2,357.7	1.6	-0.04	0.84	0.23	0.24
WIEL	18968M001	2020-07-07 09:30:00.0	51.21936	18.57175	233.931	196.058	2,356.4	1.6	-0.35	1.26	0.25	0.24
WIEL	18968M001	2020-07-07 10:00:00.0	51.21936	18.57175	233.927	196.054	2,359.2	1.3	-1.3	1.34	0.19	0.21
WIEL	18968M001	2020-07-07 10:30:00.0	51.21936	18.57175	233.927	196.054	2,358.4	1.7	-1.2	1.84	0.25	0.3
WIEL	18968M001	2020-07-07 11:00:00.0	51.21936	18.57175	233.919	196.046	2,362.6	1.4	1.35	1.18	0.27	0.16
WIEL	18968M001	2020-07-07 11:30:00.0	51.21936	18.57175	233.919	196.046	2,368.8	1.7	1.96	2.11	0.32	0.26
WIEL	18968M001	2020-07-07 12:00:00.0	51.21936	18.57175	233.929	196.056	2,369.5	1.8	0.81	2.86	0.27	0.26
WIEL	18968M001	2020-07-07 12:30:00.0	51.21936	18.57175	233.929	196.056	2,372.3	1.6	-0.02	1.6	0.22	0.24
WIEL	18968M001	2020-07-07 13:00:00.0	51.21936	18.57175	233.921	196.048	2,369.8	1.4	0.38	1.34	0.2	0.24
WIEL	18968M001	2020-07-07 13:30:00.0	51.21936	18.57175	233.921	196.048	2,376.2	1.9	1.64	1.04	0.32	0.34
WIEL	18968M001	2020-07-07 14:00:00.0	51.21936	18.57175	233.906	196.033	2,375.2	1.4	-0.11	2.36	0.29	0.24
WIEL	18968M001	2020-07-07 14:30:00.0	51.21936	18.57175	233.906	196.033	2,360.8	1.8	0.4	1.78	0.38	0.3
WIEL	18968M001	2020-07-07 15:00:00.0	51.21936	18.57175	233.897	196.024	2,369.9	1.7	-0.22	0.44	0.29	0.28
WIEL	18968M001	2020-07-07 15:30:00.0	51.21936	18.57175	233.897	196.024	2,363.9	1.8	-0.18	0.93	0.29	0.36
WIEL	18968M001	2020-07-07 16:00:00.0	51.21936	18.57175	233.906	196.033	2,362.7	1.3	-0.44	0.61	0.19	0.23
WIEL	18968M001	2020-07-07 16:30:00.0	51.21936	18.57175	233.906	196.033	2,364.6	1.5	-1.42	1.27	0.21	0.29
WIEL	18968M001	2020-07-07 17:00:00.0	51.21936	18.57175	233.906	196.033	2,363	1.3	-0.93	0.27	0.19	0.23
WIEL	18968M001	2020-07-07 17:30:00.0	51.21936	18.57175	233.906	196.033	2,365.8	1.3	-1.5	0.03	0.21	0.24
WIEL	18968M001	2020-07-07 18:00:00.0	51.21936	18.57175	233.913	196.04	2,361.4	1.3	-1.46	0.19	0.2	0.21
WIEL	18968M001	2020-07-07 18:30:00.0	51.21936	18.57175	233.913	196.04	2,359.8	1.3	-1.9	0.47	0.21	0.2
WLAD	12222M001	2020-07-07 09:00:00.0	54.79675	18.41875	34.763	5.883	2,396	1.2	-0.18	-0.37	0.16	0.17
WLAD	12222M001	2020-07-07 09:30:00.0	54.79675	18.41875	34.763	5.883	2,402.7	1.3	0.17	0.01	0.18	0.17
WLAD	12222M001	2020-07-07 10:00:00.0	54.79675	18.41875	34.762	5.882	2,407.8	1.1	-0.31	-0.88	0.16	0.18
WLAD	12222M001	2020-07-07 10:30:00.0	54.79675	18.41875	34.762	5.882	2,407.8	1.5	-0.41	-0.72	0.18	0.26
WLAD	12222M001	2020-07-07 11:00:00.0	54.79675	18.41875	34.764	5.884	2,399.9	1.8	-0.77	-0.16	0.27	0.22
WLAD	12222M001	2020-07-07 11:30:00.0	54.79675	18.41875	34.764	5.884	2,401.3	2	-1.42	-0.48	0.34	0.3
WLAD	12222M001	2020-07-07 12:00:00.0	54.79675	18.41875	34.768	5.888	2,397.8	1.6	-0.83	0.14	0.23	0.22
WLAD	12222M001	2020-07-07 12:30:00.0	54.79675	18.41875	34.768	5.888	2,398.8	1.5	-0.55	-0.68	0.21	0.2
WLAD	12222M001	2020-07-07 13:00:00.0	54.79675	18.41875	34.763	5.883	2,412.4	1.1	-0.67	-1.12	0.13	0.16
WLAD	12222M001	2020-07-07 13:30:00.0	54.79675	18.41875	34.763	5.883	2,414.7	1.3	-0.54	-0.33	0.18	0.23
WLAD	12222M001	2020-07-07 14:00:00.0	54.79675	18.41875	34.767	5.887	2,408.7	1.2	-1.22	-0.29	0.2	0.19
WLAD	12222M001	2020-07-07 14:30:00.0	54.79675	18.41875	34.767	5.887	2,409.4	1.4	-0.96	-0.03	0.26	0.23
WLAD	12222M001	2020-07-07 15:00:00.0	54.79675	18.41875	34.767	5.887	2,407.6	1.4	-0.39	0.61	0.2	0.21
WLAD	12222M001	2020-07-07 15:30:00.0	54.79675	18.41875	34.767	5.887	2,406.9	1.4	-0.2	0.87	0.21	0.26
WLAD	12222M001	2020-07-07 16:00:00.0	54.79675	18.41875	34.765	5.885	2,401.5	1.2	-0.25	0.69	0.16	0.18
WLAD	12222M001	2020-07-07 16:30:00.0	54.79675	18.41875	34.765	5.885	2,401.5	1.4	-0.07	-0.26	0.22	0.25
WLAD	12222M001	2020-07-07 17:00:00.0	54.79675	18.41875	34.762	5.882	2,402.5	1.2	-0.76	-0.34	0.17	0.21
WLAD	12222M001	2020-07-07 17:30:00.0	54.79675	18.41875	34.762	5.882	2,405.8	1.2	-0.3	0.18	0.16	0.21
WLAD	12222M001	2020-07-07 18:00:00.0	54.79675	18.41875	34.762	5.882	2,399.1	1.1	-0.37	0.46	0.18	0.18
WLAD	12222M001	2020-07-07 18:30:00.0	54.79675	18.41875	34.762	5.882	2,397.4	1.2	-0.57	0.35	0.18	0.18
WLDW	12299M001	2020-07-07 09:00:00.0	51.54528	23.55719	210.967	182.312	2,409.8	1.3	-0.35	-0.58	0.15	0.15
WLDW	12299M001	2020-07-07 09:30:00.0	51.54528	23.55719	210.967	182.312	2,411.2	1.4	-0.46	-1.48	0.17	0.16
WLDW	12299M001	2020-07-07 10:00:00.0	51.54528	23.55719	210.975	182.32	2,406.9	1.2	-0.94	-0.6	0.14	0.13
WLDW	12299M001	2020-07-07 10:30:00.0	51.54528	23.55719	210.975	182.32	2,410.3	1.6	-0.86	0.16	0.27	0.18
WLDW	12299M001	2020-07-07 11:00:00.0	51.54528	23.55719	210.966	182.311	2,401	1.3	-1.3	0.22	0.29	0.16
WLDW	12299M001	2020-07-07 11:30:00.0	51.54528	23.55719	210.966	182.311	2,401.8	1.6	-1.34	-0.06	0.31	0.19
WLDW	12299M001	2020-07-07 12:00:00.0	51.54528	23.55719	210.962	182.307	2,410.4	1.5	-0.16	2.01	0.22	0.21
WLDW	12299M001	2020-07-07 12:30:00.0	51.54528	23.55719	210.962	182.307	2,394.2	1.4	-0.52	2.4	0.17	0.21
WLDW	12299M001	2020-07-07 13:00:00.0	51.54528	23.55719	210.961	182.306	2,394.8	1.3	-0.35	2.58	0.19	0.16
WLDW	12299M001	2020-07-07 13:30:00.0	51.54528	23.55719	210.961	182.306	2,393.6	1.4	-0.24	1.84	0.22	0.18
WLDW	12299M001	2020-07-07 14:00:00.0	51.54528	23.55719	210.961	182.306	2,377.1	1.3	-0.15	2.52	0.23	0.19
WLDW	12299M001	2020-07-07 14:30:00.0	51.54528	23.55719	210.961	182.306	2,365.9	1.6	0.16	1.05	0.33	0.23
WLDW	12299M001	2020-07-07 15:00:00.0	51.54528	23.55719	210.953	182.298	2,366.4	1.5	-0.99	1.43	0.25	0.16
WLDW	12299M001	2020-07-07 15:30:00.0	51.54528	23.55719	210.953	182.298	2,368.2	1.7	-0.78	2.15	0.21	0.21
WLDW	12299M001	2020-07-07 16:00:00.0	51.54528	23.55719	210.951	182.296	2,365.3	1.3	-0.26	1.15	0.17	0.18
WLDW	12299M001	2020-07-07 16:30:00.0	51.54528	23.55719	210.951	182.296	2,374.8	1.5	0.39	0.12	0.18	0.28
WLDW	12299M001	2020-07-07 17:00:00.0	51.54528	23.55719	210.952	182.297	2,372.2	1.4	-1.35	0.22	0.18	0.21
WLDW	12299M001	2020-07-07 17:30:00.0	51.54528	23.55719	210.952	182.297	2,363.7	1.3	-0.16	0.38	0.16	0.21
WLDW	12299M001	2020-07-07 18:00:00.0	51.54528	23.55719	210.955	182.3	2,359.5	1.3	-1.04	1.89	0.18	0.18
WLDW	12299M001	2020-07-07 18:30:00.0	51.54528	23.55719	210.955	182.3	2,354.8	1.4	-0.43	1.21	0.2	0.17
WLOC	18999M001	2020-07-07 09:00:00.0	52.65872	19.06694	107.562	76.67	2,389.5	1.1	-0.94	0.18	0.14	0.15
WLOC	18999M001	2020-07-07 09:30:00.0	52.65872	19.06694	107.562	76.67	2,386.3	1.2	-1.28	-0.23	0.16	0.16
WLOC	18999M001	2020-07-07 10:00:00.0	52.65872	19.06694	107.562	76.67	2,387.8	1.1	-1.28	-0.24	0.14	0.15
WLOC	18999M001	2020-07-07 10:30:00.0	52.65872	19.06694	107.562	76.67	2,387.1	1.4	-0.72	-0.79	0.19	0.19
WLOC	18999M001	2020-07-07 11:00:00.0	52.65872	19.06694	107.565	76.673	2,381.2	1.2	-0.19	-0.15	0.26	0.14
WLOC	18999M001	2020-07-07 11:30:00.0	52.65872	19.06694	107.565	76.673	2,386.9	1.6	-0.37	0.35	0.3	0.21
WLOC	18999M001	2020-07-07 12:00:00.0	52.65872	19.06694	107.567	76.675	2,384.6	1.4	-1.09	0.06	0.2	0.17
WLOC	18999M001	2020-07-07 12:30:00.0	52.65872	19.06694	107.567	76.675	2,383	1.4	-0.77	0.34	0.19	0.16
WLOC	18999M001	2020-07-07 13:00:00.0	52.65872	19.06694	107.565	76.673	2,389.8	1	-0.13	-0.4	0.14	0.13
WLOC	18999M001	2020-07-07 13:30:00.0	52.65872	19.06694	107.565	76.673	2,390.7	1.2	-0.3	0.42	0.18	0.18
WLOC	18999M001	2020-07-07 14:00:00.0	52.65872	19.06694	107.564	76.672	2,384.1	1.1	-0.16	-0.32	0.18	0.17
WLOC	18999M001	2020-07-07 14:30:00.0	52.65872	19.06694	107.564	76.672	2,386.3	1.4	-0.26	-0.05	0.26	0.21
WLOC	18999M001	2020-07-07 15:00:00.0	52.65872	19.06694	107.568	76.676	2,387.5	1.2	0.15	-0.21	0.19	0.16
WLOC	18999M001	2020-07-07 15:30:00.0	52.65872	19.06694	107.568	76.676	2,389	1.3	0.14	0.11	0.18	0.23
WLOC	18999M001	2020-07-07 16:00:00.0	52.65872	19.06694	107.565	76.673	2,392.7	1.1	-0.36	-0.3	0.13	0.15
WLOC	18999M001	2020-07-07 16:30:00.0	52.65872	19.06694	107.565	76.673	2,393.1	1.2	-0.94	0.49	0.15	0.18
WLOC	18999M001	2020-07-07 17:00:00.0	52.65872	19.06694	107.563	76.671	2,392.6	1.1	-0.06	-0.08	0.16	0.17
WLOC	18999M001	2020-07-07 17:30:00.0	52.65872	19.06694	107.563	76.671	2,397.9	1	-0.32	-0.26	0.12	0.16
WLOC	18999M001	2020-07-07 18:00:00.0	52.65872	19.06694	107.565	76.673	2,393	1.1	-0.18	0.36	0.15	0.16
WLOC	18999M001	2020-07-07 18:30:00.0	52.65872	19.06694	107.565	76.673	2,389.5	1.1	-0.32	0.32	0.16	0.16
WLOS	NDNT-WLOS	2020-07-07 09:00:00.0	50.84944	19.97483	294.424	257.073	2,350.1	0.9	-0.19	0.5	0.1	0.11
WLOS	NDNT-WLOS	2020-07-07 09:30:00.0	50.84944	19.97483	294.424	257.073	2,352.2	1	-0.47	-0.38	0.12	0.11
WLOS	NDNT-WLOS	2020-07-07 10:00:00.0	50.84944	19.97483	294.422	257.071	2,353	1	-0.04	-0.61	0.12	0.12
WLOS	NDNT-WLOS	2020-07-07 10:30:00.0	50.84944	19.97483	294.422	257.071	2,351.2	1.2	-0.49	0.72	0.19	0.14
WLOS	NDNT-WLOS	2020-07-07 11:00:00.0	50.84944	19.97483	294.433	257.082	2,350.9	1.1	-0.33	-0.65	0.24	0.13
WLOS	NDNT-WLOS	2020-07-07 11:30:00.0	50.84944	19.97483	294.433	257.082	2,349.1	1.6	0.19	-1.08	0.3	0.2
WLOS	NDNT-WLOS	2020-07-07 12:00:00.0	50.84944	19.97483	294.433	257.082	2,344.8	1.3	-0.97	-0.23	0.19	0.14
WLOS	NDNT-WLOS	2020-07-07 12:30:00.0	50.84944	19.97483	294.433	257.082	2,340.9	1.2	-0.77	0.26	0.13	0.16
WLOS	NDNT-WLOS	2020-07-07 13:00:00.0	50.84944	19.97483	294.435	257.084	2,343.7	0.9	-0.9	0.62	0.11	0.1
WLOS	NDNT-WLOS	2020-07-07 13:30:00.0	50.84944	19.97483	294.435	257.084	2,344.2	1	-0.35	0.14	0.13	0.15
WLOS	NDNT-WLOS	2020-07-07 14:00:00.0	50.84944	19.97483	294.434	257.083	2,341.3	1.1	-0.58	-1.54	0.17	0.18
WLOS	NDNT-WLOS	2020-07-07 14:30:00.0	50.84944	19.97483	294.434	257.083	2,342.4	1.4	0.61	-0.72	0.27	0.22
WLOS	NDNT-WLOS	2020-07-07 15:00:00.0	50.84944	19.97483	294.43	257.079	2,341.2	1.1	0.15	-0.29	0.15	0.13
WLOS	NDNT-WLOS	2020-07-07 15:30:00.0	50.84944	19.97483	294.43	257.079	2,345.8	1.1	0.44	0.24	0.15	0.17
WLOS	NDNT-WLOS	2020-07-07 16:00:00.0	50.84944	19.97483	294.431	257.08	2,343.9	1.1	-0.34	0.15	0.13	0.14
WLOS	NDNT-WLOS	2020-07-07 16:30:00.0	50.84944	19.97483	294.431	257.08	2,338.1	1.2	0.1	-0.64	0.14	0.18
WLOS	NDNT-WLOS	2020-07-07 17:00:00.0	50.84944	19.97483	294.428	257.077	2,346.8	1.1	0.1	1.19	0.16	0.17
WLOS	NDNT-WLOS	2020-07-07 17:30:00.0	50.84944	19.97483	294.428	257.077	2,339.9	1	-0.85	0.03	0.12	0.16
WLOS	NDNT-WLOS	2020-07-07 18:00:00.0	50.84944	19.97483	294.423	257.072	2,335.5	1	-0.38	0.08	0.12	0.13
WLOS	NDNT-WLOS	2020-07-07 18:30:00.0	50.84944	19.97483	294.423	257.072	2,340.2	1	0.26	0.08	0.14	0.13
WOD1	18998M001	2020-07-07 09:00:00.0	50.00017	18.45844	298.986	256.735	2,350.8	1.2	-0.05	0.46	0.15	0.15
WOD1	18998M001	2020-07-07 09:30:00.0	50.00017	18.45844	298.986	256.735	2,344.4	1.3	-0.77	0.12	0.17	0.15
WOD1	18998M001	2020-07-07 10:00:00.0	50.00017	18.45844	298.987	256.736	2,344.9	1.1	-0.4	-0.31	0.14	0.15
WOD1	18998M001	2020-07-07 10:30:00.0	50.00017	18.45844	298.987	256.736	2,347.4	1.3	-0.28	-0.44	0.19	0.18
WOD1	18998M001	2020-07-07 11:00:00.0	50.00017	18.45844	298.989	256.738	2,346.1	1.3	-0.1	-0.37	0.24	0.14
WOD1	18998M001	2020-07-07 11:30:00.0	50.00017	18.45844	298.989	256.738	2,348.5	1.7	0.75	-0.15	0.3	0.21
WOD1	18998M001	2020-07-07 12:00:00.0	50.00017	18.45844	298.993	256.742	2,353.5	1.4	-0.67	0.22	0.22	0.17
WOD1	18998M001	2020-07-07 12:30:00.0	50.00017	18.45844	298.993	256.742	2,352	1.3	-0.38	-0.65	0.16	0.17
WOD1	18998M001	2020-07-07 13:00:00.0	50.00017	18.45844	298.991	256.74	2,357	1.1	-0.81	-0.2	0.14	0.13
WOD1	18998M001	2020-07-07 13:30:00.0	50.00017	18.45844	298.991	256.74	2,360.1	1.3	0.09	-0.49	0.18	0.2
WOD1	18998M001	2020-07-07 14:00:00.0	50.00017	18.45844	298.994	256.743	2,354.7	1.2	-0.18	0.1	0.22	0.2
WOD1	18998M001	2020-07-07 14:30:00.0	50.00017	18.45844	298.994	256.743	2,352.5	1.6	-0.64	-0.8	0.31	0.25
WOD1	18998M001	2020-07-07 15:00:00.0	50.00017	18.45844	298.988	256.737	2,354	1.4	-0.07	-0.5	0.23	0.19
WOD1	18998M001	2020-07-07 15:30:00.0	50.00017	18.45844	298.988	256.737	2,354.8	1.5	0.29	-0.34	0.2	0.24
WOD1	18998M001	2020-07-07 16:00:00.0	50.00017	18.45844	298.982	256.731	2,357.9	1.8	-1.22	-1.5	0.26	0.32
WOD1	18998M001	2020-07-07 16:30:00.0	50.00017	18.45844	298.982	256.731	2,355.6	1.8	-1.37	-1.81	0.26	0.37
WOD1	18998M001	2020-07-07 17:00:00.0	50.00017	18.45844	298.989	256.738	2,352.7	1.2	-1.04	0.43	0.18	0.19
WOD1	18998M001	2020-07-07 17:30:00.0	50.00017	18.45844	298.989	256.738	2,349.8	1.1	-0.09	0	0.14	0.18
WOD1	18998M001	2020-07-07 18:00:00.0	50.00017	18.45844	298.992	256.741	2,351.9	1.2	-0.49	1.13	0.15	0.17
WOD1	18998M001	2020-07-07 18:30:00.0	50.00017	18.45844	298.992	256.741	2,351.3	1.3	-1.22	0.38	0.18	0.18
WRKI	18997M001	2020-07-07 09:00:00.0	52.70556	16.37108	95.268	60.758	2,383.3	1.2	-1.67	0.51	0.17	0.17
WRKI	18997M001	2020-07-07 09:30:00.0	52.70556	16.37108	95.268	60.758	2,388.7	1.3	-1.12	-0.16	0.18	0.18
WRKI	18997M001	2020-07-07 10:00:00.0	52.70556	16.37108	95.27	60.76	2,393.2	1.2	0.14	-1.08	0.16	0.17
WRKI	18997M001	2020-07-07 10:30:00.0	52.70556	16.37108	95.27	60.76	2,398.2	1.5	0.26	-1.48	0.23	0.21
WRKI	18997M001	2020-07-07 11:00:00.0	52.70556	16.37108	95.274	60.764	2,398.3	1.6	0	-0.98	0.3	0.17
WRKI	18997M001	2020-07-07 11:30:00.0	52.70556	16.37108	95.274	60.764	2,401	2.4	0.05	-0.76	0.4	0.3
WRKI	18997M001	2020-07-07 12:00:00.0	52.70556	16.37108	95.277	60.767	2,388.3	1.8	-0.76	0.03	0.29	0.24
WRKI	18997M001	2020-07-07 12:30:00.0	52.70556	16.37108	95.277	60.767	2,386.3	1.6	-0.9	-0.13	0.26	0.21
WRKI	18997M001	2020-07-07 13:00:00.0	52.70556	16.37108	95.27	60.76	2,397.6	1.3	-1.51	-0.38	0.2	0.17
WRKI	18997M001	2020-07-07 13:30:00.0	52.70556	16.37108	95.27	60.76	2,400.5	1.6	-1.91	-0.46	0.26	0.26
WRKI	18997M001	2020-07-07 14:00:00.0	52.70556	16.37108	95.272	60.762	2,395.1	1.3	-0.74	-1.09	0.22	0.21
WRKI	18997M001	2020-07-07 14:30:00.0	52.70556	16.37108	95.272	60.762	2,395.4	1.6	-0.6	-0.23	0.29	0.25
WRKI	18997M001	2020-07-07 15:00:00.0	52.70556	16.37108	95.278	60.768	2,389.3	1.5	0.09	0.3	0.23	0.18
WRKI	18997M001	2020-07-07 15:30:00.0	52.70556	16.37108	95.278	60.768	2,389.6	1.6	-0.87	1.01	0.25	0.28
WRKI	18997M001	2020-07-07 16:00:00.0	52.70556	16.37108	95.275	60.765	2,395.9	1.4	-0.48	-0.85	0.19	0.23
WRKI	18997M001	2020-07-07 16:30:00.0	52.70556	16.37108	95.275	60.765	2,391.4	1.5	-0.53	-0.64	0.22	0.3
WRKI	18997M001	2020-07-07 17:00:00.0	52.70556	16.37108	95.276	60.766	2,398.8	1.3	-0.31	-1.03	0.18	0.2
WRKI	18997M001	2020-07-07 17:30:00.0	52.70556	16.37108	95.276	60.766	2,394.5	1.3	-0.46	-1.04	0.18	0.2
WRKI	18997M001	2020-07-07 18:00:00.0	52.70556	16.37108	95.276	60.766	2,397.7	1.2	-0.99	-0.4	0.18	0.17
WRKI	18997M001	2020-07-07 18:30:00.0	52.70556	16.37108	95.276	60.766	2,396.5	1.2	-0.87	-0.44	0.16	0.18
WROC	12217M001	2020-07-07 09:00:00.0	51.11325	17.06206	180.813	140.537	2,383.8	1.2	-0.57	-1.29	0.14	0.16
WROC	12217M001	2020-07-07 09:30:00.0	51.11325	17.06206	180.813	140.537	2,383.1	1.2	-1.37	-0.97	0.16	0.15
WROC	12217M001	2020-07-07 10:00:00.0	51.11325	17.06206	180.81	140.534	2,385.3	1.2	-0.6	-0.39	0.13	0.15
WROC	12217M001	2020-07-07 10:30:00.0	51.11325	17.06206	180.81	140.534	2,380	1.3	0.02	-0.67	0.18	0.18
WROC	12217M001	2020-07-07 11:00:00.0	51.11325	17.06206	180.808	140.532	2,384.4	1.2	-1.72	-0.82	0.26	0.13
WROC	12217M001	2020-07-07 11:30:00.0	51.11325	17.06206	180.808	140.532	2,382	1.7	-2.55	-1.06	0.33	0.22
WROC	12217M001	2020-07-07 12:00:00.0	51.11325	17.06206	180.811	140.535	2,381.2	1.4	-1.2	-0.29	0.21	0.17
WROC	12217M001	2020-07-07 12:30:00.0	51.11325	17.06206	180.811	140.535	2,379.7	1.4	-1.46	-0.62	0.16	0.19
WROC	12217M001	2020-07-07 13:00:00.0	51.11325	17.06206	180.809	140.533	2,385.5	1.2	-0.49	-0.65	0.14	0.16
WROC	12217M001	2020-07-07 13:30:00.0	51.11325	17.06206	180.809	140.533	2,384.9	1.4	-0.22	-0.82	0.17	0.2
WROC	12217M001	2020-07-07 14:00:00.0	51.11325	17.06206	180.809	140.533	2,375	1.2	-1.03	0.33	0.18	0.19
WROC	12217M001	2020-07-07 14:30:00.0	51.11325	17.06206	180.809	140.533	2,372.4	1.4	-1.13	0.47	0.27	0.24
WROC	12217M001	2020-07-07 15:00:00.0	51.11325	17.06206	180.807	140.531	2,377.5	1.4	0.14	-0.64	0.21	0.16
WROC	12217M001	2020-07-07 15:30:00.0	51.11325	17.06206	180.807	140.531	2,379.7	1.4	-0.23	-0.2	0.19	0.22
WROC	12217M001	2020-07-07 16:00:00.0	51.11325	17.06206	180.808	140.532	2,379.5	1.1	-0.48	-0.08	0.16	0.14
WROC	12217M001	2020-07-07 16:30:00.0	51.11325	17.06206	180.808	140.532	2,382.8	1.3	-0.85	0.05	0.19	0.19
WROC	12217M001	2020-07-07 17:00:00.0	51.11325	17.06206	180.812	140.536	2,382.9	1.2	-1.01	0.76	0.17	0.18
WROC	12217M001	2020-07-07 17:30:00.0	51.11325	17.06206	180.812	140.536	2,378.1	1.1	-0.92	0.09	0.13	0.18
WROC	12217M001	2020-07-07 18:00:00.0	51.11325	17.06206	180.815	140.539	2,375.1	1.2	-0.69	0.09	0.15	0.16
WROC	12217M001	2020-07-07 18:30:00.0	51.11325	17.06206	180.815	140.539	2,379.7	1.3	-0.39	0.19	0.17	0.17
WROE	MUSE-WROE	2020-07-07 09:00:00.0	51.11325	17.06206	180.723	140.447	2,383.9	1.2	-0.09	-0.56	0.14	0.16
WROE	MUSE-WROE	2020-07-07 09:30:00.0	51.11325	17.06206	180.723	140.447	2,386.3	1.2	-0.63	-0.24	0.16	0.15
WROE	MUSE-WROE	2020-07-07 10:00:00.0	51.11325	17.06206	180.719	140.443	2,383.7	1.4	-0.62	-0.35	0.18	0.2
WROE	MUSE-WROE	2020-07-07 10:30:00.0	51.11325	17.06206	180.719	140.443	2,381	1.6	-0.41	-0.31	0.23	0.23
WROE	MUSE-WROE	2020-07-07 11:00:00.0	51.11325	17.06206	180.718	140.442	2,384.5	1.2	-1.67	-0.55	0.26	0.14
WROE	MUSE-WROE	2020-07-07 11:30:00.0	51.11325	17.06206	180.718	140.442	2,380	1.7	-2.11	-1.27	0.34	0.22
WROE	MUSE-WROE	2020-07-07 12:00:00.0	51.11325	17.06206	180.721	140.445	2,379.1	1.5	-1.33	-0.53	0.23	0.18
WROE	MUSE-WROE	2020-07-07 12:30:00.0	51.11325	17.06206	180.721	140.445	2,378.4	1.4	-1.21	-0.65	0.18	0.19
WROE	MUSE-WROE	2020-07-07 13:00:00.0	51.11325	17.06206	180.721	140.445	2,384.7	1.2	-0.61	-0.59	0.15	0.18
WROE	MUSE-WROE	2020-07-07 13:30:00.0	51.11325	17.06206	180.721	140.445	2,385.2	1.4	-0.16	-0.94	0.18	0.22
WROE	MUSE-WROE	2020-07-07 14:00:00.0	51.11325	17.06206	180.723	140.447	2,374.5	1.2	-0.68	-0.41	0.19	0.2
WROE	MUSE-WROE	2020-07-07 14:30:00.0	51.11325	17.06206	180.723	140.447	2,374.1	1.6	0.25	0.09	0.3	0.26
WROE	MUSE-WROE	2020-07-07 15:00:00.0	51.11325	17.06206	180.722	140.446	2,374.6	1.6	0.59	0.02	0.28	0.25
WROE	MUSE-WROE	2020-07-07 15:30:00.0	51.11325	17.06206	180.722	140.446	2,378.2	1.9	0.56	-0.13	0.3	0.33
WROE	MUSE-WROE	2020-07-07 16:00:00.0	51.11325	17.06206	180.726	140.45	2,378	1.4	-0.64	-0.44	0.26	0.22
WROE	MUSE-WROE	2020-07-07 16:30:00.0	51.11325	17.06206	180.726	140.45	2,379.5	1.7	-0.61	-0.25	0.28	0.24
WROE	MUSE-WROE	2020-07-07 17:00:00.0	51.11325	17.06206	180.73	140.454	2,376.2	1.2	-0.67	0.16	0.18	0.18
WROE	MUSE-WROE	2020-07-07 17:30:00.0	51.11325	17.06206	180.73	140.454	2,377	1.1	-0.6	0.48	0.14	0.18
WROE	MUSE-WROE	2020-07-07 18:00:00.0	51.11325	17.06206	180.732	140.456	2,372.4	1.2	-0.58	-0.03	0.15	0.16
WROE	MUSE-WROE	2020-07-07 18:30:00.0	51.11325	17.06206	180.732	140.456	2,373.6	1.3	-0.23	0.1	0.17	0.18
ZAWA	NDNT-ZAWA	2020-07-07 09:00:00.0	50.60956	18.48086	264.418	224.004	2,353.9	1.2	0.17	0.75	0.15	0.16
ZAWA	NDNT-ZAWA	2020-07-07 09:30:00.0	50.60956	18.48086	264.418	224.004	2,358.4	1.2	0.56	0.69	0.16	0.15
ZAWA	NDNT-ZAWA	2020-07-07 10:00:00.0	50.60956	18.48086	264.422	224.008	2,352.8	1.2	0.27	-0.48	0.17	0.16
ZAWA	NDNT-ZAWA	2020-07-07 10:30:00.0	50.60956	18.48086	264.422	224.008	2,359	1.5	-0.05	0.04	0.26	0.21
ZAWA	NDNT-ZAWA	2020-07-07 11:00:00.0	50.60956	18.48086	264.423	224.009	2,360.2	1.2	0.46	0	0.25	0.14
ZAWA	NDNT-ZAWA	2020-07-07 11:30:00.0	50.60956	18.48086	264.423	224.009	2,356.4	1.6	0.59	0.21	0.32	0.21
ZAWA	NDNT-ZAWA	2020-07-07 12:00:00.0	50.60956	18.48086	264.428	224.014	2,360.3	1.3	1.15	-0.31	0.21	0.16
ZAWA	NDNT-ZAWA	2020-07-07 12:30:00.0	50.60956	18.48086	264.428	224.014	2,363	1.2	0.14	0.16	0.15	0.17
ZAWA	NDNT-ZAWA	2020-07-07 13:00:00.0	50.60956	18.48086	264.424	224.01	2,367.2	1.2	-0.05	-0.01	0.18	0.14
ZAWA	NDNT-ZAWA	2020-07-07 13:30:00.0	50.60956	18.48086	264.424	224.01	2,362.4	1.4	-0.16	0.22	0.18	0.2
ZAWA	NDNT-ZAWA	2020-07-07 14:00:00.0	50.60956	18.48086	264.425	224.011	2,355.8	1.3	0.08	-0.01	0.2	0.2
ZAWA	NDNT-ZAWA	2020-07-07 14:30:00.0	50.60956	18.48086	264.425	224.011	2,351.1	1.6	0.29	-0.8	0.32	0.25
ZAWA	NDNT-ZAWA	2020-07-07 15:00:00.0	50.60956	18.48086	264.42	224.006	2,354.6	1.4	0.37	-0.16	0.22	0.17
ZAWA	NDNT-ZAWA	2020-07-07 15:30:00.0	50.60956	18.48086	264.42	224.006	2,355.5	1.4	0.8	-0.74	0.19	0.22
ZAWA	NDNT-ZAWA	2020-07-07 16:00:00.0	50.60956	18.48086	264.422	224.008	2,357.7	1.2	0.21	-0.09	0.16	0.16
ZAWA	NDNT-ZAWA	2020-07-07 16:30:00.0	50.60956	18.48086	264.422	224.008	2,362.3	1.3	-0.01	0.24	0.16	0.21
ZAWA	NDNT-ZAWA	2020-07-07 17:00:00.0	50.60956	18.48086	264.422	224.008	2,352.5	1.1	-0.23	0.31	0.16	0.19
ZAWA	NDNT-ZAWA	2020-07-07 17:30:00.0	50.60956	18.48086	264.422	224.008	2,358.9	1.1	-0.18	-0.15	0.14	0.19
ZAWA	NDNT-ZAWA	2020-07-07 18:00:00.0	50.60956	18.48086	264.425	224.011	2,356.4	1.2	0.38	0.61	0.16	0.18
ZAWA	NDNT-ZAWA	2020-07-07 18:30:00.0	50.60956	18.48086	264.425	224.011	2,353	1.2	0.35	0.64	0.18	0.19
ZAWI	NDNT-ZAWI	2020-07-07 09:00:00.0	50.49467	19.41042	382.921	343.179	2,328.3	1	0.22	0.08	0.11	0.12
ZAWI	NDNT-ZAWI	2020-07-07 09:30:00.0	50.49467	19.41042	382.921	343.179	2,327.4	1.1	-0.75	0.98	0.13	0.12
ZAWI	NDNT-ZAWI	2020-07-07 10:00:00.0	50.49467	19.41042	382.92	343.178	2,324.8	1	0.1	-0.42	0.11	0.11
ZAWI	NDNT-ZAWI	2020-07-07 10:30:00.0	50.49467	19.41042	382.92	343.178	2,322.7	1.1	-0.57	-0.38	0.14	0.13
ZAWI	NDNT-ZAWI	2020-07-07 11:00:00.0	50.49467	19.41042	382.923	343.181	2,319.9	1	-1.45	-0.59	0.19	0.11
ZAWI	NDNT-ZAWI	2020-07-07 11:30:00.0	50.49467	19.41042	382.923	343.181	2,318.7	1.3	-1.01	-0.32	0.25	0.15
ZAWI	NDNT-ZAWI	2020-07-07 12:00:00.0	50.49467	19.41042	382.923	343.181	2,315.4	1.1	-0.14	-1.02	0.13	0.1
ZAWI	NDNT-ZAWI	2020-07-07 12:30:00.0	50.49467	19.41042	382.923	343.181	2,317.5	1.1	-0.58	-0.42	0.1	0.11
ZAWI	NDNT-ZAWI	2020-07-07 13:00:00.0	50.49467	19.41042	382.919	343.177	2,322	0.9	-0.33	-0.56	0.09	0.09
ZAWI	NDNT-ZAWI	2020-07-07 13:30:00.0	50.49467	19.41042	382.919	343.177	2,327.2	1	-0.49	-0.45	0.11	0.13
ZAWI	NDNT-ZAWI	2020-07-07 14:00:00.0	50.49467	19.41042	382.92	343.178	2,321.5	0.9	-0.97	-0.05	0.13	0.14
ZAWI	NDNT-ZAWI	2020-07-07 14:30:00.0	50.49467	19.41042	382.92	343.178	2,320.5	1.1	0.41	-0.33	0.21	0.17
ZAWI	NDNT-ZAWI	2020-07-07 15:00:00.0	50.49467	19.41042	382.919	343.177	2,322.7	1.1	-0.03	-0.15	0.14	0.12
ZAWI	NDNT-ZAWI	2020-07-07 15:30:00.0	50.49467	19.41042	382.919	343.177	2,318.7	1.1	0.06	-0.36	0.13	0.16
ZAWI	NDNT-ZAWI	2020-07-07 16:00:00.0	50.49467	19.41042	382.919	343.177	2,319.6	1	-0.56	-0.3	0.12	0.12
ZAWI	NDNT-ZAWI	2020-07-07 16:30:00.0	50.49467	19.41042	382.919	343.177	2,320.9	1.1	-0.45	-0.63	0.13	0.15
ZAWI	NDNT-ZAWI	2020-07-07 17:00:00.0	50.49467	19.41042	382.923	343.181	2,325.5	0.9	0.52	-0.19	0.12	0.13
ZAWI	NDNT-ZAWI	2020-07-07 17:30:00.0	50.49467	19.41042	382.923	343.181	2,317.4	0.9	-0.78	-0.08	0.1	0.11
ZAWI	NDNT-ZAWI	2020-07-07 18:00:00.0	50.49467	19.41042	382.926	343.184	2,316	0.9	-0.79	-0.56	0.11	0.11
ZAWI	NDNT-ZAWI	2020-07-07 18:30:00.0	50.49467	19.41042	382.926	343.184	2,313.2	1	0.33	0.12	0.13	0.12
ZIGR	18995M001	2020-07-07 09:00:00.0	51.94031	15.51431	225.622	186.005	2,356.6	1.3	0.14	-0.48	0.17	0.18
ZIGR	18995M001	2020-07-07 09:30:00.0	51.94031	15.51431	225.622	186.005	2,352.9	1.4	-1	-0.33	0.2	0.18
ZIGR	18995M001	2020-07-07 10:00:00.0	51.94031	15.51431	225.621	186.004	2,359.6	1.3	-0.42	-0.14	0.17	0.18
ZIGR	18995M001	2020-07-07 10:30:00.0	51.94031	15.51431	225.621	186.004	2,354.5	1.5	-0.8	-0.72	0.21	0.22
ZIGR	18995M001	2020-07-07 11:00:00.0	51.94031	15.51431	225.628	186.011	2,356.5	1.4	-0.84	-0.59	0.28	0.15
ZIGR	18995M001	2020-07-07 11:30:00.0	51.94031	15.51431	225.628	186.011	2,354	1.8	-0.85	-0.7	0.33	0.25
ZIGR	18995M001	2020-07-07 12:00:00.0	51.94031	15.51431	225.629	186.012	2,360.5	1.5	-1.88	0.09	0.23	0.18
ZIGR	18995M001	2020-07-07 12:30:00.0	51.94031	15.51431	225.629	186.012	2,356.1	1.5	-1.56	-0.1	0.23	0.2
ZIGR	18995M001	2020-07-07 13:00:00.0	51.94031	15.51431	225.627	186.01	2,365.7	1.3	-0.84	-0.33	0.17	0.16
ZIGR	18995M001	2020-07-07 13:30:00.0	51.94031	15.51431	225.627	186.01	2,366.1	1.5	-0.64	0.29	0.23	0.25
ZIGR	18995M001	2020-07-07 14:00:00.0	51.94031	15.51431	225.628	186.011	2,364.3	1.3	-0.23	-0.42	0.2	0.21
ZIGR	18995M001	2020-07-07 14:30:00.0	51.94031	15.51431	225.628	186.011	2,364.4	1.6	-0.62	0.21	0.28	0.25
ZIGR	18995M001	2020-07-07 15:00:00.0	51.94031	15.51431	225.626	186.009	2,363.1	1.5	-0.27	0.03	0.24	0.2
ZIGR	18995M001	2020-07-07 15:30:00.0	51.94031	15.51431	225.626	186.009	2,358.5	1.6	0.21	0.52	0.24	0.29
ZIGR	18995M001	2020-07-07 16:00:00.0	51.94031	15.51431	225.617	186	2,360.8	1.4	-0.35	-0.32	0.19	0.22
ZIGR	18995M001	2020-07-07 16:30:00.0	51.94031	15.51431	225.617	186	2,364.3	1.5	0.07	-0.82	0.22	0.23
ZIGR	18995M001	2020-07-07 17:00:00.0	51.94031	15.51431	225.623	186.006	2,360	1.3	-1.23	-0.02	0.19	0.21
ZIGR	18995M001	2020-07-07 17:30:00.0	51.94031	15.51431	225.623	186.006	2,360.2	1.3	-1.22	-0.12	0.19	0.24
ZIGR	18995M001	2020-07-07 18:00:00.0	51.94031	15.51431	225.624	186.007	2,360.4	1.2	-0.34	-0.15	0.17	0.17
ZIGR	18995M001	2020-07-07 18:30:00.0	51.94031	15.51431	225.624	186.007	2,362.6	1.3	-0.26	-0.47	0.17	0.18
ZIM2	14001M008	2020-07-07 09:00:00.0	46.87708	7.46503	956.447	907.61	2,156.4	1.5	-0.66	-1.58	0.19	0.23
ZIM2	14001M008	2020-07-07 09:30:00.0	46.87708	7.46503	956.447	907.61	2,158.6	1.6	-0.67	-2.02	0.16	0.25
ZIM2	14001M008	2020-07-07 10:00:00.0	46.87708	7.46503	956.446	907.609	2,155.3	1.6	-1.02	-0.46	0.16	0.25
ZIM2	14001M008	2020-07-07 10:30:00.0	46.87708	7.46503	956.446	907.609	2,157.9	2	-1.08	-0.39	0.28	0.28
ZIM2	14001M008	2020-07-07 11:00:00.0	46.87708	7.46503	956.446	907.609	2,164.2	2	-0.99	-1.12	0.29	0.21
ZIM2	14001M008	2020-07-07 11:30:00.0	46.87708	7.46503	956.446	907.609	2,166.2	2.2	-0.76	-1.3	0.33	0.32
ZIM2	14001M008	2020-07-07 12:00:00.0	46.87708	7.46503	956.447	907.61	2,165.8	1.8	-0.43	-1.78	0.24	0.26
ZIM2	14001M008	2020-07-07 12:30:00.0	46.87708	7.46503	956.447	907.61	2,167.8	1.8	-1.33	-1.37	0.18	0.28
ZIM2	14001M008	2020-07-07 13:00:00.0	46.87708	7.46503	956.445	907.608	2,170.5	1.8	-1.79	-1.92	0.2	0.26
ZIM2	14001M008	2020-07-07 13:30:00.0	46.87708	7.46503	956.445	907.608	2,172	1.7	-1.34	-0.97	0.2	0.29
ZIM2	14001M008	2020-07-07 14:00:00.0	46.87708	7.46503	956.445	907.608	2,165.7	1.6	-0.64	-0.39	0.19	0.21
ZIM2	14001M008	2020-07-07 14:30:00.0	46.87708	7.46503	956.445	907.608	2,172.8	1.9	-0.34	-1.52	0.3	0.27
ZIM2	14001M008	2020-07-07 15:00:00.0	46.87708	7.46503	956.445	907.608	2,163.2	1.6	-1.37	0.24	0.23	0.21
ZIM2	14001M008	2020-07-07 15:30:00.0	46.87708	7.46503	956.445	907.608	2,170	1.6	0.09	-0.12	0.23	0.28
ZIM2	14001M008	2020-07-07 16:00:00.0	46.87708	7.46503	956.456	907.619	2,168.3	1.5	-1.32	0.9	0.21	0.17
ZIM2	14001M008	2020-07-07 16:30:00.0	46.87708	7.46503	956.456	907.619	2,169.3	1.6	-1.51	1.42	0.21	0.25
ZIM2	14001M008	2020-07-07 17:00:00.0	46.87708	7.46503	956.469	907.632	2,168.1	1.4	-0.94	1.17	0.18	0.21
ZIM2	14001M008	2020-07-07 17:30:00.0	46.87708	7.46503	956.469	907.632	2,165.7	1.4	-0.95	1.61	0.18	0.25
ZIM2	14001M008	2020-07-07 18:00:00.0	46.87708	7.46503	956.474	907.637	2,165.8	1.4	-1.33	0.87	0.16	0.21
ZIM2	14001M008	2020-07-07 18:30:00.0	46.87708	7.46503	956.474	907.637	2,166.4	1.4	-1.01	0.55	0.17	0.24
ZYWE	NDNT-ZYWE	2020-07-07 09:00:00.0	49.68817	19.19736	405.808	363.698	2,324	1.2	0.01	-1.22	0.15	0.16
ZYWE	NDNT-ZYWE	2020-07-07 09:30:00.0	49.68817	19.19736	405.808	363.698	2,330.2	1.3	-0.24	-0.55	0.17	0.16
ZYWE	NDNT-ZYWE	2020-07-07 10:00:00.0	49.68817	19.19736	405.808	363.698	2,324.9	1.2	0.39	-0.46	0.14	0.16
ZYWE	NDNT-ZYWE	2020-07-07 10:30:00.0	49.68817	19.19736	405.808	363.698	2,321.3	1.3	0.07	-0.54	0.19	0.18
ZYWE	NDNT-ZYWE	2020-07-07 11:00:00.0	49.68817	19.19736	405.81	363.7	2,318.5	1.3	-0.78	-0.6	0.24	0.14
ZYWE	NDNT-ZYWE	2020-07-07 11:30:00.0	49.68817	19.19736	405.81	363.7	2,317.5	1.7	-0.6	-1.3	0.3	0.22
ZYWE	NDNT-ZYWE	2020-07-07 12:00:00.0	49.68817	19.19736	405.811	363.701	2,310.8	1.4	-0.42	-1.21	0.22	0.16
ZYWE	NDNT-ZYWE	2020-07-07 12:30:00.0	49.68817	19.19736	405.811	363.701	2,317.3	1.4	-0.6	-0.45	0.18	0.18
ZYWE	NDNT-ZYWE	2020-07-07 13:00:00.0	49.68817	19.19736	405.81	363.7	2,318.8	1.2	-1.04	0.65	0.15	0.14
ZYWE	NDNT-ZYWE	2020-07-07 13:30:00.0	49.68817	19.19736	405.81	363.7	2,316.1	1.3	-0.72	-0.19	0.18	0.2
ZYWE	NDNT-ZYWE	2020-07-07 14:00:00.0	49.68817	19.19736	405.811	363.701	2,312.8	1.2	-0.24	-0.42	0.19	0.19
ZYWE	NDNT-ZYWE	2020-07-07 14:30:00.0	49.68817	19.19736	405.811	363.701	2,316.4	1.5	-0.8	-0.37	0.29	0.25
ZYWE	NDNT-ZYWE	2020-07-07 15:00:00.0	49.68817	19.19736	405.815	363.705	2,312.8	1.4	-0.4	-0.38	0.23	0.2
ZYWE	NDNT-ZYWE	2020-07-07 15:30:00.0	49.68817	19.19736	405.815	363.705	2,319.5	1.5	0.02	-0.08	0.23	0.27
ZYWE	NDNT-ZYWE	2020-07-07 16:00:00.0	49.68817	19.19736	405.815	363.705	2,317.5	1.4	0.42	0.08	0.2	0.21
ZYWE	NDNT-ZYWE	2020-07-07 16:30:00.0	49.68817	19.19736	405.815	363.705	2,316.5	1.6	1.39	0.11	0.24	0.27
ZYWE	NDNT-ZYWE	2020-07-07 17:00:00.0	49.68817	19.19736	405.821	363.711	2,324.4	1.2	0.14	1.33	0.18	0.19
ZYWE	NDNT-ZYWE	2020-07-07 17:30:00.0	49.68817	19.19736	405.821	363.711	2,321.3	1.1	-1.34	-0.56	0.15	0.18
ZYWE	NDNT-ZYWE	2020-07-07 18:00:00.0	49.68817	19.19736	405.808	363.698	2,317.2	1.2	-0.46	-0.9	0.18	0.17
ZYWE	NDNT-ZYWE	2020-07-07 18:30:00.0	49.68817	19.19736	405.808	363.698	2,323.5	1.3	-0.48	-0.09	0.19	0.18
ZYWI	12220S001	2020-07-07 09:00:00.0	49.68669	19.20594	412.783	370.681	2,324.4	1.6	0.4	-0.51	0.22	0.25
ZYWI	12220S001	2020-07-07 09:30:00.0	49.68669	19.20594	412.783	370.681	2,320.4	1.5	0.44	-1	0.22	0.21
ZYWI	12220S001	2020-07-07 10:00:00.0	49.68669	19.20594	412.783	370.681	2,323.8	1.6	0.88	-0.38	0.22	0.24
ZYWI	12220S001	2020-07-07 13:00:00.0	49.68669	19.20594	412.776	370.674	2,318	1.2	-0.49	0.14	0.17	0.15
ZYWI	12220S001	2020-07-07 13:30:00.0	49.68669	19.20594	412.776	370.674	2,318.5	1.4	-0.26	0.01	0.18	0.2
ZYWI	12220S001	2020-07-07 14:00:00.0	49.68669	19.20594	412.784	370.682	2,312.2	1.3	0.14	-0.39	0.23	0.21
ZYWI	12220S001	2020-07-07 14:30:00.0	49.68669	19.20594	412.784	370.682	2,316.3	1.6	-0.73	-0.61	0.31	0.26
ZYWI	12220S001	2020-07-07 15:00:00.0	49.68669	19.20597	412.781	370.679	2,312.9	1.5	-0.71	-0.67	0.24	0.21
ZYWI	12220S001	2020-07-07 15:30:00.0	49.68669	19.20597	412.781	370.679	2,315.7	1.6	-0.24	-0.69	0.24	0.31
ZYWI	12220S001	2020-07-07 16:00:00.0	49.68669	19.20597	412.782	370.68	2,315.7	1.5	0.14	-0.3	0.22	0.28
ZYWI	12220S001	2020-07-07 16:30:00.0	49.68669	19.20597	412.782	370.68	2,318	1.6	0.76	-0.09	0.24	0.34
ZYWI	12220S001	2020-07-07 17:00:00.0	49.68669	19.20597	412.782	370.68	2,320.9	1.2	-0.46	0.58	0.17	0.19
ZYWI	12220S001	2020-07-07 17:30:00.0	49.68669	19.20597	412.782	370.68	2,318.5	1.1	-1.4	0.09	0.15	0.18
ZYWI	12220S001	2020-07-07 18:00:00.0	49.68669	19.20594	412.793	370.691	2,312.6	1.6	-1.18	-0.31	0.24	0.29
BART	12234M001	2020-07-07 19:30:00.0	54.25069	20.81544	93.239	65.265	2,402.4	1.1	-1.05	0.59	0.15	0.14
BART	12234M001	2020-07-07 20:00:00.0	54.25069	20.81544	93.241	65.267	2,400.6	1.2	-0.26	0.26	0.18	0.17
BART	12234M001	2020-07-07 20:30:00.0	54.25069	20.81544	93.241	65.267	2,394.9	1.2	-0.75	0.08	0.16	0.17
BART	12234M001	2020-07-07 21:00:00.0	54.25069	20.81544	93.241	65.267	2,388.6	1.1	-0.86	0.42	0.14	0.16
BART	12234M001	2020-07-07 21:30:00.0	54.25069	20.81544	93.241	65.267	2,389.3	1.1	-0.69	-0.24	0.17	0.18
BART	12234M001	2020-07-07 22:00:00.0	54.25069	20.81544	93.235	65.261	2,391.1	1	-0.76	-0.25	0.17	0.12
BART	12234M001	2020-07-07 22:30:00.0	54.25069	20.81544	93.235	65.261	2,394.6	1.1	-0.88	-0.28	0.17	0.18
BART	12234M001	2020-07-07 23:00:00.0	54.25069	20.81544	93.233	65.259	2,395.5	1.1	-0.89	-0.47	0.19	0.16
BART	12234M001	2020-07-07 23:30:00.0	54.25069	20.81544	93.233	65.259	2,394.7	1.4	-0.54	-1	0.23	0.22
BEDZ	NDNT-BEDZ	2020-07-07 19:30:00.0	50.34453	19.15936	315.222	274.43	2,337.7	1	-0.6	-0.25	0.15	0.12
BEDZ	NDNT-BEDZ	2020-07-07 20:00:00.0	50.34453	19.15936	315.224	274.432	2,337.3	1.1	-0.32	0.24	0.16	0.14
BEDZ	NDNT-BEDZ	2020-07-07 20:30:00.0	50.34453	19.15936	315.224	274.432	2,336.2	1.1	-0.36	0.06	0.15	0.16
BEDZ	NDNT-BEDZ	2020-07-07 21:00:00.0	50.34453	19.15936	315.224	274.432	2,334.7	1.3	-0.33	-0.46	0.16	0.17
BEDZ	NDNT-BEDZ	2020-07-07 21:30:00.0	50.34453	19.15936	315.224	274.432	2,333.9	1.4	-0.58	-0.7	0.21	0.19
BEDZ	NDNT-BEDZ	2020-07-07 22:00:00.0	50.34453	19.15936	315.218	274.426	2,342.1	1	-0.41	-0.61	0.13	0.11
BEDZ	NDNT-BEDZ	2020-07-07 22:30:00.0	50.34453	19.15936	315.218	274.426	2,340.7	1	-0.59	-0.67	0.13	0.12
BEDZ	NDNT-BEDZ	2020-07-07 23:00:00.0	50.34453	19.15936	315.219	274.427	2,342.4	1	-0.75	-0.74	0.14	0.11
BEDZ	NDNT-BEDZ	2020-07-07 23:30:00.0	50.34453	19.15936	315.219	274.427	2,343.4	1.1	-0.46	-0.43	0.15	0.15
BES1	MUSE-BES1	2020-07-07 19:30:00.0	50.32831	19.12436	310.639	269.739	2,335.7	1.1	-1.1	0.02	0.16	0.15
BES1	MUSE-BES1	2020-07-07 20:00:00.0	50.32831	19.12436	310.639	269.739	2,336.7	1.2	-0.66	-0.07	0.18	0.16
BES1	MUSE-BES1	2020-07-07 20:30:00.0	50.32831	19.12436	310.639	269.739	2,336.2	1.3	-0.82	-0.21	0.17	0.2
BES1	MUSE-BES1	2020-07-07 21:00:00.0	50.32831	19.12436	310.636	269.736	2,333	1.3	-0.69	-0.1	0.16	0.19
BES1	MUSE-BES1	2020-07-07 21:30:00.0	50.32831	19.12436	310.636	269.736	2,336.7	1.4	-0.85	-0.71	0.23	0.24
BES1	MUSE-BES1	2020-07-07 22:00:00.0	50.32831	19.12436	310.633	269.733	2,339.9	1.3	-0.77	-0.61	0.17	0.19
BES1	MUSE-BES1	2020-07-07 22:30:00.0	50.32831	19.12436	310.633	269.733	2,339.9	1.1	-0.58	-0.21	0.15	0.16
BES1	MUSE-BES1	2020-07-07 23:00:00.0	50.32831	19.12436	310.639	269.739	2,342.2	1.2	-0.76	-0.28	0.21	0.17
BES1	MUSE-BES1	2020-07-07 23:30:00.0	50.32831	19.12436	310.639	269.739	2,343.6	1.4	0.07	-0.23	0.19	0.22
BIA2	NDNT-BIAL	2020-07-07 19:30:00.0	49.39022	20.09875	754.857	713.418	2,217.7	1	-1.24	-0.01	0.15	0.13
BIA2	NDNT-BIAL	2020-07-07 20:00:00.0	49.39022	20.09875	754.855	713.416	2,211.9	1.1	-0.75	0.06	0.16	0.16
BIA2	NDNT-BIAL	2020-07-07 20:30:00.0	49.39022	20.09875	754.855	713.416	2,210.1	1.1	-0.31	-0.2	0.15	0.17
BIA2	NDNT-BIAL	2020-07-07 21:00:00.0	49.39022	20.09875	754.85	713.411	2,214.5	1.5	-0.61	-0.53	0.18	0.2
BIA2	NDNT-BIAL	2020-07-07 21:30:00.0	49.39022	20.09875	754.85	713.411	2,216.7	1.6	-1.29	-0.33	0.24	0.23
BIA2	NDNT-BIAL	2020-07-07 22:00:00.0	49.39022	20.09875	754.856	713.417	2,214.3	1.1	-0.52	-0.66	0.15	0.12
BIA2	NDNT-BIAL	2020-07-07 22:30:00.0	49.39022	20.09875	754.856	713.417	2,215.9	1.1	-0.05	-0.64	0.14	0.13
BIA2	NDNT-BIAL	2020-07-07 23:00:00.0	49.39022	20.09875	754.861	713.422	2,213.3	1	0.09	-0.47	0.15	0.13
BIA2	NDNT-BIAL	2020-07-07 23:30:00.0	49.39022	20.09875	754.861	713.422	2,211.6	1.2	-0.18	-0.84	0.17	0.16
BILG	12236M001	2020-07-07 19:30:00.0	50.5315	22.71858	242.969	209.28	2,346.1	1.1	-0.73	0.55	0.14	0.12
BILG	12236M001	2020-07-07 20:00:00.0	50.5315	22.71858	242.973	209.284	2,337.9	1.1	-0.89	-0.09	0.15	0.14
BILG	12236M001	2020-07-07 20:30:00.0	50.5315	22.71858	242.973	209.284	2,340.3	1.1	0.14	0.57	0.15	0.15
BILG	12236M001	2020-07-07 21:00:00.0	50.5315	22.71858	242.964	209.275	2,336.7	1.2	0.25	0.42	0.15	0.16
BILG	12236M001	2020-07-07 21:30:00.0	50.5315	22.71858	242.964	209.275	2,342	1.3	-0.24	-0.33	0.2	0.18
BILG	12236M001	2020-07-07 22:00:00.0	50.5315	22.71858	242.959	209.27	2,348.6	0.9	-0.69	-0.02	0.13	0.1
BILG	12236M001	2020-07-07 22:30:00.0	50.5315	22.71858	242.959	209.27	2,346.6	0.9	-0.02	-0.35	0.13	0.1
BILG	12236M001	2020-07-07 23:00:00.0	50.5315	22.71858	242.959	209.27	2,345.9	1	0.17	-0.69	0.15	0.12
BILG	12236M001	2020-07-07 23:30:00.0	50.5315	22.71858	242.959	209.27	2,345.5	1.1	-0.38	-0.77	0.16	0.15
BOGI	12207M003	2020-07-07 19:30:00.0	52.475	21.03522	139.967	109.159	2,377.5	1.3	0.29	-0.99	0.15	0.24
BOGI	12207M003	2020-07-07 20:00:00.0	52.475	21.03522	139.96	109.152	2,384.6	1.3	0.17	-0.13	0.19	0.19
BOGI	12207M003	2020-07-07 20:30:00.0	52.475	21.03522	139.96	109.152	2,388.2	1.3	-0.61	-0.06	0.19	0.2
BOGI	12207M003	2020-07-07 21:00:00.0	52.475	21.03522	139.961	109.153	2,385.5	1.4	0.09	-1.17	0.21	0.21
BOGI	12207M003	2020-07-07 21:30:00.0	52.475	21.03522	139.961	109.153	2,385.1	1.5	0.09	-0.99	0.26	0.23
BOGI	12207M003	2020-07-07 22:00:00.0	52.475	21.03522	139.966	109.158	2,385.8	1.3	-0.46	-1.34	0.2	0.17
BOGI	12207M003	2020-07-07 22:30:00.0	52.475	21.03522	139.966	109.158	2,390.3	1.5	-1.09	-0.87	0.24	0.24
BOGI	12207M003	2020-07-07 23:00:00.0	52.475	21.03522	139.968	109.16	2,389.3	2.1	-0.84	-0.52	0.35	0.35
BOGO	12207M002	2020-07-07 19:30:00.0	52.47594	21.03536	149.603	118.797	2,379.1	1	-0.81	0.06	0.14	0.14
BOGO	12207M002	2020-07-07 20:00:00.0	52.47594	21.03536	149.608	118.802	2,380.1	1.3	-0.24	-0.33	0.18	0.17
BOGO	12207M002	2020-07-07 20:30:00.0	52.47594	21.03536	149.608	118.802	2,380.3	1.3	-0.03	-0.07	0.18	0.18
BOGO	12207M002	2020-07-07 21:00:00.0	52.47594	21.03536	149.609	118.803	2,382.5	1.3	-0.39	0.07	0.17	0.18
BOGO	12207M002	2020-07-07 21:30:00.0	52.47594	21.03536	149.609	118.803	2,381.5	1.4	-0.79	-0.3	0.22	0.22
BOGO	12207M002	2020-07-07 22:00:00.0	52.47594	21.03536	149.618	118.812	2,384.1	1.1	-0.98	-0.39	0.18	0.13
BOGO	12207M002	2020-07-07 22:30:00.0	52.47594	21.03536	149.618	118.812	2,385.6	1.2	-1.3	-0.7	0.16	0.15
BOGO	12207M002	2020-07-07 23:00:00.0	52.47594	21.03536	149.615	118.809	2,377.3	1	-0.66	-0.06	0.16	0.13
BOGO	12207M002	2020-07-07 23:30:00.0	52.47594	21.03536	149.615	118.809	2,376.5	1.1	-0.46	-0.58	0.17	0.16
BOR1	12205M002	2020-07-07 19:30:00.0	52.27694	17.07347	124.426	89.075	2,388.3	1.1	-0.75	0.33	0.21	0.12
BOR1	12205M002	2020-07-07 20:00:00.0	52.27694	17.07347	124.421	89.07	2,388.5	1.1	-0.44	-0.37	0.17	0.13
BOR1	12205M002	2020-07-07 20:30:00.0	52.27694	17.07347	124.421	89.07	2,387.3	1.1	-0.42	-0.38	0.18	0.15
BOR1	12205M002	2020-07-07 21:00:00.0	52.27694	17.07347	124.425	89.074	2,387.4	1.5	-1.32	-0.84	0.23	0.2
BOR1	12205M002	2020-07-07 21:30:00.0	52.27694	17.07347	124.425	89.074	2,388.9	1.5	-1.51	-0.98	0.27	0.22
BOR1	12205M002	2020-07-07 22:00:00.0	52.27694	17.07347	124.424	89.073	2,394.8	1	-1.44	-1	0.18	0.12
BOR1	12205M002	2020-07-07 22:30:00.0	52.27694	17.07347	124.424	89.073	2,398.3	1.2	-1.59	-0.5	0.27	0.15
BOR1	12205M002	2020-07-07 23:00:00.0	52.27694	17.07347	124.422	89.071	2,403.3	1.8	-1.64	-0.6	0.36	0.24
BPDL	12223M001	2020-07-07 19:30:00.0	52.03528	23.12736	196.368	167.434	2,358.1	1.4	-0.05	-0.66	0.21	0.2
BPDL	12223M001	2020-07-07 20:00:00.0	52.03528	23.12736	196.369	167.435	2,358.8	1.5	-0.29	-0.22	0.22	0.2
BPDL	12223M001	2020-07-07 20:30:00.0	52.03528	23.12736	196.369	167.435	2,357.2	1.5	-0.43	-0.39	0.21	0.22
BPDL	12223M001	2020-07-07 21:00:00.0	52.03528	23.12736	196.357	167.423	2,357.6	1.1	-0.94	0.64	0.15	0.16
BPDL	12223M001	2020-07-07 21:30:00.0	52.03528	23.12736	196.357	167.423	2,354.6	1.3	-1.21	1.29	0.2	0.19
BPDL	12223M001	2020-07-07 22:00:00.0	52.03528	23.12736	196.369	167.435	2,352.9	1.2	-0.71	0.32	0.21	0.14
BPDL	12223M001	2020-07-07 22:30:00.0	52.03528	23.12736	196.369	167.435	2,353.3	1.4	-0.6	0.44	0.23	0.18
BPDL	12223M001	2020-07-07 23:00:00.0	52.03528	23.12736	196.363	167.429	2,353.8	1.3	0.66	-0.06	0.21	0.18
BPDL	12223M001	2020-07-07 23:30:00.0	52.03528	23.12736	196.363	167.429	2,357.5	1.4	0.29	-0.14	0.25	0.2
BRZE	NDNT-BRZE	2020-07-07 19:30:00.0	49.969	20.59017	327.376	289.016	2,332.5	1	-0.32	-0.11	0.15	0.12
BRZE	NDNT-BRZE	2020-07-07 20:00:00.0	49.969	20.59017	327.38	289.02	2,326.3	1.1	-0.38	0.64	0.15	0.14
BRZE	NDNT-BRZE	2020-07-07 20:30:00.0	49.969	20.59017	327.38	289.02	2,327.1	1.1	-0.15	0.94	0.14	0.15
BRZE	NDNT-BRZE	2020-07-07 21:00:00.0	49.969	20.59017	327.37	289.01	2,328.1	1.1	0.16	-0.39	0.14	0.15
BRZE	NDNT-BRZE	2020-07-07 21:30:00.0	49.969	20.59017	327.37	289.01	2,338.7	1.3	0.22	-0.66	0.21	0.18
BRZE	NDNT-BRZE	2020-07-07 22:00:00.0	49.969	20.59017	327.372	289.012	2,342.2	0.9	-0.1	-0.48	0.13	0.1
BRZE	NDNT-BRZE	2020-07-07 22:30:00.0	49.969	20.59017	327.372	289.012	2,341.1	1	-0.23	-0.7	0.16	0.12
BRZE	NDNT-BRZE	2020-07-07 23:00:00.0	49.969	20.59017	327.375	289.015	2,338.8	0.9	0.63	-0.65	0.16	0.12
BRZE	NDNT-BRZE	2020-07-07 23:30:00.0	49.969	20.59017	327.375	289.015	2,343	1.2	-0.12	-0.43	0.23	0.16
BRZG	NDNT-BRZG	2020-07-07 19:30:00.0	50.86219	17.45103	190.692	150.343	2,374	1	-0.86	-0.46	0.15	0.12
BRZG	NDNT-BRZG	2020-07-07 20:00:00.0	50.86219	17.45103	190.694	150.345	2,376.4	0.9	-0.61	-0.33	0.12	0.1
BRZG	NDNT-BRZG	2020-07-07 20:30:00.0	50.86219	17.45103	190.694	150.345	2,380	0.9	-1.01	-0.07	0.11	0.12
BRZG	NDNT-BRZG	2020-07-07 21:00:00.0	50.86219	17.45103	190.691	150.342	2,378.2	1.2	-0.11	-0.17	0.17	0.17
BRZG	NDNT-BRZG	2020-07-07 21:30:00.0	50.86219	17.45103	190.691	150.342	2,377.9	1.3	-0.62	0.31	0.22	0.2
BRZG	NDNT-BRZG	2020-07-07 22:00:00.0	50.86219	17.45103	190.696	150.347	2,387	1.4	-0.45	-0.13	0.19	0.2
BRZG	NDNT-BRZG	2020-07-07 22:30:00.0	50.86219	17.45103	190.696	150.347	2,389.1	1.4	-0.67	-0.38	0.26	0.17
BRZG	NDNT-BRZG	2020-07-07 23:00:00.0	50.86219	17.45103	190.7	150.351	2,391.7	0.9	-0.4	-0.36	0.16	0.1
BRZG	NDNT-BRZG	2020-07-07 23:30:00.0	50.86219	17.45103	190.7	150.351	2,396.8	1.2	-0.44	-0.67	0.17	0.16
BUCU	11401M001	2020-07-07 19:30:00.0	44.46394	26.12575	143.338	108.827	2,482	1.1	-2.07	-0.09	0.17	0.12
BUCU	11401M001	2020-07-07 20:00:00.0	44.46394	26.12575	143.342	108.831	2,483.7	1.2	-1.75	0.69	0.18	0.18
BUCU	11401M001	2020-07-07 20:30:00.0	44.46394	26.12575	143.342	108.831	2,482.9	1.4	-2.19	0.29	0.19	0.22
BUCU	11401M001	2020-07-07 21:00:00.0	44.46394	26.12575	143.334	108.823	2,480.9	1.4	-2.03	0.72	0.18	0.15
BUCU	11401M001	2020-07-07 21:30:00.0	44.46394	26.12575	143.334	108.823	2,475.1	1.4	-1.18	0.44	0.22	0.19
BUCU	11401M001	2020-07-07 22:00:00.0	44.46394	26.12575	143.339	108.828	2,478.1	1	-0.55	-0.16	0.15	0.12
BUCU	11401M001	2020-07-07 22:30:00.0	44.46394	26.12575	143.339	108.828	2,467.9	1.1	-1	-0.27	0.17	0.13
BUCU	11401M001	2020-07-07 23:00:00.0	44.46394	26.12575	143.33	108.819	2,461.9	1.2	-2.37	-0.7	0.19	0.15
BUCU	11401M001	2020-07-07 23:30:00.0	44.46394	26.12575	143.33	108.819	2,457.7	1.3	-1.21	0.38	0.18	0.16
BUSK	NDNT-BUSK	2020-07-07 19:30:00.0	50.47422	20.71275	311.415	274.019	2,330.4	1	-0.32	-0.28	0.14	0.12
BUSK	NDNT-BUSK	2020-07-07 20:00:00.0	50.47422	20.71275	311.416	274.02	2,328.5	1.1	-0.09	0.15	0.16	0.14
BUSK	NDNT-BUSK	2020-07-07 20:30:00.0	50.47422	20.71275	311.416	274.02	2,327.6	1.2	-0.12	-0.33	0.16	0.18
BUSK	NDNT-BUSK	2020-07-07 21:00:00.0	50.47422	20.71275	311.414	274.018	2,333.4	1.2	1.01	-0.83	0.17	0.16
BUSK	NDNT-BUSK	2020-07-07 21:30:00.0	50.47422	20.71275	311.414	274.018	2,333.5	1.2	0.85	-0.54	0.21	0.18
BUSK	NDNT-BUSK	2020-07-07 22:00:00.0	50.47422	20.71275	311.416	274.02	2,339	1.1	0.1	-0.49	0.16	0.12
BUSK	NDNT-BUSK	2020-07-07 22:30:00.0	50.47422	20.71275	311.416	274.02	2,337.3	1.1	-0.37	-0.61	0.14	0.14
BUSK	NDNT-BUSK	2020-07-07 23:00:00.0	50.47422	20.71275	311.415	274.019	2,337.8	0.9	-0.71	-0.53	0.14	0.12
BUSK	NDNT-BUSK	2020-07-07 23:30:00.0	50.47422	20.71275	311.415	274.019	2,332.8	1	-0.67	-0.63	0.15	0.14
BUZD	12238M001	2020-07-07 19:30:00.0	50.46622	20.71894	299.278	261.883	2,330.3	1	-0.46	0.18	0.15	0.12
BUZD	12238M001	2020-07-07 20:00:00.0	50.46622	20.71894	299.282	261.887	2,330.3	1.4	-0.65	-0.32	0.21	0.18
BUZD	12238M001	2020-07-07 20:30:00.0	50.46622	20.71894	299.282	261.887	2,327.8	1.6	-0.5	-0.36	0.22	0.24
BUZD	12238M001	2020-07-07 21:00:00.0	50.46622	20.71894	299.283	261.888	2,333.1	1.2	-0.61	-0.82	0.17	0.16
BUZD	12238M001	2020-07-07 21:30:00.0	50.46622	20.71894	299.283	261.888	2,333.9	1.2	-0.91	-0.81	0.21	0.18
BUZD	12238M001	2020-07-07 22:00:00.0	50.46622	20.71894	299.283	261.888	2,337.6	1.1	-0.85	-0.27	0.16	0.13
BUZD	12238M001	2020-07-07 22:30:00.0	50.46622	20.71894	299.283	261.888	2,337.8	1.2	-0.54	0.17	0.15	0.16
BUZD	12238M001	2020-07-07 23:00:00.0	50.46622	20.71894	299.281	261.886	2,336.8	1	-0.62	-0.36	0.17	0.14
BUZD	12238M001	2020-07-07 23:30:00.0	50.46622	20.71894	299.281	261.886	2,332	1.2	-0.16	-0.2	0.24	0.19
BYDG	12224M001	2020-07-07 19:30:00.0	53.13456	17.99364	104.437	73.829	2,390	1.1	-0.79	-0.34	0.15	0.14
BYDG	12224M001	2020-07-07 20:00:00.0	53.13456	17.99364	104.434	73.826	2,394.4	1.1	-0.24	-0.21	0.15	0.13
BYDG	12224M001	2020-07-07 20:30:00.0	53.13456	17.99364	104.434	73.826	2,389.2	1	-1.12	-0.8	0.14	0.15
BYDG	12224M001	2020-07-07 21:00:00.0	53.13456	17.99364	104.437	73.829	2,391.3	1.1	-1.93	-0.62	0.14	0.15
BYDG	12224M001	2020-07-07 21:30:00.0	53.13456	17.99364	104.437	73.829	2,388.7	1.1	-0.76	-0.28	0.17	0.17
BYDG	12224M001	2020-07-07 22:00:00.0	53.13456	17.99364	104.435	73.827	2,389.8	0.9	-0.98	0.16	0.15	0.11
BYDG	12224M001	2020-07-07 22:30:00.0	53.13456	17.99364	104.435	73.827	2,393.6	1	-0.91	-0.08	0.15	0.13
BYDG	12224M001	2020-07-07 23:00:00.0	53.13456	17.99364	104.438	73.83	2,397	0.9	-1.61	-0.59	0.15	0.11
BYDG	12224M001	2020-07-07 23:30:00.0	53.13456	17.99364	104.438	73.83	2,396.2	1.1	-1.32	-0.9	0.18	0.15
CBKA	12221M001	2020-07-07 19:30:00.0	52.21472	21.06769	125.191	93.943	2,378.4	1	-0.22	0.29	0.14	0.12
CBKA	12221M001	2020-07-07 20:00:00.0	52.21472	21.06769	125.19	93.942	2,381.6	1	-0.5	0.17	0.13	0.12
CBKA	12221M001	2020-07-07 20:30:00.0	52.21472	21.06769	125.19	93.942	2,381.4	1	-0.4	0.39	0.12	0.13
CBKA	12221M001	2020-07-07 21:00:00.0	52.21472	21.06769	125.19	93.942	2,387.9	1	-0.26	-0.71	0.13	0.13
CBKA	12221M001	2020-07-07 21:30:00.0	52.21472	21.06769	125.19	93.942	2,389	1.1	0.28	-0.61	0.17	0.16
CBKA	12221M001	2020-07-07 22:00:00.0	52.21472	21.06769	125.194	93.946	2,389.8	1.1	-0.56	-0.05	0.15	0.12
CBKA	12221M001	2020-07-07 22:30:00.0	52.21472	21.06769	125.194	93.946	2,388.1	1.1	-0.68	-0.14	0.14	0.14
CBKA	12221M001	2020-07-07 23:00:00.0	52.21472	21.06769	125.193	93.945	2,388.8	1	0.31	0.04	0.15	0.13
CBKA	12221M001	2020-07-07 23:30:00.0	52.21472	21.06769	125.193	93.945	2,382.1	1.1	-0.17	-0.25	0.17	0.16
CCHN	12239M001	2020-07-07 19:30:00.0	52.88281	20.59783	167.644	136.75	2,373.9	1.1	-0.42	0.13	0.14	0.15
CCHN	12239M001	2020-07-07 20:00:00.0	52.88281	20.59783	167.64	136.746	2,370.7	1.2	-0.4	-0.64	0.17	0.17
CCHN	12239M001	2020-07-07 20:30:00.0	52.88281	20.59783	167.64	136.746	2,373.2	1.2	-0.48	-0.22	0.18	0.18
CCHN	12239M001	2020-07-07 21:00:00.0	52.88281	20.59783	167.636	136.742	2,365.6	1.1	0.37	0.52	0.14	0.15
CCHN	12239M001	2020-07-07 21:30:00.0	52.88281	20.59783	167.636	136.742	2,360.1	1.1	-0.68	-0.05	0.17	0.18
CCHN	12239M001	2020-07-07 22:00:00.0	52.88281	20.59783	167.635	136.741	2,370.9	0.9	-0.98	-0.21	0.16	0.12
CCHN	12239M001	2020-07-07 22:30:00.0	52.88281	20.59783	167.635	136.741	2,369.5	1.1	-0.71	-0.02	0.12	0.17
CCHN	12239M001	2020-07-07 23:00:00.0	52.88281	20.59783	167.637	136.743	2,371.3	1	0.05	0.43	0.17	0.14
CCHN	12239M001	2020-07-07 23:30:00.0	52.88281	20.59783	167.637	136.743	2,369.6	1.1	0.11	0.72	0.18	0.16
CFRM	11525M001	2020-07-07 21:00:00.0	49.68481	18.35319	373.672	330.849	2,334.1	1.4	-0.98	-0.2	0.16	0.17
CFRM	11525M001	2020-07-07 21:30:00.0	49.68481	18.35319	373.672	330.849	2,333.1	1.5	-1.04	-0.15	0.22	0.19
CFRM	11525M001	2020-07-07 22:00:00.0	49.68481	18.35319	373.667	330.844	2,335.1	1.2	-0.52	-0.12	0.15	0.12
CFRM	11525M001	2020-07-07 22:30:00.0	49.68481	18.35319	373.667	330.844	2,335	1.2	-0.36	0.14	0.15	0.14
CFRM	11525M001	2020-07-07 23:00:00.0	49.68481	18.35319	373.673	330.85	2,332.3	1.5	-0.31	-0.26	0.25	0.21
CHEL	12240M001	2020-07-07 19:30:00.0	51.13	23.48042	255.532	225.915	2,343.6	1.1	0.03	0.45	0.15	0.11
CHEL	12240M001	2020-07-07 20:00:00.0	51.13	23.48042	255.528	225.911	2,339.1	1.2	-0.19	-0.27	0.15	0.14
CHEL	12240M001	2020-07-07 20:30:00.0	51.13	23.48042	255.528	225.911	2,338.6	1.1	-0.12	-0.56	0.14	0.15
CHEL	12240M001	2020-07-07 21:00:00.0	51.13	23.48042	255.523	225.906	2,339.1	1.2	-0.39	0.1	0.15	0.15
CHEL	12240M001	2020-07-07 21:30:00.0	51.13	23.48042	255.523	225.906	2,336.5	1.3	-0.32	-0.52	0.21	0.19
CHEL	12240M001	2020-07-07 22:00:00.0	51.13	23.48042	255.527	225.91	2,338.2	1	-0.76	-0.54	0.14	0.11
CHEL	12240M001	2020-07-07 22:30:00.0	51.13	23.48042	255.527	225.91	2,342	1.1	-0.41	-0.42	0.16	0.11
CHEL	12240M001	2020-07-07 23:00:00.0	51.13	23.48042	255.525	225.908	2,342.3	1	-0.97	-0.72	0.17	0.13
CHEL	12240M001	2020-07-07 23:30:00.0	51.13	23.48042	255.525	225.908	2,343	1.1	-1.28	-0.92	0.17	0.16
CHNO	12241M001	2020-07-07 19:30:00.0	53.16406	15.41406	105.394	70.639	2,400.6	1.3	-0.32	-1.34	0.15	0.21
CHNO	12241M001	2020-07-07 20:00:00.0	53.16406	15.41406	105.391	70.636	2,400.8	1.4	0.1	-0.71	0.21	0.22
CHNO	12241M001	2020-07-07 20:30:00.0	53.16406	15.41406	105.391	70.636	2,403.6	1.4	-0.07	-0.71	0.22	0.23
CHNO	12241M001	2020-07-07 21:00:00.0	53.16406	15.41406	105.396	70.641	2,409.5	1.5	0.24	-1.63	0.22	0.25
CHNO	12241M001	2020-07-07 21:30:00.0	53.16406	15.41406	105.396	70.641	2,416.1	1.6	0.17	-0.71	0.22	0.28
CHNO	12241M001	2020-07-07 22:00:00.0	53.16406	15.41406	105.401	70.646	2,433.7	1.1	-1.19	-1.41	0.16	0.16
CHNO	12241M001	2020-07-07 22:30:00.0	53.16406	15.41406	105.401	70.646	2,432.3	1.4	-1.53	-0.79	0.17	0.23
CHNO	12241M001	2020-07-07 23:00:00.0	53.16406	15.41406	105.394	70.639	2,446	1.3	-0.87	-0.67	0.18	0.17
CHNO	12241M001	2020-07-07 23:30:00.0	53.16406	15.41406	105.394	70.639	2,439.3	1.6	-1.29	-0.99	0.24	0.23
CHOJ	12242M001	2020-07-07 19:30:00.0	53.69519	17.55236	204.061	173.311	2,360.9	1.2	-0.06	-0.66	0.14	0.18
CHOJ	12242M001	2020-07-07 20:00:00.0	53.69519	17.55236	204.061	173.311	2,367	1.3	0.57	-0.96	0.18	0.17
CHOJ	12242M001	2020-07-07 20:30:00.0	53.69519	17.55236	204.061	173.311	2,358.9	1.5	-0.51	-0.38	0.21	0.2
CHOJ	12242M001	2020-07-07 21:00:00.0	53.69519	17.55236	204.062	173.312	2,357.8	1.2	-0.4	-0.46	0.17	0.17
CHOJ	12242M001	2020-07-07 21:30:00.0	53.69519	17.55236	204.062	173.312	2,358.9	1.1	-0.43	-0.41	0.18	0.16
CHOJ	12242M001	2020-07-07 22:00:00.0	53.69519	17.55236	204.059	173.309	2,361.7	1	-0.54	-0.09	0.17	0.12
CHOJ	12242M001	2020-07-07 22:30:00.0	53.69519	17.55236	204.059	173.309	2,364.1	1	-0.18	-0.86	0.15	0.15
CHOJ	12242M001	2020-07-07 23:00:00.0	53.69519	17.55236	204.059	173.309	2,370.8	1.2	-0.1	-1.59	0.2	0.17
CHOJ	12242M001	2020-07-07 23:30:00.0	53.69519	17.55236	204.059	173.309	2,382.9	1.4	0.02	-2.01	0.22	0.23
CLIB	11526M001	2020-07-07 19:30:00.0	50.77169	15.05989	448.431	405.141	2,310.4	1	-1.22	-0.1	0.14	0.11
CLIB	11526M001	2020-07-07 20:00:00.0	50.77169	15.05989	448.431	405.141	2,311.4	1.1	-0.66	0.21	0.14	0.12
CLIB	11526M001	2020-07-07 20:30:00.0	50.77169	15.05989	448.431	405.141	2,307.7	1.1	-0.86	0.54	0.14	0.15
CLIB	11526M001	2020-07-07 21:00:00.0	50.77169	15.05989	448.434	405.144	2,312.3	1.1	-0.83	-0.43	0.14	0.14
CLIB	11526M001	2020-07-07 21:30:00.0	50.77169	15.05989	448.434	405.144	2,317.2	1.2	-0.41	0.29	0.19	0.15
CLIB	11526M001	2020-07-07 22:00:00.0	50.77169	15.05989	448.432	405.142	2,320.8	0.9	-0.61	0.1	0.13	0.11
CLIB	11526M001	2020-07-07 22:30:00.0	50.77169	15.05989	448.432	405.142	2,322.2	1	-0.95	-0.49	0.14	0.14
CLIB	11526M001	2020-07-07 23:00:00.0	50.77169	15.05989	448.439	405.149	2,328.9	0.9	-0.67	-1.12	0.14	0.1
CLIB	11526M001	2020-07-07 23:30:00.0	50.77169	15.05989	448.439	405.149	2,334	1.2	-0.85	-0.63	0.16	0.15
CNIV	15501M001	2020-07-07 19:30:00.0	51.51894	31.31361	175.948	151.198	2,459.3	1.2	0.44	-0.47	0.17	0.16
CNIV	15501M001	2020-07-07 20:00:00.0	51.51894	31.31361	175.955	151.205	2,456.1	1.5	0.23	-0.99	0.21	0.23
CNIV	15501M001	2020-07-07 20:30:00.0	51.51894	31.31361	175.955	151.205	2,452.6	1.5	-0.39	-0.36	0.22	0.24
CNIV	15501M001	2020-07-07 21:00:00.0	51.51894	31.31361	175.96	151.21	2,452.9	1.1	0.42	-0.74	0.15	0.17
CNIV	15501M001	2020-07-07 21:30:00.0	51.51894	31.31361	175.96	151.21	2,449.3	1.1	0.48	-0.95	0.19	0.2
CNIV	15501M001	2020-07-07 22:00:00.0	51.51894	31.31361	175.949	151.199	2,456.1	1.1	-0.21	0.91	0.17	0.12
CNIV	15501M001	2020-07-07 22:30:00.0	51.51894	31.31361	175.949	151.199	2,452.2	1.1	-0.64	0.46	0.17	0.17
CNIV	15501M001	2020-07-07 23:00:00.0	51.51894	31.31361	175.93	151.18	2,445.5	1.1	0.22	1.67	0.16	0.17
CNIV	15501M001	2020-07-07 23:30:00.0	51.51894	31.31361	175.93	151.18	2,452.7	1.2	0.7	0.17	0.18	0.17
CPAR	11527M001	2020-07-07 19:30:00.0	50.03956	15.78325	283.351	239.246	2,365.3	1	-0.82	0.05	0.15	0.11
CPAR	11527M001	2020-07-07 20:00:00.0	50.03956	15.78325	283.352	239.247	2,361.1	1.1	-0.91	-0.11	0.14	0.12
CPAR	11527M001	2020-07-07 20:30:00.0	50.03956	15.78325	283.352	239.247	2,367.1	1.1	-0.94	-0.54	0.14	0.15
CPAR	11527M001	2020-07-07 21:00:00.0	50.03956	15.78325	283.358	239.253	2,365.9	1.6	-0.59	-1.34	0.19	0.22
CPAR	11527M001	2020-07-07 23:00:00.0	50.03956	15.78325	283.357	239.252	2,373.3	1.4	-0.96	-0.63	0.28	0.18
CPAR	11527M001	2020-07-07 23:30:00.0	50.03956	15.78325	283.357	239.252	2,373.2	1.5	-0.86	-0.29	0.24	0.19
CRAK	11528M001	2020-07-07 19:30:00.0	50.10239	13.72925	381.957	336.119	2,339.5	1.1	-0.8	0.24	0.15	0.13
CRAK	11528M001	2020-07-07 20:00:00.0	50.10239	13.72925	381.962	336.124	2,337.3	1.1	-1.89	-0.04	0.15	0.13
CRAK	11528M001	2020-07-07 20:30:00.0	50.10239	13.72925	381.962	336.124	2,339.1	1.2	-2.09	-0.62	0.18	0.17
CRAK	11528M001	2020-07-07 21:00:00.0	50.10239	13.72925	381.959	336.121	2,340.3	1.2	-1.85	-0.54	0.18	0.15
CRAK	11528M001	2020-07-07 21:30:00.0	50.10239	13.72925	381.959	336.121	2,342.8	1.2	-1.7	0.28	0.21	0.15
CRAK	11528M001	2020-07-07 22:00:00.0	50.10239	13.72925	381.957	336.119	2,343.9	0.9	-1.78	-0.24	0.14	0.11
CRAK	11528M001	2020-07-07 22:30:00.0	50.10239	13.72925	381.957	336.119	2,345.1	1.1	-1.58	-0.5	0.16	0.15
CRAK	11528M001	2020-07-07 23:00:00.0	50.10239	13.72925	381.966	336.128	2,349.7	1	-1.42	-0.72	0.14	0.11
CRAK	11528M001	2020-07-07 23:30:00.0	50.10239	13.72925	381.966	336.128	2,350.7	1.2	-1.26	0.1	0.17	0.16
CZES	NDNT-CZES	2020-07-07 19:30:00.0	50.78419	19.15317	312.113	273.261	2,332.9	0.9	-0.72	0.24	0.13	0.11
CZES	NDNT-CZES	2020-07-07 20:00:00.0	50.78419	19.15317	312.104	273.252	2,334.4	1.1	-0.44	-0.13	0.16	0.13
CZES	NDNT-CZES	2020-07-07 20:30:00.0	50.78419	19.15317	312.104	273.252	2,328.9	1.1	0.45	1.43	0.15	0.16
CZES	NDNT-CZES	2020-07-07 21:00:00.0	50.78419	19.15317	312.107	273.255	2,327.5	1.2	-0.43	-0.44	0.14	0.15
CZES	NDNT-CZES	2020-07-07 21:30:00.0	50.78419	19.15317	312.107	273.255	2,337.6	1.3	0.04	-1.1	0.2	0.17
CZES	NDNT-CZES	2020-07-07 22:00:00.0	50.78419	19.15317	312.1	273.248	2,332.1	1	-0.28	-0.93	0.14	0.11
CZES	NDNT-CZES	2020-07-07 22:30:00.0	50.78419	19.15317	312.1	273.248	2,338	1.1	-0.65	-0.6	0.14	0.12
CZES	NDNT-CZES	2020-07-07 23:00:00.0	50.78419	19.15317	312.093	273.241	2,345.1	1	-1.5	-0.25	0.15	0.11
CZES	NDNT-CZES	2020-07-07 23:30:00.0	50.78419	19.15317	312.093	273.241	2,341.7	1.1	-0.92	0	0.16	0.15
DAB1	NDNT-DABT	2020-07-07 19:30:00.0	50.17606	20.992	249.869	212.832	2,353	1	-0.27	0.39	0.14	0.11
DAB1	NDNT-DABT	2020-07-07 20:00:00.0	50.17606	20.992	249.876	212.839	2,353.3	1.1	-0.23	0.27	0.15	0.13
DAB1	NDNT-DABT	2020-07-07 20:30:00.0	50.17606	20.992	249.876	212.839	2,349.5	1.1	-0.86	0.61	0.14	0.15
DAB1	NDNT-DABT	2020-07-07 21:00:00.0	50.17606	20.992	249.884	212.847	2,346	1.1	-1.09	0.24	0.13	0.15
DAB1	NDNT-DABT	2020-07-07 21:30:00.0	50.17606	20.992	249.884	212.847	2,346.6	1.2	-0.85	0.61	0.19	0.18
DAB1	NDNT-DABT	2020-07-07 22:00:00.0	50.17606	20.992	249.893	212.856	2,348.2	0.9	-0.41	-0.52	0.13	0.1
DAB1	NDNT-DABT	2020-07-07 22:30:00.0	50.17606	20.992	249.893	212.856	2,353.9	0.9	-1.04	0.29	0.13	0.11
DAB1	NDNT-DABT	2020-07-07 23:00:00.0	50.17606	20.992	249.889	212.852	2,356.3	0.9	-0.92	-0.73	0.13	0.11
DAB1	NDNT-DABT	2020-07-07 23:30:00.0	50.17606	20.992	249.889	212.852	2,356.3	1	-1.11	-0.28	0.15	0.14
DEBI	NDNT-DEBI	2020-07-07 19:30:00.0	50.04361	21.41992	258.862	222.686	2,350.3	1	-0.1	0.12	0.15	0.11
DEBI	NDNT-DEBI	2020-07-07 20:00:00.0	50.04361	21.41992	258.869	222.693	2,354.8	1.1	0.84	0.21	0.16	0.15
DEBI	NDNT-DEBI	2020-07-07 20:30:00.0	50.04361	21.41992	258.869	222.693	2,353.3	1.1	-0.21	1.19	0.15	0.16
DEBI	NDNT-DEBI	2020-07-07 21:00:00.0	50.04361	21.41992	258.875	222.699	2,353.4	1.1	-0.4	-1.48	0.14	0.16
DEBI	NDNT-DEBI	2020-07-07 21:30:00.0	50.04361	21.41992	258.875	222.699	2,355.2	1.2	0.78	-1.42	0.2	0.18
DEBI	NDNT-DEBI	2020-07-07 22:00:00.0	50.04361	21.41992	258.877	222.701	2,352.5	0.9	-0.37	-0.28	0.13	0.1
DEBI	NDNT-DEBI	2020-07-07 22:30:00.0	50.04361	21.41992	258.877	222.701	2,349.2	0.9	-0.41	-0.34	0.13	0.11
DEBI	NDNT-DEBI	2020-07-07 23:00:00.0	50.04361	21.41992	258.885	222.709	2,342.9	0.9	-0.37	-0.6	0.13	0.11
DEBI	NDNT-DEBI	2020-07-07 23:30:00.0	50.04361	21.41992	258.885	222.709	2,342	1	-0.6	-1.16	0.15	0.14
DRWP	12243M001	2020-07-07 19:30:00.0	53.52633	15.81747	171.116	136.82	2,377	0.9	-0.64	-0.47	0.14	0.12
DRWP	12243M001	2020-07-07 20:00:00.0	53.52633	15.81747	171.113	136.817	2,373.7	1	-1.38	-1.8	0.15	0.13
DRWP	12243M001	2020-07-07 20:30:00.0	53.52633	15.81747	171.113	136.817	2,375.3	1.1	-0.8	-1.83	0.14	0.14
DRWP	12243M001	2020-07-07 21:00:00.0	53.52633	15.81747	171.099	136.803	2,391.1	1.1	-0.5	-0.25	0.14	0.16
DRWP	12243M001	2020-07-07 21:30:00.0	53.52633	15.81747	171.099	136.803	2,385.6	1.1	-1.36	-1.1	0.15	0.17
DRWP	12243M001	2020-07-07 22:00:00.0	53.52633	15.81747	171.084	136.788	2,397.6	1	-1.2	0.01	0.14	0.13
DRWP	12243M001	2020-07-07 22:30:00.0	53.52633	15.81747	171.084	136.788	2,408	1	-0.83	0.37	0.14	0.14
DRWP	12243M001	2020-07-07 23:00:00.0	53.52633	15.81747	171.084	136.788	2,411.5	1	0.78	1.21	0.17	0.13
DRWP	12243M001	2020-07-07 23:30:00.0	53.52633	15.81747	171.084	136.788	2,411	1.2	1.16	2.92	0.23	0.18
DYNW	NDNT-DYNW	2020-07-07 19:30:00.0	49.81286	22.22936	311.663	276.605	2,349.9	1.3	-0.71	1.23	0.17	0.21
DYNW	NDNT-DYNW	2020-07-07 20:00:00.0	49.81286	22.22936	311.659	276.601	2,334.3	1.4	-1.23	1.03	0.22	0.21
DYNW	NDNT-DYNW	2020-07-07 20:30:00.0	49.81286	22.22936	311.659	276.601	2,334	1.4	-0.46	-0.08	0.2	0.22
DYNW	NDNT-DYNW	2020-07-07 22:00:00.0	49.81286	22.22936	311.67	276.612	2,332.6	1.3	-1.98	-0.55	0.23	0.25
DYNW	NDNT-DYNW	2020-07-07 22:30:00.0	49.81286	22.22936	311.67	276.612	2,321.8	1.7	-1.74	-1.28	0.33	0.29
DYNW	NDNT-DYNW	2020-07-07 23:00:00.0	49.81286	22.22936	311.67	276.612	2,326.9	1.6	-1.06	-1.45	0.33	0.28
DYNW	NDNT-DYNW	2020-07-07 23:30:00.0	49.81286	22.22936	311.67	276.612	2,331	1.7	-1.63	-0.81	0.35	0.32
DZIA	12244M001	2020-07-07 19:30:00.0	53.23033	20.16739	206.583	176.065	2,362.6	0.9	-0.29	0.24	0.1	0.11
DZIA	12244M001	2020-07-07 20:00:00.0	53.23033	20.16739	206.577	176.059	2,365	0.9	0.05	0.05	0.12	0.13
DZIA	12244M001	2020-07-07 20:30:00.0	53.23033	20.16739	206.577	176.059	2,363.4	1	0.02	0.06	0.13	0.13
DZIA	12244M001	2020-07-07 21:00:00.0	53.23033	20.16739	206.58	176.062	2,359.2	0.9	-0.03	-0.69	0.11	0.12
DZIA	12244M001	2020-07-07 21:30:00.0	53.23033	20.16739	206.58	176.062	2,364.8	0.9	-0.41	-0.59	0.14	0.14
DZIA	12244M001	2020-07-07 22:00:00.0	53.23033	20.16739	206.574	176.056	2,357	0.9	-0.35	-0.07	0.15	0.11
DZIA	12244M001	2020-07-07 22:30:00.0	53.23033	20.16739	206.574	176.056	2,356.5	1	-0.37	0.63	0.12	0.16
DZIA	12244M001	2020-07-07 23:00:00.0	53.23033	20.16739	206.575	176.057	2,360.6	1	-0.23	-0.46	0.17	0.14
DZIA	12244M001	2020-07-07 23:30:00.0	53.23033	20.16739	206.575	176.057	2,361.6	1.1	-0.14	-0.27	0.19	0.16
ELBL	18991M001	2020-07-07 19:30:00.0	54.15556	19.40036	52.695	23.687	2,407.8	1.1	-0.4	-0.45	0.14	0.15
ELBL	18991M001	2020-07-07 20:00:00.0	54.15556	19.40036	52.692	23.684	2,403.5	1.1	-1.46	-0.67	0.16	0.14
ELBL	18991M001	2020-07-07 20:30:00.0	54.15556	19.40036	52.692	23.684	2,404	1.1	-1.32	-0.18	0.15	0.16
ELBL	18991M001	2020-07-07 21:00:00.0	54.15556	19.40036	52.691	23.683	2,398.9	1.1	-2.06	1.57	0.15	0.16
ELBL	18991M001	2020-07-07 21:30:00.0	54.15556	19.40036	52.691	23.683	2,405.9	1.1	-1.87	1.15	0.18	0.17
ELBL	18991M001	2020-07-07 22:00:00.0	54.15556	19.40036	52.694	23.686	2,407.7	0.9	-0.84	-0.48	0.16	0.12
ELBL	18991M001	2020-07-07 22:30:00.0	54.15556	19.40036	52.694	23.686	2,406.7	1	-1.25	0.38	0.13	0.16
ELBL	18991M001	2020-07-07 23:00:00.0	54.15556	19.40036	52.687	23.679	2,410.2	0.9	-0.44	0.14	0.16	0.12
ELBL	18991M001	2020-07-07 23:30:00.0	54.15556	19.40036	52.687	23.679	2,411	1	-1.23	-0.55	0.19	0.16
GDA1	12252M002	2020-07-07 19:30:00.0	54.35142	18.64108	63.179	33.947	2,400.8	1.1	-0.97	0.43	0.15	0.15
GDA1	12252M002	2020-07-07 20:00:00.0	54.35142	18.64108	63.179	33.947	2,397.3	1.1	-0.9	0.39	0.15	0.16
GDA1	12252M002	2020-07-07 20:30:00.0	54.35142	18.64108	63.179	33.947	2,398	1.1	-0.39	0.64	0.16	0.16
GDA1	12252M002	2020-07-07 21:00:00.0	54.35142	18.64108	63.179	33.947	2,392.6	1.1	-0.07	-0.33	0.14	0.14
GDA1	12252M002	2020-07-07 21:30:00.0	54.35142	18.64108	63.179	33.947	2,394.5	1.1	-0.34	-0.41	0.16	0.16
GDA1	12252M002	2020-07-07 22:00:00.0	54.35142	18.64108	63.172	33.94	2,401.5	0.9	-0.52	0.04	0.16	0.12
GDA1	12252M002	2020-07-07 22:30:00.0	54.35142	18.64108	63.172	33.94	2,402.7	0.9	-0.1	-0.37	0.12	0.13
GDA1	12252M002	2020-07-07 23:00:00.0	54.35142	18.64108	63.171	33.939	2,406.6	0.9	0.28	0.09	0.15	0.12
GDA1	12252M002	2020-07-07 23:30:00.0	54.35142	18.64108	63.171	33.939	2,407.3	1.1	1.24	0.19	0.2	0.17
GIZY	12253M001	2020-07-07 19:30:00.0	54.03578	21.76778	166.816	138.576	2,371.7	1.1	-0.05	-0.96	0.15	0.16
GIZY	12253M001	2020-07-07 20:00:00.0	54.03578	21.76778	166.815	138.575	2,381.3	1.2	-1.39	-1.23	0.18	0.16
GIZY	12253M001	2020-07-07 20:30:00.0	54.03578	21.76778	166.815	138.575	2,385.9	1.2	-1.25	0.24	0.16	0.16
GIZY	12253M001	2020-07-07 21:00:00.0	54.03578	21.76778	166.817	138.577	2,378.2	1.1	-1.28	0.04	0.14	0.15
GIZY	12253M001	2020-07-07 21:30:00.0	54.03578	21.76778	166.817	138.577	2,377	1.1	-1.03	0.67	0.18	0.18
GIZY	12253M001	2020-07-07 22:00:00.0	54.03578	21.76778	166.815	138.575	2,379.8	0.9	-0.46	0.32	0.15	0.11
GIZY	12253M001	2020-07-07 22:30:00.0	54.03578	21.76778	166.815	138.575	2,377.3	1.1	-0.72	-0.18	0.18	0.16
GIZY	12253M001	2020-07-07 23:00:00.0	54.03578	21.76778	166.814	138.574	2,375.1	1.1	-0.05	0.15	0.18	0.15
GIZY	12253M001	2020-07-07 23:30:00.0	54.03578	21.76778	166.814	138.574	2,372.8	1.2	-0.18	0.13	0.21	0.18
GLIW	NDNT-GLIW	2020-07-07 19:30:00.0	50.22644	18.60972	284.026	242.45	2,350.7	1.1	-0.8	-0.02	0.16	0.14
GLIW	NDNT-GLIW	2020-07-07 20:00:00.0	50.22644	18.60972	284.031	242.455	2,347.3	1.3	-1.75	-0.34	0.2	0.18
GLIW	NDNT-GLIW	2020-07-07 20:30:00.0	50.22644	18.60972	284.031	242.455	2,346.6	1.3	-1.37	-0.46	0.19	0.19
GLIW	NDNT-GLIW	2020-07-07 21:00:00.0	50.22644	18.60972	284.034	242.458	2,352	1.3	-1.23	-0.38	0.16	0.17
GLIW	NDNT-GLIW	2020-07-07 21:30:00.0	50.22644	18.60972	284.034	242.458	2,355.3	1.4	-1.79	0.94	0.23	0.2
GLIW	NDNT-GLIW	2020-07-07 22:00:00.0	50.22644	18.60972	284.032	242.456	2,359	1.3	-1.78	0.42	0.24	0.16
GLIW	NDNT-GLIW	2020-07-07 22:30:00.0	50.22644	18.60972	284.032	242.456	2,355.4	1.5	-2.14	-0.52	0.32	0.2
GLIW	NDNT-GLIW	2020-07-07 23:00:00.0	50.22644	18.60972	284.037	242.461	2,359.4	1.2	0.41	-0.22	0.21	0.19
GLIW	NDNT-GLIW	2020-07-07 23:30:00.0	50.22644	18.60972	284.037	242.461	2,363.8	1.4	0.02	-0.54	0.22	0.19
GLOG	12254M001	2020-07-07 19:30:00.0	51.66525	16.07428	144.427	104.584	2,389.4	1	-1.57	0.18	0.15	0.12
GLOG	12254M001	2020-07-07 20:00:00.0	51.66525	16.07428	144.428	104.585	2,387.7	1.2	-1.08	-0.18	0.18	0.13
GLOG	12254M001	2020-07-07 20:30:00.0	51.66525	16.07428	144.428	104.585	2,390.9	1.3	-1.05	-0.12	0.22	0.18
GLOG	12254M001	2020-07-07 21:00:00.0	51.66525	16.07428	144.429	104.586	2,395.9	1.2	-0.95	-0.39	0.16	0.16
GLOG	12254M001	2020-07-07 21:30:00.0	51.66525	16.07428	144.429	104.586	2,397.5	1.4	-0.55	-0.41	0.2	0.22
GLOG	12254M001	2020-07-07 22:00:00.0	51.66525	16.07428	144.426	104.583	2,404	1	-0.79	-0.49	0.16	0.14
GLOG	12254M001	2020-07-07 22:30:00.0	51.66525	16.07428	144.426	104.583	2,405.8	1	-0.9	-0.31	0.15	0.15
GLOG	12254M001	2020-07-07 23:00:00.0	51.66525	16.07428	144.431	104.588	2,412.9	1.1	-0.22	-0.53	0.18	0.14
GLOG	12254M001	2020-07-07 23:30:00.0	51.66525	16.07428	144.431	104.588	2,409.7	1.3	-0.33	-0.44	0.22	0.19
GLSV	12356M001	2020-07-07 20:00:00.0	50.36419	30.49675	226.307	200.935	2,453.4	1.9	-1.27	0.25	0.27	0.27
GLSV	12356M001	2020-07-07 20:30:00.0	50.36419	30.49675	226.307	200.935	2,455.7	1.8	-1.11	0.18	0.26	0.28
GLSV	12356M001	2020-07-07 21:00:00.0	50.36419	30.49675	226.296	200.924	2,456.4	1.2	-1.17	0.83	0.14	0.19
GLSV	12356M001	2020-07-07 21:30:00.0	50.36419	30.49675	226.296	200.924	2,457.5	1.4	-1.49	0.71	0.2	0.2
GLSV	12356M001	2020-07-07 22:00:00.0	50.36419	30.49675	226.331	200.959	2,453	1	-0.91	0.17	0.18	0.12
GLSV	12356M001	2020-07-07 22:30:00.0	50.36419	30.49675	226.331	200.959	2,450	1.2	-0.67	0.65	0.17	0.16
GLSV	12356M001	2020-07-07 23:00:00.0	50.36419	30.49675	226.323	200.951	2,458.4	1.4	-1.55	-0.6	0.21	0.19
GLSV	12356M001	2020-07-07 23:30:00.0	50.36419	30.49675	226.323	200.951	2,462.9	1.5	-1.66	-1.48	0.21	0.22
GLUB	NDNT-GLUB	2020-07-07 19:30:00.0	50.20236	17.81056	321.37	279.146	2,348.1	1.4	-0.88	-0.16	0.25	0.16
GLUB	NDNT-GLUB	2020-07-07 20:00:00.0	50.20236	17.81056	321.372	279.148	2,344	1.3	-1.18	-0.34	0.19	0.16
GLUB	NDNT-GLUB	2020-07-07 20:30:00.0	50.20236	17.81056	321.372	279.148	2,351.4	1.4	-0.95	-0.07	0.22	0.21
GLUB	NDNT-GLUB	2020-07-07 21:00:00.0	50.20236	17.81056	321.37	279.146	2,350.8	1.4	0.97	0.51	0.2	0.19
GLUB	NDNT-GLUB	2020-07-07 21:30:00.0	50.20236	17.81056	321.37	279.146	2,351.1	1.4	0.42	0.07	0.24	0.2
GLUB	NDNT-GLUB	2020-07-07 22:00:00.0	50.20236	17.81056	321.38	279.156	2,350.9	1.2	-0.34	0.24	0.16	0.14
GLUB	NDNT-GLUB	2020-07-07 22:30:00.0	50.20236	17.81056	321.38	279.156	2,350	1.3	-0.73	0.23	0.18	0.17
GLUB	NDNT-GLUB	2020-07-07 23:00:00.0	50.20236	17.81056	321.385	279.161	2,353	1.1	-0.3	-0.76	0.17	0.13
GLUB	NDNT-GLUB	2020-07-07 23:30:00.0	50.20236	17.81056	321.385	279.161	2,356.4	1.3	-1.13	-0.95	0.21	0.17
GNIE	12255M001	2020-07-07 19:30:00.0	52.53294	17.58386	172.126	138.864	2,373.2	0.9	-0.55	-0.55	0.13	0.12
GNIE	12255M001	2020-07-07 20:00:00.0	52.53294	17.58386	172.127	138.865	2,370.5	1	-0.6	-0.34	0.14	0.13
GNIE	12255M001	2020-07-07 20:30:00.0	52.53294	17.58386	172.127	138.865	2,372.5	1	-0.61	-0.44	0.13	0.14
GNIE	12255M001	2020-07-07 21:00:00.0	52.53294	17.58386	172.132	138.87	2,368.4	1	-0.66	-0.27	0.13	0.13
GNIE	12255M001	2020-07-07 21:30:00.0	52.53294	17.58386	172.132	138.87	2,363.9	1.1	-0.91	-0.37	0.16	0.16
GNIE	12255M001	2020-07-07 22:00:00.0	52.53294	17.58386	172.128	138.866	2,372.2	0.9	-1.31	-0.43	0.16	0.11
GNIE	12255M001	2020-07-07 22:30:00.0	52.53294	17.58386	172.128	138.866	2,376.1	1	-1.45	-1.16	0.15	0.16
GNIE	12255M001	2020-07-07 23:00:00.0	52.53294	17.58386	172.127	138.865	2,383.6	1	-1.06	-1.25	0.17	0.11
GNIE	12255M001	2020-07-07 23:30:00.0	52.53294	17.58386	172.127	138.865	2,385.9	1.2	-1.13	-1.52	0.2	0.17
GOLE	12256M001	2020-07-07 19:30:00.0	53.55872	14.838	68.876	33.699	2,421.4	0.9	-0.86	0.03	0.12	0.11
GOLE	12256M001	2020-07-07 20:00:00.0	53.55872	14.838	68.872	33.695	2,424.1	1.3	-0.5	-0.51	0.19	0.17
GOLE	12256M001	2020-07-07 20:30:00.0	53.55872	14.838	68.872	33.695	2,435	1.5	-0.63	-0.21	0.2	0.22
GOLE	12256M001	2020-07-07 21:00:00.0	53.55872	14.838	68.879	33.702	2,443.8	1.2	-0.78	-0.4	0.17	0.16
GOLE	12256M001	2020-07-07 21:30:00.0	53.55872	14.838	68.879	33.702	2,442.6	1.2	-1.16	-0.35	0.16	0.15
GOLE	12256M001	2020-07-07 22:00:00.0	53.55872	14.838	68.877	33.7	2,443.9	0.9	-0.68	0.4	0.14	0.1
GOLE	12256M001	2020-07-07 22:30:00.0	53.55872	14.838	68.877	33.7	2,443.3	1	-0.87	0.16	0.13	0.13
GOLE	12256M001	2020-07-07 23:00:00.0	53.55872	14.838	68.871	33.694	2,430.5	1	-1.4	0.58	0.17	0.12
GOLE	12256M001	2020-07-07 23:30:00.0	53.55872	14.838	68.871	33.694	2,426	1.3	-1.41	-0.08	0.24	0.17
GOPE	11502M002	2020-07-07 19:30:00.0	49.91369	14.78564	592.732	547.563	2,270.6	1.1	-0.66	0.21	0.18	0.12
GOPE	11502M002	2020-07-07 20:00:00.0	49.91369	14.78564	592.735	547.566	2,270.5	1.1	-0.51	-0.08	0.15	0.13
GOPE	11502M002	2020-07-07 20:30:00.0	49.91369	14.78564	592.735	547.566	2,274.3	1.1	-0.32	0.06	0.14	0.16
GOPE	11502M002	2020-07-07 21:00:00.0	49.91369	14.78564	592.737	547.568	2,275.3	1.2	-0.77	0.14	0.21	0.17
GOPE	11502M002	2020-07-07 21:30:00.0	49.91369	14.78564	592.737	547.568	2,275	1.2	-1.18	-0.22	0.23	0.16
GOPE	11502M002	2020-07-07 22:00:00.0	49.91369	14.78564	592.732	547.563	2,282.2	1	-1	-0.28	0.15	0.11
GOPE	11502M002	2020-07-07 22:30:00.0	49.91369	14.78564	592.732	547.563	2,280.6	1.2	-1.23	-0.59	0.21	0.16
GOPE	11502M002	2020-07-07 23:00:00.0	49.91369	14.78564	592.739	547.57	2,288.7	1	-1	-0.77	0.16	0.11
GOPE	11502M002	2020-07-07 23:30:00.0	49.91369	14.78564	592.739	547.57	2,291	1.2	-1.06	-1.14	0.23	0.16
GOR1	NDNT-GORL	2020-07-07 19:30:00.0	49.65586	21.13944	381.246	343.391	2,314.9	1	-0.12	-0.5	0.15	0.12
GOR1	NDNT-GORL	2020-07-07 20:00:00.0	49.65586	21.13944	381.246	343.391	2,320.5	1.1	0.33	-0.07	0.15	0.14
GOR1	NDNT-GORL	2020-07-07 20:30:00.0	49.65586	21.13944	381.246	343.391	2,317	1.1	-0.46	-0.19	0.14	0.15
GOR1	NDNT-GORL	2020-07-07 21:00:00.0	49.65586	21.13944	381.247	343.392	2,310.8	1.2	-0.38	-0.48	0.17	0.16
GOR1	NDNT-GORL	2020-07-07 21:30:00.0	49.65586	21.13944	381.247	343.392	2,309.1	1.2	0.17	-0.65	0.21	0.18
GOR1	NDNT-GORL	2020-07-07 22:00:00.0	49.65586	21.13944	381.255	343.4	2,317.5	0.9	-0.63	-0.48	0.13	0.1
GOR1	NDNT-GORL	2020-07-07 22:30:00.0	49.65586	21.13944	381.255	343.4	2,319.8	1	-0.91	-0.21	0.16	0.11
GOR1	NDNT-GORL	2020-07-07 23:00:00.0	49.65586	21.13944	381.247	343.392	2,319	0.9	-0.85	-0.86	0.14	0.11
GOR1	NDNT-GORL	2020-07-07 23:30:00.0	49.65586	21.13944	381.247	343.392	2,322	1	-0.78	-1.21	0.15	0.14
GRAJ	12245M001	2020-07-07 19:30:00.0	53.65106	22.45231	165.176	136.66	2,371.5	1.2	-0.77	-0.23	0.19	0.18
GRAJ	12245M001	2020-07-07 20:00:00.0	53.65106	22.45231	165.18	136.664	2,365.4	1.3	-0.74	0.95	0.21	0.2
GRAJ	12245M001	2020-07-07 20:30:00.0	53.65106	22.45231	165.18	136.664	2,371.4	1.3	-0.1	0.65	0.2	0.21
GRAJ	12245M001	2020-07-07 21:00:00.0	53.65106	22.45231	165.182	136.666	2,366.4	1.1	-0.33	-0.24	0.17	0.17
GRAJ	12245M001	2020-07-07 21:30:00.0	53.65106	22.45231	165.182	136.666	2,375.7	1.2	0.45	0.08	0.22	0.19
GRAJ	12245M001	2020-07-07 22:00:00.0	53.65106	22.45231	165.189	136.673	2,378.4	1	0.29	-0.58	0.2	0.13
GRAJ	12245M001	2020-07-07 22:30:00.0	53.65106	22.45231	165.189	136.673	2,379.9	1.1	-0.26	-0.16	0.19	0.18
GRAJ	12245M001	2020-07-07 23:00:00.0	53.65106	22.45231	165.191	136.675	2,376.2	1.1	-0.6	-0.07	0.2	0.17
GRAJ	12245M001	2020-07-07 23:30:00.0	53.65106	22.45231	165.191	136.675	2,375.7	1.2	-0.9	0.33	0.22	0.2
GWWL	12225M001	2020-07-07 19:30:00.0	52.73797	15.20522	127.159	90.87	2,388.1	1.1	-0.35	-0.67	0.15	0.15
GWWL	12225M001	2020-07-07 20:00:00.0	52.73797	15.20522	127.15	90.861	2,391.6	1	-0.62	-0.5	0.14	0.13
GWWL	12225M001	2020-07-07 20:30:00.0	52.73797	15.20522	127.15	90.861	2,397.8	1.1	-0.34	-0.66	0.14	0.15
GWWL	12225M001	2020-07-07 21:00:00.0	52.73797	15.20522	127.163	90.874	2,403.5	1.1	-0.77	-1.53	0.14	0.15
GWWL	12225M001	2020-07-07 21:30:00.0	52.73797	15.20522	127.163	90.874	2,417.6	1.2	-1.02	-0.76	0.17	0.16
GWWL	12225M001	2020-07-07 22:00:00.0	52.73797	15.20522	127.164	90.875	2,430.6	1	-0.87	-0.25	0.15	0.11
GWWL	12225M001	2020-07-07 22:30:00.0	52.73797	15.20522	127.164	90.875	2,434.2	1.1	-1.06	-0.05	0.16	0.14
GWWL	12225M001	2020-07-07 23:00:00.0	52.73797	15.20522	127.158	90.869	2,441.9	1	-0.67	-0.37	0.17	0.12
GWWL	12225M001	2020-07-07 23:30:00.0	52.73797	15.20522	127.158	90.869	2,436.7	1.3	-1.15	0.12	0.21	0.18
HAJN	12247M001	2020-07-07 19:30:00.0	52.74097	23.56589	196.633	168.362	2,363.2	1.1	-0.02	0.11	0.16	0.14
HAJN	12247M001	2020-07-07 20:00:00.0	52.74097	23.56589	196.622	168.351	2,359.2	1.3	-0.78	0.91	0.18	0.18
HAJN	12247M001	2020-07-07 20:30:00.0	52.74097	23.56589	196.622	168.351	2,360.9	1.2	-0.23	0.25	0.17	0.17
HAJN	12247M001	2020-07-07 21:00:00.0	52.74097	23.56589	196.623	168.352	2,356.8	1.1	-0.86	-0.18	0.14	0.16
HAJN	12247M001	2020-07-07 21:30:00.0	52.74097	23.56589	196.623	168.352	2,353.4	1.1	-1.01	1.27	0.17	0.19
HAJN	12247M001	2020-07-07 22:00:00.0	52.74097	23.56589	196.62	168.349	2,357.8	1	-0.28	-0.08	0.16	0.12
HAJN	12247M001	2020-07-07 22:30:00.0	52.74097	23.56589	196.62	168.349	2,356.1	1.1	-0.51	-0.44	0.18	0.15
HAJN	12247M001	2020-07-07 23:00:00.0	52.74097	23.56589	196.62	168.349	2,358.3	1.1	0.07	-1.76	0.21	0.17
HAJN	12247M001	2020-07-07 23:30:00.0	52.74097	23.56589	196.62	168.349	2,362.7	1.2	-0.09	-0.73	0.24	0.19
HOZD	12248M001	2020-07-07 19:30:00.0	50.18886	23.36225	298.845	266.974	2,356.4	1.1	-0.09	-0.23	0.14	0.12
HOZD	12248M001	2020-07-07 20:00:00.0	50.18886	23.36225	298.837	266.966	2,352.7	1.2	-1.08	-0.84	0.16	0.15
HOZD	12248M001	2020-07-07 20:30:00.0	50.18886	23.36225	298.837	266.966	2,346.1	1.1	-0.69	0.06	0.15	0.16
HOZD	12248M001	2020-07-07 21:00:00.0	50.18886	23.36225	298.819	266.948	2,332.7	1.3	-0.15	0.11	0.16	0.2
HOZD	12248M001	2020-07-07 21:30:00.0	50.18886	23.36225	298.819	266.948	2,329.7	1.3	-0.21	0.44	0.22	0.21
HOZD	12248M001	2020-07-07 22:00:00.0	50.18886	23.36225	298.842	266.971	2,329.3	1	0.02	-0.41	0.15	0.13
HOZD	12248M001	2020-07-07 22:30:00.0	50.18886	23.36225	298.842	266.971	2,331.5	1.1	-0.45	-0.49	0.13	0.14
HOZD	12248M001	2020-07-07 23:00:00.0	50.18886	23.36225	298.838	266.967	2,325	1.2	0.82	0.87	0.18	0.18
HOZD	12248M001	2020-07-07 23:30:00.0	50.18886	23.36225	298.838	266.967	2,323.9	1.4	0.04	1.24	0.18	0.23
HRUB	12249M001	2020-07-07 19:30:00.0	50.80469	23.88628	234.43	204.502	2,357.3	1.3	-1.95	2	0.19	0.21
HRUB	12249M001	2020-07-07 20:00:00.0	50.80469	23.88628	234.422	204.494	2,360.1	1.3	0.05	-0.05	0.18	0.21
HRUB	12249M001	2020-07-07 20:30:00.0	50.80469	23.88628	234.422	204.494	2,350.2	1.3	-0.97	0.19	0.17	0.2
HRUB	12249M001	2020-07-07 21:00:00.0	50.80469	23.88628	234.401	204.473	2,355.9	1.3	-1.24	0.85	0.18	0.18
HRUB	12249M001	2020-07-07 21:30:00.0	50.80469	23.88628	234.401	204.473	2,350.1	1.4	-1.36	0.57	0.22	0.19
HRUB	12249M001	2020-07-07 22:00:00.0	50.80469	23.88628	234.418	204.49	2,351.4	1	-0.78	0.15	0.15	0.11
HRUB	12249M001	2020-07-07 22:30:00.0	50.80469	23.88628	234.418	204.49	2,347	1.3	-1.87	0.9	0.23	0.19
HRUB	12249M001	2020-07-07 23:00:00.0	50.80469	23.88628	234.428	204.5	2,358.4	1.2	-2.53	-0.51	0.24	0.21
HRUB	12249M001	2020-07-07 23:30:00.0	50.80469	23.88628	234.428	204.5	2,366.5	1.6	-2.76	0.04	0.33	0.25
IGEO	15101M001	2020-07-07 19:30:00.0	47.03036	28.84353	105.864	74.625	2,512.3	1.2	0.46	0.89	0.15	0.18
IGEO	15101M001	2020-07-07 20:00:00.0	47.03036	28.84353	105.868	74.629	2,506.7	1.3	0.54	1.1	0.18	0.2
IGEO	15101M001	2020-07-07 20:30:00.0	47.03036	28.84353	105.868	74.629	2,493.8	1.4	0.56	1.67	0.19	0.23
IGEO	15101M001	2020-07-07 21:00:00.0	47.03036	28.84353	105.855	74.616	2,493.6	1.2	1.03	1.59	0.14	0.18
IGEO	15101M001	2020-07-07 21:30:00.0	47.03036	28.84353	105.855	74.616	2,484.7	1.3	1.49	1.44	0.21	0.2
IGEO	15101M001	2020-07-07 22:00:00.0	47.03036	28.84353	105.861	74.622	2,482.3	1	0.62	2.1	0.15	0.12
IGEO	15101M001	2020-07-07 22:30:00.0	47.03036	28.84353	105.861	74.622	2,471.3	1	0.61	2.76	0.14	0.11
IGEO	15101M001	2020-07-07 23:00:00.0	47.03036	28.84353	105.86	74.621	2,452.3	1.4	1.63	3.14	0.19	0.19
IGEO	15101M001	2020-07-07 23:30:00.0	47.03036	28.84353	105.86	74.621	2,437.7	1.6	1.5	3.57	0.17	0.23
ILAW	12250M001	2020-07-07 19:30:00.0	53.58714	19.56797	162.818	133.334	2,377.8	1.1	-0.2	0.16	0.15	0.16
ILAW	12250M001	2020-07-07 20:00:00.0	53.58714	19.56797	162.817	133.333	2,376	1.2	0.08	0.58	0.17	0.17
ILAW	12250M001	2020-07-07 20:30:00.0	53.58714	19.56797	162.817	133.333	2,378.7	1.2	0.05	0.01	0.17	0.18
ILAW	12250M001	2020-07-07 21:00:00.0	53.58714	19.56797	162.817	133.333	2,373.9	1	-0.27	-0.06	0.14	0.15
ILAW	12250M001	2020-07-07 21:30:00.0	53.58714	19.56797	162.817	133.333	2,371.6	1.1	-0.1	-0.13	0.17	0.17
ILAW	12250M001	2020-07-07 22:00:00.0	53.58714	19.56797	162.813	133.329	2,373.2	0.9	-0.09	0.09	0.16	0.12
ILAW	12250M001	2020-07-07 22:30:00.0	53.58714	19.56797	162.813	133.329	2,374.3	1.1	-0.23	-0.17	0.12	0.17
ILAW	12250M001	2020-07-07 23:00:00.0	53.58714	19.56797	162.817	133.333	2,376.2	1.1	0.12	0.06	0.17	0.15
ILAW	12250M001	2020-07-07 23:30:00.0	53.58714	19.56797	162.817	133.333	2,377.7	1.2	0.11	-0.14	0.2	0.17
JAR1	NDNT-JARO	2020-07-07 19:30:00.0	50.01719	22.67853	268.946	235.107	2,357.3	1	0.44	-0.44	0.13	0.11
JAR1	NDNT-JARO	2020-07-07 20:00:00.0	50.01719	22.67853	268.945	235.106	2,360.7	1.1	0.4	-0.32	0.13	0.12
JAR1	NDNT-JARO	2020-07-07 20:30:00.0	50.01719	22.67853	268.945	235.106	2,352	1.1	-0.5	-0.54	0.13	0.14
JAR1	NDNT-JARO	2020-07-07 21:00:00.0	50.01719	22.67853	268.942	235.103	2,350.7	1	-0.13	-1.21	0.12	0.13
JAR1	NDNT-JARO	2020-07-07 21:30:00.0	50.01719	22.67853	268.942	235.103	2,347.6	1.1	0	-1.58	0.16	0.15
JAR1	NDNT-JARO	2020-07-07 22:00:00.0	50.01719	22.67853	268.946	235.107	2,347.8	0.9	-0.59	-0.48	0.12	0.09
JAR1	NDNT-JARO	2020-07-07 22:30:00.0	50.01719	22.67853	268.946	235.107	2,348.4	0.9	0.07	-0.33	0.12	0.1
JAR1	NDNT-JARO	2020-07-07 23:00:00.0	50.01719	22.67853	268.932	235.093	2,342.7	1	-0.58	-0.39	0.14	0.12
JAR1	NDNT-JARO	2020-07-07 23:30:00.0	50.01719	22.67853	268.932	235.093	2,342.8	1.1	-0.38	-0.24	0.15	0.14
JAST	NDNT-JAST	2020-07-07 19:30:00.0	49.95256	18.61192	342.799	300.526	2,339	1	-0.11	-0.84	0.14	0.11
JAST	NDNT-JAST	2020-07-07 20:00:00.0	49.95256	18.61192	342.794	300.521	2,339.3	1.1	-0.11	-0.83	0.15	0.13
JAST	NDNT-JAST	2020-07-07 20:30:00.0	49.95256	18.61192	342.794	300.521	2,338.1	1.1	-1.37	-0.27	0.14	0.14
JAST	NDNT-JAST	2020-07-07 21:00:00.0	49.95256	18.61192	342.797	300.524	2,337.6	1.3	-1.26	-0.53	0.15	0.16
JAST	NDNT-JAST	2020-07-07 21:30:00.0	49.95256	18.61192	342.797	300.524	2,345.1	1.4	-1.12	-0.47	0.21	0.18
JAST	NDNT-JAST	2020-07-07 22:00:00.0	49.95256	18.61192	342.808	300.535	2,341.9	1.1	-1.32	-0.17	0.14	0.12
JAST	NDNT-JAST	2020-07-07 22:30:00.0	49.95256	18.61192	342.808	300.535	2,343.6	1.2	-1.05	-0.1	0.15	0.14
JAST	NDNT-JAST	2020-07-07 23:00:00.0	49.95256	18.61192	342.806	300.533	2,345.8	0.9	-1.39	-0.49	0.12	0.1
JAST	NDNT-JAST	2020-07-07 23:30:00.0	49.95256	18.61192	342.806	300.533	2,342.4	1.1	-0.95	-0.91	0.14	0.13
JEDR	NDNT-JEDR	2020-07-07 19:30:00.0	50.64175	20.30078	297.609	259.87	2,334	1	-0.33	-1	0.14	0.12
JEDR	NDNT-JEDR	2020-07-07 20:00:00.0	50.64175	20.30078	297.611	259.872	2,328.5	0.9	-0.85	-0.07	0.12	0.11
JEDR	NDNT-JEDR	2020-07-07 20:30:00.0	50.64175	20.30078	297.611	259.872	2,334.5	0.9	-0.41	-0.96	0.11	0.11
JEDR	NDNT-JEDR	2020-07-07 21:00:00.0	50.64175	20.30078	297.61	259.871	2,342.9	0.9	-0.24	-0.66	0.1	0.12
JEDR	NDNT-JEDR	2020-07-07 21:30:00.0	50.64175	20.30078	297.61	259.871	2,334.9	1	-2.09	1.36	0.16	0.14
JEDR	NDNT-JEDR	2020-07-07 22:00:00.0	50.64175	20.30078	297.598	259.859	2,338.6	1.1	-1.14	-0.06	0.14	0.12
JEDR	NDNT-JEDR	2020-07-07 22:30:00.0	50.64175	20.30078	297.598	259.859	2,336.9	1.1	-0.27	-1.07	0.14	0.14
JEDR	NDNT-JEDR	2020-07-07 23:00:00.0	50.64175	20.30078	297.593	259.854	2,342.9	0.9	-0.32	-0.85	0.14	0.12
JEDR	NDNT-JEDR	2020-07-07 23:30:00.0	50.64175	20.30078	297.593	259.854	2,348.7	1	-0.44	-1.37	0.15	0.14
JLGR	12251M001	2020-07-07 19:30:00.0	50.91947	15.73325	408.203	365.351	2,320.5	1	-1.07	-0.04	0.15	0.12
JLGR	12251M001	2020-07-07 20:00:00.0	50.91947	15.73325	408.203	365.351	2,317.5	1.1	-0.97	0.16	0.15	0.13
JLGR	12251M001	2020-07-07 20:30:00.0	50.91947	15.73325	408.203	365.351	2,316.1	1.1	-0.84	0.49	0.16	0.15
JLGR	12251M001	2020-07-07 21:00:00.0	50.91947	15.73325	408.204	365.352	2,318.5	1.2	-0.47	-0.52	0.17	0.16
JLGR	12251M001	2020-07-07 21:30:00.0	50.91947	15.73325	408.204	365.352	2,320.8	1.2	-0.57	-0.51	0.2	0.17
JLGR	12251M001	2020-07-07 22:00:00.0	50.91947	15.73325	408.2	365.348	2,325.9	0.9	-0.92	-0.85	0.14	0.12
JLGR	12251M001	2020-07-07 22:30:00.0	50.91947	15.73325	408.2	365.348	2,328.5	1.1	-1.04	-0.14	0.16	0.15
JLGR	12251M001	2020-07-07 23:00:00.0	50.91947	15.73325	408.205	365.353	2,332.9	1	-0.3	-0.33	0.18	0.12
JLGR	12251M001	2020-07-07 23:30:00.0	50.91947	15.73325	408.205	365.353	2,333.1	1.3	-0.06	-0.3	0.24	0.17
JOZ2	12204M002	2020-07-07 19:30:00.0	52.09783	21.03236	152.513	120.874	2,372	1	-0.63	0.14	0.14	0.12
JOZ2	12204M002	2020-07-07 20:00:00.0	52.09783	21.03236	152.51	120.871	2,371.9	1.2	-0.31	0.24	0.18	0.17
JOZ2	12204M002	2020-07-07 20:30:00.0	52.09783	21.03236	152.51	120.871	2,372.5	1.2	-0.25	0.22	0.17	0.18
JOZ2	12204M002	2020-07-07 21:00:00.0	52.09783	21.03236	152.51	120.871	2,379.5	1.1	-0.52	-0.21	0.14	0.15
JOZ2	12204M002	2020-07-07 21:30:00.0	52.09783	21.03236	152.51	120.871	2,376.9	1.1	-0.48	-0.65	0.18	0.17
JOZ2	12204M002	2020-07-07 22:00:00.0	52.09783	21.03236	152.512	120.873	2,380.2	1.1	-0.73	-0.25	0.15	0.12
JOZ2	12204M002	2020-07-07 22:30:00.0	52.09783	21.03236	152.512	120.873	2,379.5	1.1	-0.71	0.29	0.15	0.13
JOZ2	12204M002	2020-07-07 23:00:00.0	52.09783	21.03236	152.51	120.871	2,378.7	1	-0.28	-0.22	0.16	0.13
JOZ2	12204M002	2020-07-07 23:30:00.0	52.09783	21.03236	152.51	120.871	2,381.7	1.1	-0.3	-0.87	0.17	0.16
JOZE	12204M001	2020-07-07 19:30:00.0	52.09728	21.03156	141.619	109.978	2,375.9	1	-0.51	0.42	0.14	0.12
JOZE	12204M001	2020-07-07 20:00:00.0	52.09728	21.03156	141.614	109.973	2,379.9	1.3	-0.86	0.3	0.2	0.19
JOZE	12204M001	2020-07-07 20:30:00.0	52.09728	21.03156	141.614	109.973	2,380.8	1.3	-0.71	0.33	0.2	0.21
JOZE	12204M001	2020-07-07 21:00:00.0	52.09728	21.03156	141.615	109.974	2,386.9	1.2	-0.73	-0.05	0.19	0.18
JOZE	12204M001	2020-07-07 21:30:00.0	52.09728	21.03156	141.615	109.974	2,387.4	1.2	-0.51	-0.4	0.24	0.19
JOZE	12204M001	2020-07-07 22:00:00.0	52.09728	21.03156	141.618	109.977	2,385.7	1.1	-0.55	-0.16	0.21	0.12
JOZE	12204M001	2020-07-07 22:30:00.0	52.09728	21.03156	141.618	109.977	2,385.7	1.3	0.26	0.39	0.22	0.13
JOZE	12204M001	2020-07-07 23:00:00.0	52.09728	21.03156	141.611	109.97	2,385.7	1.1	0.12	0.11	0.2	0.15
JOZE	12204M001	2020-07-07 23:30:00.0	52.09728	21.03156	141.611	109.97	2,384.2	1.2	0.43	0.06	0.24	0.18
KALI	12257M001	2020-07-07 19:30:00.0	51.75389	18.09517	147.736	111.738	2,380	0.9	-0.38	-0.72	0.14	0.12
KALI	12257M001	2020-07-07 20:00:00.0	51.75389	18.09517	147.733	111.735	2,383.1	1.1	-0.92	0.04	0.18	0.15
KALI	12257M001	2020-07-07 20:30:00.0	51.75389	18.09517	147.733	111.735	2,382.8	1.1	-1	-0.56	0.2	0.17
KALI	12257M001	2020-07-07 21:00:00.0	51.75389	18.09517	147.732	111.734	2,385.1	1.4	-0.84	-0.31	0.2	0.19
KALI	12257M001	2020-07-07 21:30:00.0	51.75389	18.09517	147.732	111.734	2,380.3	1.5	-0.75	-0.32	0.25	0.24
KALI	12257M001	2020-07-07 22:00:00.0	51.75389	18.09517	147.733	111.735	2,386	1.1	-1.21	-0.58	0.2	0.14
KALI	12257M001	2020-07-07 22:30:00.0	51.75389	18.09517	147.733	111.735	2,385.2	1.2	-0.92	0	0.21	0.19
KALI	12257M001	2020-07-07 23:00:00.0	51.75389	18.09517	147.744	111.746	2,389.4	1	-1.17	-1.09	0.19	0.13
KALI	12257M001	2020-07-07 23:30:00.0	51.75389	18.09517	147.744	111.746	2,390.4	1.2	-0.91	-1.43	0.26	0.18
KAM1	12258M001	2020-07-07 19:30:00.0	53.96306	14.77739	57.759	22.809	2,436.4	1	-0.41	0.4	0.13	0.14
KAM1	12258M001	2020-07-07 20:00:00.0	53.96306	14.77739	57.757	22.807	2,442.5	1.4	-0.91	0.42	0.2	0.18
KAM1	12258M001	2020-07-07 20:30:00.0	53.96306	14.77739	57.757	22.807	2,442.3	1.5	-1.14	0.76	0.2	0.22
KAM1	12258M001	2020-07-07 21:00:00.0	53.96306	14.77739	57.766	22.816	2,431.7	1.2	-1.14	0.13	0.17	0.16
KAM1	12258M001	2020-07-07 21:30:00.0	53.96306	14.77739	57.766	22.816	2,434.4	1.2	-2.05	0.11	0.18	0.16
KAM1	12258M001	2020-07-07 22:00:00.0	53.96306	14.77739	57.758	22.808	2,440	1.1	-1.63	0.65	0.19	0.13
KAM1	12258M001	2020-07-07 22:30:00.0	53.96306	14.77739	57.758	22.808	2,432	1.3	-1.94	1.08	0.18	0.18
KAM1	12258M001	2020-07-07 23:00:00.0	53.96306	14.77739	57.754	22.804	2,431	1	-0.37	-0.42	0.17	0.12
KAM1	12258M001	2020-07-07 23:30:00.0	53.96306	14.77739	57.754	22.804	2,427.2	1.3	-0.42	-0.22	0.24	0.17
KATO	12219S001	2020-07-07 19:30:00.0	50.25328	19.03564	332.88	291.615	2,332	1.1	-0.59	-0.47	0.17	0.14
KATO	12219S001	2020-07-07 20:00:00.0	50.25328	19.03564	332.877	291.612	2,328	1.2	-1.19	-0.19	0.17	0.14
KATO	12219S001	2020-07-07 20:30:00.0	50.25328	19.03564	332.877	291.612	2,329	1.1	-0.84	-0.48	0.15	0.16
KATO	12219S001	2020-07-07 21:00:00.0	50.25328	19.03564	332.876	291.611	2,333.1	1.3	-0.94	-0.62	0.16	0.17
KATO	12219S001	2020-07-07 21:30:00.0	50.25328	19.03564	332.876	291.611	2,329.6	1.4	-0.92	-0.47	0.22	0.2
KATO	12219S001	2020-07-07 22:00:00.0	50.25328	19.03564	332.873	291.608	2,337.3	1.1	-0.43	-0.35	0.15	0.11
KATO	12219S001	2020-07-07 22:30:00.0	50.25328	19.03564	332.873	291.608	2,336.2	1.1	-0.38	-0.77	0.15	0.13
KATO	12219S001	2020-07-07 23:00:00.0	50.25328	19.03564	332.887	291.622	2,336.7	1	-0.43	-0.64	0.15	0.11
KATO	12219S001	2020-07-07 23:30:00.0	50.25328	19.03564	332.887	291.622	2,336.2	1.1	-0.29	-0.62	0.16	0.15
KAZ1	NDNT-KAZA	2020-07-07 19:30:00.0	50.30422	20.45164	261.169	222.966	2,347.7	1	-0.42	-0.39	0.15	0.12
KAZ1	NDNT-KAZA	2020-07-07 20:00:00.0	50.30422	20.45164	261.171	222.968	2,344.7	1.1	-0.04	-0.32	0.17	0.15
KAZ1	NDNT-KAZA	2020-07-07 20:30:00.0	50.30422	20.45164	261.171	222.968	2,342.8	1	0.35	-0.39	0.15	0.16
KAZ1	NDNT-KAZA	2020-07-07 21:00:00.0	50.30422	20.45164	261.181	222.978	2,344.7	1.1	0.16	-0.94	0.13	0.15
KAZ1	NDNT-KAZA	2020-07-07 21:30:00.0	50.30422	20.45164	261.181	222.978	2,345.6	1.2	0.28	-1.12	0.19	0.18
KAZ1	NDNT-KAZA	2020-07-07 22:00:00.0	50.30422	20.45164	261.176	222.973	2,353.9	0.9	-0.29	-0.39	0.13	0.1
KAZ1	NDNT-KAZA	2020-07-07 22:30:00.0	50.30422	20.45164	261.176	222.973	2,352.8	0.9	-0.44	-0.36	0.13	0.11
KAZ1	NDNT-KAZA	2020-07-07 23:00:00.0	50.30422	20.45164	261.177	222.974	2,353.6	0.9	-0.56	-0.54	0.13	0.11
KAZ1	NDNT-KAZA	2020-07-07 23:30:00.0	50.30422	20.45164	261.177	222.974	2,355.2	1	-0.47	-0.52	0.15	0.14
KEPN	12259M001	2020-07-07 19:30:00.0	51.28017	17.98358	220.291	181.804	2,358.9	0.9	-0.53	-0.25	0.14	0.13
KEPN	12259M001	2020-07-07 20:00:00.0	51.28017	17.98358	220.293	181.806	2,360.1	1.1	-0.94	-0.15	0.17	0.15
KEPN	12259M001	2020-07-07 20:30:00.0	51.28017	17.98358	220.293	181.806	2,358	1	-0.86	-0.48	0.15	0.15
KEPN	12259M001	2020-07-07 21:00:00.0	51.28017	17.98358	220.292	181.805	2,365.2	1.2	-0.99	-0.34	0.15	0.16
KEPN	12259M001	2020-07-07 21:30:00.0	51.28017	17.98358	220.292	181.805	2,365.6	1.3	-0.82	0.07	0.2	0.19
KEPN	12259M001	2020-07-07 22:00:00.0	51.28017	17.98358	220.29	181.803	2,369.9	1.2	-0.5	-0.45	0.18	0.16
KEPN	12259M001	2020-07-07 22:30:00.0	51.28017	17.98358	220.29	181.803	2,367.8	1.4	-0.56	-0.66	0.23	0.24
KEPN	12259M001	2020-07-07 23:00:00.0	51.28017	17.98358	220.297	181.81	2,373	1	-0.5	-0.65	0.18	0.13
KEPN	12259M001	2020-07-07 23:30:00.0	51.28017	17.98358	220.297	181.81	2,375.5	1.1	-0.56	-0.73	0.19	0.16
KES1	MUSE-KES1	2020-07-07 19:30:00.0	50.27158	19.02614	339.939	298.727	2,329	1.1	-0.44	-0.3	0.18	0.15
KES1	MUSE-KES1	2020-07-07 20:00:00.0	50.27158	19.02614	339.947	298.735	2,327.6	1.3	-1.13	-0.86	0.23	0.19
KES1	MUSE-KES1	2020-07-07 20:30:00.0	50.27158	19.02614	339.947	298.735	2,327.4	1.4	-0.3	-0.9	0.25	0.26
KES1	MUSE-KES1	2020-07-07 21:00:00.0	50.27158	19.02614	339.939	298.727	2,332.5	1.4	-0.45	-1.5	0.24	0.31
KES1	MUSE-KES1	2020-07-07 21:30:00.0	50.27158	19.02614	339.939	298.727	2,331.6	1.6	-0.39	-1.19	0.28	0.33
KES1	MUSE-KES1	2020-07-07 22:00:00.0	50.27158	19.02614	339.932	298.72	2,336.1	1.2	-0.06	-0.68	0.14	0.16
KES1	MUSE-KES1	2020-07-07 22:30:00.0	50.27158	19.02614	339.932	298.72	2,334.6	1.2	-0.39	-0.57	0.14	0.2
KES1	MUSE-KES1	2020-07-07 23:00:00.0	50.27158	19.02614	339.929	298.717	2,339.2	1.2	-1.3	-0.37	0.21	0.18
KES1	MUSE-KES1	2020-07-07 23:30:00.0	50.27158	19.02614	339.929	298.717	2,342.8	1.6	-1.01	-0.84	0.22	0.28
KILE	NDNT-KIEL	2020-07-07 19:30:00.0	50.90847	20.66397	364.645	328.084	2,315.9	1	-0.24	0.12	0.15	0.12
KILE	NDNT-KIEL	2020-07-07 20:00:00.0	50.90847	20.66397	364.649	328.088	2,320	1	1.08	0	0.16	0.14
KILE	NDNT-KIEL	2020-07-07 20:30:00.0	50.90847	20.66397	364.649	328.088	2,315.9	1	0.67	0.49	0.13	0.14
KILE	NDNT-KIEL	2020-07-07 21:00:00.0	50.90847	20.66397	364.649	328.088	2,317.3	1.1	0.21	-1.1	0.13	0.15
KILE	NDNT-KIEL	2020-07-07 21:30:00.0	50.90847	20.66397	364.649	328.088	2,320.3	1.2	1.74	-1.2	0.2	0.18
KILE	NDNT-KIEL	2020-07-07 22:00:00.0	50.90847	20.66397	364.649	328.088	2,319.2	1.1	0.98	-0.18	0.17	0.13
KILE	NDNT-KIEL	2020-07-07 22:30:00.0	50.90847	20.66397	364.649	328.088	2,314.6	1.1	1.02	-1.18	0.15	0.15
KILE	NDNT-KIEL	2020-07-07 23:00:00.0	50.90847	20.66397	364.647	328.086	2,316.8	0.9	-0.37	-0.6	0.15	0.13
KILE	NDNT-KIEL	2020-07-07 23:30:00.0	50.90847	20.66397	364.647	328.086	2,321.8	1	-0.55	-0.93	0.16	0.14
KLCE	12260M001	2020-07-07 19:30:00.0	50.87575	20.62967	333.561	296.869	2,321.9	1	-0.09	-0.06	0.15	0.12
KLCE	12260M001	2020-07-07 20:00:00.0	50.87575	20.62967	333.564	296.872	2,321.8	1	-0.68	-0.61	0.16	0.14
KLCE	12260M001	2020-07-07 20:30:00.0	50.87575	20.62967	333.564	296.872	2,319	1	-0.65	-0.43	0.13	0.14
KLCE	12260M001	2020-07-07 21:00:00.0	50.87575	20.62967	333.559	296.867	2,322.7	1.1	-0.63	-0.74	0.13	0.15
KLCE	12260M001	2020-07-07 21:30:00.0	50.87575	20.62967	333.559	296.867	2,324.4	1.2	-0.43	-1.08	0.2	0.18
KLCE	12260M001	2020-07-07 22:00:00.0	50.87575	20.62967	333.562	296.87	2,323.7	1.1	-0.15	-0.45	0.17	0.13
KLCE	12260M001	2020-07-07 22:30:00.0	50.87575	20.62967	333.562	296.87	2,325.7	1.1	-0.72	0.05	0.15	0.15
KLCE	12260M001	2020-07-07 23:00:00.0	50.87575	20.62967	333.562	296.87	2,325.7	0.9	-0.38	-0.59	0.15	0.13
KLCE	12260M001	2020-07-07 23:30:00.0	50.87575	20.62967	333.562	296.87	2,326.4	1	-0.1	-0.6	0.16	0.14
KLDZ	12261M001	2020-07-07 19:30:00.0	50.43558	16.65189	359.567	316.327	2,332.9	1	-0.35	-0.29	0.15	0.11
KLDZ	12261M001	2020-07-07 20:00:00.0	50.43558	16.65189	359.566	316.326	2,339.6	1.1	-0.5	-0.08	0.15	0.13
KLDZ	12261M001	2020-07-07 20:30:00.0	50.43558	16.65189	359.566	316.326	2,338.3	1.1	-1.06	-0.14	0.15	0.16
KLDZ	12261M001	2020-07-07 21:00:00.0	50.43558	16.65189	359.561	316.321	2,346.1	1.3	-1.4	-0.32	0.17	0.17
KLDZ	12261M001	2020-07-07 21:30:00.0	50.43558	16.65189	359.561	316.321	2,338	1.3	-1.84	-0.2	0.22	0.19
KLDZ	12261M001	2020-07-07 22:00:00.0	50.43558	16.65189	359.563	316.323	2,344	1.2	-1.14	-0.64	0.17	0.13
KLDZ	12261M001	2020-07-07 22:30:00.0	50.43558	16.65189	359.563	316.323	2,349.9	1.3	-0.5	-0.71	0.18	0.16
KLDZ	12261M001	2020-07-07 23:00:00.0	50.43558	16.65189	359.564	316.324	2,349.9	1.1	-1.09	-0.34	0.18	0.13
KLDZ	12261M001	2020-07-07 23:30:00.0	50.43558	16.65189	359.564	316.324	2,350.3	1.4	-0.8	0.03	0.21	0.19
KLOB	12219M001	2020-07-07 19:30:00.0	50.90553	18.93689	301.643	262.939	2,333	0.9	-0.56	-0.08	0.13	0.11
KLOB	12219M001	2020-07-07 20:00:00.0	50.90553	18.93689	301.643	262.939	2,333.2	1.1	-0.74	0.06	0.16	0.13
KLOB	12219M001	2020-07-07 20:30:00.0	50.90553	18.93689	301.643	262.939	2,329.8	1.1	-0.55	0.51	0.15	0.16
KLOB	12219M001	2020-07-07 21:00:00.0	50.90553	18.93689	301.637	262.933	2,333.2	1.2	-0.47	-0.51	0.15	0.16
KLOB	12219M001	2020-07-07 21:30:00.0	50.90553	18.93689	301.637	262.933	2,331.9	1.3	-0.39	-0.95	0.2	0.19
KLOB	12219M001	2020-07-07 22:00:00.0	50.90553	18.93689	301.639	262.935	2,338.3	1.1	-0.66	-0.53	0.14	0.11
KLOB	12219M001	2020-07-07 22:30:00.0	50.90553	18.93689	301.639	262.935	2,340.3	1.1	-0.42	-0.45	0.14	0.13
KLOB	12219M001	2020-07-07 23:00:00.0	50.90553	18.93689	301.641	262.937	2,345	1	-0.42	-0.55	0.16	0.13
KLOB	12219M001	2020-07-07 23:30:00.0	50.90553	18.93689	301.641	262.937	2,344.2	1.1	-0.23	-0.53	0.21	0.16
KLUC	NDNT-KLUC	2020-07-07 19:00:00.0	50.96822	18.21419	232.951	193.523	2,355.2	0.9	-0.51	-0.17	0.11	0.11
KLUC	NDNT-KLUC	2020-07-07 19:30:00.0	50.96822	18.21419	232.951	193.523	2,357.1	1	-0.5	-0.36	0.15	0.11
KLUC	NDNT-KLUC	2020-07-07 20:00:00.0	50.96822	18.21419	232.954	193.526	2,356.8	1	-0.03	-0.59	0.15	0.13
KLUC	NDNT-KLUC	2020-07-07 20:30:00.0	50.96822	18.21419	232.954	193.526	2,362.1	1	-0.7	-0.42	0.13	0.14
KLUC	NDNT-KLUC	2020-07-07 21:00:00.0	50.96822	18.21419	232.957	193.529	2,363	1.2	-0.54	-1.07	0.14	0.15
KLUC	NDNT-KLUC	2020-07-07 21:30:00.0	50.96822	18.21419	232.957	193.529	2,366.7	1.3	-0.68	-0.57	0.19	0.17
KLUC	NDNT-KLUC	2020-07-07 22:00:00.0	50.96822	18.21419	232.962	193.534	2,366.3	1	-0.28	-0.41	0.12	0.11
KLUC	NDNT-KLUC	2020-07-07 22:30:00.0	50.96822	18.21419	232.962	193.534	2,367.6	1	-0.51	-0.72	0.12	0.12
KLUC	NDNT-KLUC	2020-07-07 23:00:00.0	50.96822	18.21419	232.969	193.541	2,368.1	0.9	-0.23	-0.98	0.14	0.1
KLUC	NDNT-KLUC	2020-07-07 23:30:00.0	50.96822	18.21419	232.969	193.541	2,371.8	1.1	-0.52	-1.32	0.16	0.15
KOLB	NDNT-KOLA	2020-07-07 19:00:00.0	50.24403	21.78331	250.588	215.139	2,349.8	1	0.27	0.79	0.11	0.11
KOLB	NDNT-KOLA	2020-07-07 19:30:00.0	50.24403	21.78331	250.588	215.139	2,351.5	1.1	0.37	0.28	0.17	0.12
KOLB	NDNT-KOLA	2020-07-07 20:00:00.0	50.24403	21.78331	250.578	215.129	2,347.6	1.4	0.35	0.94	0.19	0.17
KOLB	NDNT-KOLA	2020-07-07 20:30:00.0	50.24403	21.78331	250.578	215.129	2,347.1	1.4	0.86	2.05	0.21	0.2
KOLB	NDNT-KOLA	2020-07-07 21:00:00.0	50.24403	21.78331	250.584	215.135	2,341	1.2	1.7	1.57	0.16	0.16
KOLB	NDNT-KOLA	2020-07-07 21:30:00.0	50.24403	21.78331	250.584	215.135	2,339	1.3	0.78	0.78	0.2	0.18
KOLB	NDNT-KOLA	2020-07-07 22:00:00.0	50.24403	21.78331	250.586	215.137	2,353.8	1	0	0.11	0.14	0.11
KOLB	NDNT-KOLA	2020-07-07 22:30:00.0	50.24403	21.78331	250.586	215.137	2,353.7	1.1	-0.05	0.8	0.14	0.18
KOLB	NDNT-KOLA	2020-07-07 23:00:00.0	50.24403	21.78331	250.586	215.137	2,347.6	1	-0.1	0.38	0.15	0.14
KOLB	NDNT-KOLA	2020-07-07 23:30:00.0	50.24403	21.78331	250.586	215.137	2,353.8	1.1	-0.29	0.33	0.16	0.15
KONI	12262M001	2020-07-07 19:00:00.0	52.22811	18.25397	157.118	123.976	2,374.3	0.8	-0.59	-0.62	0.1	0.1
KONI	12262M001	2020-07-07 19:30:00.0	52.22811	18.25397	157.118	123.976	2,373.8	0.8	-0.71	-0.26	0.1	0.09
KONI	12262M001	2020-07-07 20:00:00.0	52.22811	18.25397	157.113	123.971	2,373.2	1	-1.01	-0.1	0.14	0.13
KONI	12262M001	2020-07-07 20:30:00.0	52.22811	18.25397	157.113	123.971	2,374.8	1	-0.83	-0.5	0.14	0.15
KONI	12262M001	2020-07-07 21:00:00.0	52.22811	18.25397	157.117	123.975	2,376	1.1	-0.91	-0.91	0.14	0.15
KONI	12262M001	2020-07-07 21:30:00.0	52.22811	18.25397	157.117	123.975	2,374.1	1.1	-1	0.52	0.17	0.17
KONI	12262M001	2020-07-07 22:00:00.0	52.22811	18.25397	157.114	123.972	2,376.6	0.8	-0.96	0.33	0.14	0.09
KONI	12262M001	2020-07-07 22:30:00.0	52.22811	18.25397	157.114	123.972	2,374.1	0.8	-1.19	-0.35	0.11	0.12
KONI	12262M001	2020-07-07 23:00:00.0	52.22811	18.25397	157.117	123.975	2,380.5	1	-0.76	-0.63	0.17	0.12
KONI	12262M001	2020-07-07 23:30:00.0	52.22811	18.25397	157.117	123.975	2,380.9	1.2	-0.41	-0.36	0.2	0.17
KOSC	12263M001	2020-07-07 19:00:00.0	54.12256	17.98158	211.126	180.954	2,367.1	1.1	0.13	0.52	0.13	0.14
KOSC	12263M001	2020-07-07 19:30:00.0	54.12256	17.98158	211.126	180.954	2,361.1	1.1	-0.17	0.63	0.14	0.16
KOSC	12263M001	2020-07-07 20:00:00.0	54.12256	17.98158	211.124	180.952	2,357.4	1.1	-0.61	0.48	0.14	0.14
KOSC	12263M001	2020-07-07 20:30:00.0	54.12256	17.98158	211.124	180.952	2,359.7	1.1	0.01	-0.46	0.15	0.16
KOSC	12263M001	2020-07-07 21:00:00.0	54.12256	17.98158	211.128	180.956	2,356.4	1.1	0.11	-0.97	0.14	0.15
KOSC	12263M001	2020-07-07 21:30:00.0	54.12256	17.98158	211.128	180.956	2,354.4	1.1	0.2	-0.9	0.17	0.17
KOSC	12263M001	2020-07-07 22:00:00.0	54.12256	17.98158	211.126	180.954	2,359.2	0.9	-0.22	-0.63	0.17	0.12
KOSC	12263M001	2020-07-07 22:30:00.0	54.12256	17.98158	211.126	180.954	2,363.1	1	-0.41	-0.31	0.15	0.13
KOSC	12263M001	2020-07-07 23:00:00.0	54.12256	17.98158	211.127	180.955	2,367.1	0.9	0.63	-1.15	0.16	0.12
KOSC	12263M001	2020-07-07 23:30:00.0	54.12256	17.98158	211.127	180.955	2,368.6	1.1	0.16	-1.14	0.19	0.16
KOSZ	12264M001	2020-07-07 19:00:00.0	54.20339	16.19772	123.179	90.108	2,390.5	1	-0.69	-0.12	0.15	0.13
KOSZ	12264M001	2020-07-07 19:30:00.0	54.20339	16.19772	123.179	90.108	2,398.3	0.9	0.05	-1.25	0.13	0.12
KOSZ	12264M001	2020-07-07 20:00:00.0	54.20339	16.19772	123.176	90.105	2,401.1	1.3	-0.63	-0.98	0.18	0.17
KOSZ	12264M001	2020-07-07 20:30:00.0	54.20339	16.19772	123.176	90.105	2,402.7	1.6	-1.11	0.03	0.25	0.22
KOSZ	12264M001	2020-07-07 21:00:00.0	54.20339	16.19772	123.176	90.105	2,408.7	1.2	-0.07	0.05	0.17	0.19
KOSZ	12264M001	2020-07-07 21:30:00.0	54.20339	16.19772	123.176	90.105	2,421.9	1.2	-0.14	-0.6	0.19	0.17
KOSZ	12264M001	2020-07-07 22:00:00.0	54.20339	16.19772	123.178	90.107	2,424	1	-0.83	0.01	0.19	0.11
KOSZ	12264M001	2020-07-07 22:30:00.0	54.20339	16.19772	123.178	90.107	2,412.2	1.1	-1.08	0.75	0.17	0.13
KOSZ	12264M001	2020-07-07 23:00:00.0	54.20339	16.19772	123.176	90.105	2,416.3	1	-0.68	-0.02	0.17	0.12
KOSZ	12264M001	2020-07-07 23:30:00.0	54.20339	16.19772	123.176	90.105	2,410.5	1.2	-0.4	0.65	0.22	0.17
KRA1	12218M002	2020-07-07 19:00:00.0	50.06611	19.92047	267.118	227.034	2,355.2	0.9	-0.74	-0.6	0.12	0.12
KRA1	12218M002	2020-07-07 19:30:00.0	50.06611	19.92047	267.118	227.034	2,350.3	1.1	-0.67	-0.32	0.18	0.12
KRA1	12218M002	2020-07-07 20:00:00.0	50.06611	19.92047	267.121	227.037	2,350.9	1.2	-0.63	0.29	0.16	0.15
KRA1	12218M002	2020-07-07 20:30:00.0	50.06611	19.92047	267.121	227.037	2,342.2	1.1	-1.23	0.3	0.15	0.16
KRA1	12218M002	2020-07-07 21:00:00.0	50.06611	19.92047	267.12	227.036	2,351.1	1.3	-0.76	-0.54	0.15	0.16
KRA1	12218M002	2020-07-07 21:30:00.0	50.06611	19.92047	267.12	227.036	2,345.8	1.4	-1.37	-0.44	0.21	0.19
KRA1	12218M002	2020-07-07 22:00:00.0	50.06611	19.92047	267.119	227.035	2,351.9	1	-1.29	-0.7	0.13	0.11
KRA1	12218M002	2020-07-07 22:30:00.0	50.06611	19.92047	267.119	227.035	2,355	1.1	-0.58	-0.76	0.15	0.13
KRA1	12218M002	2020-07-07 23:00:00.0	50.06611	19.92047	267.123	227.039	2,354	1	-0.54	-1.56	0.16	0.13
KRA1	12218M002	2020-07-07 23:30:00.0	50.06611	19.92047	267.123	227.039	2,357	1.1	-0.86	-1.26	0.17	0.15
KRA2	NDNT-KRAK	2020-07-07 19:00:00.0	50.01092	19.90192	294.987	254.724	2,348	0.9	-0.62	-0.95	0.12	0.12
KRA2	NDNT-KRAK	2020-07-07 19:30:00.0	50.01092	19.90192	294.987	254.724	2,347.2	1	-0.15	0.3	0.16	0.12
KRA2	NDNT-KRAK	2020-07-07 20:00:00.0	50.01092	19.90192	294.993	254.73	2,339.2	1.1	-1.29	0.44	0.16	0.14
KRA2	NDNT-KRAK	2020-07-07 20:30:00.0	50.01092	19.90192	294.993	254.73	2,346.6	1.1	-1.16	-0.22	0.15	0.16
KRA2	NDNT-KRAK	2020-07-07 21:00:00.0	50.01092	19.90192	294.994	254.731	2,344.2	1.2	-0.17	-0.39	0.15	0.15
KRA2	NDNT-KRAK	2020-07-07 21:30:00.0	50.01092	19.90192	294.994	254.731	2,335.4	1.3	-0.22	-0.77	0.19	0.17
KRA2	NDNT-KRAK	2020-07-07 22:00:00.0	50.01092	19.90192	294.994	254.731	2,347.7	1	-0.85	-0.74	0.13	0.11
KRA2	NDNT-KRAK	2020-07-07 22:30:00.0	50.01092	19.90192	294.994	254.731	2,347.6	1.1	-0.15	-0.99	0.13	0.12
KRA2	NDNT-KRAK	2020-07-07 23:00:00.0	50.01092	19.90192	294.993	254.73	2,345.2	1	0.38	-0.33	0.14	0.11
KRA2	NDNT-KRAK	2020-07-07 23:30:00.0	50.01092	19.90192	294.993	254.73	2,352.9	1.1	-0.43	-0.44	0.15	0.15
KRAP	NDNT-KRAP	2020-07-07 19:00:00.0	50.49031	17.95681	221.361	180.384	2,358.8	0.9	-0.9	0.04	0.12	0.11
KRAP	NDNT-KRAP	2020-07-07 19:30:00.0	50.49031	17.95681	221.361	180.384	2,372	1	-0.47	-1.02	0.15	0.12
KRAP	NDNT-KRAP	2020-07-07 20:00:00.0	50.49031	17.95681	221.341	180.364	2,365.2	1.1	-0.43	-0.35	0.17	0.14
KRAP	NDNT-KRAP	2020-07-07 20:30:00.0	50.49031	17.95681	221.341	180.364	2,375.8	1.3	-0.01	-1.75	0.21	0.18
KRAP	NDNT-KRAP	2020-07-07 21:00:00.0	50.49031	17.95681	221.339	180.362	2,390.2	1.3	-0.28	-2.13	0.18	0.17
KRAP	NDNT-KRAP	2020-07-07 21:30:00.0	50.49031	17.95681	221.339	180.362	2,391.9	1.3	0.08	-2.54	0.22	0.18
KRAP	NDNT-KRAP	2020-07-07 22:00:00.0	50.49031	17.95681	221.334	180.357	2,374.2	1.2	0.05	-0.67	0.18	0.15
KRAP	NDNT-KRAP	2020-07-07 22:30:00.0	50.49031	17.95681	221.334	180.357	2,376.8	1.3	0.7	-0.52	0.22	0.18
KRAP	NDNT-KRAP	2020-07-07 23:00:00.0	50.49031	17.95681	221.319	180.342	2,376.5	1	0.36	0.28	0.18	0.12
KRAP	NDNT-KRAP	2020-07-07 23:30:00.0	50.49031	17.95681	221.319	180.342	2,379.1	1.1	0.55	1.14	0.19	0.16
KRAW	12218M001	2020-07-07 19:00:00.0	50.06614	19.92047	267.125	227.041	2,352	1	-0.47	-0.6	0.12	0.12
KRAW	12218M001	2020-07-07 19:30:00.0	50.06614	19.92047	267.125	227.041	2,349.8	1.1	-0.38	0.07	0.18	0.13
KRAW	12218M001	2020-07-07 20:00:00.0	50.06614	19.92047	267.122	227.038	2,348.8	1.2	-0.49	-0.01	0.16	0.15
KRAW	12218M001	2020-07-07 20:30:00.0	50.06614	19.92047	267.122	227.038	2,347.3	1.1	-0.97	-0.55	0.15	0.16
KRAW	12218M001	2020-07-07 21:00:00.0	50.06614	19.92047	267.121	227.037	2,349	1.5	-0.87	-0.11	0.2	0.21
KRAW	12218M001	2020-07-07 21:30:00.0	50.06614	19.92047	267.121	227.037	2,348	1.7	-0.79	-0.43	0.27	0.24
KRAW	12218M001	2020-07-07 22:00:00.0	50.06614	19.92047	267.122	227.038	2,348.9	1.1	-1.05	-0.25	0.16	0.13
KRAW	12218M001	2020-07-07 22:30:00.0	50.06614	19.92047	267.122	227.038	2,352.3	1.1	-0.92	-0.18	0.17	0.14
KRAW	12218M001	2020-07-07 23:00:00.0	50.06614	19.92047	267.123	227.039	2,354.8	1	-0.31	-0.23	0.17	0.13
KRAW	12218M001	2020-07-07 23:30:00.0	50.06614	19.92047	267.123	227.039	2,351.1	1.1	-0.01	-0.31	0.2	0.16
KROS	12265M001	2020-07-07 19:00:00.0	49.67875	21.77464	347.532	311.127	2,326.4	0.9	-0.63	0.46	0.1	0.11
KROS	12265M001	2020-07-07 19:30:00.0	49.67875	21.77464	347.532	311.127	2,322	1.1	-0.07	0.07	0.13	0.11
KROS	12265M001	2020-07-07 20:00:00.0	49.67875	21.77464	347.535	311.13	2,323.6	1.3	-0.56	-0.18	0.17	0.17
KROS	12265M001	2020-07-07 20:30:00.0	49.67875	21.77464	347.535	311.13	2,323.2	1.3	-0.5	-0.25	0.18	0.19
KROS	12265M001	2020-07-07 21:00:00.0	49.67875	21.77464	347.531	311.126	2,321.1	1.2	0.01	-0.14	0.14	0.16
KROS	12265M001	2020-07-07 21:30:00.0	49.67875	21.77464	347.531	311.126	2,317.8	1.3	-0.61	-0.49	0.2	0.18
KROS	12265M001	2020-07-07 22:00:00.0	49.67875	21.77464	347.535	311.13	2,322.3	0.9	-0.34	-0.33	0.12	0.1
KROS	12265M001	2020-07-07 22:30:00.0	49.67875	21.77464	347.535	311.13	2,323.3	1.1	0.06	-0.43	0.12	0.13
KROS	12265M001	2020-07-07 23:00:00.0	49.67875	21.77464	347.531	311.126	2,325.3	1	-0.56	-0.9	0.15	0.12
KROS	12265M001	2020-07-07 23:30:00.0	49.67875	21.77464	347.531	311.126	2,324.5	1.1	-0.63	-0.82	0.15	0.15
KROT	12266M001	2020-07-07 19:00:00.0	51.69219	17.43719	186.243	148.445	2,372.7	1	-0.07	-0.01	0.13	0.14
KROT	12266M001	2020-07-07 19:30:00.0	51.69219	17.43719	186.243	148.445	2,373.1	1.2	-0.25	-0.05	0.22	0.13
KROT	12266M001	2020-07-07 20:00:00.0	51.69219	17.43719	186.25	148.452	2,375.1	1.1	-0.39	-0.24	0.16	0.14
KROT	12266M001	2020-07-07 20:30:00.0	51.69219	17.43719	186.25	148.452	2,374.7	1.1	-0.31	0.21	0.18	0.16
KROT	12266M001	2020-07-07 21:00:00.0	51.69219	17.43719	186.255	148.457	2,371	1.4	-0.64	-0.69	0.21	0.2
KROT	12266M001	2020-07-07 21:30:00.0	51.69219	17.43719	186.255	148.457	2,374.1	1.5	-0.61	-0.59	0.26	0.21
KROT	12266M001	2020-07-07 22:00:00.0	51.69219	17.43719	186.251	148.453	2,376.8	0.9	-0.19	-0.76	0.18	0.12
KROT	12266M001	2020-07-07 22:30:00.0	51.69219	17.43719	186.251	148.453	2,382.6	1.2	0.14	-0.58	0.22	0.18
KROT	12266M001	2020-07-07 23:00:00.0	51.69219	17.43719	186.25	148.452	2,383.4	1	-0.88	-0.8	0.2	0.14
KROT	12266M001	2020-07-07 23:30:00.0	51.69219	17.43719	186.25	148.452	2,387.8	1.2	-1.39	-0.6	0.26	0.18
KUTN	12267M001	2020-07-07 19:00:00.0	52.22606	19.37497	159.848	127.719	2,368.2	0.9	-0.23	0.07	0.12	0.1
KUTN	12267M001	2020-07-07 19:30:00.0	52.22606	19.37497	159.848	127.719	2,366.7	0.9	-0.24	-0.01	0.13	0.12
KUTN	12267M001	2020-07-07 20:00:00.0	52.22606	19.37497	159.846	127.717	2,365	1	-0.87	-0.06	0.15	0.13
KUTN	12267M001	2020-07-07 20:30:00.0	52.22606	19.37497	159.846	127.717	2,365.5	1	-0.7	-0.87	0.13	0.14
KUTN	12267M001	2020-07-07 21:00:00.0	52.22606	19.37497	159.846	127.717	2,367.3	1.1	-0.78	-0.85	0.13	0.14
KUTN	12267M001	2020-07-07 21:30:00.0	52.22606	19.37497	159.846	127.717	2,370.2	1.1	-0.59	-1.03	0.18	0.17
KUTN	12267M001	2020-07-07 22:00:00.0	52.22606	19.37497	159.85	127.721	2,375.3	0.9	-0.33	-0.54	0.14	0.11
KUTN	12267M001	2020-07-07 22:30:00.0	52.22606	19.37497	159.85	127.721	2,378.9	0.9	-0.53	-0.64	0.13	0.15
KUTN	12267M001	2020-07-07 23:00:00.0	52.22606	19.37497	159.848	127.719	2,379.7	0.9	-0.5	0.04	0.15	0.11
KUTN	12267M001	2020-07-07 23:30:00.0	52.22606	19.37497	159.848	127.719	2,377.4	1	-0.64	-0.85	0.16	0.15
LAN1	NDNT-LANC	2020-07-07 19:00:00.0	50.06586	22.22919	287.423	252.664	2,350.1	0.9	-0.27	0	0.1	0.1
LAN1	NDNT-LANC	2020-07-07 19:30:00.0	50.06586	22.22919	287.423	252.664	2,347.7	1.1	0.12	0.38	0.13	0.12
LAN1	NDNT-LANC	2020-07-07 20:00:00.0	50.06586	22.22919	287.418	252.659	2,341.9	1.1	-0.34	-0.09	0.13	0.13
LAN1	NDNT-LANC	2020-07-07 20:30:00.0	50.06586	22.22919	287.418	252.659	2,338.9	1.1	-0.43	-0.36	0.14	0.14
LAN1	NDNT-LANC	2020-07-07 21:00:00.0	50.06586	22.22919	287.414	252.655	2,339.4	1.1	1.03	-1.13	0.13	0.15
LAN1	NDNT-LANC	2020-07-07 21:30:00.0	50.06586	22.22919	287.414	252.655	2,329	1.3	0.12	-1.06	0.19	0.18
LAN1	NDNT-LANC	2020-07-07 22:00:00.0	50.06586	22.22919	287.413	252.654	2,343	0.9	0.46	-0.18	0.12	0.1
LAN1	NDNT-LANC	2020-07-07 22:30:00.0	50.06586	22.22919	287.413	252.654	2,342.5	1.1	0.05	-0.15	0.12	0.14
LAN1	NDNT-LANC	2020-07-07 23:00:00.0	50.06586	22.22919	287.407	252.648	2,337.3	1	0.73	0.34	0.15	0.14
LAN1	NDNT-LANC	2020-07-07 23:30:00.0	50.06586	22.22919	287.407	252.648	2,341.8	1.1	0.54	-0.36	0.15	0.15
LEGP	12268M001	2020-07-07 19:00:00.0	51.2	16.15497	181.346	139.963	2,382.3	0.9	-1.06	-0.34	0.11	0.12
LEGP	12268M001	2020-07-07 19:30:00.0	51.2	16.15497	181.346	139.963	2,382.7	1	-0.86	-0.3	0.15	0.11
LEGP	12268M001	2020-07-07 20:00:00.0	51.2	16.15497	181.344	139.961	2,381	1.1	-0.97	-0.22	0.15	0.12
LEGP	12268M001	2020-07-07 20:30:00.0	51.2	16.15497	181.344	139.961	2,379.7	1.1	-0.73	-0.79	0.14	0.15
LEGP	12268M001	2020-07-07 21:00:00.0	51.2	16.15497	181.343	139.96	2,383.8	1.1	-0.7	-0.73	0.14	0.14
LEGP	12268M001	2020-07-07 21:30:00.0	51.2	16.15497	181.343	139.96	2,387.9	1.2	-0.96	-0.73	0.18	0.17
LEGP	12268M001	2020-07-07 22:00:00.0	51.2	16.15497	181.343	139.96	2,392.4	0.9	-0.95	0.27	0.14	0.12
LEGP	12268M001	2020-07-07 22:30:00.0	51.2	16.15497	181.343	139.96	2,389.8	1	-0.29	-0.62	0.14	0.14
LEGP	12268M001	2020-07-07 23:00:00.0	51.2	16.15497	181.344	139.961	2,395.9	0.9	-0.87	-0.84	0.15	0.11
LEGP	12268M001	2020-07-07 23:30:00.0	51.2	16.15497	181.344	139.961	2,396.3	1.2	-0.64	-0.72	0.18	0.16
LELO	12269M001	2020-07-07 19:00:00.0	50.68289	19.62889	306.306	267.824	2,335.9	0.9	-0.26	-0.26	0.11	0.11
LELO	12269M001	2020-07-07 19:30:00.0	50.68289	19.62889	306.306	267.824	2,334.3	1	-0.94	0.13	0.15	0.12
LELO	12269M001	2020-07-07 20:00:00.0	50.68289	19.62889	306.306	267.824	2,332.9	1.1	-1.15	-0.14	0.16	0.14
LELO	12269M001	2020-07-07 20:30:00.0	50.68289	19.62889	306.306	267.824	2,335.6	1.1	-0.88	-0.47	0.15	0.16
LELO	12269M001	2020-07-07 21:00:00.0	50.68289	19.62889	306.304	267.822	2,333.6	1.2	-0.53	0	0.14	0.15
LELO	12269M001	2020-07-07 21:30:00.0	50.68289	19.62889	306.304	267.822	2,331.3	1.3	-0.49	-0.28	0.2	0.18
LELO	12269M001	2020-07-07 22:00:00.0	50.68289	19.62889	306.302	267.82	2,335	1	-0.62	-0.34	0.13	0.11
LELO	12269M001	2020-07-07 22:30:00.0	50.68289	19.62889	306.302	267.82	2,336.5	1.1	-0.74	-0.31	0.15	0.13
LELO	12269M001	2020-07-07 23:00:00.0	50.68289	19.62889	306.305	267.823	2,340.6	1	-0.85	-0.51	0.15	0.12
LELO	12269M001	2020-07-07 23:30:00.0	50.68289	19.62889	306.305	267.823	2,338	1.1	-0.86	-0.6	0.16	0.15
LES1	MUSE-LES1	2020-07-07 19:00:00.0	51.52717	16.14506	163.404	123.209	2,382.9	1	-1.21	-0.69	0.14	0.14
LES1	MUSE-LES1	2020-07-07 19:30:00.0	51.52717	16.14506	163.404	123.209	2,383.3	1	-0.92	-0.11	0.15	0.12
LES1	MUSE-LES1	2020-07-07 20:00:00.0	51.52717	16.14506	163.403	123.208	2,388.9	1.3	-1.75	-0.2	0.23	0.16
LES1	MUSE-LES1	2020-07-07 20:30:00.0	51.52717	16.14506	163.403	123.208	2,386.3	1.5	-1.26	-0.6	0.29	0.21
LES1	MUSE-LES1	2020-07-07 21:00:00.0	51.52717	16.14506	163.399	123.204	2,391.8	1.2	-0.66	-0.7	0.18	0.21
LES1	MUSE-LES1	2020-07-07 21:30:00.0	51.52717	16.14506	163.399	123.204	2,388.8	1.5	0.05	-1.26	0.24	0.29
LES1	MUSE-LES1	2020-07-07 22:00:00.0	51.52717	16.14506	163.402	123.207	2,394.4	1.3	-0.76	-1.16	0.18	0.2
LES1	MUSE-LES1	2020-07-07 22:30:00.0	51.52717	16.14506	163.402	123.207	2,397.7	1.1	-0.69	-0.76	0.17	0.17
LES1	MUSE-LES1	2020-07-07 23:00:00.0	51.52717	16.14506	163.407	123.212	2,401.9	1.1	-0.72	-1.12	0.2	0.15
LES1	MUSE-LES1	2020-07-07 23:30:00.0	51.52717	16.14506	163.407	123.212	2,405.7	1.3	-0.69	-1.23	0.25	0.19
LODZ	12226M001	2020-07-07 19:00:00.0	51.77872	19.45953	259.434	225.935	2,339.9	1.2	-0.43	-0.69	0.16	0.18
LODZ	12226M001	2020-07-07 19:30:00.0	51.77872	19.45953	259.434	225.935	2,339.2	1.1	-0.53	-0.62	0.16	0.16
LODZ	12226M001	2020-07-07 20:00:00.0	51.77872	19.45953	259.433	225.934	2,342.3	1.1	-0.97	-0.43	0.15	0.14
LODZ	12226M001	2020-07-07 20:30:00.0	51.77872	19.45953	259.433	225.934	2,340.9	1	-0.85	-0.57	0.13	0.15
LODZ	12226M001	2020-07-07 21:00:00.0	51.77872	19.45953	259.419	225.92	2,341.3	1.1	-0.74	-0.42	0.13	0.15
LODZ	12226M001	2020-07-07 21:30:00.0	51.77872	19.45953	259.419	225.92	2,341.3	1.2	-0.91	-0.38	0.18	0.17
LODZ	12226M001	2020-07-07 22:00:00.0	51.77872	19.45953	259.43	225.931	2,347.8	1.1	-1.06	0	0.15	0.12
LODZ	12226M001	2020-07-07 22:30:00.0	51.77872	19.45953	259.43	225.931	2,345.3	1.1	-0.53	-0.28	0.15	0.14
LODZ	12226M001	2020-07-07 23:00:00.0	51.77872	19.45953	259.429	225.93	2,349.2	0.9	-0.3	-0.77	0.15	0.11
LODZ	12226M001	2020-07-07 23:30:00.0	51.77872	19.45953	259.429	225.93	2,348.4	1	-0.49	-1.3	0.16	0.15
LOMZ	12271M001	2020-07-07 19:00:00.0	53.174	22.08036	185.344	156.351	2,363.4	1	-0.24	0	0.13	0.12
LOMZ	12271M001	2020-07-07 19:30:00.0	53.174	22.08036	185.344	156.351	2,368.6	1.1	0.21	-0.23	0.15	0.13
LOMZ	12271M001	2020-07-07 20:00:00.0	53.174	22.08036	185.347	156.354	2,368.8	1.2	0.16	0.76	0.17	0.16
LOMZ	12271M001	2020-07-07 20:30:00.0	53.174	22.08036	185.347	156.354	2,373.8	1.2	0.47	0.71	0.16	0.17
LOMZ	12271M001	2020-07-07 21:00:00.0	53.174	22.08036	185.353	156.36	2,368.7	1.1	0.19	-0.04	0.14	0.15
LOMZ	12271M001	2020-07-07 21:30:00.0	53.174	22.08036	185.353	156.36	2,363.2	1.1	0.08	-0.65	0.17	0.18
LOMZ	12271M001	2020-07-07 22:00:00.0	53.174	22.08036	185.351	156.358	2,371.8	0.9	-0.4	-0.2	0.15	0.11
LOMZ	12271M001	2020-07-07 22:30:00.0	53.174	22.08036	185.351	156.358	2,371.1	1	-0.09	-0.08	0.14	0.14
LOMZ	12271M001	2020-07-07 23:00:00.0	53.174	22.08036	185.35	156.357	2,374.1	1	0.71	-0.31	0.17	0.14
LOMZ	12271M001	2020-07-07 23:30:00.0	53.174	22.08036	185.35	156.357	2,370.9	1.1	0.81	0.24	0.19	0.17
LUBL	12272M001	2020-07-07 19:00:00.0	51.25086	22.55472	242.199	210.389	2,346.2	1.3	-0.38	0.82	0.17	0.19
LUBL	12272M001	2020-07-07 19:30:00.0	51.25086	22.55472	242.199	210.389	2,345.8	1.3	-0.04	0.69	0.18	0.2
LUBL	12272M001	2020-07-07 20:00:00.0	51.25086	22.55472	242.192	210.382	2,346.9	1.3	0.53	0.08	0.17	0.16
LUBL	12272M001	2020-07-07 20:30:00.0	51.25086	22.55472	242.192	210.382	2,341.6	1.3	0.51	-0.3	0.16	0.19
LUBL	12272M001	2020-07-07 21:00:00.0	51.25086	22.55472	242.196	210.386	2,343.1	1.1	-0.7	-0.25	0.14	0.15
LUBL	12272M001	2020-07-07 21:30:00.0	51.25086	22.55472	242.196	210.386	2,339.6	1.2	-0.76	-0.06	0.21	0.18
LUBL	12272M001	2020-07-07 22:00:00.0	51.25086	22.55472	242.201	210.391	2,342.6	1	-0.83	-0.47	0.14	0.1
LUBL	12272M001	2020-07-07 22:30:00.0	51.25086	22.55472	242.201	210.391	2,345.4	1.1	0.16	-0.28	0.14	0.15
LUBL	12272M001	2020-07-07 23:00:00.0	51.25086	22.55472	242.197	210.387	2,346	1	-0.54	-0.61	0.18	0.15
LUBL	12272M001	2020-07-07 23:30:00.0	51.25086	22.55472	242.197	210.387	2,343.2	1.1	-0.16	-0.38	0.19	0.16
MET3	10503M010	2020-07-07 19:00:00.0	60.21744	24.3945	79.2	60.433	2,382.9	1.1	0.05	0.55	0.19	0.11
MET3	10503M010	2020-07-07 19:30:00.0	60.21744	24.3945	79.2	60.433	2,379.5	1.2	-0.23	0.39	0.19	0.11
MET3	10503M010	2020-07-07 20:00:00.0	60.21744	24.3945	79.2	60.433	2,375.5	1.3	-0.09	0.69	0.2	0.15
MET3	10503M010	2020-07-07 20:30:00.0	60.21744	24.3945	79.2	60.433	2,374.4	1.3	0.19	0.7	0.18	0.14
MET3	10503M010	2020-07-07 21:00:00.0	60.21744	24.3945	79.196	60.429	2,365.8	1.3	0.44	0.97	0.19	0.17
MET3	10503M010	2020-07-07 21:30:00.0	60.21744	24.3945	79.196	60.429	2,361.7	1.4	-0.21	0.44	0.22	0.17
MET3	10503M010	2020-07-07 22:00:00.0	60.21744	24.3945	79.194	60.427	2,365.7	1	-0.43	-0.12	0.2	0.09
MET3	10503M010	2020-07-07 22:30:00.0	60.21744	24.3945	79.194	60.427	2,366.4	1.2	-0.32	-0.02	0.24	0.12
MET3	10503M010	2020-07-07 23:00:00.0	60.21744	24.3945	79.186	60.419	2,368.7	1	0.02	0.15	0.19	0.14
MET3	10503M010	2020-07-07 23:30:00.0	60.21744	24.3945	79.186	60.419	2,367.8	1.1	-0.17	0.38	0.24	0.16
MIEL	18967M001	2020-07-07 19:00:00.0	50.29119	21.438	224.538	188.513	2,352.9	0.9	-0.21	-0.11	0.12	0.11
MIEL	18967M001	2020-07-07 19:30:00.0	50.29119	21.438	224.538	188.513	2,353.8	1	-0.36	-0.18	0.15	0.11
MIEL	18967M001	2020-07-07 20:00:00.0	50.29119	21.438	224.539	188.514	2,357	1.1	-0.47	-0.09	0.15	0.14
MIEL	18967M001	2020-07-07 20:30:00.0	50.29119	21.438	224.539	188.514	2,356.8	1.1	-0.5	-0.08	0.14	0.15
MIEL	18967M001	2020-07-07 21:00:00.0	50.29119	21.438	224.532	188.507	2,357.8	1.1	-0.61	-0.12	0.13	0.15
MIEL	18967M001	2020-07-07 21:30:00.0	50.29119	21.438	224.532	188.507	2,354.6	1.2	-0.53	-0.39	0.19	0.18
MIEL	18967M001	2020-07-07 22:00:00.0	50.29119	21.438	224.543	188.518	2,355.6	0.9	-0.75	-0.1	0.14	0.12
MIEL	18967M001	2020-07-07 22:30:00.0	50.29119	21.438	224.543	188.518	2,355.6	1	-0.49	-0.22	0.14	0.15
MIEL	18967M001	2020-07-07 23:00:00.0	50.29119	21.438	224.542	188.517	2,354.5	0.9	-0.43	-0.71	0.15	0.11
MIEL	18967M001	2020-07-07 23:30:00.0	50.29119	21.438	224.542	188.517	2,353.1	1.1	-0.36	-0.83	0.16	0.16
MIEW	NDNT-MIEW	2020-07-07 19:00:00.0	50.36228	20.04022	336.594	297.598	2,325.8	0.9	-0.84	-0.16	0.12	0.12
MIEW	NDNT-MIEW	2020-07-07 19:30:00.0	50.36228	20.04022	336.594	297.598	2,322.8	1	-0.42	-0.63	0.16	0.12
MIEW	NDNT-MIEW	2020-07-07 20:00:00.0	50.36228	20.04022	336.596	297.6	2,326.1	1.1	-0.41	0.28	0.17	0.15
MIEW	NDNT-MIEW	2020-07-07 20:30:00.0	50.36228	20.04022	336.596	297.6	2,326.1	1.1	-0.22	-0.22	0.17	0.16
MIEW	NDNT-MIEW	2020-07-07 21:00:00.0	50.36228	20.04022	336.593	297.597	2,323.2	1.2	0.21	-0.38	0.16	0.17
MIEW	NDNT-MIEW	2020-07-07 21:30:00.0	50.36228	20.04022	336.593	297.597	2,322	1.3	-0.61	-0.27	0.2	0.18
MIEW	NDNT-MIEW	2020-07-07 22:00:00.0	50.36228	20.04022	336.591	297.595	2,330.2	1.1	-0.99	-0.42	0.16	0.11
MIEW	NDNT-MIEW	2020-07-07 22:30:00.0	50.36228	20.04022	336.591	297.595	2,328.5	1.1	-0.77	-0.93	0.14	0.13
MIEW	NDNT-MIEW	2020-07-07 23:00:00.0	50.36228	20.04022	336.595	297.599	2,327.5	1	-0.05	-0.72	0.14	0.11
MIEW	NDNT-MIEW	2020-07-07 23:30:00.0	50.36228	20.04022	336.595	297.599	2,328.6	1.1	-0.28	-0.74	0.16	0.15
MIKL	12335M001	2020-07-07 19:00:00.0	46.97278	31.97283	93.947	68.556	2,507.9	1.1	1.39	0.06	0.12	0.12
MIKL	12335M001	2020-07-07 19:30:00.0	46.97278	31.97283	93.947	68.556	2,508.7	1.3	0.8	-1.04	0.16	0.17
MIKL	12335M001	2020-07-07 20:00:00.0	46.97278	31.97283	93.939	68.548	2,504	1.3	-0.51	-2.36	0.19	0.21
MIKL	12335M001	2020-07-07 20:30:00.0	46.97278	31.97283	93.939	68.548	2,513.1	1.4	-0.93	-5.39	0.2	0.23
MIKL	12335M001	2020-07-07 21:00:00.0	46.97278	31.97283	93.939	68.548	2,519.5	1.3	1.49	-4.11	0.16	0.19
MIKL	12335M001	2020-07-07 21:30:00.0	46.97278	31.97283	93.939	68.548	2,520.8	1.3	1.59	-1.69	0.21	0.21
MIKL	12335M001	2020-07-07 22:00:00.0	46.97278	31.97283	93.956	68.565	2,511.7	1.1	0.21	0.16	0.14	0.13
MIKL	12335M001	2020-07-07 22:30:00.0	46.97278	31.97283	93.956	68.565	2,506.6	1.1	0.43	1.09	0.15	0.13
MIKL	12335M001	2020-07-07 23:00:00.0	46.97278	31.97283	93.958	68.567	2,506.7	1.4	-0.76	-0.21	0.19	0.18
MIKL	12335M001	2020-07-07 23:30:00.0	46.97278	31.97283	93.958	68.567	2,516.6	1.6	-0.67	1.19	0.19	0.19
MIMA	12273M001	2020-07-07 19:00:00.0	52.18131	21.55925	200.723	170.132	2,352.7	0.9	-0.32	0.19	0.11	0.11
MIMA	12273M001	2020-07-07 19:30:00.0	52.18131	21.55925	200.723	170.132	2,353.8	1	-0.64	-0.26	0.14	0.13
MIMA	12273M001	2020-07-07 20:00:00.0	52.18131	21.55925	200.725	170.134	2,356.4	1.3	-0.75	-0.22	0.18	0.17
MIMA	12273M001	2020-07-07 20:30:00.0	52.18131	21.55925	200.725	170.134	2,354.8	1.2	-0.31	0.02	0.17	0.18
MIMA	12273M001	2020-07-07 21:00:00.0	52.18131	21.55925	200.727	170.136	2,359.5	1.1	-0.55	-0.84	0.14	0.15
MIMA	12273M001	2020-07-07 21:30:00.0	52.18131	21.55925	200.727	170.136	2,361.3	1.1	0.2	0.25	0.18	0.17
MIMA	12273M001	2020-07-07 22:00:00.0	52.18131	21.55925	200.725	170.134	2,366	1.1	-0.71	-0.66	0.15	0.12
MIMA	12273M001	2020-07-07 22:30:00.0	52.18131	21.55925	200.725	170.134	2,369.2	1.1	-0.8	-0.76	0.15	0.14
MIMA	12273M001	2020-07-07 23:00:00.0	52.18131	21.55925	200.726	170.135	2,366.5	1	-0.04	-0.6	0.16	0.13
MIMA	12273M001	2020-07-07 23:30:00.0	52.18131	21.55925	200.726	170.135	2,364	1.1	-0.29	-0.62	0.17	0.16
MLCN	12274M001	2020-07-07 19:00:00.0	50.06589	21.97169	271.992	236.823	2,349.7	1	-0.5	1.13	0.12	0.13
MLCN	12274M001	2020-07-07 19:30:00.0	50.06589	21.97169	271.992	236.823	2,346.5	1.3	-0.62	1	0.14	0.22
MLCN	12274M001	2020-07-07 20:00:00.0	50.06589	21.97169	271.987	236.818	2,344.9	1.4	-0.21	0.09	0.19	0.2
MLCN	12274M001	2020-07-07 20:30:00.0	50.06589	21.97169	271.987	236.818	2,343.6	1.5	-0.21	-0.68	0.19	0.24
MLCN	12274M001	2020-07-07 21:00:00.0	50.06589	21.97169	271.981	236.812	2,343.4	1.2	-0.11	-0.37	0.13	0.15
MLCN	12274M001	2020-07-07 21:30:00.0	50.06589	21.97169	271.981	236.812	2,343.8	1.3	-0.2	-0.75	0.19	0.19
MLCN	12274M001	2020-07-07 22:00:00.0	50.06589	21.97169	271.985	236.816	2,346.8	1	-0.41	-0.37	0.15	0.12
MLCN	12274M001	2020-07-07 22:30:00.0	50.06589	21.97169	271.985	236.816	2,344.6	1.2	-0.3	-0.53	0.13	0.17
MLCN	12274M001	2020-07-07 23:00:00.0	50.06589	21.97169	271.983	236.814	2,341.4	1.2	-0.29	-0.86	0.18	0.17
MLCN	12274M001	2020-07-07 23:30:00.0	50.06589	21.97169	271.983	236.814	2,341.7	1.2	-0.21	-0.75	0.19	0.19
MSZA	NDNT-MSZA	2020-07-07 19:00:00.0	49.67928	20.07031	440.901	400.327	2,306.2	1	-0.49	-0.26	0.13	0.13
MSZA	NDNT-MSZA	2020-07-07 19:30:00.0	49.67928	20.07031	440.901	400.327	2,308.3	1.1	-0.14	0.07	0.21	0.13
MSZA	NDNT-MSZA	2020-07-07 20:00:00.0	49.67928	20.07031	440.904	400.33	2,306.6	1.1	-0.17	0.01	0.17	0.14
MSZA	NDNT-MSZA	2020-07-07 20:30:00.0	49.67928	20.07031	440.904	400.33	2,300.7	1.1	-0.41	-0.5	0.15	0.16
MSZA	NDNT-MSZA	2020-07-07 21:00:00.0	49.67928	20.07031	440.91	400.336	2,303.2	1.5	-0.29	-1.02	0.2	0.2
MSZA	NDNT-MSZA	2020-07-07 21:30:00.0	49.67928	20.07031	440.91	400.336	2,296.2	1.6	-0.35	-0.33	0.25	0.23
MSZA	NDNT-MSZA	2020-07-07 22:00:00.0	49.67928	20.07031	440.908	400.334	2,306.2	1.1	-0.59	-0.15	0.14	0.12
MSZA	NDNT-MSZA	2020-07-07 22:30:00.0	49.67928	20.07031	440.908	400.334	2,303.5	1.1	-1.21	-0.33	0.17	0.15
MSZA	NDNT-MSZA	2020-07-07 23:00:00.0	49.67928	20.07031	440.916	400.342	2,306.4	1	-0.43	-0.89	0.17	0.12
MSZA	NDNT-MSZA	2020-07-07 23:30:00.0	49.67928	20.07031	440.916	400.342	2,303.4	1.1	-0.75	-0.74	0.24	0.17
MYSZ	12275M001	2020-07-07 19:00:00.0	53.38653	21.34358	169.321	139.456	2,376.5	1	0.1	0.43	0.13	0.12
MYSZ	12275M001	2020-07-07 19:30:00.0	53.38653	21.34358	169.321	139.456	2,376.8	1.1	0.28	0.17	0.14	0.13
MYSZ	12275M001	2020-07-07 20:00:00.0	53.38653	21.34358	169.322	139.457	2,376.5	1.2	0.5	-0.15	0.17	0.16
MYSZ	12275M001	2020-07-07 20:30:00.0	53.38653	21.34358	169.322	139.457	2,377.8	1.2	0.29	-0.18	0.16	0.17
MYSZ	12275M001	2020-07-07 21:00:00.0	53.38653	21.34358	169.323	139.458	2,378.8	1.1	0.04	-0.5	0.14	0.15
MYSZ	12275M001	2020-07-07 21:30:00.0	53.38653	21.34358	169.323	139.458	2,384.2	1.1	0.74	-0.34	0.16	0.18
MYSZ	12275M001	2020-07-07 22:00:00.0	53.38653	21.34358	169.321	139.456	2,385.1	0.9	-0.1	0.31	0.14	0.11
MYSZ	12275M001	2020-07-07 22:30:00.0	53.38653	21.34358	169.321	139.456	2,379.5	1	-0.28	0.29	0.12	0.15
MYSZ	12275M001	2020-07-07 23:00:00.0	53.38653	21.34358	169.325	139.46	2,379.1	1	0.11	0.45	0.17	0.15
MYSZ	12275M001	2020-07-07 23:30:00.0	53.38653	21.34358	169.325	139.46	2,374	1.1	-0.15	-0.13	0.19	0.17
NODW	12276M001	2020-07-07 19:00:00.0	52.43108	20.71058	125.7	94.463	2,385.9	0.9	-0.3	-0.07	0.11	0.11
NODW	12276M001	2020-07-07 19:30:00.0	52.43108	20.71058	125.7	94.463	2,383.8	1	-0.39	0.19	0.14	0.13
NODW	12276M001	2020-07-07 20:00:00.0	52.43108	20.71058	125.7	94.463	2,384.9	1.3	-0.53	-0.2	0.18	0.17
NODW	12276M001	2020-07-07 20:30:00.0	52.43108	20.71058	125.7	94.463	2,385	1.3	-0.63	-0.02	0.18	0.2
NODW	12276M001	2020-07-07 21:00:00.0	52.43108	20.71058	125.701	94.464	2,381.8	1.3	-0.72	0	0.17	0.18
NODW	12276M001	2020-07-07 21:30:00.0	52.43108	20.71058	125.701	94.464	2,380.3	1.4	-0.7	-0.15	0.22	0.21
NODW	12276M001	2020-07-07 22:00:00.0	52.43108	20.71058	125.701	94.464	2,381.8	1.1	-0.9	0.04	0.19	0.12
NODW	12276M001	2020-07-07 22:30:00.0	52.43108	20.71058	125.701	94.464	2,382.4	1.2	-0.91	0.31	0.16	0.15
NODW	12276M001	2020-07-07 23:00:00.0	52.43108	20.71058	125.697	94.46	2,384.6	0.8	-0.05	-0.56	0.12	0.09
NODW	12276M001	2020-07-07 23:30:00.0	52.43108	20.71058	125.697	94.46	2,386.1	0.9	-0.12	-0.74	0.13	0.12
NTML	12277M001	2020-07-07 19:00:00.0	52.32081	16.11803	126.623	89.816	2,387	0.9	-0.76	0.11	0.13	0.12
NTML	12277M001	2020-07-07 19:30:00.0	52.32081	16.11803	126.623	89.816	2,387	1	-0.51	-0.26	0.13	0.12
NTML	12277M001	2020-07-07 20:00:00.0	52.32081	16.11803	126.621	89.814	2,394.8	1.1	-0.23	-0.32	0.16	0.14
NTML	12277M001	2020-07-07 20:30:00.0	52.32081	16.11803	126.621	89.814	2,396.2	1.1	-0.65	-0.81	0.14	0.17
NTML	12277M001	2020-07-07 21:00:00.0	52.32081	16.11803	126.629	89.822	2,397.6	1.1	-0.98	-0.82	0.14	0.15
NTML	12277M001	2020-07-07 21:30:00.0	52.32081	16.11803	126.629	89.822	2,402	1.2	-0.86	-0.88	0.16	0.16
NTML	12277M001	2020-07-07 22:00:00.0	52.32081	16.11803	126.628	89.821	2,403.9	0.9	-0.6	-0.79	0.16	0.11
NTML	12277M001	2020-07-07 22:30:00.0	52.32081	16.11803	126.628	89.821	2,409.6	1	-0.69	-1.09	0.13	0.15
NTML	12277M001	2020-07-07 23:00:00.0	52.32081	16.11803	126.629	89.822	2,419.1	1	-0.59	-1.16	0.16	0.11
NTML	12277M001	2020-07-07 23:30:00.0	52.32081	16.11803	126.629	89.822	2,427.1	1.2	-0.39	-1.12	0.2	0.16
NWSA	NDNT-NWSA	2020-07-07 19:00:00.0	49.63017	20.70711	338.707	299.647	2,328.8	0.9	-0.6	-0.63	0.11	0.11
NWSA	NDNT-NWSA	2020-07-07 19:30:00.0	49.63017	20.70711	338.707	299.647	2,327.5	1	-0.44	-0.41	0.15	0.11
NWSA	NDNT-NWSA	2020-07-07 20:00:00.0	49.63017	20.70711	338.711	299.651	2,336.4	1.1	0.09	-1.24	0.15	0.14
NWSA	NDNT-NWSA	2020-07-07 20:30:00.0	49.63017	20.70711	338.711	299.651	2,331.4	1.1	-0.3	-0.33	0.14	0.15
NWSA	NDNT-NWSA	2020-07-07 21:00:00.0	49.63017	20.70711	338.703	299.643	2,333.6	1.1	-0.5	-0.31	0.15	0.15
NWSA	NDNT-NWSA	2020-07-07 21:30:00.0	49.63017	20.70711	338.703	299.643	2,332.3	1.3	-0.39	-0.44	0.21	0.18
NWSA	NDNT-NWSA	2020-07-07 22:00:00.0	49.63017	20.70711	338.709	299.649	2,334.6	0.9	-0.54	-0.2	0.14	0.11
NWSA	NDNT-NWSA	2020-07-07 22:30:00.0	49.63017	20.70711	338.709	299.649	2,331.4	1	0.29	-0.77	0.17	0.13
NWSA	NDNT-NWSA	2020-07-07 23:00:00.0	49.63017	20.70711	338.705	299.645	2,335.7	1	-0.36	-0.46	0.15	0.12
NWSA	NDNT-NWSA	2020-07-07 23:30:00.0	49.63017	20.70711	338.705	299.645	2,327.9	1.3	0.51	-0.41	0.23	0.17
NWSC	12231M001	2020-07-07 19:00:00.0	49.61844	20.69003	334.745	295.592	2,326.1	0.9	-0.59	-0.01	0.12	0.11
NWSC	12231M001	2020-07-07 19:30:00.0	49.61844	20.69003	334.745	295.592	2,331.8	1.1	-1.26	-0.41	0.21	0.12
NWSC	12231M001	2020-07-07 20:00:00.0	49.61844	20.69003	334.749	295.596	2,327.8	1.1	-0.78	-0.14	0.16	0.14
NWSC	12231M001	2020-07-07 20:30:00.0	49.61844	20.69003	334.749	295.596	2,334.6	1.1	-0.29	-0.08	0.15	0.16
NWSC	12231M001	2020-07-07 21:00:00.0	49.61844	20.69003	334.749	295.596	2,334.8	1.3	0.2	0.05	0.18	0.18
NWSC	12231M001	2020-07-07 21:30:00.0	49.61844	20.69003	334.749	295.596	2,331.9	1.7	-0.95	-0.52	0.28	0.24
NWSC	12231M001	2020-07-07 22:00:00.0	49.61844	20.69003	334.752	295.599	2,334.4	1.1	-0.56	-0.38	0.17	0.13
NWSC	12231M001	2020-07-07 22:30:00.0	49.61844	20.69003	334.752	295.599	2,328.9	1.2	-0.7	-0.41	0.22	0.13
NWSC	12231M001	2020-07-07 23:00:00.0	49.61844	20.69003	334.75	295.597	2,337.1	1.3	-0.08	-1.65	0.23	0.17
NWSC	12231M001	2020-07-07 23:30:00.0	49.61844	20.69003	334.75	295.597	2,333.2	1.7	-0.26	-1.76	0.33	0.23
NWT1	12232M002	2020-07-07 19:00:00.0	49.47819	20.03444	654.91	613.654	2,245.1	0.9	-1.07	-0.28	0.11	0.11
NWT1	12232M002	2020-07-07 19:30:00.0	49.47819	20.03444	654.91	613.654	2,239.8	1	-0.58	-0.03	0.15	0.13
NWT1	12232M002	2020-07-07 20:00:00.0	49.47819	20.03444	654.915	613.659	2,241	1.2	-1.09	-0.34	0.16	0.16
NWT1	12232M002	2020-07-07 20:30:00.0	49.47819	20.03444	654.915	613.659	2,239.2	1.1	-0.31	-0.55	0.15	0.17
NWT1	12232M002	2020-07-07 21:00:00.0	49.47819	20.03444	654.906	613.65	2,238.3	1.5	-0.79	-0.14	0.18	0.2
NWT1	12232M002	2020-07-07 21:30:00.0	49.47819	20.03444	654.906	613.65	2,242	1.6	-0.21	-0.91	0.25	0.23
NWT1	12232M002	2020-07-07 22:00:00.0	49.47819	20.03444	654.913	613.657	2,243.5	1.1	-0.67	-0.63	0.15	0.12
NWT1	12232M002	2020-07-07 22:30:00.0	49.47819	20.03444	654.913	613.657	2,245.8	1.1	-0.88	0.24	0.14	0.13
NWT1	12232M002	2020-07-07 23:00:00.0	49.47819	20.03444	654.928	613.672	2,248.4	1	-0.83	-0.72	0.15	0.13
NWT1	12232M002	2020-07-07 23:30:00.0	49.47819	20.03444	654.928	613.672	2,242.9	1.2	-0.35	-0.76	0.17	0.16
NYSA	12278M001	2020-07-07 19:00:00.0	50.47769	17.33375	250.613	208.683	2,362.3	0.9	-1.45	-0.6	0.11	0.12
NYSA	12278M001	2020-07-07 19:30:00.0	50.47769	17.33375	250.613	208.683	2,360.8	1	-1.47	-0.68	0.16	0.11
NYSA	12278M001	2020-07-07 20:00:00.0	50.47769	17.33375	250.611	208.681	2,364.7	1.1	-0.72	-0.57	0.15	0.13
NYSA	12278M001	2020-07-07 20:30:00.0	50.47769	17.33375	250.611	208.681	2,366.6	1.1	-0.91	-0.39	0.14	0.15
NYSA	12278M001	2020-07-07 21:00:00.0	50.47769	17.33375	250.605	208.675	2,374.6	1.2	-0.98	-0.18	0.14	0.16
NYSA	12278M001	2020-07-07 21:30:00.0	50.47769	17.33375	250.605	208.675	2,368.6	1.3	-0.65	-0.14	0.2	0.19
NYSA	12278M001	2020-07-07 22:00:00.0	50.47769	17.33375	250.608	208.678	2,372	1.2	-0.98	-0.32	0.16	0.13
NYSA	12278M001	2020-07-07 22:30:00.0	50.47769	17.33375	250.608	208.678	2,374.3	1.3	-0.37	-0.58	0.17	0.15
NYSA	12278M001	2020-07-07 23:00:00.0	50.47769	17.33375	250.608	208.678	2,379.7	1.1	-1.04	-0.63	0.18	0.13
NYSA	12278M001	2020-07-07 23:30:00.0	50.47769	17.33375	250.608	208.678	2,377.5	1.4	-0.73	-0.61	0.19	0.18
NYSN	NDNT-NYSN	2020-07-07 19:00:00.0	50.45656	17.34097	241.575	199.573	2,370.3	1	-0.98	-0.4	0.12	0.13
NYSN	NDNT-NYSN	2020-07-07 19:30:00.0	50.45656	17.34097	241.575	199.573	2,365.2	1	-1.23	-0.27	0.16	0.13
NYSN	NDNT-NYSN	2020-07-07 20:00:00.0	50.45656	17.34097	241.571	199.569	2,368.3	1.2	-0.65	-0.06	0.18	0.18
NYSN	NDNT-NYSN	2020-07-07 20:30:00.0	50.45656	17.34097	241.571	199.569	2,372.9	1.2	-0.66	-0.14	0.16	0.17
NYSN	NDNT-NYSN	2020-07-07 21:00:00.0	50.45656	17.34097	241.567	199.565	2,375.8	1.3	0.06	-0.85	0.17	0.17
NYSN	NDNT-NYSN	2020-07-07 21:30:00.0	50.45656	17.34097	241.567	199.565	2,374.9	1.3	0.31	-0.23	0.22	0.19
NYSN	NDNT-NYSN	2020-07-07 22:00:00.0	50.45656	17.34097	241.579	199.577	2,376.7	1.4	-0.19	-0.37	0.21	0.17
NYSN	NDNT-NYSN	2020-07-07 22:30:00.0	50.45656	17.34097	241.579	199.577	2,376.7	1.4	-0.24	-0.34	0.28	0.18
NYSN	NDNT-NYSN	2020-07-07 23:00:00.0	50.45656	17.34097	241.57	199.568	2,388.4	1.2	-1.06	-0.48	0.21	0.15
NYSN	NDNT-NYSN	2020-07-07 23:30:00.0	50.45656	17.34097	241.57	199.568	2,382.8	1.4	-1	-0.94	0.25	0.2
OPLE	12283M001	2020-07-07 19:00:00.0	50.66761	17.91936	225.916	185.465	2,357.8	0.9	-0.94	-0.48	0.12	0.11
OPLE	12283M001	2020-07-07 19:30:00.0	50.66761	17.91936	225.916	185.465	2,358.8	1	-1.11	-0.38	0.15	0.11
OPLE	12283M001	2020-07-07 20:00:00.0	50.66761	17.91936	225.912	185.461	2,360.2	1	-0.86	-0.46	0.15	0.13
OPLE	12283M001	2020-07-07 20:30:00.0	50.66761	17.91936	225.912	185.461	2,364	1	-0.85	-0.91	0.13	0.14
OPLE	12283M001	2020-07-07 21:00:00.0	50.66761	17.91936	225.907	185.456	2,367.9	1.2	-0.53	-0.63	0.16	0.16
OPLE	12283M001	2020-07-07 21:30:00.0	50.66761	17.91936	225.907	185.456	2,367.2	1.3	-0.69	-0.59	0.21	0.18
OPLE	12283M001	2020-07-07 22:00:00.0	50.66761	17.91936	225.908	185.457	2,372.7	1.2	-0.45	-0.58	0.18	0.15
OPLE	12283M001	2020-07-07 22:30:00.0	50.66761	17.91936	225.908	185.457	2,373.5	1.3	-0.49	-0.64	0.19	0.18
OPLE	12283M001	2020-07-07 23:00:00.0	50.66761	17.91936	225.912	185.461	2,377.2	1	-0.69	-0.52	0.16	0.11
OPLE	12283M001	2020-07-07 23:30:00.0	50.66761	17.91936	225.912	185.461	2,377.5	1.1	-0.38	-0.56	0.17	0.16
OPNT	12203M003	2020-07-07 19:00:00.0	53.76369	20.51817	171.845	142.076	2,378.8	1.2	-0.85	-0.12	0.18	0.19
OPNT	12203M003	2020-07-07 19:30:00.0	53.76369	20.51817	171.845	142.076	2,383.7	1.4	-0.98	-0.84	0.19	0.29
OPNT	12203M003	2020-07-07 20:00:00.0	53.76369	20.51817	171.847	142.078	2,397.7	1.4	-0.25	-0.48	0.2	0.22
OPNT	12203M003	2020-07-07 20:30:00.0	53.76369	20.51817	171.847	142.078	2,390.8	1.4	0.53	0.76	0.19	0.21
OPNT	12203M003	2020-07-07 21:00:00.0	53.76369	20.51817	171.847	142.078	2,376.9	1.1	-0.31	0.26	0.16	0.19
OPNT	12203M003	2020-07-07 21:30:00.0	53.76369	20.51817	171.847	142.078	2,374.9	1.2	-0.53	-0.55	0.2	0.24
OPNT	12203M003	2020-07-07 22:00:00.0	53.76369	20.51817	171.838	142.069	2,376.4	1.4	-0.79	0.07	0.27	0.23
OPNT	12203M003	2020-07-07 22:30:00.0	53.76369	20.51817	171.838	142.069	2,373.1	1.8	-0.56	-0.23	0.37	0.26
OPNT	12203M003	2020-07-07 23:00:00.0	53.76369	20.51817	171.839	142.07	2,374.9	1.4	-0.45	-0.3	0.27	0.19
OPNT	12203M003	2020-07-07 23:30:00.0	53.76369	20.51817	171.839	142.07	2,374.8	1.5	-0.25	-0.24	0.23	0.23
OSMZ	12285M001	2020-07-07 19:00:00.0	52.80078	21.89169	166.291	137.096	2,371.6	1	1.67	0.19	0.14	0.12
OSMZ	12285M001	2020-07-07 19:30:00.0	52.80078	21.89169	166.291	137.096	2,365.9	1.1	0.5	0.16	0.15	0.15
OSMZ	12285M001	2020-07-07 20:00:00.0	52.80078	21.89169	166.293	137.098	2,374.9	1.2	1.13	0.62	0.18	0.18
OSMZ	12285M001	2020-07-07 20:30:00.0	52.80078	21.89169	166.293	137.098	2,372.1	1.2	1.45	1.61	0.17	0.18
OSMZ	12285M001	2020-07-07 21:00:00.0	52.80078	21.89169	166.296	137.101	2,372	1.1	0.02	0.75	0.14	0.16
OSMZ	12285M001	2020-07-07 21:30:00.0	52.80078	21.89169	166.296	137.101	2,383.5	1.1	0.73	1.12	0.17	0.19
OSMZ	12285M001	2020-07-07 22:00:00.0	52.80078	21.89169	166.297	137.102	2,376	1	1.13	-0.7	0.16	0.12
OSMZ	12285M001	2020-07-07 22:30:00.0	52.80078	21.89169	166.297	137.102	2,380.3	1.1	0.03	-0.81	0.15	0.16
OSMZ	12285M001	2020-07-07 23:00:00.0	52.80078	21.89169	166.31	137.115	2,374.5	1.1	0.34	-0.24	0.18	0.14
OSMZ	12285M001	2020-07-07 23:30:00.0	52.80078	21.89169	166.31	137.115	2,366.4	1.2	0.37	-0.94	0.2	0.18
OST3	NDNT-OSTR	2020-07-07 19:00:00.0	50.94231	21.38969	237.652	202.362	2,347.8	0.9	-0.75	-0.34	0.12	0.11
OST3	NDNT-OSTR	2020-07-07 19:30:00.0	50.94231	21.38969	237.652	202.362	2,350.6	1	-0.24	-0.22	0.15	0.12
OST3	NDNT-OSTR	2020-07-07 20:00:00.0	50.94231	21.38969	237.657	202.367	2,347.5	1.1	0.28	0.1	0.15	0.14
OST3	NDNT-OSTR	2020-07-07 20:30:00.0	50.94231	21.38969	237.657	202.367	2,351.6	1.1	0.01	0.28	0.14	0.16
OST3	NDNT-OSTR	2020-07-07 21:00:00.0	50.94231	21.38969	237.654	202.364	2,348.3	1.1	0.17	-0.73	0.13	0.15
OST3	NDNT-OSTR	2020-07-07 21:30:00.0	50.94231	21.38969	237.654	202.364	2,349.7	1.2	-0.16	-0.29	0.19	0.18
OST3	NDNT-OSTR	2020-07-07 22:00:00.0	50.94231	21.38969	237.655	202.365	2,356.3	1.1	-0.19	-0.09	0.16	0.14
OST3	NDNT-OSTR	2020-07-07 22:30:00.0	50.94231	21.38969	237.655	202.365	2,352.7	1.1	-0.14	-0.38	0.17	0.16
OST3	NDNT-OSTR	2020-07-07 23:00:00.0	50.94231	21.38969	237.659	202.369	2,348.3	0.9	0.14	-0.47	0.14	0.12
OST3	NDNT-OSTR	2020-07-07 23:30:00.0	50.94231	21.38969	237.659	202.369	2,353	1.1	-0.12	-0.33	0.17	0.15
PAJE	NDNT-PAJE	2020-07-07 19:00:00.0	51.14675	19.00064	287.448	250.106	2,338.5	0.9	-0.08	-0.53	0.12	0.11
PAJE	NDNT-PAJE	2020-07-07 19:30:00.0	51.14675	19.00064	287.448	250.106	2,338.9	0.9	-0.44	0.02	0.14	0.12
PAJE	NDNT-PAJE	2020-07-07 20:00:00.0	51.14675	19.00064	287.448	250.106	2,342.7	1.1	-0.05	0.36	0.18	0.16
PAJE	NDNT-PAJE	2020-07-07 20:30:00.0	51.14675	19.00064	287.448	250.106	2,335.7	1	0.21	1.28	0.15	0.15
PAJE	NDNT-PAJE	2020-07-07 21:00:00.0	51.14675	19.00064	287.445	250.103	2,334.6	1.2	0.18	-0.21	0.15	0.16
PAJE	NDNT-PAJE	2020-07-07 21:30:00.0	51.14675	19.00064	287.445	250.103	2,340.8	1.3	-0.09	-0.72	0.2	0.19
PAJE	NDNT-PAJE	2020-07-07 22:00:00.0	51.14675	19.00064	287.444	250.102	2,346.9	1.1	0.12	-0.93	0.16	0.16
PAJE	NDNT-PAJE	2020-07-07 22:30:00.0	51.14675	19.00064	287.444	250.102	2,344.4	1.2	0.09	-1.25	0.23	0.17
PAJE	NDNT-PAJE	2020-07-07 23:00:00.0	51.14675	19.00064	287.445	250.103	2,346.4	1	-0.3	-0.65	0.19	0.14
PAJE	NDNT-PAJE	2020-07-07 23:30:00.0	51.14675	19.00064	287.445	250.103	2,349.6	1.1	-0.56	-1.24	0.19	0.16
PES1	MUSE-PES1	2020-07-07 19:00:00.0	50.2915	18.99467	362.271	321.098	2,361.9	2.1	0.92	0.89	0.39	0.35
PES1	MUSE-PES1	2020-07-07 19:30:00.0	50.2915	18.99467	362.271	321.098	2,361	2.5	0.95	0.48	0.47	0.43
PES1	MUSE-PES1	2020-07-07 20:00:00.0	50.2915	18.99467	362.297	321.124	2,352.9	2.5	-1.09	-0.93	0.52	0.4
PES1	MUSE-PES1	2020-07-07 20:30:00.0	50.2915	18.99467	362.297	321.124	2,356.7	2.9	-1.04	-0.89	0.58	0.46
PES1	MUSE-PES1	2020-07-07 21:00:00.0	50.2915	18.99467	362.321	321.148	2,339	2.9	0.22	-1.51	0.57	0.48
PES1	MUSE-PES1	2020-07-07 21:30:00.0	50.2915	18.99467	362.321	321.148	2,335.2	3	0.74	-1.71	0.59	0.51
PES1	MUSE-PES1	2020-07-07 22:00:00.0	50.2915	18.99467	362.351	321.178	2,327	3.9	-1.4	-2.74	0.88	0.56
PES1	MUSE-PES1	2020-07-07 22:30:00.0	50.2915	18.99467	362.351	321.178	2,325.5	3.9	-1.49	-2.95	0.91	0.59
PES1	MUSE-PES1	2020-07-07 23:00:00.0	50.2915	18.99467	362.287	321.114	2,362.9	3.1	1.7	-2.18	0.59	0.42
PES1	MUSE-PES1	2020-07-07 23:30:00.0	50.2915	18.99467	362.287	321.114	2,363.4	3.3	1.51	-2.91	0.64	0.46
PITR	12287M001	2020-07-07 19:00:00.0	51.40167	19.69094	254.77	219.743	2,341.5	0.9	-0.39	0.04	0.11	0.11
PITR	12287M001	2020-07-07 19:30:00.0	51.40167	19.69094	254.77	219.743	2,341.7	0.9	-0.32	-0.3	0.14	0.11
PITR	12287M001	2020-07-07 20:00:00.0	51.40167	19.69094	254.768	219.741	2,342.5	1	-0.48	-0.22	0.14	0.13
PITR	12287M001	2020-07-07 20:30:00.0	51.40167	19.69094	254.768	219.741	2,345.8	1	-0.09	-0.52	0.13	0.14
PITR	12287M001	2020-07-07 21:00:00.0	51.40167	19.69094	254.767	219.74	2,343.4	1.1	-0.36	-0.18	0.14	0.15
PITR	12287M001	2020-07-07 21:30:00.0	51.40167	19.69094	254.767	219.74	2,343.7	1.1	-0.07	-0.87	0.19	0.18
PITR	12287M001	2020-07-07 22:00:00.0	51.40167	19.69094	254.764	219.737	2,347	1.1	-0.67	-0.43	0.17	0.13
PITR	12287M001	2020-07-07 22:30:00.0	51.40167	19.69094	254.764	219.737	2,349	1.2	-0.3	-0.36	0.18	0.16
PITR	12287M001	2020-07-07 23:00:00.0	51.40167	19.69094	254.764	219.737	2,353.5	0.9	-0.71	-0.74	0.17	0.12
PITR	12287M001	2020-07-07 23:30:00.0	51.40167	19.69094	254.764	219.737	2,352	1.1	-0.93	-0.66	0.2	0.15
POLV	12336M001	2020-07-07 19:00:00.0	49.60261	34.54294	178.396	160.129	2,450.5	1.4	-0.58	-5.68	0.15	0.18
POLV	12336M001	2020-07-07 19:30:00.0	49.60261	34.54294	178.396	160.129	2,438.7	1.6	-0.31	-4.93	0.2	0.26
POLV	12336M001	2020-07-07 20:00:00.0	49.60261	34.54294	178.416	160.149	2,435.6	1.5	-1.12	-1.87	0.21	0.24
POLV	12336M001	2020-07-07 20:30:00.0	49.60261	34.54294	178.416	160.149	2,454.4	1.6	-2.81	0.82	0.22	0.26
POLV	12336M001	2020-07-07 21:00:00.0	49.60261	34.54294	178.42	160.153	2,458.9	1.4	-1.88	-0.61	0.16	0.22
POLV	12336M001	2020-07-07 21:30:00.0	49.60261	34.54294	178.42	160.153	2,440.8	1.5	1.05	2.28	0.22	0.23
POLV	12336M001	2020-07-07 22:00:00.0	49.60261	34.54294	178.44	160.173	2,407.6	1.3	0.31	0.69	0.19	0.15
POLV	12336M001	2020-07-07 22:30:00.0	49.60261	34.54294	178.44	160.173	2,421.7	1.3	-0.43	0.22	0.18	0.17
POLV	12336M001	2020-07-07 23:00:00.0	49.60261	34.54294	178.448	160.181	2,442.9	1.5	0.1	0.39	0.21	0.21
POLV	12336M001	2020-07-07 23:30:00.0	49.60261	34.54294	178.448	160.181	2,443.7	1.6	0.28	-0.59	0.22	0.22
POZN	12206M001	2020-07-07 19:00:00.0	52.43006	16.93494	171.559	136.756	2,374.4	0.9	-0.52	-0.57	0.11	0.12
POZN	12206M001	2020-07-07 19:30:00.0	52.43006	16.93494	171.559	136.756	2,372.3	0.9	-0.83	-0.04	0.13	0.12
POZN	12206M001	2020-07-07 20:00:00.0	52.43006	16.93494	171.553	136.75	2,371.3	1	-0.85	-0.11	0.14	0.13
POZN	12206M001	2020-07-07 20:30:00.0	52.43006	16.93494	171.553	136.75	2,372.2	1	-0.84	-0.08	0.13	0.15
POZN	12206M001	2020-07-07 21:00:00.0	52.43006	16.93494	171.553	136.75	2,373.8	1	-0.99	-0.7	0.12	0.14
POZN	12206M001	2020-07-07 21:30:00.0	52.43006	16.93494	171.553	136.75	2,376.8	1.1	-0.91	-0.93	0.17	0.16
POZN	12206M001	2020-07-07 22:00:00.0	52.43006	16.93494	171.553	136.75	2,383.7	0.9	-1.37	-0.72	0.15	0.11
POZN	12206M001	2020-07-07 22:30:00.0	52.43006	16.93494	171.553	136.75	2,384.7	1	-1.16	-0.84	0.17	0.14
POZN	12206M001	2020-07-07 23:00:00.0	52.43006	16.93494	171.554	136.751	2,392.7	1	-1.2	-0.65	0.16	0.12
POZN	12206M001	2020-07-07 23:30:00.0	52.43006	16.93494	171.554	136.751	2,394	1.2	-0.54	-1.34	0.2	0.17
PPIL	12286M001	2020-07-07 19:00:00.0	53.15697	16.73828	121.743	88.197	2,390.3	0.9	-0.83	-0.09	0.11	0.12
PPIL	12286M001	2020-07-07 19:30:00.0	53.15697	16.73828	121.743	88.197	2,389.2	0.9	-0.8	0.03	0.13	0.11
PPIL	12286M001	2020-07-07 20:00:00.0	53.15697	16.73828	121.741	88.195	2,389.1	1	-0.52	0.04	0.13	0.12
PPIL	12286M001	2020-07-07 20:30:00.0	53.15697	16.73828	121.741	88.195	2,388.2	1	-0.61	0.05	0.14	0.14
PPIL	12286M001	2020-07-07 21:00:00.0	53.15697	16.73828	121.746	88.2	2,383.4	0.9	-0.43	-0.4	0.11	0.11
PPIL	12286M001	2020-07-07 21:30:00.0	53.15697	16.73828	121.746	88.2	2,386.6	0.9	-0.49	-0.64	0.12	0.12
PPIL	12286M001	2020-07-07 22:00:00.0	53.15697	16.73828	121.742	88.196	2,393.7	0.8	-0.85	-0.83	0.11	0.09
PPIL	12286M001	2020-07-07 22:30:00.0	53.15697	16.73828	121.742	88.196	2,393.5	0.8	-0.47	-0.73	0.1	0.11
PPIL	12286M001	2020-07-07 23:00:00.0	53.15697	16.73828	121.742	88.196	2,402.6	0.9	-0.65	-0.92	0.16	0.11
PPIL	12286M001	2020-07-07 23:30:00.0	53.15697	16.73828	121.742	88.196	2,412.1	1.2	-0.73	-1.14	0.2	0.16
PROS	12233M001	2020-07-07 19:00:00.0	50.19175	20.2885	279.918	241.118	2,345.1	0.9	-0.5	0.04	0.12	0.12
PROS	12233M001	2020-07-07 19:30:00.0	50.19175	20.2885	279.918	241.118	2,343.3	1	-0.99	-0.43	0.15	0.12
PROS	12233M001	2020-07-07 20:00:00.0	50.19175	20.2885	279.923	241.123	2,339.3	1.1	-0.92	-0.79	0.17	0.15
PROS	12233M001	2020-07-07 20:30:00.0	50.19175	20.2885	279.923	241.123	2,341.4	1.1	-0.73	-0.91	0.15	0.16
PROS	12233M001	2020-07-07 21:00:00.0	50.19175	20.2885	279.93	241.13	2,344.2	1.1	-0.56	-0.79	0.13	0.15
PROS	12233M001	2020-07-07 21:30:00.0	50.19175	20.2885	279.93	241.13	2,342.4	1.2	-1.22	-0.52	0.19	0.18
PROS	12233M001	2020-07-07 22:00:00.0	50.19175	20.2885	279.918	241.118	2,345	0.9	-1.39	-0.39	0.13	0.1
PROS	12233M001	2020-07-07 22:30:00.0	50.19175	20.2885	279.918	241.118	2,346.5	0.9	-1.34	-0.27	0.13	0.11
PROS	12233M001	2020-07-07 23:00:00.0	50.19175	20.2885	279.916	241.116	2,348.1	0.9	-0.38	-0.7	0.15	0.11
PROS	12233M001	2020-07-07 23:30:00.0	50.19175	20.2885	279.916	241.116	2,350	1.1	-0.67	-0.75	0.15	0.15
RACI	NDNT-RACI	2020-07-07 19:00:00.0	50.07761	18.21494	242.636	200.434	2,365.5	1.2	-0.38	-0.95	0.16	0.16
RACI	NDNT-RACI	2020-07-07 19:30:00.0	50.07761	18.21494	242.636	200.434	2,368.1	1.3	-0.62	-0.67	0.22	0.16
RACI	NDNT-RACI	2020-07-07 20:00:00.0	50.07761	18.21494	242.637	200.435	2,366.6	1.3	-1.3	-0.45	0.19	0.16
RACI	NDNT-RACI	2020-07-07 20:30:00.0	50.07761	18.21494	242.637	200.435	2,363.7	1.4	-1.61	-0.71	0.21	0.2
RACI	NDNT-RACI	2020-07-07 21:00:00.0	50.07761	18.21494	242.631	200.429	2,369.7	1.3	-0.58	-0.85	0.17	0.17
RACI	NDNT-RACI	2020-07-07 21:30:00.0	50.07761	18.21494	242.631	200.429	2,373.2	1.4	-0.46	-0.67	0.22	0.19
RACI	NDNT-RACI	2020-07-07 22:00:00.0	50.07761	18.21494	242.647	200.445	2,375.3	1.2	-0.52	-0.34	0.15	0.13
RACI	NDNT-RACI	2020-07-07 22:30:00.0	50.07761	18.21494	242.647	200.445	2,373.3	1.3	-0.81	-0.21	0.18	0.16
RACI	NDNT-RACI	2020-07-07 23:00:00.0	50.07761	18.21494	242.651	200.449	2,374	1.1	-0.28	-1.32	0.16	0.13
RACI	NDNT-RACI	2020-07-07 23:30:00.0	50.07761	18.21494	242.651	200.449	2,385	1.3	-0.57	-1.77	0.19	0.17
REDZ	12227M001	2020-07-07 19:00:00.0	54.47239	17.11753	108.277	76.791	2,388.3	1.4	-1.02	-0.49	0.22	0.19
REDZ	12227M001	2020-07-07 19:30:00.0	54.47239	17.11753	108.277	76.791	2,393.6	1.1	-1.05	-0.65	0.17	0.14
REDZ	12227M001	2020-07-07 20:00:00.0	54.47239	17.11753	108.27	76.784	2,398.6	1.3	0.01	-0.34	0.19	0.17
REDZ	12227M001	2020-07-07 20:30:00.0	54.47239	17.11753	108.27	76.784	2,401.8	1.6	0.25	-0.89	0.25	0.22
REDZ	12227M001	2020-07-07 21:00:00.0	54.47239	17.11753	108.276	76.79	2,404.8	1.2	-0.12	-0.69	0.18	0.2
REDZ	12227M001	2020-07-07 21:30:00.0	54.47239	17.11753	108.276	76.79	2,413.9	1.2	-0.34	0.3	0.22	0.2
REDZ	12227M001	2020-07-07 22:00:00.0	54.47239	17.11753	108.283	76.797	2,413.1	1	-0.18	0.37	0.2	0.12
REDZ	12227M001	2020-07-07 22:30:00.0	54.47239	17.11753	108.283	76.797	2,418	1.1	-0.55	-0.23	0.18	0.14
REDZ	12227M001	2020-07-07 23:00:00.0	54.47239	17.11753	108.278	76.792	2,425.2	1	-0.38	-0.62	0.18	0.12
REDZ	12227M001	2020-07-07 23:30:00.0	54.47239	17.11753	108.278	76.792	2,420.1	1.2	-1.25	-0.05	0.23	0.17
RES1	MUSE-RES1	2020-07-07 19:00:00.0	50.06244	18.46686	350.385	308.295	2,330.2	1.1	-0.73	-0.62	0.15	0.15
RES1	MUSE-RES1	2020-07-07 19:30:00.0	50.06244	18.46686	350.385	308.295	2,335.6	1.1	-0.63	-0.61	0.17	0.14
RES1	MUSE-RES1	2020-07-07 20:00:00.0	50.06244	18.46686	350.387	308.297	2,336.7	1.4	-0.6	-0.38	0.21	0.18
RES1	MUSE-RES1	2020-07-07 20:30:00.0	50.06244	18.46686	350.387	308.297	2,331.5	1.4	-0.29	0	0.21	0.2
RES1	MUSE-RES1	2020-07-07 21:00:00.0	50.06244	18.46686	350.389	308.299	2,331.2	1.4	-0.95	0.2	0.18	0.21
RES1	MUSE-RES1	2020-07-07 21:30:00.0	50.06244	18.46686	350.389	308.299	2,336.9	1.7	-0.35	-0.44	0.25	0.29
RES1	MUSE-RES1	2020-07-07 22:00:00.0	50.06244	18.46686	350.392	308.302	2,337.9	1.4	-0.84	-0.17	0.17	0.18
RES1	MUSE-RES1	2020-07-07 22:30:00.0	50.06244	18.46686	350.392	308.302	2,335.4	1.4	-0.98	0.43	0.21	0.17
RES1	MUSE-RES1	2020-07-07 23:00:00.0	50.06244	18.46686	350.392	308.302	2,338	1.3	-0.44	-0.54	0.23	0.18
RES1	MUSE-RES1	2020-07-07 23:30:00.0	50.06244	18.46686	350.392	308.302	2,340.4	1.6	-0.21	-0.56	0.25	0.23
RIGA	12302M002	2020-07-07 19:00:00.0	56.94861	24.05878	34.814	14.207	2,418.5	1.1	-0.11	0.73	0.18	0.15
RIGA	12302M002	2020-07-07 19:30:00.0	56.94861	24.05878	34.814	14.207	2,419.6	1.4	-0.09	0.42	0.18	0.22
RIGA	12302M002	2020-07-07 20:00:00.0	56.94861	24.05878	34.816	14.209	2,408.4	1.1	0	1.2	0.18	0.17
RIGA	12302M002	2020-07-07 20:30:00.0	56.94861	24.05878	34.816	14.209	2,410.4	1.1	-0.59	0.34	0.19	0.18
RIGA	12302M002	2020-07-07 21:00:00.0	56.94861	24.05878	34.812	14.205	2,400.7	1.1	-0.61	0.7	0.16	0.16
RIGA	12302M002	2020-07-07 21:30:00.0	56.94861	24.05878	34.812	14.205	2,396.5	1.2	-0.54	0.74	0.2	0.18
RIGA	12302M002	2020-07-07 22:00:00.0	56.94861	24.05878	34.808	14.201	2,388.8	1	-0.33	0.76	0.2	0.12
RIGA	12302M002	2020-07-07 22:30:00.0	56.94861	24.05878	34.808	14.201	2,385.8	1.2	-0.17	1.51	0.2	0.16
RIGA	12302M002	2020-07-07 23:00:00.0	56.94861	24.05878	34.802	14.195	2,386.6	1.6	0.12	1.73	0.24	0.28
RWM1	12281M002	2020-07-07 19:00:00.0	51.76431	20.25047	187.957	154.612	2,359.4	0.9	-0.83	-0.62	0.11	0.11
RWM1	12281M002	2020-07-07 19:30:00.0	51.76431	20.25047	187.957	154.612	2,358.1	0.9	-0.77	-0.13	0.13	0.11
RWM1	12281M002	2020-07-07 20:00:00.0	51.76431	20.25047	187.96	154.615	2,357.8	0.9	-0.95	-0.59	0.12	0.11
RWM1	12281M002	2020-07-07 20:30:00.0	51.76431	20.25047	187.96	154.615	2,359.6	0.8	-0.88	-0.06	0.1	0.11
RWM1	12281M002	2020-07-07 21:00:00.0	51.76431	20.25047	187.958	154.613	2,362.4	1	-1	-0.61	0.13	0.14
RWM1	12281M002	2020-07-07 21:30:00.0	51.76431	20.25047	187.958	154.613	2,358.4	1.1	-1.07	-0.62	0.18	0.17
RWM1	12281M002	2020-07-07 22:00:00.0	51.76431	20.25047	187.963	154.618	2,359.8	1.1	-1.08	-0.4	0.14	0.12
RWM1	12281M002	2020-07-07 22:30:00.0	51.76431	20.25047	187.963	154.618	2,360.8	1.1	-1.15	-0.58	0.14	0.14
RWM1	12281M002	2020-07-07 23:00:00.0	51.76431	20.25047	187.964	154.619	2,366.4	0.9	-0.44	-0.6	0.15	0.12
RWM1	12281M002	2020-07-07 23:30:00.0	51.76431	20.25047	187.964	154.619	2,363.1	1	-0.24	0.29	0.17	0.15
RYKI	12282M001	2020-07-07 19:00:00.0	51.62447	21.92722	204.078	171.945	2,361.7	1	-1.57	0.3	0.16	0.13
RYKI	12282M001	2020-07-07 19:30:00.0	51.62447	21.92722	204.078	171.945	2,362.7	1.1	-0.94	0.09	0.19	0.14
RYKI	12282M001	2020-07-07 20:00:00.0	51.62447	21.92722	204.093	171.96	2,359.2	1.4	-1.81	-1.08	0.23	0.19
RYKI	12282M001	2020-07-07 20:30:00.0	51.62447	21.92722	204.093	171.96	2,359.9	1.6	-1.29	-0.83	0.24	0.23
RYKI	12282M001	2020-07-07 21:00:00.0	51.62447	21.92722	204.086	171.953	2,357.1	1.2	-1.05	-0.42	0.2	0.18
RYKI	12282M001	2020-07-07 21:30:00.0	51.62447	21.92722	204.086	171.953	2,357.4	1.4	-1.51	-1.56	0.26	0.2
RYKI	12282M001	2020-07-07 22:00:00.0	51.62447	21.92722	204.091	171.958	2,360.4	1.3	-1.45	-1.35	0.26	0.18
RYKI	12282M001	2020-07-07 22:30:00.0	51.62447	21.92722	204.091	171.958	2,354.5	1.6	-1.44	-1.37	0.32	0.23
RYKI	12282M001	2020-07-07 23:00:00.0	51.62447	21.92722	204.088	171.955	2,360.4	1.5	-2.05	-1.29	0.31	0.23
RYKI	12282M001	2020-07-07 23:30:00.0	51.62447	21.92722	204.088	171.955	2,355.3	1.8	-1.64	-0.67	0.36	0.28
RYMA	NDNT-RYMA	2020-07-07 19:00:00.0	49.57553	21.86561	399.441	362.763	2,318.2	0.9	-0.13	1.12	0.1	0.11
RYMA	NDNT-RYMA	2020-07-07 19:30:00.0	49.57553	21.86561	399.441	362.763	2,313.4	1.1	-0.61	0.97	0.13	0.12
RYMA	NDNT-RYMA	2020-07-07 20:00:00.0	49.57553	21.86561	399.439	362.761	2,308	1.3	-0.01	0.94	0.17	0.17
RYMA	NDNT-RYMA	2020-07-07 20:30:00.0	49.57553	21.86561	399.439	362.761	2,307.7	1.3	0.44	0.82	0.18	0.2
RYMA	NDNT-RYMA	2020-07-07 21:00:00.0	49.57553	21.86561	399.438	362.76	2,305	1.2	0.34	0.25	0.15	0.16
RYMA	NDNT-RYMA	2020-07-07 21:30:00.0	49.57553	21.86561	399.438	362.76	2,311	1.3	0.02	0.43	0.2	0.19
RYMA	NDNT-RYMA	2020-07-07 22:00:00.0	49.57553	21.86561	399.445	362.767	2,306.9	0.9	0.4	0.01	0.12	0.1
RYMA	NDNT-RYMA	2020-07-07 22:30:00.0	49.57553	21.86561	399.445	362.767	2,308.2	1	0.18	-0.04	0.12	0.1
RYMA	NDNT-RYMA	2020-07-07 23:00:00.0	49.57553	21.86561	399.434	362.756	2,310.2	1	-0.32	0.14	0.14	0.12
RYMA	NDNT-RYMA	2020-07-07 23:30:00.0	49.57553	21.86561	399.434	362.756	2,312.5	1.1	-0.38	-0.12	0.14	0.14
SIDZ	12288M001	2020-07-07 19:00:00.0	51.573	18.71758	190.017	154.406	2,365.7	0.9	-0.72	0.17	0.14	0.13
SIDZ	12288M001	2020-07-07 19:30:00.0	51.573	18.71758	190.017	154.406	2,364.9	0.9	-0.53	-0.22	0.15	0.12
SIDZ	12288M001	2020-07-07 20:00:00.0	51.573	18.71758	190.019	154.408	2,368.6	1	-0.3	-0.18	0.15	0.13
SIDZ	12288M001	2020-07-07 20:30:00.0	51.573	18.71758	190.019	154.408	2,369	1	-0.86	-0.69	0.14	0.15
SIDZ	12288M001	2020-07-07 21:00:00.0	51.573	18.71758	190.021	154.41	2,369.9	1.2	-0.74	-0.37	0.16	0.18
SIDZ	12288M001	2020-07-07 21:30:00.0	51.573	18.71758	190.021	154.41	2,370.4	1.3	-0.27	0.11	0.21	0.22
SIDZ	12288M001	2020-07-07 22:00:00.0	51.573	18.71758	190.022	154.411	2,370.7	1.1	-0.63	-0.38	0.14	0.14
SIDZ	12288M001	2020-07-07 22:30:00.0	51.573	18.71758	190.022	154.411	2,371.9	1.1	-0.84	0.11	0.15	0.15
SIDZ	12288M001	2020-07-07 23:00:00.0	51.573	18.71758	190.031	154.42	2,373.3	1.1	-0.32	-0.58	0.21	0.15
SIDZ	12288M001	2020-07-07 23:30:00.0	51.573	18.71758	190.031	154.42	2,372.9	1.2	0.32	-0.66	0.22	0.19
SIED	12289M001	2020-07-07 19:00:00.0	52.15744	22.29422	201.983	172.463	2,355.5	0.9	-1.2	0.74	0.14	0.11
SIED	12289M001	2020-07-07 19:30:00.0	52.15744	22.29422	201.983	172.463	2,352	1	-0.57	0.12	0.13	0.13
SIED	12289M001	2020-07-07 20:00:00.0	52.15744	22.29422	201.985	172.465	2,354.9	1.4	0.07	-0.36	0.21	0.18
SIED	12289M001	2020-07-07 20:30:00.0	52.15744	22.29422	201.985	172.465	2,357.3	1.4	0.05	-0.89	0.21	0.22
SIED	12289M001	2020-07-07 21:00:00.0	52.15744	22.29422	201.977	172.457	2,356.4	1.1	-0.52	0.29	0.15	0.15
SIED	12289M001	2020-07-07 21:30:00.0	52.15744	22.29422	201.977	172.457	2,362	1.2	-0.42	-0.67	0.2	0.18
SIED	12289M001	2020-07-07 22:00:00.0	52.15744	22.29422	201.979	172.459	2,358.7	1.2	0	-0.2	0.2	0.14
SIED	12289M001	2020-07-07 22:30:00.0	52.15744	22.29422	201.979	172.459	2,360.8	1.4	0.03	0.3	0.22	0.18
SIED	12289M001	2020-07-07 23:00:00.0	52.15744	22.29422	201.984	172.464	2,360.5	1	0.18	-1.06	0.16	0.13
SIED	12289M001	2020-07-07 23:30:00.0	52.15744	22.29422	201.984	172.464	2,363.9	1.1	0.17	-1.55	0.18	0.15
SIPC	12290M001	2020-07-07 19:00:00.0	52.85697	19.66269	163.151	132.545	2,374.1	1.2	-0.06	-0.59	0.17	0.17
SIPC	12290M001	2020-07-07 19:30:00.0	52.85697	19.66269	163.151	132.545	2,376.1	1.5	0.06	-0.34	0.19	0.2
SIPC	12290M001	2020-07-07 20:00:00.0	52.85697	19.66269	163.152	132.546	2,371.7	1.2	0.23	0.34	0.17	0.17
SIPC	12290M001	2020-07-07 20:30:00.0	52.85697	19.66269	163.152	132.546	2,371.6	1.2	-0.47	-0.29	0.17	0.17
SIPC	12290M001	2020-07-07 21:00:00.0	52.85697	19.66269	163.156	132.55	2,369.8	1	-0.63	-0.49	0.14	0.15
SIPC	12290M001	2020-07-07 21:30:00.0	52.85697	19.66269	163.156	132.55	2,364.5	1.1	-0.78	-0.25	0.18	0.18
SIPC	12290M001	2020-07-07 22:00:00.0	52.85697	19.66269	163.156	132.55	2,367.4	1	-1.02	-0.13	0.18	0.12
SIPC	12290M001	2020-07-07 22:30:00.0	52.85697	19.66269	163.156	132.55	2,372.6	1.1	-1.08	-0.71	0.15	0.17
SIPC	12290M001	2020-07-07 23:00:00.0	52.85697	19.66269	163.155	132.549	2,374.4	1.1	-1.06	-0.75	0.18	0.15
SIPC	12290M001	2020-07-07 23:30:00.0	52.85697	19.66269	163.155	132.549	2,375.5	1.2	-0.86	0.01	0.2	0.17
SMID	10114M001	2020-07-07 19:00:00.0	55.64064	9.55931	122.819	82.563	2,384.9	1.7	-1.56	-0.13	0.22	0.21
SMID	10114M001	2020-07-07 19:30:00.0	55.64064	9.55931	122.819	82.563	2,385.3	1.4	-1.14	0.07	0.17	0.18
SMID	10114M001	2020-07-07 20:00:00.0	55.64064	9.55931	122.822	82.566	2,387.5	1.4	-0.74	0.22	0.19	0.16
SMID	10114M001	2020-07-07 20:30:00.0	55.64064	9.55931	122.822	82.566	2,383.2	1.5	-1.11	0.1	0.2	0.2
SMID	10114M001	2020-07-07 21:00:00.0	55.64064	9.55931	122.826	82.57	2,379.3	1.5	-1.23	0.22	0.21	0.21
SMID	10114M001	2020-07-07 21:30:00.0	55.64064	9.55931	122.826	82.57	2,373.7	1.5	-1.66	0.12	0.22	0.2
SMID	10114M001	2020-07-07 22:00:00.0	55.64064	9.55931	122.822	82.566	2,377.3	1.3	-1.02	-0.45	0.18	0.14
SMID	10114M001	2020-07-07 22:30:00.0	55.64064	9.55931	122.822	82.566	2,378	1.4	-0.62	-0.43	0.17	0.18
SMID	10114M001	2020-07-07 23:00:00.0	55.64064	9.55931	122.819	82.563	2,379.6	1.4	0.05	-0.42	0.2	0.17
SMID	10114M001	2020-07-07 23:30:00.0	55.64064	9.55931	122.819	82.563	2,376.6	1.9	-0.33	-0.68	0.27	0.23
SMLA	15503M001	2020-07-07 19:00:00.0	49.20164	31.86631	183.078	159.586	2,467.9	1.1	-0.45	1.39	0.13	0.12
SMLA	15503M001	2020-07-07 19:30:00.0	49.20164	31.86631	183.078	159.586	2,471.6	1.3	-0.34	3.39	0.16	0.21
SMLA	15503M001	2020-07-07 20:00:00.0	49.20164	31.86631	183.077	159.585	2,469.2	1.4	-0.79	2.14	0.19	0.22
SMLA	15503M001	2020-07-07 20:30:00.0	49.20164	31.86631	183.077	159.585	2,485.3	1.5	-2.3	0.83	0.22	0.24
SMLA	15503M001	2020-07-07 21:00:00.0	49.20164	31.86631	183.072	159.58	2,492.5	1.2	-1.05	0.68	0.14	0.19
SMLA	15503M001	2020-07-07 21:30:00.0	49.20164	31.86631	183.072	159.58	2,489.2	1.3	0.14	0.53	0.19	0.2
SMLA	15503M001	2020-07-07 22:00:00.0	49.20164	31.86631	183.078	159.586	2,491.7	1.1	-1.06	-0.33	0.15	0.12
SMLA	15503M001	2020-07-07 22:30:00.0	49.20164	31.86631	183.078	159.586	2,496.4	1.2	-1.22	0.17	0.15	0.14
SMLA	15503M001	2020-07-07 23:00:00.0	49.20164	31.86631	183.067	159.575	2,490.7	1.1	-0.87	0.14	0.16	0.15
SMLA	15503M001	2020-07-07 23:30:00.0	49.20164	31.86631	183.067	159.575	2,494.5	1.2	-1.7	-1.51	0.16	0.16
SOKL	12292M001	2020-07-07 19:00:00.0	53.40856	23.49575	222.225	194.354	2,353.6	1.1	-0.52	0.89	0.16	0.14
SOKL	12292M001	2020-07-07 19:30:00.0	53.40856	23.49575	222.225	194.354	2,354.6	1.2	-0.32	1.33	0.19	0.19
SOKL	12292M001	2020-07-07 20:00:00.0	53.40856	23.49575	222.229	194.358	2,356.6	1.3	-0.26	0.8	0.21	0.2
SOKL	12292M001	2020-07-07 20:30:00.0	53.40856	23.49575	222.229	194.358	2,349.5	1.3	-0.78	-0.15	0.2	0.21
SOKL	12292M001	2020-07-07 21:00:00.0	53.40856	23.49575	222.236	194.365	2,341.8	1.1	-0.45	-1.45	0.17	0.17
SOKL	12292M001	2020-07-07 21:30:00.0	53.40856	23.49575	222.236	194.365	2,337.3	1.2	-0.95	-1.57	0.23	0.19
SOKL	12292M001	2020-07-07 22:00:00.0	53.40856	23.49575	222.23	194.359	2,341	1	-1.37	-1.08	0.22	0.13
SOKL	12292M001	2020-07-07 22:30:00.0	53.40856	23.49575	222.23	194.359	2,341.3	1.1	-0.89	-1.34	0.21	0.18
SOKL	12292M001	2020-07-07 23:00:00.0	53.40856	23.49575	222.226	194.355	2,342.3	1.2	-0.98	-1.54	0.21	0.18
SOKL	12292M001	2020-07-07 23:30:00.0	53.40856	23.49575	222.226	194.355	2,344.5	1.2	-1.06	-1.94	0.22	0.2
STA3	NDNT-STAS	2020-07-07 19:00:00.0	50.56283	21.18192	257.517	221.166	2,346.5	0.8	-0.42	0.58	0.1	0.1
STA3	NDNT-STAS	2020-07-07 19:30:00.0	50.56283	21.18192	257.517	221.166	2,347.2	0.9	-0.91	0.38	0.12	0.1
STA3	NDNT-STAS	2020-07-07 20:00:00.0	50.56283	21.18192	257.512	221.161	2,343.7	1	-0.16	1.03	0.14	0.13
STA3	NDNT-STAS	2020-07-07 20:30:00.0	50.56283	21.18192	257.512	221.161	2,344.7	1	0.04	1.05	0.13	0.14
STA3	NDNT-STAS	2020-07-07 21:00:00.0	50.56283	21.18192	257.506	221.155	2,341.8	1.1	-0.13	-0.22	0.13	0.15
STA3	NDNT-STAS	2020-07-07 21:30:00.0	50.56283	21.18192	257.506	221.155	2,349	1.2	-0.26	-0.02	0.19	0.17
STA3	NDNT-STAS	2020-07-07 22:00:00.0	50.56283	21.18192	257.512	221.161	2,349.3	0.9	0.35	-0.38	0.12	0.09
STA3	NDNT-STAS	2020-07-07 22:30:00.0	50.56283	21.18192	257.512	221.161	2,350	0.9	-0.04	-0.5	0.12	0.1
STA3	NDNT-STAS	2020-07-07 23:00:00.0	50.56283	21.18192	257.505	221.154	2,356.4	0.8	-0.17	0.02	0.11	0.09
STA3	NDNT-STAS	2020-07-07 23:30:00.0	50.56283	21.18192	257.505	221.154	2,358.2	0.9	0.32	-0.22	0.13	0.12
STAL	NDNT-STAL	2020-07-07 19:00:00.0	50.56822	22.04811	210.539	175.489	2,364.6	0.9	0.36	0.61	0.09	0.09
STAL	NDNT-STAL	2020-07-07 19:30:00.0	50.56822	22.04811	210.539	175.489	2,363.7	0.9	0.4	0.25	0.12	0.1
STAL	NDNT-STAL	2020-07-07 20:00:00.0	50.56822	22.04811	210.53	175.48	2,352.4	1	-1.91	0.03	0.13	0.12
STAL	NDNT-STAL	2020-07-07 20:30:00.0	50.56822	22.04811	210.53	175.48	2,356.7	0.9	-0.42	-0.35	0.11	0.12
STAL	NDNT-STAL	2020-07-07 21:00:00.0	50.56822	22.04811	210.518	175.468	2,358.5	1.1	0.23	-0.94	0.14	0.15
STAL	NDNT-STAL	2020-07-07 21:30:00.0	50.56822	22.04811	210.518	175.468	2,344.9	1.2	-0.63	-0.54	0.19	0.18
STAL	NDNT-STAL	2020-07-07 22:00:00.0	50.56822	22.04811	210.522	175.472	2,365.2	0.8	0.33	-0.4	0.1	0.08
STAL	NDNT-STAL	2020-07-07 22:30:00.0	50.56822	22.04811	210.522	175.472	2,362.7	0.8	-0.05	-0.28	0.1	0.08
STAL	NDNT-STAL	2020-07-07 23:00:00.0	50.56822	22.04811	210.521	175.471	2,363.9	1	-0.02	-0.04	0.15	0.12
STAL	NDNT-STAL	2020-07-07 23:30:00.0	50.56822	22.04811	210.521	175.471	2,365.6	1.1	-0.44	-0.07	0.16	0.15
STRG	18994M001	2020-07-07 19:00:00.0	53.96631	18.53	136.271	106.863	2,391.5	1	-0.32	-0.07	0.13	0.14
STRG	18994M001	2020-07-07 19:30:00.0	53.96631	18.53	136.271	106.863	2,387.9	1.1	-0.08	0.1	0.14	0.15
STRG	18994M001	2020-07-07 20:00:00.0	53.96631	18.53	136.272	106.864	2,381.5	1	-0.83	0.35	0.14	0.14
STRG	18994M001	2020-07-07 20:30:00.0	53.96631	18.53	136.272	106.864	2,376.8	1.1	-0.53	0.57	0.15	0.15
STRG	18994M001	2020-07-07 21:00:00.0	53.96631	18.53	136.275	106.867	2,374.1	1	-1.24	0.29	0.14	0.14
STRG	18994M001	2020-07-07 21:30:00.0	53.96631	18.53	136.275	106.867	2,375.4	1.1	-1.16	0.41	0.15	0.15
STRG	18994M001	2020-07-07 22:00:00.0	53.96631	18.53	136.271	106.863	2,379.2	0.8	-0.85	0.16	0.13	0.09
STRG	18994M001	2020-07-07 22:30:00.0	53.96631	18.53	136.271	106.863	2,377.3	0.8	-0.84	0.06	0.09	0.1
STRG	18994M001	2020-07-07 23:00:00.0	53.96631	18.53	136.268	106.86	2,381.9	0.9	-0.25	-0.15	0.15	0.11
STRG	18994M001	2020-07-07 23:30:00.0	53.96631	18.53	136.268	106.86	2,382.5	1	0.33	-0.13	0.18	0.15
STRW	NDNT-STRW	2020-07-07 19:00:00.0	49.86972	21.78831	286.87	251.119	2,342.1	1	-0.32	1.29	0.1	0.11
STRW	NDNT-STRW	2020-07-07 19:30:00.0	49.86972	21.78831	286.87	251.119	2,340.7	1.1	-0.27	0.49	0.14	0.12
STRW	NDNT-STRW	2020-07-07 20:00:00.0	49.86972	21.78831	286.869	251.118	2,338.8	1.4	-0.1	0.46	0.18	0.17
STRW	NDNT-STRW	2020-07-07 20:30:00.0	49.86972	21.78831	286.869	251.118	2,338.8	1.4	-0.53	1.56	0.19	0.21
STRW	NDNT-STRW	2020-07-07 21:00:00.0	49.86972	21.78831	286.867	251.116	2,337.5	1.2	0.62	-0.06	0.15	0.16
STRW	NDNT-STRW	2020-07-07 21:30:00.0	49.86972	21.78831	286.867	251.116	2,343.8	1.3	-0.08	-0.03	0.21	0.19
STRW	NDNT-STRW	2020-07-07 22:00:00.0	49.86972	21.78831	286.866	251.115	2,341.6	1.2	-0.34	0.17	0.17	0.15
STRW	NDNT-STRW	2020-07-07 22:30:00.0	49.86972	21.78831	286.866	251.115	2,345.8	1.5	-0.44	-0.56	0.19	0.19
STRW	NDNT-STRW	2020-07-07 23:00:00.0	49.86972	21.78831	286.849	251.098	2,349	1.1	-1.79	-1.35	0.15	0.14
STRW	NDNT-STRW	2020-07-07 23:30:00.0	49.86972	21.78831	286.849	251.098	2,341.8	1.1	-1.11	-1.17	0.16	0.16
SULD	10113M001	2020-07-07 19:00:00.0	56.84175	9.74217	120.74	81.961	2,345.9	1.2	-1.14	-0.3	0.15	0.15
SULD	10113M001	2020-07-07 19:30:00.0	56.84175	9.74217	120.74	81.961	2,347.9	1.3	-1.21	-0.29	0.17	0.14
SULD	10113M001	2020-07-07 20:00:00.0	56.84175	9.74217	120.739	81.96	2,346.7	1.4	-0.42	-0.13	0.19	0.15
SULD	10113M001	2020-07-07 20:30:00.0	56.84175	9.74217	120.739	81.96	2,349.8	1.5	-0.49	-0.08	0.19	0.18
SULD	10113M001	2020-07-07 21:00:00.0	56.84175	9.74217	120.744	81.965	2,347.2	1.3	-0.87	-0.35	0.19	0.17
SULD	10113M001	2020-07-07 21:30:00.0	56.84175	9.74217	120.744	81.965	2,346.6	1.3	-1.68	-0.84	0.21	0.16
SULD	10113M001	2020-07-07 22:00:00.0	56.84175	9.74217	120.731	81.952	2,352.1	1.3	-1.23	-1.01	0.18	0.14
SULD	10113M001	2020-07-07 22:30:00.0	56.84175	9.74217	120.731	81.952	2,350.3	1.4	-1.75	-0.9	0.19	0.17
SULD	10113M001	2020-07-07 23:00:00.0	56.84175	9.74217	120.724	81.945	2,355.1	1.4	-0.88	-1.19	0.2	0.16
SULD	10113M001	2020-07-07 23:30:00.0	56.84175	9.74217	120.724	81.945	2,354.9	1.8	-1.04	-1.38	0.27	0.21
SWIB	12293M001	2020-07-07 19:00:00.0	52.24792	15.53631	132.006	93.697	2,388.6	1	-0.56	-0.8	0.13	0.13
SWIB	12293M001	2020-07-07 19:30:00.0	52.24792	15.53631	132.006	93.697	2,391.3	1	-0.64	-0.66	0.15	0.14
SWIB	12293M001	2020-07-07 20:00:00.0	52.24792	15.53631	132.003	93.694	2,391.9	1.2	-0.79	-0.47	0.2	0.18
SWIB	12293M001	2020-07-07 20:30:00.0	52.24792	15.53631	132.003	93.694	2,393.8	1.5	-0.78	-0.35	0.23	0.26
SWIB	12293M001	2020-07-07 21:00:00.0	52.24792	15.53631	132.014	93.705	2,394.9	1.4	-1.03	-0.64	0.2	0.22
SWIB	12293M001	2020-07-07 21:30:00.0	52.24792	15.53631	132.014	93.705	2,402.2	1.3	-0.75	-1.02	0.22	0.21
SWIB	12293M001	2020-07-07 22:00:00.0	52.24792	15.53631	132.006	93.697	2,411.5	1	-1.38	-1.11	0.18	0.12
SWIB	12293M001	2020-07-07 22:30:00.0	52.24792	15.53631	132.006	93.697	2,417.5	1.2	-1.09	-0.61	0.18	0.15
SWIB	12293M001	2020-07-07 23:00:00.0	52.24792	15.53631	132.003	93.694	2,432.9	1.1	-0.54	-1.05	0.19	0.14
SWIB	12293M001	2020-07-07 23:30:00.0	52.24792	15.53631	132.003	93.694	2,440.1	1.4	-0.8	-0.69	0.25	0.19
SWKI	12228M001	2020-07-07 19:00:00.0	54.09861	22.92822	215.919	188.524	2,353.6	1.3	0.15	0.06	0.19	0.19
SWKI	12228M001	2020-07-07 19:30:00.0	54.09861	22.92822	215.919	188.524	2,355.2	1.1	0.08	-0.11	0.14	0.15
SWKI	12228M001	2020-07-07 20:00:00.0	54.09861	22.92822	215.916	188.521	2,352.4	1.1	-0.15	0.78	0.15	0.17
SWKI	12228M001	2020-07-07 20:30:00.0	54.09861	22.92822	215.916	188.521	2,349.7	1.1	-0.71	0.33	0.16	0.17
SWKI	12228M001	2020-07-07 21:00:00.0	54.09861	22.92822	215.921	188.526	2,347.2	1.1	-0.05	0.32	0.14	0.15
SWKI	12228M001	2020-07-07 21:30:00.0	54.09861	22.92822	215.921	188.526	2,344.1	1.1	-0.29	-0.27	0.16	0.18
SWKI	12228M001	2020-07-07 22:00:00.0	54.09861	22.92822	215.914	188.519	2,346.6	0.9	0.18	0.13	0.15	0.11
SWKI	12228M001	2020-07-07 22:30:00.0	54.09861	22.92822	215.914	188.519	2,345	0.9	0.11	0.28	0.12	0.11
SWKI	12228M001	2020-07-07 23:00:00.0	54.09861	22.92822	215.914	188.519	2,350.3	0.9	-0.23	-0.28	0.14	0.12
SWKI	12228M001	2020-07-07 23:30:00.0	54.09861	22.92822	215.914	188.519	2,345.4	1	0.62	-0.06	0.17	0.16
SZE2	12294M001	2020-07-07 19:00:00.0	53.70019	16.70139	193.748	160.998	2,365.2	1	-0.55	-0.1	0.15	0.13
SZE2	12294M001	2020-07-07 19:30:00.0	53.70019	16.70139	193.748	160.998	2,367.3	0.9	-0.7	-0.5	0.13	0.12
SZE2	12294M001	2020-07-07 20:00:00.0	53.70019	16.70139	193.748	160.998	2,367.8	1	-0.56	-0.68	0.13	0.12
SZE2	12294M001	2020-07-07 20:30:00.0	53.70019	16.70139	193.748	160.998	2,370.3	1	-0.07	-0.43	0.13	0.14
SZE2	12294M001	2020-07-07 21:00:00.0	53.70019	16.70139	193.751	161.001	2,369.5	1.1	-0.34	-0.62	0.14	0.14
SZE2	12294M001	2020-07-07 21:30:00.0	53.70019	16.70139	193.751	161.001	2,369.4	1.1	-0.17	-0.66	0.15	0.15
SZE2	12294M001	2020-07-07 22:00:00.0	53.70019	16.70139	193.748	160.998	2,376.9	0.9	-0.6	-1.01	0.16	0.11
SZE2	12294M001	2020-07-07 22:30:00.0	53.70019	16.70139	193.748	160.998	2,380.2	0.9	-0.44	-0.67	0.14	0.14
SZE2	12294M001	2020-07-07 23:00:00.0	53.70019	16.70139	193.745	160.995	2,387.3	1	-0.29	-0.73	0.17	0.12
SZE2	12294M001	2020-07-07 23:30:00.0	53.70019	16.70139	193.745	160.995	2,397.7	1.2	-0.16	-1.03	0.23	0.17
TABG	12295M001	2020-07-07 19:00:00.0	50.57097	21.67119	214.736	179.199	2,358.6	1	-0.65	0.21	0.13	0.12
TABG	12295M001	2020-07-07 19:30:00.0	50.57097	21.67119	214.736	179.199	2,354.5	1.1	-0.28	-0.04	0.19	0.12
TABG	12295M001	2020-07-07 20:00:00.0	50.57097	21.67119	214.735	179.198	2,359.1	1.1	-0.2	-0.43	0.16	0.14
TABG	12295M001	2020-07-07 20:30:00.0	50.57097	21.67119	214.735	179.198	2,358.4	1.1	-0.55	0.1	0.14	0.15
TABG	12295M001	2020-07-07 21:00:00.0	50.57097	21.67119	214.732	179.195	2,358.1	1.1	-0.87	0.25	0.14	0.15
TABG	12295M001	2020-07-07 21:30:00.0	50.57097	21.67119	214.732	179.195	2,355.4	1.2	-0.78	0.01	0.19	0.19
TABG	12295M001	2020-07-07 22:00:00.0	50.57097	21.67119	214.734	179.197	2,359.3	0.9	-0.72	0.09	0.14	0.11
TABG	12295M001	2020-07-07 22:30:00.0	50.57097	21.67119	214.734	179.197	2,358.2	1	-0.14	0.19	0.15	0.15
TABG	12295M001	2020-07-07 23:00:00.0	50.57097	21.67119	214.738	179.201	2,355.7	0.9	-0.03	-0.53	0.15	0.13
TABG	12295M001	2020-07-07 23:30:00.0	50.57097	21.67119	214.738	179.201	2,356	1.1	-0.28	0.13	0.17	0.15
TAR1	12296M002	2020-07-07 19:00:00.0	50.45164	18.85814	352.07	311.359	2,325.2	1	-0.34	0.27	0.13	0.12
TAR1	12296M002	2020-07-07 19:30:00.0	50.45164	18.85814	352.07	311.359	2,325.7	1.1	-0.09	-0.05	0.19	0.13
TAR1	12296M002	2020-07-07 20:00:00.0	50.45164	18.85814	352.069	311.358	2,324.9	1.2	0.2	0.37	0.19	0.15
TAR1	12296M002	2020-07-07 20:30:00.0	50.45164	18.85814	352.069	311.358	2,325.6	1.3	0.28	-0.28	0.18	0.19
TAR1	12296M002	2020-07-07 21:00:00.0	50.45164	18.85814	352.072	311.361	2,321.2	1.4	-0.86	-0.19	0.2	0.17
TAR1	12296M002	2020-07-07 21:30:00.0	50.45164	18.85814	352.072	311.361	2,327.3	1.4	-0.06	-0.04	0.24	0.19
TAR1	12296M002	2020-07-07 22:00:00.0	50.45164	18.85814	352.072	311.361	2,335.3	1.3	0.44	0.19	0.21	0.16
TAR1	12296M002	2020-07-07 22:30:00.0	50.45164	18.85814	352.072	311.361	2,335.2	1.5	0.42	0.1	0.25	0.2
TAR1	12296M002	2020-07-07 23:00:00.0	50.45164	18.85814	352.077	311.366	2,335.9	1.1	0.11	-0.62	0.21	0.14
TAR1	12296M002	2020-07-07 23:30:00.0	50.45164	18.85814	352.077	311.366	2,337.2	1.3	0.49	-0.47	0.25	0.19
TORU	12202M001	2020-07-07 19:00:00.0	53.01839	18.63494	118.386	88.526	2,384.2	0.8	-0.29	0.32	0.09	0.09
TORU	12202M001	2020-07-07 19:30:00.0	53.01839	18.63494	118.386	88.526	2,382	0.8	-0.35	-0.02	0.1	0.1
TORU	12202M001	2020-07-07 20:00:00.0	53.01839	18.63494	118.381	88.521	2,387	0.9	-0.95	-0.77	0.12	0.11
TORU	12202M001	2020-07-07 20:30:00.0	53.01839	18.63494	118.381	88.521	2,384.1	0.9	-0.43	-0.2	0.11	0.11
TORU	12202M001	2020-07-07 21:00:00.0	53.01839	18.63494	118.381	88.521	2,384.9	1	-0.64	0.25	0.13	0.14
TORU	12202M001	2020-07-07 21:30:00.0	53.01839	18.63494	118.381	88.521	2,383.2	1.1	-1.03	-0.62	0.15	0.15
TORU	12202M001	2020-07-07 22:00:00.0	53.01839	18.63494	118.384	88.524	2,386.9	0.9	-0.98	0.12	0.14	0.1
TORU	12202M001	2020-07-07 22:30:00.0	53.01839	18.63494	118.384	88.524	2,385.6	0.9	-0.86	0.2	0.13	0.13
TORU	12202M001	2020-07-07 23:00:00.0	53.01839	18.63494	118.382	88.522	2,390.4	0.8	-0.6	-0.1	0.12	0.09
TORU	12202M001	2020-07-07 23:30:00.0	53.01839	18.63494	118.382	88.522	2,388.7	0.9	-0.93	-0.16	0.15	0.12
TRNW	12230M001	2020-07-07 19:00:00.0	50.01608	20.98414	277.071	239.846	2,339.2	0.9	-0.58	-0.09	0.11	0.11
TRNW	12230M001	2020-07-07 19:30:00.0	50.01608	20.98414	277.071	239.846	2,337.5	1	-0.38	-0.19	0.14	0.11
TRNW	12230M001	2020-07-07 20:00:00.0	50.01608	20.98414	277.069	239.844	2,338.6	1.1	-0.6	0.26	0.15	0.13
TRNW	12230M001	2020-07-07 20:30:00.0	50.01608	20.98414	277.069	239.844	2,339.4	1	-0.72	-0.19	0.14	0.15
TRNW	12230M001	2020-07-07 21:00:00.0	50.01608	20.98414	277.061	239.836	2,340.3	1.1	-0.57	-0.29	0.13	0.15
TRNW	12230M001	2020-07-07 21:30:00.0	50.01608	20.98414	277.061	239.836	2,340.8	1.2	-0.86	-0.01	0.19	0.18
TRNW	12230M001	2020-07-07 22:00:00.0	50.01608	20.98414	277.062	239.837	2,344.9	0.9	-0.83	-0.1	0.13	0.1
TRNW	12230M001	2020-07-07 22:30:00.0	50.01608	20.98414	277.062	239.837	2,344.8	0.9	-0.79	-0.29	0.13	0.11
TRNW	12230M001	2020-07-07 23:00:00.0	50.01608	20.98414	277.069	239.844	2,349.3	0.9	-0.72	-0.91	0.13	0.11
TRNW	12230M001	2020-07-07 23:30:00.0	50.01608	20.98414	277.069	239.844	2,348.5	1	-0.45	-0.54	0.15	0.14
TRZ1	NDNT-TRZE	2020-07-07 19:00:00.0	50.16033	19.46908	373.723	332.794	2,321.8	0.9	-0.27	0.57	0.12	0.11
TRZ1	NDNT-TRZE	2020-07-07 19:30:00.0	50.16033	19.46908	373.723	332.794	2,321.2	1	-0.68	0	0.15	0.12
TRZ1	NDNT-TRZE	2020-07-07 20:00:00.0	50.16033	19.46908	373.724	332.795	2,317.4	1.1	-0.78	-0.32	0.16	0.14
TRZ1	NDNT-TRZE	2020-07-07 20:30:00.0	50.16033	19.46908	373.724	332.795	2,317.2	1.1	-0.77	0.16	0.15	0.16
TRZ1	NDNT-TRZE	2020-07-07 21:00:00.0	50.16033	19.46908	373.727	332.798	2,321.4	1.3	0.1	0.1	0.15	0.16
TRZ1	NDNT-TRZE	2020-07-07 21:30:00.0	50.16033	19.46908	373.727	332.798	2,311.2	1.4	0.22	-0.05	0.21	0.18
TRZ1	NDNT-TRZE	2020-07-07 22:00:00.0	50.16033	19.46908	373.722	332.793	2,324.5	1	-0.14	-0.44	0.13	0.11
TRZ1	NDNT-TRZE	2020-07-07 22:30:00.0	50.16033	19.46908	373.722	332.793	2,326.4	1.1	-0.3	-0.58	0.13	0.13
TRZ1	NDNT-TRZE	2020-07-07 23:00:00.0	50.16033	19.46908	373.72	332.791	2,327.2	1	-0.4	-0.03	0.15	0.11
TRZ1	NDNT-TRZE	2020-07-07 23:30:00.0	50.16033	19.46908	373.72	332.791	2,325.5	1.1	0.16	0.26	0.16	0.15
TUBO	11503M001	2020-07-07 19:00:00.0	49.20589	16.59283	324.584	279.842	2,349.9	0.9	-0.31	0.22	0.11	0.11
TUBO	11503M001	2020-07-07 19:30:00.0	49.20589	16.59283	324.584	279.842	2,350.3	1	-0.87	0.19	0.15	0.12
TUBO	11503M001	2020-07-07 20:00:00.0	49.20589	16.59283	324.584	279.842	2,350.6	1.1	-0.78	-0.16	0.15	0.13
TUBO	11503M001	2020-07-07 20:30:00.0	49.20589	16.59283	324.584	279.842	2,353.8	1.1	-0.26	0.32	0.14	0.15
TUBO	11503M001	2020-07-07 21:00:00.0	49.20589	16.59283	324.582	279.84	2,355	1.4	-0.65	0.23	0.15	0.17
TUBO	11503M001	2020-07-07 21:30:00.0	49.20589	16.59283	324.582	279.84	2,359.9	1.4	-0.7	-0.43	0.21	0.19
TUBO	11503M001	2020-07-07 22:00:00.0	49.20589	16.59283	324.587	279.845	2,358	1.2	-0.86	-0.43	0.15	0.13
TUBO	11503M001	2020-07-07 22:30:00.0	49.20589	16.59283	324.587	279.845	2,359.2	1.3	-0.79	-0.26	0.15	0.16
TUBO	11503M001	2020-07-07 23:00:00.0	49.20589	16.59283	324.587	279.845	2,363.5	1.5	-0.91	-0.73	0.26	0.22
USDL	12229M001	2020-07-07 19:00:00.0	49.43292	22.58578	529.757	494.151	2,280.6	1.3	-0.43	0.38	0.15	0.18
USDL	12229M001	2020-07-07 19:30:00.0	49.43292	22.58578	529.757	494.151	2,278.3	1.4	-0.74	-0.05	0.23	0.16
USDL	12229M001	2020-07-07 20:00:00.0	49.43292	22.58578	529.751	494.145	2,283.4	1.2	-0.33	0.39	0.17	0.15
USDL	12229M001	2020-07-07 20:30:00.0	49.43292	22.58578	529.751	494.145	2,278.4	1.1	-0.03	0.47	0.15	0.16
USDL	12229M001	2020-07-07 21:00:00.0	49.43292	22.58578	529.746	494.14	2,279.5	1.3	-0.72	0.23	0.18	0.17
USDL	12229M001	2020-07-07 21:30:00.0	49.43292	22.58578	529.746	494.14	2,279.1	1.3	-1.15	0.2	0.23	0.19
USDL	12229M001	2020-07-07 22:00:00.0	49.43292	22.58578	529.741	494.135	2,282	1	-0.67	0.26	0.14	0.12
USDL	12229M001	2020-07-07 22:30:00.0	49.43292	22.58578	529.741	494.135	2,274.9	1.3	-0.71	-0.75	0.19	0.14
USDL	12229M001	2020-07-07 23:00:00.0	49.43292	22.58578	529.734	494.128	2,276.7	1.1	-1.49	-0.92	0.22	0.16
USDL	12229M001	2020-07-07 23:30:00.0	49.43292	22.58578	529.734	494.128	2,276.1	1.2	-1.38	-0.73	0.28	0.2
VLNS	10801M001	2020-07-07 19:00:00.0	54.65314	25.29867	240.907	215.94	2,355	0.9	-0.2	1.36	0.11	0.1
VLNS	10801M001	2020-07-07 19:30:00.0	54.65314	25.29867	240.907	215.94	2,354.6	1	-0.33	1.18	0.13	0.11
VLNS	10801M001	2020-07-07 20:00:00.0	54.65314	25.29867	240.908	215.941	2,355.2	1	0.06	1.33	0.12	0.14
VLNS	10801M001	2020-07-07 20:30:00.0	54.65314	25.29867	240.908	215.941	2,352.2	1	0.12	1.24	0.13	0.13
VLNS	10801M001	2020-07-07 21:00:00.0	54.65314	25.29867	240.906	215.939	2,348.5	1	0.07	1.22	0.12	0.14
VLNS	10801M001	2020-07-07 21:30:00.0	54.65314	25.29867	240.906	215.939	2,344.1	1.1	0.18	1.16	0.15	0.16
VLNS	10801M001	2020-07-07 22:00:00.0	54.65314	25.29867	240.905	215.938	2,342.3	0.8	0.03	1.27	0.14	0.09
VLNS	10801M001	2020-07-07 22:30:00.0	54.65314	25.29867	240.905	215.938	2,341.2	0.9	0.11	1.46	0.12	0.1
VLNS	10801M001	2020-07-07 23:00:00.0	54.65314	25.29867	240.898	215.931	2,340.2	0.9	0.73	1.04	0.13	0.12
VLNS	10801M001	2020-07-07 23:30:00.0	54.65314	25.29867	240.898	215.931	2,336.7	0.9	0.88	0.64	0.17	0.14
WADO	NDNT-WADO	2020-07-07 19:00:00.0	49.88408	19.48592	329.971	288.457	2,338.1	1	0.32	-0.7	0.15	0.13
WADO	NDNT-WADO	2020-07-07 19:30:00.0	49.88408	19.48592	329.971	288.457	2,335.3	1.1	0.35	-0.85	0.16	0.15
WADO	NDNT-WADO	2020-07-07 20:00:00.0	49.88408	19.48592	329.972	288.458	2,337.1	1.3	0.28	-0.25	0.2	0.19
WADO	NDNT-WADO	2020-07-07 20:30:00.0	49.88408	19.48592	329.972	288.458	2,336.2	1.3	-0.65	-0.41	0.19	0.23
WADO	NDNT-WADO	2020-07-07 21:00:00.0	49.88408	19.48592	329.982	288.468	2,334.6	1.4	-0.34	-0.74	0.18	0.2
WADO	NDNT-WADO	2020-07-07 21:30:00.0	49.88408	19.48592	329.982	288.468	2,336.8	1.4	-0.35	0.3	0.22	0.21
WADO	NDNT-WADO	2020-07-07 22:00:00.0	49.88408	19.48592	329.99	288.476	2,334.8	1.1	-1	0.25	0.17	0.13
WADO	NDNT-WADO	2020-07-07 22:30:00.0	49.88408	19.48592	329.99	288.476	2,332.2	1.4	-1.16	0.6	0.27	0.17
WADO	NDNT-WADO	2020-07-07 23:00:00.0	49.88408	19.48592	329.996	288.482	2,334.4	1.2	-0.25	-0.97	0.23	0.16
WADO	NDNT-WADO	2020-07-07 23:30:00.0	49.88408	19.48592	329.996	288.482	2,335.9	1.3	-0.35	-0.59	0.22	0.19
WARN	14277M002	2020-07-07 19:00:00.0	54.16978	12.10142	50.807	12.668	2,437.6	1.1	-1.27	-0.05	0.14	0.15
WARN	14277M002	2020-07-07 19:30:00.0	54.16978	12.10142	50.807	12.668	2,438.2	1.2	-1.79	0.16	0.15	0.15
WARN	14277M002	2020-07-07 20:00:00.0	54.16978	12.10142	50.805	12.666	2,439.3	1.2	-1.81	0.37	0.17	0.14
WARN	14277M002	2020-07-07 20:30:00.0	54.16978	12.10142	50.805	12.666	2,433	1.3	-0.53	0.55	0.18	0.18
WARN	14277M002	2020-07-07 21:00:00.0	54.16978	12.10142	50.812	12.673	2,426.6	1.2	-0.6	0.5	0.16	0.16
WARN	14277M002	2020-07-07 21:30:00.0	54.16978	12.10142	50.812	12.673	2,426.6	1.1	-0.63	-0.02	0.17	0.15
WARN	14277M002	2020-07-07 22:00:00.0	54.16978	12.10142	50.8	12.661	2,431.1	1.2	-0.13	0.65	0.17	0.13
WARN	14277M002	2020-07-07 22:30:00.0	54.16978	12.10142	50.8	12.661	2,430.8	1.3	0.48	0.06	0.16	0.16
WARN	14277M002	2020-07-07 23:00:00.0	54.16978	12.10142	50.798	12.659	2,431.3	1.1	-0.33	0.82	0.15	0.12
WARN	14277M002	2020-07-07 23:30:00.0	54.16978	12.10142	50.798	12.659	2,424.5	1.3	1.02	0.78	0.2	0.16
WAT1	12297M001	2020-07-07 19:00:00.0	52.25383	20.90383	151.656	120.309	2,376.1	1	-1.02	-0.06	0.16	0.14
WAT1	12297M001	2020-07-07 19:30:00.0	52.25383	20.90383	151.656	120.309	2,376.2	1.2	-0.98	-0.32	0.14	0.2
WAT1	12297M001	2020-07-07 20:00:00.0	52.25383	20.90383	151.658	120.311	2,376.5	1.3	-0.31	-0.12	0.19	0.18
WAT1	12297M001	2020-07-07 20:30:00.0	52.25383	20.90383	151.658	120.311	2,376.6	1.3	-0.28	-0.42	0.18	0.19
WAT1	12297M001	2020-07-07 21:00:00.0	52.25383	20.90383	151.658	120.311	2,381.8	1.1	-0.69	-0.51	0.15	0.15
WAT1	12297M001	2020-07-07 21:30:00.0	52.25383	20.90383	151.658	120.311	2,379.2	1.2	-0.3	0.2	0.21	0.18
WAT1	12297M001	2020-07-07 22:00:00.0	52.25383	20.90383	151.659	120.312	2,382.2	1.1	-0.7	-0.49	0.16	0.13
WAT1	12297M001	2020-07-07 22:30:00.0	52.25383	20.90383	151.659	120.312	2,381.2	1.3	-1.29	0.39	0.2	0.18
WAT1	12297M001	2020-07-07 23:00:00.0	52.25383	20.90383	151.656	120.309	2,383.7	1.1	-0.17	-0.26	0.2	0.14
WAT1	12297M001	2020-07-07 23:30:00.0	52.25383	20.90383	151.656	120.309	2,381.2	1.2	0.49	-0.43	0.19	0.18
WIEL	18968M001	2020-07-07 19:00:00.0	51.21936	18.57175	233.926	196.053	2,352.9	0.9	-1.59	0.07	0.14	0.13
WIEL	18968M001	2020-07-07 19:30:00.0	51.21936	18.57175	233.926	196.053	2,356.1	1	-1.75	0.22	0.16	0.15
WIEL	18968M001	2020-07-07 20:00:00.0	51.21936	18.57175	233.925	196.052	2,355.9	1.1	-1.57	-0.33	0.17	0.16
WIEL	18968M001	2020-07-07 20:30:00.0	51.21936	18.57175	233.925	196.052	2,353.3	1.1	-1.18	-0.12	0.16	0.16
WIEL	18968M001	2020-07-07 21:00:00.0	51.21936	18.57175	233.92	196.047	2,355.5	1.3	-0.95	-0.37	0.17	0.17
WIEL	18968M001	2020-07-07 21:30:00.0	51.21936	18.57175	233.92	196.047	2,355	1.3	-0.85	-0.93	0.22	0.18
WIEL	18968M001	2020-07-07 22:00:00.0	51.21936	18.57175	233.924	196.051	2,361.6	1.2	-0.81	-0.18	0.22	0.15
WIEL	18968M001	2020-07-07 22:30:00.0	51.21936	18.57175	233.924	196.051	2,359.8	1.4	-1.06	0.52	0.27	0.21
WIEL	18968M001	2020-07-07 23:00:00.0	51.21936	18.57175	233.935	196.062	2,364.3	1	0.03	-0.75	0.2	0.12
WIEL	18968M001	2020-07-07 23:30:00.0	51.21936	18.57175	233.935	196.062	2,365.9	1.2	0.3	-0.15	0.24	0.17
WLAD	12222M001	2020-07-07 19:00:00.0	54.79675	18.41875	34.762	5.882	2,397.8	1.1	-0.48	-0.48	0.17	0.15
WLAD	12222M001	2020-07-07 19:30:00.0	54.79675	18.41875	34.762	5.882	2,399.7	1.1	-0.22	0.03	0.15	0.16
WLAD	12222M001	2020-07-07 20:00:00.0	54.79675	18.41875	34.759	5.879	2,400.9	1.1	-0.26	0.1	0.18	0.16
WLAD	12222M001	2020-07-07 20:30:00.0	54.79675	18.41875	34.759	5.879	2,403.4	1.2	-0.42	0.06	0.2	0.19
WLAD	12222M001	2020-07-07 21:00:00.0	54.79675	18.41875	34.76	5.88	2,403.1	1.1	0.27	-1	0.16	0.17
WLAD	12222M001	2020-07-07 21:30:00.0	54.79675	18.41875	34.76	5.88	2,404.6	1.1	0.88	-1.69	0.17	0.17
WLAD	12222M001	2020-07-07 22:00:00.0	54.79675	18.41875	34.76	5.88	2,414.5	1	1.04	-1.32	0.17	0.14
WLAD	12222M001	2020-07-07 22:30:00.0	54.79675	18.41875	34.76	5.88	2,418.7	1.1	0.62	-1.05	0.15	0.17
WLAD	12222M001	2020-07-07 23:00:00.0	54.79675	18.41875	34.755	5.875	2,428.6	0.9	0.97	-0.87	0.15	0.12
WLAD	12222M001	2020-07-07 23:30:00.0	54.79675	18.41875	34.755	5.875	2,432.8	1.1	0.87	-0.06	0.19	0.16
WLDW	12299M001	2020-07-07 19:00:00.0	51.54528	23.55719	210.958	182.303	2,348.1	1	-0.46	0.2	0.11	0.1
WLDW	12299M001	2020-07-07 19:30:00.0	51.54528	23.55719	210.958	182.303	2,347.9	1.2	-0.51	-0.39	0.2	0.11
WLDW	12299M001	2020-07-07 20:00:00.0	51.54528	23.55719	210.95	182.295	2,351.8	1.2	-0.02	-0.08	0.16	0.14
WLDW	12299M001	2020-07-07 20:30:00.0	51.54528	23.55719	210.95	182.295	2,348.9	1.2	-0.4	-0.78	0.15	0.15
WLDW	12299M001	2020-07-07 21:00:00.0	51.54528	23.55719	210.947	182.292	2,348.3	1.3	-1.52	0.03	0.18	0.16
WLDW	12299M001	2020-07-07 21:30:00.0	51.54528	23.55719	210.947	182.292	2,347.5	1.3	-1.42	-0.11	0.24	0.19
WLDW	12299M001	2020-07-07 22:00:00.0	51.54528	23.55719	210.949	182.294	2,354	1	-0.82	-0.42	0.15	0.11
WLDW	12299M001	2020-07-07 22:30:00.0	51.54528	23.55719	210.949	182.294	2,351.6	1.2	-1.1	0.3	0.21	0.11
WLDW	12299M001	2020-07-07 23:00:00.0	51.54528	23.55719	210.947	182.292	2,350.9	1.1	-0.19	-0.33	0.21	0.16
WLDW	12299M001	2020-07-07 23:30:00.0	51.54528	23.55719	210.947	182.292	2,350.6	1.2	-0.13	0.03	0.28	0.19
WLOC	18999M001	2020-07-07 19:00:00.0	52.65872	19.06694	107.565	76.673	2,384.7	0.9	-0.3	-0.01	0.11	0.1
WLOC	18999M001	2020-07-07 19:30:00.0	52.65872	19.06694	107.565	76.673	2,385.1	0.9	-0.33	0.05	0.12	0.12
WLOC	18999M001	2020-07-07 20:00:00.0	52.65872	19.06694	107.563	76.671	2,384.2	1	-0.56	-0.18	0.15	0.13
WLOC	18999M001	2020-07-07 20:30:00.0	52.65872	19.06694	107.563	76.671	2,385.4	1	-0.31	-0.19	0.14	0.14
WLOC	18999M001	2020-07-07 21:00:00.0	52.65872	19.06694	107.563	76.671	2,385.5	0.9	-0.51	-0.4	0.1	0.11
WLOC	18999M001	2020-07-07 21:30:00.0	52.65872	19.06694	107.563	76.671	2,384.4	0.9	-0.38	-0.74	0.14	0.13
WLOC	18999M001	2020-07-07 22:00:00.0	52.65872	19.06694	107.561	76.669	2,390.6	0.9	-0.58	-0.52	0.14	0.1
WLOC	18999M001	2020-07-07 22:30:00.0	52.65872	19.06694	107.561	76.669	2,392.9	0.9	-0.6	-0.07	0.13	0.13
WLOC	18999M001	2020-07-07 23:00:00.0	52.65872	19.06694	107.563	76.671	2,394.2	0.9	-0.02	0.15	0.14	0.11
WLOC	18999M001	2020-07-07 23:30:00.0	52.65872	19.06694	107.563	76.671	2,390.8	1	0.2	0.19	0.16	0.15
WLOS	NDNT-WLOS	2020-07-07 19:00:00.0	50.84944	19.97483	294.425	257.074	2,337.4	0.8	-0.31	-0.53	0.09	0.09
WLOS	NDNT-WLOS	2020-07-07 19:30:00.0	50.84944	19.97483	294.425	257.074	2,341	0.8	-0.11	-0.25	0.11	0.09
WLOS	NDNT-WLOS	2020-07-07 20:00:00.0	50.84944	19.97483	294.424	257.073	2,349	1	0.12	0.53	0.14	0.13
WLOS	NDNT-WLOS	2020-07-07 20:30:00.0	50.84944	19.97483	294.424	257.073	2,335.8	1	-0.08	1.75	0.13	0.14
WLOS	NDNT-WLOS	2020-07-07 21:00:00.0	50.84944	19.97483	294.417	257.066	2,334.5	1	-0.1	0.53	0.11	0.12
WLOS	NDNT-WLOS	2020-07-07 21:30:00.0	50.84944	19.97483	294.417	257.066	2,339.8	1	-0.46	-0.35	0.16	0.14
WLOS	NDNT-WLOS	2020-07-07 22:00:00.0	50.84944	19.97483	294.428	257.077	2,340.8	0.8	-0.48	-0.27	0.1	0.08
WLOS	NDNT-WLOS	2020-07-07 22:30:00.0	50.84944	19.97483	294.428	257.077	2,343.1	0.8	-0.17	-1.55	0.09	0.09
WLOS	NDNT-WLOS	2020-07-07 23:00:00.0	50.84944	19.97483	294.423	257.072	2,339.8	0.7	-0.03	-0.79	0.11	0.09
WLOS	NDNT-WLOS	2020-07-07 23:30:00.0	50.84944	19.97483	294.423	257.072	2,348.5	0.8	-0.74	-0.64	0.12	0.11
WOD1	18998M001	2020-07-07 19:00:00.0	50.00017	18.45844	298.991	256.74	2,347	0.9	-0.89	-0.48	0.12	0.11
WOD1	18998M001	2020-07-07 19:30:00.0	50.00017	18.45844	298.991	256.74	2,348.8	1	-1.26	-0.47	0.15	0.12
WOD1	18998M001	2020-07-07 20:00:00.0	50.00017	18.45844	298.989	256.738	2,352.8	1.3	-1.02	0.01	0.18	0.16
WOD1	18998M001	2020-07-07 20:30:00.0	50.00017	18.45844	298.989	256.738	2,350.1	1.3	-1.35	-0.56	0.18	0.19
WOD1	18998M001	2020-07-07 21:00:00.0	50.00017	18.45844	298.991	256.74	2,350.5	1.3	-1.28	0.04	0.15	0.17
WOD1	18998M001	2020-07-07 21:30:00.0	50.00017	18.45844	298.991	256.74	2,348.9	1.4	-1.62	0.4	0.22	0.19
WOD1	18998M001	2020-07-07 22:00:00.0	50.00017	18.45844	298.995	256.744	2,354	1.2	-1.21	-0.11	0.15	0.13
WOD1	18998M001	2020-07-07 22:30:00.0	50.00017	18.45844	298.995	256.744	2,356.3	1.3	-0.74	0.06	0.19	0.14
WOD1	18998M001	2020-07-07 23:00:00.0	50.00017	18.45844	298.999	256.748	2,357.5	1.1	-0.53	-0.81	0.16	0.13
WOD1	18998M001	2020-07-07 23:30:00.0	50.00017	18.45844	298.999	256.748	2,358	1.3	0.12	-0.37	0.19	0.16
WRKI	18997M001	2020-07-07 19:00:00.0	52.70556	16.37108	95.287	60.777	2,395.1	0.9	-0.7	-0.47	0.13	0.13
WRKI	18997M001	2020-07-07 19:30:00.0	52.70556	16.37108	95.287	60.777	2,390.2	1.1	-0.8	0.09	0.18	0.12
WRKI	18997M001	2020-07-07 20:00:00.0	52.70556	16.37108	95.282	60.772	2,392.2	1	-0.64	-0.1	0.14	0.13
WRKI	18997M001	2020-07-07 20:30:00.0	52.70556	16.37108	95.282	60.772	2,393	1	-0.71	-0.21	0.14	0.15
WRKI	18997M001	2020-07-07 21:00:00.0	52.70556	16.37108	95.275	60.765	2,395.9	1.1	-0.52	-0.15	0.15	0.15
WRKI	18997M001	2020-07-07 21:30:00.0	52.70556	16.37108	95.275	60.765	2,398.7	1.1	-0.54	-0.79	0.17	0.15
WRKI	18997M001	2020-07-07 22:00:00.0	52.70556	16.37108	95.275	60.765	2,405.8	0.9	-1.31	-0.51	0.15	0.11
WRKI	18997M001	2020-07-07 22:30:00.0	52.70556	16.37108	95.275	60.765	2,409.4	1.2	-1.74	-1.13	0.22	0.15
WRKI	18997M001	2020-07-07 23:00:00.0	52.70556	16.37108	95.275	60.765	2,425	1	-0.46	-1.59	0.19	0.12
WRKI	18997M001	2020-07-07 23:30:00.0	52.70556	16.37108	95.275	60.765	2,437.5	1.2	-0.73	-0.98	0.26	0.18
WROC	12217M001	2020-07-07 19:00:00.0	51.11325	17.06206	180.812	140.536	2,373.3	0.9	-0.58	-0.45	0.11	0.11
WROC	12217M001	2020-07-07 19:30:00.0	51.11325	17.06206	180.812	140.536	2,377.4	1	-0.68	-1.07	0.15	0.12
WROC	12217M001	2020-07-07 20:00:00.0	51.11325	17.06206	180.817	140.541	2,380.7	1.1	-1.14	-0.56	0.15	0.13
WROC	12217M001	2020-07-07 20:30:00.0	51.11325	17.06206	180.817	140.541	2,381.1	1.1	-1.32	-0.31	0.14	0.15
WROC	12217M001	2020-07-07 21:00:00.0	51.11325	17.06206	180.814	140.538	2,380.8	1.2	-0.77	-0.24	0.14	0.16
WROC	12217M001	2020-07-07 21:30:00.0	51.11325	17.06206	180.814	140.538	2,382.8	1.4	-0.82	-0.18	0.2	0.22
WROC	12217M001	2020-07-07 22:00:00.0	51.11325	17.06206	180.818	140.542	2,386	1.3	-0.98	0.02	0.16	0.18
WROC	12217M001	2020-07-07 22:30:00.0	51.11325	17.06206	180.818	140.542	2,386.6	1.2	-1.01	0.14	0.16	0.18
WROC	12217M001	2020-07-07 23:00:00.0	51.11325	17.06206	180.819	140.543	2,395	1.5	-0.78	-0.35	0.28	0.21
WROE	MUSE-WROE	2020-07-07 19:00:00.0	51.11325	17.06206	180.729	140.453	2,371.3	1	-0.72	-0.37	0.13	0.13
WROE	MUSE-WROE	2020-07-07 19:30:00.0	51.11325	17.06206	180.729	140.453	2,374.1	1	-0.52	-0.88	0.15	0.12
WROE	MUSE-WROE	2020-07-07 20:00:00.0	51.11325	17.06206	180.732	140.456	2,378.5	1.1	-1.16	-0.76	0.15	0.13
WROE	MUSE-WROE	2020-07-07 20:30:00.0	51.11325	17.06206	180.732	140.456	2,379.5	1.2	-1.18	-0.3	0.17	0.16
WROE	MUSE-WROE	2020-07-07 21:00:00.0	51.11325	17.06206	180.727	140.451	2,379.5	1.2	-0.8	-0.23	0.15	0.17
WROE	MUSE-WROE	2020-07-07 21:30:00.0	51.11325	17.06206	180.727	140.451	2,381.8	1.4	-0.76	-0.01	0.2	0.22
WROE	MUSE-WROE	2020-07-07 22:00:00.0	51.11325	17.06206	180.727	140.451	2,384	1.3	-0.85	-0.38	0.17	0.18
WROE	MUSE-WROE	2020-07-07 22:30:00.0	51.11325	17.06206	180.727	140.451	2,386	1.3	-0.99	-0.21	0.17	0.19
WROE	MUSE-WROE	2020-07-07 23:00:00.0	51.11325	17.06206	180.727	140.451	2,394.1	1	-0.65	-0.59	0.17	0.12
WROE	MUSE-WROE	2020-07-07 23:30:00.0	51.11325	17.06206	180.727	140.451	2,396.7	1.2	-0.41	-0.45	0.19	0.18
ZAWA	NDNT-ZAWA	2020-07-07 19:00:00.0	50.60956	18.48086	264.423	224.009	2,351.8	1	-0.35	-0.03	0.12	0.13
ZAWA	NDNT-ZAWA	2020-07-07 19:30:00.0	50.60956	18.48086	264.423	224.009	2,350.1	1.1	-0.62	-0.14	0.21	0.12
ZAWA	NDNT-ZAWA	2020-07-07 20:00:00.0	50.60956	18.48086	264.426	224.012	2,350.5	1.2	-0.03	-0.08	0.17	0.14
ZAWA	NDNT-ZAWA	2020-07-07 20:30:00.0	50.60956	18.48086	264.426	224.012	2,350.1	1.2	-0.26	-0.14	0.19	0.17
ZAWA	NDNT-ZAWA	2020-07-07 21:00:00.0	50.60956	18.48086	264.425	224.011	2,350.6	1.3	0.36	-0.17	0.2	0.17
ZAWA	NDNT-ZAWA	2020-07-07 21:30:00.0	50.60956	18.48086	264.425	224.011	2,353.4	1.3	0.56	-0.16	0.23	0.18
ZAWA	NDNT-ZAWA	2020-07-07 22:00:00.0	50.60956	18.48086	264.43	224.016	2,360.2	1.1	0.22	-0.38	0.14	0.11
ZAWA	NDNT-ZAWA	2020-07-07 22:30:00.0	50.60956	18.48086	264.43	224.016	2,361.5	1.3	0.36	-0.08	0.2	0.13
ZAWA	NDNT-ZAWA	2020-07-07 23:00:00.0	50.60956	18.48086	264.435	224.021	2,364.5	1	-0.15	-0.84	0.18	0.13
ZAWA	NDNT-ZAWA	2020-07-07 23:30:00.0	50.60956	18.48086	264.435	224.021	2,365.2	1.2	-0.74	-1.35	0.25	0.17
ZAWI	NDNT-ZAWI	2020-07-07 19:00:00.0	50.49467	19.41042	382.924	343.182	2,317.3	0.8	-0.01	-0.2	0.08	0.08
ZAWI	NDNT-ZAWI	2020-07-07 19:30:00.0	50.49467	19.41042	382.924	343.182	2,314.8	0.8	-0.26	-0.25	0.1	0.08
ZAWI	NDNT-ZAWI	2020-07-07 20:00:00.0	50.49467	19.41042	382.924	343.182	2,314.8	0.9	-0.47	-0.26	0.12	0.11
ZAWI	NDNT-ZAWI	2020-07-07 20:30:00.0	50.49467	19.41042	382.924	343.182	2,312.7	0.9	-0.6	-0.08	0.11	0.12
ZAWI	NDNT-ZAWI	2020-07-07 21:00:00.0	50.49467	19.41042	382.924	343.182	2,315.3	1.1	-0.39	-0.08	0.12	0.13
ZAWI	NDNT-ZAWI	2020-07-07 21:30:00.0	50.49467	19.41042	382.924	343.182	2,311.5	1.1	-0.85	-0.45	0.17	0.15
ZAWI	NDNT-ZAWI	2020-07-07 22:00:00.0	50.49467	19.41042	382.925	343.183	2,319.9	1	-0.63	-0.49	0.11	0.1
ZAWI	NDNT-ZAWI	2020-07-07 22:30:00.0	50.49467	19.41042	382.925	343.183	2,318.7	1	-0.53	-0.86	0.12	0.11
ZAWI	NDNT-ZAWI	2020-07-07 23:00:00.0	50.49467	19.41042	382.926	343.184	2,318.7	0.7	0.1	-0.59	0.1	0.07
ZAWI	NDNT-ZAWI	2020-07-07 23:30:00.0	50.49467	19.41042	382.926	343.184	2,322.7	0.8	-0.59	-1.36	0.11	0.1
ZIGR	18995M001	2020-07-07 19:00:00.0	51.94031	15.51431	225.629	186.012	2,366.3	1	-0.81	-0.34	0.13	0.13
ZIGR	18995M001	2020-07-07 19:30:00.0	51.94031	15.51431	225.629	186.012	2,365.8	1	-1.02	-0.8	0.14	0.14
ZIGR	18995M001	2020-07-07 20:00:00.0	51.94031	15.51431	225.629	186.012	2,375.5	1.1	-0.05	-0.16	0.17	0.15
ZIGR	18995M001	2020-07-07 20:30:00.0	51.94031	15.51431	225.629	186.012	2,371.3	1.2	-0.6	-0.11	0.16	0.17
ZIGR	18995M001	2020-07-07 21:00:00.0	51.94031	15.51431	225.64	186.023	2,369.1	1.2	-0.76	0.24	0.17	0.17
ZIGR	18995M001	2020-07-07 21:30:00.0	51.94031	15.51431	225.64	186.023	2,372.5	1.2	-1.17	-0.55	0.2	0.18
ZIGR	18995M001	2020-07-07 22:00:00.0	51.94031	15.51431	225.639	186.022	2,385.4	1	-0.96	-0.96	0.16	0.11
ZIGR	18995M001	2020-07-07 22:30:00.0	51.94031	15.51431	225.639	186.022	2,387.8	1	-1.01	-0.42	0.13	0.15
ZIGR	18995M001	2020-07-07 23:00:00.0	51.94031	15.51431	225.639	186.022	2,395.4	1.1	-0.57	-1.3	0.18	0.14
ZIGR	18995M001	2020-07-07 23:30:00.0	51.94031	15.51431	225.639	186.022	2,406.5	1.3	-0.74	-1.59	0.22	0.19
ZIM2	14001M008	2020-07-07 19:00:00.0	46.87708	7.46503	956.469	907.632	2,166.2	1.2	-1.45	0.89	0.12	0.17
ZIM2	14001M008	2020-07-07 19:30:00.0	46.87708	7.46503	956.469	907.632	2,170.3	1.5	-1.57	0.72	0.23	0.19
ZIM2	14001M008	2020-07-07 20:00:00.0	46.87708	7.46503	956.465	907.628	2,171	1.5	-0.92	0.48	0.22	0.19
ZIM2	14001M008	2020-07-07 20:30:00.0	46.87708	7.46503	956.465	907.628	2,168.4	1.5	-0.75	0.95	0.19	0.21
ZIM2	14001M008	2020-07-07 21:00:00.0	46.87708	7.46503	956.474	907.637	2,170.3	1.4	-2.84	1.35	0.25	0.19
ZIM2	14001M008	2020-07-07 21:30:00.0	46.87708	7.46503	956.474	907.637	2,172.6	1.5	-1.6	1.13	0.25	0.2
ZIM2	14001M008	2020-07-07 22:00:00.0	46.87708	7.46503	956.465	907.628	2,179.5	1.4	-0.58	0.72	0.21	0.16
ZIM2	14001M008	2020-07-07 22:30:00.0	46.87708	7.46503	956.465	907.628	2,177.2	1.5	-0.28	0.42	0.25	0.23
ZIM2	14001M008	2020-07-07 23:00:00.0	46.87708	7.46503	956.467	907.63	2,178.7	1.3	-0.68	-0.11	0.21	0.2
ZIM2	14001M008	2020-07-07 23:30:00.0	46.87708	7.46503	956.467	907.63	2,177.4	1.6	-0.73	-0.54	0.3	0.21
ZYWE	NDNT-ZYWE	2020-07-07 19:00:00.0	49.68817	19.19736	405.803	363.693	2,323.5	1	-0.76	-0.34	0.12	0.13
ZYWE	NDNT-ZYWE	2020-07-07 19:30:00.0	49.68817	19.19736	405.803	363.693	2,320.5	1	-0.58	-0.27	0.15	0.12
ZYWE	NDNT-ZYWE	2020-07-07 20:00:00.0	49.68817	19.19736	405.802	363.692	2,323.1	1.1	0.15	0.31	0.17	0.15
ZYWE	NDNT-ZYWE	2020-07-07 20:30:00.0	49.68817	19.19736	405.802	363.692	2,324.4	1.1	-0.03	0.93	0.15	0.16
ZYWE	NDNT-ZYWE	2020-07-07 21:00:00.0	49.68817	19.19736	405.803	363.693	2,322.8	1.3	-0.44	-0.73	0.15	0.16
ZYWE	NDNT-ZYWE	2020-07-07 21:30:00.0	49.68817	19.19736	405.803	363.693	2,327.8	1.4	0.2	-0.34	0.21	0.18
ZYWE	NDNT-ZYWE	2020-07-07 22:00:00.0	49.68817	19.19736	405.806	363.696	2,322.8	1.1	-0.19	-0.41	0.15	0.12
ZYWE	NDNT-ZYWE	2020-07-07 22:30:00.0	49.68817	19.19736	405.806	363.696	2,321.1	1.2	-0.73	-0.22	0.16	0.15
ZYWE	NDNT-ZYWE	2020-07-07 23:00:00.0	49.68817	19.19736	405.803	363.693	2,320.5	1.1	0.17	-0.67	0.16	0.13
ZYWE	NDNT-ZYWE	2020-07-07 23:30:00.0	49.68817	19.19736	405.803	363.693	2,319.4	1.3	-0.2	-0.84	0.18	0.16
ZYWI	12220S001	2020-07-07 19:00:00.0	49.68669	19.20594	412.791	370.689	2,315.4	1.4	-1.29	0.14	0.18	0.21
ZYWI	12220S001	2020-07-07 19:30:00.0	49.68669	19.20594	412.791	370.689	2,313.6	1.2	-0.79	-0.39	0.18	0.15
ZYWI	12220S001	2020-07-07 20:00:00.0	49.68669	19.20594	412.785	370.683	2,316	1.2	-0.93	-0.42	0.17	0.15
ZYWI	12220S001	2020-07-07 20:30:00.0	49.68669	19.20594	412.785	370.683	2,321.1	1.1	-0.6	-0.02	0.16	0.16
ZYWI	12220S001	2020-07-07 21:00:00.0	49.68669	19.20594	412.782	370.68	2,316.9	1.3	-0.67	-0.01	0.15	0.17
ZYWI	12220S001	2020-07-07 21:30:00.0	49.68669	19.20594	412.782	370.68	2,315.1	1.4	-0.76	-0.29	0.21	0.19
ZYWI	12220S001	2020-07-07 22:00:00.0	49.68669	19.20594	412.783	370.681	2,317.6	1.2	-0.67	-0.16	0.15	0.13
ZYWI	12220S001	2020-07-07 22:30:00.0	49.68669	19.20594	412.783	370.681	2,315.3	1.2	-0.6	-0.32	0.17	0.16
ZYWI	12220S001	2020-07-07 23:00:00.0	49.68669	19.20597	412.787	370.685	2,319.9	1.1	-0.73	-0.86	0.16	0.13
ZYWI	12220S001	2020-07-07 23:30:00.0	49.68669	19.20597	412.787	370.685	2,312.8	1.3	-0.5	-0.3	0.18	0.16
